ISO-10303-21;
HEADER;
FILE_DESCRIPTION (( 'STEP AP214' ),
    '1' );
FILE_NAME ('FlatWagon_60ft_LessDetailed.STEP',
    '2026-02-24T11:06:40',
    ( '' ),
    ( '' ),
    'SwSTEP 2.0',
    'SolidWorks 2022',
    '' );
FILE_SCHEMA (( 'AUTOMOTIVE_DESIGN' ));
ENDSEC;

DATA;
#1 = LINE ( 'NONE', #943, #731 ) ;
#2 = ORIENTED_EDGE ( 'NONE', *, *, #1643, .F. ) ;
#3 = DIRECTION ( 'NONE',  ( 0.000000000000000000, -5.261720495853834886E-17, 1.000000000000000000 ) ) ;
#4 = FACE_OUTER_BOUND ( 'NONE', #1457, .T. ) ;
#5 = DIRECTION ( 'NONE',  ( 0.000000000000000000, 0.000000000000000000, 1.000000000000000000 ) ) ;
#6 = VECTOR ( 'NONE', #692, 1000.000000000000000 ) ;
#7 = PLANE ( 'NONE',  #1632 ) ;
#8 = AXIS2_PLACEMENT_3D ( 'NONE', #897, #739, #482 ) ;
#9 = ORIENTED_EDGE ( 'NONE', *, *, #50, .T. ) ;
#10 =( GEOMETRIC_REPRESENTATION_CONTEXT ( 3 ) GLOBAL_UNCERTAINTY_ASSIGNED_CONTEXT ( ( #779 ) ) GLOBAL_UNIT_ASSIGNED_CONTEXT ( ( #1075, #1085, #666 ) ) REPRESENTATION_CONTEXT ( 'NONE', 'WORKASPACE' ) );
#11 = DIRECTION ( 'NONE',  ( 0.000000000000000000, -1.000000000000000000, 0.000000000000000000 ) ) ;
#12 = FACE_OUTER_BOUND ( 'NONE', #424, .T. ) ;
#13 = EDGE_CURVE ( 'NONE', #176, #1594, #307, .T. ) ;
#14 = ORIENTED_EDGE ( 'NONE', *, *, #1038, .F. ) ;
#15 = SHAPE_REPRESENTATION ( 'Y25_BackwardBogies_LessDetailed', ( #793 ), #151 ) ;
#16 = ORIENTED_EDGE ( 'NONE', *, *, #1143, .F. ) ;
#17 = FACE_BOUND ( 'NONE', #1274, .T. ) ;
#18 = ORIENTED_EDGE ( 'NONE', *, *, #1301, .F. ) ;
#19 = APPLICATION_CONTEXT ( 'automotive_design' ) ;
#20 = CARTESIAN_POINT ( 'NONE',  ( -2350.000000000000000, 899.9999999999998863, -910.0000000000001137 ) ) ;
#21 = CARTESIAN_POINT ( 'NONE',  ( -11656.83651114450913, -814.9999999999974989, -381.8583200498775341 ) ) ;
#22 = EDGE_CURVE ( 'NONE', #1635, #682, #102, .T. ) ;
#23 = CARTESIAN_POINT ( 'NONE',  ( -14388.56810139493609, -1077.499998843224375, -379.9999999999981242 ) ) ;
#24 = ORIENTED_EDGE ( 'NONE', *, *, #712, .T. ) ;
#25 = FACE_OUTER_BOUND ( 'NONE', #597, .T. ) ;
#26 = DIRECTION ( 'NONE',  ( 0.000000000000000000, 5.261720495853834886E-17, 1.000000000000000000 ) ) ;
#27 = ORIENTED_EDGE ( 'NONE', *, *, #652, .T. ) ;
#28 = ADVANCED_FACE ( 'NONE', ( #1044 ), #1415, .F. ) ;
#29 = DIRECTION ( 'NONE',  ( -0.000000000000000000, 0.000000000000000000, 1.000000000000000000 ) ) ;
#30 = VECTOR ( 'NONE', #1081, 1000.000000000000000 ) ;
#31 = VECTOR ( 'NONE', #854, 1000.000000000000000 ) ;
#32 = PRESENTATION_LAYER_ASSIGNMENT (  '', '', ( #1308 ) ) ;
#33 = CARTESIAN_POINT ( 'NONE',  ( -11411.43189860506209, 679.9999999999979536, -379.9999999999981242 ) ) ;
#34 = CIRCLE ( 'NONE', #672, 459.9999999999998863 ) ;
#35 = DIRECTION ( 'NONE',  ( -1.000000000000000000, -0.000000000000000000, -0.000000000000000000 ) ) ;
#36 = FILL_AREA_STYLE_COLOUR ( '', #311 ) ;
#37 = VECTOR ( 'NONE', #456, 1000.000000000000000 ) ;
#38 = ORIENTED_EDGE ( 'NONE', *, *, #1558, .F. ) ;
#39 = ORIENTED_EDGE ( 'NONE', *, *, #752, .F. ) ;
#40 = FACE_OUTER_BOUND ( 'NONE', #1139, .T. ) ;
#41 = EDGE_CURVE ( 'NONE', #1662, #1215, #1433, .T. ) ;
#42 = VERTEX_POINT ( 'NONE', #1574 ) ;
#43 = DIRECTION ( 'NONE',  ( -1.000000000000000000, -0.000000000000000000, -0.000000000000000000 ) ) ;
#44 = CARTESIAN_POINT ( 'NONE',  ( -16550.00000000000000, 0.000000000000000000, 0.000000000000000000 ) ) ;
#45 = DIRECTION ( 'NONE',  ( 0.000000000000000000, 0.000000000000000000, 1.000000000000000000 ) ) ;
#46 = ORIENTED_EDGE ( 'NONE', *, *, #60, .F. ) ;
#47 = ORIENTED_EDGE ( 'NONE', *, *, #576, .T. ) ;
#48 = CARTESIAN_POINT ( 'NONE',  ( -11411.43189860506209, 814.9999999999974989, -379.9999999999981242 ) ) ;
#49 = PRODUCT ( 'FlatWagon_60ft_LessDetailed', 'FlatWagon_60ft_LessDetailed', '', ( #81 ) ) ;
#50 = EDGE_CURVE ( 'NONE', #332, #971, #372, .T. ) ;
#51 = CARTESIAN_POINT ( 'NONE',  ( -16150.00000000000182, -200.0000000000000000, -825.0000000000001137 ) ) ;
#52 = DIRECTION ( 'NONE',  ( 0.000000000000000000, 0.000000000000000000, 1.000000000000000000 ) ) ;
#53 = LINE ( 'NONE', #970, #1603 ) ;
#54 = ORIENTED_EDGE ( 'NONE', *, *, #1038, .T. ) ;
#55 = CARTESIAN_POINT ( 'NONE',  ( -11411.43189860506209, 1077.499998843224375, -379.9999999999981242 ) ) ;
#56 = CARTESIAN_POINT ( 'NONE',  ( -11411.43189860506209, 1077.499998843224375, -769.9999999999960210 ) ) ;
#57 = VECTOR ( 'NONE', #1400, 1000.000000000000000 ) ;
#58 = SURFACE_STYLE_USAGE ( .BOTH. , #165 ) ;
#59 = DIRECTION ( 'NONE',  ( 0.000000000000000000, 0.000000000000000000, -1.000000000000000000 ) ) ;
#60 = EDGE_CURVE ( 'NONE', #782, #176, #1037, .T. ) ;
#61 = AXIS2_PLACEMENT_3D ( 'NONE', #524, #1043, #255 ) ;
#62 = AXIS2_PLACEMENT_3D ( 'NONE', #585, #1401, #1102 ) ;
#63 = VERTEX_POINT ( 'NONE', #763 ) ;
#64 = ORIENTED_EDGE ( 'NONE', *, *, #1593, .T. ) ;
#65 = CARTESIAN_POINT ( 'NONE',  ( -11411.43189860506209, 1077.499998843224375, -769.9999999999960210 ) ) ;
#66 = VERTEX_POINT ( 'NONE', #239 ) ;
#67 = LINE ( 'NONE', #363, #1496 ) ;
#68 = PLANE ( 'NONE',  #835 ) ;
#69 = FACE_OUTER_BOUND ( 'NONE', #273, .T. ) ;
#70 = CARTESIAN_POINT ( 'NONE',  ( -1950.000000000000227, -899.9999999999998863, -910.0000000000001137 ) ) ;
#71 = ADVANCED_FACE ( 'NONE', ( #535 ), #1168, .T. ) ;
#72 = ORIENTED_EDGE ( 'NONE', *, *, #635, .F. ) ;
#73 = ORIENTED_EDGE ( 'NONE', *, *, #1134, .F. ) ;
#74 = ADVANCED_FACE ( 'NONE', ( #1546 ), #1695, .F. ) ;
#75 = DIRECTION ( 'NONE',  ( 0.000000000000000000, 1.000000000000000000, -5.261720495853834886E-17 ) ) ;
#76 = VERTEX_POINT ( 'NONE', #109 ) ;
#77 = DIRECTION ( 'NONE',  ( 0.000000000000000000, 0.000000000000000000, 1.000000000000000000 ) ) ;
#78 = DIRECTION ( 'NONE',  ( -1.000000000000000000, -0.000000000000000000, -0.000000000000000000 ) ) ;
#79 = CARTESIAN_POINT ( 'NONE',  ( 0.000000000000000000, 0.000000000000000000, -960.0000000000002274 ) ) ;
#80 = LINE ( 'NONE', #442, #1336 ) ;
#81 = PRODUCT_CONTEXT ( 'NONE', #1149, 'mechanical' ) ;
#82 = EDGE_CURVE ( 'NONE', #894, #1473, #1554, .T. ) ;
#83 = ORIENTED_EDGE ( 'NONE', *, *, #116, .F. ) ;
#84 = EDGE_LOOP ( 'NONE', ( #805, #209, #394, #1407 ) ) ;
#85 = EDGE_CURVE ( 'NONE', #1594, #333, #389, .T. ) ;
#86 = PLANE ( 'NONE',  #512 ) ;
#87 = CARTESIAN_POINT ( 'NONE',  ( -2350.000000000000000, 200.0000000000000000, -825.0000000000001137 ) ) ;
#88 = LINE ( 'NONE', #910, #646 ) ;
#89 = AXIS2_PLACEMENT_3D ( 'NONE', #126, #655, #323 ) ;
#90 = CONICAL_SURFACE ( 'NONE', #120, 229.9999999211528348, 0.5235987755979353286 ) ;
#91 = FACE_OUTER_BOUND ( 'NONE', #1373, .T. ) ;
#92 = AXIS2_PLACEMENT_3D ( 'NONE', #948, #1462, #1212 ) ;
#93 = VECTOR ( 'NONE', #351, 1000.000000000000114 ) ;
#94 = ADVANCED_FACE ( 'NONE', ( #91 ), #131, .T. ) ;
#95 = CARTESIAN_POINT ( 'NONE',  ( -11411.43189860506209, -877.4999988432243754, -769.9999999999960210 ) ) ;
#96 = FACE_OUTER_BOUND ( 'NONE', #1133, .T. ) ;
#97 = ORIENTED_EDGE ( 'NONE', *, *, #166, .F. ) ;
#98 = CARTESIAN_POINT ( 'NONE',  ( -18500.00000000000000, 1189.999999999997499, -960.0000000000002274 ) ) ;
#99 = DIRECTION ( 'NONE',  ( -0.000000000000000000, -0.000000000000000000, -1.000000000000000000 ) ) ;
#100 = CARTESIAN_POINT ( 'NONE',  ( 0.000000000000000000, 0.000000000000000000, 0.000000000000000000 ) ) ;
#101 = VERTEX_POINT ( 'NONE', #1163 ) ;
#102 = LINE ( 'NONE', #119, #1467 ) ;
#103 = DIRECTION ( 'NONE',  ( 1.000000000000000000, 0.000000000000000000, 0.000000000000000000 ) ) ;
#104 = FACE_OUTER_BOUND ( 'NONE', #408, .T. ) ;
#105 = ORIENTED_EDGE ( 'NONE', *, *, #564, .T. ) ;
#106 = APPLICATION_CONTEXT ( 'automotive_design' ) ;
#107 = DIRECTION ( 'NONE',  ( 0.000000000000000000, 1.000000000000000000, 5.261720495853834886E-17 ) ) ;
#108 = DIRECTION ( 'NONE',  ( 0.000000000000000000, 1.000000000000000000, -5.261720495853834886E-17 ) ) ;
#109 = CARTESIAN_POINT ( 'NONE',  ( -11611.43189860506391, 1077.499998843224375, -769.9999999999960210 ) ) ;
#110 = CARTESIAN_POINT ( 'NONE',  ( -2350.000000000000000, 0.000000000000000000, 0.000000000000000000 ) ) ;
#111 = FACE_OUTER_BOUND ( 'NONE', #164, .T. ) ;
#112 = ORIENTED_EDGE ( 'NONE', *, *, #1089, .F. ) ;
#113 = LINE ( 'NONE', #642, #972 ) ;
#114 = CARTESIAN_POINT ( 'NONE',  ( -1950.000000000000227, 899.9999999999998863, -910.0000000000001137 ) ) ;
#115 = CONTEXT_DEPENDENT_SHAPE_REPRESENTATION ( #407, #302 ) ;
#116 = EDGE_CURVE ( 'NONE', #476, #1474, #1026, .T. ) ;
#117 = AXIS2_PLACEMENT_3D ( 'NONE', #1156, #1266, #908 ) ;
#118 = AXIS2_PLACEMENT_3D ( 'NONE', #1410, #1623, #716 ) ;
#119 = CARTESIAN_POINT ( 'NONE',  ( -16550.00000000000000, -200.0000000000000000, -825.0000000000001137 ) ) ;
#120 = AXIS2_PLACEMENT_3D ( 'NONE', #925, #1073, #1584 ) ;
#121 = AXIS2_PLACEMENT_3D ( 'NONE', #110, #134, #662 ) ;
#122 = UNCERTAINTY_MEASURE_WITH_UNIT (LENGTH_MEASURE( 1.000000000000000082E-05 ), #1152, 'distance_accuracy_value', 'NONE');
#123 = CARTESIAN_POINT ( 'NONE',  ( -13899.99999999999818, 1054.999999999997499, -459.9999999999980105 ) ) ;
#124 = PRODUCT_DEFINITION_FORMATION_WITH_SPECIFIED_SOURCE ( 'TUTTO', '', #717, .NOT_KNOWN. ) ;
#125 = VECTOR ( 'NONE', #756, 1000.000000000000000 ) ;
#126 = CARTESIAN_POINT ( 'NONE',  ( -13899.99999999999818, -814.9999999999974989, -459.9999999999980105 ) ) ;
#127 = ORIENTED_EDGE ( 'NONE', *, *, #132, .T. ) ;
#128 = FACE_OUTER_BOUND ( 'NONE', #632, .T. ) ;
#129 = CARTESIAN_POINT ( 'NONE',  ( -2.220446049250313081E-13, 1189.999999999997726, -960.0000000000002274 ) ) ;
#130 = CARTESIAN_POINT ( 'NONE',  ( -13447.00993388375355, -1054.999999999997499, -379.9999999999981242 ) ) ;
#131 = PLANE ( 'NONE',  #198 ) ;
#132 = EDGE_CURVE ( 'NONE', #981, #562, #423, .T. ) ;
#133 = EDGE_CURVE ( 'NONE', #1440, #1207, #1638, .T. ) ;
#134 = DIRECTION ( 'NONE',  ( -1.000000000000000000, 0.000000000000000000, 0.000000000000000000 ) ) ;
#135 = ORIENTED_EDGE ( 'NONE', *, *, #1199, .F. ) ;
#136 = DIRECTION ( 'NONE',  ( 0.000000000000000000, 0.000000000000000000, 1.000000000000000000 ) ) ;
#137 = ORIENTED_EDGE ( 'NONE', *, *, #1577, .F. ) ;
#138 = ORIENTED_EDGE ( 'NONE', *, *, #328, .T. ) ;
#139 = PRODUCT_DEFINITION_CONTEXT ( 'detailed design', #143, 'design' ) ;
#140 = DIRECTION ( 'NONE',  ( 0.000000000000000000, 0.1402661271484180183, -0.9901138386947149206 ) ) ;
#141 = EDGE_CURVE ( 'NONE', #737, #1543, #877, .T. ) ;
#142 = ORIENTED_EDGE ( 'NONE', *, *, #969, .F. ) ;
#143 = APPLICATION_CONTEXT ( 'automotive_design' ) ;
#144 = DIRECTION ( 'NONE',  ( 0.000000000000000000, 0.000000000000000000, 1.000000000000000000 ) ) ;
#145 = CARTESIAN_POINT ( 'NONE',  ( -18500.00000000000000, 1189.999999999997499, -960.0000000000002274 ) ) ;
#146 = CONTEXT_DEPENDENT_SHAPE_REPRESENTATION ( #536, #1640 ) ;
#147 = VECTOR ( 'NONE', #1259, 1000.000000000000000 ) ;
#148 = VECTOR ( 'NONE', #545, 1000.000000000000000 ) ;
#149 = VERTEX_POINT ( 'NONE', #448 ) ;
#150 = EDGE_CURVE ( 'NONE', #149, #562, #53, .T. ) ;
#151 =( GEOMETRIC_REPRESENTATION_CONTEXT ( 3 ) GLOBAL_UNCERTAINTY_ASSIGNED_CONTEXT ( ( #1054 ) ) GLOBAL_UNIT_ASSIGNED_CONTEXT ( ( #550, #1449, #1579 ) ) REPRESENTATION_CONTEXT ( 'NONE', 'WORKASPACE' ) );
#152 = VECTOR ( 'NONE', #292, 1000.000000000000000 ) ;
#153 = CARTESIAN_POINT ( 'NONE',  ( -1950.000000000000227, 1189.999999999998408, -960.0000000000002274 ) ) ;
#154 = CONTEXT_DEPENDENT_SHAPE_REPRESENTATION ( #350, #693 ) ;
#155 = ORIENTED_EDGE ( 'NONE', *, *, #187, .T. ) ;
#156 = CARTESIAN_POINT ( 'NONE',  ( -16550.00000000000000, 800.0000000000000000, -910.0000000000001137 ) ) ;
#157 = ORIENTED_EDGE ( 'NONE', *, *, #556, .F. ) ;
#158 = DIRECTION ( 'NONE',  ( 0.000000000000000000, -1.000000000000000000, 5.261720495853834886E-17 ) ) ;
#159 = EDGE_CURVE ( 'NONE', #883, #1157, #190, .T. ) ;
#160 = EDGE_LOOP ( 'NONE', ( #1269, #1613, #1220, #1065 ) ) ;
#161 = LINE ( 'NONE', #1510, #1583 ) ;
#162 = ORIENTED_EDGE ( 'NONE', *, *, #1521, .F. ) ;
#163 = LINE ( 'NONE', #986, #1001 ) ;
#164 = EDGE_LOOP ( 'NONE', ( #710, #855, #207, #1011 ) ) ;
#165 = SURFACE_SIDE_STYLE ('',( #1485 ) ) ;
#166 = EDGE_CURVE ( 'NONE', #516, #1097, #1495, .T. ) ;
#167 = PLANE ( 'NONE',  #1362 ) ;
#168 = ORIENTED_EDGE ( 'NONE', *, *, #1417, .T. ) ;
#169 = AXIS2_PLACEMENT_3D ( 'NONE', #1357, #1125, #960 ) ;
#170 = AXIS2_PLACEMENT_3D ( 'NONE', #797, #1700, #3 ) ;
#171 = DIRECTION ( 'NONE',  ( 0.000000000000000000, -1.000000000000000000, -5.261720495853834886E-17 ) ) ;
#172 = VECTOR ( 'NONE', #1575, 1000.000000000000000 ) ;
#173 =( NAMED_UNIT ( * ) SI_UNIT ( $, .STERADIAN. ) SOLID_ANGLE_UNIT ( ) );
#174 = CARTESIAN_POINT ( 'NONE',  ( -11656.83651114450913, 814.9999999999974989, -381.8583200498775341 ) ) ;
#175 = AXIS2_PLACEMENT_3D ( 'NONE', #1517, #213, #1025 ) ;
#176 = VERTEX_POINT ( 'NONE', #601 ) ;
#177 = VERTEX_POINT ( 'NONE', #1119 ) ;
#178 = LINE ( 'NONE', #1617, #1031 ) ;
#179 = DIRECTION ( 'NONE',  ( -0.000000000000000000, 0.000000000000000000, 1.000000000000000000 ) ) ;
#180 = DIRECTION ( 'NONE',  ( 0.000000000000000000, 0.000000000000000000, -1.000000000000000000 ) ) ;
#181 = LINE ( 'NONE', #1388, #489 ) ;
#182 = ORIENTED_EDGE ( 'NONE', *, *, #529, .F. ) ;
#183 = ORIENTED_EDGE ( 'NONE', *, *, #564, .F. ) ;
#184 = VERTEX_POINT ( 'NONE', #1251 ) ;
#185 = CARTESIAN_POINT ( 'NONE',  ( 0.000000000000000000, 0.000000000000000000, -1160.000000000000227 ) ) ;
#186 = PRODUCT_DEFINITION_SHAPE ( 'NONE', 'NONE',  #300 ) ;
#187 = EDGE_CURVE ( 'NONE', #333, #782, #785, .T. ) ;
#188 = CARTESIAN_POINT ( 'NONE',  ( -1950.000000000000227, -200.0000000000000000, -825.0000000000001137 ) ) ;
#189 = CARTESIAN_POINT ( 'NONE',  ( -18500.00000000000000, 1189.999999999997499, -960.0000000000002274 ) ) ;
#190 = LINE ( 'NONE', #1128, #865 ) ;
#191 = EDGE_LOOP ( 'NONE', ( #1232, #208, #1208 ) ) ;
#192 = ORIENTED_EDGE ( 'NONE', *, *, #274, .T. ) ;
#193 = EDGE_LOOP ( 'NONE', ( #419, #1395, #371, #1371 ) ) ;
#194 = PRODUCT ( 'WagonPlane_60ft_LessDetailed', 'WagonPlane_60ft_LessDetailed', '', ( #405 ) ) ;
#195 = CARTESIAN_POINT ( 'NONE',  ( -2.220446049250313081E-13, 1189.999999999997726, -960.0000000000002274 ) ) ;
#196 = DIRECTION ( 'NONE',  ( 1.000000000000000000, 0.000000000000000000, 0.000000000000000000 ) ) ;
#197 = AXIS2_PLACEMENT_3D ( 'NONE', #810, #158, #26 ) ;
#198 = AXIS2_PLACEMENT_3D ( 'NONE', #1540, #1154, #355 ) ;
#199 = EDGE_CURVE ( 'NONE', #1628, #332, #1486, .T. ) ;
#200 = VECTOR ( 'NONE', #1563, 1000.000000000000000 ) ;
#201 = CARTESIAN_POINT ( 'NONE',  ( -13899.99999999999818, -814.9999999999974989, -459.9999999999980105 ) ) ;
#202 = DIRECTION ( 'NONE',  ( 0.000000000000000000, 0.000000000000000000, 1.000000000000000000 ) ) ;
#203 = AXIS2_PLACEMENT_3D ( 'NONE', #388, #1573, #728 ) ;
#204 = EDGE_CURVE ( 'NONE', #1543, #872, #80, .T. ) ;
#205 = VECTOR ( 'NONE', #1312, 1000.000000000000000 ) ;
#206 = CIRCLE ( 'NONE', #490, 460.0000000000001705 ) ;
#207 = ORIENTED_EDGE ( 'NONE', *, *, #1017, .F. ) ;
#208 = ORIENTED_EDGE ( 'NONE', *, *, #1598, .T. ) ;
#209 = ORIENTED_EDGE ( 'NONE', *, *, #150, .T. ) ;
#210 = DIRECTION ( 'NONE',  ( 0.000000000000000000, -0.9901138386947148096, 0.1402661271484180183 ) ) ;
#211 = CYLINDRICAL_SURFACE ( 'NONE', #868, 199.9999999999999432 ) ;
#212 = CARTESIAN_POINT ( 'NONE',  ( -13000.00000000000000, 0.000000000000000000, -769.9999999999960210 ) ) ;
#213 = DIRECTION ( 'NONE',  ( 0.000000000000000000, 0.000000000000000000, 1.000000000000000000 ) ) ;
#214 = EDGE_CURVE ( 'NONE', #939, #1440, #469, .T. ) ;
#215 = DIRECTION ( 'NONE',  ( 1.000000000000000000, 0.000000000000000000, 0.000000000000000000 ) ) ;
#216 = ORIENTED_EDGE ( 'NONE', *, *, #605, .T. ) ;
#217 = DIRECTION ( 'NONE',  ( -0.000000000000000000, 0.000000000000000000, 1.000000000000000000 ) ) ;
#218 = CARTESIAN_POINT ( 'NONE',  ( -11647.00993388375718, -1054.999999999997499, -379.9999999999981242 ) ) ;
#219 = DIRECTION ( 'NONE',  ( 1.000000000000000000, 0.000000000000000000, -0.000000000000000000 ) ) ;
#220 = EDGE_CURVE ( 'NONE', #562, #981, #674, .T. ) ;
#221 = DIRECTION ( 'NONE',  ( -0.000000000000000000, 0.000000000000000000, 1.000000000000000000 ) ) ;
#222 = CARTESIAN_POINT ( 'NONE',  ( -16550.00000000000000, -1189.999999999998408, -960.0000000000002274 ) ) ;
#223 = ORIENTED_EDGE ( 'NONE', *, *, #427, .T. ) ;
#224 = DIRECTION ( 'NONE',  ( 0.000000000000000000, 1.000000000000000000, 0.000000000000000000 ) ) ;
#225 = LINE ( 'NONE', #359, #1690 ) ;
#226 = AXIS2_PLACEMENT_3D ( 'NONE', #1385, #171, #1222 ) ;
#227 =( NAMED_UNIT ( * ) SI_UNIT ( $, .STERADIAN. ) SOLID_ANGLE_UNIT ( ) );
#228 = VECTOR ( 'NONE', #1408, 1000.000000000000114 ) ;
#229 = ORIENTED_EDGE ( 'NONE', *, *, #293, .T. ) ;
#230 = CARTESIAN_POINT ( 'NONE',  ( -18500.00000000000000, -1190.000000000002046, -1160.000000000000227 ) ) ;
#231 = CIRCLE ( 'NONE', #1664, 199.9999999999999432 ) ;
#232 = PRODUCT_RELATED_PRODUCT_CATEGORY ( 'part', '', ( #194 ) ) ;
#233 = LINE ( 'NONE', #1421, #702 ) ;
#234 = SHAPE_REPRESENTATION ( 'WagonPlane_60ft_LessDetailed', ( #92 ), #700 ) ;
#235 = VERTEX_POINT ( 'NONE', #1650 ) ;
#236 = LINE ( 'NONE', #1300, #93 ) ;
#237 = SURFACE_SIDE_STYLE ('',( #1197 ) ) ;
#238 = CARTESIAN_POINT ( 'NONE',  ( -16550.00000000000000, -200.0000000000000000, -825.0000000000001137 ) ) ;
#239 = CARTESIAN_POINT ( 'NONE',  ( -11611.43189860506391, -1077.499998843224375, -769.9999999999960210 ) ) ;
#240 = PLANE ( 'NONE',  #8 ) ;
#241 = DIRECTION ( 'NONE',  ( 0.000000000000000000, 1.000000000000000000, 0.000000000000000000 ) ) ;
#242 = VERTEX_POINT ( 'NONE', #1525 ) ;
#243 = EDGE_CURVE ( 'NONE', #1207, #1048, #331, .T. ) ;
#244 = DIRECTION ( 'NONE',  ( 0.000000000000000000, 1.000000000000000000, 5.261720495853834886E-17 ) ) ;
#245 = FACE_OUTER_BOUND ( 'NONE', #568, .T. ) ;
#246 = SHAPE_DEFINITION_REPRESENTATION ( #725, #234 ) ;
#247 = VERTEX_POINT ( 'NONE', #861 ) ;
#248 = ORIENTED_EDGE ( 'NONE', *, *, #775, .T. ) ;
#249 = DIRECTION ( 'NONE',  ( -0.000000000000000000, 0.000000000000000000, -1.000000000000000000 ) ) ;
#250 = DIRECTION ( 'NONE',  ( 1.000000000000000000, -0.000000000000000000, -0.000000000000000000 ) ) ;
#251 = ORIENTED_EDGE ( 'NONE', *, *, #316, .F. ) ;
#252 = DIRECTION ( 'NONE',  ( 0.000000000000000000, -0.1699069165076472210, -0.9854601157443478865 ) ) ;
#253 = DIRECTION ( 'NONE',  ( 0.000000000000000000, 0.000000000000000000, 1.000000000000000000 ) ) ;
#254 = EDGE_CURVE ( 'NONE', #941, #42, #181, .T. ) ;
#255 = DIRECTION ( 'NONE',  ( 0.000000000000000000, 0.000000000000000000, 1.000000000000000000 ) ) ;
#256 = ADVANCED_FACE ( 'NONE', ( #1000 ), #342, .F. ) ;
#257 = VECTOR ( 'NONE', #966, 1000.000000000000000 ) ;
#258 = VECTOR ( 'NONE', #314, 1000.000000000000000 ) ;
#259 = CARTESIAN_POINT ( 'NONE',  ( -14388.56810139493609, -1077.499998843224375, -379.9999999999981242 ) ) ;
#260 = CIRCLE ( 'NONE', #928, 459.9999999999998863 ) ;
#261 = CIRCLE ( 'NONE', #813, 459.9999999999998863 ) ;
#262 = VECTOR ( 'NONE', #845, 1000.000000000000000 ) ;
#263 = CYLINDRICAL_SURFACE ( 'NONE', #673, 199.9999999999999432 ) ;
#264 = VECTOR ( 'NONE', #337, 1000.000000000000000 ) ;
#265 = ORIENTED_EDGE ( 'NONE', *, *, #496, .T. ) ;
#266 = DIRECTION ( 'NONE',  ( 0.000000000000000000, -1.000000000000000000, 5.261720495853834886E-17 ) ) ;
#267 = EDGE_CURVE ( 'NONE', #887, #177, #460, .T. ) ;
#268 = VERTEX_POINT ( 'NONE', #1615 ) ;
#269 = ADVANCED_FACE ( 'NONE', ( #833 ), #978, .F. ) ;
#270 = LINE ( 'NONE', #780, #148 ) ;
#271 = DIRECTION ( 'NONE',  ( 1.000000000000000000, -0.000000000000000000, -0.000000000000000000 ) ) ;
#272 = SURFACE_SIDE_STYLE ('',( #279 ) ) ;
#273 = EDGE_LOOP ( 'NONE', ( #1121, #1288, #538 ) ) ;
#274 = EDGE_CURVE ( 'NONE', #1097, #242, #231, .T. ) ;
#275 = PLANE ( 'NONE',  #1005 ) ;
#276 = ORIENTED_EDGE ( 'NONE', *, *, #473, .T. ) ;
#277 = LINE ( 'NONE', #532, #1686 ) ;
#278 = DIRECTION ( 'NONE',  ( 0.000000000000000000, -1.000000000000000000, 5.261720495853834886E-17 ) ) ;
#279 = SURFACE_STYLE_FILL_AREA ( #1471 ) ;
#280 = AXIS2_PLACEMENT_3D ( 'NONE', #1325, #144, #678 ) ;
#281 = CLOSED_SHELL ( 'NONE', ( #1228, #1260, #1343, #74, #447, #1465, #994, #1487, #1167, #28, #352, #626, #1367, #873, #647, #754, #1426, #1611, #94, #1289, #1669, #1458, #1568, #1183, #696, #71 ) ) ;
#282 = FACE_OUTER_BOUND ( 'NONE', #851, .T. ) ;
#283 = ORIENTED_EDGE ( 'NONE', *, *, #220, .F. ) ;
#284 = VECTOR ( 'NONE', #679, 1000.000000000000000 ) ;
#285 = CARTESIAN_POINT ( 'NONE',  ( -13899.99999999999818, -1054.999999999997499, 2.053912595556539600E-12 ) ) ;
#286 = CARTESIAN_POINT ( 'NONE',  ( -11411.43189860506209, -814.9999999999974989, -379.9999999999981242 ) ) ;
#287 = EDGE_LOOP ( 'NONE', ( #1243, #1165, #667, #283 ) ) ;
#288 = ORIENTED_EDGE ( 'NONE', *, *, #583, .F. ) ;
#289 = DIRECTION ( 'NONE',  ( 0.000000000000000000, 1.000000000000000000, 0.000000000000000000 ) ) ;
#290 = EDGE_LOOP ( 'NONE', ( #1677, #579, #762, #1518 ) ) ;
#291 = DIRECTION ( 'NONE',  ( 0.000000000000000000, -1.000000000000000000, 5.261720495853834886E-17 ) ) ;
#292 = DIRECTION ( 'NONE',  ( 0.000000000000000000, -1.000000000000000000, 0.000000000000000000 ) ) ;
#293 = EDGE_CURVE ( 'NONE', #1473, #1162, #236, .T. ) ;
#294 = DIRECTION ( 'NONE',  ( -1.000000000000000000, 0.000000000000000000, -0.000000000000000000 ) ) ;
#295 = CARTESIAN_POINT ( 'NONE',  ( -1950.000000000000227, 1189.999999999998408, -960.0000000000002274 ) ) ;
#296 = ORIENTED_EDGE ( 'NONE', *, *, #406, .F. ) ;
#297 = DIRECTION ( 'NONE',  ( 1.000000000000000000, 0.000000000000000000, -0.000000000000000000 ) ) ;
#298 = DIRECTION ( 'NONE',  ( 1.000000000000000000, -0.000000000000000000, -0.000000000000000000 ) ) ;
#299 = PRESENTATION_STYLE_ASSIGNMENT (( #58 ) ) ;
#300 = PRODUCT_DEFINITION ( 'NON CONOSCIUTO', '', #124, #139 ) ;
#301 = CARTESIAN_POINT ( 'NONE',  ( -18500.00000000000000, -1190.000000000002046, -960.0000000000002274 ) ) ;
#302 = PRODUCT_DEFINITION_SHAPE ( 'NONE', 'NONE',  #1704 ) ;
#303 = ORIENTED_EDGE ( 'NONE', *, *, #328, .F. ) ;
#304 = ORIENTED_EDGE ( 'NONE', *, *, #687, .T. ) ;
#305 = DIRECTION ( 'NONE',  ( -0.000000000000000000, -0.000000000000000000, 1.000000000000000000 ) ) ;
#306 = AXIS2_PLACEMENT_3D ( 'NONE', #1147, #1656, #1040 ) ;
#307 = CIRCLE ( 'NONE', #511, 199.9999999999999432 ) ;
#308 = DIRECTION ( 'NONE',  ( 0.000000000000000000, 1.000000000000000000, 0.000000000000000000 ) ) ;
#309 = AXIS2_PLACEMENT_3D ( 'NONE', #809, #685, #1446 ) ;
#310 = CYLINDRICAL_SURFACE ( 'NONE', #643, 460.0000000000000568 ) ;
#311 = COLOUR_RGB ( '',0.7921568627450980005, 0.8196078431372548767, 0.9333333333333333481 ) ;
#312 = AXIS2_PLACEMENT_3D ( 'NONE', #129, #1333, #927 ) ;
#313 = LINE ( 'NONE', #584, #1275 ) ;
#314 = DIRECTION ( 'NONE',  ( -0.000000000000000000, -0.000000000000000000, -1.000000000000000000 ) ) ;
#315 = EDGE_LOOP ( 'NONE', ( #791, #1072, #47, #509 ) ) ;
#316 = EDGE_CURVE ( 'NONE', #1104, #820, #1159, .T. ) ;
#317 = CARTESIAN_POINT ( 'NONE',  ( -12552.99006611624645, 679.9999999999978400, -379.9999999999981242 ) ) ;
#318 = VERTEX_POINT ( 'NONE', #114 ) ;
#319 = CARTESIAN_POINT ( 'NONE',  ( -16550.00000000000000, 899.9999999999998863, -910.0000000000001137 ) ) ;
#320 = CARTESIAN_POINT ( 'NONE',  ( -12100.00000000000182, -814.9999999999974989, -459.9999999999980105 ) ) ;
#321 = EDGE_LOOP ( 'NONE', ( #157, #1404, #1122, #1014 ) ) ;
#322 = ORIENTED_EDGE ( 'NONE', *, *, #60, .T. ) ;
#323 = DIRECTION ( 'NONE',  ( 0.000000000000000000, 0.000000000000000000, 1.000000000000000000 ) ) ;
#324 = DIRECTION ( 'NONE',  ( 0.000000000000000000, 1.000000000000000000, 0.000000000000000000 ) ) ;
#325 = VERTEX_POINT ( 'NONE', #387 ) ;
#326 = ORIENTED_EDGE ( 'NONE', *, *, #573, .F. ) ;
#327 = ADVANCED_FACE ( 'NONE', ( #617 ), #750, .T. ) ;
#328 = EDGE_CURVE ( 'NONE', #1207, #501, #1291, .T. ) ;
#329 = CARTESIAN_POINT ( 'NONE',  ( -14588.56810139493791, 814.9999999999974989, -379.9999999999981242 ) ) ;
#330 = DIRECTION ( 'NONE',  ( 0.000000000000000000, -0.4999999999996850852, 0.8660254037846203401 ) ) ;
#331 = LINE ( 'NONE', #1093, #951 ) ;
#332 = VERTEX_POINT ( 'NONE', #1151 ) ;
#333 = VERTEX_POINT ( 'NONE', #1423 ) ;
#334 = EDGE_LOOP ( 'NONE', ( #1094, #1082, #137, #296, #1576, #778, #135, #953 ) ) ;
#335 = CARTESIAN_POINT ( 'NONE',  ( -11411.43189860506209, 877.4999988432243754, -379.9999999999981242 ) ) ;
#336 = CARTESIAN_POINT ( 'NONE',  ( -18500.00000000000000, 1189.999999999997499, -960.0000000000002274 ) ) ;
#337 = DIRECTION ( 'NONE',  ( 0.000000000000000000, 1.000000000000000000, 0.000000000000000000 ) ) ;
#338 = CIRCLE ( 'NONE', #563, 459.9999999999998863 ) ;
#339 = EDGE_CURVE ( 'NONE', #1587, #829, #378, .T. ) ;
#340 =( GEOMETRIC_REPRESENTATION_CONTEXT ( 3 ) GLOBAL_UNCERTAINTY_ASSIGNED_CONTEXT ( ( #1295 ) ) GLOBAL_UNIT_ASSIGNED_CONTEXT ( ( #1515, #1649, #173 ) ) REPRESENTATION_CONTEXT ( 'NONE', 'WORKASPACE' ) );
#341 = FACE_OUTER_BOUND ( 'NONE', #1678, .T. ) ;
#342 = PLANE ( 'NONE',  #62 ) ;
#343 = AXIS2_PLACEMENT_3D ( 'NONE', #123, #552, #639 ) ;
#344 = AXIS2_PLACEMENT_3D ( 'NONE', #620, #1161, #1284 ) ;
#345 = VECTOR ( 'NONE', #330, 1000.000000000000114 ) ;
#346 = ORIENTED_EDGE ( 'NONE', *, *, #1478, .F. ) ;
#347 = ORIENTED_EDGE ( 'NONE', *, *, #187, .F. ) ;
#348 = CARTESIAN_POINT ( 'NONE',  ( 0.000000000000000000, 0.000000000000000000, -960.0000000000002274 ) ) ;
#349 = PLANE ( 'NONE',  #306 ) ;
#350 =( REPRESENTATION_RELATIONSHIP ('NONE','NONE', #1203, #15 ) REPRESENTATION_RELATIONSHIP_WITH_TRANSFORMATION ( #534 )SHAPE_REPRESENTATION_RELATIONSHIP( ) );
#351 = DIRECTION ( 'NONE',  ( 0.000000000000000000, -0.9854601157443478865, 0.1699069165076472210 ) ) ;
#352 = ADVANCED_FACE ( 'NONE', ( #245 ), #1537, .F. ) ;
#353 = DIRECTION ( 'NONE',  ( 1.000000000000000000, 0.000000000000000000, 0.000000000000000000 ) ) ;
#354 = VERTEX_POINT ( 'NONE', #1138 ) ;
#355 = DIRECTION ( 'NONE',  ( 0.000000000000000000, -0.9854601157443478865, -0.1699069165076472210 ) ) ;
#356 = FACE_OUTER_BOUND ( 'NONE', #1148, .T. ) ;
#357 = DIRECTION ( 'NONE',  ( -1.000000000000000000, 0.000000000000000000, 0.000000000000000000 ) ) ;
#358 = LINE ( 'NONE', #1670, #949 ) ;
#359 = CARTESIAN_POINT ( 'NONE',  ( -16550.00000000000000, -800.0000000000000000, -910.0000000000001137 ) ) ;
#360 = EDGE_CURVE ( 'NONE', #1645, #1319, #1409, .T. ) ;
#361 = PRESENTATION_STYLE_ASSIGNMENT (( #903 ) ) ;
#362 = CARTESIAN_POINT ( 'NONE',  ( -1950.000000000000227, 899.9999999999998863, -910.0000000000001137 ) ) ;
#363 = CARTESIAN_POINT ( 'NONE',  ( -1950.000000000000227, -800.0000000000000000, -910.0000000000001137 ) ) ;
#364 = DIRECTION ( 'NONE',  ( 0.000000000000000000, 0.000000000000000000, 1.000000000000000000 ) ) ;
#365 = ORIENTED_EDGE ( 'NONE', *, *, #1544, .F. ) ;
#366 = FACE_OUTER_BOUND ( 'NONE', #602, .T. ) ;
#367 = CARTESIAN_POINT ( 'NONE',  ( -12100.00000000000182, 1054.999999999997499, -459.9999999999980105 ) ) ;
#368 = VECTOR ( 'NONE', #1536, 1000.000000000000000 ) ;
#369 = CARTESIAN_POINT ( 'NONE',  ( -1950.000000000000227, 899.9999999999998863, -910.0000000000001137 ) ) ;
#370 = AXIS2_PLACEMENT_3D ( 'NONE', #1482, #305, #289 ) ;
#371 = ORIENTED_EDGE ( 'NONE', *, *, #360, .T. ) ;
#372 = LINE ( 'NONE', #230, #1111 ) ;
#373 = ADVANCED_FACE ( 'NONE', ( #1431 ), #1437, .T. ) ;
#374 = CYLINDRICAL_SURFACE ( 'NONE', #1468, 460.0000000000000568 ) ;
#375 = LINE ( 'NONE', #483, #1083 ) ;
#376 = ORIENTED_EDGE ( 'NONE', *, *, #116, .T. ) ;
#377 = CARTESIAN_POINT ( 'NONE',  ( -14588.56810139493791, 0.000000000000000000, -379.9999999999981242 ) ) ;
#378 = LINE ( 'NONE', #1550, #1206 ) ;
#379 = CARTESIAN_POINT ( 'NONE',  ( -16550.00000000000000, 200.0000000000000000, -825.0000000000001137 ) ) ;
#380 = ORIENTED_EDGE ( 'NONE', *, *, #1558, .T. ) ;
#381 = MANIFOLD_SURFACE_SHAPE_REPRESENTATION ( '', ( #404, #793 ), #151 ) ;
#382 = EDGE_CURVE ( 'NONE', #1488, #354, #634, .T. ) ;
#383 = CARTESIAN_POINT ( 'NONE',  ( -1950.000000000000227, -800.0000000000000000, -910.0000000000001137 ) ) ;
#384 = PLANE ( 'NONE',  #1526 ) ;
#385 = ORIENTED_EDGE ( 'NONE', *, *, #133, .F. ) ;
#386 = CARTESIAN_POINT ( 'NONE',  ( -1950.000000000000227, 1189.999999999998408, -960.0000000000002274 ) ) ;
#387 = CARTESIAN_POINT ( 'NONE',  ( -13447.00993388375355, 814.9999999999974989, -379.9999999999981242 ) ) ;
#388 = CARTESIAN_POINT ( 'NONE',  ( -16550.00000000000000, 1189.999999999998408, -960.0000000000002274 ) ) ;
#389 = LINE ( 'NONE', #259, #947 ) ;
#390 = FACE_OUTER_BOUND ( 'NONE', #1347, .T. ) ;
#391 = ORIENTED_EDGE ( 'NONE', *, *, #698, .T. ) ;
#392 = LINE ( 'NONE', #998, #1580 ) ;
#393 = EDGE_CURVE ( 'NONE', #1393, #1594, #1178, .T. ) ;
#394 = ORIENTED_EDGE ( 'NONE', *, *, #132, .F. ) ;
#395 = VECTOR ( 'NONE', #215, 1000.000000000000000 ) ;
#396 = CIRCLE ( 'NONE', #1253, 172.2649730022416463 ) ;
#397 = ORIENTED_EDGE ( 'NONE', *, *, #1417, .F. ) ;
#398 = AXIS2_PLACEMENT_3D ( 'NONE', #65, #1694, #993 ) ;
#399 = AXIS2_PLACEMENT_3D ( 'NONE', #367, #107, #253 ) ;
#400 = FACE_BOUND ( 'NONE', #497, .T. ) ;
#401 = AXIS2_PLACEMENT_3D ( 'NONE', #1018, #1262, #353 ) ;
#402 = ORIENTED_EDGE ( 'NONE', *, *, #819, .F. ) ;
#403 = LINE ( 'NONE', #1074, #1176 ) ;
#404 = SHELL_BASED_SURFACE_MODEL ( 'NONE', ( #513 ) );
#405 = PRODUCT_CONTEXT ( 'NONE', #499, 'mechanical' ) ;
#406 = EDGE_CURVE ( 'NONE', #872, #63, #1042, .T. ) ;
#407 =( REPRESENTATION_RELATIONSHIP ('NONE','NONE', #1203, #234 ) REPRESENTATION_RELATIONSHIP_WITH_TRANSFORMATION ( #920 )SHAPE_REPRESENTATION_RELATIONSHIP( ) );
#408 = EDGE_LOOP ( 'NONE', ( #72, #1466, #1292 ) ) ;
#409 = CARTESIAN_POINT ( 'NONE',  ( -1950.000000000000227, 200.0000000000000000, -825.0000000000001137 ) ) ;
#410 = ORIENTED_EDGE ( 'NONE', *, *, #884, .F. ) ;
#411 = CARTESIAN_POINT ( 'NONE',  ( -13000.00000000000000, 0.000000000000000000, -825.0000000000000000 ) ) ;
#412 = CARTESIAN_POINT ( 'NONE',  ( -1950.000000000000227, -200.0000000000000000, -825.0000000000001137 ) ) ;
#413 = SHAPE_DEFINITION_REPRESENTATION ( #186, #15 ) ;
#414 =( NAMED_UNIT ( * ) PLANE_ANGLE_UNIT ( ) SI_UNIT ( $, .RADIAN. ) );
#415 = PRODUCT_RELATED_PRODUCT_CATEGORY ( 'part', '', ( #717 ) ) ;
#416 = ORIENTED_EDGE ( 'NONE', *, *, #652, .F. ) ;
#417 = EDGE_CURVE ( 'NONE', #1030, #1582, #487, .T. ) ;
#418 = DIRECTION ( 'NONE',  ( 1.000000000000000000, 0.000000000000000000, -0.000000000000000000 ) ) ;
#419 = ORIENTED_EDGE ( 'NONE', *, *, #462, .F. ) ;
#420 = LINE ( 'NONE', #145, #152 ) ;
#421 =( LENGTH_UNIT ( ) NAMED_UNIT ( * ) SI_UNIT ( .MILLI., .METRE. ) );
#422 = AXIS2_PLACEMENT_3D ( 'NONE', #493, #1013, #1542 ) ;
#423 = CIRCLE ( 'NONE', #118, 204.0192378076466468 ) ;
#424 = EDGE_LOOP ( 'NONE', ( #1511, #478, #1389 ) ) ;
#425 = VECTOR ( 'NONE', #1412, 1000.000000000000114 ) ;
#426 = PLANE ( 'NONE',  #870 ) ;
#427 = EDGE_CURVE ( 'NONE', #1645, #1639, #225, .T. ) ;
#428 = AXIS2_PLACEMENT_3D ( 'NONE', #383, #140, #668 ) ;
#429 = ORIENTED_EDGE ( 'NONE', *, *, #788, .T. ) ;
#430 = VECTOR ( 'NONE', #1479, 1000.000000000000000 ) ;
#431 = VECTOR ( 'NONE', #832, 1000.000000000000000 ) ;
#432 = PLANE ( 'NONE',  #312 ) ;
#433 = SHAPE_REPRESENTATION_RELATIONSHIP ( 'NONE' , 'NONE' ,  #234, #1077 ) ;
#434 = ORIENTED_EDGE ( 'NONE', *, *, #440, .T. ) ;
#435 = DIRECTION ( 'NONE',  ( -1.000000000000000000, -0.000000000000000000, 0.000000000000000000 ) ) ;
#436 = ORIENTED_EDGE ( 'NONE', *, *, #961, .T. ) ;
#437 = EDGE_CURVE ( 'NONE', #235, #1543, #1321, .T. ) ;
#438 = CYLINDRICAL_SURFACE ( 'NONE', #169, 460.0000000000000568 ) ;
#439 = EDGE_LOOP ( 'NONE', ( #83, #525, #1562, #1504 ) ) ;
#440 = EDGE_CURVE ( 'NONE', #76, #247, #650, .T. ) ;
#441 = PLANE ( 'NONE',  #1493 ) ;
#442 = CARTESIAN_POINT ( 'NONE',  ( -2350.000000000000000, -800.0000000000000000, -910.0000000000001137 ) ) ;
#443 = LINE ( 'NONE', #55, #900 ) ;
#444 = ORIENTED_EDGE ( 'NONE', *, *, #800, .T. ) ;
#445 = FACE_OUTER_BOUND ( 'NONE', #773, .T. ) ;
#446 = CARTESIAN_POINT ( 'NONE',  ( -16550.00000000000000, 1189.999999999998408, -960.0000000000002274 ) ) ;
#447 = ADVANCED_FACE ( 'NONE', ( #1326 ), #432, .F. ) ;
#448 = CARTESIAN_POINT ( 'NONE',  ( -13000.00000000000000, 172.2649730022416463, -825.0000000000000000 ) ) ;
#449 = ADVANCED_FACE ( 'NONE', ( #1068 ), #1447, .T. ) ;
#450 = ORIENTED_EDGE ( 'NONE', *, *, #1239, .F. ) ;
#451 = ORIENTED_EDGE ( 'NONE', *, *, #243, .F. ) ;
#452 = DIRECTION ( 'NONE',  ( -0.000000000000000000, -0.9854601157443478865, -0.1699069165076472210 ) ) ;
#453 = ORIENTED_EDGE ( 'NONE', *, *, #133, .T. ) ;
#454 = VECTOR ( 'NONE', #1454, 1000.000000000000000 ) ;
#455 = AXIS2_PLACEMENT_3D ( 'NONE', #1533, #881, #1405 ) ;
#456 = DIRECTION ( 'NONE',  ( -0.000000000000000000, -0.000000000000000000, -1.000000000000000000 ) ) ;
#457 = ORIENTED_EDGE ( 'NONE', *, *, #1448, .F. ) ;
#458 = AXIS2_PLACEMENT_3D ( 'NONE', #336, #418, #249 ) ;
#459 = CARTESIAN_POINT ( 'NONE',  ( -2350.000000000001364, -1189.999999999997954, -960.0000000000002274 ) ) ;
#460 = LINE ( 'NONE', #1267, #1227 ) ;
#461 = ORIENTED_EDGE ( 'NONE', *, *, #1512, .T. ) ;
#462 = EDGE_CURVE ( 'NONE', #1639, #883, #664, .T. ) ;
#463 = ORIENTED_EDGE ( 'NONE', *, *, #1249, .T. ) ;
#464 = ORIENTED_EDGE ( 'NONE', *, *, #41, .T. ) ;
#465 = CARTESIAN_POINT ( 'NONE',  ( -12100.00000000000182, 679.9999999999978400, 1.887379141862766119E-12 ) ) ;
#466 = CARTESIAN_POINT ( 'NONE',  ( -16550.00000000000000, -200.0000000000000000, -825.0000000000001137 ) ) ;
#467 = ORIENTED_EDGE ( 'NONE', *, *, #267, .T. ) ;
#468 = CARTESIAN_POINT ( 'NONE',  ( -13447.00993388375355, -679.9999999999978400, -379.9999999999981242 ) ) ;
#469 = LINE ( 'NONE', #70, #262 ) ;
#470 = ORIENTED_EDGE ( 'NONE', *, *, #1480, .T. ) ;
#471 = ORIENTED_EDGE ( 'NONE', *, *, #199, .T. ) ;
#472 = CARTESIAN_POINT ( 'NONE',  ( -16550.00000000000000, -899.9999999999998863, -910.0000000000001137 ) ) ;
#473 = EDGE_CURVE ( 'NONE', #1587, #1628, #420, .T. ) ;
#474 = LINE ( 'NONE', #56, #6 ) ;
#475 = DIRECTION ( 'NONE',  ( -1.000000000000000000, 0.000000000000000000, 0.000000000000000000 ) ) ;
#476 = VERTEX_POINT ( 'NONE', #1196 ) ;
#477 = DIRECTION ( 'NONE',  ( 0.000000000000000000, 0.000000000000000000, 1.000000000000000000 ) ) ;
#478 = ORIENTED_EDGE ( 'NONE', *, *, #254, .T. ) ;
#479 = ORIENTED_EDGE ( 'NONE', *, *, #1120, .F. ) ;
#480 = ORIENTED_EDGE ( 'NONE', *, *, #982, .T. ) ;
#481 = EDGE_CURVE ( 'NONE', #802, #1381, #403, .T. ) ;
#482 = DIRECTION ( 'NONE',  ( 0.000000000000000000, 1.000000000000000000, 0.000000000000000000 ) ) ;
#483 = CARTESIAN_POINT ( 'NONE',  ( -16150.00000000000182, -800.0000000000000000, -910.0000000000001137 ) ) ;
#484 = AXIS2_PLACEMENT_3D ( 'NONE', #1398, #1428, #241 ) ;
#485 = AXIS2_PLACEMENT_3D ( 'NONE', #386, #252, #1311 ) ;
#486 = CARTESIAN_POINT ( 'NONE',  ( -11411.43189860506209, -1077.499998843224375, -769.9999999999960210 ) ) ;
#487 = LINE ( 'NONE', #218, #619 ) ;
#488 = VECTOR ( 'NONE', #1530, 1000.000000000000000 ) ;
#489 = VECTOR ( 'NONE', #475, 1000.000000000000000 ) ;
#490 = AXIS2_PLACEMENT_3D ( 'NONE', #320, #1378, #640 ) ;
#491 = ORIENTED_EDGE ( 'NONE', *, *, #1521, .T. ) ;
#492 = CARTESIAN_POINT ( 'NONE',  ( -16550.00000000000000, -899.9999999999998863, -910.0000000000001137 ) ) ;
#493 = CARTESIAN_POINT ( 'NONE',  ( -1950.000000000000227, 0.000000000000000000, 0.000000000000000000 ) ) ;
#494 = DIRECTION ( 'NONE',  ( 0.000000000000000000, 0.000000000000000000, 1.000000000000000000 ) ) ;
#495 = CARTESIAN_POINT ( 'NONE',  ( -2350.000000000000000, -899.9999999999998863, -910.0000000000001137 ) ) ;
#496 = EDGE_CURVE ( 'NONE', #820, #604, #1701, .T. ) ;
#497 = EDGE_LOOP ( 'NONE', ( #1174, #402, #112, #1187 ) ) ;
#498 = DIRECTION ( 'NONE',  ( 0.000000000000000000, -1.000000000000000000, 0.000000000000000000 ) ) ;
#499 = APPLICATION_CONTEXT ( 'automotive_design' ) ;
#500 = CARTESIAN_POINT ( 'NONE',  ( -11647.00993388375718, 1054.999999999997499, -379.9999999999981242 ) ) ;
#501 = VERTEX_POINT ( 'NONE', #153 ) ;
#502 = CARTESIAN_POINT ( 'NONE',  ( -14588.56810139493791, 1077.499998843224375, -769.9999999999960210 ) ) ;
#503 = SHAPE_REPRESENTATION_RELATIONSHIP ( 'NONE' , 'NONE' ,  #15, #381 ) ;
#504 = EDGE_CURVE ( 'NONE', #1628, #1477, #936, .T. ) ;
#505 = CARTESIAN_POINT ( 'NONE',  ( -18500.00000000000000, -1190.000000000002046, -960.0000000000002274 ) ) ;
#506 = CARTESIAN_POINT ( 'NONE',  ( -11411.43189860506209, 0.000000000000000000, -379.9999999999981242 ) ) ;
#507 = FACE_OUTER_BOUND ( 'NONE', #193, .T. ) ;
#508 = CARTESIAN_POINT ( 'NONE',  ( -11411.43189860506209, -1077.499998843224375, -379.9999999999981242 ) ) ;
#509 = ORIENTED_EDGE ( 'NONE', *, *, #22, .T. ) ;
#510 = LINE ( 'NONE', #502, #57 ) ;
#511 = AXIS2_PLACEMENT_3D ( 'NONE', #1304, #660, #498 ) ;
#512 = AXIS2_PLACEMENT_3D ( 'NONE', #1144, #755, #1278 ) ;
#513 = OPEN_SHELL ( 'NONE', ( #327, #1123, #449, #1350, #1682, #1160, #1194, #1322, #256, #548, #743, #689, #745, #896, #1328, #1098, #612, #518, #1182, #807, #1411, #942, #373, #269, #1110, #1270, #1621, #918, #1438 ) ) ;
#514 =( NAMED_UNIT ( * ) PLANE_ANGLE_UNIT ( ) SI_UNIT ( $, .RADIAN. ) );
#515 = DIRECTION ( 'NONE',  ( 1.000000000000000000, 2.520506326176030958E-16, 0.000000000000000000 ) ) ;
#516 = VERTEX_POINT ( 'NONE', #1216 ) ;
#517 = ORIENTED_EDGE ( 'NONE', *, *, #1544, .T. ) ;
#518 = ADVANCED_FACE ( 'NONE', ( #4 ), #540, .F. ) ;
#519 = DIRECTION ( 'NONE',  ( 0.000000000000000000, -1.000000000000000000, 0.000000000000000000 ) ) ;
#520 = CARTESIAN_POINT ( 'NONE',  ( -13899.99999999999818, 679.9999999999978400, -459.9999999999980105 ) ) ;
#521 = VERTEX_POINT ( 'NONE', #1201 ) ;
#522 = CARTESIAN_POINT ( 'NONE',  ( -14388.56810139493609, 1077.499998843224375, -769.9999999999960210 ) ) ;
#523 = CARTESIAN_POINT ( 'NONE',  ( -11411.43189860506209, -1077.499998843224375, -379.9999999999981242 ) ) ;
#524 = CARTESIAN_POINT ( 'NONE',  ( -13899.99999999999818, -1054.999999999997499, -459.9999999999980105 ) ) ;
#525 = ORIENTED_EDGE ( 'NONE', *, *, #1566, .F. ) ;
#526 = DIRECTION ( 'NONE',  ( -1.000000000000000000, -2.520506326176030958E-16, 0.000000000000000000 ) ) ;
#527 = EDGE_CURVE ( 'NONE', #76, #1095, #1469, .T. ) ;
#528 = DIRECTION ( 'NONE',  ( 1.000000000000000000, -0.000000000000000000, -0.000000000000000000 ) ) ;
#529 = EDGE_CURVE ( 'NONE', #959, #1519, #1585, .T. ) ;
#530 = DIRECTION ( 'NONE',  ( -1.000000000000000000, 0.000000000000000000, -0.000000000000000000 ) ) ;
#531 = ORIENTED_EDGE ( 'NONE', *, *, #1130, .T. ) ;
#532 = CARTESIAN_POINT ( 'NONE',  ( -1950.000000000000227, -800.0000000000000000, -910.0000000000001137 ) ) ;
#533 = DIRECTION ( 'NONE',  ( -0.000000000000000000, -0.000000000000000000, -1.000000000000000000 ) ) ;
#534 = ITEM_DEFINED_TRANSFORMATION ( 'NONE', 'NONE', #175,  #793 ) ;
#535 = FACE_OUTER_BOUND ( 'NONE', #1652, .T. ) ;
#536 =( REPRESENTATION_RELATIONSHIP ('NONE','NONE', #1203, #15 ) REPRESENTATION_RELATIONSHIP_WITH_TRANSFORMATION ( #804 )SHAPE_REPRESENTATION_RELATIONSHIP( ) );
#537 = DIRECTION ( 'NONE',  ( 0.000000000000000000, 0.000000000000000000, 1.000000000000000000 ) ) ;
#538 = ORIENTED_EDGE ( 'NONE', *, *, #1512, .F. ) ;
#539 = EDGE_CURVE ( 'NONE', #802, #1330, #1390, .T. ) ;
#540 = PLANE ( 'NONE',  #1008 ) ;
#541 =( NAMED_UNIT ( * ) SI_UNIT ( $, .STERADIAN. ) SOLID_ANGLE_UNIT ( ) );
#542 = AXIS2_PLACEMENT_3D ( 'NONE', #715, #999, #1629 ) ;
#543 = AXIS2_PLACEMENT_3D ( 'NONE', #1604, #765, #77 ) ;
#544 = CIRCLE ( 'NONE', #370, 199.9999999999999432 ) ;
#545 = DIRECTION ( 'NONE',  ( -0.000000000000000000, -0.000000000000000000, -1.000000000000000000 ) ) ;
#546 = FACE_OUTER_BOUND ( 'NONE', #84, .T. ) ;
#547 = PLANE ( 'NONE',  #197 ) ;
#548 = ADVANCED_FACE ( 'NONE', ( #12 ), #547, .F. ) ;
#549 = APPLICATION_PROTOCOL_DEFINITION ( 'draft international standard', 'automotive_design', 1998, #106 ) ;
#550 =( LENGTH_UNIT ( ) NAMED_UNIT ( * ) SI_UNIT ( .MILLI., .METRE. ) );
#551 = EDGE_CURVE ( 'NONE', #501, #1473, #686, .T. ) ;
#552 = DIRECTION ( 'NONE',  ( 0.000000000000000000, 1.000000000000000000, 5.261720495853834886E-17 ) ) ;
#553 = VERTEX_POINT ( 'NONE', #1606 ) ;
#554 = DIRECTION ( 'NONE',  ( 0.000000000000000000, 1.000000000000000000, -5.261720495853834886E-17 ) ) ;
#555 = EDGE_LOOP ( 'NONE', ( #1463, #1236, #748, #304, #346, #670, #822, #591 ) ) ;
#556 = EDGE_CURVE ( 'NONE', #177, #553, #956, .T. ) ;
#557 = ORIENTED_EDGE ( 'NONE', *, *, #539, .F. ) ;
#558 = DIRECTION ( 'NONE',  ( 0.000000000000000000, -0.9854601157443478865, 0.1699069165076472210 ) ) ;
#559 = ORIENTED_EDGE ( 'NONE', *, *, #800, .F. ) ;
#560 = DIRECTION ( 'NONE',  ( 0.000000000000000000, -0.9901138386947148096, 0.1402661271484180183 ) ) ;
#561 = CARTESIAN_POINT ( 'NONE',  ( -1950.000000000000227, 1189.999999999998408, -960.0000000000002274 ) ) ;
#562 = VERTEX_POINT ( 'NONE', #1578 ) ;
#563 = AXIS2_PLACEMENT_3D ( 'NONE', #520, #1547, #364 ) ;
#564 = EDGE_CURVE ( 'NONE', #1365, #101, #392, .T. ) ;
#565 = VECTOR ( 'NONE', #560, 1000.000000000000114 ) ;
#566 = CARTESIAN_POINT ( 'NONE',  ( -14588.56810139493791, 679.9999999999979536, -379.9999999999981242 ) ) ;
#567 = CIRCLE ( 'NONE', #1529, 459.9999999999998863 ) ;
#568 = EDGE_LOOP ( 'NONE', ( #863, #457, #595, #924 ) ) ;
#569 = DIRECTION ( 'NONE',  ( 0.000000000000000000, 0.000000000000000000, 1.000000000000000000 ) ) ;
#570 = LINE ( 'NONE', #582, #264 ) ;
#571 = CARTESIAN_POINT ( 'NONE',  ( -11611.43189860506391, 1077.499998843224375, -379.9999999999981242 ) ) ;
#572 = SURFACE_STYLE_USAGE ( .BOTH. , #272 ) ;
#573 = EDGE_CURVE ( 'NONE', #1315, #247, #474, .T. ) ;
#574 = DIRECTION ( 'NONE',  ( -1.000000000000000000, 0.000000000000000000, 0.000000000000000000 ) ) ;
#575 = ORIENTED_EDGE ( 'NONE', *, *, #1497, .F. ) ;
#576 = EDGE_CURVE ( 'NONE', #1681, #1635, #1484, .T. ) ;
#577 = FACE_OUTER_BOUND ( 'NONE', #708, .T. ) ;
#578 = CARTESIAN_POINT ( 'NONE',  ( -14388.56810139493609, 877.4999988432243754, -379.9999999999981242 ) ) ;
#579 = ORIENTED_EDGE ( 'NONE', *, *, #1376, .F. ) ;
#580 = ORIENTED_EDGE ( 'NONE', *, *, #243, .T. ) ;
#581 = LINE ( 'NONE', #1375, #950 ) ;
#582 = CARTESIAN_POINT ( 'NONE',  ( -16150.00000000000182, 1189.999999999998408, -960.0000000000002274 ) ) ;
#583 = EDGE_CURVE ( 'NONE', #1157, #1425, #570, .T. ) ;
#584 = CARTESIAN_POINT ( 'NONE',  ( -11411.43189860506209, 877.4999988432243754, -909.9999999999984084 ) ) ;
#585 = CARTESIAN_POINT ( 'NONE',  ( -14343.16348885549087, -814.9999999999974989, -381.8583200498775341 ) ) ;
#586 = ORIENTED_EDGE ( 'NONE', *, *, #527, .F. ) ;
#587 = DIRECTION ( 'NONE',  ( -0.000000000000000000, -1.000000000000000000, -5.261720495853834886E-17 ) ) ;
#588 = AXIS2_PLACEMENT_3D ( 'NONE', #319, #1513, #297 ) ;
#589 = VECTOR ( 'NONE', #776, 1000.000000000000000 ) ;
#590 = CARTESIAN_POINT ( 'NONE',  ( -16550.00000000000000, 800.0000000000000000, -910.0000000000001137 ) ) ;
#591 = ORIENTED_EDGE ( 'NONE', *, *, #1376, .T. ) ;
#592 = VECTOR ( 'NONE', #1572, 1000.000000000000000 ) ;
#593 = DIRECTION ( 'NONE',  ( -0.000000000000000000, -0.9854601157443478865, -0.1699069165076472210 ) ) ;
#594 = EDGE_CURVE ( 'NONE', #1048, #971, #721, .T. ) ;
#595 = ORIENTED_EDGE ( 'NONE', *, *, #1480, .F. ) ;
#596 = LINE ( 'NONE', #1644, #589 ) ;
#597 = EDGE_LOOP ( 'NONE', ( #229, #1112, #365, #641 ) ) ;
#598 = CARTESIAN_POINT ( 'NONE',  ( -12552.99006611624645, -814.9999999999974989, -379.9999999999981242 ) ) ;
#599 = DIRECTION ( 'NONE',  ( 0.000000000000000000, -1.000000000000000000, 5.261720495853834886E-17 ) ) ;
#600 = DIRECTION ( 'NONE',  ( 0.000000000000000000, -1.000000000000000000, -0.000000000000000000 ) ) ;
#601 = CARTESIAN_POINT ( 'NONE',  ( -14588.56810139493791, -877.4999988432243754, -379.9999999999981242 ) ) ;
#602 = EDGE_LOOP ( 'NONE', ( #303, #580, #1551, #701 ) ) ;
#603 = ORIENTED_EDGE ( 'NONE', *, *, #1252, .F. ) ;
#604 = VERTEX_POINT ( 'NONE', #590 ) ;
#605 = EDGE_CURVE ( 'NONE', #856, #325, #1247, .T. ) ;
#606 = LINE ( 'NONE', #505, #1255 ) ;
#607 = EDGE_LOOP ( 'NONE', ( #976, #1324, #1019, #1340 ) ) ;
#608 = FACE_OUTER_BOUND ( 'NONE', #1079, .T. ) ;
#609 = CYLINDRICAL_SURFACE ( 'NONE', #1532, 199.9999999999999432 ) ;
#610 = DIRECTION ( 'NONE',  ( 0.000000000000000000, 0.000000000000000000, 1.000000000000000000 ) ) ;
#611 = LINE ( 'NONE', #746, #425 ) ;
#612 = ADVANCED_FACE ( 'NONE', ( #577 ), #310, .T. ) ;
#613 = LINE ( 'NONE', #1534, #946 ) ;
#614 = VECTOR ( 'NONE', #210, 1000.000000000000114 ) ;
#615 = AXIS2_PLACEMENT_3D ( 'NONE', #348, #221, #1124 ) ;
#616 = LINE ( 'NONE', #1032, #228 ) ;
#617 = FACE_OUTER_BOUND ( 'NONE', #681, .T. ) ;
#618 = VECTOR ( 'NONE', #528, 1000.000000000000000 ) ;
#619 = VECTOR ( 'NONE', #1016, 1000.000000000000000 ) ;
#620 = CARTESIAN_POINT ( 'NONE',  ( 0.000000000000000000, 0.000000000000000000, 0.000000000000000000 ) ) ;
#621 = COLOUR_RGB ( '',0.7921568627450980005, 0.8196078431372548767, 0.9333333333333333481 ) ;
#622 = CARTESIAN_POINT ( 'NONE',  ( -14588.56810139493791, -877.4999988432243754, -909.9999999999984084 ) ) ;
#623 = CARTESIAN_POINT ( 'NONE',  ( -16150.00000000000182, -200.0000000000000000, -825.0000000000001137 ) ) ;
#624 = DIRECTION ( 'NONE',  ( 0.000000000000000000, 0.000000000000000000, 1.000000000000000000 ) ) ;
#625 = ORIENTED_EDGE ( 'NONE', *, *, #1130, .F. ) ;
#626 = ADVANCED_FACE ( 'NONE', ( #1523 ), #68, .F. ) ;
#627 = DIRECTION ( 'NONE',  ( 0.000000000000000000, 0.000000000000000000, 1.000000000000000000 ) ) ;
#628 = DIRECTION ( 'NONE',  ( 0.000000000000000000, 1.000000000000000000, 5.261720495853834886E-17 ) ) ;
#629 = DIRECTION ( 'NONE',  ( -2.520506326176030958E-16, 1.000000000000000000, 0.000000000000000000 ) ) ;
#630 = DIRECTION ( 'NONE',  ( 0.000000000000000000, 1.000000000000000000, 0.000000000000000000 ) ) ;
#631 = LINE ( 'NONE', #1413, #653 ) ;
#632 = EDGE_LOOP ( 'NONE', ( #479, #1625 ) ) ;
#633 = CARTESIAN_POINT ( 'NONE',  ( -2.220446049250313081E-13, 1189.999999999997726, -1160.000000000000227 ) ) ;
#634 = LINE ( 'NONE', #774, #1363 ) ;
#635 = EDGE_CURVE ( 'NONE', #325, #1381, #1169, .T. ) ;
#636 = PLANE ( 'NONE',  #1557 ) ;
#637 = CARTESIAN_POINT ( 'NONE',  ( -2350.000000000000000, 1189.999999999998408, -960.0000000000002274 ) ) ;
#638 = UNCERTAINTY_MEASURE_WITH_UNIT (LENGTH_MEASURE( 1.000000000000000082E-05 ), #1539, 'distance_accuracy_value', 'NONE');
#639 = DIRECTION ( 'NONE',  ( 0.000000000000000000, 0.000000000000000000, 1.000000000000000000 ) ) ;
#640 = DIRECTION ( 'NONE',  ( 0.000000000000000000, 0.000000000000000000, 1.000000000000000000 ) ) ;
#641 = ORIENTED_EDGE ( 'NONE', *, *, #551, .T. ) ;
#642 = CARTESIAN_POINT ( 'NONE',  ( -14352.99006611624282, -1054.999999999997499, -379.9999999999981242 ) ) ;
#643 = AXIS2_PLACEMENT_3D ( 'NONE', #843, #1620, #859 ) ;
#644 = VECTOR ( 'NONE', #593, 1000.000000000000114 ) ;
#645 = CARTESIAN_POINT ( 'NONE',  ( -1950.000000000000227, 800.0000000000000000, -910.0000000000001137 ) ) ;
#646 = VECTOR ( 'NONE', #1693, 1000.000000000000000 ) ;
#647 = ADVANCED_FACE ( 'NONE', ( #831 ), #1116, .F. ) ;
#648 = PLANE ( 'NONE',  #203 ) ;
#649 = CIRCLE ( 'NONE', #1310, 459.9999999999998863 ) ;
#650 = CIRCLE ( 'NONE', #902, 199.9999999999999432 ) ;
#651 = DIRECTION ( 'NONE',  ( 1.000000000000000000, 2.520506326176030958E-16, 0.000000000000000000 ) ) ;
#652 = EDGE_CURVE ( 'NONE', #820, #887, #163, .T. ) ;
#653 = VECTOR ( 'NONE', #747, 1000.000000000000000 ) ;
#654 = CARTESIAN_POINT ( 'NONE',  ( -12100.00000000000182, -679.9999999999978400, 1.887379141862766119E-12 ) ) ;
#655 = DIRECTION ( 'NONE',  ( -0.000000000000000000, -1.000000000000000000, 5.261720495853834886E-17 ) ) ;
#656 = ORIENTED_EDGE ( 'NONE', *, *, #1675, .T. ) ;
#657 = FACE_OUTER_BOUND ( 'NONE', #191, .T. ) ;
#658 = CARTESIAN_POINT ( 'NONE',  ( -16150.00000000000182, 800.0000000000000000, -910.0000000000001137 ) ) ;
#659 = DIRECTION ( 'NONE',  ( 0.000000000000000000, -0.9901138386947148096, -0.1402661271484179906 ) ) ;
#660 = DIRECTION ( 'NONE',  ( -0.000000000000000000, -0.000000000000000000, 1.000000000000000000 ) ) ;
#661 = EDGE_CURVE ( 'NONE', #1474, #767, #975, .T. ) ;
#662 = DIRECTION ( 'NONE',  ( 0.000000000000000000, 0.000000000000000000, 1.000000000000000000 ) ) ;
#663 = ORIENTED_EDGE ( 'NONE', *, *, #504, .F. ) ;
#664 = LINE ( 'NONE', #803, #284 ) ;
#665 = APPLICATION_PROTOCOL_DEFINITION ( 'draft international standard', 'automotive_design', 1998, #499 ) ;
#666 =( NAMED_UNIT ( * ) SI_UNIT ( $, .STERADIAN. ) SOLID_ANGLE_UNIT ( ) );
#667 = ORIENTED_EDGE ( 'NONE', *, *, #907, .T. ) ;
#668 = DIRECTION ( 'NONE',  ( 0.000000000000000000, 0.9901138386947148096, 0.1402661271484179906 ) ) ;
#669 = CARTESIAN_POINT ( 'NONE',  ( -11611.43189860506391, 877.4999988432243754, -769.9999999999960210 ) ) ;
#670 = ORIENTED_EDGE ( 'NONE', *, *, #551, .F. ) ;
#671 = CIRCLE ( 'NONE', #1556, 199.9999999999999432 ) ;
#672 = AXIS2_PLACEMENT_3D ( 'NONE', #1105, #850, #1490 ) ;
#673 = AXIS2_PLACEMENT_3D ( 'NONE', #806, #1046, #519 ) ;
#674 = CIRCLE ( 'NONE', #1472, 204.0192378076466468 ) ;
#675 = DIRECTION ( 'NONE',  ( 0.000000000000000000, 0.000000000000000000, 1.000000000000000000 ) ) ;
#676 =( GEOMETRIC_REPRESENTATION_CONTEXT ( 3 ) GLOBAL_UNCERTAINTY_ASSIGNED_CONTEXT ( ( #638 ) ) GLOBAL_UNIT_ASSIGNED_CONTEXT ( ( #1539, #893, #227 ) ) REPRESENTATION_CONTEXT ( 'NONE', 'WORKASPACE' ) );
#677 = ORIENTED_EDGE ( 'NONE', *, *, #1478, .T. ) ;
#678 = DIRECTION ( 'NONE',  ( 1.000000000000000000, 0.000000000000000000, -0.000000000000000000 ) ) ;
#679 = DIRECTION ( 'NONE',  ( 0.000000000000000000, -1.000000000000000000, -0.000000000000000000 ) ) ;
#680 = EDGE_CURVE ( 'NONE', #1215, #1393, #1609, .T. ) ;
#681 = EDGE_LOOP ( 'NONE', ( #1596, #1223, #450, #376 ) ) ;
#682 = VERTEX_POINT ( 'NONE', #51 ) ;
#683 = CARTESIAN_POINT ( 'NONE',  ( -11647.00993388375718, -814.9999999999974989, -379.9999999999981242 ) ) ;
#684 = ORIENTED_EDGE ( 'NONE', *, *, #316, .T. ) ;
#685 = DIRECTION ( 'NONE',  ( 0.000000000000000000, 1.000000000000000000, 5.261720495853834886E-17 ) ) ;
#686 = LINE ( 'NONE', #561, #30 ) ;
#687 = EDGE_CURVE ( 'NONE', #1104, #1425, #732, .T. ) ;
#688 = CARTESIAN_POINT ( 'NONE',  ( 0.000000000000000000, 0.000000000000000000, 0.000000000000000000 ) ) ;
#689 = ADVANCED_FACE ( 'NONE', ( #1612 ), #438, .T. ) ;
#690 = LINE ( 'NONE', #821, #1607 ) ;
#691 = ORIENTED_EDGE ( 'NONE', *, *, #1696, .F. ) ;
#692 = DIRECTION ( 'NONE',  ( 0.000000000000000000, 1.000000000000000000, 0.000000000000000000 ) ) ;
#693 = PRODUCT_DEFINITION_SHAPE ( 'NONE', 'NONE',  #1705 ) ;
#694 = DIRECTION ( 'NONE',  ( -0.000000000000000000, -1.000000000000000000, 5.261720495853834886E-17 ) ) ;
#695 = ORIENTED_EDGE ( 'NONE', *, *, #556, .T. ) ;
#696 = ADVANCED_FACE ( 'NONE', ( #852 ), #1234, .F. ) ;
#697 = AXIS2_PLACEMENT_3D ( 'NONE', #824, #1342, #1455 ) ;
#698 = EDGE_CURVE ( 'NONE', #1338, #101, #1140, .T. ) ;
#699 = LINE ( 'NONE', #48, #1420 ) ;
#700 =( GEOMETRIC_REPRESENTATION_CONTEXT ( 3 ) GLOBAL_UNCERTAINTY_ASSIGNED_CONTEXT ( ( #1559 ) ) GLOBAL_UNIT_ASSIGNED_CONTEXT ( ( #421, #414, #541 ) ) REPRESENTATION_CONTEXT ( 'NONE', 'WORKASPACE' ) );
#701 = ORIENTED_EDGE ( 'NONE', *, *, #954, .T. ) ;
#702 = VECTOR ( 'NONE', #78, 1000.000000000000000 ) ;
#703 = CARTESIAN_POINT ( 'NONE',  ( -1950.000000000000227, -899.9999999999998863, -910.0000000000001137 ) ) ;
#704 = DIRECTION ( 'NONE',  ( 0.000000000000000000, 0.1699069165076472210, -0.9854601157443478865 ) ) ;
#705 = EDGE_LOOP ( 'NONE', ( #1117, #480, #1618, #397 ) ) ;
#706 = CARTESIAN_POINT ( 'NONE',  ( -13000.00000000000000, -204.0192378076466753, -769.9999999999960210 ) ) ;
#707 = CARTESIAN_POINT ( 'NONE',  ( -1950.000000000000227, -1189.999999999998408, -960.0000000000002274 ) ) ;
#708 = EDGE_LOOP ( 'NONE', ( #183, #1451, #1229, #391 ) ) ;
#709 = ORIENTED_EDGE ( 'NONE', *, *, #159, .F. ) ;
#710 = ORIENTED_EDGE ( 'NONE', *, *, #393, .T. ) ;
#711 = CARTESIAN_POINT ( 'NONE',  ( -2350.000000000000000, -1189.999999999998408, -960.0000000000002274 ) ) ;
#712 = EDGE_CURVE ( 'NONE', #101, #1582, #206, .T. ) ;
#713 = DIRECTION ( 'NONE',  ( 1.000000000000000000, 0.000000000000000000, 0.000000000000000000 ) ) ;
#714 = DIRECTION ( 'NONE',  ( -1.000000000000000000, 0.000000000000000000, -0.000000000000000000 ) ) ;
#715 = CARTESIAN_POINT ( 'NONE',  ( -14343.16348885549087, 679.9999999999979536, -381.8583200498775341 ) ) ;
#716 = DIRECTION ( 'NONE',  ( 0.000000000000000000, -1.000000000000000000, 0.000000000000000000 ) ) ;
#717 = PRODUCT ( 'Y25_BackwardBogies_LessDetailed', 'Y25_BackwardBogies_LessDetailed', '', ( #1702 ) ) ;
#718 = DIRECTION ( 'NONE',  ( 0.000000000000000000, -0.9901138386947148096, 0.1402661271484180183 ) ) ;
#719 = PRODUCT_DEFINITION ( 'NON CONOSCIUTO', '', #1179, #1688 ) ;
#720 = LINE ( 'NONE', #1356, #565 ) ;
#721 = LINE ( 'NONE', #1492, #37 ) ;
#722 = ORIENTED_EDGE ( 'NONE', *, *, #775, .F. ) ;
#723 = LINE ( 'NONE', #734, #147 ) ;
#724 = DIRECTION ( 'NONE',  ( 0.000000000000000000, -0.9854601157443478865, -0.1699069165076472210 ) ) ;
#725 = PRODUCT_DEFINITION_SHAPE ( 'NONE', 'NONE',  #848 ) ;
#726 = ORIENTED_EDGE ( 'NONE', *, *, #85, .F. ) ;
#727 = VECTOR ( 'NONE', #1565, 1000.000000000000000 ) ;
#728 = DIRECTION ( 'NONE',  ( 0.000000000000000000, -0.9854601157443478865, 0.1699069165076472210 ) ) ;
#729 = VECTOR ( 'NONE', #1657, 1000.000000000000000 ) ;
#730 = LINE ( 'NONE', #703, #1142 ) ;
#731 = VECTOR ( 'NONE', #1434, 1000.000000000000000 ) ;
#732 = LINE ( 'NONE', #446, #1314 ) ;
#733 = MECHANICAL_DESIGN_GEOMETRIC_PRESENTATION_REPRESENTATION (  '', ( #1313 ), #676 ) ;
#734 = CARTESIAN_POINT ( 'NONE',  ( -18500.00000000000000, 1189.999999999997499, -1160.000000000000227 ) ) ;
#735 = DIRECTION ( 'NONE',  ( 0.000000000000000000, 1.000000000000000000, 0.000000000000000000 ) ) ;
#736 = EDGE_CURVE ( 'NONE', #1393, #66, #613, .T. ) ;
#737 = VERTEX_POINT ( 'NONE', #87 ) ;
#738 = ORIENTED_EDGE ( 'NONE', *, *, #1134, .T. ) ;
#739 = DIRECTION ( 'NONE',  ( -1.000000000000000000, 0.000000000000000000, 0.000000000000000000 ) ) ;
#740 = CARTESIAN_POINT ( 'NONE',  ( -14388.56810139493609, 877.4999988432243754, -909.9999999999984084 ) ) ;
#741 = CARTESIAN_POINT ( 'NONE',  ( -16550.00000000000000, 1189.999999999998408, -960.0000000000002274 ) ) ;
#742 = CARTESIAN_POINT ( 'NONE',  ( -2350.000000000000000, -200.0000000000000000, -825.0000000000001137 ) ) ;
#743 = ADVANCED_FACE ( 'NONE', ( #96 ), #609, .T. ) ;
#744 = ORIENTED_EDGE ( 'NONE', *, *, #440, .F. ) ;
#745 = ADVANCED_FACE ( 'NONE', ( #104 ), #349, .F. ) ;
#746 = CARTESIAN_POINT ( 'NONE',  ( -16550.00000000000000, -1189.999999999998408, -960.0000000000002274 ) ) ;
#747 = DIRECTION ( 'NONE',  ( 0.000000000000000000, 1.000000000000000000, 5.261720495853834886E-17 ) ) ;
#748 = ORIENTED_EDGE ( 'NONE', *, *, #1049, .F. ) ;
#749 = LINE ( 'NONE', #486, #1029 ) ;
#750 = CYLINDRICAL_SURFACE ( 'NONE', #1146, 460.0000000000000568 ) ;
#751 = DIRECTION ( 'NONE',  ( 1.000000000000000000, 0.000000000000000000, 0.000000000000000000 ) ) ;
#752 = EDGE_CURVE ( 'NONE', #979, #964, #233, .T. ) ;
#753 = ORIENTED_EDGE ( 'NONE', *, *, #1655, .F. ) ;
#754 = ADVANCED_FACE ( 'NONE', ( #1561 ), #1668, .F. ) ;
#755 = DIRECTION ( 'NONE',  ( 0.000000000000000000, 0.000000000000000000, 1.000000000000000000 ) ) ;
#756 = DIRECTION ( 'NONE',  ( 1.000000000000000000, -0.000000000000000000, -0.000000000000000000 ) ) ;
#757 = VECTOR ( 'NONE', #35, 1000.000000000000000 ) ;
#758 = ORIENTED_EDGE ( 'NONE', *, *, #496, .F. ) ;
#759 = VECTOR ( 'NONE', #1155, 1000.000000000000000 ) ;
#760 = CARTESIAN_POINT ( 'NONE',  ( -16550.00000000000000, 1189.999999999998408, -960.0000000000002274 ) ) ;
#761 = DIRECTION ( 'NONE',  ( 0.000000000000000000, 0.000000000000000000, -1.000000000000000000 ) ) ;
#762 = ORIENTED_EDGE ( 'NONE', *, *, #1386, .F. ) ;
#763 = CARTESIAN_POINT ( 'NONE',  ( -2350.000000000000000, -899.9999999999998863, -910.0000000000001137 ) ) ;
#764 = EDGE_CURVE ( 'NONE', #1338, #931, #1691, .T. ) ;
#765 = DIRECTION ( 'NONE',  ( 0.000000000000000000, 1.000000000000000000, 5.261720495853834886E-17 ) ) ;
#766 = CARTESIAN_POINT ( 'NONE',  ( -11647.00993388375718, 679.9999999999977263, -379.9999999999981242 ) ) ;
#767 = VERTEX_POINT ( 'NONE', #766 ) ;
#768 = PLANE ( 'NONE',  #837 ) ;
#769 = ORIENTED_EDGE ( 'NONE', *, *, #214, .F. ) ;
#770 = ORIENTED_EDGE ( 'NONE', *, *, #736, .T. ) ;
#771 = DIRECTION ( 'NONE',  ( -1.000000000000000000, -1.200241107702872002E-17, -0.000000000000000000 ) ) ;
#772 = LINE ( 'NONE', #1297, #614 ) ;
#773 = EDGE_LOOP ( 'NONE', ( #1327, #1444, #1244, #276 ) ) ;
#774 = CARTESIAN_POINT ( 'NONE',  ( -12100.00000000000182, 1054.999999999997499, 2.053912595556539600E-12 ) ) ;
#775 = EDGE_CURVE ( 'NONE', #1330, #856, #631, .T. ) ;
#776 = DIRECTION ( 'NONE',  ( -0.000000000000000000, -1.000000000000000000, -0.000000000000000000 ) ) ;
#777 = ORIENTED_EDGE ( 'NONE', *, *, #1436, .T. ) ;
#778 = ORIENTED_EDGE ( 'NONE', *, *, #141, .F. ) ;
#779 = UNCERTAINTY_MEASURE_WITH_UNIT (LENGTH_MEASURE( 1.000000000000000082E-05 ), #1075, 'distance_accuracy_value', 'NONE');
#780 = CARTESIAN_POINT ( 'NONE',  ( -2.220446049250313081E-13, 1189.999999999997726, -960.0000000000002274 ) ) ;
#781 = CARTESIAN_POINT ( 'NONE',  ( -2350.000000000000000, -800.0000000000000000, -910.0000000000001137 ) ) ;
#782 = VERTEX_POINT ( 'NONE', #1136 ) ;
#783 = PLANE ( 'NONE',  #280 ) ;
#784 = VECTOR ( 'NONE', #250, 1000.000000000000000 ) ;
#785 = CIRCLE ( 'NONE', #1002, 199.9999999999999432 ) ;
#786 = DIRECTION ( 'NONE',  ( 0.000000000000000000, 0.9901138386947148096, -0.1402661271484179906 ) ) ;
#787 = VECTOR ( 'NONE', #1137, 1000.000000000000000 ) ;
#788 = EDGE_CURVE ( 'NONE', #354, #1254, #864, .T. ) ;
#789 = LINE ( 'NONE', #130, #488 ) ;
#790 = VECTOR ( 'NONE', #1394, 1000.000000000000000 ) ;
#791 = ORIENTED_EDGE ( 'NONE', *, *, #1263, .F. ) ;
#792 = ORIENTED_EDGE ( 'NONE', *, *, #159, .T. ) ;
#793 = AXIS2_PLACEMENT_3D ( 'NONE', #688, #5, #1481 ) ;
#794 = VECTOR ( 'NONE', #1059, 1000.000000000000000 ) ;
#795 = FACE_OUTER_BOUND ( 'NONE', #334, .T. ) ;
#796 = ORIENTED_EDGE ( 'NONE', *, *, #817, .F. ) ;
#797 = CARTESIAN_POINT ( 'NONE',  ( -11656.83651114450913, 679.9999999999979536, -381.8583200498775341 ) ) ;
#798 = DIRECTION ( 'NONE',  ( -1.000000000000000000, -0.000000000000000000, -0.000000000000000000 ) ) ;
#799 = ORIENTED_EDGE ( 'NONE', *, *, #1007, .F. ) ;
#800 = EDGE_CURVE ( 'NONE', #682, #1639, #375, .T. ) ;
#801 = DIRECTION ( 'NONE',  ( 0.000000000000000000, 0.000000000000000000, -1.000000000000000000 ) ) ;
#802 = VERTEX_POINT ( 'NONE', #1164 ) ;
#803 = CARTESIAN_POINT ( 'NONE',  ( -16150.00000000000182, -899.9999999999998863, -910.0000000000001137 ) ) ;
#804 = ITEM_DEFINED_TRANSFORMATION ( 'NONE', 'NONE', #401,  #793 ) ;
#805 = ORIENTED_EDGE ( 'NONE', *, *, #1120, .T. ) ;
#806 = CARTESIAN_POINT ( 'NONE',  ( -11611.43189860506391, 877.4999988432243754, -909.9999999999984084 ) ) ;
#807 = ADVANCED_FACE ( 'NONE', ( #111 ), #882, .F. ) ;
#808 = ORIENTED_EDGE ( 'NONE', *, *, #982, .F. ) ;
#809 = CARTESIAN_POINT ( 'NONE',  ( -12100.00000000000182, 679.9999999999978400, -459.9999999999980105 ) ) ;
#810 = CARTESIAN_POINT ( 'NONE',  ( -14343.16348885549087, -679.9999999999979536, -381.8583200498775341 ) ) ;
#811 = AXIS2_PLACEMENT_3D ( 'NONE', #1419, #103, #630 ) ;
#812 = AXIS2_PLACEMENT_3D ( 'NONE', #1285, #629, #526 ) ;
#813 = AXIS2_PLACEMENT_3D ( 'NONE', #1293, #108, #1035 ) ;
#814 = AXIS2_PLACEMENT_3D ( 'NONE', #174, #963, #1235 ) ;
#815 = LINE ( 'NONE', #958, #1145 ) ;
#816 = ORIENTED_EDGE ( 'NONE', *, *, #1685, .T. ) ;
#817 = EDGE_CURVE ( 'NONE', #1477, #1157, #1680, .T. ) ;
#818 = CARTESIAN_POINT ( 'NONE',  ( -11411.43189860506209, 1077.499998843224375, -769.9999999999960210 ) ) ;
#819 = EDGE_CURVE ( 'NONE', #1248, #184, #1406, .T. ) ;
#820 = VERTEX_POINT ( 'NONE', #1281 ) ;
#821 = CARTESIAN_POINT ( 'NONE',  ( -16550.00000000000000, -800.0000000000000000, -910.0000000000001137 ) ) ;
#822 = ORIENTED_EDGE ( 'NONE', *, *, #954, .F. ) ;
#823 = DIRECTION ( 'NONE',  ( 0.000000000000000000, 0.000000000000000000, 1.000000000000000000 ) ) ;
#824 = CARTESIAN_POINT ( 'NONE',  ( -13899.99999999999818, 679.9999999999978400, -459.9999999999980105 ) ) ;
#825 = EDGE_CURVE ( 'NONE', #767, #1254, #1172, .T. ) ;
#826 = ORIENTED_EDGE ( 'NONE', *, *, #1263, .T. ) ;
#827 = CARTESIAN_POINT ( 'NONE',  ( -1950.000000000000227, -1189.999999999998408, -960.0000000000002274 ) ) ;
#828 = EDGE_CURVE ( 'NONE', #1358, #802, #338, .T. ) ;
#829 = VERTEX_POINT ( 'NONE', #1028 ) ;
#830 = ORIENTED_EDGE ( 'NONE', *, *, #1249, .F. ) ;
#831 = FACE_OUTER_BOUND ( 'NONE', #1141, .T. ) ;
#832 = DIRECTION ( 'NONE',  ( -1.000000000000000000, -1.200241107702872002E-17, -0.000000000000000000 ) ) ;
#833 = FACE_OUTER_BOUND ( 'NONE', #1309, .T. ) ;
#834 = EDGE_CURVE ( 'NONE', #1662, #268, #1359, .T. ) ;
#835 = AXIS2_PLACEMENT_3D ( 'NONE', #188, #180, #714 ) ;
#836 = ORIENTED_EDGE ( 'NONE', *, *, #1317, .F. ) ;
#837 = AXIS2_PLACEMENT_3D ( 'NONE', #79, #217, #1414 ) ;
#838 = DIRECTION ( 'NONE',  ( 0.000000000000000000, -0.9901138386947148096, 0.1402661271484179906 ) ) ;
#839 = EDGE_LOOP ( 'NONE', ( #14, #1237, #684, #27 ) ) ;
#840 = VECTOR ( 'NONE', #1010, 1000.000000000000000 ) ;
#841 = PRODUCT_DEFINITION_FORMATION_WITH_SPECIFIED_SOURCE ( 'TUTTO', '', #194, .NOT_KNOWN. ) ;
#842 = PLANE ( 'NONE',  #1202 ) ;
#843 = CARTESIAN_POINT ( 'NONE',  ( -12100.00000000000182, -1054.999999999997499, -459.9999999999980105 ) ) ;
#844 = LINE ( 'NONE', #827, #757 ) ;
#845 = DIRECTION ( 'NONE',  ( -0.000000000000000000, -1.000000000000000000, -0.000000000000000000 ) ) ;
#846 = ORIENTED_EDGE ( 'NONE', *, *, #680, .T. ) ;
#847 = ORIENTED_EDGE ( 'NONE', *, *, #834, .T. ) ;
#848 = PRODUCT_DEFINITION ( 'NON CONOSCIUTO', '', #841, #1184 ) ;
#849 = ORIENTED_EDGE ( 'NONE', *, *, #1448, .T. ) ;
#850 = DIRECTION ( 'NONE',  ( -0.000000000000000000, -1.000000000000000000, 5.261720495853834886E-17 ) ) ;
#851 = EDGE_LOOP ( 'NONE', ( #557, #1624, #1548, #722 ) ) ;
#852 = FACE_OUTER_BOUND ( 'NONE', #1422, .T. ) ;
#853 = PLANE ( 'NONE',  #542 ) ;
#854 = DIRECTION ( 'NONE',  ( -0.000000000000000000, -1.000000000000000000, -0.000000000000000000 ) ) ;
#855 = ORIENTED_EDGE ( 'NONE', *, *, #85, .T. ) ;
#856 = VERTEX_POINT ( 'NONE', #1569 ) ;
#857 = ORIENTED_EDGE ( 'NONE', *, *, #141, .T. ) ;
#858 = EDGE_CURVE ( 'NONE', #604, #1681, #772, .T. ) ;
#859 = DIRECTION ( 'NONE',  ( 0.000000000000000000, 0.000000000000000000, 1.000000000000000000 ) ) ;
#860 = ORIENTED_EDGE ( 'NONE', *, *, #997, .F. ) ;
#861 = CARTESIAN_POINT ( 'NONE',  ( -11411.43189860506209, 877.4999988432243754, -769.9999999999960210 ) ) ;
#862 = EDGE_LOOP ( 'NONE', ( #1003, #105, #24, #1616 ) ) ;
#863 = ORIENTED_EDGE ( 'NONE', *, *, #1199, .T. ) ;
#864 = CIRCLE ( 'NONE', #117, 460.0000000000001705 ) ;
#865 = VECTOR ( 'NONE', #724, 1000.000000000000114 ) ;
#866 = DIRECTION ( 'NONE',  ( 0.000000000000000000, 0.000000000000000000, 1.000000000000000000 ) ) ;
#867 = ORIENTED_EDGE ( 'NONE', *, *, #393, .F. ) ;
#868 = AXIS2_PLACEMENT_3D ( 'NONE', #892, #627, #224 ) ;
#869 = FACE_OUTER_BOUND ( 'NONE', #160, .T. ) ;
#870 = AXIS2_PLACEMENT_3D ( 'NONE', #156, #1096, #838 ) ;
#871 = CARTESIAN_POINT ( 'NONE',  ( -14588.56810139493791, -814.9999999999974989, -379.9999999999981242 ) ) ;
#872 = VERTEX_POINT ( 'NONE', #781 ) ;
#873 = ADVANCED_FACE ( 'NONE', ( #1047 ), #384, .F. ) ;
#874 = PRESENTATION_LAYER_ASSIGNMENT (  '', '', ( #1313 ) ) ;
#875 = AXIS2_PLACEMENT_3D ( 'NONE', #44, #1648, #1099 ) ;
#876 = CARTESIAN_POINT ( 'NONE',  ( -11647.00993388375718, -679.9999999999977263, -379.9999999999981242 ) ) ;
#877 = LINE ( 'NONE', #742, #31 ) ;
#878 = EDGE_CURVE ( 'NONE', #604, #177, #1435, .T. ) ;
#879 = ORIENTED_EDGE ( 'NONE', *, *, #1007, .T. ) ;
#880 = ORIENTED_EDGE ( 'NONE', *, *, #462, .T. ) ;
#881 = DIRECTION ( 'NONE',  ( 0.000000000000000000, -1.000000000000000000, -5.261720495853834886E-17 ) ) ;
#882 = PLANE ( 'NONE',  #1441 ) ;
#883 = VERTEX_POINT ( 'NONE', #1186 ) ;
#884 = EDGE_CURVE ( 'NONE', #184, #1519, #1087, .T. ) ;
#885 = DIRECTION ( 'NONE',  ( 0.000000000000000000, -0.1402661271484180183, -0.9901138386947149206 ) ) ;
#886 = EDGE_CURVE ( 'NONE', #247, #1662, #313, .T. ) ;
#887 = VERTEX_POINT ( 'NONE', #968 ) ;
#888 = DIRECTION ( 'NONE',  ( 1.000000000000000000, -0.000000000000000000, -0.000000000000000000 ) ) ;
#889 = PLANE ( 'NONE',  #615 ) ;
#890 = DIRECTION ( 'NONE',  ( -0.000000000000000000, 1.000000000000000000, -5.261720495853834886E-17 ) ) ;
#891 = ORIENTED_EDGE ( 'NONE', *, *, #1566, .T. ) ;
#892 = CARTESIAN_POINT ( 'NONE',  ( -11611.43189860506391, -877.4999988432243754, -909.9999999999984084 ) ) ;
#893 =( NAMED_UNIT ( * ) PLANE_ANGLE_UNIT ( ) SI_UNIT ( $, .RADIAN. ) );
#894 = VERTEX_POINT ( 'NONE', #459 ) ;
#895 = DIRECTION ( 'NONE',  ( -0.000000000000000000, -1.000000000000000000, 0.000000000000000000 ) ) ;
#896 = ADVANCED_FACE ( 'NONE', ( #69 ), #853, .F. ) ;
#897 = CARTESIAN_POINT ( 'NONE',  ( -11411.43189860506209, 0.000000000000000000, -909.9999999999984084 ) ) ;
#898 = CARTESIAN_POINT ( 'NONE',  ( -12552.99006611624645, -1054.999999999997499, -379.9999999999981242 ) ) ;
#899 = ORIENTED_EDGE ( 'NONE', *, *, #13, .F. ) ;
#900 = VECTOR ( 'NONE', #435, 1000.000000000000000 ) ;
#901 = CARTESIAN_POINT ( 'NONE',  ( -1950.000000000000227, 1189.999999999998408, -960.0000000000002274 ) ) ;
#902 = AXIS2_PLACEMENT_3D ( 'NONE', #669, #533, #1211 ) ;
#903 = SURFACE_STYLE_USAGE ( .BOTH. , #237 ) ;
#904 = AXIS2_PLACEMENT_3D ( 'NONE', #100, #1403, #1660 ) ;
#905 = DIRECTION ( 'NONE',  ( -0.000000000000000000, -1.000000000000000000, -5.261720495853834886E-17 ) ) ;
#906 = DIRECTION ( 'NONE',  ( 0.000000000000000000, 0.000000000000000000, 1.000000000000000000 ) ) ;
#907 = EDGE_CURVE ( 'NONE', #521, #981, #989, .T. ) ;
#908 = DIRECTION ( 'NONE',  ( 0.000000000000000000, 0.000000000000000000, 1.000000000000000000 ) ) ;
#909 = ORIENTED_EDGE ( 'NONE', *, *, #764, .T. ) ;
#910 = CARTESIAN_POINT ( 'NONE',  ( -1950.000000000000227, 899.9999999999998863, -910.0000000000001137 ) ) ;
#911 = CARTESIAN_POINT ( 'NONE',  ( -16550.00000000000000, -899.9999999999998863, -910.0000000000001137 ) ) ;
#912 = LINE ( 'NONE', #369, #1334 ) ;
#913 = ORIENTED_EDGE ( 'NONE', *, *, #1069, .F. ) ;
#914 = ORIENTED_EDGE ( 'NONE', *, *, #817, .T. ) ;
#915 = CARTESIAN_POINT ( 'NONE',  ( -16550.00000000000000, -200.0000000000000000, -825.0000000000001137 ) ) ;
#916 = CARTESIAN_POINT ( 'NONE',  ( -1950.000000000000227, -899.9999999999998863, -910.0000000000001137 ) ) ;
#917 = EDGE_LOOP ( 'NONE', ( #1282, #847, #1610, #1067, #879, #1086, #867, #1590 ) ) ;
#918 = ADVANCED_FACE ( 'NONE', ( #1494 ), #441, .F. ) ;
#919 = DIRECTION ( 'NONE',  ( 0.000000000000000000, 1.000000000000000000, 5.261720495853834886E-17 ) ) ;
#920 = ITEM_DEFINED_TRANSFORMATION ( 'NONE', 'NONE', #904,  #92 ) ;
#921 = FACE_OUTER_BOUND ( 'NONE', #1226, .T. ) ;
#922 = CARTESIAN_POINT ( 'NONE',  ( -16150.00000000000182, 0.000000000000000000, 0.000000000000000000 ) ) ;
#923 = CARTESIAN_POINT ( 'NONE',  ( -16150.00000000000182, 1189.999999999997499, -960.0000000000002274 ) ) ;
#924 = ORIENTED_EDGE ( 'NONE', *, *, #752, .T. ) ;
#925 = CARTESIAN_POINT ( 'NONE',  ( -13000.00000000000000, 0.000000000000000000, -725.0000000000050022 ) ) ;
#926 = VECTOR ( 'NONE', #196, 1000.000000000000000 ) ;
#927 = DIRECTION ( 'NONE',  ( 9.329605248950916386E-17, -1.000000000000000000, 0.000000000000000000 ) ) ;
#928 = AXIS2_PLACEMENT_3D ( 'NONE', #1430, #244, #494 ) ;
#929 = FILL_AREA_STYLE ('',( #1351 ) ) ;
#930 = VECTOR ( 'NONE', #1024, 1000.000000000000114 ) ;
#931 = VERTEX_POINT ( 'NONE', #977 ) ;
#932 = EDGE_LOOP ( 'NONE', ( #1692, #39, #1665, #1588 ) ) ;
#933 = DIRECTION ( 'NONE',  ( 0.000000000000000000, 1.000000000000000000, 0.000000000000000000 ) ) ;
#934 = ORIENTED_EDGE ( 'NONE', *, *, #1643, .T. ) ;
#935 = CARTESIAN_POINT ( 'NONE',  ( -2.220446049250313081E-13, 1189.999999999997726, -1160.000000000000227 ) ) ;
#936 = LINE ( 'NONE', #1461, #1608 ) ;
#937 = EDGE_CURVE ( 'NONE', #1207, #894, #844, .T. ) ;
#938 = DIRECTION ( 'NONE',  ( -1.000000000000000000, -0.000000000000000000, -0.000000000000000000 ) ) ;
#939 = VERTEX_POINT ( 'NONE', #1241 ) ;
#940 = CARTESIAN_POINT ( 'NONE',  ( -16550.00000000000000, 899.9999999999998863, -910.0000000000001137 ) ) ;
#941 = VERTEX_POINT ( 'NONE', #468 ) ;
#942 = ADVANCED_FACE ( 'NONE', ( #1360 ), #1396, .T. ) ;
#943 = CARTESIAN_POINT ( 'NONE',  ( -2.220446049250313081E-13, 1189.999999999997726, -960.0000000000002274 ) ) ;
#944 = DIRECTION ( 'NONE',  ( -1.000000000000000000, -0.000000000000000000, -0.000000000000000000 ) ) ;
#945 = DIRECTION ( 'NONE',  ( 0.000000000000000000, -5.261720495853834886E-17, -1.000000000000000000 ) ) ;
#946 = VECTOR ( 'NONE', #1287, 1000.000000000000000 ) ;
#947 = VECTOR ( 'NONE', #1316, 1000.000000000000000 ) ;
#948 = CARTESIAN_POINT ( 'NONE',  ( 0.000000000000000000, 0.000000000000000000, 0.000000000000000000 ) ) ;
#949 = VECTOR ( 'NONE', #1549, 1000.000000000000000 ) ;
#950 = VECTOR ( 'NONE', #952, 1000.000000000000000 ) ;
#951 = VECTOR ( 'NONE', #1261, 1000.000000000000000 ) ;
#952 = DIRECTION ( 'NONE',  ( -1.000000000000000000, -1.200241107702872002E-17, -0.000000000000000000 ) ) ;
#953 = ORIENTED_EDGE ( 'NONE', *, *, #1045, .F. ) ;
#954 = EDGE_CURVE ( 'NONE', #1213, #501, #1614, .T. ) ;
#955 = DIRECTION ( 'NONE',  ( 0.000000000000000000, 5.261720495853834886E-17, 1.000000000000000000 ) ) ;
#956 = LINE ( 'NONE', #658, #1200 ) ;
#957 = MANIFOLD_SOLID_BREP ( 'Specchia1', #281 ) ;
#958 = CARTESIAN_POINT ( 'NONE',  ( -11411.43189860506209, -679.9999999999979536, -379.9999999999981242 ) ) ;
#959 = VERTEX_POINT ( 'NONE', #1092 ) ;
#960 = DIRECTION ( 'NONE',  ( 0.000000000000000000, 0.000000000000000000, 1.000000000000000000 ) ) ;
#961 = EDGE_CURVE ( 'NONE', #1519, #1248, #1004, .T. ) ;
#962 = FILL_AREA_STYLE ('',( #1250 ) ) ;
#963 = DIRECTION ( 'NONE',  ( 0.000000000000000000, -1.000000000000000000, -5.261720495853834886E-17 ) ) ;
#964 = VERTEX_POINT ( 'NONE', #1349 ) ;
#965 = CARTESIAN_POINT ( 'NONE',  ( -13899.99999999999818, -814.9999999999974989, 2.164934898019055254E-12 ) ) ;
#966 = DIRECTION ( 'NONE',  ( 0.000000000000000000, -1.000000000000000000, -0.000000000000000000 ) ) ;
#967 = ORIENTED_EDGE ( 'NONE', *, *, #437, .F. ) ;
#968 = CARTESIAN_POINT ( 'NONE',  ( -16150.00000000000182, 899.9999999999998863, -910.0000000000001137 ) ) ;
#969 = EDGE_CURVE ( 'NONE', #829, #332, #723, .T. ) ;
#970 = CARTESIAN_POINT ( 'NONE',  ( -13000.00000000000000, 229.9999999211528348, -725.0000000000050022 ) ) ;
#971 = VERTEX_POINT ( 'NONE', #1127 ) ;
#972 = VECTOR ( 'NONE', #1177, 1000.000000000000000 ) ;
#973 = CARTESIAN_POINT ( 'NONE',  ( -18500.00000000000000, 1189.999999999997499, -960.0000000000002274 ) ) ;
#974 = ORIENTED_EDGE ( 'NONE', *, *, #834, .F. ) ;
#975 = LINE ( 'NONE', #33, #926 ) ;
#976 = ORIENTED_EDGE ( 'NONE', *, *, #481, .F. ) ;
#977 = CARTESIAN_POINT ( 'NONE',  ( -12552.99006611624645, -679.9999999999978400, -379.9999999999981242 ) ) ;
#978 = PLANE ( 'NONE',  #814 ) ;
#979 = VERTEX_POINT ( 'NONE', #1225 ) ;
#980 = ORIENTED_EDGE ( 'NONE', *, *, #858, .F. ) ;
#981 = VERTEX_POINT ( 'NONE', #706 ) ;
#982 = EDGE_CURVE ( 'NONE', #268, #76, #1622, .T. ) ;
#983 = DIRECTION ( 'NONE',  ( 0.000000000000000000, 1.000000000000000000, 0.000000000000000000 ) ) ;
#984 = ORIENTED_EDGE ( 'NONE', *, *, #698, .F. ) ;
#985 = CARTESIAN_POINT ( 'NONE',  ( -11656.83651114450913, -679.9999999999979536, -381.8583200498775341 ) ) ;
#986 = CARTESIAN_POINT ( 'NONE',  ( -16550.00000000000000, 899.9999999999998863, -910.0000000000001137 ) ) ;
#987 = ORIENTED_EDGE ( 'NONE', *, *, #1601, .T. ) ;
#988 = EDGE_LOOP ( 'NONE', ( #1545, #436, #1507 ) ) ;
#989 = LINE ( 'NONE', #1387, #345 ) ;
#990 = CARTESIAN_POINT ( 'NONE',  ( -14388.56810139493609, -877.4999988432243754, -769.9999999999960210 ) ) ;
#991 = ORIENTED_EDGE ( 'NONE', *, *, #267, .F. ) ;
#992 = ORIENTED_EDGE ( 'NONE', *, *, #825, .T. ) ;
#993 = DIRECTION ( 'NONE',  ( 0.000000000000000000, -1.000000000000000000, 0.000000000000000000 ) ) ;
#994 = ADVANCED_FACE ( 'NONE', ( #366 ), #768, .T. ) ;
#995 = ORIENTED_EDGE ( 'NONE', *, *, #961, .F. ) ;
#996 = DIRECTION ( 'NONE',  ( 0.000000000000000000, -1.000000000000000000, 0.000000000000000000 ) ) ;
#997 = EDGE_CURVE ( 'NONE', #782, #516, #510, .T. ) ;
#998 = CARTESIAN_POINT ( 'NONE',  ( -12100.00000000000182, -1054.999999999997499, 2.053912595556539600E-12 ) ) ;
#999 = DIRECTION ( 'NONE',  ( 0.000000000000000000, 1.000000000000000000, 5.261720495853834886E-17 ) ) ;
#1000 = FACE_OUTER_BOUND ( 'NONE', #988, .T. ) ;
#1001 = VECTOR ( 'NONE', #298, 1000.000000000000000 ) ;
#1002 = AXIS2_PLACEMENT_3D ( 'NONE', #990, #59, #735 ) ;
#1003 = ORIENTED_EDGE ( 'NONE', *, *, #1598, .F. ) ;
#1004 = CIRCLE ( 'NONE', #1527, 460.0000000000001705 ) ;
#1005 = AXIS2_PLACEMENT_3D ( 'NONE', #915, #675, #1209 ) ;
#1006 = DIRECTION ( 'NONE',  ( 0.000000000000000000, -0.9901138386947148096, -0.1402661271484180183 ) ) ;
#1007 = EDGE_CURVE ( 'NONE', #1097, #176, #1290, .T. ) ;
#1008 = AXIS2_PLACEMENT_3D ( 'NONE', #21, #554, #945 ) ;
#1009 = CARTESIAN_POINT ( 'NONE',  ( 0.000000000000000000, -1189.999999999997272, -960.0000000000002274 ) ) ;
#1010 = DIRECTION ( 'NONE',  ( -0.000000000000000000, 1.000000000000000000, -0.000000000000000000 ) ) ;
#1011 = ORIENTED_EDGE ( 'NONE', *, *, #736, .F. ) ;
#1012 = DIRECTION ( 'NONE',  ( 0.000000000000000000, -1.000000000000000000, 5.261720495853834886E-17 ) ) ;
#1013 = DIRECTION ( 'NONE',  ( -1.000000000000000000, 0.000000000000000000, 0.000000000000000000 ) ) ;
#1014 = ORIENTED_EDGE ( 'NONE', *, *, #1402, .T. ) ;
#1015 = LINE ( 'NONE', #1299, #368 ) ;
#1016 = DIRECTION ( 'NONE',  ( 0.000000000000000000, -1.000000000000000000, 5.261720495853834886E-17 ) ) ;
#1017 = EDGE_CURVE ( 'NONE', #66, #333, #749, .T. ) ;
#1018 = CARTESIAN_POINT ( 'NONE',  ( -3350.000000000001364, 0.000000000000000000, -1.110223024625156540E-13 ) ) ;
#1019 = ORIENTED_EDGE ( 'NONE', *, *, #1593, .F. ) ;
#1020 = ORIENTED_EDGE ( 'NONE', *, *, #886, .T. ) ;
#1021 = DIRECTION ( 'NONE',  ( -0.000000000000000000, -0.000000000000000000, 1.000000000000000000 ) ) ;
#1022 = DIRECTION ( 'NONE',  ( 0.000000000000000000, 1.000000000000000000, 5.261720495853834886E-17 ) ) ;
#1023 = VERTEX_POINT ( 'NONE', #633 ) ;
#1024 = DIRECTION ( 'NONE',  ( 0.000000000000000000, -0.9854601157443478865, 0.1699069165076472210 ) ) ;
#1025 = DIRECTION ( 'NONE',  ( 1.000000000000000000, 0.000000000000000000, 0.000000000000000000 ) ) ;
#1026 = LINE ( 'NONE', #1671, #1170 ) ;
#1027 = CARTESIAN_POINT ( 'NONE',  ( -11647.00993388375718, 814.9999999999974989, -379.9999999999981242 ) ) ;
#1028 = CARTESIAN_POINT ( 'NONE',  ( -18500.00000000000000, 1189.999999999997499, -1160.000000000000227 ) ) ;
#1029 = VECTOR ( 'NONE', #1272, 1000.000000000000000 ) ;
#1030 = VERTEX_POINT ( 'NONE', #876 ) ;
#1031 = VECTOR ( 'NONE', #718, 1000.000000000000114 ) ;
#1032 = CARTESIAN_POINT ( 'NONE',  ( -16150.00000000000182, 1189.999999999998408, -960.0000000000002274 ) ) ;
#1033 = CARTESIAN_POINT ( 'NONE',  ( -12100.00000000000182, 1054.999999999997499, -459.9999999999980105 ) ) ;
#1034 = AXIS2_PLACEMENT_3D ( 'NONE', #1597, #266, #136 ) ;
#1035 = DIRECTION ( 'NONE',  ( 0.000000000000000000, 0.000000000000000000, 1.000000000000000000 ) ) ;
#1036 = ORIENTED_EDGE ( 'NONE', *, *, #382, .F. ) ;
#1037 = LINE ( 'NONE', #622, #1276 ) ;
#1038 = EDGE_CURVE ( 'NONE', #1425, #887, #616, .T. ) ;
#1039 = CARTESIAN_POINT ( 'NONE',  ( -13899.99999999999818, -679.9999999999978400, -459.9999999999980105 ) ) ;
#1040 = DIRECTION ( 'NONE',  ( 0.000000000000000000, 5.261720495853834886E-17, -1.000000000000000000 ) ) ;
#1041 = ORIENTED_EDGE ( 'NONE', *, *, #1675, .F. ) ;
#1042 = LINE ( 'NONE', #495, #205 ) ;
#1043 = DIRECTION ( 'NONE',  ( 0.000000000000000000, -1.000000000000000000, 5.261720495853834886E-17 ) ) ;
#1044 = FACE_OUTER_BOUND ( 'NONE', #932, .T. ) ;
#1045 = EDGE_CURVE ( 'NONE', #1162, #964, #358, .T. ) ;
#1046 = DIRECTION ( 'NONE',  ( 0.000000000000000000, 0.000000000000000000, 1.000000000000000000 ) ) ;
#1047 = FACE_OUTER_BOUND ( 'NONE', #1392, .T. ) ;
#1048 = VERTEX_POINT ( 'NONE', #1009 ) ;
#1049 = EDGE_CURVE ( 'NONE', #1104, #1587, #1150, .T. ) ;
#1050 = CARTESIAN_POINT ( 'NONE',  ( -16150.00000000000182, -1190.000000000001364, -960.0000000000002274 ) ) ;
#1051 = DIRECTION ( 'NONE',  ( 0.000000000000000000, -0.9901138386947148096, 0.1402661271484180183 ) ) ;
#1052 = FACE_BOUND ( 'NONE', #1372, .T. ) ;
#1053 = EDGE_LOOP ( 'NONE', ( #586, #434, #326, #38, #1337, #155, #1129, #836 ) ) ;
#1054 = UNCERTAINTY_MEASURE_WITH_UNIT (LENGTH_MEASURE( 1.000000000000000082E-05 ), #550, 'distance_accuracy_value', 'NONE');
#1055 = FACE_BOUND ( 'NONE', #1126, .T. ) ;
#1056 = ORIENTED_EDGE ( 'NONE', *, *, #1317, .T. ) ;
#1057 = VECTOR ( 'NONE', #1022, 1000.000000000000000 ) ;
#1058 = AXIS2_PLACEMENT_3D ( 'NONE', #362, #761, #1192 ) ;
#1059 = DIRECTION ( 'NONE',  ( -1.000000000000000000, -0.000000000000000000, 0.000000000000000000 ) ) ;
#1060 = EDGE_CURVE ( 'NONE', #318, #1162, #88, .T. ) ;
#1061 = CIRCLE ( 'NONE', #1331, 172.2649730022416463 ) ;
#1062 = APPLICATION_PROTOCOL_DEFINITION ( 'draft international standard', 'automotive_design', 1998, #19 ) ;
#1063 = VECTOR ( 'NONE', #558, 1000.000000000000114 ) ;
#1064 = AXIS2_PLACEMENT_3D ( 'NONE', #645, #885, #786 ) ;
#1065 = ORIENTED_EDGE ( 'NONE', *, *, #339, .T. ) ;
#1066 = CARTESIAN_POINT ( 'NONE',  ( -11411.43189860506209, 0.000000000000000000, -379.9999999999981242 ) ) ;
#1067 = ORIENTED_EDGE ( 'NONE', *, *, #274, .F. ) ;
#1068 = FACE_OUTER_BOUND ( 'NONE', #862, .T. ) ;
#1069 = EDGE_CURVE ( 'NONE', #1474, #1488, #260, .T. ) ;
#1070 = ORIENTED_EDGE ( 'NONE', *, *, #878, .T. ) ;
#1071 = FACE_OUTER_BOUND ( 'NONE', #555, .T. ) ;
#1072 = ORIENTED_EDGE ( 'NONE', *, *, #1402, .F. ) ;
#1073 = DIRECTION ( 'NONE',  ( 0.000000000000000000, 0.000000000000000000, 1.000000000000000000 ) ) ;
#1074 = CARTESIAN_POINT ( 'NONE',  ( -13899.99999999999818, 1054.999999999997499, 2.053912595556539600E-12 ) ) ;
#1075 =( LENGTH_UNIT ( ) NAMED_UNIT ( * ) SI_UNIT ( .MILLI., .METRE. ) );
#1076 = EDGE_CURVE ( 'NONE', #1315, #1215, #1015, .T. ) ;
#1077 = ADVANCED_BREP_SHAPE_REPRESENTATION ( '', ( #957, #92 ), #700 ) ;
#1078 = CARTESIAN_POINT ( 'NONE',  ( -12100.00000000000182, -679.9999999999978400, -459.9999999999980105 ) ) ;
#1079 = EDGE_LOOP ( 'NONE', ( #1191, #1020, #464, #1699 ) ) ;
#1080 = DIRECTION ( 'NONE',  ( 0.000000000000000000, -1.000000000000000000, 0.000000000000000000 ) ) ;
#1081 = DIRECTION ( 'NONE',  ( -1.000000000000000000, -0.000000000000000000, -0.000000000000000000 ) ) ;
#1082 = ORIENTED_EDGE ( 'NONE', *, *, #82, .F. ) ;
#1083 = VECTOR ( 'NONE', #1006, 1000.000000000000114 ) ;
#1084 = VECTOR ( 'NONE', #202, 1000.000000000000000 ) ;
#1085 =( NAMED_UNIT ( * ) PLANE_ANGLE_UNIT ( ) SI_UNIT ( $, .RADIAN. ) );
#1086 = ORIENTED_EDGE ( 'NONE', *, *, #13, .T. ) ;
#1087 = CIRCLE ( 'NONE', #89, 460.0000000000001705 ) ;
#1088 = DIRECTION ( 'NONE',  ( 0.000000000000000000, -0.9901138386947148096, -0.1402661271484180183 ) ) ;
#1089 = EDGE_CURVE ( 'NONE', #42, #1248, #113, .T. ) ;
#1090 = PLANE ( 'NONE',  #588 ) ;
#1091 = DIRECTION ( 'NONE',  ( 0.000000000000000000, 0.000000000000000000, -1.000000000000000000 ) ) ;
#1092 = CARTESIAN_POINT ( 'NONE',  ( -13899.99999999999818, -679.9999999999978400, 1.887379141862766119E-12 ) ) ;
#1093 = CARTESIAN_POINT ( 'NONE',  ( -18500.00000000000000, -1190.000000000002046, -960.0000000000002274 ) ) ;
#1094 = ORIENTED_EDGE ( 'NONE', *, *, #293, .F. ) ;
#1095 = VERTEX_POINT ( 'NONE', #522 ) ;
#1096 = DIRECTION ( 'NONE',  ( 0.000000000000000000, 0.1402661271484180183, 0.9901138386947149206 ) ) ;
#1097 = VERTEX_POINT ( 'NONE', #1524 ) ;
#1098 = ADVANCED_FACE ( 'NONE', ( #341 ), #211, .T. ) ;
#1099 = DIRECTION ( 'NONE',  ( 0.000000000000000000, 0.000000000000000000, 1.000000000000000000 ) ) ;
#1100 = ORIENTED_EDGE ( 'NONE', *, *, #1252, .T. ) ;
#1101 = DIRECTION ( 'NONE',  ( 0.000000000000000000, -1.000000000000000000, 0.000000000000000000 ) ) ;
#1102 = DIRECTION ( 'NONE',  ( 0.000000000000000000, -5.261720495853834886E-17, -1.000000000000000000 ) ) ;
#1103 = ORIENTED_EDGE ( 'NONE', *, *, #583, .T. ) ;
#1104 = VERTEX_POINT ( 'NONE', #741 ) ;
#1105 = CARTESIAN_POINT ( 'NONE',  ( -13899.99999999999818, -679.9999999999978400, -459.9999999999980105 ) ) ;
#1106 = FACE_OUTER_BOUND ( 'NONE', #1509, .T. ) ;
#1107 = CARTESIAN_POINT ( 'NONE',  ( -12100.00000000000182, -814.9999999999974989, -459.9999999999980105 ) ) ;
#1108 = DIRECTION ( 'NONE',  ( 0.000000000000000000, 0.000000000000000000, 1.000000000000000000 ) ) ;
#1109 = DIRECTION ( 'NONE',  ( 0.000000000000000000, -1.000000000000000000, 0.000000000000000000 ) ) ;
#1110 = ADVANCED_FACE ( 'NONE', ( #1283 ), #1341, .F. ) ;
#1111 = VECTOR ( 'NONE', #651, 1000.000000000000000 ) ;
#1112 = ORIENTED_EDGE ( 'NONE', *, *, #1060, .F. ) ;
#1113 = ORIENTED_EDGE ( 'NONE', *, *, #204, .T. ) ;
#1114 = VECTOR ( 'NONE', #938, 1000.000000000000000 ) ;
#1115 = DIRECTION ( 'NONE',  ( 1.000000000000000000, 0.000000000000000000, 0.000000000000000000 ) ) ;
#1116 = PLANE ( 'NONE',  #1224 ) ;
#1117 = ORIENTED_EDGE ( 'NONE', *, *, #1508, .F. ) ;
#1118 = ORIENTED_EDGE ( 'NONE', *, *, #886, .F. ) ;
#1119 = CARTESIAN_POINT ( 'NONE',  ( -16150.00000000000182, 800.0000000000000000, -910.0000000000001137 ) ) ;
#1120 = EDGE_CURVE ( 'NONE', #521, #149, #1061, .T. ) ;
#1121 = ORIENTED_EDGE ( 'NONE', *, *, #828, .T. ) ;
#1122 = ORIENTED_EDGE ( 'NONE', *, *, #858, .T. ) ;
#1123 = ADVANCED_FACE ( 'NONE', ( #546 ), #90, .T. ) ;
#1124 = DIRECTION ( 'NONE',  ( 1.000000000000000000, 0.000000000000000000, 0.000000000000000000 ) ) ;
#1125 = DIRECTION ( 'NONE',  ( 0.000000000000000000, 1.000000000000000000, 5.261720495853834886E-17 ) ) ;
#1126 = EDGE_LOOP ( 'NONE', ( #64, #461, #248, #216 ) ) ;
#1127 = CARTESIAN_POINT ( 'NONE',  ( 0.000000000000000000, -1189.999999999997272, -1160.000000000000227 ) ) ;
#1128 = CARTESIAN_POINT ( 'NONE',  ( -16150.00000000000182, -1189.999999999998408, -960.0000000000002274 ) ) ;
#1129 = ORIENTED_EDGE ( 'NONE', *, *, #997, .T. ) ;
#1130 = EDGE_CURVE ( 'NONE', #939, #872, #277, .T. ) ;
#1131 = ORIENTED_EDGE ( 'NONE', *, *, #1089, .T. ) ;
#1132 = DIRECTION ( 'NONE',  ( 0.000000000000000000, -1.000000000000000000, 0.000000000000000000 ) ) ;
#1133 = EDGE_LOOP ( 'NONE', ( #1056, #1553, #192, #168 ) ) ;
#1134 = EDGE_CURVE ( 'NONE', #1488, #767, #1173, .T. ) ;
#1135 = LINE ( 'NONE', #623, #759 ) ;
#1136 = CARTESIAN_POINT ( 'NONE',  ( -14588.56810139493791, -877.4999988432243754, -769.9999999999960210 ) ) ;
#1137 = DIRECTION ( 'NONE',  ( -0.000000000000000000, -0.000000000000000000, -1.000000000000000000 ) ) ;
#1138 = CARTESIAN_POINT ( 'NONE',  ( -12100.00000000000182, 814.9999999999974989, 2.164934898019055254E-12 ) ) ;
#1139 = EDGE_LOOP ( 'NONE', ( #142, #18, #16, #1153 ) ) ;
#1140 = CIRCLE ( 'NONE', #1305, 460.0000000000001705 ) ;
#1141 = EDGE_LOOP ( 'NONE', ( #1246, #1353, #385, #1450 ) ) ;
#1142 = VECTOR ( 'NONE', #43, 1000.000000000000000 ) ;
#1143 = EDGE_CURVE ( 'NONE', #971, #1023, #1320, .T. ) ;
#1144 = CARTESIAN_POINT ( 'NONE',  ( -16550.00000000000000, -899.9999999999998863, -910.0000000000001137 ) ) ;
#1145 = VECTOR ( 'NONE', #1368, 1000.000000000000000 ) ;
#1146 = AXIS2_PLACEMENT_3D ( 'NONE', #1033, #919, #610 ) ;
#1147 = CARTESIAN_POINT ( 'NONE',  ( -14343.16348885549087, 814.9999999999974989, -381.8583200498775341 ) ) ;
#1148 = EDGE_LOOP ( 'NONE', ( #288, #656, #1399, #677 ) ) ;
#1149 = APPLICATION_CONTEXT ( 'automotive_design' ) ;
#1150 = LINE ( 'NONE', #98, #200 ) ;
#1151 = CARTESIAN_POINT ( 'NONE',  ( -18500.00000000000000, -1190.000000000002046, -1160.000000000000227 ) ) ;
#1152 =( LENGTH_UNIT ( ) NAMED_UNIT ( * ) SI_UNIT ( .MILLI., .METRE. ) );
#1153 = ORIENTED_EDGE ( 'NONE', *, *, #50, .F. ) ;
#1154 = DIRECTION ( 'NONE',  ( 0.000000000000000000, -0.1699069165076472210, 0.9854601157443478865 ) ) ;
#1155 = DIRECTION ( 'NONE',  ( 0.000000000000000000, -1.000000000000000000, -0.000000000000000000 ) ) ;
#1156 = CARTESIAN_POINT ( 'NONE',  ( -12100.00000000000182, 814.9999999999974989, -459.9999999999980105 ) ) ;
#1157 = VERTEX_POINT ( 'NONE', #1050 ) ;
#1158 = PRODUCT_RELATED_PRODUCT_CATEGORY ( 'part', '', ( #49 ) ) ;
#1159 = LINE ( 'NONE', #760, #930 ) ;
#1160 = ADVANCED_FACE ( 'NONE', ( #128 ), #783, .F. ) ;
#1161 = DIRECTION ( 'NONE',  ( 0.000000000000000000, 0.000000000000000000, 1.000000000000000000 ) ) ;
#1162 = VERTEX_POINT ( 'NONE', #20 ) ;
#1163 = CARTESIAN_POINT ( 'NONE',  ( -12100.00000000000182, -814.9999999999974989, 2.164934898019055254E-12 ) ) ;
#1164 = CARTESIAN_POINT ( 'NONE',  ( -13899.99999999999818, 679.9999999999978400, 1.887379141862766119E-12 ) ) ;
#1165 = ORIENTED_EDGE ( 'NONE', *, *, #1233, .T. ) ;
#1166 =( NAMED_UNIT ( * ) SI_UNIT ( $, .STERADIAN. ) SOLID_ANGLE_UNIT ( ) );
#1167 = ADVANCED_FACE ( 'NONE', ( #25 ), #1571, .F. ) ;
#1168 = PLANE ( 'NONE',  #1332 ) ;
#1169 = CIRCLE ( 'NONE', #226, 460.0000000000001705 ) ;
#1170 = VECTOR ( 'NONE', #905, 1000.000000000000000 ) ;
#1171 = FACE_OUTER_BOUND ( 'NONE', #1634, .T. ) ;
#1172 = LINE ( 'NONE', #500, #1057 ) ;
#1173 = CIRCLE ( 'NONE', #309, 459.9999999999998863 ) ;
#1174 = ORIENTED_EDGE ( 'NONE', *, *, #1685, .F. ) ;
#1175 = MECHANICAL_DESIGN_GEOMETRIC_PRESENTATION_REPRESENTATION (  '', ( #1470 ), #10 ) ;
#1176 = VECTOR ( 'NONE', #1189, 1000.000000000000000 ) ;
#1177 = DIRECTION ( 'NONE',  ( 0.000000000000000000, -1.000000000000000000, 5.261720495853834886E-17 ) ) ;
#1178 = LINE ( 'NONE', #523, #1498 ) ;
#1179 = PRODUCT_DEFINITION_FORMATION_WITH_SPECIFIED_SOURCE ( 'TUTTO', '', #49, .NOT_KNOWN. ) ;
#1180 = CYLINDRICAL_SURFACE ( 'NONE', #61, 460.0000000000000568 ) ;
#1181 = DIRECTION ( 'NONE',  ( 0.000000000000000000, 0.000000000000000000, 1.000000000000000000 ) ) ;
#1182 = ADVANCED_FACE ( 'NONE', ( #657 ), #1188, .F. ) ;
#1183 = ADVANCED_FACE ( 'NONE', ( #1491 ), #1090, .T. ) ;
#1184 = PRODUCT_DEFINITION_CONTEXT ( 'detailed design', #1646, 'design' ) ;
#1185 = CARTESIAN_POINT ( 'NONE',  ( -13447.00993388375355, 679.9999999999978400, -379.9999999999981242 ) ) ;
#1186 = CARTESIAN_POINT ( 'NONE',  ( -16150.00000000000182, -899.9999999999998863, -910.0000000000001137 ) ) ;
#1187 = ORIENTED_EDGE ( 'NONE', *, *, #254, .F. ) ;
#1188 = PLANE ( 'NONE',  #1443 ) ;
#1189 = DIRECTION ( 'NONE',  ( 0.000000000000000000, 1.000000000000000000, 5.261720495853834886E-17 ) ) ;
#1190 = DIRECTION ( 'NONE',  ( 0.000000000000000000, -0.1402661271484180183, 0.9901138386947149206 ) ) ;
#1191 = ORIENTED_EDGE ( 'NONE', *, *, #573, .T. ) ;
#1192 = DIRECTION ( 'NONE',  ( -1.000000000000000000, 0.000000000000000000, -0.000000000000000000 ) ) ;
#1193 = DIRECTION ( 'NONE',  ( -0.000000000000000000, -1.000000000000000000, 5.261720495853834886E-17 ) ) ;
#1194 = ADVANCED_FACE ( 'NONE', ( #1106 ), #1377, .T. ) ;
#1195 = ORIENTED_EDGE ( 'NONE', *, *, #417, .T. ) ;
#1196 = CARTESIAN_POINT ( 'NONE',  ( -12552.99006611624645, 814.9999999999974989, -379.9999999999981242 ) ) ;
#1197 = SURFACE_STYLE_FILL_AREA ( #929 ) ;
#1198 = FACE_OUTER_BOUND ( 'NONE', #917, .T. ) ;
#1199 = EDGE_CURVE ( 'NONE', #964, #737, #720, .T. ) ;
#1200 = VECTOR ( 'NONE', #1051, 1000.000000000000114 ) ;
#1201 = CARTESIAN_POINT ( 'NONE',  ( -13000.00000000000000, -172.2649730022416463, -825.0000000000000000 ) ) ;
#1202 = AXIS2_PLACEMENT_3D ( 'NONE', #1369, #179, #713 ) ;
#1203 = SHAPE_REPRESENTATION ( 'FlatWagon_60ft_LessDetailed', ( #1366, #904, #175, #401 ), #1501 ) ;
#1204 = PRESENTATION_STYLE_ASSIGNMENT (( #572 ) ) ;
#1205 = VECTOR ( 'NONE', #1231, 1000.000000000000000 ) ;
#1206 = VECTOR ( 'NONE', #99, 1000.000000000000000 ) ;
#1207 = VERTEX_POINT ( 'NONE', #1384 ) ;
#1208 = ORIENTED_EDGE ( 'NONE', *, *, #1535, .F. ) ;
#1209 = DIRECTION ( 'NONE',  ( 1.000000000000000000, 0.000000000000000000, -0.000000000000000000 ) ) ;
#1210 = DIRECTION ( 'NONE',  ( 0.000000000000000000, 0.000000000000000000, 1.000000000000000000 ) ) ;
#1211 = DIRECTION ( 'NONE',  ( 0.000000000000000000, -1.000000000000000000, 0.000000000000000000 ) ) ;
#1212 = DIRECTION ( 'NONE',  ( 1.000000000000000000, 0.000000000000000000, 0.000000000000000000 ) ) ;
#1213 = VERTEX_POINT ( 'NONE', #195 ) ;
#1214 = LINE ( 'NONE', #1502, #1631 ) ;
#1215 = VERTEX_POINT ( 'NONE', #1619 ) ;
#1216 = CARTESIAN_POINT ( 'NONE',  ( -14588.56810139493791, 877.4999988432243754, -769.9999999999960210 ) ) ;
#1217 = DIRECTION ( 'NONE',  ( -1.000000000000000000, 0.000000000000000000, 0.000000000000000000 ) ) ;
#1218 = EDGE_CURVE ( 'NONE', #1440, #63, #730, .T. ) ;
#1219 = CARTESIAN_POINT ( 'NONE',  ( -2350.000000000001364, 1189.999999999997726, -960.0000000000002274 ) ) ;
#1220 = ORIENTED_EDGE ( 'NONE', *, *, #473, .F. ) ;
#1221 = CARTESIAN_POINT ( 'NONE',  ( -14388.56810139493609, -877.4999988432243754, -909.9999999999984084 ) ) ;
#1222 = DIRECTION ( 'NONE',  ( 0.000000000000000000, 0.000000000000000000, 1.000000000000000000 ) ) ;
#1223 = ORIENTED_EDGE ( 'NONE', *, *, #382, .T. ) ;
#1224 = AXIS2_PLACEMENT_3D ( 'NONE', #1348, #704, #1636 ) ;
#1225 = CARTESIAN_POINT ( 'NONE',  ( -1950.000000000000227, 800.0000000000000000, -910.0000000000001137 ) ) ;
#1226 = EDGE_LOOP ( 'NONE', ( #559, #1364, #491, #223 ) ) ;
#1227 = VECTOR ( 'NONE', #1109, 1000.000000000000000 ) ;
#1228 = ADVANCED_FACE ( 'NONE', ( #445 ), #842, .T. ) ;
#1229 = ORIENTED_EDGE ( 'NONE', *, *, #764, .F. ) ;
#1230 = VECTOR ( 'NONE', #1370, 1000.000000000000000 ) ;
#1231 = DIRECTION ( 'NONE',  ( -1.000000000000000000, 0.000000000000000000, 0.000000000000000000 ) ) ;
#1232 = ORIENTED_EDGE ( 'NONE', *, *, #1653, .T. ) ;
#1233 = EDGE_CURVE ( 'NONE', #149, #521, #396, .T. ) ;
#1234 = PLANE ( 'NONE',  #875 ) ;
#1235 = DIRECTION ( 'NONE',  ( 0.000000000000000000, 5.261720495853834886E-17, -1.000000000000000000 ) ) ;
#1236 = ORIENTED_EDGE ( 'NONE', *, *, #339, .F. ) ;
#1237 = ORIENTED_EDGE ( 'NONE', *, *, #687, .F. ) ;
#1238 = CARTESIAN_POINT ( 'NONE',  ( -2350.000000000000000, -200.0000000000000000, -825.0000000000001137 ) ) ;
#1239 = EDGE_CURVE ( 'NONE', #476, #354, #1361, .T. ) ;
#1240 = CARTESIAN_POINT ( 'NONE',  ( -11611.43189860506391, -877.4999988432243754, -379.9999999999981242 ) ) ;
#1241 = CARTESIAN_POINT ( 'NONE',  ( -1950.000000000000227, -800.0000000000000000, -910.0000000000001137 ) ) ;
#1242 = CARTESIAN_POINT ( 'NONE',  ( -14588.56810139493791, 877.4999988432243754, -909.9999999999984084 ) ) ;
#1243 = ORIENTED_EDGE ( 'NONE', *, *, #150, .F. ) ;
#1244 = ORIENTED_EDGE ( 'NONE', *, *, #1049, .T. ) ;
#1245 = LINE ( 'NONE', #295, #1063 ) ;
#1246 = ORIENTED_EDGE ( 'NONE', *, *, #1577, .T. ) ;
#1247 = LINE ( 'NONE', #329, #1230 ) ;
#1248 = VERTEX_POINT ( 'NONE', #1654 ) ;
#1249 = EDGE_CURVE ( 'NONE', #1319, #1477, #611, .T. ) ;
#1250 = FILL_AREA_STYLE_COLOUR ( '', #1605 ) ;
#1251 = CARTESIAN_POINT ( 'NONE',  ( -13447.00993388375355, -814.9999999999974989, -379.9999999999981242 ) ) ;
#1252 = EDGE_CURVE ( 'NONE', #235, #939, #67, .T. ) ;
#1253 = AXIS2_PLACEMENT_3D ( 'NONE', #1257, #823, #1080 ) ;
#1254 = VERTEX_POINT ( 'NONE', #1027 ) ;
#1255 = VECTOR ( 'NONE', #515, 1000.000000000000000 ) ;
#1256 = FACE_OUTER_BOUND ( 'NONE', #1053, .T. ) ;
#1257 = CARTESIAN_POINT ( 'NONE',  ( -13000.00000000000000, 0.000000000000000000, -825.0000000000000000 ) ) ;
#1258 = DIRECTION ( 'NONE',  ( 1.000000000000000000, -0.000000000000000000, -0.000000000000000000 ) ) ;
#1259 = DIRECTION ( 'NONE',  ( 0.000000000000000000, -1.000000000000000000, 0.000000000000000000 ) ) ;
#1260 = ADVANCED_FACE ( 'NONE', ( #356 ), #889, .T. ) ;
#1261 = DIRECTION ( 'NONE',  ( 1.000000000000000000, 2.520506326176030958E-16, 0.000000000000000000 ) ) ;
#1262 = DIRECTION ( 'NONE',  ( 0.000000000000000000, 0.000000000000000000, 1.000000000000000000 ) ) ;
#1263 = EDGE_CURVE ( 'NONE', #553, #682, #1135, .T. ) ;
#1264 = ORIENTED_EDGE ( 'NONE', *, *, #360, .F. ) ;
#1265 = EDGE_LOOP ( 'NONE', ( #860, #322, #799, #97 ) ) ;
#1266 = DIRECTION ( 'NONE',  ( 0.000000000000000000, 1.000000000000000000, 5.261720495853834886E-17 ) ) ;
#1267 = CARTESIAN_POINT ( 'NONE',  ( -16150.00000000000182, 899.9999999999998863, -910.0000000000001137 ) ) ;
#1268 = APPLICATION_PROTOCOL_DEFINITION ( 'draft international standard', 'automotive_design', 1998, #1149 ) ;
#1269 = ORIENTED_EDGE ( 'NONE', *, *, #969, .T. ) ;
#1270 = ADVANCED_FACE ( 'NONE', ( #608 ), #240, .F. ) ;
#1271 = DIRECTION ( 'NONE',  ( 0.000000000000000000, -1.000000000000000000, 0.000000000000000000 ) ) ;
#1272 = DIRECTION ( 'NONE',  ( -1.000000000000000000, 0.000000000000000000, 0.000000000000000000 ) ) ;
#1273 = DIRECTION ( 'NONE',  ( -1.000000000000000000, 0.000000000000000000, 0.000000000000000000 ) ) ;
#1274 = EDGE_LOOP ( 'NONE', ( #909, #1528, #1195, #1600 ) ) ;
#1275 = VECTOR ( 'NONE', #1108, 1000.000000000000000 ) ;
#1276 = VECTOR ( 'NONE', #1181, 1000.000000000000000 ) ;
#1277 = AXIS2_PLACEMENT_3D ( 'NONE', #1221, #569, #308 ) ;
#1278 = DIRECTION ( 'NONE',  ( 1.000000000000000000, 0.000000000000000000, -0.000000000000000000 ) ) ;
#1279 = PRESENTATION_LAYER_ASSIGNMENT (  '', '', ( #1470 ) ) ;
#1280 = EDGE_CURVE ( 'NONE', #1381, #856, #1416, .T. ) ;
#1281 = CARTESIAN_POINT ( 'NONE',  ( -16550.00000000000000, 899.9999999999998863, -910.0000000000001137 ) ) ;
#1282 = ORIENTED_EDGE ( 'NONE', *, *, #41, .F. ) ;
#1283 = FACE_OUTER_BOUND ( 'NONE', #1374, .T. ) ;
#1284 = DIRECTION ( 'NONE',  ( 1.000000000000000000, 0.000000000000000000, 0.000000000000000000 ) ) ;
#1285 = CARTESIAN_POINT ( 'NONE',  ( -18500.00000000000000, -1190.000000000002046, -960.0000000000002274 ) ) ;
#1286 = DIRECTION ( 'NONE',  ( -0.000000000000000000, -0.9901138386947148096, -0.1402661271484180183 ) ) ;
#1287 = DIRECTION ( 'NONE',  ( -0.000000000000000000, -0.000000000000000000, -1.000000000000000000 ) ) ;
#1288 = ORIENTED_EDGE ( 'NONE', *, *, #539, .T. ) ;
#1289 = ADVANCED_FACE ( 'NONE', ( #507 ), #86, .T. ) ;
#1290 = LINE ( 'NONE', #377, #729 ) ;
#1291 = LINE ( 'NONE', #901, #840 ) ;
#1292 = ORIENTED_EDGE ( 'NONE', *, *, #1280, .F. ) ;
#1293 = CARTESIAN_POINT ( 'NONE',  ( -12100.00000000000182, -679.9999999999978400, -459.9999999999980105 ) ) ;
#1294 = DIRECTION ( 'NONE',  ( 0.000000000000000000, 0.000000000000000000, 1.000000000000000000 ) ) ;
#1295 = UNCERTAINTY_MEASURE_WITH_UNIT (LENGTH_MEASURE( 1.000000000000000082E-05 ), #1515, 'distance_accuracy_value', 'NONE');
#1296 = PLANE ( 'NONE',  #428 ) ;
#1297 = CARTESIAN_POINT ( 'NONE',  ( -16550.00000000000000, 800.0000000000000000, -910.0000000000001137 ) ) ;
#1298 = ORIENTED_EDGE ( 'NONE', *, *, #1218, .F. ) ;
#1299 = CARTESIAN_POINT ( 'NONE',  ( -11411.43189860506209, -877.4999988432243754, -909.9999999999984084 ) ) ;
#1300 = CARTESIAN_POINT ( 'NONE',  ( -2350.000000000000000, 1189.999999999998408, -960.0000000000002274 ) ) ;
#1301 = EDGE_CURVE ( 'NONE', #1023, #829, #1667, .T. ) ;
#1302 = LINE ( 'NONE', #472, #790 ) ;
#1303 = ORIENTED_EDGE ( 'NONE', *, *, #594, .F. ) ;
#1304 = CARTESIAN_POINT ( 'NONE',  ( -14388.56810139493609, -877.4999988432243754, -379.9999999999981242 ) ) ;
#1305 = AXIS2_PLACEMENT_3D ( 'NONE', #1107, #1627, #1503 ) ;
#1306 = LINE ( 'NONE', #1581, #618 ) ;
#1307 = CARTESIAN_POINT ( 'NONE',  ( -16550.00000000000000, 800.0000000000000000, -910.0000000000001137 ) ) ;
#1308 = STYLED_ITEM ( 'NONE', ( #299 ), #957 ) ;
#1309 = EDGE_LOOP ( 'NONE', ( #1383, #429, #891 ) ) ;
#1310 = AXIS2_PLACEMENT_3D ( 'NONE', #1039, #1193, #537 ) ;
#1311 = DIRECTION ( 'NONE',  ( 0.000000000000000000, 0.9854601157443478865, -0.1699069165076472210 ) ) ;
#1312 = DIRECTION ( 'NONE',  ( -0.000000000000000000, -1.000000000000000000, -0.000000000000000000 ) ) ;
#1313 = STYLED_ITEM ( 'NONE', ( #361 ), #381 ) ;
#1314 = VECTOR ( 'NONE', #1258, 1000.000000000000000 ) ;
#1315 = VERTEX_POINT ( 'NONE', #95 ) ;
#1316 = DIRECTION ( 'NONE',  ( -0.000000000000000000, -0.000000000000000000, -1.000000000000000000 ) ) ;
#1317 = EDGE_CURVE ( 'NONE', #1095, #516, #671, .T. ) ;
#1318 = PLANE ( 'NONE',  #121 ) ;
#1319 = VERTEX_POINT ( 'NONE', #492 ) ;
#1320 = LINE ( 'NONE', #935, #454 ) ;
#1321 = LINE ( 'NONE', #412, #1633 ) ;
#1322 = ADVANCED_FACE ( 'NONE', ( #1647 ), #374, .T. ) ;
#1323 = CARTESIAN_POINT ( 'NONE',  ( -1950.000000000000227, -899.9999999999998863, -910.0000000000001137 ) ) ;
#1324 = ORIENTED_EDGE ( 'NONE', *, *, #828, .F. ) ;
#1325 = CARTESIAN_POINT ( 'NONE',  ( -13000.00000000000000, 0.000000000000000000, -825.0000000000000000 ) ) ;
#1326 = FACE_OUTER_BOUND ( 'NONE', #290, .T. ) ;
#1327 = ORIENTED_EDGE ( 'NONE', *, *, #504, .T. ) ;
#1328 = ADVANCED_FACE ( 'NONE', ( #1679 ), #1397, .F. ) ;
#1329 = CARTESIAN_POINT ( 'NONE',  ( -14388.56810139493609, 1077.499998843224375, -379.9999999999981242 ) ) ;
#1330 = VERTEX_POINT ( 'NONE', #1560 ) ;
#1331 = AXIS2_PLACEMENT_3D ( 'NONE', #411, #1210, #11 ) ;
#1332 = AXIS2_PLACEMENT_3D ( 'NONE', #922, #219, #1294 ) ;
#1333 = DIRECTION ( 'NONE',  ( -1.000000000000000000, -9.329605248950916386E-17, 0.000000000000000000 ) ) ;
#1334 = VECTOR ( 'NONE', #1132, 1000.000000000000000 ) ;
#1335 = APPLICATION_PROTOCOL_DEFINITION ( 'draft international standard', 'automotive_design', 1998, #143 ) ;
#1336 = VECTOR ( 'NONE', #1630, 1000.000000000000114 ) ;
#1337 = ORIENTED_EDGE ( 'NONE', *, *, #1017, .T. ) ;
#1338 = VERTEX_POINT ( 'NONE', #598 ) ;
#1339 = FACE_OUTER_BOUND ( 'NONE', #321, .T. ) ;
#1340 = ORIENTED_EDGE ( 'NONE', *, *, #635, .T. ) ;
#1341 = PLANE ( 'NONE',  #170 ) ;
#1342 = DIRECTION ( 'NONE',  ( 0.000000000000000000, -1.000000000000000000, -5.261720495853834886E-17 ) ) ;
#1343 = ADVANCED_FACE ( 'NONE', ( #869 ), #1522, .F. ) ;
#1344 = ORIENTED_EDGE ( 'NONE', *, *, #220, .T. ) ;
#1345 = ORIENTED_EDGE ( 'NONE', *, *, #1076, .T. ) ;
#1346 = CARTESIAN_POINT ( 'NONE',  ( -16550.00000000000000, -1190.000000000001592, -960.0000000000002274 ) ) ;
#1347 = EDGE_LOOP ( 'NONE', ( #744, #808, #974, #1118 ) ) ;
#1348 = CARTESIAN_POINT ( 'NONE',  ( -1950.000000000000227, -1189.999999999998408, -960.0000000000002274 ) ) ;
#1349 = CARTESIAN_POINT ( 'NONE',  ( -2350.000000000000000, 800.0000000000000000, -910.0000000000001137 ) ) ;
#1350 = ADVANCED_FACE ( 'NONE', ( #282 ), #1442, .T. ) ;
#1351 = FILL_AREA_STYLE_COLOUR ( '', #621 ) ;
#1352 = ORIENTED_EDGE ( 'NONE', *, *, #437, .T. ) ;
#1353 = ORIENTED_EDGE ( 'NONE', *, *, #937, .F. ) ;
#1354 = DIRECTION ( 'NONE',  ( 1.200241107702872002E-17, -1.000000000000000000, 0.000000000000000000 ) ) ;
#1355 = EDGE_LOOP ( 'NONE', ( #777, #1641, #410, #816 ) ) ;
#1356 = CARTESIAN_POINT ( 'NONE',  ( -2350.000000000000000, 800.0000000000000000, -910.0000000000001137 ) ) ;
#1357 = CARTESIAN_POINT ( 'NONE',  ( -13899.99999999999818, 1054.999999999997499, -459.9999999999980105 ) ) ;
#1358 = VERTEX_POINT ( 'NONE', #1185 ) ;
#1359 = CIRCLE ( 'NONE', #484, 199.9999999999999432 ) ;
#1360 = FACE_OUTER_BOUND ( 'NONE', #287, .T. ) ;
#1361 = CIRCLE ( 'NONE', #543, 460.0000000000001705 ) ;
#1362 = AXIS2_PLACEMENT_3D ( 'NONE', #185, #29, #1115 ) ;
#1363 = VECTOR ( 'NONE', #628, 1000.000000000000000 ) ;
#1364 = ORIENTED_EDGE ( 'NONE', *, *, #22, .F. ) ;
#1365 = VERTEX_POINT ( 'NONE', #654 ) ;
#1366 = AXIS2_PLACEMENT_3D ( 'NONE', #1651, #477, #751 ) ;
#1367 = ADVANCED_FACE ( 'NONE', ( #1171 ), #1296, .F. ) ;
#1368 = DIRECTION ( 'NONE',  ( 1.000000000000000000, 0.000000000000000000, 0.000000000000000000 ) ) ;
#1369 = CARTESIAN_POINT ( 'NONE',  ( 0.000000000000000000, 0.000000000000000000, -960.0000000000002274 ) ) ;
#1370 = DIRECTION ( 'NONE',  ( 1.000000000000000000, 0.000000000000000000, 0.000000000000000000 ) ) ;
#1371 = ORIENTED_EDGE ( 'NONE', *, *, #1655, .T. ) ;
#1372 = EDGE_LOOP ( 'NONE', ( #127, #1344 ) ) ;
#1373 = EDGE_LOOP ( 'NONE', ( #709, #753, #463, #914 ) ) ;
#1374 = EDGE_LOOP ( 'NONE', ( #913, #1489, #73 ) ) ;
#1375 = CARTESIAN_POINT ( 'NONE',  ( -18500.00000000000000, 1189.999999999997499, -960.0000000000002274 ) ) ;
#1376 = EDGE_CURVE ( 'NONE', #1213, #1023, #270, .T. ) ;
#1377 = CYLINDRICAL_SURFACE ( 'NONE', #1277, 199.9999999999999432 ) ;
#1378 = DIRECTION ( 'NONE',  ( 0.000000000000000000, 1.000000000000000000, -5.261720495853834886E-17 ) ) ;
#1379 = CARTESIAN_POINT ( 'NONE',  ( -11411.43189860506209, 1077.499998843224375, -379.9999999999981242 ) ) ;
#1380 = DIRECTION ( 'NONE',  ( 6.123233995732909246E-17, 0.4999999999996850852, 0.8660254037846203401 ) ) ;
#1381 = VERTEX_POINT ( 'NONE', #1697 ) ;
#1382 = EDGE_LOOP ( 'NONE', ( #1036, #738, #992, #1674 ) ) ;
#1383 = ORIENTED_EDGE ( 'NONE', *, *, #1239, .T. ) ;
#1384 = CARTESIAN_POINT ( 'NONE',  ( -1949.999999999999318, -1189.999999999997726, -960.0000000000002274 ) ) ;
#1385 = CARTESIAN_POINT ( 'NONE',  ( -13899.99999999999818, 814.9999999999974989, -459.9999999999980105 ) ) ;
#1386 = EDGE_CURVE ( 'NONE', #1048, #1213, #1, .T. ) ;
#1387 = CARTESIAN_POINT ( 'NONE',  ( -13000.00000000000000, -229.9999999211528348, -725.0000000000050022 ) ) ;
#1388 = CARTESIAN_POINT ( 'NONE',  ( -14588.56810139493791, -679.9999999999979536, -379.9999999999981242 ) ) ;
#1389 = ORIENTED_EDGE ( 'NONE', *, *, #1555, .F. ) ;
#1390 = CIRCLE ( 'NONE', #697, 459.9999999999998863 ) ;
#1391 = MECHANICAL_DESIGN_GEOMETRIC_PRESENTATION_REPRESENTATION (  '', ( #1308 ), #340 ) ;
#1392 = EDGE_LOOP ( 'NONE', ( #1570, #1298, #769, #531 ) ) ;
#1393 = VERTEX_POINT ( 'NONE', #1689 ) ;
#1394 = DIRECTION ( 'NONE',  ( 1.000000000000000000, -0.000000000000000000, -0.000000000000000000 ) ) ;
#1395 = ORIENTED_EDGE ( 'NONE', *, *, #427, .F. ) ;
#1396 = CONICAL_SURFACE ( 'NONE', #1661, 229.9999999211528348, 0.5235987755979353286 ) ;
#1397 = PLANE ( 'NONE',  #811 ) ;
#1398 = CARTESIAN_POINT ( 'NONE',  ( -11611.43189860506391, 877.4999988432243754, -379.9999999999981242 ) ) ;
#1399 = ORIENTED_EDGE ( 'NONE', *, *, #82, .T. ) ;
#1400 = DIRECTION ( 'NONE',  ( 0.000000000000000000, 1.000000000000000000, 0.000000000000000000 ) ) ;
#1401 = DIRECTION ( 'NONE',  ( 0.000000000000000000, 1.000000000000000000, -5.261720495853834886E-17 ) ) ;
#1402 = EDGE_CURVE ( 'NONE', #1681, #553, #1306, .T. ) ;
#1403 = DIRECTION ( 'NONE',  ( 0.000000000000000000, 0.000000000000000000, 1.000000000000000000 ) ) ;
#1404 = ORIENTED_EDGE ( 'NONE', *, *, #878, .F. ) ;
#1405 = DIRECTION ( 'NONE',  ( 0.000000000000000000, 0.000000000000000000, 1.000000000000000000 ) ) ;
#1406 = LINE ( 'NONE', #871, #395 ) ;
#1407 = ORIENTED_EDGE ( 'NONE', *, *, #907, .F. ) ;
#1408 = DIRECTION ( 'NONE',  ( 0.000000000000000000, -0.9854601157443478865, 0.1699069165076472210 ) ) ;
#1409 = LINE ( 'NONE', #911, #592 ) ;
#1410 = CARTESIAN_POINT ( 'NONE',  ( -13000.00000000000000, 0.000000000000000000, -769.9999999999960210 ) ) ;
#1411 = ADVANCED_FACE ( 'NONE', ( #390 ), #263, .T. ) ;
#1412 = DIRECTION ( 'NONE',  ( 0.000000000000000000, -0.9854601157443478865, -0.1699069165076472210 ) ) ;
#1413 = CARTESIAN_POINT ( 'NONE',  ( -14352.99006611624282, 1054.999999999997499, -379.9999999999981242 ) ) ;
#1414 = DIRECTION ( 'NONE',  ( 1.000000000000000000, 0.000000000000000000, 0.000000000000000000 ) ) ;
#1415 = PLANE ( 'NONE',  #1058 ) ;
#1416 = CIRCLE ( 'NONE', #455, 460.0000000000001705 ) ;
#1417 = EDGE_CURVE ( 'NONE', #242, #1095, #1464, .T. ) ;
#1418 = VECTOR ( 'NONE', #771, 1000.000000000000000 ) ;
#1419 = CARTESIAN_POINT ( 'NONE',  ( -14588.56810139493791, 0.000000000000000000, -909.9999999999984084 ) ) ;
#1420 = VECTOR ( 'NONE', #574, 1000.000000000000000 ) ;
#1421 = CARTESIAN_POINT ( 'NONE',  ( -1950.000000000000227, 800.0000000000000000, -910.0000000000001137 ) ) ;
#1422 = EDGE_LOOP ( 'NONE', ( #251, #575, #830, #1264, #162, #1475, #980, #758 ) ) ;
#1423 = CARTESIAN_POINT ( 'NONE',  ( -14388.56810139493609, -1077.499998843224375, -769.9999999999960210 ) ) ;
#1424 = PLANE ( 'NONE',  #398 ) ;
#1425 = VERTEX_POINT ( 'NONE', #923 ) ;
#1426 = ADVANCED_FACE ( 'NONE', ( #795 ), #1318, .T. ) ;
#1427 = CARTESIAN_POINT ( 'NONE',  ( -13899.99999999999818, -1054.999999999997499, -459.9999999999980105 ) ) ;
#1428 = DIRECTION ( 'NONE',  ( -0.000000000000000000, -0.000000000000000000, 1.000000000000000000 ) ) ;
#1429 = ORIENTED_EDGE ( 'NONE', *, *, #1555, .T. ) ;
#1430 = CARTESIAN_POINT ( 'NONE',  ( -12100.00000000000182, 679.9999999999978400, -459.9999999999980105 ) ) ;
#1431 = FACE_OUTER_BOUND ( 'NONE', #1382, .T. ) ;
#1432 = CARTESIAN_POINT ( 'NONE',  ( -16150.00000000000182, -800.0000000000000000, -910.0000000000001137 ) ) ;
#1433 = LINE ( 'NONE', #506, #1659 ) ;
#1434 = DIRECTION ( 'NONE',  ( -9.329605248950915154E-17, 1.000000000000000000, -0.000000000000000000 ) ) ;
#1435 = LINE ( 'NONE', #1307, #784 ) ;
#1436 = EDGE_CURVE ( 'NONE', #941, #959, #649, .T. ) ;
#1437 = CYLINDRICAL_SURFACE ( 'NONE', #399, 460.0000000000000568 ) ;
#1438 = ADVANCED_FACE ( 'NONE', ( #1198, #1452, #17, #1055, #400 ), #7, .F. ) ;
#1439 = FACE_OUTER_BOUND ( 'NONE', #1355, .T. ) ;
#1440 = VERTEX_POINT ( 'NONE', #1323 ) ;
#1441 = AXIS2_PLACEMENT_3D ( 'NONE', #508, #1673, #357 ) ;
#1442 = CYLINDRICAL_SURFACE ( 'NONE', #343, 460.0000000000000568 ) ;
#1443 = AXIS2_PLACEMENT_3D ( 'NONE', #985, #291, #955 ) ;
#1444 = ORIENTED_EDGE ( 'NONE', *, *, #1497, .T. ) ;
#1445 = AXIS2_PLACEMENT_3D ( 'NONE', #1567, #1354, #1599 ) ;
#1446 = DIRECTION ( 'NONE',  ( 0.000000000000000000, 0.000000000000000000, 1.000000000000000000 ) ) ;
#1447 = CYLINDRICAL_SURFACE ( 'NONE', #1034, 460.0000000000000568 ) ;
#1448 = EDGE_CURVE ( 'NONE', #1642, #737, #1589, .T. ) ;
#1449 =( NAMED_UNIT ( * ) PLANE_ANGLE_UNIT ( ) SI_UNIT ( $, .RADIAN. ) );
#1450 = ORIENTED_EDGE ( 'NONE', *, *, #1218, .T. ) ;
#1451 = ORIENTED_EDGE ( 'NONE', *, *, #1653, .F. ) ;
#1452 = FACE_BOUND ( 'NONE', #439, .T. ) ;
#1453 = EDGE_LOOP ( 'NONE', ( #182, #1429, #1131, #995 ) ) ;
#1454 = DIRECTION ( 'NONE',  ( -9.329605248950915154E-17, 1.000000000000000000, -0.000000000000000000 ) ) ;
#1455 = DIRECTION ( 'NONE',  ( 0.000000000000000000, 0.000000000000000000, 1.000000000000000000 ) ) ;
#1456 = APPLICATION_PROTOCOL_DEFINITION ( 'draft international standard', 'automotive_design', 1998, #1646 ) ;
#1457 = EDGE_LOOP ( 'NONE', ( #984, #691, #1684 ) ) ;
#1458 = ADVANCED_FACE ( 'NONE', ( #1459 ), #275, .T. ) ;
#1459 = FACE_OUTER_BOUND ( 'NONE', #315, .T. ) ;
#1460 = EDGE_LOOP ( 'NONE', ( #857, #967, #2, #849 ) ) ;
#1461 = CARTESIAN_POINT ( 'NONE',  ( -18500.00000000000000, -1190.000000000002046, -960.0000000000002274 ) ) ;
#1462 = DIRECTION ( 'NONE',  ( 0.000000000000000000, 0.000000000000000000, 1.000000000000000000 ) ) ;
#1463 = ORIENTED_EDGE ( 'NONE', *, *, #1301, .T. ) ;
#1464 = LINE ( 'NONE', #1329, #172 ) ;
#1465 = ADVANCED_FACE ( 'NONE', ( #1071 ), #1595, .F. ) ;
#1466 = ORIENTED_EDGE ( 'NONE', *, *, #605, .F. ) ;
#1467 = VECTOR ( 'NONE', #888, 1000.000000000000000 ) ;
#1468 = AXIS2_PLACEMENT_3D ( 'NONE', #1427, #1012, #906 ) ;
#1469 = LINE ( 'NONE', #818, #794 ) ;
#1470 = STYLED_ITEM ( 'NONE', ( #1204 ), #1077 ) ;
#1471 = FILL_AREA_STYLE ('',( #36 ) ) ;
#1472 = AXIS2_PLACEMENT_3D ( 'NONE', #212, #45, #1516 ) ;
#1473 = VERTEX_POINT ( 'NONE', #1219 ) ;
#1474 = VERTEX_POINT ( 'NONE', #317 ) ;
#1475 = ORIENTED_EDGE ( 'NONE', *, *, #576, .F. ) ;
#1476 = LINE ( 'NONE', #566, #1205 ) ;
#1477 = VERTEX_POINT ( 'NONE', #1346 ) ;
#1478 = EDGE_CURVE ( 'NONE', #1473, #1425, #581, .T. ) ;
#1479 = DIRECTION ( 'NONE',  ( 0.000000000000000000, -1.000000000000000000, 0.000000000000000000 ) ) ;
#1480 = EDGE_CURVE ( 'NONE', #979, #1642, #178, .T. ) ;
#1481 = DIRECTION ( 'NONE',  ( 1.000000000000000000, 0.000000000000000000, 0.000000000000000000 ) ) ;
#1482 = CARTESIAN_POINT ( 'NONE',  ( -11611.43189860506391, -877.4999988432243754, -769.9999999999960210 ) ) ;
#1483 = EDGE_LOOP ( 'NONE', ( #517, #987, #470, #934, #1100, #1703, #453, #138 ) ) ;
#1484 = LINE ( 'NONE', #466, #257 ) ;
#1485 = SURFACE_STYLE_FILL_AREA ( #962 ) ;
#1486 = LINE ( 'NONE', #301, #258 ) ;
#1487 = ADVANCED_FACE ( 'NONE', ( #40 ), #167, .F. ) ;
#1488 = VERTEX_POINT ( 'NONE', #465 ) ;
#1489 = ORIENTED_EDGE ( 'NONE', *, *, #661, .T. ) ;
#1490 = DIRECTION ( 'NONE',  ( 0.000000000000000000, 0.000000000000000000, 1.000000000000000000 ) ) ;
#1491 = FACE_OUTER_BOUND ( 'NONE', #1500, .T. ) ;
#1492 = CARTESIAN_POINT ( 'NONE',  ( 0.000000000000000000, -1189.999999999997272, -960.0000000000002274 ) ) ;
#1493 = AXIS2_PLACEMENT_3D ( 'NONE', #1379, #600, #294 ) ;
#1494 = FACE_OUTER_BOUND ( 'NONE', #705, .T. ) ;
#1495 = LINE ( 'NONE', #1242, #1084 ) ;
#1496 = VECTOR ( 'NONE', #1286, 1000.000000000000114 ) ;
#1497 = EDGE_CURVE ( 'NONE', #1477, #1104, #161, .T. ) ;
#1498 = VECTOR ( 'NONE', #1273, 1000.000000000000000 ) ;
#1499 = PRODUCT_DEFINITION_SHAPE ( 'NONE', 'NONE',  #719 ) ;
#1500 = EDGE_LOOP ( 'NONE', ( #991, #416, #265, #1070 ) ) ;
#1501 =( GEOMETRIC_REPRESENTATION_CONTEXT ( 3 ) GLOBAL_UNCERTAINTY_ASSIGNED_CONTEXT ( ( #122 ) ) GLOBAL_UNIT_ASSIGNED_CONTEXT ( ( #1152, #514, #1166 ) ) REPRESENTATION_CONTEXT ( 'NONE', 'WORKASPACE' ) );
#1502 = CARTESIAN_POINT ( 'NONE',  ( -13447.00993388375355, 1054.999999999997499, -379.9999999999981242 ) ) ;
#1503 = DIRECTION ( 'NONE',  ( 0.000000000000000000, 0.000000000000000000, 1.000000000000000000 ) ) ;
#1504 = ORIENTED_EDGE ( 'NONE', *, *, #661, .F. ) ;
#1505 = DIRECTION ( 'NONE',  ( 0.000000000000000000, 0.000000000000000000, 1.000000000000000000 ) ) ;
#1506 = DIRECTION ( 'NONE',  ( 0.000000000000000000, 0.000000000000000000, -1.000000000000000000 ) ) ;
#1507 = ORIENTED_EDGE ( 'NONE', *, *, #819, .T. ) ;
#1508 = EDGE_CURVE ( 'NONE', #268, #242, #443, .T. ) ;
#1509 = EDGE_LOOP ( 'NONE', ( #347, #726, #899, #46 ) ) ;
#1510 = CARTESIAN_POINT ( 'NONE',  ( -16550.00000000000000, 1189.999999999998408, -960.0000000000002274 ) ) ;
#1511 = ORIENTED_EDGE ( 'NONE', *, *, #1436, .F. ) ;
#1512 = EDGE_CURVE ( 'NONE', #1358, #1330, #1476, .T. ) ;
#1513 = DIRECTION ( 'NONE',  ( 0.000000000000000000, 0.000000000000000000, 1.000000000000000000 ) ) ;
#1514 = DIRECTION ( 'NONE',  ( 0.000000000000000000, -1.000000000000000000, 0.000000000000000000 ) ) ;
#1515 =( LENGTH_UNIT ( ) NAMED_UNIT ( * ) SI_UNIT ( .MILLI., .METRE. ) );
#1516 = DIRECTION ( 'NONE',  ( 0.000000000000000000, -1.000000000000000000, 0.000000000000000000 ) ) ;
#1517 = CARTESIAN_POINT ( 'NONE',  ( 10850.00000000000000, 0.000000000000000000, -1.110223024625156540E-13 ) ) ;
#1518 = ORIENTED_EDGE ( 'NONE', *, *, #594, .T. ) ;
#1519 = VERTEX_POINT ( 'NONE', #965 ) ;
#1520 = CARTESIAN_POINT ( 'NONE',  ( -16550.00000000000000, -800.0000000000000000, -910.0000000000001137 ) ) ;
#1521 = EDGE_CURVE ( 'NONE', #1635, #1645, #690, .T. ) ;
#1522 = PLANE ( 'NONE',  #458 ) ;
#1523 = FACE_OUTER_BOUND ( 'NONE', #1460, .T. ) ;
#1524 = CARTESIAN_POINT ( 'NONE',  ( -14588.56810139493791, 877.4999988432243754, -379.9999999999981242 ) ) ;
#1525 = CARTESIAN_POINT ( 'NONE',  ( -14388.56810139493609, 1077.499998843224375, -379.9999999999981242 ) ) ;
#1526 = AXIS2_PLACEMENT_3D ( 'NONE', #916, #1698, #530 ) ;
#1527 = AXIS2_PLACEMENT_3D ( 'NONE', #201, #694, #52 ) ;
#1528 = ORIENTED_EDGE ( 'NONE', *, *, #1535, .T. ) ;
#1529 = AXIS2_PLACEMENT_3D ( 'NONE', #1078, #75, #866 ) ;
#1530 = DIRECTION ( 'NONE',  ( -0.000000000000000000, 1.000000000000000000, -5.261720495853834886E-17 ) ) ;
#1531 = ORIENTED_EDGE ( 'NONE', *, *, #937, .T. ) ;
#1532 = AXIS2_PLACEMENT_3D ( 'NONE', #740, #624, #1271 ) ;
#1533 = CARTESIAN_POINT ( 'NONE',  ( -13899.99999999999818, 814.9999999999974989, -459.9999999999980105 ) ) ;
#1534 = CARTESIAN_POINT ( 'NONE',  ( -11611.43189860506391, -1077.499998843224375, -379.9999999999981242 ) ) ;
#1535 = EDGE_CURVE ( 'NONE', #931, #1030, #815, .T. ) ;
#1536 = DIRECTION ( 'NONE',  ( 0.000000000000000000, 0.000000000000000000, 1.000000000000000000 ) ) ;
#1537 = PLANE ( 'NONE',  #1064 ) ;
#1538 = EDGE_LOOP ( 'NONE', ( #9, #1303, #451, #1531, #1041, #796, #663, #471 ) ) ;
#1539 =( LENGTH_UNIT ( ) NAMED_UNIT ( * ) SI_UNIT ( .MILLI., .METRE. ) );
#1540 = CARTESIAN_POINT ( 'NONE',  ( -16550.00000000000000, -1189.999999999998408, -960.0000000000002274 ) ) ;
#1541 = CARTESIAN_POINT ( 'NONE',  ( -18500.00000000000000, 1189.999999999997499, -1160.000000000000227 ) ) ;
#1542 = DIRECTION ( 'NONE',  ( 0.000000000000000000, 0.000000000000000000, 1.000000000000000000 ) ) ;
#1543 = VERTEX_POINT ( 'NONE', #1238 ) ;
#1544 = EDGE_CURVE ( 'NONE', #501, #318, #1245, .T. ) ;
#1545 = ORIENTED_EDGE ( 'NONE', *, *, #884, .T. ) ;
#1546 = FACE_OUTER_BOUND ( 'NONE', #1538, .T. ) ;
#1547 = DIRECTION ( 'NONE',  ( 0.000000000000000000, -1.000000000000000000, -5.261720495853834886E-17 ) ) ;
#1548 = ORIENTED_EDGE ( 'NONE', *, *, #1280, .T. ) ;
#1549 = DIRECTION ( 'NONE',  ( 0.000000000000000000, -1.000000000000000000, 0.000000000000000000 ) ) ;
#1550 = CARTESIAN_POINT ( 'NONE',  ( -18500.00000000000000, 1189.999999999997499, -960.0000000000002274 ) ) ;
#1551 = ORIENTED_EDGE ( 'NONE', *, *, #1386, .T. ) ;
#1552 = CARTESIAN_POINT ( 'NONE',  ( -16550.00000000000000, -800.0000000000000000, -910.0000000000001137 ) ) ;
#1553 = ORIENTED_EDGE ( 'NONE', *, *, #166, .T. ) ;
#1554 = LINE ( 'NONE', #637, #727 ) ;
#1555 = EDGE_CURVE ( 'NONE', #959, #42, #34, .T. ) ;
#1556 = AXIS2_PLACEMENT_3D ( 'NONE', #1672, #1021, #996 ) ;
#1557 = AXIS2_PLACEMENT_3D ( 'NONE', #1520, #1190, #659 ) ;
#1558 = EDGE_CURVE ( 'NONE', #66, #1315, #544, .T. ) ;
#1559 = UNCERTAINTY_MEASURE_WITH_UNIT (LENGTH_MEASURE( 1.000000000000000082E-05 ), #421, 'distance_accuracy_value', 'NONE');
#1560 = CARTESIAN_POINT ( 'NONE',  ( -14352.99006611624282, 679.9999999999977263, -379.9999999999981242 ) ) ;
#1561 = FACE_OUTER_BOUND ( 'NONE', #1483, .T. ) ;
#1562 = ORIENTED_EDGE ( 'NONE', *, *, #825, .F. ) ;
#1563 = DIRECTION ( 'NONE',  ( -1.000000000000000000, -1.200241107702872002E-17, -0.000000000000000000 ) ) ;
#1564 = FACE_OUTER_BOUND ( 'NONE', #839, .T. ) ;
#1565 = DIRECTION ( 'NONE',  ( -0.000000000000000000, 1.000000000000000000, -0.000000000000000000 ) ) ;
#1566 = EDGE_CURVE ( 'NONE', #1254, #476, #699, .T. ) ;
#1567 = CARTESIAN_POINT ( 'NONE',  ( -18500.00000000000000, 1189.999999999997499, -960.0000000000002274 ) ) ;
#1568 = ADVANCED_FACE ( 'NONE', ( #1339 ), #426, .T. ) ;
#1569 = CARTESIAN_POINT ( 'NONE',  ( -14352.99006611624282, 814.9999999999974989, -379.9999999999981242 ) ) ;
#1570 = ORIENTED_EDGE ( 'NONE', *, *, #406, .T. ) ;
#1571 = PLANE ( 'NONE',  #485 ) ;
#1572 = DIRECTION ( 'NONE',  ( 0.000000000000000000, -1.000000000000000000, -0.000000000000000000 ) ) ;
#1573 = DIRECTION ( 'NONE',  ( 0.000000000000000000, 0.1699069165076472210, 0.9854601157443478865 ) ) ;
#1574 = CARTESIAN_POINT ( 'NONE',  ( -14352.99006611624282, -679.9999999999977263, -379.9999999999981242 ) ) ;
#1575 = DIRECTION ( 'NONE',  ( -0.000000000000000000, -0.000000000000000000, -1.000000000000000000 ) ) ;
#1576 = ORIENTED_EDGE ( 'NONE', *, *, #204, .F. ) ;
#1577 = EDGE_CURVE ( 'NONE', #63, #894, #1626, .T. ) ;
#1578 = CARTESIAN_POINT ( 'NONE',  ( -13000.00000000000000, 204.0192378076466753, -769.9999999999960210 ) ) ;
#1579 =( NAMED_UNIT ( * ) SI_UNIT ( $, .STERADIAN. ) SOLID_ANGLE_UNIT ( ) );
#1580 = VECTOR ( 'NONE', #599, 1000.000000000000000 ) ;
#1581 = CARTESIAN_POINT ( 'NONE',  ( -16550.00000000000000, 200.0000000000000000, -825.0000000000001137 ) ) ;
#1582 = VERTEX_POINT ( 'NONE', #683 ) ;
#1583 = VECTOR ( 'NONE', #983, 1000.000000000000000 ) ;
#1584 = DIRECTION ( 'NONE',  ( 0.000000000000000000, -1.000000000000000000, 0.000000000000000000 ) ) ;
#1585 = LINE ( 'NONE', #285, #1666 ) ;
#1586 = SHAPE_DEFINITION_REPRESENTATION ( #1499, #1203 ) ;
#1587 = VERTEX_POINT ( 'NONE', #973 ) ;
#1588 = ORIENTED_EDGE ( 'NONE', *, *, #1060, .T. ) ;
#1589 = LINE ( 'NONE', #409, #1114 ) ;
#1590 = ORIENTED_EDGE ( 'NONE', *, *, #680, .F. ) ;
#1591 = DIRECTION ( 'NONE',  ( 1.000000000000000000, 2.520506326176030958E-16, 0.000000000000000000 ) ) ;
#1592 = LINE ( 'NONE', #286, #1663 ) ;
#1593 = EDGE_CURVE ( 'NONE', #325, #1358, #1214, .T. ) ;
#1594 = VERTEX_POINT ( 'NONE', #23 ) ;
#1595 = PLANE ( 'NONE',  #1445 ) ;
#1596 = ORIENTED_EDGE ( 'NONE', *, *, #1069, .T. ) ;
#1597 = CARTESIAN_POINT ( 'NONE',  ( -12100.00000000000182, -1054.999999999997499, -459.9999999999980105 ) ) ;
#1598 = EDGE_CURVE ( 'NONE', #1365, #1030, #567, .T. ) ;
#1599 = DIRECTION ( 'NONE',  ( 1.000000000000000000, 1.200241107702872002E-17, 0.000000000000000000 ) ) ;
#1600 = ORIENTED_EDGE ( 'NONE', *, *, #1696, .T. ) ;
#1601 = EDGE_CURVE ( 'NONE', #318, #979, #912, .T. ) ;
#1602 = VECTOR ( 'NONE', #890, 1000.000000000000000 ) ;
#1603 = VECTOR ( 'NONE', #1380, 1000.000000000000114 ) ;
#1604 = CARTESIAN_POINT ( 'NONE',  ( -12100.00000000000182, 814.9999999999974989, -459.9999999999980105 ) ) ;
#1605 = COLOUR_RGB ( '',0.7921568627450980005, 0.8196078431372548767, 0.9333333333333333481 ) ;
#1606 = CARTESIAN_POINT ( 'NONE',  ( -16150.00000000000182, 200.0000000000000000, -825.0000000000001137 ) ) ;
#1607 = VECTOR ( 'NONE', #1088, 1000.000000000000114 ) ;
#1608 = VECTOR ( 'NONE', #1591, 1000.000000000000000 ) ;
#1609 = CIRCLE ( 'NONE', #1658, 199.9999999999999432 ) ;
#1610 = ORIENTED_EDGE ( 'NONE', *, *, #1508, .T. ) ;
#1611 = ADVANCED_FACE ( 'NONE', ( #1564 ), #648, .T. ) ;
#1612 = FACE_OUTER_BOUND ( 'NONE', #607, .T. ) ;
#1613 = ORIENTED_EDGE ( 'NONE', *, *, #199, .F. ) ;
#1614 = LINE ( 'NONE', #189, #431 ) ;
#1615 = CARTESIAN_POINT ( 'NONE',  ( -11611.43189860506391, 1077.499998843224375, -379.9999999999981242 ) ) ;
#1616 = ORIENTED_EDGE ( 'NONE', *, *, #417, .F. ) ;
#1617 = CARTESIAN_POINT ( 'NONE',  ( -1950.000000000000227, 800.0000000000000000, -910.0000000000001137 ) ) ;
#1618 = ORIENTED_EDGE ( 'NONE', *, *, #527, .T. ) ;
#1619 = CARTESIAN_POINT ( 'NONE',  ( -11411.43189860506209, -877.4999988432243754, -379.9999999999981242 ) ) ;
#1620 = DIRECTION ( 'NONE',  ( 0.000000000000000000, -1.000000000000000000, 5.261720495853834886E-17 ) ) ;
#1621 = ADVANCED_FACE ( 'NONE', ( #1052, #1256 ), #1424, .F. ) ;
#1622 = LINE ( 'NONE', #571, #787 ) ;
#1623 = DIRECTION ( 'NONE',  ( 0.000000000000000000, 0.000000000000000000, 1.000000000000000000 ) ) ;
#1624 = ORIENTED_EDGE ( 'NONE', *, *, #481, .T. ) ;
#1625 = ORIENTED_EDGE ( 'NONE', *, *, #1233, .F. ) ;
#1626 = LINE ( 'NONE', #711, #1687 ) ;
#1627 = DIRECTION ( 'NONE',  ( 0.000000000000000000, 1.000000000000000000, -5.261720495853834886E-17 ) ) ;
#1628 = VERTEX_POINT ( 'NONE', #1676 ) ;
#1629 = DIRECTION ( 'NONE',  ( -0.000000000000000000, -5.261720495853834886E-17, 1.000000000000000000 ) ) ;
#1630 = DIRECTION ( 'NONE',  ( -0.000000000000000000, -0.9901138386947148096, -0.1402661271484180183 ) ) ;
#1631 = VECTOR ( 'NONE', #587, 1000.000000000000000 ) ;
#1632 = AXIS2_PLACEMENT_3D ( 'NONE', #1066, #801, #933 ) ;
#1633 = VECTOR ( 'NONE', #798, 1000.000000000000000 ) ;
#1634 = EDGE_LOOP ( 'NONE', ( #1113, #625, #603, #1352 ) ) ;
#1635 = VERTEX_POINT ( 'NONE', #238 ) ;
#1636 = DIRECTION ( 'NONE',  ( 0.000000000000000000, 0.9854601157443478865, 0.1699069165076472210 ) ) ;
#1637 = CARTESIAN_POINT ( 'NONE',  ( -13000.00000000000000, 0.000000000000000000, -725.0000000000050022 ) ) ;
#1638 = LINE ( 'NONE', #707, #644 ) ;
#1639 = VERTEX_POINT ( 'NONE', #1432 ) ;
#1640 = PRODUCT_DEFINITION_SHAPE ( 'NONE', 'NONE',  #1706 ) ;
#1641 = ORIENTED_EDGE ( 'NONE', *, *, #529, .T. ) ;
#1642 = VERTEX_POINT ( 'NONE', #1683 ) ;
#1643 = EDGE_CURVE ( 'NONE', #1642, #235, #596, .T. ) ;
#1644 = CARTESIAN_POINT ( 'NONE',  ( -1950.000000000000227, -200.0000000000000000, -825.0000000000001137 ) ) ;
#1645 = VERTEX_POINT ( 'NONE', #1552 ) ;
#1646 = APPLICATION_CONTEXT ( 'automotive_design' ) ;
#1647 = FACE_OUTER_BOUND ( 'NONE', #1453, .T. ) ;
#1648 = DIRECTION ( 'NONE',  ( 1.000000000000000000, 0.000000000000000000, -0.000000000000000000 ) ) ;
#1649 =( NAMED_UNIT ( * ) PLANE_ANGLE_UNIT ( ) SI_UNIT ( $, .RADIAN. ) );
#1650 = CARTESIAN_POINT ( 'NONE',  ( -1950.000000000000227, -200.0000000000000000, -825.0000000000001137 ) ) ;
#1651 = CARTESIAN_POINT ( 'NONE',  ( 0.000000000000000000, 0.000000000000000000, 0.000000000000000000 ) ) ;
#1652 = EDGE_LOOP ( 'NONE', ( #54, #467, #695, #826, #444, #880, #792, #1103 ) ) ;
#1653 = EDGE_CURVE ( 'NONE', #931, #1365, #261, .T. ) ;
#1654 = CARTESIAN_POINT ( 'NONE',  ( -14352.99006611624282, -814.9999999999974989, -379.9999999999981242 ) ) ;
#1655 = EDGE_CURVE ( 'NONE', #1319, #883, #1302, .T. ) ;
#1656 = DIRECTION ( 'NONE',  ( 0.000000000000000000, -1.000000000000000000, -5.261720495853834886E-17 ) ) ;
#1657 = DIRECTION ( 'NONE',  ( 0.000000000000000000, -1.000000000000000000, 0.000000000000000000 ) ) ;
#1658 = AXIS2_PLACEMENT_3D ( 'NONE', #1240, #1091, #1514 ) ;
#1659 = VECTOR ( 'NONE', #895, 1000.000000000000000 ) ;
#1660 = DIRECTION ( 'NONE',  ( 1.000000000000000000, 0.000000000000000000, 0.000000000000000000 ) ) ;
#1661 = AXIS2_PLACEMENT_3D ( 'NONE', #1637, #1505, #1101 ) ;
#1662 = VERTEX_POINT ( 'NONE', #335 ) ;
#1663 = VECTOR ( 'NONE', #1217, 1000.000000000000000 ) ;
#1664 = AXIS2_PLACEMENT_3D ( 'NONE', #578, #1506, #324 ) ;
#1665 = ORIENTED_EDGE ( 'NONE', *, *, #1601, .F. ) ;
#1666 = VECTOR ( 'NONE', #278, 1000.000000000000000 ) ;
#1667 = LINE ( 'NONE', #1541, #1418 ) ;
#1668 = PLANE ( 'NONE',  #422 ) ;
#1669 = ADVANCED_FACE ( 'NONE', ( #921 ), #636, .T. ) ;
#1670 = CARTESIAN_POINT ( 'NONE',  ( -2350.000000000000000, 899.9999999999998863, -910.0000000000001137 ) ) ;
#1671 = CARTESIAN_POINT ( 'NONE',  ( -12552.99006611624645, 1054.999999999997499, -379.9999999999981242 ) ) ;
#1672 = CARTESIAN_POINT ( 'NONE',  ( -14388.56810139493609, 877.4999988432243754, -769.9999999999960210 ) ) ;
#1673 = DIRECTION ( 'NONE',  ( 0.000000000000000000, 1.000000000000000000, 0.000000000000000000 ) ) ;
#1674 = ORIENTED_EDGE ( 'NONE', *, *, #788, .F. ) ;
#1675 = EDGE_CURVE ( 'NONE', #1157, #894, #606, .T. ) ;
#1676 = CARTESIAN_POINT ( 'NONE',  ( -18500.00000000000000, -1190.000000000002046, -960.0000000000002274 ) ) ;
#1677 = ORIENTED_EDGE ( 'NONE', *, *, #1143, .T. ) ;
#1678 = EDGE_LOOP ( 'NONE', ( #380, #1345, #846, #770 ) ) ;
#1679 = FACE_OUTER_BOUND ( 'NONE', #1265, .T. ) ;
#1680 = LINE ( 'NONE', #222, #125 ) ;
#1681 = VERTEX_POINT ( 'NONE', #379 ) ;
#1682 = ADVANCED_FACE ( 'NONE', ( #1439 ), #1180, .T. ) ;
#1683 = CARTESIAN_POINT ( 'NONE',  ( -1950.000000000000227, 200.0000000000000000, -825.0000000000001137 ) ) ;
#1684 = ORIENTED_EDGE ( 'NONE', *, *, #712, .F. ) ;
#1685 = EDGE_CURVE ( 'NONE', #184, #941, #789, .T. ) ;
#1686 = VECTOR ( 'NONE', #944, 1000.000000000000000 ) ;
#1687 = VECTOR ( 'NONE', #452, 1000.000000000000114 ) ;
#1688 = PRODUCT_DEFINITION_CONTEXT ( 'detailed design', #19, 'design' ) ;
#1689 = CARTESIAN_POINT ( 'NONE',  ( -11611.43189860506391, -1077.499998843224375, -379.9999999999981242 ) ) ;
#1690 = VECTOR ( 'NONE', #271, 1000.000000000000000 ) ;
#1691 = LINE ( 'NONE', #898, #1602 ) ;
#1692 = ORIENTED_EDGE ( 'NONE', *, *, #1045, .T. ) ;
#1693 = DIRECTION ( 'NONE',  ( -1.000000000000000000, -0.000000000000000000, -0.000000000000000000 ) ) ;
#1694 = DIRECTION ( 'NONE',  ( 0.000000000000000000, 0.000000000000000000, 1.000000000000000000 ) ) ;
#1695 = PLANE ( 'NONE',  #812 ) ;
#1696 = EDGE_CURVE ( 'NONE', #1582, #1338, #1592, .T. ) ;
#1697 = CARTESIAN_POINT ( 'NONE',  ( -13899.99999999999818, 814.9999999999974989, 2.164934898019055254E-12 ) ) ;
#1698 = DIRECTION ( 'NONE',  ( 0.000000000000000000, 0.000000000000000000, -1.000000000000000000 ) ) ;
#1699 = ORIENTED_EDGE ( 'NONE', *, *, #1076, .F. ) ;
#1700 = DIRECTION ( 'NONE',  ( 0.000000000000000000, 1.000000000000000000, 5.261720495853834886E-17 ) ) ;
#1701 = LINE ( 'NONE', #940, #430 ) ;
#1702 = PRODUCT_CONTEXT ( 'NONE', #106, 'mechanical' ) ;
#1703 = ORIENTED_EDGE ( 'NONE', *, *, #214, .T. ) ;
#1704 = NEXT_ASSEMBLY_USAGE_OCCURRENCE ( 'NAUO1', ' ', ' ', #719, #848, $ ) ;
#1705 = NEXT_ASSEMBLY_USAGE_OCCURRENCE ( 'NAUO2', ' ', ' ', #719, #300, $ ) ;
#1706 = NEXT_ASSEMBLY_USAGE_OCCURRENCE ( 'NAUO3', ' ', ' ', #719, #300, $ ) ;
ENDSEC;
END-ISO-10303-21;
