ISO-10303-21;
HEADER;
FILE_DESCRIPTION (( 'STEP AP214' ),
    '1' );
FILE_NAME ('FlatWagon_40ft_LessDetailed.STEP',
    '2026-02-24T10:46:57',
    ( '' ),
    ( '' ),
    'SwSTEP 2.0',
    'SolidWorks 2022',
    '' );
FILE_SCHEMA (( 'AUTOMOTIVE_DESIGN' ));
ENDSEC;

DATA;
#1 = LINE ( 'NONE', #129, #403 ) ;
#2 = DIRECTION ( 'NONE',  ( -1.000000000000000000, 0.000000000000000000, 0.000000000000000000 ) ) ;
#3 = ORIENTED_EDGE ( 'NONE', *, *, #384, .T. ) ;
#4 = VECTOR ( 'NONE', #1640, 1000.000000000000000 ) ;
#5 = VERTEX_POINT ( 'NONE', #440 ) ;
#6 = PLANE ( 'NONE',  #74 ) ;
#7 = ORIENTED_EDGE ( 'NONE', *, *, #1100, .T. ) ;
#8 = SURFACE_STYLE_FILL_AREA ( #667 ) ;
#9 = FACE_OUTER_BOUND ( 'NONE', #337, .T. ) ;
#10 = CARTESIAN_POINT ( 'NONE',  ( -14175.00000000000000, -1190.000000000001137, -1160.000000000000227 ) ) ;
#11 = PLANE ( 'NONE',  #1295 ) ;
#12 = EDGE_CURVE ( 'NONE', #1160, #1138, #833, .T. ) ;
#13 = ORIENTED_EDGE ( 'NONE', *, *, #363, .T. ) ;
#14 = ORIENTED_EDGE ( 'NONE', *, *, #485, .F. ) ;
#15 = CARTESIAN_POINT ( 'NONE',  ( -12100.00000000000182, 1054.999999999997499, -459.9999999999980105 ) ) ;
#16 = ORIENTED_EDGE ( 'NONE', *, *, #507, .F. ) ;
#17 = VECTOR ( 'NONE', #1639, 1000.000000000000000 ) ;
#18 = DIRECTION ( 'NONE',  ( 0.000000000000000000, -0.4999999999996850852, 0.8660254037846203401 ) ) ;
#19 = DIRECTION ( 'NONE',  ( 0.000000000000000000, 0.000000000000000000, 1.000000000000000000 ) ) ;
#20 = ORIENTED_EDGE ( 'NONE', *, *, #1305, .T. ) ;
#21 = ORIENTED_EDGE ( 'NONE', *, *, #1022, .F. ) ;
#22 = EDGE_CURVE ( 'NONE', #1585, #676, #1416, .T. ) ;
#23 = ORIENTED_EDGE ( 'NONE', *, *, #938, .T. ) ;
#24 = CARTESIAN_POINT ( 'NONE',  ( -11611.43189860506391, -1077.499998843224375, -379.9999999999981242 ) ) ;
#25 = CIRCLE ( 'NONE', #211, 460.0000000000001705 ) ;
#26 = FACE_OUTER_BOUND ( 'NONE', #810, .T. ) ;
#27 = FACE_OUTER_BOUND ( 'NONE', #1448, .T. ) ;
#28 = ORIENTED_EDGE ( 'NONE', *, *, #89, .T. ) ;
#29 = PRODUCT_DEFINITION_SHAPE ( 'NONE', 'NONE',  #1705 ) ;
#30 = VECTOR ( 'NONE', #706, 1000.000000000000000 ) ;
#31 = ORIENTED_EDGE ( 'NONE', *, *, #233, .T. ) ;
#32 = EDGE_LOOP ( 'NONE', ( #412, #244, #175, #1215 ) ) ;
#33 = CARTESIAN_POINT ( 'NONE',  ( -13000.00000000000000, 0.000000000000000000, -769.9999999999960210 ) ) ;
#34 = DIRECTION ( 'NONE',  ( -0.000000000000000000, -0.000000000000000000, -1.000000000000000000 ) ) ;
#35 = CARTESIAN_POINT ( 'NONE',  ( -12225.00000000000182, 899.9999999999998863, -910.0000000000001137 ) ) ;
#36 = VECTOR ( 'NONE', #943, 1000.000000000000000 ) ;
#37 = ORIENTED_EDGE ( 'NONE', *, *, #826, .F. ) ;
#38 = ORIENTED_EDGE ( 'NONE', *, *, #1469, .F. ) ;
#39 = APPLICATION_PROTOCOL_DEFINITION ( 'draft international standard', 'automotive_design', 1998, #96 ) ;
#40 = CARTESIAN_POINT ( 'NONE',  ( -14588.56810139493791, 814.9999999999974989, -379.9999999999981242 ) ) ;
#41 = ADVANCED_FACE ( 'NONE', ( #1649 ), #1407, .F. ) ;
#42 = AXIS2_PLACEMENT_3D ( 'NONE', #316, #967, #54 ) ;
#43 = CARTESIAN_POINT ( 'NONE',  ( -12225.00000000000182, 899.9999999999998863, -910.0000000000001137 ) ) ;
#44 = CYLINDRICAL_SURFACE ( 'NONE', #1075, 460.0000000000000568 ) ;
#45 = PLANE ( 'NONE',  #457 ) ;
#46 = ORIENTED_EDGE ( 'NONE', *, *, #773, .F. ) ;
#47 = ORIENTED_EDGE ( 'NONE', *, *, #290, .F. ) ;
#48 = DIRECTION ( 'NONE',  ( 1.000000000000000000, 0.000000000000000000, 0.000000000000000000 ) ) ;
#49 = DIRECTION ( 'NONE',  ( 0.000000000000000000, -0.9901138386947148096, -0.1402661271484179906 ) ) ;
#50 = DIRECTION ( 'NONE',  ( 0.000000000000000000, -1.000000000000000000, 5.261720495853834886E-17 ) ) ;
#51 = CARTESIAN_POINT ( 'NONE',  ( -14175.00000000000000, -1190.000000000001137, -960.0000000000002274 ) ) ;
#52 = EDGE_CURVE ( 'NONE', #1650, #1302, #495, .T. ) ;
#53 = SHAPE_DEFINITION_REPRESENTATION ( #282, #1652 ) ;
#54 = DIRECTION ( 'NONE',  ( -0.000000000000000000, -5.261720495853834886E-17, 1.000000000000000000 ) ) ;
#55 = VECTOR ( 'NONE', #1111, 1000.000000000000000 ) ;
#56 = CARTESIAN_POINT ( 'NONE',  ( -11647.00993388375718, 1054.999999999997499, -379.9999999999981242 ) ) ;
#57 = DIRECTION ( 'NONE',  ( 0.000000000000000000, -1.000000000000000000, 5.261720495853834886E-17 ) ) ;
#58 = EDGE_CURVE ( 'NONE', #776, #1669, #1281, .T. ) ;
#59 = ORIENTED_EDGE ( 'NONE', *, *, #363, .F. ) ;
#60 = EDGE_CURVE ( 'NONE', #689, #1653, #1675, .T. ) ;
#61 = AXIS2_PLACEMENT_3D ( 'NONE', #1273, #616, #121 ) ;
#62 = CARTESIAN_POINT ( 'NONE',  ( -11825.00000000000182, 1189.999999999998408, -960.0000000000002274 ) ) ;
#63 = DIRECTION ( 'NONE',  ( 1.000000000000000000, -0.000000000000000000, -0.000000000000000000 ) ) ;
#64 = DIRECTION ( 'NONE',  ( 0.000000000000000000, 1.000000000000000000, 0.000000000000000000 ) ) ;
#65 = LINE ( 'NONE', #336, #1151 ) ;
#66 = ORIENTED_EDGE ( 'NONE', *, *, #931, .F. ) ;
#67 = DIRECTION ( 'NONE',  ( 0.000000000000000000, -0.9901138386947148096, -0.1402661271484180183 ) ) ;
#68 = UNCERTAINTY_MEASURE_WITH_UNIT (LENGTH_MEASURE( 1.000000000000000082E-05 ), #1077, 'distance_accuracy_value', 'NONE');
#69 = DIRECTION ( 'NONE',  ( 0.000000000000000000, 0.000000000000000000, 1.000000000000000000 ) ) ;
#70 = CARTESIAN_POINT ( 'NONE',  ( -1950.000000000000227, -800.0000000000000000, -910.0000000000001137 ) ) ;
#71 = CARTESIAN_POINT ( 'NONE',  ( -12552.99006611624645, -679.9999999999978400, -379.9999999999981242 ) ) ;
#72 = VERTEX_POINT ( 'NONE', #1254 ) ;
#73 = VECTOR ( 'NONE', #1087, 1000.000000000000000 ) ;
#74 = AXIS2_PLACEMENT_3D ( 'NONE', #569, #307, #516 ) ;
#75 = VERTEX_POINT ( 'NONE', #71 ) ;
#76 = LINE ( 'NONE', #1533, #1478 ) ;
#77 =( GEOMETRIC_REPRESENTATION_CONTEXT ( 3 ) GLOBAL_UNCERTAINTY_ASSIGNED_CONTEXT ( ( #68 ) ) GLOBAL_UNIT_ASSIGNED_CONTEXT ( ( #1077, #1465, #424 ) ) REPRESENTATION_CONTEXT ( 'NONE', 'WORKASPACE' ) );
#78 = EDGE_CURVE ( 'NONE', #72, #1160, #1246, .T. ) ;
#79 = CARTESIAN_POINT ( 'NONE',  ( -11825.00000000000182, 1189.999999999997499, -960.0000000000002274 ) ) ;
#80 = EDGE_CURVE ( 'NONE', #1138, #995, #1642, .T. ) ;
#81 = VECTOR ( 'NONE', #1118, 1000.000000000000000 ) ;
#82 = LINE ( 'NONE', #56, #661 ) ;
#83 = DIRECTION ( 'NONE',  ( 0.000000000000000000, -1.000000000000000000, -5.261720495853834886E-17 ) ) ;
#84 = CARTESIAN_POINT ( 'NONE',  ( -1950.000000000000227, -200.0000000000000000, -825.0000000000001137 ) ) ;
#85 = VERTEX_POINT ( 'NONE', #1658 ) ;
#86 = ORIENTED_EDGE ( 'NONE', *, *, #1125, .F. ) ;
#87 = CARTESIAN_POINT ( 'NONE',  ( -12552.99006611624645, 1054.999999999997499, -379.9999999999981242 ) ) ;
#88 = LINE ( 'NONE', #975, #1222 ) ;
#89 = EDGE_CURVE ( 'NONE', #131, #284, #491, .T. ) ;
#90 = LINE ( 'NONE', #873, #962 ) ;
#91 = LINE ( 'NONE', #1425, #544 ) ;
#92 = LINE ( 'NONE', #201, #1239 ) ;
#93 = ORIENTED_EDGE ( 'NONE', *, *, #585, .F. ) ;
#94 = VECTOR ( 'NONE', #464, 1000.000000000000000 ) ;
#95 = ORIENTED_EDGE ( 'NONE', *, *, #846, .F. ) ;
#96 = APPLICATION_CONTEXT ( 'automotive_design' ) ;
#97 = DIRECTION ( 'NONE',  ( 0.000000000000000000, -0.9901138386947148096, 0.1402661271484180183 ) ) ;
#98 = VERTEX_POINT ( 'NONE', #326 ) ;
#99 = LINE ( 'NONE', #1699, #954 ) ;
#100 = EDGE_CURVE ( 'NONE', #1302, #300, #1014, .T. ) ;
#101 = DIRECTION ( 'NONE',  ( 1.000000000000000000, 0.000000000000000000, -0.000000000000000000 ) ) ;
#102 = DIRECTION ( 'NONE',  ( -0.000000000000000000, -0.9854601157443478865, -0.1699069165076472210 ) ) ;
#103 = VERTEX_POINT ( 'NONE', #1274 ) ;
#104 = EDGE_CURVE ( 'NONE', #904, #229, #1512, .T. ) ;
#105 = EDGE_LOOP ( 'NONE', ( #95, #792, #1445, #245 ) ) ;
#106 = VECTOR ( 'NONE', #607, 1000.000000000000000 ) ;
#107 = CYLINDRICAL_SURFACE ( 'NONE', #475, 199.9999999999999432 ) ;
#108 = DIRECTION ( 'NONE',  ( 0.000000000000000000, 0.000000000000000000, 1.000000000000000000 ) ) ;
#109 = CARTESIAN_POINT ( 'NONE',  ( -12100.00000000000182, 679.9999999999978400, -459.9999999999980105 ) ) ;
#110 = DIRECTION ( 'NONE',  ( 0.000000000000000000, -1.000000000000000000, -0.000000000000000000 ) ) ;
#111 = ORIENTED_EDGE ( 'NONE', *, *, #1257, .F. ) ;
#112 = EDGE_CURVE ( 'NONE', #910, #103, #92, .T. ) ;
#113 = ORIENTED_EDGE ( 'NONE', *, *, #532, .T. ) ;
#114 = AXIS2_PLACEMENT_3D ( 'NONE', #1668, #876, #917 ) ;
#115 = EDGE_CURVE ( 'NONE', #877, #1062, #857, .T. ) ;
#116 = CARTESIAN_POINT ( 'NONE',  ( -14588.56810139493791, 1077.499998843224375, -769.9999999999960210 ) ) ;
#117 = ORIENTED_EDGE ( 'NONE', *, *, #521, .F. ) ;
#118 = VECTOR ( 'NONE', #1035, 1000.000000000000000 ) ;
#119 = CIRCLE ( 'NONE', #61, 199.9999999999999432 ) ;
#120 = CARTESIAN_POINT ( 'NONE',  ( -11825.00000000000182, 0.000000000000000000, 0.000000000000000000 ) ) ;
#121 = DIRECTION ( 'NONE',  ( 0.000000000000000000, 1.000000000000000000, 0.000000000000000000 ) ) ;
#122 = DIRECTION ( 'NONE',  ( 0.000000000000000000, 0.000000000000000000, 1.000000000000000000 ) ) ;
#123 = VERTEX_POINT ( 'NONE', #984 ) ;
#124 = ORIENTED_EDGE ( 'NONE', *, *, #1328, .T. ) ;
#125 = VECTOR ( 'NONE', #1525, 1000.000000000000000 ) ;
#126 = DIRECTION ( 'NONE',  ( 0.000000000000000000, 0.000000000000000000, -1.000000000000000000 ) ) ;
#127 = CARTESIAN_POINT ( 'NONE',  ( -11411.43189860506209, -877.4999988432243754, -909.9999999999984084 ) ) ;
#128 = LINE ( 'NONE', #1703, #1092 ) ;
#129 = CARTESIAN_POINT ( 'NONE',  ( -13899.99999999999818, 1054.999999999997499, 2.053912595556539600E-12 ) ) ;
#130 = CARTESIAN_POINT ( 'NONE',  ( 0.000000000000000000, 0.000000000000000000, -960.0000000000002274 ) ) ;
#131 = VERTEX_POINT ( 'NONE', #194 ) ;
#132 = ORIENTED_EDGE ( 'NONE', *, *, #881, .F. ) ;
#133 = DIRECTION ( 'NONE',  ( -2.662968806861045522E-16, 1.000000000000000000, 0.000000000000000000 ) ) ;
#134 = VECTOR ( 'NONE', #1349, 1000.000000000000000 ) ;
#135 = DIRECTION ( 'NONE',  ( 0.000000000000000000, 0.000000000000000000, 1.000000000000000000 ) ) ;
#136 = EDGE_CURVE ( 'NONE', #676, #1138, #65, .T. ) ;
#137 = DIRECTION ( 'NONE',  ( -0.000000000000000000, 1.000000000000000000, -5.261720495853834886E-17 ) ) ;
#138 = ADVANCED_FACE ( 'NONE', ( #727 ), #590, .F. ) ;
#139 =( LENGTH_UNIT ( ) NAMED_UNIT ( * ) SI_UNIT ( .MILLI., .METRE. ) );
#140 = AXIS2_PLACEMENT_3D ( 'NONE', #703, #180, #1227 ) ;
#141 = CARTESIAN_POINT ( 'NONE',  ( -14588.56810139493791, 679.9999999999979536, -379.9999999999981242 ) ) ;
#142 = ORIENTED_EDGE ( 'NONE', *, *, #1541, .T. ) ;
#143 = VECTOR ( 'NONE', #192, 1000.000000000000000 ) ;
#144 = ORIENTED_EDGE ( 'NONE', *, *, #719, .T. ) ;
#145 = CARTESIAN_POINT ( 'NONE',  ( -1950.000000000000227, 0.000000000000000000, 0.000000000000000000 ) ) ;
#146 = VERTEX_POINT ( 'NONE', #344 ) ;
#147 = FILL_AREA_STYLE_COLOUR ( '', #378 ) ;
#148 = DIRECTION ( 'NONE',  ( -0.000000000000000000, -0.000000000000000000, -1.000000000000000000 ) ) ;
#149 = FACE_OUTER_BOUND ( 'NONE', #1622, .T. ) ;
#150 = ADVANCED_FACE ( 'NONE', ( #209 ), #1266, .F. ) ;
#151 = CARTESIAN_POINT ( 'NONE',  ( -11611.43189860506391, 1077.499998843224375, -379.9999999999981242 ) ) ;
#152 = ORIENTED_EDGE ( 'NONE', *, *, #1572, .T. ) ;
#153 = ORIENTED_EDGE ( 'NONE', *, *, #1080, .F. ) ;
#154 = EDGE_LOOP ( 'NONE', ( #626, #674, #1177, #1462 ) ) ;
#155 = DIRECTION ( 'NONE',  ( 0.000000000000000000, 0.000000000000000000, 1.000000000000000000 ) ) ;
#156 = CARTESIAN_POINT ( 'NONE',  ( -11647.00993388375718, -679.9999999999977263, -379.9999999999981242 ) ) ;
#157 = EDGE_CURVE ( 'NONE', #859, #904, #411, .T. ) ;
#158 = DIRECTION ( 'NONE',  ( 0.000000000000000000, 0.1699069165076472210, 0.9854601157443478865 ) ) ;
#159 = DIRECTION ( 'NONE',  ( 0.000000000000000000, -1.000000000000000000, -0.000000000000000000 ) ) ;
#160 = ORIENTED_EDGE ( 'NONE', *, *, #826, .T. ) ;
#161 = ADVANCED_FACE ( 'NONE', ( #1691 ), #1442, .T. ) ;
#162 = ORIENTED_EDGE ( 'NONE', *, *, #751, .F. ) ;
#163 = CARTESIAN_POINT ( 'NONE',  ( -12225.00000000000182, -800.0000000000000000, -910.0000000000001137 ) ) ;
#164 = AXIS2_PLACEMENT_3D ( 'NONE', #70, #1395, #745 ) ;
#165 =( NAMED_UNIT ( * ) SI_UNIT ( $, .STERADIAN. ) SOLID_ANGLE_UNIT ( ) );
#166 = DIRECTION ( 'NONE',  ( -0.000000000000000000, -1.000000000000000000, 5.261720495853834886E-17 ) ) ;
#167 = VERTEX_POINT ( 'NONE', #390 ) ;
#168 = ADVANCED_FACE ( 'NONE', ( #1590 ), #1435, .F. ) ;
#169 = ORIENTED_EDGE ( 'NONE', *, *, #585, .T. ) ;
#170 = CARTESIAN_POINT ( 'NONE',  ( -1950.000000000000227, 800.0000000000000000, -910.0000000000001137 ) ) ;
#171 = MANIFOLD_SURFACE_SHAPE_REPRESENTATION ( '', ( #1613, #437 ), #1179 ) ;
#172 = DIRECTION ( 'NONE',  ( -1.000000000000000000, 0.000000000000000000, 0.000000000000000000 ) ) ;
#173 = FACE_OUTER_BOUND ( 'NONE', #535, .T. ) ;
#174 = VECTOR ( 'NONE', #159, 1000.000000000000000 ) ;
#175 = ORIENTED_EDGE ( 'NONE', *, *, #1628, .F. ) ;
#176 = EDGE_LOOP ( 'NONE', ( #783, #1071, #1084, #1354 ) ) ;
#177 = EDGE_CURVE ( 'NONE', #5, #284, #529, .T. ) ;
#178 = LINE ( 'NONE', #1225, #1531 ) ;
#179 = VECTOR ( 'NONE', #496, 1000.000000000000000 ) ;
#180 = DIRECTION ( 'NONE',  ( 0.000000000000000000, 1.000000000000000000, 5.261720495853834886E-17 ) ) ;
#181 = CYLINDRICAL_SURFACE ( 'NONE', #1217, 460.0000000000000568 ) ;
#182 = CARTESIAN_POINT ( 'NONE',  ( -12225.00000000000182, -899.9999999999998863, -910.0000000000001137 ) ) ;
#183 = ORIENTED_EDGE ( 'NONE', *, *, #1171, .T. ) ;
#184 = CARTESIAN_POINT ( 'NONE',  ( -11825.00000000000182, 800.0000000000000000, -910.0000000000001137 ) ) ;
#185 = ADVANCED_FACE ( 'NONE', ( #787 ), #651, .T. ) ;
#186 = DIRECTION ( 'NONE',  ( 0.000000000000000000, 1.000000000000000000, 0.000000000000000000 ) ) ;
#187 = AXIS2_PLACEMENT_3D ( 'NONE', #446, #1519, #452 ) ;
#188 = CYLINDRICAL_SURFACE ( 'NONE', #1432, 199.9999999999999432 ) ;
#189 = CARTESIAN_POINT ( 'NONE',  ( 974.9999999999978400, 0.000000000000000000, -1.110223024625156540E-13 ) ) ;
#190 = CARTESIAN_POINT ( 'NONE',  ( -13000.00000000000000, 0.000000000000000000, -725.0000000000050022 ) ) ;
#191 = VECTOR ( 'NONE', #2, 1000.000000000000000 ) ;
#192 = DIRECTION ( 'NONE',  ( 1.000000000000000000, -0.000000000000000000, -0.000000000000000000 ) ) ;
#193 = CARTESIAN_POINT ( 'NONE',  ( -14388.56810139493609, -877.4999988432243754, -909.9999999999984084 ) ) ;
#194 = CARTESIAN_POINT ( 'NONE',  ( -13899.99999999999818, 679.9999999999978400, 1.887379141862766119E-12 ) ) ;
#195 =( GEOMETRIC_REPRESENTATION_CONTEXT ( 3 ) GLOBAL_UNCERTAINTY_ASSIGNED_CONTEXT ( ( #1383 ) ) GLOBAL_UNIT_ASSIGNED_CONTEXT ( ( #139, #1343, #165 ) ) REPRESENTATION_CONTEXT ( 'NONE', 'WORKASPACE' ) );
#196 = ORIENTED_EDGE ( 'NONE', *, *, #743, .F. ) ;
#197 = CARTESIAN_POINT ( 'NONE',  ( -1950.000000000000227, -1189.999999999998408, -960.0000000000002274 ) ) ;
#198 = CARTESIAN_POINT ( 'NONE',  ( -11411.43189860506209, 0.000000000000000000, -379.9999999999981242 ) ) ;
#199 = VECTOR ( 'NONE', #1108, 1000.000000000000000 ) ;
#200 = CARTESIAN_POINT ( 'NONE',  ( 0.000000000000000000, 0.000000000000000000, -1160.000000000000227 ) ) ;
#201 = CARTESIAN_POINT ( 'NONE',  ( -12225.00000000000182, -800.0000000000000000, -910.0000000000001137 ) ) ;
#202 = ORIENTED_EDGE ( 'NONE', *, *, #773, .T. ) ;
#203 = EDGE_LOOP ( 'NONE', ( #38, #1427, #47, #966 ) ) ;
#204 = EDGE_CURVE ( 'NONE', #758, #1122, #1461, .T. ) ;
#205 = DIRECTION ( 'NONE',  ( 0.000000000000000000, 0.000000000000000000, 1.000000000000000000 ) ) ;
#206 = LINE ( 'NONE', #62, #614 ) ;
#207 = CARTESIAN_POINT ( 'NONE',  ( -14588.56810139493791, -814.9999999999974989, -379.9999999999981242 ) ) ;
#208 = DIRECTION ( 'NONE',  ( 0.000000000000000000, 0.000000000000000000, 1.000000000000000000 ) ) ;
#209 = FACE_OUTER_BOUND ( 'NONE', #478, .T. ) ;
#210 = AXIS2_PLACEMENT_3D ( 'NONE', #573, #1467, #405 ) ;
#211 = AXIS2_PLACEMENT_3D ( 'NONE', #1636, #83, #208 ) ;
#212 = AXIS2_PLACEMENT_3D ( 'NONE', #163, #1079, #49 ) ;
#213 = ORIENTED_EDGE ( 'NONE', *, *, #78, .T. ) ;
#214 = DIRECTION ( 'NONE',  ( 0.000000000000000000, 1.000000000000000000, 0.000000000000000000 ) ) ;
#215 = ADVANCED_FACE ( 'NONE', ( #1574 ), #381, .T. ) ;
#216 = PLANE ( 'NONE',  #1694 ) ;
#217 = AXIS2_PLACEMENT_3D ( 'NONE', #989, #1673, #324 ) ;
#218 = CARTESIAN_POINT ( 'NONE',  ( -2350.000000000000000, 800.0000000000000000, -910.0000000000001137 ) ) ;
#219 = FACE_OUTER_BOUND ( 'NONE', #738, .T. ) ;
#220 = CARTESIAN_POINT ( 'NONE',  ( -1950.000000000000227, 800.0000000000000000, -910.0000000000001137 ) ) ;
#221 = ORIENTED_EDGE ( 'NONE', *, *, #899, .F. ) ;
#222 = VERTEX_POINT ( 'NONE', #1186 ) ;
#223 = CARTESIAN_POINT ( 'NONE',  ( -14388.56810139493609, -1077.499998843224375, -769.9999999999960210 ) ) ;
#224 = DIRECTION ( 'NONE',  ( 0.000000000000000000, 0.1402661271484180183, 0.9901138386947149206 ) ) ;
#225 = ADVANCED_FACE ( 'NONE', ( #270 ), #11, .T. ) ;
#226 = DIRECTION ( 'NONE',  ( -1.000000000000000000, 0.000000000000000000, 0.000000000000000000 ) ) ;
#227 = DIRECTION ( 'NONE',  ( -1.000000000000000000, -1.566452239330026778E-17, -0.000000000000000000 ) ) ;
#228 = ORIENTED_EDGE ( 'NONE', *, *, #267, .F. ) ;
#229 = VERTEX_POINT ( 'NONE', #1043 ) ;
#230 = CYLINDRICAL_SURFACE ( 'NONE', #1361, 460.0000000000000568 ) ;
#231 = PLANE ( 'NONE',  #514 ) ;
#232 = DIRECTION ( 'NONE',  ( 0.000000000000000000, 1.000000000000000000, 0.000000000000000000 ) ) ;
#233 = EDGE_CURVE ( 'NONE', #271, #235, #243, .T. ) ;
#234 = DIRECTION ( 'NONE',  ( 1.000000000000000000, 0.000000000000000000, 0.000000000000000000 ) ) ;
#235 = VERTEX_POINT ( 'NONE', #642 ) ;
#236 = ORIENTED_EDGE ( 'NONE', *, *, #1046, .T. ) ;
#237 = VECTOR ( 'NONE', #1153, 1000.000000000000000 ) ;
#238 = DIRECTION ( 'NONE',  ( -0.000000000000000000, -0.9901138386947148096, -0.1402661271484180183 ) ) ;
#239 = ORIENTED_EDGE ( 'NONE', *, *, #115, .F. ) ;
#240 = VECTOR ( 'NONE', #102, 1000.000000000000114 ) ;
#241 = CARTESIAN_POINT ( 'NONE',  ( -12225.00000000000182, -200.0000000000000000, -825.0000000000001137 ) ) ;
#242 = FACE_OUTER_BOUND ( 'NONE', #1188, .T. ) ;
#243 = LINE ( 'NONE', #763, #323 ) ;
#244 = ORIENTED_EDGE ( 'NONE', *, *, #1501, .F. ) ;
#245 = ORIENTED_EDGE ( 'NONE', *, *, #100, .F. ) ;
#246 = LINE ( 'NONE', #429, #1232 ) ;
#247 = ORIENTED_EDGE ( 'NONE', *, *, #309, .F. ) ;
#248 = VECTOR ( 'NONE', #288, 1000.000000000000114 ) ;
#249 = FACE_OUTER_BOUND ( 'NONE', #1428, .T. ) ;
#250 = LINE ( 'NONE', #779, #418 ) ;
#251 = LINE ( 'NONE', #1144, #118 ) ;
#252 = VERTEX_POINT ( 'NONE', #925 ) ;
#253 = ORIENTED_EDGE ( 'NONE', *, *, #751, .T. ) ;
#254 = VECTOR ( 'NONE', #871, 1000.000000000000000 ) ;
#255 = EDGE_CURVE ( 'NONE', #263, #98, #308, .T. ) ;
#256 = PLANE ( 'NONE',  #955 ) ;
#257 = EDGE_CURVE ( 'NONE', #1062, #1680, #1298, .T. ) ;
#258 =( NAMED_UNIT ( * ) SI_UNIT ( $, .STERADIAN. ) SOLID_ANGLE_UNIT ( ) );
#259 = PLANE ( 'NONE',  #1543 ) ;
#260 = CARTESIAN_POINT ( 'NONE',  ( -14588.56810139493791, 0.000000000000000000, -909.9999999999984084 ) ) ;
#261 = DIRECTION ( 'NONE',  ( 1.000000000000000000, 0.000000000000000000, 0.000000000000000000 ) ) ;
#262 = ORIENTED_EDGE ( 'NONE', *, *, #891, .F. ) ;
#263 = VERTEX_POINT ( 'NONE', #151 ) ;
#264 = CARTESIAN_POINT ( 'NONE',  ( -12100.00000000000182, 814.9999999999974989, 2.164934898019055254E-12 ) ) ;
#265 = VECTOR ( 'NONE', #1237, 1000.000000000000000 ) ;
#266 = ORIENTED_EDGE ( 'NONE', *, *, #891, .T. ) ;
#267 = EDGE_CURVE ( 'NONE', #103, #1494, #251, .T. ) ;
#268 =( NAMED_UNIT ( * ) SI_UNIT ( $, .STERADIAN. ) SOLID_ANGLE_UNIT ( ) );
#269 = CARTESIAN_POINT ( 'NONE',  ( -12100.00000000000182, -679.9999999999978400, 1.887379141862766119E-12 ) ) ;
#270 = FACE_OUTER_BOUND ( 'NONE', #1561, .T. ) ;
#271 = VERTEX_POINT ( 'NONE', #492 ) ;
#272 = ORIENTED_EDGE ( 'NONE', *, *, #1044, .T. ) ;
#273 = VECTOR ( 'NONE', #459, 1000.000000000000000 ) ;
#274 = ORIENTED_EDGE ( 'NONE', *, *, #638, .T. ) ;
#275 = SHAPE_REPRESENTATION_RELATIONSHIP ( 'NONE' , 'NONE' ,  #1420, #1007 ) ;
#276 = LINE ( 'NONE', #24, #916 ) ;
#277 = FACE_OUTER_BOUND ( 'NONE', #1391, .T. ) ;
#278 = VECTOR ( 'NONE', #1309, 1000.000000000000000 ) ;
#279 = DIRECTION ( 'NONE',  ( 0.000000000000000000, -1.000000000000000000, 0.000000000000000000 ) ) ;
#280 = VERTEX_POINT ( 'NONE', #781 ) ;
#281 = EDGE_LOOP ( 'NONE', ( #1028, #239, #339, #315 ) ) ;
#282 = PRODUCT_DEFINITION_SHAPE ( 'NONE', 'NONE',  #1303 ) ;
#283 = VECTOR ( 'NONE', #238, 1000.000000000000114 ) ;
#284 = VERTEX_POINT ( 'NONE', #1310 ) ;
#285 = FILL_AREA_STYLE_COLOUR ( '', #1403 ) ;
#286 = LINE ( 'NONE', #811, #1260 ) ;
#287 = LINE ( 'NONE', #812, #855 ) ;
#288 = DIRECTION ( 'NONE',  ( 0.000000000000000000, -0.9901138386947148096, 0.1402661271484180183 ) ) ;
#289 = EDGE_CURVE ( 'NONE', #655, #1540, #1017, .T. ) ;
#290 = EDGE_CURVE ( 'NONE', #1004, #5, #633, .T. ) ;
#291 = VERTEX_POINT ( 'NONE', #1564 ) ;
#292 = VERTEX_POINT ( 'NONE', #372 ) ;
#293 = CARTESIAN_POINT ( 'NONE',  ( -11611.43189860506391, -1077.499998843224375, -769.9999999999960210 ) ) ;
#294 = VECTOR ( 'NONE', #639, 1000.000000000000000 ) ;
#295 = CIRCLE ( 'NONE', #843, 204.0192378076466468 ) ;
#296 = AXIS2_PLACEMENT_3D ( 'NONE', #189, #691, #563 ) ;
#297 = DIRECTION ( 'NONE',  ( 1.000000000000000000, 0.000000000000000000, 0.000000000000000000 ) ) ;
#298 = CARTESIAN_POINT ( 'NONE',  ( -14588.56810139493791, -877.4999988432243754, -379.9999999999981242 ) ) ;
#299 = DIRECTION ( 'NONE',  ( 0.000000000000000000, 0.000000000000000000, 1.000000000000000000 ) ) ;
#300 = VERTEX_POINT ( 'NONE', #902 ) ;
#301 = CIRCLE ( 'NONE', #1265, 199.9999999999999432 ) ;
#302 = ORIENTED_EDGE ( 'NONE', *, *, #1687, .F. ) ;
#303 = APPLICATION_CONTEXT ( 'automotive_design' ) ;
#304 = CARTESIAN_POINT ( 'NONE',  ( -1950.000000000000227, -200.0000000000000000, -825.0000000000001137 ) ) ;
#305 = FACE_OUTER_BOUND ( 'NONE', #203, .T. ) ;
#306 = CARTESIAN_POINT ( 'NONE',  ( -11411.43189860506209, 1077.499998843224375, -769.9999999999960210 ) ) ;
#307 = DIRECTION ( 'NONE',  ( 0.000000000000000000, -1.000000000000000000, 5.261720495853834886E-17 ) ) ;
#308 = LINE ( 'NONE', #797, #1326 ) ;
#309 = EDGE_CURVE ( 'NONE', #986, #655, #1359, .T. ) ;
#310 = DIRECTION ( 'NONE',  ( 0.000000000000000000, 0.000000000000000000, 1.000000000000000000 ) ) ;
#311 = DIRECTION ( 'NONE',  ( -0.000000000000000000, -0.000000000000000000, 1.000000000000000000 ) ) ;
#312 = VECTOR ( 'NONE', #1059, 1000.000000000000000 ) ;
#313 = LINE ( 'NONE', #680, #1300 ) ;
#314 = DIRECTION ( 'NONE',  ( 1.566452239330026778E-17, -1.000000000000000000, 0.000000000000000000 ) ) ;
#315 = ORIENTED_EDGE ( 'NONE', *, *, #567, .T. ) ;
#316 = CARTESIAN_POINT ( 'NONE',  ( -14343.16348885549087, 679.9999999999979536, -381.8583200498775341 ) ) ;
#317 = ADVANCED_FACE ( 'NONE', ( #27 ), #181, .T. ) ;
#318 = LINE ( 'NONE', #847, #143 ) ;
#319 = PLANE ( 'NONE',  #1063 ) ;
#320 = DIRECTION ( 'NONE',  ( 1.000000000000000000, -0.000000000000000000, -0.000000000000000000 ) ) ;
#321 = SURFACE_STYLE_USAGE ( .BOTH. , #1041 ) ;
#322 = LINE ( 'NONE', #852, #450 ) ;
#323 = VECTOR ( 'NONE', #1682, 1000.000000000000000 ) ;
#324 = DIRECTION ( 'NONE',  ( 0.000000000000000000, 0.000000000000000000, 1.000000000000000000 ) ) ;
#325 = CARTESIAN_POINT ( 'NONE',  ( -11611.43189860506391, -877.4999988432243754, -909.9999999999984084 ) ) ;
#326 = CARTESIAN_POINT ( 'NONE',  ( -11611.43189860506391, 1077.499998843224375, -769.9999999999960210 ) ) ;
#327 = VERTEX_POINT ( 'NONE', #831 ) ;
#328 = VECTOR ( 'NONE', #110, 1000.000000000000000 ) ;
#329 = AXIS2_PLACEMENT_3D ( 'NONE', #900, #640, #1032 ) ;
#330 = ORIENTED_EDGE ( 'NONE', *, *, #702, .T. ) ;
#331 = CARTESIAN_POINT ( 'NONE',  ( -1950.000000000000227, 200.0000000000000000, -825.0000000000001137 ) ) ;
#332 = DIRECTION ( 'NONE',  ( 0.000000000000000000, -0.9854601157443478865, 0.1699069165076472210 ) ) ;
#333 = CARTESIAN_POINT ( 'NONE',  ( -12100.00000000000182, -679.9999999999978400, -459.9999999999980105 ) ) ;
#334 = CIRCLE ( 'NONE', #945, 199.9999999999999432 ) ;
#335 = CARTESIAN_POINT ( 'NONE',  ( -13447.00993388375355, -1054.999999999997499, -379.9999999999981242 ) ) ;
#336 = CARTESIAN_POINT ( 'NONE',  ( -2350.000000000000000, 1189.999999999998408, -960.0000000000002274 ) ) ;
#337 = EDGE_LOOP ( 'NONE', ( #247, #1037, #1049, #1319 ) ) ;
#338 = ADVANCED_FACE ( 'NONE', ( #1344 ), #1485, .F. ) ;
#339 = ORIENTED_EDGE ( 'NONE', *, *, #1206, .F. ) ;
#340 = CARTESIAN_POINT ( 'NONE',  ( -1950.000000000000227, -800.0000000000000000, -910.0000000000001137 ) ) ;
#341 = LINE ( 'NONE', #449, #94 ) ;
#342 = DIRECTION ( 'NONE',  ( -1.000000000000000000, -0.000000000000000000, -0.000000000000000000 ) ) ;
#343 = CARTESIAN_POINT ( 'NONE',  ( -2.220446049250313081E-13, 1189.999999999997726, -1160.000000000000227 ) ) ;
#344 = CARTESIAN_POINT ( 'NONE',  ( -14352.99006611624282, -679.9999999999977263, -379.9999999999981242 ) ) ;
#345 = ORIENTED_EDGE ( 'NONE', *, *, #846, .T. ) ;
#346 = VECTOR ( 'NONE', #137, 1000.000000000000000 ) ;
#347 = ADVANCED_FACE ( 'NONE', ( #1480 ), #963, .F. ) ;
#348 = EDGE_LOOP ( 'NONE', ( #868, #66, #1591, #1091 ) ) ;
#349 = LINE ( 'NONE', #116, #698 ) ;
#350 = AXIS2_PLACEMENT_3D ( 'NONE', #536, #135, #546 ) ;
#351 = ORIENTED_EDGE ( 'NONE', *, *, #838, .F. ) ;
#352 = CONICAL_SURFACE ( 'NONE', #879, 229.9999999211528348, 0.5235987755979353286 ) ;
#353 = FACE_BOUND ( 'NONE', #610, .T. ) ;
#354 = UNCERTAINTY_MEASURE_WITH_UNIT (LENGTH_MEASURE( 1.000000000000000082E-05 ), #1586, 'distance_accuracy_value', 'NONE');
#355 = DIRECTION ( 'NONE',  ( 0.000000000000000000, 0.000000000000000000, 1.000000000000000000 ) ) ;
#356 = DIRECTION ( 'NONE',  ( 0.000000000000000000, 0.9901138386947148096, -0.1402661271484179906 ) ) ;
#357 = ORIENTED_EDGE ( 'NONE', *, *, #627, .F. ) ;
#358 = ORIENTED_EDGE ( 'NONE', *, *, #1134, .T. ) ;
#359 = DIRECTION ( 'NONE',  ( 1.000000000000000000, 2.662968806861045522E-16, 0.000000000000000000 ) ) ;
#360 = EDGE_CURVE ( 'NONE', #672, #986, #1351, .T. ) ;
#361 = EDGE_CURVE ( 'NONE', #609, #758, #1662, .T. ) ;
#362 = CARTESIAN_POINT ( 'NONE',  ( -12225.00000000000182, -1189.999999999998408, -960.0000000000002274 ) ) ;
#363 = EDGE_CURVE ( 'NONE', #1660, #1436, #1471, .T. ) ;
#364 = FACE_OUTER_BOUND ( 'NONE', #154, .T. ) ;
#365 = CARTESIAN_POINT ( 'NONE',  ( -11656.83651114450913, 814.9999999999974989, -381.8583200498775341 ) ) ;
#366 = ORIENTED_EDGE ( 'NONE', *, *, #1491, .T. ) ;
#367 = ORIENTED_EDGE ( 'NONE', *, *, #1046, .F. ) ;
#368 = CARTESIAN_POINT ( 'NONE',  ( -2350.000000000000000, 800.0000000000000000, -910.0000000000001137 ) ) ;
#369 = ORIENTED_EDGE ( 'NONE', *, *, #1491, .F. ) ;
#370 = DIRECTION ( 'NONE',  ( 0.000000000000000000, 0.000000000000000000, 1.000000000000000000 ) ) ;
#371 = CARTESIAN_POINT ( 'NONE',  ( -11611.43189860506391, -1077.499998843224375, -379.9999999999981242 ) ) ;
#372 = CARTESIAN_POINT ( 'NONE',  ( -13000.00000000000000, -204.0192378076466753, -769.9999999999960210 ) ) ;
#373 = EDGE_LOOP ( 'NONE', ( #721, #1064, #160, #462 ) ) ;
#374 = ORIENTED_EDGE ( 'NONE', *, *, #485, .T. ) ;
#375 = VECTOR ( 'NONE', #57, 1000.000000000000000 ) ;
#376 =( GEOMETRIC_REPRESENTATION_CONTEXT ( 3 ) GLOBAL_UNCERTAINTY_ASSIGNED_CONTEXT ( ( #1414 ) ) GLOBAL_UNIT_ASSIGNED_CONTEXT ( ( #1240, #1379, #819 ) ) REPRESENTATION_CONTEXT ( 'NONE', 'WORKASPACE' ) );
#377 = FACE_OUTER_BOUND ( 'NONE', #553, .T. ) ;
#378 = COLOUR_RGB ( '',0.7921568627450980005, 0.8196078431372548767, 0.9333333333333333481 ) ;
#379 = CARTESIAN_POINT ( 'NONE',  ( -2349.999999999999545, -1189.999999999997954, -960.0000000000002274 ) ) ;
#380 = PLANE ( 'NONE',  #1688 ) ;
#381 = PLANE ( 'NONE',  #1072 ) ;
#382 = EDGE_CURVE ( 'NONE', #300, #1650, #670, .T. ) ;
#383 = ORIENTED_EDGE ( 'NONE', *, *, #393, .F. ) ;
#384 = EDGE_CURVE ( 'NONE', #1147, #1231, #1213, .T. ) ;
#385 = ORIENTED_EDGE ( 'NONE', *, *, #12, .F. ) ;
#386 = DIRECTION ( 'NONE',  ( 0.000000000000000000, 0.000000000000000000, 1.000000000000000000 ) ) ;
#387 = VECTOR ( 'NONE', #950, 1000.000000000000114 ) ;
#388 = LINE ( 'NONE', #1015, #346 ) ;
#389 = DIRECTION ( 'NONE',  ( 0.000000000000000000, 1.000000000000000000, 5.261720495853834886E-17 ) ) ;
#390 = CARTESIAN_POINT ( 'NONE',  ( -1950.000000000000227, 899.9999999999998863, -910.0000000000001137 ) ) ;
#391 = ORIENTED_EDGE ( 'NONE', *, *, #233, .F. ) ;
#392 = ORIENTED_EDGE ( 'NONE', *, *, #671, .T. ) ;
#393 = EDGE_CURVE ( 'NONE', #409, #986, #313, .T. ) ;
#394 = DIRECTION ( 'NONE',  ( -1.000000000000000000, 0.000000000000000000, -0.000000000000000000 ) ) ;
#395 = ORIENTED_EDGE ( 'NONE', *, *, #52, .T. ) ;
#396 =( NAMED_UNIT ( * ) PLANE_ANGLE_UNIT ( ) SI_UNIT ( $, .RADIAN. ) );
#397 = DIRECTION ( 'NONE',  ( 0.000000000000000000, -1.000000000000000000, -5.261720495853834886E-17 ) ) ;
#398 = SURFACE_SIDE_STYLE ('',( #1350 ) ) ;
#399 = DIRECTION ( 'NONE',  ( 0.000000000000000000, 0.000000000000000000, 1.000000000000000000 ) ) ;
#400 = ORIENTED_EDGE ( 'NONE', *, *, #177, .F. ) ;
#401 = VERTEX_POINT ( 'NONE', #1195 ) ;
#402 = EDGE_CURVE ( 'NONE', #291, #271, #911, .T. ) ;
#403 = VECTOR ( 'NONE', #389, 1000.000000000000000 ) ;
#404 = ORIENTED_EDGE ( 'NONE', *, *, #938, .F. ) ;
#405 = DIRECTION ( 'NONE',  ( 0.000000000000000000, 0.000000000000000000, 1.000000000000000000 ) ) ;
#406 = PLANE ( 'NONE',  #557 ) ;
#407 = LINE ( 'NONE', #428, #387 ) ;
#408 = VERTEX_POINT ( 'NONE', #35 ) ;
#409 = VERTEX_POINT ( 'NONE', #419 ) ;
#410 = EDGE_CURVE ( 'NONE', #1623, #72, #558, .T. ) ;
#411 = CIRCLE ( 'NONE', #632, 459.9999999999998863 ) ;
#412 = ORIENTED_EDGE ( 'NONE', *, *, #60, .F. ) ;
#413 = CARTESIAN_POINT ( 'NONE',  ( 0.000000000000000000, 0.000000000000000000, 0.000000000000000000 ) ) ;
#414 = EDGE_CURVE ( 'NONE', #672, #1147, #407, .T. ) ;
#415 = DIRECTION ( 'NONE',  ( 0.000000000000000000, -1.000000000000000000, 0.000000000000000000 ) ) ;
#416 = ADVANCED_FACE ( 'NONE', ( #704, #445 ), #1498, .F. ) ;
#417 = VECTOR ( 'NONE', #1220, 1000.000000000000000 ) ;
#418 = VECTOR ( 'NONE', #1025, 1000.000000000000000 ) ;
#419 = CARTESIAN_POINT ( 'NONE',  ( -11825.00000000000182, 899.9999999999998863, -910.0000000000001137 ) ) ;
#420 = VERTEX_POINT ( 'NONE', #298 ) ;
#421 = EDGE_LOOP ( 'NONE', ( #1178, #46, #153, #985 ) ) ;
#422 = VECTOR ( 'NONE', #1645, 1000.000000000000114 ) ;
#423 = ORIENTED_EDGE ( 'NONE', *, *, #992, .F. ) ;
#424 =( NAMED_UNIT ( * ) SI_UNIT ( $, .STERADIAN. ) SOLID_ANGLE_UNIT ( ) );
#425 = APPLICATION_CONTEXT ( 'automotive_design' ) ;
#426 = LINE ( 'NONE', #678, #574 ) ;
#427 = FACE_OUTER_BOUND ( 'NONE', #1583, .T. ) ;
#428 = CARTESIAN_POINT ( 'NONE',  ( -12225.00000000000182, 800.0000000000000000, -910.0000000000001137 ) ) ;
#429 = CARTESIAN_POINT ( 'NONE',  ( -1950.000000000000227, 899.9999999999998863, -910.0000000000001137 ) ) ;
#430 = ORIENTED_EDGE ( 'NONE', *, *, #289, .T. ) ;
#431 = CARTESIAN_POINT ( 'NONE',  ( -12100.00000000000182, 1054.999999999997499, 2.053912595556539600E-12 ) ) ;
#432 = AXIS2_PLACEMENT_3D ( 'NONE', #120, #1183, #1278 ) ;
#433 = AXIS2_PLACEMENT_3D ( 'NONE', #912, #705, #386 ) ;
#434 = CARTESIAN_POINT ( 'NONE',  ( -11411.43189860506209, 1077.499998843224375, -379.9999999999981242 ) ) ;
#435 = CARTESIAN_POINT ( 'NONE',  ( -2.220446049250313081E-13, 1189.999999999997726, -1160.000000000000227 ) ) ;
#436 = DIRECTION ( 'NONE',  ( 0.000000000000000000, -1.000000000000000000, 0.000000000000000000 ) ) ;
#437 = AXIS2_PLACEMENT_3D ( 'NONE', #413, #155, #677 ) ;
#438 = DIRECTION ( 'NONE',  ( -1.000000000000000000, -2.662968806861045522E-16, 0.000000000000000000 ) ) ;
#439 = EDGE_CURVE ( 'NONE', #284, #788, #823, .T. ) ;
#440 = CARTESIAN_POINT ( 'NONE',  ( -13447.00993388375355, 679.9999999999978400, -379.9999999999981242 ) ) ;
#441 = EDGE_CURVE ( 'NONE', #550, #676, #806, .T. ) ;
#442 = VECTOR ( 'NONE', #342, 1000.000000000000000 ) ;
#443 = APPLICATION_PROTOCOL_DEFINITION ( 'draft international standard', 'automotive_design', 1998, #800 ) ;
#444 = DIRECTION ( 'NONE',  ( 0.000000000000000000, 0.000000000000000000, 1.000000000000000000 ) ) ;
#445 = FACE_OUTER_BOUND ( 'NONE', #1038, .T. ) ;
#446 = CARTESIAN_POINT ( 'NONE',  ( -12100.00000000000182, -1054.999999999997499, -459.9999999999980105 ) ) ;
#447 = ORIENTED_EDGE ( 'NONE', *, *, #1366, .F. ) ;
#448 = ADVANCED_FACE ( 'NONE', ( #1609 ), #44, .T. ) ;
#449 = CARTESIAN_POINT ( 'NONE',  ( -11411.43189860506209, -1077.499998843224375, -379.9999999999981242 ) ) ;
#450 = VECTOR ( 'NONE', #67, 1000.000000000000114 ) ;
#451 = CARTESIAN_POINT ( 'NONE',  ( -12225.00000000000182, 899.9999999999998863, -910.0000000000001137 ) ) ;
#452 = DIRECTION ( 'NONE',  ( 0.000000000000000000, 0.000000000000000000, 1.000000000000000000 ) ) ;
#453 = DIRECTION ( 'NONE',  ( 0.000000000000000000, 0.000000000000000000, 1.000000000000000000 ) ) ;
#454 = APPLICATION_PROTOCOL_DEFINITION ( 'draft international standard', 'automotive_design', 1998, #1510 ) ;
#455 = DIRECTION ( 'NONE',  ( -1.000000000000000000, -0.000000000000000000, -0.000000000000000000 ) ) ;
#456 = CARTESIAN_POINT ( 'NONE',  ( -13899.99999999999818, -1054.999999999997499, -459.9999999999980105 ) ) ;
#457 = AXIS2_PLACEMENT_3D ( 'NONE', #1314, #905, #1180 ) ;
#458 = DIRECTION ( 'NONE',  ( 0.000000000000000000, -1.000000000000000000, 0.000000000000000000 ) ) ;
#459 = DIRECTION ( 'NONE',  ( 0.000000000000000000, -1.000000000000000000, 5.261720495853834886E-17 ) ) ;
#460 = ORIENTED_EDGE ( 'NONE', *, *, #257, .F. ) ;
#461 = OPEN_SHELL ( 'NONE', ( #185, #974, #1148, #1490, #448, #150, #1446, #317, #347, #1249, #1375, #1696, #1665, #965, #1539, #1386, #1356, #138, #338, #1644, #1078, #565, #1228, #168, #1279, #1552, #416, #1313, #543 ) ) ;
#462 = ORIENTED_EDGE ( 'NONE', *, *, #104, .F. ) ;
#463 =( NAMED_UNIT ( * ) SI_UNIT ( $, .STERADIAN. ) SOLID_ANGLE_UNIT ( ) );
#464 = DIRECTION ( 'NONE',  ( -1.000000000000000000, 0.000000000000000000, 0.000000000000000000 ) ) ;
#465 = EDGE_CURVE ( 'NONE', #570, #609, #1509, .T. ) ;
#466 = CARTESIAN_POINT ( 'NONE',  ( -13000.00000000000000, 0.000000000000000000, -725.0000000000050022 ) ) ;
#467 = CARTESIAN_POINT ( 'NONE',  ( -14175.00000000000000, 1189.999999999997499, -960.0000000000002274 ) ) ;
#468 = CARTESIAN_POINT ( 'NONE',  ( -12225.00000000000182, -1189.999999999998408, -960.0000000000002274 ) ) ;
#469 = EDGE_LOOP ( 'NONE', ( #124, #878 ) ) ;
#470 = AXIS2_PLACEMENT_3D ( 'NONE', #1627, #934, #968 ) ;
#471 = EDGE_LOOP ( 'NONE', ( #1054, #1198, #887, #93 ) ) ;
#472 = CARTESIAN_POINT ( 'NONE',  ( -11611.43189860506391, -877.4999988432243754, -769.9999999999960210 ) ) ;
#473 = LINE ( 'NONE', #998, #561 ) ;
#474 = DIRECTION ( 'NONE',  ( -0.000000000000000000, -1.000000000000000000, 5.261720495853834886E-17 ) ) ;
#475 = AXIS2_PLACEMENT_3D ( 'NONE', #1695, #1159, #1021 ) ;
#476 = PLANE ( 'NONE',  #483 ) ;
#477 = ORIENTED_EDGE ( 'NONE', *, *, #1226, .F. ) ;
#478 = EDGE_LOOP ( 'NONE', ( #939, #551 ) ) ;
#479 = LINE ( 'NONE', #368, #1670 ) ;
#480 = ORIENTED_EDGE ( 'NONE', *, *, #497, .F. ) ;
#481 = LINE ( 'NONE', #1647, #81 ) ;
#482 = DIRECTION ( 'NONE',  ( 0.000000000000000000, 1.000000000000000000, 5.261720495853834886E-17 ) ) ;
#483 = AXIS2_PLACEMENT_3D ( 'NONE', #200, #1000, #969 ) ;
#484 = ORIENTED_EDGE ( 'NONE', *, *, #255, .T. ) ;
#485 = EDGE_CURVE ( 'NONE', #271, #146, #1096, .T. ) ;
#486 = VERTEX_POINT ( 'NONE', #725 ) ;
#487 = CARTESIAN_POINT ( 'NONE',  ( -14388.56810139493609, -1077.499998843224375, -379.9999999999981242 ) ) ;
#488 = CARTESIAN_POINT ( 'NONE',  ( -12225.00000000000182, 0.000000000000000000, 0.000000000000000000 ) ) ;
#489 = PRODUCT_DEFINITION_CONTEXT ( 'detailed design', #425, 'design' ) ;
#490 = FACE_OUTER_BOUND ( 'NONE', #770, .T. ) ;
#491 = CIRCLE ( 'NONE', #552, 459.9999999999998863 ) ;
#492 = CARTESIAN_POINT ( 'NONE',  ( -13899.99999999999818, -679.9999999999978400, 1.887379141862766119E-12 ) ) ;
#493 = ORIENTED_EDGE ( 'NONE', *, *, #1336, .T. ) ;
#494 = ORIENTED_EDGE ( 'NONE', *, *, #439, .T. ) ;
#495 = CIRCLE ( 'NONE', #1291, 460.0000000000001705 ) ;
#496 = DIRECTION ( 'NONE',  ( -0.000000000000000000, -1.000000000000000000, -5.261720495853834886E-17 ) ) ;
#497 = EDGE_CURVE ( 'NONE', #85, #766, #90, .T. ) ;
#498 = COLOUR_RGB ( '',0.7921568627450980005, 0.8196078431372548767, 0.9333333333333333481 ) ;
#499 = DIRECTION ( 'NONE',  ( 0.000000000000000000, 0.000000000000000000, 1.000000000000000000 ) ) ;
#500 = CARTESIAN_POINT ( 'NONE',  ( -1950.000000000000227, -800.0000000000000000, -910.0000000000001137 ) ) ;
#501 = CIRCLE ( 'NONE', #835, 460.0000000000001705 ) ;
#502 = DIRECTION ( 'NONE',  ( 1.000000000000000000, 0.000000000000000000, -0.000000000000000000 ) ) ;
#503 = ORIENTED_EDGE ( 'NONE', *, *, #951, .T. ) ;
#504 = ORIENTED_EDGE ( 'NONE', *, *, #805, .F. ) ;
#505 = CARTESIAN_POINT ( 'NONE',  ( -14175.00000000000000, 1189.999999999997499, -960.0000000000002274 ) ) ;
#506 = ORIENTED_EDGE ( 'NONE', *, *, #267, .T. ) ;
#507 = EDGE_CURVE ( 'NONE', #75, #859, #739, .T. ) ;
#508 = CARTESIAN_POINT ( 'NONE',  ( -14388.56810139493609, 1077.499998843224375, -379.9999999999981242 ) ) ;
#509 = EDGE_CURVE ( 'NONE', #1224, #1347, #1252, .T. ) ;
#510 = DIRECTION ( 'NONE',  ( -0.000000000000000000, -0.000000000000000000, -1.000000000000000000 ) ) ;
#511 = DIRECTION ( 'NONE',  ( 0.000000000000000000, 1.000000000000000000, 5.261720495853834886E-17 ) ) ;
#512 = EDGE_LOOP ( 'NONE', ( #480, #1549, #1267, #531 ) ) ;
#513 = ORIENTED_EDGE ( 'NONE', *, *, #361, .F. ) ;
#514 = AXIS2_PLACEMENT_3D ( 'NONE', #1413, #224, #1433 ) ;
#515 = AXIS2_PLACEMENT_3D ( 'NONE', #15, #1578, #299 ) ;
#516 = DIRECTION ( 'NONE',  ( 0.000000000000000000, 5.261720495853834886E-17, 1.000000000000000000 ) ) ;
#517 = AXIS2_PLACEMENT_3D ( 'NONE', #1334, #158, #679 ) ;
#518 = CARTESIAN_POINT ( 'NONE',  ( -13000.00000000000000, 0.000000000000000000, -825.0000000000000000 ) ) ;
#519 = VECTOR ( 'NONE', #63, 1000.000000000000000 ) ;
#520 = PLANE ( 'NONE',  #682 ) ;
#521 = EDGE_CURVE ( 'NONE', #229, #123, #595, .T. ) ;
#522 = DIRECTION ( 'NONE',  ( 0.000000000000000000, -1.000000000000000000, -5.261720495853834886E-17 ) ) ;
#523 = ORIENTED_EDGE ( 'NONE', *, *, #1134, .F. ) ;
#524 = ORIENTED_EDGE ( 'NONE', *, *, #255, .F. ) ;
#525 = DIRECTION ( 'NONE',  ( -0.000000000000000000, -1.000000000000000000, -0.000000000000000000 ) ) ;
#526 = VERTEX_POINT ( 'NONE', #716 ) ;
#527 = PLANE ( 'NONE',  #1033 ) ;
#528 = CARTESIAN_POINT ( 'NONE',  ( -12225.00000000000182, 1189.999999999998408, -960.0000000000002274 ) ) ;
#529 = LINE ( 'NONE', #141, #191 ) ;
#530 = EDGE_LOOP ( 'NONE', ( #1558, #1030, #1330, #221 ) ) ;
#531 = ORIENTED_EDGE ( 'NONE', *, *, #814, .F. ) ;
#532 = EDGE_CURVE ( 'NONE', #910, #776, #481, .T. ) ;
#533 = CIRCLE ( 'NONE', #1161, 199.9999999999999432 ) ;
#534 = DIRECTION ( 'NONE',  ( -1.000000000000000000, 0.000000000000000000, -0.000000000000000000 ) ) ;
#535 = EDGE_LOOP ( 'NONE', ( #142, #357, #132, #809, #1168, #866, #1378, #807 ) ) ;
#536 = CARTESIAN_POINT ( 'NONE',  ( 0.000000000000000000, 0.000000000000000000, 0.000000000000000000 ) ) ;
#537 = PLANE ( 'NONE',  #212 ) ;
#538 = CARTESIAN_POINT ( 'NONE',  ( -11411.43189860506209, -1077.499998843224375, -379.9999999999981242 ) ) ;
#539 = CARTESIAN_POINT ( 'NONE',  ( -14175.00000000000000, 1189.999999999997499, -960.0000000000002274 ) ) ;
#540 = VERTEX_POINT ( 'NONE', #218 ) ;
#541 = ORIENTED_EDGE ( 'NONE', *, *, #1185, .T. ) ;
#542 = EDGE_CURVE ( 'NONE', #609, #420, #853, .T. ) ;
#543 = ADVANCED_FACE ( 'NONE', ( #588, #613, #1545, #353, #883 ), #1373, .F. ) ;
#544 = VECTOR ( 'NONE', #768, 1000.000000000000000 ) ;
#545 = ORIENTED_EDGE ( 'NONE', *, *, #720, .T. ) ;
#546 = DIRECTION ( 'NONE',  ( 1.000000000000000000, 0.000000000000000000, 0.000000000000000000 ) ) ;
#547 = PLANE ( 'NONE',  #210 ) ;
#548 = DIRECTION ( 'NONE',  ( 0.000000000000000000, 0.000000000000000000, 1.000000000000000000 ) ) ;
#549 = DIRECTION ( 'NONE',  ( 0.000000000000000000, 0.000000000000000000, 1.000000000000000000 ) ) ;
#550 = VERTEX_POINT ( 'NONE', #1518 ) ;
#551 = ORIENTED_EDGE ( 'NONE', *, *, #1602, .F. ) ;
#552 = AXIS2_PLACEMENT_3D ( 'NONE', #598, #993, #453 ) ;
#553 = EDGE_LOOP ( 'NONE', ( #1197, #1332, #937 ) ) ;
#554 = DIRECTION ( 'NONE',  ( 0.000000000000000000, 1.000000000000000000, -5.261720495853834886E-17 ) ) ;
#555 = VECTOR ( 'NONE', #1026, 1000.000000000000000 ) ;
#556 = PLANE ( 'NONE',  #1157 ) ;
#557 = AXIS2_PLACEMENT_3D ( 'NONE', #43, #548, #1069 ) ;
#558 = LINE ( 'NONE', #1600, #1127 ) ;
#559 = ORIENTED_EDGE ( 'NONE', *, *, #1216, .F. ) ;
#560 = PRODUCT ( 'WagonPlane_40ft_LessDetailed', 'WagonPlane_40ft_LessDetailed', '', ( #979 ) ) ;
#561 = VECTOR ( 'NONE', #1116, 1000.000000000000000 ) ;
#562 = ORIENTED_EDGE ( 'NONE', *, *, #1022, .T. ) ;
#563 = DIRECTION ( 'NONE',  ( 1.000000000000000000, 0.000000000000000000, 0.000000000000000000 ) ) ;
#564 = CARTESIAN_POINT ( 'NONE',  ( -12225.00000000000182, 899.9999999999998863, -910.0000000000001137 ) ) ;
#565 = ADVANCED_FACE ( 'NONE', ( #1656 ), #352, .T. ) ;
#566 = FILL_AREA_STYLE ('',( #1316 ) ) ;
#567 = EDGE_CURVE ( 'NONE', #1150, #280, #1235, .T. ) ;
#568 = CARTESIAN_POINT ( 'NONE',  ( -13899.99999999999818, -679.9999999999978400, -459.9999999999980105 ) ) ;
#569 = CARTESIAN_POINT ( 'NONE',  ( -14343.16348885549087, -679.9999999999979536, -381.8583200498775341 ) ) ;
#570 = VERTEX_POINT ( 'NONE', #863 ) ;
#571 = ORIENTED_EDGE ( 'NONE', *, *, #1056, .T. ) ;
#572 = PRODUCT_CONTEXT ( 'NONE', #96, 'mechanical' ) ;
#573 = CARTESIAN_POINT ( 'NONE',  ( -2350.000000000000000, 0.000000000000000000, 0.000000000000000000 ) ) ;
#574 = VECTOR ( 'NONE', #1211, 1000.000000000000000 ) ;
#575 = CARTESIAN_POINT ( 'NONE',  ( -14352.99006611624282, 1054.999999999997499, -379.9999999999981242 ) ) ;
#576 = EDGE_CURVE ( 'NONE', #252, #300, #82, .T. ) ;
#577 = DIRECTION ( 'NONE',  ( 0.000000000000000000, 0.000000000000000000, 1.000000000000000000 ) ) ;
#578 = ORIENTED_EDGE ( 'NONE', *, *, #1643, .T. ) ;
#579 = APPLICATION_PROTOCOL_DEFINITION ( 'draft international standard', 'automotive_design', 1998, #425 ) ;
#580 = LINE ( 'NONE', #1234, #641 ) ;
#581 = DIRECTION ( 'NONE',  ( 0.000000000000000000, 1.000000000000000000, 5.261720495853834886E-17 ) ) ;
#582 = PRESENTATION_LAYER_ASSIGNMENT (  '', '', ( #1474 ) ) ;
#583 = FACE_OUTER_BOUND ( 'NONE', #32, .T. ) ;
#584 = ORIENTED_EDGE ( 'NONE', *, *, #1667, .F. ) ;
#585 = EDGE_CURVE ( 'NONE', #1454, #420, #606, .T. ) ;
#586 = APPLICATION_PROTOCOL_DEFINITION ( 'draft international standard', 'automotive_design', 1998, #1492 ) ;
#587 = LINE ( 'NONE', #612, #254 ) ;
#588 = FACE_OUTER_BOUND ( 'NONE', #1610, .T. ) ;
#589 = DIRECTION ( 'NONE',  ( 0.000000000000000000, 0.000000000000000000, 1.000000000000000000 ) ) ;
#590 = PLANE ( 'NONE',  #714 ) ;
#591 = ORIENTED_EDGE ( 'NONE', *, *, #52, .F. ) ;
#592 = PRODUCT_DEFINITION ( 'NON CONOSCIUTO', '', #1346, #489 ) ;
#593 = EDGE_CURVE ( 'NONE', #1347, #235, #602, .T. ) ;
#594 = DIRECTION ( 'NONE',  ( 0.000000000000000000, -1.000000000000000000, 0.000000000000000000 ) ) ;
#595 = LINE ( 'NONE', #1664, #1181 ) ;
#596 = AXIS2_PLACEMENT_3D ( 'NONE', #145, #665, #1221 ) ;
#597 = CARTESIAN_POINT ( 'NONE',  ( -14388.56810139493609, -877.4999988432243754, -379.9999999999981242 ) ) ;
#598 = CARTESIAN_POINT ( 'NONE',  ( -13899.99999999999818, 679.9999999999978400, -459.9999999999980105 ) ) ;
#599 = ORIENTED_EDGE ( 'NONE', *, *, #567, .F. ) ;
#600 = MECHANICAL_DESIGN_GEOMETRIC_PRESENTATION_REPRESENTATION (  '', ( #737 ), #77 ) ;
#601 = EDGE_LOOP ( 'NONE', ( #1453, #1521, #14 ) ) ;
#602 = CIRCLE ( 'NONE', #1406, 460.0000000000001705 ) ;
#603 = LINE ( 'NONE', #487, #1449 ) ;
#604 = EDGE_CURVE ( 'NONE', #408, #409, #744, .T. ) ;
#605 = CARTESIAN_POINT ( 'NONE',  ( -13447.00993388375355, 814.9999999999974989, -379.9999999999981242 ) ) ;
#606 = LINE ( 'NONE', #982, #4 ) ;
#607 = DIRECTION ( 'NONE',  ( -0.000000000000000000, 1.000000000000000000, -5.261720495853834886E-17 ) ) ;
#608 = DIRECTION ( 'NONE',  ( -0.000000000000000000, 1.000000000000000000, -0.000000000000000000 ) ) ;
#609 = VERTEX_POINT ( 'NONE', #976 ) ;
#610 = EDGE_LOOP ( 'NONE', ( #1475, #1165, #494, #895 ) ) ;
#611 = LINE ( 'NONE', #1013, #1421 ) ;
#612 = CARTESIAN_POINT ( 'NONE',  ( -11411.43189860506209, 1077.499998843224375, -769.9999999999960210 ) ) ;
#613 = FACE_BOUND ( 'NONE', #530, .T. ) ;
#614 = VECTOR ( 'NONE', #332, 1000.000000000000114 ) ;
#615 = EDGE_CURVE ( 'NONE', #1660, #995, #318, .T. ) ;
#616 = DIRECTION ( 'NONE',  ( -0.000000000000000000, -0.000000000000000000, 1.000000000000000000 ) ) ;
#617 = DIRECTION ( 'NONE',  ( 0.000000000000000000, -1.000000000000000000, 0.000000000000000000 ) ) ;
#618 = ORIENTED_EDGE ( 'NONE', *, *, #414, .F. ) ;
#619 = ORIENTED_EDGE ( 'NONE', *, *, #1067, .T. ) ;
#620 = LINE ( 'NONE', #1140, #722 ) ;
#621 = ORIENTED_EDGE ( 'NONE', *, *, #901, .T. ) ;
#622 = DIRECTION ( 'NONE',  ( -0.000000000000000000, -0.000000000000000000, -1.000000000000000000 ) ) ;
#623 = LINE ( 'NONE', #761, #1598 ) ;
#624 = AXIS2_PLACEMENT_3D ( 'NONE', #1674, #482, #355 ) ;
#625 = DIRECTION ( 'NONE',  ( 0.000000000000000000, -0.1402661271484180183, -0.9901138386947149206 ) ) ;
#626 = ORIENTED_EDGE ( 'NONE', *, *, #89, .F. ) ;
#627 = EDGE_CURVE ( 'NONE', #1623, #825, #660, .T. ) ;
#628 = ORIENTED_EDGE ( 'NONE', *, *, #1389, .F. ) ;
#629 = DIRECTION ( 'NONE',  ( 1.000000000000000000, -0.000000000000000000, -0.000000000000000000 ) ) ;
#630 = CARTESIAN_POINT ( 'NONE',  ( -12225.00000000000182, 1189.999999999998408, -960.0000000000002274 ) ) ;
#631 = CYLINDRICAL_SURFACE ( 'NONE', #624, 460.0000000000000568 ) ;
#632 = AXIS2_PLACEMENT_3D ( 'NONE', #1289, #1426, #122 ) ;
#633 = LINE ( 'NONE', #1154, #555 ) ;
#634 = ORIENTED_EDGE ( 'NONE', *, *, #834, .T. ) ;
#635 = ORIENTED_EDGE ( 'NONE', *, *, #1226, .T. ) ;
#636 = VECTOR ( 'NONE', #1203, 1000.000000000000000 ) ;
#637 = FACE_OUTER_BOUND ( 'NONE', #373, .T. ) ;
#638 = EDGE_CURVE ( 'NONE', #1238, #85, #822, .T. ) ;
#639 = DIRECTION ( 'NONE',  ( 0.000000000000000000, 1.000000000000000000, 0.000000000000000000 ) ) ;
#640 = DIRECTION ( 'NONE',  ( 0.000000000000000000, 0.000000000000000000, 1.000000000000000000 ) ) ;
#641 = VECTOR ( 'NONE', #1534, 1000.000000000000114 ) ;
#642 = CARTESIAN_POINT ( 'NONE',  ( -13899.99999999999818, -814.9999999999974989, 2.164934898019055254E-12 ) ) ;
#643 = ORIENTED_EDGE ( 'NONE', *, *, #465, .T. ) ;
#644 = ORIENTED_EDGE ( 'NONE', *, *, #22, .F. ) ;
#645 = CARTESIAN_POINT ( 'NONE',  ( -1950.000000000000227, -899.9999999999998863, -910.0000000000001137 ) ) ;
#646 = EDGE_CURVE ( 'NONE', #1155, #1454, #301, .T. ) ;
#647 = ADVANCED_FACE ( 'NONE', ( #1024 ), #259, .F. ) ;
#648 = SURFACE_SIDE_STYLE ('',( #8 ) ) ;
#649 = DIRECTION ( 'NONE',  ( 0.000000000000000000, -1.000000000000000000, 0.000000000000000000 ) ) ;
#650 = DIRECTION ( 'NONE',  ( 0.000000000000000000, -0.9854601157443478865, -0.1699069165076472210 ) ) ;
#651 = CYLINDRICAL_SURFACE ( 'NONE', #1607, 460.0000000000000568 ) ;
#652 = EDGE_LOOP ( 'NONE', ( #395, #1282, #801 ) ) ;
#653 = EDGE_LOOP ( 'NONE', ( #882, #886, #262, #1255 ) ) ;
#654 = AXIS2_PLACEMENT_3D ( 'NONE', #33, #701, #415 ) ;
#655 = VERTEX_POINT ( 'NONE', #1191 ) ;
#656 = LINE ( 'NONE', #832, #1034 ) ;
#657 = EDGE_LOOP ( 'NONE', ( #1073, #599, #1615, #1530 ) ) ;
#658 = STYLED_ITEM ( 'NONE', ( #973 ), #171 ) ;
#659 = DIRECTION ( 'NONE',  ( 0.000000000000000000, 0.000000000000000000, 1.000000000000000000 ) ) ;
#660 = LINE ( 'NONE', #1050, #1633 ) ;
#661 = VECTOR ( 'NONE', #581, 1000.000000000000000 ) ;
#662 = CARTESIAN_POINT ( 'NONE',  ( -12100.00000000000182, 1054.999999999997499, -459.9999999999980105 ) ) ;
#663 = ORIENTED_EDGE ( 'NONE', *, *, #1423, .T. ) ;
#664 = ORIENTED_EDGE ( 'NONE', *, *, #58, .F. ) ;
#665 = DIRECTION ( 'NONE',  ( -1.000000000000000000, 0.000000000000000000, 0.000000000000000000 ) ) ;
#666 = ORIENTED_EDGE ( 'NONE', *, *, #771, .F. ) ;
#667 = FILL_AREA_STYLE ('',( #147 ) ) ;
#668 = LINE ( 'NONE', #933, #312 ) ;
#669 = PLANE ( 'NONE',  #517 ) ;
#670 = LINE ( 'NONE', #1061, #693 ) ;
#671 = EDGE_CURVE ( 'NONE', #263, #758, #128, .T. ) ;
#672 = VERTEX_POINT ( 'NONE', #1579 ) ;
#673 = ADVANCED_FACE ( 'NONE', ( #898 ), #527, .T. ) ;
#674 = ORIENTED_EDGE ( 'NONE', *, *, #1469, .T. ) ;
#675 = ITEM_DEFINED_TRANSFORMATION ( 'NONE', 'NONE', #296,  #437 ) ;
#676 = VERTEX_POINT ( 'NONE', #379 ) ;
#677 = DIRECTION ( 'NONE',  ( 1.000000000000000000, 0.000000000000000000, 0.000000000000000000 ) ) ;
#678 = CARTESIAN_POINT ( 'NONE',  ( -1950.000000000000227, -800.0000000000000000, -910.0000000000001137 ) ) ;
#679 = DIRECTION ( 'NONE',  ( 0.000000000000000000, -0.9854601157443478865, 0.1699069165076472210 ) ) ;
#680 = CARTESIAN_POINT ( 'NONE',  ( -11825.00000000000182, 899.9999999999998863, -910.0000000000001137 ) ) ;
#681 = ORIENTED_EDGE ( 'NONE', *, *, #532, .F. ) ;
#682 = AXIS2_PLACEMENT_3D ( 'NONE', #1136, #893, #907 ) ;
#683 = VERTEX_POINT ( 'NONE', #1450 ) ;
#684 = SURFACE_STYLE_FILL_AREA ( #1341 ) ;
#685 = FACE_OUTER_BOUND ( 'NONE', #913, .T. ) ;
#686 = LINE ( 'NONE', #1212, #1631 ) ;
#687 = DIRECTION ( 'NONE',  ( 0.000000000000000000, -1.000000000000000000, 5.261720495853834886E-17 ) ) ;
#688 = ORIENTED_EDGE ( 'NONE', *, *, #410, .F. ) ;
#689 = VERTEX_POINT ( 'NONE', #1588 ) ;
#690 = PRODUCT_RELATED_PRODUCT_CATEGORY ( 'part', '', ( #560 ) ) ;
#691 = DIRECTION ( 'NONE',  ( 0.000000000000000000, 0.000000000000000000, 1.000000000000000000 ) ) ;
#692 = CARTESIAN_POINT ( 'NONE',  ( -14352.99006611624282, 814.9999999999974989, -379.9999999999981242 ) ) ;
#693 = VECTOR ( 'NONE', #172, 1000.000000000000000 ) ;
#694 = DIRECTION ( 'NONE',  ( -1.000000000000000000, 0.000000000000000000, 0.000000000000000000 ) ) ;
#695 = CARTESIAN_POINT ( 'NONE',  ( -14388.56810139493609, 877.4999988432243754, -379.9999999999981242 ) ) ;
#696 = DIRECTION ( 'NONE',  ( -1.000000000000000000, -0.000000000000000000, -0.000000000000000000 ) ) ;
#697 = ORIENTED_EDGE ( 'NONE', *, *, #920, .F. ) ;
#698 = VECTOR ( 'NONE', #740, 1000.000000000000000 ) ;
#699 = ORIENTED_EDGE ( 'NONE', *, *, #1366, .T. ) ;
#700 = CARTESIAN_POINT ( 'NONE',  ( 10850.00000000000000, -2.220446049250313081E-13, -1.285347856208893198E-13 ) ) ;
#701 = DIRECTION ( 'NONE',  ( 0.000000000000000000, 0.000000000000000000, 1.000000000000000000 ) ) ;
#702 = EDGE_CURVE ( 'NONE', #123, #75, #388, .T. ) ;
#703 = CARTESIAN_POINT ( 'NONE',  ( -13899.99999999999818, 1054.999999999997499, -459.9999999999980105 ) ) ;
#704 = FACE_BOUND ( 'NONE', #469, .T. ) ;
#705 = DIRECTION ( 'NONE',  ( 0.000000000000000000, 1.000000000000000000, -5.261720495853834886E-17 ) ) ;
#706 = DIRECTION ( 'NONE',  ( -1.000000000000000000, -0.000000000000000000, -0.000000000000000000 ) ) ;
#707 = DIRECTION ( 'NONE',  ( 0.000000000000000000, 0.000000000000000000, 1.000000000000000000 ) ) ;
#708 = VECTOR ( 'NONE', #1405, 1000.000000000000000 ) ;
#709 = CARTESIAN_POINT ( 'NONE',  ( -1950.000000000000227, 1189.999999999998408, -960.0000000000002274 ) ) ;
#710 = DIRECTION ( 'NONE',  ( 0.000000000000000000, -1.000000000000000000, 0.000000000000000000 ) ) ;
#711 = LINE ( 'NONE', #983, #375 ) ;
#712 = ADVANCED_FACE ( 'NONE', ( #249 ), #1162, .T. ) ;
#713 = ORIENTED_EDGE ( 'NONE', *, *, #1411, .F. ) ;
#714 = AXIS2_PLACEMENT_3D ( 'NONE', #865, #1520, #1396 ) ;
#715 = CARTESIAN_POINT ( 'NONE',  ( -13899.99999999999818, 814.9999999999974989, -459.9999999999980105 ) ) ;
#716 = CARTESIAN_POINT ( 'NONE',  ( -11411.43189860506209, 877.4999988432243754, -379.9999999999981242 ) ) ;
#717 = MECHANICAL_DESIGN_GEOMETRIC_PRESENTATION_REPRESENTATION (  '', ( #1474 ), #195 ) ;
#718 = CARTESIAN_POINT ( 'NONE',  ( -14388.56810139493609, 877.4999988432243754, -909.9999999999984084 ) ) ;
#719 = EDGE_CURVE ( 'NONE', #167, #935, #778, .T. ) ;
#720 = EDGE_CURVE ( 'NONE', #5, #131, #790, .T. ) ;
#721 = ORIENTED_EDGE ( 'NONE', *, *, #157, .F. ) ;
#722 = VECTOR ( 'NONE', #359, 1000.000000000000000 ) ;
#723 = DIRECTION ( 'NONE',  ( -0.000000000000000000, -1.000000000000000000, -0.000000000000000000 ) ) ;
#724 = UNCERTAINTY_MEASURE_WITH_UNIT (LENGTH_MEASURE( 1.000000000000000082E-05 ), #1200, 'distance_accuracy_value', 'NONE');
#725 = CARTESIAN_POINT ( 'NONE',  ( -2350.000000000000000, 899.9999999999998863, -910.0000000000001137 ) ) ;
#726 = FACE_OUTER_BOUND ( 'NONE', #471, .T. ) ;
#727 = FACE_OUTER_BOUND ( 'NONE', #1500, .T. ) ;
#728 = EDGE_LOOP ( 'NONE', ( #236, #503, #562, #1187 ) ) ;
#729 = VERTEX_POINT ( 'NONE', #1308 ) ;
#730 = CARTESIAN_POINT ( 'NONE',  ( -12100.00000000000182, 679.9999999999978400, 1.887379141862766119E-12 ) ) ;
#731 = DIRECTION ( 'NONE',  ( 0.000000000000000000, 0.000000000000000000, 1.000000000000000000 ) ) ;
#732 = AXIS2_PLACEMENT_3D ( 'NONE', #1068, #959, #1634 ) ;
#733 = DIRECTION ( 'NONE',  ( 6.123233995732909246E-17, 0.4999999999996850852, 0.8660254037846203401 ) ) ;
#734 = PRODUCT_DEFINITION_FORMATION_WITH_SPECIFIED_SOURCE ( 'TUTTO', '', #1065, .NOT_KNOWN. ) ;
#735 = CYLINDRICAL_SURFACE ( 'NONE', #187, 460.0000000000000568 ) ;
#736 = ORIENTED_EDGE ( 'NONE', *, *, #992, .T. ) ;
#737 = STYLED_ITEM ( 'NONE', ( #777 ), #1007 ) ;
#738 = EDGE_LOOP ( 'NONE', ( #1671, #16, #1131, #1275 ) ) ;
#739 = CIRCLE ( 'NONE', #1576, 459.9999999999998863 ) ;
#740 = DIRECTION ( 'NONE',  ( 0.000000000000000000, 1.000000000000000000, 0.000000000000000000 ) ) ;
#741 = ADVANCED_FACE ( 'NONE', ( #9 ), #231, .T. ) ;
#742 = CARTESIAN_POINT ( 'NONE',  ( -1950.000000000000227, -899.9999999999998863, -910.0000000000001137 ) ) ;
#743 = EDGE_CURVE ( 'NONE', #1231, #910, #99, .T. ) ;
#744 = LINE ( 'NONE', #451, #519 ) ;
#745 = DIRECTION ( 'NONE',  ( 0.000000000000000000, 0.9901138386947148096, 0.1402661271484179906 ) ) ;
#746 = DIRECTION ( 'NONE',  ( 0.000000000000000000, 1.000000000000000000, 5.261720495853834886E-17 ) ) ;
#747 = EDGE_LOOP ( 'NONE', ( #750, #183, #919 ) ) ;
#748 = ORIENTED_EDGE ( 'NONE', *, *, #1687, .T. ) ;
#749 = CARTESIAN_POINT ( 'NONE',  ( -1950.000000000000227, 899.9999999999998863, -910.0000000000001137 ) ) ;
#750 = ORIENTED_EDGE ( 'NONE', *, *, #593, .T. ) ;
#751 = EDGE_CURVE ( 'NONE', #1669, #1660, #1554, .T. ) ;
#752 = DIRECTION ( 'NONE',  ( 0.000000000000000000, 1.000000000000000000, 0.000000000000000000 ) ) ;
#753 = VECTOR ( 'NONE', #889, 1000.000000000000000 ) ;
#754 = PRODUCT_DEFINITION_CONTEXT ( 'detailed design', #1492, 'design' ) ;
#755 = CARTESIAN_POINT ( 'NONE',  ( -2350.000000000000000, -899.9999999999998863, -910.0000000000001137 ) ) ;
#756 = DIRECTION ( 'NONE',  ( 0.000000000000000000, 0.000000000000000000, 1.000000000000000000 ) ) ;
#757 = ORIENTED_EDGE ( 'NONE', *, *, #1698, .T. ) ;
#758 = VERTEX_POINT ( 'NONE', #508 ) ;
#759 = LINE ( 'NONE', #1149, #1052 ) ;
#760 = CARTESIAN_POINT ( 'NONE',  ( -13000.00000000000000, 204.0192378076466753, -769.9999999999960210 ) ) ;
#761 = CARTESIAN_POINT ( 'NONE',  ( -11825.00000000000182, -1189.999999999998408, -960.0000000000002274 ) ) ;
#762 = AXIS2_PLACEMENT_3D ( 'NONE', #109, #1042, #1009 ) ;
#763 = CARTESIAN_POINT ( 'NONE',  ( -13899.99999999999818, -1054.999999999997499, 2.053912595556539600E-12 ) ) ;
#764 = ORIENTED_EDGE ( 'NONE', *, *, #1411, .T. ) ;
#765 = ADVANCED_FACE ( 'NONE', ( #1031 ), #1570, .T. ) ;
#766 = VERTEX_POINT ( 'NONE', #760 ) ;
#767 = FACE_OUTER_BOUND ( 'NONE', #348, .T. ) ;
#768 = DIRECTION ( 'NONE',  ( -1.000000000000000000, -1.566452239330026778E-17, -0.000000000000000000 ) ) ;
#769 = DIRECTION ( 'NONE',  ( 0.000000000000000000, 5.261720495853834886E-17, -1.000000000000000000 ) ) ;
#770 = EDGE_LOOP ( 'NONE', ( #1012, #1182, #111, #1145 ) ) ;
#771 = EDGE_CURVE ( 'NONE', #935, #540, #1286, .T. ) ;
#772 = ORIENTED_EDGE ( 'NONE', *, *, #1171, .F. ) ;
#773 = EDGE_CURVE ( 'NONE', #1592, #1680, #426, .T. ) ;
#774 = AXIS2_PLACEMENT_3D ( 'NONE', #1367, #687, #839 ) ;
#775 = LINE ( 'NONE', #645, #927 ) ;
#776 = VERTEX_POINT ( 'NONE', #1625 ) ;
#777 = PRESENTATION_STYLE_ASSIGNMENT (( #1596 ) ) ;
#778 = LINE ( 'NONE', #1170, #1317 ) ;
#779 = CARTESIAN_POINT ( 'NONE',  ( -14175.00000000000000, 1189.999999999997499, -960.0000000000002274 ) ) ;
#780 = CIRCLE ( 'NONE', #997, 459.9999999999998863 ) ;
#781 = CARTESIAN_POINT ( 'NONE',  ( -2350.000000000000000, 200.0000000000000000, -825.0000000000001137 ) ) ;
#782 = ORIENTED_EDGE ( 'NONE', *, *, #465, .F. ) ;
#783 = ORIENTED_EDGE ( 'NONE', *, *, #1516, .F. ) ;
#784 = DIRECTION ( 'NONE',  ( 0.000000000000000000, -1.000000000000000000, 5.261720495853834886E-17 ) ) ;
#785 = CARTESIAN_POINT ( 'NONE',  ( -13899.99999999999818, 679.9999999999978400, -459.9999999999980105 ) ) ;
#786 = PRESENTATION_STYLE_ASSIGNMENT (( #1497 ) ) ;
#787 = FACE_OUTER_BOUND ( 'NONE', #1565, .T. ) ;
#788 = VERTEX_POINT ( 'NONE', #692 ) ;
#789 = ORIENTED_EDGE ( 'NONE', *, *, #1643, .F. ) ;
#790 = CIRCLE ( 'NONE', #1399, 459.9999999999998863 ) ;
#791 = PLANE ( 'NONE',  #1488 ) ;
#792 = ORIENTED_EDGE ( 'NONE', *, *, #1517, .T. ) ;
#793 = ADVANCED_FACE ( 'NONE', ( #820 ), #547, .T. ) ;
#794 = LINE ( 'NONE', #1325, #1277 ) ;
#795 = ADVANCED_FACE ( 'NONE', ( #1218 ), #1095, .F. ) ;
#796 = CARTESIAN_POINT ( 'NONE',  ( -14343.16348885549087, 814.9999999999974989, -381.8583200498775341 ) ) ;
#797 = CARTESIAN_POINT ( 'NONE',  ( -11611.43189860506391, 1077.499998843224375, -379.9999999999981242 ) ) ;
#798 = ORIENTED_EDGE ( 'NONE', *, *, #136, .F. ) ;
#799 = AXIS2_PLACEMENT_3D ( 'NONE', #1529, #746, #756 ) ;
#800 = APPLICATION_CONTEXT ( 'automotive_design' ) ;
#801 = ORIENTED_EDGE ( 'NONE', *, *, #382, .T. ) ;
#802 = ORIENTED_EDGE ( 'NONE', *, *, #838, .T. ) ;
#803 = DIRECTION ( 'NONE',  ( -0.000000000000000000, -0.000000000000000000, -1.000000000000000000 ) ) ;
#804 = CARTESIAN_POINT ( 'NONE',  ( 0.000000000000000000, 0.000000000000000000, -960.0000000000002274 ) ) ;
#805 = EDGE_CURVE ( 'NONE', #788, #1004, #1606, .T. ) ;
#806 = LINE ( 'NONE', #1335, #636 ) ;
#807 = ORIENTED_EDGE ( 'NONE', *, *, #1614, .T. ) ;
#808 = PRODUCT_DEFINITION_SHAPE ( 'NONE', 'NONE',  #1706 ) ;
#809 = ORIENTED_EDGE ( 'NONE', *, *, #931, .T. ) ;
#810 = EDGE_LOOP ( 'NONE', ( #383, #1248, #634, #896 ) ) ;
#811 = CARTESIAN_POINT ( 'NONE',  ( -2350.000000000000000, -899.9999999999998863, -910.0000000000001137 ) ) ;
#812 = CARTESIAN_POINT ( 'NONE',  ( -14175.00000000000000, -1190.000000000001137, -960.0000000000002274 ) ) ;
#813 = DIRECTION ( 'NONE',  ( 1.000000000000000000, -0.000000000000000000, -0.000000000000000000 ) ) ;
#814 = EDGE_CURVE ( 'NONE', #766, #292, #815, .T. ) ;
#815 = CIRCLE ( 'NONE', #654, 204.0192378076466468 ) ;
#816 = VECTOR ( 'NONE', #953, 1000.000000000000000 ) ;
#817 = EDGE_LOOP ( 'NONE', ( #736, #643, #1204, #926 ) ) ;
#818 = MECHANICAL_DESIGN_GEOMETRIC_PRESENTATION_REPRESENTATION (  '', ( #658 ), #376 ) ;
#819 =( NAMED_UNIT ( * ) SI_UNIT ( $, .STERADIAN. ) SOLID_ANGLE_UNIT ( ) );
#820 = FACE_OUTER_BOUND ( 'NONE', #1112, .T. ) ;
#821 = LINE ( 'NONE', #1608, #1243 ) ;
#822 = CIRCLE ( 'NONE', #1040, 172.2649730022416463 ) ;
#823 = LINE ( 'NONE', #575, #417 ) ;
#824 = CARTESIAN_POINT ( 'NONE',  ( -12225.00000000000182, -200.0000000000000000, -825.0000000000001137 ) ) ;
#825 = VERTEX_POINT ( 'NONE', #940 ) ;
#826 = EDGE_CURVE ( 'NONE', #1320, #229, #1486, .T. ) ;
#827 = VERTEX_POINT ( 'NONE', #293 ) ;
#828 = DIRECTION ( 'NONE',  ( 1.000000000000000000, 0.000000000000000000, 0.000000000000000000 ) ) ;
#829 = CARTESIAN_POINT ( 'NONE',  ( -1950.000000000000227, 1189.999999999998408, -960.0000000000002274 ) ) ;
#830 = LINE ( 'NONE', #127, #1321 ) ;
#831 = CARTESIAN_POINT ( 'NONE',  ( -11411.43189860506209, -877.4999988432243754, -769.9999999999960210 ) ) ;
#832 = CARTESIAN_POINT ( 'NONE',  ( -12100.00000000000182, -1054.999999999997499, 2.053912595556539600E-12 ) ) ;
#833 = LINE ( 'NONE', #1362, #30 ) ;
#834 = EDGE_CURVE ( 'NONE', #408, #672, #1458, .T. ) ;
#835 = AXIS2_PLACEMENT_3D ( 'NONE', #1392, #1551, #205 ) ;
#836 =( LENGTH_UNIT ( ) NAMED_UNIT ( * ) SI_UNIT ( .MILLI., .METRE. ) );
#837 = CARTESIAN_POINT ( 'NONE',  ( -1950.000000000000227, 800.0000000000000000, -910.0000000000001137 ) ) ;
#838 = EDGE_CURVE ( 'NONE', #1680, #1585, #286, .T. ) ;
#839 = DIRECTION ( 'NONE',  ( 0.000000000000000000, 5.261720495853834886E-17, 1.000000000000000000 ) ) ;
#840 = DIRECTION ( 'NONE',  ( 0.000000000000000000, 0.000000000000000000, 1.000000000000000000 ) ) ;
#841 = ADVANCED_FACE ( 'NONE', ( #685 ), #537, .T. ) ;
#842 = CONTEXT_DEPENDENT_SHAPE_REPRESENTATION ( #1603, #944 ) ;
#843 = AXIS2_PLACEMENT_3D ( 'NONE', #1057, #1253, #864 ) ;
#844 = FACE_OUTER_BOUND ( 'NONE', #1006, .T. ) ;
#845 = PRODUCT_RELATED_PRODUCT_CATEGORY ( 'part', '', ( #1082 ) ) ;
#846 = EDGE_CURVE ( 'NONE', #1121, #1302, #1333, .T. ) ;
#847 = CARTESIAN_POINT ( 'NONE',  ( -12225.00000000000182, 1189.999999999998408, -960.0000000000002274 ) ) ;
#848 = CLOSED_SHELL ( 'NONE', ( #1619, #161, #1589, #1259, #1466, #1338, #215, #1422, #795, #1169, #41, #1207, #1353, #922, #1117, #1315, #793, #1677, #765, #225, #841, #673, #741, #1617, #647, #712 ) ) ;
#849 = PLANE ( 'NONE',  #164 ) ;
#850 = DIRECTION ( 'NONE',  ( -1.000000000000000000, -0.000000000000000000, -0.000000000000000000 ) ) ;
#851 = AXIS2_PLACEMENT_3D ( 'NONE', #130, #1452, #261 ) ;
#852 = CARTESIAN_POINT ( 'NONE',  ( -11825.00000000000182, -800.0000000000000000, -910.0000000000001137 ) ) ;
#853 = LINE ( 'NONE', #1384, #1547 ) ;
#854 = VECTOR ( 'NONE', #69, 1000.000000000000000 ) ;
#855 = VECTOR ( 'NONE', #34, 1000.000000000000000 ) ;
#856 = LINE ( 'NONE', #1119, #708 ) ;
#857 = LINE ( 'NONE', #84, #1468 ) ;
#858 = ORIENTED_EDGE ( 'NONE', *, *, #1573, .F. ) ;
#859 = VERTEX_POINT ( 'NONE', #269 ) ;
#860 = DIRECTION ( 'NONE',  ( -1.000000000000000000, 0.000000000000000000, -0.000000000000000000 ) ) ;
#861 = VECTOR ( 'NONE', #455, 1000.000000000000000 ) ;
#862 = CARTESIAN_POINT ( 'NONE',  ( -11411.43189860506209, 877.4999988432243754, -909.9999999999984084 ) ) ;
#863 = CARTESIAN_POINT ( 'NONE',  ( -14588.56810139493791, 877.4999988432243754, -769.9999999999960210 ) ) ;
#864 = DIRECTION ( 'NONE',  ( 0.000000000000000000, -1.000000000000000000, 0.000000000000000000 ) ) ;
#865 = CARTESIAN_POINT ( 'NONE',  ( -11656.83651114450913, -814.9999999999974989, -381.8583200498775341 ) ) ;
#866 = ORIENTED_EDGE ( 'NONE', *, *, #1100, .F. ) ;
#867 = EDGE_CURVE ( 'NONE', #1238, #292, #794, .T. ) ;
#868 = ORIENTED_EDGE ( 'NONE', *, *, #22, .T. ) ;
#869 = EDGE_CURVE ( 'NONE', #98, #1417, #334, .T. ) ;
#870 = LINE ( 'NONE', #1679, #753 ) ;
#871 = DIRECTION ( 'NONE',  ( -1.000000000000000000, -0.000000000000000000, 0.000000000000000000 ) ) ;
#872 = AXIS2_PLACEMENT_3D ( 'NONE', #362, #890, #1424 ) ;
#873 = CARTESIAN_POINT ( 'NONE',  ( -13000.00000000000000, 229.9999999211528348, -725.0000000000050022 ) ) ;
#874 =( GEOMETRIC_REPRESENTATION_CONTEXT ( 3 ) GLOBAL_UNCERTAINTY_ASSIGNED_CONTEXT ( ( #1555 ) ) GLOBAL_UNIT_ASSIGNED_CONTEXT ( ( #836, #1086, #463 ) ) REPRESENTATION_CONTEXT ( 'NONE', 'WORKASPACE' ) );
#875 = DIRECTION ( 'NONE',  ( 0.000000000000000000, -1.000000000000000000, 0.000000000000000000 ) ) ;
#876 = DIRECTION ( 'NONE',  ( 0.000000000000000000, 0.000000000000000000, 1.000000000000000000 ) ) ;
#877 = VERTEX_POINT ( 'NONE', #304 ) ;
#878 = ORIENTED_EDGE ( 'NONE', *, *, #814, .T. ) ;
#879 = AXIS2_PLACEMENT_3D ( 'NONE', #466, #1244, #710 ) ;
#880 = DIRECTION ( 'NONE',  ( 0.000000000000000000, -1.000000000000000000, 5.261720495853834886E-17 ) ) ;
#881 = EDGE_CURVE ( 'NONE', #222, #1623, #668, .T. ) ;
#882 = ORIENTED_EDGE ( 'NONE', *, *, #1011, .T. ) ;
#883 = FACE_BOUND ( 'NONE', #1190, .T. ) ;
#884 = CARTESIAN_POINT ( 'NONE',  ( -11825.00000000000182, -200.0000000000000000, -825.0000000000001137 ) ) ;
#885 = CARTESIAN_POINT ( 'NONE',  ( -14175.00000000000000, 1189.999999999997499, -1160.000000000000227 ) ) ;
#886 = ORIENTED_EDGE ( 'NONE', *, *, #1287, .F. ) ;
#887 = ORIENTED_EDGE ( 'NONE', *, *, #1423, .F. ) ;
#888 =( REPRESENTATION_RELATIONSHIP ('NONE','NONE', #1652, #1431 ) REPRESENTATION_RELATIONSHIP_WITH_TRANSFORMATION ( #1371 )SHAPE_REPRESENTATION_RELATIONSHIP( ) );
#889 = DIRECTION ( 'NONE',  ( 1.000000000000000000, -0.000000000000000000, -0.000000000000000000 ) ) ;
#890 = DIRECTION ( 'NONE',  ( 0.000000000000000000, -0.1699069165076472210, 0.9854601157443478865 ) ) ;
#891 = EDGE_CURVE ( 'NONE', #1160, #167, #1483, .T. ) ;
#892 = PRODUCT_DEFINITION_CONTEXT ( 'detailed design', #303, 'design' ) ;
#893 = DIRECTION ( 'NONE',  ( -1.000000000000000000, -9.329605248950916386E-17, 0.000000000000000000 ) ) ;
#894 = CARTESIAN_POINT ( 'NONE',  ( -11825.00000000000182, -200.0000000000000000, -825.0000000000001137 ) ) ;
#895 = ORIENTED_EDGE ( 'NONE', *, *, #805, .T. ) ;
#896 = ORIENTED_EDGE ( 'NONE', *, *, #360, .T. ) ;
#897 = DIRECTION ( 'NONE',  ( 0.000000000000000000, -0.9901138386947148096, 0.1402661271484180183 ) ) ;
#898 = FACE_OUTER_BOUND ( 'NONE', #1205, .T. ) ;
#899 = EDGE_CURVE ( 'NONE', #1130, #252, #178, .T. ) ;
#900 = CARTESIAN_POINT ( 'NONE',  ( -13000.00000000000000, 0.000000000000000000, -825.0000000000000000 ) ) ;
#901 = EDGE_CURVE ( 'NONE', #1601, #827, #276, .T. ) ;
#902 = CARTESIAN_POINT ( 'NONE',  ( -11647.00993388375718, 814.9999999999974989, -379.9999999999981242 ) ) ;
#903 = ORIENTED_EDGE ( 'NONE', *, *, #1236, .F. ) ;
#904 = VERTEX_POINT ( 'NONE', #156 ) ;
#905 = DIRECTION ( 'NONE',  ( 0.000000000000000000, 1.000000000000000000, 5.261720495853834886E-17 ) ) ;
#906 = DIRECTION ( 'NONE',  ( 0.000000000000000000, -1.000000000000000000, 0.000000000000000000 ) ) ;
#907 = DIRECTION ( 'NONE',  ( 9.329605248950916386E-17, -1.000000000000000000, 0.000000000000000000 ) ) ;
#908 = DIRECTION ( 'NONE',  ( -0.000000000000000000, -0.9901138386947148096, -0.1402661271484180183 ) ) ;
#909 = EDGE_LOOP ( 'NONE', ( #266, #144, #541, #1283, #1678, #20, #1559, #970 ) ) ;
#910 = VERTEX_POINT ( 'NONE', #1201 ) ;
#911 = CIRCLE ( 'NONE', #1444, 459.9999999999998863 ) ;
#912 = CARTESIAN_POINT ( 'NONE',  ( -12100.00000000000182, -814.9999999999974989, -459.9999999999980105 ) ) ;
#913 = EDGE_LOOP ( 'NONE', ( #1472, #302, #1058, #1676 ) ) ;
#914 = CARTESIAN_POINT ( 'NONE',  ( -14388.56810139493609, -877.4999988432243754, -769.9999999999960210 ) ) ;
#915 = DIRECTION ( 'NONE',  ( 0.000000000000000000, 1.000000000000000000, 0.000000000000000000 ) ) ;
#916 = VECTOR ( 'NONE', #803, 1000.000000000000000 ) ;
#917 = DIRECTION ( 'NONE',  ( 1.000000000000000000, 0.000000000000000000, -0.000000000000000000 ) ) ;
#918 = ORIENTED_EDGE ( 'NONE', *, *, #104, .T. ) ;
#919 = ORIENTED_EDGE ( 'NONE', *, *, #509, .T. ) ;
#920 = EDGE_CURVE ( 'NONE', #222, #1160, #1271, .T. ) ;
#921 = LINE ( 'NONE', #1487, #816 ) ;
#922 = ADVANCED_FACE ( 'NONE', ( #844 ), #216, .F. ) ;
#923 = ORIENTED_EDGE ( 'NONE', *, *, #901, .F. ) ;
#924 = DIRECTION ( 'NONE',  ( 0.000000000000000000, 0.000000000000000000, 1.000000000000000000 ) ) ;
#925 = CARTESIAN_POINT ( 'NONE',  ( -11647.00993388375718, 679.9999999999977263, -379.9999999999981242 ) ) ;
#926 = ORIENTED_EDGE ( 'NONE', *, *, #204, .T. ) ;
#927 = VECTOR ( 'NONE', #525, 1000.000000000000000 ) ;
#928 = EDGE_LOOP ( 'NONE', ( #584, #162, #664, #681, #196, #1408, #618, #1702 ) ) ;
#929 = VECTOR ( 'NONE', #617, 1000.000000000000000 ) ;
#930 = EDGE_LOOP ( 'NONE', ( #1105, #1002, #559 ) ) ;
#931 = EDGE_CURVE ( 'NONE', #222, #676, #1251, .T. ) ;
#932 = VECTOR ( 'NONE', #1376, 1000.000000000000114 ) ;
#933 = CARTESIAN_POINT ( 'NONE',  ( -14175.00000000000000, -1190.000000000001137, -960.0000000000002274 ) ) ;
#934 = DIRECTION ( 'NONE',  ( 0.000000000000000000, 1.000000000000000000, -5.261720495853834886E-17 ) ) ;
#935 = VERTEX_POINT ( 'NONE', #837 ) ;
#936 = VECTOR ( 'NONE', #227, 1000.000000000000000 ) ;
#937 = ORIENTED_EDGE ( 'NONE', *, *, #1517, .F. ) ;
#938 = EDGE_CURVE ( 'NONE', #995, #409, #206, .T. ) ;
#939 = ORIENTED_EDGE ( 'NONE', *, *, #638, .F. ) ;
#940 = CARTESIAN_POINT ( 'NONE',  ( 0.000000000000000000, -1189.999999999997272, -1160.000000000000227 ) ) ;
#941 = DIRECTION ( 'NONE',  ( 0.000000000000000000, -1.000000000000000000, -5.261720495853834886E-17 ) ) ;
#942 = EDGE_CURVE ( 'NONE', #98, #1122, #587, .T. ) ;
#943 = DIRECTION ( 'NONE',  ( -1.000000000000000000, -1.566452239330026778E-17, -0.000000000000000000 ) ) ;
#944 = PRODUCT_DEFINITION_SHAPE ( 'NONE', 'NONE',  #1704 ) ;
#945 = AXIS2_PLACEMENT_3D ( 'NONE', #948, #148, #1496 ) ;
#946 = ORIENTED_EDGE ( 'NONE', *, *, #309, .T. ) ;
#947 = ORIENTED_EDGE ( 'NONE', *, *, #1287, .T. ) ;
#948 = CARTESIAN_POINT ( 'NONE',  ( -11611.43189860506391, 877.4999988432243754, -769.9999999999960210 ) ) ;
#949 = DIRECTION ( 'NONE',  ( 1.000000000000000000, -0.000000000000000000, -0.000000000000000000 ) ) ;
#950 = DIRECTION ( 'NONE',  ( 0.000000000000000000, -0.9901138386947148096, 0.1402661271484180183 ) ) ;
#951 = EDGE_CURVE ( 'NONE', #1417, #526, #1372, .T. ) ;
#952 = EDGE_CURVE ( 'NONE', #280, #1062, #88, .T. ) ;
#953 = DIRECTION ( 'NONE',  ( 1.000000000000000000, 0.000000000000000000, 0.000000000000000000 ) ) ;
#954 = VECTOR ( 'NONE', #1142, 1000.000000000000114 ) ;
#955 = AXIS2_PLACEMENT_3D ( 'NONE', #1567, #133, #438 ) ;
#956 = ORIENTED_EDGE ( 'NONE', *, *, #1099, .T. ) ;
#957 = AXIS2_PLACEMENT_3D ( 'NONE', #1107, #1348, #1094 ) ;
#958 = PRODUCT_CONTEXT ( 'NONE', #800, 'mechanical' ) ;
#959 = DIRECTION ( 'NONE',  ( 0.000000000000000000, -0.1699069165076472210, -0.9854601157443478865 ) ) ;
#960 = PRESENTATION_LAYER_ASSIGNMENT (  '', '', ( #737 ) ) ;
#961 = DIRECTION ( 'NONE',  ( -0.000000000000000000, 0.000000000000000000, 1.000000000000000000 ) ) ;
#962 = VECTOR ( 'NONE', #733, 1000.000000000000114 ) ;
#963 = PLANE ( 'NONE',  #470 ) ;
#964 = FACE_OUTER_BOUND ( 'NONE', #281, .T. ) ;
#965 = ADVANCED_FACE ( 'NONE', ( #1663 ), #1393, .F. ) ;
#966 = ORIENTED_EDGE ( 'NONE', *, *, #1355, .T. ) ;
#967 = DIRECTION ( 'NONE',  ( 0.000000000000000000, 1.000000000000000000, 5.261720495853834886E-17 ) ) ;
#968 = DIRECTION ( 'NONE',  ( 0.000000000000000000, -5.261720495853834886E-17, -1.000000000000000000 ) ) ;
#969 = DIRECTION ( 'NONE',  ( 1.000000000000000000, 0.000000000000000000, 0.000000000000000000 ) ) ;
#970 = ORIENTED_EDGE ( 'NONE', *, *, #920, .T. ) ;
#971 = CIRCLE ( 'NONE', #1194, 460.0000000000001705 ) ;
#972 = EDGE_CURVE ( 'NONE', #1130, #1121, #780, .T. ) ;
#973 = PRESENTATION_STYLE_ASSIGNMENT (( #321 ) ) ;
#974 = ADVANCED_FACE ( 'NONE', ( #1262 ), #1083, .T. ) ;
#975 = CARTESIAN_POINT ( 'NONE',  ( -2350.000000000000000, -200.0000000000000000, -825.0000000000001137 ) ) ;
#976 = CARTESIAN_POINT ( 'NONE',  ( -14588.56810139493791, 877.4999988432243754, -379.9999999999981242 ) ) ;
#977 = LINE ( 'NONE', #1098, #265 ) ;
#978 = DIRECTION ( 'NONE',  ( 0.000000000000000000, 0.000000000000000000, 1.000000000000000000 ) ) ;
#979 = PRODUCT_CONTEXT ( 'NONE', #1510, 'mechanical' ) ;
#980 = AXIS2_PLACEMENT_3D ( 'NONE', #260, #1690, #232 ) ;
#981 = CARTESIAN_POINT ( 'NONE',  ( -12100.00000000000182, 679.9999999999978400, -459.9999999999980105 ) ) ;
#982 = CARTESIAN_POINT ( 'NONE',  ( -14588.56810139493791, -877.4999988432243754, -909.9999999999984084 ) ) ;
#983 = CARTESIAN_POINT ( 'NONE',  ( -14352.99006611624282, -1054.999999999997499, -379.9999999999981242 ) ) ;
#984 = CARTESIAN_POINT ( 'NONE',  ( -12552.99006611624645, -814.9999999999974989, -379.9999999999981242 ) ) ;
#985 = ORIENTED_EDGE ( 'NONE', *, *, #115, .T. ) ;
#986 = VERTEX_POINT ( 'NONE', #184 ) ;
#987 = CARTESIAN_POINT ( 'NONE',  ( -1950.000000000000227, 1189.999999999998408, -960.0000000000002274 ) ) ;
#988 = CARTESIAN_POINT ( 'NONE',  ( -2350.000000000000000, -200.0000000000000000, -825.0000000000001137 ) ) ;
#989 = CARTESIAN_POINT ( 'NONE',  ( -13899.99999999999818, -679.9999999999978400, -459.9999999999980105 ) ) ;
#990 = PRODUCT_DEFINITION ( 'NON CONOSCIUTO', '', #1401, #892 ) ;
#991 = DIRECTION ( 'NONE',  ( 0.000000000000000000, -1.000000000000000000, 0.000000000000000000 ) ) ;
#992 = EDGE_CURVE ( 'NONE', #1122, #570, #533, .T. ) ;
#993 = DIRECTION ( 'NONE',  ( 0.000000000000000000, -1.000000000000000000, -5.261720495853834886E-17 ) ) ;
#994 = ORIENTED_EDGE ( 'NONE', *, *, #1628, .T. ) ;
#995 = VERTEX_POINT ( 'NONE', #79 ) ;
#996 = PLANE ( 'NONE',  #1587 ) ;
#997 = AXIS2_PLACEMENT_3D ( 'NONE', #981, #1133, #444 ) ;
#998 = CARTESIAN_POINT ( 'NONE',  ( -11411.43189860506209, 0.000000000000000000, -379.9999999999981242 ) ) ;
#999 = DIRECTION ( 'NONE',  ( 0.000000000000000000, 0.000000000000000000, 1.000000000000000000 ) ) ;
#1000 = DIRECTION ( 'NONE',  ( -0.000000000000000000, 0.000000000000000000, 1.000000000000000000 ) ) ;
#1001 = CARTESIAN_POINT ( 'NONE',  ( -14175.00000000000000, 1189.999999999997499, -960.0000000000002274 ) ) ;
#1002 = ORIENTED_EDGE ( 'NONE', *, *, #157, .T. ) ;
#1003 = EDGE_CURVE ( 'NONE', #401, #788, #971, .T. ) ;
#1004 = VERTEX_POINT ( 'NONE', #605 ) ;
#1005 = CARTESIAN_POINT ( 'NONE',  ( -12225.00000000000182, 200.0000000000000000, -825.0000000000001137 ) ) ;
#1006 = EDGE_LOOP ( 'NONE', ( #802, #1027, #1697, #202 ) ) ;
#1007 = ADVANCED_BREP_SHAPE_REPRESENTATION ( '', ( #1646, #350 ), #1493 ) ;
#1008 = DIRECTION ( 'NONE',  ( 0.000000000000000000, -1.000000000000000000, 0.000000000000000000 ) ) ;
#1009 = DIRECTION ( 'NONE',  ( 0.000000000000000000, 0.000000000000000000, 1.000000000000000000 ) ) ;
#1010 = ORIENTED_EDGE ( 'NONE', *, *, #410, .T. ) ;
#1011 = EDGE_CURVE ( 'NONE', #1138, #486, #1242, .T. ) ;
#1012 = ORIENTED_EDGE ( 'NONE', *, *, #60, .T. ) ;
#1013 = CARTESIAN_POINT ( 'NONE',  ( -12225.00000000000182, 200.0000000000000000, -825.0000000000001137 ) ) ;
#1014 = CIRCLE ( 'NONE', #799, 460.0000000000001705 ) ;
#1015 = CARTESIAN_POINT ( 'NONE',  ( -12552.99006611624645, -1054.999999999997499, -379.9999999999981242 ) ) ;
#1016 = LINE ( 'NONE', #1288, #278 ) ;
#1017 = LINE ( 'NONE', #894, #328 ) ;
#1018 = ORIENTED_EDGE ( 'NONE', *, *, #867, .F. ) ;
#1019 = AXIS2_PLACEMENT_3D ( 'NONE', #538, #1060, #694 ) ;
#1020 = ORIENTED_EDGE ( 'NONE', *, *, #402, .T. ) ;
#1021 = DIRECTION ( 'NONE',  ( 0.000000000000000000, -1.000000000000000000, 0.000000000000000000 ) ) ;
#1022 = EDGE_CURVE ( 'NONE', #526, #683, #473, .T. ) ;
#1023 = EDGE_CURVE ( 'NONE', #729, #222, #580, .T. ) ;
#1024 = FACE_OUTER_BOUND ( 'NONE', #928, .T. ) ;
#1025 = DIRECTION ( 'NONE',  ( -0.000000000000000000, -0.000000000000000000, -1.000000000000000000 ) ) ;
#1026 = DIRECTION ( 'NONE',  ( -0.000000000000000000, -1.000000000000000000, -5.261720495853834886E-17 ) ) ;
#1027 = ORIENTED_EDGE ( 'NONE', *, *, #1594, .F. ) ;
#1028 = ORIENTED_EDGE ( 'NONE', *, *, #952, .T. ) ;
#1029 = CARTESIAN_POINT ( 'NONE',  ( -1950.000000000000227, -200.0000000000000000, -825.0000000000001137 ) ) ;
#1030 = ORIENTED_EDGE ( 'NONE', *, *, #382, .F. ) ;
#1031 = FACE_OUTER_BOUND ( 'NONE', #1604, .T. ) ;
#1032 = DIRECTION ( 'NONE',  ( 0.000000000000000000, -1.000000000000000000, 0.000000000000000000 ) ) ;
#1033 = AXIS2_PLACEMENT_3D ( 'NONE', #241, #1296, #1440 ) ;
#1034 = VECTOR ( 'NONE', #784, 1000.000000000000000 ) ;
#1035 = DIRECTION ( 'NONE',  ( 0.000000000000000000, -1.000000000000000000, -0.000000000000000000 ) ) ;
#1036 = AXIS2_PLACEMENT_3D ( 'NONE', #1502, #310, #1364 ) ;
#1037 = ORIENTED_EDGE ( 'NONE', *, *, #360, .F. ) ;
#1038 = EDGE_LOOP ( 'NONE', ( #1223, #1139, #367, #523, #1045, #1209, #1463, #423 ) ) ;
#1039 = DIRECTION ( 'NONE',  ( 0.000000000000000000, -1.000000000000000000, -0.000000000000000000 ) ) ;
#1040 = AXIS2_PLACEMENT_3D ( 'NONE', #518, #499, #906 ) ;
#1041 = SURFACE_SIDE_STYLE ('',( #684 ) ) ;
#1042 = DIRECTION ( 'NONE',  ( 0.000000000000000000, 1.000000000000000000, 5.261720495853834886E-17 ) ) ;
#1043 = CARTESIAN_POINT ( 'NONE',  ( -11647.00993388375718, -814.9999999999974989, -379.9999999999981242 ) ) ;
#1044 = EDGE_CURVE ( 'NONE', #1540, #103, #322, .T. ) ;
#1045 = ORIENTED_EDGE ( 'NONE', *, *, #1389, .T. ) ;
#1046 = EDGE_CURVE ( 'NONE', #327, #1417, #1655, .T. ) ;
#1047 = ORIENTED_EDGE ( 'NONE', *, *, #112, .F. ) ;
#1048 = PLANE ( 'NONE',  #1569 ) ;
#1049 = ORIENTED_EDGE ( 'NONE', *, *, #414, .T. ) ;
#1050 = CARTESIAN_POINT ( 'NONE',  ( 0.000000000000000000, -1189.999999999997272, -960.0000000000002274 ) ) ;
#1051 = FACE_OUTER_BOUND ( 'NONE', #1522, .T. ) ;
#1052 = VECTOR ( 'NONE', #1360, 1000.000000000000000 ) ;
#1053 = CARTESIAN_POINT ( 'NONE',  ( -12225.00000000000182, -899.9999999999998863, -910.0000000000001137 ) ) ;
#1054 = ORIENTED_EDGE ( 'NONE', *, *, #646, .F. ) ;
#1055 = EDGE_LOOP ( 'NONE', ( #358, #757, #699, #621 ) ) ;
#1056 = EDGE_CURVE ( 'NONE', #1601, #1605, #341, .T. ) ;
#1057 = CARTESIAN_POINT ( 'NONE',  ( -13000.00000000000000, 0.000000000000000000, -769.9999999999960210 ) ) ;
#1058 = ORIENTED_EDGE ( 'NONE', *, *, #743, .T. ) ;
#1059 = DIRECTION ( 'NONE',  ( 1.000000000000000000, 2.662968806861045522E-16, 0.000000000000000000 ) ) ;
#1060 = DIRECTION ( 'NONE',  ( 0.000000000000000000, 1.000000000000000000, 0.000000000000000000 ) ) ;
#1061 = CARTESIAN_POINT ( 'NONE',  ( -11411.43189860506209, 814.9999999999974989, -379.9999999999981242 ) ) ;
#1062 = VERTEX_POINT ( 'NONE', #988 ) ;
#1063 = AXIS2_PLACEMENT_3D ( 'NONE', #467, #314, #1128 ) ;
#1064 = ORIENTED_EDGE ( 'NONE', *, *, #1270, .T. ) ;
#1065 = PRODUCT ( 'FlatWagon_40ft_LessDetailed', 'FlatWagon_40ft_LessDetailed', '', ( #572 ) ) ;
#1066 = EDGE_LOOP ( 'NONE', ( #1331, #169, #1412, #782 ) ) ;
#1067 = EDGE_CURVE ( 'NONE', #1650, #1130, #1398, .T. ) ;
#1068 = CARTESIAN_POINT ( 'NONE',  ( -1950.000000000000227, 1189.999999999998408, -960.0000000000002274 ) ) ;
#1069 = DIRECTION ( 'NONE',  ( 1.000000000000000000, 0.000000000000000000, -0.000000000000000000 ) ) ;
#1070 = CARTESIAN_POINT ( 'NONE',  ( -12225.00000000000182, -200.0000000000000000, -825.0000000000001137 ) ) ;
#1071 = ORIENTED_EDGE ( 'NONE', *, *, #441, .T. ) ;
#1072 = AXIS2_PLACEMENT_3D ( 'NONE', #1318, #1581, #234 ) ;
#1073 = ORIENTED_EDGE ( 'NONE', *, *, #1125, .T. ) ;
#1074 = ORIENTED_EDGE ( 'NONE', *, *, #204, .F. ) ;
#1075 = AXIS2_PLACEMENT_3D ( 'NONE', #456, #1103, #1263 ) ;
#1076 = CIRCLE ( 'NONE', #329, 172.2649730022416463 ) ;
#1077 =( LENGTH_UNIT ( ) NAMED_UNIT ( * ) SI_UNIT ( .MILLI., .METRE. ) );
#1078 = ADVANCED_FACE ( 'NONE', ( #1429 ), #107, .T. ) ;
#1079 = DIRECTION ( 'NONE',  ( 0.000000000000000000, -0.1402661271484180183, 0.9901138386947149206 ) ) ;
#1080 = EDGE_CURVE ( 'NONE', #877, #1592, #1293, .T. ) ;
#1081 = CARTESIAN_POINT ( 'NONE',  ( -12225.00000000000182, 800.0000000000000000, -910.0000000000001137 ) ) ;
#1082 = PRODUCT ( 'Y25_BackwardBogies_LessDetailed', 'Y25_BackwardBogies_LessDetailed', '', ( #958 ) ) ;
#1083 = CONICAL_SURFACE ( 'NONE', #1506, 229.9999999211528348, 0.5235987755979353286 ) ;
#1084 = ORIENTED_EDGE ( 'NONE', *, *, #136, .T. ) ;
#1085 = ORIENTED_EDGE ( 'NONE', *, *, #1573, .T. ) ;
#1086 =( NAMED_UNIT ( * ) PLANE_ANGLE_UNIT ( ) SI_UNIT ( $, .RADIAN. ) );
#1087 = DIRECTION ( 'NONE',  ( 0.000000000000000000, -1.000000000000000000, 0.000000000000000000 ) ) ;
#1088 = PLANE ( 'NONE',  #1019 ) ;
#1089 = CARTESIAN_POINT ( 'NONE',  ( -13899.99999999999818, -1054.999999999997499, -459.9999999999980105 ) ) ;
#1090 = FACE_OUTER_BOUND ( 'NONE', #105, .T. ) ;
#1091 = ORIENTED_EDGE ( 'NONE', *, *, #1594, .T. ) ;
#1092 = VECTOR ( 'NONE', #1562, 1000.000000000000000 ) ;
#1093 = ORIENTED_EDGE ( 'NONE', *, *, #615, .T. ) ;
#1094 = DIRECTION ( 'NONE',  ( 1.000000000000000000, 0.000000000000000000, 0.000000000000000000 ) ) ;
#1095 = PLANE ( 'NONE',  #732 ) ;
#1096 = CIRCLE ( 'NONE', #217, 459.9999999999998863 ) ;
#1097 = CARTESIAN_POINT ( 'NONE',  ( -11825.00000000000182, 800.0000000000000000, -910.0000000000001137 ) ) ;
#1098 = CARTESIAN_POINT ( 'NONE',  ( -11411.43189860506209, -1077.499998843224375, -769.9999999999960210 ) ) ;
#1099 = EDGE_CURVE ( 'NONE', #1605, #1155, #603, .T. ) ;
#1100 = EDGE_CURVE ( 'NONE', #1669, #550, #870, .T. ) ;
#1101 = APPLICATION_PROTOCOL_DEFINITION ( 'draft international standard', 'automotive_design', 1998, #303 ) ;
#1102 = DIRECTION ( 'NONE',  ( 0.000000000000000000, 0.000000000000000000, -1.000000000000000000 ) ) ;
#1103 = DIRECTION ( 'NONE',  ( 0.000000000000000000, -1.000000000000000000, 5.261720495853834886E-17 ) ) ;
#1104 = FACE_OUTER_BOUND ( 'NONE', #421, .T. ) ;
#1105 = ORIENTED_EDGE ( 'NONE', *, *, #507, .T. ) ;
#1106 = EDGE_CURVE ( 'NONE', #1147, #655, #611, .T. ) ;
#1107 = CARTESIAN_POINT ( 'NONE',  ( 0.000000000000000000, 0.000000000000000000, 0.000000000000000000 ) ) ;
#1108 = DIRECTION ( 'NONE',  ( 0.000000000000000000, 0.000000000000000000, 1.000000000000000000 ) ) ;
#1109 = DIRECTION ( 'NONE',  ( 1.000000000000000000, 0.000000000000000000, 0.000000000000000000 ) ) ;
#1110 = CARTESIAN_POINT ( 'NONE',  ( -11411.43189860506209, 877.4999988432243754, -769.9999999999960210 ) ) ;
#1111 = DIRECTION ( 'NONE',  ( -1.000000000000000000, -1.566452239330026778E-17, -0.000000000000000000 ) ) ;
#1112 = EDGE_LOOP ( 'NONE', ( #1464, #798, #644, #351, #460, #1473, #86, #789 ) ) ;
#1113 = AXIS2_PLACEMENT_3D ( 'NONE', #718, #589, #875 ) ;
#1114 = PRESENTATION_LAYER_ASSIGNMENT (  '', '', ( #658 ) ) ;
#1115 = EDGE_CURVE ( 'NONE', #1454, #570, #349, .T. ) ;
#1116 = DIRECTION ( 'NONE',  ( -0.000000000000000000, -1.000000000000000000, 0.000000000000000000 ) ) ;
#1117 = ADVANCED_FACE ( 'NONE', ( #767 ), #1523, .F. ) ;
#1118 = DIRECTION ( 'NONE',  ( 0.000000000000000000, -1.000000000000000000, -0.000000000000000000 ) ) ;
#1119 = CARTESIAN_POINT ( 'NONE',  ( -14588.56810139493791, -679.9999999999979536, -379.9999999999981242 ) ) ;
#1120 = CARTESIAN_POINT ( 'NONE',  ( -14175.00000000000000, 1189.999999999997499, -960.0000000000002274 ) ) ;
#1121 = VERTEX_POINT ( 'NONE', #730 ) ;
#1122 = VERTEX_POINT ( 'NONE', #1560 ) ;
#1123 = DIRECTION ( 'NONE',  ( 0.000000000000000000, 0.1699069165076472210, -0.9854601157443478865 ) ) ;
#1124 = CARTESIAN_POINT ( 'NONE',  ( -2350.000000000000000, 1189.999999999998408, -960.0000000000002274 ) ) ;
#1125 = EDGE_CURVE ( 'NONE', #540, #280, #479, .T. ) ;
#1126 = CARTESIAN_POINT ( 'NONE',  ( -13899.99999999999818, -814.9999999999974989, -459.9999999999980105 ) ) ;
#1127 = VECTOR ( 'NONE', #1620, 1000.000000000000000 ) ;
#1128 = DIRECTION ( 'NONE',  ( 1.000000000000000000, 1.566452239330026778E-17, 0.000000000000000000 ) ) ;
#1129 = CARTESIAN_POINT ( 'NONE',  ( -2350.000000000000000, -1189.999999999998408, -960.0000000000002274 ) ) ;
#1130 = VERTEX_POINT ( 'NONE', #1258 ) ;
#1131 = ORIENTED_EDGE ( 'NONE', *, *, #702, .F. ) ;
#1132 = CIRCLE ( 'NONE', #1247, 199.9999999999999432 ) ;
#1133 = DIRECTION ( 'NONE',  ( 0.000000000000000000, 1.000000000000000000, 5.261720495853834886E-17 ) ) ;
#1134 = EDGE_CURVE ( 'NONE', #827, #327, #1132, .T. ) ;
#1135 = DIRECTION ( 'NONE',  ( 0.000000000000000000, 1.000000000000000000, -5.261720495853834886E-17 ) ) ;
#1136 = CARTESIAN_POINT ( 'NONE',  ( -2.220446049250313081E-13, 1189.999999999997726, -960.0000000000002274 ) ) ;
#1137 = CARTESIAN_POINT ( 'NONE',  ( -12100.00000000000182, 814.9999999999974989, -459.9999999999980105 ) ) ;
#1138 = VERTEX_POINT ( 'NONE', #1672 ) ;
#1139 = ORIENTED_EDGE ( 'NONE', *, *, #869, .T. ) ;
#1140 = CARTESIAN_POINT ( 'NONE',  ( -14175.00000000000000, -1190.000000000001137, -960.0000000000002274 ) ) ;
#1141 = AXIS2_PLACEMENT_3D ( 'NONE', #193, #577, #64 ) ;
#1142 = DIRECTION ( 'NONE',  ( 0.000000000000000000, -0.9901138386947148096, -0.1402661271484180183 ) ) ;
#1143 = LINE ( 'NONE', #1441, #1553 ) ;
#1144 = CARTESIAN_POINT ( 'NONE',  ( -11825.00000000000182, -899.9999999999998863, -910.0000000000001137 ) ) ;
#1145 = ORIENTED_EDGE ( 'NONE', *, *, #1593, .T. ) ;
#1146 = PRODUCT_RELATED_PRODUCT_CATEGORY ( 'part', '', ( #1065 ) ) ;
#1147 = VERTEX_POINT ( 'NONE', #1005 ) ;
#1148 = ADVANCED_FACE ( 'NONE', ( #637 ), #230, .T. ) ;
#1149 = CARTESIAN_POINT ( 'NONE',  ( -1950.000000000000227, -200.0000000000000000, -825.0000000000001137 ) ) ;
#1150 = VERTEX_POINT ( 'NONE', #331 ) ;
#1151 = VECTOR ( 'NONE', #608, 1000.000000000000000 ) ;
#1152 = DIRECTION ( 'NONE',  ( 0.000000000000000000, 0.000000000000000000, -1.000000000000000000 ) ) ;
#1153 = DIRECTION ( 'NONE',  ( 1.000000000000000000, 2.662968806861045522E-16, 0.000000000000000000 ) ) ;
#1154 = CARTESIAN_POINT ( 'NONE',  ( -13447.00993388375355, 1054.999999999997499, -379.9999999999981242 ) ) ;
#1155 = VERTEX_POINT ( 'NONE', #223 ) ;
#1156 = AXIS2_PLACEMENT_3D ( 'NONE', #306, #1229, #279 ) ;
#1157 = AXIS2_PLACEMENT_3D ( 'NONE', #796, #941, #1618 ) ;
#1158 = ORIENTED_EDGE ( 'NONE', *, *, #1667, .T. ) ;
#1159 = DIRECTION ( 'NONE',  ( 0.000000000000000000, 0.000000000000000000, 1.000000000000000000 ) ) ;
#1160 = VERTEX_POINT ( 'NONE', #987 ) ;
#1161 = AXIS2_PLACEMENT_3D ( 'NONE', #1402, #311, #1515 ) ;
#1162 = PLANE ( 'NONE',  #432 ) ;
#1163 = CARTESIAN_POINT ( 'NONE',  ( -11825.00000000000182, -899.9999999999998863, -910.0000000000001137 ) ) ;
#1164 = DIRECTION ( 'NONE',  ( -0.000000000000000000, -0.000000000000000000, -1.000000000000000000 ) ) ;
#1165 = ORIENTED_EDGE ( 'NONE', *, *, #177, .T. ) ;
#1166 = ORIENTED_EDGE ( 'NONE', *, *, #881, .T. ) ;
#1167 = FACE_OUTER_BOUND ( 'NONE', #1548, .T. ) ;
#1168 = ORIENTED_EDGE ( 'NONE', *, *, #441, .F. ) ;
#1169 = ADVANCED_FACE ( 'NONE', ( #1661 ), #996, .F. ) ;
#1170 = CARTESIAN_POINT ( 'NONE',  ( -1950.000000000000227, 899.9999999999998863, -910.0000000000001137 ) ) ;
#1171 = EDGE_CURVE ( 'NONE', #235, #1224, #501, .T. ) ;
#1172 = CARTESIAN_POINT ( 'NONE',  ( -14175.00000000000000, -1190.000000000001137, -1160.000000000000227 ) ) ;
#1173 = AXIS2_PLACEMENT_3D ( 'NONE', #1476, #554, #924 ) ;
#1174 = CIRCLE ( 'NONE', #1370, 199.9999999999999432 ) ;
#1175 = DIRECTION ( 'NONE',  ( -0.000000000000000000, -0.000000000000000000, -1.000000000000000000 ) ) ;
#1176 = AXIS2_PLACEMENT_3D ( 'NONE', #700, #707, #48 ) ;
#1177 = ORIENTED_EDGE ( 'NONE', *, *, #1003, .T. ) ;
#1178 = ORIENTED_EDGE ( 'NONE', *, *, #257, .T. ) ;
#1179 =( GEOMETRIC_REPRESENTATION_CONTEXT ( 3 ) GLOBAL_UNCERTAINTY_ASSIGNED_CONTEXT ( ( #354 ) ) GLOBAL_UNIT_ASSIGNED_CONTEXT ( ( #1586, #396, #268 ) ) REPRESENTATION_CONTEXT ( 'NONE', 'WORKASPACE' ) );
#1180 = DIRECTION ( 'NONE',  ( 0.000000000000000000, -5.261720495853834886E-17, 1.000000000000000000 ) ) ;
#1181 = VECTOR ( 'NONE', #1535, 1000.000000000000000 ) ;
#1182 = ORIENTED_EDGE ( 'NONE', *, *, #1614, .F. ) ;
#1183 = DIRECTION ( 'NONE',  ( 1.000000000000000000, 0.000000000000000000, -0.000000000000000000 ) ) ;
#1184 = CARTESIAN_POINT ( 'NONE',  ( -12552.99006611624645, 814.9999999999974989, -379.9999999999981242 ) ) ;
#1185 = EDGE_CURVE ( 'NONE', #935, #1150, #76, .T. ) ;
#1186 = CARTESIAN_POINT ( 'NONE',  ( -1949.999999999999318, -1189.999999999997726, -960.0000000000002274 ) ) ;
#1187 = ORIENTED_EDGE ( 'NONE', *, *, #1698, .F. ) ;
#1188 = EDGE_LOOP ( 'NONE', ( #994, #1369, #688, #1577 ) ) ;
#1189 = CARTESIAN_POINT ( 'NONE',  ( -12100.00000000000182, -814.9999999999974989, 2.164934898019055254E-12 ) ) ;
#1190 = EDGE_LOOP ( 'NONE', ( #1684, #1339, #713, #1693 ) ) ;
#1191 = CARTESIAN_POINT ( 'NONE',  ( -11825.00000000000182, 200.0000000000000000, -825.0000000000001137 ) ) ;
#1192 = DIRECTION ( 'NONE',  ( 0.000000000000000000, -0.9854601157443478865, 0.1699069165076472210 ) ) ;
#1193 = CARTESIAN_POINT ( 'NONE',  ( -2350.000000000000000, -800.0000000000000000, -910.0000000000001137 ) ) ;
#1194 = AXIS2_PLACEMENT_3D ( 'NONE', #715, #1365, #731 ) ;
#1195 = CARTESIAN_POINT ( 'NONE',  ( -13899.99999999999818, 814.9999999999974989, 2.164934898019055254E-12 ) ) ;
#1196 = EDGE_CURVE ( 'NONE', #1443, #1669, #620, .T. ) ;
#1197 = ORIENTED_EDGE ( 'NONE', *, *, #972, .F. ) ;
#1198 = ORIENTED_EDGE ( 'NONE', *, *, #1099, .F. ) ;
#1199 = ORIENTED_EDGE ( 'NONE', *, *, #393, .T. ) ;
#1200 =( LENGTH_UNIT ( ) NAMED_UNIT ( * ) SI_UNIT ( .MILLI., .METRE. ) );
#1201 = CARTESIAN_POINT ( 'NONE',  ( -12225.00000000000182, -800.0000000000000000, -910.0000000000001137 ) ) ;
#1202 = CARTESIAN_POINT ( 'NONE',  ( -12225.00000000000182, -1190.000000000000682, -960.0000000000002274 ) ) ;
#1203 = DIRECTION ( 'NONE',  ( 1.000000000000000000, 2.662968806861045522E-16, 0.000000000000000000 ) ) ;
#1204 = ORIENTED_EDGE ( 'NONE', *, *, #361, .T. ) ;
#1205 = EDGE_LOOP ( 'NONE', ( #1337, #1312, #3, #748 ) ) ;
#1206 = EDGE_CURVE ( 'NONE', #1150, #877, #759, .T. ) ;
#1207 = ADVANCED_FACE ( 'NONE', ( #964 ), #1048, .F. ) ;
#1208 = PRODUCT_DEFINITION_SHAPE ( 'NONE', 'NONE',  #592 ) ;
#1209 = ORIENTED_EDGE ( 'NONE', *, *, #646, .T. ) ;
#1210 =( NAMED_UNIT ( * ) PLANE_ANGLE_UNIT ( ) SI_UNIT ( $, .RADIAN. ) );
#1211 = DIRECTION ( 'NONE',  ( -1.000000000000000000, -0.000000000000000000, -0.000000000000000000 ) ) ;
#1212 = CARTESIAN_POINT ( 'NONE',  ( -12225.00000000000182, -200.0000000000000000, -825.0000000000001137 ) ) ;
#1213 = LINE ( 'NONE', #1070, #174 ) ;
#1214 = ORIENTED_EDGE ( 'NONE', *, *, #951, .F. ) ;
#1215 = ORIENTED_EDGE ( 'NONE', *, *, #1541, .F. ) ;
#1216 = EDGE_CURVE ( 'NONE', #75, #904, #921, .T. ) ;
#1217 = AXIS2_PLACEMENT_3D ( 'NONE', #1089, #50, #549 ) ;
#1218 = FACE_OUTER_BOUND ( 'NONE', #653, .T. ) ;
#1219 = LINE ( 'NONE', #435, #1526 ) ;
#1220 = DIRECTION ( 'NONE',  ( 0.000000000000000000, 1.000000000000000000, 5.261720495853834886E-17 ) ) ;
#1221 = DIRECTION ( 'NONE',  ( 0.000000000000000000, 0.000000000000000000, 1.000000000000000000 ) ) ;
#1222 = VECTOR ( 'NONE', #723, 1000.000000000000000 ) ;
#1223 = ORIENTED_EDGE ( 'NONE', *, *, #942, .F. ) ;
#1224 = VERTEX_POINT ( 'NONE', #1304 ) ;
#1225 = CARTESIAN_POINT ( 'NONE',  ( -11411.43189860506209, 679.9999999999979536, -379.9999999999981242 ) ) ;
#1226 = EDGE_CURVE ( 'NONE', #776, #1494, #1499, .T. ) ;
#1227 = DIRECTION ( 'NONE',  ( 0.000000000000000000, 0.000000000000000000, 1.000000000000000000 ) ) ;
#1228 = ADVANCED_FACE ( 'NONE', ( #1090 ), #1447, .T. ) ;
#1229 = DIRECTION ( 'NONE',  ( 0.000000000000000000, 0.000000000000000000, 1.000000000000000000 ) ) ;
#1230 = CARTESIAN_POINT ( 'NONE',  ( -13000.00000000000000, -172.2649730022416463, -825.0000000000000000 ) ) ;
#1231 = VERTEX_POINT ( 'NONE', #824 ) ;
#1232 = VECTOR ( 'NONE', #696, 1000.000000000000000 ) ;
#1233 = DIRECTION ( 'NONE',  ( 0.000000000000000000, 0.000000000000000000, 1.000000000000000000 ) ) ;
#1234 = CARTESIAN_POINT ( 'NONE',  ( -1950.000000000000227, -1189.999999999998408, -960.0000000000002274 ) ) ;
#1235 = LINE ( 'NONE', #1394, #442 ) ;
#1236 = EDGE_CURVE ( 'NONE', #123, #1320, #1345, .T. ) ;
#1237 = DIRECTION ( 'NONE',  ( -1.000000000000000000, 0.000000000000000000, 0.000000000000000000 ) ) ;
#1238 = VERTEX_POINT ( 'NONE', #1230 ) ;
#1239 = VECTOR ( 'NONE', #320, 1000.000000000000000 ) ;
#1240 =( LENGTH_UNIT ( ) NAMED_UNIT ( * ) SI_UNIT ( .MILLI., .METRE. ) );
#1241 = AXIS2_PLACEMENT_3D ( 'NONE', #220, #625, #356 ) ;
#1242 = LINE ( 'NONE', #1124, #422 ) ;
#1243 = VECTOR ( 'NONE', #1479, 1000.000000000000000 ) ;
#1244 = DIRECTION ( 'NONE',  ( 0.000000000000000000, 0.000000000000000000, 1.000000000000000000 ) ) ;
#1245 = CARTESIAN_POINT ( 'NONE',  ( -14175.00000000000000, 1189.999999999997499, -960.0000000000002274 ) ) ;
#1246 = LINE ( 'NONE', #1120, #936 ) ;
#1247 = AXIS2_PLACEMENT_3D ( 'NONE', #472, #1419, #214 ) ;
#1248 = ORIENTED_EDGE ( 'NONE', *, *, #604, .F. ) ;
#1249 = ADVANCED_FACE ( 'NONE', ( #1621 ), #6, .F. ) ;
#1250 =( REPRESENTATION_RELATIONSHIP ('NONE','NONE', #1652, #1431 ) REPRESENTATION_RELATIONSHIP_WITH_TRANSFORMATION ( #675 )SHAPE_REPRESENTATION_RELATIONSHIP( ) );
#1251 = LINE ( 'NONE', #197, #861 ) ;
#1252 = LINE ( 'NONE', #207, #1323 ) ;
#1253 = DIRECTION ( 'NONE',  ( 0.000000000000000000, 0.000000000000000000, 1.000000000000000000 ) ) ;
#1254 = CARTESIAN_POINT ( 'NONE',  ( -2.220446049250313081E-13, 1189.999999999997726, -960.0000000000002274 ) ) ;
#1255 = ORIENTED_EDGE ( 'NONE', *, *, #12, .T. ) ;
#1256 = ORIENTED_EDGE ( 'NONE', *, *, #58, .T. ) ;
#1257 = EDGE_CURVE ( 'NONE', #1436, #1443, #1584, .T. ) ;
#1258 = CARTESIAN_POINT ( 'NONE',  ( -12552.99006611624645, 679.9999999999978400, -379.9999999999981242 ) ) ;
#1259 = ADVANCED_FACE ( 'NONE', ( #173 ), #256, .F. ) ;
#1260 = VECTOR ( 'NONE', #1357, 1000.000000000000000 ) ;
#1261 = VECTOR ( 'NONE', #1352, 1000.000000000000000 ) ;
#1262 = FACE_OUTER_BOUND ( 'NONE', #1388, .T. ) ;
#1263 = DIRECTION ( 'NONE',  ( 0.000000000000000000, 0.000000000000000000, 1.000000000000000000 ) ) ;
#1264 = FACE_OUTER_BOUND ( 'NONE', #817, .T. ) ;
#1265 = AXIS2_PLACEMENT_3D ( 'NONE', #914, #1152, #752 ) ;
#1266 = PLANE ( 'NONE',  #114 ) ;
#1267 = ORIENTED_EDGE ( 'NONE', *, *, #867, .T. ) ;
#1268 = ORIENTED_EDGE ( 'NONE', *, *, #1516, .T. ) ;
#1269 = CARTESIAN_POINT ( 'NONE',  ( -1950.000000000000227, -1189.999999999998408, -960.0000000000002274 ) ) ;
#1270 = EDGE_CURVE ( 'NONE', #859, #1320, #656, .T. ) ;
#1271 = LINE ( 'NONE', #709, #125 ) ;
#1272 = CARTESIAN_POINT ( 'NONE',  ( -14588.56810139493791, 877.4999988432243754, -909.9999999999984084 ) ) ;
#1273 = CARTESIAN_POINT ( 'NONE',  ( -11611.43189860506391, 877.4999988432243754, -379.9999999999981242 ) ) ;
#1274 = CARTESIAN_POINT ( 'NONE',  ( -11825.00000000000182, -800.0000000000000000, -910.0000000000001137 ) ) ;
#1275 = ORIENTED_EDGE ( 'NONE', *, *, #1236, .T. ) ;
#1276 = DIRECTION ( 'NONE',  ( 0.000000000000000000, 0.000000000000000000, -1.000000000000000000 ) ) ;
#1277 = VECTOR ( 'NONE', #18, 1000.000000000000114 ) ;
#1278 = DIRECTION ( 'NONE',  ( 0.000000000000000000, 0.000000000000000000, 1.000000000000000000 ) ) ;
#1279 = ADVANCED_FACE ( 'NONE', ( #377 ), #45, .F. ) ;
#1280 = CARTESIAN_POINT ( 'NONE',  ( -14175.00000000000000, 1189.999999999997499, -960.0000000000002274 ) ) ;
#1281 = LINE ( 'NONE', #468, #932 ) ;
#1282 = ORIENTED_EDGE ( 'NONE', *, *, #100, .T. ) ;
#1283 = ORIENTED_EDGE ( 'NONE', *, *, #1206, .T. ) ;
#1284 = CARTESIAN_POINT ( 'NONE',  ( -12100.00000000000182, -1054.999999999997499, -459.9999999999980105 ) ) ;
#1285 = CIRCLE ( 'NONE', #1459, 199.9999999999999432 ) ;
#1286 = LINE ( 'NONE', #170, #134 ) ;
#1287 = EDGE_CURVE ( 'NONE', #167, #486, #246, .T. ) ;
#1288 = CARTESIAN_POINT ( 'NONE',  ( -1950.000000000000227, -899.9999999999998863, -910.0000000000001137 ) ) ;
#1289 = CARTESIAN_POINT ( 'NONE',  ( -12100.00000000000182, -679.9999999999978400, -459.9999999999980105 ) ) ;
#1290 = ORIENTED_EDGE ( 'NONE', *, *, #942, .T. ) ;
#1291 = AXIS2_PLACEMENT_3D ( 'NONE', #1137, #1387, #978 ) ;
#1292 = EDGE_LOOP ( 'NONE', ( #1544, #524, #858, #1214 ) ) ;
#1293 = LINE ( 'NONE', #340, #283 ) ;
#1294 = ORIENTED_EDGE ( 'NONE', *, *, #521, .T. ) ;
#1295 = AXIS2_PLACEMENT_3D ( 'NONE', #1053, #399, #502 ) ;
#1296 = DIRECTION ( 'NONE',  ( 0.000000000000000000, 0.000000000000000000, 1.000000000000000000 ) ) ;
#1297 = DIRECTION ( 'NONE',  ( -0.000000000000000000, 0.000000000000000000, -1.000000000000000000 ) ) ;
#1298 = LINE ( 'NONE', #1329, #1550 ) ;
#1299 = ORIENTED_EDGE ( 'NONE', *, *, #615, .F. ) ;
#1300 = VECTOR ( 'NONE', #436, 1000.000000000000000 ) ;
#1301 = AXIS2_PLACEMENT_3D ( 'NONE', #1280, #101, #1297 ) ;
#1302 = VERTEX_POINT ( 'NONE', #264 ) ;
#1303 = PRODUCT_DEFINITION ( 'NON CONOSCIUTO', '', #734, #754 ) ;
#1304 = CARTESIAN_POINT ( 'NONE',  ( -14352.99006611624282, -814.9999999999974989, -379.9999999999981242 ) ) ;
#1305 = EDGE_CURVE ( 'NONE', #1592, #729, #775, .T. ) ;
#1306 = ORIENTED_EDGE ( 'NONE', *, *, #1257, .T. ) ;
#1307 = VECTOR ( 'NONE', #1192, 1000.000000000000114 ) ;
#1308 = CARTESIAN_POINT ( 'NONE',  ( -1950.000000000000227, -899.9999999999998863, -910.0000000000001137 ) ) ;
#1309 = DIRECTION ( 'NONE',  ( -1.000000000000000000, -0.000000000000000000, -0.000000000000000000 ) ) ;
#1310 = CARTESIAN_POINT ( 'NONE',  ( -14352.99006611624282, 679.9999999999977263, -379.9999999999981242 ) ) ;
#1311 = ORIENTED_EDGE ( 'NONE', *, *, #604, .T. ) ;
#1312 = ORIENTED_EDGE ( 'NONE', *, *, #1106, .F. ) ;
#1313 = ADVANCED_FACE ( 'NONE', ( #1167 ), #791, .F. ) ;
#1314 = CARTESIAN_POINT ( 'NONE',  ( -11656.83651114450913, 679.9999999999979536, -381.8583200498775341 ) ) ;
#1315 = ADVANCED_FACE ( 'NONE', ( #1455 ), #1322, .F. ) ;
#1316 = FILL_AREA_STYLE_COLOUR ( '', #498 ) ;
#1317 = VECTOR ( 'NONE', #649, 1000.000000000000000 ) ;
#1318 = CARTESIAN_POINT ( 'NONE',  ( 0.000000000000000000, 0.000000000000000000, -960.0000000000002274 ) ) ;
#1319 = ORIENTED_EDGE ( 'NONE', *, *, #1106, .T. ) ;
#1320 = VERTEX_POINT ( 'NONE', #1189 ) ;
#1321 = VECTOR ( 'NONE', #659, 1000.000000000000000 ) ;
#1322 = PLANE ( 'NONE',  #596 ) ;
#1323 = VECTOR ( 'NONE', #1109, 1000.000000000000000 ) ;
#1324 = ORIENTED_EDGE ( 'NONE', *, *, #1196, .T. ) ;
#1325 = CARTESIAN_POINT ( 'NONE',  ( -13000.00000000000000, -229.9999999211528348, -725.0000000000050022 ) ) ;
#1326 = VECTOR ( 'NONE', #1164, 1000.000000000000000 ) ;
#1327 = DIRECTION ( 'NONE',  ( 0.000000000000000000, -0.9854601157443478865, 0.1699069165076472210 ) ) ;
#1328 = EDGE_CURVE ( 'NONE', #292, #766, #295, .T. ) ;
#1329 = CARTESIAN_POINT ( 'NONE',  ( -2350.000000000000000, -800.0000000000000000, -910.0000000000001137 ) ) ;
#1330 = ORIENTED_EDGE ( 'NONE', *, *, #576, .F. ) ;
#1331 = ORIENTED_EDGE ( 'NONE', *, *, #1115, .F. ) ;
#1332 = ORIENTED_EDGE ( 'NONE', *, *, #899, .T. ) ;
#1333 = LINE ( 'NONE', #431, #1629 ) ;
#1334 = CARTESIAN_POINT ( 'NONE',  ( -12225.00000000000182, 1189.999999999998408, -960.0000000000002274 ) ) ;
#1335 = CARTESIAN_POINT ( 'NONE',  ( -14175.00000000000000, -1190.000000000001137, -960.0000000000002274 ) ) ;
#1336 = EDGE_CURVE ( 'NONE', #1347, #291, #1511, .T. ) ;
#1337 = ORIENTED_EDGE ( 'NONE', *, *, #289, .F. ) ;
#1338 = ADVANCED_FACE ( 'NONE', ( #1666 ), #319, .F. ) ;
#1339 = ORIENTED_EDGE ( 'NONE', *, *, #509, .F. ) ;
#1340 = ORIENTED_EDGE ( 'NONE', *, *, #593, .F. ) ;
#1341 = FILL_AREA_STYLE ('',( #285 ) ) ;
#1342 = DIRECTION ( 'NONE',  ( 1.000000000000000000, 0.000000000000000000, 0.000000000000000000 ) ) ;
#1343 =( NAMED_UNIT ( * ) PLANE_ANGLE_UNIT ( ) SI_UNIT ( $, .RADIAN. ) );
#1344 = FACE_OUTER_BOUND ( 'NONE', #930, .T. ) ;
#1345 = CIRCLE ( 'NONE', #433, 460.0000000000001705 ) ;
#1346 = PRODUCT_DEFINITION_FORMATION_WITH_SPECIFIED_SOURCE ( 'TUTTO', '', #1082, .NOT_KNOWN. ) ;
#1347 = VERTEX_POINT ( 'NONE', #1641 ) ;
#1348 = DIRECTION ( 'NONE',  ( 0.000000000000000000, 0.000000000000000000, 1.000000000000000000 ) ) ;
#1349 = DIRECTION ( 'NONE',  ( -1.000000000000000000, -0.000000000000000000, -0.000000000000000000 ) ) ;
#1350 = SURFACE_STYLE_FILL_AREA ( #566 ) ;
#1351 = LINE ( 'NONE', #1081, #1380 ) ;
#1352 = DIRECTION ( 'NONE',  ( 1.000000000000000000, -0.000000000000000000, -0.000000000000000000 ) ) ;
#1353 = ADVANCED_FACE ( 'NONE', ( #1104 ), #849, .F. ) ;
#1354 = ORIENTED_EDGE ( 'NONE', *, *, #80, .T. ) ;
#1355 = EDGE_CURVE ( 'NONE', #1004, #401, #25, .T. ) ;
#1356 = ADVANCED_FACE ( 'NONE', ( #219 ), #735, .T. ) ;
#1357 = DIRECTION ( 'NONE',  ( -0.000000000000000000, -1.000000000000000000, -0.000000000000000000 ) ) ;
#1358 = CYLINDRICAL_SURFACE ( 'NONE', #140, 460.0000000000000568 ) ;
#1359 = LINE ( 'NONE', #1097, #248 ) ;
#1360 = DIRECTION ( 'NONE',  ( -0.000000000000000000, -1.000000000000000000, -0.000000000000000000 ) ) ;
#1361 = AXIS2_PLACEMENT_3D ( 'NONE', #1284, #880, #1410 ) ;
#1362 = CARTESIAN_POINT ( 'NONE',  ( -1950.000000000000227, 1189.999999999998408, -960.0000000000002274 ) ) ;
#1363 = CONTEXT_DEPENDENT_SHAPE_REPRESENTATION ( #888, #29 ) ;
#1364 = DIRECTION ( 'NONE',  ( 1.000000000000000000, 0.000000000000000000, 0.000000000000000000 ) ) ;
#1365 = DIRECTION ( 'NONE',  ( 0.000000000000000000, -1.000000000000000000, -5.261720495853834886E-17 ) ) ;
#1366 = EDGE_CURVE ( 'NONE', #683, #1601, #1174, .T. ) ;
#1367 = CARTESIAN_POINT ( 'NONE',  ( -11656.83651114450913, -679.9999999999979536, -381.8583200498775341 ) ) ;
#1368 = CYLINDRICAL_SURFACE ( 'NONE', #1113, 199.9999999999999432 ) ;
#1369 = ORIENTED_EDGE ( 'NONE', *, *, #1572, .F. ) ;
#1370 = AXIS2_PLACEMENT_3D ( 'NONE', #1505, #1385, #458 ) ;
#1371 = ITEM_DEFINED_TRANSFORMATION ( 'NONE', 'NONE', #1176,  #437 ) ;
#1372 = LINE ( 'NONE', #862, #199 ) ;
#1373 = PLANE ( 'NONE',  #1495 ) ;
#1374 = DIRECTION ( 'NONE',  ( -0.000000000000000000, -0.000000000000000000, 1.000000000000000000 ) ) ;
#1375 = ADVANCED_FACE ( 'NONE', ( #1264 ), #1368, .T. ) ;
#1376 = DIRECTION ( 'NONE',  ( 0.000000000000000000, -0.9854601157443478865, -0.1699069165076472210 ) ) ;
#1377 = VECTOR ( 'NONE', #1175, 1000.000000000000000 ) ;
#1378 = ORIENTED_EDGE ( 'NONE', *, *, #1196, .F. ) ;
#1379 =( NAMED_UNIT ( * ) PLANE_ANGLE_UNIT ( ) SI_UNIT ( $, .RADIAN. ) );
#1380 = VECTOR ( 'NONE', #813, 1000.000000000000000 ) ;
#1381 = CARTESIAN_POINT ( 'NONE',  ( -11411.43189860506209, 1077.499998843224375, -769.9999999999960210 ) ) ;
#1382 = AXIS2_PLACEMENT_3D ( 'NONE', #804, #961, #297 ) ;
#1383 = UNCERTAINTY_MEASURE_WITH_UNIT (LENGTH_MEASURE( 1.000000000000000082E-05 ), #139, 'distance_accuracy_value', 'NONE');
#1384 = CARTESIAN_POINT ( 'NONE',  ( -14588.56810139493791, 0.000000000000000000, -379.9999999999981242 ) ) ;
#1385 = DIRECTION ( 'NONE',  ( 0.000000000000000000, 0.000000000000000000, -1.000000000000000000 ) ) ;
#1386 = ADVANCED_FACE ( 'NONE', ( #1648 ), #188, .T. ) ;
#1387 = DIRECTION ( 'NONE',  ( 0.000000000000000000, 1.000000000000000000, 5.261720495853834886E-17 ) ) ;
#1388 = EDGE_LOOP ( 'NONE', ( #274, #1659, #1611, #1018 ) ) ;
#1389 = EDGE_CURVE ( 'NONE', #827, #1155, #977, .T. ) ;
#1390 = AXIS2_PLACEMENT_3D ( 'NONE', #1269, #1123, #1686 ) ;
#1391 = EDGE_LOOP ( 'NONE', ( #1324, #253, #13, #1306 ) ) ;
#1392 = CARTESIAN_POINT ( 'NONE',  ( -13899.99999999999818, -814.9999999999974989, -459.9999999999980105 ) ) ;
#1393 = PLANE ( 'NONE',  #42 ) ;
#1394 = CARTESIAN_POINT ( 'NONE',  ( -1950.000000000000227, 200.0000000000000000, -825.0000000000001137 ) ) ;
#1395 = DIRECTION ( 'NONE',  ( 0.000000000000000000, 0.1402661271484180183, -0.9901138386947149206 ) ) ;
#1396 = DIRECTION ( 'NONE',  ( 0.000000000000000000, -5.261720495853834886E-17, -1.000000000000000000 ) ) ;
#1397 = ORIENTED_EDGE ( 'NONE', *, *, #1593, .F. ) ;
#1398 = LINE ( 'NONE', #87, #179 ) ;
#1399 = AXIS2_PLACEMENT_3D ( 'NONE', #785, #397, #108 ) ;
#1400 = VECTOR ( 'NONE', #1439, 1000.000000000000000 ) ;
#1401 = PRODUCT_DEFINITION_FORMATION_WITH_SPECIFIED_SOURCE ( 'TUTTO', '', #560, .NOT_KNOWN. ) ;
#1402 = CARTESIAN_POINT ( 'NONE',  ( -14388.56810139493609, 877.4999988432243754, -769.9999999999960210 ) ) ;
#1403 = COLOUR_RGB ( '',0.7921568627450980005, 0.8196078431372548767, 0.9333333333333333481 ) ;
#1404 = DIRECTION ( 'NONE',  ( 0.000000000000000000, 0.000000000000000000, 1.000000000000000000 ) ) ;
#1405 = DIRECTION ( 'NONE',  ( -1.000000000000000000, 0.000000000000000000, 0.000000000000000000 ) ) ;
#1406 = AXIS2_PLACEMENT_3D ( 'NONE', #1126, #474, #1404 ) ;
#1407 = PLANE ( 'NONE',  #1241 ) ;
#1408 = ORIENTED_EDGE ( 'NONE', *, *, #384, .F. ) ;
#1409 = ORIENTED_EDGE ( 'NONE', *, *, #719, .F. ) ;
#1410 = DIRECTION ( 'NONE',  ( 0.000000000000000000, 0.000000000000000000, 1.000000000000000000 ) ) ;
#1411 = EDGE_CURVE ( 'NONE', #146, #1224, #711, .T. ) ;
#1412 = ORIENTED_EDGE ( 'NONE', *, *, #542, .F. ) ;
#1413 = CARTESIAN_POINT ( 'NONE',  ( -12225.00000000000182, 800.0000000000000000, -910.0000000000001137 ) ) ;
#1414 = UNCERTAINTY_MEASURE_WITH_UNIT (LENGTH_MEASURE( 1.000000000000000082E-05 ), #1240, 'distance_accuracy_value', 'NONE');
#1415 = LINE ( 'NONE', #1172, #237 ) ;
#1416 = LINE ( 'NONE', #1129, #240 ) ;
#1417 = VERTEX_POINT ( 'NONE', #1110 ) ;
#1418 = VERTEX_POINT ( 'NONE', #343 ) ;
#1419 = DIRECTION ( 'NONE',  ( -0.000000000000000000, -0.000000000000000000, 1.000000000000000000 ) ) ;
#1420 = SHAPE_REPRESENTATION ( 'WagonPlane_40ft_LessDetailed', ( #350 ), #1493 ) ;
#1421 = VECTOR ( 'NONE', #629, 1000.000000000000000 ) ;
#1422 = ADVANCED_FACE ( 'NONE', ( #583 ), #476, .F. ) ;
#1423 = EDGE_CURVE ( 'NONE', #420, #1605, #1285, .T. ) ;
#1424 = DIRECTION ( 'NONE',  ( 0.000000000000000000, -0.9854601157443478865, -0.1699069165076472210 ) ) ;
#1425 = CARTESIAN_POINT ( 'NONE',  ( -14175.00000000000000, 1189.999999999997499, -1160.000000000000227 ) ) ;
#1426 = DIRECTION ( 'NONE',  ( 0.000000000000000000, 1.000000000000000000, -5.261720495853834886E-17 ) ) ;
#1427 = ORIENTED_EDGE ( 'NONE', *, *, #720, .F. ) ;
#1428 = EDGE_LOOP ( 'NONE', ( #23, #1199, #946, #430, #272, #506, #366, #1268 ) ) ;
#1429 = FACE_OUTER_BOUND ( 'NONE', #1292, .T. ) ;
#1430 = ORIENTED_EDGE ( 'NONE', *, *, #671, .F. ) ;
#1431 = SHAPE_REPRESENTATION ( 'Y25_BackwardBogies_LessDetailed', ( #437 ), #1179 ) ;
#1432 = AXIS2_PLACEMENT_3D ( 'NONE', #325, #840, #1536 ) ;
#1433 = DIRECTION ( 'NONE',  ( 0.000000000000000000, -0.9901138386947148096, 0.1402661271484179906 ) ) ;
#1434 = FACE_OUTER_BOUND ( 'NONE', #728, .T. ) ;
#1435 = PLANE ( 'NONE',  #1685 ) ;
#1436 = VERTEX_POINT ( 'NONE', #1245 ) ;
#1437 = EDGE_LOOP ( 'NONE', ( #330, #1630, #918, #1294 ) ) ;
#1438 = EDGE_CURVE ( 'NONE', #291, #146, #856, .T. ) ;
#1439 = DIRECTION ( 'NONE',  ( 0.000000000000000000, -1.000000000000000000, 0.000000000000000000 ) ) ;
#1440 = DIRECTION ( 'NONE',  ( 1.000000000000000000, 0.000000000000000000, -0.000000000000000000 ) ) ;
#1441 = CARTESIAN_POINT ( 'NONE',  ( -2.220446049250313081E-13, 1189.999999999997726, -960.0000000000002274 ) ) ;
#1442 = PLANE ( 'NONE',  #851 ) ;
#1443 = VERTEX_POINT ( 'NONE', #51 ) ;
#1444 = AXIS2_PLACEMENT_3D ( 'NONE', #568, #166, #19 ) ;
#1445 = ORIENTED_EDGE ( 'NONE', *, *, #576, .T. ) ;
#1446 = ADVANCED_FACE ( 'NONE', ( #726 ), #1657, .T. ) ;
#1447 = CYLINDRICAL_SURFACE ( 'NONE', #515, 460.0000000000000568 ) ;
#1448 = EDGE_LOOP ( 'NONE', ( #391, #374, #764, #772 ) ) ;
#1449 = VECTOR ( 'NONE', #1542, 1000.000000000000000 ) ;
#1450 = CARTESIAN_POINT ( 'NONE',  ( -11411.43189860506209, -877.4999988432243754, -379.9999999999981242 ) ) ;
#1451 = PLANE ( 'NONE',  #980 ) ;
#1452 = DIRECTION ( 'NONE',  ( -0.000000000000000000, 0.000000000000000000, 1.000000000000000000 ) ) ;
#1453 = ORIENTED_EDGE ( 'NONE', *, *, #402, .F. ) ;
#1454 = VERTEX_POINT ( 'NONE', #1528 ) ;
#1455 = FACE_OUTER_BOUND ( 'NONE', #909, .T. ) ;
#1456 = CONTEXT_DEPENDENT_SHAPE_REPRESENTATION ( #1250, #808 ) ;
#1457 = EDGE_LOOP ( 'NONE', ( #697, #1166, #1010, #213 ) ) ;
#1458 = LINE ( 'NONE', #564, #73 ) ;
#1459 = AXIS2_PLACEMENT_3D ( 'NONE', #597, #1374, #991 ) ;
#1460 = DIRECTION ( 'NONE',  ( -9.329605248950915154E-17, 1.000000000000000000, -0.000000000000000000 ) ) ;
#1461 = LINE ( 'NONE', #1701, #1377 ) ;
#1462 = ORIENTED_EDGE ( 'NONE', *, *, #439, .F. ) ;
#1463 = ORIENTED_EDGE ( 'NONE', *, *, #1115, .T. ) ;
#1464 = ORIENTED_EDGE ( 'NONE', *, *, #1011, .F. ) ;
#1465 =( NAMED_UNIT ( * ) PLANE_ANGLE_UNIT ( ) SI_UNIT ( $, .RADIAN. ) );
#1466 = ADVANCED_FACE ( 'NONE', ( #242 ), #520, .F. ) ;
#1467 = DIRECTION ( 'NONE',  ( -1.000000000000000000, 0.000000000000000000, 0.000000000000000000 ) ) ;
#1468 = VECTOR ( 'NONE', #850, 1000.000000000000000 ) ;
#1469 = EDGE_CURVE ( 'NONE', #131, #401, #1, .T. ) ;
#1470 = LINE ( 'NONE', #1484, #1612 ) ;
#1471 = LINE ( 'NONE', #539, #36 ) ;
#1472 = ORIENTED_EDGE ( 'NONE', *, *, #1044, .F. ) ;
#1473 = ORIENTED_EDGE ( 'NONE', *, *, #952, .F. ) ;
#1474 = STYLED_ITEM ( 'NONE', ( #786 ), #1646 ) ;
#1475 = ORIENTED_EDGE ( 'NONE', *, *, #290, .T. ) ;
#1476 = CARTESIAN_POINT ( 'NONE',  ( -12100.00000000000182, -814.9999999999974989, -459.9999999999980105 ) ) ;
#1477 = PRODUCT_DEFINITION_SHAPE ( 'NONE', 'NONE',  #990 ) ;
#1478 = VECTOR ( 'NONE', #97, 1000.000000000000114 ) ;
#1479 = DIRECTION ( 'NONE',  ( 0.000000000000000000, -1.000000000000000000, 0.000000000000000000 ) ) ;
#1480 = FACE_OUTER_BOUND ( 'NONE', #747, .T. ) ;
#1481 = ORIENTED_EDGE ( 'NONE', *, *, #78, .F. ) ;
#1482 = ORIENTED_EDGE ( 'NONE', *, *, #972, .T. ) ;
#1483 = LINE ( 'NONE', #829, #1307 ) ;
#1484 = CARTESIAN_POINT ( 'NONE',  ( -12225.00000000000182, 1189.999999999998408, -960.0000000000002274 ) ) ;
#1485 = PLANE ( 'NONE',  #774 ) ;
#1486 = CIRCLE ( 'NONE', #1173, 460.0000000000001705 ) ;
#1487 = CARTESIAN_POINT ( 'NONE',  ( -11411.43189860506209, -679.9999999999979536, -379.9999999999981242 ) ) ;
#1488 = AXIS2_PLACEMENT_3D ( 'NONE', #434, #1039, #394 ) ;
#1489 = AXIS2_PLACEMENT_3D ( 'NONE', #1632, #1233, #828 ) ;
#1490 = ADVANCED_FACE ( 'NONE', ( #364 ), #631, .T. ) ;
#1491 = EDGE_CURVE ( 'NONE', #1494, #550, #623, .T. ) ;
#1492 = APPLICATION_CONTEXT ( 'automotive_design' ) ;
#1493 =( GEOMETRIC_REPRESENTATION_CONTEXT ( 3 ) GLOBAL_UNCERTAINTY_ASSIGNED_CONTEXT ( ( #724 ) ) GLOBAL_UNIT_ASSIGNED_CONTEXT ( ( #1200, #1210, #258 ) ) REPRESENTATION_CONTEXT ( 'NONE', 'WORKASPACE' ) );
#1494 = VERTEX_POINT ( 'NONE', #1163 ) ;
#1495 = AXIS2_PLACEMENT_3D ( 'NONE', #198, #1527, #186 ) ;
#1496 = DIRECTION ( 'NONE',  ( 0.000000000000000000, -1.000000000000000000, 0.000000000000000000 ) ) ;
#1497 = SURFACE_STYLE_USAGE ( .BOTH. , #398 ) ;
#1498 = PLANE ( 'NONE',  #1156 ) ;
#1499 = LINE ( 'NONE', #182, #1261 ) ;
#1500 = EDGE_LOOP ( 'NONE', ( #903, #117, #37 ) ) ;
#1501 = EDGE_CURVE ( 'NONE', #1418, #689, #91, .T. ) ;
#1502 = CARTESIAN_POINT ( 'NONE',  ( 0.000000000000000000, 0.000000000000000000, 0.000000000000000000 ) ) ;
#1503 = DIRECTION ( 'NONE',  ( 0.000000000000000000, 0.000000000000000000, 1.000000000000000000 ) ) ;
#1504 = DIRECTION ( 'NONE',  ( 0.000000000000000000, 1.000000000000000000, 0.000000000000000000 ) ) ;
#1505 = CARTESIAN_POINT ( 'NONE',  ( -11611.43189860506391, -877.4999988432243754, -379.9999999999981242 ) ) ;
#1506 = AXIS2_PLACEMENT_3D ( 'NONE', #190, #1503, #594 ) ;
#1507 = ORIENTED_EDGE ( 'NONE', *, *, #1355, .F. ) ;
#1508 = DIRECTION ( 'NONE',  ( -1.000000000000000000, 0.000000000000000000, -0.000000000000000000 ) ) ;
#1509 = LINE ( 'NONE', #1272, #854 ) ;
#1510 = APPLICATION_CONTEXT ( 'automotive_design' ) ;
#1511 = LINE ( 'NONE', #335, #106 ) ;
#1512 = LINE ( 'NONE', #1537, #273 ) ;
#1513 = CIRCLE ( 'NONE', #762, 459.9999999999998863 ) ;
#1514 = SHAPE_DEFINITION_REPRESENTATION ( #1477, #1420 ) ;
#1515 = DIRECTION ( 'NONE',  ( 0.000000000000000000, -1.000000000000000000, 0.000000000000000000 ) ) ;
#1516 = EDGE_CURVE ( 'NONE', #550, #995, #1556, .T. ) ;
#1517 = EDGE_CURVE ( 'NONE', #1121, #252, #1513, .T. ) ;
#1518 = CARTESIAN_POINT ( 'NONE',  ( -11825.00000000000182, -1190.000000000000455, -960.0000000000002274 ) ) ;
#1519 = DIRECTION ( 'NONE',  ( 0.000000000000000000, -1.000000000000000000, 5.261720495853834886E-17 ) ) ;
#1520 = DIRECTION ( 'NONE',  ( 0.000000000000000000, 1.000000000000000000, -5.261720495853834886E-17 ) ) ;
#1521 = ORIENTED_EDGE ( 'NONE', *, *, #1438, .T. ) ;
#1522 = EDGE_LOOP ( 'NONE', ( #1507, #504, #1566 ) ) ;
#1523 = PLANE ( 'NONE',  #1390 ) ;
#1524 = AXIS2_PLACEMENT_3D ( 'NONE', #695, #1635, #1504 ) ;
#1525 = DIRECTION ( 'NONE',  ( -0.000000000000000000, 1.000000000000000000, -0.000000000000000000 ) ) ;
#1526 = VECTOR ( 'NONE', #1460, 1000.000000000000000 ) ;
#1527 = DIRECTION ( 'NONE',  ( 0.000000000000000000, 0.000000000000000000, -1.000000000000000000 ) ) ;
#1528 = CARTESIAN_POINT ( 'NONE',  ( -14588.56810139493791, -877.4999988432243754, -769.9999999999960210 ) ) ;
#1529 = CARTESIAN_POINT ( 'NONE',  ( -12100.00000000000182, 814.9999999999974989, -459.9999999999980105 ) ) ;
#1530 = ORIENTED_EDGE ( 'NONE', *, *, #771, .T. ) ;
#1531 = VECTOR ( 'NONE', #1597, 1000.000000000000000 ) ;
#1532 = EDGE_LOOP ( 'NONE', ( #578, #666, #1409, #947 ) ) ;
#1533 = CARTESIAN_POINT ( 'NONE',  ( -1950.000000000000227, 800.0000000000000000, -910.0000000000001137 ) ) ;
#1534 = DIRECTION ( 'NONE',  ( -0.000000000000000000, -0.9854601157443478865, -0.1699069165076472210 ) ) ;
#1535 = DIRECTION ( 'NONE',  ( -1.000000000000000000, 0.000000000000000000, 0.000000000000000000 ) ) ;
#1536 = DIRECTION ( 'NONE',  ( 0.000000000000000000, 1.000000000000000000, 0.000000000000000000 ) ) ;
#1537 = CARTESIAN_POINT ( 'NONE',  ( -11647.00993388375718, -1054.999999999997499, -379.9999999999981242 ) ) ;
#1538 = ORIENTED_EDGE ( 'NONE', *, *, #542, .T. ) ;
#1539 = ADVANCED_FACE ( 'NONE', ( #1580 ), #1451, .F. ) ;
#1540 = VERTEX_POINT ( 'NONE', #884 ) ;
#1541 = EDGE_CURVE ( 'NONE', #1653, #825, #1415, .T. ) ;
#1542 = DIRECTION ( 'NONE',  ( -0.000000000000000000, -0.000000000000000000, -1.000000000000000000 ) ) ;
#1543 = AXIS2_PLACEMENT_3D ( 'NONE', #488, #1689, #370 ) ;
#1544 = ORIENTED_EDGE ( 'NONE', *, *, #869, .F. ) ;
#1545 = FACE_BOUND ( 'NONE', #1437, .T. ) ;
#1546 = DIRECTION ( 'NONE',  ( 0.000000000000000000, 1.000000000000000000, 0.000000000000000000 ) ) ;
#1547 = VECTOR ( 'NONE', #1008, 1000.000000000000000 ) ;
#1548 = EDGE_LOOP ( 'NONE', ( #1430, #484, #1290, #1074 ) ) ;
#1549 = ORIENTED_EDGE ( 'NONE', *, *, #1602, .T. ) ;
#1550 = VECTOR ( 'NONE', #908, 1000.000000000000114 ) ;
#1551 = DIRECTION ( 'NONE',  ( -0.000000000000000000, -1.000000000000000000, 5.261720495853834886E-17 ) ) ;
#1552 = ADVANCED_FACE ( 'NONE', ( #1434 ), #380, .F. ) ;
#1553 = VECTOR ( 'NONE', #510, 1000.000000000000000 ) ;
#1554 = LINE ( 'NONE', #630, #294 ) ;
#1555 = UNCERTAINTY_MEASURE_WITH_UNIT (LENGTH_MEASURE( 1.000000000000000082E-05 ), #836, 'distance_accuracy_value', 'NONE');
#1556 = LINE ( 'NONE', #1681, #1651 ) ;
#1557 = DIRECTION ( 'NONE',  ( 0.000000000000000000, 0.000000000000000000, 1.000000000000000000 ) ) ;
#1558 = ORIENTED_EDGE ( 'NONE', *, *, #1067, .F. ) ;
#1559 = ORIENTED_EDGE ( 'NONE', *, *, #1023, .T. ) ;
#1560 = CARTESIAN_POINT ( 'NONE',  ( -14388.56810139493609, 1077.499998843224375, -769.9999999999960210 ) ) ;
#1561 = EDGE_LOOP ( 'NONE', ( #228, #1047, #113, #635 ) ) ;
#1562 = DIRECTION ( 'NONE',  ( -1.000000000000000000, -0.000000000000000000, 0.000000000000000000 ) ) ;
#1563 = PLANE ( 'NONE',  #1301 ) ;
#1564 = CARTESIAN_POINT ( 'NONE',  ( -13447.00993388375355, -679.9999999999978400, -379.9999999999981242 ) ) ;
#1565 = EDGE_LOOP ( 'NONE', ( #1482, #345, #591, #619 ) ) ;
#1566 = ORIENTED_EDGE ( 'NONE', *, *, #1003, .F. ) ;
#1567 = CARTESIAN_POINT ( 'NONE',  ( -14175.00000000000000, -1190.000000000001137, -960.0000000000002274 ) ) ;
#1568 = VECTOR ( 'NONE', #1342, 1000.000000000000000 ) ;
#1569 = AXIS2_PLACEMENT_3D ( 'NONE', #1029, #126, #534 ) ;
#1570 = PLANE ( 'NONE',  #872 ) ;
#1571 = CARTESIAN_POINT ( 'NONE',  ( -14388.56810139493609, -1077.499998843224375, -379.9999999999981242 ) ) ;
#1572 = EDGE_CURVE ( 'NONE', #72, #1418, #1143, .T. ) ;
#1573 = EDGE_CURVE ( 'NONE', #526, #263, #119, .T. ) ;
#1574 = FACE_OUTER_BOUND ( 'NONE', #1457, .T. ) ;
#1575 = ORIENTED_EDGE ( 'NONE', *, *, #1056, .F. ) ;
#1576 = AXIS2_PLACEMENT_3D ( 'NONE', #333, #1135, #999 ) ;
#1577 = ORIENTED_EDGE ( 'NONE', *, *, #627, .T. ) ;
#1578 = DIRECTION ( 'NONE',  ( 0.000000000000000000, 1.000000000000000000, 5.261720495853834886E-17 ) ) ;
#1579 = CARTESIAN_POINT ( 'NONE',  ( -12225.00000000000182, 800.0000000000000000, -910.0000000000001137 ) ) ;
#1580 = FACE_OUTER_BOUND ( 'NONE', #1066, .T. ) ;
#1581 = DIRECTION ( 'NONE',  ( -0.000000000000000000, 0.000000000000000000, 1.000000000000000000 ) ) ;
#1582 = ORIENTED_EDGE ( 'NONE', *, *, #80, .F. ) ;
#1583 = EDGE_LOOP ( 'NONE', ( #571, #956, #628, #923 ) ) ;
#1584 = LINE ( 'NONE', #505, #1400 ) ;
#1585 = VERTEX_POINT ( 'NONE', #755 ) ;
#1586 =( LENGTH_UNIT ( ) NAMED_UNIT ( * ) SI_UNIT ( .MILLI., .METRE. ) );
#1587 = AXIS2_PLACEMENT_3D ( 'NONE', #749, #1276, #860 ) ;
#1588 = CARTESIAN_POINT ( 'NONE',  ( -14175.00000000000000, 1189.999999999997499, -1160.000000000000227 ) ) ;
#1589 = ADVANCED_FACE ( 'NONE', ( #490 ), #1563, .F. ) ;
#1590 = FACE_OUTER_BOUND ( 'NONE', #652, .T. ) ;
#1591 = ORIENTED_EDGE ( 'NONE', *, *, #1023, .F. ) ;
#1592 = VERTEX_POINT ( 'NONE', #500 ) ;
#1593 = EDGE_CURVE ( 'NONE', #1436, #689, #250, .T. ) ;
#1594 = EDGE_CURVE ( 'NONE', #729, #1585, #1016, .T. ) ;
#1595 = EDGE_LOOP ( 'NONE', ( #545, #28, #400 ) ) ;
#1596 = SURFACE_STYLE_USAGE ( .BOTH. , #648 ) ;
#1597 = DIRECTION ( 'NONE',  ( 1.000000000000000000, 0.000000000000000000, 0.000000000000000000 ) ) ;
#1598 = VECTOR ( 'NONE', #650, 1000.000000000000114 ) ;
#1599 = PLANE ( 'NONE',  #1382 ) ;
#1600 = CARTESIAN_POINT ( 'NONE',  ( -2.220446049250313081E-13, 1189.999999999997726, -960.0000000000002274 ) ) ;
#1601 = VERTEX_POINT ( 'NONE', #371 ) ;
#1602 = EDGE_CURVE ( 'NONE', #85, #1238, #1076, .T. ) ;
#1603 =( REPRESENTATION_RELATIONSHIP ('NONE','NONE', #1652, #1420 ) REPRESENTATION_RELATIONSHIP_WITH_TRANSFORMATION ( #1638 )SHAPE_REPRESENTATION_RELATIONSHIP( ) );
#1604 = EDGE_LOOP ( 'NONE', ( #369, #477, #1256, #7 ) ) ;
#1605 = VERTEX_POINT ( 'NONE', #1571 ) ;
#1606 = LINE ( 'NONE', #40, #1568 ) ;
#1607 = AXIS2_PLACEMENT_3D ( 'NONE', #662, #511, #1557 ) ;
#1608 = CARTESIAN_POINT ( 'NONE',  ( -2350.000000000000000, 899.9999999999998863, -910.0000000000001137 ) ) ;
#1609 = FACE_OUTER_BOUND ( 'NONE', #1683, .T. ) ;
#1610 = EDGE_LOOP ( 'NONE', ( #21, #1085, #392, #513, #1538, #663, #1575, #447 ) ) ;
#1611 = ORIENTED_EDGE ( 'NONE', *, *, #1328, .F. ) ;
#1612 = VECTOR ( 'NONE', #1327, 1000.000000000000114 ) ;
#1613 = SHELL_BASED_SURFACE_MODEL ( 'NONE', ( #461 ) );
#1614 = EDGE_CURVE ( 'NONE', #1443, #1653, #287, .T. ) ;
#1615 = ORIENTED_EDGE ( 'NONE', *, *, #1185, .F. ) ;
#1616 = DIRECTION ( 'NONE',  ( 0.000000000000000000, 1.000000000000000000, 5.261720495853834886E-17 ) ) ;
#1617 = ADVANCED_FACE ( 'NONE', ( #26 ), #406, .T. ) ;
#1618 = DIRECTION ( 'NONE',  ( 0.000000000000000000, 5.261720495853834886E-17, -1.000000000000000000 ) ) ;
#1619 = ADVANCED_FACE ( 'NONE', ( #277 ), #1599, .T. ) ;
#1620 = DIRECTION ( 'NONE',  ( -9.329605248950915154E-17, 1.000000000000000000, -0.000000000000000000 ) ) ;
#1621 = FACE_OUTER_BOUND ( 'NONE', #601, .T. ) ;
#1622 = EDGE_LOOP ( 'NONE', ( #404, #1299, #1158, #1311 ) ) ;
#1623 = VERTEX_POINT ( 'NONE', #1626 ) ;
#1624 = SHAPE_DEFINITION_REPRESENTATION ( #1208, #1431 ) ;
#1625 = CARTESIAN_POINT ( 'NONE',  ( -12225.00000000000182, -899.9999999999998863, -910.0000000000001137 ) ) ;
#1626 = CARTESIAN_POINT ( 'NONE',  ( 0.000000000000000000, -1189.999999999997272, -960.0000000000002274 ) ) ;
#1627 = CARTESIAN_POINT ( 'NONE',  ( -14343.16348885549087, -814.9999999999974989, -381.8583200498775341 ) ) ;
#1628 = EDGE_CURVE ( 'NONE', #825, #1418, #1219, .T. ) ;
#1629 = VECTOR ( 'NONE', #1616, 1000.000000000000000 ) ;
#1630 = ORIENTED_EDGE ( 'NONE', *, *, #1216, .T. ) ;
#1631 = VECTOR ( 'NONE', #949, 1000.000000000000000 ) ;
#1632 = CARTESIAN_POINT ( 'NONE',  ( 0.000000000000000000, 0.000000000000000000, 0.000000000000000000 ) ) ;
#1633 = VECTOR ( 'NONE', #622, 1000.000000000000000 ) ;
#1634 = DIRECTION ( 'NONE',  ( 0.000000000000000000, 0.9854601157443478865, -0.1699069165076472210 ) ) ;
#1635 = DIRECTION ( 'NONE',  ( 0.000000000000000000, 0.000000000000000000, -1.000000000000000000 ) ) ;
#1636 = CARTESIAN_POINT ( 'NONE',  ( -13899.99999999999818, 814.9999999999974989, -459.9999999999980105 ) ) ;
#1637 = EDGE_LOOP ( 'NONE', ( #1692, #1397, #59, #1093, #1582, #385, #1481, #152 ) ) ;
#1638 = ITEM_DEFINED_TRANSFORMATION ( 'NONE', 'NONE', #957,  #350 ) ;
#1639 = DIRECTION ( 'NONE',  ( 0.000000000000000000, 1.000000000000000000, 0.000000000000000000 ) ) ;
#1640 = DIRECTION ( 'NONE',  ( 0.000000000000000000, 0.000000000000000000, 1.000000000000000000 ) ) ;
#1641 = CARTESIAN_POINT ( 'NONE',  ( -13447.00993388375355, -814.9999999999974989, -379.9999999999981242 ) ) ;
#1642 = LINE ( 'NONE', #1001, #55 ) ;
#1643 = EDGE_CURVE ( 'NONE', #486, #540, #821, .T. ) ;
#1644 = ADVANCED_FACE ( 'NONE', ( #427 ), #1088, .F. ) ;
#1645 = DIRECTION ( 'NONE',  ( 0.000000000000000000, -0.9854601157443478865, 0.1699069165076472210 ) ) ;
#1646 = MANIFOLD_SOLID_BREP ( 'Specchia1', #848 ) ;
#1647 = CARTESIAN_POINT ( 'NONE',  ( -12225.00000000000182, -899.9999999999998863, -910.0000000000001137 ) ) ;
#1648 = FACE_OUTER_BOUND ( 'NONE', #1055, .T. ) ;
#1649 = FACE_OUTER_BOUND ( 'NONE', #657, .T. ) ;
#1650 = VERTEX_POINT ( 'NONE', #1184 ) ;
#1651 = VECTOR ( 'NONE', #1546, 1000.000000000000000 ) ;
#1652 = SHAPE_REPRESENTATION ( 'FlatWagon_40ft_LessDetailed', ( #1489, #957, #1176, #296 ), #874 ) ;
#1653 = VERTEX_POINT ( 'NONE', #10 ) ;
#1654 = SHAPE_REPRESENTATION_RELATIONSHIP ( 'NONE' , 'NONE' ,  #1431, #171 ) ;
#1655 = LINE ( 'NONE', #1381, #17 ) ;
#1656 = FACE_OUTER_BOUND ( 'NONE', #512, .T. ) ;
#1657 = CYLINDRICAL_SURFACE ( 'NONE', #1141, 199.9999999999999432 ) ;
#1658 = CARTESIAN_POINT ( 'NONE',  ( -13000.00000000000000, 172.2649730022416463, -825.0000000000000000 ) ) ;
#1659 = ORIENTED_EDGE ( 'NONE', *, *, #497, .T. ) ;
#1660 = VERTEX_POINT ( 'NONE', #528 ) ;
#1661 = FACE_OUTER_BOUND ( 'NONE', #1532, .T. ) ;
#1662 = CIRCLE ( 'NONE', #1524, 199.9999999999999432 ) ;
#1663 = FACE_OUTER_BOUND ( 'NONE', #1595, .T. ) ;
#1664 = CARTESIAN_POINT ( 'NONE',  ( -11411.43189860506209, -814.9999999999974989, -379.9999999999981242 ) ) ;
#1665 = ADVANCED_FACE ( 'NONE', ( #1051 ), #556, .F. ) ;
#1666 = FACE_OUTER_BOUND ( 'NONE', #1637, .T. ) ;
#1667 = EDGE_CURVE ( 'NONE', #1660, #408, #1470, .T. ) ;
#1668 = CARTESIAN_POINT ( 'NONE',  ( -13000.00000000000000, 0.000000000000000000, -825.0000000000000000 ) ) ;
#1669 = VERTEX_POINT ( 'NONE', #1202 ) ;
#1670 = VECTOR ( 'NONE', #897, 1000.000000000000114 ) ;
#1671 = ORIENTED_EDGE ( 'NONE', *, *, #1270, .F. ) ;
#1672 = CARTESIAN_POINT ( 'NONE',  ( -2349.999999999999545, 1189.999999999997726, -960.0000000000002274 ) ) ;
#1673 = DIRECTION ( 'NONE',  ( -0.000000000000000000, -1.000000000000000000, 5.261720495853834886E-17 ) ) ;
#1674 = CARTESIAN_POINT ( 'NONE',  ( -13899.99999999999818, 1054.999999999997499, -459.9999999999980105 ) ) ;
#1675 = LINE ( 'NONE', #885, #929 ) ;
#1676 = ORIENTED_EDGE ( 'NONE', *, *, #112, .T. ) ;
#1677 = ADVANCED_FACE ( 'NONE', ( #149 ), #669, .T. ) ;
#1678 = ORIENTED_EDGE ( 'NONE', *, *, #1080, .T. ) ;
#1679 = CARTESIAN_POINT ( 'NONE',  ( -12225.00000000000182, -1189.999999999998408, -960.0000000000002274 ) ) ;
#1680 = VERTEX_POINT ( 'NONE', #1193 ) ;
#1681 = CARTESIAN_POINT ( 'NONE',  ( -11825.00000000000182, 1189.999999999998408, -960.0000000000002274 ) ) ;
#1682 = DIRECTION ( 'NONE',  ( 0.000000000000000000, -1.000000000000000000, 5.261720495853834886E-17 ) ) ;
#1683 = EDGE_LOOP ( 'NONE', ( #1020, #31, #1340, #493 ) ) ;
#1684 = ORIENTED_EDGE ( 'NONE', *, *, #1336, .F. ) ;
#1685 = AXIS2_PLACEMENT_3D ( 'NONE', #365, #522, #769 ) ;
#1686 = DIRECTION ( 'NONE',  ( 0.000000000000000000, 0.9854601157443478865, 0.1699069165076472210 ) ) ;
#1687 = EDGE_CURVE ( 'NONE', #1231, #1540, #686, .T. ) ;
#1688 = AXIS2_PLACEMENT_3D ( 'NONE', #1700, #226, #915 ) ;
#1689 = DIRECTION ( 'NONE',  ( 1.000000000000000000, 0.000000000000000000, -0.000000000000000000 ) ) ;
#1690 = DIRECTION ( 'NONE',  ( 1.000000000000000000, 0.000000000000000000, 0.000000000000000000 ) ) ;
#1691 = FACE_OUTER_BOUND ( 'NONE', #176, .T. ) ;
#1692 = ORIENTED_EDGE ( 'NONE', *, *, #1501, .T. ) ;
#1693 = ORIENTED_EDGE ( 'NONE', *, *, #1438, .F. ) ;
#1694 = AXIS2_PLACEMENT_3D ( 'NONE', #742, #1102, #1508 ) ;
#1695 = CARTESIAN_POINT ( 'NONE',  ( -11611.43189860506391, 877.4999988432243754, -909.9999999999984084 ) ) ;
#1696 = ADVANCED_FACE ( 'NONE', ( #305 ), #1358, .T. ) ;
#1697 = ORIENTED_EDGE ( 'NONE', *, *, #1305, .F. ) ;
#1698 = EDGE_CURVE ( 'NONE', #327, #683, #830, .T. ) ;
#1699 = CARTESIAN_POINT ( 'NONE',  ( -12225.00000000000182, -800.0000000000000000, -910.0000000000001137 ) ) ;
#1700 = CARTESIAN_POINT ( 'NONE',  ( -11411.43189860506209, 0.000000000000000000, -909.9999999999984084 ) ) ;
#1701 = CARTESIAN_POINT ( 'NONE',  ( -14388.56810139493609, 1077.499998843224375, -379.9999999999981242 ) ) ;
#1702 = ORIENTED_EDGE ( 'NONE', *, *, #834, .F. ) ;
#1703 = CARTESIAN_POINT ( 'NONE',  ( -11411.43189860506209, 1077.499998843224375, -379.9999999999981242 ) ) ;
#1704 = NEXT_ASSEMBLY_USAGE_OCCURRENCE ( 'NAUO1', ' ', ' ', #1303, #990, $ ) ;
#1705 = NEXT_ASSEMBLY_USAGE_OCCURRENCE ( 'NAUO2', ' ', ' ', #1303, #592, $ ) ;
#1706 = NEXT_ASSEMBLY_USAGE_OCCURRENCE ( 'NAUO3', ' ', ' ', #1303, #592, $ ) ;
ENDSEC;
END-ISO-10303-21;
