ISO-10303-21;
HEADER;
FILE_DESCRIPTION (( 'STEP AP214' ),
    '1' );
FILE_NAME ('FlatWagon_40ft_MediumDetailed.STEP',
    '2026-02-24T10:52:12',
    ( '' ),
    ( '' ),
    'SwSTEP 2.0',
    'SolidWorks 2022',
    '' );
FILE_SCHEMA (( 'AUTOMOTIVE_DESIGN' ));
ENDSEC;

DATA;
#1 = CARTESIAN_POINT ( 'NONE',  ( -1950.000000000001137, -1189.999999999998863, -960.0000000000002274 ) ) ;
#2 = ADVANCED_FACE ( 'NONE', ( #2509 ), #278, .T. ) ;
#3 = LINE ( 'NONE', #2602, #3559 ) ;
#4 = EDGE_LOOP ( 'NONE', ( #4084, #1336, #582, #1887 ) ) ;
#5 = VECTOR ( 'NONE', #666, 1000.000000000000114 ) ;
#6 = VERTEX_POINT ( 'NONE', #2569 ) ;
#7 =( BOUNDED_CURVE ( )  B_SPLINE_CURVE ( 3, ( #3120, #1382, #2716, #405 ),
 .UNSPECIFIED., .F., .T. ) 
 B_SPLINE_CURVE_WITH_KNOTS ( ( 4, 4 ),
 ( 4.948096640255991829, 4.998901561966746954 ),
 .UNSPECIFIED. ) 
 CURVE ( )  GEOMETRIC_REPRESENTATION_ITEM ( )  RATIONAL_B_SPLINE_CURVE ( ( 1.000000000000000000, 0.9997849165603801547, 0.9997849165603801547, 1.000000000000000000 ) ) 
 REPRESENTATION_ITEM ( '' )  );
#8 = LINE ( 'NONE', #696, #891 ) ;
#9 = CARTESIAN_POINT ( 'NONE',  ( -12500.00000000000182, 1950.712458671872810, -589.9999999999963620 ) ) ;
#10 = ORIENTED_EDGE ( 'NONE', *, *, #3921, .F. ) ;
#11 = ADVANCED_FACE ( 'NONE', ( #571 ), #3585, .F. ) ;
#12 = LINE ( 'NONE', #4292, #3741 ) ;
#13 = LINE ( 'NONE', #1759, #2794 ) ;
#14 = ORIENTED_EDGE ( 'NONE', *, *, #1029, .T. ) ;
#15 = VECTOR ( 'NONE', #995, 1000.000000000000000 ) ;
#16 = VERTEX_POINT ( 'NONE', #220 ) ;
#17 = CARTESIAN_POINT ( 'NONE',  ( -11700.00000000000182, -814.9999999999974989, -306.2059048389986629 ) ) ;
#18 = CARTESIAN_POINT ( 'NONE',  ( -14175.00000000000000, 1189.999999999997954, -1160.000000000000227 ) ) ;
#19 = VECTOR ( 'NONE', #529, 1000.000000000000000 ) ;
#20 = PLANE ( 'NONE',  #4150 ) ;
#21 = VECTOR ( 'NONE', #2801, 1000.000000000000114 ) ;
#22 = LINE ( 'NONE', #3379, #1414 ) ;
#23 = DIRECTION ( 'NONE',  ( -1.000000000000000000, -0.000000000000000000, -0.000000000000000000 ) ) ;
#24 = ORIENTED_EDGE ( 'NONE', *, *, #1496, .T. ) ;
#25 = EDGE_CURVE ( 'NONE', #2896, #344, #3507, .T. ) ;
#26 = DIRECTION ( 'NONE',  ( -0.000000000000000000, -1.000000000000000000, -2.249385511977649118E-16 ) ) ;
#27 = CARTESIAN_POINT ( 'NONE',  ( -10255.33188238365256, 1077.499998843224375, -589.9999999999964757 ) ) ;
#28 = LINE ( 'NONE', #1424, #3236 ) ;
#29 = FILL_AREA_STYLE_COLOUR ( '', #523 ) ;
#30 = ORIENTED_EDGE ( 'NONE', *, *, #1989, .F. ) ;
#31 = ORIENTED_EDGE ( 'NONE', *, *, #3933, .T. ) ;
#32 = AXIS2_PLACEMENT_3D ( 'NONE', #1611, #3233, #1248 ) ;
#33 = EDGE_CURVE ( 'NONE', #949, #1103, #1548, .T. ) ;
#34 = LINE ( 'NONE', #2399, #717 ) ;
#35 = DIRECTION ( 'NONE',  ( 1.000000000000000000, -0.000000000000000000, -0.000000000000000000 ) ) ;
#36 = VERTEX_POINT ( 'NONE', #1266 ) ;
#37 = ORIENTED_EDGE ( 'NONE', *, *, #214, .F. ) ;
#38 = ORIENTED_EDGE ( 'NONE', *, *, #162, .T. ) ;
#39 = ADVANCED_FACE ( 'NONE', ( #1911 ), #1849, .F. ) ;
#40 = EDGE_LOOP ( 'NONE', ( #30, #1972, #2779, #58 ) ) ;
#41 = DIRECTION ( 'NONE',  ( 0.000000000000000000, -1.000000000000000000, 0.000000000000000000 ) ) ;
#42 = ADVANCED_FACE ( 'NONE', ( #3545 ), #879, .F. ) ;
#43 = DIRECTION ( 'NONE',  ( -0.000000000000000000, -1.000000000000000000, -0.000000000000000000 ) ) ;
#44 = PLANE ( 'NONE',  #446 ) ;
#45 = DIRECTION ( 'NONE',  ( -1.224646799147353207E-16, 1.000000000000000000, -0.000000000000000000 ) ) ;
#46 = ORIENTED_EDGE ( 'NONE', *, *, #916, .T. ) ;
#47 = DIRECTION ( 'NONE',  ( 0.000000000000000000, -2.775557561563032853E-16, 1.000000000000000000 ) ) ;
#48 = LINE ( 'NONE', #2071, #1771 ) ;
#49 = LINE ( 'NONE', #1334, #1235 ) ;
#50 = CARTESIAN_POINT ( 'NONE',  ( -14341.24822945820415, -732.4719190560189190, -589.9999999999970441 ) ) ;
#51 = ORIENTED_EDGE ( 'NONE', *, *, #3824, .F. ) ;
#52 = ORIENTED_EDGE ( 'NONE', *, *, #1156, .T. ) ;
#53 = VECTOR ( 'NONE', #4043, 1000.000000000000000 ) ;
#54 = CARTESIAN_POINT ( 'NONE',  ( -12225.00000000000182, -200.0000000000000000, -825.0000000000001137 ) ) ;
#55 = CARTESIAN_POINT ( 'NONE',  ( -12320.00000000000000, 814.9999999999972715, -517.7941176470590108 ) ) ;
#56 = EDGE_LOOP ( 'NONE', ( #3075, #3062, #1064, #2214, #1637 ) ) ;
#57 = VECTOR ( 'NONE', #2584, 1000.000000000000000 ) ;
#58 = ORIENTED_EDGE ( 'NONE', *, *, #2579, .T. ) ;
#59 = ADVANCED_FACE ( 'NONE', ( #2927 ), #3915, .F. ) ;
#60 = VECTOR ( 'NONE', #3323, 1000.000000000000000 ) ;
#61 = LINE ( 'NONE', #2636, #1861 ) ;
#62 = ORIENTED_EDGE ( 'NONE', *, *, #3921, .T. ) ;
#63 = EDGE_CURVE ( 'NONE', #3571, #783, #1872, .T. ) ;
#64 = VECTOR ( 'NONE', #964, 1000.000000000000000 ) ;
#65 = DIRECTION ( 'NONE',  ( 0.000000000000000000, -1.000000000000000000, -2.775557561563032853E-16 ) ) ;
#66 = CARTESIAN_POINT ( 'NONE',  ( -2350.000000000000455, -899.9999999999998863, -910.0000000000001137 ) ) ;
#67 = LINE ( 'NONE', #3746, #3081 ) ;
#68 = FACE_OUTER_BOUND ( 'NONE', #1129, .T. ) ;
#69 = ORIENTED_EDGE ( 'NONE', *, *, #955, .T. ) ;
#70 = LINE ( 'NONE', #334, #5 ) ;
#71 = FACE_OUTER_BOUND ( 'NONE', #475, .T. ) ;
#72 = DIRECTION ( 'NONE',  ( 0.000000000000000000, 0.000000000000000000, 1.000000000000000000 ) ) ;
#73 = ORIENTED_EDGE ( 'NONE', *, *, #3578, .T. ) ;
#74 = ORIENTED_EDGE ( 'NONE', *, *, #239, .F. ) ;
#75 = CARTESIAN_POINT ( 'NONE',  ( -10255.33188238365256, 278.9021535255452022, -725.0000000000052296 ) ) ;
#76 = CARTESIAN_POINT ( 'NONE',  ( -13456.54998713038003, 715.1018965907419442, -582.5266689850964212 ) ) ;
#77 = VERTEX_POINT ( 'NONE', #1589 ) ;
#78 = ORIENTED_EDGE ( 'NONE', *, *, #2427, .T. ) ;
#79 = EDGE_CURVE ( 'NONE', #2443, #1908, #899, .T. ) ;
#80 = VECTOR ( 'NONE', #2200, 1000.000000000000000 ) ;
#81 = DIRECTION ( 'NONE',  ( -2.193033135062037489E-16, 1.000000000000000000, 0.000000000000000000 ) ) ;
#82 = LINE ( 'NONE', #132, #248 ) ;
#83 = EDGE_CURVE ( 'NONE', #2630, #2035, #3716, .T. ) ;
#84 = DIRECTION ( 'NONE',  ( 0.000000000000000000, -0.9950481186486286322, -0.09939437395458934621 ) ) ;
#85 = CARTESIAN_POINT ( 'NONE',  ( -11825.00000000000182, 800.0000000000000000, -910.0000000000001137 ) ) ;
#86 = DIRECTION ( 'NONE',  ( 0.000000000000000000, 1.000000000000000000, 3.301729611148416588E-16 ) ) ;
#87 = AXIS2_PLACEMENT_3D ( 'NONE', #2418, #4121, #1455 ) ;
#88 = ORIENTED_EDGE ( 'NONE', *, *, #1626, .T. ) ;
#89 = ORIENTED_EDGE ( 'NONE', *, *, #3315, .F. ) ;
#90 = VECTOR ( 'NONE', #3510, 1000.000000000000000 ) ;
#91 = CARTESIAN_POINT ( 'NONE',  ( -8598.683472959099163, 1189.999999999998408, -6660.000000000000000 ) ) ;
#92 = LINE ( 'NONE', #1729, #4057 ) ;
#93 = DIRECTION ( 'NONE',  ( -3.132904478660053556E-17, 1.000000000000000000, -0.000000000000000000 ) ) ;
#94 = ORIENTED_EDGE ( 'NONE', *, *, #1969, .T. ) ;
#95 = CIRCLE ( 'NONE', #3634, 277.7941176470602045 ) ;
#96 = ORIENTED_EDGE ( 'NONE', *, *, #2544, .F. ) ;
#97 = DIRECTION ( 'NONE',  ( -1.000000000000000000, -3.132904478660053556E-17, -0.000000000000000000 ) ) ;
#98 = LINE ( 'NONE', #2994, #3431 ) ;
#99 = ORIENTED_EDGE ( 'NONE', *, *, #3855, .F. ) ;
#100 = ORIENTED_EDGE ( 'NONE', *, *, #415, .F. ) ;
#101 = DIRECTION ( 'NONE',  ( 0.000000000000000000, 0.000000000000000000, 1.000000000000000000 ) ) ;
#102 = LINE ( 'NONE', #2461, #3888 ) ;
#103 = ORIENTED_EDGE ( 'NONE', *, *, #1496, .F. ) ;
#104 = CARTESIAN_POINT ( 'NONE',  ( -8598.683472959097344, 1189.999999999998408, -660.0000000000002274 ) ) ;
#105 = CYLINDRICAL_SURFACE ( 'NONE', #894, 277.7941176470602045 ) ;
#106 = CYLINDRICAL_SURFACE ( 'NONE', #2267, 79.99999999999995737 ) ;
#107 = SURFACE_STYLE_FILL_AREA ( #2301 ) ;
#108 = DIRECTION ( 'NONE',  ( 0.000000000000000000, 0.000000000000000000, 1.000000000000000000 ) ) ;
#109 = AXIS2_PLACEMENT_3D ( 'NONE', #1158, #1786, #4142 ) ;
#110 = ADVANCED_FACE ( 'NONE', ( #2215 ), #1527, .T. ) ;
#111 = ORIENTED_EDGE ( 'NONE', *, *, #2592, .F. ) ;
#112 = VERTEX_POINT ( 'NONE', #1287 ) ;
#113 = DIRECTION ( 'NONE',  ( 0.000000000000000000, -1.000000000000000000, 0.000000000000000000 ) ) ;
#114 = CARTESIAN_POINT ( 'NONE',  ( -13899.99999999999818, -679.9999999999977263, -459.9999999999982947 ) ) ;
#115 = PLANE ( 'NONE',  #1174 ) ;
#116 = SPHERICAL_SURFACE ( 'NONE', #2571, 1000.000000000000000 ) ;
#117 = ORIENTED_EDGE ( 'NONE', *, *, #3565, .T. ) ;
#118 = EDGE_CURVE ( 'NONE', #3544, #1292, #1891, .T. ) ;
#119 = ORIENTED_EDGE ( 'NONE', *, *, #1838, .T. ) ;
#120 = AXIS2_PLACEMENT_3D ( 'NONE', #1295, #2892, #4220 ) ;
#121 = FACE_OUTER_BOUND ( 'NONE', #2378, .T. ) ;
#122 = DIRECTION ( 'NONE',  ( 0.000000000000000000, 2.249385511977649118E-16, -1.000000000000000000 ) ) ;
#123 = CARTESIAN_POINT ( 'NONE',  ( -11349.93198115551968, 1189.999999999997954, -960.0000000000002274 ) ) ;
#124 = VERTEX_POINT ( 'NONE', #3219 ) ;
#125 = ORIENTED_EDGE ( 'NONE', *, *, #2444, .F. ) ;
#126 = ADVANCED_FACE ( 'NONE', ( #2255 ), #534, .T. ) ;
#127 = AXIS2_PLACEMENT_3D ( 'NONE', #4108, #819, #486 ) ;
#128 = ADVANCED_FACE ( 'NONE', ( #2844 ), #1199, .T. ) ;
#129 = CARTESIAN_POINT ( 'NONE',  ( -12543.45001286962361, 715.1018965907419442, -582.5266689850964212 ) ) ;
#130 = AXIS2_PLACEMENT_3D ( 'NONE', #2293, #662, #2710 ) ;
#131 = ORIENTED_EDGE ( 'NONE', *, *, #1021, .F. ) ;
#132 = CARTESIAN_POINT ( 'NONE',  ( -2350.000000000000455, 1189.999999999998408, -960.0000000000002274 ) ) ;
#133 = FACE_OUTER_BOUND ( 'NONE', #2315, .T. ) ;
#134 = PLANE ( 'NONE',  #3844 ) ;
#135 = VERTEX_POINT ( 'NONE', #2708 ) ;
#136 = VERTEX_POINT ( 'NONE', #2043 ) ;
#137 = EDGE_CURVE ( 'NONE', #3155, #1431, #594, .T. ) ;
#138 = CARTESIAN_POINT ( 'NONE',  ( -13458.75177054179403, 1054.999999999997499, -589.9999999999964757 ) ) ;
#139 = FACE_OUTER_BOUND ( 'NONE', #3514, .T. ) ;
#140 = AXIS2_PLACEMENT_3D ( 'NONE', #3556, #588, #2189 ) ;
#141 = DIRECTION ( 'NONE',  ( 3.132904478660053556E-17, -1.000000000000000000, 0.000000000000000000 ) ) ;
#142 = VERTEX_POINT ( 'NONE', #3628 ) ;
#143 =( GEOMETRIC_REPRESENTATION_CONTEXT ( 3 ) GLOBAL_UNCERTAINTY_ASSIGNED_CONTEXT ( ( #2635 ) ) GLOBAL_UNIT_ASSIGNED_CONTEXT ( ( #929, #3513, #2871 ) ) REPRESENTATION_CONTEXT ( 'NONE', 'WORKASPACE' ) );
#144 = EDGE_CURVE ( 'NONE', #1276, #457, #2974, .T. ) ;
#145 = DIRECTION ( 'NONE',  ( 1.000000000000000000, 0.000000000000000000, -0.000000000000000000 ) ) ;
#146 = FILL_AREA_STYLE ('',( #3458 ) ) ;
#147 = CYLINDRICAL_SURFACE ( 'NONE', #2034, 460.0000000000000568 ) ;
#148 = ORIENTED_EDGE ( 'NONE', *, *, #1237, .T. ) ;
#149 = EDGE_CURVE ( 'NONE', #2023, #2803, #388, .T. ) ;
#150 = DIRECTION ( 'NONE',  ( 0.000000000000000000, 0.000000000000000000, 1.000000000000000000 ) ) ;
#151 = EDGE_CURVE ( 'NONE', #720, #577, #2640, .T. ) ;
#152 = CARTESIAN_POINT ( 'NONE',  ( -4534.427461039363152, -990.0000000000002274, -751.1534819267455987 ) ) ;
#153 = AXIS2_PLACEMENT_3D ( 'NONE', #1408, #410, #4078 ) ;
#154 = ADVANCED_FACE ( 'NONE', ( #397 ), #3376, .T. ) ;
#155 = LINE ( 'NONE', #1179, #963 ) ;
#156 = LINE ( 'NONE', #3521, #1556 ) ;
#157 = VERTEX_POINT ( 'NONE', #1326 ) ;
#158 = VERTEX_POINT ( 'NONE', #1631 ) ;
#159 = DIRECTION ( 'NONE',  ( 0.000000000000000000, -1.000000000000000000, -2.775557561563032853E-16 ) ) ;
#160 = CARTESIAN_POINT ( 'NONE',  ( -11656.54998713038367, 715.1018965907406937, -582.5266689850958528 ) ) ;
#161 = PLANE ( 'NONE',  #3842 ) ;
#162 = EDGE_CURVE ( 'NONE', #1827, #1615, #2952, .T. ) ;
#163 = AXIS2_PLACEMENT_3D ( 'NONE', #782, #1754, #2437 ) ;
#164 = EDGE_LOOP ( 'NONE', ( #2016, #2751, #1284, #148 ) ) ;
#165 = AXIS2_PLACEMENT_3D ( 'NONE', #2309, #948, #4234 ) ;
#166 = CARTESIAN_POINT ( 'NONE',  ( -13000.00000000000000, -229.9999999211528348, -725.0000000000050022 ) ) ;
#167 = SURFACE_STYLE_FILL_AREA ( #146 ) ;
#168 = DIRECTION ( 'NONE',  ( 0.000000000000000000, 2.775557561563032853E-16, -1.000000000000000000 ) ) ;
#169 = VERTEX_POINT ( 'NONE', #4298 ) ;
#170 = AXIS2_PLACEMENT_3D ( 'NONE', #3193, #2839, #2781 ) ;
#171 = AXIS2_PLACEMENT_3D ( 'NONE', #919, #569, #1888 ) ;
#172 = ADVANCED_FACE ( 'NONE', ( #1975 ), #3307, .F. ) ;
#173 = DIRECTION ( 'NONE',  ( 0.000000000000000000, -1.000000000000000000, -2.249385511977649118E-16 ) ) ;
#174 = DIRECTION ( 'NONE',  ( 0.000000000000000000, 1.000000000000000000, 2.249385511977649118E-16 ) ) ;
#175 = DIRECTION ( 'NONE',  ( -0.000000000000000000, -1.000000000000000000, -2.775557561563032853E-16 ) ) ;
#176 = CONTEXT_DEPENDENT_SHAPE_REPRESENTATION ( #1904, #2922 ) ;
#177 = LINE ( 'NONE', #4130, #1694 ) ;
#178 = EDGE_CURVE ( 'NONE', #2000, #413, #1349, .T. ) ;
#179 = ORIENTED_EDGE ( 'NONE', *, *, #3417, .T. ) ;
#180 = DIRECTION ( 'NONE',  ( 0.000000000000000000, 0.000000000000000000, 1.000000000000000000 ) ) ;
#181 = LINE ( 'NONE', #826, #2475 ) ;
#182 = EDGE_CURVE ( 'NONE', #1578, #3375, #2813, .T. ) ;
#183 = CIRCLE ( 'NONE', #320, 199.9999999999999432 ) ;
#184 = DIRECTION ( 'NONE',  ( 1.000000000000000000, 3.700743415417188263E-17, 1.776356839400250465E-14 ) ) ;
#185 = ORIENTED_EDGE ( 'NONE', *, *, #3916, .T. ) ;
#186 = CARTESIAN_POINT ( 'NONE',  ( -13899.99999999999818, 1054.999999999997272, -459.9999999999978400 ) ) ;
#187 = DIRECTION ( 'NONE',  ( 0.000000000000000000, -2.413528314402513597E-16, 1.000000000000000000 ) ) ;
#188 = ORIENTED_EDGE ( 'NONE', *, *, #1044, .T. ) ;
#189 = ADVANCED_FACE ( 'NONE', ( #1372 ), #4020, .T. ) ;
#190 = CYLINDRICAL_SURFACE ( 'NONE', #4023, 79.99999999999995737 ) ;
#191 = DIRECTION ( 'NONE',  ( 0.000000000000000000, 1.000000000000000000, 2.775557561563032853E-16 ) ) ;
#192 = AXIS2_PLACEMENT_3D ( 'NONE', #528, #2131, #4146 ) ;
#193 = EDGE_CURVE ( 'NONE', #3085, #1671, #2662, .T. ) ;
#194 = APPLICATION_PROTOCOL_DEFINITION ( 'draft international standard', 'automotive_design', 1998, #3232 ) ;
#195 = ORIENTED_EDGE ( 'NONE', *, *, #3487, .T. ) ;
#196 = CARTESIAN_POINT ( 'NONE',  ( -14175.00000000000000, -875.0000000000000000, -980.0000000000001137 ) ) ;
#197 = VECTOR ( 'NONE', #3752, 1000.000000000000000 ) ;
#198 = EDGE_LOOP ( 'NONE', ( #1264, #3388, #195, #4284, #2199, #2134, #3103, #1389, #3511, #1736, #2307, #4101 ) ) ;
#199 = DIRECTION ( 'NONE',  ( -1.000000000000000000, 0.000000000000000000, 0.000000000000000000 ) ) ;
#200 = CARTESIAN_POINT ( 'NONE',  ( -1950.000000000000682, 1189.999999999998408, -960.0000000000002274 ) ) ;
#201 = EDGE_CURVE ( 'NONE', #564, #703, #2269, .T. ) ;
#202 = DIRECTION ( 'NONE',  ( 0.000000000000000000, 1.000000000000000000, 5.551115123125784674E-16 ) ) ;
#203 = LINE ( 'NONE', #3473, #3217 ) ;
#204 = EDGE_LOOP ( 'NONE', ( #4258, #37, #3662, #3456 ) ) ;
#205 = STYLED_ITEM ( 'NONE', ( #810 ), #4203 ) ;
#206 = DIRECTION ( 'NONE',  ( 0.000000000000000000, -4.827056628805028179E-16, 1.000000000000000000 ) ) ;
#207 = CARTESIAN_POINT ( 'NONE',  ( -14175.00000000000000, -1190.000000000001592, -960.0000000000002274 ) ) ;
#208 = FACE_OUTER_BOUND ( 'NONE', #2629, .T. ) ;
#209 = ORIENTED_EDGE ( 'NONE', *, *, #710, .F. ) ;
#210 = VECTOR ( 'NONE', #2522, 1000.000000000000000 ) ;
#211 = VERTEX_POINT ( 'NONE', #1049 ) ;
#212 = DIRECTION ( 'NONE',  ( 1.000000000000000000, 0.000000000000000000, 0.000000000000000000 ) ) ;
#213 = UNCERTAINTY_MEASURE_WITH_UNIT (LENGTH_MEASURE( 1.000000000000000082E-05 ), #1296, 'distance_accuracy_value', 'NONE');
#214 = EDGE_CURVE ( 'NONE', #703, #1897, #1009, .T. ) ;
#215 = CARTESIAN_POINT ( 'NONE',  ( -11880.00000000000182, -1077.499998843224375, -517.7941176470594655 ) ) ;
#216 = ORIENTED_EDGE ( 'NONE', *, *, #2161, .T. ) ;
#217 = DIRECTION ( 'NONE',  ( 1.000000000000000000, 0.000000000000000000, 0.000000000000000000 ) ) ;
#218 = EDGE_LOOP ( 'NONE', ( #2567, #1925, #4071, #227, #471, #51, #4297 ) ) ;
#219 = EDGE_CURVE ( 'NONE', #211, #3375, #728, .T. ) ;
#220 = CARTESIAN_POINT ( 'NONE',  ( -10308.04291515398108, 989.9999999999980673, -868.8465180732555382 ) ) ;
#221 = DIRECTION ( 'NONE',  ( -0.000000000000000000, -0.000000000000000000, -1.000000000000000000 ) ) ;
#222 = CARTESIAN_POINT ( 'NONE',  ( -14588.56810139493791, 877.4999988432243754, -769.9999999999959073 ) ) ;
#223 = EDGE_LOOP ( 'NONE', ( #2875, #2760, #4009, #2941, #1400, #1944, #1629, #3984 ) ) ;
#224 = CARTESIAN_POINT ( 'NONE',  ( -12541.24822945820597, -814.9999999999974989, -589.9999999999970441 ) ) ;
#225 = ORIENTED_EDGE ( 'NONE', *, *, #1863, .T. ) ;
#226 = VECTOR ( 'NONE', #4055, 1000.000000000000000 ) ;
#227 = ORIENTED_EDGE ( 'NONE', *, *, #2021, .T. ) ;
#228 = CIRCLE ( 'NONE', #1693, 277.7941176470602045 ) ;
#229 = VECTOR ( 'NONE', #1772, 1000.000000000000000 ) ;
#230 = LINE ( 'NONE', #2899, #210 ) ;
#231 = EDGE_LOOP ( 'NONE', ( #1281, #2762, #1755, #2281, #1661, #2397, #1601, #1561, #2832, #2157, #1533, #1144 ) ) ;
#232 = VERTEX_POINT ( 'NONE', #17 ) ;
#233 = CARTESIAN_POINT ( 'NONE',  ( -12100.00000000000182, 1054.999999999997272, -459.9999999999978400 ) ) ;
#234 = ORIENTED_EDGE ( 'NONE', *, *, #3003, .F. ) ;
#235 = PLANE ( 'NONE',  #171 ) ;
#236 = CARTESIAN_POINT ( 'NONE',  ( -11411.43189860506209, -877.4999988432243754, -589.9999999999970441 ) ) ;
#237 = PLANE ( 'NONE',  #315 ) ;
#238 = CARTESIAN_POINT ( 'NONE',  ( -11411.43189860506209, 278.9021535255452022, -725.0000000000052296 ) ) ;
#239 = EDGE_CURVE ( 'NONE', #646, #4095, #885, .T. ) ;
#240 = FACE_OUTER_BOUND ( 'NONE', #3974, .T. ) ;
#241 = ORIENTED_EDGE ( 'NONE', *, *, #2431, .T. ) ;
#242 = VERTEX_POINT ( 'NONE', #1025 ) ;
#243 = CARTESIAN_POINT ( 'NONE',  ( -11825.00000000000182, -200.0000000000000000, -825.0000000000001137 ) ) ;
#245 = EDGE_CURVE ( 'NONE', #1826, #3108, #3668, .T. ) ;
#244 = PLANE ( 'NONE',  #1468 ) ;
#246 = LINE ( 'NONE', #1576, #1893 ) ;
#247 = ORIENTED_EDGE ( 'NONE', *, *, #3968, .F. ) ;
#248 = VECTOR ( 'NONE', #2151, 1000.000000000000114 ) ;
#249 = ORIENTED_EDGE ( 'NONE', *, *, #2886, .T. ) ;
#250 = PLANE ( 'NONE',  #1862 ) ;
#251 = DIRECTION ( 'NONE',  ( -1.000000000000000000, 0.000000000000000000, -0.000000000000000000 ) ) ;
#252 = ORIENTED_EDGE ( 'NONE', *, *, #3855, .T. ) ;
#253 = EDGE_CURVE ( 'NONE', #1058, #2321, #3088, .T. ) ;
#254 = AXIS2_PLACEMENT_3D ( 'NONE', #2648, #1380, #72 ) ;
#255 = CARTESIAN_POINT ( 'NONE',  ( -15744.66811761634744, -814.9999999999974989, -589.9999999999970441 ) ) ;
#256 = ORIENTED_EDGE ( 'NONE', *, *, #940, .T. ) ;
#257 = CARTESIAN_POINT ( 'NONE',  ( -1.259562753036178918E-13, 1189.999999999998408, -660.0000000000019327 ) ) ;
#258 = VECTOR ( 'NONE', #464, 1000.000000000000000 ) ;
#259 = CARTESIAN_POINT ( 'NONE',  ( -12439.85290935933153, 729.4021522441533989, -769.9999999999959073 ) ) ;
#260 = DIRECTION ( 'NONE',  ( 0.000000000000000000, 1.000000000000000000, 3.301729611148416588E-16 ) ) ;
#261 = LINE ( 'NONE', #4257, #4123 ) ;
#262 = AXIS2_PLACEMENT_3D ( 'NONE', #987, #2294, #1440 ) ;
#263 = ORIENTED_EDGE ( 'NONE', *, *, #916, .F. ) ;
#264 = ADVANCED_FACE ( 'NONE', ( #3721 ), #3806, .F. ) ;
#265 = DIRECTION ( 'NONE',  ( -0.000000000000000000, 1.000000000000000000, 2.249385511977649118E-16 ) ) ;
#266 = FACE_OUTER_BOUND ( 'NONE', #2402, .T. ) ;
#267 = DIRECTION ( 'NONE',  ( 0.000000000000000000, 0.000000000000000000, -1.000000000000000000 ) ) ;
#268 = ORIENTED_EDGE ( 'NONE', *, *, #1588, .F. ) ;
#269 = ADVANCED_FACE ( 'NONE', ( #4065 ), #2756, .F. ) ;
#270 = CARTESIAN_POINT ( 'NONE',  ( -10255.33188238365256, -732.4719190560189190, -589.9999999999970441 ) ) ;
#271 = LINE ( 'NONE', #628, #3672 ) ;
#272 = EDGE_LOOP ( 'NONE', ( #745, #3432, #620, #2415 ) ) ;
#273 = AXIS2_PLACEMENT_3D ( 'NONE', #2991, #1000, #2701 ) ;
#274 = EDGE_CURVE ( 'NONE', #2374, #3073, #1438, .T. ) ;
#275 = DIRECTION ( 'NONE',  ( 0.000000000000000000, 0.000000000000000000, 1.000000000000000000 ) ) ;
#276 = ORIENTED_EDGE ( 'NONE', *, *, #2890, .T. ) ;
#277 = EDGE_LOOP ( 'NONE', ( #363, #2419, #3210, #2698 ) ) ;
#278 = CYLINDRICAL_SURFACE ( 'NONE', #4186, 460.0000000000000568 ) ;
#279 = DIRECTION ( 'NONE',  ( -1.000000000000000000, -3.132904478660053556E-17, -0.000000000000000000 ) ) ;
#280 = CARTESIAN_POINT ( 'NONE',  ( -12100.00000000000182, -814.9999999999974989, -459.9999999999983515 ) ) ;
#281 = CARTESIAN_POINT ( 'NONE',  ( -11755.71061244390148, -679.9999999999977263, -765.0652677973105256 ) ) ;
#282 = ORIENTED_EDGE ( 'NONE', *, *, #3992, .T. ) ;
#283 = AXIS2_PLACEMENT_3D ( 'NONE', #365, #1385, #3413 ) ;
#284 = AXIS2_PLACEMENT_3D ( 'NONE', #4278, #4219, #1574 ) ;
#285 = CARTESIAN_POINT ( 'NONE',  ( -12500.00000000000182, -1077.499998843224603, -306.2059048389992313 ) ) ;
#286 =( LENGTH_UNIT ( ) NAMED_UNIT ( * ) SI_UNIT ( .MILLI., .METRE. ) );
#287 = CARTESIAN_POINT ( 'NONE',  ( -14239.85290935932790, 729.4021522441533989, -769.9999999999959073 ) ) ;
#288 = EDGE_LOOP ( 'NONE', ( #4263, #1075, #939, #1040 ) ) ;
#289 = ORIENTED_EDGE ( 'NONE', *, *, #3382, .F. ) ;
#290 = CARTESIAN_POINT ( 'NONE',  ( -13899.99999999999818, -1054.999999999997726, 1.665334536937734811E-12 ) ) ;
#291 = DIRECTION ( 'NONE',  ( 1.000000000000000000, 2.171636382548118065E-31, -7.824144642581933777E-16 ) ) ;
#292 = ORIENTED_EDGE ( 'NONE', *, *, #1690, .T. ) ;
#293 = EDGE_CURVE ( 'NONE', #1488, #3387, #82, .T. ) ;
#294 = CIRCLE ( 'NONE', #1963, 460.0000000000000000 ) ;
#295 = CIRCLE ( 'NONE', #1343, 79.99999999999995737 ) ;
#296 = DIRECTION ( 'NONE',  ( 0.000000000000000000, -0.9901138386947148096, 0.1402661271484180183 ) ) ;
#297 = DIRECTION ( 'NONE',  ( 0.000000000000000000, 0.000000000000000000, 1.000000000000000000 ) ) ;
#298 = ORIENTED_EDGE ( 'NONE', *, *, #2946, .T. ) ;
#299 = MECHANICAL_DESIGN_GEOMETRIC_PRESENTATION_REPRESENTATION (  '', ( #871 ), #2650 ) ;
#300 = AXIS2_PLACEMENT_3D ( 'NONE', #27, #1356, #2413 ) ;
#301 = DIRECTION ( 'NONE',  ( -0.000000000000000000, -1.000000000000000000, -2.249385511977649118E-16 ) ) ;
#302 = LINE ( 'NONE', #2270, #532 ) ;
#303 = CARTESIAN_POINT ( 'NONE',  ( -12320.00000000000000, -1950.712458671873037, -239.9999999999987779 ) ) ;
#304 = DIRECTION ( 'NONE',  ( 0.000000000000000000, -1.000000000000000000, 0.000000000000000000 ) ) ;
#305 = EDGE_CURVE ( 'NONE', #2035, #16, #4042, .T. ) ;
#306 = VERTEX_POINT ( 'NONE', #152 ) ;
#307 = FACE_OUTER_BOUND ( 'NONE', #3024, .T. ) ;
#308 = ORIENTED_EDGE ( 'NONE', *, *, #1044, .F. ) ;
#309 = EDGE_CURVE ( 'NONE', #1444, #158, #1482, .T. ) ;
#310 = CARTESIAN_POINT ( 'NONE',  ( 616.7948635501689978, 875.0000000000000000, -980.0000000000001137 ) ) ;
#311 = FACE_OUTER_BOUND ( 'NONE', #1057, .T. ) ;
#312 = SURFACE_SIDE_STYLE ('',( #2673 ) ) ;
#313 = ORIENTED_EDGE ( 'NONE', *, *, #597, .F. ) ;
#314 = AXIS2_PLACEMENT_3D ( 'NONE', #4189, #1892, #2885 ) ;
#315 = AXIS2_PLACEMENT_3D ( 'NONE', #2216, #1223, #552 ) ;
#316 = VERTEX_POINT ( 'NONE', #485 ) ;
#317 = DIRECTION ( 'NONE',  ( 0.000000000000000000, -1.000000000000000000, -2.249385511977649118E-16 ) ) ;
#318 = CARTESIAN_POINT ( 'NONE',  ( -12439.85290935933153, -729.4021522441533989, -769.9999999999963620 ) ) ;
#319 = EDGE_LOOP ( 'NONE', ( #89, #3680, #4064, #3121 ) ) ;
#320 = AXIS2_PLACEMENT_3D ( 'NONE', #1774, #2412, #3117 ) ;
#321 = ADVANCED_FACE ( 'NONE', ( #3445 ), #417, .T. ) ;
#322 = LINE ( 'NONE', #1022, #60 ) ;
#323 = CARTESIAN_POINT ( 'NONE',  ( -11825.00000000000182, 1189.999999999997954, -960.0000000000002274 ) ) ;
#324 = ORIENTED_EDGE ( 'NONE', *, *, #1790, .F. ) ;
#325 = AXIS2_PLACEMENT_3D ( 'NONE', #3531, #3512, #2457 ) ;
#326 = ORIENTED_EDGE ( 'NONE', *, *, #1203, .T. ) ;
#327 = AXIS2_PLACEMENT_3D ( 'NONE', #2445, #3783, #3290 ) ;
#328 = CARTESIAN_POINT ( 'NONE',  ( -13000.00000000000000, 4.163336342343557632E-15, -725.0000000000050022 ) ) ;
#329 = EDGE_CURVE ( 'NONE', #2717, #4112, #1416, .T. ) ;
#330 = DIRECTION ( 'NONE',  ( -1.000000000000000000, 0.000000000000000000, 0.000000000000000000 ) ) ;
#331 = DIRECTION ( 'NONE',  ( 0.000000000000000000, 1.000000000000000000, 0.000000000000000000 ) ) ;
#332 = CYLINDRICAL_SURFACE ( 'NONE', #3822, 79.99999999999995737 ) ;
#333 = EDGE_LOOP ( 'NONE', ( #920, #522, #3687 ) ) ;
#334 = CARTESIAN_POINT ( 'NONE',  ( -12225.00000000000182, -1189.999999999998408, -960.0000000000002274 ) ) ;
#335 = PLANE ( 'NONE',  #120 ) ;
#336 = CIRCLE ( 'NONE', #2142, 199.9999999999999432 ) ;
#337 = SURFACE_STYLE_USAGE ( .BOTH. , #624 ) ;
#338 = DIRECTION ( 'NONE',  ( 1.000000000000000000, 0.000000000000000000, -0.000000000000000000 ) ) ;
#339 = ORIENTED_EDGE ( 'NONE', *, *, #1386, .T. ) ;
#340 = EDGE_CURVE ( 'NONE', #4158, #648, #2730, .T. ) ;
#341 = EDGE_LOOP ( 'NONE', ( #3891, #2062, #2326, #3564 ) ) ;
#342 = DIRECTION ( 'NONE',  ( 0.000000000000000000, -0.09939437395458934621, 0.9950481186486286322 ) ) ;
#343 = FACE_OUTER_BOUND ( 'NONE', #56, .T. ) ;
#344 = VERTEX_POINT ( 'NONE', #1504 ) ;
#345 = CIRCLE ( 'NONE', #4227, 79.99999999999995737 ) ;
#346 = DIRECTION ( 'NONE',  ( 0.000000000000000000, 1.000000000000000000, 5.551115123125784674E-16 ) ) ;
#347 = DIRECTION ( 'NONE',  ( -1.000000000000000000, 0.000000000000000000, 0.000000000000000000 ) ) ;
#348 = ORIENTED_EDGE ( 'NONE', *, *, #1474, .T. ) ;
#349 = EDGE_CURVE ( 'NONE', #1495, #2598, #2385, .T. ) ;
#350 = VECTOR ( 'NONE', #2644, 1000.000000000000114 ) ;
#351 = MECHANICAL_DESIGN_GEOMETRIC_PRESENTATION_REPRESENTATION (  '', ( #3538 ), #2554 ) ;
#352 = ORIENTED_EDGE ( 'NONE', *, *, #1939, .F. ) ;
#353 = DIRECTION ( 'NONE',  ( -1.000000000000000000, -0.000000000000000000, 0.000000000000000000 ) ) ;
#354 = CARTESIAN_POINT ( 'NONE',  ( -14588.56810139493791, 729.4021522441533989, -769.9999999999959073 ) ) ;
#355 = PLANE ( 'NONE',  #165 ) ;
#356 = EDGE_CURVE ( 'NONE', #1514, #36, #772, .T. ) ;
#357 = ORIENTED_EDGE ( 'NONE', *, *, #777, .F. ) ;
#358 = CARTESIAN_POINT ( 'NONE',  ( -13560.14709064066847, 814.9999999999974989, -769.9999999999960210 ) ) ;
#359 = CARTESIAN_POINT ( 'NONE',  ( -13795.00000000000000, -875.0000000000000000, -1060.000000000000000 ) ) ;
#360 = CARTESIAN_POINT ( 'NONE',  ( -5576.316527040904475, 1189.999999999998181, -6660.000000000000909 ) ) ;
#361 = DIRECTION ( 'NONE',  ( 0.000000000000000000, 0.000000000000000000, 1.000000000000000000 ) ) ;
#362 = LINE ( 'NONE', #3964, #15 ) ;
#363 = ORIENTED_EDGE ( 'NONE', *, *, #2787, .T. ) ;
#364 = VERTEX_POINT ( 'NONE', #2449 ) ;
#365 = CARTESIAN_POINT ( 'NONE',  ( -13899.99999999999818, 679.9999999999977263, -459.9999999999979536 ) ) ;
#366 = LINE ( 'NONE', #2032, #421 ) ;
#367 = EDGE_LOOP ( 'NONE', ( #3637, #2316, #2068, #3222, #31, #1410, #1988, #3470, #234 ) ) ;
#368 = VERTEX_POINT ( 'NONE', #2064 ) ;
#369 = EDGE_CURVE ( 'NONE', #1103, #2114, #1842, .T. ) ;
#370 = VERTEX_POINT ( 'NONE', #2109 ) ;
#371 = CIRCLE ( 'NONE', #932, 277.7941176470602045 ) ;
#372 = ORIENTED_EDGE ( 'NONE', *, *, #1128, .T. ) ;
#373 = AXIS2_PLACEMENT_3D ( 'NONE', #1823, #897, #822 ) ;
#374 = DIRECTION ( 'NONE',  ( 0.000000000000000000, -1.000000000000000000, 0.000000000000000000 ) ) ;
#375 = CARTESIAN_POINT ( 'NONE',  ( -11411.43189860506209, 732.4719190560189190, -589.9999999999965894 ) ) ;
#376 = PRODUCT_DEFINITION_FORMATION_WITH_SPECIFIED_SOURCE ( 'TUTTO', '', #3590, .NOT_KNOWN. ) ;
#377 = AXIS2_PLACEMENT_3D ( 'NONE', #640, #3982, #1998 ) ;
#378 = LINE ( 'NONE', #1093, #1207 ) ;
#379 = DIRECTION ( 'NONE',  ( -0.000000000000000000, 0.000000000000000000, 1.000000000000000000 ) ) ;
#380 = ORIENTED_EDGE ( 'NONE', *, *, #1386, .F. ) ;
#381 = EDGE_CURVE ( 'NONE', #4250, #3486, #1743, .T. ) ;
#382 = CARTESIAN_POINT ( 'NONE',  ( -162.2440211999303301, -1190.000000000001592, 920.1315677728725859 ) ) ;
#383 = DIRECTION ( 'NONE',  ( -1.000000000000000000, -0.000000000000000000, -0.000000000000000000 ) ) ;
#384 = FILL_AREA_STYLE ('',( #29 ) ) ;
#385 = CARTESIAN_POINT ( 'NONE',  ( -14119.99999999999818, -1077.499998843224375, -517.7941176470594655 ) ) ;
#386 = ORIENTED_EDGE ( 'NONE', *, *, #349, .F. ) ;
#387 = ORIENTED_EDGE ( 'NONE', *, *, #2188, .F. ) ;
#388 = CIRCLE ( 'NONE', #663, 460.0000000000000000 ) ;
#389 = EDGE_CURVE ( 'NONE', #1433, #1315, #3462, .T. ) ;
#390 = LINE ( 'NONE', #1062, #4038 ) ;
#391 = DIRECTION ( 'NONE',  ( -1.000000000000000000, 0.000000000000000000, 0.000000000000000000 ) ) ;
#392 = ORIENTED_EDGE ( 'NONE', *, *, #3130, .F. ) ;
#393 = ORIENTED_EDGE ( 'NONE', *, *, #3301, .F. ) ;
#394 = ADVANCED_FACE ( 'NONE', ( #4127, #3422 ), #796, .F. ) ;
#395 = DIRECTION ( 'NONE',  ( 0.000000000000000000, 0.000000000000000000, 1.000000000000000000 ) ) ;
#396 = ORIENTED_EDGE ( 'NONE', *, *, #25, .F. ) ;
#397 = FACE_OUTER_BOUND ( 'NONE', #2840, .T. ) ;
#398 = CARTESIAN_POINT ( 'NONE',  ( -10255.33188238365256, 814.9999999999972715, -589.9999999999965894 ) ) ;
#399 = DIRECTION ( 'NONE',  ( 0.000000000000000000, 0.09939437395458879110, 0.9950481186486287433 ) ) ;
#400 = FACE_OUTER_BOUND ( 'NONE', #3266, .T. ) ;
#401 = ORIENTED_EDGE ( 'NONE', *, *, #3273, .T. ) ;
#402 = DIRECTION ( 'NONE',  ( -3.912072321290969847E-16, -2.775557561563032853E-16, 1.000000000000000000 ) ) ;
#403 = CARTESIAN_POINT ( 'NONE',  ( -14388.56810139493609, 1077.499998843224375, -769.9999999999957936 ) ) ;
#404 = LINE ( 'NONE', #3985, #4003 ) ;
#405 = CARTESIAN_POINT ( 'NONE',  ( -11658.75177054179585, -732.4719190560189190, -589.9999999999970441 ) ) ;
#406 = ORIENTED_EDGE ( 'NONE', *, *, #829, .T. ) ;
#407 = ADVANCED_FACE ( 'NONE', ( #2816 ), #2169, .T. ) ;
#408 = VERTEX_POINT ( 'NONE', #3500 ) ;
#409 = VECTOR ( 'NONE', #84, 1000.000000000000000 ) ;
#410 = DIRECTION ( 'NONE',  ( 0.000000000000000000, -1.000000000000000000, -2.249385511977649118E-16 ) ) ;
#411 = LINE ( 'NONE', #454, #4291 ) ;
#412 = ORIENTED_EDGE ( 'NONE', *, *, #4018, .T. ) ;
#413 = VERTEX_POINT ( 'NONE', #2482 ) ;
#414 = AXIS2_PLACEMENT_3D ( 'NONE', #1166, #4114, #1851 ) ;
#415 = EDGE_CURVE ( 'NONE', #934, #3713, #1178, .T. ) ;
#416 = CARTESIAN_POINT ( 'NONE',  ( -1950.000000000000682, -200.0000000000000000, -825.0000000000001137 ) ) ;
#417 = SPHERICAL_SURFACE ( 'NONE', #3305, 1000.000000000000000 ) ;
#418 = DIRECTION ( 'NONE',  ( -1.000000000000000000, 0.000000000000000000, 0.000000000000000000 ) ) ;
#419 = DIRECTION ( 'NONE',  ( 0.000000000000000000, 1.000000000000000000, 2.775557561563032853E-16 ) ) ;
#420 = CARTESIAN_POINT ( 'NONE',  ( -14588.56810139493791, -729.4021522441533989, -769.9999999999963620 ) ) ;
#421 = VECTOR ( 'NONE', #391, 1000.000000000000000 ) ;
#422 = ORIENTED_EDGE ( 'NONE', *, *, #3059, .F. ) ;
#423 = EDGE_LOOP ( 'NONE', ( #3609, #1219 ) ) ;
#424 = DIRECTION ( 'NONE',  ( -0.9848077530122092416, -2.159716034021766025E-16, 0.1736481776669237254 ) ) ;
#425 = FACE_OUTER_BOUND ( 'NONE', #2560, .T. ) ;
#426 = LINE ( 'NONE', #1079, #477 ) ;
#427 = CARTESIAN_POINT ( 'NONE',  ( -12100.00000000000182, 679.9999999999976126, 2.053912595556539600E-12 ) ) ;
#428 = ORIENTED_EDGE ( 'NONE', *, *, #3535, .T. ) ;
#429 = ORIENTED_EDGE ( 'NONE', *, *, #487, .F. ) ;
#430 = DIRECTION ( 'NONE',  ( 0.000000000000000000, -1.000000000000000000, 0.000000000000000000 ) ) ;
#431 = DIRECTION ( 'NONE',  ( 1.000000000000000000, 0.000000000000000000, 0.000000000000000000 ) ) ;
#432 = VERTEX_POINT ( 'NONE', #3170 ) ;
#433 = VECTOR ( 'NONE', #1899, 1000.000000000000000 ) ;
#434 = ADVANCED_FACE ( 'NONE', ( #1692 ), #3356, .T. ) ;
#435 = CARTESIAN_POINT ( 'NONE',  ( -11611.43189860506391, 1077.499998843224375, -589.9999999999964757 ) ) ;
#436 = CARTESIAN_POINT ( 'NONE',  ( 0.000000000000000000, -875.0000000000000000, -1060.000000000000000 ) ) ;
#437 = ORIENTED_EDGE ( 'NONE', *, *, #4243, .T. ) ;
#438 = CARTESIAN_POINT ( 'NONE',  ( -1950.000000000000682, 1189.999999999998408, -960.0000000000002274 ) ) ;
#439 = ADVANCED_FACE ( 'NONE', ( #2597 ), #1999, .F. ) ;
#440 = FACE_OUTER_BOUND ( 'NONE', #288, .T. ) ;
#441 = CARTESIAN_POINT ( 'NONE',  ( -2350.000000000000455, 899.9999999999998863, -910.0000000000001137 ) ) ;
#442 = CIRCLE ( 'NONE', #3626, 6000.000000000000000 ) ;
#443 = ORIENTED_EDGE ( 'NONE', *, *, #4048, .T. ) ;
#444 = ORIENTED_EDGE ( 'NONE', *, *, #1024, .T. ) ;
#445 = AXIS2_PLACEMENT_3D ( 'NONE', #2045, #1397, #4044 ) ;
#446 = AXIS2_PLACEMENT_3D ( 'NONE', #1374, #399, #1722 ) ;
#447 = CARTESIAN_POINT ( 'NONE',  ( -12547.28068913207790, -679.9999999999977263, -567.4243228023079837 ) ) ;
#448 = ADVANCED_FACE ( 'NONE', ( #400 ), #3941, .F. ) ;
#449 = LINE ( 'NONE', #3361, #3106 ) ;
#450 = LINE ( 'NONE', #4094, #3908 ) ;
#451 = ORIENTED_EDGE ( 'NONE', *, *, #4204, .T. ) ;
#452 = ADVANCED_FACE ( 'NONE', ( #2342 ), #970, .T. ) ;
#453 = DIRECTION ( 'NONE',  ( 0.000000000000000000, -0.9901138386947148096, 0.1402661271484179906 ) ) ;
#454 = CARTESIAN_POINT ( 'NONE',  ( -14299.99999999999818, 1077.499998843224375, -589.9999999999964757 ) ) ;
#455 = CARTESIAN_POINT ( 'NONE',  ( -12100.00000000000182, -814.9999999999972715, -909.9999999999987494 ) ) ;
#456 = ORIENTED_EDGE ( 'NONE', *, *, #219, .T. ) ;
#457 = VERTEX_POINT ( 'NONE', #1979 ) ;
#458 = FACE_OUTER_BOUND ( 'NONE', #2704, .T. ) ;
#459 = FACE_OUTER_BOUND ( 'NONE', #555, .T. ) ;
#460 = ORIENTED_EDGE ( 'NONE', *, *, #4041, .T. ) ;
#461 = EDGE_CURVE ( 'NONE', #1221, #1897, #3699, .T. ) ;
#462 = DIRECTION ( 'NONE',  ( -1.000000000000000000, 0.000000000000000000, 0.000000000000000000 ) ) ;
#463 =( BOUNDED_CURVE ( )  B_SPLINE_CURVE ( 3, ( #2395, #3731, #1425, #50 ),
 .UNSPECIFIED., .F., .T. ) 
 B_SPLINE_CURVE_WITH_KNOTS ( ( 4, 4 ),
 ( 4.948096640255991829, 4.998901561966746954 ),
 .UNSPECIFIED. ) 
 CURVE ( )  GEOMETRIC_REPRESENTATION_ITEM ( )  RATIONAL_B_SPLINE_CURVE ( ( 1.000000000000000000, 0.9997849165603801547, 0.9997849165603801547, 1.000000000000000000 ) ) 
 REPRESENTATION_ITEM ( '' )  );
#464 = DIRECTION ( 'NONE',  ( 0.000000000000000000, -1.000000000000000000, 0.000000000000000000 ) ) ;
#465 = CARTESIAN_POINT ( 'NONE',  ( -13456.54998713038003, -715.1018965907420579, -582.5266689850967623 ) ) ;
#466 = VECTOR ( 'NONE', #279, 1000.000000000000000 ) ;
#467 = CARTESIAN_POINT ( 'NONE',  ( -12100.00000000000182, 814.9999999999974989, -909.9999999999982947 ) ) ;
#468 = VECTOR ( 'NONE', #3352, 1000.000000000000000 ) ;
#469 = VERTEX_POINT ( 'NONE', #4024 ) ;
#470 = EDGE_CURVE ( 'NONE', #2784, #16, #1957, .T. ) ;
#471 = ORIENTED_EDGE ( 'NONE', *, *, #1156, .F. ) ;
#472 = CARTESIAN_POINT ( 'NONE',  ( -2350.000000000000455, -1189.999999999998408, -960.0000000000002274 ) ) ;
#473 = CARTESIAN_POINT ( 'NONE',  ( -2825.068018844486232, -989.9999999999990905, 5040.000000000000000 ) ) ;
#474 = CARTESIAN_POINT ( 'NONE',  ( -2825.068018844486232, 1189.999999999998408, 5040.000000000000000 ) ) ;
#475 = EDGE_LOOP ( 'NONE', ( #1646, #4245, #4088, #997, #2219, #352, #2290 ) ) ;
#476 = EDGE_CURVE ( 'NONE', #158, #2792, #1724, .T. ) ;
#477 = VECTOR ( 'NONE', #2715, 1000.000000000000000 ) ;
#478 = FACE_OUTER_BOUND ( 'NONE', #164, .T. ) ;
#479 = DIRECTION ( 'NONE',  ( 0.000000000000000000, 2.775557561563032853E-16, -1.000000000000000000 ) ) ;
#480 = ORIENTED_EDGE ( 'NONE', *, *, #118, .T. ) ;
#481 = CIRCLE ( 'NONE', #3322, 79.99999999999995737 ) ;
#482 = CARTESIAN_POINT ( 'NONE',  ( -13899.99999999999818, 814.9999999999971578, 2.275957200481570908E-12 ) ) ;
#483 = DIRECTION ( 'NONE',  ( -1.000000000000000000, 0.000000000000000000, 0.000000000000000000 ) ) ;
#484 = AXIS2_PLACEMENT_3D ( 'NONE', #901, #260, #3547 ) ;
#485 = CARTESIAN_POINT ( 'NONE',  ( -11760.14709064067210, 729.4021522441533989, -769.9999999999959073 ) ) ;
#486 = DIRECTION ( 'NONE',  ( 1.000000000000000000, 0.000000000000000000, 0.000000000000000000 ) ) ;
#487 = EDGE_CURVE ( 'NONE', #1804, #2630, #2621, .T. ) ;
#488 = CARTESIAN_POINT ( 'NONE',  ( -14588.56810139493791, -732.4719190560189190, -589.9999999999970441 ) ) ;
#489 = ORIENTED_EDGE ( 'NONE', *, *, #1623, .T. ) ;
#490 = ORIENTED_EDGE ( 'NONE', *, *, #2287, .F. ) ;
#491 = CARTESIAN_POINT ( 'NONE',  ( -13555.71061244389966, 679.9999999999977263, -765.0652677973102982 ) ) ;
#492 = PLANE ( 'NONE',  #1176 ) ;
#493 = VECTOR ( 'NONE', #3949, 1000.000000000000000 ) ;
#494 = EDGE_CURVE ( 'NONE', #1908, #344, #3286, .T. ) ;
#495 = CARTESIAN_POINT ( 'NONE',  ( 0.000000000000000000, 875.0000000000000000, -980.0000000000001137 ) ) ;
#496 = ORIENTED_EDGE ( 'NONE', *, *, #542, .F. ) ;
#497 = PRESENTATION_LAYER_ASSIGNMENT (  '', '', ( #3538 ) ) ;
#498 = LINE ( 'NONE', #3799, #80 ) ;
#499 = LINE ( 'NONE', #1170, #4296 ) ;
#500 = DIRECTION ( 'NONE',  ( 0.000000000000000000, 1.000000000000000000, 2.775557561563032853E-16 ) ) ;
#501 = ORIENTED_EDGE ( 'NONE', *, *, #1682, .T. ) ;
#502 = LINE ( 'NONE', #3084, #2081 ) ;
#503 = ADVANCED_FACE ( 'NONE', ( #68 ), #2274, .F. ) ;
#504 = DIRECTION ( 'NONE',  ( -0.000000000000000000, 1.000000000000000000, -0.000000000000000000 ) ) ;
#505 = AXIS2_PLACEMENT_3D ( 'NONE', #2700, #1107, #3989 ) ;
#506 = CARTESIAN_POINT ( 'NONE',  ( -12320.00000000000000, 1077.499998843224148, -239.9999999999978684 ) ) ;
#507 = CARTESIAN_POINT ( 'NONE',  ( -14175.00000000000000, 875.0000000000000000, -1140.000000000000227 ) ) ;
#508 = DIRECTION ( 'NONE',  ( 0.000000000000000000, 0.000000000000000000, 1.000000000000000000 ) ) ;
#509 = CARTESIAN_POINT ( 'NONE',  ( -12225.00000000000182, -200.0000000000000000, -825.0000000000001137 ) ) ;
#510 = ORIENTED_EDGE ( 'NONE', *, *, #3664, .T. ) ;
#511 = ORIENTED_EDGE ( 'NONE', *, *, #3446, .T. ) ;
#512 = FACE_OUTER_BOUND ( 'NONE', #568, .T. ) ;
#513 = DIRECTION ( 'NONE',  ( -1.000000000000000000, 0.000000000000000000, 0.000000000000000000 ) ) ;
#514 = CARTESIAN_POINT ( 'NONE',  ( -12439.85290935933153, -1054.999999999997499, -769.9999999999964757 ) ) ;
#515 = CIRCLE ( 'NONE', #163, 277.7941176470602045 ) ;
#516 = ORIENTED_EDGE ( 'NONE', *, *, #762, .F. ) ;
#517 = CIRCLE ( 'NONE', #3781, 6000.000000000000000 ) ;
#518 = ADVANCED_FACE ( 'NONE', ( #307 ), #332, .T. ) ;
#519 = CARTESIAN_POINT ( 'NONE',  ( -12439.85290935933153, 1054.999999999997499, -769.9999999999957936 ) ) ;
#520 = CARTESIAN_POINT ( 'NONE',  ( -8598.683472959099163, -1190.000000000000227, -6660.000000000000000 ) ) ;
#521 = CARTESIAN_POINT ( 'NONE',  ( -10255.33188238365256, 729.4021522441533989, -769.9999999999959073 ) ) ;
#522 = ORIENTED_EDGE ( 'NONE', *, *, #2815, .T. ) ;
#523 = COLOUR_RGB ( '',0.7921568627450980005, 0.8196078431372548767, 0.9333333333333333481 ) ;
#524 = CIRCLE ( 'NONE', #2577, 1000.000000000000000 ) ;
#525 = EDGE_CURVE ( 'NONE', #2848, #3459, #3604, .T. ) ;
#526 = DIRECTION ( 'NONE',  ( 1.000000000000000000, 0.000000000000000000, 0.000000000000000000 ) ) ;
#527 = EDGE_CURVE ( 'NONE', #1058, #3520, #2297, .T. ) ;
#528 = CARTESIAN_POINT ( 'NONE',  ( -11611.43189860506391, 877.4999988432243754, -755.0854464784847551 ) ) ;
#529 = DIRECTION ( 'NONE',  ( 1.000000000000000000, -0.000000000000000000, -0.000000000000000000 ) ) ;
#530 = ORIENTED_EDGE ( 'NONE', *, *, #214, .T. ) ;
#531 = CARTESIAN_POINT ( 'NONE',  ( -13499.99999999999818, 814.9999999999972715, -589.9999999999965894 ) ) ;
#532 = VECTOR ( 'NONE', #638, 1000.000000000000000 ) ;
#533 = ORIENTED_EDGE ( 'NONE', *, *, #980, .F. ) ;
#534 = CYLINDRICAL_SURFACE ( 'NONE', #1012, 277.7941176470602045 ) ;
#535 = CARTESIAN_POINT ( 'NONE',  ( -13899.99999999999818, -1054.999999999997726, -459.9999999999984084 ) ) ;
#536 = AXIS2_PLACEMENT_3D ( 'NONE', #1657, #379, #1677 ) ;
#537 = VECTOR ( 'NONE', #159, 1000.000000000000000 ) ;
#538 = FACE_OUTER_BOUND ( 'NONE', #665, .T. ) ;
#539 = ORIENTED_EDGE ( 'NONE', *, *, #2375, .T. ) ;
#540 = PLANE ( 'NONE',  #2959 ) ;
#541 = ORIENTED_EDGE ( 'NONE', *, *, #3417, .F. ) ;
#542 = EDGE_CURVE ( 'NONE', #3912, #3114, #2776, .T. ) ;
#543 = VECTOR ( 'NONE', #1152, 1000.000000000000000 ) ;
#544 = ORIENTED_EDGE ( 'NONE', *, *, #2879, .T. ) ;
#545 = FACE_OUTER_BOUND ( 'NONE', #2514, .T. ) ;
#546 = EDGE_CURVE ( 'NONE', #2095, #1228, #2667, .T. ) ;
#547 = CIRCLE ( 'NONE', #763, 1000.000000000000000 ) ;
#548 = CARTESIAN_POINT ( 'NONE',  ( -13452.71931086792210, -679.9999999999977263, -567.4243228023079837 ) ) ;
#549 = ORIENTED_EDGE ( 'NONE', *, *, #4075, .F. ) ;
#550 = DIRECTION ( 'NONE',  ( 0.000000000000000000, 1.000000000000000000, 2.775557561563032853E-16 ) ) ;
#551 = DIRECTION ( 'NONE',  ( 0.000000000000000000, -1.000000000000000000, -3.301729611148416588E-16 ) ) ;
#552 = DIRECTION ( 'NONE',  ( -0.000000000000000000, 0.000000000000000000, -1.000000000000000000 ) ) ;
#553 = FACE_OUTER_BOUND ( 'NONE', #1113, .T. ) ;
#554 = DIRECTION ( 'NONE',  ( 0.000000000000000000, 1.000000000000000000, 2.249385511977649118E-16 ) ) ;
#555 = EDGE_LOOP ( 'NONE', ( #4288, #976, #3550, #3768, #1097, #1151, #1974, #3496, #904, #1860, #959, #3125, #740, #1388 ) ) ;
#556 = AXIS2_PLACEMENT_3D ( 'NONE', #893, #937, #212 ) ;
#557 = EDGE_CURVE ( 'NONE', #562, #1539, #2022, .T. ) ;
#558 = SPHERICAL_SURFACE ( 'NONE', #1676, 1000.000000000000000 ) ;
#559 = CARTESIAN_POINT ( 'NONE',  ( -10255.33188238365256, 729.4021522441533989, -769.9999999999959073 ) ) ;
#560 = DIRECTION ( 'NONE',  ( -0.000000000000000000, -1.000000000000000000, -2.249385511977649118E-16 ) ) ;
#561 = DIRECTION ( 'NONE',  ( 0.000000000000000000, 2.775557561563032853E-16, -1.000000000000000000 ) ) ;
#562 = VERTEX_POINT ( 'NONE', #3205 ) ;
#563 = VECTOR ( 'NONE', #431, 1000.000000000000000 ) ;
#564 = VERTEX_POINT ( 'NONE', #4195 ) ;
#565 = DIRECTION ( 'NONE',  ( -1.000000000000000000, 0.000000000000000000, 0.000000000000000000 ) ) ;
#566 = EDGE_CURVE ( 'NONE', #3603, #2006, #1879, .T. ) ;
#567 = FACE_OUTER_BOUND ( 'NONE', #1541, .T. ) ;
#568 = EDGE_LOOP ( 'NONE', ( #249, #348, #2750, #3709, #2591, #2653 ) ) ;
#569 = DIRECTION ( 'NONE',  ( 3.132904478660053556E-17, -1.000000000000000000, 0.000000000000000000 ) ) ;
#570 = AXIS2_PLACEMENT_3D ( 'NONE', #2670, #3728, #3635 ) ;
#571 = FACE_OUTER_BOUND ( 'NONE', #1306, .T. ) ;
#572 = EDGE_CURVE ( 'NONE', #1297, #3459, #2217, .T. ) ;
#573 = DIRECTION ( 'NONE',  ( -0.000000000000000000, -1.000000000000000000, -2.775557561563032853E-16 ) ) ;
#574 = CARTESIAN_POINT ( 'NONE',  ( -12225.00000000000182, 200.0000000000000000, -825.0000000000001137 ) ) ;
#575 = DIRECTION ( 'NONE',  ( -0.000000000000000000, -1.224646799147353207E-16, 1.000000000000000000 ) ) ;
#576 = VERTEX_POINT ( 'NONE', #3762 ) ;
#577 = VERTEX_POINT ( 'NONE', #224 ) ;
#578 = EDGE_CURVE ( 'NONE', #364, #316, #815, .T. ) ;
#579 = LINE ( 'NONE', #1575, #4141 ) ;
#580 = DIRECTION ( 'NONE',  ( 1.000000000000000000, 0.000000000000000000, 0.000000000000000000 ) ) ;
#581 = LINE ( 'NONE', #2186, #4046 ) ;
#582 = ORIENTED_EDGE ( 'NONE', *, *, #1832, .T. ) ;
#583 = CIRCLE ( 'NONE', #2647, 6000.000000000000000 ) ;
#584 = EDGE_CURVE ( 'NONE', #1495, #2227, #601, .T. ) ;
#585 = ORIENTED_EDGE ( 'NONE', *, *, #2121, .F. ) ;
#586 = LINE ( 'NONE', #270, #3182 ) ;
#587 = VECTOR ( 'NONE', #4249, 1000.000000000000000 ) ;
#588 = DIRECTION ( 'NONE',  ( 3.132904478660053556E-17, -1.000000000000000000, 0.000000000000000000 ) ) ;
#589 = ORIENTED_EDGE ( 'NONE', *, *, #3332, .T. ) ;
#590 = PLANE ( 'NONE',  #3780 ) ;
#591 = ORIENTED_EDGE ( 'NONE', *, *, #2287, .T. ) ;
#592 = EDGE_CURVE ( 'NONE', #2603, #3667, #629, .T. ) ;
#593 = ORIENTED_EDGE ( 'NONE', *, *, #2921, .F. ) ;
#594 = CIRCLE ( 'NONE', #2945, 460.0000000000000000 ) ;
#595 = CARTESIAN_POINT ( 'NONE',  ( 0.000000000000000000, -875.0000000000000000, -1060.000000000000000 ) ) ;
#596 = CARTESIAN_POINT ( 'NONE',  ( -11757.17756101499617, -696.5740269077375615, -766.7208309781532307 ) ) ;
#597 = EDGE_CURVE ( 'NONE', #1488, #942, #1558, .T. ) ;
#598 = VERTEX_POINT ( 'NONE', #1458 ) ;
#599 = ORIENTED_EDGE ( 'NONE', *, *, #3681, .T. ) ;
#600 = FACE_OUTER_BOUND ( 'NONE', #4, .T. ) ;
#601 =( BOUNDED_CURVE ( )  B_SPLINE_CURVE ( 3, ( #1209, #129, #1741, #3419 ),
 .UNSPECIFIED., .F., .T. ) 
 B_SPLINE_CURVE_WITH_KNOTS ( ( 4, 4 ),
 ( 1.284283745212837724, 1.335088666923594625 ),
 .UNSPECIFIED. ) 
 CURVE ( )  GEOMETRIC_REPRESENTATION_ITEM ( )  RATIONAL_B_SPLINE_CURVE ( ( 1.000000000000000000, 0.9997849165603801547, 0.9997849165603801547, 1.000000000000000000 ) ) 
 REPRESENTATION_ITEM ( '' )  );
#602 = ORIENTED_EDGE ( 'NONE', *, *, #2277, .T. ) ;
#603 = EDGE_CURVE ( 'NONE', #3474, #3238, #4083, .T. ) ;
#604 = ORIENTED_EDGE ( 'NONE', *, *, #1513, .T. ) ;
#605 = DIRECTION ( 'NONE',  ( -1.000000000000000000, -2.220446049250313081E-16, 0.000000000000000000 ) ) ;
#606 = DIRECTION ( 'NONE',  ( 0.000000000000000000, 1.000000000000000000, 2.775557561563032853E-16 ) ) ;
#607 = VERTEX_POINT ( 'NONE', #482 ) ;
#608 = ADVANCED_FACE ( 'NONE', ( #2870 ), #2518, .F. ) ;
#609 = AXIS2_PLACEMENT_3D ( 'NONE', #792, #3739, #2755 ) ;
#610 = DIRECTION ( 'NONE',  ( 3.912072321290969353E-16, 2.775557561563032853E-16, -1.000000000000000000 ) ) ;
#611 = ORIENTED_EDGE ( 'NONE', *, *, #2843, .T. ) ;
#612 = DIRECTION ( 'NONE',  ( -1.908428413691174465E-16, 0.000000000000000000, -1.000000000000000000 ) ) ;
#613 = AXIS2_PLACEMENT_3D ( 'NONE', #3502, #1417, #774 ) ;
#614 = ADVANCED_FACE ( 'NONE', ( #2404 ), #4173, .T. ) ;
#615 = FACE_OUTER_BOUND ( 'NONE', #1685, .T. ) ;
#616 = VECTOR ( 'NONE', #4286, 1000.000000000000114 ) ;
#617 = DIRECTION ( 'NONE',  ( 0.000000000000000000, -0.9901138386947148096, -0.1402661271484179906 ) ) ;
#618 = LINE ( 'NONE', #3237, #2381 ) ;
#619 = AXIS2_PLACEMENT_3D ( 'NONE', #2334, #3348, #202 ) ;
#620 = ORIENTED_EDGE ( 'NONE', *, *, #3576, .F. ) ;
#621 = VERTEX_POINT ( 'NONE', #435 ) ;
#622 = EDGE_CURVE ( 'NONE', #2888, #432, #3442, .T. ) ;
#623 = CARTESIAN_POINT ( 'NONE',  ( -11700.00000000000182, -1077.499998843224375, -589.9999999999971578 ) ) ;
#624 = SURFACE_SIDE_STYLE ('',( #107 ) ) ;
#625 = ORIENTED_EDGE ( 'NONE', *, *, #151, .T. ) ;
#626 = CARTESIAN_POINT ( 'NONE',  ( -12100.00000000000182, -679.9999999999977263, -909.9999999999982947 ) ) ;
#627 = PRODUCT_RELATED_PRODUCT_CATEGORY ( 'part', '', ( #3590 ) ) ;
#628 = CARTESIAN_POINT ( 'NONE',  ( -15744.66811761634744, 679.9999999999977263, -567.4243228023077563 ) ) ;
#629 = CIRCLE ( 'NONE', #908, 460.0000000000000000 ) ;
#630 = ORIENTED_EDGE ( 'NONE', *, *, #2367, .F. ) ;
#631 = VECTOR ( 'NONE', #719, 1000.000000000000000 ) ;
#632 = EDGE_CURVE ( 'NONE', #4241, #3860, #4205, .T. ) ;
#633 = DIRECTION ( 'NONE',  ( 0.000000000000000000, -1.000000000000000000, -5.551115123125784674E-16 ) ) ;
#634 = PLANE ( 'NONE',  #2860 ) ;
#635 = ORIENTED_EDGE ( 'NONE', *, *, #3421, .T. ) ;
#636 = EDGE_CURVE ( 'NONE', #316, #2778, #2228, .T. ) ;
#637 = CARTESIAN_POINT ( 'NONE',  ( -10255.33188238365256, -814.9999999999974989, -589.9999999999970441 ) ) ;
#638 = DIRECTION ( 'NONE',  ( 1.000000000000000000, 2.193033135062037489E-16, 0.000000000000000000 ) ) ;
#639 = DIRECTION ( 'NONE',  ( 0.000000000000000000, -2.413528314402513597E-16, 1.000000000000000000 ) ) ;
#640 = CARTESIAN_POINT ( 'NONE',  ( -11611.43189860506391, 877.4999988432243754, -769.9999999999959073 ) ) ;
#641 = CARTESIAN_POINT ( 'NONE',  ( -1950.000000000000682, 1189.999999999998408, -960.0000000000002274 ) ) ;
#642 = ORIENTED_EDGE ( 'NONE', *, *, #3581, .T. ) ;
#643 = ADVANCED_FACE ( 'NONE', ( #458 ), #1783, .T. ) ;
#644 = LINE ( 'NONE', #623, #433 ) ;
#645 = FACE_OUTER_BOUND ( 'NONE', #3285, .T. ) ;
#646 = VERTEX_POINT ( 'NONE', #2279 ) ;
#647 = EDGE_CURVE ( 'NONE', #4163, #1537, #3587, .T. ) ;
#648 = VERTEX_POINT ( 'NONE', #3593 ) ;
#649 = LINE ( 'NONE', #3269, #3743 ) ;
#650 = DIRECTION ( 'NONE',  ( 0.000000000000000000, 0.000000000000000000, 1.000000000000000000 ) ) ;
#651 = ORIENTED_EDGE ( 'NONE', *, *, #3169, .F. ) ;
#652 = VECTOR ( 'NONE', #2811, 1000.000000000000000 ) ;
#653 = EDGE_CURVE ( 'NONE', #2000, #135, #579, .T. ) ;
#654 = AXIS2_PLACEMENT_3D ( 'NONE', #1160, #838, #3791 ) ;
#655 = VECTOR ( 'NONE', #3815, 1000.000000000000000 ) ;
#656 = CYLINDRICAL_SURFACE ( 'NONE', #1309, 277.7941176470602045 ) ;
#657 = LINE ( 'NONE', #255, #864 ) ;
#658 = ORIENTED_EDGE ( 'NONE', *, *, #79, .F. ) ;
#659 = AXIS2_PLACEMENT_3D ( 'NONE', #793, #1803, #1175 ) ;
#660 = ORIENTED_EDGE ( 'NONE', *, *, #1282, .F. ) ;
#661 = DIRECTION ( 'NONE',  ( 1.000000000000000000, 0.000000000000000000, 0.000000000000000000 ) ) ;
#662 = DIRECTION ( 'NONE',  ( 0.000000000000000000, -1.000000000000000000, -3.301729611148416588E-16 ) ) ;
#663 = AXIS2_PLACEMENT_3D ( 'NONE', #2362, #705, #1953 ) ;
#664 = CARTESIAN_POINT ( 'NONE',  ( -162.2440211999301027, 989.9999999999984084, 920.1315677728725859 ) ) ;
#665 = EDGE_LOOP ( 'NONE', ( #3554, #2774, #3654, #698 ) ) ;
#666 = DIRECTION ( 'NONE',  ( 0.000000000000000000, -0.9854601157443478865, -0.1699069165076472210 ) ) ;
#667 = AXIS2_PLACEMENT_3D ( 'NONE', #4004, #1982, #3047 ) ;
#668 = LINE ( 'NONE', #974, #1411 ) ;
#669 = VERTEX_POINT ( 'NONE', #2938 ) ;
#670 = ORIENTED_EDGE ( 'NONE', *, *, #1919, .T. ) ;
#671 = LINE ( 'NONE', #2966, #616 ) ;
#672 = ADVANCED_FACE ( 'NONE', ( #311 ), #335, .F. ) ;
#673 = CARTESIAN_POINT ( 'NONE',  ( -12100.00000000000182, 679.9999999999977263, -459.9999999999979536 ) ) ;
#674 = VERTEX_POINT ( 'NONE', #928 ) ;
#675 = ADVANCED_FACE ( 'NONE', ( #2244 ), #1640, .F. ) ;
#676 = CARTESIAN_POINT ( 'NONE',  ( -13558.65641272664834, -713.0416965694201963, -768.3657702387155268 ) ) ;
#677 = CARTESIAN_POINT ( 'NONE',  ( -14341.24822945820415, 814.9999999999972715, -589.9999999999965894 ) ) ;
#678 = ORIENTED_EDGE ( 'NONE', *, *, #3140, .F. ) ;
#679 = AXIS2_PLACEMENT_3D ( 'NONE', #2371, #3385, #3049 ) ;
#680 = CARTESIAN_POINT ( 'NONE',  ( -12100.00000000000182, -1054.999999999997726, -459.9999999999984084 ) ) ;
#681 = LINE ( 'NONE', #1655, #2471 ) ;
#682 = DIRECTION ( 'NONE',  ( -1.000000000000000000, 0.000000000000000000, -0.000000000000000000 ) ) ;
#683 = DIRECTION ( 'NONE',  ( -1.000000000000000000, 0.000000000000000000, 0.000000000000000000 ) ) ;
#684 = PRODUCT ( 'FlatWagon_40ft_MediumDetailed', 'FlatWagon_40ft_MediumDetailed', '', ( #821 ) ) ;
#685 = CARTESIAN_POINT ( 'NONE',  ( 0.000000000000000000, 875.0000000000000000, -1060.000000000000000 ) ) ;
#686 = VECTOR ( 'NONE', #706, 1000.000000000000114 ) ;
#687 = ORIENTED_EDGE ( 'NONE', *, *, #1262, .T. ) ;
#688 = CARTESIAN_POINT ( 'NONE',  ( -12500.00000000000182, -1077.499998843224375, -589.9999999999971578 ) ) ;
#689 = DIRECTION ( 'NONE',  ( -0.000000000000000000, 1.000000000000000000, -0.000000000000000000 ) ) ;
#690 = VECTOR ( 'NONE', #1935, 1000.000000000000114 ) ;
#691 = DIRECTION ( 'NONE',  ( 0.000000000000000000, 0.000000000000000000, 1.000000000000000000 ) ) ;
#692 = DIRECTION ( 'NONE',  ( 1.000000000000000000, 3.700743415417188263E-17, 0.000000000000000000 ) ) ;
#693 = ORIENTED_EDGE ( 'NONE', *, *, #2709, .T. ) ;
#694 = ORIENTED_EDGE ( 'NONE', *, *, #2562, .T. ) ;
#695 = EDGE_CURVE ( 'NONE', #1910, #2029, #3127, .T. ) ;
#696 = CARTESIAN_POINT ( 'NONE',  ( -2350.000000000000455, -200.0000000000000000, -825.0000000000001137 ) ) ;
#697 = DIRECTION ( 'NONE',  ( 1.000000000000000000, 0.000000000000000000, -0.000000000000000000 ) ) ;
#698 = ORIENTED_EDGE ( 'NONE', *, *, #3252, .T. ) ;
#699 = UNCERTAINTY_MEASURE_WITH_UNIT (LENGTH_MEASURE( 1.000000000000000082E-05 ), #2748, 'distance_accuracy_value', 'NONE');
#700 = ORIENTED_EDGE ( 'NONE', *, *, #1926, .F. ) ;
#701 = DIRECTION ( 'NONE',  ( 0.000000000000000000, -1.000000000000000000, -2.775557561563032853E-16 ) ) ;
#702 = CARTESIAN_POINT ( 'NONE',  ( -1.259562753036178918E-13, 1189.999999999998408, -660.0000000000019327 ) ) ;
#703 = VERTEX_POINT ( 'NONE', #4279 ) ;
#704 = ADVANCED_FACE ( 'NONE', ( #3027 ), #4074, .T. ) ;
#705 = DIRECTION ( 'NONE',  ( -0.000000000000000000, -1.000000000000000000, -2.249385511977649118E-16 ) ) ;
#706 = DIRECTION ( 'NONE',  ( 0.000000000000000000, -0.9854601157443478865, 0.1699069165076472210 ) ) ;
#707 = FACE_OUTER_BOUND ( 'NONE', #2396, .T. ) ;
#708 = DIRECTION ( 'NONE',  ( -1.000000000000000000, -0.000000000000000000, -0.000000000000000000 ) ) ;
#709 = DIRECTION ( 'NONE',  ( 7.824144642581933777E-16, -2.775557561563032853E-16, 1.000000000000000000 ) ) ;
#710 = EDGE_CURVE ( 'NONE', #3520, #907, #3313, .T. ) ;
#711 = ORIENTED_EDGE ( 'NONE', *, *, #63, .T. ) ;
#712 = CARTESIAN_POINT ( 'NONE',  ( -11411.43189860506209, 877.4999988432243754, -589.9999999999965894 ) ) ;
#713 = DIRECTION ( 'NONE',  ( 0.000000000000000000, -1.000000000000000000, 0.000000000000000000 ) ) ;
#714 = SHAPE_REPRESENTATION_RELATIONSHIP ( 'NONE' , 'NONE' ,  #749, #4115 ) ;
#715 = ORIENTED_EDGE ( 'NONE', *, *, #1282, .T. ) ;
#716 = ADVANCED_FACE ( 'NONE', ( #3096 ), #2026, .T. ) ;
#717 = VECTOR ( 'NONE', #97, 1000.000000000000000 ) ;
#718 = DIRECTION ( 'NONE',  ( 0.000000000000000000, 0.1402661271484180183, 0.9901138386947149206 ) ) ;
#719 = DIRECTION ( 'NONE',  ( 1.000000000000000000, 2.193033135062037489E-16, 0.000000000000000000 ) ) ;
#720 = VERTEX_POINT ( 'NONE', #2003 ) ;
#721 = ORIENTED_EDGE ( 'NONE', *, *, #1420, .F. ) ;
#722 =( BOUNDED_CURVE ( )  B_SPLINE_CURVE ( 3, ( #1912, #3606, #3235, #259 ),
 .UNSPECIFIED., .F., .T. ) 
 B_SPLINE_CURVE_WITH_KNOTS ( ( 4, 4 ),
 ( 5.437455678617205024, 5.451881468827075139 ),
 .UNSPECIFIED. ) 
 CURVE ( )  GEOMETRIC_REPRESENTATION_ITEM ( )  RATIONAL_B_SPLINE_CURVE ( ( 1.000000000000000000, 0.9999826581232540423, 0.9999826581232540423, 1.000000000000000000 ) ) 
 REPRESENTATION_ITEM ( '' )  );
#723 = CARTESIAN_POINT ( 'NONE',  ( -12100.00000000000182, 679.9999999999977263, -459.9999999999979536 ) ) ;
#724 = EDGE_LOOP ( 'NONE', ( #2645, #1421 ) ) ;
#725 = CIRCLE ( 'NONE', #3145, 6000.000000000000000 ) ;
#726 = VERTEX_POINT ( 'NONE', #3407 ) ;
#727 = CIRCLE ( 'NONE', #377, 199.9999999999999432 ) ;
#728 = LINE ( 'NONE', #2997, #1981 ) ;
#729 = CARTESIAN_POINT ( 'NONE',  ( -14791.79486355016888, 954.9999999999963620, -1060.000000000000000 ) ) ;
#730 = CARTESIAN_POINT ( 'NONE',  ( 0.000000000000000000, -875.0000000000000000, -1060.000000000000000 ) ) ;
#731 = VECTOR ( 'NONE', #1141, 1000.000000000000000 ) ;
#732 = EDGE_CURVE ( 'NONE', #2988, #4037, #449, .T. ) ;
#733 = LINE ( 'NONE', #441, #1069 ) ;
#734 = ORIENTED_EDGE ( 'NONE', *, *, #3558, .F. ) ;
#735 = DIRECTION ( 'NONE',  ( 0.000000000000000000, -1.000000000000000000, 0.000000000000000000 ) ) ;
#736 = LINE ( 'NONE', #2739, #3597 ) ;
#737 = EDGE_CURVE ( 'NONE', #1625, #3325, #426, .T. ) ;
#738 = DIRECTION ( 'NONE',  ( 0.000000000000000000, -0.9950481186486286322, -0.09939437395458934621 ) ) ;
#739 = VERTEX_POINT ( 'NONE', #2053 ) ;
#740 = ORIENTED_EDGE ( 'NONE', *, *, #2572, .T. ) ;
#741 = CIRCLE ( 'NONE', #3718, 460.0000000000001137 ) ;
#742 = DIRECTION ( 'NONE',  ( -1.000000000000000000, 0.000000000000000000, 0.000000000000000000 ) ) ;
#743 = DIRECTION ( 'NONE',  ( -1.000000000000000000, -0.000000000000000000, -0.000000000000000000 ) ) ;
#744 = ORIENTED_EDGE ( 'NONE', *, *, #4154, .T. ) ;
#745 = ORIENTED_EDGE ( 'NONE', *, *, #415, .T. ) ;
#746 = AXIS2_PLACEMENT_3D ( 'NONE', #535, #1850, #1829 ) ;
#747 = DIRECTION ( 'NONE',  ( 1.000000000000000000, 0.000000000000000000, 0.000000000000000000 ) ) ;
#748 = ORIENTED_EDGE ( 'NONE', *, *, #632, .F. ) ;
#749 = SHAPE_REPRESENTATION ( 'Y25_BackwardBogies_MediumDetailed', ( #4251 ), #2357 ) ;
#750 = ORIENTED_EDGE ( 'NONE', *, *, #647, .F. ) ;
#751 = DIRECTION ( 'NONE',  ( 0.000000000000000000, 0.000000000000000000, -1.000000000000000000 ) ) ;
#752 = DIRECTION ( 'NONE',  ( 0.000000000000000000, -1.000000000000000000, -2.775557561563032853E-16 ) ) ;
#753 = FACE_OUTER_BOUND ( 'NONE', #1325, .T. ) ;
#754 = CIRCLE ( 'NONE', #1302, 999.9999999999998863 ) ;
#755 = VERTEX_POINT ( 'NONE', #4054 ) ;
#756 = CARTESIAN_POINT ( 'NONE',  ( -14242.82243898500201, -696.5740269077375615, -766.7208309781532307 ) ) ;
#757 = DIRECTION ( 'NONE',  ( 0.000000000000000000, 0.000000000000000000, 1.000000000000000000 ) ) ;
#758 = CARTESIAN_POINT ( 'NONE',  ( -12225.00000000000182, -800.0000000000000000, -910.0000000000001137 ) ) ;
#759 = DIRECTION ( 'NONE',  ( 7.824144642581933777E-16, 2.775557561563032853E-16, -1.000000000000000000 ) ) ;
#760 = ORIENTED_EDGE ( 'NONE', *, *, #1720, .T. ) ;
#761 = ORIENTED_EDGE ( 'NONE', *, *, #3037, .T. ) ;
#762 = EDGE_CURVE ( 'NONE', #2784, #469, #1357, .T. ) ;
#763 = AXIS2_PLACEMENT_3D ( 'NONE', #1322, #3644, #2384 ) ;
#764 = CARTESIAN_POINT ( 'NONE',  ( -14175.00000000000000, -1190.000000000001592, -960.0000000000002274 ) ) ;
#765 = SURFACE_STYLE_USAGE ( .BOTH. , #4137 ) ;
#766 = ORIENTED_EDGE ( 'NONE', *, *, #867, .F. ) ;
#767 = ORIENTED_EDGE ( 'NONE', *, *, #1183, .T. ) ;
#768 = EDGE_CURVE ( 'NONE', #1537, #4176, #404, .T. ) ;
#769 = CARTESIAN_POINT ( 'NONE',  ( -11758.65641272665380, 713.0416965694206510, -768.3657702387152995 ) ) ;
#770 = ORIENTED_EDGE ( 'NONE', *, *, #3899, .T. ) ;
#771 = ORIENTED_EDGE ( 'NONE', *, *, #3578, .F. ) ;
#772 = LINE ( 'NONE', #2406, #1366 ) ;
#773 = EDGE_CURVE ( 'NONE', #778, #3321, #49, .T. ) ;
#774 = DIRECTION ( 'NONE',  ( -1.000000000000000000, 0.000000000000000000, 0.000000000000000000 ) ) ;
#775 = CARTESIAN_POINT ( 'NONE',  ( -2350.000000000000455, -800.0000000000000000, -910.0000000000001137 ) ) ;
#776 = VECTOR ( 'NONE', #747, 1000.000000000000000 ) ;
#777 = EDGE_CURVE ( 'NONE', #142, #1014, #1371, .T. ) ;
#778 = VERTEX_POINT ( 'NONE', #4006 ) ;
#779 = CARTESIAN_POINT ( 'NONE',  ( -13680.00000000000000, 1950.712458671872582, -239.9999999999976694 ) ) ;
#780 = DIRECTION ( 'NONE',  ( -0.9848077530122092416, 0.000000000000000000, -0.1736481776669235033 ) ) ;
#781 = CARTESIAN_POINT ( 'NONE',  ( -1950.000000000000682, 200.0000000000000000, -825.0000000000001137 ) ) ;
#782 = CARTESIAN_POINT ( 'NONE',  ( -13680.00000000000000, -814.9999999999974989, -517.7941176470593518 ) ) ;
#783 = VERTEX_POINT ( 'NONE', #1706 ) ;
#784 = VERTEX_POINT ( 'NONE', #1015 ) ;
#785 = PLANE ( 'NONE',  #3137 ) ;
#786 = PLANE ( 'NONE',  #2624 ) ;
#787 = LINE ( 'NONE', #3349, #1554 ) ;
#788 = ORIENTED_EDGE ( 'NONE', *, *, #4067, .T. ) ;
#789 = VERTEX_POINT ( 'NONE', #1036 ) ;
#790 = ADVANCED_FACE ( 'NONE', ( #3656 ), #2695, .F. ) ;
#791 = VECTOR ( 'NONE', #424, 1000.000000000000114 ) ;
#792 = CARTESIAN_POINT ( 'NONE',  ( -12100.00000000000182, -1054.999999999997726, -459.9999999999984084 ) ) ;
#793 = CARTESIAN_POINT ( 'NONE',  ( -10255.33188238365256, -729.4021522441533989, -769.9999999999963620 ) ) ;
#794 = VERTEX_POINT ( 'NONE', #2393 ) ;
#795 = EDGE_CURVE ( 'NONE', #3904, #852, #28, .T. ) ;
#796 = PLANE ( 'NONE',  #109 ) ;
#797 = CARTESIAN_POINT ( 'NONE',  ( -2.914659381970696526E-13, 1189.999999999998408, -1160.000000000000227 ) ) ;
#798 = ITEM_DEFINED_TRANSFORMATION ( 'NONE', 'NONE', #2038,  #4251 ) ;
#799 = DIRECTION ( 'NONE',  ( 1.000000000000000000, 2.193033135062037489E-16, 0.000000000000000000 ) ) ;
#800 = VECTOR ( 'NONE', #1404, 1000.000000000000000 ) ;
#801 = ORIENTED_EDGE ( 'NONE', *, *, #773, .T. ) ;
#802 = AXIS2_PLACEMENT_3D ( 'NONE', #233, #1585, #1606 ) ;
#803 = VECTOR ( 'NONE', #1808, 1000.000000000000000 ) ;
#804 = CARTESIAN_POINT ( 'NONE',  ( -14175.00000000000000, 1189.999999999997954, -960.0000000000002274 ) ) ;
#805 = PLANE ( 'NONE',  #3365 ) ;
#806 = DIRECTION ( 'NONE',  ( 0.000000000000000000, -1.000000000000000000, -3.301729611148416588E-16 ) ) ;
#807 = DIRECTION ( 'NONE',  ( 1.000000000000000000, 0.000000000000000000, 0.000000000000000000 ) ) ;
#808 = ORIENTED_EDGE ( 'NONE', *, *, #83, .F. ) ;
#809 = FACE_OUTER_BOUND ( 'NONE', #918, .T. ) ;
#810 = PRESENTATION_STYLE_ASSIGNMENT (( #765 ) ) ;
#811 = PLANE ( 'NONE',  #3701 ) ;
#812 = VERTEX_POINT ( 'NONE', #3730 ) ;
#813 = VECTOR ( 'NONE', #2529, 1000.000000000000000 ) ;
#814 = EDGE_CURVE ( 'NONE', #2380, #3912, #3677, .T. ) ;
#815 = LINE ( 'NONE', #559, #3755 ) ;
#816 = ORIENTED_EDGE ( 'NONE', *, *, #710, .T. ) ;
#817 = CARTESIAN_POINT ( 'NONE',  ( -12500.00000000000182, 814.9999999999972715, -306.2059048389984355 ) ) ;
#818 = EDGE_CURVE ( 'NONE', #157, #3616, #4029, .T. ) ;
#819 = DIRECTION ( 'NONE',  ( 0.000000000000000000, 1.000000000000000000, 2.775557561563032853E-16 ) ) ;
#820 = LINE ( 'NONE', #507, #19 ) ;
#821 = PRODUCT_CONTEXT ( 'NONE', #2425, 'mechanical' ) ;
#822 = DIRECTION ( 'NONE',  ( 0.000000000000000000, -1.000000000000000000, -2.775557561563032853E-16 ) ) ;
#823 = ORIENTED_EDGE ( 'NONE', *, *, #2566, .F. ) ;
#824 = VERTEX_POINT ( 'NONE', #758 ) ;
#825 = CARTESIAN_POINT ( 'NONE',  ( -12545.46126534801260, -697.6074941491500567, -574.9998243529007595 ) ) ;
#826 = CARTESIAN_POINT ( 'NONE',  ( -11760.14709064067210, 1054.999999999997499, -769.9999999999957936 ) ) ;
#827 = DIRECTION ( 'NONE',  ( 1.000000000000000000, 0.000000000000000000, 0.000000000000000000 ) ) ;
#828 = ORIENTED_EDGE ( 'NONE', *, *, #3167, .T. ) ;
#829 = EDGE_CURVE ( 'NONE', #907, #3950, #736, .T. ) ;
#830 = DIRECTION ( 'NONE',  ( 0.000000000000000000, 1.000000000000000000, -2.200304988219453045E-16 ) ) ;
#831 = CARTESIAN_POINT ( 'NONE',  ( -13000.00000000000000, 4.163336342343557632E-15, -725.0000000000050022 ) ) ;
#832 = ORIENTED_EDGE ( 'NONE', *, *, #1361, .F. ) ;
#833 = EDGE_CURVE ( 'NONE', #783, #2438, #2414, .T. ) ;
#834 = CIRCLE ( 'NONE', #4011, 277.7941176470602045 ) ;
#835 = DIRECTION ( 'NONE',  ( -1.000000000000000000, -0.000000000000000000, 0.000000000000000000 ) ) ;
#836 = CARTESIAN_POINT ( 'NONE',  ( -11825.00000000000182, 800.0000000000000000, -910.0000000000001137 ) ) ;
#837 = FACE_OUTER_BOUND ( 'NONE', #3553, .T. ) ;
#838 = DIRECTION ( 'NONE',  ( 0.000000000000000000, -1.000000000000000000, -2.249385511977649118E-16 ) ) ;
#839 = FACE_OUTER_BOUND ( 'NONE', #2583, .T. ) ;
#840 = ADVANCED_FACE ( 'NONE', ( #1793 ), #115, .F. ) ;
#841 = ORIENTED_EDGE ( 'NONE', *, *, #2463, .F. ) ;
#842 = ORIENTED_EDGE ( 'NONE', *, *, #1538, .T. ) ;
#843 = VECTOR ( 'NONE', #709, 1000.000000000000000 ) ;
#844 = CARTESIAN_POINT ( 'NONE',  ( -11652.71931086792392, 679.9999999999977263, -567.4243228023077563 ) ) ;
#845 = VECTOR ( 'NONE', #251, 1000.000000000000000 ) ;
#846 = CARTESIAN_POINT ( 'NONE',  ( -14119.99999999999818, 1077.499998843224148, -239.9999999999978684 ) ) ;
#847 = EDGE_CURVE ( 'NONE', #124, #2996, #2119, .T. ) ;
#848 = ORIENTED_EDGE ( 'NONE', *, *, #2242, .T. ) ;
#849 = LINE ( 'NONE', #519, #1610 ) ;
#850 = CARTESIAN_POINT ( 'NONE',  ( -13452.71931086792210, 679.9999999999977263, -567.4243228023077563 ) ) ;
#851 = DIRECTION ( 'NONE',  ( 0.000000000000000000, 1.000000000000000000, 2.775557561563032853E-16 ) ) ;
#852 = VERTEX_POINT ( 'NONE', #1125 ) ;
#853 = EDGE_CURVE ( 'NONE', #432, #3887, #3946, .T. ) ;
#854 = CARTESIAN_POINT ( 'NONE',  ( -14299.99999999999818, 1950.712458671872582, -306.2059048389979239 ) ) ;
#855 = VECTOR ( 'NONE', #1942, 1000.000000000000000 ) ;
#856 = CARTESIAN_POINT ( 'NONE',  ( -12225.00000000000182, -800.0000000000000000, -910.0000000000001137 ) ) ;
#857 = VERTEX_POINT ( 'NONE', #3555 ) ;
#858 = FACE_OUTER_BOUND ( 'NONE', #1882, .T. ) ;
#859 = ORIENTED_EDGE ( 'NONE', *, *, #1906, .F. ) ;
#860 = ADVANCED_FACE ( 'NONE', ( #1923 ), #4242, .F. ) ;
#861 = CARTESIAN_POINT ( 'NONE',  ( -11700.00000000000182, 814.9999999999972715, -306.2059048389982081 ) ) ;
#862 = CIRCLE ( 'NONE', #2379, 79.99999999999995737 ) ;
#863 = DIRECTION ( 'NONE',  ( 0.000000000000000000, -1.000000000000000000, -2.220446049250313081E-16 ) ) ;
#864 = VECTOR ( 'NONE', #3560, 1000.000000000000000 ) ;
#865 = ORIENTED_EDGE ( 'NONE', *, *, #381, .T. ) ;
#866 = AXIS2_PLACEMENT_3D ( 'NONE', #1656, #3569, #2408 ) ;
#867 = EDGE_CURVE ( 'NONE', #1103, #2612, #3948, .T. ) ;
#868 = PLANE ( 'NONE',  #325 ) ;
#869 = PLANE ( 'NONE',  #3074 ) ;
#870 = VERTEX_POINT ( 'NONE', #956 ) ;
#871 = STYLED_ITEM ( 'NONE', ( #3291 ), #4115 ) ;
#872 = AXIS2_PLACEMENT_3D ( 'NONE', #114, #1402, #3026 ) ;
#873 = ORIENTED_EDGE ( 'NONE', *, *, #3727, .F. ) ;
#874 = CARTESIAN_POINT ( 'NONE',  ( -13560.14709064066847, -814.9999999999972715, -769.9999999999964757 ) ) ;
#875 = VECTOR ( 'NONE', #2693, 1000.000000000000000 ) ;
#876 = CARTESIAN_POINT ( 'NONE',  ( -14244.28938755609852, -679.9999999999977263, -765.0652677973105256 ) ) ;
#877 = ORIENTED_EDGE ( 'NONE', *, *, #305, .F. ) ;
#878 = DIRECTION ( 'NONE',  ( 1.000000000000000000, 0.000000000000000000, 0.000000000000000000 ) ) ;
#879 = PLANE ( 'NONE',  #3159 ) ;
#880 = PLANE ( 'NONE',  #2322 ) ;
#881 = DIRECTION ( 'NONE',  ( 0.000000000000000000, 0.000000000000000000, 1.000000000000000000 ) ) ;
#882 = VECTOR ( 'NONE', #1819, 1000.000000000000000 ) ;
#883 = VECTOR ( 'NONE', #2785, 1000.000000000000000 ) ;
#884 = DIRECTION ( 'NONE',  ( 0.000000000000000000, -1.000000000000000000, -2.775557561563032853E-16 ) ) ;
#885 =( BOUNDED_CURVE ( )  B_SPLINE_CURVE ( 3, ( #1308, #3997, #2614, #2292 ),
 .UNSPECIFIED., .F., .T. ) 
 B_SPLINE_CURVE_WITH_KNOTS ( ( 4, 4 ),
 ( 5.437455678617205024, 5.451881468827075139 ),
 .UNSPECIFIED. ) 
 CURVE ( )  GEOMETRIC_REPRESENTATION_ITEM ( )  RATIONAL_B_SPLINE_CURVE ( ( 1.000000000000000000, 0.9999826581232540423, 0.9999826581232540423, 1.000000000000000000 ) ) 
 REPRESENTATION_ITEM ( '' )  );
#886 = ORIENTED_EDGE ( 'NONE', *, *, #1528, .T. ) ;
#887 = CARTESIAN_POINT ( 'NONE',  ( -10255.33188238365256, 814.9999999999974989, -769.9999999999959073 ) ) ;
#888 = LINE ( 'NONE', #1858, #1048 ) ;
#889 = FACE_OUTER_BOUND ( 'NONE', #3591, .T. ) ;
#890 = ORIENTED_EDGE ( 'NONE', *, *, #3714, .T. ) ;
#891 = VECTOR ( 'NONE', #2008, 1000.000000000000000 ) ;
#892 = EDGE_CURVE ( 'NONE', #2612, #124, #586, .T. ) ;
#893 = CARTESIAN_POINT ( 'NONE',  ( -14119.99999999999818, 1077.499998843224375, -517.7941176470588971 ) ) ;
#894 = AXIS2_PLACEMENT_3D ( 'NONE', #4066, #1159, #1439 ) ;
#895 = DIRECTION ( 'NONE',  ( -1.000000000000000000, 0.000000000000000000, 0.000000000000000000 ) ) ;
#896 = VERTEX_POINT ( 'NONE', #2918 ) ;
#897 = DIRECTION ( 'NONE',  ( 0.000000000000000000, 2.775557561563032853E-16, -1.000000000000000000 ) ) ;
#898 = ADVANCED_FACE ( 'NONE', ( #2225 ), #250, .F. ) ;
#899 = LINE ( 'NONE', #3258, #2454 ) ;
#900 = CARTESIAN_POINT ( 'NONE',  ( -1950.000000000000682, -899.9999999999998863, -910.0000000000001137 ) ) ;
#901 = CARTESIAN_POINT ( 'NONE',  ( -12100.00000000000182, 679.9999999999977263, -459.9999999999979536 ) ) ;
#902 = ADVANCED_FACE ( 'NONE', ( #3906 ), #3295, .F. ) ;
#903 = CARTESIAN_POINT ( 'NONE',  ( -1950.000000000000682, -1189.999999999998408, -960.0000000000002274 ) ) ;
#904 = ORIENTED_EDGE ( 'NONE', *, *, #3169, .T. ) ;
#905 = VECTOR ( 'NONE', #1967, 1000.000000000000000 ) ;
#906 = CARTESIAN_POINT ( 'NONE',  ( -2350.000000000000455, -800.0000000000000000, -910.0000000000001137 ) ) ;
#907 = VERTEX_POINT ( 'NONE', #1965 ) ;
#908 = AXIS2_PLACEMENT_3D ( 'NONE', #3717, #1857, #3060 ) ;
#909 = AXIS2_PLACEMENT_3D ( 'NONE', #1900, #1835, #3574 ) ;
#910 = ORIENTED_EDGE ( 'NONE', *, *, #144, .F. ) ;
#911 = CARTESIAN_POINT ( 'NONE',  ( -13899.99999999999818, -814.9999999999972715, -909.9999999999987494 ) ) ;
#912 = EDGE_CURVE ( 'NONE', #4062, #3693, #1665, .T. ) ;
#913 = DIRECTION ( 'NONE',  ( 1.000000000000000000, 0.000000000000000000, 0.000000000000000000 ) ) ;
#914 = ORIENTED_EDGE ( 'NONE', *, *, #1723, .F. ) ;
#915 = ORIENTED_EDGE ( 'NONE', *, *, #25, .T. ) ;
#916 = EDGE_CURVE ( 'NONE', #1331, #794, #3579, .T. ) ;
#917 = DIRECTION ( 'NONE',  ( 0.000000000000000000, -1.000000000000000000, -2.249385511977649118E-16 ) ) ;
#918 = EDGE_LOOP ( 'NONE', ( #3227, #2944, #3929, #2303 ) ) ;
#919 = CARTESIAN_POINT ( 'NONE',  ( -14175.00000000000000, 989.9999999999979536, -960.0000000000002274 ) ) ;
#920 = ORIENTED_EDGE ( 'NONE', *, *, #2258, .F. ) ;
#921 = CARTESIAN_POINT ( 'NONE',  ( -12225.00000000000182, -1189.999999999998408, -960.0000000000002274 ) ) ;
#922 = DIRECTION ( 'NONE',  ( 0.000000000000000000, 0.000000000000000000, -1.000000000000000000 ) ) ;
#923 = EDGE_CURVE ( 'NONE', #784, #3904, #649, .T. ) ;
#924 = DIRECTION ( 'NONE',  ( 0.000000000000000000, -1.000000000000000000, 0.000000000000000000 ) ) ;
#925 = ORIENTED_EDGE ( 'NONE', *, *, #4223, .F. ) ;
#926 = ORIENTED_EDGE ( 'NONE', *, *, #4154, .F. ) ;
#927 = CARTESIAN_POINT ( 'NONE',  ( -5576.316527040903566, 989.9999999999981810, -660.0000000000007958 ) ) ;
#928 = CARTESIAN_POINT ( 'NONE',  ( 616.7948635501689978, 795.0000000000001137, -1060.000000000000000 ) ) ;
#929 =( LENGTH_UNIT ( ) NAMED_UNIT ( * ) SI_UNIT ( .MILLI., .METRE. ) );
#930 = LINE ( 'NONE', #521, #1142 ) ;
#931 = ORIENTED_EDGE ( 'NONE', *, *, #2709, .F. ) ;
#932 = AXIS2_PLACEMENT_3D ( 'NONE', #385, #3408, #807 ) ;
#933 = CIRCLE ( 'NONE', #3631, 79.99999999999995737 ) ;
#934 = VERTEX_POINT ( 'NONE', #3619 ) ;
#935 = DIRECTION ( 'NONE',  ( -0.000000000000000000, -1.000000000000000000, -0.000000000000000000 ) ) ;
#936 = CIRCLE ( 'NONE', #1828, 79.99999999999995737 ) ;
#937 = DIRECTION ( 'NONE',  ( 0.000000000000000000, 1.000000000000000000, 2.775557561563032853E-16 ) ) ;
#938 = ORIENTED_EDGE ( 'NONE', *, *, #3016, .F. ) ;
#939 = ORIENTED_EDGE ( 'NONE', *, *, #3267, .T. ) ;
#940 = EDGE_CURVE ( 'NONE', #1431, #2736, #1602, .T. ) ;
#941 = FACE_OUTER_BOUND ( 'NONE', #3786, .T. ) ;
#942 = VERTEX_POINT ( 'NONE', #1621 ) ;
#943 = AXIS2_PLACEMENT_3D ( 'NONE', #595, #2233, #4232 ) ;
#944 = EDGE_CURVE ( 'NONE', #564, #1221, #2942, .T. ) ;
#945 = CARTESIAN_POINT ( 'NONE',  ( -14588.56810139493791, -877.4999988432243754, -589.9999999999970441 ) ) ;
#946 = VECTOR ( 'NONE', #1679, 1000.000000000000000 ) ;
#947 = FACE_BOUND ( 'NONE', #3176, .T. ) ;
#948 = DIRECTION ( 'NONE',  ( 0.000000000000000000, 2.775557561563032853E-16, -1.000000000000000000 ) ) ;
#949 = VERTEX_POINT ( 'NONE', #1299 ) ;
#950 = EDGE_LOOP ( 'NONE', ( #990, #1155, #1958, #489 ) ) ;
#951 = AXIS2_PLACEMENT_3D ( 'NONE', #200, #2469, #2453 ) ;
#952 = CARTESIAN_POINT ( 'NONE',  ( -12500.00000000000182, -1950.712458671873037, -306.2059048389992313 ) ) ;
#953 = ORIENTED_EDGE ( 'NONE', *, *, #356, .T. ) ;
#954 = ORIENTED_EDGE ( 'NONE', *, *, #3354, .T. ) ;
#955 = EDGE_CURVE ( 'NONE', #794, #1514, #671, .T. ) ;
#956 = CARTESIAN_POINT ( 'NONE',  ( -2825.068018844486687, -1189.999999999999091, -960.0000000000002274 ) ) ;
#957 = FACE_OUTER_BOUND ( 'NONE', #3720, .T. ) ;
#958 = ADVANCED_FACE ( 'NONE', ( #1319 ), #2631, .F. ) ;
#959 = ORIENTED_EDGE ( 'NONE', *, *, #966, .T. ) ;
#960 = LINE ( 'NONE', #2251, #1205 ) ;
#961 = ORIENTED_EDGE ( 'NONE', *, *, #3251, .F. ) ;
#962 = DIRECTION ( 'NONE',  ( 0.000000000000000000, 0.000000000000000000, 1.000000000000000000 ) ) ;
#963 = VECTOR ( 'NONE', #3133, 1000.000000000000000 ) ;
#964 = DIRECTION ( 'NONE',  ( 0.000000000000000000, 1.000000000000000000, 2.775557561563032853E-16 ) ) ;
#965 = CARTESIAN_POINT ( 'NONE',  ( -12100.00000000000182, 814.9999999999972715, -459.9999999999978968 ) ) ;
#966 = EDGE_CURVE ( 'NONE', #77, #2604, #3319, .T. ) ;
#967 = CARTESIAN_POINT ( 'NONE',  ( -13499.99999999999818, -1077.499998843224603, -306.2059048389992313 ) ) ;
#968 = CIRCLE ( 'NONE', #2897, 277.7941176470602045 ) ;
#969 = ORIENTED_EDGE ( 'NONE', *, *, #525, .F. ) ;
#970 = PLANE ( 'NONE',  #2623 ) ;
#971 = EDGE_LOOP ( 'NONE', ( #3802, #216 ) ) ;
#972 = CARTESIAN_POINT ( 'NONE',  ( -4534.427461039362242, 1189.999999999998408, -751.1534819267454850 ) ) ;
#973 = EDGE_CURVE ( 'NONE', #3350, #1620, #1712, .T. ) ;
#974 = CARTESIAN_POINT ( 'NONE',  ( -2350.000000000000455, 1189.999999999998408, -960.0000000000002274 ) ) ;
#975 = ORIENTED_EDGE ( 'NONE', *, *, #2312, .T. ) ;
#976 = ORIENTED_EDGE ( 'NONE', *, *, #2168, .T. ) ;
#977 = DIRECTION ( 'NONE',  ( 1.000000000000000000, 0.000000000000000000, 0.000000000000000000 ) ) ;
#978 = DIRECTION ( 'NONE',  ( -2.193033135062037489E-16, 1.000000000000000000, 0.000000000000000000 ) ) ;
#979 = ORIENTED_EDGE ( 'NONE', *, *, #1534, .T. ) ;
#980 = EDGE_CURVE ( 'NONE', #3950, #1367, #1479, .T. ) ;
#981 = CYLINDRICAL_SURFACE ( 'NONE', #2535, 199.9999999999999432 ) ;
#982 = FACE_OUTER_BOUND ( 'NONE', #2523, .T. ) ;
#983 = ORIENTED_EDGE ( 'NONE', *, *, #818, .T. ) ;
#984 = ORIENTED_EDGE ( 'NONE', *, *, #1682, .F. ) ;
#985 = CARTESIAN_POINT ( 'NONE',  ( -162.2440211999303301, 1189.999999999998408, 920.1315677728725859 ) ) ;
#986 = LINE ( 'NONE', #2340, #1654 ) ;
#987 = CARTESIAN_POINT ( 'NONE',  ( -13680.00000000000000, -1077.499998843224375, -517.7941176470594655 ) ) ;
#988 = DIRECTION ( 'NONE',  ( 3.912072321290969353E-16, 2.775557561563032853E-16, -1.000000000000000000 ) ) ;
#989 = DIRECTION ( 'NONE',  ( 1.000000000000000000, 0.000000000000000000, 0.000000000000000000 ) ) ;
#990 = ORIENTED_EDGE ( 'NONE', *, *, #1503, .T. ) ;
#991 = EDGE_CURVE ( 'NONE', #1510, #1014, #1059, .T. ) ;
#992 = FACE_OUTER_BOUND ( 'NONE', #2259, .T. ) ;
#993 = DIRECTION ( 'NONE',  ( 0.000000000000000000, 0.1402661271484180183, -0.9901138386947149206 ) ) ;
#994 = CARTESIAN_POINT ( 'NONE',  ( 0.000000000000000000, 0.000000000000000000, 0.000000000000000000 ) ) ;
#995 = DIRECTION ( 'NONE',  ( -1.000000000000000000, 0.000000000000000000, 0.000000000000000000 ) ) ;
#996 = EDGE_LOOP ( 'NONE', ( #3079, #2968 ) ) ;
#997 = ORIENTED_EDGE ( 'NONE', *, *, #4223, .T. ) ;
#998 = ADVANCED_FACE ( 'NONE', ( #3758 ), #1041, .T. ) ;
#999 = DIRECTION ( 'NONE',  ( 0.000000000000000000, 0.9950481186486286322, 0.09939437395458934621 ) ) ;
#1000 = DIRECTION ( 'NONE',  ( -1.000000000000000000, -0.000000000000000000, -0.000000000000000000 ) ) ;
#1001 = AXIS2_PLACEMENT_3D ( 'NONE', #1984, #3292, #3316 ) ;
#1002 = CIRCLE ( 'NONE', #3437, 460.0000000000001137 ) ;
#1003 = VECTOR ( 'NONE', #304, 1000.000000000000000 ) ;
#1004 = CARTESIAN_POINT ( 'NONE',  ( -10308.04291515397745, 1189.999999999998408, -868.8465180732550834 ) ) ;
#1005 = PLANE ( 'NONE',  #3975 ) ;
#1006 = ORIENTED_EDGE ( 'NONE', *, *, #2898, .F. ) ;
#1007 = AXIS2_PLACEMENT_3D ( 'NONE', #3337, #361, #1441 ) ;
#1008 = ORIENTED_EDGE ( 'NONE', *, *, #274, .T. ) ;
#1009 = LINE ( 'NONE', #2317, #1225 ) ;
#1010 = CARTESIAN_POINT ( 'NONE',  ( -14791.79486355016888, 875.0000000000000000, -1060.000000000000000 ) ) ;
#1011 = LINE ( 'NONE', #3262, #1619 ) ;
#1012 = AXIS2_PLACEMENT_3D ( 'NONE', #3177, #4167, #199 ) ;
#1013 = DIRECTION ( 'NONE',  ( 0.000000000000000000, -1.000000000000000000, 0.000000000000000000 ) ) ;
#1014 = VERTEX_POINT ( 'NONE', #1757 ) ;
#1015 = CARTESIAN_POINT ( 'NONE',  ( -13560.14709064066847, -729.4021522441533989, -769.9999999999963620 ) ) ;
#1016 = ORIENTED_EDGE ( 'NONE', *, *, #1262, .F. ) ;
#1017 = LINE ( 'NONE', #1338, #2564 ) ;
#1018 = LINE ( 'NONE', #4265, #631 ) ;
#1019 = ORIENTED_EDGE ( 'NONE', *, *, #3209, .F. ) ;
#1020 = ORIENTED_EDGE ( 'NONE', *, *, #3734, .T. ) ;
#1021 = EDGE_CURVE ( 'NONE', #3108, #1081, #3032, .T. ) ;
#1022 = CARTESIAN_POINT ( 'NONE',  ( -13680.00000000000000, -1950.712458671873037, -239.9999999999987779 ) ) ;
#1023 = LINE ( 'NONE', #3102, #3980 ) ;
#1024 = EDGE_CURVE ( 'NONE', #2804, #2586, #1428, .T. ) ;
#1025 = CARTESIAN_POINT ( 'NONE',  ( 620.0000000000000000, -875.0000000000001137, -1060.000000000000000 ) ) ;
#1026 = LINE ( 'NONE', #2663, #1241 ) ;
#1027 = DIRECTION ( 'NONE',  ( 0.000000000000000000, 1.000000000000000000, 2.775557561563032853E-16 ) ) ;
#1028 = CARTESIAN_POINT ( 'NONE',  ( -12225.00000000000182, 1189.999999999998408, -960.0000000000002274 ) ) ;
#1029 = EDGE_CURVE ( 'NONE', #135, #2374, #1017, .T. ) ;
#1030 = CARTESIAN_POINT ( 'NONE',  ( -14299.99999999999818, -1077.499998843224375, -589.9999999999971578 ) ) ;
#1031 = VECTOR ( 'NONE', #3464, 1000.000000000000000 ) ;
#1032 = ORIENTED_EDGE ( 'NONE', *, *, #3069, .T. ) ;
#1033 = ADVANCED_FACE ( 'NONE', ( #3684 ), #785, .T. ) ;
#1034 = CARTESIAN_POINT ( 'NONE',  ( -13899.99999999999818, -814.9999999999974989, -459.9999999999983515 ) ) ;
#1035 = DIRECTION ( 'NONE',  ( 0.000000000000000000, 0.000000000000000000, 1.000000000000000000 ) ) ;
#1036 = CARTESIAN_POINT ( 'NONE',  ( -12541.24822945820415, -732.4719190560189190, -589.9999999999970441 ) ) ;
#1037 = CIRCLE ( 'NONE', #2339, 460.0000000000001137 ) ;
#1038 = CARTESIAN_POINT ( 'NONE',  ( -11658.75177054179585, -814.9999999999974989, -589.9999999999970441 ) ) ;
#1039 = ORIENTED_EDGE ( 'NONE', *, *, #1483, .F. ) ;
#1040 = ORIENTED_EDGE ( 'NONE', *, *, #1749, .T. ) ;
#1041 = CYLINDRICAL_SURFACE ( 'NONE', #153, 460.0000000000000568 ) ;
#1042 = DIRECTION ( 'NONE',  ( 0.000000000000000000, -1.000000000000000000, 0.000000000000000000 ) ) ;
#1043 = ORIENTED_EDGE ( 'NONE', *, *, #2544, .T. ) ;
#1044 = EDGE_CURVE ( 'NONE', #1367, #3520, #1734, .T. ) ;
#1045 = CIRCLE ( 'NONE', #140, 6000.000000000000000 ) ;
#1046 = DIRECTION ( 'NONE',  ( 1.000000000000000000, 0.000000000000000000, 0.000000000000000000 ) ) ;
#1047 =( BOUNDED_CURVE ( )  B_SPLINE_CURVE ( 3, ( #844, #3875, #160, #2492 ),
 .UNSPECIFIED., .F., .T. ) 
 B_SPLINE_CURVE_WITH_KNOTS ( ( 4, 4 ),
 ( 4.948096640255991829, 4.998901561966746954 ),
 .UNSPECIFIED. ) 
 CURVE ( )  GEOMETRIC_REPRESENTATION_ITEM ( )  RATIONAL_B_SPLINE_CURVE ( ( 1.000000000000000000, 0.9997849165603801547, 0.9997849165603801547, 1.000000000000000000 ) ) 
 REPRESENTATION_ITEM ( '' )  );
#1048 = VECTOR ( 'NONE', #2580, 1000.000000000000000 ) ;
#1049 = CARTESIAN_POINT ( 'NONE',  ( -13000.00000000000000, 172.2649730022416747, -825.0000000000000000 ) ) ;
#1050 = ADVANCED_FACE ( 'NONE', ( #3055 ), #3367, .T. ) ;
#1051 = DIRECTION ( 'NONE',  ( 0.000000000000000000, 0.9185881544472646043, 0.3952161465694035702 ) ) ;
#1052 = DIRECTION ( 'NONE',  ( 1.000000000000000000, 0.000000000000000000, 0.000000000000000000 ) ) ;
#1053 = DIRECTION ( 'NONE',  ( 1.000000000000000000, -0.000000000000000000, -0.000000000000000000 ) ) ;
#1054 = ORIENTED_EDGE ( 'NONE', *, *, #1801, .T. ) ;
#1055 = DIRECTION ( 'NONE',  ( 0.9848077530122093526, 0.000000000000000000, 0.1736481776669235033 ) ) ;
#1056 = CARTESIAN_POINT ( 'NONE',  ( -14299.99999999999818, -814.9999999999974989, -589.9999999999970441 ) ) ;
#1057 = EDGE_LOOP ( 'NONE', ( #1717, #3542, #715, #1662, #2248, #2265, #185, #451, #3053, #4197, #4259, #938, #3404, #3988, #3516, #1580 ) ) ;
#1058 = VERTEX_POINT ( 'NONE', #2077 ) ;
#1059 = CIRCLE ( 'NONE', #4237, 1000.000000000000000 ) ;
#1060 = CIRCLE ( 'NONE', #4238, 79.99999999999995737 ) ;
#1061 = EDGE_CURVE ( 'NONE', #703, #158, #34, .T. ) ;
#1062 = CARTESIAN_POINT ( 'NONE',  ( -11880.00000000000182, 1077.499998843224148, -239.9999999999978684 ) ) ;
#1063 = DIRECTION ( 'NONE',  ( 1.000000000000000000, -0.000000000000000000, 0.000000000000000000 ) ) ;
#1064 = ORIENTED_EDGE ( 'NONE', *, *, #2579, .F. ) ;
#1065 = ORIENTED_EDGE ( 'NONE', *, *, #3087, .T. ) ;
#1066 = DIRECTION ( 'NONE',  ( 0.000000000000000000, 1.000000000000000000, 3.301729611148416588E-16 ) ) ;
#1067 = ORIENTED_EDGE ( 'NONE', *, *, #2752, .F. ) ;
#1068 = VECTOR ( 'NONE', #1449, 1000.000000000000000 ) ;
#1069 = VECTOR ( 'NONE', #1443, 1000.000000000000000 ) ;
#1070 = CARTESIAN_POINT ( 'NONE',  ( -10255.33188238365256, 732.4719190560189190, -589.9999999999965894 ) ) ;
#1071 = DIRECTION ( 'NONE',  ( 0.000000000000000000, 1.000000000000000000, 2.775557561563032853E-16 ) ) ;
#1072 = AXIS2_PLACEMENT_3D ( 'NONE', #3892, #1035, #735 ) ;
#1073 = CARTESIAN_POINT ( 'NONE',  ( -11411.43189860506209, 1077.499998843224375, -589.9999999999964757 ) ) ;
#1074 = EDGE_CURVE ( 'NONE', #3953, #4241, #4034, .T. ) ;
#1075 = ORIENTED_EDGE ( 'NONE', *, *, #2953, .T. ) ;
#1076 = ORIENTED_EDGE ( 'NONE', *, *, #3132, .T. ) ;
#1077 = CARTESIAN_POINT ( 'NONE',  ( -12100.00000000000182, -814.9999999999974989, -459.9999999999983515 ) ) ;
#1078 = CARTESIAN_POINT ( 'NONE',  ( -162.2440211999303301, 1189.999999999998408, 920.1315677728725859 ) ) ;
#1079 = CARTESIAN_POINT ( 'NONE',  ( -11880.00000000000182, 1950.712458671872582, -239.9999999999976694 ) ) ;
#1080 = CARTESIAN_POINT ( 'NONE',  ( -12225.00000000000182, -1190.000000000001137, -960.0000000000002274 ) ) ;
#1081 = VERTEX_POINT ( 'NONE', #3735 ) ;
#1082 = ORIENTED_EDGE ( 'NONE', *, *, #603, .F. ) ;
#1083 = DIRECTION ( 'NONE',  ( 0.000000000000000000, 0.000000000000000000, 1.000000000000000000 ) ) ;
#1084 = CARTESIAN_POINT ( 'NONE',  ( -5576.316527040903566, -989.9999999999996589, -660.0000000000007958 ) ) ;
#1085 = ORIENTED_EDGE ( 'NONE', *, *, #3962, .T. ) ;
#1086 = ORIENTED_EDGE ( 'NONE', *, *, #2250, .F. ) ;
#1087 = EDGE_CURVE ( 'NONE', #1625, #1985, #390, .T. ) ;
#1088 = CARTESIAN_POINT ( 'NONE',  ( -11700.00000000000182, 1950.712458671872582, -306.2059048389979239 ) ) ;
#1089 = DIRECTION ( 'NONE',  ( 1.000000000000000000, -0.000000000000000000, 0.000000000000000000 ) ) ;
#1090 = EDGE_LOOP ( 'NONE', ( #3031, #2521, #3426, #3940, #2473 ) ) ;
#1091 = CARTESIAN_POINT ( 'NONE',  ( -14341.24822945820415, -1054.999999999997499, -589.9999999999971578 ) ) ;
#1092 = FACE_OUTER_BOUND ( 'NONE', #724, .T. ) ;
#1093 = CARTESIAN_POINT ( 'NONE',  ( -3866.957084846028920, 1189.999999999998408, -868.8465180732545150 ) ) ;
#1094 = EDGE_CURVE ( 'NONE', #1301, #2055, #2167, .T. ) ;
#1095 = VECTOR ( 'NONE', #1412, 1000.000000000000000 ) ;
#1096 = ORIENTED_EDGE ( 'NONE', *, *, #1415, .T. ) ;
#1097 = ORIENTED_EDGE ( 'NONE', *, *, #2886, .F. ) ;
#1098 = EDGE_CURVE ( 'NONE', #344, #36, #2990, .T. ) ;
#1099 = DIRECTION ( 'NONE',  ( 0.000000000000000000, -2.413528314402513597E-16, 1.000000000000000000 ) ) ;
#1100 = DIRECTION ( 'NONE',  ( 0.000000000000000000, 0.000000000000000000, 1.000000000000000000 ) ) ;
#1101 = DIRECTION ( 'NONE',  ( 0.000000000000000000, -1.000000000000000000, 0.000000000000000000 ) ) ;
#1102 = DIRECTION ( 'NONE',  ( -2.193033135062037489E-16, 1.000000000000000000, 0.000000000000000000 ) ) ;
#1103 = VERTEX_POINT ( 'NONE', #1363 ) ;
#1104 = ORIENTED_EDGE ( 'NONE', *, *, #3374, .T. ) ;
#1105 = AXIS2_PLACEMENT_3D ( 'NONE', #2947, #3623, #3690 ) ;
#1106 = EDGE_CURVE ( 'NONE', #3775, #3415, #2655, .T. ) ;
#1107 = DIRECTION ( 'NONE',  ( 3.132904478660053556E-17, -1.000000000000000000, 0.000000000000000000 ) ) ;
#1108 =( NAMED_UNIT ( * ) PLANE_ANGLE_UNIT ( ) SI_UNIT ( $, .RADIAN. ) );
#1109 = DIRECTION ( 'NONE',  ( -1.908428413691174465E-16, 0.000000000000000000, -1.000000000000000000 ) ) ;
#1110 = ORIENTED_EDGE ( 'NONE', *, *, #578, .T. ) ;
#1111 = EDGE_LOOP ( 'NONE', ( #3657, #2204, #2337, #4153, #2900, #1469, #2163 ) ) ;
#1112 = CARTESIAN_POINT ( 'NONE',  ( -11880.00000000000182, -1077.499998843224603, -239.9999999999985505 ) ) ;
#1113 = EDGE_LOOP ( 'NONE', ( #2940, #1800, #3804, #670 ) ) ;
#1114 = ORIENTED_EDGE ( 'NONE', *, *, #1087, .T. ) ;
#1115 = DIRECTION ( 'NONE',  ( -1.000000000000000000, -0.000000000000000000, 0.000000000000000000 ) ) ;
#1116 = AXIS2_PLACEMENT_3D ( 'NONE', #3784, #2128, #483 ) ;
#1117 = CARTESIAN_POINT ( 'NONE',  ( -11658.75177054179585, 1054.999999999997499, -589.9999999999964757 ) ) ;
#1118 = DIRECTION ( 'NONE',  ( 1.000000000000000000, 0.000000000000000000, 0.000000000000000000 ) ) ;
#1119 = DIRECTION ( 'NONE',  ( 0.000000000000000000, -1.000000000000000000, -2.775557561563032853E-16 ) ) ;
#1120 = CIRCLE ( 'NONE', #3479, 6000.000000000000000 ) ;
#1121 = ORIENTED_EDGE ( 'NONE', *, *, #1194, .T. ) ;
#1122 = ORIENTED_EDGE ( 'NONE', *, *, #3003, .T. ) ;
#1123 = CARTESIAN_POINT ( 'NONE',  ( -14175.00000000000000, -875.0000000000000000, -1060.000000000000000 ) ) ;
#1124 = FACE_OUTER_BOUND ( 'NONE', #319, .T. ) ;
#1125 = CARTESIAN_POINT ( 'NONE',  ( -14239.85290935932790, -814.9999999999972715, -769.9999999999963620 ) ) ;
#1126 = CARTESIAN_POINT ( 'NONE',  ( -10255.33188238365256, 814.9999999999972715, -589.9999999999965894 ) ) ;
#1127 = ORIENTED_EDGE ( 'NONE', *, *, #1668, .T. ) ;
#1128 = EDGE_CURVE ( 'NONE', #2438, #3238, #8, .T. ) ;
#1129 = EDGE_LOOP ( 'NONE', ( #2182, #3596, #549, #3293 ) ) ;
#1130 = LINE ( 'NONE', #2440, #3866 ) ;
#1131 = CARTESIAN_POINT ( 'NONE',  ( -11825.00000000000182, 1189.999999999998408, -960.0000000000002274 ) ) ;
#1132 = ORIENTED_EDGE ( 'NONE', *, *, #1375, .F. ) ;
#1133 = EDGE_CURVE ( 'NONE', #1317, #621, #2403, .T. ) ;
#1134 = CARTESIAN_POINT ( 'NONE',  ( -3866.957084846028920, 1189.999999999998408, -868.8465180732545150 ) ) ;
#1135 = FACE_OUTER_BOUND ( 'NONE', #333, .T. ) ;
#1136 = ORIENTED_EDGE ( 'NONE', *, *, #1939, .T. ) ;
#1137 = CARTESIAN_POINT ( 'NONE',  ( -13899.99999999999818, -679.9999999999977263, -909.9999999999982947 ) ) ;
#1138 = CARTESIAN_POINT ( 'NONE',  ( -14347.28068913207608, 679.9999999999977263, -567.4243228023077563 ) ) ;
#1139 = CARTESIAN_POINT ( 'NONE',  ( -13458.75177054179585, -732.4719190560189190, -589.9999999999970441 ) ) ;
#1140 = DIRECTION ( 'NONE',  ( 0.000000000000000000, 0.000000000000000000, 1.000000000000000000 ) ) ;
#1141 = DIRECTION ( 'NONE',  ( 1.000000000000000000, 0.000000000000000000, -0.000000000000000000 ) ) ;
#1142 = VECTOR ( 'NONE', #3225, 1000.000000000000000 ) ;
#1143 = EDGE_CURVE ( 'NONE', #242, #2432, #754, .T. ) ;
#1144 = ORIENTED_EDGE ( 'NONE', *, *, #3910, .T. ) ;
#1145 = EDGE_LOOP ( 'NONE', ( #3504, #2934, #2030 ) ) ;
#1146 = CIRCLE ( 'NONE', #1765, 460.0000000000001137 ) ;
#1147 = VECTOR ( 'NONE', #2133, 1000.000000000000000 ) ;
#1148 = PLANE ( 'NONE',  #951 ) ;
#1149 = ADVANCED_FACE ( 'NONE', ( #478 ), #1516, .T. ) ;
#1150 = DIRECTION ( 'NONE',  ( 0.000000000000000000, -2.413528314402514090E-16, 1.000000000000000000 ) ) ;
#1151 = ORIENTED_EDGE ( 'NONE', *, *, #795, .F. ) ;
#1152 = DIRECTION ( 'NONE',  ( 0.000000000000000000, 1.000000000000000000, 2.775557561563032853E-16 ) ) ;
#1153 = CARTESIAN_POINT ( 'NONE',  ( -14388.56810139493609, -1077.499998843224375, -769.9999999999964757 ) ) ;
#1154 = DIRECTION ( 'NONE',  ( 0.000000000000000000, 1.000000000000000000, 3.301729611148416588E-16 ) ) ;
#1155 = ORIENTED_EDGE ( 'NONE', *, *, #3218, .F. ) ;
#1156 = EDGE_CURVE ( 'NONE', #726, #112, #3856, .T. ) ;
#1157 = CARTESIAN_POINT ( 'NONE',  ( -14175.00000000000000, 875.0000000000000000, -1140.000000000000227 ) ) ;
#1158 = CARTESIAN_POINT ( 'NONE',  ( -10255.33188238365256, 4.163336342343552110E-15, -725.0000000000051159 ) ) ;
#1159 = DIRECTION ( 'NONE',  ( -0.000000000000000000, -1.000000000000000000, -2.775557561563032853E-16 ) ) ;
#1160 = CARTESIAN_POINT ( 'NONE',  ( -13899.99999999999818, -679.9999999999977263, -909.9999999999982947 ) ) ;
#1161 = CARTESIAN_POINT ( 'NONE',  ( 616.7948635501689978, -875.0000000000000000, -1060.000000000000000 ) ) ;
#1162 = VERTEX_POINT ( 'NONE', #1169 ) ;
#1163 =( BOUNDED_CURVE ( )  B_SPLINE_CURVE ( 3, ( #2721, #76, #3777, #850 ),
 .UNSPECIFIED., .F., .T. ) 
 B_SPLINE_CURVE_WITH_KNOTS ( ( 4, 4 ),
 ( 1.284283745212837724, 1.335088666923594625 ),
 .UNSPECIFIED. ) 
 CURVE ( )  GEOMETRIC_REPRESENTATION_ITEM ( )  RATIONAL_B_SPLINE_CURVE ( ( 1.000000000000000000, 0.9997849165603801547, 0.9997849165603801547, 1.000000000000000000 ) ) 
 REPRESENTATION_ITEM ( '' )  );
#1164 = VERTEX_POINT ( 'NONE', #4119 ) ;
#1165 = EDGE_CURVE ( 'NONE', #1164, #1578, #1453, .T. ) ;
#1166 = CARTESIAN_POINT ( 'NONE',  ( -13899.99999999999818, 814.9999999999974989, -909.9999999999982947 ) ) ;
#1167 = DIRECTION ( 'NONE',  ( 0.000000000000000000, 0.000000000000000000, 1.000000000000000000 ) ) ;
#1168 = ORIENTED_EDGE ( 'NONE', *, *, #3576, .T. ) ;
#1169 = CARTESIAN_POINT ( 'NONE',  ( -11611.43189860506391, 1077.499998843224375, -769.9999999999957936 ) ) ;
#1170 = CARTESIAN_POINT ( 'NONE',  ( -1950.000000000000682, 800.0000000000000000, -910.0000000000001137 ) ) ;
#1171 = CARTESIAN_POINT ( 'NONE',  ( -11755.71061244390148, 679.9999999999977263, -765.0652677973101845 ) ) ;
#1172 = ORIENTED_EDGE ( 'NONE', *, *, #1513, .F. ) ;
#1173 = CIRCLE ( 'NONE', #1992, 460.0000000000001137 ) ;
#1174 = AXIS2_PLACEMENT_3D ( 'NONE', #2436, #806, #1447 ) ;
#1175 = DIRECTION ( 'NONE',  ( 0.000000000000000000, 1.000000000000000000, 2.775557561563032853E-16 ) ) ;
#1176 = AXIS2_PLACEMENT_3D ( 'NONE', #4190, #2824, #3814 ) ;
#1177 = ADVANCED_FACE ( 'NONE', ( #121 ), #868, .T. ) ;
#1178 = LINE ( 'NONE', #854, #2669 ) ;
#1179 = CARTESIAN_POINT ( 'NONE',  ( -10255.33188238365256, -679.9999999999979536, -567.4243228023079837 ) ) ;
#1180 = CARTESIAN_POINT ( 'NONE',  ( -13454.53873465198922, -697.6074941491500567, -574.9998243529007595 ) ) ;
#1181 =( NAMED_UNIT ( * ) PLANE_ANGLE_UNIT ( ) SI_UNIT ( $, .RADIAN. ) );
#1182 = LINE ( 'NONE', #1845, #2178 ) ;
#1183 = EDGE_CURVE ( 'NONE', #812, #1620, #1130, .T. ) ;
#1184 = ORIENTED_EDGE ( 'NONE', *, *, #1420, .T. ) ;
#1185 = LINE ( 'NONE', #138, #3930 ) ;
#1186 = CARTESIAN_POINT ( 'NONE',  ( -12547.28068913207790, 679.9999999999977263, -567.4243228023077563 ) ) ;
#1187 = AXIS2_PLACEMENT_3D ( 'NONE', #1735, #2123, #1816 ) ;
#1188 = LINE ( 'NONE', #3221, #655 ) ;
#1189 = ORIENTED_EDGE ( 'NONE', *, *, #3896, .F. ) ;
#1190 = DIRECTION ( 'NONE',  ( 0.000000000000000000, 0.000000000000000000, 1.000000000000000000 ) ) ;
#1191 = DIRECTION ( 'NONE',  ( 0.000000000000000000, -1.000000000000000000, -0.000000000000000000 ) ) ;
#1192 = CARTESIAN_POINT ( 'NONE',  ( -11880.00000000000182, -814.9999999999974989, -239.9999999999984368 ) ) ;
#1193 = ORIENTED_EDGE ( 'NONE', *, *, #389, .T. ) ;
#1194 = EDGE_CURVE ( 'NONE', #3530, #169, #3776, .T. ) ;
#1195 = LINE ( 'NONE', #1579, #3478 ) ;
#1196 = LINE ( 'NONE', #3172, #2723 ) ;
#1197 = ORIENTED_EDGE ( 'NONE', *, *, #1401, .T. ) ;
#1198 = PLANE ( 'NONE',  #3083 ) ;
#1199 = CYLINDRICAL_SURFACE ( 'NONE', #3572, 277.7941176470602045 ) ;
#1200 = CARTESIAN_POINT ( 'NONE',  ( -14175.00000000000000, 1189.999999999997954, -960.0000000000002274 ) ) ;
#1201 = VECTOR ( 'NONE', #851, 1000.000000000000000 ) ;
#1202 = CARTESIAN_POINT ( 'NONE',  ( -12225.00000000000182, 899.9999999999998863, -910.0000000000001137 ) ) ;
#1203 = EDGE_CURVE ( 'NONE', #1780, #3530, #3312, .T. ) ;
#1204 = CARTESIAN_POINT ( 'NONE',  ( -14119.99999999999818, -814.9999999999974989, -239.9999999999984368 ) ) ;
#1205 = VECTOR ( 'NONE', #3303, 1000.000000000000114 ) ;
#1206 = ORIENTED_EDGE ( 'NONE', *, *, #3362, .T. ) ;
#1207 = VECTOR ( 'NONE', #2088, 1000.000000000000000 ) ;
#1208 = DIRECTION ( 'NONE',  ( -1.000000000000000000, 0.000000000000000000, 0.000000000000000000 ) ) ;
#1209 = CARTESIAN_POINT ( 'NONE',  ( -12541.24822945820415, 732.4719190560189190, -589.9999999999965894 ) ) ;
#1211 = ADVANCED_FACE ( 'NONE', ( #809 ), #540, .F. ) ;
#1210 = CARTESIAN_POINT ( 'NONE',  ( 0.000000000000000000, 0.000000000000000000, -960.0000000000002274 ) ) ;
#1212 = DIRECTION ( 'NONE',  ( 0.000000000000000000, -1.000000000000000000, 0.000000000000000000 ) ) ;
#1213 = ORIENTED_EDGE ( 'NONE', *, *, #245, .F. ) ;
#1214 = AXIS2_PLACEMENT_3D ( 'NONE', #4091, #757, #713 ) ;
#1215 = ORIENTED_EDGE ( 'NONE', *, *, #369, .T. ) ;
#1216 = CARTESIAN_POINT ( 'NONE',  ( -2825.068018844486232, -989.9999999999990905, -960.0000000000014779 ) ) ;
#1217 = EDGE_CURVE ( 'NONE', #3713, #3976, #1475, .T. ) ;
#1218 = CARTESIAN_POINT ( 'NONE',  ( -12500.00000000000182, 1950.712458671872582, -306.2059048389980944 ) ) ;
#1219 = ORIENTED_EDGE ( 'NONE', *, *, #3968, .T. ) ;
#1220 = DIRECTION ( 'NONE',  ( -0.000000000000000000, 2.775557561563032853E-16, -1.000000000000000000 ) ) ;
#1221 = VERTEX_POINT ( 'NONE', #4172 ) ;
#1222 = DIRECTION ( 'NONE',  ( 0.000000000000000000, -2.775557561563032853E-16, 1.000000000000000000 ) ) ;
#1223 = DIRECTION ( 'NONE',  ( 1.000000000000000000, 0.000000000000000000, -0.000000000000000000 ) ) ;
#1224 = FACE_OUTER_BOUND ( 'NONE', #3187, .T. ) ;
#1225 = VECTOR ( 'NONE', #1994, 1000.000000000000000 ) ;
#1226 = DIRECTION ( 'NONE',  ( -0.000000000000000000, -3.301729611148416588E-16, 1.000000000000000000 ) ) ;
#1227 = ORIENTED_EDGE ( 'NONE', *, *, #1790, .T. ) ;
#1228 = VERTEX_POINT ( 'NONE', #2122 ) ;
#1229 = EDGE_CURVE ( 'NONE', #3275, #3321, #498, .T. ) ;
#1230 = CARTESIAN_POINT ( 'NONE',  ( -10255.33188238365256, -1077.499998843224375, -589.9999999999971578 ) ) ;
#1231 = DIRECTION ( 'NONE',  ( -0.000000000000000000, -1.000000000000000000, -2.775557561563032853E-16 ) ) ;
#1232 = CARTESIAN_POINT ( 'NONE',  ( 0.000000000000000000, 0.000000000000000000, 0.000000000000000000 ) ) ;
#1233 = DIRECTION ( 'NONE',  ( 0.000000000000000000, -1.000000000000000000, -2.249385511977649118E-16 ) ) ;
#1234 = VERTEX_POINT ( 'NONE', #3493 ) ;
#1235 = VECTOR ( 'NONE', #1753, 1000.000000000000000 ) ;
#1236 = ORIENTED_EDGE ( 'NONE', *, *, #3209, .T. ) ;
#1237 = EDGE_CURVE ( 'NONE', #1340, #2432, #1060, .T. ) ;
#1238 = CARTESIAN_POINT ( 'NONE',  ( -11760.14709064067210, -1054.999999999997499, -769.9999999999964757 ) ) ;
#1239 = CARTESIAN_POINT ( 'NONE',  ( -14388.56810139493609, 877.4999988432243754, -755.0854464784847551 ) ) ;
#1240 = ORIENTED_EDGE ( 'NONE', *, *, #2015, .F. ) ;
#1241 = VECTOR ( 'NONE', #1699, 1000.000000000000000 ) ;
#1242 = EDGE_CURVE ( 'NONE', #739, #3603, #849, .T. ) ;
#1243 = AXIS2_PLACEMENT_3D ( 'NONE', #1669, #395, #2658 ) ;
#1244 = DIRECTION ( 'NONE',  ( 0.000000000000000000, -0.1699069165076472210, 0.9854601157443478865 ) ) ;
#1245 = ORIENTED_EDGE ( 'NONE', *, *, #3354, .F. ) ;
#1246 = DIRECTION ( 'NONE',  ( -1.000000000000000000, -2.193033135062037489E-16, 0.000000000000000000 ) ) ;
#1247 = VERTEX_POINT ( 'NONE', #3837 ) ;
#1248 = DIRECTION ( 'NONE',  ( 0.000000000000000000, 1.000000000000000000, 2.775557561563032853E-16 ) ) ;
#1249 = CARTESIAN_POINT ( 'NONE',  ( -13000.00000000000000, 4.163336342343557632E-15, -825.0000000000000000 ) ) ;
#1250 = CARTESIAN_POINT ( 'NONE',  ( -380.0000000000000000, -875.0000000000000000, -1060.000000000000000 ) ) ;
#1251 = ORIENTED_EDGE ( 'NONE', *, *, #137, .T. ) ;
#1252 = CIRCLE ( 'NONE', #1806, 6000.000000000000909 ) ;
#1253 = PLANE ( 'NONE',  #1952 ) ;
#1254 = DIRECTION ( 'NONE',  ( 0.000000000000000000, 0.000000000000000000, 1.000000000000000000 ) ) ;
#1255 = DIRECTION ( 'NONE',  ( 0.000000000000000000, 1.000000000000000000, 2.775557561563032853E-16 ) ) ;
#1256 = ORIENTED_EDGE ( 'NONE', *, *, #2879, .F. ) ;
#1257 = ADVANCED_FACE ( 'NONE', ( #3163 ), #2496, .T. ) ;
#1258 = CIRCLE ( 'NONE', #4096, 460.0000000000001137 ) ;
#1259 = DIRECTION ( 'NONE',  ( 0.000000000000000000, 1.000000000000000000, 2.249385511977649118E-16 ) ) ;
#1260 = DIRECTION ( 'NONE',  ( 1.000000000000000000, 0.000000000000000000, 0.000000000000000000 ) ) ;
#1261 = UNCERTAINTY_MEASURE_WITH_UNIT (LENGTH_MEASURE( 1.000000000000000082E-05 ), #3484, 'distance_accuracy_value', 'NONE');
#1262 = EDGE_CURVE ( 'NONE', #789, #368, #1535, .T. ) ;
#1263 = VECTOR ( 'NONE', #2541, 1000.000000000000000 ) ;
#1264 = ORIENTED_EDGE ( 'NONE', *, *, #3132, .F. ) ;
#1265 = VECTOR ( 'NONE', #1856, 1000.000000000000000 ) ;
#1266 = CARTESIAN_POINT ( 'NONE',  ( -10825.00000000000182, -1190.000000000000909, -960.0000000000002274 ) ) ;
#1267 = LINE ( 'NONE', #3917, #2761 ) ;
#1268 = FACE_OUTER_BOUND ( 'NONE', #277, .T. ) ;
#1269 = EDGE_CURVE ( 'NONE', #577, #789, #2243, .T. ) ;
#1270 = PRODUCT_DEFINITION_SHAPE ( 'NONE', 'NONE',  #4301 ) ;
#1271 = VERTEX_POINT ( 'NONE', #3289 ) ;
#1272 = VERTEX_POINT ( 'NONE', #243 ) ;
#1273 = DIRECTION ( 'NONE',  ( 3.912072321290969353E-16, 2.775557561563032853E-16, -1.000000000000000000 ) ) ;
#1274 = DIRECTION ( 'NONE',  ( 2.193033135062037489E-16, -1.000000000000000000, -0.000000000000000000 ) ) ;
#1275 = PLANE ( 'NONE',  #1824 ) ;
#1276 = VERTEX_POINT ( 'NONE', #285 ) ;
#1277 = VECTOR ( 'NONE', #3853, 1000.000000000000000 ) ;
#1278 = AXIS2_PLACEMENT_3D ( 'NONE', #1700, #1419, #3092 ) ;
#1279 = CIRCLE ( 'NONE', #872, 460.0000000000000000 ) ;
#1280 = LINE ( 'NONE', #2542, #4160 ) ;
#1281 = ORIENTED_EDGE ( 'NONE', *, *, #3257, .T. ) ;
#1282 = EDGE_CURVE ( 'NONE', #1162, #3742, #1294, .T. ) ;
#1283 = CARTESIAN_POINT ( 'NONE',  ( -13899.99999999999818, 814.9999999999972715, -459.9999999999978968 ) ) ;
#1284 = ORIENTED_EDGE ( 'NONE', *, *, #2421, .T. ) ;
#1285 = ORIENTED_EDGE ( 'NONE', *, *, #980, .T. ) ;
#1286 = AXIS2_PLACEMENT_3D ( 'NONE', #3873, #551, #2863 ) ;
#1287 = CARTESIAN_POINT ( 'NONE',  ( -11700.00000000000182, -814.9999999999974989, -589.9999999999970441 ) ) ;
#1288 = ADVANCED_FACE ( 'NONE', ( #2937 ), #4239, .F. ) ;
#1289 = DIRECTION ( 'NONE',  ( -0.000000000000000000, -0.9854601157443478865, -0.1699069165076472210 ) ) ;
#1290 = DIRECTION ( 'NONE',  ( -0.000000000000000000, -0.000000000000000000, -1.000000000000000000 ) ) ;
#1291 = ORIENTED_EDGE ( 'NONE', *, *, #4014, .T. ) ;
#1292 = VERTEX_POINT ( 'NONE', #2278 ) ;
#1293 = VECTOR ( 'NONE', #462, 1000.000000000000000 ) ;
#1294 = LINE ( 'NONE', #1616, #855 ) ;
#1295 = CARTESIAN_POINT ( 'NONE',  ( -10255.33188238365256, 1077.499998843224375, -769.9999999999957936 ) ) ;
#1296 =( LENGTH_UNIT ( ) NAMED_UNIT ( * ) SI_UNIT ( .MILLI., .METRE. ) );
#1297 = VERTEX_POINT ( 'NONE', #310 ) ;
#1298 = ORIENTED_EDGE ( 'NONE', *, *, #2946, .F. ) ;
#1299 = CARTESIAN_POINT ( 'NONE',  ( -11411.43189860506209, -877.4999988432243754, -769.9999999999963620 ) ) ;
#1300 = DIRECTION ( 'NONE',  ( -1.000000000000000000, -2.220446049250312834E-16, 0.000000000000000000 ) ) ;
#1301 = VERTEX_POINT ( 'NONE', #2869 ) ;
#1302 = AXIS2_PLACEMENT_3D ( 'NONE', #2789, #3122, #2164 ) ;
#1303 = PRODUCT_DEFINITION_CONTEXT ( 'detailed design', #1846, 'design' ) ;
#1304 = CARTESIAN_POINT ( 'NONE',  ( -14388.56810139493609, -877.4999988432243754, -755.0854464784853235 ) ) ;
#1305 = DIRECTION ( 'NONE',  ( -1.000000000000000000, -0.000000000000000000, -0.000000000000000000 ) ) ;
#1306 = EDGE_LOOP ( 'NONE', ( #3621, #501, #2783, #801 ) ) ;
#1307 = ADVANCED_FACE ( 'NONE', ( #1639 ), #1557, .F. ) ;
#1308 = CARTESIAN_POINT ( 'NONE',  ( -12444.28938755610034, -679.9999999999974989, -765.0652677973106393 ) ) ;
#1309 = AXIS2_PLACEMENT_3D ( 'NONE', #3665, #701, #4039 ) ;
#1310 = DIRECTION ( 'NONE',  ( 1.000000000000000000, 2.171636382548118065E-31, -7.824144642581933777E-16 ) ) ;
#1311 = AXIS2_PLACEMENT_3D ( 'NONE', #3885, #2308, #977 ) ;
#1312 = FACE_OUTER_BOUND ( 'NONE', #3263, .T. ) ;
#1313 = EDGE_CURVE ( 'NONE', #1164, #211, #1407, .T. ) ;
#1314 = CARTESIAN_POINT ( 'NONE',  ( -11825.00000000000182, 0.000000000000000000, 0.000000000000000000 ) ) ;
#1315 = VERTEX_POINT ( 'NONE', #2625 ) ;
#1316 = CARTESIAN_POINT ( 'NONE',  ( -14242.82243898500201, 696.5740269077374478, -766.7208309781528897 ) ) ;
#1317 = VERTEX_POINT ( 'NONE', #2534 ) ;
#1318 = AXIS2_PLACEMENT_3D ( 'NONE', #2247, #3211, #1924 ) ;
#1319 = FACE_OUTER_BOUND ( 'NONE', #231, .T. ) ;
#1320 = CYLINDRICAL_SURFACE ( 'NONE', #2420, 79.99999999999995737 ) ;
#1321 = VERTEX_POINT ( 'NONE', #2300 ) ;
#1322 = CARTESIAN_POINT ( 'NONE',  ( -380.0000000000000000, 875.0000000000000000, -1060.000000000000000 ) ) ;
#1323 = DIRECTION ( 'NONE',  ( 0.000000000000000000, 2.249385511977649118E-16, -1.000000000000000000 ) ) ;
#1324 = VERTEX_POINT ( 'NONE', #1878 ) ;
#1325 = EDGE_LOOP ( 'NONE', ( #1473, #3392, #744, #770, #1509, #3468, #1462, #3340, #3674, #38, #387, #3116 ) ) ;
#1326 = CARTESIAN_POINT ( 'NONE',  ( -14299.99999999999818, -814.9999999999974989, -306.2059048389986629 ) ) ;
#1327 = CARTESIAN_POINT ( 'NONE',  ( -11349.93198115551968, 989.9999999999980673, -960.0000000000002274 ) ) ;
#1328 = LINE ( 'NONE', #1977, #3359 ) ;
#1329 = CIRCLE ( 'NONE', #570, 199.9999999999999432 ) ;
#1330 = DIRECTION ( 'NONE',  ( -7.824144642581933777E-16, -2.775557561563032853E-16, 1.000000000000000000 ) ) ;
#1331 = VERTEX_POINT ( 'NONE', #2578 ) ;
#1332 = ADVANCED_FACE ( 'NONE', ( #4194 ), #1253, .T. ) ;
#1333 = LINE ( 'NONE', #2070, #875 ) ;
#1334 = CARTESIAN_POINT ( 'NONE',  ( -13499.99999999999818, -814.9999999999974989, -306.2059048389988902 ) ) ;
#1335 = DIRECTION ( 'NONE',  ( 0.000000000000000000, 0.000000000000000000, 1.000000000000000000 ) ) ;
#1336 = ORIENTED_EDGE ( 'NONE', *, *, #1989, .T. ) ;
#1337 = EDGE_LOOP ( 'NONE', ( #931, #604, #3156, #2675, #3925, #4070, #3287 ) ) ;
#1338 = CARTESIAN_POINT ( 'NONE',  ( -11825.00000000000182, 899.9999999999998863, -910.0000000000001137 ) ) ;
#1339 = DIRECTION ( 'NONE',  ( 0.000000000000000000, 0.000000000000000000, -1.000000000000000000 ) ) ;
#1340 = VERTEX_POINT ( 'NONE', #3963 ) ;
#1341 = AXIS2_PLACEMENT_3D ( 'NONE', #1670, #2145, #3666 ) ;
#1342 = AXIS2_PLACEMENT_3D ( 'NONE', #1564, #2210, #3274 ) ;
#1343 = AXIS2_PLACEMENT_3D ( 'NONE', #1746, #708, #3767 ) ;
#1344 = EDGE_CURVE ( 'NONE', #726, #3920, #644, .T. ) ;
#1345 = CARTESIAN_POINT ( 'NONE',  ( -13555.71061244389966, -679.9999999999974989, -765.0652677973106393 ) ) ;
#1346 = CARTESIAN_POINT ( 'NONE',  ( -14791.79486355016888, 875.0000000000000000, -1060.000000000000000 ) ) ;
#1347 = EDGE_LOOP ( 'NONE', ( #241, #2240, #1947, #1795 ) ) ;
#1348 = EDGE_CURVE ( 'NONE', #370, #1804, #1960, .T. ) ;
#1349 = LINE ( 'NONE', #2017, #3647 ) ;
#1350 = CARTESIAN_POINT ( 'NONE',  ( -12225.00000000000182, 1189.999999999998408, -960.0000000000002274 ) ) ;
#1351 = FACE_OUTER_BOUND ( 'NONE', #1778, .T. ) ;
#1352 = CLOSED_SHELL ( 'NONE', ( #3198, #3011, #2345, #1149, #518, #321, #3845, #1354, #4210, #4289, #3782, #172, #2605, #42, #434, #4248, #1600, #608, #3669, #3707, #1332, #902, #1562, #1885, #1211, #2853, #675, #1583, #3112, #3939, #3191, #716, #2460, #2548, #2253, #1050, #1033, #2229, #4110, #452, #3646, #3652, #1460, #643, #4285, #503, #4102, #1582, #264, #3277, #2646, #1368, #4033, #3326, #110, #2877, #2516 ) ) ;
#1353 = DIRECTION ( 'NONE',  ( 0.000000000000000000, 0.000000000000000000, 1.000000000000000000 ) ) ;
#1354 = ADVANCED_FACE ( 'NONE', ( #992 ), #558, .T. ) ;
#1355 = ORIENTED_EDGE ( 'NONE', *, *, #137, .F. ) ;
#1356 = DIRECTION ( 'NONE',  ( 0.000000000000000000, 2.775557561563032853E-16, -1.000000000000000000 ) ) ;
#1357 = LINE ( 'NONE', #1776, #3461 ) ;
#1358 = CARTESIAN_POINT ( 'NONE',  ( 0.000000000000000000, 0.000000000000000000, 0.000000000000000000 ) ) ;
#1359 = ORIENTED_EDGE ( 'NONE', *, *, #3218, .T. ) ;
#1360 = VECTOR ( 'NONE', #573, 1000.000000000000000 ) ;
#1361 = EDGE_CURVE ( 'NONE', #1426, #4032, #2600, .T. ) ;
#1362 = ORIENTED_EDGE ( 'NONE', *, *, #4228, .F. ) ;
#1363 = CARTESIAN_POINT ( 'NONE',  ( -11411.43189860506209, -877.4999988432243754, -589.9999999999970441 ) ) ;
#1364 = DIRECTION ( 'NONE',  ( -0.000000000000000000, -1.000000000000000000, -2.249385511977649118E-16 ) ) ;
#1365 = ORIENTED_EDGE ( 'NONE', *, *, #527, .T. ) ;
#1366 = VECTOR ( 'NONE', #3787, 1000.000000000000000 ) ;
#1367 = VERTEX_POINT ( 'NONE', #927 ) ;
#1368 = ADVANCED_FACE ( 'NONE', ( #600 ), #2221, .T. ) ;
#1369 = LINE ( 'NONE', #1695, #1520 ) ;
#1370 = ORIENTED_EDGE ( 'NONE', *, *, #3971, .T. ) ;
#1371 = CIRCLE ( 'NONE', #254, 79.99999999999995737 ) ;
#1372 = FACE_OUTER_BOUND ( 'NONE', #1756, .T. ) ;
#1373 = LINE ( 'NONE', #18, #53 ) ;
#1374 = CARTESIAN_POINT ( 'NONE',  ( -10255.33188238365256, 278.9021535255452022, -725.0000000000052296 ) ) ;
#1375 = EDGE_CURVE ( 'NONE', #306, #4163, #1917, .T. ) ;
#1376 = DIRECTION ( 'NONE',  ( 1.000000000000000000, 0.000000000000000000, -0.000000000000000000 ) ) ;
#1377 = VECTOR ( 'NONE', #3111, 1000.000000000000000 ) ;
#1378 = ORIENTED_EDGE ( 'NONE', *, *, #329, .F. ) ;
#1379 = FACE_BOUND ( 'NONE', #4077, .T. ) ;
#1380 = DIRECTION ( 'NONE',  ( -1.000000000000000000, 0.000000000000000000, 0.000000000000000000 ) ) ;
#1381 = CIRCLE ( 'NONE', #1243, 229.9999999211528348 ) ;
#1382 = CARTESIAN_POINT ( 'NONE',  ( -11654.53873465198922, -697.6074941491493746, -574.9998243529005322 ) ) ;
#1383 = ORIENTED_EDGE ( 'NONE', *, *, #695, .F. ) ;
#1384 = ORIENTED_EDGE ( 'NONE', *, *, #2555, .F. ) ;
#1385 = DIRECTION ( 'NONE',  ( 0.000000000000000000, -1.000000000000000000, -3.301729611148416588E-16 ) ) ;
#1386 = EDGE_CURVE ( 'NONE', #2273, #2996, #2849, .T. ) ;
#1387 = DIRECTION ( 'NONE',  ( 0.000000000000000000, 0.000000000000000000, 1.000000000000000000 ) ) ;
#1388 = ORIENTED_EDGE ( 'NONE', *, *, #2148, .F. ) ;
#1389 = ORIENTED_EDGE ( 'NONE', *, *, #487, .T. ) ;
#1390 = VECTOR ( 'NONE', #3394, 1000.000000000000000 ) ;
#1391 = CIRCLE ( 'NONE', #1870, 6000.000000000000000 ) ;
#1392 = EDGE_CURVE ( 'NONE', #720, #457, #3314, .T. ) ;
#1393 = FACE_OUTER_BOUND ( 'NONE', #3817, .T. ) ;
#1394 = EDGE_LOOP ( 'NONE', ( #4185, #1980, #926, #3533, #2232 ) ) ;
#1395 = DIRECTION ( 'NONE',  ( -0.9848077530122092416, 0.000000000000000000, -0.1736481776669235033 ) ) ;
#1396 = CARTESIAN_POINT ( 'NONE',  ( -11880.00000000000182, -814.9999999999974989, -517.7941176470593518 ) ) ;
#1397 = DIRECTION ( 'NONE',  ( 0.000000000000000000, 1.000000000000000000, 2.775557561563032853E-16 ) ) ;
#1398 = CARTESIAN_POINT ( 'NONE',  ( -11411.43189860506209, 4.163336342343552110E-15, -725.0000000000051159 ) ) ;
#1399 = ORIENTED_EDGE ( 'NONE', *, *, #3824, .T. ) ;
#1400 = ORIENTED_EDGE ( 'NONE', *, *, #4276, .F. ) ;
#1401 = EDGE_CURVE ( 'NONE', #432, #306, #1659, .T. ) ;
#1402 = DIRECTION ( 'NONE',  ( -0.000000000000000000, -1.000000000000000000, -2.249385511977649118E-16 ) ) ;
#1403 = CARTESIAN_POINT ( 'NONE',  ( -11880.00000000000182, 1950.712458671872582, -239.9999999999976694 ) ) ;
#1404 = DIRECTION ( 'NONE',  ( -1.000000000000000000, 0.000000000000000000, 0.000000000000000000 ) ) ;
#1405 = ORIENTED_EDGE ( 'NONE', *, *, #3315, .T. ) ;
#1406 = EDGE_LOOP ( 'NONE', ( #2150, #2622 ) ) ;
#1407 = CIRCLE ( 'NONE', #3833, 172.2649730022416747 ) ;
#1408 = CARTESIAN_POINT ( 'NONE',  ( -13899.99999999999818, -1054.999999999997726, -459.9999999999984084 ) ) ;
#1409 = LINE ( 'NONE', #3800, #2422 ) ;
#1410 = ORIENTED_EDGE ( 'NONE', *, *, #818, .F. ) ;
#1411 = VECTOR ( 'NONE', #3595, 1000.000000000000000 ) ;
#1412 = DIRECTION ( 'NONE',  ( -0.000000000000000000, 1.000000000000000000, -0.000000000000000000 ) ) ;
#1413 = CIRCLE ( 'NONE', #2447, 277.7941176470602045 ) ;
#1414 = VECTOR ( 'NONE', #799, 1000.000000000000000 ) ;
#1415 = EDGE_CURVE ( 'NONE', #1081, #2620, #1329, .T. ) ;
#1416 = LINE ( 'NONE', #4105, #1434 ) ;
#1417 = DIRECTION ( 'NONE',  ( 0.000000000000000000, -1.000000000000000000, -2.775557561563032853E-16 ) ) ;
#1418 = AXIS2_PLACEMENT_3D ( 'NONE', #3740, #4103, #1459 ) ;
#1419 = DIRECTION ( 'NONE',  ( 0.000000000000000000, -0.3952161465694030706, -0.9185881544472649374 ) ) ;
#1420 = EDGE_CURVE ( 'NONE', #2443, #2896, #70, .T. ) ;
#1421 = ORIENTED_EDGE ( 'NONE', *, *, #1738, .F. ) ;
#1422 = DIRECTION ( 'NONE',  ( 0.000000000000000000, -1.000000000000000000, 0.000000000000000000 ) ) ;
#1423 = DIRECTION ( 'NONE',  ( -0.000000000000000000, 2.775557561563032853E-16, -1.000000000000000000 ) ) ;
#1424 = CARTESIAN_POINT ( 'NONE',  ( -15744.66811761634744, -814.9999999999972715, -769.9999999999963620 ) ) ;
#1425 = CARTESIAN_POINT ( 'NONE',  ( -14343.45001286961815, -715.1018965907406937, -582.5266689850961939 ) ) ;
#1426 = VERTEX_POINT ( 'NONE', #688 ) ;
#1427 = EDGE_CURVE ( 'NONE', #755, #2736, #741, .T. ) ;
#1428 = LINE ( 'NONE', #2031, #2365 ) ;
#1429 = LINE ( 'NONE', #2144, #1531 ) ;
#1430 = CARTESIAN_POINT ( 'NONE',  ( -8598.683472959097344, -990.0000000000003411, -660.0000000000002274 ) ) ;
#1431 = VERTEX_POINT ( 'NONE', #1728 ) ;
#1432 = CIRCLE ( 'NONE', #314, 79.99999999999995737 ) ;
#1433 = VERTEX_POINT ( 'NONE', #358 ) ;
#1434 = VECTOR ( 'NONE', #2130, 1000.000000000000000 ) ;
#1435 = DIRECTION ( 'NONE',  ( -1.000000000000000000, -0.000000000000000000, -0.000000000000000000 ) ) ;
#1436 = ORIENTED_EDGE ( 'NONE', *, *, #2155, .T. ) ;
#1437 = EDGE_LOOP ( 'NONE', ( #2576, #1932, #3648, #1938 ) ) ;
#1438 = LINE ( 'NONE', #836, #2126 ) ;
#1439 = DIRECTION ( 'NONE',  ( -1.000000000000000000, 0.000000000000000000, 0.000000000000000000 ) ) ;
#1440 = DIRECTION ( 'NONE',  ( 1.000000000000000000, 0.000000000000000000, 0.000000000000000000 ) ) ;
#1441 = DIRECTION ( 'NONE',  ( 1.000000000000000000, 0.000000000000000000, 0.000000000000000000 ) ) ;
#1442 = EDGE_CURVE ( 'NONE', #364, #2275, #3068, .T. ) ;
#1443 = DIRECTION ( 'NONE',  ( 0.000000000000000000, -1.000000000000000000, 0.000000000000000000 ) ) ;
#1444 = VERTEX_POINT ( 'NONE', #1 ) ;
#1445 = ORIENTED_EDGE ( 'NONE', *, *, #4126, .T. ) ;
#1446 = CARTESIAN_POINT ( 'NONE',  ( 0.000000000000000000, -875.0000000000000000, -980.0000000000001137 ) ) ;
#1447 = DIRECTION ( 'NONE',  ( 0.000000000000000000, 3.301729611148416588E-16, -1.000000000000000000 ) ) ;
#1448 = EDGE_CURVE ( 'NONE', #3860, #4241, #2249, .T. ) ;
#1449 = DIRECTION ( 'NONE',  ( 3.912072321290969353E-16, 2.775557561563032853E-16, -1.000000000000000000 ) ) ;
#1450 = ORIENTED_EDGE ( 'NONE', *, *, #1217, .T. ) ;
#1451 = VERTEX_POINT ( 'NONE', #4052 ) ;
#1452 = VECTOR ( 'NONE', #1976, 1000.000000000000114 ) ;
#1453 = LINE ( 'NONE', #166, #3733 ) ;
#1454 = FACE_OUTER_BOUND ( 'NONE', #2537, .T. ) ;
#1455 = DIRECTION ( 'NONE',  ( 0.000000000000000000, 0.000000000000000000, 1.000000000000000000 ) ) ;
#1456 = EDGE_LOOP ( 'NONE', ( #1370, #3945, #2557, #2010 ) ) ;
#1457 = ORIENTED_EDGE ( 'NONE', *, *, #3715, .T. ) ;
#1458 = CARTESIAN_POINT ( 'NONE',  ( -13499.99999999999818, 814.9999999999970441, -306.2059048389986629 ) ) ;
#1459 = DIRECTION ( 'NONE',  ( 0.000000000000000000, 1.000000000000000000, 2.775557561563032853E-16 ) ) ;
#1460 = ADVANCED_FACE ( 'NONE', ( #2051 ), #3025, .T. ) ;
#1461 = ORIENTED_EDGE ( 'NONE', *, *, #293, .T. ) ;
#1462 = ORIENTED_EDGE ( 'NONE', *, *, #2283, .T. ) ;
#1463 = DIRECTION ( 'NONE',  ( 0.000000000000000000, 1.000000000000000000, 0.000000000000000000 ) ) ;
#1464 = AXIS2_PLACEMENT_3D ( 'NONE', #4244, #2855, #2226 ) ;
#1465 = EDGE_CURVE ( 'NONE', #2275, #1317, #1704, .T. ) ;
#1466 = CARTESIAN_POINT ( 'NONE',  ( -1950.000000000000682, 899.9999999999998863, -910.0000000000001137 ) ) ;
#1467 = CARTESIAN_POINT ( 'NONE',  ( -14119.99999999999818, 1950.712458671872582, -239.9999999999976694 ) ) ;
#1468 = AXIS2_PLACEMENT_3D ( 'NONE', #1517, #2519, #1559 ) ;
#1469 = ORIENTED_EDGE ( 'NONE', *, *, #3518, .F. ) ;
#1470 = CARTESIAN_POINT ( 'NONE',  ( -1950.000000000000682, -800.0000000000000000, -910.0000000000001137 ) ) ;
#1471 = DIRECTION ( 'NONE',  ( -0.000000000000000000, -1.000000000000000000, -3.301729611148416588E-16 ) ) ;
#1472 = CARTESIAN_POINT ( 'NONE',  ( -14588.56810139493791, -278.9021535255452022, -725.0000000000053433 ) ) ;
#1473 = ORIENTED_EDGE ( 'NONE', *, *, #584, .F. ) ;
#1474 = EDGE_CURVE ( 'NONE', #1671, #2023, #2981, .T. ) ;
#1475 = LINE ( 'NONE', #2517, #1265 ) ;
#1476 = CARTESIAN_POINT ( 'NONE',  ( -14119.99999999999818, 1077.499998843224148, -239.9999999999978684 ) ) ;
#1477 = CARTESIAN_POINT ( 'NONE',  ( -12100.00000000000182, 1054.999999999997272, -459.9999999999978400 ) ) ;
#1478 = EDGE_LOOP ( 'NONE', ( #4207, #3438 ) ) ;
#1479 = CIRCLE ( 'NONE', #505, 6000.000000000000000 ) ;
#1480 = EDGE_CURVE ( 'NONE', #2620, #3742, #1333, .T. ) ;
#1481 = LINE ( 'NONE', #1112, #3148 ) ;
#1482 = LINE ( 'NONE', #438, #4266 ) ;
#1483 = EDGE_CURVE ( 'NONE', #1315, #1433, #1839, .T. ) ;
#1484 = CARTESIAN_POINT ( 'NONE',  ( -11880.00000000000182, -1077.499998843224603, -239.9999999999985505 ) ) ;
#1485 = CARTESIAN_POINT ( 'NONE',  ( -15744.66811761634744, -732.4719190560189190, -589.9999999999970441 ) ) ;
#1486 = VECTOR ( 'NONE', #738, 1000.000000000000000 ) ;
#1487 = VECTOR ( 'NONE', #1508, 1000.000000000000000 ) ;
#1488 = VERTEX_POINT ( 'NONE', #4072 ) ;
#1489 = ORIENTED_EDGE ( 'NONE', *, *, #3698, .F. ) ;
#1490 = VECTOR ( 'NONE', #3384, 1000.000000000000000 ) ;
#1491 = LINE ( 'NONE', #779, #537 ) ;
#1492 = FACE_OUTER_BOUND ( 'NONE', #2821, .T. ) ;
#1493 = DIRECTION ( 'NONE',  ( -3.132904478660053556E-17, 1.000000000000000000, -0.000000000000000000 ) ) ;
#1494 =( BOUNDED_CURVE ( )  B_SPLINE_CURVE ( 3, ( #287, #3636, #1316, #2005 ),
 .UNSPECIFIED., .F., .T. ) 
 B_SPLINE_CURVE_WITH_KNOTS ( ( 4, 4 ),
 ( 0.8313038383525110930, 0.8457296285623812082 ),
 .UNSPECIFIED. ) 
 CURVE ( )  GEOMETRIC_REPRESENTATION_ITEM ( )  RATIONAL_B_SPLINE_CURVE ( ( 1.000000000000000000, 0.9999826581232540423, 0.9999826581232540423, 1.000000000000000000 ) ) 
 REPRESENTATION_ITEM ( '' )  );
#1495 = VERTEX_POINT ( 'NONE', #1792 ) ;
#1496 = EDGE_CURVE ( 'NONE', #789, #3019, #3678, .T. ) ;
#1497 = CARTESIAN_POINT ( 'NONE',  ( -14175.00000000000000, -875.0000000000000000, -1140.000000000000227 ) ) ;
#1498 = CARTESIAN_POINT ( 'NONE',  ( -10255.33188238365256, -1077.499998843224375, -589.9999999999971578 ) ) ;
#1499 = ORIENTED_EDGE ( 'NONE', *, *, #3558, .T. ) ;
#1500 = EDGE_CURVE ( 'NONE', #2630, #2586, #2764, .T. ) ;
#1501 = AXIS2_PLACEMENT_3D ( 'NONE', #3405, #1750, #2737 ) ;
#1502 = ORIENTED_EDGE ( 'NONE', *, *, #2375, .F. ) ;
#1503 = EDGE_CURVE ( 'NONE', #1773, #1760, #2137, .T. ) ;
#1504 = CARTESIAN_POINT ( 'NONE',  ( -11825.00000000000182, -1190.000000000001137, -960.0000000000002274 ) ) ;
#1505 = LINE ( 'NONE', #3447, #258 ) ;
#1506 = DIRECTION ( 'NONE',  ( -1.000000000000000000, 0.000000000000000000, 0.000000000000000000 ) ) ;
#1507 = APPLICATION_PROTOCOL_DEFINITION ( 'draft international standard', 'automotive_design', 1998, #1846 ) ;
#1508 = DIRECTION ( 'NONE',  ( 1.000000000000000000, 0.000000000000000000, 0.000000000000000000 ) ) ;
#1509 = ORIENTED_EDGE ( 'NONE', *, *, #695, .T. ) ;
#1510 = VERTEX_POINT ( 'NONE', #3813 ) ;
#1511 = CARTESIAN_POINT ( 'NONE',  ( -10825.00000000000182, -990.0000000000007958, -960.0000000000002274 ) ) ;
#1512 = CARTESIAN_POINT ( 'NONE',  ( -14588.56810139493791, -729.4021522441533989, -769.9999999999963620 ) ) ;
#1513 = EDGE_CURVE ( 'NONE', #1292, #3099, #183, .T. ) ;
#1514 = VERTEX_POINT ( 'NONE', #1511 ) ;
#1515 = AXIS2_PLACEMENT_3D ( 'NONE', #3006, #2324, #1730 ) ;
#1516 = SPHERICAL_SURFACE ( 'NONE', #3519, 1000.000000000000000 ) ;
#1517 = CARTESIAN_POINT ( 'NONE',  ( -265.1845289799109082, 1189.999999999998408, -1503.936198047713333 ) ) ;
#1518 = FACE_OUTER_BOUND ( 'NONE', #3763, .T. ) ;
#1519 = ORIENTED_EDGE ( 'NONE', *, *, #3734, .F. ) ;
#1520 = VECTOR ( 'NONE', #2012, 999.9999999999998863 ) ;
#1521 = DIRECTION ( 'NONE',  ( -1.000000000000000000, 0.000000000000000000, 0.000000000000000000 ) ) ;
#1522 = CIRCLE ( 'NONE', #262, 277.7941176470602045 ) ;
#1523 = EDGE_CURVE ( 'NONE', #3357, #2598, #1185, .T. ) ;
#1524 = ORIENTED_EDGE ( 'NONE', *, *, #33, .F. ) ;
#1525 = DIRECTION ( 'NONE',  ( -0.000000000000000000, -1.000000000000000000, -3.301729611148416588E-16 ) ) ;
#1526 = ORIENTED_EDGE ( 'NONE', *, *, #1242, .F. ) ;
#1527 = CYLINDRICAL_SURFACE ( 'NONE', #943, 79.99999999999995737 ) ;
#1528 = EDGE_CURVE ( 'NONE', #4112, #3051, #3440, .T. ) ;
#1529 = VECTOR ( 'NONE', #3046, 1000.000000000000000 ) ;
#1530 = CARTESIAN_POINT ( 'NONE',  ( -14175.00000000000000, -875.0000000000000000, -1060.000000000000000 ) ) ;
#1531 = VECTOR ( 'NONE', #2400, 1000.000000000000000 ) ;
#1532 = CARTESIAN_POINT ( 'NONE',  ( -13899.99999999999818, 679.9999999999979536, -909.9999999999979536 ) ) ;
#1533 = ORIENTED_EDGE ( 'NONE', *, *, #1913, .T. ) ;
#1534 = EDGE_CURVE ( 'NONE', #1271, #169, #2814, .T. ) ;
#1535 = LINE ( 'NONE', #2850, #2565 ) ;
#1536 = DIRECTION ( 'NONE',  ( 2.193033135062037489E-16, -1.000000000000000000, -0.000000000000000000 ) ) ;
#1537 = VERTEX_POINT ( 'NONE', #3136 ) ;
#1538 = EDGE_CURVE ( 'NONE', #2211, #3397, #1491, .T. ) ;
#1539 = VERTEX_POINT ( 'NONE', #861 ) ;
#1540 = CARTESIAN_POINT ( 'NONE',  ( -4534.427461039364061, 989.9999999999982947, -751.1534819267452576 ) ) ;
#1541 = EDGE_LOOP ( 'NONE', ( #2433, #4049 ) ) ;
#1542 = FACE_OUTER_BOUND ( 'NONE', #1766, .T. ) ;
#1543 = DIRECTION ( 'NONE',  ( 1.000000000000000000, 0.000000000000000000, 0.000000000000000000 ) ) ;
#1544 = ORIENTED_EDGE ( 'NONE', *, *, #3467, .F. ) ;
#1545 = CARTESIAN_POINT ( 'NONE',  ( -5576.316527040903566, 1189.999999999998408, -660.0000000000007958 ) ) ;
#1546 = EDGE_CURVE ( 'NONE', #1426, #720, #2805, .T. ) ;
#1547 = ORIENTED_EDGE ( 'NONE', *, *, #2793, .F. ) ;
#1548 = LINE ( 'NONE', #236, #1907 ) ;
#1549 = LINE ( 'NONE', #1200, #466 ) ;
#1550 = AXIS2_PLACEMENT_3D ( 'NONE', #1660, #2581, #2987 ) ;
#1551 = PLANE ( 'NONE',  #3246 ) ;
#1552 = DIRECTION ( 'NONE',  ( 0.000000000000000000, 0.1699069165076472210, -0.9854601157443478865 ) ) ;
#1553 = EDGE_CURVE ( 'NONE', #4062, #3351, #4090, .T. ) ;
#1554 = VECTOR ( 'NONE', #4079, 1000.000000000000000 ) ;
#1555 = ORIENTED_EDGE ( 'NONE', *, *, #1853, .F. ) ;
#1556 = VECTOR ( 'NONE', #3792, 1000.000000000000000 ) ;
#1557 = PLANE ( 'NONE',  #3272 ) ;
#1558 = LINE ( 'NONE', #3532, #1390 ) ;
#1559 = DIRECTION ( 'NONE',  ( -0.9848077530122092416, 0.000000000000000000, 0.1736481776669237531 ) ) ;
#1560 = FACE_OUTER_BOUND ( 'NONE', #3436, .T. ) ;
#1561 = ORIENTED_EDGE ( 'NONE', *, *, #193, .F. ) ;
#1562 = ADVANCED_FACE ( 'NONE', ( #4113 ), #1148, .F. ) ;
#1563 = CARTESIAN_POINT ( 'NONE',  ( -10255.33188238365256, -729.4021522441533989, -769.9999999999963620 ) ) ;
#1564 = CARTESIAN_POINT ( 'NONE',  ( -13795.00000000000000, -875.0000000000000000, -1060.000000000000000 ) ) ;
#1565 = VERTEX_POINT ( 'NONE', #3795 ) ;
#1566 = DIRECTION ( 'NONE',  ( -2.193033135062037489E-16, 1.000000000000000000, 0.000000000000000000 ) ) ;
#1567 = ORIENTED_EDGE ( 'NONE', *, *, #4140, .F. ) ;
#1568 = CARTESIAN_POINT ( 'NONE',  ( -12320.00000000000000, 1950.712458671872810, -517.7941176470586697 ) ) ;
#1569 = EDGE_CURVE ( 'NONE', #2035, #469, #2434, .T. ) ;
#1570 = CARTESIAN_POINT ( 'NONE',  ( -14299.99999999999818, -1950.712458671873037, -306.2059048389990039 ) ) ;
#1571 = DIRECTION ( 'NONE',  ( 0.000000000000000000, 1.000000000000000000, 3.301729611148416588E-16 ) ) ;
#1572 = ORIENTED_EDGE ( 'NONE', *, *, #2312, .F. ) ;
#1573 = ADVANCED_FACE ( 'NONE', ( #512 ), #2823, .T. ) ;
#1574 = DIRECTION ( 'NONE',  ( -1.000000000000000000, 0.000000000000000000, 0.000000000000000000 ) ) ;
#1575 = CARTESIAN_POINT ( 'NONE',  ( -12225.00000000000182, 899.9999999999998863, -910.0000000000001137 ) ) ;
#1576 = CARTESIAN_POINT ( 'NONE',  ( -11700.00000000000182, -1950.712458671873037, -306.2059048389990039 ) ) ;
#1577 = ORIENTED_EDGE ( 'NONE', *, *, #1863, .F. ) ;
#1578 = VERTEX_POINT ( 'NONE', #2845 ) ;
#1579 = CARTESIAN_POINT ( 'NONE',  ( -1.810428895881361871E-12, -989.9999999999984084, -660.0000000000019327 ) ) ;
#1580 = ORIENTED_EDGE ( 'NONE', *, *, #2037, .F. ) ;
#1581 = AXIS2_PLACEMENT_3D ( 'NONE', #3308, #1310, #2615 ) ;
#1582 = ADVANCED_FACE ( 'NONE', ( #4168 ), #2159, .T. ) ;
#1583 = ADVANCED_FACE ( 'NONE', ( #3874 ), #880, .F. ) ;
#1584 = AXIS2_PLACEMENT_3D ( 'NONE', #3630, #3607, #617 ) ;
#1585 = DIRECTION ( 'NONE',  ( 0.000000000000000000, 1.000000000000000000, 3.301729611148416588E-16 ) ) ;
#1586 = ORIENTED_EDGE ( 'NONE', *, *, #1608, .F. ) ;
#1587 = VERTEX_POINT ( 'NONE', #2570 ) ;
#1588 = EDGE_CURVE ( 'NONE', #2804, #1617, #1549, .T. ) ;
#1589 = CARTESIAN_POINT ( 'NONE',  ( -11760.14709064067210, -814.9999999999972715, -769.9999999999963620 ) ) ;
#1590 = CARTESIAN_POINT ( 'NONE',  ( -14239.85290935932790, -729.4021522441533989, -769.9999999999963620 ) ) ;
#1591 = SPHERICAL_SURFACE ( 'NONE', #3981, 1000.000000000000000 ) ;
#1592 = ORIENTED_EDGE ( 'NONE', *, *, #2843, .F. ) ;
#1593 = ORIENTED_EDGE ( 'NONE', *, *, #2562, .F. ) ;
#1594 = CIRCLE ( 'NONE', #556, 277.7941176470602045 ) ;
#1595 = DIRECTION ( 'NONE',  ( -1.000000000000000000, -3.132904478660053556E-17, 1.633773012826316475E-16 ) ) ;
#1596 = DIRECTION ( 'NONE',  ( 3.132904478660053556E-17, -1.000000000000000000, 0.000000000000000000 ) ) ;
#1597 = CARTESIAN_POINT ( 'NONE',  ( -15744.66811761634744, 732.4719190560189190, -589.9999999999965894 ) ) ;
#1598 = ORIENTED_EDGE ( 'NONE', *, *, #4270, .F. ) ;
#1599 = VECTOR ( 'NONE', #2913, 1000.000000000000114 ) ;
#1600 = ADVANCED_FACE ( 'NONE', ( #2511, #947, #2864 ), #237, .F. ) ;
#1601 = ORIENTED_EDGE ( 'NONE', *, *, #1474, .F. ) ;
#1602 = LINE ( 'NONE', #290, #1928 ) ;
#1603 = CARTESIAN_POINT ( 'NONE',  ( -15744.66811761634744, -814.9999999999974989, -589.9999999999970441 ) ) ;
#1604 = ORIENTED_EDGE ( 'NONE', *, *, #814, .F. ) ;
#1605 = EDGE_CURVE ( 'NONE', #1444, #564, #302, .T. ) ;
#1606 = DIRECTION ( 'NONE',  ( 0.000000000000000000, -4.827056628805028179E-16, 1.000000000000000000 ) ) ;
#1607 = ORIENTED_EDGE ( 'NONE', *, *, #1483, .T. ) ;
#1608 = EDGE_CURVE ( 'NONE', #1985, #4122, #1873, .T. ) ;
#1609 = ORIENTED_EDGE ( 'NONE', *, *, #1553, .T. ) ;
#1610 = VECTOR ( 'NONE', #1834, 1000.000000000000000 ) ;
#1611 = CARTESIAN_POINT ( 'NONE',  ( -10255.33188238365256, 1077.499998843224375, -589.9999999999964757 ) ) ;
#1612 = CARTESIAN_POINT ( 'NONE',  ( -11880.00000000000182, 1077.499998843224148, -239.9999999999978684 ) ) ;
#1613 = DIRECTION ( 'NONE',  ( 0.000000000000000000, -2.413528314402513597E-16, 1.000000000000000000 ) ) ;
#1614 = DIRECTION ( 'NONE',  ( 0.000000000000000000, 1.000000000000000000, 2.775557561563032853E-16 ) ) ;
#1615 = VERTEX_POINT ( 'NONE', #3586 ) ;
#1616 = CARTESIAN_POINT ( 'NONE',  ( -10255.33188238365256, 1077.499998843224375, -769.9999999999957936 ) ) ;
#1617 = VERTEX_POINT ( 'NONE', #3850 ) ;
#1618 = CIRCLE ( 'NONE', #4050, 460.0000000000000000 ) ;
#1619 = VECTOR ( 'NONE', #1614, 1000.000000000000000 ) ;
#1620 = VERTEX_POINT ( 'NONE', #3525 ) ;
#1621 = CARTESIAN_POINT ( 'NONE',  ( -2825.068018844486687, 1189.999999999998408, -960.0000000000002274 ) ) ;
#1622 = VECTOR ( 'NONE', #1055, 999.9999999999998863 ) ;
#1623 = EDGE_CURVE ( 'NONE', #1617, #1773, #3199, .T. ) ;
#1624 = CARTESIAN_POINT ( 'NONE',  ( -13499.99999999999818, -1077.499998843224375, -589.9999999999971578 ) ) ;
#1625 = VERTEX_POINT ( 'NONE', #1612 ) ;
#1626 = EDGE_CURVE ( 'NONE', #4277, #1643, #1432, .T. ) ;
#1627 = FACE_OUTER_BOUND ( 'NONE', #2719, .T. ) ;
#1628 = LINE ( 'NONE', #4182, #3562 ) ;
#1629 = ORIENTED_EDGE ( 'NONE', *, *, #2205, .F. ) ;
#1630 = ORIENTED_EDGE ( 'NONE', *, *, #2333, .F. ) ;
#1631 = CARTESIAN_POINT ( 'NONE',  ( -1950.000000000000682, 1189.999999999998408, -960.0000000000002274 ) ) ;
#1632 = AXIS2_PLACEMENT_3D ( 'NONE', #91, #1422, #3675 ) ;
#1633 = LINE ( 'NONE', #1570, #64 ) ;
#1634 = DIRECTION ( 'NONE',  ( 0.000000000000000000, 1.000000000000000000, 2.775557561563032853E-16 ) ) ;
#1635 = LINE ( 'NONE', #3918, #1825 ) ;
#1636 = DIRECTION ( 'NONE',  ( 0.000000000000000000, 0.000000000000000000, 1.000000000000000000 ) ) ;
#1637 = ORIENTED_EDGE ( 'NONE', *, *, #632, .T. ) ;
#1638 = VECTOR ( 'NONE', #661, 1000.000000000000000 ) ;
#1639 = FACE_OUTER_BOUND ( 'NONE', #3862, .T. ) ;
#1640 = PLANE ( 'NONE',  #3867 ) ;
#1641 = LINE ( 'NONE', #1597, #2718 ) ;
#1642 = ORIENTED_EDGE ( 'NONE', *, *, #1344, .F. ) ;
#1643 = VERTEX_POINT ( 'NONE', #3936 ) ;
#1644 = CARTESIAN_POINT ( 'NONE',  ( 0.000000000000000000, -1189.999999999998408, -960.0000000000002274 ) ) ;
#1645 = DIRECTION ( 'NONE',  ( 0.000000000000000000, -2.413528314402513597E-16, 1.000000000000000000 ) ) ;
#1646 = ORIENTED_EDGE ( 'NONE', *, *, #3362, .F. ) ;
#1647 = VERTEX_POINT ( 'NONE', #3220 ) ;
#1648 = CARTESIAN_POINT ( 'NONE',  ( -13899.99999999999818, 679.9999999999976126, 2.053912595556539600E-12 ) ) ;
#1649 = FACE_OUTER_BOUND ( 'NONE', #2076, .T. ) ;
#1650 = ORIENTED_EDGE ( 'NONE', *, *, #3642, .F. ) ;
#1651 = ORIENTED_EDGE ( 'NONE', *, *, #1024, .F. ) ;
#1652 = EDGE_CURVE ( 'NONE', #1228, #157, #1633, .T. ) ;
#1653 = CARTESIAN_POINT ( 'NONE',  ( -13899.99999999999818, -679.9999999999977263, -459.9999999999982947 ) ) ;
#1654 = VECTOR ( 'NONE', #1051, 1000.000000000000114 ) ;
#1655 = CARTESIAN_POINT ( 'NONE',  ( -11825.00000000000182, -200.0000000000000000, -825.0000000000001137 ) ) ;
#1656 = CARTESIAN_POINT ( 'NONE',  ( -14388.56810139493609, 877.4999988432243754, -769.9999999999959073 ) ) ;
#1657 = CARTESIAN_POINT ( 'NONE',  ( 0.000000000000000000, 0.000000000000000000, -960.0000000000002274 ) ) ;
#1658 = ORIENTED_EDGE ( 'NONE', *, *, #3446, .F. ) ;
#1659 = LINE ( 'NONE', #2344, #791 ) ;
#1660 = CARTESIAN_POINT ( 'NONE',  ( -14119.99999999999818, 1950.712458671872810, -517.7941176470586697 ) ) ;
#1661 = ORIENTED_EDGE ( 'NONE', *, *, #2059, .F. ) ;
#1662 = ORIENTED_EDGE ( 'NONE', *, *, #1480, .F. ) ;
#1663 = ADVANCED_FACE ( 'NONE', ( #3260 ), #4213, .F. ) ;
#1664 = AXIS2_PLACEMENT_3D ( 'NONE', #4035, #1063, #2377 ) ;
#1665 = LINE ( 'NONE', #2263, #2827 ) ;
#1666 = DIRECTION ( 'NONE',  ( 0.000000000000000000, -1.000000000000000000, 0.000000000000000000 ) ) ;
#1667 = ORIENTED_EDGE ( 'NONE', *, *, #2117, .F. ) ;
#1668 = EDGE_CURVE ( 'NONE', #408, #739, #722, .T. ) ;
#1669 = CARTESIAN_POINT ( 'NONE',  ( -13000.00000000000000, 4.163336342343557632E-15, -725.0000000000050022 ) ) ;
#1670 = CARTESIAN_POINT ( 'NONE',  ( -13899.99999999999818, 679.9999999999977263, -459.9999999999979536 ) ) ;
#1671 = VERTEX_POINT ( 'NONE', #1590 ) ;
#1672 = CARTESIAN_POINT ( 'NONE',  ( -11411.43189860506209, 1.251372518897804489E-14, -755.0854464784850961 ) ) ;
#1673 = CARTESIAN_POINT ( 'NONE',  ( -14791.79486355016888, -954.9999999999963620, -1060.000000000000000 ) ) ;
#1674 = ADVANCED_FACE ( 'NONE', ( #615 ), #3280, .F. ) ;
#1675 = CARTESIAN_POINT ( 'NONE',  ( -14588.56810139493791, 176.9719203373657592, -350.9999999999987494 ) ) ;
#1676 = AXIS2_PLACEMENT_3D ( 'NONE', #3573, #3265, #3204 ) ;
#1677 = DIRECTION ( 'NONE',  ( 1.000000000000000000, 0.000000000000000000, 0.000000000000000000 ) ) ;
#1678 = ORIENTED_EDGE ( 'NONE', *, *, #470, .T. ) ;
#1679 = DIRECTION ( 'NONE',  ( 0.000000000000000000, 1.000000000000000000, 2.775557561563032853E-16 ) ) ;
#1680 = DIRECTION ( 'NONE',  ( 0.000000000000000000, 1.000000000000000000, 2.775557561563032853E-16 ) ) ;
#1682 = EDGE_CURVE ( 'NONE', #3275, #4032, #1267, .T. ) ;
#1681 =( NAMED_UNIT ( * ) SI_UNIT ( $, .STERADIAN. ) SOLID_ANGLE_UNIT ( ) );
#1683 = VERTEX_POINT ( 'NONE', #1934 ) ;
#1684 = APPLICATION_CONTEXT ( 'automotive_design' ) ;
#1685 = EDGE_LOOP ( 'NONE', ( #1168, #4040, #3491, #2424 ) ) ;
#1686 = DIRECTION ( 'NONE',  ( -0.000000000000000000, -2.775557561563032853E-16, 1.000000000000000000 ) ) ;
#1687 = CARTESIAN_POINT ( 'NONE',  ( 0.000000000000000000, 875.0000000000000000, -1060.000000000000000 ) ) ;
#1688 = ORIENTED_EDGE ( 'NONE', *, *, #1652, .T. ) ;
#1689 = AXIS2_PLACEMENT_3D ( 'NONE', #1346, #347, #3973 ) ;
#1690 = EDGE_CURVE ( 'NONE', #3693, #1444, #2928, .T. ) ;
#1691 = ORIENTED_EDGE ( 'NONE', *, *, #1183, .F. ) ;
#1692 = FACE_OUTER_BOUND ( 'NONE', #198, .T. ) ;
#1693 = AXIS2_PLACEMENT_3D ( 'NONE', #215, #175, #1506 ) ;
#1694 = VECTOR ( 'NONE', #1220, 1000.000000000000000 ) ;
#1695 = CARTESIAN_POINT ( 'NONE',  ( -14588.56810139493791, 278.9021535255452022, -725.0000000000052296 ) ) ;
#1696 = ORIENTED_EDGE ( 'NONE', *, *, #3843, .F. ) ;
#1697 = ORIENTED_EDGE ( 'NONE', *, *, #3501, .T. ) ;
#1698 = CARTESIAN_POINT ( 'NONE',  ( -12500.00000000000182, -1950.712458671873037, -306.2059048389994587 ) ) ;
#1699 = DIRECTION ( 'NONE',  ( 1.000000000000000000, 0.000000000000000000, 0.000000000000000000 ) ) ;
#1700 = CARTESIAN_POINT ( 'NONE',  ( -10255.33188238365256, 732.4719190560189190, -589.9999999999965894 ) ) ;
#1701 = DIRECTION ( 'NONE',  ( -3.912072321290969353E-16, 2.775557561563032853E-16, -1.000000000000000000 ) ) ;
#1702 = ORIENTED_EDGE ( 'NONE', *, *, #1668, .F. ) ;
#1703 = EDGE_CURVE ( 'NONE', #2014, #824, #2594, .T. ) ;
#1704 = LINE ( 'NONE', #712, #3161 ) ;
#1705 = DIRECTION ( 'NONE',  ( -1.000000000000000000, -1.224646799147353207E-16, 0.000000000000000000 ) ) ;
#1706 = CARTESIAN_POINT ( 'NONE',  ( -1950.000000000000682, 200.0000000000000000, -825.0000000000001137 ) ) ;
#1707 = SHAPE_REPRESENTATION_RELATIONSHIP ( 'NONE' , 'NONE' ,  #4012, #2246 ) ;
#1708 = CARTESIAN_POINT ( 'NONE',  ( -3866.957084846028465, -1190.000000000001592, -868.8465180732546287 ) ) ;
#1709 = ORIENTED_EDGE ( 'NONE', *, *, #3267, .F. ) ;
#1710 = VERTEX_POINT ( 'NONE', #729 ) ;
#1711 = ADVANCED_FACE ( 'NONE', ( #3670 ), #3998, .F. ) ;
#1712 = LINE ( 'NONE', #75, #3347 ) ;
#1713 = DIRECTION ( 'NONE',  ( 0.000000000000000000, 0.000000000000000000, 1.000000000000000000 ) ) ;
#1714 = EDGE_LOOP ( 'NONE', ( #979, #3098 ) ) ;
#1715 = ORIENTED_EDGE ( 'NONE', *, *, #2037, .T. ) ;
#1716 = DIRECTION ( 'NONE',  ( -0.000000000000000000, -2.775557561563032853E-16, 1.000000000000000000 ) ) ;
#1717 = ORIENTED_EDGE ( 'NONE', *, *, #3863, .F. ) ;
#1718 = AXIS2_PLACEMENT_3D ( 'NONE', #3107, #4063, #3857 ) ;
#1719 = DIRECTION ( 'NONE',  ( 0.000000000000000000, -1.000000000000000000, -2.249385511977649118E-16 ) ) ;
#1720 = EDGE_CURVE ( 'NONE', #1897, #1773, #1373, .T. ) ;
#1721 = CARTESIAN_POINT ( 'NONE',  ( 0.000000000000000000, -875.0000000000000000, -1140.000000000000227 ) ) ;
#1722 = DIRECTION ( 'NONE',  ( 0.000000000000000000, -0.9950481186486287433, 0.09939437395458879110 ) ) ;
#1723 = EDGE_CURVE ( 'NONE', #3073, #1272, #681, .T. ) ;
#1724 = LINE ( 'NONE', #641, #4295 ) ;
#1725 = VECTOR ( 'NONE', #2503, 1000.000000000000000 ) ;
#1726 = VERTEX_POINT ( 'NONE', #3353 ) ;
#1727 = AXIS2_PLACEMENT_3D ( 'NONE', #473, #2766, #605 ) ;
#1728 = CARTESIAN_POINT ( 'NONE',  ( -13899.99999999999818, -679.9999999999978400, 1.720845688168992638E-12 ) ) ;
#1729 = CARTESIAN_POINT ( 'NONE',  ( -11611.43189860506391, 1077.499998843224375, -769.9999999999957936 ) ) ;
#1730 = DIRECTION ( 'NONE',  ( 0.000000000000000000, 0.000000000000000000, 1.000000000000000000 ) ) ;
#1731 = CIRCLE ( 'NONE', #3469, 460.0000000000001137 ) ;
#1732 = DIRECTION ( 'NONE',  ( -1.000000000000000000, -0.000000000000000000, -0.000000000000000000 ) ) ;
#1733 = ORIENTED_EDGE ( 'NONE', *, *, #3150, .F. ) ;
#1734 = LINE ( 'NONE', #3012, #3688 ) ;
#1735 = CARTESIAN_POINT ( 'NONE',  ( -12100.00000000000182, 679.9999999999979536, -909.9999999999979536 ) ) ;
#1736 = ORIENTED_EDGE ( 'NONE', *, *, #2654, .F. ) ;
#1737 = ORIENTED_EDGE ( 'NONE', *, *, #2654, .T. ) ;
#1738 = EDGE_CURVE ( 'NONE', #1747, #77, #1026, .T. ) ;
#1739 = VECTOR ( 'NONE', #3653, 1000.000000000000000 ) ;
#1740 = AXIS2_PLACEMENT_3D ( 'NONE', #3320, #291, #3970 ) ;
#1741 = CARTESIAN_POINT ( 'NONE',  ( -12545.46126534801260, 697.6074941491500567, -574.9998243529004185 ) ) ;
#1742 = ORIENTED_EDGE ( 'NONE', *, *, #829, .F. ) ;
#1743 = LINE ( 'NONE', #817, #3168 ) ;
#1744 = CARTESIAN_POINT ( 'NONE',  ( -14175.00000000000000, 1189.999999999997954, -1160.000000000000227 ) ) ;
#1745 = CYLINDRICAL_SURFACE ( 'NONE', #445, 277.7941176470602045 ) ;
#1746 = CARTESIAN_POINT ( 'NONE',  ( 616.7948635501689978, 875.0000000000000000, -1060.000000000000000 ) ) ;
#1747 = VERTEX_POINT ( 'NONE', #3629 ) ;
#1748 = ORIENTED_EDGE ( 'NONE', *, *, #1906, .T. ) ;
#1749 = EDGE_CURVE ( 'NONE', #2033, #157, #834, .T. ) ;
#1750 = DIRECTION ( 'NONE',  ( 0.000000000000000000, -1.000000000000000000, -3.301729611148416588E-16 ) ) ;
#1751 = VECTOR ( 'NONE', #1595, 1000.000000000000000 ) ;
#1752 = CARTESIAN_POINT ( 'NONE',  ( -1950.000000000000682, -899.9999999999998863, -910.0000000000001137 ) ) ;
#1753 = DIRECTION ( 'NONE',  ( 3.912072321290969847E-16, -2.775557561563032853E-16, 1.000000000000000000 ) ) ;
#1754 = DIRECTION ( 'NONE',  ( 0.000000000000000000, -1.000000000000000000, -2.775557561563032853E-16 ) ) ;
#1755 = ORIENTED_EDGE ( 'NONE', *, *, #239, .T. ) ;
#1756 = EDGE_LOOP ( 'NONE', ( #3769, #2499, #1206, #1457, #1405, #3477, #766, #1524, #1840, #3737, #2409, #591 ) ) ;
#1757 = CARTESIAN_POINT ( 'NONE',  ( -14791.79486355016888, 795.0000000000036380, -1060.000000000000000 ) ) ;
#1758 = FACE_OUTER_BOUND ( 'NONE', #423, .T. ) ;
#1759 = CARTESIAN_POINT ( 'NONE',  ( -12541.24822945820597, 1054.999999999997499, -589.9999999999964757 ) ) ;
#1760 = VERTEX_POINT ( 'NONE', #2318 ) ;
#1761 = ORIENTED_EDGE ( 'NONE', *, *, #814, .T. ) ;
#1762 = EDGE_CURVE ( 'NONE', #2612, #3775, #986, .T. ) ;
#1763 = AXIS2_PLACEMENT_3D ( 'NONE', #1901, #2831, #2894 ) ;
#1764 = DIRECTION ( 'NONE',  ( -1.000000000000000000, 0.000000000000000000, 0.000000000000000000 ) ) ;
#1765 = AXIS2_PLACEMENT_3D ( 'NONE', #1283, #2588, #2268 ) ;
#1766 = EDGE_LOOP ( 'NONE', ( #3965, #1020, #544, #642, #1086 ) ) ;
#1767 = AXIS2_PLACEMENT_3D ( 'NONE', #3200, #575, #863 ) ;
#1768 = CARTESIAN_POINT ( 'NONE',  ( -11349.93198115551968, 1189.999999999998408, 5040.000000000000000 ) ) ;
#1769 = EDGE_CURVE ( 'NONE', #2717, #4112, #4212, .T. ) ;
#1770 = LINE ( 'NONE', #856, #3463 ) ;
#1771 = VECTOR ( 'NONE', #2671, 1000.000000000000114 ) ;
#1772 = DIRECTION ( 'NONE',  ( 0.000000000000000000, 1.000000000000000000, 0.000000000000000000 ) ) ;
#1773 = VERTEX_POINT ( 'NONE', #1744 ) ;
#1774 = CARTESIAN_POINT ( 'NONE',  ( -14388.56810139493609, -877.4999988432243754, -589.9999999999970441 ) ) ;
#1775 = CARTESIAN_POINT ( 'NONE',  ( -14299.99999999999818, 814.9999999999972715, -306.2059048389982081 ) ) ;
#1776 = CARTESIAN_POINT ( 'NONE',  ( -9640.572538960639577, 1189.999999999998408, -751.1534819267457124 ) ) ;
#1777 = ORIENTED_EDGE ( 'NONE', *, *, #1313, .T. ) ;
#1778 = EDGE_LOOP ( 'NONE', ( #2080, #2074, #490, #1868, #2401, #3015, #3196, #1784, #886, #4149, #1702, #247 ) ) ;
#1779 = DIRECTION ( 'NONE',  ( 0.000000000000000000, 1.000000000000000000, 2.249385511977649118E-16 ) ) ;
#1780 = VERTEX_POINT ( 'NONE', #1673 ) ;
#1781 = ORIENTED_EDGE ( 'NONE', *, *, #2147, .T. ) ;
#1782 = AXIS2_PLACEMENT_3D ( 'NONE', #1768, #3131, #751 ) ;
#1783 = CYLINDRICAL_SURFACE ( 'NONE', #327, 5999.999999999999091 ) ;
#1784 = ORIENTED_EDGE ( 'NONE', *, *, #329, .T. ) ;
#1785 = ORIENTED_EDGE ( 'NONE', *, *, #944, .F. ) ;
#1786 = DIRECTION ( 'NONE',  ( 0.000000000000000000, 2.200304988219453045E-16, 1.000000000000000000 ) ) ;
#1787 = CYLINDRICAL_SURFACE ( 'NONE', #192, 199.9999999999999432 ) ;
#1788 = PLANE ( 'NONE',  #654 ) ;
#1789 = CARTESIAN_POINT ( 'NONE',  ( -14239.85290935932790, 1054.999999999997499, -769.9999999999957936 ) ) ;
#1790 = EDGE_CURVE ( 'NONE', #1367, #2321, #1997, .T. ) ;
#1791 = ORIENTED_EDGE ( 'NONE', *, *, #592, .F. ) ;
#1792 = CARTESIAN_POINT ( 'NONE',  ( -12541.24822945820415, 732.4719190560189190, -589.9999999999965894 ) ) ;
#1793 = FACE_OUTER_BOUND ( 'NONE', #1478, .T. ) ;
#1794 = AXIS2_PLACEMENT_3D ( 'NONE', #1466, #3423, #3745 ) ;
#1795 = ORIENTED_EDGE ( 'NONE', *, *, #1811, .T. ) ;
#1796 = VECTOR ( 'NONE', #2118, 1000.000000000000000 ) ;
#1797 = CARTESIAN_POINT ( 'NONE',  ( -1950.000000000000682, 800.0000000000000000, -910.0000000000001137 ) ) ;
#1798 =( NAMED_UNIT ( * ) SI_UNIT ( $, .STERADIAN. ) SOLID_ANGLE_UNIT ( ) );
#1799 = DIRECTION ( 'NONE',  ( 0.000000000000000000, -1.000000000000000000, -2.775557561563032853E-16 ) ) ;
#1800 = ORIENTED_EDGE ( 'NONE', *, *, #3535, .F. ) ;
#1801 = EDGE_CURVE ( 'NONE', #4132, #4277, #2975, .T. ) ;
#1802 = EDGE_CURVE ( 'NONE', #2804, #2000, #2044, .T. ) ;
#1803 = DIRECTION ( 'NONE',  ( 0.000000000000000000, -2.775557561563032853E-16, 1.000000000000000000 ) ) ;
#1804 = VERTEX_POINT ( 'NONE', #1327 ) ;
#1805 = DIRECTION ( 'NONE',  ( 0.000000000000000000, -1.000000000000000000, -2.249385511977649118E-16 ) ) ;
#1806 = AXIS2_PLACEMENT_3D ( 'NONE', #2330, #978, #1300 ) ;
#1807 = DIRECTION ( 'NONE',  ( 0.000000000000000000, 0.000000000000000000, -1.000000000000000000 ) ) ;
#1808 = DIRECTION ( 'NONE',  ( 1.000000000000000000, -0.000000000000000000, -0.000000000000000000 ) ) ;
#1809 = EDGE_LOOP ( 'NONE', ( #2166, #3371, #1781, #1032, #3583, #386, #111, #1555 ) ) ;
#1810 = ORIENTED_EDGE ( 'NONE', *, *, #2431, .F. ) ;
#1811 = EDGE_CURVE ( 'NONE', #1617, #1726, #3978, .T. ) ;
#1812 = CARTESIAN_POINT ( 'NONE',  ( -13899.99999999999818, 1054.999999999997044, 2.220446049250313081E-12 ) ) ;
#1813 = FACE_OUTER_BOUND ( 'NONE', #1145, .T. ) ;
#1814 = ORIENTED_EDGE ( 'NONE', *, *, #1815, .F. ) ;
#1815 = EDGE_CURVE ( 'NONE', #1014, #3953, #1995, .T. ) ;
#1816 = DIRECTION ( 'NONE',  ( 0.000000000000000000, -3.301729611148416588E-16, 1.000000000000000000 ) ) ;
#1817 = LINE ( 'NONE', #3143, #652 ) ;
#1818 = ORIENTED_EDGE ( 'NONE', *, *, #3515, .T. ) ;
#1819 = DIRECTION ( 'NONE',  ( 0.000000000000000000, -1.000000000000000000, 0.000000000000000000 ) ) ;
#1820 = CARTESIAN_POINT ( 'NONE',  ( -12225.00000000000182, -200.0000000000000000, -825.0000000000001137 ) ) ;
#1821 = CARTESIAN_POINT ( 'NONE',  ( 616.7948635501689978, -875.0000000000000000, -1060.000000000000000 ) ) ;
#1822 = CONTEXT_DEPENDENT_SHAPE_REPRESENTATION ( #3418, #3622 ) ;
#1823 = CARTESIAN_POINT ( 'NONE',  ( -14119.99999999999818, -1950.712458671873037, -239.9999999999987779 ) ) ;
#1824 = AXIS2_PLACEMENT_3D ( 'NONE', #2280, #267, #4281 ) ;
#1825 = VECTOR ( 'NONE', #3651, 1000.000000000000000 ) ;
#1826 = VERTEX_POINT ( 'NONE', #354 ) ;
#1827 = VERTEX_POINT ( 'NONE', #375 ) ;
#1828 = AXIS2_PLACEMENT_3D ( 'NONE', #4073, #3095, #1100 ) ;
#1829 = DIRECTION ( 'NONE',  ( 0.000000000000000000, 0.000000000000000000, 1.000000000000000000 ) ) ;
#1830 = CARTESIAN_POINT ( 'NONE',  ( -11411.43189860506209, -729.4021522441533989, -769.9999999999963620 ) ) ;
#1831 = CARTESIAN_POINT ( 'NONE',  ( -13452.71931086792210, -679.9999999999977263, -567.4243228023079837 ) ) ;
#1832 = EDGE_CURVE ( 'NONE', #1710, #142, #481, .T. ) ;
#1833 = VERTEX_POINT ( 'NONE', #3722 ) ;
#1834 = DIRECTION ( 'NONE',  ( 0.000000000000000000, 1.000000000000000000, 3.301729611148416588E-16 ) ) ;
#1835 = DIRECTION ( 'NONE',  ( 0.000000000000000000, -1.000000000000000000, 0.000000000000000000 ) ) ;
#1836 = DIRECTION ( 'NONE',  ( -3.132904478660053556E-17, 1.000000000000000000, -0.000000000000000000 ) ) ;
#1837 = ORIENTED_EDGE ( 'NONE', *, *, #1919, .F. ) ;
#1838 = EDGE_CURVE ( 'NONE', #3351, #2707, #2998, .T. ) ;
#1839 = CIRCLE ( 'NONE', #1501, 460.0000000000001137 ) ;
#1840 = ORIENTED_EDGE ( 'NONE', *, *, #2572, .F. ) ;
#1841 = DIRECTION ( 'NONE',  ( 0.000000000000000000, -1.000000000000000000, -2.775557561563032853E-16 ) ) ;
#1842 = CIRCLE ( 'NONE', #3861, 199.9999999999999432 ) ;
#1843 = CARTESIAN_POINT ( 'NONE',  ( 0.000000000000000000, 0.000000000000000000, 0.000000000000000000 ) ) ;
#1844 = ORIENTED_EDGE ( 'NONE', *, *, #4027, .F. ) ;
#1845 = CARTESIAN_POINT ( 'NONE',  ( -1.259562753036178918E-13, -1190.000000000001592, -660.0000000000019327 ) ) ;
#1846 = APPLICATION_CONTEXT ( 'automotive_design' ) ;
#1847 = EDGE_CURVE ( 'NONE', #4095, #784, #2688, .T. ) ;
#1848 = ORIENTED_EDGE ( 'NONE', *, *, #3296, .F. ) ;
#1849 = PLANE ( 'NONE',  #32 ) ;
#1850 = DIRECTION ( 'NONE',  ( 0.000000000000000000, -1.000000000000000000, -2.249385511977649118E-16 ) ) ;
#1851 = DIRECTION ( 'NONE',  ( 0.000000000000000000, 3.301729611148416588E-16, -1.000000000000000000 ) ) ;
#1852 = AXIS2_PLACEMENT_3D ( 'NONE', #2184, #2810, #4155 ) ;
#1853 = EDGE_CURVE ( 'NONE', #4250, #2973, #3695, .T. ) ;
#1854 = FACE_OUTER_BOUND ( 'NONE', #223, .T. ) ;
#1855 = EDGE_LOOP ( 'NONE', ( #1065, #3691, #100, #1567 ) ) ;
#1856 = DIRECTION ( 'NONE',  ( -7.824144642581933777E-16, 2.775557561563032853E-16, -1.000000000000000000 ) ) ;
#1857 = DIRECTION ( 'NONE',  ( 0.000000000000000000, 1.000000000000000000, 2.249385511977649118E-16 ) ) ;
#1858 = CARTESIAN_POINT ( 'NONE',  ( -11611.43189860506391, -1077.499998843224375, -769.9999999999964757 ) ) ;
#1859 = DIRECTION ( 'NONE',  ( 0.000000000000000000, 0.000000000000000000, 1.000000000000000000 ) ) ;
#1860 = ORIENTED_EDGE ( 'NONE', *, *, #1738, .T. ) ;
#1861 = VECTOR ( 'NONE', #1046, 1000.000000000000000 ) ;
#1862 = AXIS2_PLACEMENT_3D ( 'NONE', #911, #1259, #2561 ) ;
#1863 = EDGE_CURVE ( 'NONE', #2741, #232, #3659, .T. ) ;
#1864 = ORIENTED_EDGE ( 'NONE', *, *, #245, .T. ) ;
#1865 = ADVANCED_FACE ( 'NONE', ( #440 ), #3765, .T. ) ;
#1866 = DIRECTION ( 'NONE',  ( 0.000000000000000000, 0.000000000000000000, 1.000000000000000000 ) ) ;
#1867 =( NAMED_UNIT ( * ) SI_UNIT ( $, .STERADIAN. ) SOLID_ANGLE_UNIT ( ) );
#1868 = ORIENTED_EDGE ( 'NONE', *, *, #973, .T. ) ;
#1869 = CARTESIAN_POINT ( 'NONE',  ( -13458.75177054179403, -1054.999999999997499, -589.9999999999971578 ) ) ;
#1870 = AXIS2_PLACEMENT_3D ( 'NONE', #2311, #2632, #4287 ) ;
#1871 = ORIENTED_EDGE ( 'NONE', *, *, #4075, .T. ) ;
#1872 = LINE ( 'NONE', #3893, #4128 ) ;
#1873 = LINE ( 'NONE', #3546, #1360 ) ;
#1874 = PLANE ( 'NONE',  #1584 ) ;
#1875 = AXIS2_PLACEMENT_3D ( 'NONE', #3123, #2441, #4120 ) ;
#1876 = CARTESIAN_POINT ( 'NONE',  ( -12100.00000000000182, -679.9999999999977263, -459.9999999999982947 ) ) ;
#1877 = ORIENTED_EDGE ( 'NONE', *, *, #2921, .T. ) ;
#1878 = CARTESIAN_POINT ( 'NONE',  ( -14795.00000000000000, -875.0000000000001137, -1060.000000000000000 ) ) ;
#1879 = LINE ( 'NONE', #887, #776 ) ;
#1880 = CARTESIAN_POINT ( 'NONE',  ( -14175.00000000000000, 875.0000000000000000, -980.0000000000001137 ) ) ;
#1881 = CARTESIAN_POINT ( 'NONE',  ( -13899.99999999999818, -814.9999999999976126, 1.831867990631508292E-12 ) ) ;
#1882 = EDGE_LOOP ( 'NONE', ( #2926, #2958, #975, #694, #761, #3785, #1650, #771, #2769 ) ) ;
#1883 = CARTESIAN_POINT ( 'NONE',  ( -11700.00000000000182, -1077.499998843224603, -306.2059048389986629 ) ) ;
#1884 = VECTOR ( 'NONE', #3880, 1000.000000000000000 ) ;
#1885 = ADVANCED_FACE ( 'NONE', ( #837 ), #3827, .F. ) ;
#1886 = DIRECTION ( 'NONE',  ( 0.000000000000000000, -2.249385511977649118E-16, 1.000000000000000000 ) ) ;
#1887 = ORIENTED_EDGE ( 'NONE', *, *, #777, .T. ) ;
#1888 = DIRECTION ( 'NONE',  ( 1.000000000000000000, 3.132904478660053556E-17, 0.000000000000000000 ) ) ;
#1889 = ORIENTED_EDGE ( 'NONE', *, *, #2161, .F. ) ;
#1890 = ADVANCED_FACE ( 'NONE', ( #133 ), #1787, .T. ) ;
#1891 = LINE ( 'NONE', #945, #3788 ) ;
#1892 = DIRECTION ( 'NONE',  ( 1.000000000000000000, -0.000000000000000000, 0.000000000000000000 ) ) ;
#1893 = VECTOR ( 'NONE', #1255, 1000.000000000000000 ) ;
#1894 = DIRECTION ( 'NONE',  ( 1.000000000000000000, -0.000000000000000000, -0.000000000000000000 ) ) ;
#1895 = PLANE ( 'NONE',  #1964 ) ;
#1896 = AXIS2_PLACEMENT_3D ( 'NONE', #2545, #1244, #1930 ) ;
#1897 = VERTEX_POINT ( 'NONE', #797 ) ;
#1898 = AXIS2_PLACEMENT_3D ( 'NONE', #1161, #4109, #3154 ) ;
#1899 = DIRECTION ( 'NONE',  ( -7.824144642581933777E-16, -2.775557561563032853E-16, 1.000000000000000000 ) ) ;
#1900 = CARTESIAN_POINT ( 'NONE',  ( -5576.316527040904475, 1189.999999999998408, -6660.000000000000909 ) ) ;
#1901 = CARTESIAN_POINT ( 'NONE',  ( -13899.99999999999818, 679.9999999999979536, -909.9999999999979536 ) ) ;
#1902 = ORIENTED_EDGE ( 'NONE', *, *, #1427, .F. ) ;
#1903 = ORIENTED_EDGE ( 'NONE', *, *, #2155, .F. ) ;
#1905 = LINE ( 'NONE', #3228, #845 ) ;
#1904 =( REPRESENTATION_RELATIONSHIP ('NONE','NONE', #4145, #749 ) REPRESENTATION_RELATIONSHIP_WITH_TRANSFORMATION ( #798 )SHAPE_REPRESENTATION_RELATIONSHIP( ) );
#1906 = EDGE_CURVE ( 'NONE', #158, #1488, #2153, .T. ) ;
#1907 = VECTOR ( 'NONE', #1222, 1000.000000000000000 ) ;
#1908 = VERTEX_POINT ( 'NONE', #2111 ) ;
#1909 = DIRECTION ( 'NONE',  ( 1.000000000000000000, -1.085818191274059690E-31, 3.912072321290969353E-16 ) ) ;
#1910 = VERTEX_POINT ( 'NONE', #1138 ) ;
#1911 = FACE_OUTER_BOUND ( 'NONE', #1809, .T. ) ;
#1912 = CARTESIAN_POINT ( 'NONE',  ( -12444.28938755610034, 679.9999999999977263, -765.0652677973102982 ) ) ;
#1913 = EDGE_CURVE ( 'NONE', #2245, #2176, #4086, .T. ) ;
#1914 = LINE ( 'NONE', #2319, #2508 ) ;
#1915 = EDGE_LOOP ( 'NONE', ( #4031, #289, #721, #3255, #3534, #541, #1667, #2358 ) ) ;
#1916 = ORIENTED_EDGE ( 'NONE', *, *, #768, .F. ) ;
#1917 = LINE ( 'NONE', #972, #4106 ) ;
#1919 = EDGE_CURVE ( 'NONE', #824, #2224, #1770, .T. ) ;
#1918 = LINE ( 'NONE', #906, #1599 ) ;
#1920 = DIRECTION ( 'NONE',  ( 1.000000000000000000, 0.000000000000000000, 0.000000000000000000 ) ) ;
#1921 = ORIENTED_EDGE ( 'NONE', *, *, #912, .F. ) ;
#1922 = VERTEX_POINT ( 'NONE', #1484 ) ;
#1923 = FACE_OUTER_BOUND ( 'NONE', #3601, .T. ) ;
#1924 = DIRECTION ( 'NONE',  ( 0.000000000000000000, -1.000000000000000000, -2.775557561563032853E-16 ) ) ;
#1925 = ORIENTED_EDGE ( 'NONE', *, *, #892, .T. ) ;
#1926 = EDGE_CURVE ( 'NONE', #2639, #3183, #1505, .T. ) ;
#1927 = CIRCLE ( 'NONE', #613, 277.7941176470602045 ) ;
#1928 = VECTOR ( 'NONE', #2284, 1000.000000000000000 ) ;
#1929 = VECTOR ( 'NONE', #3937, 1000.000000000000000 ) ;
#1930 = DIRECTION ( 'NONE',  ( 0.000000000000000000, -0.9854601157443478865, -0.1699069165076472210 ) ) ;
#1931 = ORIENTED_EDGE ( 'NONE', *, *, #1242, .T. ) ;
#1932 = ORIENTED_EDGE ( 'NONE', *, *, #762, .T. ) ;
#1933 = DIRECTION ( 'NONE',  ( 0.000000000000000000, -0.9901138386947148096, 0.1402661271484180183 ) ) ;
#1934 = CARTESIAN_POINT ( 'NONE',  ( -13680.00000000000000, -1077.499998843224603, -239.9999999999985505 ) ) ;
#1935 = DIRECTION ( 'NONE',  ( -0.000000000000000000, -0.9185881544472648264, 0.3952161465694030151 ) ) ;
#1936 = CARTESIAN_POINT ( 'NONE',  ( -11760.14709064067210, -729.4021522441533989, -769.9999999999963620 ) ) ;
#1937 = EDGE_LOOP ( 'NONE', ( #3014, #14, #1008, #3309, #2956, #3996, #4218, #1737 ) ) ;
#1938 = ORIENTED_EDGE ( 'NONE', *, *, #305, .T. ) ;
#1939 = EDGE_CURVE ( 'NONE', #1615, #1647, #2171, .T. ) ;
#1940 = AXIS2_PLACEMENT_3D ( 'NONE', #2103, #2201, #101 ) ;
#1941 = AXIS2_PLACEMENT_3D ( 'NONE', #2285, #1364, #1645 ) ;
#1942 = DIRECTION ( 'NONE',  ( -1.000000000000000000, -0.000000000000000000, 0.000000000000000000 ) ) ;
#1943 = DIRECTION ( 'NONE',  ( 1.000000000000000000, 0.000000000000000000, 0.000000000000000000 ) ) ;
#1944 = ORIENTED_EDGE ( 'NONE', *, *, #1128, .F. ) ;
#1945 = EDGE_CURVE ( 'NONE', #562, #1625, #1927, .T. ) ;
#1946 = DIRECTION ( 'NONE',  ( -0.000000000000000000, 1.000000000000000000, -0.000000000000000000 ) ) ;
#1947 = ORIENTED_EDGE ( 'NONE', *, *, #1588, .T. ) ;
#1948 = PRODUCT_RELATED_PRODUCT_CATEGORY ( 'part', '', ( #2965 ) ) ;
#1949 = CARTESIAN_POINT ( 'NONE',  ( -13557.17756101499617, -696.5740269077365383, -766.7208309781531170 ) ) ;
#1950 = CARTESIAN_POINT ( 'NONE',  ( -12225.00000000000182, -899.9999999999998863, -910.0000000000001137 ) ) ;
#1951 = ORIENTED_EDGE ( 'NONE', *, *, #494, .F. ) ;
#1952 = AXIS2_PLACEMENT_3D ( 'NONE', #2891, #2559, #3900 ) ;
#1953 = DIRECTION ( 'NONE',  ( 0.000000000000000000, -2.413528314402514090E-16, 1.000000000000000000 ) ) ;
#1954 = CARTESIAN_POINT ( 'NONE',  ( -14119.99999999999818, 1950.712458671872582, -239.9999999999976694 ) ) ;
#1955 = CARTESIAN_POINT ( 'NONE',  ( -8598.683472959097344, 989.9999999999981810, -660.0000000000002274 ) ) ;
#1956 = LINE ( 'NONE', #3284, #1003 ) ;
#1957 = LINE ( 'NONE', #664, #350 ) ;
#1958 = ORIENTED_EDGE ( 'NONE', *, *, #1811, .F. ) ;
#1959 = AXIS2_PLACEMENT_3D ( 'NONE', #455, #1779, #1323 ) ;
#1960 = LINE ( 'NONE', #4260, #1751 ) ;
#1961 = SPHERICAL_SURFACE ( 'NONE', #1001, 1000.000000000000000 ) ;
#1962 = ORIENTED_EDGE ( 'NONE', *, *, #1229, .T. ) ;
#1963 = AXIS2_PLACEMENT_3D ( 'NONE', #4162, #3846, #2880 ) ;
#1964 = AXIS2_PLACEMENT_3D ( 'NONE', #3180, #4134, #4116 ) ;
#1965 = CARTESIAN_POINT ( 'NONE',  ( -4534.427461039362242, 1189.999999999998408, -751.1534819267454850 ) ) ;
#1966 = AXIS2_PLACEMENT_3D ( 'NONE', #2480, #3480, #3443 ) ;
#1967 = DIRECTION ( 'NONE',  ( -0.000000000000000000, -1.000000000000000000, -0.000000000000000000 ) ) ;
#1968 = ORIENTED_EDGE ( 'NONE', *, *, #476, .F. ) ;
#1969 = EDGE_CURVE ( 'NONE', #1444, #1587, #2780, .T. ) ;
#1970 = LINE ( 'NONE', #3038, #3395 ) ;
#1971 = CARTESIAN_POINT ( 'NONE',  ( -12320.00000000000000, 1077.499998843224375, -517.7941176470588971 ) ) ;
#1972 = ORIENTED_EDGE ( 'NONE', *, *, #991, .T. ) ;
#1973 = ADVANCED_FACE ( 'NONE', ( #2818 ), #105, .T. ) ;
#1974 = ORIENTED_EDGE ( 'NONE', *, *, #923, .F. ) ;
#1975 = FACE_OUTER_BOUND ( 'NONE', #2105, .T. ) ;
#1976 = DIRECTION ( 'NONE',  ( 0.000000000000000000, -0.9901138386947148096, -0.1402661271484180183 ) ) ;
#1977 = CARTESIAN_POINT ( 'NONE',  ( -14175.00000000000000, -1190.000000000001592, -960.0000000000002274 ) ) ;
#1978 = ADVANCED_FACE ( 'NONE', ( #1092 ), #2450, .F. ) ;
#1979 = CARTESIAN_POINT ( 'NONE',  ( -12500.00000000000182, -814.9999999999974989, -306.2059048389991176 ) ) ;
#1980 = ORIENTED_EDGE ( 'NONE', *, *, #1094, .F. ) ;
#1981 = VECTOR ( 'NONE', #2338, 1000.000000000000114 ) ;
#1982 = DIRECTION ( 'NONE',  ( -1.000000000000000000, 0.000000000000000000, 0.000000000000000000 ) ) ;
#1983 = CARTESIAN_POINT ( 'NONE',  ( -14345.46126534801260, 697.6074941491493746, -574.9998243529000774 ) ) ;
#1984 = CARTESIAN_POINT ( 'NONE',  ( -13795.00000000000000, -875.0000000000000000, -1060.000000000000000 ) ) ;
#1985 = VERTEX_POINT ( 'NONE', #506 ) ;
#1986 = ORIENTED_EDGE ( 'NONE', *, *, #955, .F. ) ;
#1987 = CARTESIAN_POINT ( 'NONE',  ( -13555.71061244389966, 679.9999999999977263, -765.0652677973102982 ) ) ;
#1988 = ORIENTED_EDGE ( 'NONE', *, *, #1749, .F. ) ;
#1989 = EDGE_CURVE ( 'NONE', #1510, #1710, #2608, .T. ) ;
#1990 = CARTESIAN_POINT ( 'NONE',  ( -13560.14709064066847, -729.4021522441533989, -769.9999999999963620 ) ) ;
#1991 = FACE_OUTER_BOUND ( 'NONE', #2107, .T. ) ;
#1992 = AXIS2_PLACEMENT_3D ( 'NONE', #3151, #174, #2484 ) ;
#1993 = ORIENTED_EDGE ( 'NONE', *, *, #3692, .T. ) ;
#1994 = DIRECTION ( 'NONE',  ( -0.000000000000000000, -0.000000000000000000, -1.000000000000000000 ) ) ;
#1995 = CIRCLE ( 'NONE', #4144, 79.99999999999995737 ) ;
#1996 = EDGE_CURVE ( 'NONE', #3019, #3667, #155, .T. ) ;
#1997 = LINE ( 'NONE', #2641, #2336 ) ;
#1998 = DIRECTION ( 'NONE',  ( 0.000000000000000000, -1.000000000000000000, -5.551115123125784674E-16 ) ) ;
#1999 = PLANE ( 'NONE',  #2950 ) ;
#2000 = VERTEX_POINT ( 'NONE', #4129 ) ;
#2001 = PRODUCT_DEFINITION ( 'NON CONOSCIUTO', '', #2239, #1303 ) ;
#2002 = CARTESIAN_POINT ( 'NONE',  ( -11411.43189860506209, 729.4021522441533989, -769.9999999999959073 ) ) ;
#2003 = CARTESIAN_POINT ( 'NONE',  ( -12500.00000000000182, -814.9999999999974989, -589.9999999999970441 ) ) ;
#2004 = DIRECTION ( 'NONE',  ( 0.000000000000000000, 0.000000000000000000, 1.000000000000000000 ) ) ;
#2005 = CARTESIAN_POINT ( 'NONE',  ( -14244.28938755609852, 679.9999999999977263, -765.0652677973101845 ) ) ;
#2006 = VERTEX_POINT ( 'NONE', #3808 ) ;
#2007 = ORIENTED_EDGE ( 'NONE', *, *, #2538, .F. ) ;
#2008 = DIRECTION ( 'NONE',  ( -0.000000000000000000, -1.000000000000000000, -0.000000000000000000 ) ) ;
#2009 = CARTESIAN_POINT ( 'NONE',  ( -12100.00000000000182, 814.9999999999971578, 2.275957200481570908E-12 ) ) ;
#2010 = ORIENTED_EDGE ( 'NONE', *, *, #768, .T. ) ;
#2011 = EDGE_LOOP ( 'NONE', ( #392, #516, #3304, #4171 ) ) ;
#2012 = DIRECTION ( 'NONE',  ( 0.000000000000000000, 0.9950481186486287433, -0.09939437395458879110 ) ) ;
#2013 = PLANE ( 'NONE',  #1959 ) ;
#2014 = VERTEX_POINT ( 'NONE', #1820 ) ;
#2015 = EDGE_CURVE ( 'NONE', #577, #2273, #1173, .T. ) ;
#2016 = ORIENTED_EDGE ( 'NONE', *, *, #1143, .F. ) ;
#2017 = CARTESIAN_POINT ( 'NONE',  ( -12225.00000000000182, 899.9999999999998863, -910.0000000000001137 ) ) ;
#2018 = DIRECTION ( 'NONE',  ( 0.000000000000000000, -1.000000000000000000, 0.000000000000000000 ) ) ;
#2019 = DIRECTION ( 'NONE',  ( 0.000000000000000000, -1.000000000000000000, -0.000000000000000000 ) ) ;
#2020 = VECTOR ( 'NONE', #2354, 1000.000000000000000 ) ;
#2021 = EDGE_CURVE ( 'NONE', #2996, #112, #3213, .T. ) ;
#2022 = LINE ( 'NONE', #1088, #4159 ) ;
#2023 = VERTEX_POINT ( 'NONE', #876 ) ;
#2024 = CARTESIAN_POINT ( 'NONE',  ( -12500.00000000000182, -814.9999999999974989, -306.2059048389988902 ) ) ;
#2025 = DIRECTION ( 'NONE',  ( 0.000000000000000000, 0.000000000000000000, 1.000000000000000000 ) ) ;
#2026 = PLANE ( 'NONE',  #679 ) ;
#2027 = DIRECTION ( 'NONE',  ( 1.000000000000000000, 0.000000000000000000, 0.000000000000000000 ) ) ;
#2028 = DIRECTION ( 'NONE',  ( -1.000000000000000000, -0.000000000000000000, 0.000000000000000000 ) ) ;
#2029 = VERTEX_POINT ( 'NONE', #2610 ) ;
#2030 = ORIENTED_EDGE ( 'NONE', *, *, #3899, .F. ) ;
#2031 = CARTESIAN_POINT ( 'NONE',  ( -12225.00000000000182, 1189.999999999998408, -960.0000000000002274 ) ) ;
#2032 = CARTESIAN_POINT ( 'NONE',  ( -10255.33188238365256, -679.9999999999977263, -765.0652677973106393 ) ) ;
#2033 = VERTEX_POINT ( 'NONE', #4267 ) ;
#2034 = AXIS2_PLACEMENT_3D ( 'NONE', #1477, #1154, #2458 ) ;
#2035 = VERTEX_POINT ( 'NONE', #1004 ) ;
#2036 = VECTOR ( 'NONE', #1052, 1000.000000000000000 ) ;
#2037 = EDGE_CURVE ( 'NONE', #3298, #562, #1970, .T. ) ;
#2038 = AXIS2_PLACEMENT_3D ( 'NONE', #2173, #1140, #1543 ) ;
#2039 = CIRCLE ( 'NONE', #1116, 277.7941176470602045 ) ;
#2040 = EDGE_CURVE ( 'NONE', #1620, #1826, #1369, .T. ) ;
#2041 = CARTESIAN_POINT ( 'NONE',  ( -13499.99999999999818, 1950.712458671872810, -589.9999999999963620 ) ) ;
#2042 = VERTEX_POINT ( 'NONE', #2313 ) ;
#2043 = CARTESIAN_POINT ( 'NONE',  ( 616.7948635501689978, -795.0000000000001137, -1060.000000000000000 ) ) ;
#2044 = LINE ( 'NONE', #1350, #686 ) ;
#2045 = CARTESIAN_POINT ( 'NONE',  ( -11880.00000000000182, -1950.712458671872810, -517.7941176470596929 ) ) ;
#2046 = LINE ( 'NONE', #1675, #2305 ) ;
#2047 = AXIS2_PLACEMENT_3D ( 'NONE', #3197, #3524, #2551 ) ;
#2048 = CARTESIAN_POINT ( 'NONE',  ( -11700.00000000000182, -1950.712458671872810, -589.9999999999973852 ) ) ;
#2049 = ORIENTED_EDGE ( 'NONE', *, *, #340, .T. ) ;
#2050 = EDGE_CURVE ( 'NONE', #2848, #674, #547, .T. ) ;
#2051 = FACE_OUTER_BOUND ( 'NONE', #3318, .T. ) ;
#2052 = DIRECTION ( 'NONE',  ( -1.000000000000000000, 2.171636382548118065E-31, -7.824144642581933777E-16 ) ) ;
#2053 = CARTESIAN_POINT ( 'NONE',  ( -12439.85290935933153, 729.4021522441533989, -769.9999999999959073 ) ) ;
#2054 = DIRECTION ( 'NONE',  ( 0.000000000000000000, 0.000000000000000000, 1.000000000000000000 ) ) ;
#2055 = VERTEX_POINT ( 'NONE', #1648 ) ;
#2056 = ORIENTED_EDGE ( 'NONE', *, *, #3251, .T. ) ;
#2057 = AXIS2_PLACEMENT_3D ( 'NONE', #985, #3020, #1395 ) ;
#2058 = VECTOR ( 'NONE', #3508, 999.9999999999998863 ) ;
#2059 = EDGE_CURVE ( 'NONE', #2803, #784, #3539, .T. ) ;
#2060 = DIRECTION ( 'NONE',  ( 0.000000000000000000, -1.000000000000000000, 2.220446049250313081E-16 ) ) ;
#2061 = CARTESIAN_POINT ( 'NONE',  ( -1950.000000000000682, -200.0000000000000000, -825.0000000000001137 ) ) ;
#2062 = ORIENTED_EDGE ( 'NONE', *, *, #1605, .T. ) ;
#2063 = ORIENTED_EDGE ( 'NONE', *, *, #3522, .T. ) ;
#2064 = CARTESIAN_POINT ( 'NONE',  ( -13458.75177054179585, -732.4719190560189190, -589.9999999999970441 ) ) ;
#2065 = CARTESIAN_POINT ( 'NONE',  ( -14119.99999999999818, -814.9999999999974989, -517.7941176470593518 ) ) ;
#2066 = FACE_OUTER_BOUND ( 'NONE', #1111, .T. ) ;
#2067 = CARTESIAN_POINT ( 'NONE',  ( -14791.79486355016888, -875.0000000000000000, -1060.000000000000000 ) ) ;
#2068 = ORIENTED_EDGE ( 'NONE', *, *, #1427, .T. ) ;
#2069 = APPLICATION_CONTEXT ( 'automotive_design' ) ;
#2070 = CARTESIAN_POINT ( 'NONE',  ( -14388.56810139493609, 1077.499998843224375, -769.9999999999957936 ) ) ;
#2071 = CARTESIAN_POINT ( 'NONE',  ( -1950.000000000000682, -800.0000000000000000, -910.0000000000001137 ) ) ;
#2072 = DIRECTION ( 'NONE',  ( 1.000000000000000000, 3.700743415417188263E-17, 1.243449787580175325E-14 ) ) ;
#2073 = CARTESIAN_POINT ( 'NONE',  ( -15744.66811761634744, -679.9999999999979536, -567.4243228023079837 ) ) ;
#2074 = ORIENTED_EDGE ( 'NONE', *, *, #578, .F. ) ;
#2075 = ADVANCED_FACE ( 'NONE', ( #1393 ), #981, .T. ) ;
#2076 = EDGE_LOOP ( 'NONE', ( #1604, #511, #460, #62, #496 ) ) ;
#2077 = CARTESIAN_POINT ( 'NONE',  ( -8598.683472959097344, 1189.999999999998408, -660.0000000000002274 ) ) ;
#2078 = CARTESIAN_POINT ( 'NONE',  ( -15744.66811761634744, 729.4021522441533989, -769.9999999999959073 ) ) ;
#2079 = ORIENTED_EDGE ( 'NONE', *, *, #4193, .F. ) ;
#2080 = ORIENTED_EDGE ( 'NONE', *, *, #636, .F. ) ;
#2081 = VECTOR ( 'NONE', #4125, 1000.000000000000000 ) ;
#2082 = AXIS2_PLACEMENT_3D ( 'NONE', #685, #23, #1353 ) ;
#2083 = VECTOR ( 'NONE', #565, 1000.000000000000000 ) ;
#2084 = CARTESIAN_POINT ( 'NONE',  ( -11757.17756101499617, 696.5740269077374478, -766.7208309781528897 ) ) ;
#2085 = ORIENTED_EDGE ( 'NONE', *, *, #3441, .T. ) ;
#2086 = DIRECTION ( 'NONE',  ( -3.912072321290969847E-16, -2.775557561563032853E-16, 1.000000000000000000 ) ) ;
#2087 = DIRECTION ( 'NONE',  ( 0.000000000000000000, 2.249385511977649118E-16, -1.000000000000000000 ) ) ;
#2088 = DIRECTION ( 'NONE',  ( -0.000000000000000000, 1.000000000000000000, -0.000000000000000000 ) ) ;
#2089 = EDGE_LOOP ( 'NONE', ( #3268, #3611, #3430, #2327, #396, #1810, #1359, #2099, #1785, #3831, #94, #4222, #1871, #1019, #2405 ) ) ;
#2090 = AXIS2_PLACEMENT_3D ( 'NONE', #1077, #3004, #1099 ) ;
#2091 = LINE ( 'NONE', #3427, #3708 ) ;
#2092 = CARTESIAN_POINT ( 'NONE',  ( -14341.24822945820415, 732.4719190560189190, -589.9999999999965894 ) ) ;
#2093 = DIRECTION ( 'NONE',  ( -1.000000000000000000, -2.220446049250313081E-16, 0.000000000000000000 ) ) ;
#2094 = ORIENTED_EDGE ( 'NONE', *, *, #653, .F. ) ;
#2095 = VERTEX_POINT ( 'NONE', #3951 ) ;
#2096 = DIRECTION ( 'NONE',  ( -1.000000000000000000, 0.000000000000000000, 0.000000000000000000 ) ) ;
#2097 = CARTESIAN_POINT ( 'NONE',  ( -13899.99999999999818, -814.9999999999972715, -909.9999999999987494 ) ) ;
#2098 = CARTESIAN_POINT ( 'NONE',  ( -12100.00000000000182, -679.9999999999978400, 1.720845688168992638E-12 ) ) ;
#2099 = ORIENTED_EDGE ( 'NONE', *, *, #4107, .T. ) ;
#2100 = ORIENTED_EDGE ( 'NONE', *, *, #182, .F. ) ;
#2101 = AXIS2_PLACEMENT_3D ( 'NONE', #3924, #338, #1335 ) ;
#2102 = ADVANCED_FACE ( 'NONE', ( #2706 ), #656, .T. ) ;
#2103 = CARTESIAN_POINT ( 'NONE',  ( 616.7948635501689978, 875.0000000000000000, -1060.000000000000000 ) ) ;
#2104 = PLANE ( 'NONE',  #659 ) ;
#2105 = EDGE_LOOP ( 'NONE', ( #890, #46, #69, #953 ) ) ;
#2106 = CIRCLE ( 'NONE', #1689, 79.99999999999995737 ) ;
#2107 = EDGE_LOOP ( 'NONE', ( #324, #188, #4081, #3878 ) ) ;
#2108 = AXIS2_PLACEMENT_3D ( 'NONE', #2847, #3876, #2218 ) ;
#2109 = CARTESIAN_POINT ( 'NONE',  ( -2825.068018844486232, 989.9999999999982947, -960.0000000000014779 ) ) ;
#2110 = EDGE_CURVE ( 'NONE', #2029, #2589, #2970, .T. ) ;
#2111 = CARTESIAN_POINT ( 'NONE',  ( -11825.00000000000182, -899.9999999999998863, -910.0000000000001137 ) ) ;
#2112 = APPLICATION_PROTOCOL_DEFINITION ( 'draft international standard', 'automotive_design', 1998, #3105 ) ;
#2113 = CARTESIAN_POINT ( 'NONE',  ( -13458.75177054179403, 814.9999999999972715, -589.9999999999965894 ) ) ;
#2114 = VERTEX_POINT ( 'NONE', #2359 ) ;
#2115 = EDGE_LOOP ( 'NONE', ( #1791, #252, #339, #3638, #3872 ) ) ;
#2116 = DIRECTION ( 'NONE',  ( -1.000000000000000000, -3.132904478660053556E-17, -0.000000000000000000 ) ) ;
#2117 = EDGE_CURVE ( 'NONE', #413, #6, #12, .T. ) ;
#2118 = DIRECTION ( 'NONE',  ( -3.912072321290969353E-16, 2.775557561563032853E-16, -1.000000000000000000 ) ) ;
#2119 = LINE ( 'NONE', #3454, #4283 ) ;
#2120 = ORIENTED_EDGE ( 'NONE', *, *, #1061, .F. ) ;
#2121 = EDGE_CURVE ( 'NONE', #3099, #2095, #61, .T. ) ;
#2122 = CARTESIAN_POINT ( 'NONE',  ( -14299.99999999999818, -1077.499998843224603, -306.2059048389986629 ) ) ;
#2123 = DIRECTION ( 'NONE',  ( 0.000000000000000000, 1.000000000000000000, 3.301729611148416588E-16 ) ) ;
#2124 = CARTESIAN_POINT ( 'NONE',  ( -15744.66811761634744, -1077.499998843224375, -589.9999999999971578 ) ) ;
#2125 = EDGE_LOOP ( 'NONE', ( #3748, #1114, #2262, #73 ) ) ;
#2126 = VECTOR ( 'NONE', #3398, 1000.000000000000114 ) ;
#2127 = CARTESIAN_POINT ( 'NONE',  ( -11760.14709064067210, 729.4021522441533989, -769.9999999999959073 ) ) ;
#2128 = DIRECTION ( 'NONE',  ( -0.000000000000000000, -1.000000000000000000, -2.775557561563032853E-16 ) ) ;
#2129 = ADVANCED_FACE ( 'NONE', ( #1627 ), #2683, .T. ) ;
#2130 = DIRECTION ( 'NONE',  ( 1.000000000000000000, 0.000000000000000000, 0.000000000000000000 ) ) ;
#2131 = DIRECTION ( 'NONE',  ( 0.000000000000000000, 2.775557561563032853E-16, -1.000000000000000000 ) ) ;
#2132 = SHAPE_DEFINITION_REPRESENTATION ( #3697, #4145 ) ;
#2133 = DIRECTION ( 'NONE',  ( 0.000000000000000000, -1.000000000000000000, -2.775557561563032853E-16 ) ) ;
#2134 = ORIENTED_EDGE ( 'NONE', *, *, #2617, .T. ) ;
#2135 = EDGE_CURVE ( 'NONE', #2988, #3271, #2969, .T. ) ;
#2136 = ORIENTED_EDGE ( 'NONE', *, *, #1534, .F. ) ;
#2137 = LINE ( 'NONE', #3157, #3643 ) ;
#2138 = LINE ( 'NONE', #2865, #3663 ) ;
#2139 = CARTESIAN_POINT ( 'NONE',  ( -11825.00000000000182, 200.0000000000000000, -825.0000000000001137 ) ) ;
#2140 = VECTOR ( 'NONE', #1289, 1000.000000000000114 ) ;
#2141 = ORIENTED_EDGE ( 'NONE', *, *, #3100, .F. ) ;
#2142 = AXIS2_PLACEMENT_3D ( 'NONE', #3993, #1716, #346 ) ;
#2143 = DIRECTION ( 'NONE',  ( 0.000000000000000000, 0.9901138386947148096, -0.1402661271484179906 ) ) ;
#2144 = CARTESIAN_POINT ( 'NONE',  ( -13499.99999999999818, -1950.712458671872810, -589.9999999999973852 ) ) ;
#2145 = DIRECTION ( 'NONE',  ( 0.000000000000000000, -1.000000000000000000, -3.301729611148416588E-16 ) ) ;
#2146 = ORIENTED_EDGE ( 'NONE', *, *, #966, .F. ) ;
#2147 = EDGE_CURVE ( 'NONE', #3061, #3633, #3972, .T. ) ;
#2148 = EDGE_CURVE ( 'NONE', #3346, #949, #336, .T. ) ;
#2149 = PLANE ( 'NONE',  #1966 ) ;
#2150 = ORIENTED_EDGE ( 'NONE', *, *, #149, .F. ) ;
#2151 = DIRECTION ( 'NONE',  ( 0.000000000000000000, -0.9854601157443478865, 0.1699069165076472210 ) ) ;
#2152 = CIRCLE ( 'NONE', #2213, 79.99999999999995737 ) ;
#2153 = LINE ( 'NONE', #3064, #1031 ) ;
#2154 = ITEM_DEFINED_TRANSFORMATION ( 'NONE', 'NONE', #170,  #4251 ) ;
#2155 = EDGE_CURVE ( 'NONE', #1683, #2452, #322, .T. ) ;
#2156 = CARTESIAN_POINT ( 'NONE',  ( -14791.79486355016888, -875.0000000000000000, -1140.000000000000227 ) ) ;
#2157 = ORIENTED_EDGE ( 'NONE', *, *, #2866, .F. ) ;
#2158 = ORIENTED_EDGE ( 'NONE', *, *, #2742, .F. ) ;
#2159 = CYLINDRICAL_SURFACE ( 'NONE', #2743, 6000.000000000000000 ) ;
#2160 = LINE ( 'NONE', #1812, #2829 ) ;
#2161 = EDGE_CURVE ( 'NONE', #3375, #1578, #1381, .T. ) ;
#2162 = DIRECTION ( 'NONE',  ( -1.000000000000000000, 0.000000000000000000, 0.000000000000000000 ) ) ;
#2163 = ORIENTED_EDGE ( 'NONE', *, *, #1415, .F. ) ;
#2164 = DIRECTION ( 'NONE',  ( -1.000000000000000000, 0.000000000000000000, 0.000000000000000000 ) ) ;
#2165 = CARTESIAN_POINT ( 'NONE',  ( -1950.000000000000682, 899.9999999999998863, -910.0000000000001137 ) ) ;
#2166 = ORIENTED_EDGE ( 'NONE', *, *, #4014, .F. ) ;
#2167 = CIRCLE ( 'NONE', #283, 460.0000000000000000 ) ;
#2168 = EDGE_CURVE ( 'NONE', #4217, #3544, #3400, .T. ) ;
#2169 = CYLINDRICAL_SURFACE ( 'NONE', #2524, 277.7941176470602045 ) ;
#2170 = ADVANCED_FACE ( 'NONE', ( #1224 ), #2180, .F. ) ;
#2171 = LINE ( 'NONE', #1117, #1377 ) ;
#2172 = DIRECTION ( 'NONE',  ( 1.000000000000000000, 2.193033135062037489E-16, 0.000000000000000000 ) ) ;
#2173 = CARTESIAN_POINT ( 'NONE',  ( 974.9999999999978400, -4.163336342343557632E-15, -1.110223024625156540E-13 ) ) ;
#2174 = DIRECTION ( 'NONE',  ( 0.000000000000000000, -1.000000000000000000, -3.301729611148416588E-16 ) ) ;
#2175 = CIRCLE ( 'NONE', #866, 199.9999999999999432 ) ;
#2176 = VERTEX_POINT ( 'NONE', #1830 ) ;
#2177 = CARTESIAN_POINT ( 'NONE',  ( -11349.93198115551968, 1189.999999999997954, 5040.000000000000000 ) ) ;
#2178 = VECTOR ( 'NONE', #2487, 1000.000000000000000 ) ;
#2179 = DIRECTION ( 'NONE',  ( -0.000000000000000000, -1.000000000000000000, -3.301729611148416588E-16 ) ) ;
#2180 = PLANE ( 'NONE',  #414 ) ;
#2181 = LINE ( 'NONE', #1204, #2798 ) ;
#2182 = ORIENTED_EDGE ( 'NONE', *, *, #853, .F. ) ;
#2183 = EDGE_CURVE ( 'NONE', #857, #3713, #968, .T. ) ;
#2184 = CARTESIAN_POINT ( 'NONE',  ( -14791.79486355016888, -875.0000000000000000, -1060.000000000000000 ) ) ;
#2185 = FILL_AREA_STYLE_COLOUR ( '', #3190 ) ;
#2186 = CARTESIAN_POINT ( 'NONE',  ( -14588.56810139493791, -1077.499998843224375, -589.9999999999971578 ) ) ;
#2187 = ORIENTED_EDGE ( 'NONE', *, *, #584, .T. ) ;
#2188 = EDGE_CURVE ( 'NONE', #3271, #1615, #1047, .T. ) ;
#2189 = DIRECTION ( 'NONE',  ( 1.000000000000000000, 3.700743415417188263E-17, 0.000000000000000000 ) ) ;
#2190 = EDGE_CURVE ( 'NONE', #1321, #3061, #3453, .T. ) ;
#2191 = ORIENTED_EDGE ( 'NONE', *, *, #1143, .T. ) ;
#2192 = CARTESIAN_POINT ( 'NONE',  ( -11880.00000000000182, 814.9999999999972715, -517.7941176470590108 ) ) ;
#2193 = ORIENTED_EDGE ( 'NONE', *, *, #1348, .F. ) ;
#2194 = CARTESIAN_POINT ( 'NONE',  ( -13899.99999999999818, 1054.999999999997272, -459.9999999999978400 ) ) ;
#2195 = DIRECTION ( 'NONE',  ( 0.000000000000000000, 0.000000000000000000, -1.000000000000000000 ) ) ;
#2196 = CARTESIAN_POINT ( 'NONE',  ( -11411.43189860506209, -278.9021535255452022, -725.0000000000053433 ) ) ;
#2197 = AXIS2_PLACEMENT_3D ( 'NONE', #3342, #1686, #2677 ) ;
#2198 = CARTESIAN_POINT ( 'NONE',  ( -14388.56810139493609, -1077.499998843224375, -589.9999999999971578 ) ) ;
#2199 = ORIENTED_EDGE ( 'NONE', *, *, #597, .T. ) ;
#2200 = DIRECTION ( 'NONE',  ( 0.000000000000000000, 1.000000000000000000, 2.775557561563032853E-16 ) ) ;
#2201 = DIRECTION ( 'NONE',  ( -1.000000000000000000, -0.000000000000000000, -0.000000000000000000 ) ) ;
#2202 = CARTESIAN_POINT ( 'NONE',  ( -11611.43189860506391, -877.4999988432243754, -755.0854464784853235 ) ) ;
#2203 = ORIENTED_EDGE ( 'NONE', *, *, #732, .F. ) ;
#2204 = ORIENTED_EDGE ( 'NONE', *, *, #2817, .T. ) ;
#2205 = EDGE_CURVE ( 'NONE', #3249, #2438, #2138, .T. ) ;
#2206 = SHELL_BASED_SURFACE_MODEL ( 'NONE', ( #3639 ) );
#2207 = VECTOR ( 'NONE', #3373, 1000.000000000000000 ) ;
#2208 = FACE_OUTER_BOUND ( 'NONE', #2350, .T. ) ;
#2209 = ADVANCED_FACE ( 'NONE', ( #1492 ), #492, .F. ) ;
#2210 = DIRECTION ( 'NONE',  ( 0.000000000000000000, -1.224646799147353207E-16, -1.000000000000000000 ) ) ;
#2211 = VERTEX_POINT ( 'NONE', #3472 ) ;
#2212 = LINE ( 'NONE', #509, #803 ) ;
#2213 = AXIS2_PLACEMENT_3D ( 'NONE', #1687, #743, #650 ) ;
#2214 = ORIENTED_EDGE ( 'NONE', *, *, #1074, .T. ) ;
#2215 = FACE_OUTER_BOUND ( 'NONE', #1090, .T. ) ;
#2216 = CARTESIAN_POINT ( 'NONE',  ( -14175.00000000000000, 1189.999999999997954, -960.0000000000002274 ) ) ;
#2217 = CIRCLE ( 'NONE', #1940, 79.99999999999995737 ) ;
#2218 = DIRECTION ( 'NONE',  ( 0.000000000000000000, -2.413528314402513597E-16, 1.000000000000000000 ) ) ;
#2219 = ORIENTED_EDGE ( 'NONE', *, *, #3037, .F. ) ;
#2220 = EDGE_CURVE ( 'NONE', #2707, #1587, #3509, .T. ) ;
#2221 = SPHERICAL_SURFACE ( 'NONE', #3202, 1000.000000000000000 ) ;
#2222 = FACE_OUTER_BOUND ( 'NONE', #3914, .T. ) ;
#2223 = CARTESIAN_POINT ( 'NONE',  ( -13899.99999999999818, -1054.999999999997726, -459.9999999999984084 ) ) ;
#2224 = VERTEX_POINT ( 'NONE', #3158 ) ;
#2225 = FACE_OUTER_BOUND ( 'NONE', #367, .T. ) ;
#2226 = DIRECTION ( 'NONE',  ( 0.000000000000000000, 0.000000000000000000, 1.000000000000000000 ) ) ;
#2227 = VERTEX_POINT ( 'NONE', #1186 ) ;
#2228 =( BOUNDED_CURVE ( )  B_SPLINE_CURVE ( 3, ( #2127, #769, #2084, #3185 ),
 .UNSPECIFIED., .F., .T. ) 
 B_SPLINE_CURVE_WITH_KNOTS ( ( 4, 4 ),
 ( 0.8313038383525110930, 0.8457296285623812082 ),
 .UNSPECIFIED. ) 
 CURVE ( )  GEOMETRIC_REPRESENTATION_ITEM ( )  RATIONAL_B_SPLINE_CURVE ( ( 1.000000000000000000, 0.9999826581232540423, 0.9999826581232540423, 1.000000000000000000 ) ) 
 REPRESENTATION_ITEM ( '' )  );
#2229 = ADVANCED_FACE ( 'NONE', ( #139 ), #1551, .T. ) ;
#2230 = CARTESIAN_POINT ( 'NONE',  ( -14119.99999999999818, 814.9999999999972715, -239.9999999999979821 ) ) ;
#2231 = ORIENTED_EDGE ( 'NONE', *, *, #3612, .F. ) ;
#2232 = ORIENTED_EDGE ( 'NONE', *, *, #3150, .T. ) ;
#2233 = DIRECTION ( 'NONE',  ( -1.000000000000000000, 0.000000000000000000, -0.000000000000000000 ) ) ;
#2234 = EDGE_CURVE ( 'NONE', #2006, #316, #181, .T. ) ;
#2235 = DIRECTION ( 'NONE',  ( 1.000000000000000000, 0.000000000000000000, -0.000000000000000000 ) ) ;
#2236 = VECTOR ( 'NONE', #759, 1000.000000000000000 ) ;
#2237 = CARTESIAN_POINT ( 'NONE',  ( -11411.43189860506209, 877.4999988432243754, -769.9999999999959073 ) ) ;
#2238 = CARTESIAN_POINT ( 'NONE',  ( -2350.000000000000455, -200.0000000000000000, -825.0000000000001137 ) ) ;
#2239 = PRODUCT_DEFINITION_FORMATION_WITH_SPECIFIED_SOURCE ( 'TUTTO', '', #2965, .NOT_KNOWN. ) ;
#2240 = ORIENTED_EDGE ( 'NONE', *, *, #3382, .T. ) ;
#2241 = AXIS2_PLACEMENT_3D ( 'NONE', #903, #1552, #2867 ) ;
#2242 = EDGE_CURVE ( 'NONE', #2055, #607, #2160, .T. ) ;
#2243 = LINE ( 'NONE', #3922, #3689 ) ;
#2244 = FACE_OUTER_BOUND ( 'NONE', #3057, .T. ) ;
#2245 = VERTEX_POINT ( 'NONE', #2196 ) ;
#2246 = ADVANCED_BREP_SHAPE_REPRESENTATION ( '', ( #4203, #2984 ), #143 ) ;
#2247 = CARTESIAN_POINT ( 'NONE',  ( -10255.33188238365256, -1077.499998843224375, -589.9999999999971578 ) ) ;
#2248 = ORIENTED_EDGE ( 'NONE', *, *, #3518, .T. ) ;
#2249 = CIRCLE ( 'NONE', #667, 79.99999999999995737 ) ;
#2250 = EDGE_CURVE ( 'NONE', #169, #1271, #3598, .T. ) ;
#2251 = CARTESIAN_POINT ( 'NONE',  ( -11825.00000000000182, 1189.999999999998408, -960.0000000000002274 ) ) ;
#2252 = VERTEX_POINT ( 'NONE', #3526 ) ;
#2253 = ADVANCED_FACE ( 'NONE', ( #553 ), #1874, .T. ) ;
#2254 = EDGE_LOOP ( 'NONE', ( #2915, #1761, #1844, #10, #3139 ) ) ;
#2255 = FACE_OUTER_BOUND ( 'NONE', #3425, .T. ) ;
#2256 = DIRECTION ( 'NONE',  ( -3.912072321290969353E-16, 2.775557561563032853E-16, -1.000000000000000000 ) ) ;
#2257 = LINE ( 'NONE', #2295, #2795 ) ;
#2258 = EDGE_CURVE ( 'NONE', #2227, #2988, #3810, .T. ) ;
#2259 = EDGE_LOOP ( 'NONE', ( #969, #2828, #1658, #1006 ) ) ;
#2260 = CARTESIAN_POINT ( 'NONE',  ( -13000.00000000000000, 4.163336342343557632E-15, -825.0000000000000000 ) ) ;
#2261 = ORIENTED_EDGE ( 'NONE', *, *, #557, .F. ) ;
#2262 = ORIENTED_EDGE ( 'NONE', *, *, #1608, .T. ) ;
#2263 = CARTESIAN_POINT ( 'NONE',  ( -1950.000000000000682, -899.9999999999998863, -910.0000000000001137 ) ) ;
#2264 = DIRECTION ( 'NONE',  ( 0.000000000000000000, 2.775557561563032853E-16, -1.000000000000000000 ) ) ;
#2265 = ORIENTED_EDGE ( 'NONE', *, *, #4140, .T. ) ;
#2266 = VECTOR ( 'NONE', #1946, 1000.000000000000000 ) ;
#2267 = AXIS2_PLACEMENT_3D ( 'NONE', #730, #682, #2999 ) ;
#2268 = DIRECTION ( 'NONE',  ( 0.000000000000000000, -2.413528314402513597E-16, 1.000000000000000000 ) ) ;
#2269 = LINE ( 'NONE', #3327, #468 ) ;
#2270 = CARTESIAN_POINT ( 'NONE',  ( -14175.00000000000000, -1190.000000000001592, -960.0000000000002274 ) ) ;
#2271 = CARTESIAN_POINT ( 'NONE',  ( -15744.66811761634744, 814.9999999999972715, -589.9999999999965894 ) ) ;
#2272 = CARTESIAN_POINT ( 'NONE',  ( -380.0000000000000000, 875.0000000000000000, -1060.000000000000000 ) ) ;
#2273 = VERTEX_POINT ( 'NONE', #4256 ) ;
#2274 = CYLINDRICAL_SURFACE ( 'NONE', #2481, 6000.000000000000000 ) ;
#2275 = VERTEX_POINT ( 'NONE', #2237 ) ;
#2276 = CIRCLE ( 'NONE', #273, 79.99999999999995737 ) ;
#2277 = EDGE_CURVE ( 'NONE', #6, #3073, #2906, .T. ) ;
#2278 = CARTESIAN_POINT ( 'NONE',  ( -14588.56810139493791, -877.4999988432243754, -589.9999999999970441 ) ) ;
#2279 = CARTESIAN_POINT ( 'NONE',  ( -12444.28938755610034, -679.9999999999974989, -765.0652677973106393 ) ) ;
#2280 = CARTESIAN_POINT ( 'NONE',  ( -1950.000000000000682, -200.0000000000000000, -825.0000000000001137 ) ) ;
#2281 = ORIENTED_EDGE ( 'NONE', *, *, #1847, .T. ) ;
#2282 = ORIENTED_EDGE ( 'NONE', *, *, #2787, .F. ) ;
#2283 = EDGE_CURVE ( 'NONE', #2343, #2963, #3568, .T. ) ;
#2284 = DIRECTION ( 'NONE',  ( 0.000000000000000000, -1.000000000000000000, -2.249385511977649118E-16 ) ) ;
#2285 = CARTESIAN_POINT ( 'NONE',  ( -13899.99999999999818, -814.9999999999974989, -459.9999999999983515 ) ) ;
#2286 = ORIENTED_EDGE ( 'NONE', *, *, #2916, .T. ) ;
#2287 = EDGE_CURVE ( 'NONE', #3350, #364, #2595, .T. ) ;
#2288 = DIRECTION ( 'NONE',  ( 0.000000000000000000, 1.000000000000000000, 3.301729611148416588E-16 ) ) ;
#2289 = CARTESIAN_POINT ( 'NONE',  ( -11411.43189860506209, 176.9719203373657592, -350.9999999999987494 ) ) ;
#2290 = ORIENTED_EDGE ( 'NONE', *, *, #162, .F. ) ;
#2291 = EDGE_CURVE ( 'NONE', #77, #1747, #1037, .T. ) ;
#2292 = CARTESIAN_POINT ( 'NONE',  ( -12439.85290935933153, -729.4021522441533989, -769.9999999999963620 ) ) ;
#2293 = CARTESIAN_POINT ( 'NONE',  ( -13899.99999999999818, 679.9999999999977263, -459.9999999999979536 ) ) ;
#2294 = DIRECTION ( 'NONE',  ( 0.000000000000000000, 1.000000000000000000, 2.775557561563032853E-16 ) ) ;
#2295 = CARTESIAN_POINT ( 'NONE',  ( -265.1845289799109082, 1189.999999999998408, -1503.936198047713333 ) ) ;
#2296 = PRODUCT_DEFINITION_SHAPE ( 'NONE', 'NONE',  #2001 ) ;
#2297 = LINE ( 'NONE', #2320, #1739 ) ;
#2298 = ORIENTED_EDGE ( 'NONE', *, *, #3069, .F. ) ;
#2299 = VECTOR ( 'NONE', #3552, 1000.000000000000000 ) ;
#2300 = CARTESIAN_POINT ( 'NONE',  ( -13499.99999999999818, 1077.499998843224148, -306.2059048389985492 ) ) ;
#2301 = FILL_AREA_STYLE ('',( #2185 ) ) ;
#2302 = CARTESIAN_POINT ( 'NONE',  ( -12500.00000000000182, 1077.499998843224375, -589.9999999999964757 ) ) ;
#2303 = ORIENTED_EDGE ( 'NONE', *, *, #4228, .T. ) ;
#2304 = CIRCLE ( 'NONE', #1342, 1000.000000000000000 ) ;
#2305 = VECTOR ( 'NONE', #3045, 1000.000000000000000 ) ;
#2306 = EDGE_CURVE ( 'NONE', #2589, #3976, #2930, .T. ) ;
#2307 = ORIENTED_EDGE ( 'NONE', *, *, #1098, .T. ) ;
#2308 = DIRECTION ( 'NONE',  ( -0.000000000000000000, 0.000000000000000000, 1.000000000000000000 ) ) ;
#2309 = CARTESIAN_POINT ( 'NONE',  ( -11880.00000000000182, -1950.712458671873037, -239.9999999999987779 ) ) ;
#2310 = CIRCLE ( 'NONE', #2936, 277.7941176470602045 ) ;
#2311 = CARTESIAN_POINT ( 'NONE',  ( -2825.068018844486232, -1189.999999999999091, 5040.000000000000000 ) ) ;
#2312 = EDGE_CURVE ( 'NONE', #2973, #4037, #1731, .T. ) ;
#2313 = CARTESIAN_POINT ( 'NONE',  ( -12500.00000000000182, 1077.499998843224148, -306.2059048389985492 ) ) ;
#2314 = DIRECTION ( 'NONE',  ( 0.000000000000000000, -1.000000000000000000, -2.775557561563032853E-16 ) ) ;
#2315 = EDGE_LOOP ( 'NONE', ( #1848, #2660, #3411, #2390 ) ) ;
#2316 = ORIENTED_EDGE ( 'NONE', *, *, #2463, .T. ) ;
#2317 = CARTESIAN_POINT ( 'NONE',  ( -2.914659381970696526E-13, 1189.999999999998408, -960.0000000000002274 ) ) ;
#2318 = CARTESIAN_POINT ( 'NONE',  ( -14175.00000000000000, -1190.000000000001592, -1160.000000000000227 ) ) ;
#2319 = CARTESIAN_POINT ( 'NONE',  ( -12500.00000000000182, -1077.499998843224603, -306.2059048389990039 ) ) ;
#2320 = CARTESIAN_POINT ( 'NONE',  ( -1.259562753036178918E-13, 1189.999999999998408, -660.0000000000019327 ) ) ;
#2321 = VERTEX_POINT ( 'NONE', #1955 ) ;
#2322 = AXIS2_PLACEMENT_3D ( 'NONE', #900, #922, #3567 ) ;
#2323 = AXIS2_PLACEMENT_3D ( 'NONE', #1672, #3041, #65 ) ;
#2324 = DIRECTION ( 'NONE',  ( 0.000000000000000000, -1.000000000000000000, -2.249385511977649118E-16 ) ) ;
#2325 = CARTESIAN_POINT ( 'NONE',  ( 620.0000000000000000, 875.0000000000001137, -1060.000000000000000 ) ) ;
#2326 = ORIENTED_EDGE ( 'NONE', *, *, #201, .T. ) ;
#2327 = ORIENTED_EDGE ( 'NONE', *, *, #1098, .F. ) ;
#2328 = DIRECTION ( 'NONE',  ( -0.000000000000000000, 1.000000000000000000, -0.000000000000000000 ) ) ;
#2329 = EDGE_CURVE ( 'NONE', #1565, #1833, #3282, .T. ) ;
#2330 = CARTESIAN_POINT ( 'NONE',  ( -5576.316527040904475, -989.9999999999995453, -6660.000000000000909 ) ) ;
#2331 = ORIENTED_EDGE ( 'NONE', *, *, #2592, .T. ) ;
#2332 = ORIENTED_EDGE ( 'NONE', *, *, #3130, .T. ) ;
#2333 = EDGE_CURVE ( 'NONE', #1683, #3275, #1522, .T. ) ;
#2334 = CARTESIAN_POINT ( 'NONE',  ( -14388.56810139493609, -877.4999988432243754, -769.9999999999963620 ) ) ;
#2335 = DIRECTION ( 'NONE',  ( 0.000000000000000000, -1.000000000000000000, 0.000000000000000000 ) ) ;
#2336 = VECTOR ( 'NONE', #3401, 1000.000000000000000 ) ;
#2337 = ORIENTED_EDGE ( 'NONE', *, *, #2110, .T. ) ;
#2338 = DIRECTION ( 'NONE',  ( 6.123233995732906780E-17, 0.4999999999996849187, 0.8660254037846205621 ) ) ;
#2339 = AXIS2_PLACEMENT_3D ( 'NONE', #280, #2616, #1613 ) ;
#2340 = CARTESIAN_POINT ( 'NONE',  ( -11411.43189860506209, -732.4719190560189190, -589.9999999999970441 ) ) ;
#2341 = DIRECTION ( 'NONE',  ( 1.000000000000000000, 0.000000000000000000, -0.000000000000000000 ) ) ;
#2342 = FACE_OUTER_BOUND ( 'NONE', #1937, .T. ) ;
#2343 = VERTEX_POINT ( 'NONE', #3378 ) ;
#2344 = CARTESIAN_POINT ( 'NONE',  ( -265.1845289799124998, -989.9999999999993179, -1503.936198047713106 ) ) ;
#2345 = ADVANCED_FACE ( 'NONE', ( #3091 ), #106, .T. ) ;
#2346 = CARTESIAN_POINT ( 'NONE',  ( -11652.71931086792392, -679.9999999999977263, -567.4243228023080974 ) ) ;
#2347 = DIRECTION ( 'NONE',  ( -1.000000000000000000, 0.000000000000000000, 0.000000000000000000 ) ) ;
#2348 = DIRECTION ( 'NONE',  ( 1.000000000000000000, 0.000000000000000000, 0.000000000000000000 ) ) ;
#2349 = CARTESIAN_POINT ( 'NONE',  ( -14239.85290935932790, -1054.999999999997499, -769.9999999999964757 ) ) ;
#2350 = EDGE_LOOP ( 'NONE', ( #589, #4002, #1096, #3416 ) ) ;
#2351 = ORIENTED_EDGE ( 'NONE', *, *, #2555, .T. ) ;
#2352 = VECTOR ( 'NONE', #4179, 1000.000000000000000 ) ;
#2353 = ADVANCED_FACE ( 'NONE', ( #2066 ), #20, .F. ) ;
#2354 = DIRECTION ( 'NONE',  ( 0.000000000000000000, -2.775557561563032853E-16, 1.000000000000000000 ) ) ;
#2355 = PLANE ( 'NONE',  #3054 ) ;
#2356 = ORIENTED_EDGE ( 'NONE', *, *, #1623, .F. ) ;
#2357 =( GEOMETRIC_REPRESENTATION_CONTEXT ( 3 ) GLOBAL_UNCERTAINTY_ASSIGNED_CONTEXT ( ( #4202 ) ) GLOBAL_UNIT_ASSIGNED_CONTEXT ( ( #286, #2986, #2939 ) ) REPRESENTATION_CONTEXT ( 'NONE', 'WORKASPACE' ) );
#2358 = ORIENTED_EDGE ( 'NONE', *, *, #178, .F. ) ;
#2359 = CARTESIAN_POINT ( 'NONE',  ( -11611.43189860506391, -1077.499998843224375, -589.9999999999971578 ) ) ;
#2360 = VERTEX_POINT ( 'NONE', #3402 ) ;
#2361 = ADVANCED_FACE ( 'NONE', ( #707 ), #1745, .T. ) ;
#2362 = CARTESIAN_POINT ( 'NONE',  ( -13899.99999999999818, -679.9999999999977263, -459.9999999999982947 ) ) ;
#2363 = DIRECTION ( 'NONE',  ( -1.000000000000000000, 0.000000000000000000, 0.000000000000000000 ) ) ;
#2364 = PLANE ( 'NONE',  #1278 ) ;
#2365 = VECTOR ( 'NONE', #4059, 1000.000000000000000 ) ;
#2366 = AXIS2_PLACEMENT_3D ( 'NONE', #186, #3184, #206 ) ;
#2367 = EDGE_CURVE ( 'NONE', #457, #1833, #2507, .T. ) ;
#2368 = ORIENTED_EDGE ( 'NONE', *, *, #1553, .F. ) ;
#2369 = CARTESIAN_POINT ( 'NONE',  ( -14239.85290935932790, -729.4021522441533989, -769.9999999999963620 ) ) ;
#2370 = CARTESIAN_POINT ( 'NONE',  ( -11700.00000000000182, 1950.712458671872810, -589.9999999999963620 ) ) ;
#2371 = CARTESIAN_POINT ( 'NONE',  ( -12225.00000000000182, 1189.999999999998408, -960.0000000000002274 ) ) ;
#2372 = DIRECTION ( 'NONE',  ( 0.000000000000000000, -1.000000000000000000, 0.000000000000000000 ) ) ;
#2373 = ORIENTED_EDGE ( 'NONE', *, *, #542, .T. ) ;
#2374 = VERTEX_POINT ( 'NONE', #85 ) ;
#2375 = EDGE_CURVE ( 'NONE', #368, #3155, #2501, .T. ) ;
#2376 = DIRECTION ( 'NONE',  ( 1.000000000000000000, 2.193033135062037489E-16, 0.000000000000000000 ) ) ;
#2377 = DIRECTION ( 'NONE',  ( 0.000000000000000000, 0.000000000000000000, 1.000000000000000000 ) ) ;
#2378 = EDGE_LOOP ( 'NONE', ( #1213, #2574, #1691, #2768, #2085, #480, #693, #1499, #2527, #2722, #823, #131 ) ) ;
#2379 = AXIS2_PLACEMENT_3D ( 'NONE', #2696, #1732, #2054 ) ;
#2380 = VERTEX_POINT ( 'NONE', #2732 ) ;
#2381 = VECTOR ( 'NONE', #683, 1000.000000000000000 ) ;
#2382 = PRESENTATION_LAYER_ASSIGNMENT (  '', '', ( #871 ) ) ;
#2383 = CONICAL_SURFACE ( 'NONE', #1072, 229.9999999211528348, 0.5235987755979351066 ) ;
#2384 = DIRECTION ( 'NONE',  ( 0.000000000000000000, 1.000000000000000000, 2.220446049250313081E-16 ) ) ;
#2385 = LINE ( 'NONE', #1070, #2398 ) ;
#2386 = CARTESIAN_POINT ( 'NONE',  ( -10255.33188238365256, -729.4021522441533989, -769.9999999999963620 ) ) ;
#2387 = CARTESIAN_POINT ( 'NONE',  ( -12320.00000000000000, -814.9999999999974989, -517.7941176470593518 ) ) ;
#2388 = ADVANCED_FACE ( 'NONE', ( #3448 ), #1788, .F. ) ;
#2389 = CARTESIAN_POINT ( 'NONE',  ( -13000.00000000000000, 229.9999999211528348, -725.0000000000050022 ) ) ;
#2390 = ORIENTED_EDGE ( 'NONE', *, *, #1465, .F. ) ;
#2391 = CARTESIAN_POINT ( 'NONE',  ( -14244.28938755609852, -679.9999999999977263, -765.0652677973105256 ) ) ;
#2392 = CARTESIAN_POINT ( 'NONE',  ( -11411.43189860506209, 732.4719190560189190, -589.9999999999965894 ) ) ;
#2393 = CARTESIAN_POINT ( 'NONE',  ( -9640.572538960641396, -990.0000000000014779, -751.1534819267455987 ) ) ;
#2394 = EDGE_CURVE ( 'NONE', #3051, #1433, #1196, .T. ) ;
#2395 = CARTESIAN_POINT ( 'NONE',  ( -14347.28068913207608, -679.9999999999977263, -567.4243228023080974 ) ) ;
#2396 = EDGE_LOOP ( 'NONE', ( #4131, #1577, #2282, #2546 ) ) ;
#2397 = ORIENTED_EDGE ( 'NONE', *, *, #3789, .F. ) ;
#2398 = VECTOR ( 'NONE', #1115, 1000.000000000000000 ) ;
#2399 = CARTESIAN_POINT ( 'NONE',  ( -14175.00000000000000, 1189.999999999997954, -960.0000000000002274 ) ) ;
#2400 = DIRECTION ( 'NONE',  ( 0.000000000000000000, 1.000000000000000000, 2.775557561563032853E-16 ) ) ;
#2401 = ORIENTED_EDGE ( 'NONE', *, *, #2040, .T. ) ;
#2402 = EDGE_LOOP ( 'NONE', ( #1365, #816, #2056, #2286, #313, #859, #2120, #530, #760, #2356, #268, #444, #3506, #3523, #4025, #2332 ) ) ;
#2403 = CIRCLE ( 'NONE', #2197, 199.9999999999999432 ) ;
#2404 = FACE_OUTER_BOUND ( 'NONE', #2115, .T. ) ;
#2405 = ORIENTED_EDGE ( 'NONE', *, *, #647, .T. ) ;
#2406 = CARTESIAN_POINT ( 'NONE',  ( -10825.00000000000182, 1189.999999999998408, -960.0000000000002274 ) ) ;
#2407 = DIRECTION ( 'NONE',  ( 1.000000000000000000, 0.000000000000000000, 0.000000000000000000 ) ) ;
#2408 = DIRECTION ( 'NONE',  ( 0.000000000000000000, -1.000000000000000000, -5.551115123125784674E-16 ) ) ;
#2409 = ORIENTED_EDGE ( 'NONE', *, *, #3345, .T. ) ;
#2410 = AXIS2_PLACEMENT_3D ( 'NONE', #1396, #1071, #2407 ) ;
#2411 = ORIENTED_EDGE ( 'NONE', *, *, #4188, .T. ) ;
#2412 = DIRECTION ( 'NONE',  ( -0.000000000000000000, -2.775557561563032853E-16, 1.000000000000000000 ) ) ;
#2413 = DIRECTION ( 'NONE',  ( 0.000000000000000000, 1.000000000000000000, 2.775557561563032853E-16 ) ) ;
#2414 = LINE ( 'NONE', #781, #2609 ) ;
#2415 = ORIENTED_EDGE ( 'NONE', *, *, #3916, .F. ) ;
#2416 = EDGE_CURVE ( 'NONE', #142, #3860, #820, .T. ) ;
#2417 = DIRECTION ( 'NONE',  ( 1.000000000000000000, -0.000000000000000000, -0.000000000000000000 ) ) ;
#2418 = CARTESIAN_POINT ( 'NONE',  ( 0.000000000000000000, 875.0000000000000000, -1060.000000000000000 ) ) ;
#2419 = ORIENTED_EDGE ( 'NONE', *, *, #3374, .F. ) ;
#2420 = AXIS2_PLACEMENT_3D ( 'NONE', #3297, #35, #1713 ) ;
#2421 = EDGE_CURVE ( 'NONE', #136, #1340, #3080, .T. ) ;
#2422 = VECTOR ( 'NONE', #3476, 1000.000000000000000 ) ;
#2423 = LINE ( 'NONE', #3825, #3913 ) ;
#2424 = ORIENTED_EDGE ( 'NONE', *, *, #4204, .F. ) ;
#2425 = APPLICATION_CONTEXT ( 'automotive_design' ) ;
#2426 = DIRECTION ( 'NONE',  ( 0.000000000000000000, 2.775557561563032853E-16, -1.000000000000000000 ) ) ;
#2427 = EDGE_CURVE ( 'NONE', #3920, #1922, #228, .T. ) ;
#2428 = CARTESIAN_POINT ( 'NONE',  ( -13795.00000000000000, 875.0000000000000000, -1060.000000000000000 ) ) ;
#2429 = APPLICATION_PROTOCOL_DEFINITION ( 'draft international standard', 'automotive_design', 1998, #2069 ) ;
#2430 = LINE ( 'NONE', #2665, #4178 ) ;
#2431 = EDGE_CURVE ( 'NONE', #1726, #2896, #2485, .T. ) ;
#2432 = VERTEX_POINT ( 'NONE', #3192 ) ;
#2433 = ORIENTED_EDGE ( 'NONE', *, *, #2444, .T. ) ;
#2434 = LINE ( 'NONE', #3471, #2058 ) ;
#2435 = PLANE ( 'NONE',  #1418 ) ;
#2436 = CARTESIAN_POINT ( 'NONE',  ( -12100.00000000000182, 814.9999999999974989, -909.9999999999982947 ) ) ;
#2437 = DIRECTION ( 'NONE',  ( -1.000000000000000000, 0.000000000000000000, 0.000000000000000000 ) ) ;
#2438 = VERTEX_POINT ( 'NONE', #3503 ) ;
#2439 = ORIENTED_EDGE ( 'NONE', *, *, #3527, .F. ) ;
#2440 = CARTESIAN_POINT ( 'NONE',  ( -14588.56810139493791, 4.163336342343552110E-15, -725.0000000000051159 ) ) ;
#2441 = DIRECTION ( 'NONE',  ( -0.1736481776669237531, 0.000000000000000000, -0.9848077530122092416 ) ) ;
#2442 = FACE_OUTER_BOUND ( 'NONE', #1337, .T. ) ;
#2443 = VERTEX_POINT ( 'NONE', #2838 ) ;
#2444 = EDGE_CURVE ( 'NONE', #2633, #646, #294, .T. ) ;
#2445 = CARTESIAN_POINT ( 'NONE',  ( -5576.316527040904475, 1189.999999999998408, -6660.000000000000909 ) ) ;
#2446 = EDGE_CURVE ( 'NONE', #1985, #2042, #1413, .T. ) ;
#2447 = AXIS2_PLACEMENT_3D ( 'NONE', #1971, #3931, #895 ) ;
#2448 = VECTOR ( 'NONE', #2596, 1000.000000000000000 ) ;
#2449 = CARTESIAN_POINT ( 'NONE',  ( -11411.43189860506209, 729.4021522441533989, -769.9999999999959073 ) ) ;
#2450 = PLANE ( 'NONE',  #3039 ) ;
#2451 = CARTESIAN_POINT ( 'NONE',  ( -10255.33188238365256, 729.4021522441533989, -769.9999999999959073 ) ) ;
#2452 = VERTEX_POINT ( 'NONE', #3911 ) ;
#2453 = DIRECTION ( 'NONE',  ( 0.000000000000000000, 0.9854601157443478865, -0.1699069165076472210 ) ) ;
#2454 = VECTOR ( 'NONE', #4187, 1000.000000000000000 ) ;
#2455 = CARTESIAN_POINT ( 'NONE',  ( -14175.00000000000000, -875.0000000000000000, -1060.000000000000000 ) ) ;
#2456 = ORIENTED_EDGE ( 'NONE', *, *, #219, .F. ) ;
#2457 = DIRECTION ( 'NONE',  ( 0.000000000000000000, -1.000000000000000000, -2.775557561563032853E-16 ) ) ;
#2458 = DIRECTION ( 'NONE',  ( 0.000000000000000000, -4.827056628805028179E-16, 1.000000000000000000 ) ) ;
#2459 = ORIENTED_EDGE ( 'NONE', *, *, #3044, .T. ) ;
#2460 = ADVANCED_FACE ( 'NONE', ( #941 ), #2948, .T. ) ;
#2461 = CARTESIAN_POINT ( 'NONE',  ( -10255.33188238365256, 1077.499998843224375, -589.9999999999964757 ) ) ;
#2462 = DIRECTION ( 'NONE',  ( 0.000000000000000000, 1.000000000000000000, 2.775557561563032853E-16 ) ) ;
#2463 = EDGE_CURVE ( 'NONE', #778, #755, #657, .T. ) ;
#2464 = CARTESIAN_POINT ( 'NONE',  ( -12100.00000000000182, -814.9999999999972715, -909.9999999999987494 ) ) ;
#2465 = CONTEXT_DEPENDENT_SHAPE_REPRESENTATION ( #2642, #1270 ) ;
#2466 = LINE ( 'NONE', #1869, #2652 ) ;
#2467 = ORIENTED_EDGE ( 'NONE', *, *, #3527, .T. ) ;
#2468 = ORIENTED_EDGE ( 'NONE', *, *, #2538, .T. ) ;
#2469 = DIRECTION ( 'NONE',  ( 0.000000000000000000, -0.1699069165076472210, -0.9854601157443478865 ) ) ;
#2470 = CARTESIAN_POINT ( 'NONE',  ( -15744.66811761634744, 814.9999999999972715, -589.9999999999965894 ) ) ;
#2471 = VECTOR ( 'NONE', #3957, 1000.000000000000000 ) ;
#2472 = VECTOR ( 'NONE', #4264, 1000.000000000000000 ) ;
#2473 = ORIENTED_EDGE ( 'NONE', *, *, #3851, .T. ) ;
#2474 = EDGE_CURVE ( 'NONE', #1324, #2550, #2304, .T. ) ;
#2475 = VECTOR ( 'NONE', #1471, 1000.000000000000000 ) ;
#2476 = CARTESIAN_POINT ( 'NONE',  ( 616.7948635501689978, -875.0000000000000000, -1060.000000000000000 ) ) ;
#2477 = DIRECTION ( 'NONE',  ( -1.000000000000000000, -0.000000000000000000, -0.000000000000000000 ) ) ;
#2478 = LINE ( 'NONE', #3820, #1201 ) ;
#2479 = ORIENTED_EDGE ( 'NONE', *, *, #3301, .T. ) ;
#2480 = CARTESIAN_POINT ( 'NONE',  ( -12100.00000000000182, 679.9999999999979536, -909.9999999999979536 ) ) ;
#2481 = AXIS2_PLACEMENT_3D ( 'NONE', #3673, #1013, #3310 ) ;
#2482 = CARTESIAN_POINT ( 'NONE',  ( -12225.00000000000182, 800.0000000000000000, -910.0000000000001137 ) ) ;
#2483 = AXIS2_PLACEMENT_3D ( 'NONE', #3661, #1666, #1339 ) ;
#2484 = DIRECTION ( 'NONE',  ( 0.000000000000000000, -2.413528314402513597E-16, 1.000000000000000000 ) ) ;
#2485 = LINE ( 'NONE', #3828, #3281 ) ;
#2486 = PRODUCT_CONTEXT ( 'NONE', #3232, 'mechanical' ) ;
#2487 = DIRECTION ( 'NONE',  ( 1.000000000000000000, 0.000000000000000000, -1.908428413691174465E-16 ) ) ;
#2488 = EDGE_CURVE ( 'NONE', #2586, #135, #960, .T. ) ;
#2489 = ORIENTED_EDGE ( 'NONE', *, *, #2494, .T. ) ;
#2490 = ORIENTED_EDGE ( 'NONE', *, *, #3332, .F. ) ;
#2491 = DIRECTION ( 'NONE',  ( 1.000000000000000000, 0.000000000000000000, -0.000000000000000000 ) ) ;
#2492 = CARTESIAN_POINT ( 'NONE',  ( -11658.75177054179585, 732.4719190560189190, -589.9999999999965894 ) ) ;
#2493 = CARTESIAN_POINT ( 'NONE',  ( -13499.99999999999818, 1077.499998843224375, -589.9999999999964757 ) ) ;
#2494 = EDGE_CURVE ( 'NONE', #3397, #857, #3541, .T. ) ;
#2495 = ORIENTED_EDGE ( 'NONE', *, *, #912, .T. ) ;
#2496 = CYLINDRICAL_SURFACE ( 'NONE', #2366, 460.0000000000000568 ) ;
#2497 = PLANE ( 'NONE',  #4026 ) ;
#2498 = CARTESIAN_POINT ( 'NONE',  ( -12225.00000000000182, 800.0000000000000000, -910.0000000000001137 ) ) ;
#2499 = ORIENTED_EDGE ( 'NONE', *, *, #1465, .T. ) ;
#2500 = ADVANCED_FACE ( 'NONE', ( #567 ), #590, .F. ) ;
#2501 =( BOUNDED_CURVE ( )  B_SPLINE_CURVE ( 3, ( #1139, #465, #1180, #548 ),
 .UNSPECIFIED., .F., .T. ) 
 B_SPLINE_CURVE_WITH_KNOTS ( ( 4, 4 ),
 ( 1.284283745212837724, 1.335088666923594625 ),
 .UNSPECIFIED. ) 
 CURVE ( )  GEOMETRIC_REPRESENTATION_ITEM ( )  RATIONAL_B_SPLINE_CURVE ( ( 1.000000000000000000, 0.9997849165603801547, 0.9997849165603801547, 1.000000000000000000 ) ) 
 REPRESENTATION_ITEM ( '' )  );
#2502 = AXIS2_PLACEMENT_3D ( 'NONE', #831, #1859, #1212 ) ;
#2503 = DIRECTION ( 'NONE',  ( -1.000000000000000000, 0.000000000000000000, 0.000000000000000000 ) ) ;
#2504 = ITEM_DEFINED_TRANSFORMATION ( 'NONE', 'NONE', #1007,  #2984 ) ;
#2505 = VERTEX_POINT ( 'NONE', #2289 ) ;
#2506 = DIRECTION ( 'NONE',  ( -0.000000000000000000, -1.000000000000000000, -2.775557561563032853E-16 ) ) ;
#2507 = CIRCLE ( 'NONE', #3216, 277.7941176470602045 ) ;
#2508 = VECTOR ( 'NONE', #988, 1000.000000000000000 ) ;
#2509 = FACE_OUTER_BOUND ( 'NONE', #1394, .T. ) ;
#2510 = ADVANCED_FACE ( 'NONE', ( #3868 ), #2901, .F. ) ;
#2511 = FACE_BOUND ( 'NONE', #1714, .T. ) ;
#2512 = DIRECTION ( 'NONE',  ( -0.000000000000000000, -1.000000000000000000, -2.775557561563032853E-16 ) ) ;
#2513 = CARTESIAN_POINT ( 'NONE',  ( -12500.00000000000182, 1950.712458671872582, -306.2059048389983218 ) ) ;
#2514 = EDGE_LOOP ( 'NONE', ( #3333, #625, #3104, #687, #2439, #841, #2079, #832 ) ) ;
#2515 = VECTOR ( 'NONE', #2686, 1000.000000000000000 ) ;
#2516 = ADVANCED_FACE ( 'NONE', ( #1542 ), #3214, .T. ) ;
#2517 = CARTESIAN_POINT ( 'NONE',  ( -14299.99999999999818, 814.9999999999972715, -589.9999999999965894 ) ) ;
#2518 = PLANE ( 'NONE',  #2836 ) ;
#2519 = DIRECTION ( 'NONE',  ( -0.1736481776669237531, 0.000000000000000000, -0.9848077530122092416 ) ) ;
#2520 = ORIENTED_EDGE ( 'NONE', *, *, #4041, .F. ) ;
#2521 = ORIENTED_EDGE ( 'NONE', *, *, #3522, .F. ) ;
#2522 = DIRECTION ( 'NONE',  ( 3.912072321290969847E-16, -2.775557561563032853E-16, 1.000000000000000000 ) ) ;
#2523 = EDGE_LOOP ( 'NONE', ( #2203, #4135, #2809, #1136, #1593 ) ) ;
#2524 = AXIS2_PLACEMENT_3D ( 'NONE', #3826, #191, #526 ) ;
#2525 = ADVANCED_FACE ( 'NONE', ( #982 ), #3230, .T. ) ;
#2526 = CARTESIAN_POINT ( 'NONE',  ( -14791.79486355016888, -795.0000000000036380, -1060.000000000000000 ) ) ;
#2527 = ORIENTED_EDGE ( 'NONE', *, *, #3460, .F. ) ;
#2528 = LINE ( 'NONE', #1467, #1147 ) ;
#2529 = DIRECTION ( 'NONE',  ( 1.000000000000000000, -0.000000000000000000, -0.000000000000000000 ) ) ;
#2530 = CARTESIAN_POINT ( 'NONE',  ( -8598.683472959099163, 1189.999999999998408, -6660.000000000000000 ) ) ;
#2531 = CARTESIAN_POINT ( 'NONE',  ( -13499.99999999999818, 1077.499998843224148, -306.2059048389983218 ) ) ;
#2532 = CARTESIAN_POINT ( 'NONE',  ( -1.841314829809070476E-12, -989.9999999999984084, -960.0000000000019327 ) ) ;
#2533 = ORIENTED_EDGE ( 'NONE', *, *, #3612, .T. ) ;
#2534 = CARTESIAN_POINT ( 'NONE',  ( -11411.43189860506209, 877.4999988432243754, -589.9999999999965894 ) ) ;
#2535 = AXIS2_PLACEMENT_3D ( 'NONE', #1304, #4019, #633 ) ;
#2536 = CYLINDRICAL_SURFACE ( 'NONE', #2929, 460.0000000000000568 ) ;
#2537 = EDGE_LOOP ( 'NONE', ( #961, #406, #4175, #954 ) ) ;
#2538 = EDGE_CURVE ( 'NONE', #1321, #598, #2858, .T. ) ;
#2539 = EDGE_LOOP ( 'NONE', ( #3686, #3174, #1291, #865 ) ) ;
#2540 = VECTOR ( 'NONE', #827, 1000.000000000000000 ) ;
#2541 = DIRECTION ( 'NONE',  ( -0.000000000000000000, 1.000000000000000000, 2.249385511977649118E-16 ) ) ;
#2542 = CARTESIAN_POINT ( 'NONE',  ( -14299.99999999999818, -1950.712458671872810, -589.9999999999973852 ) ) ;
#2543 = ORIENTED_EDGE ( 'NONE', *, *, #1269, .F. ) ;
#2544 = EDGE_CURVE ( 'NONE', #607, #2589, #1146, .T. ) ;
#2545 = CARTESIAN_POINT ( 'NONE',  ( -12225.00000000000182, -1189.999999999998408, -960.0000000000002274 ) ) ;
#2546 = ORIENTED_EDGE ( 'NONE', *, *, #2427, .F. ) ;
#2547 = FACE_OUTER_BOUND ( 'NONE', #2613, .T. ) ;
#2548 = ADVANCED_FACE ( 'NONE', ( #3602 ), #634, .T. ) ;
#2549 = AXIS2_PLACEMENT_3D ( 'NONE', #673, #3990, #3620 ) ;
#2550 = VERTEX_POINT ( 'NONE', #2526 ) ;
#2551 = DIRECTION ( 'NONE',  ( -3.912072321290969353E-16, 2.775557561563032853E-16, -1.000000000000000000 ) ) ;
#2552 = DIRECTION ( 'NONE',  ( 0.000000000000000000, 0.000000000000000000, 1.000000000000000000 ) ) ;
#2553 = VECTOR ( 'NONE', #45, 1000.000000000000000 ) ;
#2554 =( GEOMETRIC_REPRESENTATION_CONTEXT ( 3 ) GLOBAL_UNCERTAINTY_ASSIGNED_CONTEXT ( ( #3299 ) ) GLOBAL_UNIT_ASSIGNED_CONTEXT ( ( #2758, #4280, #1681 ) ) REPRESENTATION_CONTEXT ( 'NONE', 'WORKASPACE' ) );
#2555 = EDGE_CURVE ( 'NONE', #2792, #3387, #1628, .T. ) ;
#2556 = DIRECTION ( 'NONE',  ( 0.000000000000000000, 0.000000000000000000, 1.000000000000000000 ) ) ;
#2557 = ORIENTED_EDGE ( 'NONE', *, *, #3594, .T. ) ;
#2558 = EDGE_LOOP ( 'NONE', ( #2411, #1285, #1227, #1085, #1678, #611, #2193, #3166 ) ) ;
#2559 = DIRECTION ( 'NONE',  ( -0.000000000000000000, 0.000000000000000000, 1.000000000000000000 ) ) ;
#2560 = EDGE_LOOP ( 'NONE', ( #925, #1715, #2979, #401 ) ) ;
#2561 = DIRECTION ( 'NONE',  ( 0.000000000000000000, 2.249385511977649118E-16, -1.000000000000000000 ) ) ;
#2562 = EDGE_CURVE ( 'NONE', #4037, #1647, #1002, .T. ) ;
#2563 = CYLINDRICAL_SURFACE ( 'NONE', #3330, 460.0000000000000568 ) ;
#2564 = VECTOR ( 'NONE', #430, 1000.000000000000000 ) ;
#2565 = VECTOR ( 'NONE', #1208, 1000.000000000000000 ) ;
#2566 = EDGE_CURVE ( 'NONE', #1081, #2343, #787, .T. ) ;
#2567 = ORIENTED_EDGE ( 'NONE', *, *, #867, .T. ) ;
#2568 = EDGE_LOOP ( 'NONE', ( #3726, #3450, #3561, #2520 ) ) ;
#2569 = CARTESIAN_POINT ( 'NONE',  ( -12225.00000000000182, 200.0000000000000000, -825.0000000000001137 ) ) ;
#2570 = CARTESIAN_POINT ( 'NONE',  ( -2350.000000000001364, -1189.999999999998863, -960.0000000000002274 ) ) ;
#2571 = AXIS2_PLACEMENT_3D ( 'NONE', #3363, #3072, #2372 ) ;
#2572 = EDGE_CURVE ( 'NONE', #2176, #949, #1023, .T. ) ;
#2573 = CIRCLE ( 'NONE', #1767, 1000.000000000000000 ) ;
#2574 = ORIENTED_EDGE ( 'NONE', *, *, #2040, .F. ) ;
#2575 = AXIS2_PLACEMENT_3D ( 'NONE', #1843, #508, #1118 ) ;
#2576 = ORIENTED_EDGE ( 'NONE', *, *, #470, .F. ) ;
#2577 = AXIS2_PLACEMENT_3D ( 'NONE', #359, #2025, #2694 ) ;
#2578 = CARTESIAN_POINT ( 'NONE',  ( -9640.572538960639577, -1190.000000000001592, -751.1534819267452576 ) ) ;
#2579 = EDGE_CURVE ( 'NONE', #3953, #1710, #2106, .T. ) ;
#2580 = DIRECTION ( 'NONE',  ( -0.000000000000000000, 2.775557561563032853E-16, -1.000000000000000000 ) ) ;
#2581 = DIRECTION ( 'NONE',  ( 0.000000000000000000, -1.000000000000000000, -2.775557561563032853E-16 ) ) ;
#2582 = ORIENTED_EDGE ( 'NONE', *, *, #3203, .T. ) ;
#2583 = EDGE_LOOP ( 'NONE', ( #660, #3002, #3226, #1110, #3557, #3294, #1526, #4139, #2744, #1193, #1697, #3575, #1864, #2490 ) ) ;
#2584 = DIRECTION ( 'NONE',  ( 0.000000000000000000, 1.000000000000000000, 2.775557561563032853E-16 ) ) ;
#2585 = DIRECTION ( 'NONE',  ( -1.000000000000000000, -2.193033135062037489E-16, 1.908428413691174465E-16 ) ) ;
#2586 = VERTEX_POINT ( 'NONE', #323 ) ;
#2587 = EDGE_CURVE ( 'NONE', #2055, #1910, #3358, .T. ) ;
#2588 = DIRECTION ( 'NONE',  ( 0.000000000000000000, -1.000000000000000000, -3.301729611148416588E-16 ) ) ;
#2589 = VERTEX_POINT ( 'NONE', #677 ) ;
#2590 = AXIS2_PLACEMENT_3D ( 'NONE', #328, #962, #374 ) ;
#2591 = ORIENTED_EDGE ( 'NONE', *, *, #923, .T. ) ;
#2592 = EDGE_CURVE ( 'NONE', #2973, #1495, #13, .T. ) ;
#2593 = DIRECTION ( 'NONE',  ( 0.000000000000000000, -2.775557561563032853E-16, 1.000000000000000000 ) ) ;
#2594 = LINE ( 'NONE', #3650, #1452 ) ;
#2595 = LINE ( 'NONE', #238, #4216 ) ;
#2596 = DIRECTION ( 'NONE',  ( -1.000000000000000000, -0.000000000000000000, -0.000000000000000000 ) ) ;
#2597 = FACE_OUTER_BOUND ( 'NONE', #2735, .T. ) ;
#2598 = VERTEX_POINT ( 'NONE', #2773 ) ;
#2599 = VECTOR ( 'NONE', #2376, 1000.000000000000000 ) ;
#2600 = LINE ( 'NONE', #1230, #1884 ) ;
#2601 = CARTESIAN_POINT ( 'NONE',  ( -1950.000000000000682, -800.0000000000000000, -910.0000000000001137 ) ) ;
#2602 = CARTESIAN_POINT ( 'NONE',  ( -10255.33188238365256, 679.9999999999977263, -567.4243228023077563 ) ) ;
#2603 = VERTEX_POINT ( 'NONE', #2098 ) ;
#2604 = VERTEX_POINT ( 'NONE', #2971 ) ;
#2605 = ADVANCED_FACE ( 'NONE', ( #1991 ), #1005, .F. ) ;
#2606 = CARTESIAN_POINT ( 'NONE',  ( -12225.00000000000182, 0.000000000000000000, 0.000000000000000000 ) ) ;
#2607 = ORIENTED_EDGE ( 'NONE', *, *, #1029, .F. ) ;
#2608 = CIRCLE ( 'NONE', #3877, 1000.000000000000000 ) ;
#2609 = VECTOR ( 'NONE', #3772, 1000.000000000000000 ) ;
#2610 = CARTESIAN_POINT ( 'NONE',  ( -14341.24822945820415, 732.4719190560189190, -589.9999999999965894 ) ) ;
#2611 = CARTESIAN_POINT ( 'NONE',  ( -12100.00000000000182, 814.9999999999972715, -459.9999999999978968 ) ) ;
#2612 = VERTEX_POINT ( 'NONE', #3435 ) ;
#2613 = EDGE_LOOP ( 'NONE', ( #2456, #599, #4036, #1889 ) ) ;
#2614 = CARTESIAN_POINT ( 'NONE',  ( -12441.34358727334984, -713.0416965694201963, -768.3657702387155268 ) ) ;
#2615 = DIRECTION ( 'NONE',  ( 7.824144642581933777E-16, -2.775557561563032853E-16, 1.000000000000000000 ) ) ;
#2616 = DIRECTION ( 'NONE',  ( 0.000000000000000000, 1.000000000000000000, 2.249385511977649118E-16 ) ) ;
#2617 = EDGE_CURVE ( 'NONE', #942, #370, #2659, .T. ) ;
#2618 = CARTESIAN_POINT ( 'NONE',  ( -2350.000000000000455, 800.0000000000000000, -910.0000000000001137 ) ) ;
#2619 = MECHANICAL_DESIGN_GEOMETRIC_PRESENTATION_REPRESENTATION (  '', ( #205 ), #3757 ) ;
#2620 = VERTEX_POINT ( 'NONE', #3078 ) ;
#2621 = LINE ( 'NONE', #2691, #1529 ) ;
#2622 = ORIENTED_EDGE ( 'NONE', *, *, #3789, .T. ) ;
#2623 = AXIS2_PLACEMENT_3D ( 'NONE', #1314, #1376, #3023 ) ;
#2624 = AXIS2_PLACEMENT_3D ( 'NONE', #2097, #3101, #122 ) ;
#2625 = CARTESIAN_POINT ( 'NONE',  ( -14239.85290935932790, 814.9999999999974989, -769.9999999999959073 ) ) ;
#2626 = CARTESIAN_POINT ( 'NONE',  ( -14347.28068913207608, 679.9999999999977263, -567.4243228023077563 ) ) ;
#2628 = ADVANCED_FACE ( 'NONE', ( #2791 ), #2013, .F. ) ;
#2627 =( NAMED_UNIT ( * ) PLANE_ANGLE_UNIT ( ) SI_UNIT ( $, .RADIAN. ) );
#2629 = EDGE_LOOP ( 'NONE', ( #1197, #3584, #1236, #3919 ) ) ;
#2630 = VERTEX_POINT ( 'NONE', #123 ) ;
#2631 = PLANE ( 'NONE',  #3040 ) ;
#2632 = DIRECTION ( 'NONE',  ( -2.193033135062037489E-16, 1.000000000000000000, 0.000000000000000000 ) ) ;
#2633 = VERTEX_POINT ( 'NONE', #4293 ) ;
#2634 = EDGE_CURVE ( 'NONE', #1272, #2224, #98, .T. ) ;
#2635 = UNCERTAINTY_MEASURE_WITH_UNIT (LENGTH_MEASURE( 1.000000000000000082E-05 ), #929, 'distance_accuracy_value', 'NONE');
#2636 = CARTESIAN_POINT ( 'NONE',  ( -15744.66811761634744, -1077.499998843224375, -589.9999999999971578 ) ) ;
#2637 = DIRECTION ( 'NONE',  ( 0.000000000000000000, 1.000000000000000000, 0.000000000000000000 ) ) ;
#2638 = EDGE_LOOP ( 'NONE', ( #119, #3898, #1921, #1609 ) ) ;
#2639 = VERTEX_POINT ( 'NONE', #1430 ) ;
#2640 = LINE ( 'NONE', #637, #3089 ) ;
#2641 = CARTESIAN_POINT ( 'NONE',  ( 1.146826704932026370E-13, 989.9999999999984084, -660.0000000000019327 ) ) ;
#2642 =( REPRESENTATION_RELATIONSHIP ('NONE','NONE', #4145, #4012 ) REPRESENTATION_RELATIONSHIP_WITH_TRANSFORMATION ( #2504 )SHAPE_REPRESENTATION_RELATIONSHIP( ) );
#2643 = DIRECTION ( 'NONE',  ( 0.9848077530122092416, 0.000000000000000000, -0.1736481776669237531 ) ) ;
#2644 = DIRECTION ( 'NONE',  ( -0.9848077530122092416, -3.085308620031094321E-17, -0.1736481776669234756 ) ) ;
#2645 = ORIENTED_EDGE ( 'NONE', *, *, #2291, .F. ) ;
#2646 = ADVANCED_FACE ( 'NONE', ( #1649 ), #2749, .T. ) ;
#2647 = AXIS2_PLACEMENT_3D ( 'NONE', #474, #141, #4030 ) ;
#2648 = CARTESIAN_POINT ( 'NONE',  ( -14791.79486355016888, 875.0000000000000000, -1060.000000000000000 ) ) ;
#2649 = ORIENTED_EDGE ( 'NONE', *, *, #2117, .T. ) ;
#2650 =( GEOMETRIC_REPRESENTATION_CONTEXT ( 3 ) GLOBAL_UNCERTAINTY_ASSIGNED_CONTEXT ( ( #213 ) ) GLOBAL_UNIT_ASSIGNED_CONTEXT ( ( #1296, #2627, #2961 ) ) REPRESENTATION_CONTEXT ( 'NONE', 'WORKASPACE' ) );
#2651 = AXIS2_PLACEMENT_3D ( 'NONE', #4229, #3254, #275 ) ;
#2652 = VECTOR ( 'NONE', #4184, 1000.000000000000000 ) ;
#2653 = ORIENTED_EDGE ( 'NONE', *, *, #4231, .F. ) ;
#2654 = EDGE_CURVE ( 'NONE', #344, #2586, #4100, .T. ) ;
#2655 = LINE ( 'NONE', #3710, #3171 ) ;
#2656 = CARTESIAN_POINT ( 'NONE',  ( -2825.068018844486232, 0.000000000000000000, -960.0000000000002274 ) ) ;
#2657 = ORIENTED_EDGE ( 'NONE', *, *, #2306, .F. ) ;
#2658 = DIRECTION ( 'NONE',  ( 0.000000000000000000, -1.000000000000000000, 0.000000000000000000 ) ) ;
#2659 = LINE ( 'NONE', #3324, #3212 ) ;
#2660 = ORIENTED_EDGE ( 'NONE', *, *, #3754, .F. ) ;
#2661 = EDGE_LOOP ( 'NONE', ( #2261, #4224, #3035, #3570 ) ) ;
#2662 = LINE ( 'NONE', #3694, #1638 ) ;
#2663 = CARTESIAN_POINT ( 'NONE',  ( -10255.33188238365256, -814.9999999999972715, -769.9999999999963620 ) ) ;
#2664 = CARTESIAN_POINT ( 'NONE',  ( -15744.66811761634744, 1077.499998843224375, -589.9999999999964757 ) ) ;
#2665 = CARTESIAN_POINT ( 'NONE',  ( -12225.00000000000182, -200.0000000000000000, -825.0000000000001137 ) ) ;
#2666 = ADVANCED_FACE ( 'NONE', ( #2442 ), #811, .F. ) ;
#2667 = LINE ( 'NONE', #1030, #843 ) ;
#2668 = EDGE_LOOP ( 'NONE', ( #1039, #3306 ) ) ;
#2669 = VECTOR ( 'NONE', #1841, 1000.000000000000000 ) ;
#2670 = CARTESIAN_POINT ( 'NONE',  ( -14388.56810139493609, 877.4999988432243754, -589.9999999999965894 ) ) ;
#2671 = DIRECTION ( 'NONE',  ( -0.000000000000000000, -0.9901138386947148096, -0.1402661271484180183 ) ) ;
#2672 = DIRECTION ( 'NONE',  ( 0.000000000000000000, 1.000000000000000000, 3.301729611148416588E-16 ) ) ;
#2673 = SURFACE_STYLE_FILL_AREA ( #384 ) ;
#2674 = CARTESIAN_POINT ( 'NONE',  ( -12225.00000000000182, 1189.999999999998408, -960.0000000000002274 ) ) ;
#2675 = ORIENTED_EDGE ( 'NONE', *, *, #3896, .T. ) ;
#2676 = EDGE_LOOP ( 'NONE', ( #3086, #3738 ) ) ;
#2677 = DIRECTION ( 'NONE',  ( 0.000000000000000000, 1.000000000000000000, 5.551115123125784674E-16 ) ) ;
#2678 = CYLINDRICAL_SURFACE ( 'NONE', #2483, 6000.000000000000000 ) ;
#2679 = ORIENTED_EDGE ( 'NONE', *, *, #2021, .F. ) ;
#2680 = EDGE_LOOP ( 'NONE', ( #3955, #2158, #2649, #602 ) ) ;
#2681 = AXIS2_PLACEMENT_3D ( 'NONE', #1403, #3336, #1680 ) ;
#2682 = ADVANCED_FACE ( 'NONE', ( #3124 ), #147, .T. ) ;
#2683 = CYLINDRICAL_SURFACE ( 'NONE', #1105, 460.0000000000000568 ) ;
#2684 = VECTOR ( 'NONE', #4299, 1000.000000000000000 ) ;
#2685 = ADVANCED_FACE ( 'NONE', ( #3801 ), #4246, .T. ) ;
#2686 = DIRECTION ( 'NONE',  ( 0.000000000000000000, 1.000000000000000000, 2.775557561563032853E-16 ) ) ;
#2687 = VECTOR ( 'NONE', #3179, 1000.000000000000114 ) ;
#2688 = LINE ( 'NONE', #2386, #3110 ) ;
#2689 = CARTESIAN_POINT ( 'NONE',  ( -11411.43189860506209, 278.9021535255452022, -725.0000000000052296 ) ) ;
#2690 = ADVANCED_FACE ( 'NONE', ( #1518 ), #3859, .F. ) ;
#2691 = CARTESIAN_POINT ( 'NONE',  ( -11349.93198115551968, 0.000000000000000000, -960.0000000000002274 ) ) ;
#2692 = ORIENTED_EDGE ( 'NONE', *, *, #178, .T. ) ;
#2693 = DIRECTION ( 'NONE',  ( -0.000000000000000000, 2.775557561563032853E-16, -1.000000000000000000 ) ) ;
#2694 = DIRECTION ( 'NONE',  ( 1.000000000000000000, 0.000000000000000000, 0.000000000000000000 ) ) ;
#2695 = PLANE ( 'NONE',  #2681 ) ;
#2696 = CARTESIAN_POINT ( 'NONE',  ( 616.7948635501689978, 875.0000000000000000, -1060.000000000000000 ) ) ;
#2697 = ORIENTED_EDGE ( 'NONE', *, *, #1546, .F. ) ;
#2698 = ORIENTED_EDGE ( 'NONE', *, *, #3834, .F. ) ;
#2699 = CIRCLE ( 'NONE', #3256, 277.7941176470602045 ) ;
#2700 = CARTESIAN_POINT ( 'NONE',  ( -5576.316527040904475, 989.9999999999981810, -6660.000000000000909 ) ) ;
#2701 = DIRECTION ( 'NONE',  ( 0.000000000000000000, 0.000000000000000000, 1.000000000000000000 ) ) ;
#2702 = EDGE_LOOP ( 'NONE', ( #914, #4230, #179, #428 ) ) ;
#2703 = EDGE_CURVE ( 'NONE', #739, #3051, #930, .T. ) ;
#2704 = EDGE_LOOP ( 'NONE', ( #209, #308, #533, #1742 ) ) ;
#2705 = ADVANCED_FACE ( 'NONE', ( #1560 ), #2536, .T. ) ;
#2706 = FACE_OUTER_BOUND ( 'NONE', #3942, .T. ) ;
#2707 = VERTEX_POINT ( 'NONE', #4221 ) ;
#2708 = CARTESIAN_POINT ( 'NONE',  ( -11825.00000000000182, 899.9999999999998863, -910.0000000000001137 ) ) ;
#2709 = EDGE_CURVE ( 'NONE', #1292, #1247, #581, .T. ) ;
#2710 = DIRECTION ( 'NONE',  ( 0.000000000000000000, -2.413528314402514090E-16, 1.000000000000000000 ) ) ;
#2711 = CARTESIAN_POINT ( 'NONE',  ( -11611.43189860506391, -1077.499998843224375, -769.9999999999964757 ) ) ;
#2712 = ORIENTED_EDGE ( 'NONE', *, *, #3565, .F. ) ;
#2713 = DIRECTION ( 'NONE',  ( 0.000000000000000000, -1.000000000000000000, 0.000000000000000000 ) ) ;
#2714 = CARTESIAN_POINT ( 'NONE',  ( -11411.43189860506209, -176.9719203373659866, -350.9999999999987494 ) ) ;
#2715 = DIRECTION ( 'NONE',  ( -0.000000000000000000, -1.000000000000000000, -2.775557561563032853E-16 ) ) ;
#2716 = CARTESIAN_POINT ( 'NONE',  ( -11656.54998713038367, -715.1018965907406937, -582.5266689850961939 ) ) ;
#2717 = VERTEX_POINT ( 'NONE', #4157 ) ;
#2718 = VECTOR ( 'NONE', #1943, 1000.000000000000000 ) ;
#2719 = EDGE_LOOP ( 'NONE', ( #3201, #848, #1043, #4010, #1383 ) ) ;
#2720 = CARTESIAN_POINT ( 'NONE',  ( -14588.56810139493791, 877.4999988432243754, -589.9999999999965894 ) ) ;
#2721 = CARTESIAN_POINT ( 'NONE',  ( -13458.75177054179585, 732.4719190560189190, -589.9999999999965894 ) ) ;
#2722 = ORIENTED_EDGE ( 'NONE', *, *, #2283, .F. ) ;
#2723 = VECTOR ( 'NONE', #3483, 1000.000000000000000 ) ;
#2724 = ORIENTED_EDGE ( 'NONE', *, *, #2617, .F. ) ;
#2725 = AXIS2_PLACEMENT_3D ( 'NONE', #2455, #3797, #1167 ) ;
#2726 = AXIS2_PLACEMENT_3D ( 'NONE', #1078, #3729, #780 ) ;
#2727 = DIRECTION ( 'NONE',  ( -1.000000000000000000, -0.000000000000000000, 0.000000000000000000 ) ) ;
#2728 = DIRECTION ( 'NONE',  ( -1.000000000000000000, -0.000000000000000000, -0.000000000000000000 ) ) ;
#2729 = ORIENTED_EDGE ( 'NONE', *, *, #1503, .F. ) ;
#2730 = LINE ( 'NONE', #1091, #3229 ) ;
#2731 = CARTESIAN_POINT ( 'NONE',  ( -1950.000000000000682, -1189.999999999998408, -960.0000000000002274 ) ) ;
#2732 = CARTESIAN_POINT ( 'NONE',  ( 616.7948635501689978, 875.0000000000000000, -1140.000000000000227 ) ) ;
#2733 = CARTESIAN_POINT ( 'NONE',  ( 616.7948635501689978, 954.9999999999998863, -1060.000000000000000 ) ) ;
#2734 = ADVANCED_FACE ( 'NONE', ( #889 ), #4196, .T. ) ;
#2735 = EDGE_LOOP ( 'NONE', ( #52, #593, #1067, #1642 ) ) ;
#2736 = VERTEX_POINT ( 'NONE', #1881 ) ;
#2737 = DIRECTION ( 'NONE',  ( 0.000000000000000000, -2.413528314402513597E-16, 1.000000000000000000 ) ) ;
#2738 = LINE ( 'NONE', #2392, #4181 ) ;
#2739 = CARTESIAN_POINT ( 'NONE',  ( -4534.427461039362242, 1189.999999999998408, -751.1534819267454850 ) ) ;
#2740 = CARTESIAN_POINT ( 'NONE',  ( -12500.00000000000182, 1077.499998843224148, -306.2059048389983218 ) ) ;
#2741 = VERTEX_POINT ( 'NONE', #1192 ) ;
#2742 = EDGE_CURVE ( 'NONE', #413, #2374, #3207, .T. ) ;
#2743 = AXIS2_PLACEMENT_3D ( 'NONE', #2530, #2954, #2195 ) ;
#2744 = ORIENTED_EDGE ( 'NONE', *, *, #2394, .T. ) ;
#2745 = AXIS2_PLACEMENT_3D ( 'NONE', #1137, #173, #3063 ) ;
#2746 = VECTOR ( 'NONE', #3452, 1000.000000000000000 ) ;
#2747 = CARTESIAN_POINT ( 'NONE',  ( -13795.00000000000000, 875.0000000000000000, -1060.000000000000000 ) ) ;
#2748 =( LENGTH_UNIT ( ) NAMED_UNIT ( * ) SI_UNIT ( .MILLI., .METRE. ) );
#2749 = CYLINDRICAL_SURFACE ( 'NONE', #87, 79.99999999999995737 ) ;
#2750 = ORIENTED_EDGE ( 'NONE', *, *, #149, .T. ) ;
#2751 = ORIENTED_EDGE ( 'NONE', *, *, #3100, .T. ) ;
#2752 = EDGE_CURVE ( 'NONE', #3920, #232, #246, .T. ) ;
#2753 = VECTOR ( 'NONE', #145, 1000.000000000000000 ) ;
#2754 = AXIS2_PLACEMENT_3D ( 'NONE', #3224, #1274, #3901 ) ;
#2755 = DIRECTION ( 'NONE',  ( 0.000000000000000000, 0.000000000000000000, 1.000000000000000000 ) ) ;
#2756 = PLANE ( 'NONE',  #2745 ) ;
#2757 = DIRECTION ( 'NONE',  ( 1.000000000000000000, -0.000000000000000000, -0.000000000000000000 ) ) ;
#2758 =( LENGTH_UNIT ( ) NAMED_UNIT ( * ) SI_UNIT ( .MILLI., .METRE. ) );
#2759 = LINE ( 'NONE', #1073, #3563 ) ;
#2760 = ORIENTED_EDGE ( 'NONE', *, *, #2835, .F. ) ;
#2761 = VECTOR ( 'NONE', #2256, 1000.000000000000000 ) ;
#2762 = ORIENTED_EDGE ( 'NONE', *, *, #4124, .T. ) ;
#2763 = EDGE_CURVE ( 'NONE', #824, #2443, #1817, .T. ) ;
#2764 = LINE ( 'NONE', #804, #4261 ) ;
#2765 = DIRECTION ( 'NONE',  ( 1.000000000000000000, 0.000000000000000000, 0.000000000000000000 ) ) ;
#2766 = DIRECTION ( 'NONE',  ( 2.193033135062037489E-16, -1.000000000000000000, -0.000000000000000000 ) ) ;
#2767 = LINE ( 'NONE', #1126, #1277 ) ;
#2768 = ORIENTED_EDGE ( 'NONE', *, *, #2972, .T. ) ;
#2769 = ORIENTED_EDGE ( 'NONE', *, *, #4067, .F. ) ;
#2770 = ADVANCED_FACE ( 'NONE', ( #3838 ), #869, .F. ) ;
#2771 = CARTESIAN_POINT ( 'NONE',  ( -380.0000000000000000, -875.0000000000000000, -1060.000000000000000 ) ) ;
#2772 = PLANE ( 'NONE',  #1875 ) ;
#2773 = CARTESIAN_POINT ( 'NONE',  ( -13458.75177054179585, 732.4719190560189190, -589.9999999999965894 ) ) ;
#2774 = ORIENTED_EDGE ( 'NONE', *, *, #1969, .F. ) ;
#2775 = AXIS2_PLACEMENT_3D ( 'NONE', #3147, #2876, #1260 ) ;
#2776 = CIRCLE ( 'NONE', #2082, 79.99999999999995737 ) ;
#2777 = PRODUCT_RELATED_PRODUCT_CATEGORY ( 'part', '', ( #684 ) ) ;
#2778 = VERTEX_POINT ( 'NONE', #1171 ) ;
#2779 = ORIENTED_EDGE ( 'NONE', *, *, #1815, .T. ) ;
#2780 = LINE ( 'NONE', #2731, #2826 ) ;
#2781 = DIRECTION ( 'NONE',  ( 1.000000000000000000, 0.000000000000000000, 0.000000000000000000 ) ) ;
#2782 = LINE ( 'NONE', #488, #21 ) ;
#2783 = ORIENTED_EDGE ( 'NONE', *, *, #4193, .T. ) ;
#2784 = VERTEX_POINT ( 'NONE', #3165 ) ;
#2785 = DIRECTION ( 'NONE',  ( -1.000000000000000000, -0.000000000000000000, -0.000000000000000000 ) ) ;
#2786 = LINE ( 'NONE', #2349, #226 ) ;
#2787 = EDGE_CURVE ( 'NONE', #1922, #2741, #2478, .T. ) ;
#2788 = ORIENTED_EDGE ( 'NONE', *, *, #4027, .T. ) ;
#2789 = CARTESIAN_POINT ( 'NONE',  ( -380.0000000000000000, -875.0000000000000000, -1060.000000000000000 ) ) ;
#2790 = PLANE ( 'NONE',  #1187 ) ;
#2791 = FACE_OUTER_BOUND ( 'NONE', #3793, .T. ) ;
#2792 = VERTEX_POINT ( 'NONE', #2165 ) ;
#2793 = EDGE_CURVE ( 'NONE', #370, #1451, #442, .T. ) ;
#2794 = VECTOR ( 'NONE', #3778, 1000.000000000000000 ) ;
#2795 = VECTOR ( 'NONE', #2643, 1000.000000000000000 ) ;
#2796 = DIRECTION ( 'NONE',  ( 0.000000000000000000, 0.000000000000000000, 1.000000000000000000 ) ) ;
#2797 = ORIENTED_EDGE ( 'NONE', *, *, #4276, .T. ) ;
#2798 = VECTOR ( 'NONE', #2162, 1000.000000000000000 ) ;
#2799 = CARTESIAN_POINT ( 'NONE',  ( -11611.43189860506391, -877.4999988432243754, -589.9999999999970441 ) ) ;
#2800 = CARTESIAN_POINT ( 'NONE',  ( -11411.43189860506209, -278.9021535255452022, -725.0000000000053433 ) ) ;
#2801 = DIRECTION ( 'NONE',  ( 0.000000000000000000, 0.9185881544472646043, 0.3952161465694035702 ) ) ;
#2802 = EDGE_CURVE ( 'NONE', #2252, #2717, #1494, .T. ) ;
#2803 = VERTEX_POINT ( 'NONE', #3007 ) ;
#2804 = VERTEX_POINT ( 'NONE', #2674 ) ;
#2805 = LINE ( 'NONE', #3094, #2746 ) ;
#2806 = DIRECTION ( 'NONE',  ( 0.000000000000000000, 1.000000000000000000, 3.301729611148416588E-16 ) ) ;
#2807 = VECTOR ( 'NONE', #353, 1000.000000000000000 ) ;
#2808 = DIRECTION ( 'NONE',  ( -1.000000000000000000, -2.193033135062037489E-16, 1.633773012826316475E-16 ) ) ;
#2809 = ORIENTED_EDGE ( 'NONE', *, *, #2188, .T. ) ;
#2810 = DIRECTION ( 'NONE',  ( 1.000000000000000000, 0.000000000000000000, -0.000000000000000000 ) ) ;
#2811 = DIRECTION ( 'NONE',  ( 0.000000000000000000, -1.000000000000000000, -0.000000000000000000 ) ) ;
#2812 = ORIENTED_EDGE ( 'NONE', *, *, #795, .T. ) ;
#2813 = CIRCLE ( 'NONE', #2590, 229.9999999211528348 ) ;
#2814 = CIRCLE ( 'NONE', #3724, 79.99999999999995737 ) ;
#2815 = EDGE_CURVE ( 'NONE', #2227, #3271, #3, .T. ) ;
#2816 = FACE_OUTER_BOUND ( 'NONE', #4201, .T. ) ;
#2817 = EDGE_CURVE ( 'NONE', #2343, #2029, #1641, .T. ) ;
#2818 = FACE_OUTER_BOUND ( 'NONE', #2661, .T. ) ;
#2819 = SHAPE_DEFINITION_REPRESENTATION ( #2296, #749 ) ;
#2820 = LINE ( 'NONE', #196, #731 ) ;
#2821 = EDGE_LOOP ( 'NONE', ( #24, #2989, #276, #3381, #3549, #3344, #734, #1818, #1298, #2949, #1502, #1016 ) ) ;
#2822 = ORIENTED_EDGE ( 'NONE', *, *, #603, .T. ) ;
#2823 = CYLINDRICAL_SURFACE ( 'NONE', #746, 460.0000000000000568 ) ;
#2824 = DIRECTION ( 'NONE',  ( 0.000000000000000000, 0.3952161465694035702, -0.9185881544472646043 ) ) ;
#2825 = PLANE ( 'NONE',  #2241 ) ;
#2826 = VECTOR ( 'NONE', #3482, 1000.000000000000000 ) ;
#2827 = VECTOR ( 'NONE', #935, 1000.000000000000000 ) ;
#2828 = ORIENTED_EDGE ( 'NONE', *, *, #2050, .T. ) ;
#2829 = VECTOR ( 'NONE', #2806, 1000.000000000000000 ) ;
#2830 = DIRECTION ( 'NONE',  ( 0.000000000000000000, -0.4999999999996849187, 0.8660254037846205621 ) ) ;
#2831 = DIRECTION ( 'NONE',  ( 0.000000000000000000, 1.000000000000000000, 3.301729611148416588E-16 ) ) ;
#2832 = ORIENTED_EDGE ( 'NONE', *, *, #2972, .F. ) ;
#2833 = LINE ( 'NONE', #1563, #2083 ) ;
#2834 = ORIENTED_EDGE ( 'NONE', *, *, #1392, .T. ) ;
#2835 = EDGE_CURVE ( 'NONE', #1587, #1488, #668, .T. ) ;
#2836 = AXIS2_PLACEMENT_3D ( 'NONE', #207, #81, #2851 ) ;
#2837 = VECTOR ( 'NONE', #3414, 1000.000000000000114 ) ;
#2838 = CARTESIAN_POINT ( 'NONE',  ( -12225.00000000000182, -899.9999999999998863, -910.0000000000001137 ) ) ;
#2839 = DIRECTION ( 'NONE',  ( 0.000000000000000000, 0.000000000000000000, 1.000000000000000000 ) ) ;
#2840 = EDGE_LOOP ( 'NONE', ( #99, #422, #103, #2543, #3067 ) ) ;
#2841 = CARTESIAN_POINT ( 'NONE',  ( -14299.99999999999818, -814.9999999999974989, -589.9999999999970441 ) ) ;
#2842 = ORIENTED_EDGE ( 'NONE', *, *, #592, .T. ) ;
#2843 = EDGE_CURVE ( 'NONE', #16, #1804, #3774, .T. ) ;
#2844 = FACE_OUTER_BOUND ( 'NONE', #3393, .T. ) ;
#2845 = CARTESIAN_POINT ( 'NONE',  ( -13000.00000000000000, -229.9999999211528348, -725.0000000000050022 ) ) ;
#2846 = DIRECTION ( 'NONE',  ( 0.000000000000000000, 0.000000000000000000, 1.000000000000000000 ) ) ;
#2847 = CARTESIAN_POINT ( 'NONE',  ( -13899.99999999999818, 814.9999999999972715, -459.9999999999978968 ) ) ;
#2848 = VERTEX_POINT ( 'NONE', #2325 ) ;
#2849 = CIRCLE ( 'NONE', #2090, 460.0000000000001137 ) ;
#2850 = CARTESIAN_POINT ( 'NONE',  ( -10255.33188238365256, -732.4719190560189190, -589.9999999999970441 ) ) ;
#2851 = DIRECTION ( 'NONE',  ( -1.000000000000000000, -2.193033135062037489E-16, 0.000000000000000000 ) ) ;
#2852 = VERTEX_POINT ( 'NONE', #2302 ) ;
#2853 = ADVANCED_FACE ( 'NONE', ( #3243 ), #1275, .F. ) ;
#2854 = EDGE_LOOP ( 'NONE', ( #2917, #2812 ) ) ;
#2855 = DIRECTION ( 'NONE',  ( -1.000000000000000000, 0.000000000000000000, 0.000000000000000000 ) ) ;
#2856 = PRODUCT_DEFINITION_CONTEXT ( 'detailed design', #2069, 'design' ) ;
#2857 = AXIS2_PLACEMENT_3D ( 'NONE', #2962, #4008, #3338 ) ;
#2858 = LINE ( 'NONE', #2923, #587 ) ;
#2859 = LINE ( 'NONE', #1485, #3439 ) ;
#2860 = AXIS2_PLACEMENT_3D ( 'NONE', #1950, #297, #4268 ) ;
#2861 = VECTOR ( 'NONE', #1525, 1000.000000000000000 ) ;
#2862 = ORIENTED_EDGE ( 'NONE', *, *, #2421, .F. ) ;
#2863 = DIRECTION ( 'NONE',  ( 0.000000000000000000, 3.301729611148416588E-16, -1.000000000000000000 ) ) ;
#2864 = FACE_OUTER_BOUND ( 'NONE', #950, .T. ) ;
#2865 = CARTESIAN_POINT ( 'NONE',  ( -2350.000000000000455, 800.0000000000000000, -910.0000000000001137 ) ) ;
#2866 = EDGE_CURVE ( 'NONE', #2245, #812, #362, .T. ) ;
#2867 = DIRECTION ( 'NONE',  ( 0.000000000000000000, 0.9854601157443478865, 0.1699069165076472210 ) ) ;
#2868 = ORIENTED_EDGE ( 'NONE', *, *, #653, .T. ) ;
#2869 = CARTESIAN_POINT ( 'NONE',  ( -13452.71931086792210, 679.9999999999977263, -567.4243228023077563 ) ) ;
#2870 = FACE_OUTER_BOUND ( 'NONE', #2089, .T. ) ;
#2872 = ADVANCED_FACE ( 'NONE', ( #3615 ), #2914, .T. ) ;
#2871 =( NAMED_UNIT ( * ) SI_UNIT ( $, .STERADIAN. ) SOLID_ANGLE_UNIT ( ) );
#2873 = DIRECTION ( 'NONE',  ( 0.000000000000000000, 0.000000000000000000, 1.000000000000000000 ) ) ;
#2874 = ORIENTED_EDGE ( 'NONE', *, *, #4018, .F. ) ;
#2875 = ORIENTED_EDGE ( 'NONE', *, *, #293, .F. ) ;
#2876 = DIRECTION ( 'NONE',  ( 0.000000000000000000, 1.000000000000000000, 2.775557561563032853E-16 ) ) ;
#2877 = ADVANCED_FACE ( 'NONE', ( #645 ), #1961, .T. ) ;
#2878 = ORIENTED_EDGE ( 'NONE', *, *, #2933, .T. ) ;
#2879 = EDGE_CURVE ( 'NONE', #2550, #3760, #4117, .T. ) ;
#2880 = DIRECTION ( 'NONE',  ( 0.000000000000000000, -2.413528314402514090E-16, 1.000000000000000000 ) ) ;
#2881 = ORIENTED_EDGE ( 'NONE', *, *, #833, .T. ) ;
#2882 = FACE_OUTER_BOUND ( 'NONE', #2558, .T. ) ;
#2883 = ORIENTED_EDGE ( 'NONE', *, *, #2258, .T. ) ;
#2884 = DIRECTION ( 'NONE',  ( -0.000000000000000000, -1.000000000000000000, -2.775557561563032853E-16 ) ) ;
#2885 = DIRECTION ( 'NONE',  ( 0.000000000000000000, 0.000000000000000000, 1.000000000000000000 ) ) ;
#2886 = EDGE_CURVE ( 'NONE', #852, #1671, #2786, .T. ) ;
#2887 = CARTESIAN_POINT ( 'NONE',  ( -13499.99999999999818, -814.9999999999974989, -306.2059048389991176 ) ) ;
#2888 = VERTEX_POINT ( 'NONE', #1708 ) ;
#2889 = EDGE_LOOP ( 'NONE', ( #3836, #1245, #1547, #2724 ) ) ;
#2890 = EDGE_CURVE ( 'NONE', #3667, #124, #7, .T. ) ;
#2891 = CARTESIAN_POINT ( 'NONE',  ( 0.000000000000000000, 0.000000000000000000, -960.0000000000002274 ) ) ;
#2892 = DIRECTION ( 'NONE',  ( 0.000000000000000000, -1.000000000000000000, -2.775557561563032853E-16 ) ) ;
#2893 = VECTOR ( 'NONE', #4272, 1000.000000000000000 ) ;
#2894 = DIRECTION ( 'NONE',  ( -0.000000000000000000, -3.301729611148416588E-16, 1.000000000000000000 ) ) ;
#2895 = ORIENTED_EDGE ( 'NONE', *, *, #4048, .F. ) ;
#2896 = VERTEX_POINT ( 'NONE', #1080 ) ;
#2897 = AXIS2_PLACEMENT_3D ( 'NONE', #3118, #2512, #513 ) ;
#2898 = EDGE_CURVE ( 'NONE', #3459, #2380, #862, .T. ) ;
#2899 = CARTESIAN_POINT ( 'NONE',  ( -13499.99999999999818, 814.9999999999972715, -306.2059048389984355 ) ) ;
#2900 = ORIENTED_EDGE ( 'NONE', *, *, #3087, .F. ) ;
#2901 = PLANE ( 'NONE',  #3841 ) ;
#2902 = AXIS2_PLACEMENT_3D ( 'NONE', #1239, #2264, #4200 ) ;
#2903 = EDGE_LOOP ( 'NONE', ( #1986, #2924, #3779, #412, #4111, #3264, #1076 ) ) ;
#2904 = DIRECTION ( 'NONE',  ( 3.132904478660053556E-17, -1.000000000000000000, 0.000000000000000000 ) ) ;
#2905 = DIRECTION ( 'NONE',  ( 0.000000000000000000, 2.775557561563032853E-16, -1.000000000000000000 ) ) ;
#2906 = LINE ( 'NONE', #574, #3042 ) ;
#2907 = AXIS2_PLACEMENT_3D ( 'NONE', #1210, #4156, #580 ) ;
#2908 = CARTESIAN_POINT ( 'NONE',  ( -1950.000000000000682, -899.9999999999998863, -910.0000000000001137 ) ) ;
#2909 = ORIENTED_EDGE ( 'NONE', *, *, #3871, .T. ) ;
#2910 = ORIENTED_EDGE ( 'NONE', *, *, #1448, .T. ) ;
#2911 = DIRECTION ( 'NONE',  ( 0.000000000000000000, 1.000000000000000000, 0.000000000000000000 ) ) ;
#2912 = DIRECTION ( 'NONE',  ( 0.000000000000000000, 0.9901138386947148096, 0.1402661271484179906 ) ) ;
#2913 = DIRECTION ( 'NONE',  ( -0.000000000000000000, -0.9901138386947148096, -0.1402661271484180183 ) ) ;
#2914 = CYLINDRICAL_SURFACE ( 'NONE', #1550, 277.7941176470602045 ) ;
#2915 = ORIENTED_EDGE ( 'NONE', *, *, #2898, .T. ) ;
#2916 = EDGE_CURVE ( 'NONE', #896, #942, #583, .T. ) ;
#2917 = ORIENTED_EDGE ( 'NONE', *, *, #4231, .T. ) ;
#2918 = CARTESIAN_POINT ( 'NONE',  ( -3866.957084846028465, 1189.999999999998408, -868.8465180732546287 ) ) ;
#2919 = CARTESIAN_POINT ( 'NONE',  ( -12100.00000000000182, 1054.999999999997272, -459.9999999999978400 ) ) ;
#2920 = AXIS2_PLACEMENT_3D ( 'NONE', #54, #1083, #3433 ) ;
#2921 = EDGE_CURVE ( 'NONE', #232, #112, #3050, .T. ) ;
#2922 = PRODUCT_DEFINITION_SHAPE ( 'NONE', 'NONE',  #4303 ) ;
#2923 = CARTESIAN_POINT ( 'NONE',  ( -13499.99999999999818, 1950.712458671872582, -306.2059048389983218 ) ) ;
#2924 = ORIENTED_EDGE ( 'NONE', *, *, #3030, .T. ) ;
#2925 = PRODUCT_DEFINITION ( 'NON CONOSCIUTO', '', #376, #4290 ) ;
#2926 = ORIENTED_EDGE ( 'NONE', *, *, #381, .F. ) ;
#2927 = FACE_OUTER_BOUND ( 'NONE', #2668, .T. ) ;
#2928 = LINE ( 'NONE', #4255, #2140 ) ;
#2929 = AXIS2_PLACEMENT_3D ( 'NONE', #2223, #1233, #2873 ) ;
#2930 = LINE ( 'NONE', #2271, #1929 ) ;
#2931 = VECTOR ( 'NONE', #4273, 1000.000000000000000 ) ;
#2932 = CARTESIAN_POINT ( 'NONE',  ( -11652.71931086792392, 679.9999999999977263, -567.4243228023077563 ) ) ;
#2933 = EDGE_CURVE ( 'NONE', #3155, #669, #3429, .T. ) ;
#2934 = ORIENTED_EDGE ( 'NONE', *, *, #2587, .T. ) ;
#2935 = ORIENTED_EDGE ( 'NONE', *, *, #2147, .F. ) ;
#2936 = AXIS2_PLACEMENT_3D ( 'NONE', #2192, #550, #217 ) ;
#2937 = FACE_OUTER_BOUND ( 'NONE', #3747, .T. ) ;
#2938 = CARTESIAN_POINT ( 'NONE',  ( -14347.28068913207608, -679.9999999999977263, -567.4243228023080974 ) ) ;
#2939 =( NAMED_UNIT ( * ) SI_UNIT ( $, .STERADIAN. ) SOLID_ANGLE_UNIT ( ) );
#2940 = ORIENTED_EDGE ( 'NONE', *, *, #2634, .F. ) ;
#2941 = ORIENTED_EDGE ( 'NONE', *, *, #1838, .F. ) ;
#2942 = LINE ( 'NONE', #1644, #2472 ) ;
#2943 = FACE_OUTER_BOUND ( 'NONE', #2889, .T. ) ;
#2944 = ORIENTED_EDGE ( 'NONE', *, *, #833, .F. ) ;
#2945 = AXIS2_PLACEMENT_3D ( 'NONE', #1653, #301, #3649 ) ;
#2946 = EDGE_CURVE ( 'NONE', #669, #4158, #463, .T. ) ;
#2947 = CARTESIAN_POINT ( 'NONE',  ( -13899.99999999999818, 1054.999999999997272, -459.9999999999978400 ) ) ;
#2948 = PLANE ( 'NONE',  #1896 ) ;
#2949 = ORIENTED_EDGE ( 'NONE', *, *, #2933, .F. ) ;
#2950 = AXIS2_PLACEMENT_3D ( 'NONE', #2048, #3380, #1330 ) ;
#2951 = ORIENTED_EDGE ( 'NONE', *, *, #79, .T. ) ;
#2952 = LINE ( 'NONE', #3977, #2807 ) ;
#2953 = EDGE_CURVE ( 'NONE', #1228, #1234, #371, .T. ) ;
#2954 = DIRECTION ( 'NONE',  ( 0.000000000000000000, -1.000000000000000000, 0.000000000000000000 ) ) ;
#2955 = LINE ( 'NONE', #3329, #2931 ) ;
#2956 = ORIENTED_EDGE ( 'NONE', *, *, #2634, .T. ) ;
#2957 = DIRECTION ( 'NONE',  ( 0.000000000000000000, -0.9854601157443478865, 0.1699069165076472210 ) ) ;
#2958 = ORIENTED_EDGE ( 'NONE', *, *, #1853, .T. ) ;
#2959 = AXIS2_PLACEMENT_3D ( 'NONE', #1797, #4136, #2143 ) ;
#2960 = DIRECTION ( 'NONE',  ( 0.000000000000000000, -1.000000000000000000, 0.000000000000000000 ) ) ;
#2961 =( NAMED_UNIT ( * ) SI_UNIT ( $, .STERADIAN. ) SOLID_ANGLE_UNIT ( ) );
#2962 = CARTESIAN_POINT ( 'NONE',  ( -11349.93198115551968, 989.9999999999980673, 5040.000000000000000 ) ) ;
#2963 = VERTEX_POINT ( 'NONE', #3097 ) ;
#2964 = ORIENTED_EDGE ( 'NONE', *, *, #3030, .F. ) ;
#2965 = PRODUCT ( 'Y25_BackwardBogies_MediumDetailed', 'Y25_BackwardBogies_MediumDetailed', '', ( #3173 ) ) ;
#2966 = CARTESIAN_POINT ( 'NONE',  ( -162.2440211999319786, -989.9999999999993179, 920.1315677728723585 ) ) ;
#2967 = FACE_OUTER_BOUND ( 'NONE', #1915, .T. ) ;
#2968 = ORIENTED_EDGE ( 'NONE', *, *, #3681, .F. ) ;
#2969 = CIRCLE ( 'NONE', #3529, 460.0000000000000000 ) ;
#2970 = LINE ( 'NONE', #2993, #3181 ) ;
#2971 = CARTESIAN_POINT ( 'NONE',  ( -11760.14709064067210, -729.4021522441533989, -769.9999999999963620 ) ) ;
#2972 = EDGE_CURVE ( 'NONE', #812, #3085, #3455, .T. ) ;
#2973 = VERTEX_POINT ( 'NONE', #3753 ) ;
#2974 = LINE ( 'NONE', #1698, #2515 ) ;
#2975 = LINE ( 'NONE', #1721, #2684 ) ;
#2976 = SPHERICAL_SURFACE ( 'NONE', #4051, 1000.000000000000000 ) ;
#2977 = PRESENTATION_LAYER_ASSIGNMENT (  '', '', ( #205 ) ) ;
#2978 = EDGE_CURVE ( 'NONE', #2852, #3061, #450, .T. ) ;
#2979 = ORIENTED_EDGE ( 'NONE', *, *, #557, .T. ) ;
#2980 = DIRECTION ( 'NONE',  ( -1.000000000000000000, -1.085818191274059690E-31, 3.912072321290969353E-16 ) ) ;
#2981 =( BOUNDED_CURVE ( )  B_SPLINE_CURVE ( 3, ( #2369, #3383, #756, #2391 ),
 .UNSPECIFIED., .F., .T. ) 
 B_SPLINE_CURVE_WITH_KNOTS ( ( 4, 4 ),
 ( 0.8313038383525108710, 0.8457296285623810972 ),
 .UNSPECIFIED. ) 
 CURVE ( )  GEOMETRIC_REPRESENTATION_ITEM ( )  RATIONAL_B_SPLINE_CURVE ( ( 1.000000000000000000, 0.9999826581232540423, 0.9999826581232540423, 1.000000000000000000 ) ) 
 REPRESENTATION_ITEM ( '' )  );
#2982 = ORIENTED_EDGE ( 'NONE', *, *, #3581, .F. ) ;
#2983 = AXIS2_PLACEMENT_3D ( 'NONE', #3610, #2980, #1701 ) ;
#2984 = AXIS2_PLACEMENT_3D ( 'NONE', #1232, #1254, #3902 ) ;
#2985 = DIRECTION ( 'NONE',  ( 0.000000000000000000, -2.413528314402513597E-16, 1.000000000000000000 ) ) ;
#2986 =( NAMED_UNIT ( * ) PLANE_ANGLE_UNIT ( ) SI_UNIT ( $, .RADIAN. ) );
#2987 = DIRECTION ( 'NONE',  ( 1.000000000000000000, 0.000000000000000000, 0.000000000000000000 ) ) ;
#2988 = VERTEX_POINT ( 'NONE', #427 ) ;
#2989 = ORIENTED_EDGE ( 'NONE', *, *, #1996, .T. ) ;
#2990 = LINE ( 'NONE', #764, #2599 ) ;
#2991 = CARTESIAN_POINT ( 'NONE',  ( 616.7948635501689978, 875.0000000000000000, -1060.000000000000000 ) ) ;
#2992 = EDGE_LOOP ( 'NONE', ( #2883, #3712, #1572, #2331, #2187 ) ) ;
#2993 = CARTESIAN_POINT ( 'NONE',  ( -14341.24822945820415, 1054.999999999997499, -589.9999999999964757 ) ) ;
#2994 = CARTESIAN_POINT ( 'NONE',  ( -11825.00000000000182, -800.0000000000000000, -910.0000000000001137 ) ) ;
#2995 = ORIENTED_EDGE ( 'NONE', *, *, #3843, .T. ) ;
#2996 = VERTEX_POINT ( 'NONE', #1038 ) ;
#2997 = CARTESIAN_POINT ( 'NONE',  ( -13000.00000000000000, 229.9999999211528348, -725.0000000000050022 ) ) ;
#2998 = LINE ( 'NONE', #66, #3241 ) ;
#2999 = DIRECTION ( 'NONE',  ( 0.000000000000000000, 0.000000000000000000, 1.000000000000000000 ) ) ;
#3000 = CARTESIAN_POINT ( 'NONE',  ( -12500.00000000000182, 814.9999999999970441, -306.2059048389986629 ) ) ;
#3001 = DIRECTION ( 'NONE',  ( -0.000000000000000000, 0.000000000000000000, 1.000000000000000000 ) ) ;
#3002 = ORIENTED_EDGE ( 'NONE', *, *, #3296, .T. ) ;
#3003 = EDGE_CURVE ( 'NONE', #3321, #2452, #515, .T. ) ;
#3004 = DIRECTION ( 'NONE',  ( 0.000000000000000000, 1.000000000000000000, 2.249385511977649118E-16 ) ) ;
#3005 = PLANE ( 'NONE',  #300 ) ;
#3006 = CARTESIAN_POINT ( 'NONE',  ( -12100.00000000000182, -1054.999999999997726, -459.9999999999984084 ) ) ;
#3007 = CARTESIAN_POINT ( 'NONE',  ( -13555.71061244389966, -679.9999999999974989, -765.0652677973106393 ) ) ;
#3008 = AXIS2_PLACEMENT_3D ( 'NONE', #1821, #3152, #1866 ) ;
#3009 = VECTOR ( 'NONE', #1119, 1000.000000000000000 ) ;
#3010 = ORIENTED_EDGE ( 'NONE', *, *, #3664, .F. ) ;
#3011 = ADVANCED_FACE ( 'NONE', ( #3679 ), #116, .T. ) ;
#3012 = CARTESIAN_POINT ( 'NONE',  ( -5576.316527040903566, 1189.999999999998408, -660.0000000000007958 ) ) ;
#3013 = LINE ( 'NONE', #2061, #905 ) ;
#3014 = ORIENTED_EDGE ( 'NONE', *, *, #2488, .T. ) ;
#3015 = ORIENTED_EDGE ( 'NONE', *, *, #4165, .T. ) ;
#3016 = EDGE_CURVE ( 'NONE', #2042, #2852, #3028, .T. ) ;
#3017 = DIRECTION ( 'NONE',  ( -7.824144642581933777E-16, -2.775557561563032853E-16, 1.000000000000000000 ) ) ;
#3018 = ORIENTED_EDGE ( 'NONE', *, *, #1165, .F. ) ;
#3019 = VERTEX_POINT ( 'NONE', #3386 ) ;
#3020 = DIRECTION ( 'NONE',  ( 0.1736481776669235033, 0.000000000000000000, -0.9848077530122092416 ) ) ;
#3021 = CARTESIAN_POINT ( 'NONE',  ( -14175.00000000000000, 1189.999999999997954, -960.0000000000002274 ) ) ;
#3022 = CARTESIAN_POINT ( 'NONE',  ( -1950.000000000000682, -200.0000000000000000, -825.0000000000001137 ) ) ;
#3023 = DIRECTION ( 'NONE',  ( 0.000000000000000000, 0.000000000000000000, 1.000000000000000000 ) ) ;
#3024 = EDGE_LOOP ( 'NONE', ( #357, #3369, #2910, #4183, #1814 ) ) ;
#3025 = CYLINDRICAL_SURFACE ( 'NONE', #1632, 6000.000000000000000 ) ;
#3026 = DIRECTION ( 'NONE',  ( 0.000000000000000000, -2.413528314402514090E-16, 1.000000000000000000 ) ) ;
#3027 = FACE_OUTER_BOUND ( 'NONE', #3364, .T. ) ;
#3028 = LINE ( 'NONE', #2740, #1068 ) ;
#3029 = ORIENTED_EDGE ( 'NONE', *, *, #4262, .F. ) ;
#3030 = EDGE_CURVE ( 'NONE', #794, #2639, #725, .T. ) ;
#3031 = ORIENTED_EDGE ( 'NONE', *, *, #1801, .F. ) ;
#3032 = LINE ( 'NONE', #2720, #2020 ) ;
#3033 = LINE ( 'NONE', #9, #493 ) ;
#3034 = ORIENTED_EDGE ( 'NONE', *, *, #1203, .F. ) ;
#3035 = ORIENTED_EDGE ( 'NONE', *, *, #737, .T. ) ;
#3036 = AXIS2_PLACEMENT_3D ( 'NONE', #360, #93, #2072 ) ;
#3037 = EDGE_CURVE ( 'NONE', #1647, #576, #2767, .T. ) ;
#3038 = CARTESIAN_POINT ( 'NONE',  ( -11700.00000000000182, 1077.499998843224375, -589.9999999999964757 ) ) ;
#3039 = AXIS2_PLACEMENT_3D ( 'NONE', #2464, #3790, #2087 ) ;
#3040 = AXIS2_PLACEMENT_3D ( 'NONE', #3969, #342, #999 ) ;
#3041 = DIRECTION ( 'NONE',  ( 1.000000000000000000, 0.000000000000000000, 0.000000000000000000 ) ) ;
#3042 = VECTOR ( 'NONE', #1894, 1000.000000000000000 ) ;
#3043 = DIRECTION ( 'NONE',  ( 0.000000000000000000, 0.000000000000000000, 1.000000000000000000 ) ) ;
#3044 = EDGE_CURVE ( 'NONE', #2042, #3486, #3528, .T. ) ;
#3045 = DIRECTION ( 'NONE',  ( 0.000000000000000000, -1.000000000000000000, -2.775557561563032853E-16 ) ) ;
#3046 = DIRECTION ( 'NONE',  ( -0.000000000000000000, 1.000000000000000000, -0.000000000000000000 ) ) ;
#3047 = DIRECTION ( 'NONE',  ( 0.000000000000000000, 0.000000000000000000, 1.000000000000000000 ) ) ;
#3048 = CARTESIAN_POINT ( 'NONE',  ( -14791.79486355016888, -875.0000000000000000, -980.0000000000001137 ) ) ;
#3049 = DIRECTION ( 'NONE',  ( 0.000000000000000000, -0.9854601157443478865, 0.1699069165076472210 ) ) ;
#3050 = LINE ( 'NONE', #3705, #2236 ) ;
#3051 = VERTEX_POINT ( 'NONE', #3138 ) ;
#3052 = VECTOR ( 'NONE', #1435, 1000.000000000000000 ) ;
#3053 = ORIENTED_EDGE ( 'NONE', *, *, #3865, .T. ) ;
#3054 = AXIS2_PLACEMENT_3D ( 'NONE', #2606, #697, #1387 ) ;
#3055 = FACE_OUTER_BOUND ( 'NONE', #2702, .T. ) ;
#3056 = CARTESIAN_POINT ( 'NONE',  ( -14341.24822945820415, -732.4719190560189190, -589.9999999999970441 ) ) ;
#3057 = EDGE_LOOP ( 'NONE', ( #2797, #2368, #3010, #2822 ) ) ;
#3058 = EDGE_LOOP ( 'NONE', ( #808, #429, #1592, #877 ) ) ;
#3059 = EDGE_CURVE ( 'NONE', #3019, #2603, #1618, .T. ) ;
#3060 = DIRECTION ( 'NONE',  ( 0.000000000000000000, -2.413528314402514090E-16, 1.000000000000000000 ) ) ;
#3061 = VERTEX_POINT ( 'NONE', #2493 ) ;
#3062 = ORIENTED_EDGE ( 'NONE', *, *, #1832, .F. ) ;
#3063 = DIRECTION ( 'NONE',  ( 0.000000000000000000, -2.249385511977649118E-16, 1.000000000000000000 ) ) ;
#3064 = CARTESIAN_POINT ( 'NONE',  ( -1950.000000000000682, 1189.999999999998408, -960.0000000000002274 ) ) ;
#3065 = DIRECTION ( 'NONE',  ( 1.000000000000000000, 0.000000000000000000, 0.000000000000000000 ) ) ;
#3066 = CARTESIAN_POINT ( 'NONE',  ( -12100.00000000000182, 814.9999999999972715, -459.9999999999978968 ) ) ;
#3067 = ORIENTED_EDGE ( 'NONE', *, *, #2015, .T. ) ;
#3068 = LINE ( 'NONE', #2002, #946 ) ;
#3069 = EDGE_CURVE ( 'NONE', #3633, #3357, #3835, .T. ) ;
#3070 = DIRECTION ( 'NONE',  ( 0.000000000000000000, -0.9185881544472648264, 0.3952161465694030151 ) ) ;
#3071 = DIRECTION ( 'NONE',  ( -0.000000000000000000, 1.000000000000000000, -0.000000000000000000 ) ) ;
#3072 = DIRECTION ( 'NONE',  ( 0.000000000000000000, -0.000000000000000000, -1.000000000000000000 ) ) ;
#3073 = VERTEX_POINT ( 'NONE', #2139 ) ;
#3074 = AXIS2_PLACEMENT_3D ( 'NONE', #1498, #168, #4138 ) ;
#3075 = ORIENTED_EDGE ( 'NONE', *, *, #2416, .F. ) ;
#3076 = CARTESIAN_POINT ( 'NONE',  ( -12225.00000000000182, 800.0000000000000000, -910.0000000000001137 ) ) ;
#3077 = DIRECTION ( 'NONE',  ( 7.824144642581933777E-16, -2.775557561563032853E-16, 1.000000000000000000 ) ) ;
#3078 = CARTESIAN_POINT ( 'NONE',  ( -14388.56810139493609, 1077.499998843224375, -589.9999999999964757 ) ) ;
#3079 = ORIENTED_EDGE ( 'NONE', *, *, #1313, .F. ) ;
#3080 = CIRCLE ( 'NONE', #3008, 79.99999999999995737 ) ;
#3081 = VECTOR ( 'NONE', #3671, 1000.000000000000000 ) ;
#3082 =( GEOMETRIC_REPRESENTATION_CONTEXT ( 3 ) GLOBAL_UNCERTAINTY_ASSIGNED_CONTEXT ( ( #1261 ) ) GLOBAL_UNIT_ASSIGNED_CONTEXT ( ( #3484, #1181, #1867 ) ) REPRESENTATION_CONTEXT ( 'NONE', 'WORKASPACE' ) );
#3083 = AXIS2_PLACEMENT_3D ( 'NONE', #467, #2174, #3505 ) ;
#3084 = CARTESIAN_POINT ( 'NONE',  ( -12100.00000000000182, -1054.999999999997726, 1.665334536937734811E-12 ) ) ;
#3085 = VERTEX_POINT ( 'NONE', #1512 ) ;
#3086 = ORIENTED_EDGE ( 'NONE', *, *, #3851, .F. ) ;
#3087 = EDGE_CURVE ( 'NONE', #2360, #3976, #203, .T. ) ;
#3088 = LINE ( 'NONE', #104, #4069 ) ;
#3089 = VECTOR ( 'NONE', #3956, 1000.000000000000000 ) ;
#3090 = DIRECTION ( 'NONE',  ( -1.000000000000000000, 0.000000000000000000, 0.000000000000000000 ) ) ;
#3091 = FACE_OUTER_BOUND ( 'NONE', #3927, .T. ) ;
#3092 = DIRECTION ( 'NONE',  ( 0.000000000000000000, 0.9185881544472648264, -0.3952161465694030151 ) ) ;
#3093 = ORIENTED_EDGE ( 'NONE', *, *, #3140, .T. ) ;
#3094 = CARTESIAN_POINT ( 'NONE',  ( -12500.00000000000182, -1950.712458671872810, -589.9999999999973852 ) ) ;
#3095 = DIRECTION ( 'NONE',  ( 1.000000000000000000, 0.000000000000000000, -0.000000000000000000 ) ) ;
#3096 = FACE_OUTER_BOUND ( 'NONE', #3311, .T. ) ;
#3097 = CARTESIAN_POINT ( 'NONE',  ( -14588.56810139493791, 176.9719203373657592, -350.9999999999987494 ) ) ;
#3098 = ORIENTED_EDGE ( 'NONE', *, *, #2250, .T. ) ;
#3099 = VERTEX_POINT ( 'NONE', #2198 ) ;
#3100 = EDGE_CURVE ( 'NONE', #242, #136, #2573, .T. ) ;
#3101 = DIRECTION ( 'NONE',  ( 0.000000000000000000, 1.000000000000000000, 2.249385511977649118E-16 ) ) ;
#3102 = CARTESIAN_POINT ( 'NONE',  ( -11411.43189860506209, -729.4021522441533989, -769.9999999999963620 ) ) ;
#3103 = ORIENTED_EDGE ( 'NONE', *, *, #1348, .T. ) ;
#3104 = ORIENTED_EDGE ( 'NONE', *, *, #1269, .T. ) ;
#3105 = APPLICATION_CONTEXT ( 'automotive_design' ) ;
#3106 = VECTOR ( 'NONE', #2672, 1000.000000000000000 ) ;
#3107 = CARTESIAN_POINT ( 'NONE',  ( -14175.00000000000000, 875.0000000000000000, -1060.000000000000000 ) ) ;
#3108 = VERTEX_POINT ( 'NONE', #222 ) ;
#3109 = DIRECTION ( 'NONE',  ( 0.000000000000000000, -1.000000000000000000, 0.000000000000000000 ) ) ;
#3110 = VECTOR ( 'NONE', #2363, 1000.000000000000000 ) ;
#3111 = DIRECTION ( 'NONE',  ( 0.000000000000000000, 1.000000000000000000, 3.301729611148416588E-16 ) ) ;
#3112 = ADVANCED_FACE ( 'NONE', ( #538 ), #2825, .F. ) ;
#3113 = PLANE ( 'NONE',  #373 ) ;
#3114 = VERTEX_POINT ( 'NONE', #495 ) ;
#3115 = AXIS2_PLACEMENT_3D ( 'NONE', #1530, #4133, #2846 ) ;
#3116 = ORIENTED_EDGE ( 'NONE', *, *, #2815, .F. ) ;
#3117 = DIRECTION ( 'NONE',  ( 0.000000000000000000, -1.000000000000000000, -5.551115123125784674E-16 ) ) ;
#3118 = CARTESIAN_POINT ( 'NONE',  ( -14119.99999999999818, 814.9999999999972715, -517.7941176470590108 ) ) ;
#3119 = ADVANCED_FACE ( 'NONE', ( #1813 ), #161, .F. ) ;
#3120 = CARTESIAN_POINT ( 'NONE',  ( -11652.71931086792392, -679.9999999999977263, -567.4243228023080974 ) ) ;
#3121 = ORIENTED_EDGE ( 'NONE', *, *, #1106, .F. ) ;
#3122 = DIRECTION ( 'NONE',  ( 0.000000000000000000, 0.000000000000000000, -1.000000000000000000 ) ) ;
#3123 = CARTESIAN_POINT ( 'NONE',  ( -265.1845289799109082, 1189.999999999998408, -1503.936198047713333 ) ) ;
#3124 = FACE_OUTER_BOUND ( 'NONE', #2992, .T. ) ;
#3125 = ORIENTED_EDGE ( 'NONE', *, *, #3910, .F. ) ;
#3126 = CIRCLE ( 'NONE', #2775, 277.7941176470602045 ) ;
#3127 =( BOUNDED_CURVE ( )  B_SPLINE_CURVE ( 3, ( #2626, #1983, #3428, #2092 ),
 .UNSPECIFIED., .F., .T. ) 
 B_SPLINE_CURVE_WITH_KNOTS ( ( 4, 4 ),
 ( 4.948096640255991829, 4.998901561966746954 ),
 .UNSPECIFIED. ) 
 CURVE ( )  GEOMETRIC_REPRESENTATION_ITEM ( )  RATIONAL_B_SPLINE_CURVE ( ( 1.000000000000000000, 0.9997849165603801547, 0.9997849165603801547, 1.000000000000000000 ) ) 
 REPRESENTATION_ITEM ( '' )  );
#3128 = AXIS2_PLACEMENT_3D ( 'NONE', #4275, #3001, #989 ) ;
#3129 = FACE_OUTER_BOUND ( 'NONE', #2254, .T. ) ;
#3130 = EDGE_CURVE ( 'NONE', #469, #1058, #517, .T. ) ;
#3131 = DIRECTION ( 'NONE',  ( 0.000000000000000000, -1.000000000000000000, 0.000000000000000000 ) ) ;
#3132 = EDGE_CURVE ( 'NONE', #3887, #1514, #4152, .T. ) ;
#3133 = DIRECTION ( 'NONE',  ( 1.000000000000000000, 0.000000000000000000, 0.000000000000000000 ) ) ;
#3134 = CARTESIAN_POINT ( 'NONE',  ( -11880.00000000000182, 814.9999999999972715, -239.9999999999979821 ) ) ;
#3135 = ORIENTED_EDGE ( 'NONE', *, *, #476, .T. ) ;
#3136 = CARTESIAN_POINT ( 'NONE',  ( -5576.316527040903566, -1190.000000000001592, -660.0000000000007958 ) ) ;
#3137 = AXIS2_PLACEMENT_3D ( 'NONE', #3076, #718, #453 ) ;
#3138 = CARTESIAN_POINT ( 'NONE',  ( -13560.14709064066847, 729.4021522441533989, -769.9999999999959073 ) ) ;
#3139 = ORIENTED_EDGE ( 'NONE', *, *, #572, .T. ) ;
#3140 = EDGE_CURVE ( 'NONE', #1234, #1683, #1188, .T. ) ;
#3141 = DIRECTION ( 'NONE',  ( 0.000000000000000000, 0.000000000000000000, 1.000000000000000000 ) ) ;
#3142 = CARTESIAN_POINT ( 'NONE',  ( -4534.427461039362242, -1190.000000000001592, -751.1534819267454850 ) ) ;
#3143 = CARTESIAN_POINT ( 'NONE',  ( -12225.00000000000182, -899.9999999999998863, -910.0000000000001137 ) ) ;
#3144 = VERTEX_POINT ( 'NONE', #846 ) ;
#3145 = AXIS2_PLACEMENT_3D ( 'NONE', #4076, #1102, #2093 ) ;
#3146 = VECTOR ( 'NONE', #3449, 1000.000000000000000 ) ;
#3147 = CARTESIAN_POINT ( 'NONE',  ( -13680.00000000000000, 1077.499998843224375, -517.7941176470588971 ) ) ;
#3148 = VECTOR ( 'NONE', #3420, 1000.000000000000000 ) ;
#3149 = CARTESIAN_POINT ( 'NONE',  ( -13795.00000000000000, 875.0000000000000000, -1060.000000000000000 ) ) ;
#3150 = EDGE_CURVE ( 'NONE', #3357, #607, #4247, .T. ) ;
#3151 = CARTESIAN_POINT ( 'NONE',  ( -12100.00000000000182, -814.9999999999974989, -459.9999999999983515 ) ) ;
#3152 = DIRECTION ( 'NONE',  ( 1.000000000000000000, -0.000000000000000000, 0.000000000000000000 ) ) ;
#3153 = APPLICATION_PROTOCOL_DEFINITION ( 'draft international standard', 'automotive_design', 1998, #2425 ) ;
#3154 = DIRECTION ( 'NONE',  ( 0.000000000000000000, 0.000000000000000000, 1.000000000000000000 ) ) ;
#3155 = VERTEX_POINT ( 'NONE', #1831 ) ;
#3156 = ORIENTED_EDGE ( 'NONE', *, *, #2121, .T. ) ;
#3157 = CARTESIAN_POINT ( 'NONE',  ( -14175.00000000000000, 1189.999999999997954, -1160.000000000000227 ) ) ;
#3158 = CARTESIAN_POINT ( 'NONE',  ( -11825.00000000000182, -800.0000000000000000, -910.0000000000001137 ) ) ;
#3159 = AXIS2_PLACEMENT_3D ( 'NONE', #257, #612, #3566 ) ;
#3160 = DIRECTION ( 'NONE',  ( -0.000000000000000000, -1.000000000000000000, -2.775557561563032853E-16 ) ) ;
#3161 = VECTOR ( 'NONE', #47, 1000.000000000000000 ) ;
#3162 = ORIENTED_EDGE ( 'NONE', *, *, #2367, .T. ) ;
#3163 = FACE_OUTER_BOUND ( 'NONE', #3700, .T. ) ;
#3164 = CYLINDRICAL_SURFACE ( 'NONE', #909, 5999.999999999999091 ) ;
#3165 = CARTESIAN_POINT ( 'NONE',  ( -9640.572538960641396, 989.9999999999980673, -751.1534819267457124 ) ) ;
#3166 = ORIENTED_EDGE ( 'NONE', *, *, #2793, .T. ) ;
#3167 = EDGE_CURVE ( 'NONE', #2452, #2033, #2181, .T. ) ;
#3168 = VECTOR ( 'NONE', #2086, 1000.000000000000000 ) ;
#3169 = EDGE_CURVE ( 'NONE', #4095, #1747, #3548, .T. ) ;
#3170 = CARTESIAN_POINT ( 'NONE',  ( -3866.957084846029375, -990.0000000000001137, -868.8465180732545150 ) ) ;
#3171 = VECTOR ( 'NONE', #742, 1000.000000000000000 ) ;
#3172 = CARTESIAN_POINT ( 'NONE',  ( -13560.14709064066847, 1054.999999999997499, -769.9999999999957936 ) ) ;
#3173 = PRODUCT_CONTEXT ( 'NONE', #1684, 'mechanical' ) ;
#3174 = ORIENTED_EDGE ( 'NONE', *, *, #3016, .T. ) ;
#3175 = LINE ( 'NONE', #3134, #1487 ) ;
#3176 = EDGE_LOOP ( 'NONE', ( #748, #4047 ) ) ;
#3177 = CARTESIAN_POINT ( 'NONE',  ( -12320.00000000000000, -1950.712458671872810, -517.7941176470596929 ) ) ;
#3178 = CARTESIAN_POINT ( 'NONE',  ( -13557.17756101499617, 696.5740269077365383, -766.7208309781527760 ) ) ;
#3179 = DIRECTION ( 'NONE',  ( -0.000000000000000000, -0.9854601157443478865, -0.1699069165076472210 ) ) ;
#3180 = CARTESIAN_POINT ( 'NONE',  ( -2350.000000000000455, 0.000000000000000000, 0.000000000000000000 ) ) ;
#3181 = VECTOR ( 'NONE', #1066, 1000.000000000000000 ) ;
#3182 = VECTOR ( 'NONE', #3599, 1000.000000000000000 ) ;
#3183 = VERTEX_POINT ( 'NONE', #3490 ) ;
#3184 = DIRECTION ( 'NONE',  ( 0.000000000000000000, 1.000000000000000000, 3.301729611148416588E-16 ) ) ;
#3185 = CARTESIAN_POINT ( 'NONE',  ( -11755.71061244390148, 679.9999999999977263, -765.0652677973101845 ) ) ;
#3186 = FACE_OUTER_BOUND ( 'NONE', #1347, .T. ) ;
#3187 = EDGE_LOOP ( 'NONE', ( #2909, #2995, #2489, #3884, #1450, #2657, #96, #1733, #2298 ) ) ;
#3188 = CARTESIAN_POINT ( 'NONE',  ( -14791.79486355016888, 875.0000000000000000, -980.0000000000001137 ) ) ;
#3189 = CIRCLE ( 'NONE', #1664, 79.99999999999995737 ) ;
#3190 = COLOUR_RGB ( '',0.7921568627450980005, 0.8196078431372548767, 0.9333333333333333481 ) ;
#3191 = ADVANCED_FACE ( 'NONE', ( #1854 ), #1895, .T. ) ;
#3192 = CARTESIAN_POINT ( 'NONE',  ( 616.7948635501689978, -954.9999999999998863, -1060.000000000000000 ) ) ;
#3193 = CARTESIAN_POINT ( 'NONE',  ( 10850.00000000000182, -4.163336342343557632E-15, -1.110223024625156540E-13 ) ) ;
#3194 = ORIENTED_EDGE ( 'NONE', *, *, #3059, .T. ) ;
#3195 = CARTESIAN_POINT ( 'NONE',  ( -12439.85290935933153, 814.9999999999974989, -769.9999999999960210 ) ) ;
#3196 = ORIENTED_EDGE ( 'NONE', *, *, #2802, .T. ) ;
#3197 = CARTESIAN_POINT ( 'NONE',  ( -13499.99999999999818, -1950.712458671873037, -306.2059048389992313 ) ) ;
#3198 = ADVANCED_FACE ( 'NONE', ( #240 ), #4170, .T. ) ;
#3199 = LINE ( 'NONE', #3894, #3794 ) ;
#3200 = CARTESIAN_POINT ( 'NONE',  ( -380.0000000000000000, -875.0000000000000000, -1060.000000000000000 ) ) ;
#3201 = ORIENTED_EDGE ( 'NONE', *, *, #2587, .F. ) ;
#3202 = AXIS2_PLACEMENT_3D ( 'NONE', #3943, #3240, #2911 ) ;
#3203 = EDGE_CURVE ( 'NONE', #1276, #1426, #1914, .T. ) ;
#3204 = DIRECTION ( 'NONE',  ( 0.000000000000000000, 1.000000000000000000, 0.000000000000000000 ) ) ;
#3205 = CARTESIAN_POINT ( 'NONE',  ( -11700.00000000000182, 1077.499998843224148, -306.2059048389980376 ) ) ;
#3206 = CARTESIAN_POINT ( 'NONE',  ( -12500.00000000000182, 814.9999999999972715, -589.9999999999965894 ) ) ;
#3207 = LINE ( 'NONE', #2498, #2299 ) ;
#3208 = ORIENTED_EDGE ( 'NONE', *, *, #2168, .F. ) ;
#3209 = EDGE_CURVE ( 'NONE', #4163, #2888, #1635, .T. ) ;
#3210 = ORIENTED_EDGE ( 'NONE', *, *, #2329, .F. ) ;
#3211 = DIRECTION ( 'NONE',  ( 0.000000000000000000, 2.775557561563032853E-16, -1.000000000000000000 ) ) ;
#3212 = VECTOR ( 'NONE', #2335, 1000.000000000000000 ) ;
#3213 = LINE ( 'NONE', #3253, #1725 ) ;
#3214 = CYLINDRICAL_SURFACE ( 'NONE', #2651, 79.99999999999995737 ) ;
#3215 = PLANE ( 'NONE',  #3499 ) ;
#3216 = AXIS2_PLACEMENT_3D ( 'NONE', #2387, #419, #3065 ) ;
#3217 = VECTOR ( 'NONE', #884, 1000.000000000000000 ) ;
#3218 = EDGE_CURVE ( 'NONE', #1726, #1760, #1328, .T. ) ;
#3219 = CARTESIAN_POINT ( 'NONE',  ( -11658.75177054179585, -732.4719190560189190, -589.9999999999970441 ) ) ;
#3220 = CARTESIAN_POINT ( 'NONE',  ( -11658.75177054179585, 814.9999999999972715, -589.9999999999965894 ) ) ;
#3221 = CARTESIAN_POINT ( 'NONE',  ( -14119.99999999999818, -1077.499998843224603, -239.9999999999985505 ) ) ;
#3222 = ORIENTED_EDGE ( 'NONE', *, *, #4097, .T. ) ;
#3223 = AXIS2_PLACEMENT_3D ( 'NONE', #2177, #2904, #4254 ) ;
#3224 = CARTESIAN_POINT ( 'NONE',  ( -5576.316527040904475, -1189.999999999999773, -6660.000000000000909 ) ) ;
#3225 = DIRECTION ( 'NONE',  ( -1.000000000000000000, -0.000000000000000000, 0.000000000000000000 ) ) ;
#3226 = ORIENTED_EDGE ( 'NONE', *, *, #1442, .F. ) ;
#3227 = ORIENTED_EDGE ( 'NONE', *, *, #2205, .T. ) ;
#3228 = CARTESIAN_POINT ( 'NONE',  ( -10255.33188238365256, 679.9999999999979536, -765.0652677973102982 ) ) ;
#3229 = VECTOR ( 'NONE', #1805, 1000.000000000000000 ) ;
#3230 = CYLINDRICAL_SURFACE ( 'NONE', #802, 460.0000000000000568 ) ;
#3231 = EDGE_LOOP ( 'NONE', ( #1461, #1384, #1968, #1748 ) ) ;
#3232 = APPLICATION_CONTEXT ( 'automotive_design' ) ;
#3233 = DIRECTION ( 'NONE',  ( 0.000000000000000000, 2.775557561563032853E-16, -1.000000000000000000 ) ) ;
#3234 = ADVANCED_FACE ( 'NONE', ( #1268 ), #355, .F. ) ;
#3235 = CARTESIAN_POINT ( 'NONE',  ( -12441.34358727334984, 713.0416965694201963, -768.3657702387152995 ) ) ;
#3236 = VECTOR ( 'NONE', #2347, 1000.000000000000000 ) ;
#3237 = CARTESIAN_POINT ( 'NONE',  ( -10255.33188238365256, -1077.499998843224375, -769.9999999999964757 ) ) ;
#3238 = VERTEX_POINT ( 'NONE', #2238 ) ;
#3239 = EDGE_CURVE ( 'NONE', #3346, #4217, #618, .T. ) ;
#3240 = DIRECTION ( 'NONE',  ( 0.000000000000000000, -0.000000000000000000, 1.000000000000000000 ) ) ;
#3241 = VECTOR ( 'NONE', #43, 1000.000000000000000 ) ;
#3242 = CARTESIAN_POINT ( 'NONE',  ( -11825.00000000000182, -899.9999999999998863, -910.0000000000001137 ) ) ;
#3243 = FACE_OUTER_BOUND ( 'NONE', #4235, .T. ) ;
#3244 = EDGE_LOOP ( 'NONE', ( #3577, #3451, #767, #3317 ) ) ;
#3245 = EDGE_LOOP ( 'NONE', ( #1709, #3093, #1436, #828 ) ) ;
#3246 = AXIS2_PLACEMENT_3D ( 'NONE', #1202, #881, #4169 ) ;
#3247 = CARTESIAN_POINT ( 'NONE',  ( -9640.572538960639577, 1189.999999999998408, -751.1534819267457124 ) ) ;
#3248 = LINE ( 'NONE', #1603, #3412 ) ;
#3249 = VERTEX_POINT ( 'NONE', #2618 ) ;
#3250 = ORIENTED_EDGE ( 'NONE', *, *, #3399, .T. ) ;
#3251 = EDGE_CURVE ( 'NONE', #907, #896, #2257, .T. ) ;
#3252 = EDGE_CURVE ( 'NONE', #3693, #2707, #3589, .T. ) ;
#3253 = CARTESIAN_POINT ( 'NONE',  ( -10255.33188238365256, -814.9999999999974989, -589.9999999999970441 ) ) ;
#3254 = DIRECTION ( 'NONE',  ( 1.000000000000000000, 0.000000000000000000, -0.000000000000000000 ) ) ;
#3255 = ORIENTED_EDGE ( 'NONE', *, *, #2763, .F. ) ;
#3256 = AXIS2_PLACEMENT_3D ( 'NONE', #55, #3711, #3368 ) ;
#3257 = EDGE_CURVE ( 'NONE', #2604, #2633, #3259, .T. ) ;
#3258 = CARTESIAN_POINT ( 'NONE',  ( -12225.00000000000182, -899.9999999999998863, -910.0000000000001137 ) ) ;
#3259 =( BOUNDED_CURVE ( )  B_SPLINE_CURVE ( 3, ( #1936, #3632, #596, #281 ),
 .UNSPECIFIED., .F., .T. ) 
 B_SPLINE_CURVE_WITH_KNOTS ( ( 4, 4 ),
 ( 0.8313038383525108710, 0.8457296285623810972 ),
 .UNSPECIFIED. ) 
 CURVE ( )  GEOMETRIC_REPRESENTATION_ITEM ( )  RATIONAL_B_SPLINE_CURVE ( ( 1.000000000000000000, 0.9999826581232540423, 0.9999826581232540423, 1.000000000000000000 ) ) 
 REPRESENTATION_ITEM ( '' )  );
#3260 = FACE_OUTER_BOUND ( 'NONE', #996, .T. ) ;
#3261 = DIRECTION ( 'NONE',  ( 0.000000000000000000, 0.9950481186486287433, -0.09939437395458879110 ) ) ;
#3262 = CARTESIAN_POINT ( 'NONE',  ( -14119.99999999999818, -1950.712458671873037, -239.9999999999987779 ) ) ;
#3263 = EDGE_LOOP ( 'NONE', ( #2141, #2191, #2063, #1445 ) ) ;
#3264 = ORIENTED_EDGE ( 'NONE', *, *, #853, .T. ) ;
#3265 = DIRECTION ( 'NONE',  ( -0.000000000000000000, 0.000000000000000000, -1.000000000000000000 ) ) ;
#3266 = EDGE_LOOP ( 'NONE', ( #2468, #3798, #2935, #3821 ) ) ;
#3267 = EDGE_CURVE ( 'NONE', #1234, #2033, #1011, .T. ) ;
#3268 = ORIENTED_EDGE ( 'NONE', *, *, #3594, .F. ) ;
#3269 = CARTESIAN_POINT ( 'NONE',  ( -13560.14709064066847, -1054.999999999997499, -769.9999999999964757 ) ) ;
#3270 = DIRECTION ( 'NONE',  ( 0.000000000000000000, -4.827056628805028179E-16, 1.000000000000000000 ) ) ;
#3271 = VERTEX_POINT ( 'NONE', #2932 ) ;
#3272 = AXIS2_PLACEMENT_3D ( 'NONE', #952, #3613, #1273 ) ;
#3273 = EDGE_CURVE ( 'NONE', #1539, #576, #261, .T. ) ;
#3274 = DIRECTION ( 'NONE',  ( 0.000000000000000000, 1.000000000000000000, -2.220446049250313081E-16 ) ) ;
#3275 = VERTEX_POINT ( 'NONE', #967 ) ;
#3276 = AXIS2_PLACEMENT_3D ( 'NONE', #2202, #561, #3903 ) ;
#3277 = ADVANCED_FACE ( 'NONE', ( #4215 ), #1591, .T. ) ;
#3278 = ORIENTED_EDGE ( 'NONE', *, *, #144, .T. ) ;
#3279 = DIRECTION ( 'NONE',  ( 0.000000000000000000, 0.000000000000000000, 1.000000000000000000 ) ) ;
#3280 = PLANE ( 'NONE',  #3410 ) ;
#3281 = VECTOR ( 'NONE', #2172, 1000.000000000000000 ) ;
#3282 = LINE ( 'NONE', #303, #4017 ) ;
#3283 = CIRCLE ( 'NONE', #3498, 460.0000000000001137 ) ;
#3284 = CARTESIAN_POINT ( 'NONE',  ( -1950.000000000000682, 899.9999999999998863, -910.0000000000001137 ) ) ;
#3285 = EDGE_LOOP ( 'NONE', ( #3830, #3617, #3444, #1256 ) ) ;
#3286 = LINE ( 'NONE', #4001, #3537 ) ;
#3287 = ORIENTED_EDGE ( 'NONE', *, *, #3515, .F. ) ;
#3288 = CIRCLE ( 'NONE', #1214, 172.2649730022416747 ) ;
#3289 = CARTESIAN_POINT ( 'NONE',  ( -14175.00000000000000, -875.0000000000000000, -980.0000000000001137 ) ) ;
#3290 = DIRECTION ( 'NONE',  ( 0.000000000000000000, 0.000000000000000000, -1.000000000000000000 ) ) ;
#3291 = PRESENTATION_STYLE_ASSIGNMENT (( #4007 ) ) ;
#3292 = DIRECTION ( 'NONE',  ( 0.000000000000000000, -0.000000000000000000, -1.000000000000000000 ) ) ;
#3293 = ORIENTED_EDGE ( 'NONE', *, *, #3987, .F. ) ;
#3294 = ORIENTED_EDGE ( 'NONE', *, *, #566, .F. ) ;
#3295 = PLANE ( 'NONE',  #1311 ) ;
#3296 = EDGE_CURVE ( 'NONE', #1162, #2275, #727, .T. ) ;
#3297 = CARTESIAN_POINT ( 'NONE',  ( -14175.00000000000000, 875.0000000000000000, -1060.000000000000000 ) ) ;
#3298 = VERTEX_POINT ( 'NONE', #3959 ) ;
#3299 = UNCERTAINTY_MEASURE_WITH_UNIT (LENGTH_MEASURE( 1.000000000000000082E-05 ), #2758, 'distance_accuracy_value', 'NONE');
#3300 = ORIENTED_EDGE ( 'NONE', *, *, #3834, .T. ) ;
#3301 = EDGE_CURVE ( 'NONE', #2792, #3571, #1956, .T. ) ;
#3302 = DIRECTION ( 'NONE',  ( 0.000000000000000000, -2.413528314402514090E-16, 1.000000000000000000 ) ) ;
#3303 = DIRECTION ( 'NONE',  ( 0.000000000000000000, -0.9854601157443478865, 0.1699069165076472210 ) ) ;
#3304 = ORIENTED_EDGE ( 'NONE', *, *, #3962, .F. ) ;
#3305 = AXIS2_PLACEMENT_3D ( 'NONE', #3149, #4085, #1463 ) ;
#3306 = ORIENTED_EDGE ( 'NONE', *, *, #389, .F. ) ;
#3307 = PLANE ( 'NONE',  #2057 ) ;
#3308 = CARTESIAN_POINT ( 'NONE',  ( -14299.99999999999818, -1950.712458671872810, -589.9999999999973852 ) ) ;
#3309 = ORIENTED_EDGE ( 'NONE', *, *, #1723, .T. ) ;
#3310 = DIRECTION ( 'NONE',  ( 0.000000000000000000, 0.000000000000000000, -1.000000000000000000 ) ) ;
#3311 = EDGE_LOOP ( 'NONE', ( #4080, #1651, #3725, #2868 ) ) ;
#3312 = CIRCLE ( 'NONE', #1852, 79.99999999999995737 ) ;
#3313 = CIRCLE ( 'NONE', #3036, 6000.000000000000000 ) ;
#3314 = LINE ( 'NONE', #2024, #3966 ) ;
#3315 = EDGE_CURVE ( 'NONE', #2505, #3775, #2955, .T. ) ;
#3316 = DIRECTION ( 'NONE',  ( 0.000000000000000000, -1.000000000000000000, 0.000000000000000000 ) ) ;
#3317 = ORIENTED_EDGE ( 'NONE', *, *, #973, .F. ) ;
#3318 = EDGE_LOOP ( 'NONE', ( #2964, #263, #1598, #700 ) ) ;
#3319 = LINE ( 'NONE', #1238, #1263 ) ;
#3320 = CARTESIAN_POINT ( 'NONE',  ( -14299.99999999999818, 1950.712458671872810, -589.9999999999963620 ) ) ;
#3321 = VERTEX_POINT ( 'NONE', #2887 ) ;
#3322 = AXIS2_PLACEMENT_3D ( 'NONE', #4021, #418, #3043 ) ;
#3323 = DIRECTION ( 'NONE',  ( 0.000000000000000000, 1.000000000000000000, 2.775557561563032853E-16 ) ) ;
#3324 = CARTESIAN_POINT ( 'NONE',  ( -2825.068018844486232, 0.000000000000000000, -960.0000000000002274 ) ) ;
#3325 = VERTEX_POINT ( 'NONE', #3895 ) ;
#3326 = ADVANCED_FACE ( 'NONE', ( #1312 ), #2976, .T. ) ;
#3327 = CARTESIAN_POINT ( 'NONE',  ( -2.914659381970696526E-13, 1189.999999999998408, -960.0000000000002274 ) ) ;
#3328 = DIRECTION ( 'NONE',  ( 0.000000000000000000, 0.000000000000000000, 1.000000000000000000 ) ) ;
#3329 = CARTESIAN_POINT ( 'NONE',  ( -11411.43189860506209, 176.9719203373657592, -350.9999999999987494 ) ) ;
#3330 = AXIS2_PLACEMENT_3D ( 'NONE', #2919, #3907, #3270 ) ;
#3331 = CARTESIAN_POINT ( 'NONE',  ( -2.914659381970696526E-13, 1189.999999999998408, -1160.000000000000227 ) ) ;
#3332 = EDGE_CURVE ( 'NONE', #3742, #3108, #2175, .T. ) ;
#3333 = ORIENTED_EDGE ( 'NONE', *, *, #1546, .T. ) ;
#3334 = VECTOR ( 'NONE', #1191, 1000.000000000000000 ) ;
#3335 = DIRECTION ( 'NONE',  ( 1.224646799147353207E-16, -1.000000000000000000, 0.000000000000000000 ) ) ;
#3336 = DIRECTION ( 'NONE',  ( 0.000000000000000000, 2.775557561563032853E-16, -1.000000000000000000 ) ) ;
#3337 = CARTESIAN_POINT ( 'NONE',  ( 0.000000000000000000, 0.000000000000000000, 0.000000000000000000 ) ) ;
#3338 = DIRECTION ( 'NONE',  ( 1.000000000000000000, 3.700743415417188263E-17, -1.776356839400250465E-15 ) ) ;
#3339 = ORIENTED_EDGE ( 'NONE', *, *, #2333, .T. ) ;
#3340 = ORIENTED_EDGE ( 'NONE', *, *, #3341, .F. ) ;
#3341 = EDGE_CURVE ( 'NONE', #2505, #2963, #67, .T. ) ;
#3342 = CARTESIAN_POINT ( 'NONE',  ( -11611.43189860506391, 877.4999988432243754, -589.9999999999965894 ) ) ;
#3343 = CARTESIAN_POINT ( 'NONE',  ( -1950.000000000000682, -800.0000000000000000, -910.0000000000001137 ) ) ;
#3344 = ORIENTED_EDGE ( 'NONE', *, *, #1106, .T. ) ;
#3345 = EDGE_CURVE ( 'NONE', #2245, #3350, #4068, .T. ) ;
#3346 = VERTEX_POINT ( 'NONE', #2711 ) ;
#3347 = VECTOR ( 'NONE', #4013, 1000.000000000000000 ) ;
#3348 = DIRECTION ( 'NONE',  ( 0.000000000000000000, 2.775557561563032853E-16, -1.000000000000000000 ) ) ;
#3349 = CARTESIAN_POINT ( 'NONE',  ( -14588.56810139493791, 1077.499998843224375, -589.9999999999964757 ) ) ;
#3350 = VERTEX_POINT ( 'NONE', #2689 ) ;
#3351 = VERTEX_POINT ( 'NONE', #775 ) ;
#3352 = DIRECTION ( 'NONE',  ( -1.224646799147353207E-16, 1.000000000000000000, -0.000000000000000000 ) ) ;
#3353 = CARTESIAN_POINT ( 'NONE',  ( -14175.00000000000000, -1190.000000000001592, -960.0000000000002274 ) ) ;
#3354 = EDGE_CURVE ( 'NONE', #1451, #896, #378, .T. ) ;
#3355 = DIRECTION ( 'NONE',  ( 0.000000000000000000, -2.413528314402513597E-16, 1.000000000000000000 ) ) ;
#3356 = PLANE ( 'NONE',  #536 ) ;
#3357 = VERTEX_POINT ( 'NONE', #2113 ) ;
#3358 = CIRCLE ( 'NONE', #1341, 460.0000000000000000 ) ;
#3359 = VECTOR ( 'NONE', #1290, 1000.000000000000000 ) ;
#3360 = FACE_BOUND ( 'NONE', #2676, .T. ) ;
#3361 = CARTESIAN_POINT ( 'NONE',  ( -12100.00000000000182, 1054.999999999997044, 2.220446049250313081E-12 ) ) ;
#3362 = EDGE_CURVE ( 'NONE', #1317, #1827, #2759, .T. ) ;
#3363 = CARTESIAN_POINT ( 'NONE',  ( -13795.00000000000000, -875.0000000000000000, -1060.000000000000000 ) ) ;
#3364 = EDGE_LOOP ( 'NONE', ( #2146, #4151, #651, #74, #125, #4166 ) ) ;
#3365 = AXIS2_PLACEMENT_3D ( 'NONE', #2370, #2052, #4005 ) ;
#3366 = EDGE_LOOP ( 'NONE', ( #3627, #1993, #298, #2049, #4058 ) ) ;
#3367 = PLANE ( 'NONE',  #2920 ) ;
#3368 = DIRECTION ( 'NONE',  ( 1.000000000000000000, 0.000000000000000000, 0.000000000000000000 ) ) ;
#3369 = ORIENTED_EDGE ( 'NONE', *, *, #2416, .T. ) ;
#3370 = PRODUCT_DEFINITION ( 'NON CONOSCIUTO', '', #3979, #2856 ) ;
#3371 = ORIENTED_EDGE ( 'NONE', *, *, #2978, .T. ) ;
#3372 = AXIS2_PLACEMENT_3D ( 'NONE', #680, #1719, #3279 ) ;
#3373 = DIRECTION ( 'NONE',  ( 0.000000000000000000, -1.000000000000000000, -2.775557561563032853E-16 ) ) ;
#3374 = EDGE_CURVE ( 'NONE', #1833, #2741, #4045, .T. ) ;
#3375 = VERTEX_POINT ( 'NONE', #2389 ) ;
#3376 = CYLINDRICAL_SURFACE ( 'NONE', #3372, 460.0000000000000568 ) ;
#3377 = DIRECTION ( 'NONE',  ( -1.000000000000000000, 0.000000000000000000, 0.000000000000000000 ) ) ;
#3378 = CARTESIAN_POINT ( 'NONE',  ( -14588.56810139493791, 732.4719190560189190, -589.9999999999965894 ) ) ;
#3379 = CARTESIAN_POINT ( 'NONE',  ( -14175.00000000000000, -1190.000000000001592, -960.0000000000002274 ) ) ;
#3380 = DIRECTION ( 'NONE',  ( -1.000000000000000000, 2.171636382548118065E-31, -7.824144642581933777E-16 ) ) ;
#3381 = ORIENTED_EDGE ( 'NONE', *, *, #892, .F. ) ;
#3382 = EDGE_CURVE ( 'NONE', #2896, #2804, #3723, .T. ) ;
#3383 = CARTESIAN_POINT ( 'NONE',  ( -14241.34358727334438, -713.0416965694219016, -768.3657702387157542 ) ) ;
#3384 = DIRECTION ( 'NONE',  ( -1.000000000000000000, 0.000000000000000000, -0.000000000000000000 ) ) ;
#3385 = DIRECTION ( 'NONE',  ( 0.000000000000000000, 0.1699069165076472210, 0.9854601157443478865 ) ) ;
#3386 = CARTESIAN_POINT ( 'NONE',  ( -12547.28068913207790, -679.9999999999977263, -567.4243228023079837 ) ) ;
#3387 = VERTEX_POINT ( 'NONE', #4000 ) ;
#3388 = ORIENTED_EDGE ( 'NONE', *, *, #3987, .T. ) ;
#3389 = ADVANCED_FACE ( 'NONE', ( #753 ), #2364, .F. ) ;
#3390 = DIRECTION ( 'NONE',  ( 0.000000000000000000, 1.224646799147353207E-16, 1.000000000000000000 ) ) ;
#3391 = CARTESIAN_POINT ( 'NONE',  ( -265.1845289799106808, 989.9999999999984084, -1503.936198047713333 ) ) ;
#3392 = ORIENTED_EDGE ( 'NONE', *, *, #349, .T. ) ;
#3393 = EDGE_LOOP ( 'NONE', ( #1586, #4209, #2459, #788 ) ) ;
#3394 = DIRECTION ( 'NONE',  ( -1.000000000000000000, -3.132904478660053556E-17, -0.000000000000000000 ) ) ;
#3395 = VECTOR ( 'NONE', #3017, 1000.000000000000000 ) ;
#3396 = VECTOR ( 'NONE', #383, 1000.000000000000000 ) ;
#3397 = VERTEX_POINT ( 'NONE', #3403 ) ;
#3398 = DIRECTION ( 'NONE',  ( 0.000000000000000000, -0.9901138386947148096, 0.1402661271484180183 ) ) ;
#3399 = EDGE_CURVE ( 'NONE', #3760, #1780, #933, .T. ) ;
#3400 = CIRCLE ( 'NONE', #619, 199.9999999999999432 ) ;
#3401 = DIRECTION ( 'NONE',  ( -1.000000000000000000, -3.132904478660053556E-17, 1.908428413691174465E-16 ) ) ;
#3402 = CARTESIAN_POINT ( 'NONE',  ( -14299.99999999999818, 1077.499998843224375, -589.9999999999964757 ) ) ;
#3403 = CARTESIAN_POINT ( 'NONE',  ( -13680.00000000000000, 814.9999999999972715, -239.9999999999979821 ) ) ;
#3404 = ORIENTED_EDGE ( 'NONE', *, *, #2446, .F. ) ;
#3405 = CARTESIAN_POINT ( 'NONE',  ( -13899.99999999999818, 814.9999999999972715, -459.9999999999978968 ) ) ;
#3406 = FACE_OUTER_BOUND ( 'NONE', #204, .T. ) ;
#3407 = CARTESIAN_POINT ( 'NONE',  ( -11700.00000000000182, -1077.499998843224375, -589.9999999999971578 ) ) ;
#3408 = DIRECTION ( 'NONE',  ( 0.000000000000000000, 1.000000000000000000, 2.775557561563032853E-16 ) ) ;
#3409 = ORIENTED_EDGE ( 'NONE', *, *, #3203, .F. ) ;
#3410 = AXIS2_PLACEMENT_3D ( 'NONE', #1954, #2905, #4233 ) ;
#3411 = ORIENTED_EDGE ( 'NONE', *, *, #1133, .F. ) ;
#3412 = VECTOR ( 'NONE', #913, 1000.000000000000000 ) ;
#3413 = DIRECTION ( 'NONE',  ( 0.000000000000000000, -2.413528314402514090E-16, 1.000000000000000000 ) ) ;
#3414 = DIRECTION ( 'NONE',  ( -0.9848077530122092416, -3.085308620031094321E-17, 0.1736481776669237531 ) ) ;
#3415 = VERTEX_POINT ( 'NONE', #3696 ) ;
#3416 = ORIENTED_EDGE ( 'NONE', *, *, #1480, .T. ) ;
#3417 = EDGE_CURVE ( 'NONE', #6, #2014, #2430, .T. ) ;
#3418 =( REPRESENTATION_RELATIONSHIP ('NONE','NONE', #4145, #749 ) REPRESENTATION_RELATIONSHIP_WITH_TRANSFORMATION ( #2154 )SHAPE_REPRESENTATION_RELATIONSHIP( ) );
#3419 = CARTESIAN_POINT ( 'NONE',  ( -12547.28068913207790, 679.9999999999977263, -567.4243228023077563 ) ) ;
#3420 = DIRECTION ( 'NONE',  ( -1.000000000000000000, 0.000000000000000000, 0.000000000000000000 ) ) ;
#3421 = EDGE_CURVE ( 'NONE', #3387, #3249, #733, .T. ) ;
#3422 = FACE_OUTER_BOUND ( 'NONE', #3244, .T. ) ;
#3423 = DIRECTION ( 'NONE',  ( 0.000000000000000000, 0.000000000000000000, -1.000000000000000000 ) ) ;
#3424 = DIRECTION ( 'NONE',  ( 0.000000000000000000, -1.000000000000000000, -2.775557561563032853E-16 ) ) ;
#3425 = EDGE_LOOP ( 'NONE', ( #4192, #630, #910, #2231 ) ) ;
#3426 = ORIENTED_EDGE ( 'NONE', *, *, #1237, .F. ) ;
#3427 = CARTESIAN_POINT ( 'NONE',  ( -15744.66811761634744, -679.9999999999977263, -765.0652677973106393 ) ) ;
#3428 = CARTESIAN_POINT ( 'NONE',  ( -14343.45001286961815, 715.1018965907406937, -582.5266689850958528 ) ) ;
#3429 = LINE ( 'NONE', #2073, #800 ) ;
#3430 = ORIENTED_EDGE ( 'NONE', *, *, #3714, .F. ) ;
#3431 = VECTOR ( 'NONE', #3994, 1000.000000000000114 ) ;
#3432 = ORIENTED_EDGE ( 'NONE', *, *, #2183, .F. ) ;
#3433 = DIRECTION ( 'NONE',  ( 1.000000000000000000, 0.000000000000000000, -0.000000000000000000 ) ) ;
#3434 = LINE ( 'NONE', #1476, #563 ) ;
#3435 = CARTESIAN_POINT ( 'NONE',  ( -11411.43189860506209, -732.4719190560189190, -589.9999999999970441 ) ) ;
#3436 = EDGE_LOOP ( 'NONE', ( #1251, #256, #1902, #2467, #539 ) ) ;
#3437 = AXIS2_PLACEMENT_3D ( 'NONE', #2611, #3952, #3624 ) ;
#3438 = ORIENTED_EDGE ( 'NONE', *, *, #566, .T. ) ;
#3439 = VECTOR ( 'NONE', #878, 1000.000000000000000 ) ;
#3440 =( BOUNDED_CURVE ( )  B_SPLINE_CURVE ( 3, ( #491, #3178, #3832, #3770 ),
 .UNSPECIFIED., .F., .T. ) 
 B_SPLINE_CURVE_WITH_KNOTS ( ( 4, 4 ),
 ( 5.437455678617205024, 5.451881468827075139 ),
 .UNSPECIFIED. ) 
 CURVE ( )  GEOMETRIC_REPRESENTATION_ITEM ( )  RATIONAL_B_SPLINE_CURVE ( ( 1.000000000000000000, 0.9999826581232540423, 0.9999826581232540423, 1.000000000000000000 ) ) 
 REPRESENTATION_ITEM ( '' )  );
#3441 = EDGE_CURVE ( 'NONE', #3085, #3544, #4087, .T. ) ;
#3442 = LINE ( 'NONE', #1134, #1095 ) ;
#3443 = DIRECTION ( 'NONE',  ( 0.000000000000000000, -3.301729611148416588E-16, 1.000000000000000000 ) ) ;
#3444 = ORIENTED_EDGE ( 'NONE', *, *, #3399, .F. ) ;
#3445 = FACE_OUTER_BOUND ( 'NONE', #40, .T. ) ;
#3446 = EDGE_CURVE ( 'NONE', #2380, #674, #295, .T. ) ;
#3447 = CARTESIAN_POINT ( 'NONE',  ( -8598.683472959097344, 1189.999999999998408, -660.0000000000002274 ) ) ;
#3448 = FACE_OUTER_BOUND ( 'NONE', #4089, .T. ) ;
#3449 = DIRECTION ( 'NONE',  ( 0.000000000000000000, 1.000000000000000000, -2.200304988219453045E-16 ) ) ;
#3450 = ORIENTED_EDGE ( 'NONE', *, *, #525, .T. ) ;
#3451 = ORIENTED_EDGE ( 'NONE', *, *, #2866, .T. ) ;
#3452 = DIRECTION ( 'NONE',  ( 0.000000000000000000, 1.000000000000000000, 2.775557561563032853E-16 ) ) ;
#3453 = LINE ( 'NONE', #2531, #1796 ) ;
#3454 = CARTESIAN_POINT ( 'NONE',  ( -11658.75177054179585, -1054.999999999997499, -589.9999999999971578 ) ) ;
#3455 = LINE ( 'NONE', #1472, #1486 ) ;
#3456 = ORIENTED_EDGE ( 'NONE', *, *, #944, .T. ) ;
#3457 = VECTOR ( 'NONE', #2462, 1000.000000000000000 ) ;
#3458 = FILL_AREA_STYLE_COLOUR ( '', #3954 ) ;
#3459 = VERTEX_POINT ( 'NONE', #2733 ) ;
#3460 = EDGE_CURVE ( 'NONE', #2963, #3415, #2046, .T. ) ;
#3461 = VECTOR ( 'NONE', #3071, 1000.000000000000000 ) ;
#3462 = LINE ( 'NONE', #3764, #1293 ) ;
#3463 = VECTOR ( 'NONE', #2757, 1000.000000000000000 ) ;
#3464 = DIRECTION ( 'NONE',  ( -1.000000000000000000, -0.000000000000000000, -0.000000000000000000 ) ) ;
#3465 = APPLICATION_PROTOCOL_DEFINITION ( 'draft international standard', 'automotive_design', 1998, #1684 ) ;
#3466 = CARTESIAN_POINT ( 'NONE',  ( -14588.56810139493791, -877.4999988432243754, -769.9999999999963620 ) ) ;
#3467 = EDGE_CURVE ( 'NONE', #2006, #3603, #3283, .T. ) ;
#3468 = ORIENTED_EDGE ( 'NONE', *, *, #2817, .F. ) ;
#3469 = AXIS2_PLACEMENT_3D ( 'NONE', #965, #3958, #639 ) ;
#3470 = ORIENTED_EDGE ( 'NONE', *, *, #3167, .F. ) ;
#3471 = CARTESIAN_POINT ( 'NONE',  ( -162.2440211999303301, 1189.999999999998408, 920.1315677728725859 ) ) ;
#3472 = CARTESIAN_POINT ( 'NONE',  ( -13680.00000000000000, 1077.499998843224148, -239.9999999999978684 ) ) ;
#3473 = CARTESIAN_POINT ( 'NONE',  ( -14299.99999999999818, 1950.712458671872810, -589.9999999999963620 ) ) ;
#3474 = VERTEX_POINT ( 'NONE', #3022 ) ;
#3475 = DIRECTION ( 'NONE',  ( 0.000000000000000000, -1.000000000000000000, 0.000000000000000000 ) ) ;
#3476 = DIRECTION ( 'NONE',  ( -0.000000000000000000, -1.000000000000000000, -2.775557561563032853E-16 ) ) ;
#3477 = ORIENTED_EDGE ( 'NONE', *, *, #1762, .F. ) ;
#3478 = VECTOR ( 'NONE', #2585, 1000.000000000000000 ) ;
#3479 = AXIS2_PLACEMENT_3D ( 'NONE', #520, #1536, #4174 ) ;
#3480 = DIRECTION ( 'NONE',  ( 0.000000000000000000, 1.000000000000000000, 3.301729611148416588E-16 ) ) ;
#3481 = CARTESIAN_POINT ( 'NONE',  ( -10308.04291515397927, 1189.999999999998408, -868.8465180732555382 ) ) ;
#3482 = DIRECTION ( 'NONE',  ( -1.000000000000000000, -0.000000000000000000, -0.000000000000000000 ) ) ;
#3483 = DIRECTION ( 'NONE',  ( 0.000000000000000000, 1.000000000000000000, 3.301729611148416588E-16 ) ) ;
#3484 =( LENGTH_UNIT ( ) NAMED_UNIT ( * ) SI_UNIT ( .MILLI., .METRE. ) );
#3485 = FACE_OUTER_BOUND ( 'NONE', #3245, .T. ) ;
#3486 = VERTEX_POINT ( 'NONE', #3000 ) ;
#3487 = EDGE_CURVE ( 'NONE', #870, #1587, #22, .T. ) ;
#3488 = CARTESIAN_POINT ( 'NONE',  ( -12541.24822945820415, -732.4719190560189190, -589.9999999999970441 ) ) ;
#3489 = VECTOR ( 'NONE', #2417, 1000.000000000000000 ) ;
#3490 = CARTESIAN_POINT ( 'NONE',  ( -8598.683472959097344, -1190.000000000001592, -660.0000000000002274 ) ) ;
#3491 = ORIENTED_EDGE ( 'NONE', *, *, #1538, .F. ) ;
#3492 = ADVANCED_FACE ( 'NONE', ( #1351 ), #44, .F. ) ;
#3493 = CARTESIAN_POINT ( 'NONE',  ( -14119.99999999999818, -1077.499998843224603, -239.9999999999985505 ) ) ;
#3494 = CARTESIAN_POINT ( 'NONE',  ( -13899.99999999999818, -814.9999999999974989, -459.9999999999983515 ) ) ;
#3495 = CARTESIAN_POINT ( 'NONE',  ( -2825.068018844486232, 989.9999999999982947, 5040.000000000000000 ) ) ;
#3496 = ORIENTED_EDGE ( 'NONE', *, *, #1847, .F. ) ;
#3497 = VECTOR ( 'NONE', #3160, 1000.000000000000000 ) ;
#3498 = AXIS2_PLACEMENT_3D ( 'NONE', #3066, #86, #3355 ) ;
#3499 = AXIS2_PLACEMENT_3D ( 'NONE', #4208, #1566, #1246 ) ;
#3500 = CARTESIAN_POINT ( 'NONE',  ( -12444.28938755610034, 679.9999999999977263, -765.0652677973102982 ) ) ;
#3501 = EDGE_CURVE ( 'NONE', #1315, #2252, #3829, .T. ) ;
#3502 = CARTESIAN_POINT ( 'NONE',  ( -11880.00000000000182, 1077.499998843224375, -517.7941176470588971 ) ) ;
#3503 = CARTESIAN_POINT ( 'NONE',  ( -2350.000000000000455, 200.0000000000000000, -825.0000000000001137 ) ) ;
#3504 = ORIENTED_EDGE ( 'NONE', *, *, #1094, .T. ) ;
#3505 = DIRECTION ( 'NONE',  ( 0.000000000000000000, 3.301729611148416588E-16, -1.000000000000000000 ) ) ;
#3506 = ORIENTED_EDGE ( 'NONE', *, *, #1500, .F. ) ;
#3507 = LINE ( 'NONE', #921, #813 ) ;
#3508 = DIRECTION ( 'NONE',  ( 0.9848077530122093526, 0.000000000000000000, 0.1736481776669235033 ) ) ;
#3509 = LINE ( 'NONE', #472, #2687 ) ;
#3510 = DIRECTION ( 'NONE',  ( 0.000000000000000000, -1.000000000000000000, -2.249385511977649118E-16 ) ) ;
#3511 = ORIENTED_EDGE ( 'NONE', *, *, #1500, .T. ) ;
#3512 = DIRECTION ( 'NONE',  ( -1.000000000000000000, -0.000000000000000000, 0.000000000000000000 ) ) ;
#3513 =( NAMED_UNIT ( * ) PLANE_ANGLE_UNIT ( ) SI_UNIT ( $, .RADIAN. ) );
#3514 = EDGE_LOOP ( 'NONE', ( #2607, #2094, #2692, #3756 ) ) ;
#3515 = EDGE_CURVE ( 'NONE', #1247, #4158, #2859, .T. ) ;
#3516 = ORIENTED_EDGE ( 'NONE', *, *, #1945, .F. ) ;
#3517 = PLANE ( 'NONE',  #1464 ) ;
#3518 = EDGE_CURVE ( 'NONE', #2620, #2360, #156, .T. ) ;
#3519 = AXIS2_PLACEMENT_3D ( 'NONE', #2771, #3141, #3475 ) ;
#3520 = VERTEX_POINT ( 'NONE', #1545 ) ;
#3521 = CARTESIAN_POINT ( 'NONE',  ( -15744.66811761634744, 1077.499998843224375, -589.9999999999964757 ) ) ;
#3522 = EDGE_CURVE ( 'NONE', #2432, #4132, #3909, .T. ) ;
#3523 = ORIENTED_EDGE ( 'NONE', *, *, #83, .T. ) ;
#3524 = DIRECTION ( 'NONE',  ( -1.000000000000000000, -1.085818191274059690E-31, 3.912072321290969353E-16 ) ) ;
#3525 = CARTESIAN_POINT ( 'NONE',  ( -14588.56810139493791, 278.9021535255452022, -725.0000000000052296 ) ) ;
#3526 = CARTESIAN_POINT ( 'NONE',  ( -14239.85290935932790, 729.4021522441533989, -769.9999999999959073 ) ) ;
#3527 = EDGE_CURVE ( 'NONE', #755, #368, #2466, .T. ) ;
#3528 = LINE ( 'NONE', #2513, #3497 ) ;
#3529 = AXIS2_PLACEMENT_3D ( 'NONE', #723, #2288, #3302 ) ;
#3530 = VERTEX_POINT ( 'NONE', #2156 ) ;
#3531 = CARTESIAN_POINT ( 'NONE',  ( -14588.56810139493791, 1.251372518897804489E-14, -755.0854464784850961 ) ) ;
#3532 = CARTESIAN_POINT ( 'NONE',  ( -14175.00000000000000, 1189.999999999997954, -960.0000000000002274 ) ) ;
#3533 = ORIENTED_EDGE ( 'NONE', *, *, #1523, .F. ) ;
#3534 = ORIENTED_EDGE ( 'NONE', *, *, #1703, .F. ) ;
#3535 = EDGE_CURVE ( 'NONE', #2014, #1272, #2212, .T. ) ;
#3536 = CYLINDRICAL_SURFACE ( 'NONE', #2902, 199.9999999999999432 ) ;
#3537 = VECTOR ( 'NONE', #3983, 1000.000000000000114 ) ;
#3538 = STYLED_ITEM ( 'NONE', ( #3614 ), #2246 ) ;
#3539 =( BOUNDED_CURVE ( )  B_SPLINE_CURVE ( 3, ( #1345, #1949, #676, #1990 ),
 .UNSPECIFIED., .F., .T. ) 
 B_SPLINE_CURVE_WITH_KNOTS ( ( 4, 4 ),
 ( 5.437455678617205024, 5.451881468827075139 ),
 .UNSPECIFIED. ) 
 CURVE ( )  GEOMETRIC_REPRESENTATION_ITEM ( )  RATIONAL_B_SPLINE_CURVE ( ( 1.000000000000000000, 0.9999826581232540423, 0.9999826581232540423, 1.000000000000000000 ) ) 
 REPRESENTATION_ITEM ( '' )  );
#3540 = ADVANCED_FACE ( 'NONE', ( #3485 ), #3113, .F. ) ;
#3541 = LINE ( 'NONE', #2230, #4177 ) ;
#3542 = ORIENTED_EDGE ( 'NONE', *, *, #3754, .T. ) ;
#3543 = FACE_OUTER_BOUND ( 'NONE', #2903, .T. ) ;
#3544 = VERTEX_POINT ( 'NONE', #3466 ) ;
#3545 = FACE_OUTER_BOUND ( 'NONE', #1456, .T. ) ;
#3546 = CARTESIAN_POINT ( 'NONE',  ( -12320.00000000000000, 1950.712458671872582, -239.9999999999976694 ) ) ;
#3547 = DIRECTION ( 'NONE',  ( 0.000000000000000000, -2.413528314402514090E-16, 1.000000000000000000 ) ) ;
#3548 = LINE ( 'NONE', #514, #90 ) ;
#3549 = ORIENTED_EDGE ( 'NONE', *, *, #1762, .T. ) ;
#3550 = ORIENTED_EDGE ( 'NONE', *, *, #3441, .F. ) ;
#3551 = LINE ( 'NONE', #3242, #3334 ) ;
#3552 = DIRECTION ( 'NONE',  ( 1.000000000000000000, -0.000000000000000000, -0.000000000000000000 ) ) ;
#3553 = EDGE_LOOP ( 'NONE', ( #635, #1362, #393, #2351 ) ) ;
#3554 = ORIENTED_EDGE ( 'NONE', *, *, #2220, .T. ) ;
#3555 = CARTESIAN_POINT ( 'NONE',  ( -14119.99999999999818, 814.9999999999970441, -239.9999999999979821 ) ) ;
#3556 = CARTESIAN_POINT ( 'NONE',  ( -8598.683472959099163, 989.9999999999981810, -6660.000000000000000 ) ) ;
#3557 = ORIENTED_EDGE ( 'NONE', *, *, #2234, .F. ) ;
#3558 = EDGE_CURVE ( 'NONE', #1247, #3415, #2782, .T. ) ;
#3559 = VECTOR ( 'NONE', #1920, 1000.000000000000000 ) ;
#3560 = DIRECTION ( 'NONE',  ( 1.000000000000000000, 0.000000000000000000, 0.000000000000000000 ) ) ;
#3561 = ORIENTED_EDGE ( 'NONE', *, *, #572, .F. ) ;
#3562 = VECTOR ( 'NONE', #1305, 1000.000000000000000 ) ;
#3563 = VECTOR ( 'NONE', #3424, 1000.000000000000000 ) ;
#3564 = ORIENTED_EDGE ( 'NONE', *, *, #1061, .T. ) ;
#3565 = EDGE_CURVE ( 'NONE', #3099, #4217, #177, .T. ) ;
#3566 = DIRECTION ( 'NONE',  ( -1.000000000000000000, 0.000000000000000000, 1.908428413691174465E-16 ) ) ;
#3567 = DIRECTION ( 'NONE',  ( -1.000000000000000000, 0.000000000000000000, -0.000000000000000000 ) ) ;
#3568 = LINE ( 'NONE', #4214, #690 ) ;
#3569 = DIRECTION ( 'NONE',  ( -0.000000000000000000, -2.775557561563032853E-16, 1.000000000000000000 ) ) ;
#3570 = ORIENTED_EDGE ( 'NONE', *, *, #3642, .T. ) ;
#3571 = VERTEX_POINT ( 'NONE', #3809 ) ;
#3572 = AXIS2_PLACEMENT_3D ( 'NONE', #1568, #2884, #4211 ) ;
#3573 = CARTESIAN_POINT ( 'NONE',  ( -380.0000000000000000, 875.0000000000000000, -1060.000000000000000 ) ) ;
#3574 = DIRECTION ( 'NONE',  ( 0.000000000000000000, 0.000000000000000000, -1.000000000000000000 ) ) ;
#3575 = ORIENTED_EDGE ( 'NONE', *, *, #4165, .F. ) ;
#3576 = EDGE_CURVE ( 'NONE', #3144, #857, #2528, .T. ) ;
#3577 = ORIENTED_EDGE ( 'NONE', *, *, #3345, .F. ) ;
#3578 = EDGE_CURVE ( 'NONE', #4122, #3325, #3175, .T. ) ;
#3579 = LINE ( 'NONE', #3247, #2266 ) ;
#3580 = PLANE ( 'NONE',  #1318 ) ;
#3581 = EDGE_CURVE ( 'NONE', #3760, #1271, #2820, .T. ) ;
#3582 = DIRECTION ( 'NONE',  ( -1.000000000000000000, 0.000000000000000000, 0.000000000000000000 ) ) ;
#3583 = ORIENTED_EDGE ( 'NONE', *, *, #1523, .T. ) ;
#3584 = ORIENTED_EDGE ( 'NONE', *, *, #1375, .T. ) ;
#3585 = PLANE ( 'NONE',  #2047 ) ;
#3586 = CARTESIAN_POINT ( 'NONE',  ( -11658.75177054179585, 732.4719190560189190, -589.9999999999965894 ) ) ;
#3587 = CIRCLE ( 'NONE', #2754, 6000.000000000000909 ) ;
#3588 = ADVANCED_FACE ( 'NONE', ( #839 ), #134, .F. ) ;
#3589 = LINE ( 'NONE', #2908, #2448 ) ;
#3590 = PRODUCT ( 'WagonPlane_40ft_MediumDetailed', 'WagonPlane_40ft_MediumDetailed', '', ( #2486 ) ) ;
#3591 = EDGE_LOOP ( 'NONE', ( #3719, #3986, #1215, #437 ) ) ;
#3592 = DIRECTION ( 'NONE',  ( 0.000000000000000000, 0.000000000000000000, 1.000000000000000000 ) ) ;
#3593 = CARTESIAN_POINT ( 'NONE',  ( -14341.24822945820415, -814.9999999999974989, -589.9999999999970441 ) ) ;
#3594 = EDGE_CURVE ( 'NONE', #3183, #1537, #1182, .T. ) ;
#3595 = DIRECTION ( 'NONE',  ( -0.000000000000000000, 1.000000000000000000, -0.000000000000000000 ) ) ;
#3596 = ORIENTED_EDGE ( 'NONE', *, *, #622, .F. ) ;
#3597 = VECTOR ( 'NONE', #1101, 1000.000000000000000 ) ;
#3598 = CIRCLE ( 'NONE', #3115, 79.99999999999995737 ) ;
#3599 = DIRECTION ( 'NONE',  ( -1.000000000000000000, 0.000000000000000000, 0.000000000000000000 ) ) ;
#3600 = LINE ( 'NONE', #2656, #4092 ) ;
#3601 = EDGE_LOOP ( 'NONE', ( #3194, #2842, #3869 ) ) ;
#3602 = FACE_OUTER_BOUND ( 'NONE', #4118, .T. ) ;
#3603 = VERTEX_POINT ( 'NONE', #3195 ) ;
#3604 = CIRCLE ( 'NONE', #3128, 1000.000000000000000 ) ;
#3605 = VECTOR ( 'NONE', #4060, 1000.000000000000000 ) ;
#3606 = CARTESIAN_POINT ( 'NONE',  ( -12442.82243898500201, 696.5740269077365383, -766.7208309781527760 ) ) ;
#3607 = DIRECTION ( 'NONE',  ( 0.000000000000000000, -0.1402661271484180183, 0.9901138386947149206 ) ) ;
#3608 = DIRECTION ( 'NONE',  ( -0.000000000000000000, 0.000000000000000000, -1.000000000000000000 ) ) ;
#3609 = ORIENTED_EDGE ( 'NONE', *, *, #3992, .F. ) ;
#3610 = CARTESIAN_POINT ( 'NONE',  ( -13499.99999999999818, 1950.712458671872582, -306.2059048389980944 ) ) ;
#3611 = ORIENTED_EDGE ( 'NONE', *, *, #4270, .T. ) ;
#3612 = EDGE_CURVE ( 'NONE', #1565, #1276, #95, .T. ) ;
#3613 = DIRECTION ( 'NONE',  ( 1.000000000000000000, -1.085818191274059690E-31, 3.912072321290969353E-16 ) ) ;
#3614 = PRESENTATION_STYLE_ASSIGNMENT (( #337 ) ) ;
#3615 = FACE_OUTER_BOUND ( 'NONE', #272, .T. ) ;
#3616 = VERTEX_POINT ( 'NONE', #2841 ) ;
#3617 = ORIENTED_EDGE ( 'NONE', *, *, #3698, .T. ) ;
#3618 = ADVANCED_FACE ( 'NONE', ( #858 ), #1198, .F. ) ;
#3619 = CARTESIAN_POINT ( 'NONE',  ( -14299.99999999999818, 1077.499998843224148, -306.2059048389980376 ) ) ;
#3620 = DIRECTION ( 'NONE',  ( 0.000000000000000000, -2.413528314402514090E-16, 1.000000000000000000 ) ) ;
#3621 = ORIENTED_EDGE ( 'NONE', *, *, #1229, .F. ) ;
#3622 = PRODUCT_DEFINITION_SHAPE ( 'NONE', 'NONE',  #4302 ) ;
#3623 = DIRECTION ( 'NONE',  ( 0.000000000000000000, 1.000000000000000000, 3.301729611148416588E-16 ) ) ;
#3624 = DIRECTION ( 'NONE',  ( 0.000000000000000000, -2.413528314402513597E-16, 1.000000000000000000 ) ) ;
#3625 = ORIENTED_EDGE ( 'NONE', *, *, #546, .T. ) ;
#3626 = AXIS2_PLACEMENT_3D ( 'NONE', #3495, #1836, #692 ) ;
#3627 = ORIENTED_EDGE ( 'NONE', *, *, #940, .F. ) ;
#3628 = CARTESIAN_POINT ( 'NONE',  ( -14791.79486355016888, 875.0000000000000000, -1140.000000000000227 ) ) ;
#3629 = CARTESIAN_POINT ( 'NONE',  ( -12439.85290935933153, -814.9999999999972715, -769.9999999999964757 ) ) ;
#3630 = CARTESIAN_POINT ( 'NONE',  ( -12225.00000000000182, -800.0000000000000000, -910.0000000000001137 ) ) ;
#3631 = AXIS2_PLACEMENT_3D ( 'NONE', #2067, #2341, #108 ) ;
#3632 = CARTESIAN_POINT ( 'NONE',  ( -11758.65641272665380, -713.0416965694219016, -768.3657702387157542 ) ) ;
#3633 = VERTEX_POINT ( 'NONE', #531 ) ;
#3634 = AXIS2_PLACEMENT_3D ( 'NONE', #3848, #2506, #4164 ) ;
#3635 = DIRECTION ( 'NONE',  ( 0.000000000000000000, 1.000000000000000000, 5.551115123125784674E-16 ) ) ;
#3636 = CARTESIAN_POINT ( 'NONE',  ( -14241.34358727334438, 713.0416965694206510, -768.3657702387152995 ) ) ;
#3637 = ORIENTED_EDGE ( 'NONE', *, *, #773, .F. ) ;
#3638 = ORIENTED_EDGE ( 'NONE', *, *, #847, .F. ) ;
#3639 = OPEN_SHELL ( 'NONE', ( #2682, #2685, #614, #2129, #2705, #1663, #2075, #1865, #1711, #11, #407, #3540, #1573, #269, #4206, #898, #2388, #998, #2666, #3883, #2872, #4082, #448, #2102, #1674, #1257, #2690, #59, #2170, #3119, #2, #1177, #2353, #2734, #2361, #439, #1307, #126, #3234, #704, #2500, #1978, #2628, #860, #154, #2209, #1288, #958, #3805, #2770, #3926, #1890, #3655, #1973, #3683, #2510, #128, #790, #3889, #4143, #840, #3618, #3811, #2525, #189, #3796, #3389, #672, #3492, #394, #3588, #3761, #39 ) ) ;
#3640 = DIRECTION ( 'NONE',  ( 0.000000000000000000, -2.249385511977649118E-16, 1.000000000000000000 ) ) ;
#3641 = PLANE ( 'NONE',  #1740 ) ;
#3642 = EDGE_CURVE ( 'NONE', #3325, #1539, #2310, .T. ) ;
#3643 = VECTOR ( 'NONE', #113, 1000.000000000000000 ) ;
#3644 = DIRECTION ( 'NONE',  ( 0.000000000000000000, 1.224646799147353207E-16, -1.000000000000000000 ) ) ;
#3645 = DIRECTION ( 'NONE',  ( -1.000000000000000000, 0.000000000000000000, 1.908428413691174465E-16 ) ) ;
#3646 = ADVANCED_FACE ( 'NONE', ( #2882 ), #235, .T. ) ;
#3647 = VECTOR ( 'NONE', #41, 1000.000000000000000 ) ;
#3648 = ORIENTED_EDGE ( 'NONE', *, *, #1569, .F. ) ;
#3649 = DIRECTION ( 'NONE',  ( 0.000000000000000000, -2.413528314402514090E-16, 1.000000000000000000 ) ) ;
#3650 = CARTESIAN_POINT ( 'NONE',  ( -12225.00000000000182, -800.0000000000000000, -910.0000000000001137 ) ) ;
#3651 = DIRECTION ( 'NONE',  ( 0.9848077530122092416, 0.000000000000000000, -0.1736481776669237531 ) ) ;
#3652 = ADVANCED_FACE ( 'NONE', ( #3543 ), #3215, .T. ) ;
#3653 = DIRECTION ( 'NONE',  ( 1.000000000000000000, 0.000000000000000000, -1.908428413691174465E-16 ) ) ;
#3654 = ORIENTED_EDGE ( 'NONE', *, *, #1690, .F. ) ;
#3655 = ADVANCED_FACE ( 'NONE', ( #2547 ), #2383, .T. ) ;
#3656 = FACE_OUTER_BOUND ( 'NONE', #2125, .T. ) ;
#3657 = ORIENTED_EDGE ( 'NONE', *, *, #2566, .T. ) ;
#3658 = ORIENTED_EDGE ( 'NONE', *, *, #1392, .F. ) ;
#3659 = CIRCLE ( 'NONE', #2410, 277.7941176470602045 ) ;
#3660 = CARTESIAN_POINT ( 'NONE',  ( -14175.00000000000000, 875.0000000000000000, -980.0000000000001137 ) ) ;
#3661 = CARTESIAN_POINT ( 'NONE',  ( -2825.068018844486232, 0.000000000000000000, 5040.000000000000000 ) ) ;
#3662 = ORIENTED_EDGE ( 'NONE', *, *, #201, .F. ) ;
#3663 = VECTOR ( 'NONE', #3852, 1000.000000000000114 ) ;
#3664 = EDGE_CURVE ( 'NONE', #3474, #4062, #48, .T. ) ;
#3665 = CARTESIAN_POINT ( 'NONE',  ( -13680.00000000000000, 1950.712458671872810, -517.7941176470586697 ) ) ;
#3666 = DIRECTION ( 'NONE',  ( 0.000000000000000000, -2.413528314402514090E-16, 1.000000000000000000 ) ) ;
#3667 = VERTEX_POINT ( 'NONE', #2346 ) ;
#3668 = LINE ( 'NONE', #4271, #3457 ) ;
#3669 = ADVANCED_FACE ( 'NONE', ( #3360, #1379, #3406 ), #3771, .F. ) ;
#3670 = FACE_OUTER_BOUND ( 'NONE', #3732, .T. ) ;
#3671 = DIRECTION ( 'NONE',  ( -1.000000000000000000, -0.000000000000000000, 0.000000000000000000 ) ) ;
#3672 = VECTOR ( 'NONE', #1521, 1000.000000000000000 ) ;
#3673 = CARTESIAN_POINT ( 'NONE',  ( -2825.068018844486232, 0.000000000000000000, 5040.000000000000000 ) ) ;
#3674 = ORIENTED_EDGE ( 'NONE', *, *, #3715, .F. ) ;
#3675 = DIRECTION ( 'NONE',  ( 0.000000000000000000, 0.000000000000000000, -1.000000000000000000 ) ) ;
#3676 = CARTESIAN_POINT ( 'NONE',  ( -2.914659381970696526E-13, 1189.999999999998408, -960.0000000000002274 ) ) ;
#3677 = LINE ( 'NONE', #3704, #3396 ) ;
#3678 =( BOUNDED_CURVE ( )  B_SPLINE_CURVE ( 3, ( #3488, #3749, #825, #447 ),
 .UNSPECIFIED., .F., .T. ) 
 B_SPLINE_CURVE_WITH_KNOTS ( ( 4, 4 ),
 ( 1.284283745212837724, 1.335088666923594625 ),
 .UNSPECIFIED. ) 
 CURVE ( )  GEOMETRIC_REPRESENTATION_ITEM ( )  RATIONAL_B_SPLINE_CURVE ( ( 1.000000000000000000, 0.9997849165603801547, 0.9997849165603801547, 1.000000000000000000 ) ) 
 REPRESENTATION_ITEM ( '' )  );
#3679 = FACE_OUTER_BOUND ( 'NONE', #3897, .T. ) ;
#3680 = ORIENTED_EDGE ( 'NONE', *, *, #3341, .T. ) ;
#3681 = EDGE_CURVE ( 'NONE', #211, #1164, #3288, .T. ) ;
#3682 = ORIENTED_EDGE ( 'NONE', *, *, #1344, .T. ) ;
#3683 = ADVANCED_FACE ( 'NONE', ( #425 ), #805, .F. ) ;
#3684 = FACE_OUTER_BOUND ( 'NONE', #2680, .T. ) ;
#3685 = FACE_OUTER_BOUND ( 'NONE', #1855, .T. ) ;
#3686 = ORIENTED_EDGE ( 'NONE', *, *, #3044, .F. ) ;
#3687 = ORIENTED_EDGE ( 'NONE', *, *, #2135, .F. ) ;
#3688 = VECTOR ( 'NONE', #2328, 1000.000000000000000 ) ;
#3689 = VECTOR ( 'NONE', #265, 1000.000000000000000 ) ;
#3690 = DIRECTION ( 'NONE',  ( 0.000000000000000000, -4.827056628805028179E-16, 1.000000000000000000 ) ) ;
#3691 = ORIENTED_EDGE ( 'NONE', *, *, #1217, .F. ) ;
#3692 = EDGE_CURVE ( 'NONE', #1431, #669, #1279, .T. ) ;
#3693 = VERTEX_POINT ( 'NONE', #1752 ) ;
#3694 = CARTESIAN_POINT ( 'NONE',  ( -15744.66811761634744, -729.4021522441533989, -769.9999999999963620 ) ) ;
#3695 = LINE ( 'NONE', #398, #2893 ) ;
#3696 = CARTESIAN_POINT ( 'NONE',  ( -14588.56810139493791, -176.9719203373659866, -350.9999999999987494 ) ) ;
#3697 = PRODUCT_DEFINITION_SHAPE ( 'NONE', 'NONE',  #3370 ) ;
#3698 = EDGE_CURVE ( 'NONE', #1324, #1780, #524, .T. ) ;
#3699 = LINE ( 'NONE', #3331, #2553 ) ;
#3700 = EDGE_LOOP ( 'NONE', ( #3991, #1607, #4061, #4016, #4236, #4198 ) ) ;
#3701 = AXIS2_PLACEMENT_3D ( 'NONE', #2124, #479, #1799 ) ;
#3702 = VECTOR ( 'NONE', #2808, 1000.000000000000000 ) ;
#3703 = LINE ( 'NONE', #1446, #1490 ) ;
#3704 = CARTESIAN_POINT ( 'NONE',  ( 0.000000000000000000, 875.0000000000000000, -1140.000000000000227 ) ) ;
#3705 = CARTESIAN_POINT ( 'NONE',  ( -11700.00000000000182, -814.9999999999974989, -589.9999999999970441 ) ) ;
#3706 = ORIENTED_EDGE ( 'NONE', *, *, #2474, .T. ) ;
#3707 = ADVANCED_FACE ( 'NONE', ( #266 ), #2497, .F. ) ;
#3708 = VECTOR ( 'NONE', #2765, 1000.000000000000000 ) ;
#3709 = ORIENTED_EDGE ( 'NONE', *, *, #2059, .T. ) ;
#3710 = CARTESIAN_POINT ( 'NONE',  ( -10255.33188238365256, -176.9719203373659866, -350.9999999999987494 ) ) ;
#3711 = DIRECTION ( 'NONE',  ( 0.000000000000000000, 1.000000000000000000, 2.775557561563032853E-16 ) ) ;
#3712 = ORIENTED_EDGE ( 'NONE', *, *, #732, .T. ) ;
#3713 = VERTEX_POINT ( 'NONE', #1775 ) ;
#3714 = EDGE_CURVE ( 'NONE', #36, #1331, #4028, .T. ) ;
#3715 = EDGE_CURVE ( 'NONE', #1827, #2505, #2738, .T. ) ;
#3716 = CIRCLE ( 'NONE', #3223, 6000.000000000000000 ) ;
#3717 = CARTESIAN_POINT ( 'NONE',  ( -12100.00000000000182, -679.9999999999977263, -459.9999999999982947 ) ) ;
#3718 = AXIS2_PLACEMENT_3D ( 'NONE', #1034, #26, #2985 ) ;
#3719 = ORIENTED_EDGE ( 'NONE', *, *, #2148, .T. ) ;
#3720 = EDGE_LOOP ( 'NONE', ( #3135, #2479, #711, #443, #510, #2495, #292, #3879 ) ) ;
#3721 = FACE_OUTER_BOUND ( 'NONE', #3058, .T. ) ;
#3722 = CARTESIAN_POINT ( 'NONE',  ( -12320.00000000000000, -814.9999999999974989, -239.9999999999984368 ) ) ;
#3723 = LINE ( 'NONE', #1028, #229 ) ;
#3724 = AXIS2_PLACEMENT_3D ( 'NONE', #1123, #2491, #180 ) ;
#3725 = ORIENTED_EDGE ( 'NONE', *, *, #1802, .T. ) ;
#3726 = ORIENTED_EDGE ( 'NONE', *, *, #2050, .F. ) ;
#3727 = EDGE_CURVE ( 'NONE', #1340, #1643, #3703, .T. ) ;
#3728 = DIRECTION ( 'NONE',  ( 0.000000000000000000, 2.775557561563032853E-16, -1.000000000000000000 ) ) ;
#3729 = DIRECTION ( 'NONE',  ( 0.1736481776669235033, 0.000000000000000000, -0.9848077530122092416 ) ) ;
#3730 = CARTESIAN_POINT ( 'NONE',  ( -14588.56810139493791, -278.9021535255452022, -725.0000000000053433 ) ) ;
#3731 = CARTESIAN_POINT ( 'NONE',  ( -14345.46126534801260, -697.6074941491493746, -574.9998243529005322 ) ) ;
#3732 = EDGE_LOOP ( 'NONE', ( #1189, #3625, #1688, #983 ) ) ;
#3733 = VECTOR ( 'NONE', #2830, 1000.000000000000114 ) ;
#3734 = EDGE_CURVE ( 'NONE', #3530, #2550, #936, .T. ) ;
#3735 = CARTESIAN_POINT ( 'NONE',  ( -14588.56810139493791, 877.4999988432243754, -589.9999999999965894 ) ) ;
#3736 = LINE ( 'NONE', #3391, #2837 ) ;
#3737 = ORIENTED_EDGE ( 'NONE', *, *, #1913, .F. ) ;
#3738 = ORIENTED_EDGE ( 'NONE', *, *, #1626, .F. ) ;
#3739 = DIRECTION ( 'NONE',  ( 0.000000000000000000, -1.000000000000000000, -2.249385511977649118E-16 ) ) ;
#3740 = CARTESIAN_POINT ( 'NONE',  ( -10255.33188238365256, 176.9719203373657592, -350.9999999999987494 ) ) ;
#3741 = VECTOR ( 'NONE', #296, 1000.000000000000114 ) ;
#3742 = VERTEX_POINT ( 'NONE', #403 ) ;
#3743 = VECTOR ( 'NONE', #317, 1000.000000000000000 ) ;
#3744 = DIRECTION ( 'NONE',  ( 0.000000000000000000, -1.000000000000000000, -5.551115123125784674E-16 ) ) ;
#3745 = DIRECTION ( 'NONE',  ( -1.000000000000000000, 0.000000000000000000, -0.000000000000000000 ) ) ;
#3746 = CARTESIAN_POINT ( 'NONE',  ( -10255.33188238365256, 176.9719203373657592, -350.9999999999987494 ) ) ;
#3747 = EDGE_LOOP ( 'NONE', ( #1399, #3682, #78, #3300, #2533, #2582, #3995, #984, #1630, #678, #3932, #4282, #585, #117, #4300, #4269 ) ) ;
#3748 = ORIENTED_EDGE ( 'NONE', *, *, #737, .F. ) ;
#3749 = CARTESIAN_POINT ( 'NONE',  ( -12543.45001286962361, -715.1018965907420579, -582.5266689850967623 ) ) ;
#3750 = FACE_OUTER_BOUND ( 'NONE', #1437, .T. ) ;
#3751 = CIRCLE ( 'NONE', #2549, 460.0000000000000000 ) ;
#3752 = DIRECTION ( 'NONE',  ( -7.824144642581933777E-16, 2.775557561563032853E-16, -1.000000000000000000 ) ) ;
#3753 = CARTESIAN_POINT ( 'NONE',  ( -12541.24822945820597, 814.9999999999972715, -589.9999999999965894 ) ) ;
#3754 = EDGE_CURVE ( 'NONE', #621, #1162, #92, .T. ) ;
#3755 = VECTOR ( 'NONE', #2727, 1000.000000000000000 ) ;
#3756 = ORIENTED_EDGE ( 'NONE', *, *, #2742, .T. ) ;
#3757 =( GEOMETRIC_REPRESENTATION_CONTEXT ( 3 ) GLOBAL_UNCERTAINTY_ASSIGNED_CONTEXT ( ( #699 ) ) GLOBAL_UNIT_ASSIGNED_CONTEXT ( ( #2748, #1108, #1798 ) ) REPRESENTATION_CONTEXT ( 'NONE', 'WORKASPACE' ) );
#3758 = FACE_OUTER_BOUND ( 'NONE', #3366, .T. ) ;
#3759 = FACE_OUTER_BOUND ( 'NONE', #2854, .T. ) ;
#3760 = VERTEX_POINT ( 'NONE', #3048 ) ;
#3761 = ADVANCED_FACE ( 'NONE', ( #71 ), #3005, .F. ) ;
#3762 = CARTESIAN_POINT ( 'NONE',  ( -11700.00000000000182, 814.9999999999972715, -589.9999999999965894 ) ) ;
#3763 = EDGE_LOOP ( 'NONE', ( #3812, #1378 ) ) ;
#3764 = CARTESIAN_POINT ( 'NONE',  ( -15744.66811761634744, 814.9999999999974989, -769.9999999999959073 ) ) ;
#3765 = CYLINDRICAL_SURFACE ( 'NONE', #127, 277.7941176470602045 ) ;
#3766 = SHAPE_DEFINITION_REPRESENTATION ( #4274, #4012 ) ;
#3767 = DIRECTION ( 'NONE',  ( 0.000000000000000000, 0.000000000000000000, 1.000000000000000000 ) ) ;
#3768 = ORIENTED_EDGE ( 'NONE', *, *, #193, .T. ) ;
#3769 = ORIENTED_EDGE ( 'NONE', *, *, #1442, .T. ) ;
#3770 = CARTESIAN_POINT ( 'NONE',  ( -13560.14709064066847, 729.4021522441533989, -769.9999999999959073 ) ) ;
#3771 = PLANE ( 'NONE',  #4252 ) ;
#3772 = DIRECTION ( 'NONE',  ( -1.000000000000000000, -0.000000000000000000, -0.000000000000000000 ) ) ;
#3773 = EDGE_LOOP ( 'NONE', ( #2729, #3967, #3847, #3961 ) ) ;
#3774 = CIRCLE ( 'NONE', #2857, 6000.000000000000000 ) ;
#3775 = VERTEX_POINT ( 'NONE', #2714 ) ;
#3776 = LINE ( 'NONE', #1497, #2753 ) ;
#3777 = CARTESIAN_POINT ( 'NONE',  ( -13454.53873465198922, 697.6074941491500567, -574.9998243529004185 ) ) ;
#3778 = DIRECTION ( 'NONE',  ( -0.000000000000000000, -1.000000000000000000, -3.301729611148416588E-16 ) ) ;
#3779 = ORIENTED_EDGE ( 'NONE', *, *, #3971, .F. ) ;
#3780 = AXIS2_PLACEMENT_3D ( 'NONE', #3890, #917, #1886 ) ;
#3781 = AXIS2_PLACEMENT_3D ( 'NONE', #4191, #1493, #184 ) ;
#3782 = ADVANCED_FACE ( 'NONE', ( #3750 ), #4053, .F. ) ;
#3783 = DIRECTION ( 'NONE',  ( 0.000000000000000000, -1.000000000000000000, 0.000000000000000000 ) ) ;
#3784 = CARTESIAN_POINT ( 'NONE',  ( -13680.00000000000000, 814.9999999999972715, -517.7941176470590108 ) ) ;
#3785 = ORIENTED_EDGE ( 'NONE', *, *, #3273, .F. ) ;
#3786 = EDGE_LOOP ( 'NONE', ( #1951, #658, #1184, #915 ) ) ;
#3787 = DIRECTION ( 'NONE',  ( -0.000000000000000000, -1.000000000000000000, -0.000000000000000000 ) ) ;
#3788 = VECTOR ( 'NONE', #2593, 1000.000000000000000 ) ;
#3789 = EDGE_CURVE ( 'NONE', #2023, #2803, #2091, .T. ) ;
#3790 = DIRECTION ( 'NONE',  ( 0.000000000000000000, 1.000000000000000000, 2.249385511977649118E-16 ) ) ;
#3791 = DIRECTION ( 'NONE',  ( 0.000000000000000000, -2.249385511977649118E-16, 1.000000000000000000 ) ) ;
#3792 = DIRECTION ( 'NONE',  ( 1.000000000000000000, 0.000000000000000000, 0.000000000000000000 ) ) ;
#3793 = EDGE_LOOP ( 'NONE', ( #2834, #3162, #1104, #225, #1877, #2679, #380, #1240, #3882 ) ) ;
#3794 = VECTOR ( 'NONE', #221, 1000.000000000000000 ) ;
#3795 = CARTESIAN_POINT ( 'NONE',  ( -12320.00000000000000, -1077.499998843224603, -239.9999999999985505 ) ) ;
#3796 = ADVANCED_FACE ( 'NONE', ( #1124 ), #2435, .F. ) ;
#3797 = DIRECTION ( 'NONE',  ( 1.000000000000000000, 0.000000000000000000, -0.000000000000000000 ) ) ;
#3798 = ORIENTED_EDGE ( 'NONE', *, *, #3871, .F. ) ;
#3799 = CARTESIAN_POINT ( 'NONE',  ( -13499.99999999999818, -1950.712458671873037, -306.2059048389994587 ) ) ;
#3800 = CARTESIAN_POINT ( 'NONE',  ( -11700.00000000000182, 1950.712458671872810, -589.9999999999963620 ) ) ;
#3801 = FACE_OUTER_BOUND ( 'NONE', #3839, .T. ) ;
#3802 = ORIENTED_EDGE ( 'NONE', *, *, #182, .T. ) ;
#3803 = CARTESIAN_POINT ( 'NONE',  ( 0.000000000000000000, 875.0000000000000000, -1060.000000000000000 ) ) ;
#3804 = ORIENTED_EDGE ( 'NONE', *, *, #1703, .T. ) ;
#3805 = ADVANCED_FACE ( 'NONE', ( #459 ), #2104, .F. ) ;
#3806 = CYLINDRICAL_SURFACE ( 'NONE', #1782, 6000.000000000000000 ) ;
#3807 = VECTOR ( 'NONE', #2018, 1000.000000000000000 ) ;
#3808 = CARTESIAN_POINT ( 'NONE',  ( -11760.14709064067210, 814.9999999999974989, -769.9999999999959073 ) ) ;
#3809 = CARTESIAN_POINT ( 'NONE',  ( -1950.000000000000682, 800.0000000000000000, -910.0000000000001137 ) ) ;
#3810 = CIRCLE ( 'NONE', #484, 460.0000000000000000 ) ;
#3811 = ADVANCED_FACE ( 'NONE', ( #1135 ), #2149, .F. ) ;
#3812 = ORIENTED_EDGE ( 'NONE', *, *, #1769, .T. ) ;
#3813 = CARTESIAN_POINT ( 'NONE',  ( -14795.00000000000000, 875.0000000000001137, -1060.000000000000000 ) ) ;
#3814 = DIRECTION ( 'NONE',  ( 0.000000000000000000, -0.9185881544472646043, -0.3952161465694035702 ) ) ;
#3815 = DIRECTION ( 'NONE',  ( 1.000000000000000000, 0.000000000000000000, 0.000000000000000000 ) ) ;
#3816 = AXIS2_PLACEMENT_3D ( 'NONE', #1249, #2552, #2235 ) ;
#3817 = EDGE_LOOP ( 'NONE', ( #3208, #2712, #1172, #4253 ) ) ;
#3818 = DIRECTION ( 'NONE',  ( 1.000000000000000000, -0.000000000000000000, 0.000000000000000000 ) ) ;
#3819 = LINE ( 'NONE', #2078, #3605 ) ;
#3820 = CARTESIAN_POINT ( 'NONE',  ( -11880.00000000000182, -1950.712458671873037, -239.9999999999987779 ) ) ;
#3821 = ORIENTED_EDGE ( 'NONE', *, *, #2190, .F. ) ;
#3822 = AXIS2_PLACEMENT_3D ( 'NONE', #3960, #1053, #1636 ) ;
#3823 = CIRCLE ( 'NONE', #1941, 460.0000000000001137 ) ;
#3824 = EDGE_CURVE ( 'NONE', #2114, #726, #2423, .T. ) ;
#3825 = CARTESIAN_POINT ( 'NONE',  ( -10255.33188238365256, -1077.499998843224375, -589.9999999999971578 ) ) ;
#3826 = CARTESIAN_POINT ( 'NONE',  ( -13680.00000000000000, -1950.712458671872810, -517.7941176470596929 ) ) ;
#3827 = PLANE ( 'NONE',  #1794 ) ;
#3828 = CARTESIAN_POINT ( 'NONE',  ( -14175.00000000000000, -1190.000000000001592, -960.0000000000002274 ) ) ;
#3829 = LINE ( 'NONE', #1789, #2861 ) ;
#3830 = ORIENTED_EDGE ( 'NONE', *, *, #2474, .F. ) ;
#3831 = ORIENTED_EDGE ( 'NONE', *, *, #1605, .F. ) ;
#3832 = CARTESIAN_POINT ( 'NONE',  ( -13558.65641272664834, 713.0416965694201963, -768.3657702387152995 ) ) ;
#3833 = AXIS2_PLACEMENT_3D ( 'NONE', #2260, #3592, #2960 ) ;
#3834 = EDGE_CURVE ( 'NONE', #1922, #1565, #1481, .T. ) ;
#3835 = LINE ( 'NONE', #2470, #2540 ) ;
#3836 = ORIENTED_EDGE ( 'NONE', *, *, #2916, .F. ) ;
#3837 = CARTESIAN_POINT ( 'NONE',  ( -14588.56810139493791, -732.4719190560189190, -589.9999999999970441 ) ) ;
#3838 = FACE_OUTER_BOUND ( 'NONE', #218, .T. ) ;
#3839 = EDGE_LOOP ( 'NONE', ( #1777, #456, #2100, #3018 ) ) ;
#3840 = VECTOR ( 'NONE', #2637, 1000.000000000000000 ) ;
#3841 = AXIS2_PLACEMENT_3D ( 'NONE', #1218, #1909, #610 ) ;
#3842 = AXIS2_PLACEMENT_3D ( 'NONE', #1532, #1571, #1226 ) ;
#3843 = EDGE_CURVE ( 'NONE', #598, #3397, #2039, .T. ) ;
#3844 = AXIS2_PLACEMENT_3D ( 'NONE', #2451, #4147, #3870 ) ;
#3845 = ADVANCED_FACE ( 'NONE', ( #3129 ), #190, .T. ) ;
#3846 = DIRECTION ( 'NONE',  ( 0.000000000000000000, 1.000000000000000000, 2.249385511977649118E-16 ) ) ;
#3847 = ORIENTED_EDGE ( 'NONE', *, *, #461, .F. ) ;
#3848 = CARTESIAN_POINT ( 'NONE',  ( -12320.00000000000000, -1077.499998843224375, -517.7941176470594655 ) ) ;
#3849 = DIRECTION ( 'NONE',  ( 0.000000000000000000, 1.000000000000000000, 3.301729611148416588E-16 ) ) ;
#3850 = CARTESIAN_POINT ( 'NONE',  ( -14175.00000000000000, 1189.999999999997954, -960.0000000000002274 ) ) ;
#3851 = EDGE_CURVE ( 'NONE', #1643, #4277, #345, .T. ) ;
#3852 = DIRECTION ( 'NONE',  ( 0.000000000000000000, -0.9901138386947148096, 0.1402661271484180183 ) ) ;
#3853 = DIRECTION ( 'NONE',  ( -1.000000000000000000, 0.000000000000000000, 0.000000000000000000 ) ) ;
#3854 = ORIENTED_EDGE ( 'NONE', *, *, #2234, .T. ) ;
#3855 = EDGE_CURVE ( 'NONE', #2603, #2273, #502, .T. ) ;
#3856 = LINE ( 'NONE', #4098, #543 ) ;
#3857 = DIRECTION ( 'NONE',  ( 0.000000000000000000, 0.000000000000000000, 1.000000000000000000 ) ) ;
#3858 = CARTESIAN_POINT ( 'NONE',  ( -14175.00000000000000, 1189.999999999997954, -960.0000000000002274 ) ) ;
#3859 = PLANE ( 'NONE',  #1763 ) ;
#3860 = VERTEX_POINT ( 'NONE', #1157 ) ;
#3861 = AXIS2_PLACEMENT_3D ( 'NONE', #2799, #2426, #3744 ) ;
#3862 = EDGE_LOOP ( 'NONE', ( #3278, #3658, #2697, #3409 ) ) ;
#3863 = EDGE_CURVE ( 'NONE', #621, #3298, #102, .T. ) ;
#3864 = CARTESIAN_POINT ( 'NONE',  ( 0.000000000000000000, 875.0000000000000000, -1140.000000000000227 ) ) ;
#3865 = EDGE_CURVE ( 'NONE', #2211, #1321, #3126, .T. ) ;
#3866 = VECTOR ( 'NONE', #830, 1000.000000000000000 ) ;
#3867 = AXIS2_PLACEMENT_3D ( 'NONE', #2601, #993, #2912 ) ;
#3868 = FACE_OUTER_BOUND ( 'NONE', #2539, .T. ) ;
#3869 = ORIENTED_EDGE ( 'NONE', *, *, #1996, .F. ) ;
#3870 = DIRECTION ( 'NONE',  ( 0.000000000000000000, -1.000000000000000000, -2.775557561563032853E-16 ) ) ;
#3871 = EDGE_CURVE ( 'NONE', #3633, #598, #230, .T. ) ;
#3872 = ORIENTED_EDGE ( 'NONE', *, *, #2890, .F. ) ;
#3873 = CARTESIAN_POINT ( 'NONE',  ( -13899.99999999999818, 814.9999999999974989, -909.9999999999982947 ) ) ;
#3874 = FACE_OUTER_BOUND ( 'NONE', #2638, .T. ) ;
#3875 = CARTESIAN_POINT ( 'NONE',  ( -11654.53873465198922, 697.6074941491493746, -574.9998243529000774 ) ) ;
#3876 = DIRECTION ( 'NONE',  ( 0.000000000000000000, -1.000000000000000000, -3.301729611148416588E-16 ) ) ;
#3877 = AXIS2_PLACEMENT_3D ( 'NONE', #2428, #1807, #3090 ) ;
#3878 = ORIENTED_EDGE ( 'NONE', *, *, #253, .T. ) ;
#3879 = ORIENTED_EDGE ( 'NONE', *, *, #309, .T. ) ;
#3880 = DIRECTION ( 'NONE',  ( -1.000000000000000000, 0.000000000000000000, 0.000000000000000000 ) ) ;
#3881 = PLANE ( 'NONE',  #2907 ) ;
#3882 = ORIENTED_EDGE ( 'NONE', *, *, #151, .F. ) ;
#3883 = ADVANCED_FACE ( 'NONE', ( #2208 ), #3536, .T. ) ;
#3884 = ORIENTED_EDGE ( 'NONE', *, *, #2183, .T. ) ;
#3885 = CARTESIAN_POINT ( 'NONE',  ( 0.000000000000000000, 0.000000000000000000, -1160.000000000000227 ) ) ;
#3886 = LINE ( 'NONE', #4161, #2352 ) ;
#3887 = VERTEX_POINT ( 'NONE', #1216 ) ;
#3888 = VECTOR ( 'NONE', #835, 1000.000000000000000 ) ;
#3889 = ADVANCED_FACE ( 'NONE', ( #4226 ), #2563, .T. ) ;
#3890 = CARTESIAN_POINT ( 'NONE',  ( -12100.00000000000182, -679.9999999999977263, -909.9999999999982947 ) ) ;
#3891 = ORIENTED_EDGE ( 'NONE', *, *, #309, .F. ) ;
#3892 = CARTESIAN_POINT ( 'NONE',  ( -13000.00000000000000, 4.163336342343557632E-15, -725.0000000000050022 ) ) ;
#3893 = CARTESIAN_POINT ( 'NONE',  ( -1950.000000000000682, 800.0000000000000000, -910.0000000000001137 ) ) ;
#3894 = CARTESIAN_POINT ( 'NONE',  ( -14175.00000000000000, 1189.999999999997954, -960.0000000000002274 ) ) ;
#3895 = CARTESIAN_POINT ( 'NONE',  ( -11880.00000000000182, 814.9999999999970441, -239.9999999999979821 ) ) ;
#3896 = EDGE_CURVE ( 'NONE', #2095, #3616, #1280, .T. ) ;
#3897 = EDGE_LOOP ( 'NONE', ( #1489, #3706, #1519, #3034 ) ) ;
#3898 = ORIENTED_EDGE ( 'NONE', *, *, #3252, .F. ) ;
#3899 = EDGE_CURVE ( 'NONE', #1301, #1910, #271, .T. ) ;
#3900 = DIRECTION ( 'NONE',  ( 1.000000000000000000, 0.000000000000000000, 0.000000000000000000 ) ) ;
#3901 = DIRECTION ( 'NONE',  ( -1.000000000000000000, -2.220446049250312834E-16, -1.154631945610162644E-14 ) ) ;
#3902 = DIRECTION ( 'NONE',  ( 1.000000000000000000, 0.000000000000000000, 0.000000000000000000 ) ) ;
#3903 = DIRECTION ( 'NONE',  ( 0.000000000000000000, -1.000000000000000000, -5.551115123125784674E-16 ) ) ;
#3904 = VERTEX_POINT ( 'NONE', #874 ) ;
#3905 = EDGE_LOOP ( 'NONE', ( #3854, #3934, #282, #1127, #1931, #1544 ) ) ;
#3906 = FACE_OUTER_BOUND ( 'NONE', #3773, .T. ) ;
#3907 = DIRECTION ( 'NONE',  ( 0.000000000000000000, 1.000000000000000000, 3.301729611148416588E-16 ) ) ;
#3908 = VECTOR ( 'NONE', #2028, 1000.000000000000000 ) ;
#3909 = CIRCLE ( 'NONE', #1898, 79.99999999999995737 ) ;
#3910 = EDGE_CURVE ( 'NONE', #2176, #2604, #2833, .T. ) ;
#3911 = CARTESIAN_POINT ( 'NONE',  ( -13680.00000000000000, -814.9999999999974989, -239.9999999999984368 ) ) ;
#3912 = VERTEX_POINT ( 'NONE', #3864 ) ;
#3913 = VECTOR ( 'NONE', #1764, 1000.000000000000000 ) ;
#3914 = EDGE_LOOP ( 'NONE', ( #2874, #1916, #750, #1132 ) ) ;
#3915 = PLANE ( 'NONE',  #1286 ) ;
#3916 = EDGE_CURVE ( 'NONE', #934, #3144, #1594, .T. ) ;
#3917 = CARTESIAN_POINT ( 'NONE',  ( -13499.99999999999818, -1077.499998843224603, -306.2059048389990039 ) ) ;
#3918 = CARTESIAN_POINT ( 'NONE',  ( -265.1845289799109082, -1190.000000000001592, -1503.936198047713333 ) ) ;
#3919 = ORIENTED_EDGE ( 'NONE', *, *, #622, .T. ) ;
#3920 = VERTEX_POINT ( 'NONE', #1883 ) ;
#3921 = EDGE_CURVE ( 'NONE', #1297, #3114, #3886, .T. ) ;
#3922 = CARTESIAN_POINT ( 'NONE',  ( -12541.24822945820597, -1054.999999999997499, -589.9999999999971578 ) ) ;
#3923 = CARTESIAN_POINT ( 'NONE',  ( 0.000000000000000000, -875.0000000000000000, -1140.000000000000227 ) ) ;
#3924 = CARTESIAN_POINT ( 'NONE',  ( -14791.79486355016888, -875.0000000000000000, -1060.000000000000000 ) ) ;
#3925 = ORIENTED_EDGE ( 'NONE', *, *, #3933, .F. ) ;
#3926 = ADVANCED_FACE ( 'NONE', ( #545 ), #3580, .F. ) ;
#3927 = EDGE_LOOP ( 'NONE', ( #4294, #1054, #88, #873, #2862 ) ) ;
#3928 = CARTESIAN_POINT ( 'NONE',  ( -14299.99999999999818, 814.9999999999972715, -589.9999999999965894 ) ) ;
#3929 = ORIENTED_EDGE ( 'NONE', *, *, #63, .F. ) ;
#3930 = VECTOR ( 'NONE', #2179, 1000.000000000000000 ) ;
#3931 = DIRECTION ( 'NONE',  ( 0.000000000000000000, -1.000000000000000000, -2.775557561563032853E-16 ) ) ;
#3932 = ORIENTED_EDGE ( 'NONE', *, *, #2953, .F. ) ;
#3933 = EDGE_CURVE ( 'NONE', #648, #3616, #3248, .T. ) ;
#3934 = ORIENTED_EDGE ( 'NONE', *, *, #636, .T. ) ;
#3935 = DIRECTION ( 'NONE',  ( 0.000000000000000000, -4.827056628805028179E-16, 1.000000000000000000 ) ) ;
#3936 = CARTESIAN_POINT ( 'NONE',  ( 0.000000000000000000, -875.0000000000000000, -980.0000000000001137 ) ) ;
#3937 = DIRECTION ( 'NONE',  ( 1.000000000000000000, 0.000000000000000000, 0.000000000000000000 ) ) ;
#3938 = DIRECTION ( 'NONE',  ( 7.824144642581933777E-16, 2.775557561563032853E-16, -1.000000000000000000 ) ) ;
#3939 = ADVANCED_FACE ( 'NONE', ( #957 ), #3517, .F. ) ;
#3940 = ORIENTED_EDGE ( 'NONE', *, *, #3727, .T. ) ;
#3941 = PLANE ( 'NONE',  #2983 ) ;
#3942 = EDGE_LOOP ( 'NONE', ( #842, #1696, #2007, #4104 ) ) ;
#3943 = CARTESIAN_POINT ( 'NONE',  ( -13795.00000000000000, 875.0000000000000000, -1060.000000000000000 ) ) ;
#3944 = DIRECTION ( 'NONE',  ( 1.000000000000000000, -0.000000000000000000, -0.000000000000000000 ) ) ;
#3945 = ORIENTED_EDGE ( 'NONE', *, *, #1926, .T. ) ;
#3946 = CIRCLE ( 'NONE', #1727, 6000.000000000000000 ) ;
#3947 = ORIENTED_EDGE ( 'NONE', *, *, #2763, .T. ) ;
#3948 = LINE ( 'NONE', #4225, #57 ) ;
#3949 = DIRECTION ( 'NONE',  ( -0.000000000000000000, -1.000000000000000000, -2.775557561563032853E-16 ) ) ;
#3950 = VERTEX_POINT ( 'NONE', #1540 ) ;
#3951 = CARTESIAN_POINT ( 'NONE',  ( -14299.99999999999818, -1077.499998843224375, -589.9999999999971578 ) ) ;
#3952 = DIRECTION ( 'NONE',  ( 0.000000000000000000, 1.000000000000000000, 3.301729611148416588E-16 ) ) ;
#3953 = VERTEX_POINT ( 'NONE', #3188 ) ;
#3954 = COLOUR_RGB ( '',0.7921568627450980005, 0.8196078431372548767, 0.9333333333333333481 ) ;
#3955 = ORIENTED_EDGE ( 'NONE', *, *, #274, .F. ) ;
#3956 = DIRECTION ( 'NONE',  ( -1.000000000000000000, 0.000000000000000000, 0.000000000000000000 ) ) ;
#3957 = DIRECTION ( 'NONE',  ( 0.000000000000000000, -1.000000000000000000, -0.000000000000000000 ) ) ;
#3958 = DIRECTION ( 'NONE',  ( 0.000000000000000000, 1.000000000000000000, 3.301729611148416588E-16 ) ) ;
#3959 = CARTESIAN_POINT ( 'NONE',  ( -11700.00000000000182, 1077.499998843224375, -589.9999999999964757 ) ) ;
#3960 = CARTESIAN_POINT ( 'NONE',  ( -14175.00000000000000, 875.0000000000000000, -1060.000000000000000 ) ) ;
#3961 = ORIENTED_EDGE ( 'NONE', *, *, #4107, .F. ) ;
#3962 = EDGE_CURVE ( 'NONE', #2321, #2784, #1045, .T. ) ;
#3963 = CARTESIAN_POINT ( 'NONE',  ( 616.7948635501689978, -875.0000000000000000, -980.0000000000001137 ) ) ;
#3964 = CARTESIAN_POINT ( 'NONE',  ( -10255.33188238365256, -278.9021535255452022, -725.0000000000053433 ) ) ;
#3965 = ORIENTED_EDGE ( 'NONE', *, *, #1194, .F. ) ;
#3966 = VECTOR ( 'NONE', #402, 1000.000000000000000 ) ;
#3967 = ORIENTED_EDGE ( 'NONE', *, *, #1720, .F. ) ;
#3968 = EDGE_CURVE ( 'NONE', #2778, #408, #1905, .T. ) ;
#3969 = CARTESIAN_POINT ( 'NONE',  ( -10255.33188238365256, -278.9021535255452022, -725.0000000000053433 ) ) ;
#3970 = DIRECTION ( 'NONE',  ( 7.824144642581933777E-16, -2.775557561563032853E-16, 1.000000000000000000 ) ) ;
#3971 = EDGE_CURVE ( 'NONE', #4176, #2639, #1195, .T. ) ;
#3972 = LINE ( 'NONE', #2041, #2207 ) ;
#3973 = DIRECTION ( 'NONE',  ( 0.000000000000000000, 0.000000000000000000, 1.000000000000000000 ) ) ;
#3974 = EDGE_LOOP ( 'NONE', ( #326, #1121, #2136, #2982, #3250 ) ) ;
#3975 = AXIS2_PLACEMENT_3D ( 'NONE', #702, #1109, #3645 ) ;
#3976 = VERTEX_POINT ( 'NONE', #3928 ) ;
#3977 = CARTESIAN_POINT ( 'NONE',  ( -10255.33188238365256, 732.4719190560189190, -589.9999999999965894 ) ) ;
#3978 = LINE ( 'NONE', #3021, #3807 ) ;
#3979 = PRODUCT_DEFINITION_FORMATION_WITH_SPECIFIED_SOURCE ( 'TUTTO', '', #684, .NOT_KNOWN. ) ;
#3980 = VECTOR ( 'NONE', #2314, 1000.000000000000000 ) ;
#3981 = AXIS2_PLACEMENT_3D ( 'NONE', #2272, #3608, #331 ) ;
#3982 = DIRECTION ( 'NONE',  ( -0.000000000000000000, 2.775557561563032853E-16, -1.000000000000000000 ) ) ;
#3983 = DIRECTION ( 'NONE',  ( 0.000000000000000000, -0.9854601157443478865, -0.1699069165076472210 ) ) ;
#3984 = ORIENTED_EDGE ( 'NONE', *, *, #3421, .F. ) ;
#3985 = CARTESIAN_POINT ( 'NONE',  ( -5576.316527040903566, 1189.999999999998408, -660.0000000000007958 ) ) ;
#3986 = ORIENTED_EDGE ( 'NONE', *, *, #33, .T. ) ;
#3987 = EDGE_CURVE ( 'NONE', #3887, #870, #3600, .T. ) ;
#3988 = ORIENTED_EDGE ( 'NONE', *, *, #1087, .F. ) ;
#3989 = DIRECTION ( 'NONE',  ( 1.000000000000000000, 3.700743415417188263E-17, 0.000000000000000000 ) ) ;
#3990 = DIRECTION ( 'NONE',  ( 0.000000000000000000, 1.000000000000000000, 3.301729611148416588E-16 ) ) ;
#3991 = ORIENTED_EDGE ( 'NONE', *, *, #3501, .F. ) ;
#3992 = EDGE_CURVE ( 'NONE', #2778, #408, #3751, .T. ) ;
#3993 = CARTESIAN_POINT ( 'NONE',  ( -11611.43189860506391, -877.4999988432243754, -769.9999999999963620 ) ) ;
#3994 = DIRECTION ( 'NONE',  ( 0.000000000000000000, -0.9901138386947148096, -0.1402661271484180183 ) ) ;
#3995 = ORIENTED_EDGE ( 'NONE', *, *, #1361, .T. ) ;
#3996 = ORIENTED_EDGE ( 'NONE', *, *, #4262, .T. ) ;
#3997 = CARTESIAN_POINT ( 'NONE',  ( -12442.82243898500201, -696.5740269077365383, -766.7208309781531170 ) ) ;
#3998 = PLANE ( 'NONE',  #1581 ) ;
#3999 = DIRECTION ( 'NONE',  ( 0.000000000000000000, 2.775557561563032853E-16, -1.000000000000000000 ) ) ;
#4000 = CARTESIAN_POINT ( 'NONE',  ( -2350.000000000000455, 899.9999999999998863, -910.0000000000001137 ) ) ;
#4001 = CARTESIAN_POINT ( 'NONE',  ( -11825.00000000000182, -1189.999999999998408, -960.0000000000002274 ) ) ;
#4002 = ORIENTED_EDGE ( 'NONE', *, *, #1021, .T. ) ;
#4003 = VECTOR ( 'NONE', #689, 1000.000000000000000 ) ;
#4004 = CARTESIAN_POINT ( 'NONE',  ( -14175.00000000000000, 875.0000000000000000, -1060.000000000000000 ) ) ;
#4005 = DIRECTION ( 'NONE',  ( -7.824144642581933777E-16, -2.775557561563032853E-16, 1.000000000000000000 ) ) ;
#4006 = CARTESIAN_POINT ( 'NONE',  ( -13499.99999999999818, -814.9999999999974989, -589.9999999999970441 ) ) ;
#4007 = SURFACE_STYLE_USAGE ( .BOTH. , #312 ) ;
#4008 = DIRECTION ( 'NONE',  ( -3.132904478660053556E-17, 1.000000000000000000, -0.000000000000000000 ) ) ;
#4009 = ORIENTED_EDGE ( 'NONE', *, *, #2220, .F. ) ;
#4010 = ORIENTED_EDGE ( 'NONE', *, *, #2110, .F. ) ;
#4011 = AXIS2_PLACEMENT_3D ( 'NONE', #2065, #752, #330 ) ;
#4012 = SHAPE_REPRESENTATION ( 'WagonPlane_40ft_MediumDetailed', ( #2984 ), #143 ) ;
#4013 = DIRECTION ( 'NONE',  ( -1.000000000000000000, -0.000000000000000000, 0.000000000000000000 ) ) ;
#4014 = EDGE_CURVE ( 'NONE', #2852, #4250, #3033, .T. ) ;
#4015 = CARTESIAN_POINT ( 'NONE',  ( -12320.00000000000000, 814.9999999999972715, -239.9999999999979821 ) ) ;
#4016 = ORIENTED_EDGE ( 'NONE', *, *, #1528, .F. ) ;
#4017 = VECTOR ( 'NONE', #1634, 1000.000000000000000 ) ;
#4018 = EDGE_CURVE ( 'NONE', #4176, #306, #1252, .T. ) ;
#4019 = DIRECTION ( 'NONE',  ( 0.000000000000000000, 2.775557561563032853E-16, -1.000000000000000000 ) ) ;
#4020 = PLANE ( 'NONE',  #2323 ) ;
#4021 = CARTESIAN_POINT ( 'NONE',  ( -14791.79486355016888, 875.0000000000000000, -1060.000000000000000 ) ) ;
#4022 = CARTESIAN_POINT ( 'NONE',  ( -11880.00000000000182, -814.9999999999974989, -239.9999999999984368 ) ) ;
#4023 = AXIS2_PLACEMENT_3D ( 'NONE', #3803, #2728, #150 ) ;
#4024 = CARTESIAN_POINT ( 'NONE',  ( -9640.572538960639577, 1189.999999999998408, -751.1534819267452576 ) ) ;
#4025 = ORIENTED_EDGE ( 'NONE', *, *, #1569, .T. ) ;
#4026 = AXIS2_PLACEMENT_3D ( 'NONE', #3858, #1596, #4240 ) ;
#4027 = EDGE_CURVE ( 'NONE', #3114, #3912, #2152, .T. ) ;
#4028 = LINE ( 'NONE', #382, #1622 ) ;
#4029 = LINE ( 'NONE', #1056, #197 ) ;
#4030 = DIRECTION ( 'NONE',  ( 1.000000000000000000, 3.700743415417188263E-17, 0.000000000000000000 ) ) ;
#4031 = ORIENTED_EDGE ( 'NONE', *, *, #1802, .F. ) ;
#4032 = VERTEX_POINT ( 'NONE', #1624 ) ;
#4033 = ADVANCED_FACE ( 'NONE', ( #343 ), #1320, .T. ) ;
#4034 = LINE ( 'NONE', #3660, #3489 ) ;
#4035 = CARTESIAN_POINT ( 'NONE',  ( 616.7948635501689978, -875.0000000000000000, -1060.000000000000000 ) ) ;
#4036 = ORIENTED_EDGE ( 'NONE', *, *, #1165, .T. ) ;
#4037 = VERTEX_POINT ( 'NONE', #2009 ) ;
#4038 = VECTOR ( 'NONE', #2096, 1000.000000000000000 ) ;
#4039 = DIRECTION ( 'NONE',  ( 1.000000000000000000, 0.000000000000000000, 0.000000000000000000 ) ) ;
#4040 = ORIENTED_EDGE ( 'NONE', *, *, #2494, .F. ) ;
#4041 = EDGE_CURVE ( 'NONE', #674, #1297, #2276, .T. ) ;
#4042 = LINE ( 'NONE', #3481, #882 ) ;
#4043 = DIRECTION ( 'NONE',  ( -1.000000000000000000, -3.132904478660053556E-17, -0.000000000000000000 ) ) ;
#4044 = DIRECTION ( 'NONE',  ( -1.000000000000000000, 0.000000000000000000, 0.000000000000000000 ) ) ;
#4045 = LINE ( 'NONE', #4022, #2036 ) ;
#4046 = VECTOR ( 'NONE', #500, 1000.000000000000000 ) ;
#4047 = ORIENTED_EDGE ( 'NONE', *, *, #1448, .F. ) ;
#4048 = EDGE_CURVE ( 'NONE', #783, #3474, #3013, .T. ) ;
#4049 = ORIENTED_EDGE ( 'NONE', *, *, #4124, .F. ) ;
#4050 = AXIS2_PLACEMENT_3D ( 'NONE', #1876, #554, #1150 ) ;
#4051 = AXIS2_PLACEMENT_3D ( 'NONE', #1250, #2556, #924 ) ;
#4052 = CARTESIAN_POINT ( 'NONE',  ( -3866.957084846029375, 989.9999999999982947, -868.8465180732544013 ) ) ;
#4053 = PLANE ( 'NONE',  #2726 ) ;
#4054 = CARTESIAN_POINT ( 'NONE',  ( -13458.75177054179403, -814.9999999999974989, -589.9999999999970441 ) ) ;
#4055 = DIRECTION ( 'NONE',  ( -0.000000000000000000, 1.000000000000000000, 2.249385511977649118E-16 ) ) ;
#4056 = ORIENTED_EDGE ( 'NONE', *, *, #3692, .F. ) ;
#4057 = VECTOR ( 'NONE', #1423, 1000.000000000000000 ) ;
#4058 = ORIENTED_EDGE ( 'NONE', *, *, #4097, .F. ) ;
#4059 = DIRECTION ( 'NONE',  ( 1.000000000000000000, -0.000000000000000000, -0.000000000000000000 ) ) ;
#4060 = DIRECTION ( 'NONE',  ( 1.000000000000000000, 0.000000000000000000, 0.000000000000000000 ) ) ;
#4061 = ORIENTED_EDGE ( 'NONE', *, *, #2394, .F. ) ;
#4062 = VERTEX_POINT ( 'NONE', #3343 ) ;
#4063 = DIRECTION ( 'NONE',  ( -1.000000000000000000, 0.000000000000000000, 0.000000000000000000 ) ) ;
#4064 = ORIENTED_EDGE ( 'NONE', *, *, #3460, .T. ) ;
#4065 = FACE_OUTER_BOUND ( 'NONE', #1406, .T. ) ;
#4066 = CARTESIAN_POINT ( 'NONE',  ( -11880.00000000000182, 1950.712458671872810, -517.7941176470586697 ) ) ;
#4067 = EDGE_CURVE ( 'NONE', #3486, #4122, #2699, .T. ) ;
#4068 = LINE ( 'NONE', #1398, #3146 ) ;
#4069 = VECTOR ( 'NONE', #3109, 1000.000000000000000 ) ;
#4070 = ORIENTED_EDGE ( 'NONE', *, *, #340, .F. ) ;
#4071 = ORIENTED_EDGE ( 'NONE', *, *, #847, .T. ) ;
#4072 = CARTESIAN_POINT ( 'NONE',  ( -2350.000000000001364, 1189.999999999998408, -960.0000000000002274 ) ) ;
#4073 = CARTESIAN_POINT ( 'NONE',  ( -14791.79486355016888, -875.0000000000000000, -1060.000000000000000 ) ) ;
#4074 = CYLINDRICAL_SURFACE ( 'NONE', #1515, 460.0000000000000568 ) ;
#4075 = EDGE_CURVE ( 'NONE', #870, #2888, #1391, .T. ) ;
#4076 = CARTESIAN_POINT ( 'NONE',  ( -8598.683472959099163, -990.0000000000000000, -6660.000000000000000 ) ) ;
#4077 = EDGE_LOOP ( 'NONE', ( #2788, #2373 ) ) ;
#4078 = DIRECTION ( 'NONE',  ( 0.000000000000000000, 0.000000000000000000, 1.000000000000000000 ) ) ;
#4079 = DIRECTION ( 'NONE',  ( 0.000000000000000000, -1.000000000000000000, -2.775557561563032853E-16 ) ) ;
#4080 = ORIENTED_EDGE ( 'NONE', *, *, #2488, .F. ) ;
#4081 = ORIENTED_EDGE ( 'NONE', *, *, #527, .F. ) ;
#4082 = ADVANCED_FACE ( 'NONE', ( #3685 ), #3641, .F. ) ;
#4083 = LINE ( 'NONE', #416, #3052 ) ;
#4084 = ORIENTED_EDGE ( 'NONE', *, *, #991, .F. ) ;
#4085 = DIRECTION ( 'NONE',  ( 0.000000000000000000, -0.000000000000000000, 1.000000000000000000 ) ) ;
#4086 = LINE ( 'NONE', #2800, #409 ) ;
#4087 = LINE ( 'NONE', #420, #3009 ) ;
#4088 = ORIENTED_EDGE ( 'NONE', *, *, #3863, .T. ) ;
#4089 = EDGE_LOOP ( 'NONE', ( #1355, #2878, #4056 ) ) ;
#4090 = LINE ( 'NONE', #1470, #883 ) ;
#4091 = CARTESIAN_POINT ( 'NONE',  ( -13000.00000000000000, 4.163336342343557632E-15, -825.0000000000000000 ) ) ;
#4092 = VECTOR ( 'NONE', #1042, 1000.000000000000000 ) ;
#4093 = DIRECTION ( 'NONE',  ( 0.000000000000000000, -1.000000000000000000, -2.249385511977649118E-16 ) ) ;
#4094 = CARTESIAN_POINT ( 'NONE',  ( -10255.33188238365256, 1077.499998843224375, -589.9999999999964757 ) ) ;
#4095 = VERTEX_POINT ( 'NONE', #318 ) ;
#4096 = AXIS2_PLACEMENT_3D ( 'NONE', #3494, #560, #187 ) ;
#4097 = EDGE_CURVE ( 'NONE', #2736, #648, #3823, .T. ) ;
#4098 = CARTESIAN_POINT ( 'NONE',  ( -11700.00000000000182, -1950.712458671872810, -589.9999999999973852 ) ) ;
#4099 = CARTESIAN_POINT ( 'NONE',  ( 616.7948635501689978, -875.0000000000000000, -1140.000000000000227 ) ) ;
#4100 = LINE ( 'NONE', #1131, #3840 ) ;
#4101 = ORIENTED_EDGE ( 'NONE', *, *, #356, .F. ) ;
#4102 = ADVANCED_FACE ( 'NONE', ( #2943 ), #2678, .F. ) ;
#4103 = DIRECTION ( 'NONE',  ( 0.000000000000000000, 2.775557561563032853E-16, -1.000000000000000000 ) ) ;
#4104 = ORIENTED_EDGE ( 'NONE', *, *, #3865, .F. ) ;
#4105 = CARTESIAN_POINT ( 'NONE',  ( -15744.66811761634744, 679.9999999999979536, -765.0652677973102982 ) ) ;
#4106 = VECTOR ( 'NONE', #2713, 1000.000000000000000 ) ;
#4107 = EDGE_CURVE ( 'NONE', #1760, #1221, #1018, .T. ) ;
#4108 = CARTESIAN_POINT ( 'NONE',  ( -14119.99999999999818, -1950.712458671872810, -517.7941176470596929 ) ) ;
#4109 = DIRECTION ( 'NONE',  ( 1.000000000000000000, -0.000000000000000000, 0.000000000000000000 ) ) ;
#4110 = ADVANCED_FACE ( 'NONE', ( #2967 ), #2355, .F. ) ;
#4111 = ORIENTED_EDGE ( 'NONE', *, *, #1401, .F. ) ;
#4112 = VERTEX_POINT ( 'NONE', #1987 ) ;
#4113 = FACE_OUTER_BOUND ( 'NONE', #3231, .T. ) ;
#4114 = DIRECTION ( 'NONE',  ( 0.000000000000000000, -1.000000000000000000, -3.301729611148416588E-16 ) ) ;
#4115 = MANIFOLD_SURFACE_SHAPE_REPRESENTATION ( '', ( #2206, #4251 ), #2357 ) ;
#4116 = DIRECTION ( 'NONE',  ( 0.000000000000000000, 0.000000000000000000, 1.000000000000000000 ) ) ;
#4117 = CIRCLE ( 'NONE', #2101, 79.99999999999995737 ) ;
#4118 = EDGE_LOOP ( 'NONE', ( #3029, #1837, #3947, #2951 ) ) ;
#4119 = CARTESIAN_POINT ( 'NONE',  ( -13000.00000000000000, -172.2649730022416747, -825.0000000000000000 ) ) ;
#4120 = DIRECTION ( 'NONE',  ( -0.9848077530122092416, 0.000000000000000000, 0.1736481776669237531 ) ) ;
#4121 = DIRECTION ( 'NONE',  ( -1.000000000000000000, -0.000000000000000000, -0.000000000000000000 ) ) ;
#4122 = VERTEX_POINT ( 'NONE', #4015 ) ;
#4123 = VECTOR ( 'NONE', #3938, 1000.000000000000000 ) ;
#4124 = EDGE_CURVE ( 'NONE', #2633, #646, #366, .T. ) ;
#4125 = DIRECTION ( 'NONE',  ( 0.000000000000000000, -1.000000000000000000, -2.249385511977649118E-16 ) ) ;
#4126 = EDGE_CURVE ( 'NONE', #4132, #136, #3189, .T. ) ;
#4127 = FACE_BOUND ( 'NONE', #971, .T. ) ;
#4128 = VECTOR ( 'NONE', #1933, 1000.000000000000114 ) ;
#4129 = CARTESIAN_POINT ( 'NONE',  ( -12225.00000000000182, 899.9999999999998863, -910.0000000000001137 ) ) ;
#4130 = CARTESIAN_POINT ( 'NONE',  ( -14388.56810139493609, -1077.499998843224375, -769.9999999999964757 ) ) ;
#4131 = ORIENTED_EDGE ( 'NONE', *, *, #2752, .T. ) ;
#4132 = VERTEX_POINT ( 'NONE', #4099 ) ;
#4133 = DIRECTION ( 'NONE',  ( 1.000000000000000000, 0.000000000000000000, -0.000000000000000000 ) ) ;
#4134 = DIRECTION ( 'NONE',  ( -1.000000000000000000, 0.000000000000000000, 0.000000000000000000 ) ) ;
#4135 = ORIENTED_EDGE ( 'NONE', *, *, #2135, .T. ) ;
#4136 = DIRECTION ( 'NONE',  ( 0.000000000000000000, -0.1402661271484180183, -0.9901138386947149206 ) ) ;
#4137 = SURFACE_SIDE_STYLE ('',( #167 ) ) ;
#4138 = DIRECTION ( 'NONE',  ( 0.000000000000000000, -1.000000000000000000, -2.775557561563032853E-16 ) ) ;
#4139 = ORIENTED_EDGE ( 'NONE', *, *, #2703, .T. ) ;
#4140 = EDGE_CURVE ( 'NONE', #2360, #934, #411, .T. ) ;
#4141 = VECTOR ( 'NONE', #3944, 1000.000000000000000 ) ;
#4142 = DIRECTION ( 'NONE',  ( 0.000000000000000000, -1.000000000000000000, 2.200304988219453045E-16 ) ) ;
#4143 = ADVANCED_FACE ( 'NONE', ( #1758 ), #2790, .F. ) ;
#4144 = AXIS2_PLACEMENT_3D ( 'NONE', #1010, #3377, #3328 ) ;
#4145 = SHAPE_REPRESENTATION ( 'FlatWagon_40ft_MediumDetailed', ( #2575, #1007, #170, #2038 ), #3082 ) ;
#4146 = DIRECTION ( 'NONE',  ( 0.000000000000000000, 1.000000000000000000, 5.551115123125784674E-16 ) ) ;
#4147 = DIRECTION ( 'NONE',  ( 0.000000000000000000, -2.775557561563032853E-16, 1.000000000000000000 ) ) ;
#4148 = AXIS2_PLACEMENT_3D ( 'NONE', #626, #4199, #3640 ) ;
#4149 = ORIENTED_EDGE ( 'NONE', *, *, #2703, .F. ) ;
#4150 = AXIS2_PLACEMENT_3D ( 'NONE', #2664, #3999, #1027 ) ;
#4151 = ORIENTED_EDGE ( 'NONE', *, *, #2291, .T. ) ;
#4152 = LINE ( 'NONE', #2532, #3702 ) ;
#4153 = ORIENTED_EDGE ( 'NONE', *, *, #2306, .T. ) ;
#4154 = EDGE_CURVE ( 'NONE', #2598, #1301, #1163, .T. ) ;
#4155 = DIRECTION ( 'NONE',  ( 0.000000000000000000, 0.000000000000000000, 1.000000000000000000 ) ) ;
#4156 = DIRECTION ( 'NONE',  ( -0.000000000000000000, 0.000000000000000000, 1.000000000000000000 ) ) ;
#4157 = CARTESIAN_POINT ( 'NONE',  ( -14244.28938755609852, 679.9999999999977263, -765.0652677973101845 ) ) ;
#4158 = VERTEX_POINT ( 'NONE', #3056 ) ;
#4159 = VECTOR ( 'NONE', #1231, 1000.000000000000000 ) ;
#4160 = VECTOR ( 'NONE', #606, 1000.000000000000000 ) ;
#4161 = CARTESIAN_POINT ( 'NONE',  ( 0.000000000000000000, 875.0000000000000000, -980.0000000000001137 ) ) ;
#4162 = CARTESIAN_POINT ( 'NONE',  ( -12100.00000000000182, -679.9999999999977263, -459.9999999999982947 ) ) ;
#4163 = VERTEX_POINT ( 'NONE', #3142 ) ;
#4164 = DIRECTION ( 'NONE',  ( -1.000000000000000000, 0.000000000000000000, 0.000000000000000000 ) ) ;
#4165 = EDGE_CURVE ( 'NONE', #1826, #2252, #3819, .T. ) ;
#4166 = ORIENTED_EDGE ( 'NONE', *, *, #3257, .F. ) ;
#4167 = DIRECTION ( 'NONE',  ( 0.000000000000000000, 1.000000000000000000, 2.775557561563032853E-16 ) ) ;
#4168 = FACE_OUTER_BOUND ( 'NONE', #2011, .T. ) ;
#4169 = DIRECTION ( 'NONE',  ( 1.000000000000000000, 0.000000000000000000, -0.000000000000000000 ) ) ;
#4170 = CYLINDRICAL_SURFACE ( 'NONE', #2725, 79.99999999999995737 ) ;
#4171 = ORIENTED_EDGE ( 'NONE', *, *, #253, .F. ) ;
#4172 = CARTESIAN_POINT ( 'NONE',  ( 0.000000000000000000, -1189.999999999998408, -1160.000000000000227 ) ) ;
#4173 = CYLINDRICAL_SURFACE ( 'NONE', #609, 460.0000000000000568 ) ;
#4174 = DIRECTION ( 'NONE',  ( -1.000000000000000000, -2.220446049250313081E-16, 2.486899575160350651E-14 ) ) ;
#4175 = ORIENTED_EDGE ( 'NONE', *, *, #4188, .F. ) ;
#4176 = VERTEX_POINT ( 'NONE', #1084 ) ;
#4177 = VECTOR ( 'NONE', #3582, 1000.000000000000000 ) ;
#4178 = VECTOR ( 'NONE', #2019, 1000.000000000000000 ) ;
#4179 = DIRECTION ( 'NONE',  ( -1.000000000000000000, -0.000000000000000000, -0.000000000000000000 ) ) ;
#4180 = AXIS2_PLACEMENT_3D ( 'NONE', #994, #2004, #2027 ) ;
#4181 = VECTOR ( 'NONE', #3070, 1000.000000000000114 ) ;
#4182 = CARTESIAN_POINT ( 'NONE',  ( -1950.000000000000682, 899.9999999999998863, -910.0000000000001137 ) ) ;
#4183 = ORIENTED_EDGE ( 'NONE', *, *, #1074, .F. ) ;
#4184 = DIRECTION ( 'NONE',  ( -0.000000000000000000, 1.000000000000000000, 2.249385511977649118E-16 ) ) ;
#4185 = ORIENTED_EDGE ( 'NONE', *, *, #2242, .F. ) ;
#4186 = AXIS2_PLACEMENT_3D ( 'NONE', #2194, #3849, #3935 ) ;
#4187 = DIRECTION ( 'NONE',  ( 1.000000000000000000, -0.000000000000000000, -0.000000000000000000 ) ) ;
#4188 = EDGE_CURVE ( 'NONE', #1451, #3950, #3736, .T. ) ;
#4189 = CARTESIAN_POINT ( 'NONE',  ( 0.000000000000000000, -875.0000000000000000, -1060.000000000000000 ) ) ;
#4190 = CARTESIAN_POINT ( 'NONE',  ( -10255.33188238365256, -732.4719190560189190, -589.9999999999970441 ) ) ;
#4191 = CARTESIAN_POINT ( 'NONE',  ( -8598.683472959099163, 1189.999999999998181, -6660.000000000000000 ) ) ;
#4192 = ORIENTED_EDGE ( 'NONE', *, *, #2329, .T. ) ;
#4193 = EDGE_CURVE ( 'NONE', #4032, #778, #1429, .T. ) ;
#4194 = FACE_OUTER_BOUND ( 'NONE', #341, .T. ) ;
#4195 = CARTESIAN_POINT ( 'NONE',  ( 0.000000000000000000, -1189.999999999998408, -960.0000000000002274 ) ) ;
#4196 = CYLINDRICAL_SURFACE ( 'NONE', #3276, 199.9999999999999432 ) ;
#4197 = ORIENTED_EDGE ( 'NONE', *, *, #2190, .T. ) ;
#4198 = ORIENTED_EDGE ( 'NONE', *, *, #2802, .F. ) ;
#4199 = DIRECTION ( 'NONE',  ( 0.000000000000000000, -1.000000000000000000, -2.249385511977649118E-16 ) ) ;
#4200 = DIRECTION ( 'NONE',  ( 0.000000000000000000, 1.000000000000000000, 5.551115123125784674E-16 ) ) ;
#4201 = EDGE_LOOP ( 'NONE', ( #1903, #3339, #1962, #1122 ) ) ;
#4202 = UNCERTAINTY_MEASURE_WITH_UNIT (LENGTH_MEASURE( 1.000000000000000082E-05 ), #286, 'distance_accuracy_value', 'NONE');
#4203 = MANIFOLD_SOLID_BREP ( 'Specchia2', #1352 ) ;
#4204 = EDGE_CURVE ( 'NONE', #3144, #2211, #3434, .T. ) ;
#4205 = CIRCLE ( 'NONE', #1718, 79.99999999999995737 ) ;
#4206 = ADVANCED_FACE ( 'NONE', ( #3759 ), #786, .F. ) ;
#4207 = ORIENTED_EDGE ( 'NONE', *, *, #3467, .T. ) ;
#4208 = CARTESIAN_POINT ( 'NONE',  ( -14175.00000000000000, -990.0000000000015916, -960.0000000000002274 ) ) ;
#4209 = ORIENTED_EDGE ( 'NONE', *, *, #2446, .T. ) ;
#4210 = ADVANCED_FACE ( 'NONE', ( #1454 ), #2772, .F. ) ;
#4211 = DIRECTION ( 'NONE',  ( -1.000000000000000000, 0.000000000000000000, 0.000000000000000000 ) ) ;
#4212 = CIRCLE ( 'NONE', #130, 460.0000000000000000 ) ;
#4213 = PLANE ( 'NONE',  #3816 ) ;
#4214 = CARTESIAN_POINT ( 'NONE',  ( -14588.56810139493791, 732.4719190560189190, -589.9999999999965894 ) ) ;
#4215 = FACE_OUTER_BOUND ( 'NONE', #2568, .T. ) ;
#4216 = VECTOR ( 'NONE', #3261, 999.9999999999998863 ) ;
#4217 = VERTEX_POINT ( 'NONE', #1153 ) ;
#4218 = ORIENTED_EDGE ( 'NONE', *, *, #494, .T. ) ;
#4219 = DIRECTION ( 'NONE',  ( 0.000000000000000000, 1.000000000000000000, 2.775557561563032853E-16 ) ) ;
#4220 = DIRECTION ( 'NONE',  ( -1.000000000000000000, 0.000000000000000000, -0.000000000000000000 ) ) ;
#4221 = CARTESIAN_POINT ( 'NONE',  ( -2350.000000000000455, -899.9999999999998863, -910.0000000000001137 ) ) ;
#4222 = ORIENTED_EDGE ( 'NONE', *, *, #3487, .F. ) ;
#4223 = EDGE_CURVE ( 'NONE', #3298, #576, #1409, .T. ) ;
#4224 = ORIENTED_EDGE ( 'NONE', *, *, #1945, .T. ) ;
#4225 = CARTESIAN_POINT ( 'NONE',  ( -11411.43189860506209, -1077.499998843224375, -589.9999999999971578 ) ) ;
#4226 = FACE_OUTER_BOUND ( 'NONE', #3905, .T. ) ;
#4227 = AXIS2_PLACEMENT_3D ( 'NONE', #436, #1089, #2796 ) ;
#4228 = EDGE_CURVE ( 'NONE', #3571, #3249, #499, .T. ) ;
#4229 = CARTESIAN_POINT ( 'NONE',  ( -14175.00000000000000, -875.0000000000000000, -1060.000000000000000 ) ) ;
#4230 = ORIENTED_EDGE ( 'NONE', *, *, #2277, .F. ) ;
#4231 = EDGE_CURVE ( 'NONE', #852, #3904, #1258, .T. ) ;
#4232 = DIRECTION ( 'NONE',  ( 0.000000000000000000, 0.000000000000000000, 1.000000000000000000 ) ) ;
#4233 = DIRECTION ( 'NONE',  ( 0.000000000000000000, 1.000000000000000000, 2.775557561563032853E-16 ) ) ;
#4234 = DIRECTION ( 'NONE',  ( 0.000000000000000000, -1.000000000000000000, -2.775557561563032853E-16 ) ) ;
#4235 = EDGE_LOOP ( 'NONE', ( #372, #1082, #2895, #2881 ) ) ;
#4236 = ORIENTED_EDGE ( 'NONE', *, *, #1769, .F. ) ;
#4237 = AXIS2_PLACEMENT_3D ( 'NONE', #2747, #3390, #2060 ) ;
#4238 = AXIS2_PLACEMENT_3D ( 'NONE', #2476, #3818, #1190 ) ;
#4239 = PLANE ( 'NONE',  #284 ) ;
#4240 = DIRECTION ( 'NONE',  ( 1.000000000000000000, 3.132904478660053556E-17, 0.000000000000000000 ) ) ;
#4241 = VERTEX_POINT ( 'NONE', #1880 ) ;
#4242 = PLANE ( 'NONE',  #4148 ) ;
#4243 = EDGE_CURVE ( 'NONE', #2114, #3346, #888, .T. ) ;
#4244 = CARTESIAN_POINT ( 'NONE',  ( -1950.000000000000682, 0.000000000000000000, 0.000000000000000000 ) ) ;
#4245 = ORIENTED_EDGE ( 'NONE', *, *, #1133, .T. ) ;
#4246 = CONICAL_SURFACE ( 'NONE', #2502, 229.9999999211528348, 0.5235987755979351066 ) ;
#4247 = CIRCLE ( 'NONE', #2108, 460.0000000000001137 ) ;
#4248 = ADVANCED_FACE ( 'NONE', ( #3186 ), #3881, .T. ) ;
#4249 = DIRECTION ( 'NONE',  ( 0.000000000000000000, -1.000000000000000000, -2.775557561563032853E-16 ) ) ;
#4250 = VERTEX_POINT ( 'NONE', #3206 ) ;
#4251 = AXIS2_PLACEMENT_3D ( 'NONE', #1358, #691, #2348 ) ;
#4252 = AXIS2_PLACEMENT_3D ( 'NONE', #3676, #1705, #3335 ) ;
#4253 = ORIENTED_EDGE ( 'NONE', *, *, #118, .F. ) ;
#4254 = DIRECTION ( 'NONE',  ( 1.000000000000000000, 3.700743415417188263E-17, 0.000000000000000000 ) ) ;
#4255 = CARTESIAN_POINT ( 'NONE',  ( -1950.000000000000682, -1189.999999999998408, -960.0000000000002274 ) ) ;
#4256 = CARTESIAN_POINT ( 'NONE',  ( -12100.00000000000182, -814.9999999999976126, 1.831867990631508292E-12 ) ) ;
#4257 = CARTESIAN_POINT ( 'NONE',  ( -11700.00000000000182, 814.9999999999972715, -589.9999999999965894 ) ) ;
#4258 = ORIENTED_EDGE ( 'NONE', *, *, #461, .T. ) ;
#4259 = ORIENTED_EDGE ( 'NONE', *, *, #2978, .F. ) ;
#4260 = CARTESIAN_POINT ( 'NONE',  ( 8.379673656549379219E-14, 989.9999999999984084, -960.0000000000019327 ) ) ;
#4261 = VECTOR ( 'NONE', #2116, 1000.000000000000000 ) ;
#4262 = EDGE_CURVE ( 'NONE', #2224, #1908, #3551, .T. ) ;
#4263 = ORIENTED_EDGE ( 'NONE', *, *, #1652, .F. ) ;
#4264 = DIRECTION ( 'NONE',  ( -0.000000000000000000, -0.000000000000000000, -1.000000000000000000 ) ) ;
#4265 = CARTESIAN_POINT ( 'NONE',  ( -14175.00000000000000, -1190.000000000001592, -1160.000000000000227 ) ) ;
#4266 = VECTOR ( 'NONE', #504, 1000.000000000000000 ) ;
#4267 = CARTESIAN_POINT ( 'NONE',  ( -14119.99999999999818, -814.9999999999974989, -239.9999999999984368 ) ) ;
#4268 = DIRECTION ( 'NONE',  ( 1.000000000000000000, 0.000000000000000000, -0.000000000000000000 ) ) ;
#4269 = ORIENTED_EDGE ( 'NONE', *, *, #4243, .F. ) ;
#4270 = EDGE_CURVE ( 'NONE', #3183, #1331, #1120, .T. ) ;
#4271 = CARTESIAN_POINT ( 'NONE',  ( -14588.56810139493791, 729.4021522441533989, -769.9999999999959073 ) ) ;
#4272 = DIRECTION ( 'NONE',  ( -1.000000000000000000, 0.000000000000000000, 0.000000000000000000 ) ) ;
#4273 = DIRECTION ( 'NONE',  ( 0.000000000000000000, -1.000000000000000000, -2.775557561563032853E-16 ) ) ;
#4274 = PRODUCT_DEFINITION_SHAPE ( 'NONE', 'NONE',  #2925 ) ;
#4275 = CARTESIAN_POINT ( 'NONE',  ( -380.0000000000000000, 875.0000000000000000, -1060.000000000000000 ) ) ;
#4276 = EDGE_CURVE ( 'NONE', #3238, #3351, #1918, .T. ) ;
#4277 = VERTEX_POINT ( 'NONE', #3923 ) ;
#4278 = CARTESIAN_POINT ( 'NONE',  ( -10255.33188238365256, -1077.499998843224375, -769.9999999999964757 ) ) ;
#4279 = CARTESIAN_POINT ( 'NONE',  ( -2.914659381970696526E-13, 1189.999999999998408, -960.0000000000002274 ) ) ;
#4280 =( NAMED_UNIT ( * ) PLANE_ANGLE_UNIT ( ) SI_UNIT ( $, .RADIAN. ) );
#4281 = DIRECTION ( 'NONE',  ( -1.000000000000000000, 0.000000000000000000, -0.000000000000000000 ) ) ;
#4282 = ORIENTED_EDGE ( 'NONE', *, *, #546, .F. ) ;
#4283 = VECTOR ( 'NONE', #4093, 1000.000000000000000 ) ;
#4284 = ORIENTED_EDGE ( 'NONE', *, *, #2835, .T. ) ;
#4285 = ADVANCED_FACE ( 'NONE', ( #2222 ), #3164, .T. ) ;
#4286 = DIRECTION ( 'NONE',  ( -0.9848077530122092416, -2.159716034021766025E-16, -0.1736481776669234756 ) ) ;
#4287 = DIRECTION ( 'NONE',  ( -1.000000000000000000, -2.220446049250313081E-16, 0.000000000000000000 ) ) ;
#4288 = ORIENTED_EDGE ( 'NONE', *, *, #3239, .T. ) ;
#4289 = ADVANCED_FACE ( 'NONE', ( #208 ), #244, .F. ) ;
#4290 = PRODUCT_DEFINITION_CONTEXT ( 'detailed design', #3105, 'design' ) ;
#4291 = VECTOR ( 'NONE', #3077, 1000.000000000000000 ) ;
#4292 = CARTESIAN_POINT ( 'NONE',  ( -12225.00000000000182, 800.0000000000000000, -910.0000000000001137 ) ) ;
#4293 = CARTESIAN_POINT ( 'NONE',  ( -11755.71061244390148, -679.9999999999977263, -765.0652677973105256 ) ) ;
#4294 = ORIENTED_EDGE ( 'NONE', *, *, #4126, .F. ) ;
#4295 = VECTOR ( 'NONE', #2957, 1000.000000000000114 ) ;
#4296 = VECTOR ( 'NONE', #2477, 1000.000000000000000 ) ;
#4297 = ORIENTED_EDGE ( 'NONE', *, *, #369, .F. ) ;
#4298 = CARTESIAN_POINT ( 'NONE',  ( -14175.00000000000000, -875.0000000000000000, -1140.000000000000227 ) ) ;
#4299 = DIRECTION ( 'NONE',  ( -1.000000000000000000, 0.000000000000000000, -0.000000000000000000 ) ) ;
#4300 = ORIENTED_EDGE ( 'NONE', *, *, #3239, .F. ) ;
#4301 = NEXT_ASSEMBLY_USAGE_OCCURRENCE ( 'NAUO1', ' ', ' ', #3370, #2925, $ ) ;
#4302 = NEXT_ASSEMBLY_USAGE_OCCURRENCE ( 'NAUO2', ' ', ' ', #3370, #2001, $ ) ;
#4303 = NEXT_ASSEMBLY_USAGE_OCCURRENCE ( 'NAUO3', ' ', ' ', #3370, #2001, $ ) ;
ENDSEC;
END-ISO-10303-21;
