ISO-10303-21;
HEADER;
FILE_DESCRIPTION (( 'STEP AP214' ),
    '1' );
FILE_NAME ('FlatWagon_90ft_MediumDetailed.STEP',
    '2026-02-24T12:49:59',
    ( '' ),
    ( '' ),
    'SwSTEP 2.0',
    'SolidWorks 2022',
    '' );
FILE_SCHEMA (( 'AUTOMOTIVE_DESIGN' ));
ENDSEC;

DATA;
#1 = EDGE_CURVE ( 'NONE', #4492, #2903, #2505, .T. ) ;
#2 = EDGE_CURVE ( 'NONE', #423, #185, #191, .T. ) ;
#3 =( BOUNDED_CURVE ( )  B_SPLINE_CURVE ( 3, ( #4591, #2539, #3388, #1737 ),
 .UNSPECIFIED., .F., .T. ) 
 B_SPLINE_CURVE_WITH_KNOTS ( ( 4, 4 ),
 ( 4.948096640255991829, 4.998901561966746954 ),
 .UNSPECIFIED. ) 
 CURVE ( )  GEOMETRIC_REPRESENTATION_ITEM ( )  RATIONAL_B_SPLINE_CURVE ( ( 1.000000000000000000, 0.9997849165603801547, 0.9997849165603801547, 1.000000000000000000 ) ) 
 REPRESENTATION_ITEM ( '' )  );
#4 = VERTEX_POINT ( 'NONE', #2221 ) ;
#5 = EDGE_CURVE ( 'NONE', #3822, #4492, #774, .T. ) ;
#6 = DIRECTION ( 'NONE',  ( 0.000000000000000000, -1.000000000000000000, -2.775557561563032853E-16 ) ) ;
#7 = FACE_BOUND ( 'NONE', #4943, .T. ) ;
#8 = CARTESIAN_POINT ( 'NONE',  ( -11760.14709064067210, -729.4021522441533989, -769.9999999999963620 ) ) ;
#9 = STYLED_ITEM ( 'NONE', ( #3233 ), #3548 ) ;
#10 = ORIENTED_EDGE ( 'NONE', *, *, #2418, .F. ) ;
#11 = LINE ( 'NONE', #1604, #2446 ) ;
#12 = ORIENTED_EDGE ( 'NONE', *, *, #1939, .T. ) ;
#13 = VECTOR ( 'NONE', #5108, 1000.000000000000000 ) ;
#14 = FACE_OUTER_BOUND ( 'NONE', #956, .T. ) ;
#15 = DIRECTION ( 'NONE',  ( -0.000000000000000000, 0.000000000000000000, 1.000000000000000000 ) ) ;
#16 = DIRECTION ( 'NONE',  ( 0.000000000000000000, 2.775557561563032853E-16, -1.000000000000000000 ) ) ;
#17 = VECTOR ( 'NONE', #2662, 1000.000000000000114 ) ;
#18 = ORIENTED_EDGE ( 'NONE', *, *, #3673, .T. ) ;
#19 = EDGE_CURVE ( 'NONE', #2772, #3686, #1368, .T. ) ;
#20 = ORIENTED_EDGE ( 'NONE', *, *, #4026, .F. ) ;
#21 = EDGE_CURVE ( 'NONE', #212, #1726, #2563, .T. ) ;
#22 = CARTESIAN_POINT ( 'NONE',  ( -24483.04291515397199, -1190.000000000001592, -868.8465180732546287 ) ) ;
#23 = SPHERICAL_SURFACE ( 'NONE', #3052, 1000.000000000000000 ) ;
#24 = EDGE_CURVE ( 'NONE', #4799, #2752, #2096, .T. ) ;
#25 = ORIENTED_EDGE ( 'NONE', *, *, #2038, .T. ) ;
#26 = DIRECTION ( 'NONE',  ( 0.000000000000000000, -0.09939437395458934621, 0.9950481186486286322 ) ) ;
#27 = DIRECTION ( 'NONE',  ( 1.000000000000000000, 0.000000000000000000, 0.000000000000000000 ) ) ;
#28 = PRODUCT_DEFINITION_CONTEXT ( 'detailed design', #2396, 'design' ) ;
#29 = ORIENTED_EDGE ( 'NONE', *, *, #57, .T. ) ;
#30 = DIRECTION ( 'NONE',  ( 0.9848077530122092416, 0.000000000000000000, -0.1736481776669235033 ) ) ;
#31 = ORIENTED_EDGE ( 'NONE', *, *, #4654, .T. ) ;
#32 = CARTESIAN_POINT ( 'NONE',  ( 0.000000000000000000, 875.0000000000000000, -1060.000000000000000 ) ) ;
#33 = VECTOR ( 'NONE', #358, 1000.000000000000000 ) ;
#34 = CARTESIAN_POINT ( 'NONE',  ( -17000.06801884448214, -1190.000000000001137, 5040.000000000000000 ) ) ;
#35 = AXIS2_PLACEMENT_3D ( 'NONE', #4616, #1705, #2618 ) ;
#36 = EDGE_CURVE ( 'NONE', #4099, #407, #2913, .T. ) ;
#37 = CARTESIAN_POINT ( 'NONE',  ( -11758.65641272665380, -713.0416965694219016, -768.3657702387157542 ) ) ;
#38 = EDGE_CURVE ( 'NONE', #5020, #1207, #4213, .T. ) ;
#39 = ORIENTED_EDGE ( 'NONE', *, *, #1448, .T. ) ;
#40 = CARTESIAN_POINT ( 'NONE',  ( -10255.33188238365256, -729.4021522441533989, -769.9999999999963620 ) ) ;
#41 = AXIS2_PLACEMENT_3D ( 'NONE', #3449, #2709, #2736 ) ;
#42 =( NAMED_UNIT ( * ) PLANE_ANGLE_UNIT ( ) SI_UNIT ( $, .RADIAN. ) );
#43 = EDGE_LOOP ( 'NONE', ( #1935, #4275, #3785, #4625 ) ) ;
#44 = CIRCLE ( 'NONE', #3718, 277.7941176470602045 ) ;
#45 = CARTESIAN_POINT ( 'NONE',  ( -25524.93198115551422, 0.000000000000000000, -960.0000000000002274 ) ) ;
#46 = LINE ( 'NONE', #2381, #1055 ) ;
#47 = VECTOR ( 'NONE', #5039, 1000.000000000000114 ) ;
#48 = ORIENTED_EDGE ( 'NONE', *, *, #2342, .F. ) ;
#49 = EDGE_CURVE ( 'NONE', #169, #2174, #2959, .T. ) ;
#50 = VECTOR ( 'NONE', #4623, 1000.000000000000114 ) ;
#51 = LINE ( 'NONE', #131, #4036 ) ;
#52 = ORIENTED_EDGE ( 'NONE', *, *, #3803, .T. ) ;
#53 = VECTOR ( 'NONE', #4636, 1000.000000000000000 ) ;
#54 = CARTESIAN_POINT ( 'NONE',  ( -22773.68347295909916, 1189.999999999998408, -660.0000000000007958 ) ) ;
#55 = DIRECTION ( 'NONE',  ( 1.000000000000000000, 0.000000000000000000, 1.908428413691174465E-16 ) ) ;
#56 = AXIS2_PLACEMENT_3D ( 'NONE', #2175, #1839, #3441 ) ;
#57 = EDGE_CURVE ( 'NONE', #4174, #423, #1700, .T. ) ;
#58 = ORIENTED_EDGE ( 'NONE', *, *, #1674, .T. ) ;
#59 = CARTESIAN_POINT ( 'NONE',  ( -25524.93198115551422, 0.000000000000000000, -960.0000000000002274 ) ) ;
#60 = CARTESIAN_POINT ( 'NONE',  ( -26400.00000000000364, -800.0000000000000000, -910.0000000000001137 ) ) ;
#61 = ADVANCED_FACE ( 'NONE', ( #142 ), #2114, .T. ) ;
#62 = ORIENTED_EDGE ( 'NONE', *, *, #4398, .F. ) ;
#63 = VECTOR ( 'NONE', #1176, 1000.000000000000114 ) ;
#64 = CARTESIAN_POINT ( 'NONE',  ( -8598.683472959099163, 1189.999999999998181, -6660.000000000000000 ) ) ;
#65 = PRODUCT_DEFINITION_SHAPE ( 'NONE', 'NONE',  #3757 ) ;
#66 = ORIENTED_EDGE ( 'NONE', *, *, #3454, .T. ) ;
#67 = DIRECTION ( 'NONE',  ( 1.000000000000000000, 0.000000000000000000, 0.000000000000000000 ) ) ;
#68 = DIRECTION ( 'NONE',  ( -1.000000000000000000, 0.000000000000000000, 0.000000000000000000 ) ) ;
#69 = DIRECTION ( 'NONE',  ( 0.000000000000000000, -1.000000000000000000, 0.000000000000000000 ) ) ;
#70 = ORIENTED_EDGE ( 'NONE', *, *, #1692, .F. ) ;
#71 = DIRECTION ( 'NONE',  ( -1.000000000000000000, 0.000000000000000000, 0.000000000000000000 ) ) ;
#72 = SURFACE_STYLE_USAGE ( .BOTH. , #2433 ) ;
#73 = ORIENTED_EDGE ( 'NONE', *, *, #4654, .F. ) ;
#74 = EDGE_CURVE ( 'NONE', #5022, #3451, #4021, .T. ) ;
#75 = DIRECTION ( 'NONE',  ( 1.000000000000000000, 0.000000000000000000, -0.000000000000000000 ) ) ;
#76 = SURFACE_STYLE_FILL_AREA ( #511 ) ;
#77 = DIRECTION ( 'NONE',  ( 0.000000000000000000, 1.000000000000000000, 2.775557561563032853E-16 ) ) ;
#78 = ORIENTED_EDGE ( 'NONE', *, *, #2416, .T. ) ;
#79 = CARTESIAN_POINT ( 'NONE',  ( -10255.33188238365256, 278.9021535255452022, -725.0000000000052296 ) ) ;
#80 = ORIENTED_EDGE ( 'NONE', *, *, #2069, .F. ) ;
#81 = CARTESIAN_POINT ( 'NONE',  ( -2350.000000000000455, 1189.999999999998408, -960.0000000000002274 ) ) ;
#82 = CARTESIAN_POINT ( 'NONE',  ( -162.2440211999303301, 1189.999999999998408, 920.1315677728725859 ) ) ;
#83 = ORIENTED_EDGE ( 'NONE', *, *, #4044, .F. ) ;
#84 = LINE ( 'NONE', #4449, #2292 ) ;
#85 = PRODUCT_DEFINITION_CONTEXT ( 'detailed design', #3216, 'design' ) ;
#86 = ORIENTED_EDGE ( 'NONE', *, *, #1500, .T. ) ;
#87 = CYLINDRICAL_SURFACE ( 'NONE', #4082, 277.7941176470602045 ) ;
#88 = LINE ( 'NONE', #872, #1392 ) ;
#89 = CARTESIAN_POINT ( 'NONE',  ( -11757.17756101499617, -696.5740269077375615, -766.7208309781532307 ) ) ;
#90 = EDGE_LOOP ( 'NONE', ( #4619, #4773 ) ) ;
#91 = CARTESIAN_POINT ( 'NONE',  ( -15744.66811761634744, -1077.499998843224375, -589.9999999999971578 ) ) ;
#92 = ADVANCED_FACE ( 'NONE', ( #5135 ), #1520, .F. ) ;
#93 = DIRECTION ( 'NONE',  ( 1.000000000000000000, 0.000000000000000000, 0.000000000000000000 ) ) ;
#94 = EDGE_LOOP ( 'NONE', ( #262, #2636, #599, #1494 ) ) ;
#95 = SPHERICAL_SURFACE ( 'NONE', #4955, 1000.000000000000000 ) ;
#96 = COLOUR_RGB ( '',0.7921568627450980005, 0.8196078431372548767, 0.9333333333333333481 ) ;
#97 = CARTESIAN_POINT ( 'NONE',  ( -2825.068018844486232, 0.000000000000000000, 5040.000000000000000 ) ) ;
#98 = EDGE_LOOP ( 'NONE', ( #1694, #2425, #3777, #5180 ) ) ;
#99 = VECTOR ( 'NONE', #955, 1000.000000000000000 ) ;
#100 = ORIENTED_EDGE ( 'NONE', *, *, #939, .T. ) ;
#101 = CARTESIAN_POINT ( 'NONE',  ( -11760.14709064067210, -814.9999999999972715, -769.9999999999963620 ) ) ;
#102 = ORIENTED_EDGE ( 'NONE', *, *, #3803, .F. ) ;
#103 = EDGE_CURVE ( 'NONE', #3254, #324, #4242, .T. ) ;
#104 = ADVANCED_FACE ( 'NONE', ( #2317 ), #3534, .T. ) ;
#105 = CARTESIAN_POINT ( 'NONE',  ( -26400.00000000000364, -800.0000000000000000, -910.0000000000001137 ) ) ;
#106 = EDGE_CURVE ( 'NONE', #1288, #3126, #1543, .T. ) ;
#107 = CARTESIAN_POINT ( 'NONE',  ( -12500.00000000000182, -814.9999999999974989, -306.2059048389988902 ) ) ;
#108 = ORIENTED_EDGE ( 'NONE', *, *, #2689, .T. ) ;
#109 = DIRECTION ( 'NONE',  ( 0.000000000000000000, 1.224646799147353207E-16, -1.000000000000000000 ) ) ;
#110 = DIRECTION ( 'NONE',  ( 1.000000000000000000, 0.000000000000000000, 0.000000000000000000 ) ) ;
#111 = LINE ( 'NONE', #3192, #5070 ) ;
#112 = VECTOR ( 'NONE', #1772, 1000.000000000000000 ) ;
#113 = ORIENTED_EDGE ( 'NONE', *, *, #3825, .F. ) ;
#114 = CARTESIAN_POINT ( 'NONE',  ( -14175.00000000000000, -990.0000000000015916, -960.0000000000002274 ) ) ;
#115 = DIRECTION ( 'NONE',  ( -1.000000000000000000, -2.220446049250313081E-16, 2.486899575160350651E-14 ) ) ;
#116 = CARTESIAN_POINT ( 'NONE',  ( -17000.06801884448214, -1190.000000000000909, -960.0000000000002274 ) ) ;
#117 = VERTEX_POINT ( 'NONE', #4319 ) ;
#118 = CARTESIAN_POINT ( 'NONE',  ( -12500.00000000000182, 1950.712458671872810, -589.9999999999963620 ) ) ;
#119 = DIRECTION ( 'NONE',  ( 1.000000000000000000, 0.000000000000000000, 0.000000000000000000 ) ) ;
#120 = EDGE_LOOP ( 'NONE', ( #3303, #1334, #3147, #1343 ) ) ;
#121 = CARTESIAN_POINT ( 'NONE',  ( -13499.99999999999818, 1950.712458671872582, -306.2059048389983218 ) ) ;
#122 = EDGE_CURVE ( 'NONE', #1224, #2367, #1523, .T. ) ;
#123 = CARTESIAN_POINT ( 'NONE',  ( -13899.99999999999818, 1054.999999999997272, -459.9999999999978400 ) ) ;
#124 = ADVANCED_FACE ( 'NONE', ( #3433 ), #3141, .T. ) ;
#125 = ORIENTED_EDGE ( 'NONE', *, *, #974, .F. ) ;
#126 = AXIS2_PLACEMENT_3D ( 'NONE', #838, #814, #2850 ) ;
#127 = VECTOR ( 'NONE', #4194, 1000.000000000000000 ) ;
#128 = CIRCLE ( 'NONE', #1205, 172.2649730022416747 ) ;
#129 = DIRECTION ( 'NONE',  ( 1.000000000000000000, 3.132904478660053556E-17, 0.000000000000000000 ) ) ;
#130 = ORIENTED_EDGE ( 'NONE', *, *, #753, .F. ) ;
#131 = CARTESIAN_POINT ( 'NONE',  ( -1950.000000000000682, -800.0000000000000000, -910.0000000000001137 ) ) ;
#132 = VECTOR ( 'NONE', #4282, 1000.000000000000000 ) ;
#133 = ORIENTED_EDGE ( 'NONE', *, *, #3875, .T. ) ;
#134 = CARTESIAN_POINT ( 'NONE',  ( -13899.99999999999818, 814.9999999999974989, -909.9999999999982947 ) ) ;
#135 = DIRECTION ( 'NONE',  ( 0.000000000000000000, -0.000000000000000000, -1.000000000000000000 ) ) ;
#136 = VECTOR ( 'NONE', #3889, 1000.000000000000000 ) ;
#137 = ORIENTED_EDGE ( 'NONE', *, *, #604, .F. ) ;
#138 = EDGE_CURVE ( 'NONE', #357, #2656, #1498, .T. ) ;
#139 = CARTESIAN_POINT ( 'NONE',  ( -28350.00000000000000, 0.000000000000000000, -960.0000000000002274 ) ) ;
#140 = CIRCLE ( 'NONE', #638, 79.99999999999995737 ) ;
#141 = UNCERTAINTY_MEASURE_WITH_UNIT (LENGTH_MEASURE( 1.000000000000000082E-05 ), #3678, 'distance_accuracy_value', 'NONE');
#142 = FACE_OUTER_BOUND ( 'NONE', #3193, .T. ) ;
#143 = VECTOR ( 'NONE', #3000, 1000.000000000000000 ) ;
#144 = CARTESIAN_POINT ( 'NONE',  ( -19751.31652704090448, 1189.999999999998408, -660.0000000000002274 ) ) ;
#145 = ORIENTED_EDGE ( 'NONE', *, *, #1305, .F. ) ;
#146 = DIRECTION ( 'NONE',  ( 0.000000000000000000, -1.000000000000000000, -2.249385511977649118E-16 ) ) ;
#147 = LINE ( 'NONE', #4173, #99 ) ;
#148 = CIRCLE ( 'NONE', #1975, 460.0000000000001137 ) ;
#149 = ORIENTED_EDGE ( 'NONE', *, *, #1872, .F. ) ;
#150 = PLANE ( 'NONE',  #3735 ) ;
#151 = APPLICATION_PROTOCOL_DEFINITION ( 'draft international standard', 'automotive_design', 1998, #3455 ) ;
#152 = ORIENTED_EDGE ( 'NONE', *, *, #3557, .F. ) ;
#153 = AXIS2_PLACEMENT_3D ( 'NONE', #4534, #5033, #4714 ) ;
#154 = CARTESIAN_POINT ( 'NONE',  ( -11411.43189860506209, -732.4719190560189190, -589.9999999999970441 ) ) ;
#155 = CARTESIAN_POINT ( 'NONE',  ( -14375.00000000000000, -1189.999999999998863, -960.0000000000002274 ) ) ;
#156 = ORIENTED_EDGE ( 'NONE', *, *, #1356, .T. ) ;
#157 = EDGE_CURVE ( 'NONE', #4588, #2685, #5052, .T. ) ;
#158 = CYLINDRICAL_SURFACE ( 'NONE', #4804, 6000.000000000000000 ) ;
#159 = ORIENTED_EDGE ( 'NONE', *, *, #2056, .T. ) ;
#160 = CARTESIAN_POINT ( 'NONE',  ( -14388.56810139493609, 1077.499998843224375, -589.9999999999964757 ) ) ;
#161 = DIRECTION ( 'NONE',  ( 0.000000000000000000, 2.775557561563032853E-16, -1.000000000000000000 ) ) ;
#162 = ORIENTED_EDGE ( 'NONE', *, *, #122, .T. ) ;
#163 = CARTESIAN_POINT ( 'NONE',  ( -11700.00000000000182, 1077.499998843224375, -589.9999999999964757 ) ) ;
#164 = CYLINDRICAL_SURFACE ( 'NONE', #2042, 79.99999999999995737 ) ;
#165 = PLANE ( 'NONE',  #4978 ) ;
#166 = CARTESIAN_POINT ( 'NONE',  ( -26400.00000000000364, 800.0000000000000000, -910.0000000000001137 ) ) ;
#167 = EDGE_CURVE ( 'NONE', #2174, #4149, #3851, .T. ) ;
#168 = DIRECTION ( 'NONE',  ( -1.000000000000000000, 0.000000000000000000, 0.000000000000000000 ) ) ;
#169 = VERTEX_POINT ( 'NONE', #1152 ) ;
#170 = DIRECTION ( 'NONE',  ( -1.000000000000000000, 0.000000000000000000, 0.000000000000000000 ) ) ;
#171 = CARTESIAN_POINT ( 'NONE',  ( -11411.43189860506209, 732.4719190560189190, -589.9999999999965894 ) ) ;
#172 = CARTESIAN_POINT ( 'NONE',  ( -2350.000000000000455, -800.0000000000000000, -910.0000000000001137 ) ) ;
#173 = ORIENTED_EDGE ( 'NONE', *, *, #5063, .F. ) ;
#174 = EDGE_CURVE ( 'NONE', #1072, #2733, #1082, .T. ) ;
#175 = DIRECTION ( 'NONE',  ( 0.000000000000000000, 1.000000000000000000, 0.000000000000000000 ) ) ;
#176 = EDGE_CURVE ( 'NONE', #4627, #496, #3606, .T. ) ;
#177 = EDGE_LOOP ( 'NONE', ( #446, #1190 ) ) ;
#178 = DIRECTION ( 'NONE',  ( 0.000000000000000000, -1.000000000000000000, -0.000000000000000000 ) ) ;
#179 = DIRECTION ( 'NONE',  ( -1.000000000000000000, 0.000000000000000000, 0.000000000000000000 ) ) ;
#180 = ORIENTED_EDGE ( 'NONE', *, *, #2990, .T. ) ;
#181 = CARTESIAN_POINT ( 'NONE',  ( -11658.75177054179585, -1054.999999999997499, -589.9999999999971578 ) ) ;
#182 = ORIENTED_EDGE ( 'NONE', *, *, #3527, .F. ) ;
#183 = CARTESIAN_POINT ( 'NONE',  ( -13680.00000000000000, -1950.712458671873037, -239.9999999999987779 ) ) ;
#184 = ADVANCED_FACE ( 'NONE', ( #243 ), #5028, .F. ) ;
#185 = VERTEX_POINT ( 'NONE', #1058 ) ;
#186 = CARTESIAN_POINT ( 'NONE',  ( -380.0000000000000000, 875.0000000000000000, -1060.000000000000000 ) ) ;
#187 = DIRECTION ( 'NONE',  ( 0.000000000000000000, -1.000000000000000000, 0.000000000000000000 ) ) ;
#188 = AXIS2_PLACEMENT_3D ( 'NONE', #3722, #981, #4168 ) ;
#189 = EDGE_CURVE ( 'NONE', #2644, #1097, #2244, .T. ) ;
#190 = CARTESIAN_POINT ( 'NONE',  ( -11880.00000000000182, 1077.499998843224148, -239.9999999999978684 ) ) ;
#191 = LINE ( 'NONE', #1778, #3275 ) ;
#192 = CARTESIAN_POINT ( 'NONE',  ( -28349.99999999999636, -989.9999999999984084, -960.0000000000019327 ) ) ;
#193 = ORIENTED_EDGE ( 'NONE', *, *, #3256, .F. ) ;
#194 = DIRECTION ( 'NONE',  ( -0.000000000000000000, -1.000000000000000000, -2.775557561563032853E-16 ) ) ;
#195 = PLANE ( 'NONE',  #4886 ) ;
#196 = CARTESIAN_POINT ( 'NONE',  ( -28084.81547102009063, -1190.000000000001592, -1503.936198047713333 ) ) ;
#197 = ORIENTED_EDGE ( 'NONE', *, *, #254, .F. ) ;
#198 = CARTESIAN_POINT ( 'NONE',  ( -5576.316527040904475, 989.9999999999981810, -6660.000000000000909 ) ) ;
#199 = CONTEXT_DEPENDENT_SHAPE_REPRESENTATION ( #3173, #4400 ) ;
#200 = ORIENTED_EDGE ( 'NONE', *, *, #1649, .F. ) ;
#201 = CARTESIAN_POINT ( 'NONE',  ( -13899.99999999999818, -814.9999999999974989, -459.9999999999983515 ) ) ;
#202 = ADVANCED_FACE ( 'NONE', ( #291 ), #1104, .T. ) ;
#203 = LINE ( 'NONE', #1768, #3898 ) ;
#204 = ADVANCED_FACE ( 'NONE', ( #3483 ), #3089, .F. ) ;
#205 = EDGE_LOOP ( 'NONE', ( #3191, #2737, #4410, #4862, #2522, #3343, #545, #928, #3178, #4119, #4007, #1781, #1212, #885, #483, #330 ) ) ;
#206 = FACE_OUTER_BOUND ( 'NONE', #1007, .T. ) ;
#207 = VERTEX_POINT ( 'NONE', #709 ) ;
#208 = CARTESIAN_POINT ( 'NONE',  ( -24483.04291515397199, 1189.999999999998408, -868.8465180732545150 ) ) ;
#209 = CIRCLE ( 'NONE', #1620, 79.99999999999995737 ) ;
#210 = ADVANCED_FACE ( 'NONE', ( #2298 ), #1981, .T. ) ;
#211 = VECTOR ( 'NONE', #1062, 1000.000000000000000 ) ;
#212 = VERTEX_POINT ( 'NONE', #3581 ) ;
#213 = CARTESIAN_POINT ( 'NONE',  ( -13899.99999999999818, -814.9999999999974989, -459.9999999999983515 ) ) ;
#214 =( REPRESENTATION_RELATIONSHIP ('NONE','NONE', #3023, #1941 ) REPRESENTATION_RELATIONSHIP_WITH_TRANSFORMATION ( #2341 )SHAPE_REPRESENTATION_RELATIONSHIP( ) );
#215 = AXIS2_PLACEMENT_3D ( 'NONE', #5046, #1096, #754 ) ;
#216 = LINE ( 'NONE', #4167, #1790 ) ;
#217 = VECTOR ( 'NONE', #1115, 1000.000000000000000 ) ;
#218 = ORIENTED_EDGE ( 'NONE', *, *, #2260, .T. ) ;
#219 = CARTESIAN_POINT ( 'NONE',  ( 616.7948635501689978, -875.0000000000000000, -1060.000000000000000 ) ) ;
#220 = EDGE_CURVE ( 'NONE', #3679, #4223, #1672, .T. ) ;
#221 = ORIENTED_EDGE ( 'NONE', *, *, #2223, .F. ) ;
#222 = AXIS2_PLACEMENT_3D ( 'NONE', #524, #2111, #4951 ) ;
#223 = DIRECTION ( 'NONE',  ( -1.000000000000000000, 0.000000000000000000, 0.000000000000000000 ) ) ;
#224 = CARTESIAN_POINT ( 'NONE',  ( -10255.33188238365256, 1077.499998843224375, -769.9999999999957936 ) ) ;
#225 = LINE ( 'NONE', #196, #4777 ) ;
#226 = VECTOR ( 'NONE', #4962, 1000.000000000000114 ) ;
#227 = ORIENTED_EDGE ( 'NONE', *, *, #4351, .F. ) ;
#228 = VECTOR ( 'NONE', #1678, 1000.000000000000000 ) ;
#229 = PLANE ( 'NONE',  #4900 ) ;
#230 = ORIENTED_EDGE ( 'NONE', *, *, #1169, .T. ) ;
#231 = CARTESIAN_POINT ( 'NONE',  ( -8598.683472959099163, 989.9999999999981810, -6660.000000000000000 ) ) ;
#232 = DIRECTION ( 'NONE',  ( 1.000000000000000000, -0.000000000000000000, -0.000000000000000000 ) ) ;
#233 = DIRECTION ( 'NONE',  ( 0.000000000000000000, 1.000000000000000000, 0.000000000000000000 ) ) ;
#234 = ORIENTED_EDGE ( 'NONE', *, *, #3454, .F. ) ;
#235 = EDGE_CURVE ( 'NONE', #1288, #2443, #1443, .T. ) ;
#236 = VECTOR ( 'NONE', #3612, 1000.000000000000000 ) ;
#237 = DIRECTION ( 'NONE',  ( 0.000000000000000000, -2.413528314402514090E-16, 1.000000000000000000 ) ) ;
#238 = ORIENTED_EDGE ( 'NONE', *, *, #346, .F. ) ;
#239 = CARTESIAN_POINT ( 'NONE',  ( -13975.00000000000182, -800.0000000000000000, -910.0000000000001137 ) ) ;
#240 = CARTESIAN_POINT ( 'NONE',  ( -12543.45001286962361, -715.1018965907420579, -582.5266689850967623 ) ) ;
#241 = VERTEX_POINT ( 'NONE', #1230 ) ;
#242 = FACE_OUTER_BOUND ( 'NONE', #4725, .T. ) ;
#243 = FACE_OUTER_BOUND ( 'NONE', #1030, .T. ) ;
#244 = DIRECTION ( 'NONE',  ( 0.000000000000000000, -1.000000000000000000, -0.000000000000000000 ) ) ;
#245 = ORIENTED_EDGE ( 'NONE', *, *, #1153, .F. ) ;
#246 = CARTESIAN_POINT ( 'NONE',  ( -25524.93198115551422, -989.9999999999990905, 5040.000000000000000 ) ) ;
#247 = DIRECTION ( 'NONE',  ( -1.000000000000000000, 0.000000000000000000, 0.000000000000000000 ) ) ;
#248 = ORIENTED_EDGE ( 'NONE', *, *, #3988, .F. ) ;
#249 = ORIENTED_EDGE ( 'NONE', *, *, #3915, .T. ) ;
#250 = LINE ( 'NONE', #1816, #3904 ) ;
#251 = ORIENTED_EDGE ( 'NONE', *, *, #3181, .F. ) ;
#252 = DIRECTION ( 'NONE',  ( -1.000000000000000000, 0.000000000000000000, 0.000000000000000000 ) ) ;
#253 = CARTESIAN_POINT ( 'NONE',  ( -14119.99999999999818, 814.9999999999970441, -239.9999999999979821 ) ) ;
#254 = EDGE_CURVE ( 'NONE', #1399, #1632, #5178, .T. ) ;
#255 = FACE_OUTER_BOUND ( 'NONE', #2227, .T. ) ;
#256 = ORIENTED_EDGE ( 'NONE', *, *, #1026, .F. ) ;
#257 = EDGE_CURVE ( 'NONE', #5000, #3762, #1954, .T. ) ;
#258 = CARTESIAN_POINT ( 'NONE',  ( -13499.99999999999818, 814.9999999999972715, -306.2059048389984355 ) ) ;
#259 = ORIENTED_EDGE ( 'NONE', *, *, #268, .T. ) ;
#260 = DIRECTION ( 'NONE',  ( -0.000000000000000000, -1.000000000000000000, -2.775557561563032853E-16 ) ) ;
#261 = LINE ( 'NONE', #2136, #1315 ) ;
#262 = ORIENTED_EDGE ( 'NONE', *, *, #3429, .T. ) ;
#263 = VECTOR ( 'NONE', #5096, 1000.000000000000000 ) ;
#264 = EDGE_CURVE ( 'NONE', #564, #4005, #4023, .T. ) ;
#265 = AXIS2_PLACEMENT_3D ( 'NONE', #4939, #1741, #1379 ) ;
#266 = CARTESIAN_POINT ( 'NONE',  ( -11755.71061244390148, -679.9999999999977263, -765.0652677973105256 ) ) ;
#267 = EDGE_CURVE ( 'NONE', #4387, #3866, #2118, .T. ) ;
#268 = EDGE_CURVE ( 'NONE', #1165, #4933, #209, .T. ) ;
#269 = CARTESIAN_POINT ( 'NONE',  ( -11760.14709064067210, -1054.999999999997499, -769.9999999999964757 ) ) ;
#270 = DIRECTION ( 'NONE',  ( -1.000000000000000000, 2.193033135062037489E-16, 0.000000000000000000 ) ) ;
#271 = VECTOR ( 'NONE', #1682, 1000.000000000000000 ) ;
#272 = DIRECTION ( 'NONE',  ( 0.000000000000000000, 0.000000000000000000, 1.000000000000000000 ) ) ;
#273 = LINE ( 'NONE', #3042, #211 ) ;
#274 = ORIENTED_EDGE ( 'NONE', *, *, #409, .F. ) ;
#275 = ORIENTED_EDGE ( 'NONE', *, *, #3900, .T. ) ;
#276 = DIRECTION ( 'NONE',  ( 0.000000000000000000, -1.000000000000000000, -3.301729611148416588E-16 ) ) ;
#277 = VERTEX_POINT ( 'NONE', #3637 ) ;
#278 = DIRECTION ( 'NONE',  ( 0.000000000000000000, 1.000000000000000000, 2.775557561563032853E-16 ) ) ;
#279 = DIRECTION ( 'NONE',  ( 3.912072321290969353E-16, 2.775557561563032853E-16, -1.000000000000000000 ) ) ;
#280 = ORIENTED_EDGE ( 'NONE', *, *, #2494, .T. ) ;
#281 = CARTESIAN_POINT ( 'NONE',  ( -26400.00000000000364, -200.0000000000000000, -825.0000000000001137 ) ) ;
#282 = VECTOR ( 'NONE', #627, 1000.000000000000114 ) ;
#283 = DIRECTION ( 'NONE',  ( -0.9848077530122092416, 0.000000000000000000, -0.1736481776669235033 ) ) ;
#284 = EDGE_CURVE ( 'NONE', #3298, #988, #4444, .T. ) ;
#285 = EDGE_LOOP ( 'NONE', ( #1729, #742, #2146, #66, #1945, #1089, #1871, #3895, #3207, #1998, #1915, #2023, #4755, #1983 ) ) ;
#286 = LINE ( 'NONE', #5129, #3111 ) ;
#287 = DIRECTION ( 'NONE',  ( 0.000000000000000000, 1.000000000000000000, 3.301729611148416588E-16 ) ) ;
#288 = EDGE_CURVE ( 'NONE', #4627, #3779, #2361, .T. ) ;
#289 = ORIENTED_EDGE ( 'NONE', *, *, #587, .T. ) ;
#290 = CARTESIAN_POINT ( 'NONE',  ( -14388.56810139493609, -1077.499998843224375, -589.9999999999971578 ) ) ;
#291 = FACE_OUTER_BOUND ( 'NONE', #4463, .T. ) ;
#292 = AXIS2_PLACEMENT_3D ( 'NONE', #3962, #4280, #4727 ) ;
#293 = CARTESIAN_POINT ( 'NONE',  ( -11700.00000000000182, 814.9999999999972715, -589.9999999999965894 ) ) ;
#294 = CIRCLE ( 'NONE', #4718, 6000.000000000000000 ) ;
#295 = ADVANCED_FACE ( 'NONE', ( #2444 ), #1170, .T. ) ;
#296 = VECTOR ( 'NONE', #784, 1000.000000000000000 ) ;
#297 = LINE ( 'NONE', #5114, #1074 ) ;
#298 = CARTESIAN_POINT ( 'NONE',  ( -11700.00000000000182, 1077.499998843224148, -306.2059048389980376 ) ) ;
#299 = VECTOR ( 'NONE', #4705, 1000.000000000000000 ) ;
#300 = ORIENTED_EDGE ( 'NONE', *, *, #811, .F. ) ;
#301 = ORIENTED_EDGE ( 'NONE', *, *, #4155, .T. ) ;
#302 = DIRECTION ( 'NONE',  ( 0.000000000000000000, 0.9901138386947148096, -0.1402661271484179906 ) ) ;
#303 = VECTOR ( 'NONE', #4927, 1000.000000000000000 ) ;
#304 = ORIENTED_EDGE ( 'NONE', *, *, #1655, .F. ) ;
#305 = LINE ( 'NONE', #4700, #2215 ) ;
#306 = PLANE ( 'NONE',  #1133 ) ;
#307 = VECTOR ( 'NONE', #168, 1000.000000000000000 ) ;
#308 = VECTOR ( 'NONE', #1745, 1000.000000000000000 ) ;
#309 = ORIENTED_EDGE ( 'NONE', *, *, #1357, .F. ) ;
#310 = CARTESIAN_POINT ( 'NONE',  ( -14244.28938755609852, -679.9999999999977263, -765.0652677973105256 ) ) ;
#311 = AXIS2_PLACEMENT_3D ( 'NONE', #1325, #1661, #2920 ) ;
#312 = LINE ( 'NONE', #2261, #3054 ) ;
#313 = ORIENTED_EDGE ( 'NONE', *, *, #667, .T. ) ;
#314 = DIRECTION ( 'NONE',  ( 1.000000000000000000, -2.220446049250313081E-16, 0.000000000000000000 ) ) ;
#315 = CARTESIAN_POINT ( 'NONE',  ( -11658.75177054179585, 1054.999999999997499, -589.9999999999964757 ) ) ;
#316 = ORIENTED_EDGE ( 'NONE', *, *, #2990, .F. ) ;
#317 = EDGE_CURVE ( 'NONE', #2404, #1824, #1255, .T. ) ;
#318 = VECTOR ( 'NONE', #4342, 1000.000000000000000 ) ;
#319 = AXIS2_PLACEMENT_3D ( 'NONE', #114, #502, #1703 ) ;
#320 = DIRECTION ( 'NONE',  ( -0.000000000000000000, -1.000000000000000000, -2.775557561563032853E-16 ) ) ;
#321 = DIRECTION ( 'NONE',  ( -1.000000000000000000, 3.700743415417188263E-17, -3.552713678800500929E-15 ) ) ;
#322 = DIRECTION ( 'NONE',  ( -1.000000000000000000, -0.000000000000000000, -0.000000000000000000 ) ) ;
#323 = EDGE_CURVE ( 'NONE', #611, #3790, #541, .T. ) ;
#324 = VERTEX_POINT ( 'NONE', #2388 ) ;
#325 = ORIENTED_EDGE ( 'NONE', *, *, #4964, .F. ) ;
#326 = LINE ( 'NONE', #1061, #1730 ) ;
#327 = DIRECTION ( 'NONE',  ( -0.9848077530122092416, -2.159716034021766025E-16, -0.1736481776669234756 ) ) ;
#328 = VERTEX_POINT ( 'NONE', #22 ) ;
#329 = EDGE_CURVE ( 'NONE', #4956, #916, #871, .T. ) ;
#330 = ORIENTED_EDGE ( 'NONE', *, *, #1674, .F. ) ;
#331 = ORIENTED_EDGE ( 'NONE', *, *, #264, .T. ) ;
#332 = CARTESIAN_POINT ( 'NONE',  ( -2350.000000000000455, -899.9999999999998863, -910.0000000000001137 ) ) ;
#333 = CARTESIAN_POINT ( 'NONE',  ( -13975.00000000000182, 200.0000000000000000, -825.0000000000001137 ) ) ;
#334 = EDGE_CURVE ( 'NONE', #4933, #3340, #2001, .T. ) ;
#335 = EDGE_LOOP ( 'NONE', ( #2941, #3365, #4706, #705 ) ) ;
#336 = EDGE_CURVE ( 'NONE', #1239, #405, #1704, .T. ) ;
#337 = LINE ( 'NONE', #1922, #4885 ) ;
#338 = DIRECTION ( 'NONE',  ( -3.132904478660053556E-17, -1.000000000000000000, 0.000000000000000000 ) ) ;
#339 = ORIENTED_EDGE ( 'NONE', *, *, #2188, .T. ) ;
#340 = CARTESIAN_POINT ( 'NONE',  ( -12439.85290935933153, -729.4021522441533989, -769.9999999999963620 ) ) ;
#341 = DIRECTION ( 'NONE',  ( -1.000000000000000000, 0.000000000000000000, 0.000000000000000000 ) ) ;
#342 = ORIENTED_EDGE ( 'NONE', *, *, #4672, .F. ) ;
#343 = EDGE_CURVE ( 'NONE', #3126, #592, #2311, .T. ) ;
#344 = DIRECTION ( 'NONE',  ( 0.000000000000000000, -1.000000000000000000, 0.000000000000000000 ) ) ;
#345 = CARTESIAN_POINT ( 'NONE',  ( -24483.04291515397199, -990.0000000000001137, -868.8465180732545150 ) ) ;
#346 = EDGE_CURVE ( 'NONE', #714, #2032, #2055, .T. ) ;
#347 = ORIENTED_EDGE ( 'NONE', *, *, #773, .T. ) ;
#348 = DIRECTION ( 'NONE',  ( 0.000000000000000000, 0.000000000000000000, 1.000000000000000000 ) ) ;
#349 = DIRECTION ( 'NONE',  ( 0.000000000000000000, 1.000000000000000000, 0.000000000000000000 ) ) ;
#350 = ADVANCED_FACE ( 'NONE', ( #2657 ), #946, .F. ) ;
#351 = ORIENTED_EDGE ( 'NONE', *, *, #264, .F. ) ;
#352 = AXIS2_PLACEMENT_3D ( 'NONE', #533, #440, #4097 ) ;
#353 = DIRECTION ( 'NONE',  ( 0.000000000000000000, 1.000000000000000000, 3.301729611148416588E-16 ) ) ;
#354 = CYLINDRICAL_SURFACE ( 'NONE', #4728, 460.0000000000000568 ) ;
#355 = DIRECTION ( 'NONE',  ( 1.000000000000000000, -2.193033135062037489E-16, 0.000000000000000000 ) ) ;
#356 = AXIS2_PLACEMENT_3D ( 'NONE', #3378, #609, #1806 ) ;
#357 = VERTEX_POINT ( 'NONE', #3748 ) ;
#358 = DIRECTION ( 'NONE',  ( -1.224646799147353207E-16, 1.000000000000000000, -0.000000000000000000 ) ) ;
#359 = DIRECTION ( 'NONE',  ( 0.000000000000000000, 0.000000000000000000, 1.000000000000000000 ) ) ;
#360 = EDGE_CURVE ( 'NONE', #2894, #4005, #917, .T. ) ;
#361 = EDGE_LOOP ( 'NONE', ( #2858, #2060, #4963, #3072 ) ) ;
#362 = EDGE_CURVE ( 'NONE', #4333, #1822, #1775, .T. ) ;
#363 = LINE ( 'NONE', #3058, #3692 ) ;
#364 = DIRECTION ( 'NONE',  ( -1.000000000000000000, 3.700743415417188263E-17, 0.000000000000000000 ) ) ;
#365 = ORIENTED_EDGE ( 'NONE', *, *, #3381, .F. ) ;
#366 = CARTESIAN_POINT ( 'NONE',  ( -28350.00000000000000, 875.0000000000000000, -980.0000000000001137 ) ) ;
#367 = CARTESIAN_POINT ( 'NONE',  ( -28966.79486355017070, -875.0000000000000000, -1060.000000000000000 ) ) ;
#368 = VERTEX_POINT ( 'NONE', #1695 ) ;
#369 = CARTESIAN_POINT ( 'NONE',  ( -12543.45001286962361, 715.1018965907419442, -582.5266689850964212 ) ) ;
#370 = FACE_OUTER_BOUND ( 'NONE', #335, .T. ) ;
#371 = AXIS2_PLACEMENT_3D ( 'NONE', #4367, #788, #1177 ) ;
#372 = ORIENTED_EDGE ( 'NONE', *, *, #1815, .T. ) ;
#373 = EDGE_CURVE ( 'NONE', #786, #4223, #4133, .T. ) ;
#374 = AXIS2_PLACEMENT_3D ( 'NONE', #4472, #2362, #1257 ) ;
#375 = CARTESIAN_POINT ( 'NONE',  ( -13899.99999999999818, 679.9999999999977263, -459.9999999999979536 ) ) ;
#376 = ORIENTED_EDGE ( 'NONE', *, *, #890, .T. ) ;
#377 = VECTOR ( 'NONE', #1359, 1000.000000000000000 ) ;
#378 = DIRECTION ( 'NONE',  ( -1.000000000000000000, -0.000000000000000000, -0.000000000000000000 ) ) ;
#379 = AXIS2_PLACEMENT_3D ( 'NONE', #3672, #2397, #2806 ) ;
#380 = DIRECTION ( 'NONE',  ( 1.000000000000000000, -1.085818191274059690E-31, 3.912072321290969353E-16 ) ) ;
#381 = ORIENTED_EDGE ( 'NONE', *, *, #706, .F. ) ;
#383 = CARTESIAN_POINT ( 'NONE',  ( -1950.000000000001137, -1189.999999999998863, -960.0000000000002274 ) ) ;
#382 = CIRCLE ( 'NONE', #3639, 277.7941176470602045 ) ;
#384 =( NAMED_UNIT ( * ) SI_UNIT ( $, .STERADIAN. ) SOLID_ANGLE_UNIT ( ) );
#385 = VERTEX_POINT ( 'NONE', #494 ) ;
#386 = DIRECTION ( 'NONE',  ( 0.000000000000000000, 1.000000000000000000, 3.301729611148416588E-16 ) ) ;
#387 = PLANE ( 'NONE',  #2828 ) ;
#388 = EDGE_LOOP ( 'NONE', ( #4365, #4609, #2352, #3085 ) ) ;
#389 = CIRCLE ( 'NONE', #4150, 229.9999999211528348 ) ;
#390 = AXIS2_PLACEMENT_3D ( 'NONE', #1651, #1572, #348 ) ;
#391 = CARTESIAN_POINT ( 'NONE',  ( -13975.00000000000182, 899.9999999999998863, -910.0000000000001137 ) ) ;
#392 = EDGE_CURVE ( 'NONE', #763, #2727, #2623, .T. ) ;
#393 = CARTESIAN_POINT ( 'NONE',  ( -12320.00000000000000, -814.9999999999974989, -517.7941176470593518 ) ) ;
#394 = AXIS2_PLACEMENT_3D ( 'NONE', #2916, #2534, #4143 ) ;
#395 = ORIENTED_EDGE ( 'NONE', *, *, #1693, .F. ) ;
#396 = DIRECTION ( 'NONE',  ( 0.000000000000000000, 0.000000000000000000, 1.000000000000000000 ) ) ;
#397 = CARTESIAN_POINT ( 'NONE',  ( -1950.000000000000682, 1189.999999999998408, -960.0000000000002274 ) ) ;
#398 = ORIENTED_EDGE ( 'NONE', *, *, #1237, .F. ) ;
#399 = AXIS2_PLACEMENT_3D ( 'NONE', #1743, #1819, #4965 ) ;
#400 = DIRECTION ( 'NONE',  ( 0.000000000000000000, -4.827056628805028179E-16, 1.000000000000000000 ) ) ;
#401 = EDGE_LOOP ( 'NONE', ( #1110, #4631, #3031, #4075, #4889 ) ) ;
#402 = PLANE ( 'NONE',  #3556 ) ;
#403 = EDGE_CURVE ( 'NONE', #3263, #564, #2909, .T. ) ;
#404 = CARTESIAN_POINT ( 'NONE',  ( -11411.43189860506209, 877.4999988432243754, -589.9999999999965894 ) ) ;
#405 = VERTEX_POINT ( 'NONE', #2956 ) ;
#406 = PLANE ( 'NONE',  #292 ) ;
#407 = VERTEX_POINT ( 'NONE', #675 ) ;
#408 = LINE ( 'NONE', #2782, #3867 ) ;
#409 = EDGE_CURVE ( 'NONE', #1793, #3451, #1877, .T. ) ;
#410 = PLANE ( 'NONE',  #2454 ) ;
#411 = CARTESIAN_POINT ( 'NONE',  ( -13899.99999999999818, -679.9999999999977263, -909.9999999999982947 ) ) ;
#412 = EDGE_CURVE ( 'NONE', #2020, #2919, #2259, .T. ) ;
#413 = EDGE_LOOP ( 'NONE', ( #3324, #3410, #3787, #498 ) ) ;
#414 = CARTESIAN_POINT ( 'NONE',  ( -10255.33188238365256, 732.4719190560189190, -589.9999999999965894 ) ) ;
#415 = ORIENTED_EDGE ( 'NONE', *, *, #2507, .T. ) ;
#416 = DIRECTION ( 'NONE',  ( 1.000000000000000000, 0.000000000000000000, 0.000000000000000000 ) ) ;
#417 = CARTESIAN_POINT ( 'NONE',  ( -11411.43189860506209, 1.251372518897804489E-14, -755.0854464784850961 ) ) ;
#418 = EDGE_CURVE ( 'NONE', #5000, #3935, #2077, .T. ) ;
#419 = ORIENTED_EDGE ( 'NONE', *, *, #3285, .T. ) ;
#420 = EDGE_CURVE ( 'NONE', #611, #2672, #5074, .T. ) ;
#421 = DIRECTION ( 'NONE',  ( 0.000000000000000000, -0.1402661271484180183, 0.9901138386947149206 ) ) ;
#422 = DIRECTION ( 'NONE',  ( -0.9848077530122092416, -3.085308620031094321E-17, 0.1736481776669237531 ) ) ;
#423 = VERTEX_POINT ( 'NONE', #3471 ) ;
#424 = LINE ( 'NONE', #3616, #2551 ) ;
#425 = ORIENTED_EDGE ( 'NONE', *, *, #868, .T. ) ;
#426 = DIRECTION ( 'NONE',  ( 0.000000000000000000, 1.000000000000000000, 2.775557561563032853E-16 ) ) ;
#427 = CARTESIAN_POINT ( 'NONE',  ( -13456.54998713038003, 715.1018965907419442, -582.5266689850964212 ) ) ;
#428 = DIRECTION ( 'NONE',  ( 0.000000000000000000, -2.413528314402514090E-16, 1.000000000000000000 ) ) ;
#429 = ORIENTED_EDGE ( 'NONE', *, *, #4337, .T. ) ;
#430 = DIRECTION ( 'NONE',  ( -0.000000000000000000, -2.775557561563032853E-16, 1.000000000000000000 ) ) ;
#431 = ORIENTED_EDGE ( 'NONE', *, *, #1404, .T. ) ;
#432 = AXIS2_PLACEMENT_3D ( 'NONE', #1028, #4899, #2143 ) ;
#433 = CARTESIAN_POINT ( 'NONE',  ( -1950.000000000000682, 0.000000000000000000, 0.000000000000000000 ) ) ;
#434 = PLANE ( 'NONE',  #725 ) ;
#435 = PRODUCT_DEFINITION_SHAPE ( 'NONE', 'NONE',  #5185 ) ;
#436 = CARTESIAN_POINT ( 'NONE',  ( -11700.00000000000182, -814.9999999999974989, -589.9999999999970441 ) ) ;
#437 = VECTOR ( 'NONE', #2097, 1000.000000000000000 ) ;
#438 = VERTEX_POINT ( 'NONE', #3868 ) ;
#439 = EDGE_CURVE ( 'NONE', #1233, #2010, #1488, .T. ) ;
#440 = DIRECTION ( 'NONE',  ( 0.000000000000000000, 0.000000000000000000, 1.000000000000000000 ) ) ;
#441 = ADVANCED_FACE ( 'NONE', ( #3349 ), #3688, .F. ) ;
#442 = VERTEX_POINT ( 'NONE', #3293 ) ;
#443 = CARTESIAN_POINT ( 'NONE',  ( -26000.00000000000000, -800.0000000000000000, -910.0000000000001137 ) ) ;
#444 = DIRECTION ( 'NONE',  ( 1.000000000000000000, 0.000000000000000000, 0.000000000000000000 ) ) ;
#445 = VECTOR ( 'NONE', #2161, 1000.000000000000114 ) ;
#446 = ORIENTED_EDGE ( 'NONE', *, *, #2494, .F. ) ;
#447 = PLANE ( 'NONE',  #3501 ) ;
#448 = FACE_OUTER_BOUND ( 'NONE', #4487, .T. ) ;
#449 = EDGE_LOOP ( 'NONE', ( #2112, #1697, #2234, #4170, #1456, #2191, #5093, #2531 ) ) ;
#450 = LINE ( 'NONE', #2033, #3400 ) ;
#451 = ORIENTED_EDGE ( 'NONE', *, *, #4535, .F. ) ;
#452 = DIRECTION ( 'NONE',  ( -0.000000000000000000, 1.000000000000000000, -0.000000000000000000 ) ) ;
#453 = CARTESIAN_POINT ( 'NONE',  ( -2.914659381970696526E-13, 1189.999999999998408, -960.0000000000002274 ) ) ;
#454 = VECTOR ( 'NONE', #2006, 1000.000000000000000 ) ;
#455 = CARTESIAN_POINT ( 'NONE',  ( -25524.93198115551422, 1189.999999999998408, 5040.000000000000000 ) ) ;
#456 = VERTEX_POINT ( 'NONE', #4894 ) ;
#457 = LINE ( 'NONE', #1244, #1479 ) ;
#458 = VECTOR ( 'NONE', #3791, 1000.000000000000114 ) ;
#459 = AXIS2_PLACEMENT_3D ( 'NONE', #2350, #3958, #2427 ) ;
#460 = ORIENTED_EDGE ( 'NONE', *, *, #4498, .F. ) ;
#461 = PLANE ( 'NONE',  #3183 ) ;
#462 = CARTESIAN_POINT ( 'NONE',  ( -3866.957084846028465, -1190.000000000001592, -868.8465180732546287 ) ) ;
#463 = CARTESIAN_POINT ( 'NONE',  ( -4534.427461039362242, -1190.000000000001592, -751.1534819267454850 ) ) ;
#464 = AXIS2_PLACEMENT_3D ( 'NONE', #4598, #4122, #1329 ) ;
#465 = AXIS2_PLACEMENT_3D ( 'NONE', #2626, #4227, #252 ) ;
#466 = ORIENTED_EDGE ( 'NONE', *, *, #2848, .F. ) ;
#467 = VECTOR ( 'NONE', #2013, 1000.000000000000000 ) ;
#468 = CARTESIAN_POINT ( 'NONE',  ( -14588.56810139493791, -278.9021535255452022, -725.0000000000053433 ) ) ;
#469 = ADVANCED_FACE ( 'NONE', ( #4950 ), #1312, .F. ) ;
#470 = VERTEX_POINT ( 'NONE', #523 ) ;
#471 = AXIS2_PLACEMENT_3D ( 'NONE', #4720, #2728, #4327 ) ;
#472 = DIRECTION ( 'NONE',  ( 0.000000000000000000, -2.413528314402513597E-16, 1.000000000000000000 ) ) ;
#473 = PLANE ( 'NONE',  #1050 ) ;
#474 = ORIENTED_EDGE ( 'NONE', *, *, #1641, .T. ) ;
#475 = DIRECTION ( 'NONE',  ( 0.000000000000000000, -0.9901138386947148096, -0.1402661271484180183 ) ) ;
#476 = VERTEX_POINT ( 'NONE', #3325 ) ;
#477 = VECTOR ( 'NONE', #1439, 1000.000000000000000 ) ;
#478 = CARTESIAN_POINT ( 'NONE',  ( -13680.00000000000000, 814.9999999999972715, -239.9999999999979821 ) ) ;
#479 = VERTEX_POINT ( 'NONE', #4926 ) ;
#480 = CARTESIAN_POINT ( 'NONE',  ( -2350.000000000000455, -1189.999999999998408, -960.0000000000002274 ) ) ;
#481 = CARTESIAN_POINT ( 'NONE',  ( -13452.71931086792210, 679.9999999999977263, -567.4243228023077563 ) ) ;
#482 = PLANE ( 'NONE',  #1175 ) ;
#483 = ORIENTED_EDGE ( 'NONE', *, *, #4513, .F. ) ;
#484 = DIRECTION ( 'NONE',  ( -1.000000000000000000, -0.000000000000000000, -0.000000000000000000 ) ) ;
#485 = SURFACE_STYLE_FILL_AREA ( #2757 ) ;
#486 = ORIENTED_EDGE ( 'NONE', *, *, #2590, .T. ) ;
#487 = CARTESIAN_POINT ( 'NONE',  ( -13975.00000000000182, 1189.999999999998408, -960.0000000000002274 ) ) ;
#488 = EDGE_CURVE ( 'NONE', #1013, #4494, #2138, .T. ) ;
#489 = EDGE_CURVE ( 'NONE', #1160, #4713, #3129, .T. ) ;
#490 = ORIENTED_EDGE ( 'NONE', *, *, #1692, .T. ) ;
#491 = ORIENTED_EDGE ( 'NONE', *, *, #890, .F. ) ;
#492 = DIRECTION ( 'NONE',  ( 0.000000000000000000, 0.9854601157443478865, -0.1699069165076472210 ) ) ;
#493 = VERTEX_POINT ( 'NONE', #1189 ) ;
#494 = CARTESIAN_POINT ( 'NONE',  ( -23815.57253896063776, -990.0000000000002274, -751.1534819267455987 ) ) ;
#495 = CARTESIAN_POINT ( 'NONE',  ( -14175.00000000000000, -1190.000000000001592, -960.0000000000002274 ) ) ;
#496 = VERTEX_POINT ( 'NONE', #4308 ) ;
#497 = DIRECTION ( 'NONE',  ( 0.000000000000000000, -0.000000000000000000, 1.000000000000000000 ) ) ;
#498 = ORIENTED_EDGE ( 'NONE', *, *, #4050, .T. ) ;
#499 = CARTESIAN_POINT ( 'NONE',  ( -11658.75177054179585, 732.4719190560189190, -589.9999999999965894 ) ) ;
#500 = EDGE_CURVE ( 'NONE', #2250, #2868, #3172, .T. ) ;
#501 = ORIENTED_EDGE ( 'NONE', *, *, #2647, .F. ) ;
#502 = DIRECTION ( 'NONE',  ( -2.193033135062037489E-16, 1.000000000000000000, 0.000000000000000000 ) ) ;
#503 = LINE ( 'NONE', #1736, #1203 ) ;
#504 = CARTESIAN_POINT ( 'NONE',  ( -14299.99999999999818, 1950.712458671872810, -589.9999999999963620 ) ) ;
#505 = EDGE_LOOP ( 'NONE', ( #4780, #419, #3213, #2688 ) ) ;
#506 = DIRECTION ( 'NONE',  ( 0.000000000000000000, 1.000000000000000000, 3.301729611148416588E-16 ) ) ;
#507 = SHAPE_REPRESENTATION_RELATIONSHIP ( 'NONE' , 'NONE' ,  #1941, #3548 ) ;
#508 = VERTEX_POINT ( 'NONE', #383 ) ;
#509 = LINE ( 'NONE', #1431, #437 ) ;
#510 = PRODUCT_DEFINITION_FORMATION_WITH_SPECIFIED_SOURCE ( 'TUTTO', '', #2424, .NOT_KNOWN. ) ;
#511 = FILL_AREA_STYLE ('',( #4072 ) ) ;
#512 =( BOUNDED_CURVE ( )  B_SPLINE_CURVE ( 3, ( #817, #369, #1199, #1594 ),
 .UNSPECIFIED., .F., .T. ) 
 B_SPLINE_CURVE_WITH_KNOTS ( ( 4, 4 ),
 ( 1.284283745212837724, 1.335088666923594625 ),
 .UNSPECIFIED. ) 
 CURVE ( )  GEOMETRIC_REPRESENTATION_ITEM ( )  RATIONAL_B_SPLINE_CURVE ( ( 1.000000000000000000, 0.9997849165603801547, 0.9997849165603801547, 1.000000000000000000 ) ) 
 REPRESENTATION_ITEM ( '' )  );
#513 = DIRECTION ( 'NONE',  ( -1.000000000000000000, 0.000000000000000000, 0.000000000000000000 ) ) ;
#514 = ORIENTED_EDGE ( 'NONE', *, *, #2406, .F. ) ;
#515 = ADVANCED_FACE ( 'NONE', ( #1535 ), #4750, .F. ) ;
#516 = ADVANCED_FACE ( 'NONE', ( #3595 ), #406, .F. ) ;
#517 = AXIS2_PLACEMENT_3D ( 'NONE', #1142, #3080, #2732 ) ;
#518 = VECTOR ( 'NONE', #3243, 1000.000000000000114 ) ;
#519 = DIRECTION ( 'NONE',  ( 1.000000000000000000, -0.000000000000000000, -0.000000000000000000 ) ) ;
#520 = ORIENTED_EDGE ( 'NONE', *, *, #829, .F. ) ;
#521 = AXIS2_PLACEMENT_3D ( 'NONE', #1875, #2711, #4284 ) ;
#522 = ORIENTED_EDGE ( 'NONE', *, *, #2598, .F. ) ;
#523 = CARTESIAN_POINT ( 'NONE',  ( -14341.24822945820415, 732.4719190560189190, -589.9999999999965894 ) ) ;
#524 = CARTESIAN_POINT ( 'NONE',  ( -12100.00000000000182, -814.9999999999972715, -909.9999999999987494 ) ) ;
#525 = ORIENTED_EDGE ( 'NONE', *, *, #695, .F. ) ;
#526 = PLANE ( 'NONE',  #1542 ) ;
#527 = DIRECTION ( 'NONE',  ( 7.824144642581933777E-16, 2.775557561563032853E-16, -1.000000000000000000 ) ) ;
#528 = CYLINDRICAL_SURFACE ( 'NONE', #806, 79.99999999999995737 ) ;
#529 = VECTOR ( 'NONE', #4781, 1000.000000000000000 ) ;
#530 = ORIENTED_EDGE ( 'NONE', *, *, #4026, .T. ) ;
#531 = DIRECTION ( 'NONE',  ( 0.000000000000000000, -1.000000000000000000, -2.775557561563032853E-16 ) ) ;
#532 = CARTESIAN_POINT ( 'NONE',  ( -26000.00000000000000, 1189.999999999998408, -960.0000000000002274 ) ) ;
#533 = CARTESIAN_POINT ( 'NONE',  ( -380.0000000000000000, -875.0000000000000000, -1060.000000000000000 ) ) ;
#534 = ORIENTED_EDGE ( 'NONE', *, *, #2735, .F. ) ;
#535 = LINE ( 'NONE', #2123, #982 ) ;
#536 = CARTESIAN_POINT ( 'NONE',  ( 0.000000000000000000, 0.000000000000000000, 0.000000000000000000 ) ) ;
#537 = ORIENTED_EDGE ( 'NONE', *, *, #3318, .T. ) ;
#538 = DIRECTION ( 'NONE',  ( 0.000000000000000000, -1.000000000000000000, -5.551115123125784674E-16 ) ) ;
#539 = DIRECTION ( 'NONE',  ( -1.000000000000000000, 0.000000000000000000, 0.000000000000000000 ) ) ;
#540 = ORIENTED_EDGE ( 'NONE', *, *, #3741, .T. ) ;
#541 = CIRCLE ( 'NONE', #126, 199.9999999999999432 ) ;
#542 = AXIS2_PLACEMENT_3D ( 'NONE', #4220, #744, #1836 ) ;
#543 = VECTOR ( 'NONE', #3773, 1000.000000000000000 ) ;
#544 = FACE_OUTER_BOUND ( 'NONE', #3540, .T. ) ;
#545 = ORIENTED_EDGE ( 'NONE', *, *, #5044, .T. ) ;
#546 = PLANE ( 'NONE',  #3539 ) ;
#547 =( BOUNDED_CURVE ( )  B_SPLINE_CURVE ( 3, ( #3500, #2682, #699, #310 ),
 .UNSPECIFIED., .F., .T. ) 
 B_SPLINE_CURVE_WITH_KNOTS ( ( 4, 4 ),
 ( 0.8313038383525108710, 0.8457296285623810972 ),
 .UNSPECIFIED. ) 
 CURVE ( )  GEOMETRIC_REPRESENTATION_ITEM ( )  RATIONAL_B_SPLINE_CURVE ( ( 1.000000000000000000, 0.9999826581232540423, 0.9999826581232540423, 1.000000000000000000 ) ) 
 REPRESENTATION_ITEM ( '' )  );
#548 = CARTESIAN_POINT ( 'NONE',  ( -19751.31652704090084, -1190.000000000000227, -6660.000000000000000 ) ) ;
#549 = VECTOR ( 'NONE', #583, 1000.000000000000000 ) ;
#550 = EDGE_CURVE ( 'NONE', #1702, #781, #2284, .T. ) ;
#551 = ORIENTED_EDGE ( 'NONE', *, *, #4430, .F. ) ;
#552 = CARTESIAN_POINT ( 'NONE',  ( -1.259562753036178918E-13, 1189.999999999998408, -660.0000000000019327 ) ) ;
#553 = DIRECTION ( 'NONE',  ( 0.000000000000000000, -2.413528314402513597E-16, 1.000000000000000000 ) ) ;
#554 = AXIS2_PLACEMENT_3D ( 'NONE', #4650, #380, #279 ) ;
#555 = DIRECTION ( 'NONE',  ( -0.000000000000000000, -1.000000000000000000, -3.301729611148416588E-16 ) ) ;
#556 = ADVANCED_FACE ( 'NONE', ( #5150 ), #3922, .F. ) ;
#557 = CARTESIAN_POINT ( 'NONE',  ( -12500.00000000000182, -1950.712458671872810, -589.9999999999973852 ) ) ;
#558 = VECTOR ( 'NONE', #4593, 1000.000000000000000 ) ;
#559 = CARTESIAN_POINT ( 'NONE',  ( -28187.75597880006899, 1189.999999999998408, 920.1315677728725859 ) ) ;
#560 = EDGE_LOOP ( 'NONE', ( #2410, #73, #3240, #4443 ) ) ;
#561 = CARTESIAN_POINT ( 'NONE',  ( -12320.00000000000000, 1950.712458671872810, -517.7941176470586697 ) ) ;
#562 = DIRECTION ( 'NONE',  ( 0.000000000000000000, 0.000000000000000000, 1.000000000000000000 ) ) ;
#563 = DIRECTION ( 'NONE',  ( -2.193033135062037489E-16, 1.000000000000000000, 0.000000000000000000 ) ) ;
#564 = VERTEX_POINT ( 'NONE', #2376 ) ;
#565 = CARTESIAN_POINT ( 'NONE',  ( -26400.00000000000364, -899.9999999999998863, -910.0000000000001137 ) ) ;
#566 = EDGE_CURVE ( 'NONE', #4002, #212, #1118, .T. ) ;
#567 = ORIENTED_EDGE ( 'NONE', *, *, #1414, .F. ) ;
#568 = AXIS2_PLACEMENT_3D ( 'NONE', #5010, #2669, #1451 ) ;
#569 = CARTESIAN_POINT ( 'NONE',  ( -14341.24822945820415, -814.9999999999974989, -589.9999999999970441 ) ) ;
#570 = LINE ( 'NONE', #4514, #884 ) ;
#571 = CARTESIAN_POINT ( 'NONE',  ( -2350.000000000000455, 899.9999999999998863, -910.0000000000001137 ) ) ;
#572 = EDGE_LOOP ( 'NONE', ( #3009, #3617, #1401, #4691 ) ) ;
#573 = CARTESIAN_POINT ( 'NONE',  ( -11611.43189860506391, 877.4999988432243754, -769.9999999999959073 ) ) ;
#574 = EDGE_CURVE ( 'NONE', #2894, #2020, #5171, .T. ) ;
#575 = EDGE_LOOP ( 'NONE', ( #1719, #3690, #3069, #108, #1187, #3248, #2393, #4018, #4380 ) ) ;
#576 = CARTESIAN_POINT ( 'NONE',  ( -11652.71931086792392, 679.9999999999977263, -567.4243228023077563 ) ) ;
#577 = CARTESIAN_POINT ( 'NONE',  ( -11700.00000000000182, 814.9999999999972715, -306.2059048389982081 ) ) ;
#578 = EDGE_CURVE ( 'NONE', #385, #2927, #776, .T. ) ;
#579 = AXIS2_PLACEMENT_3D ( 'NONE', #4659, #1021, #2952 ) ;
#580 = ORIENTED_EDGE ( 'NONE', *, *, #1699, .T. ) ;
#581 = DIRECTION ( 'NONE',  ( 0.000000000000000000, 1.000000000000000000, 2.775557561563032853E-16 ) ) ;
#582 = CARTESIAN_POINT ( 'NONE',  ( -13899.99999999999818, -1054.999999999997726, 1.665334536937734811E-12 ) ) ;
#583 = DIRECTION ( 'NONE',  ( 0.000000000000000000, -2.775557561563032853E-16, 1.000000000000000000 ) ) ;
#584 = CARTESIAN_POINT ( 'NONE',  ( 616.7948635501689978, 875.0000000000000000, -1060.000000000000000 ) ) ;
#585 = PLANE ( 'NONE',  #4568 ) ;
#586 = EDGE_CURVE ( 'NONE', #781, #2715, #11, .T. ) ;
#587 = EDGE_CURVE ( 'NONE', #1712, #2874, #547, .T. ) ;
#588 = VERTEX_POINT ( 'NONE', #1095 ) ;
#589 = CARTESIAN_POINT ( 'NONE',  ( -11611.43189860506391, 1077.499998843224375, -769.9999999999957936 ) ) ;
#590 = DIRECTION ( 'NONE',  ( -0.000000000000000000, 1.000000000000000000, -0.000000000000000000 ) ) ;
#591 = FACE_OUTER_BOUND ( 'NONE', #2193, .T. ) ;
#592 = VERTEX_POINT ( 'NONE', #1900 ) ;
#593 = CARTESIAN_POINT ( 'NONE',  ( -14341.24822945820415, 814.9999999999972715, -589.9999999999965894 ) ) ;
#594 = SHAPE_DEFINITION_REPRESENTATION ( #65, #717 ) ;
#595 = ORIENTED_EDGE ( 'NONE', *, *, #1467, .T. ) ;
#596 = LINE ( 'NONE', #121, #4920 ) ;
#597 = DIRECTION ( 'NONE',  ( -3.912072321290969353E-16, 2.775557561563032853E-16, -1.000000000000000000 ) ) ;
#598 = CARTESIAN_POINT ( 'NONE',  ( -12100.00000000000182, 679.9999999999976126, 2.053912595556539600E-12 ) ) ;
#599 = ORIENTED_EDGE ( 'NONE', *, *, #19, .F. ) ;
#600 = CARTESIAN_POINT ( 'NONE',  ( -1950.000000000000682, -200.0000000000000000, -825.0000000000001137 ) ) ;
#601 = EDGE_LOOP ( 'NONE', ( #1217, #1774 ) ) ;
#602 = CARTESIAN_POINT ( 'NONE',  ( -8598.683472959099163, -990.0000000000000000, -6660.000000000000000 ) ) ;
#603 = EDGE_LOOP ( 'NONE', ( #1660, #3910 ) ) ;
#604 = EDGE_CURVE ( 'NONE', #991, #470, #5101, .T. ) ;
#605 = CARTESIAN_POINT ( 'NONE',  ( -15744.66811761634744, 729.4021522441533989, -769.9999999999959073 ) ) ;
#606 = EDGE_CURVE ( 'NONE', #2874, #1518, #337, .T. ) ;
#607 = VECTOR ( 'NONE', #1423, 1000.000000000000000 ) ;
#608 = CARTESIAN_POINT ( 'NONE',  ( -26400.00000000000364, 899.9999999999998863, -910.0000000000001137 ) ) ;
#609 = DIRECTION ( 'NONE',  ( 2.193033135062037489E-16, -1.000000000000000000, -0.000000000000000000 ) ) ;
#610 = CARTESIAN_POINT ( 'NONE',  ( -13560.14709064066847, -729.4021522441533989, -769.9999999999963620 ) ) ;
#611 = VERTEX_POINT ( 'NONE', #5126 ) ;
#612 = CARTESIAN_POINT ( 'NONE',  ( 616.7948635501689978, -795.0000000000001137, -1060.000000000000000 ) ) ;
#613 = CARTESIAN_POINT ( 'NONE',  ( -5576.316527040903566, 989.9999999999981810, -660.0000000000007958 ) ) ;
#614 = CARTESIAN_POINT ( 'NONE',  ( -1950.000000000000682, 899.9999999999998863, -910.0000000000001137 ) ) ;
#615 = ADVANCED_FACE ( 'NONE', ( #2734 ), #752, .F. ) ;
#616 = ORIENTED_EDGE ( 'NONE', *, *, #1251, .F. ) ;
#617 = PRODUCT ( 'Y25_BackwardBogies_MediumDetailed', 'Y25_BackwardBogies_MediumDetailed', '', ( #4486 ) ) ;
#618 = DIRECTION ( 'NONE',  ( 0.000000000000000000, 0.000000000000000000, -1.000000000000000000 ) ) ;
#619 =( NAMED_UNIT ( * ) PLANE_ANGLE_UNIT ( ) SI_UNIT ( $, .RADIAN. ) );
#620 = VERTEX_POINT ( 'NONE', #4856 ) ;
#621 = CARTESIAN_POINT ( 'NONE',  ( -28350.00000000000000, 1189.999999999998408, -1160.000000000000227 ) ) ;
#622 = CIRCLE ( 'NONE', #782, 277.7941176470602045 ) ;
#623 = CARTESIAN_POINT ( 'NONE',  ( -28966.79486355017070, 875.0000000000000000, -1060.000000000000000 ) ) ;
#624 = ORIENTED_EDGE ( 'NONE', *, *, #3118, .T. ) ;
#625 = DIRECTION ( 'NONE',  ( 0.000000000000000000, -1.000000000000000000, -2.249385511977649118E-16 ) ) ;
#626 = ORIENTED_EDGE ( 'NONE', *, *, #3140, .T. ) ;
#627 = DIRECTION ( 'NONE',  ( 0.000000000000000000, 0.9901138386947148096, 0.1402661271484180183 ) ) ;
#628 = LINE ( 'NONE', #1417, #2815 ) ;
#629 = AXIS2_PLACEMENT_3D ( 'NONE', #186, #3055, #5043 ) ;
#630 = AXIS2_PLACEMENT_3D ( 'NONE', #4499, #4557, #2561 ) ;
#631 = EDGE_LOOP ( 'NONE', ( #2074, #520, #1491, #5088 ) ) ;
#632 = VECTOR ( 'NONE', #3430, 1000.000000000000000 ) ;
#633 = CARTESIAN_POINT ( 'NONE',  ( -2825.068018844486232, 0.000000000000000000, 5040.000000000000000 ) ) ;
#634 = AXIS2_PLACEMENT_3D ( 'NONE', #4305, #2281, #355 ) ;
#635 = CARTESIAN_POINT ( 'NONE',  ( -10255.33188238365256, -814.9999999999972715, -769.9999999999963620 ) ) ;
#636 = DIRECTION ( 'NONE',  ( -1.000000000000000000, 3.700743415417188263E-17, 0.000000000000000000 ) ) ;
#637 = EDGE_CURVE ( 'NONE', #3762, #4839, #2092, .T. ) ;
#638 = AXIS2_PLACEMENT_3D ( 'NONE', #2180, #2208, #2603 ) ;
#639 = CARTESIAN_POINT ( 'NONE',  ( -11700.00000000000182, -1077.499998843224375, -589.9999999999971578 ) ) ;
#640 = EDGE_CURVE ( 'NONE', #1565, #3760, #4067, .T. ) ;
#641 = ORIENTED_EDGE ( 'NONE', *, *, #1970, .F. ) ;
#642 = ORIENTED_EDGE ( 'NONE', *, *, #106, .T. ) ;
#643 = AXIS2_PLACEMENT_3D ( 'NONE', #3493, #5167, #302 ) ;
#644 = DIRECTION ( 'NONE',  ( 1.000000000000000000, 3.700743415417188263E-17, 0.000000000000000000 ) ) ;
#645 = ORIENTED_EDGE ( 'NONE', *, *, #4823, .T. ) ;
#646 = CARTESIAN_POINT ( 'NONE',  ( -14388.56810139493609, 1077.499998843224375, -769.9999999999957936 ) ) ;
#647 = CARTESIAN_POINT ( 'NONE',  ( -10255.33188238365256, -732.4719190560189190, -589.9999999999970441 ) ) ;
#648 = ORIENTED_EDGE ( 'NONE', *, *, #4212, .T. ) ;
#649 = AXIS2_PLACEMENT_3D ( 'NONE', #3780, #4563, #953 ) ;
#650 = CYLINDRICAL_SURFACE ( 'NONE', #215, 277.7941176470602045 ) ;
#651 = EDGE_CURVE ( 'NONE', #908, #1511, #1951, .T. ) ;
#652 = ORIENTED_EDGE ( 'NONE', *, *, #3139, .F. ) ;
#653 = EDGE_CURVE ( 'NONE', #1198, #988, #4879, .T. ) ;
#654 = LINE ( 'NONE', #970, #863 ) ;
#655 = CARTESIAN_POINT ( 'NONE',  ( -12320.00000000000000, -1077.499998843224603, -239.9999999999985505 ) ) ;
#656 = ADVANCED_FACE ( 'NONE', ( #4089 ), #150, .F. ) ;
#657 = ORIENTED_EDGE ( 'NONE', *, *, #1734, .F. ) ;
#658 = AXIS2_PLACEMENT_3D ( 'NONE', #3788, #2516, #538 ) ;
#659 = DIRECTION ( 'NONE',  ( -1.000000000000000000, 0.000000000000000000, 0.000000000000000000 ) ) ;
#660 = DIRECTION ( 'NONE',  ( 0.000000000000000000, -0.000000000000000000, 1.000000000000000000 ) ) ;
#661 = CARTESIAN_POINT ( 'NONE',  ( -14175.00000000000000, -1190.000000000001592, -960.0000000000002274 ) ) ;
#662 = ORIENTED_EDGE ( 'NONE', *, *, #2235, .F. ) ;
#663 = CARTESIAN_POINT ( 'NONE',  ( -14588.56810139493791, -729.4021522441533989, -769.9999999999963620 ) ) ;
#664 = PLANE ( 'NONE',  #2537 ) ;
#665 = ORIENTED_EDGE ( 'NONE', *, *, #4044, .T. ) ;
#666 = ORIENTED_EDGE ( 'NONE', *, *, #653, .F. ) ;
#667 = EDGE_CURVE ( 'NONE', #1847, #5166, #457, .T. ) ;
#668 = DIRECTION ( 'NONE',  ( 0.000000000000000000, -1.000000000000000000, 0.000000000000000000 ) ) ;
#669 = EDGE_CURVE ( 'NONE', #2404, #4713, #4434, .T. ) ;
#670 = VERTEX_POINT ( 'NONE', #4116 ) ;
#671 = DIRECTION ( 'NONE',  ( -0.000000000000000000, 2.775557561563032853E-16, -1.000000000000000000 ) ) ;
#672 = FACE_OUTER_BOUND ( 'NONE', #4730, .T. ) ;
#673 = CARTESIAN_POINT ( 'NONE',  ( -13975.00000000000182, -899.9999999999998863, -910.0000000000001137 ) ) ;
#674 = ORIENTED_EDGE ( 'NONE', *, *, #3218, .T. ) ;
#675 = CARTESIAN_POINT ( 'NONE',  ( -18041.95708484601710, 989.9999999999980673, -868.8465180732555382 ) ) ;
#676 = DIRECTION ( 'NONE',  ( 1.000000000000000000, 0.000000000000000000, 0.000000000000000000 ) ) ;
#677 = ORIENTED_EDGE ( 'NONE', *, *, #2490, .F. ) ;
#678 = DIRECTION ( 'NONE',  ( 0.000000000000000000, 1.000000000000000000, 2.775557561563032853E-16 ) ) ;
#679 = LINE ( 'NONE', #2663, #4239 ) ;
#680 = VERTEX_POINT ( 'NONE', #1295 ) ;
#681 = EDGE_CURVE ( 'NONE', #4103, #2930, #3677, .T. ) ;
#682 =( GEOMETRIC_REPRESENTATION_CONTEXT ( 3 ) GLOBAL_UNCERTAINTY_ASSIGNED_CONTEXT ( ( #3644 ) ) GLOBAL_UNIT_ASSIGNED_CONTEXT ( ( #4068, #803, #2403 ) ) REPRESENTATION_CONTEXT ( 'NONE', 'WORKASPACE' ) );
#683 = DIRECTION ( 'NONE',  ( 0.000000000000000000, 1.000000000000000000, 2.775557561563032853E-16 ) ) ;
#684 = CARTESIAN_POINT ( 'NONE',  ( -13560.14709064066847, 1054.999999999997499, -769.9999999999957936 ) ) ;
#685 = CARTESIAN_POINT ( 'NONE',  ( -10308.04291515397745, -1190.000000000001592, -868.8465180732550834 ) ) ;
#686 = VECTOR ( 'NONE', #4737, 1000.000000000000000 ) ;
#687 = VERTEX_POINT ( 'NONE', #2896 ) ;
#688 = CARTESIAN_POINT ( 'NONE',  ( -28350.00000000000000, 875.0000000000000000, -1140.000000000000227 ) ) ;
#689 = CARTESIAN_POINT ( 'NONE',  ( -11349.93198115551968, -1190.000000000001137, 5040.000000000000000 ) ) ;
#690 = ORIENTED_EDGE ( 'NONE', *, *, #189, .F. ) ;
#691 = ORIENTED_EDGE ( 'NONE', *, *, #5132, .T. ) ;
#692 = PLANE ( 'NONE',  #1556 ) ;
#693 = ORIENTED_EDGE ( 'NONE', *, *, #418, .T. ) ;
#694 = DIRECTION ( 'NONE',  ( 1.000000000000000000, 0.000000000000000000, 0.000000000000000000 ) ) ;
#695 = EDGE_CURVE ( 'NONE', #2336, #1771, #2373, .T. ) ;
#696 = LINE ( 'NONE', #333, #217 ) ;
#697 = FACE_OUTER_BOUND ( 'NONE', #2814, .T. ) ;
#698 = ORIENTED_EDGE ( 'NONE', *, *, #268, .F. ) ;
#699 = CARTESIAN_POINT ( 'NONE',  ( -14242.82243898500201, -696.5740269077375615, -766.7208309781532307 ) ) ;
#700 = LINE ( 'NONE', #3869, #3633 ) ;
#701 = VERTEX_POINT ( 'NONE', #2016 ) ;
#702 = FACE_OUTER_BOUND ( 'NONE', #3589, .T. ) ;
#703 = DIRECTION ( 'NONE',  ( 0.9848077530122092416, 0.000000000000000000, -0.1736481776669237531 ) ) ;
#704 = EDGE_CURVE ( 'NONE', #479, #1917, #1054, .T. ) ;
#705 = ORIENTED_EDGE ( 'NONE', *, *, #392, .F. ) ;
#706 = EDGE_CURVE ( 'NONE', #2448, #2347, #4833, .T. ) ;
#707 = AXIS2_PLACEMENT_3D ( 'NONE', #4762, #841, #2449 ) ;
#708 = CARTESIAN_POINT ( 'NONE',  ( -15744.66811761634744, 814.9999999999974989, -769.9999999999959073 ) ) ;
#709 = CARTESIAN_POINT ( 'NONE',  ( -2350.000000000000455, -899.9999999999998863, -910.0000000000001137 ) ) ;
#710 = DIRECTION ( 'NONE',  ( 0.000000000000000000, -1.000000000000000000, 0.000000000000000000 ) ) ;
#711 = AXIS2_PLACEMENT_3D ( 'NONE', #1873, #3943, #4681 ) ;
#712 = VECTOR ( 'NONE', #2012, 1000.000000000000114 ) ;
#713 = CIRCLE ( 'NONE', #1623, 79.99999999999995737 ) ;
#714 = VERTEX_POINT ( 'NONE', #4407 ) ;
#715 = ORIENTED_EDGE ( 'NONE', *, *, #2346, .T. ) ;
#716 = CARTESIAN_POINT ( 'NONE',  ( -14375.00000000000364, 0.000000000000000000, 0.000000000000000000 ) ) ;
#717 = SHAPE_REPRESENTATION ( 'WagonPlane_90ft_MediumDetailed', ( #933 ), #682 ) ;
#718 = DIRECTION ( 'NONE',  ( 0.000000000000000000, 0.1699069165076472210, 0.9854601157443478865 ) ) ;
#719 = EDGE_CURVE ( 'NONE', #4687, #2079, #4478, .T. ) ;
#720 = AXIS2_PLACEMENT_3D ( 'NONE', #1533, #1869, #1898 ) ;
#721 = ORIENTED_EDGE ( 'NONE', *, *, #5005, .T. ) ;
#722 = ORIENTED_EDGE ( 'NONE', *, *, #1256, .T. ) ;
#723 = DIRECTION ( 'NONE',  ( 0.000000000000000000, 0.000000000000000000, 1.000000000000000000 ) ) ;
#724 = VECTOR ( 'NONE', #4413, 1000.000000000000000 ) ;
#725 = AXIS2_PLACEMENT_3D ( 'NONE', #1192, #2844, #4384 ) ;
#726 = VERTEX_POINT ( 'NONE', #4509 ) ;
#727 = CARTESIAN_POINT ( 'NONE',  ( -11880.00000000000182, -814.9999999999974989, -239.9999999999984368 ) ) ;
#728 = LINE ( 'NONE', #4329, #1303 ) ;
#729 = AXIS2_PLACEMENT_3D ( 'NONE', #1342, #4957, #4531 ) ;
#730 = ORIENTED_EDGE ( 'NONE', *, *, #704, .T. ) ;
#731 = DIRECTION ( 'NONE',  ( 0.000000000000000000, -2.249385511977649118E-16, 1.000000000000000000 ) ) ;
#732 = EDGE_CURVE ( 'NONE', #1834, #4099, #1969, .T. ) ;
#733 = AXIS2_PLACEMENT_3D ( 'NONE', #4569, #4620, #1455 ) ;
#734 = LINE ( 'NONE', #4310, #2968 ) ;
#735 = ORIENTED_EDGE ( 'NONE', *, *, #334, .T. ) ;
#736 = DIRECTION ( 'NONE',  ( -1.000000000000000000, 0.000000000000000000, 0.000000000000000000 ) ) ;
#737 = CARTESIAN_POINT ( 'NONE',  ( -13975.00000000000182, 800.0000000000000000, -910.0000000000001137 ) ) ;
#738 = ORIENTED_EDGE ( 'NONE', *, *, #1026, .T. ) ;
#739 = VECTOR ( 'NONE', #2634, 1000.000000000000000 ) ;
#740 = DIRECTION ( 'NONE',  ( 0.000000000000000000, 1.000000000000000000, 2.775557561563032853E-16 ) ) ;
#741 = CARTESIAN_POINT ( 'NONE',  ( -13458.75177054179403, -814.9999999999974989, -589.9999999999970441 ) ) ;
#742 = ORIENTED_EDGE ( 'NONE', *, *, #4928, .T. ) ;
#743 = LINE ( 'NONE', #4324, #4404 ) ;
#744 = DIRECTION ( 'NONE',  ( -1.000000000000000000, -0.000000000000000000, -0.000000000000000000 ) ) ;
#745 = ORIENTED_EDGE ( 'NONE', *, *, #1245, .T. ) ;
#746 = EDGE_CURVE ( 'NONE', #4674, #748, #535, .T. ) ;
#747 = FACE_OUTER_BOUND ( 'NONE', #2855, .T. ) ;
#748 = VERTEX_POINT ( 'NONE', #2066 ) ;
#749 = DIRECTION ( 'NONE',  ( 0.000000000000000000, 1.000000000000000000, 3.301729611148416588E-16 ) ) ;
#750 = DIRECTION ( 'NONE',  ( 0.000000000000000000, -1.000000000000000000, -2.775557561563032853E-16 ) ) ;
#751 = VERTEX_POINT ( 'NONE', #3201 ) ;
#752 = PLANE ( 'NONE',  #3546 ) ;
#753 = EDGE_CURVE ( 'NONE', #751, #3961, #4795, .T. ) ;
#754 = DIRECTION ( 'NONE',  ( 1.000000000000000000, 0.000000000000000000, 0.000000000000000000 ) ) ;
#755 = VERTEX_POINT ( 'NONE', #2402 ) ;
#756 = DIRECTION ( 'NONE',  ( 0.000000000000000000, 0.000000000000000000, 1.000000000000000000 ) ) ;
#757 = DIRECTION ( 'NONE',  ( 0.000000000000000000, 0.000000000000000000, -1.000000000000000000 ) ) ;
#758 = ORIENTED_EDGE ( 'NONE', *, *, #3645, .T. ) ;
#759 = EDGE_CURVE ( 'NONE', #4872, #3087, #4459, .T. ) ;
#760 = CARTESIAN_POINT ( 'NONE',  ( -25524.93198115551422, 989.9999999999982947, 5040.000000000000000 ) ) ;
#761 = CARTESIAN_POINT ( 'NONE',  ( -27970.00000000000364, -875.0000000000000000, -1060.000000000000000 ) ) ;
#762 = PRODUCT_DEFINITION_FORMATION_WITH_SPECIFIED_SOURCE ( 'TUTTO', '', #3415, .NOT_KNOWN. ) ;
#763 = VERTEX_POINT ( 'NONE', #3282 ) ;
#764 = CARTESIAN_POINT ( 'NONE',  ( -14375.00000000000000, -800.0000000000000000, -910.0000000000001137 ) ) ;
#765 = LINE ( 'NONE', #3687, #454 ) ;
#766 = VERTEX_POINT ( 'NONE', #1429 ) ;
#767 = CIRCLE ( 'NONE', #3180, 6000.000000000000000 ) ;
#768 = FACE_OUTER_BOUND ( 'NONE', #5062, .T. ) ;
#769 = AXIS2_PLACEMENT_3D ( 'NONE', #1615, #3214, #1281 ) ;
#770 = ORIENTED_EDGE ( 'NONE', *, *, #1630, .T. ) ;
#771 = DIRECTION ( 'NONE',  ( -1.000000000000000000, 0.000000000000000000, 0.000000000000000000 ) ) ;
#772 = LINE ( 'NONE', #3444, #1800 ) ;
#773 = EDGE_CURVE ( 'NONE', #3765, #1712, #250, .T. ) ;
#774 = CIRCLE ( 'NONE', #356, 6000.000000000000000 ) ;
#775 = ORIENTED_EDGE ( 'NONE', *, *, #2107, .T. ) ;
#776 = LINE ( 'NONE', #4376, #3209 ) ;
#777 = VERTEX_POINT ( 'NONE', #2622 ) ;
#778 = DIRECTION ( 'NONE',  ( 1.000000000000000000, -0.000000000000000000, -0.000000000000000000 ) ) ;
#779 = DIRECTION ( 'NONE',  ( 3.132904478660053556E-17, 1.000000000000000000, -0.000000000000000000 ) ) ;
#780 = EDGE_CURVE ( 'NONE', #2355, #4286, #888, .T. ) ;
#781 = VERTEX_POINT ( 'NONE', #3022 ) ;
#782 = AXIS2_PLACEMENT_3D ( 'NONE', #3998, #2498, #812 ) ;
#783 = CARTESIAN_POINT ( 'NONE',  ( -13458.75177054179403, 1054.999999999997499, -589.9999999999964757 ) ) ;
#784 = DIRECTION ( 'NONE',  ( -0.000000000000000000, 1.000000000000000000, 2.249385511977649118E-16 ) ) ;
#785 = ADVANCED_FACE ( 'NONE', ( #4938 ), #2973, .T. ) ;
#786 = VERTEX_POINT ( 'NONE', #4224 ) ;
#787 = CARTESIAN_POINT ( 'NONE',  ( 616.7948635501689978, -875.0000000000000000, -1060.000000000000000 ) ) ;
#788 = DIRECTION ( 'NONE',  ( 2.193033135062037489E-16, -1.000000000000000000, -0.000000000000000000 ) ) ;
#789 = VECTOR ( 'NONE', #1760, 1000.000000000000000 ) ;
#790 = ORIENTED_EDGE ( 'NONE', *, *, #793, .T. ) ;
#791 = AXIS2_PLACEMENT_3D ( 'NONE', #213, #2910, #4187 ) ;
#792 = DIRECTION ( 'NONE',  ( 0.000000000000000000, -2.413528314402513597E-16, 1.000000000000000000 ) ) ;
#793 = EDGE_CURVE ( 'NONE', #2930, #241, #4655, .T. ) ;
#794 = EDGE_LOOP ( 'NONE', ( #4088, #1017, #1656, #1324, #152, #2343, #1084 ) ) ;
#795 = VECTOR ( 'NONE', #625, 1000.000000000000000 ) ;
#796 = CARTESIAN_POINT ( 'NONE',  ( -14375.00000000000000, 800.0000000000000000, -910.0000000000001137 ) ) ;
#797 = EDGE_CURVE ( 'NONE', #3847, #5113, #4991, .T. ) ;
#798 = DIRECTION ( 'NONE',  ( -7.824144642581933777E-16, 2.775557561563032853E-16, -1.000000000000000000 ) ) ;
#799 = DIRECTION ( 'NONE',  ( -2.193033135062037489E-16, 1.000000000000000000, 0.000000000000000000 ) ) ;
#800 = ORIENTED_EDGE ( 'NONE', *, *, #1893, .F. ) ;
#802 = DIRECTION ( 'NONE',  ( 3.132904478660053556E-17, -1.000000000000000000, 0.000000000000000000 ) ) ;
#801 = VECTOR ( 'NONE', #539, 1000.000000000000000 ) ;
#803 =( NAMED_UNIT ( * ) PLANE_ANGLE_UNIT ( ) SI_UNIT ( $, .RADIAN. ) );
#804 = ORIENTED_EDGE ( 'NONE', *, *, #4013, .T. ) ;
#805 = PLANE ( 'NONE',  #2011 ) ;
#806 = AXIS2_PLACEMENT_3D ( 'NONE', #2588, #2115, #3830 ) ;
#807 = LINE ( 'NONE', #1997, #1394 ) ;
#808 = ORIENTED_EDGE ( 'NONE', *, *, #3771, .F. ) ;
#809 = EDGE_CURVE ( 'NONE', #3087, #1097, #3416, .T. ) ;
#810 = EDGE_CURVE ( 'NONE', #1824, #751, #958, .T. ) ;
#811 = EDGE_CURVE ( 'NONE', #4843, #670, #5075, .T. ) ;
#812 = DIRECTION ( 'NONE',  ( 1.000000000000000000, 0.000000000000000000, 0.000000000000000000 ) ) ;
#813 = AXIS2_PLACEMENT_3D ( 'NONE', #548, #3346, #971 ) ;
#814 = DIRECTION ( 'NONE',  ( 0.000000000000000000, 2.775557561563032853E-16, -1.000000000000000000 ) ) ;
#815 = CARTESIAN_POINT ( 'NONE',  ( -13899.99999999999818, 679.9999999999976126, 2.053912595556539600E-12 ) ) ;
#816 = ORIENTED_EDGE ( 'NONE', *, *, #4263, .T. ) ;
#817 = CARTESIAN_POINT ( 'NONE',  ( -12541.24822945820415, 732.4719190560189190, -589.9999999999965894 ) ) ;
#818 = DIRECTION ( 'NONE',  ( -1.000000000000000000, 0.000000000000000000, 0.000000000000000000 ) ) ;
#819 = ORIENTED_EDGE ( 'NONE', *, *, #1109, .T. ) ;
#820 = CARTESIAN_POINT ( 'NONE',  ( -1950.000000000000682, -200.0000000000000000, -825.0000000000001137 ) ) ;
#821 = EDGE_LOOP ( 'NONE', ( #274, #1927, #3614, #2660 ) ) ;
#822 = LINE ( 'NONE', #3194, #712 ) ;
#823 = CIRCLE ( 'NONE', #390, 79.99999999999995737 ) ;
#824 = FACE_OUTER_BOUND ( 'NONE', #3747, .T. ) ;
#825 = EDGE_CURVE ( 'NONE', #1508, #2805, #4645, .T. ) ;
#826 = CARTESIAN_POINT ( 'NONE',  ( -14244.28938755609852, 679.9999999999977263, -765.0652677973101845 ) ) ;
#827 = ORIENTED_EDGE ( 'NONE', *, *, #3682, .F. ) ;
#828 = DIRECTION ( 'NONE',  ( 0.000000000000000000, -0.9901138386947148096, 0.1402661271484180183 ) ) ;
#829 = EDGE_CURVE ( 'NONE', #1963, #4058, #2230, .T. ) ;
#830 = SURFACE_STYLE_USAGE ( .BOTH. , #4409 ) ;
#831 = EDGE_LOOP ( 'NONE', ( #4530, #2676, #3994, #4257 ) ) ;
#832 = LINE ( 'NONE', #3625, #1444 ) ;
#833 = CARTESIAN_POINT ( 'NONE',  ( 0.000000000000000000, -875.0000000000000000, -1060.000000000000000 ) ) ;
#834 = DIRECTION ( 'NONE',  ( 0.000000000000000000, 0.000000000000000000, 1.000000000000000000 ) ) ;
#835 = ORIENTED_EDGE ( 'NONE', *, *, #1669, .T. ) ;
#836 = DIRECTION ( 'NONE',  ( 1.000000000000000000, 2.193033135062037489E-16, 0.000000000000000000 ) ) ;
#837 = ORIENTED_EDGE ( 'NONE', *, *, #1853, .T. ) ;
#838 = CARTESIAN_POINT ( 'NONE',  ( -11611.43189860506391, -877.4999988432243754, -589.9999999999970441 ) ) ;
#839 = FACE_OUTER_BOUND ( 'NONE', #3269, .T. ) ;
#840 = DIRECTION ( 'NONE',  ( 0.000000000000000000, 2.775557561563032853E-16, -1.000000000000000000 ) ) ;
#841 = DIRECTION ( 'NONE',  ( 0.1736481776669237531, 0.000000000000000000, -0.9848077530122092416 ) ) ;
#842 = ORIENTED_EDGE ( 'NONE', *, *, #959, .T. ) ;
#843 = CARTESIAN_POINT ( 'NONE',  ( -3866.957084846028465, 1189.999999999998408, -868.8465180732546287 ) ) ;
#844 = ORIENTED_EDGE ( 'NONE', *, *, #993, .T. ) ;
#845 = CARTESIAN_POINT ( 'NONE',  ( -13975.00000000000182, -800.0000000000000000, -910.0000000000001137 ) ) ;
#846 = CARTESIAN_POINT ( 'NONE',  ( -18041.95708484602437, 1189.999999999998408, -868.8465180732550834 ) ) ;
#847 = CARTESIAN_POINT ( 'NONE',  ( -13974.99999999999818, 1189.999999999997954, -960.0000000000002274 ) ) ;
#848 = AXIS2_PLACEMENT_3D ( 'NONE', #1885, #1127, #1911 ) ;
#849 = ORIENTED_EDGE ( 'NONE', *, *, #4501, .F. ) ;
#850 = DIRECTION ( 'NONE',  ( 0.000000000000000000, -1.000000000000000000, 0.000000000000000000 ) ) ;
#851 = DIRECTION ( 'NONE',  ( 1.000000000000000000, 0.000000000000000000, 0.000000000000000000 ) ) ;
#852 = VERTEX_POINT ( 'NONE', #593 ) ;
#853 = AXIS2_PLACEMENT_3D ( 'NONE', #1930, #344, #1446 ) ;
#854 = LINE ( 'NONE', #3995, #1852 ) ;
#855 = PRODUCT_DEFINITION_SHAPE ( 'NONE', 'NONE',  #4913 ) ;
#856 = CIRCLE ( 'NONE', #943, 460.0000000000000000 ) ;
#857 = VERTEX_POINT ( 'NONE', #3390 ) ;
#858 = DIRECTION ( 'NONE',  ( 1.000000000000000000, 3.700743415417188263E-17, 0.000000000000000000 ) ) ;
#859 = EDGE_CURVE ( 'NONE', #2499, #2079, #2305, .T. ) ;
#860 = ORIENTED_EDGE ( 'NONE', *, *, #317, .F. ) ;
#861 = DIRECTION ( 'NONE',  ( 1.000000000000000000, -0.000000000000000000, -0.000000000000000000 ) ) ;
#862 = CARTESIAN_POINT ( 'NONE',  ( -27970.00000000000364, -875.0000000000000000, -1060.000000000000000 ) ) ;
#863 = VECTOR ( 'NONE', #4971, 1000.000000000000000 ) ;
#864 = DIRECTION ( 'NONE',  ( 0.000000000000000000, -0.4999999999996849187, 0.8660254037846205621 ) ) ;
#865 = UNCERTAINTY_MEASURE_WITH_UNIT (LENGTH_MEASURE( 1.000000000000000082E-05 ), #1409, 'distance_accuracy_value', 'NONE');
#866 = VERTEX_POINT ( 'NONE', #3810 ) ;
#867 = DIRECTION ( 'NONE',  ( 1.000000000000000000, 2.193033135062037489E-16, 0.000000000000000000 ) ) ;
#868 = EDGE_CURVE ( 'NONE', #1596, #2644, #5014, .T. ) ;
#869 = EDGE_CURVE ( 'NONE', #4713, #4910, #1066, .T. ) ;
#870 = DIRECTION ( 'NONE',  ( 0.000000000000000000, 0.000000000000000000, 1.000000000000000000 ) ) ;
#871 = CIRCLE ( 'NONE', #4635, 1000.000000000000000 ) ;
#872 = CARTESIAN_POINT ( 'NONE',  ( -13975.00000000000182, 1189.999999999998408, -960.0000000000002274 ) ) ;
#873 = AXIS2_PLACEMENT_3D ( 'NONE', #3781, #1783, #2568 ) ;
#874 = PLANE ( 'NONE',  #3864 ) ;
#875 = VECTOR ( 'NONE', #2445, 1000.000000000000114 ) ;
#876 = ORIENTED_EDGE ( 'NONE', *, *, #2741, .F. ) ;
#877 = CARTESIAN_POINT ( 'NONE',  ( -28350.00000000000000, 1189.999999999998408, -660.0000000000019327 ) ) ;
#878 = AXIS2_PLACEMENT_3D ( 'NONE', #1883, #1470, #4665 ) ;
#879 =( NAMED_UNIT ( * ) PLANE_ANGLE_UNIT ( ) SI_UNIT ( $, .RADIAN. ) );
#880 = ORIENTED_EDGE ( 'NONE', *, *, #3264, .F. ) ;
#881 = DIRECTION ( 'NONE',  ( -1.000000000000000000, 0.000000000000000000, 0.000000000000000000 ) ) ;
#882 = DIRECTION ( 'NONE',  ( 0.000000000000000000, 1.000000000000000000, 0.000000000000000000 ) ) ;
#883 = CARTESIAN_POINT ( 'NONE',  ( 0.000000000000000000, -1189.999999999998408, -1160.000000000000227 ) ) ;
#884 = VECTOR ( 'NONE', #3026, 1000.000000000000114 ) ;
#885 = ORIENTED_EDGE ( 'NONE', *, *, #1589, .T. ) ;
#886 = EDGE_LOOP ( 'NONE', ( #4914, #965, #1135, #4541 ) ) ;
#887 = LINE ( 'NONE', #414, #529 ) ;
#888 = CIRCLE ( 'NONE', #3481, 6000.000000000000000 ) ;
#889 = EDGE_LOOP ( 'NONE', ( #4806, #3683, #3273, #2375 ) ) ;
#890 = EDGE_CURVE ( 'NONE', #2919, #1766, #4249, .T. ) ;
#891 = VECTOR ( 'NONE', #4789, 1000.000000000000000 ) ;
#892 = DIRECTION ( 'NONE',  ( -1.000000000000000000, 0.000000000000000000, 1.908428413691174465E-16 ) ) ;
#893 = DIRECTION ( 'NONE',  ( 0.000000000000000000, 0.1402661271484180183, -0.9901138386947149206 ) ) ;
#894 = EDGE_CURVE ( 'NONE', #4453, #2323, #1408, .T. ) ;
#895 = ORIENTED_EDGE ( 'NONE', *, *, #2643, .F. ) ;
#896 = DIRECTION ( 'NONE',  ( -1.000000000000000000, -0.000000000000000000, -0.000000000000000000 ) ) ;
#897 = ORIENTED_EDGE ( 'NONE', *, *, #653, .T. ) ;
#898 = CIRCLE ( 'NONE', #2731, 6000.000000000000000 ) ;
#899 = DIRECTION ( 'NONE',  ( 1.000000000000000000, 2.171636382548118065E-31, -7.824144642581933777E-16 ) ) ;
#900 = DIRECTION ( 'NONE',  ( 0.000000000000000000, 1.000000000000000000, 2.775557561563032853E-16 ) ) ;
#901 = ADVANCED_FACE ( 'NONE', ( #2542 ), #229, .F. ) ;
#902 = CARTESIAN_POINT ( 'NONE',  ( -5576.316527040904475, 1189.999999999998408, -6660.000000000000909 ) ) ;
#903 = CIRCLE ( 'NONE', #658, 199.9999999999999432 ) ;
#904 = EDGE_CURVE ( 'NONE', #3944, #912, #4148, .T. ) ;
#905 = ORIENTED_EDGE ( 'NONE', *, *, #4264, .F. ) ;
#906 = DIRECTION ( 'NONE',  ( -1.000000000000000000, 0.000000000000000000, -1.908428413691174465E-16 ) ) ;
#907 =( NAMED_UNIT ( * ) SI_UNIT ( $, .STERADIAN. ) SOLID_ANGLE_UNIT ( ) );
#908 = VERTEX_POINT ( 'NONE', #3364 ) ;
#909 = CARTESIAN_POINT ( 'NONE',  ( -12100.00000000000182, 814.9999999999972715, -459.9999999999978968 ) ) ;
#910 =( NAMED_UNIT ( * ) PLANE_ANGLE_UNIT ( ) SI_UNIT ( $, .RADIAN. ) );
#911 = LINE ( 'NONE', #2902, #724 ) ;
#912 = VERTEX_POINT ( 'NONE', #1378 ) ;
#913 = DIRECTION ( 'NONE',  ( 0.000000000000000000, 0.000000000000000000, -1.000000000000000000 ) ) ;
#914 = ORIENTED_EDGE ( 'NONE', *, *, #4684, .T. ) ;
#915 = LINE ( 'NONE', #2469, #3120 ) ;
#916 = VERTEX_POINT ( 'NONE', #1964 ) ;
#917 = LINE ( 'NONE', #105, #3629 ) ;
#918 = PLANE ( 'NONE',  #222 ) ;
#919 = ADVANCED_FACE ( 'NONE', ( #5094 ), #692, .F. ) ;
#920 = ORIENTED_EDGE ( 'NONE', *, *, #3579, .F. ) ;
#921 = PLANE ( 'NONE',  #4216 ) ;
#922 = EDGE_LOOP ( 'NONE', ( #4497, #2745, #4929, #4760 ) ) ;
#923 = FACE_OUTER_BOUND ( 'NONE', #794, .T. ) ;
#924 = ORIENTED_EDGE ( 'NONE', *, *, #1237, .T. ) ;
#925 = FACE_OUTER_BOUND ( 'NONE', #2577, .T. ) ;
#926 = LINE ( 'NONE', #3360, #127 ) ;
#927 = CARTESIAN_POINT ( 'NONE',  ( -4534.427461039362242, 1189.999999999998408, -751.1534819267454850 ) ) ;
#928 = ORIENTED_EDGE ( 'NONE', *, *, #1588, .F. ) ;
#929 = DIRECTION ( 'NONE',  ( 3.132904478660053556E-17, 1.000000000000000000, -0.000000000000000000 ) ) ;
#930 = ORIENTED_EDGE ( 'NONE', *, *, #566, .F. ) ;
#931 = ADVANCED_FACE ( 'NONE', ( #1916 ), #3148, .F. ) ;
#932 = DIRECTION ( 'NONE',  ( 0.000000000000000000, 1.000000000000000000, 5.551115123125784674E-16 ) ) ;
#933 = AXIS2_PLACEMENT_3D ( 'NONE', #4798, #3623, #851 ) ;
#934 = DIRECTION ( 'NONE',  ( -1.000000000000000000, -0.000000000000000000, 0.000000000000000000 ) ) ;
#935 = CARTESIAN_POINT ( 'NONE',  ( -28350.00000000000000, -875.0000000000000000, -1140.000000000000227 ) ) ;
#936 = EDGE_LOOP ( 'NONE', ( #2163, #251, #4273, #5009 ) ) ;
#937 = VECTOR ( 'NONE', #1242, 1000.000000000000000 ) ;
#938 = DIRECTION ( 'NONE',  ( 0.000000000000000000, 0.9854601157443478865, -0.1699069165076472210 ) ) ;
#939 = EDGE_CURVE ( 'NONE', #2938, #5020, #1576, .T. ) ;
#940 = ORIENTED_EDGE ( 'NONE', *, *, #343, .T. ) ;
#941 = CARTESIAN_POINT ( 'NONE',  ( -11611.43189860506391, -1077.499998843224375, -769.9999999999964757 ) ) ;
#942 = DIRECTION ( 'NONE',  ( 0.000000000000000000, -0.9901138386947148096, -0.1402661271484179906 ) ) ;
#943 = AXIS2_PLACEMENT_3D ( 'NONE', #1607, #3966, #1219 ) ;
#944 = EDGE_CURVE ( 'NONE', #5166, #4673, #2218, .T. ) ;
#945 = ORIENTED_EDGE ( 'NONE', *, *, #3218, .F. ) ;
#946 = PLANE ( 'NONE',  #3464 ) ;
#947 = DIRECTION ( 'NONE',  ( 0.000000000000000000, -1.000000000000000000, -3.301729611148416588E-16 ) ) ;
#948 = LINE ( 'NONE', #3329, #2879 ) ;
#949 = ORIENTED_EDGE ( 'NONE', *, *, #49, .T. ) ;
#950 = DIRECTION ( 'NONE',  ( 1.000000000000000000, -1.224646799147353207E-16, 0.000000000000000000 ) ) ;
#951 = AXIS2_PLACEMENT_3D ( 'NONE', #5153, #4752, #3474 ) ;
#952 = VERTEX_POINT ( 'NONE', #1112 ) ;
#953 = DIRECTION ( 'NONE',  ( 0.000000000000000000, -1.000000000000000000, 0.000000000000000000 ) ) ;
#954 = CARTESIAN_POINT ( 'NONE',  ( 0.000000000000000000, 875.0000000000000000, -1060.000000000000000 ) ) ;
#955 = DIRECTION ( 'NONE',  ( 0.000000000000000000, 1.000000000000000000, 0.000000000000000000 ) ) ;
#956 = EDGE_LOOP ( 'NONE', ( #3121, #5174, #3336, #4850 ) ) ;
#957 = ADVANCED_FACE ( 'NONE', ( #1552 ), #5143, .F. ) ;
#958 = LINE ( 'NONE', #3838, #3652 ) ;
#959 = EDGE_CURVE ( 'NONE', #3469, #2249, #4697, .T. ) ;
#960 = APPLICATION_PROTOCOL_DEFINITION ( 'draft international standard', 'automotive_design', 1998, #3685 ) ;
#961 = EDGE_LOOP ( 'NONE', ( #1924, #218, #674, #537, #3636, #2488, #5036, #200 ) ) ;
#962 = DIRECTION ( 'NONE',  ( -0.000000000000000000, -1.000000000000000000, -2.775557561563032853E-16 ) ) ;
#963 = DIRECTION ( 'NONE',  ( 0.000000000000000000, 0.000000000000000000, 1.000000000000000000 ) ) ;
#964 = CARTESIAN_POINT ( 'NONE',  ( -15744.66811761634744, -729.4021522441533989, -769.9999999999963620 ) ) ;
#965 = ORIENTED_EDGE ( 'NONE', *, *, #36, .F. ) ;
#966 = AXIS2_PLACEMENT_3D ( 'NONE', #134, #1724, #4495 ) ;
#967 = VECTOR ( 'NONE', #3727, 1000.000000000000000 ) ;
#968 = CARTESIAN_POINT ( 'NONE',  ( -162.2440211999301027, 989.9999999999984084, 920.1315677728725859 ) ) ;
#969 = ORIENTED_EDGE ( 'NONE', *, *, #1500, .F. ) ;
#970 = CARTESIAN_POINT ( 'NONE',  ( -10255.33188238365256, 679.9999999999977263, -567.4243228023077563 ) ) ;
#971 = DIRECTION ( 'NONE',  ( 1.000000000000000000, -2.220446049250313081E-16, 6.217248937900876626E-15 ) ) ;
#972 = AXIS2_PLACEMENT_3D ( 'NONE', #3740, #519, #2926 ) ;
#973 = ORIENTED_EDGE ( 'NONE', *, *, #4264, .T. ) ;
#974 = EDGE_CURVE ( 'NONE', #3822, #438, #2701, .T. ) ;
#975 = EDGE_CURVE ( 'NONE', #1511, #908, #389, .T. ) ;
#976 = CARTESIAN_POINT ( 'NONE',  ( -26400.00000000000364, -1189.999999999998408, -960.0000000000002274 ) ) ;
#977 = DIRECTION ( 'NONE',  ( -1.000000000000000000, 0.000000000000000000, 0.000000000000000000 ) ) ;
#978 = VECTOR ( 'NONE', #179, 1000.000000000000000 ) ;
#979 = AXIS2_PLACEMENT_3D ( 'NONE', #2856, #2803, #4006 ) ;
#980 = CARTESIAN_POINT ( 'NONE',  ( -13975.00000000000182, 800.0000000000000000, -910.0000000000001137 ) ) ;
#981 = DIRECTION ( 'NONE',  ( 1.000000000000000000, -0.000000000000000000, -0.000000000000000000 ) ) ;
#982 = VECTOR ( 'NONE', #3731, 1000.000000000000000 ) ;
#983 = LINE ( 'NONE', #1808, #53 ) ;
#984 = DIRECTION ( 'NONE',  ( 0.000000000000000000, -0.000000000000000000, 1.000000000000000000 ) ) ;
#985 = CARTESIAN_POINT ( 'NONE',  ( -18709.42746103936224, 1189.999999999998408, -751.1534819267452576 ) ) ;
#986 = CARTESIAN_POINT ( 'NONE',  ( -28349.99999999999636, -989.9999999999984084, -660.0000000000019327 ) ) ;
#987 = VECTOR ( 'NONE', #1750, 1000.000000000000000 ) ;
#988 = VERTEX_POINT ( 'NONE', #2751 ) ;
#989 = CARTESIAN_POINT ( 'NONE',  ( -12100.00000000000182, -679.9999999999977263, -459.9999999999982947 ) ) ;
#990 = DIRECTION ( 'NONE',  ( 1.000000000000000000, 0.000000000000000000, 0.000000000000000000 ) ) ;
#991 = VERTEX_POINT ( 'NONE', #4345 ) ;
#992 = CARTESIAN_POINT ( 'NONE',  ( -13680.00000000000000, -1077.499998843224603, -239.9999999999985505 ) ) ;
#993 = EDGE_CURVE ( 'NONE', #4312, #1430, #1397, .T. ) ;
#994 = LINE ( 'NONE', #3005, #5149 ) ;
#995 = DIRECTION ( 'NONE',  ( -0.000000000000000000, 0.000000000000000000, -1.000000000000000000 ) ) ;
#996 = ADVANCED_FACE ( 'NONE', ( #768 ), #4766, .F. ) ;
#997 = ORIENTED_EDGE ( 'NONE', *, *, #2787, .T. ) ;
#998 = CARTESIAN_POINT ( 'NONE',  ( -12100.00000000000182, 679.9999999999977263, -459.9999999999979536 ) ) ;
#999 = ORIENTED_EDGE ( 'NONE', *, *, #4840, .T. ) ;
#1000 = FACE_OUTER_BOUND ( 'NONE', #449, .T. ) ;
#1001 = CARTESIAN_POINT ( 'NONE',  ( -10255.33188238365256, -732.4719190560189190, -589.9999999999970441 ) ) ;
#1002 = EDGE_LOOP ( 'NONE', ( #4504, #3363, #2212, #5042, #4579, #2544, #3921, #738, #3693, #5092, #624, #2497 ) ) ;
#1003 = DIRECTION ( 'NONE',  ( 0.000000000000000000, -1.000000000000000000, -3.301729611148416588E-16 ) ) ;
#1004 = ADVANCED_FACE ( 'NONE', ( #1180 ), #1137, .T. ) ;
#1005 = CARTESIAN_POINT ( 'NONE',  ( -14347.28068913207608, 679.9999999999977263, -567.4243228023077563 ) ) ;
#1006 = ORIENTED_EDGE ( 'NONE', *, *, #3331, .T. ) ;
#1007 = EDGE_LOOP ( 'NONE', ( #1966, #2880, #715, #39 ) ) ;
#1008 = LINE ( 'NONE', #2117, #1232 ) ;
#1009 = LINE ( 'NONE', #2940, #789 ) ;
#1010 = DIRECTION ( 'NONE',  ( -0.000000000000000000, -0.9901138386947148096, -0.1402661271484180183 ) ) ;
#1011 = ORIENTED_EDGE ( 'NONE', *, *, #2822, .F. ) ;
#1012 = DIRECTION ( 'NONE',  ( 1.000000000000000000, 0.000000000000000000, 0.000000000000000000 ) ) ;
#1013 = VERTEX_POINT ( 'NONE', #2278 ) ;
#1014 = DIRECTION ( 'NONE',  ( 0.000000000000000000, 1.000000000000000000, 2.775557561563032853E-16 ) ) ;
#1015 = LINE ( 'NONE', #2232, #4053 ) ;
#1016 = CARTESIAN_POINT ( 'NONE',  ( -13499.99999999999818, 814.9999999999970441, -306.2059048389986629 ) ) ;
#1017 = ORIENTED_EDGE ( 'NONE', *, *, #604, .T. ) ;
#1018 = FACE_OUTER_BOUND ( 'NONE', #2054, .T. ) ;
#1019 = EDGE_LOOP ( 'NONE', ( #2004, #1603, #2937, #221, #3155, #1709, #460, #1986 ) ) ;
#1020 = CARTESIAN_POINT ( 'NONE',  ( -12100.00000000000182, 814.9999999999974989, -909.9999999999982947 ) ) ;
#1021 = DIRECTION ( 'NONE',  ( -1.000000000000000000, 0.000000000000000000, 0.000000000000000000 ) ) ;
#1022 = ORIENTED_EDGE ( 'NONE', *, *, #1101, .T. ) ;
#1023 = AXIS2_PLACEMENT_3D ( 'NONE', #902, #69, #4432 ) ;
#1024 = EDGE_CURVE ( 'NONE', #4002, #5163, #4060, .T. ) ;
#1025 = AXIS2_PLACEMENT_3D ( 'NONE', #909, #386, #4120 ) ;
#1026 = EDGE_CURVE ( 'NONE', #4763, #2404, #3542, .T. ) ;
#1027 = DIRECTION ( 'NONE',  ( 0.000000000000000000, 0.000000000000000000, 1.000000000000000000 ) ) ;
#1028 = CARTESIAN_POINT ( 'NONE',  ( -19751.31652704090084, -990.0000000000000000, -6660.000000000000000 ) ) ;
#1029 = DIRECTION ( 'NONE',  ( -0.9848077530122092416, 0.000000000000000000, 0.1736481776669237531 ) ) ;
#1030 = EDGE_LOOP ( 'NONE', ( #1416, #1733, #4049, #4037 ) ) ;
#1031 = DIRECTION ( 'NONE',  ( 0.000000000000000000, 0.000000000000000000, 1.000000000000000000 ) ) ;
#1032 = CARTESIAN_POINT ( 'NONE',  ( -11411.43189860506209, 4.163336342343552110E-15, -725.0000000000051159 ) ) ;
#1033 = CARTESIAN_POINT ( 'NONE',  ( 616.7948635501689978, -954.9999999999998863, -1060.000000000000000 ) ) ;
#1034 = ORIENTED_EDGE ( 'NONE', *, *, #681, .T. ) ;
#1035 = ADVANCED_FACE ( 'NONE', ( #3518 ), #5118, .F. ) ;
#1036 = ADVANCED_FACE ( 'NONE', ( #747 ), #2324, .F. ) ;
#1037 = DIRECTION ( 'NONE',  ( -1.000000000000000000, -0.000000000000000000, -0.000000000000000000 ) ) ;
#1038 = EDGE_CURVE ( 'NONE', #3790, #3261, #5181, .T. ) ;
#1039 = EDGE_LOOP ( 'NONE', ( #4642, #5106, #501, #4968 ) ) ;
#1040 = DIRECTION ( 'NONE',  ( -1.000000000000000000, 0.000000000000000000, -0.000000000000000000 ) ) ;
#1041 = CARTESIAN_POINT ( 'NONE',  ( -13499.99999999999818, 1077.499998843224148, -306.2059048389983218 ) ) ;
#1042 = CARTESIAN_POINT ( 'NONE',  ( -1950.000000000000682, 800.0000000000000000, -910.0000000000001137 ) ) ;
#1043 = VERTEX_POINT ( 'NONE', #478 ) ;
#1044 = DIRECTION ( 'NONE',  ( 3.912072321290969847E-16, -2.775557561563032853E-16, 1.000000000000000000 ) ) ;
#1045 = ORIENTED_EDGE ( 'NONE', *, *, #2128, .T. ) ;
#1046 = DIRECTION ( 'NONE',  ( 7.824144642581933777E-16, 2.775557561563032853E-16, -1.000000000000000000 ) ) ;
#1047 = DIRECTION ( 'NONE',  ( 0.000000000000000000, 0.3952161465694035702, -0.9185881544472646043 ) ) ;
#1048 = VECTOR ( 'NONE', #327, 1000.000000000000114 ) ;
#1049 = VERTEX_POINT ( 'NONE', #2481 ) ;
#1050 = AXIS2_PLACEMENT_3D ( 'NONE', #2415, #3638, #55 ) ;
#1051 = VECTOR ( 'NONE', #5021, 1000.000000000000000 ) ;
#1052 = EDGE_CURVE ( 'NONE', #4864, #4571, #2061, .T. ) ;
#1053 = CARTESIAN_POINT ( 'NONE',  ( -11880.00000000000182, -1950.712458671873037, -239.9999999999987779 ) ) ;
#1054 =( BOUNDED_CURVE ( )  B_SPLINE_CURVE ( 3, ( #2044, #3622, #2487, #1710 ),
 .UNSPECIFIED., .F., .T. ) 
 B_SPLINE_CURVE_WITH_KNOTS ( ( 4, 4 ),
 ( 0.8313038383525110930, 0.8457296285623812082 ),
 .UNSPECIFIED. ) 
 CURVE ( )  GEOMETRIC_REPRESENTATION_ITEM ( )  RATIONAL_B_SPLINE_CURVE ( ( 1.000000000000000000, 0.9999826581232540423, 0.9999826581232540423, 1.000000000000000000 ) ) 
 REPRESENTATION_ITEM ( '' )  );
#1055 = VECTOR ( 'NONE', #4385, 1000.000000000000000 ) ;
#1056 = PRESENTATION_LAYER_ASSIGNMENT (  '', '', ( #3643 ) ) ;
#1057 = EDGE_CURVE ( 'NONE', #5022, #241, #2423, .T. ) ;
#1058 = CARTESIAN_POINT ( 'NONE',  ( -11411.43189860506209, 877.4999988432243754, -769.9999999999959073 ) ) ;
#1059 = DIRECTION ( 'NONE',  ( 1.000000000000000000, -0.000000000000000000, -0.000000000000000000 ) ) ;
#1060 = ORIENTED_EDGE ( 'NONE', *, *, #4129, .T. ) ;
#1061 = CARTESIAN_POINT ( 'NONE',  ( -14239.85290935932790, 1054.999999999997499, -769.9999999999957936 ) ) ;
#1062 = DIRECTION ( 'NONE',  ( -0.000000000000000000, 1.000000000000000000, -0.000000000000000000 ) ) ;
#1063 = ORIENTED_EDGE ( 'NONE', *, *, #1513, .F. ) ;
#1064 = VECTOR ( 'NONE', #484, 1000.000000000000000 ) ;
#1065 = ORIENTED_EDGE ( 'NONE', *, *, #4033, .F. ) ;
#1066 = LINE ( 'NONE', #2651, #3561 ) ;
#1067 = ORIENTED_EDGE ( 'NONE', *, *, #1574, .F. ) ;
#1068 = LINE ( 'NONE', #1509, #4309 ) ;
#1069 = DIRECTION ( 'NONE',  ( -1.000000000000000000, -0.000000000000000000, 0.000000000000000000 ) ) ;
#1070 = EDGE_CURVE ( 'NONE', #1766, #4644, #111, .T. ) ;
#1071 = VECTOR ( 'NONE', #3897, 1000.000000000000000 ) ;
#1072 = VERTEX_POINT ( 'NONE', #820 ) ;
#1073 = DIRECTION ( 'NONE',  ( 0.000000000000000000, 2.249385511977649118E-16, -1.000000000000000000 ) ) ;
#1074 = VECTOR ( 'NONE', #1502, 1000.000000000000000 ) ;
#1075 = CARTESIAN_POINT ( 'NONE',  ( -12100.00000000000182, 814.9999999999971578, 2.275957200481570908E-12 ) ) ;
#1076 = ORIENTED_EDGE ( 'NONE', *, *, #797, .F. ) ;
#1077 = LINE ( 'NONE', #3871, #17 ) ;
#1078 = LINE ( 'NONE', #2162, #2471 ) ;
#1079 = VERTEX_POINT ( 'NONE', #499 ) ;
#1080 = AXIS2_PLACEMENT_3D ( 'NONE', #3736, #1014, #5016 ) ;
#1081 = DIRECTION ( 'NONE',  ( 0.000000000000000000, -1.000000000000000000, 2.200304988219453045E-16 ) ) ;
#1082 = LINE ( 'NONE', #3113, #2009 ) ;
#1083 = CARTESIAN_POINT ( 'NONE',  ( -10255.33188238365256, -729.4021522441533989, -769.9999999999963620 ) ) ;
#1084 = ORIENTED_EDGE ( 'NONE', *, *, #2659, .F. ) ;
#1085 = PLANE ( 'NONE',  #3987 ) ;
#1086 =( BOUNDED_CURVE ( )  B_SPLINE_CURVE ( 3, ( #3071, #5139, #1087, #3538 ),
 .UNSPECIFIED., .F., .T. ) 
 B_SPLINE_CURVE_WITH_KNOTS ( ( 4, 4 ),
 ( 4.948096640255991829, 4.998901561966746954 ),
 .UNSPECIFIED. ) 
 CURVE ( )  GEOMETRIC_REPRESENTATION_ITEM ( )  RATIONAL_B_SPLINE_CURVE ( ( 1.000000000000000000, 0.9997849165603801547, 0.9997849165603801547, 1.000000000000000000 ) ) 
 REPRESENTATION_ITEM ( '' )  );
#1087 = CARTESIAN_POINT ( 'NONE',  ( -14343.45001286961815, -715.1018965907406937, -582.5266689850961939 ) ) ;
#1088 = ORIENTED_EDGE ( 'NONE', *, *, #4013, .F. ) ;
#1089 = ORIENTED_EDGE ( 'NONE', *, *, #3568, .F. ) ;
#1090 = CARTESIAN_POINT ( 'NONE',  ( -26400.00000000000364, 899.9999999999998863, -910.0000000000001137 ) ) ;
#1091 = ORIENTED_EDGE ( 'NONE', *, *, #4064, .F. ) ;
#1092 = FACE_OUTER_BOUND ( 'NONE', #2106, .T. ) ;
#1093 = LINE ( 'NONE', #1458, #1884 ) ;
#1094 = ORIENTED_EDGE ( 'NONE', *, *, #1699, .F. ) ;
#1095 = CARTESIAN_POINT ( 'NONE',  ( -25524.93198115551422, -1189.999999999999091, -960.0000000000002274 ) ) ;
#1096 = DIRECTION ( 'NONE',  ( 0.000000000000000000, -1.000000000000000000, -2.775557561563032853E-16 ) ) ;
#1097 = VERTEX_POINT ( 'NONE', #4849 ) ;
#1098 = CARTESIAN_POINT ( 'NONE',  ( -19751.31652704090084, 1189.999999999998408, -6660.000000000000000 ) ) ;
#1099 = CYLINDRICAL_SURFACE ( 'NONE', #3739, 6000.000000000000000 ) ;
#1100 = ORIENTED_EDGE ( 'NONE', *, *, #2783, .F. ) ;
#1101 = EDGE_CURVE ( 'NONE', #4253, #2355, #2886, .T. ) ;
#1102 = AXIS2_PLACEMENT_3D ( 'NONE', #2921, #2976, #2572 ) ;
#1103 = CARTESIAN_POINT ( 'NONE',  ( -11411.43189860506209, 176.9719203373657592, -350.9999999999987494 ) ) ;
#1104 = PLANE ( 'NONE',  #848 ) ;
#1105 = DIRECTION ( 'NONE',  ( 0.000000000000000000, -1.000000000000000000, 0.000000000000000000 ) ) ;
#1106 = ORIENTED_EDGE ( 'NONE', *, *, #3634, .F. ) ;
#1107 = DIRECTION ( 'NONE',  ( 0.000000000000000000, 0.000000000000000000, -1.000000000000000000 ) ) ;
#1108 = CARTESIAN_POINT ( 'NONE',  ( -28350.00000000000000, 989.9999999999984084, -660.0000000000019327 ) ) ;
#1109 = EDGE_CURVE ( 'NONE', #1317, #385, #4901, .T. ) ;
#1110 = ORIENTED_EDGE ( 'NONE', *, *, #3140, .F. ) ;
#1111 = ORIENTED_EDGE ( 'NONE', *, *, #2647, .T. ) ;
#1112 = CARTESIAN_POINT ( 'NONE',  ( -28966.79486355017070, 875.0000000000000000, -1140.000000000000227 ) ) ;
#1113 = VERTEX_POINT ( 'NONE', #1238 ) ;
#1114 = FACE_OUTER_BOUND ( 'NONE', #4323, .T. ) ;
#1115 = DIRECTION ( 'NONE',  ( -1.000000000000000000, 0.000000000000000000, 0.000000000000000000 ) ) ;
#1116 = ADVANCED_FACE ( 'NONE', ( #923 ), #2008, .F. ) ;
#1117 = ORIENTED_EDGE ( 'NONE', *, *, #3398, .T. ) ;
#1118 = LINE ( 'NONE', #3893, #4295 ) ;
#1119 = ADVANCED_FACE ( 'NONE', ( #3304 ), #1319, .F. ) ;
#1120 = DIRECTION ( 'NONE',  ( 0.000000000000000000, -1.000000000000000000, -2.775557561563032853E-16 ) ) ;
#1121 = ORIENTED_EDGE ( 'NONE', *, *, #4337, .F. ) ;
#1122 = CARTESIAN_POINT ( 'NONE',  ( -17000.06801884448214, -990.0000000000009095, 5040.000000000000000 ) ) ;
#1123 = CARTESIAN_POINT ( 'NONE',  ( -12439.85290935933153, 729.4021522441533989, -769.9999999999959073 ) ) ;
#1124 = ORIENTED_EDGE ( 'NONE', *, *, #1669, .F. ) ;
#1125 = VECTOR ( 'NONE', #2527, 1000.000000000000114 ) ;
#1126 = ADVANCED_FACE ( 'NONE', ( #2914 ), #1262, .T. ) ;
#1127 = DIRECTION ( 'NONE',  ( 0.000000000000000000, -0.000000000000000000, 1.000000000000000000 ) ) ;
#1128 = CARTESIAN_POINT ( 'NONE',  ( -12100.00000000000182, -679.9999999999977263, -909.9999999999982947 ) ) ;
#1129 = CONTEXT_DEPENDENT_SHAPE_REPRESENTATION ( #4047, #2613 ) ;
#1130 = ORIENTED_EDGE ( 'NONE', *, *, #4271, .T. ) ;
#1131 = CARTESIAN_POINT ( 'NONE',  ( -12100.00000000000182, -1054.999999999997726, 1.665334536937734811E-12 ) ) ;
#1132 = LINE ( 'NONE', #4325, #1048 ) ;
#1133 = AXIS2_PLACEMENT_3D ( 'NONE', #2327, #1510, #3938 ) ;
#1134 = EDGE_CURVE ( 'NONE', #1043, #3913, #1987, .T. ) ;
#1135 = ORIENTED_EDGE ( 'NONE', *, *, #1265, .T. ) ;
#1136 = EDGE_LOOP ( 'NONE', ( #1088, #3503, #2652, #3656 ) ) ;
#1137 = CYLINDRICAL_SURFACE ( 'NONE', #4990, 79.99999999999995737 ) ;
#1138 = CIRCLE ( 'NONE', #3558, 79.99999999999995737 ) ;
#1139 = VECTOR ( 'NONE', #1291, 1000.000000000000114 ) ;
#1140 = CARTESIAN_POINT ( 'NONE',  ( -11700.00000000000182, 1950.712458671872810, -589.9999999999963620 ) ) ;
#1141 = FACE_OUTER_BOUND ( 'NONE', #1584, .T. ) ;
#1142 = CARTESIAN_POINT ( 'NONE',  ( -22773.68347295909552, 1189.999999999998408, -6660.000000000000909 ) ) ;
#1143 = ORIENTED_EDGE ( 'NONE', *, *, #4440, .T. ) ;
#1144 = DIRECTION ( 'NONE',  ( 0.000000000000000000, -1.000000000000000000, -0.000000000000000000 ) ) ;
#1145 = CARTESIAN_POINT ( 'NONE',  ( -11880.00000000000182, -814.9999999999974989, -239.9999999999984368 ) ) ;
#1146 = EDGE_CURVE ( 'NONE', #588, #328, #3821, .T. ) ;
#1147 = ORIENTED_EDGE ( 'NONE', *, *, #3915, .F. ) ;
#1148 = DIRECTION ( 'NONE',  ( -2.193033135062037489E-16, -1.000000000000000000, -0.000000000000000000 ) ) ;
#1149 = CARTESIAN_POINT ( 'NONE',  ( -17000.06801884448214, 1189.999999999998408, 5040.000000000000000 ) ) ;
#1150 = ORIENTED_EDGE ( 'NONE', *, *, #2889, .F. ) ;
#1151 = VECTOR ( 'NONE', #2746, 1000.000000000000114 ) ;
#1152 = CARTESIAN_POINT ( 'NONE',  ( -12439.85290935933153, -814.9999999999972715, -769.9999999999964757 ) ) ;
#1153 = EDGE_CURVE ( 'NONE', #2015, #766, #424, .T. ) ;
#1154 = ORIENTED_EDGE ( 'NONE', *, *, #2040, .F. ) ;
#1155 = DIRECTION ( 'NONE',  ( 0.000000000000000000, -1.000000000000000000, -2.249385511977649118E-16 ) ) ;
#1156 = CARTESIAN_POINT ( 'NONE',  ( -13557.17756101499617, 696.5740269077365383, -766.7208309781527760 ) ) ;
#1157 = ORIENTED_EDGE ( 'NONE', *, *, #4210, .T. ) ;
#1158 = DIRECTION ( 'NONE',  ( -0.9848077530122092416, -2.159716034021766025E-16, 0.1736481776669237254 ) ) ;
#1159 = AXIS2_PLACEMENT_3D ( 'NONE', #4429, #771, #870 ) ;
#1160 = VERTEX_POINT ( 'NONE', #843 ) ;
#1161 = CARTESIAN_POINT ( 'NONE',  ( -23815.57253896063776, -1190.000000000001592, -751.1534819267454850 ) ) ;
#1162 = CARTESIAN_POINT ( 'NONE',  ( -17000.06801884448214, -990.0000000000009095, -960.0000000000001137 ) ) ;
#1163 = ORIENTED_EDGE ( 'NONE', *, *, #2735, .T. ) ;
#1164 = DIRECTION ( 'NONE',  ( 1.000000000000000000, 3.700743415417188263E-17, 0.000000000000000000 ) ) ;
#1165 = VERTEX_POINT ( 'NONE', #4031 ) ;
#1166 = CARTESIAN_POINT ( 'NONE',  ( -13499.99999999999818, 1077.499998843224148, -306.2059048389985492 ) ) ;
#1167 = FACE_OUTER_BOUND ( 'NONE', #4970, .T. ) ;
#1168 = ORIENTED_EDGE ( 'NONE', *, *, #74, .F. ) ;
#1169 = EDGE_CURVE ( 'NONE', #2323, #4864, #450, .T. ) ;
#1170 = SPHERICAL_SURFACE ( 'NONE', #2877, 1000.000000000000000 ) ;
#1171 = DIRECTION ( 'NONE',  ( 0.000000000000000000, -1.000000000000000000, 0.000000000000000000 ) ) ;
#1172 = EDGE_CURVE ( 'NONE', #1243, #2907, #4147, .T. ) ;
#1173 = VECTOR ( 'NONE', #4328, 1000.000000000000000 ) ;
#1174 = ORIENTED_EDGE ( 'NONE', *, *, #2555, .F. ) ;
#1175 = AXIS2_PLACEMENT_3D ( 'NONE', #3280, #2893, #3198 ) ;
#1176 = DIRECTION ( 'NONE',  ( 0.000000000000000000, 0.9901138386947148096, 0.1402661271484180183 ) ) ;
#1177 = DIRECTION ( 'NONE',  ( -1.000000000000000000, -2.220446049250312834E-16, -1.154631945610162644E-14 ) ) ;
#1178 = VERTEX_POINT ( 'NONE', #4451 ) ;
#1179 = VECTOR ( 'NONE', #4770, 1000.000000000000000 ) ;
#1180 = FACE_OUTER_BOUND ( 'NONE', #4648, .T. ) ;
#1181 = AXIS2_PLACEMENT_3D ( 'NONE', #1463, #5078, #2356 ) ;
#1182 = FACE_OUTER_BOUND ( 'NONE', #285, .T. ) ;
#1183 = LINE ( 'NONE', #1241, #1803 ) ;
#1184 = ADVANCED_FACE ( 'NONE', ( #2453, #4059, #3409 ), #585, .F. ) ;
#1185 = DIRECTION ( 'NONE',  ( 0.000000000000000000, 0.000000000000000000, 1.000000000000000000 ) ) ;
#1186 = ADVANCED_FACE ( 'NONE', ( #2192 ), #528, .T. ) ;
#1187 = ORIENTED_EDGE ( 'NONE', *, *, #189, .T. ) ;
#1188 = EDGE_CURVE ( 'NONE', #1207, #3263, #1400, .T. ) ;
#1189 = CARTESIAN_POINT ( 'NONE',  ( -18709.42746103936224, 989.9999999999980673, -751.1534819267457124 ) ) ;
#1190 = ORIENTED_EDGE ( 'NONE', *, *, #4364, .T. ) ;
#1191 = FACE_OUTER_BOUND ( 'NONE', #2041, .T. ) ;
#1192 = CARTESIAN_POINT ( 'NONE',  ( -10255.33188238365256, -729.4021522441533989, -769.9999999999963620 ) ) ;
#1193 = ORIENTED_EDGE ( 'NONE', *, *, #2549, .T. ) ;
#1194 = ADVANCED_FACE ( 'NONE', ( #1447 ), #4560, .F. ) ;
#1195 = LINE ( 'NONE', #2824, #2954 ) ;
#1196 = DIRECTION ( 'NONE',  ( -0.000000000000000000, 1.000000000000000000, -0.000000000000000000 ) ) ;
#1197 = EDGE_CURVE ( 'NONE', #2079, #1233, #1220, .T. ) ;
#1198 = VERTEX_POINT ( 'NONE', #144 ) ;
#1199 = CARTESIAN_POINT ( 'NONE',  ( -12545.46126534801260, 697.6074941491500567, -574.9998243529004185 ) ) ;
#1200 = CARTESIAN_POINT ( 'NONE',  ( -9640.572538960641396, -990.0000000000014779, -751.1534819267455987 ) ) ;
#1201 = EDGE_CURVE ( 'NONE', #4843, #670, #3379, .T. ) ;
#1202 = VECTOR ( 'NONE', #2558, 1000.000000000000000 ) ;
#1203 = VECTOR ( 'NONE', #3335, 1000.000000000000000 ) ;
#1204 = ORIENTED_EDGE ( 'NONE', *, *, #1201, .T. ) ;
#1205 = AXIS2_PLACEMENT_3D ( 'NONE', #3459, #4667, #1105 ) ;
#1206 = CARTESIAN_POINT ( 'NONE',  ( -28187.75597880006899, 1189.999999999998408, 920.1315677728725859 ) ) ;
#1207 = VERTEX_POINT ( 'NONE', #2222 ) ;
#1208 = VECTOR ( 'NONE', #2296, 1000.000000000000000 ) ;
#1209 = DIRECTION ( 'NONE',  ( 0.000000000000000000, -1.000000000000000000, 0.000000000000000000 ) ) ;
#1210 = DIRECTION ( 'NONE',  ( 0.000000000000000000, -1.000000000000000000, 0.000000000000000000 ) ) ;
#1211 = DIRECTION ( 'NONE',  ( 7.824144642581933777E-16, -2.775557561563032853E-16, 1.000000000000000000 ) ) ;
#1212 = ORIENTED_EDGE ( 'NONE', *, *, #759, .F. ) ;
#1213 = VECTOR ( 'NONE', #4996, 1000.000000000000000 ) ;
#1215 = DIRECTION ( 'NONE',  ( 0.000000000000000000, 0.000000000000000000, 1.000000000000000000 ) ) ;
#1214 = CIRCLE ( 'NONE', #4896, 6000.000000000000000 ) ;
#1216 = FILL_AREA_STYLE ('',( #1605 ) ) ;
#1217 = ORIENTED_EDGE ( 'NONE', *, *, #373, .T. ) ;
#1218 = EDGE_CURVE ( 'NONE', #2512, #4032, #2936, .T. ) ;
#1219 = DIRECTION ( 'NONE',  ( 0.000000000000000000, -2.413528314402514090E-16, 1.000000000000000000 ) ) ;
#1220 = CIRCLE ( 'NONE', #1887, 79.99999999999995737 ) ;
#1221 = CARTESIAN_POINT ( 'NONE',  ( -11411.43189860506209, -729.4021522441533989, -769.9999999999963620 ) ) ;
#1222 = AXIS2_PLACEMENT_3D ( 'NONE', #4575, #995, #233 ) ;
#1223 = CARTESIAN_POINT ( 'NONE',  ( -28350.00000000000000, -1189.999999999998408, -960.0000000000002274 ) ) ;
#1224 = VERTEX_POINT ( 'NONE', #1731 ) ;
#1225 = AXIS2_PLACEMENT_3D ( 'NONE', #3955, #3165, #1936 ) ;
#1226 = VERTEX_POINT ( 'NONE', #1779 ) ;
#1227 = CARTESIAN_POINT ( 'NONE',  ( -13975.00000000000182, 899.9999999999998863, -910.0000000000001137 ) ) ;
#1228 = CIRCLE ( 'NONE', #813, 6000.000000000000000 ) ;
#1229 = VERTEX_POINT ( 'NONE', #3778 ) ;
#1230 = CARTESIAN_POINT ( 'NONE',  ( 0.000000000000000000, 875.0000000000000000, -980.0000000000001137 ) ) ;
#1231 = CARTESIAN_POINT ( 'NONE',  ( -14299.99999999999818, 1077.499998843224375, -589.9999999999964757 ) ) ;
#1232 = VECTOR ( 'NONE', #4875, 1000.000000000000000 ) ;
#1233 = VERTEX_POINT ( 'NONE', #4983 ) ;
#1234 = CARTESIAN_POINT ( 'NONE',  ( -28350.00000000000000, 1189.999999999998408, -960.0000000000002274 ) ) ;
#1235 = UNCERTAINTY_MEASURE_WITH_UNIT (LENGTH_MEASURE( 1.000000000000000082E-05 ), #3596, 'distance_accuracy_value', 'NONE');
#1236 = VERTEX_POINT ( 'NONE', #4140 ) ;
#1237 = EDGE_CURVE ( 'NONE', #988, #3944, #2219, .T. ) ;
#1238 = CARTESIAN_POINT ( 'NONE',  ( -13975.00000000000182, 200.0000000000000000, -825.0000000000001137 ) ) ;
#1239 = VERTEX_POINT ( 'NONE', #1833 ) ;
#1240 = CARTESIAN_POINT ( 'NONE',  ( -2825.068018844486232, -1189.999999999999091, 5040.000000000000000 ) ) ;
#1241 = CARTESIAN_POINT ( 'NONE',  ( -14299.99999999999818, -814.9999999999974989, -589.9999999999970441 ) ) ;
#1242 = DIRECTION ( 'NONE',  ( 0.000000000000000000, -1.000000000000000000, -2.249385511977649118E-16 ) ) ;
#1243 = VERTEX_POINT ( 'NONE', #3356 ) ;
#1244 = CARTESIAN_POINT ( 'NONE',  ( -12100.00000000000182, 1054.999999999997044, 2.220446049250313081E-12 ) ) ;
#1245 = EDGE_CURVE ( 'NONE', #4312, #4699, #3040, .T. ) ;
#1246 = ORIENTED_EDGE ( 'NONE', *, *, #2235, .T. ) ;
#1247 = CARTESIAN_POINT ( 'NONE',  ( -12100.00000000000182, 679.9999999999977263, -459.9999999999979536 ) ) ;
#1248 = CARTESIAN_POINT ( 'NONE',  ( -15744.66811761634744, 814.9999999999972715, -589.9999999999965894 ) ) ;
#1249 = CARTESIAN_POINT ( 'NONE',  ( -14239.85290935932790, -729.4021522441533989, -769.9999999999963620 ) ) ;
#1250 = EDGE_LOOP ( 'NONE', ( #3948, #2897, #880 ) ) ;
#1251 = EDGE_CURVE ( 'NONE', #1407, #2715, #983, .T. ) ;
#1252 = CARTESIAN_POINT ( 'NONE',  ( -17000.06801884448214, 989.9999999999980673, 5040.000000000000000 ) ) ;
#1253 = ORIENTED_EDGE ( 'NONE', *, *, #284, .F. ) ;
#1254 = ADVANCED_FACE ( 'NONE', ( #2506 ), #3332, .T. ) ;
#1255 = LINE ( 'NONE', #81, #5053 ) ;
#1256 = EDGE_CURVE ( 'NONE', #1233, #2999, #2900, .T. ) ;
#1257 = DIRECTION ( 'NONE',  ( 0.000000000000000000, 1.000000000000000000, 2.775557561563032853E-16 ) ) ;
#1258 = ORIENTED_EDGE ( 'NONE', *, *, #1496, .F. ) ;
#1259 = DIRECTION ( 'NONE',  ( 1.000000000000000000, -0.000000000000000000, 0.000000000000000000 ) ) ;
#1260 = CARTESIAN_POINT ( 'NONE',  ( -11411.43189860506209, 877.4999988432243754, -589.9999999999965894 ) ) ;
#1261 = EDGE_LOOP ( 'NONE', ( #4094, #3119, #4346, #997 ) ) ;
#1262 = CYLINDRICAL_SURFACE ( 'NONE', #2721, 460.0000000000000568 ) ;
#1263 = VERTEX_POINT ( 'NONE', #2532 ) ;
#1264 = LINE ( 'NONE', #2062, #2931 ) ;
#1265 = EDGE_CURVE ( 'NONE', #4099, #4306, #2995, .T. ) ;
#1266 = LINE ( 'NONE', #2836, #4225 ) ;
#1267 = DIRECTION ( 'NONE',  ( 1.000000000000000000, -2.220446049250313081E-16, 1.776356839400250465E-14 ) ) ;
#1268 = VECTOR ( 'NONE', #1010, 1000.000000000000114 ) ;
#1269 = AXIS2_PLACEMENT_3D ( 'NONE', #4711, #660, #2743 ) ;
#1270 = ORIENTED_EDGE ( 'NONE', *, *, #4546, .F. ) ;
#1271 = CARTESIAN_POINT ( 'NONE',  ( -11611.43189860506391, -877.4999988432243754, -769.9999999999963620 ) ) ;
#1272 = ORIENTED_EDGE ( 'NONE', *, *, #2787, .F. ) ;
#1273 = CARTESIAN_POINT ( 'NONE',  ( -25524.93198115551422, -989.9999999999990905, -960.0000000000014779 ) ) ;
#1274 = EDGE_CURVE ( 'NONE', #1518, #2347, #2680, .T. ) ;
#1275 = DIRECTION ( 'NONE',  ( 1.000000000000000000, 0.000000000000000000, 0.000000000000000000 ) ) ;
#1276 = LINE ( 'NONE', #2818, #2800 ) ;
#1277 = ORIENTED_EDGE ( 'NONE', *, *, #1762, .T. ) ;
#1278 = ORIENTED_EDGE ( 'NONE', *, *, #360, .F. ) ;
#1279 = FACE_OUTER_BOUND ( 'NONE', #1663, .T. ) ;
#1280 = ORIENTED_EDGE ( 'NONE', *, *, #3318, .F. ) ;
#1281 = DIRECTION ( 'NONE',  ( 0.000000000000000000, -4.827056628805028179E-16, 1.000000000000000000 ) ) ;
#1282 = DIRECTION ( 'NONE',  ( 0.000000000000000000, -1.000000000000000000, -2.775557561563032853E-16 ) ) ;
#1283 = EDGE_CURVE ( 'NONE', #508, #4763, #1369, .T. ) ;
#1284 = ORIENTED_EDGE ( 'NONE', *, *, #4311, .F. ) ;
#1285 = CARTESIAN_POINT ( 'NONE',  ( 620.0000000000000000, -875.0000000000001137, -1060.000000000000000 ) ) ;
#1286 = ORIENTED_EDGE ( 'NONE', *, *, #2841, .F. ) ;
#1287 = CARTESIAN_POINT ( 'NONE',  ( 0.000000000000000000, 875.0000000000000000, -980.0000000000001137 ) ) ;
#1288 = VERTEX_POINT ( 'NONE', #741 ) ;
#1289 = FACE_OUTER_BOUND ( 'NONE', #401, .T. ) ;
#1290 = VECTOR ( 'NONE', #2513, 1000.000000000000000 ) ;
#1291 = DIRECTION ( 'NONE',  ( 0.000000000000000000, -0.9854601157443478865, 0.1699069165076472210 ) ) ;
#1292 = VECTOR ( 'NONE', #864, 1000.000000000000114 ) ;
#1293 = AXIS2_PLACEMENT_3D ( 'NONE', #2165, #1776, #4583 ) ;
#1294 = ORIENTED_EDGE ( 'NONE', *, *, #4952, .F. ) ;
#1295 = CARTESIAN_POINT ( 'NONE',  ( -28966.79486355017070, 955.0000000000075033, -1060.000000000000000 ) ) ;
#1296 = AXIS2_PLACEMENT_3D ( 'NONE', #1823, #3708, #2578 ) ;
#1297 = DIRECTION ( 'NONE',  ( 0.000000000000000000, 0.000000000000000000, 1.000000000000000000 ) ) ;
#1298 = ORIENTED_EDGE ( 'NONE', *, *, #74, .T. ) ;
#1299 = PLANE ( 'NONE',  #4529 ) ;
#1300 = DIRECTION ( 'NONE',  ( -3.132904478660053556E-17, -1.000000000000000000, 0.000000000000000000 ) ) ;
#1301 = DIRECTION ( 'NONE',  ( 0.000000000000000000, -1.000000000000000000, -2.775557561563032853E-16 ) ) ;
#1302 = AXIS2_PLACEMENT_3D ( 'NONE', #3239, #16, #2845 ) ;
#1303 = VECTOR ( 'NONE', #2754, 1000.000000000000000 ) ;
#1304 = EDGE_LOOP ( 'NONE', ( #351, #4125, #4218, #4508 ) ) ;
#1305 = EDGE_CURVE ( 'NONE', #3290, #4149, #4712, .T. ) ;
#1306 = ORIENTED_EDGE ( 'NONE', *, *, #746, .F. ) ;
#1307 = CARTESIAN_POINT ( 'NONE',  ( -5576.316527040904475, 1189.999999999998408, -6660.000000000000909 ) ) ;
#1308 = EDGE_CURVE ( 'NONE', #1341, #476, #2667, .T. ) ;
#1309 = VECTOR ( 'NONE', #3916, 1000.000000000000000 ) ;
#1310 = EDGE_LOOP ( 'NONE', ( #1921, #3932, #4205, #1389 ) ) ;
#1311 = VECTOR ( 'NONE', #4084, 1000.000000000000000 ) ;
#1312 = PLANE ( 'NONE',  #966 ) ;
#1313 = DIRECTION ( 'NONE',  ( 1.000000000000000000, 0.000000000000000000, 0.000000000000000000 ) ) ;
#1314 = ORIENTED_EDGE ( 'NONE', *, *, #2024, .T. ) ;
#1315 = VECTOR ( 'NONE', #3427, 1000.000000000000000 ) ;
#1316 = FACE_OUTER_BOUND ( 'NONE', #2283, .T. ) ;
#1317 = VERTEX_POINT ( 'NONE', #345 ) ;
#1318 = VECTOR ( 'NONE', #170, 1000.000000000000000 ) ;
#1319 = PLANE ( 'NONE',  #3143 ) ;
#1320 = VERTEX_POINT ( 'NONE', #3510 ) ;
#1321 = CARTESIAN_POINT ( 'NONE',  ( 616.7948635501689978, 875.0000000000000000, -1060.000000000000000 ) ) ;
#1322 = DIRECTION ( 'NONE',  ( 0.000000000000000000, -1.000000000000000000, -2.775557561563032853E-16 ) ) ;
#1323 = FACE_OUTER_BOUND ( 'NONE', #1413, .T. ) ;
#1324 = ORIENTED_EDGE ( 'NONE', *, *, #3771, .T. ) ;
#1325 = CARTESIAN_POINT ( 'NONE',  ( -380.0000000000000000, -875.0000000000000000, -1060.000000000000000 ) ) ;
#1326 = EDGE_CURVE ( 'NONE', #2134, #3756, #1421, .T. ) ;
#1327 = ORIENTED_EDGE ( 'NONE', *, *, #1134, .F. ) ;
#1328 = DIRECTION ( 'NONE',  ( -1.000000000000000000, 0.000000000000000000, 0.000000000000000000 ) ) ;
#1329 = DIRECTION ( 'NONE',  ( 0.000000000000000000, 1.000000000000000000, -2.220446049250313081E-16 ) ) ;
#1330 = ORIENTED_EDGE ( 'NONE', *, *, #574, .F. ) ;
#1331 = CYLINDRICAL_SURFACE ( 'NONE', #2543, 460.0000000000000568 ) ;
#1332 = EDGE_LOOP ( 'NONE', ( #309, #1874, #1459, #3584, #2480, #245, #1466, #2570, #3835, #1599, #691, #4683, #4719, #2085, #580, #677, #376, #3389, #2632, #4859, #1258, #3813, #2279, #3486, #876, #2948 ) ) ;
#1333 = DIRECTION ( 'NONE',  ( 0.000000000000000000, 0.1699069165076472210, -0.9854601157443478865 ) ) ;
#1334 = ORIENTED_EDGE ( 'NONE', *, *, #3297, .F. ) ;
#1335 = DIRECTION ( 'NONE',  ( -0.000000000000000000, -1.000000000000000000, -2.775557561563032853E-16 ) ) ;
#1336 = LINE ( 'NONE', #2528, #5066 ) ;
#1337 = EDGE_LOOP ( 'NONE', ( #230, #3283, #1650, #1838 ) ) ;
#1338 = ADVANCED_FACE ( 'NONE', ( #4267 ), #3090, .F. ) ;
#1339 = CARTESIAN_POINT ( 'NONE',  ( -380.0000000000000000, 875.0000000000000000, -1060.000000000000000 ) ) ;
#1340 = ADVANCED_FACE ( 'NONE', ( #5109 ), #3535, .T. ) ;
#1341 = VERTEX_POINT ( 'NONE', #685 ) ;
#1342 = CARTESIAN_POINT ( 'NONE',  ( 616.7948635501689978, -875.0000000000000000, -1060.000000000000000 ) ) ;
#1343 = ORIENTED_EDGE ( 'NONE', *, *, #2270, .T. ) ;
#1344 = CARTESIAN_POINT ( 'NONE',  ( -11760.14709064067210, 1054.999999999997499, -769.9999999999957936 ) ) ;
#1345 = DIRECTION ( 'NONE',  ( 1.000000000000000000, 0.000000000000000000, 0.000000000000000000 ) ) ;
#1346 = VECTOR ( 'NONE', #4303, 1000.000000000000000 ) ;
#1347 = CYLINDRICAL_SURFACE ( 'NONE', #4192, 6000.000000000000000 ) ;
#1348 = VERTEX_POINT ( 'NONE', #2318 ) ;
#1349 = DIRECTION ( 'NONE',  ( -1.000000000000000000, 2.193033135062037489E-16, 0.000000000000000000 ) ) ;
#1350 = APPLICATION_PROTOCOL_DEFINITION ( 'draft international standard', 'automotive_design', 1998, #2396 ) ;
#1351 = EDGE_LOOP ( 'NONE', ( #3171, #4657, #3681, #425, #3034 ) ) ;
#1352 = DIRECTION ( 'NONE',  ( -1.000000000000000000, 0.000000000000000000, 1.908428413691174465E-16 ) ) ;
#1353 = EDGE_CURVE ( 'NONE', #4810, #2755, #3907, .T. ) ;
#1354 = PRESENTATION_LAYER_ASSIGNMENT (  '', '', ( #3265 ) ) ;
#1355 = CARTESIAN_POINT ( 'NONE',  ( -2350.000000000000455, -800.0000000000000000, -910.0000000000001137 ) ) ;
#1356 = EDGE_CURVE ( 'NONE', #4933, #680, #3300, .T. ) ;
#1357 = EDGE_CURVE ( 'NONE', #4571, #4453, #5136, .T. ) ;
#1358 = ORIENTED_EDGE ( 'NONE', *, *, #4381, .T. ) ;
#1359 = DIRECTION ( 'NONE',  ( 1.000000000000000000, 0.000000000000000000, 0.000000000000000000 ) ) ;
#1360 = VERTEX_POINT ( 'NONE', #293 ) ;
#1361 = CARTESIAN_POINT ( 'NONE',  ( -10255.33188238365256, -1077.499998843224375, -589.9999999999971578 ) ) ;
#1362 = CARTESIAN_POINT ( 'NONE',  ( -12547.28068913207790, -679.9999999999977263, -567.4243228023079837 ) ) ;
#1363 = VECTOR ( 'NONE', #1585, 999.9999999999998863 ) ;
#1364 = ORIENTED_EDGE ( 'NONE', *, *, #1326, .F. ) ;
#1365 = DIRECTION ( 'NONE',  ( 1.000000000000000000, 0.000000000000000000, 0.000000000000000000 ) ) ;
#1366 = CARTESIAN_POINT ( 'NONE',  ( -13458.75177054179585, 732.4719190560189190, -589.9999999999965894 ) ) ;
#1367 = CARTESIAN_POINT ( 'NONE',  ( -13975.00000000000182, 200.0000000000000000, -825.0000000000001137 ) ) ;
#1368 = LINE ( 'NONE', #557, #607 ) ;
#1369 = LINE ( 'NONE', #1499, #2047 ) ;
#1370 = VECTOR ( 'NONE', #492, 1000.000000000000114 ) ;
#1371 = ADVANCED_FACE ( 'NONE', ( #1856 ), #5087, .T. ) ;
#1372 = ORIENTED_EDGE ( 'NONE', *, *, #3235, .F. ) ;
#1373 = CYLINDRICAL_SURFACE ( 'NONE', #3827, 460.0000000000000568 ) ;
#1374 = ADVANCED_FACE ( 'NONE', ( #1567 ), #3142, .F. ) ;
#1375 = CARTESIAN_POINT ( 'NONE',  ( -26400.00000000000364, 1189.999999999998408, -960.0000000000002274 ) ) ;
#1376 = LINE ( 'NONE', #4987, #1442 ) ;
#1377 = ORIENTED_EDGE ( 'NONE', *, *, #550, .T. ) ;
#1378 = CARTESIAN_POINT ( 'NONE',  ( -23815.57253896063776, 989.9999999999982947, -751.1534819267452576 ) ) ;
#1379 = DIRECTION ( 'NONE',  ( 1.000000000000000000, 0.000000000000000000, 0.000000000000000000 ) ) ;
#1380 = ORIENTED_EDGE ( 'NONE', *, *, #4651, .F. ) ;
#1381 = AXIS2_PLACEMENT_3D ( 'NONE', #5034, #3856, #3461 ) ;
#1382 = CYLINDRICAL_SURFACE ( 'NONE', #399, 199.9999999999999432 ) ;
#1383 = DIRECTION ( 'NONE',  ( 0.000000000000000000, 0.000000000000000000, 1.000000000000000000 ) ) ;
#1384 = CARTESIAN_POINT ( 'NONE',  ( -17000.06801884448214, 1189.999999999997954, -960.0000000000002274 ) ) ;
#1385 = ORIENTED_EDGE ( 'NONE', *, *, #4765, .T. ) ;
#1386 = VECTOR ( 'NONE', #3549, 1000.000000000000000 ) ;
#1387 = EDGE_CURVE ( 'NONE', #4561, #4247, #128, .T. ) ;
#1388 = CARTESIAN_POINT ( 'NONE',  ( -26400.00000000000364, 800.0000000000000000, -910.0000000000001137 ) ) ;
#1389 = ORIENTED_EDGE ( 'NONE', *, *, #550, .F. ) ;
#1390 = CARTESIAN_POINT ( 'NONE',  ( -13560.14709064066847, -729.4021522441533989, -769.9999999999963620 ) ) ;
#1391 = CARTESIAN_POINT ( 'NONE',  ( -13899.99999999999818, -679.9999999999978400, 1.720845688168992638E-12 ) ) ;
#1392 = VECTOR ( 'NONE', #1680, 1000.000000000000000 ) ;
#1393 = ORIENTED_EDGE ( 'NONE', *, *, #3583, .T. ) ;
#1394 = VECTOR ( 'NONE', #1640, 1000.000000000000000 ) ;
#1395 = CARTESIAN_POINT ( 'NONE',  ( -14388.56810139493609, -1077.499998843224375, -769.9999999999964757 ) ) ;
#1396 = CIRCLE ( 'NONE', #4315, 277.7941176470602045 ) ;
#1397 = CIRCLE ( 'NONE', #2133, 460.0000000000000000 ) ;
#1398 = CARTESIAN_POINT ( 'NONE',  ( -13499.99999999999818, -1077.499998843224603, -306.2059048389992313 ) ) ;
#1399 = VERTEX_POINT ( 'NONE', #3950 ) ;
#1400 = LINE ( 'NONE', #3016, #1557 ) ;
#1401 = ORIENTED_EDGE ( 'NONE', *, *, #2741, .T. ) ;
#1402 = CARTESIAN_POINT ( 'NONE',  ( -27970.00000000000364, 875.0000000000000000, -1060.000000000000000 ) ) ;
#1403 = DIRECTION ( 'NONE',  ( 0.000000000000000000, -0.9854601157443478865, 0.1699069165076472210 ) ) ;
#1404 = EDGE_CURVE ( 'NONE', #1226, #4333, #713, .T. ) ;
#1405 = DIRECTION ( 'NONE',  ( 7.824144642581933777E-16, -2.775557561563032853E-16, 1.000000000000000000 ) ) ;
#1406 = AXIS2_PLACEMENT_3D ( 'NONE', #3134, #779, #364 ) ;
#1407 = VERTEX_POINT ( 'NONE', #5054 ) ;
#1408 = LINE ( 'NONE', #1740, #558 ) ;
#1409 =( LENGTH_UNIT ( ) NAMED_UNIT ( * ) SI_UNIT ( .MILLI., .METRE. ) );
#1410 = ORIENTED_EDGE ( 'NONE', *, *, #1387, .T. ) ;
#1411 = CARTESIAN_POINT ( 'NONE',  ( -11880.00000000000182, 814.9999999999970441, -239.9999999999979821 ) ) ;
#1412 = FACE_OUTER_BOUND ( 'NONE', #2541, .T. ) ;
#1413 = EDGE_LOOP ( 'NONE', ( #4703, #4694, #2723, #722 ) ) ;
#1414 = EDGE_CURVE ( 'NONE', #2015, #2103, #4320, .T. ) ;
#1415 = DIRECTION ( 'NONE',  ( 0.000000000000000000, -1.000000000000000000, 0.000000000000000000 ) ) ;
#1416 = ORIENTED_EDGE ( 'NONE', *, *, #2128, .F. ) ;
#1417 = CARTESIAN_POINT ( 'NONE',  ( -10255.33188238365256, 732.4719190560189190, -589.9999999999965894 ) ) ;
#1418 = EDGE_LOOP ( 'NONE', ( #1610, #1204, #1393, #1450, #1988, #3826, #3231, #5117, #2988, #1864, #4069, #5095 ) ) ;
#1419 = ADVANCED_FACE ( 'NONE', ( #2694 ), #4291, .F. ) ;
#1420 = LINE ( 'NONE', #2269, #632 ) ;
#1421 =( BOUNDED_CURVE ( )  B_SPLINE_CURVE ( 3, ( #4339, #2744, #3852, #2720 ),
 .UNSPECIFIED., .F., .T. ) 
 B_SPLINE_CURVE_WITH_KNOTS ( ( 4, 4 ),
 ( 0.8313038383525110930, 0.8457296285623812082 ),
 .UNSPECIFIED. ) 
 CURVE ( )  GEOMETRIC_REPRESENTATION_ITEM ( )  RATIONAL_B_SPLINE_CURVE ( ( 1.000000000000000000, 0.9999826581232540423, 0.9999826581232540423, 1.000000000000000000 ) ) 
 REPRESENTATION_ITEM ( '' )  );
#1422 = ADVANCED_FACE ( 'NONE', ( #1673 ), #4759, .T. ) ;
#1423 = DIRECTION ( 'NONE',  ( 0.000000000000000000, 1.000000000000000000, 2.775557561563032853E-16 ) ) ;
#1424 = CARTESIAN_POINT ( 'NONE',  ( -28350.00000000000000, 1189.999999999998408, -960.0000000000002274 ) ) ;
#1425 = ORIENTED_EDGE ( 'NONE', *, *, #3977, .F. ) ;
#1426 = CARTESIAN_POINT ( 'NONE',  ( -26400.00000000000364, -200.0000000000000000, -825.0000000000001137 ) ) ;
#1427 = CARTESIAN_POINT ( 'NONE',  ( -8598.683472959099163, -1190.000000000000227, -6660.000000000000000 ) ) ;
#1428 = EDGE_LOOP ( 'NONE', ( #3206, #2819, #5116, #642, #940 ) ) ;
#1429 = CARTESIAN_POINT ( 'NONE',  ( -13974.99999999999818, -1190.000000000001592, -960.0000000000002274 ) ) ;
#1430 = VERTEX_POINT ( 'NONE', #815 ) ;
#1431 = CARTESIAN_POINT ( 'NONE',  ( 0.000000000000000000, -875.0000000000000000, -980.0000000000001137 ) ) ;
#1432 = DIRECTION ( 'NONE',  ( -1.000000000000000000, 0.000000000000000000, 0.000000000000000000 ) ) ;
#1433 = CARTESIAN_POINT ( 'NONE',  ( -12320.00000000000000, 1077.499998843224375, -517.7941176470588971 ) ) ;
#1434 = ORIENTED_EDGE ( 'NONE', *, *, #1356, .F. ) ;
#1435 = FACE_OUTER_BOUND ( 'NONE', #2186, .T. ) ;
#1436 = ADVANCED_FACE ( 'NONE', ( #4869 ), #2876, .F. ) ;
#1437 = ORIENTED_EDGE ( 'NONE', *, *, #695, .T. ) ;
#1438 = CARTESIAN_POINT ( 'NONE',  ( -5576.316527040903566, -989.9999999999996589, -660.0000000000007958 ) ) ;
#1439 = DIRECTION ( 'NONE',  ( -0.000000000000000000, -1.000000000000000000, -2.775557561563032853E-16 ) ) ;
#1440 = ADVANCED_FACE ( 'NONE', ( #2767 ), #23, .T. ) ;
#1441 = EDGE_LOOP ( 'NONE', ( #1410, #4709, #5013, #1380 ) ) ;
#1442 = VECTOR ( 'NONE', #3808, 1000.000000000000114 ) ;
#1443 = CIRCLE ( 'NONE', #4357, 460.0000000000001137 ) ;
#1444 = VECTOR ( 'NONE', #3599, 1000.000000000000000 ) ;
#1445 = DIRECTION ( 'NONE',  ( 0.000000000000000000, -1.000000000000000000, 0.000000000000000000 ) ) ;
#1446 = DIRECTION ( 'NONE',  ( 0.000000000000000000, 0.000000000000000000, -1.000000000000000000 ) ) ;
#1447 = FACE_OUTER_BOUND ( 'NONE', #4043, .T. ) ;
#1448 = EDGE_CURVE ( 'NONE', #4201, #4387, #4001, .T. ) ;
#1449 = EDGE_CURVE ( 'NONE', #4674, #2656, #3689, .T. ) ;
#1450 = ORIENTED_EDGE ( 'NONE', *, *, #706, .T. ) ;
#1451 = DIRECTION ( 'NONE',  ( 0.000000000000000000, 1.000000000000000000, 5.551115123125784674E-16 ) ) ;
#1452 = DIRECTION ( 'NONE',  ( 0.000000000000000000, 0.000000000000000000, 1.000000000000000000 ) ) ;
#1453 = ORIENTED_EDGE ( 'NONE', *, *, #500, .F. ) ;
#1454 = ORIENTED_EDGE ( 'NONE', *, *, #1245, .F. ) ;
#1455 = DIRECTION ( 'NONE',  ( 1.000000000000000000, 0.000000000000000000, 0.000000000000000000 ) ) ;
#1456 = ORIENTED_EDGE ( 'NONE', *, *, #106, .F. ) ;
#1457 = CARTESIAN_POINT ( 'NONE',  ( -3866.957084846028920, 1189.999999999998408, -868.8465180732545150 ) ) ;
#1458 = CARTESIAN_POINT ( 'NONE',  ( -14341.24822945820415, 1054.999999999997499, -589.9999999999964757 ) ) ;
#1459 = ORIENTED_EDGE ( 'NONE', *, *, #1308, .F. ) ;
#1460 = DIRECTION ( 'NONE',  ( 1.000000000000000000, 0.000000000000000000, 0.000000000000000000 ) ) ;
#1461 = PLANE ( 'NONE',  #711 ) ;
#1462 = ORIENTED_EDGE ( 'NONE', *, *, #1487, .T. ) ;
#1463 = CARTESIAN_POINT ( 'NONE',  ( -8598.683472959099163, 1189.999999999998408, -6660.000000000000000 ) ) ;
#1464 = CARTESIAN_POINT ( 'NONE',  ( -2.914659381970696526E-13, 1189.999999999998408, -960.0000000000002274 ) ) ;
#1465 = CIRCLE ( 'NONE', #542, 79.99999999999995737 ) ;
#1466 = ORIENTED_EDGE ( 'NONE', *, *, #1414, .T. ) ;
#1467 = EDGE_CURVE ( 'NONE', #5113, #2911, #4783, .T. ) ;
#1468 = AXIS2_PLACEMENT_3D ( 'NONE', #1955, #2245, #3067 ) ;
#1469 = AXIS2_PLACEMENT_3D ( 'NONE', #3691, #4188, #2189 ) ;
#1470 = DIRECTION ( 'NONE',  ( 0.000000000000000000, 0.1402661271484180183, -0.9901138386947149206 ) ) ;
#1471 = COLOUR_RGB ( '',0.7921568627450980005, 0.8196078431372548767, 0.9333333333333333481 ) ;
#1472 = DIRECTION ( 'NONE',  ( -1.000000000000000000, -0.000000000000000000, -0.000000000000000000 ) ) ;
#1473 = ORIENTED_EDGE ( 'NONE', *, *, #3431, .T. ) ;
#1474 = AXIS2_PLACEMENT_3D ( 'NONE', #4790, #4402, #1627 ) ;
#1475 = LINE ( 'NONE', #2247, #2649 ) ;
#1476 = CYLINDRICAL_SURFACE ( 'NONE', #1381, 460.0000000000000568 ) ;
#1477 = ORIENTED_EDGE ( 'NONE', *, *, #4823, .F. ) ;
#1478 = ADVANCED_FACE ( 'NONE', ( #3582 ), #2475, .T. ) ;
#1479 = VECTOR ( 'NONE', #506, 1000.000000000000000 ) ;
#1480 = ORIENTED_EDGE ( 'NONE', *, *, #3065, .T. ) ;
#1481 = ORIENTED_EDGE ( 'NONE', *, *, #868, .F. ) ;
#1482 = DIRECTION ( 'NONE',  ( 0.9848077530122092416, 0.000000000000000000, -0.1736481776669237531 ) ) ;
#1483 = CARTESIAN_POINT ( 'NONE',  ( -9640.572538960641396, 989.9999999999980673, -751.1534819267457124 ) ) ;
#1484 = VECTOR ( 'NONE', #703, 1000.000000000000000 ) ;
#1485 = EDGE_CURVE ( 'NONE', #1236, #1243, #2794, .T. ) ;
#1486 = ORIENTED_EDGE ( 'NONE', *, *, #4321, .T. ) ;
#1487 = EDGE_CURVE ( 'NONE', #3686, #3321, #1982, .T. ) ;
#1488 = LINE ( 'NONE', #2474, #4464 ) ;
#1489 = AXIS2_PLACEMENT_3D ( 'NONE', #3116, #2724, #1107 ) ;
#1490 = FACE_OUTER_BOUND ( 'NONE', #1019, .T. ) ;
#1491 = ORIENTED_EDGE ( 'NONE', *, *, #5132, .F. ) ;
#1492 = DIRECTION ( 'NONE',  ( 1.000000000000000000, -2.220446049250313081E-16, -3.552713678800500929E-15 ) ) ;
#1493 = FACE_OUTER_BOUND ( 'NONE', #2150, .T. ) ;
#1494 = ORIENTED_EDGE ( 'NONE', *, *, #3849, .F. ) ;
#1495 = AXIS2_PLACEMENT_3D ( 'NONE', #5002, #4605, #4161 ) ;
#1496 = EDGE_CURVE ( 'NONE', #508, #3854, #2851, .T. ) ;
#1497 = LINE ( 'NONE', #708, #1208 ) ;
#1498 = LINE ( 'NONE', #4666, #13 ) ;
#1499 = CARTESIAN_POINT ( 'NONE',  ( -1950.000000000000682, -1189.999999999998408, -960.0000000000002274 ) ) ;
#1500 = EDGE_CURVE ( 'NONE', #3321, #2249, #44, .T. ) ;
#1501 = ORIENTED_EDGE ( 'NONE', *, *, #1799, .T. ) ;
#1502 = DIRECTION ( 'NONE',  ( 0.000000000000000000, 1.000000000000000000, 2.775557561563032853E-16 ) ) ;
#1503 = DIRECTION ( 'NONE',  ( -2.193033135062037489E-16, 1.000000000000000000, 0.000000000000000000 ) ) ;
#1504 = EDGE_CURVE ( 'NONE', #1239, #2153, #4052, .T. ) ;
#1505 = EDGE_LOOP ( 'NONE', ( #1992, #3982 ) ) ;
#1506 = ORIENTED_EDGE ( 'NONE', *, *, #3733, .T. ) ;
#1507 = CARTESIAN_POINT ( 'NONE',  ( -12100.00000000000182, 814.9999999999972715, -459.9999999999978968 ) ) ;
#1508 = VERTEX_POINT ( 'NONE', #4422 ) ;
#1509 = CARTESIAN_POINT ( 'NONE',  ( -13975.00000000000182, -899.9999999999998863, -910.0000000000001137 ) ) ;
#1510 = DIRECTION ( 'NONE',  ( -0.000000000000000000, 0.000000000000000000, 1.000000000000000000 ) ) ;
#1511 = VERTEX_POINT ( 'NONE', #3215 ) ;
#1512 = LINE ( 'NONE', #1903, #3892 ) ;
#1513 = EDGE_CURVE ( 'NONE', #3397, #763, #4814, .T. ) ;
#1514 = ORIENTED_EDGE ( 'NONE', *, *, #3507, .T. ) ;
#1515 = ADVANCED_FACE ( 'NONE', ( #839 ), #473, .F. ) ;
#1516 = DIRECTION ( 'NONE',  ( 2.193033135062037489E-16, 1.000000000000000000, 0.000000000000000000 ) ) ;
#1517 = DIRECTION ( 'NONE',  ( 0.000000000000000000, -1.000000000000000000, 0.000000000000000000 ) ) ;
#1518 = VERTEX_POINT ( 'NONE', #1648 ) ;
#1519 = CARTESIAN_POINT ( 'NONE',  ( -14119.99999999999818, 1950.712458671872582, -239.9999999999976694 ) ) ;
#1520 = CYLINDRICAL_SURFACE ( 'NONE', #853, 6000.000000000000000 ) ;
#1521 = CARTESIAN_POINT ( 'NONE',  ( -380.0000000000000000, -875.0000000000000000, -1060.000000000000000 ) ) ;
#1522 = ORIENTED_EDGE ( 'NONE', *, *, #2555, .T. ) ;
#1523 = CIRCLE ( 'NONE', #3357, 277.7941176470602045 ) ;
#1524 = ORIENTED_EDGE ( 'NONE', *, *, #4498, .T. ) ;
#1525 = LINE ( 'NONE', #688, #4915 ) ;
#1526 = CARTESIAN_POINT ( 'NONE',  ( -14299.99999999999818, -1077.499998843224603, -306.2059048389986629 ) ) ;
#1527 = ORIENTED_EDGE ( 'NONE', *, *, #2507, .F. ) ;
#1528 = EDGE_CURVE ( 'NONE', #4, #680, #4638, .T. ) ;
#1529 = DIRECTION ( 'NONE',  ( 0.000000000000000000, 2.249385511977649118E-16, -1.000000000000000000 ) ) ;
#1530 = EDGE_CURVE ( 'NONE', #1917, #3594, #3635, .T. ) ;
#1531 = EDGE_LOOP ( 'NONE', ( #2935, #3717, #800 ) ) ;
#1532 = LINE ( 'NONE', #3937, #47 ) ;
#1533 = CARTESIAN_POINT ( 'NONE',  ( -13899.99999999999818, -679.9999999999977263, -909.9999999999982947 ) ) ;
#1534 = ORIENTED_EDGE ( 'NONE', *, *, #3507, .F. ) ;
#1535 = FACE_OUTER_BOUND ( 'NONE', #1505, .T. ) ;
#1536 = CARTESIAN_POINT ( 'NONE',  ( -28350.00000000000000, -1190.000000000001592, -660.0000000000019327 ) ) ;
#1537 = ORIENTED_EDGE ( 'NONE', *, *, #4532, .T. ) ;
#1538 = DIRECTION ( 'NONE',  ( 0.000000000000000000, -1.000000000000000000, 0.000000000000000000 ) ) ;
#1539 = CARTESIAN_POINT ( 'NONE',  ( -28187.75597880006899, -989.9999999999993179, 920.1315677728723585 ) ) ;
#1540 = EDGE_LOOP ( 'NONE', ( #3094, #1959, #2293, #1642, #2201, #3909, #3997 ) ) ;
#1541 = AXIS2_PLACEMENT_3D ( 'NONE', #4164, #581, #1365 ) ;
#1542 = AXIS2_PLACEMENT_3D ( 'NONE', #139, #1728, #2912 ) ;
#1543 = LINE ( 'NONE', #4634, #3110 ) ;
#1544 = DIRECTION ( 'NONE',  ( 0.000000000000000000, 0.000000000000000000, -1.000000000000000000 ) ) ;
#1545 = AXIS2_PLACEMENT_3D ( 'NONE', #5027, #3038, #129 ) ;
#1546 = VERTEX_POINT ( 'NONE', #1395 ) ;
#1547 = LINE ( 'NONE', #5138, #1151 ) ;
#1548 = DIRECTION ( 'NONE',  ( 0.000000000000000000, -2.413528314402514090E-16, 1.000000000000000000 ) ) ;
#1549 = AXIS2_PLACEMENT_3D ( 'NONE', #4179, #2979, #1791 ) ;
#1550 = VECTOR ( 'NONE', #671, 1000.000000000000000 ) ;
#1551 = EDGE_LOOP ( 'NONE', ( #3676, #4676, #1154, #3414 ) ) ;
#1552 = FACE_OUTER_BOUND ( 'NONE', #4299, .T. ) ;
#1553 = VECTOR ( 'NONE', #977, 1000.000000000000000 ) ;
#1554 = DIRECTION ( 'NONE',  ( 0.000000000000000000, -1.000000000000000000, -2.775557561563032853E-16 ) ) ;
#1555 = LINE ( 'NONE', #4277, #3974 ) ;
#1556 = AXIS2_PLACEMENT_3D ( 'NONE', #4745, #2348, #1529 ) ;
#1557 = VECTOR ( 'NONE', #244, 1000.000000000000000 ) ;
#1558 = ORIENTED_EDGE ( 'NONE', *, *, #4321, .F. ) ;
#1559 = CARTESIAN_POINT ( 'NONE',  ( -15744.66811761634744, 732.4719190560189190, -589.9999999999965894 ) ) ;
#1560 = EDGE_LOOP ( 'NONE', ( #3102, #1558, #2181, #4163 ) ) ;
#1561 = CARTESIAN_POINT ( 'NONE',  ( -2350.000000000001364, 1189.999999999998408, -960.0000000000002274 ) ) ;
#1562 = EDGE_CURVE ( 'NONE', #2907, #4805, #4165, .T. ) ;
#1563 = FACE_OUTER_BOUND ( 'NONE', #3669, .T. ) ;
#1564 = EDGE_CURVE ( 'NONE', #3408, #2443, #3714, .T. ) ;
#1565 = VERTEX_POINT ( 'NONE', #4102 ) ;
#1566 = CARTESIAN_POINT ( 'NONE',  ( -28350.00000000000000, 989.9999999999984084, -960.0000000000019327 ) ) ;
#1567 = FACE_OUTER_BOUND ( 'NONE', #1250, .T. ) ;
#1568 = CONTEXT_DEPENDENT_SHAPE_REPRESENTATION ( #4857, #4825 ) ;
#1569 = EDGE_CURVE ( 'NONE', #4423, #479, #2559, .T. ) ;
#1570 = ORIENTED_EDGE ( 'NONE', *, *, #1853, .F. ) ;
#1571 = ADVANCED_FACE ( 'NONE', ( #2991 ), #2187, .F. ) ;
#1572 = DIRECTION ( 'NONE',  ( 1.000000000000000000, -0.000000000000000000, -0.000000000000000000 ) ) ;
#1573 = CARTESIAN_POINT ( 'NONE',  ( -11880.00000000000182, -1077.499998843224603, -239.9999999999985505 ) ) ;
#1574 = EDGE_CURVE ( 'NONE', #3765, #687, #4217, .T. ) ;
#1575 = EDGE_LOOP ( 'NONE', ( #1065, #3028, #2422, #3024, #4236, #3136, #1094, #5131, #2915, #4268, #567, #1763 ) ) ;
#1576 = LINE ( 'NONE', #1090, #1309 ) ;
#1577 = AXIS2_PLACEMENT_3D ( 'NONE', #1240, #4008, #2036 ) ;
#1578 = ORIENTED_EDGE ( 'NONE', *, *, #3882, .F. ) ;
#1579 = CARTESIAN_POINT ( 'NONE',  ( -26400.00000000000364, -800.0000000000000000, -910.0000000000001137 ) ) ;
#1580 = DIRECTION ( 'NONE',  ( 0.000000000000000000, 1.000000000000000000, 2.249385511977649118E-16 ) ) ;
#1581 = CARTESIAN_POINT ( 'NONE',  ( -14175.00000000000000, -1190.000000000001592, -960.0000000000002274 ) ) ;
#1582 = ORIENTED_EDGE ( 'NONE', *, *, #1829, .T. ) ;
#1583 = CARTESIAN_POINT ( 'NONE',  ( -2.914659381970696526E-13, 1189.999999999998408, -1160.000000000000227 ) ) ;
#1584 = EDGE_LOOP ( 'NONE', ( #4146, #1671, #5077, #4490 ) ) ;
#1585 = DIRECTION ( 'NONE',  ( 0.000000000000000000, 0.9950481186486287433, -0.09939437395458879110 ) ) ;
#1586 = DIRECTION ( 'NONE',  ( 0.000000000000000000, -1.000000000000000000, -2.775557561563032853E-16 ) ) ;
#1587 = ORIENTED_EDGE ( 'NONE', *, *, #1197, .F. ) ;
#1588 = EDGE_CURVE ( 'NONE', #4740, #1565, #3796, .T. ) ;
#1589 = EDGE_CURVE ( 'NONE', #4872, #1546, #1802, .T. ) ;
#1590 = VECTOR ( 'NONE', #2254, 1000.000000000000000 ) ;
#1591 = DIRECTION ( 'NONE',  ( 0.000000000000000000, 1.000000000000000000, 0.000000000000000000 ) ) ;
#1592 =( GEOMETRIC_REPRESENTATION_CONTEXT ( 3 ) GLOBAL_UNCERTAINTY_ASSIGNED_CONTEXT ( ( #1235 ) ) GLOBAL_UNIT_ASSIGNED_CONTEXT ( ( #3596, #42, #384 ) ) REPRESENTATION_CONTEXT ( 'NONE', 'WORKASPACE' ) );
#1593 = VERTEX_POINT ( 'NONE', #3294 ) ;
#1594 = CARTESIAN_POINT ( 'NONE',  ( -12547.28068913207790, 679.9999999999977263, -567.4243228023077563 ) ) ;
#1595 = CYLINDRICAL_SURFACE ( 'NONE', #4045, 277.7941176470602045 ) ;
#1596 = VERTEX_POINT ( 'NONE', #4895 ) ;
#1597 = ADVANCED_FACE ( 'NONE', ( #4496 ), #918, .F. ) ;
#1598 = CARTESIAN_POINT ( 'NONE',  ( -14119.99999999999818, 814.9999999999972715, -239.9999999999979821 ) ) ;
#1599 = ORIENTED_EDGE ( 'NONE', *, *, #3529, .F. ) ;
#1600 = VECTOR ( 'NONE', #1636, 1000.000000000000000 ) ;
#1601 = CARTESIAN_POINT ( 'NONE',  ( -13899.99999999999818, 814.9999999999971578, 2.275957200481570908E-12 ) ) ;
#1602 = CARTESIAN_POINT ( 'NONE',  ( -2.914659381970696526E-13, 1189.999999999998408, -960.0000000000002274 ) ) ;
#1603 = ORIENTED_EDGE ( 'NONE', *, *, #176, .F. ) ;
#1604 = CARTESIAN_POINT ( 'NONE',  ( -14175.00000000000000, 1189.999999999997954, -1160.000000000000227 ) ) ;
#1605 = FILL_AREA_STYLE_COLOUR ( '', #96 ) ;
#1606 = ORIENTED_EDGE ( 'NONE', *, *, #2776, .T. ) ;
#1607 = CARTESIAN_POINT ( 'NONE',  ( -12100.00000000000182, -679.9999999999977263, -459.9999999999982947 ) ) ;
#1608 = CARTESIAN_POINT ( 'NONE',  ( -11755.71061244390148, 679.9999999999977263, -765.0652677973101845 ) ) ;
#1609 = LINE ( 'NONE', #3205, #3972 ) ;
#1610 = ORIENTED_EDGE ( 'NONE', *, *, #1970, .T. ) ;
#1611 = AXIS2_PLACEMENT_3D ( 'NONE', #3684, #2022, #2104 ) ;
#1612 = ORIENTED_EDGE ( 'NONE', *, *, #3557, .T. ) ;
#1613 = CARTESIAN_POINT ( 'NONE',  ( -11349.93198115551968, 1189.999999999997954, 5040.000000000000000 ) ) ;
#1614 = ORIENTED_EDGE ( 'NONE', *, *, #4364, .F. ) ;
#1615 = CARTESIAN_POINT ( 'NONE',  ( -12100.00000000000182, 1054.999999999997272, -459.9999999999978400 ) ) ;
#1616 = CARTESIAN_POINT ( 'NONE',  ( -14119.99999999999818, -814.9999999999974989, -239.9999999999984368 ) ) ;
#1617 = ORIENTED_EDGE ( 'NONE', *, *, #1256, .F. ) ;
#1618 = DIRECTION ( 'NONE',  ( 0.000000000000000000, -1.000000000000000000, -2.249385511977649118E-16 ) ) ;
#1619 = LINE ( 'NONE', #60, #2360 ) ;
#1620 = AXIS2_PLACEMENT_3D ( 'NONE', #2414, #2338, #3158 ) ;
#1621 = VECTOR ( 'NONE', #590, 1000.000000000000000 ) ;
#1622 = ORIENTED_EDGE ( 'NONE', *, *, #810, .F. ) ;
#1623 = AXIS2_PLACEMENT_3D ( 'NONE', #367, #1059, #2641 ) ;
#1624 = DIRECTION ( 'NONE',  ( 7.824144642581933777E-16, -2.775557561563032853E-16, 1.000000000000000000 ) ) ;
#1625 = ORIENTED_EDGE ( 'NONE', *, *, #3666, .F. ) ;
#1626 = CIRCLE ( 'NONE', #1956, 79.99999999999995737 ) ;
#1627 = DIRECTION ( 'NONE',  ( 1.000000000000000000, 0.000000000000000000, 0.000000000000000000 ) ) ;
#1628 = VECTOR ( 'NONE', #278, 1000.000000000000000 ) ;
#1629 = DIRECTION ( 'NONE',  ( -2.193033135062037489E-16, -1.000000000000000000, -0.000000000000000000 ) ) ;
#1630 = EDGE_CURVE ( 'NONE', #4644, #2715, #1336, .T. ) ;
#1631 = DIRECTION ( 'NONE',  ( 3.132904478660053556E-17, 1.000000000000000000, -0.000000000000000000 ) ) ;
#1632 = VERTEX_POINT ( 'NONE', #1366 ) ;
#1634 = CARTESIAN_POINT ( 'NONE',  ( 0.000000000000000000, 875.0000000000000000, -1140.000000000000227 ) ) ;
#1633 = VECTOR ( 'NONE', #3368, 1000.000000000000000 ) ;
#1635 = ORIENTED_EDGE ( 'NONE', *, *, #323, .F. ) ;
#1636 = DIRECTION ( 'NONE',  ( 0.000000000000000000, -1.000000000000000000, 0.000000000000000000 ) ) ;
#1637 = AXIS2_PLACEMENT_3D ( 'NONE', #1757, #3800, #636 ) ;
#1638 = CARTESIAN_POINT ( 'NONE',  ( -14347.28068913207608, 679.9999999999977263, -567.4243228023077563 ) ) ;
#1639 = CIRCLE ( 'NONE', #4812, 277.7941176470602045 ) ;
#1640 = DIRECTION ( 'NONE',  ( -1.000000000000000000, -0.000000000000000000, -0.000000000000000000 ) ) ;
#1641 = EDGE_CURVE ( 'NONE', #1667, #2616, #1725, .T. ) ;
#1642 = ORIENTED_EDGE ( 'NONE', *, *, #2783, .T. ) ;
#1643 = VECTOR ( 'NONE', #175, 1000.000000000000000 ) ;
#1644 = DIRECTION ( 'NONE',  ( -1.000000000000000000, -0.000000000000000000, 0.000000000000000000 ) ) ;
#1645 = CIRCLE ( 'NONE', #1406, 6000.000000000000000 ) ;
#1646 = ORIENTED_EDGE ( 'NONE', *, *, #3733, .F. ) ;
#1647 = DIRECTION ( 'NONE',  ( 1.000000000000000000, -3.132904478660053556E-17, 1.633773012826316475E-16 ) ) ;
#1648 = CARTESIAN_POINT ( 'NONE',  ( -13555.71061244389966, -679.9999999999974989, -765.0652677973106393 ) ) ;
#1649 = EDGE_CURVE ( 'NONE', #4839, #4090, #4554, .T. ) ;
#1650 = ORIENTED_EDGE ( 'NONE', *, *, #1357, .T. ) ;
#1651 = CARTESIAN_POINT ( 'NONE',  ( -28966.79486355017070, -875.0000000000000000, -1060.000000000000000 ) ) ;
#1652 = DIRECTION ( 'NONE',  ( -0.000000000000000000, -1.224646799147353207E-16, 1.000000000000000000 ) ) ;
#1653 = ORIENTED_EDGE ( 'NONE', *, *, #2328, .F. ) ;
#1654 = DIRECTION ( 'NONE',  ( -3.132904478660053556E-17, 1.000000000000000000, -0.000000000000000000 ) ) ;
#1655 = EDGE_CURVE ( 'NONE', #2982, #852, #2888, .T. ) ;
#1656 = ORIENTED_EDGE ( 'NONE', *, *, #4079, .T. ) ;
#1657 = FACE_OUTER_BOUND ( 'NONE', #2476, .T. ) ;
#1658 = CARTESIAN_POINT ( 'NONE',  ( -13458.75177054179585, 732.4719190560189190, -589.9999999999965894 ) ) ;
#1659 = DIRECTION ( 'NONE',  ( 2.193033135062037489E-16, 1.000000000000000000, 0.000000000000000000 ) ) ;
#1660 = ORIENTED_EDGE ( 'NONE', *, *, #1387, .F. ) ;
#1661 = DIRECTION ( 'NONE',  ( 0.000000000000000000, 0.000000000000000000, -1.000000000000000000 ) ) ;
#1662 = FILL_AREA_STYLE_COLOUR ( '', #1846 ) ;
#1663 = EDGE_LOOP ( 'NONE', ( #3456, #3969, #4523, #1769, #4428 ) ) ;
#1664 = FACE_OUTER_BOUND ( 'NONE', #886, .T. ) ;
#1665 = DIRECTION ( 'NONE',  ( -1.000000000000000000, 3.700743415417188263E-17, 2.309263891220325604E-14 ) ) ;
#1666 = LINE ( 'NONE', #935, #1213 ) ;
#1667 = VERTEX_POINT ( 'NONE', #2139 ) ;
#1668 = ADVANCED_FACE ( 'NONE', ( #3749 ), #164, .T. ) ;
#1669 = EDGE_CURVE ( 'NONE', #3340, #2994, #1138, .T. ) ;
#1670 = DIRECTION ( 'NONE',  ( 0.000000000000000000, -1.000000000000000000, 0.000000000000000000 ) ) ;
#1671 = ORIENTED_EDGE ( 'NONE', *, *, #257, .T. ) ;
#1672 = LINE ( 'NONE', #3949, #4613 ) ;
#1673 = FACE_OUTER_BOUND ( 'NONE', #3662, .T. ) ;
#1674 = EDGE_CURVE ( 'NONE', #3790, #2336, #2072, .T. ) ;
#1675 = ORIENTED_EDGE ( 'NONE', *, *, #1218, .F. ) ;
#1676 = DIRECTION ( 'NONE',  ( -0.000000000000000000, 1.000000000000000000, -0.000000000000000000 ) ) ;
#1677 = EDGE_LOOP ( 'NONE', ( #844, #5015, #1454 ) ) ;
#1678 = DIRECTION ( 'NONE',  ( -1.000000000000000000, -0.000000000000000000, -0.000000000000000000 ) ) ;
#1679 = CARTESIAN_POINT ( 'NONE',  ( -26400.00000000000364, 899.9999999999998863, -910.0000000000001137 ) ) ;
#1680 = DIRECTION ( 'NONE',  ( 0.000000000000000000, -1.000000000000000000, 0.000000000000000000 ) ) ;
#1681 = EDGE_CURVE ( 'NONE', #1198, #2842, #1276, .T. ) ;
#1682 = DIRECTION ( 'NONE',  ( -1.000000000000000000, -3.132904478660053556E-17, -0.000000000000000000 ) ) ;
#1683 = AXIS2_PLACEMENT_3D ( 'NONE', #3782, #1707, #4908 ) ;
#1684 = VECTOR ( 'NONE', #1855, 1000.000000000000000 ) ;
#1685 = ORIENTED_EDGE ( 'NONE', *, *, #412, .F. ) ;
#1686 = ORIENTED_EDGE ( 'NONE', *, *, #2223, .T. ) ;
#1687 = DIRECTION ( 'NONE',  ( 0.000000000000000000, 1.000000000000000000, 0.000000000000000000 ) ) ;
#1688 = CARTESIAN_POINT ( 'NONE',  ( -9640.572538960639577, 1189.999999999998408, -751.1534819267457124 ) ) ;
#1689 = ORIENTED_EDGE ( 'NONE', *, *, #4466, .F. ) ;
#1690 = ORIENTED_EDGE ( 'NONE', *, *, #3699, .T. ) ;
#1691 = CARTESIAN_POINT ( 'NONE',  ( -1950.000000000000682, 800.0000000000000000, -910.0000000000001137 ) ) ;
#1692 = EDGE_CURVE ( 'NONE', #476, #4567, #2408, .T. ) ;
#1693 = EDGE_CURVE ( 'NONE', #763, #1879, #1714, .T. ) ;
#1694 = ORIENTED_EDGE ( 'NONE', *, *, #1449, .F. ) ;
#1695 = CARTESIAN_POINT ( 'NONE',  ( -26000.00000000000000, -1189.999999999998863, -960.0000000000002274 ) ) ;
#1696 = DIRECTION ( 'NONE',  ( 1.000000000000000000, 0.000000000000000000, 0.000000000000000000 ) ) ;
#1697 = ORIENTED_EDGE ( 'NONE', *, *, #2319, .T. ) ;
#1698 = CARTESIAN_POINT ( 'NONE',  ( -25524.93198115551422, 1189.999999999998408, -960.0000000000002274 ) ) ;
#1699 = EDGE_CURVE ( 'NONE', #588, #368, #911, .T. ) ;
#1700 = LINE ( 'NONE', #4502, #5123 ) ;
#1701 = DIRECTION ( 'NONE',  ( 0.000000000000000000, 1.000000000000000000, 2.775557561563032853E-16 ) ) ;
#1702 = VERTEX_POINT ( 'NONE', #883 ) ;
#1703 = DIRECTION ( 'NONE',  ( -1.000000000000000000, -2.193033135062037489E-16, 0.000000000000000000 ) ) ;
#1704 = CIRCLE ( 'NONE', #2291, 460.0000000000001137 ) ;
#1705 = DIRECTION ( 'NONE',  ( -1.000000000000000000, 0.000000000000000000, -0.000000000000000000 ) ) ;
#1706 = VECTOR ( 'NONE', #349, 1000.000000000000000 ) ;
#1707 = DIRECTION ( 'NONE',  ( -3.132904478660053556E-17, 1.000000000000000000, -0.000000000000000000 ) ) ;
#1708 = AXIS2_PLACEMENT_3D ( 'NONE', #1521, #3114, #5161 ) ;
#1709 = ORIENTED_EDGE ( 'NONE', *, *, #3541, .F. ) ;
#1710 = CARTESIAN_POINT ( 'NONE',  ( -14244.28938755609852, 679.9999999999977263, -765.0652677973101845 ) ) ;
#1711 = CIRCLE ( 'NONE', #41, 79.99999999999995737 ) ;
#1712 = VERTEX_POINT ( 'NONE', #1249 ) ;
#1713 = LINE ( 'NONE', #3314, #2386 ) ;
#1714 = LINE ( 'NONE', #4883, #3060 ) ;
#1715 = AXIS2_PLACEMENT_3D ( 'NONE', #4967, #232, #1383 ) ;
#1716 = VERTEX_POINT ( 'NONE', #4489 ) ;
#1717 = DIRECTION ( 'NONE',  ( 1.000000000000000000, 3.132904478660053556E-17, 0.000000000000000000 ) ) ;
#1718 = ADVANCED_FACE ( 'NONE', ( #2867 ), #4093, .F. ) ;
#1719 = ORIENTED_EDGE ( 'NONE', *, *, #2549, .F. ) ;
#1720 = AXIS2_PLACEMENT_3D ( 'NONE', #2947, #4154, #4180 ) ;
#1721 = ADVANCED_FACE ( 'NONE', ( #2099 ), #4017, .T. ) ;
#1722 = VECTOR ( 'NONE', #2840, 1000.000000000000000 ) ;
#1723 = ORIENTED_EDGE ( 'NONE', *, *, #3299, .F. ) ;
#1724 = DIRECTION ( 'NONE',  ( 0.000000000000000000, -1.000000000000000000, -3.301729611148416588E-16 ) ) ;
#1725 = LINE ( 'NONE', #3326, #303 ) ;
#1726 = VERTEX_POINT ( 'NONE', #436 ) ;
#1727 = VECTOR ( 'NONE', #341, 1000.000000000000000 ) ;
#1728 = DIRECTION ( 'NONE',  ( 0.000000000000000000, 0.000000000000000000, 1.000000000000000000 ) ) ;
#1729 = ORIENTED_EDGE ( 'NONE', *, *, #3970, .F. ) ;
#1730 = VECTOR ( 'NONE', #5089, 1000.000000000000000 ) ;
#1731 = CARTESIAN_POINT ( 'NONE',  ( -13680.00000000000000, 1077.499998843224148, -239.9999999999978684 ) ) ;
#1732 = EDGE_CURVE ( 'NONE', #4492, #1229, #46, .T. ) ;
#1733 = ORIENTED_EDGE ( 'NONE', *, *, #5004, .F. ) ;
#1734 = EDGE_CURVE ( 'NONE', #4517, #2404, #807, .T. ) ;
#1735 = FACE_OUTER_BOUND ( 'NONE', #1441, .T. ) ;
#1736 = CARTESIAN_POINT ( 'NONE',  ( -18709.42746103936224, 1189.999999999998408, -751.1534819267457124 ) ) ;
#1737 = CARTESIAN_POINT ( 'NONE',  ( -11658.75177054179585, 732.4719190560189190, -589.9999999999965894 ) ) ;
#1738 = CIRCLE ( 'NONE', #4668, 199.9999999999999432 ) ;
#1739 = ORIENTED_EDGE ( 'NONE', *, *, #780, .F. ) ;
#1740 = CARTESIAN_POINT ( 'NONE',  ( -5576.316527040903566, 1189.999999999998408, -660.0000000000007958 ) ) ;
#1741 = DIRECTION ( 'NONE',  ( 0.000000000000000000, 0.000000000000000000, 1.000000000000000000 ) ) ;
#1742 = ORIENTED_EDGE ( 'NONE', *, *, #4841, .T. ) ;
#1743 = CARTESIAN_POINT ( 'NONE',  ( -14388.56810139493609, 877.4999988432243754, -755.0854464784847551 ) ) ;
#1744 = LINE ( 'NONE', #2517, #801 ) ;
#1745 = DIRECTION ( 'NONE',  ( 0.000000000000000000, -2.775557561563032853E-16, 1.000000000000000000 ) ) ;
#1746 = ORIENTED_EDGE ( 'NONE', *, *, #4255, .T. ) ;
#1747 = DIRECTION ( 'NONE',  ( 0.000000000000000000, -1.000000000000000000, -5.551115123125784674E-16 ) ) ;
#1748 = ORIENTED_EDGE ( 'NONE', *, *, #574, .T. ) ;
#1749 = CARTESIAN_POINT ( 'NONE',  ( -26400.00000000000364, -1189.999999999998408, -960.0000000000002274 ) ) ;
#1750 = DIRECTION ( 'NONE',  ( -1.000000000000000000, -0.000000000000000000, 0.000000000000000000 ) ) ;
#1751 = VERTEX_POINT ( 'NONE', #3601 ) ;
#1752 = EDGE_CURVE ( 'NONE', #1546, #3792, #2217, .T. ) ;
#1753 = DIRECTION ( 'NONE',  ( 0.000000000000000000, 1.000000000000000000, 2.249385511977649118E-16 ) ) ;
#1754 = CARTESIAN_POINT ( 'NONE',  ( 0.000000000000000000, 875.0000000000000000, -1060.000000000000000 ) ) ;
#1755 = LINE ( 'NONE', #2993, #549 ) ;
#1756 = DIRECTION ( 'NONE',  ( 0.000000000000000000, -0.9901138386947148096, 0.1402661271484180183 ) ) ;
#1757 = CARTESIAN_POINT ( 'NONE',  ( -22773.68347295909552, 1189.999999999998181, -6660.000000000000909 ) ) ;
#1758 = ORIENTED_EDGE ( 'NONE', *, *, #1057, .T. ) ;
#1759 = LINE ( 'NONE', #2508, #2228 ) ;
#1760 = DIRECTION ( 'NONE',  ( 1.000000000000000000, 0.000000000000000000, 0.000000000000000000 ) ) ;
#1761 = AXIS2_PLACEMENT_3D ( 'NONE', #3025, #4622, #1352 ) ;
#1762 = EDGE_CURVE ( 'NONE', #701, #2015, #1609, .T. ) ;
#1763 = ORIENTED_EDGE ( 'NONE', *, *, #1762, .F. ) ;
#1764 = CARTESIAN_POINT ( 'NONE',  ( -22773.68347295909916, 1189.999999999998408, -660.0000000000007958 ) ) ;
#1765 = APPLICATION_PROTOCOL_DEFINITION ( 'draft international standard', 'automotive_design', 1998, #2101 ) ;
#1766 = VERTEX_POINT ( 'NONE', #1223 ) ;
#1767 = CARTESIAN_POINT ( 'NONE',  ( -14119.99999999999818, 1077.499998843224148, -239.9999999999978684 ) ) ;
#1768 = CARTESIAN_POINT ( 'NONE',  ( -12500.00000000000182, -1077.499998843224603, -306.2059048389990039 ) ) ;
#1769 = ORIENTED_EDGE ( 'NONE', *, *, #4079, .F. ) ;
#1770 = LINE ( 'NONE', #3344, #5144 ) ;
#1771 = VERTEX_POINT ( 'NONE', #4439 ) ;
#1772 = DIRECTION ( 'NONE',  ( 0.000000000000000000, 1.000000000000000000, 2.775557561563032853E-16 ) ) ;
#1773 = CARTESIAN_POINT ( 'NONE',  ( -12541.24822945820415, -732.4719190560189190, -589.9999999999970441 ) ) ;
#1774 = ORIENTED_EDGE ( 'NONE', *, *, #3568, .T. ) ;
#1775 = LINE ( 'NONE', #2109, #4974 ) ;
#1776 = DIRECTION ( 'NONE',  ( 0.000000000000000000, -0.3952161465694030706, -0.9185881544472649374 ) ) ;
#1777 = PLANE ( 'NONE',  #630 ) ;
#1778 = CARTESIAN_POINT ( 'NONE',  ( -11411.43189860506209, 729.4021522441533989, -769.9999999999959073 ) ) ;
#1779 = CARTESIAN_POINT ( 'NONE',  ( -28966.79486355017070, -794.9999999999924967, -1060.000000000000000 ) ) ;
#1780 = AXIS2_PLACEMENT_3D ( 'NONE', #1020, #5023, #2523 ) ;
#1781 = ORIENTED_EDGE ( 'NONE', *, *, #2027, .F. ) ;
#1782 = LINE ( 'NONE', #2086, #2564 ) ;
#1783 = DIRECTION ( 'NONE',  ( 1.000000000000000000, -0.000000000000000000, -0.000000000000000000 ) ) ;
#1784 = EDGE_CURVE ( 'NONE', #4447, #4588, #4646, .T. ) ;
#1785 = DIRECTION ( 'NONE',  ( 0.000000000000000000, -1.000000000000000000, 0.000000000000000000 ) ) ;
#1786 = ORIENTED_EDGE ( 'NONE', *, *, #1734, .T. ) ;
#1787 = CARTESIAN_POINT ( 'NONE',  ( 0.000000000000000000, 875.0000000000000000, -1060.000000000000000 ) ) ;
#1788 = VECTOR ( 'NONE', #3991, 1000.000000000000000 ) ;
#1789 = VERTEX_POINT ( 'NONE', #463 ) ;
#1790 = VECTOR ( 'NONE', #2113, 1000.000000000000000 ) ;
#1791 = DIRECTION ( 'NONE',  ( 0.000000000000000000, 1.000000000000000000, 2.775557561563032853E-16 ) ) ;
#1792 = DIRECTION ( 'NONE',  ( 0.000000000000000000, -0.9901138386947148096, 0.1402661271484180183 ) ) ;
#1793 = VERTEX_POINT ( 'NONE', #2049 ) ;
#1794 = CARTESIAN_POINT ( 'NONE',  ( -11349.93198115551968, 0.000000000000000000, -960.0000000000002274 ) ) ;
#1795 = EDGE_CURVE ( 'NONE', #1716, #3081, #1666, .T. ) ;
#1796 = ORIENTED_EDGE ( 'NONE', *, *, #21, .T. ) ;
#1797 = DIRECTION ( 'NONE',  ( 0.000000000000000000, 2.775557561563032853E-16, -1.000000000000000000 ) ) ;
#1798 = LINE ( 'NONE', #4972, #2053 ) ;
#1799 = EDGE_CURVE ( 'NONE', #748, #5000, #1639, .T. ) ;
#1800 = VECTOR ( 'NONE', #5040, 1000.000000000000000 ) ;
#1801 = VERTEX_POINT ( 'NONE', #1016 ) ;
#1802 = LINE ( 'NONE', #3405, #3468 ) ;
#1803 = VECTOR ( 'NONE', #798, 1000.000000000000000 ) ;
#1804 = ADVANCED_FACE ( 'NONE', ( #255 ), #3006, .T. ) ;
#1805 = CARTESIAN_POINT ( 'NONE',  ( -11658.75177054179585, 814.9999999999972715, -589.9999999999965894 ) ) ;
#1806 = DIRECTION ( 'NONE',  ( -1.000000000000000000, -2.220446049250313081E-16, 0.000000000000000000 ) ) ;
#1807 = EDGE_CURVE ( 'NONE', #3250, #1712, #2156, .T. ) ;
#1808 = CARTESIAN_POINT ( 'NONE',  ( -28350.00000000000000, 1189.999999999998408, -1160.000000000000227 ) ) ;
#1809 = ORIENTED_EDGE ( 'NONE', *, *, #1070, .F. ) ;
#1810 = CARTESIAN_POINT ( 'NONE',  ( -26000.00000000000000, 1189.999999999998408, -960.0000000000002274 ) ) ;
#1811 = LINE ( 'NONE', #2510, #1621 ) ;
#1812 = DIRECTION ( 'NONE',  ( 0.000000000000000000, 0.000000000000000000, -1.000000000000000000 ) ) ;
#1813 = AXIS2_PLACEMENT_3D ( 'NONE', #1934, #1155, #396 ) ;
#1814 = EDGE_LOOP ( 'NONE', ( #1437, #2316, #5119, #58 ) ) ;
#1815 = EDGE_CURVE ( 'NONE', #2656, #3532, #3975, .T. ) ;
#1816 = CARTESIAN_POINT ( 'NONE',  ( -14239.85290935932790, -1054.999999999997499, -769.9999999999964757 ) ) ;
#1817 = EDGE_CURVE ( 'NONE', #857, #4872, #2895, .T. ) ;
#1818 = ORIENTED_EDGE ( 'NONE', *, *, #3741, .F. ) ;
#1819 = DIRECTION ( 'NONE',  ( 0.000000000000000000, 2.775557561563032853E-16, -1.000000000000000000 ) ) ;
#1820 = CARTESIAN_POINT ( 'NONE',  ( -3866.957084846029375, -990.0000000000001137, -868.8465180732545150 ) ) ;
#1821 = CARTESIAN_POINT ( 'NONE',  ( -28350.00000000000000, -875.0000000000000000, -980.0000000000001137 ) ) ;
#1822 = VERTEX_POINT ( 'NONE', #1821 ) ;
#1823 = CARTESIAN_POINT ( 'NONE',  ( -10255.33188238365256, 278.9021535255452022, -725.0000000000052296 ) ) ;
#1824 = VERTEX_POINT ( 'NONE', #571 ) ;
#1825 = CARTESIAN_POINT ( 'NONE',  ( -11880.00000000000182, -1950.712458671872810, -517.7941176470596929 ) ) ;
#1826 = CARTESIAN_POINT ( 'NONE',  ( -11611.43189860506391, 877.4999988432243754, -755.0854464784847551 ) ) ;
#1827 = ORIENTED_EDGE ( 'NONE', *, *, #4892, .F. ) ;
#1828 = EDGE_CURVE ( 'NONE', #2122, #3462, #4624, .T. ) ;
#1829 = EDGE_CURVE ( 'NONE', #1178, #2137, #3446, .T. ) ;
#1830 = VECTOR ( 'NONE', #3251, 1000.000000000000114 ) ;
#1831 = CARTESIAN_POINT ( 'NONE',  ( -12500.00000000000182, 814.9999999999972715, -589.9999999999965894 ) ) ;
#1832 = DIRECTION ( 'NONE',  ( 0.000000000000000000, -1.000000000000000000, 0.000000000000000000 ) ) ;
#1833 = CARTESIAN_POINT ( 'NONE',  ( -12541.24822945820597, -814.9999999999974989, -589.9999999999970441 ) ) ;
#1834 = VERTEX_POINT ( 'NONE', #1384 ) ;
#1835 = DIRECTION ( 'NONE',  ( 1.000000000000000000, -0.000000000000000000, -0.000000000000000000 ) ) ;
#1836 = DIRECTION ( 'NONE',  ( 0.000000000000000000, 0.000000000000000000, 1.000000000000000000 ) ) ;
#1837 = ORIENTED_EDGE ( 'NONE', *, *, #2887, .F. ) ;
#1838 = ORIENTED_EDGE ( 'NONE', *, *, #894, .T. ) ;
#1839 = DIRECTION ( 'NONE',  ( 1.000000000000000000, -0.000000000000000000, 0.000000000000000000 ) ) ;
#1840 = CARTESIAN_POINT ( 'NONE',  ( -26400.00000000000364, -200.0000000000000000, -825.0000000000001137 ) ) ;
#1841 = ADVANCED_FACE ( 'NONE', ( #3395 ), #2980, .T. ) ;
#1842 = CARTESIAN_POINT ( 'NONE',  ( -14375.00000000000000, -200.0000000000000000, -825.0000000000001137 ) ) ;
#1843 = CARTESIAN_POINT ( 'NONE',  ( -14388.56810139493609, -877.4999988432243754, -589.9999999999970441 ) ) ;
#1844 = ORIENTED_EDGE ( 'NONE', *, *, #3267, .F. ) ;
#1845 = DIRECTION ( 'NONE',  ( 0.1736481776669235033, 0.000000000000000000, -0.9848077530122092416 ) ) ;
#1846 = COLOUR_RGB ( '',0.7921568627450980005, 0.8196078431372548767, 0.9333333333333333481 ) ;
#1847 = VERTEX_POINT ( 'NONE', #598 ) ;
#1848 = FACE_OUTER_BOUND ( 'NONE', #3076, .T. ) ;
#1849 = LINE ( 'NONE', #3403, #477 ) ;
#1850 = ORIENTED_EDGE ( 'NONE', *, *, #2611, .F. ) ;
#1851 = AXIS2_PLACEMENT_3D ( 'NONE', #2457, #799, #3620 ) ;
#1852 = VECTOR ( 'NONE', #2865, 1000.000000000000000 ) ;
#1853 = EDGE_CURVE ( 'NONE', #2994, #3340, #140, .T. ) ;
#1854 = CYLINDRICAL_SURFACE ( 'NONE', #2031, 6000.000000000000000 ) ;
#1855 = DIRECTION ( 'NONE',  ( -0.000000000000000000, 1.000000000000000000, 2.249385511977649118E-16 ) ) ;
#1856 = FACE_OUTER_BOUND ( 'NONE', #2566, .T. ) ;
#1857 = ORIENTED_EDGE ( 'NONE', *, *, #3874, .F. ) ;
#1858 = ADVANCED_FACE ( 'NONE', ( #697 ), #2282, .T. ) ;
#1859 = DIRECTION ( 'NONE',  ( 2.193033135062037489E-16, 1.000000000000000000, 0.000000000000000000 ) ) ;
#1860 = CARTESIAN_POINT ( 'NONE',  ( -13975.00000000000182, 800.0000000000000000, -910.0000000000001137 ) ) ;
#1861 = ADVANCED_FACE ( 'NONE', ( #4652 ), #3522, .F. ) ;
#1862 = EDGE_LOOP ( 'NONE', ( #2922, #4596, #5073, #4141, #690, #1481, #3161 ) ) ;
#1863 = AXIS2_PLACEMENT_3D ( 'NONE', #1307, #4842, #3262 ) ;
#1864 = ORIENTED_EDGE ( 'NONE', *, *, #4152, .F. ) ;
#1865 = PRODUCT_DEFINITION_SHAPE ( 'NONE', 'NONE',  #4516 ) ;
#1866 = CARTESIAN_POINT ( 'NONE',  ( -1950.000000000000682, -1189.999999999998408, -960.0000000000002274 ) ) ;
#1867 = ORIENTED_EDGE ( 'NONE', *, *, #3479, .T. ) ;
#1868 = CARTESIAN_POINT ( 'NONE',  ( -26000.00000000000000, 200.0000000000000000, -825.0000000000001137 ) ) ;
#1869 = DIRECTION ( 'NONE',  ( 0.000000000000000000, -1.000000000000000000, -2.249385511977649118E-16 ) ) ;
#1870 = CYLINDRICAL_SURFACE ( 'NONE', #517, 5999.999999999999091 ) ;
#1871 = ORIENTED_EDGE ( 'NONE', *, *, #220, .F. ) ;
#1872 = EDGE_CURVE ( 'NONE', #3115, #2955, #5124, .T. ) ;
#1873 = CARTESIAN_POINT ( 'NONE',  ( -12100.00000000000182, -814.9999999999972715, -909.9999999999987494 ) ) ;
#1874 = ORIENTED_EDGE ( 'NONE', *, *, #4287, .T. ) ;
#1875 = CARTESIAN_POINT ( 'NONE',  ( -11880.00000000000182, -1950.712458671873037, -239.9999999999987779 ) ) ;
#1876 = CARTESIAN_POINT ( 'NONE',  ( -11880.00000000000182, 1077.499998843224375, -517.7941176470588971 ) ) ;
#1877 = CIRCLE ( 'NONE', #629, 1000.000000000000000 ) ;
#1878 = AXIS2_PLACEMENT_3D ( 'NONE', #3019, #3308, #2195 ) ;
#1879 = VERTEX_POINT ( 'NONE', #3100 ) ;
#1880 = AXIS2_PLACEMENT_3D ( 'NONE', #4844, #2585, #2501 ) ;
#1881 = ADVANCED_FACE ( 'NONE', ( #5071 ), #1870, .T. ) ;
#1882 = ADVANCED_FACE ( 'NONE', ( #3940 ), #482, .F. ) ;
#1883 = CARTESIAN_POINT ( 'NONE',  ( -1950.000000000000682, -800.0000000000000000, -910.0000000000001137 ) ) ;
#1884 = VECTOR ( 'NONE', #3051, 1000.000000000000000 ) ;
#1885 = CARTESIAN_POINT ( 'NONE',  ( -13975.00000000000182, -200.0000000000000000, -825.0000000000001137 ) ) ;
#1886 = CARTESIAN_POINT ( 'NONE',  ( -11411.43189860506209, 176.9719203373657592, -350.9999999999987494 ) ) ;
#1887 = AXIS2_PLACEMENT_3D ( 'NONE', #219, #2615, #3723 ) ;
#1888 = DIRECTION ( 'NONE',  ( 0.000000000000000000, -1.000000000000000000, -2.249385511977649118E-16 ) ) ;
#1889 = CARTESIAN_POINT ( 'NONE',  ( -26000.00000000000000, 0.000000000000000000, 0.000000000000000000 ) ) ;
#1890 = ORIENTED_EDGE ( 'NONE', *, *, #2889, .T. ) ;
#1891 = AXIS2_PLACEMENT_3D ( 'NONE', #989, #3046, #4198 ) ;
#1892 = ORIENTED_EDGE ( 'NONE', *, *, #3160, .T. ) ;
#1893 = EDGE_CURVE ( 'NONE', #3408, #4460, #4527, .T. ) ;
#1894 = ADVANCED_FACE ( 'NONE', ( #3989 ), #2064, .F. ) ;
#1895 = DIRECTION ( 'NONE',  ( -0.000000000000000000, 1.000000000000000000, -0.000000000000000000 ) ) ;
#1896 = ORIENTED_EDGE ( 'NONE', *, *, #4964, .T. ) ;
#1897 = FACE_OUTER_BOUND ( 'NONE', #1862, .T. ) ;
#1898 = DIRECTION ( 'NONE',  ( 0.000000000000000000, -2.249385511977649118E-16, 1.000000000000000000 ) ) ;
#1899 = ORIENTED_EDGE ( 'NONE', *, *, #284, .T. ) ;
#1900 = CARTESIAN_POINT ( 'NONE',  ( -13452.71931086792210, -679.9999999999977263, -567.4243228023079837 ) ) ;
#1901 = PRODUCT_RELATED_PRODUCT_CATEGORY ( 'part', '', ( #2424 ) ) ;
#1902 = CIRCLE ( 'NONE', #4830, 79.99999999999995737 ) ;
#1903 = CARTESIAN_POINT ( 'NONE',  ( -14588.56810139493791, 176.9719203373657592, -350.9999999999987494 ) ) ;
#1904 = ORIENTED_EDGE ( 'NONE', *, *, #667, .F. ) ;
#1905 = FACE_OUTER_BOUND ( 'NONE', #603, .T. ) ;
#1906 = DIRECTION ( 'NONE',  ( 0.000000000000000000, -3.301729611148416588E-16, 1.000000000000000000 ) ) ;
#1907 = EDGE_LOOP ( 'NONE', ( #5103, #1587, #3494, #3580, #2364 ) ) ;
#1908 = EDGE_CURVE ( 'NONE', #2347, #687, #1991, .T. ) ;
#1909 = LINE ( 'NONE', #3508, #3554 ) ;
#1910 = EDGE_CURVE ( 'NONE', #442, #4517, #3253, .T. ) ;
#1911 = DIRECTION ( 'NONE',  ( 1.000000000000000000, 0.000000000000000000, -0.000000000000000000 ) ) ;
#1912 = ORIENTED_EDGE ( 'NONE', *, *, #1799, .F. ) ;
#1913 = CYLINDRICAL_SURFACE ( 'NONE', #1489, 6000.000000000000000 ) ;
#1914 = CARTESIAN_POINT ( 'NONE',  ( -14588.56810139493791, -732.4719190560189190, -589.9999999999970441 ) ) ;
#1915 = ORIENTED_EDGE ( 'NONE', *, *, #3197, .T. ) ;
#1916 = FACE_OUTER_BOUND ( 'NONE', #3512, .T. ) ;
#1917 = VERTEX_POINT ( 'NONE', #826 ) ;
#1918 = CARTESIAN_POINT ( 'NONE',  ( -14588.56810139493791, -278.9021535255452022, -725.0000000000053433 ) ) ;
#1919 = DIRECTION ( 'NONE',  ( 0.000000000000000000, 1.224646799147353207E-16, 1.000000000000000000 ) ) ;
#1920 = EDGE_CURVE ( 'NONE', #766, #1049, #2374, .T. ) ;
#1921 = ORIENTED_EDGE ( 'NONE', *, *, #5083, .F. ) ;
#1922 = CARTESIAN_POINT ( 'NONE',  ( -15744.66811761634744, -679.9999999999977263, -765.0652677973106393 ) ) ;
#1923 = PLANE ( 'NONE',  #4891 ) ;
#1924 = ORIENTED_EDGE ( 'NONE', *, *, #637, .F. ) ;
#1925 = FACE_OUTER_BOUND ( 'NONE', #572, .T. ) ;
#1926 = CARTESIAN_POINT ( 'NONE',  ( -13899.99999999999818, 814.9999999999972715, -459.9999999999978968 ) ) ;
#1927 = ORIENTED_EDGE ( 'NONE', *, *, #4734, .T. ) ;
#1928 = VECTOR ( 'NONE', #2569, 1000.000000000000000 ) ;
#1929 = AXIS2_PLACEMENT_3D ( 'NONE', #760, #3829, #321 ) ;
#1930 = CARTESIAN_POINT ( 'NONE',  ( -25524.93198115551422, 0.000000000000000000, 5040.000000000000000 ) ) ;
#1931 = CARTESIAN_POINT ( 'NONE',  ( -162.2440211999303301, -1190.000000000001592, 920.1315677728725859 ) ) ;
#1932 = AXIS2_PLACEMENT_3D ( 'NONE', #584, #1472, #2640 ) ;
#1933 = VERTEX_POINT ( 'NONE', #847 ) ;
#1934 = CARTESIAN_POINT ( 'NONE',  ( -12100.00000000000182, -1054.999999999997726, -459.9999999999984084 ) ) ;
#1935 = ORIENTED_EDGE ( 'NONE', *, *, #489, .F. ) ;
#1936 = DIRECTION ( 'NONE',  ( -3.912072321290969353E-16, 2.775557561563032853E-16, -1.000000000000000000 ) ) ;
#1937 = ADVANCED_FACE ( 'NONE', ( #4010 ), #2400, .T. ) ;
#1938 = CARTESIAN_POINT ( 'NONE',  ( -12100.00000000000182, 1054.999999999997272, -459.9999999999978400 ) ) ;
#1939 = EDGE_CURVE ( 'NONE', #4103, #1348, #3270, .T. ) ;
#1940 = LINE ( 'NONE', #4724, #2801 ) ;
#1941 = SHAPE_REPRESENTATION ( 'Y25_BackwardBogies_MediumDetailed', ( #3523 ), #3101 ) ;
#1942 = ORIENTED_EDGE ( 'NONE', *, *, #4865, .F. ) ;
#1943 = DIRECTION ( 'NONE',  ( 1.908428413691174465E-16, 0.000000000000000000, -1.000000000000000000 ) ) ;
#1944 = FACE_OUTER_BOUND ( 'NONE', #4371, .T. ) ;
#1945 = ORIENTED_EDGE ( 'NONE', *, *, #3044, .F. ) ;
#1946 = CYLINDRICAL_SURFACE ( 'NONE', #4024, 6000.000000000000000 ) ;
#1947 = CARTESIAN_POINT ( 'NONE',  ( -10255.33188238365256, 1077.499998843224375, -589.9999999999964757 ) ) ;
#1948 = ORIENTED_EDGE ( 'NONE', *, *, #3036, .T. ) ;
#1949 = ADVANCED_FACE ( 'NONE', ( #2430 ), #874, .F. ) ;
#1950 = ADVANCED_FACE ( 'NONE', ( #3571 ), #4483, .F. ) ;
#1951 = CIRCLE ( 'NONE', #3632, 229.9999999211528348 ) ;
#1952 = CIRCLE ( 'NONE', #873, 79.99999999999995737 ) ;
#1953 = VECTOR ( 'NONE', #3560, 1000.000000000000000 ) ;
#1954 = LINE ( 'NONE', #2765, #4949 ) ;
#1955 = CARTESIAN_POINT ( 'NONE',  ( -28966.79486355017070, 875.0000000000000000, -1060.000000000000000 ) ) ;
#1956 = AXIS2_PLACEMENT_3D ( 'NONE', #2243, #3905, #1027 ) ;
#1957 = CIRCLE ( 'NONE', #379, 6000.000000000001819 ) ;
#1958 = ITEM_DEFINED_TRANSFORMATION ( 'NONE', 'NONE', #2684,  #3523 ) ;
#1959 = ORIENTED_EDGE ( 'NONE', *, *, #3223, .T. ) ;
#1960 = DIRECTION ( 'NONE',  ( -3.132904478660053556E-17, 1.000000000000000000, -0.000000000000000000 ) ) ;
#1961 = CARTESIAN_POINT ( 'NONE',  ( -11349.93198115551968, 1189.999999999997954, -960.0000000000002274 ) ) ;
#1962 = AXIS2_PLACEMENT_3D ( 'NONE', #4526, #947, #553 ) ;
#1963 = VERTEX_POINT ( 'NONE', #3593 ) ;
#1964 = CARTESIAN_POINT ( 'NONE',  ( -28966.79486355017070, -955.0000000000075033, -1060.000000000000000 ) ) ;
#1965 = AXIS2_PLACEMENT_3D ( 'NONE', #2518, #4231, #2233 ) ;
#1966 = ORIENTED_EDGE ( 'NONE', *, *, #2785, .F. ) ;
#1967 = DIRECTION ( 'NONE',  ( 0.000000000000000000, 0.000000000000000000, 1.000000000000000000 ) ) ;
#1968 = CARTESIAN_POINT ( 'NONE',  ( -12100.00000000000182, -814.9999999999974989, -459.9999999999983515 ) ) ;
#1969 = CIRCLE ( 'NONE', #3229, 6000.000000000000000 ) ;
#1970 = EDGE_CURVE ( 'NONE', #4149, #4843, #4629, .T. ) ;
#1971 = ORIENTED_EDGE ( 'NONE', *, *, #4606, .T. ) ;
#1972 = CARTESIAN_POINT ( 'NONE',  ( -2825.068018844486232, 1189.999999999998408, 5040.000000000000000 ) ) ;
#1973 = EDGE_CURVE ( 'NONE', #277, #4749, #767, .T. ) ;
#1974 = VERTEX_POINT ( 'NONE', #4831 ) ;
#1975 = AXIS2_PLACEMENT_3D ( 'NONE', #1926, #4359, #5079 ) ;
#1976 = DIRECTION ( 'NONE',  ( 0.000000000000000000, 0.000000000000000000, 1.000000000000000000 ) ) ;
#1977 = CARTESIAN_POINT ( 'NONE',  ( -12444.28938755610034, -679.9999999999974989, -765.0652677973106393 ) ) ;
#1978 = ORIENTED_EDGE ( 'NONE', *, *, #4130, .F. ) ;
#1979 = CIRCLE ( 'NONE', #3993, 6000.000000000000000 ) ;
#1980 = ADVANCED_FACE ( 'NONE', ( #2485 ), #2838, .T. ) ;
#1981 = CYLINDRICAL_SURFACE ( 'NONE', #769, 460.0000000000000568 ) ;
#1982 = LINE ( 'NONE', #107, #2121 ) ;
#1983 = ORIENTED_EDGE ( 'NONE', *, *, #2661, .F. ) ;
#1984 = CARTESIAN_POINT ( 'NONE',  ( -2825.068018844486232, 989.9999999999982947, 5040.000000000000000 ) ) ;
#1985 = DIRECTION ( 'NONE',  ( -0.000000000000000000, -1.000000000000000000, -0.000000000000000000 ) ) ;
#1986 = ORIENTED_EDGE ( 'NONE', *, *, #4155, .F. ) ;
#1987 = LINE ( 'NONE', #1598, #891 ) ;
#1988 = ORIENTED_EDGE ( 'NONE', *, *, #1274, .F. ) ;
#1989 = CARTESIAN_POINT ( 'NONE',  ( -10255.33188238365256, 729.4021522441533989, -769.9999999999959073 ) ) ;
#1990 = LINE ( 'NONE', #3986, #2214 ) ;
#1991 = LINE ( 'NONE', #5169, #937 ) ;
#1992 = ORIENTED_EDGE ( 'NONE', *, *, #811, .T. ) ;
#1993 = DIRECTION ( 'NONE',  ( 0.000000000000000000, -1.000000000000000000, 0.000000000000000000 ) ) ;
#1994 = ORIENTED_EDGE ( 'NONE', *, *, #412, .T. ) ;
#1995 = PLANE ( 'NONE',  #2605 ) ;
#1996 = CARTESIAN_POINT ( 'NONE',  ( 0.000000000000000000, 0.000000000000000000, -1160.000000000000227 ) ) ;
#1997 = CARTESIAN_POINT ( 'NONE',  ( -1950.000000000000682, 1189.999999999998408, -960.0000000000002274 ) ) ;
#1998 = ORIENTED_EDGE ( 'NONE', *, *, #4888, .T. ) ;
#1999 = CARTESIAN_POINT ( 'NONE',  ( -11760.14709064067210, 729.4021522441533989, -769.9999999999959073 ) ) ;
#2000 = VECTOR ( 'NONE', #1482, 1000.000000000000000 ) ;
#2001 = LINE ( 'NONE', #366, #4377 ) ;
#2002 = DIRECTION ( 'NONE',  ( 0.9848077530122093526, 0.000000000000000000, 0.1736481776669235033 ) ) ;
#2003 = EDGE_CURVE ( 'NONE', #2927, #1963, #2267, .T. ) ;
#2004 = ORIENTED_EDGE ( 'NONE', *, *, #2989, .F. ) ;
#2005 = CARTESIAN_POINT ( 'NONE',  ( -22773.68347295909916, 989.9999999999981810, -660.0000000000007958 ) ) ;
#2006 = DIRECTION ( 'NONE',  ( -1.000000000000000000, 0.000000000000000000, 0.000000000000000000 ) ) ;
#2007 = ORIENTED_EDGE ( 'NONE', *, *, #2204, .T. ) ;
#2008 = PLANE ( 'NONE',  #3562 ) ;
#2009 = VECTOR ( 'NONE', #2666, 1000.000000000000000 ) ;
#2010 = VERTEX_POINT ( 'NONE', #4065 ) ;
#2011 = AXIS2_PLACEMENT_3D ( 'NONE', #2463, #4015, #2070 ) ;
#2012 = DIRECTION ( 'NONE',  ( 0.9848077530122092416, -3.085308620031094321E-17, 0.1736481776669237531 ) ) ;
#2013 = DIRECTION ( 'NONE',  ( 0.000000000000000000, -2.775557561563032853E-16, 1.000000000000000000 ) ) ;
#2014 = CARTESIAN_POINT ( 'NONE',  ( -1950.000000000000682, 1189.999999999998408, -960.0000000000002274 ) ) ;
#2015 = VERTEX_POINT ( 'NONE', #2969 ) ;
#2016 = CARTESIAN_POINT ( 'NONE',  ( -14375.00000000000364, 1189.999999999997954, -960.0000000000002274 ) ) ;
#2017 = EDGE_LOOP ( 'NONE', ( #3843, #1942, #4919, #1742 ) ) ;
#2018 = LINE ( 'NONE', #45, #1600 ) ;
#2019 = CARTESIAN_POINT ( 'NONE',  ( -14375.00000000000000, -899.9999999999998863, -910.0000000000001137 ) ) ;
#2020 = VERTEX_POINT ( 'NONE', #3728 ) ;
#2021 = EDGE_CURVE ( 'NONE', #2333, #1079, #3, .T. ) ;
#2022 = DIRECTION ( 'NONE',  ( 0.000000000000000000, 1.000000000000000000, 3.301729611148416588E-16 ) ) ;
#2023 = ORIENTED_EDGE ( 'NONE', *, *, #1569, .F. ) ;
#2024 = EDGE_CURVE ( 'NONE', #866, #508, #1376, .T. ) ;
#2025 = CARTESIAN_POINT ( 'NONE',  ( -14119.99999999999818, -814.9999999999974989, -517.7941176470593518 ) ) ;
#2026 = DIRECTION ( 'NONE',  ( 0.000000000000000000, 0.9901138386947148096, 0.1402661271484179906 ) ) ;
#2027 = EDGE_CURVE ( 'NONE', #3087, #4447, #3413, .T. ) ;
#2028 = ORIENTED_EDGE ( 'NONE', *, *, #2661, .T. ) ;
#2029 = PLANE ( 'NONE',  #4070 ) ;
#2030 = DIRECTION ( 'NONE',  ( 0.000000000000000000, -1.000000000000000000, 0.000000000000000000 ) ) ;
#2031 = AXIS2_PLACEMENT_3D ( 'NONE', #633, #1445, #5051 ) ;
#2032 = VERTEX_POINT ( 'NONE', #4566 ) ;
#2033 = CARTESIAN_POINT ( 'NONE',  ( -1.810428895881361871E-12, -989.9999999999984084, -660.0000000000019327 ) ) ;
#2034 = EDGE_LOOP ( 'NONE', ( #4893, #3858, #3611, #25, #125, #2157, #3575, #2467 ) ) ;
#2035 = VECTOR ( 'NONE', #2372, 1000.000000000000000 ) ;
#2036 = DIRECTION ( 'NONE',  ( -1.000000000000000000, -2.220446049250313081E-16, 0.000000000000000000 ) ) ;
#2037 = CARTESIAN_POINT ( 'NONE',  ( -1950.000000000000682, 1189.999999999998408, -960.0000000000002274 ) ) ;
#2038 = EDGE_CURVE ( 'NONE', #2323, #438, #2088, .T. ) ;
#2039 = CARTESIAN_POINT ( 'NONE',  ( -22773.68347295909552, -1189.999999999999773, -6660.000000000000909 ) ) ;
#2040 = EDGE_CURVE ( 'NONE', #2927, #328, #225, .T. ) ;
#2041 = EDGE_LOOP ( 'NONE', ( #2839, #804, #259, #156 ) ) ;
#2042 = AXIS2_PLACEMENT_3D ( 'NONE', #1754, #3316, #3260 ) ;
#2044 = CARTESIAN_POINT ( 'NONE',  ( -14239.85290935932790, 729.4021522441533989, -769.9999999999959073 ) ) ;
#2043 = CIRCLE ( 'NONE', #4984, 460.0000000000001137 ) ;
#2045 = ORIENTED_EDGE ( 'NONE', *, *, #488, .F. ) ;
#2046 = CARTESIAN_POINT ( 'NONE',  ( -13975.00000000000182, -200.0000000000000000, -825.0000000000001137 ) ) ;
#2047 = VECTOR ( 'NONE', #322, 1000.000000000000000 ) ;
#2048 = CARTESIAN_POINT ( 'NONE',  ( -12500.00000000000182, 1077.499998843224375, -589.9999999999964757 ) ) ;
#2049 = CARTESIAN_POINT ( 'NONE',  ( 620.0000000000000000, 875.0000000000001137, -1060.000000000000000 ) ) ;
#2050 = ORIENTED_EDGE ( 'NONE', *, *, #336, .F. ) ;
#2051 = ADVANCED_FACE ( 'NONE', ( #3361 ), #1347, .T. ) ;
#2052 = CARTESIAN_POINT ( 'NONE',  ( -12547.28068913207790, -679.9999999999977263, -567.4243228023079837 ) ) ;
#2053 = VECTOR ( 'NONE', #3824, 1000.000000000000000 ) ;
#2054 = EDGE_LOOP ( 'NONE', ( #1364, #234, #3914, #2177, #415, #3305, #730, #1480, #4341, #3053, #4085, #1614 ) ) ;
#2055 = LINE ( 'NONE', #391, #1202 ) ;
#2056 = EDGE_CURVE ( 'NONE', #2911, #2032, #147, .T. ) ;
#2057 = ORIENTED_EDGE ( 'NONE', *, *, #1353, .T. ) ;
#2058 = FACE_OUTER_BOUND ( 'NONE', #2533, .T. ) ;
#2059 = UNCERTAINTY_MEASURE_WITH_UNIT (LENGTH_MEASURE( 1.000000000000000082E-05 ), #3702, 'distance_accuracy_value', 'NONE');
#2060 = ORIENTED_EDGE ( 'NONE', *, *, #1496, .T. ) ;
#2061 = LINE ( 'NONE', #3670, #2464 ) ;
#2062 = CARTESIAN_POINT ( 'NONE',  ( -1.259562753036178918E-13, 1189.999999999998408, -660.0000000000019327 ) ) ;
#2063 = LINE ( 'NONE', #404, #467 ) ;
#2064 = PLANE ( 'NONE',  #3445 ) ;
#2065 = ORIENTED_EDGE ( 'NONE', *, *, #1752, .T. ) ;
#2066 = CARTESIAN_POINT ( 'NONE',  ( -12320.00000000000000, 1077.499998843224148, -239.9999999999978684 ) ) ;
#2067 = SHAPE_REPRESENTATION_RELATIONSHIP ( 'NONE' , 'NONE' ,  #717, #3610 ) ;
#2068 = ORIENTED_EDGE ( 'NONE', *, *, #1485, .F. ) ;
#2069 = EDGE_CURVE ( 'NONE', #2733, #3927, #2149, .T. ) ;
#2070 = DIRECTION ( 'NONE',  ( -1.000000000000000000, 0.000000000000000000, -0.000000000000000000 ) ) ;
#2071 =( NAMED_UNIT ( * ) SI_UNIT ( $, .STERADIAN. ) SOLID_ANGLE_UNIT ( ) );
#2072 = LINE ( 'NONE', #4918, #3306 ) ;
#2073 = ORIENTED_EDGE ( 'NONE', *, *, #2056, .F. ) ;
#2074 = ORIENTED_EDGE ( 'NONE', *, *, #2082, .F. ) ;
#2075 = CYLINDRICAL_SURFACE ( 'NONE', #1611, 460.0000000000000568 ) ;
#2076 = ORIENTED_EDGE ( 'NONE', *, *, #1562, .F. ) ;
#2077 = LINE ( 'NONE', #4077, #3963 ) ;
#2078 = DIRECTION ( 'NONE',  ( -0.000000000000000000, -1.000000000000000000, -2.775557561563032853E-16 ) ) ;
#2079 = VERTEX_POINT ( 'NONE', #1033 ) ;
#2080 = DIRECTION ( 'NONE',  ( 0.000000000000000000, -0.9901138386947148096, 0.1402661271484179906 ) ) ;
#2081 = ORIENTED_EDGE ( 'NONE', *, *, #3029, .F. ) ;
#2082 = EDGE_CURVE ( 'NONE', #4058, #2752, #2594, .T. ) ;
#2083 = CARTESIAN_POINT ( 'NONE',  ( -28084.81547102009063, -989.9999999999993179, -1503.936198047713106 ) ) ;
#2084 =( GEOMETRIC_REPRESENTATION_CONTEXT ( 3 ) GLOBAL_UNCERTAINTY_ASSIGNED_CONTEXT ( ( #865 ) ) GLOBAL_UNIT_ASSIGNED_CONTEXT ( ( #1409, #2200, #4570 ) ) REPRESENTATION_CONTEXT ( 'NONE', 'WORKASPACE' ) );
#2085 = ORIENTED_EDGE ( 'NONE', *, *, #1146, .F. ) ;
#2086 = CARTESIAN_POINT ( 'NONE',  ( -11349.93198115551968, 0.000000000000000000, -960.0000000000002274 ) ) ;
#2087 = CARTESIAN_POINT ( 'NONE',  ( -12444.28938755610034, 679.9999999999977263, -765.0652677973102982 ) ) ;
#2088 = CIRCLE ( 'NONE', #4356, 6000.000000000000909 ) ;
#2089 = VECTOR ( 'NONE', #3877, 1000.000000000000000 ) ;
#2090 = ORIENTED_EDGE ( 'NONE', *, *, #2027, .T. ) ;
#2091 = ADVANCED_FACE ( 'NONE', ( #591 ), #2173, .F. ) ;
#2092 = LINE ( 'NONE', #118, #1290 ) ;
#2093 = EDGE_CURVE ( 'NONE', #438, #1789, #4222, .T. ) ;
#2094 = PRODUCT_CONTEXT ( 'NONE', #3455, 'mechanical' ) ;
#2095 = ORIENTED_EDGE ( 'NONE', *, *, #2416, .F. ) ;
#2096 = CIRCLE ( 'NONE', #432, 6000.000000000000000 ) ;
#2097 = DIRECTION ( 'NONE',  ( -1.000000000000000000, 0.000000000000000000, -0.000000000000000000 ) ) ;
#2098 = SURFACE_SIDE_STYLE ('',( #76 ) ) ;
#2099 = FACE_OUTER_BOUND ( 'NONE', #3700, .T. ) ;
#2100 = VERTEX_POINT ( 'NONE', #614 ) ;
#2101 = APPLICATION_CONTEXT ( 'automotive_design' ) ;
#2102 = CARTESIAN_POINT ( 'NONE',  ( -28970.00000000000364, -875.0000000000001137, -1060.000000000000000 ) ) ;
#2103 = VERTEX_POINT ( 'NONE', #116 ) ;
#2104 = DIRECTION ( 'NONE',  ( 0.000000000000000000, -4.827056628805028179E-16, 1.000000000000000000 ) ) ;
#2105 = CIRCLE ( 'NONE', #4121, 6000.000000000000000 ) ;
#2106 = EDGE_LOOP ( 'NONE', ( #4083, #1147, #451, #3770 ) ) ;
#2107 = EDGE_CURVE ( 'NONE', #3328, #1263, #3945, .T. ) ;
#2108 = ADVANCED_FACE ( 'NONE', ( #1323 ), #4113, .T. ) ;
#2109 = CARTESIAN_POINT ( 'NONE',  ( -28350.00000000000000, -875.0000000000000000, -980.0000000000001137 ) ) ;
#2110 = EDGE_CURVE ( 'NONE', #1229, #4763, #4046, .T. ) ;
#2111 = DIRECTION ( 'NONE',  ( 0.000000000000000000, 1.000000000000000000, 2.249385511977649118E-16 ) ) ;
#2112 = ORIENTED_EDGE ( 'NONE', *, *, #19, .T. ) ;
#2113 = DIRECTION ( 'NONE',  ( -0.000000000000000000, -0.000000000000000000, -1.000000000000000000 ) ) ;
#2114 = CYLINDRICAL_SURFACE ( 'NONE', #188, 79.99999999999995737 ) ;
#2115 = DIRECTION ( 'NONE',  ( 1.000000000000000000, 0.000000000000000000, 0.000000000000000000 ) ) ;
#2116 = ORIENTED_EDGE ( 'NONE', *, *, #4311, .T. ) ;
#2117 = CARTESIAN_POINT ( 'NONE',  ( -14588.56810139493791, -1077.499998843224375, -589.9999999999971578 ) ) ;
#2118 = CIRCLE ( 'NONE', #3715, 277.7941176470602045 ) ;
#2119 = DIRECTION ( 'NONE',  ( -1.000000000000000000, 0.000000000000000000, -0.000000000000000000 ) ) ;
#2120 = CIRCLE ( 'NONE', #3964, 6000.000000000001819 ) ;
#2121 = VECTOR ( 'NONE', #3184, 1000.000000000000000 ) ;
#2122 = VERTEX_POINT ( 'NONE', #1691 ) ;
#2123 = CARTESIAN_POINT ( 'NONE',  ( -11880.00000000000182, 1077.499998843224148, -239.9999999999978684 ) ) ;
#2124 = AXIS2_PLACEMENT_3D ( 'NONE', #1519, #4211, #683 ) ;
#2125 = DIRECTION ( 'NONE',  ( 0.000000000000000000, 0.000000000000000000, 1.000000000000000000 ) ) ;
#2126 = ORIENTED_EDGE ( 'NONE', *, *, #3666, .T. ) ;
#2127 = LINE ( 'NONE', #2923, #3174 ) ;
#2128 = EDGE_CURVE ( 'NONE', #4653, #1236, #2105, .T. ) ;
#2129 = DIRECTION ( 'NONE',  ( 0.000000000000000000, 0.9901138386947148096, -0.1402661271484180183 ) ) ;
#2130 = AXIS2_PLACEMENT_3D ( 'NONE', #2705, #3919, #3124 ) ;
#2131 = EDGE_LOOP ( 'NONE', ( #3979, #466, #1739, #2740 ) ) ;
#2132 = DIRECTION ( 'NONE',  ( -0.000000000000000000, 2.775557561563032853E-16, -1.000000000000000000 ) ) ;
#2133 = AXIS2_PLACEMENT_3D ( 'NONE', #375, #276, #2307 ) ;
#2134 = VERTEX_POINT ( 'NONE', #1999 ) ;
#2135 = LINE ( 'NONE', #3743, #445 ) ;
#2136 = CARTESIAN_POINT ( 'NONE',  ( -13899.99999999999818, 1054.999999999997044, 2.220446049250313081E-12 ) ) ;
#2137 = VERTEX_POINT ( 'NONE', #3208 ) ;
#2138 = LINE ( 'NONE', #163, #1788 ) ;
#2139 = CARTESIAN_POINT ( 'NONE',  ( -18041.95708484601710, -990.0000000000015916, -868.8465180732554245 ) ) ;
#2140 = ADVANCED_FACE ( 'NONE', ( #1279 ), #2075, .T. ) ;
#2141 = VECTOR ( 'NONE', #882, 1000.000000000000000 ) ;
#2142 = DIRECTION ( 'NONE',  ( 0.000000000000000000, 3.301729611148416588E-16, -1.000000000000000000 ) ) ;
#2143 = DIRECTION ( 'NONE',  ( 1.000000000000000000, -2.220446049250313081E-16, 0.000000000000000000 ) ) ;
#2144 = VECTOR ( 'NONE', #3411, 1000.000000000000114 ) ;
#2145 = DIRECTION ( 'NONE',  ( -0.9848077530122093526, 0.000000000000000000, 0.1736481776669235033 ) ) ;
#2146 = ORIENTED_EDGE ( 'NONE', *, *, #2, .F. ) ;
#2147 = LINE ( 'NONE', #4934, #4664 ) ;
#2148 = LINE ( 'NONE', #3759, #4797 ) ;
#2149 = LINE ( 'NONE', #172, #1268 ) ;
#2150 = EDGE_LOOP ( 'NONE', ( #2462, #474, #1746, #4476 ) ) ;
#2151 = CARTESIAN_POINT ( 'NONE',  ( -23815.57253896063776, 1189.999999999998408, -751.1534819267454850 ) ) ;
#2152 = VECTOR ( 'NONE', #3531, 1000.000000000000114 ) ;
#2153 = VERTEX_POINT ( 'NONE', #2872 ) ;
#2154 = DIRECTION ( 'NONE',  ( 0.000000000000000000, -2.413528314402513597E-16, 1.000000000000000000 ) ) ;
#2155 = LINE ( 'NONE', #3764, #1633 ) ;
#2156 = LINE ( 'NONE', #964, #5072 ) ;
#2157 = ORIENTED_EDGE ( 'NONE', *, *, #5, .T. ) ;
#2158 = EDGE_CURVE ( 'NONE', #714, #1933, #4019, .T. ) ;
#2159 = CARTESIAN_POINT ( 'NONE',  ( -28966.79486355017070, 875.0000000000000000, -980.0000000000001137 ) ) ;
#2160 = EDGE_LOOP ( 'NONE', ( #3536, #1034, #2964, #3990, #1298 ) ) ;
#2161 = DIRECTION ( 'NONE',  ( 6.123233995732906780E-17, 0.4999999999996849187, 0.8660254037846205621 ) ) ;
#2162 = CARTESIAN_POINT ( 'NONE',  ( -12500.00000000000182, -1950.712458671873037, -306.2059048389994587 ) ) ;
#2163 = ORIENTED_EDGE ( 'NONE', *, *, #2069, .T. ) ;
#2164 = CARTESIAN_POINT ( 'NONE',  ( -13899.99999999999818, -814.9999999999972715, -909.9999999999987494 ) ) ;
#2165 = CARTESIAN_POINT ( 'NONE',  ( -10255.33188238365256, 732.4719190560189190, -589.9999999999965894 ) ) ;
#2166 = EDGE_CURVE ( 'NONE', #1751, #1079, #887, .T. ) ;
#2167 = PLANE ( 'NONE',  #1469 ) ;
#2168 = EDGE_LOOP ( 'NONE', ( #1117, #5061, #1809, #491 ) ) ;
#2169 = DIRECTION ( 'NONE',  ( -0.1736481776669237531, 0.000000000000000000, -0.9848077530122092416 ) ) ;
#2170 = EDGE_LOOP ( 'NONE', ( #4603, #5038, #3628, #3348 ) ) ;
#2171 = LINE ( 'NONE', #1344, #5082 ) ;
#2172 = FACE_OUTER_BOUND ( 'NONE', #4607, .T. ) ;
#2173 = PLANE ( 'NONE',  #4863 ) ;
#2174 = VERTEX_POINT ( 'NONE', #101 ) ;
#2175 = CARTESIAN_POINT ( 'NONE',  ( 616.7948635501689978, -875.0000000000000000, -1060.000000000000000 ) ) ;
#2176 = EDGE_CURVE ( 'NONE', #4174, #2868, #2411, .T. ) ;
#2177 = ORIENTED_EDGE ( 'NONE', *, *, #2176, .T. ) ;
#2178 = DIRECTION ( 'NONE',  ( 0.000000000000000000, 2.775557561563032853E-16, -1.000000000000000000 ) ) ;
#2179 = LINE ( 'NONE', #3789, #4562 ) ;
#2180 = CARTESIAN_POINT ( 'NONE',  ( -28350.00000000000000, 875.0000000000000000, -1060.000000000000000 ) ) ;
#2181 = ORIENTED_EDGE ( 'NONE', *, *, #4756, .F. ) ;
#2182 = DIRECTION ( 'NONE',  ( -0.000000000000000000, -1.000000000000000000, -0.000000000000000000 ) ) ;
#2183 = ORIENTED_EDGE ( 'NONE', *, *, #420, .F. ) ;
#2184 = FACE_OUTER_BOUND ( 'NONE', #3654, .T. ) ;
#2185 = ADVANCED_FACE ( 'NONE', ( #4493 ), #3705, .T. ) ;
#2186 = EDGE_LOOP ( 'NONE', ( #1890, #1948, #2126, #3057, #4135, #657, #2681, #1060, #4600, #2382, #2671, #2648, #2486, #3602, #227, #398, #666, #3873, #5100, #2320, #4545, #3729, #3734, #1045, #3917, #2904 ) ) ;
#2187 = PLANE ( 'NONE',  #1293 ) ;
#2188 = EDGE_CURVE ( 'NONE', #3555, #1160, #1195, .T. ) ;
#2189 = DIRECTION ( 'NONE',  ( 0.000000000000000000, 0.9854601157443478865, -0.1699069165076472210 ) ) ;
#2190 = EDGE_CURVE ( 'NONE', #4988, #3290, #915, .T. ) ;
#2191 = ORIENTED_EDGE ( 'NONE', *, *, #4973, .F. ) ;
#2192 = FACE_OUTER_BOUND ( 'NONE', #2417, .T. ) ;
#2193 = EDGE_LOOP ( 'NONE', ( #1100, #3152, #1514, #3473 ) ) ;
#2194 = CARTESIAN_POINT ( 'NONE',  ( -12100.00000000000182, -1054.999999999997726, -459.9999999999984084 ) ) ;
#2195 = DIRECTION ( 'NONE',  ( 0.000000000000000000, -2.413528314402514090E-16, 1.000000000000000000 ) ) ;
#2196 = DIRECTION ( 'NONE',  ( -7.824144642581933777E-16, -2.775557561563032853E-16, 1.000000000000000000 ) ) ;
#2197 = EDGE_LOOP ( 'NONE', ( #347, #289, #4326, #3442, #3226, #1067 ) ) ;
#2198 = DIRECTION ( 'NONE',  ( 0.000000000000000000, 0.000000000000000000, 1.000000000000000000 ) ) ;
#2199 = VECTOR ( 'NONE', #3103, 1000.000000000000000 ) ;
#2200 =( NAMED_UNIT ( * ) PLANE_ANGLE_UNIT ( ) SI_UNIT ( $, .RADIAN. ) );
#2201 = ORIENTED_EDGE ( 'NONE', *, *, #3125, .F. ) ;
#2202 = VECTOR ( 'NONE', #1403, 1000.000000000000114 ) ;
#2203 = CARTESIAN_POINT ( 'NONE',  ( -26000.00000000000000, 899.9999999999998863, -910.0000000000001137 ) ) ;
#2204 = EDGE_CURVE ( 'NONE', #1072, #1320, #51, .T. ) ;
#2205 = CARTESIAN_POINT ( 'NONE',  ( -23815.57253896063776, 1189.999999999998408, -751.1534819267454850 ) ) ;
#2206 = ADVANCED_FACE ( 'NONE', ( #3241 ), #2789, .T. ) ;
#2207 = VECTOR ( 'NONE', #270, 1000.000000000000000 ) ;
#2208 = DIRECTION ( 'NONE',  ( -1.000000000000000000, 0.000000000000000000, 0.000000000000000000 ) ) ;
#2209 = ORIENTED_EDGE ( 'NONE', *, *, #2785, .T. ) ;
#2210 = AXIS2_PLACEMENT_3D ( 'NONE', #573, #2132, #1747 ) ;
#2211 = CARTESIAN_POINT ( 'NONE',  ( -2825.068018844486232, 989.9999999999982947, -960.0000000000014779 ) ) ;
#2212 = ORIENTED_EDGE ( 'NONE', *, *, #1920, .T. ) ;
#2213 = DIRECTION ( 'NONE',  ( -1.000000000000000000, -0.000000000000000000, 0.000000000000000000 ) ) ;
#2214 = VECTOR ( 'NONE', #2860, 1000.000000000000000 ) ;
#2215 = VECTOR ( 'NONE', #2703, 1000.000000000000000 ) ;
#2216 = ORIENTED_EDGE ( 'NONE', *, *, #939, .F. ) ;
#2217 = CIRCLE ( 'NONE', #1302, 199.9999999999999432 ) ;
#2218 = CIRCLE ( 'NONE', #5156, 460.0000000000001137 ) ;
#2219 = CIRCLE ( 'NONE', #1637, 6000.000000000000000 ) ;
#2220 = PLANE ( 'NONE',  #1545 ) ;
#2221 = CARTESIAN_POINT ( 'NONE',  ( -28970.00000000000364, 875.0000000000001137, -1060.000000000000000 ) ) ;
#2222 = CARTESIAN_POINT ( 'NONE',  ( -26400.00000000000364, 200.0000000000000000, -825.0000000000001137 ) ) ;
#2223 = EDGE_CURVE ( 'NONE', #407, #3779, #2525, .T. ) ;
#2224 = ORIENTED_EDGE ( 'NONE', *, *, #3615, .F. ) ;
#2225 = DIRECTION ( 'NONE',  ( 1.000000000000000000, 0.000000000000000000, 0.000000000000000000 ) ) ;
#2226 = CARTESIAN_POINT ( 'NONE',  ( -15744.66811761634744, -814.9999999999972715, -769.9999999999963620 ) ) ;
#2227 = EDGE_LOOP ( 'NONE', ( #1837, #626, #1163, #5137, #2710 ) ) ;
#2228 = VECTOR ( 'NONE', #531, 1000.000000000000000 ) ;
#2229 = EDGE_LOOP ( 'NONE', ( #2312, #1385, #4107, #3091, #1522, #808, #304, #3043, #1280 ) ) ;
#2230 = LINE ( 'NONE', #1764, #4572 ) ;
#2231 = DIRECTION ( 'NONE',  ( -0.000000000000000000, -1.000000000000000000, -0.000000000000000000 ) ) ;
#2232 = CARTESIAN_POINT ( 'NONE',  ( -1950.000000000000682, 800.0000000000000000, -910.0000000000001137 ) ) ;
#2233 = DIRECTION ( 'NONE',  ( 0.000000000000000000, 0.000000000000000000, 1.000000000000000000 ) ) ;
#2234 = ORIENTED_EDGE ( 'NONE', *, *, #1504, .T. ) ;
#2235 = EDGE_CURVE ( 'NONE', #3935, #357, #622, .T. ) ;
#2236 = FACE_OUTER_BOUND ( 'NONE', #1039, .T. ) ;
#2237 = EDGE_LOOP ( 'NONE', ( #2240, #2451, #930, #4993 ) ) ;
#2238 = DIRECTION ( 'NONE',  ( 0.000000000000000000, -1.000000000000000000, -2.775557561563032853E-16 ) ) ;
#2239 = CARTESIAN_POINT ( 'NONE',  ( -12545.46126534801260, -697.6074941491500567, -574.9998243529007595 ) ) ;
#2240 = ORIENTED_EDGE ( 'NONE', *, *, #3977, .T. ) ;
#2241 = CIRCLE ( 'NONE', #2251, 460.0000000000000000 ) ;
#2242 = EDGE_CURVE ( 'NONE', #2727, #3913, #2385, .T. ) ;
#2243 = CARTESIAN_POINT ( 'NONE',  ( 0.000000000000000000, -875.0000000000000000, -1060.000000000000000 ) ) ;
#2244 = LINE ( 'NONE', #2719, #2089 ) ;
#2245 = DIRECTION ( 'NONE',  ( -1.000000000000000000, 0.000000000000000000, 0.000000000000000000 ) ) ;
#2246 = ORIENTED_EDGE ( 'NONE', *, *, #4532, .F. ) ;
#2247 = CARTESIAN_POINT ( 'NONE',  ( -1950.000000000000682, -800.0000000000000000, -910.0000000000001137 ) ) ;
#2248 = CARTESIAN_POINT ( 'NONE',  ( -13560.14709064066847, 729.4021522441533989, -769.9999999999959073 ) ) ;
#2249 = VERTEX_POINT ( 'NONE', #2441 ) ;
#2250 = VERTEX_POINT ( 'NONE', #468 ) ;
#2251 = AXIS2_PLACEMENT_3D ( 'NONE', #4062, #4372, #4851 ) ;
#2252 = CARTESIAN_POINT ( 'NONE',  ( -14175.00000000000000, -1190.000000000001592, -960.0000000000002274 ) ) ;
#2253 = VERTEX_POINT ( 'NONE', #2052 ) ;
#2254 = DIRECTION ( 'NONE',  ( 1.000000000000000000, 0.000000000000000000, 0.000000000000000000 ) ) ;
#2255 = AXIS2_PLACEMENT_3D ( 'NONE', #2653, #3888, #1554 ) ;
#2256 = PLANE ( 'NONE',  #720 ) ;
#2257 = ADVANCED_FACE ( 'NONE', ( #4126 ), #3426, .F. ) ;
#2258 = ORIENTED_EDGE ( 'NONE', *, *, #5121, .T. ) ;
#2259 = LINE ( 'NONE', #976, #1125 ) ;
#2260 = EDGE_CURVE ( 'NONE', #3762, #3425, #3402, .T. ) ;
#2261 = CARTESIAN_POINT ( 'NONE',  ( -9640.572538960639577, 1189.999999999998408, -751.1534819267457124 ) ) ;
#2262 = AXIS2_PLACEMENT_3D ( 'NONE', #536, #2597, #3732 ) ;
#2263 = ORIENTED_EDGE ( 'NONE', *, *, #500, .T. ) ;
#2264 = DIRECTION ( 'NONE',  ( -1.000000000000000000, 0.000000000000000000, 0.000000000000000000 ) ) ;
#2265 = DIRECTION ( 'NONE',  ( 1.000000000000000000, 0.000000000000000000, 0.000000000000000000 ) ) ;
#2266 = ORIENTED_EDGE ( 'NONE', *, *, #2848, .T. ) ;
#2267 = CIRCLE ( 'NONE', #5030, 6000.000000000000000 ) ;
#2268 = ADVANCED_FACE ( 'NONE', ( #4604 ), #4549, .F. ) ;
#2269 = CARTESIAN_POINT ( 'NONE',  ( -26400.00000000000364, 800.0000000000000000, -910.0000000000001137 ) ) ;
#2270 = EDGE_CURVE ( 'NONE', #2955, #2584, #2608, .T. ) ;
#2271 = DIRECTION ( 'NONE',  ( -0.000000000000000000, 1.000000000000000000, 2.249385511977649118E-16 ) ) ;
#2272 = DIRECTION ( 'NONE',  ( 1.000000000000000000, -1.085818191274059690E-31, 3.912072321290969353E-16 ) ) ;
#2273 = EDGE_LOOP ( 'NONE', ( #3106, #4406, #4128, #197, #3798 ) ) ;
#2274 = CARTESIAN_POINT ( 'NONE',  ( -13974.99999999999818, 0.000000000000000000, 0.000000000000000000 ) ) ;
#2275 = DIRECTION ( 'NONE',  ( -1.000000000000000000, -2.220446049250312341E-16, 0.000000000000000000 ) ) ;
#2276 = ORIENTED_EDGE ( 'NONE', *, *, #4757, .F. ) ;
#2277 = VERTEX_POINT ( 'NONE', #160 ) ;
#2278 = CARTESIAN_POINT ( 'NONE',  ( -11700.00000000000182, 1077.499998843224375, -589.9999999999964757 ) ) ;
#2279 = ORIENTED_EDGE ( 'NONE', *, *, #2110, .F. ) ;
#2280 = LINE ( 'NONE', #2729, #1590 ) ;
#2281 = DIRECTION ( 'NONE',  ( 2.193033135062037489E-16, 1.000000000000000000, 0.000000000000000000 ) ) ;
#2282 = CYLINDRICAL_SURFACE ( 'NONE', #3730, 79.99999999999995737 ) ;
#2283 = EDGE_LOOP ( 'NONE', ( #4586, #4874, #20, #275 ) ) ;
#2284 = LINE ( 'NONE', #1583, #33 ) ;
#2285 = CIRCLE ( 'NONE', #2963, 1000.000000000000000 ) ;
#2286 = CARTESIAN_POINT ( 'NONE',  ( -10255.33188238365256, -1077.499998843224375, -589.9999999999971578 ) ) ;
#2287 = EDGE_CURVE ( 'NONE', #2748, #2333, #654, .T. ) ;
#2288 = ORIENTED_EDGE ( 'NONE', *, *, #1530, .F. ) ;
#2289 = CARTESIAN_POINT ( 'NONE',  ( -18709.42746103936224, -1190.000000000001592, -751.1534819267452576 ) ) ;
#2290 = LINE ( 'NONE', #315, #4157 ) ;
#2291 = AXIS2_PLACEMENT_3D ( 'NONE', #4051, #4420, #472 ) ;
#2292 = VECTOR ( 'NONE', #2030, 1000.000000000000000 ) ;
#2293 = ORIENTED_EDGE ( 'NONE', *, *, #3579, .T. ) ;
#2294 = VECTOR ( 'NONE', #4363, 1000.000000000000000 ) ;
#2295 = VECTOR ( 'NONE', #4898, 1000.000000000000000 ) ;
#2296 = DIRECTION ( 'NONE',  ( -1.000000000000000000, 0.000000000000000000, 0.000000000000000000 ) ) ;
#2297 = VECTOR ( 'NONE', #4882, 1000.000000000000000 ) ;
#2298 = FACE_OUTER_BOUND ( 'NONE', #3640, .T. ) ;
#2299 = CARTESIAN_POINT ( 'NONE',  ( -26400.00000000000364, -800.0000000000000000, -910.0000000000001137 ) ) ;
#2300 = ADVANCED_FACE ( 'NONE', ( #3823 ), #2553, .T. ) ;
#2301 = EDGE_LOOP ( 'NONE', ( #1143, #3438, #3519, #490 ) ) ;
#2302 = DIRECTION ( 'NONE',  ( 1.000000000000000000, 0.000000000000000000, -0.000000000000000000 ) ) ;
#2303 = CARTESIAN_POINT ( 'NONE',  ( -13899.99999999999818, -679.9999999999977263, -459.9999999999982947 ) ) ;
#2304 = EDGE_LOOP ( 'NONE', ( #3709, #2276, #100, #3312 ) ) ;
#2305 = CIRCLE ( 'NONE', #56, 79.99999999999995737 ) ;
#2306 = EDGE_LOOP ( 'NONE', ( #4592, #325, #238, #5111 ) ) ;
#2307 = DIRECTION ( 'NONE',  ( 0.000000000000000000, -2.413528314402514090E-16, 1.000000000000000000 ) ) ;
#2308 = LINE ( 'NONE', #1918, #1173 ) ;
#2309 = DIRECTION ( 'NONE',  ( -0.000000000000000000, 1.000000000000000000, -0.000000000000000000 ) ) ;
#2310 = AXIS2_PLACEMENT_3D ( 'NONE', #787, #1259, #2929 ) ;
#2311 =( BOUNDED_CURVE ( )  B_SPLINE_CURVE ( 3, ( #3266, #4868, #5160, #4362 ),
 .UNSPECIFIED., .F., .T. ) 
 B_SPLINE_CURVE_WITH_KNOTS ( ( 4, 4 ),
 ( 1.284283745212837724, 1.335088666923594625 ),
 .UNSPECIFIED. ) 
 CURVE ( )  GEOMETRIC_REPRESENTATION_ITEM ( )  RATIONAL_B_SPLINE_CURVE ( ( 1.000000000000000000, 0.9997849165603801547, 0.9997849165603801547, 1.000000000000000000 ) ) 
 REPRESENTATION_ITEM ( '' )  );
#2312 = ORIENTED_EDGE ( 'NONE', *, *, #5133, .T. ) ;
#2313 = DIRECTION ( 'NONE',  ( -1.000000000000000000, 3.132904478660053556E-17, 0.000000000000000000 ) ) ;
#2314 = PLANE ( 'NONE',  #521 ) ;
#2315 = CARTESIAN_POINT ( 'NONE',  ( -13555.71061244389966, 679.9999999999977263, -765.0652677973102982 ) ) ;
#2316 = ORIENTED_EDGE ( 'NONE', *, *, #2726, .T. ) ;
#2317 = FACE_OUTER_BOUND ( 'NONE', #1814, .T. ) ;
#2318 = CARTESIAN_POINT ( 'NONE',  ( 616.7948635501689978, 795.0000000000001137, -1060.000000000000000 ) ) ;
#2319 = EDGE_CURVE ( 'NONE', #3686, #1239, #4160, .T. ) ;
#2320 = ORIENTED_EDGE ( 'NONE', *, *, #732, .F. ) ;
#2321 = LINE ( 'NONE', #1810, #2144 ) ;
#2322 = LINE ( 'NONE', #3117, #1706 ) ;
#2323 = VERTEX_POINT ( 'NONE', #1438 ) ;
#2324 = PLANE ( 'NONE',  #4390 ) ;
#2325 = ORIENTED_EDGE ( 'NONE', *, *, #4166, .F. ) ;
#2326 = CARTESIAN_POINT ( 'NONE',  ( -12500.00000000000182, -1077.499998843224375, -589.9999999999971578 ) ) ;
#2327 = CARTESIAN_POINT ( 'NONE',  ( 0.000000000000000000, 0.000000000000000000, -960.0000000000002274 ) ) ;
#2328 = EDGE_CURVE ( 'NONE', #3532, #1360, #4580, .T. ) ;
#2329 = EDGE_LOOP ( 'NONE', ( #159, #1896, #1277, #133, #4884, #4361, #4114, #595 ) ) ;
#2330 = ADVANCED_FACE ( 'NONE', ( #4923 ), #546, .F. ) ;
#2331 = CARTESIAN_POINT ( 'NONE',  ( -162.2440211999303301, 1189.999999999998408, 920.1315677728725859 ) ) ;
#2332 = PLANE ( 'NONE',  #4721 ) ;
#2333 = VERTEX_POINT ( 'NONE', #576 ) ;
#2334 = CARTESIAN_POINT ( 'NONE',  ( -4534.427461039364061, 989.9999999999982947, -751.1534819267452576 ) ) ;
#2335 = DIRECTION ( 'NONE',  ( 0.000000000000000000, 1.000000000000000000, 0.000000000000000000 ) ) ;
#2336 = VERTEX_POINT ( 'NONE', #941 ) ;
#2337 = VECTOR ( 'NONE', #1405, 1000.000000000000000 ) ;
#2338 = DIRECTION ( 'NONE',  ( -1.000000000000000000, 0.000000000000000000, 0.000000000000000000 ) ) ;
#2339 = AXIS2_PLACEMENT_3D ( 'NONE', #5104, #756, #75 ) ;
#2340 = DIRECTION ( 'NONE',  ( 0.000000000000000000, -1.000000000000000000, -2.249385511977649118E-16 ) ) ;
#2341 = ITEM_DEFINED_TRANSFORMATION ( 'NONE', 'NONE', #1102,  #3523 ) ;
#2342 = EDGE_CURVE ( 'NONE', #4247, #1511, #2135, .T. ) ;
#2343 = ORIENTED_EDGE ( 'NONE', *, *, #4289, .F. ) ;
#2344 = CARTESIAN_POINT ( 'NONE',  ( -10308.04291515398108, 989.9999999999980673, -868.8465180732555382 ) ) ;
#2345 = DIRECTION ( 'NONE',  ( -0.000000000000000000, 2.775557561563032853E-16, -1.000000000000000000 ) ) ;
#2346 = EDGE_CURVE ( 'NONE', #2685, #4201, #3768, .T. ) ;
#2347 = VERTEX_POINT ( 'NONE', #1390 ) ;
#2348 = DIRECTION ( 'NONE',  ( 0.000000000000000000, 1.000000000000000000, 2.249385511977649118E-16 ) ) ;
#2349 = VERTEX_POINT ( 'NONE', #2985 ) ;
#2350 = CARTESIAN_POINT ( 'NONE',  ( -26400.00000000000364, 899.9999999999998863, -910.0000000000001137 ) ) ;
#2351 = FACE_OUTER_BOUND ( 'NONE', #2944, .T. ) ;
#2352 = ORIENTED_EDGE ( 'NONE', *, *, #3541, .T. ) ;
#2353 = DIRECTION ( 'NONE',  ( 0.000000000000000000, 1.000000000000000000, -2.200304988219453045E-16 ) ) ;
#2354 = ADVANCED_FACE ( 'NONE', ( #1000 ), #2581, .F. ) ;
#2355 = VERTEX_POINT ( 'NONE', #2334 ) ;
#2356 = DIRECTION ( 'NONE',  ( 0.000000000000000000, 0.000000000000000000, -1.000000000000000000 ) ) ;
#2357 = CARTESIAN_POINT ( 'NONE',  ( -17000.06801884448214, 0.000000000000000000, -960.0000000000002274 ) ) ;
#2358 = ORIENTED_EDGE ( 'NONE', *, *, #2287, .T. ) ;
#2359 = AXIS2_PLACEMENT_3D ( 'NONE', #3127, #2756, #731 ) ;
#2360 = VECTOR ( 'NONE', #475, 1000.000000000000114 ) ;
#2361 = LINE ( 'NONE', #1566, #2960 ) ;
#2362 = DIRECTION ( 'NONE',  ( 0.000000000000000000, 2.775557561563032853E-16, -1.000000000000000000 ) ) ;
#2363 = AXIS2_PLACEMENT_3D ( 'NONE', #3923, #3105, #359 ) ;
#2364 = ORIENTED_EDGE ( 'NONE', *, *, #5064, .T. ) ;
#2365 = CARTESIAN_POINT ( 'NONE',  ( -11411.43189860506209, -729.4021522441533989, -769.9999999999963620 ) ) ;
#2366 = DIRECTION ( 'NONE',  ( 0.000000000000000000, -1.000000000000000000, -2.220446049250313081E-16 ) ) ;
#2367 = VERTEX_POINT ( 'NONE', #1166 ) ;
#2368 = CARTESIAN_POINT ( 'NONE',  ( -265.1845289799124998, -989.9999999999993179, -1503.936198047713106 ) ) ;
#2369 = AXIS2_PLACEMENT_3D ( 'NONE', #1843, #4599, #5019 ) ;
#2370 = ORIENTED_EDGE ( 'NONE', *, *, #4230, .T. ) ;
#2371 = FACE_OUTER_BOUND ( 'NONE', #2802, .T. ) ;
#2372 = DIRECTION ( 'NONE',  ( -0.000000000000000000, -0.000000000000000000, -1.000000000000000000 ) ) ;
#2373 = CIRCLE ( 'NONE', #3313, 199.9999999999999432 ) ;
#2374 = LINE ( 'NONE', #1581, #1179 ) ;
#2375 = ORIENTED_EDGE ( 'NONE', *, *, #1404, .F. ) ;
#2376 = CARTESIAN_POINT ( 'NONE',  ( -26000.00000000000000, -200.0000000000000000, -825.0000000000001137 ) ) ;
#2377 = ORIENTED_EDGE ( 'NONE', *, *, #975, .F. ) ;
#2378 = VECTOR ( 'NONE', #2265, 1000.000000000000000 ) ;
#2379 = CARTESIAN_POINT ( 'NONE',  ( -14588.56810139493791, 278.9021535255452022, -725.0000000000052296 ) ) ;
#2380 = LINE ( 'NONE', #1221, #2560 ) ;
#2381 = CARTESIAN_POINT ( 'NONE',  ( -2825.068018844486232, 0.000000000000000000, -960.0000000000002274 ) ) ;
#2382 = ORIENTED_EDGE ( 'NONE', *, *, #1630, .F. ) ;
#2383 = ADVANCED_FACE ( 'NONE', ( #1925 ), #3946, .F. ) ;
#2384 = CIRCLE ( 'NONE', #394, 6000.000000000000000 ) ;
#2385 = LINE ( 'NONE', #3604, #4784 ) ;
#2386 = VECTOR ( 'NONE', #2945, 1000.000000000000000 ) ;
#2387 = ADVANCED_FACE ( 'NONE', ( #3925 ), #4313, .T. ) ;
#2388 = CARTESIAN_POINT ( 'NONE',  ( -13560.14709064066847, 814.9999999999974989, -769.9999999999960210 ) ) ;
#2389 = EDGE_CURVE ( 'NONE', #2752, #620, #2759, .T. ) ;
#2390 = ORIENTED_EDGE ( 'NONE', *, *, #2176, .F. ) ;
#2391 = PLANE ( 'NONE',  #4661 ) ;
#2392 = CARTESIAN_POINT ( 'NONE',  ( -10255.33188238365256, -1077.499998843224375, -769.9999999999964757 ) ) ;
#2393 = ORIENTED_EDGE ( 'NONE', *, *, #267, .F. ) ;
#2394 = DIRECTION ( 'NONE',  ( 0.000000000000000000, 2.775557561563032853E-16, -1.000000000000000000 ) ) ;
#2395 = ORIENTED_EDGE ( 'NONE', *, *, #439, .T. ) ;
#2396 = APPLICATION_CONTEXT ( 'automotive_design' ) ;
#2397 = DIRECTION ( 'NONE',  ( 2.193033135062037489E-16, -1.000000000000000000, -0.000000000000000000 ) ) ;
#2398 = EDGE_CURVE ( 'NONE', #4032, #1667, #4543, .T. ) ;
#2399 = LINE ( 'NONE', #4791, #2890 ) ;
#2400 = PLANE ( 'NONE',  #2511 ) ;
#2401 = ORIENTED_EDGE ( 'NONE', *, *, #2841, .T. ) ;
#2402 = CARTESIAN_POINT ( 'NONE',  ( -12500.00000000000182, -1077.499998843224603, -306.2059048389992313 ) ) ;
#2403 =( NAMED_UNIT ( * ) SI_UNIT ( $, .STERADIAN. ) SOLID_ANGLE_UNIT ( ) );
#2404 = VERTEX_POINT ( 'NONE', #1561 ) ;
#2405 = DIRECTION ( 'NONE',  ( 0.000000000000000000, -2.413528314402514090E-16, 1.000000000000000000 ) ) ;
#2406 = EDGE_CURVE ( 'NONE', #2020, #3392, #4685, .T. ) ;
#2407 = LINE ( 'NONE', #2901, #3138 ) ;
#2408 = LINE ( 'NONE', #1688, #2459 ) ;
#2409 = ADVANCED_FACE ( 'NONE', ( #702 ), #4358, .T. ) ;
#2410 = ORIENTED_EDGE ( 'NONE', *, *, #2749, .T. ) ;
#2411 = LINE ( 'NONE', #79, #2439 ) ;
#2412 = VERTEX_POINT ( 'NONE', #2289 ) ;
#2413 = AXIS2_PLACEMENT_3D ( 'NONE', #4200, #1297, #93 ) ;
#2414 = CARTESIAN_POINT ( 'NONE',  ( -28966.79486355017070, 875.0000000000000000, -1060.000000000000000 ) ) ;
#2415 = CARTESIAN_POINT ( 'NONE',  ( -28350.00000000000000, 1189.999999999998408, -660.0000000000019327 ) ) ;
#2416 = EDGE_CURVE ( 'NONE', #4447, #3866, #286, .T. ) ;
#2417 = EDGE_LOOP ( 'NONE', ( #3276, #4576, #431, #4904, #4027 ) ) ;
#2418 = EDGE_CURVE ( 'NONE', #748, #357, #363, .T. ) ;
#2419 = DIRECTION ( 'NONE',  ( 0.000000000000000000, 1.000000000000000000, 2.775557561563032853E-16 ) ) ;
#2420 = LINE ( 'NONE', #2853, #1292 ) ;
#2421 = UNCERTAINTY_MEASURE_WITH_UNIT (LENGTH_MEASURE( 1.000000000000000082E-05 ), #4412, 'distance_accuracy_value', 'NONE');
#2422 = ORIENTED_EDGE ( 'NONE', *, *, #288, .F. ) ;
#2423 = LINE ( 'NONE', #1287, #228 ) ;
#2424 = PRODUCT ( 'WagonPlane_90ft_MediumDetailed', 'WagonPlane_90ft_MediumDetailed', '', ( #2094 ) ) ;
#2425 = ORIENTED_EDGE ( 'NONE', *, *, #746, .T. ) ;
#2426 = CIRCLE ( 'NONE', #2766, 460.0000000000000000 ) ;
#2427 = DIRECTION ( 'NONE',  ( 1.000000000000000000, 0.000000000000000000, 0.000000000000000000 ) ) ;
#2428 = ADVANCED_FACE ( 'NONE', ( #1848 ), #1946, .T. ) ;
#2429 = CARTESIAN_POINT ( 'NONE',  ( 616.7948635501689978, 875.0000000000000000, -1140.000000000000227 ) ) ;
#2430 = FACE_OUTER_BOUND ( 'NONE', #3074, .T. ) ;
#2431 = ORIENTED_EDGE ( 'NONE', *, *, #4190, .T. ) ;
#2432 = DIRECTION ( 'NONE',  ( 0.000000000000000000, 1.000000000000000000, 3.301729611148416588E-16 ) ) ;
#2433 = SURFACE_SIDE_STYLE ('',( #485 ) ) ;
#2434 = EDGE_LOOP ( 'NONE', ( #4186, #70, #4997, #2834 ) ) ;
#2435 = DIRECTION ( 'NONE',  ( 0.000000000000000000, -0.000000000000000000, 1.000000000000000000 ) ) ;
#2436 = CARTESIAN_POINT ( 'NONE',  ( -17000.06801884448214, 989.9999999999980673, -960.0000000000002274 ) ) ;
#2437 = CARTESIAN_POINT ( 'NONE',  ( -14119.99999999999818, -1077.499998843224375, -517.7941176470594655 ) ) ;
#2438 = ORIENTED_EDGE ( 'NONE', *, *, #2598, .T. ) ;
#2439 = VECTOR ( 'NONE', #1644, 1000.000000000000000 ) ;
#2440 = ADVANCED_FACE ( 'NONE', ( #3452 ), #2314, .F. ) ;
#2441 = CARTESIAN_POINT ( 'NONE',  ( -12320.00000000000000, -814.9999999999974989, -239.9999999999984368 ) ) ;
#2442 = EDGE_CURVE ( 'NONE', #4058, #385, #4279, .T. ) ;
#2443 = VERTEX_POINT ( 'NONE', #4658 ) ;
#2444 = FACE_OUTER_BOUND ( 'NONE', #821, .T. ) ;
#2445 = DIRECTION ( 'NONE',  ( 0.000000000000000000, 0.9901138386947148096, -0.1402661271484180183 ) ) ;
#2446 = VECTOR ( 'NONE', #4680, 1000.000000000000000 ) ;
#2447 = CIRCLE ( 'NONE', #1878, 460.0000000000000000 ) ;
#2448 = VERTEX_POINT ( 'NONE', #340 ) ;
#2449 = DIRECTION ( 'NONE',  ( 0.9848077530122092416, 0.000000000000000000, 0.1736481776669237531 ) ) ;
#2450 = CIRCLE ( 'NONE', #972, 79.99999999999995737 ) ;
#2451 = ORIENTED_EDGE ( 'NONE', *, *, #21, .F. ) ;
#2452 = EDGE_CURVE ( 'NONE', #493, #407, #1077, .T. ) ;
#2453 = FACE_BOUND ( 'NONE', #2624, .T. ) ;
#2454 = AXIS2_PLACEMENT_3D ( 'NONE', #1996, #15, #1275 ) ;
#2455 = LINE ( 'NONE', #480, #1830 ) ;
#2456 = CARTESIAN_POINT ( 'NONE',  ( -13000.00000000000000, 4.163336342343557632E-15, -825.0000000000000000 ) ) ;
#2457 = CARTESIAN_POINT ( 'NONE',  ( -14175.00000000000000, -1190.000000000001592, -960.0000000000002274 ) ) ;
#2458 = ORIENTED_EDGE ( 'NONE', *, *, #1562, .T. ) ;
#2459 = VECTOR ( 'NONE', #3627, 1000.000000000000000 ) ;
#2461 = DIRECTION ( 'NONE',  ( 0.000000000000000000, 1.000000000000000000, 2.775557561563032853E-16 ) ) ;
#2460 = CIRCLE ( 'NONE', #2718, 172.2649730022416747 ) ;
#2462 = ORIENTED_EDGE ( 'NONE', *, *, #2398, .T. ) ;
#2463 = CARTESIAN_POINT ( 'NONE',  ( -1950.000000000000682, -200.0000000000000000, -825.0000000000001137 ) ) ;
#2464 = VECTOR ( 'NONE', #4873, 1000.000000000000000 ) ;
#2465 = LINE ( 'NONE', #1248, #2297 ) ;
#2466 = DIRECTION ( 'NONE',  ( 0.000000000000000000, -1.000000000000000000, -2.249385511977649118E-16 ) ) ;
#2467 = ORIENTED_EDGE ( 'NONE', *, *, #2870, .T. ) ;
#2468 = ORIENTED_EDGE ( 'NONE', *, *, #3825, .T. ) ;
#2469 = CARTESIAN_POINT ( 'NONE',  ( -11411.43189860506209, -278.9021535255452022, -725.0000000000053433 ) ) ;
#2470 = ADVANCED_FACE ( 'NONE', ( #4258 ), #2738, .T. ) ;
#2471 = VECTOR ( 'NONE', #3769, 1000.000000000000000 ) ;
#2472 = ORIENTED_EDGE ( 'NONE', *, *, #2807, .F. ) ;
#2473 =( BOUNDED_CURVE ( )  B_SPLINE_CURVE ( 3, ( #4742, #1156, #3834, #2248 ),
 .UNSPECIFIED., .F., .T. ) 
 B_SPLINE_CURVE_WITH_KNOTS ( ( 4, 4 ),
 ( 5.437455678617205024, 5.451881468827075139 ),
 .UNSPECIFIED. ) 
 CURVE ( )  GEOMETRIC_REPRESENTATION_ITEM ( )  RATIONAL_B_SPLINE_CURVE ( ( 1.000000000000000000, 0.9999826581232540423, 0.9999826581232540423, 1.000000000000000000 ) ) 
 REPRESENTATION_ITEM ( '' )  );
#2474 = CARTESIAN_POINT ( 'NONE',  ( 0.000000000000000000, -875.0000000000000000, -1140.000000000000227 ) ) ;
#2475 = CYLINDRICAL_SURFACE ( 'NONE', #4382, 6000.000000000000000 ) ;
#2476 = EDGE_LOOP ( 'NONE', ( #860, #256, #3095, #2503, #80, #1270, #130, #1622 ) ) ;
#2477 = ADVANCED_FACE ( 'NONE', ( #1905 ), #3504, .F. ) ;
#2478 = DIRECTION ( 'NONE',  ( 1.000000000000000000, 0.000000000000000000, -0.000000000000000000 ) ) ;
#2479 = ADVANCED_FACE ( 'NONE', ( #1664 ), #461, .F. ) ;
#2480 = ORIENTED_EDGE ( 'NONE', *, *, #1920, .F. ) ;
#2481 = CARTESIAN_POINT ( 'NONE',  ( -11349.93198115551968, -1190.000000000000909, -960.0000000000002274 ) ) ;
#2482 = ORIENTED_EDGE ( 'NONE', *, *, #4888, .F. ) ;
#2483 = CARTESIAN_POINT ( 'NONE',  ( -13458.75177054179585, -732.4719190560189190, -589.9999999999970441 ) ) ;
#2484 = DIRECTION ( 'NONE',  ( 1.000000000000000000, 0.000000000000000000, 0.000000000000000000 ) ) ;
#2485 = FACE_OUTER_BOUND ( 'NONE', #831, .T. ) ;
#2486 = ORIENTED_EDGE ( 'NONE', *, *, #3167, .T. ) ;
#2487 = CARTESIAN_POINT ( 'NONE',  ( -14242.82243898500201, 696.5740269077374478, -766.7208309781528897 ) ) ;
#2488 = ORIENTED_EDGE ( 'NONE', *, *, #3479, .F. ) ;
#2489 = CARTESIAN_POINT ( 'NONE',  ( -14119.99999999999818, 814.9999999999972715, -517.7941176470590108 ) ) ;
#2490 = EDGE_CURVE ( 'NONE', #2919, #368, #832, .T. ) ;
#2491 = DIRECTION ( 'NONE',  ( 0.000000000000000000, 0.000000000000000000, 1.000000000000000000 ) ) ;
#2492 = ADVANCED_FACE ( 'NONE', ( #14 ), #3237, .T. ) ;
#2493 = CARTESIAN_POINT ( 'NONE',  ( -28350.00000000000000, 875.0000000000000000, -1060.000000000000000 ) ) ;
#2494 = EDGE_CURVE ( 'NONE', #3756, #3879, #2426, .T. ) ;
#2495 = EDGE_LOOP ( 'NONE', ( #924, #3187, #301, #1899 ) ) ;
#2496 = LINE ( 'NONE', #4944, #377 ) ;
#2497 = ORIENTED_EDGE ( 'NONE', *, *, #5004, .T. ) ;
#2498 = DIRECTION ( 'NONE',  ( 0.000000000000000000, 1.000000000000000000, 2.775557561563032853E-16 ) ) ;
#2499 = VERTEX_POINT ( 'NONE', #4040 ) ;
#2500 = CARTESIAN_POINT ( 'NONE',  ( -12100.00000000000182, 814.9999999999972715, -459.9999999999978968 ) ) ;
#2501 = DIRECTION ( 'NONE',  ( -1.000000000000000000, 0.000000000000000000, 0.000000000000000000 ) ) ;
#2502 = CIRCLE ( 'NONE', #4518, 277.7941176470602045 ) ;
#2503 = ORIENTED_EDGE ( 'NONE', *, *, #2749, .F. ) ;
#2504 = CARTESIAN_POINT ( 'NONE',  ( -12541.24822945820597, 1054.999999999997499, -589.9999999999964757 ) ) ;
#2505 = LINE ( 'NONE', #4931, #3362 ) ;
#2506 = FACE_OUTER_BOUND ( 'NONE', #2495, .T. ) ;
#2507 = EDGE_CURVE ( 'NONE', #2868, #4423, #4071, .T. ) ;
#2508 = CARTESIAN_POINT ( 'NONE',  ( -11411.43189860506209, 1077.499998843224375, -589.9999999999964757 ) ) ;
#2509 = EDGE_CURVE ( 'NONE', #1933, #701, #4801, .T. ) ;
#2510 = CARTESIAN_POINT ( 'NONE',  ( -18709.42746103936224, 1189.999999999998408, -751.1534819267457124 ) ) ;
#2511 = AXIS2_PLACEMENT_3D ( 'NONE', #4854, #1185, #2810 ) ;
#2512 = VERTEX_POINT ( 'NONE', #1273 ) ;
#2513 = DIRECTION ( 'NONE',  ( -0.000000000000000000, -1.000000000000000000, -2.775557561563032853E-16 ) ) ;
#2514 = VECTOR ( 'NONE', #4436, 1000.000000000000000 ) ;
#2515 = EDGE_LOOP ( 'NONE', ( #4450, #2823, #3696, #2607, #149, #1272, #2788, #4426 ) ) ;
#2516 = DIRECTION ( 'NONE',  ( -0.000000000000000000, -2.775557561563032853E-16, 1.000000000000000000 ) ) ;
#2517 = CARTESIAN_POINT ( 'NONE',  ( -10255.33188238365256, -814.9999999999974989, -589.9999999999970441 ) ) ;
#2518 = CARTESIAN_POINT ( 'NONE',  ( -12100.00000000000182, -1054.999999999997726, -459.9999999999984084 ) ) ;
#2519 = ORIENTED_EDGE ( 'NONE', *, *, #1353, .F. ) ;
#2520 = EDGE_CURVE ( 'NONE', #2253, #3166, #856, .T. ) ;
#2521 = DIRECTION ( 'NONE',  ( 3.132904478660053556E-17, -1.000000000000000000, 0.000000000000000000 ) ) ;
#2522 = ORIENTED_EDGE ( 'NONE', *, *, #2822, .T. ) ;
#2523 = DIRECTION ( 'NONE',  ( 0.000000000000000000, 3.301729611148416588E-16, -1.000000000000000000 ) ) ;
#2524 = CYLINDRICAL_SURFACE ( 'NONE', #1813, 460.0000000000000568 ) ;
#2525 = CIRCLE ( 'NONE', #4966, 6000.000000000000000 ) ;
#2526 = ORIENTED_EDGE ( 'NONE', *, *, #2490, .T. ) ;
#2527 = DIRECTION ( 'NONE',  ( 0.000000000000000000, -0.9854601157443478865, -0.1699069165076472210 ) ) ;
#2528 = CARTESIAN_POINT ( 'NONE',  ( -28350.00000000000000, 1189.999999999998408, -960.0000000000002274 ) ) ;
#2529 = EDGE_LOOP ( 'NONE', ( #1121, #2971, #2263, #2390 ) ) ;
#2530 = DIRECTION ( 'NONE',  ( -0.9848077530122093526, 0.000000000000000000, 0.1736481776669235033 ) ) ;
#2531 = ORIENTED_EDGE ( 'NONE', *, *, #5044, .F. ) ;
#2532 = CARTESIAN_POINT ( 'NONE',  ( -11349.93198115551968, 989.9999999999980673, -960.0000000000002274 ) ) ;
#2533 = EDGE_LOOP ( 'NONE', ( #5080, #2977, #4317, #3516 ) ) ;
#2534 = DIRECTION ( 'NONE',  ( -3.132904478660053556E-17, 1.000000000000000000, -0.000000000000000000 ) ) ;
#2535 = AXIS2_PLACEMENT_3D ( 'NONE', #1972, #802, #1164 ) ;
#2536 = LINE ( 'NONE', #171, #4975 ) ;
#2537 = AXIS2_PLACEMENT_3D ( 'NONE', #1889, #3437, #1452 ) ;
#2538 = EDGE_CURVE ( 'NONE', #3261, #4002, #854, .T. ) ;
#2539 = CARTESIAN_POINT ( 'NONE',  ( -11654.53873465198922, 697.6074941491493746, -574.9998243529000774 ) ) ;
#2540 = VECTOR ( 'NONE', #3665, 1000.000000000000000 ) ;
#2541 = EDGE_LOOP ( 'NONE', ( #1978, #1527, #1453, #1606, #2258, #3924, #2548, #2595, #173, #1857, #3857, #3667 ) ) ;
#2542 = FACE_OUTER_BOUND ( 'NONE', #4110, .T. ) ;
#2543 = AXIS2_PLACEMENT_3D ( 'NONE', #4999, #2949, #4182 ) ;
#2544 = ORIENTED_EDGE ( 'NONE', *, *, #1732, .T. ) ;
#2545 = FACE_OUTER_BOUND ( 'NONE', #3144, .T. ) ;
#2546 = FACE_OUTER_BOUND ( 'NONE', #961, .T. ) ;
#2547 = CIRCLE ( 'NONE', #4473, 1000.000000000000000 ) ;
#2548 = ORIENTED_EDGE ( 'NONE', *, *, #3104, .T. ) ;
#2549 = EDGE_CURVE ( 'NONE', #3760, #3345, #408, .T. ) ;
#2550 = CARTESIAN_POINT ( 'NONE',  ( -13899.99999999999818, -679.9999999999977263, -459.9999999999982947 ) ) ;
#2551 = VECTOR ( 'NONE', #867, 1000.000000000000000 ) ;
#2552 = ORIENTED_EDGE ( 'NONE', *, *, #167, .T. ) ;
#2553 = CYLINDRICAL_SURFACE ( 'NONE', #2869, 277.7941176470602045 ) ;
#2554 = CARTESIAN_POINT ( 'NONE',  ( -10255.33188238365256, 729.4021522441533989, -769.9999999999959073 ) ) ;
#2555 = EDGE_CURVE ( 'NONE', #1879, #4717, #4383, .T. ) ;
#2556 = VECTOR ( 'NONE', #3701, 1000.000000000000000 ) ;
#2557 = ORIENTED_EDGE ( 'NONE', *, *, #1795, .T. ) ;
#2558 = DIRECTION ( 'NONE',  ( -1.000000000000000000, 0.000000000000000000, 0.000000000000000000 ) ) ;
#2559 = LINE ( 'NONE', #605, #3802 ) ;
#2560 = VECTOR ( 'NONE', #2817, 1000.000000000000000 ) ;
#2561 = DIRECTION ( 'NONE',  ( 0.9848077530122092416, 0.000000000000000000, 0.1736481776669237531 ) ) ;
#2562 = ADVANCED_FACE ( 'NONE', ( #4461 ), #805, .F. ) ;
#2563 = LINE ( 'NONE', #3015, #4196 ) ;
#2564 = VECTOR ( 'NONE', #4958, 1000.000000000000000 ) ;
#2565 = CARTESIAN_POINT ( 'NONE',  ( -13555.71061244389966, -679.9999999999974989, -765.0652677973106393 ) ) ;
#2566 = EDGE_LOOP ( 'NONE', ( #2996, #3164, #4232, #4159 ) ) ;
#2567 = LINE ( 'NONE', #4171, #3570 ) ;
#2568 = DIRECTION ( 'NONE',  ( 0.000000000000000000, 0.000000000000000000, 1.000000000000000000 ) ) ;
#2569 = DIRECTION ( 'NONE',  ( 1.000000000000000000, -2.193033135062037489E-16, 1.908428413691174465E-16 ) ) ;
#2570 = ORIENTED_EDGE ( 'NONE', *, *, #4255, .F. ) ;
#2571 = DIRECTION ( 'NONE',  ( 0.000000000000000000, 1.000000000000000000, 2.775557561563032853E-16 ) ) ;
#2572 = DIRECTION ( 'NONE',  ( 1.000000000000000000, 0.000000000000000000, 0.000000000000000000 ) ) ;
#2573 = ADVANCED_FACE ( 'NONE', ( #4411 ), #1995, .F. ) ;
#2574 = ORIENTED_EDGE ( 'NONE', *, *, #5026, .T. ) ;
#2575 = LINE ( 'NONE', #3418, #3831 ) ;
#2576 = LINE ( 'NONE', #155, #50 ) ;
#2577 = EDGE_LOOP ( 'NONE', ( #10, #1501, #693, #1246 ) ) ;
#2578 = DIRECTION ( 'NONE',  ( 0.000000000000000000, -0.9950481186486287433, 0.09939437395458879110 ) ) ;
#2579 = ADVANCED_FACE ( 'NONE', ( #1191 ), #95, .T. ) ;
#2580 = ORIENTED_EDGE ( 'NONE', *, *, #3939, .F. ) ;
#2581 = PLANE ( 'NONE',  #3037 ) ;
#2582 = CARTESIAN_POINT ( 'NONE',  ( -13499.99999999999818, 1077.499998843224375, -589.9999999999964757 ) ) ;
#2583 = EDGE_CURVE ( 'NONE', #2512, #588, #2018, .T. ) ;
#2584 = VERTEX_POINT ( 'NONE', #2046 ) ;
#2585 = DIRECTION ( 'NONE',  ( 0.000000000000000000, 0.000000000000000000, -1.000000000000000000 ) ) ;
#2586 = CARTESIAN_POINT ( 'NONE',  ( -1950.000000000000682, -899.9999999999998863, -910.0000000000001137 ) ) ;
#2587 = ORIENTED_EDGE ( 'NONE', *, *, #1172, .F. ) ;
#2588 = CARTESIAN_POINT ( 'NONE',  ( -28350.00000000000000, -875.0000000000000000, -1060.000000000000000 ) ) ;
#2589 = ADVANCED_FACE ( 'NONE', ( #3284 ), #1299, .F. ) ;
#2590 = EDGE_CURVE ( 'NONE', #4090, #5166, #3272, .T. ) ;
#2591 = EDGE_LOOP ( 'NONE', ( #1106, #2482 ) ) ;
#2592 = DIRECTION ( 'NONE',  ( -1.000000000000000000, -3.132904478660053556E-17, 1.633773012826316475E-16 ) ) ;
#2593 = FACE_OUTER_BOUND ( 'NONE', #4484, .T. ) ;
#2594 = LINE ( 'NONE', #986, #1928 ) ;
#2595 = ORIENTED_EDGE ( 'NONE', *, *, #4446, .T. ) ;
#2596 = DIRECTION ( 'NONE',  ( 0.000000000000000000, -1.000000000000000000, 0.000000000000000000 ) ) ;
#2597 = DIRECTION ( 'NONE',  ( 0.000000000000000000, 0.000000000000000000, 1.000000000000000000 ) ) ;
#2598 = EDGE_CURVE ( 'NONE', #4005, #3392, #2978, .T. ) ;
#2599 = ORIENTED_EDGE ( 'NONE', *, *, #36, .T. ) ;
#2600 = CARTESIAN_POINT ( 'NONE',  ( -265.1845289799109082, -1190.000000000001592, -1503.936198047713333 ) ) ;
#2601 = PLANE ( 'NONE',  #2981 ) ;
#2602 = VECTOR ( 'NONE', #4195, 1000.000000000000000 ) ;
#2603 = DIRECTION ( 'NONE',  ( 0.000000000000000000, 0.000000000000000000, 1.000000000000000000 ) ) ;
#2604 = VERTEX_POINT ( 'NONE', #2203 ) ;
#2605 = AXIS2_PLACEMENT_3D ( 'NONE', #433, #3680, #1976 ) ;
#2606 = PLANE ( 'NONE',  #1296 ) ;
#2607 = ORIENTED_EDGE ( 'NONE', *, *, #2270, .F. ) ;
#2608 = LINE ( 'NONE', #239, #282 ) ;
#2609 = LINE ( 'NONE', #1001, #3151 ) ;
#2610 = ORIENTED_EDGE ( 'NONE', *, *, #4166, .T. ) ;
#2611 = EDGE_CURVE ( 'NONE', #2499, #456, #509, .T. ) ;
#2612 = FACE_OUTER_BOUND ( 'NONE', #3861, .T. ) ;
#2613 = PRODUCT_DEFINITION_SHAPE ( 'NONE', 'NONE',  #5183 ) ;
#2614 = CARTESIAN_POINT ( 'NONE',  ( -18041.95708484602073, 1189.999999999998408, -868.8465180732555382 ) ) ;
#2615 = DIRECTION ( 'NONE',  ( 1.000000000000000000, -0.000000000000000000, 0.000000000000000000 ) ) ;
#2616 = VERTEX_POINT ( 'NONE', #4091 ) ;
#2617 = FACE_OUTER_BOUND ( 'NONE', #2779, .T. ) ;
#2618 = DIRECTION ( 'NONE',  ( 0.000000000000000000, 0.000000000000000000, 1.000000000000000000 ) ) ;
#2619 = DIRECTION ( 'NONE',  ( -1.000000000000000000, 2.171636382548118065E-31, -7.824144642581933777E-16 ) ) ;
#2620 = EDGE_CURVE ( 'NONE', #3679, #3254, #2575, .T. ) ;
#2621 = ORIENTED_EDGE ( 'NONE', *, *, #578, .T. ) ;
#2622 = CARTESIAN_POINT ( 'NONE',  ( -11611.43189860506391, 1077.499998843224375, -589.9999999999964757 ) ) ;
#2623 = CIRCLE ( 'NONE', #1541, 277.7941176470602045 ) ;
#2624 = EDGE_LOOP ( 'NONE', ( #3401, #4226 ) ) ;
#2625 = CIRCLE ( 'NONE', #3296, 460.0000000000000000 ) ;
#2626 = CARTESIAN_POINT ( 'NONE',  ( -12320.00000000000000, -1077.499998843224375, -517.7941176470594655 ) ) ;
#2627 = CARTESIAN_POINT ( 'NONE',  ( -12444.28938755610034, 679.9999999999977263, -765.0652677973102982 ) ) ;
#2628 = AXIS2_PLACEMENT_3D ( 'NONE', #761, #1544, #710 ) ;
#2629 = ORIENTED_EDGE ( 'NONE', *, *, #1070, .T. ) ;
#2630 = AXIS2_PLACEMENT_3D ( 'NONE', #1339, #109, #2934 ) ;
#2631 = FACE_OUTER_BOUND ( 'NONE', #2301, .T. ) ;
#2632 = ORIENTED_EDGE ( 'NONE', *, *, #5083, .T. ) ;
#2633 = DIRECTION ( 'NONE',  ( 0.000000000000000000, 1.000000000000000000, 2.775557561563032853E-16 ) ) ;
#2634 = DIRECTION ( 'NONE',  ( -0.000000000000000000, 1.000000000000000000, -0.000000000000000000 ) ) ;
#2635 = VECTOR ( 'NONE', #597, 1000.000000000000000 ) ;
#2636 = ORIENTED_EDGE ( 'NONE', *, *, #1487, .F. ) ;
#2637 = VECTOR ( 'NONE', #1158, 1000.000000000000114 ) ;
#2638 = CARTESIAN_POINT ( 'NONE',  ( -13680.00000000000000, 814.9999999999972715, -517.7941176470590108 ) ) ;
#2639 = CIRCLE ( 'NONE', #4162, 460.0000000000001137 ) ;
#2640 = DIRECTION ( 'NONE',  ( 0.000000000000000000, 0.000000000000000000, 1.000000000000000000 ) ) ;
#2641 = DIRECTION ( 'NONE',  ( 0.000000000000000000, 0.000000000000000000, 1.000000000000000000 ) ) ;
#2642 = VECTOR ( 'NONE', #4670, 1000.000000000000000 ) ;
#2643 = EDGE_CURVE ( 'NONE', #4805, #4014, #1979, .T. ) ;
#2644 = VERTEX_POINT ( 'NONE', #569 ) ;
#2645 = FACE_OUTER_BOUND ( 'NONE', #2515, .T. ) ;
#2646 = CARTESIAN_POINT ( 'NONE',  ( -13975.00000000000182, 899.9999999999998863, -910.0000000000001137 ) ) ;
#2647 = EDGE_CURVE ( 'NONE', #2367, #1801, #596, .T. ) ;
#2648 = ORIENTED_EDGE ( 'NONE', *, *, #4117, .T. ) ;
#2649 = VECTOR ( 'NONE', #4219, 1000.000000000000000 ) ;
#2650 = ORIENTED_EDGE ( 'NONE', *, *, #1530, .T. ) ;
#2651 = CARTESIAN_POINT ( 'NONE',  ( -2825.068018844486232, 0.000000000000000000, -960.0000000000002274 ) ) ;
#2652 = ORIENTED_EDGE ( 'NONE', *, *, #3837, .T. ) ;
#2653 = CARTESIAN_POINT ( 'NONE',  ( -15744.66811761634744, -1077.499998843224375, -589.9999999999971578 ) ) ;
#2654 = CARTESIAN_POINT ( 'NONE',  ( -12541.24822945820597, 814.9999999999972715, -589.9999999999965894 ) ) ;
#2655 = CARTESIAN_POINT ( 'NONE',  ( -25524.93198115551422, 0.000000000000000000, 5040.000000000000000 ) ) ;
#2656 = VERTEX_POINT ( 'NONE', #1411 ) ;
#2657 = FACE_OUTER_BOUND ( 'NONE', #575, .T. ) ;
#2658 = LINE ( 'NONE', #4256, #132 ) ;
#2659 = EDGE_CURVE ( 'NONE', #2137, #2277, #1738, .T. ) ;
#2660 = ORIENTED_EDGE ( 'NONE', *, *, #4416, .F. ) ;
#2661 = EDGE_CURVE ( 'NONE', #2825, #1178, #903, .T. ) ;
#2662 = DIRECTION ( 'NONE',  ( 0.9848077530122092416, -3.085308620031094321E-17, -0.1736481776669234756 ) ) ;
#2663 = CARTESIAN_POINT ( 'NONE',  ( -14299.99999999999818, 1950.712458671872810, -589.9999999999963620 ) ) ;
#2664 = EDGE_LOOP ( 'NONE', ( #1534, #3607, #2769, #372 ) ) ;
#2665 = FACE_OUTER_BOUND ( 'NONE', #4794, .T. ) ;
#2666 = DIRECTION ( 'NONE',  ( -1.000000000000000000, -0.000000000000000000, -0.000000000000000000 ) ) ;
#2667 = LINE ( 'NONE', #1931, #2881 ) ;
#2668 = ORIENTED_EDGE ( 'NONE', *, *, #2590, .F. ) ;
#2669 = DIRECTION ( 'NONE',  ( -0.000000000000000000, -2.775557561563032853E-16, 1.000000000000000000 ) ) ;
#2670 = LINE ( 'NONE', #1914, #4378 ) ;
#2671 = ORIENTED_EDGE ( 'NONE', *, *, #2675, .T. ) ;
#2672 = VERTEX_POINT ( 'NONE', #154 ) ;
#2673 = ADVANCED_FACE ( 'NONE', ( #2545 ), #1382, .T. ) ;
#2674 = DIRECTION ( 'NONE',  ( 0.000000000000000000, -1.000000000000000000, 0.000000000000000000 ) ) ;
#2675 = EDGE_CURVE ( 'NONE', #4644, #3724, #1713, .T. ) ;
#2676 = ORIENTED_EDGE ( 'NONE', *, *, #894, .F. ) ;
#2677 = PLANE ( 'NONE',  #3812 ) ;
#2678 = CIRCLE ( 'NONE', #3351, 460.0000000000001137 ) ;
#2679 = CARTESIAN_POINT ( 'NONE',  ( -11700.00000000000182, -1950.712458671872810, -589.9999999999973852 ) ) ;
#2680 =( BOUNDED_CURVE ( )  B_SPLINE_CURVE ( 3, ( #2565, #2962, #4169, #610 ),
 .UNSPECIFIED., .F., .T. ) 
 B_SPLINE_CURVE_WITH_KNOTS ( ( 4, 4 ),
 ( 5.437455678617205024, 5.451881468827075139 ),
 .UNSPECIFIED. ) 
 CURVE ( )  GEOMETRIC_REPRESENTATION_ITEM ( )  RATIONAL_B_SPLINE_CURVE ( ( 1.000000000000000000, 0.9999826581232540423, 0.9999826581232540423, 1.000000000000000000 ) ) 
 REPRESENTATION_ITEM ( '' )  );
#2681 = ORIENTED_EDGE ( 'NONE', *, *, #1910, .F. ) ;
#2682 = CARTESIAN_POINT ( 'NONE',  ( -14241.34358727334438, -713.0416965694219016, -768.3657702387157542 ) ) ;
#2683 = CARTESIAN_POINT ( 'NONE',  ( -11880.00000000000182, -1077.499998843224603, -239.9999999999985505 ) ) ;
#2684 = AXIS2_PLACEMENT_3D ( 'NONE', #4118, #2125, #119 ) ;
#2685 = VERTEX_POINT ( 'NONE', #992 ) ;
#2686 = DIRECTION ( 'NONE',  ( 0.000000000000000000, 1.000000000000000000, 2.775557561563032853E-16 ) ) ;
#2687 = LINE ( 'NONE', #4285, #1484 ) ;
#2688 = ORIENTED_EDGE ( 'NONE', *, *, #3515, .T. ) ;
#2689 = EDGE_CURVE ( 'NONE', #2443, #2644, #3327, .T. ) ;
#2690 = AXIS2_PLACEMENT_3D ( 'NONE', #4266, #1832, #3039 ) ;
#2691 = VECTOR ( 'NONE', #178, 1000.000000000000000 ) ;
#2692 = PLANE ( 'NONE',  #3807 ) ;
#2693 = DIRECTION ( 'NONE',  ( -1.000000000000000000, -1.085818191274059690E-31, 3.912072321290969353E-16 ) ) ;
#2694 = FACE_OUTER_BOUND ( 'NONE', #1304, .T. ) ;
#2695 = ORIENTED_EDGE ( 'NONE', *, *, #4734, .F. ) ;
#2696 = ORIENTED_EDGE ( 'NONE', *, *, #167, .F. ) ;
#2697 = FACE_OUTER_BOUND ( 'NONE', #3257, .T. ) ;
#2698 = DIRECTION ( 'NONE',  ( 1.000000000000000000, -3.132904478660053556E-17, 1.908428413691174465E-16 ) ) ;
#2699 = EDGE_LOOP ( 'NONE', ( #48, #2431, #3333, #2377 ) ) ;
#2700 = ORIENTED_EDGE ( 'NONE', *, *, #2021, .F. ) ;
#2701 = LINE ( 'NONE', #2368, #2637 ) ;
#2702 = ORIENTED_EDGE ( 'NONE', *, *, #3354, .T. ) ;
#2703 = DIRECTION ( 'NONE',  ( -1.000000000000000000, -3.132904478660053556E-17, 1.908428413691174465E-16 ) ) ;
#2704 = ADVANCED_FACE ( 'NONE', ( #4941 ), #3366, .F. ) ;
#2705 = CARTESIAN_POINT ( 'NONE',  ( -28966.79486355017070, -875.0000000000000000, -1060.000000000000000 ) ) ;
#2706 = ORIENTED_EDGE ( 'NONE', *, *, #4212, .F. ) ;
#2707 = AXIS2_PLACEMENT_3D ( 'NONE', #552, #3082, #892 ) ;
#2708 = AXIS2_PLACEMENT_3D ( 'NONE', #4871, #4819, #3163 ) ;
#2709 = DIRECTION ( 'NONE',  ( 1.000000000000000000, -0.000000000000000000, 0.000000000000000000 ) ) ;
#2710 = ORIENTED_EDGE ( 'NONE', *, *, #3354, .F. ) ;
#2711 = DIRECTION ( 'NONE',  ( 0.000000000000000000, 2.775557561563032853E-16, -1.000000000000000000 ) ) ;
#2712 = CARTESIAN_POINT ( 'NONE',  ( -12500.00000000000182, -814.9999999999974989, -589.9999999999970441 ) ) ;
#2713 = VECTOR ( 'NONE', #1044, 1000.000000000000000 ) ;
#2714 = ADVANCED_FACE ( 'NONE', ( #4542 ), #4573, .F. ) ;
#2715 = VERTEX_POINT ( 'NONE', #621 ) ;
#2716 = CIRCLE ( 'NONE', #4733, 6000.000000000000000 ) ;
#2717 = CIRCLE ( 'NONE', #465, 277.7941176470602045 ) ;
#2718 = AXIS2_PLACEMENT_3D ( 'NONE', #2456, #4009, #1210 ) ;
#2719 = CARTESIAN_POINT ( 'NONE',  ( -15744.66811761634744, -814.9999999999974989, -589.9999999999970441 ) ) ;
#2720 = CARTESIAN_POINT ( 'NONE',  ( -11755.71061244390148, 679.9999999999977263, -765.0652677973101845 ) ) ;
#2721 = AXIS2_PLACEMENT_3D ( 'NONE', #4503, #3983, #400 ) ;
#2722 = EDGE_CURVE ( 'NONE', #3913, #1879, #2502, .T. ) ;
#2723 = ORIENTED_EDGE ( 'NONE', *, *, #1197, .T. ) ;
#2724 = DIRECTION ( 'NONE',  ( 0.000000000000000000, -1.000000000000000000, 0.000000000000000000 ) ) ;
#2725 = CARTESIAN_POINT ( 'NONE',  ( -5576.316527040903566, -1190.000000000001592, -660.0000000000007958 ) ) ;
#2726 = EDGE_CURVE ( 'NONE', #1771, #611, #2127, .T. ) ;
#2727 = VERTEX_POINT ( 'NONE', #1767 ) ;
#2728 = DIRECTION ( 'NONE',  ( -1.000000000000000000, 2.171636382548118065E-31, -7.824144642581933777E-16 ) ) ;
#2729 = CARTESIAN_POINT ( 'NONE',  ( -14119.99999999999818, 1077.499998843224148, -239.9999999999978684 ) ) ;
#2730 = CARTESIAN_POINT ( 'NONE',  ( -14175.00000000000000, 1189.999999999997954, -960.0000000000002274 ) ) ;
#2731 = AXIS2_PLACEMENT_3D ( 'NONE', #602, #4550, #5024 ) ;
#2732 = DIRECTION ( 'NONE',  ( 0.000000000000000000, 0.000000000000000000, -1.000000000000000000 ) ) ;
#2733 = VERTEX_POINT ( 'NONE', #3763 ) ;
#2734 = FACE_OUTER_BOUND ( 'NONE', #4614, .T. ) ;
#2735 = EDGE_CURVE ( 'NONE', #405, #1593, #2678, .T. ) ;
#2736 = DIRECTION ( 'NONE',  ( 0.000000000000000000, 0.000000000000000000, 1.000000000000000000 ) ) ;
#2737 = ORIENTED_EDGE ( 'NONE', *, *, #2538, .T. ) ;
#2738 = CYLINDRICAL_SURFACE ( 'NONE', #4617, 277.7941176470602045 ) ;
#2739 = LINE ( 'NONE', #4335, #1727 ) ;
#2740 = ORIENTED_EDGE ( 'NONE', *, *, #1101, .F. ) ;
#2741 = EDGE_CURVE ( 'NONE', #1789, #3738, #4597, .T. ) ;
#2742 = EDGE_CURVE ( 'NONE', #2249, #5155, #3918, .T. ) ;
#2743 = DIRECTION ( 'NONE',  ( 1.000000000000000000, 0.000000000000000000, -0.000000000000000000 ) ) ;
#2744 = CARTESIAN_POINT ( 'NONE',  ( -11758.65641272665380, 713.0416965694206510, -768.3657702387152995 ) ) ;
#2745 = ORIENTED_EDGE ( 'NONE', *, *, #2583, .T. ) ;
#2746 = DIRECTION ( 'NONE',  ( 0.000000000000000000, -0.9854601157443478865, -0.1699069165076472210 ) ) ;
#2747 = CARTESIAN_POINT ( 'NONE',  ( -14388.56810139493609, 1077.499998843224375, -769.9999999999957936 ) ) ;
#2748 = VERTEX_POINT ( 'NONE', #3862 ) ;
#2749 = EDGE_CURVE ( 'NONE', #3927, #207, #3077, .T. ) ;
#2750 = EDGE_CURVE ( 'NONE', #3738, #3822, #3840, .T. ) ;
#2751 = CARTESIAN_POINT ( 'NONE',  ( -22773.68347295909916, 1189.999999999998408, -660.0000000000007958 ) ) ;
#2752 = VERTEX_POINT ( 'NONE', #4677 ) ;
#2753 = CARTESIAN_POINT ( 'NONE',  ( -8598.683472959097344, 1189.999999999998408, -660.0000000000002274 ) ) ;
#2754 = DIRECTION ( 'NONE',  ( 0.000000000000000000, -1.000000000000000000, -0.000000000000000000 ) ) ;
#2755 = VERTEX_POINT ( 'NONE', #4722 ) ;
#2756 = DIRECTION ( 'NONE',  ( 0.000000000000000000, -1.000000000000000000, -2.249385511977649118E-16 ) ) ;
#2757 = FILL_AREA_STYLE ('',( #1662 ) ) ;
#2758 = ORIENTED_EDGE ( 'NONE', *, *, #1188, .T. ) ;
#2759 = LINE ( 'NONE', #4731, #5045 ) ;
#2760 = CARTESIAN_POINT ( 'NONE',  ( -10308.04291515397927, 1189.999999999998408, -868.8465180732555382 ) ) ;
#2761 = ORIENTED_EDGE ( 'NONE', *, *, #2190, .F. ) ;
#2762 = EDGE_CURVE ( 'NONE', #2727, #1224, #2280, .T. ) ;
#2763 = AXIS2_PLACEMENT_3D ( 'NONE', #2861, #3170, #428 ) ;
#2764 = ADVANCED_FACE ( 'NONE', ( #1897 ), #4649, .F. ) ;
#2765 = CARTESIAN_POINT ( 'NONE',  ( -12500.00000000000182, 1077.499998843224148, -306.2059048389983218 ) ) ;
#2766 = AXIS2_PLACEMENT_3D ( 'NONE', #1247, #5175, #2405 ) ;
#2767 = FACE_OUTER_BOUND ( 'NONE', #889, .T. ) ;
#2768 = ITEM_DEFINED_TRANSFORMATION ( 'NONE', 'NONE', #2413,  #3523 ) ;
#2769 = ORIENTED_EDGE ( 'NONE', *, *, #1449, .T. ) ;
#2770 = CARTESIAN_POINT ( 'NONE',  ( -11654.53873465198922, -697.6074941491493746, -574.9998243529005322 ) ) ;
#2771 = LINE ( 'NONE', #3981, #4551 ) ;
#2772 = VERTEX_POINT ( 'NONE', #2326 ) ;
#2773 = DIRECTION ( 'NONE',  ( 1.000000000000000000, -0.000000000000000000, -0.000000000000000000 ) ) ;
#2774 = CARTESIAN_POINT ( 'NONE',  ( -19751.31652704090448, 989.9999999999981810, -660.0000000000002274 ) ) ;
#2775 = FACE_BOUND ( 'NONE', #4897, .T. ) ;
#2776 = EDGE_CURVE ( 'NONE', #2250, #3250, #2308, .T. ) ;
#2777 = AXIS2_PLACEMENT_3D ( 'NONE', #5048, #3530, #736 ) ;
#2778 = DIRECTION ( 'NONE',  ( -1.000000000000000000, -0.000000000000000000, -0.000000000000000000 ) ) ;
#2779 = EDGE_LOOP ( 'NONE', ( #905, #4301, #1685, #1330, #5032, #4039, #2884, #2216 ) ) ;
#2780 = CARTESIAN_POINT ( 'NONE',  ( -26400.00000000000364, -899.9999999999998863, -910.0000000000001137 ) ) ;
#2781 = ORIENTED_EDGE ( 'NONE', *, *, #3197, .F. ) ;
#2782 = CARTESIAN_POINT ( 'NONE',  ( -13499.99999999999818, -814.9999999999974989, -306.2059048389988902 ) ) ;
#2783 = EDGE_CURVE ( 'NONE', #1013, #1360, #3520, .T. ) ;
#2784 = DIRECTION ( 'NONE',  ( -1.000000000000000000, 0.000000000000000000, -0.000000000000000000 ) ) ;
#2785 = EDGE_CURVE ( 'NONE', #4588, #4387, #4251, .T. ) ;
#2786 = DIRECTION ( 'NONE',  ( 0.000000000000000000, 1.000000000000000000, 3.301729611148416588E-16 ) ) ;
#2787 = EDGE_CURVE ( 'NONE', #766, #3115, #1532, .T. ) ;
#2788 = ORIENTED_EDGE ( 'NONE', *, *, #4108, .F. ) ;
#2789 = CYLINDRICAL_SURFACE ( 'NONE', #1863, 5999.999999999999091 ) ;
#2790 = VECTOR ( 'NONE', #4254, 1000.000000000000000 ) ;
#2791 = VECTOR ( 'NONE', #247, 1000.000000000000000 ) ;
#2792 = AXIS2_PLACEMENT_3D ( 'NONE', #1128, #2340, #3159 ) ;
#2793 = DIRECTION ( 'NONE',  ( 0.000000000000000000, -0.9854601157443478865, 0.1699069165076472210 ) ) ;
#2794 = LINE ( 'NONE', #82, #4136 ) ;
#2795 = AXIS2_PLACEMENT_3D ( 'NONE', #2638, #320, #659 ) ;
#2796 = EDGE_CURVE ( 'NONE', #3115, #4177, #1068, .T. ) ;
#2797 = VERTEX_POINT ( 'NONE', #3098 ) ;
#2798 = LINE ( 'NONE', #3980, #318 ) ;
#2799 = PLANE ( 'NONE',  #707 ) ;
#2800 = VECTOR ( 'NONE', #4073, 1000.000000000000000 ) ;
#2801 = VECTOR ( 'NONE', #3150, 1000.000000000000000 ) ;
#2802 = EDGE_LOOP ( 'NONE', ( #2095, #3245, #2209, #5148 ) ) ;
#2803 = DIRECTION ( 'NONE',  ( -2.193033135062037489E-16, -1.000000000000000000, -0.000000000000000000 ) ) ;
#2804 = ADVANCED_FACE ( 'NONE', ( #3123 ), #354, .T. ) ;
#2805 = VERTEX_POINT ( 'NONE', #1868 ) ;
#2806 = DIRECTION ( 'NONE',  ( -1.000000000000000000, -2.220446049250312341E-16, 2.664535259100374908E-15 ) ) ;
#2807 = EDGE_CURVE ( 'NONE', #777, #3109, #3495, .T. ) ;
#2808 = CARTESIAN_POINT ( 'NONE',  ( -11411.43189860506209, 278.9021535255452022, -725.0000000000052296 ) ) ;
#2809 = VECTOR ( 'NONE', #828, 1000.000000000000114 ) ;
#2810 = DIRECTION ( 'NONE',  ( -1.000000000000000000, 0.000000000000000000, 0.000000000000000000 ) ) ;
#2811 = ORIENTED_EDGE ( 'NONE', *, *, #4115, .T. ) ;
#2812 = CARTESIAN_POINT ( 'NONE',  ( -2350.000000000000455, 800.0000000000000000, -910.0000000000001137 ) ) ;
#2813 = SURFACE_STYLE_FILL_AREA ( #1216 ) ;
#2814 = EDGE_LOOP ( 'NONE', ( #3417, #2557, #4080, #4278, #1006 ) ) ;
#2815 = VECTOR ( 'NONE', #2213, 1000.000000000000000 ) ;
#2816 = CARTESIAN_POINT ( 'NONE',  ( -14299.99999999999818, 814.9999999999972715, -589.9999999999965894 ) ) ;
#2817 = DIRECTION ( 'NONE',  ( 0.000000000000000000, -1.000000000000000000, -2.775557561563032853E-16 ) ) ;
#2818 = CARTESIAN_POINT ( 'NONE',  ( -19751.31652704090448, 1189.999999999998408, -660.0000000000002274 ) ) ;
#2819 = ORIENTED_EDGE ( 'NONE', *, *, #1564, .T. ) ;
#2820 = VECTOR ( 'NONE', #4293, 1000.000000000000000 ) ;
#2821 = ADVANCED_FACE ( 'NONE', ( #1092 ), #2677, .F. ) ;
#2822 = EDGE_CURVE ( 'NONE', #3469, #755, #2717, .T. ) ;
#2823 = ORIENTED_EDGE ( 'NONE', *, *, #3900, .F. ) ;
#2824 = CARTESIAN_POINT ( 'NONE',  ( -3866.957084846028920, 1189.999999999998408, -868.8465180732545150 ) ) ;
#2825 = VERTEX_POINT ( 'NONE', #646 ) ;
#2826 = CARTESIAN_POINT ( 'NONE',  ( -380.0000000000000000, 875.0000000000000000, -1060.000000000000000 ) ) ;
#2827 = DIRECTION ( 'NONE',  ( 7.824144642581933777E-16, -2.775557561563032853E-16, 1.000000000000000000 ) ) ;
#2828 = AXIS2_PLACEMENT_3D ( 'NONE', #5130, #287, #1906 ) ;
#2829 = PRODUCT_RELATED_PRODUCT_CATEGORY ( 'part', '', ( #3415 ) ) ;
#2830 = ORIENTED_EDGE ( 'NONE', *, *, #681, .F. ) ;
#2831 = CARTESIAN_POINT ( 'NONE',  ( -14119.99999999999818, -1077.499998843224603, -239.9999999999985505 ) ) ;
#2832 = ORIENTED_EDGE ( 'NONE', *, *, #566, .T. ) ;
#2833 = CARTESIAN_POINT ( 'NONE',  ( -15744.66811761634744, 1077.499998843224375, -589.9999999999964757 ) ) ;
#2834 = ORIENTED_EDGE ( 'NONE', *, *, #1052, .F. ) ;
#2835 = CARTESIAN_POINT ( 'NONE',  ( -14119.99999999999818, -1950.712458671872810, -517.7941176470596929 ) ) ;
#2836 = CARTESIAN_POINT ( 'NONE',  ( -26400.00000000000364, 1189.999999999998408, -960.0000000000002274 ) ) ;
#2837 = ADVANCED_FACE ( 'NONE', ( #1114 ), #5068, .F. ) ;
#2838 = CYLINDRICAL_SURFACE ( 'NONE', #1023, 5999.999999999999091 ) ;
#2839 = ORIENTED_EDGE ( 'NONE', *, *, #1528, .F. ) ;
#2840 = DIRECTION ( 'NONE',  ( 1.000000000000000000, 0.000000000000000000, 0.000000000000000000 ) ) ;
#2841 = EDGE_CURVE ( 'NONE', #4286, #4805, #305, .T. ) ;
#2842 = VERTEX_POINT ( 'NONE', #2774 ) ;
#2843 = CARTESIAN_POINT ( 'NONE',  ( -14388.56810139493609, -877.4999988432243754, -755.0854464784853235 ) ) ;
#2844 = DIRECTION ( 'NONE',  ( 0.000000000000000000, -2.775557561563032853E-16, 1.000000000000000000 ) ) ;
#2845 = DIRECTION ( 'NONE',  ( 0.000000000000000000, 1.000000000000000000, 5.551115123125784674E-16 ) ) ;
#2846 = ORIENTED_EDGE ( 'NONE', *, *, #3347, .F. ) ;
#2847 = DIRECTION ( 'NONE',  ( -3.132904478660053556E-17, -1.000000000000000000, 0.000000000000000000 ) ) ;
#2848 = EDGE_CURVE ( 'NONE', #4286, #4261, #3567, .T. ) ;
#2849 = ORIENTED_EDGE ( 'NONE', *, *, #3634, .T. ) ;
#2850 = DIRECTION ( 'NONE',  ( 0.000000000000000000, -1.000000000000000000, -5.551115123125784674E-16 ) ) ;
#2851 = LINE ( 'NONE', #495, #2294 ) ;
#2852 = ORIENTED_EDGE ( 'NONE', *, *, #3299, .T. ) ;
#2853 = CARTESIAN_POINT ( 'NONE',  ( -13000.00000000000000, -229.9999999211528348, -725.0000000000050022 ) ) ;
#2854 = PRODUCT_DEFINITION_CONTEXT ( 'detailed design', #3685, 'design' ) ;
#2855 = EDGE_LOOP ( 'NONE', ( #3883, #2090, #78, #3884 ) ) ;
#2856 = CARTESIAN_POINT ( 'NONE',  ( -25524.93198115551422, -1189.999999999999091, 5040.000000000000000 ) ) ;
#2857 = CLOSED_SHELL ( 'NONE', ( #1858, #1340, #61, #2579, #3711, #1371, #1668, #295, #3959, #1194, #2383, #615, #5147, #2714, #441, #1950, #4098, #4903, #5159, #3783, #1949, #2821, #996, #2562, #4792, #5035, #957, #2573, #2918, #4902, #3047, #3199, #1478, #2206, #1980, #4853, #3755, #2409, #184, #1841, #4353, #2108, #4262, #4710, #4696, #202, #3287, #124, #3128, #4421, #3190, #1937, #4611, #4682, #2479, #1119, #1515, #556, #1184, #4669, #4723, #2961, #516, #2837, #1419, #901, #2330, #3185, #4437, #5085, #3971, #3661, #2428, #1254, #1881, #92, #1861, #2051, #4925, #3013, #1004, #1440, #1186, #3154 ) ) ;
#2858 = ORIENTED_EDGE ( 'NONE', *, *, #4612, .F. ) ;
#2859 = LINE ( 'NONE', #4454, #4754 ) ;
#2860 = DIRECTION ( 'NONE',  ( -1.000000000000000000, 0.000000000000000000, 0.000000000000000000 ) ) ;
#2861 = CARTESIAN_POINT ( 'NONE',  ( -13899.99999999999818, -679.9999999999977263, -459.9999999999982947 ) ) ;
#2862 = EDGE_LOOP ( 'NONE', ( #4947, #2073, #1689, #1690 ) ) ;
#2863 = DIRECTION ( 'NONE',  ( -1.000000000000000000, 3.700743415417188263E-17, 0.000000000000000000 ) ) ;
#2864 = ORIENTED_EDGE ( 'NONE', *, *, #959, .F. ) ;
#2865 = DIRECTION ( 'NONE',  ( -7.824144642581933777E-16, -2.775557561563032853E-16, 1.000000000000000000 ) ) ;
#2866 = DIRECTION ( 'NONE',  ( 0.000000000000000000, 0.000000000000000000, -1.000000000000000000 ) ) ;
#2867 = FACE_OUTER_BOUND ( 'NONE', #1531, .T. ) ;
#2868 = VERTEX_POINT ( 'NONE', #5168 ) ;
#2869 = AXIS2_PLACEMENT_3D ( 'NONE', #1825, #2633, #2928 ) ;
#2870 = EDGE_CURVE ( 'NONE', #2903, #2797, #1957, .T. ) ;
#2871 = EDGE_LOOP ( 'NONE', ( #3712, #2065, #4511, #4817, #3742, #551, #4330, #381, #3624, #949, #2552, #145, #1506, #525 ) ) ;
#2872 = CARTESIAN_POINT ( 'NONE',  ( -12541.24822945820415, -732.4719190560189190, -589.9999999999970441 ) ) ;
#2873 = EDGE_CURVE ( 'NONE', #1229, #3738, #4500, .T. ) ;
#2874 = VERTEX_POINT ( 'NONE', #3650 ) ;
#2875 = DIRECTION ( 'NONE',  ( -1.000000000000000000, 0.000000000000000000, 0.000000000000000000 ) ) ;
#2876 = PLANE ( 'NONE',  #374 ) ;
#2877 = AXIS2_PLACEMENT_3D ( 'NONE', #2826, #3608, #1591 ) ;
#2878 = EDGE_CURVE ( 'NONE', #207, #4763, #2455, .T. ) ;
#2879 = VECTOR ( 'NONE', #896, 1000.000000000000000 ) ;
#2880 = ORIENTED_EDGE ( 'NONE', *, *, #157, .T. ) ;
#2881 = VECTOR ( 'NONE', #4243, 999.9999999999998863 ) ;
#2882 = DIRECTION ( 'NONE',  ( 0.000000000000000000, 0.1402661271484180183, 0.9901138386947149206 ) ) ;
#2883 = AXIS2_PLACEMENT_3D ( 'NONE', #3377, #4584, #2142 ) ;
#2884 = ORIENTED_EDGE ( 'NONE', *, *, #38, .F. ) ;
#2885 = AXIS2_PLACEMENT_3D ( 'NONE', #32, #378, #1967 ) ;
#2886 = LINE ( 'NONE', #4479, #1311 ) ;
#2887 = EDGE_CURVE ( 'NONE', #3166, #1974, #2241, .T. ) ;
#2888 = CIRCLE ( 'NONE', #1962, 460.0000000000001137 ) ;
#2889 = EDGE_CURVE ( 'NONE', #2907, #4261, #1264, .T. ) ;
#2890 = VECTOR ( 'NONE', #68, 1000.000000000000000 ) ;
#2891 = LINE ( 'NONE', #4481, #1318 ) ;
#2892 = CARTESIAN_POINT ( 'NONE',  ( -14588.56810139493791, 729.4021522441533989, -769.9999999999959073 ) ) ;
#2893 = DIRECTION ( 'NONE',  ( 0.000000000000000000, 1.000000000000000000, 3.301729611148416588E-16 ) ) ;
#2894 = VERTEX_POINT ( 'NONE', #1579 ) ;
#2895 = CIRCLE ( 'NONE', #2369, 199.9999999999999432 ) ;
#2896 = CARTESIAN_POINT ( 'NONE',  ( -13560.14709064066847, -814.9999999999972715, -769.9999999999964757 ) ) ;
#2897 = ORIENTED_EDGE ( 'NONE', *, *, #2887, .T. ) ;
#2898 = AXIS2_PLACEMENT_3D ( 'NONE', #1866, #3096, #4274 ) ;
#2899 = DIRECTION ( 'NONE',  ( 0.000000000000000000, 1.000000000000000000, 2.775557561563032853E-16 ) ) ;
#2900 = CIRCLE ( 'NONE', #729, 79.99999999999995737 ) ;
#2901 = CARTESIAN_POINT ( 'NONE',  ( -11411.43189860506209, -732.4719190560189190, -589.9999999999970441 ) ) ;
#2902 = CARTESIAN_POINT ( 'NONE',  ( -14175.00000000000000, -1190.000000000001592, -960.0000000000002274 ) ) ;
#2903 = VERTEX_POINT ( 'NONE', #4768 ) ;
#2904 = ORIENTED_EDGE ( 'NONE', *, *, #1172, .T. ) ;
#2905 = CARTESIAN_POINT ( 'NONE',  ( -13000.00000000000000, 4.163336342343557632E-15, -725.0000000000050022 ) ) ;
#2906 = CONICAL_SURFACE ( 'NONE', #649, 229.9999999211528348, 0.5235987755979351066 ) ;
#2907 = VERTEX_POINT ( 'NONE', #2753 ) ;
#2908 = ADVANCED_FACE ( 'NONE', ( #2371 ), #87, .T. ) ;
#2909 = LINE ( 'NONE', #281, #2790 ) ;
#2910 = DIRECTION ( 'NONE',  ( -0.000000000000000000, -1.000000000000000000, -2.249385511977649118E-16 ) ) ;
#2911 = VERTEX_POINT ( 'NONE', #796 ) ;
#2912 = DIRECTION ( 'NONE',  ( -1.000000000000000000, 0.000000000000000000, 0.000000000000000000 ) ) ;
#2913 = LINE ( 'NONE', #2614, #3533 ) ;
#2914 = FACE_OUTER_BOUND ( 'NONE', #2273, .T. ) ;
#2915 = ORIENTED_EDGE ( 'NONE', *, *, #1218, .T. ) ;
#2916 = CARTESIAN_POINT ( 'NONE',  ( -5576.316527040904475, 1189.999999999998181, -6660.000000000000909 ) ) ;
#2917 = CYLINDRICAL_SURFACE ( 'NONE', #3887, 79.99999999999995737 ) ;
#2918 = ADVANCED_FACE ( 'NONE', ( #1657 ), #4347, .T. ) ;
#2919 = VERTEX_POINT ( 'NONE', #3168 ) ;
#2920 = DIRECTION ( 'NONE',  ( -1.000000000000000000, 0.000000000000000000, 0.000000000000000000 ) ) ;
#2921 = CARTESIAN_POINT ( 'NONE',  ( -13200.00000000000364, -4.163336342343557632E-15, -1.110223024625156540E-13 ) ) ;
#2922 = ORIENTED_EDGE ( 'NONE', *, *, #3104, .F. ) ;
#2923 = CARTESIAN_POINT ( 'NONE',  ( -11411.43189860506209, -877.4999988432243754, -589.9999999999970441 ) ) ;
#2924 = DIRECTION ( 'NONE',  ( 3.912072321290969353E-16, 2.775557561563032853E-16, -1.000000000000000000 ) ) ;
#2925 = ORIENTED_EDGE ( 'NONE', *, *, #3267, .T. ) ;
#2926 = DIRECTION ( 'NONE',  ( 0.000000000000000000, 0.000000000000000000, 1.000000000000000000 ) ) ;
#2927 = VERTEX_POINT ( 'NONE', #1161 ) ;
#2928 = DIRECTION ( 'NONE',  ( -1.000000000000000000, 0.000000000000000000, 0.000000000000000000 ) ) ;
#2929 = DIRECTION ( 'NONE',  ( 0.000000000000000000, 0.000000000000000000, 1.000000000000000000 ) ) ;
#2930 = VERTEX_POINT ( 'NONE', #3985 ) ;
#2931 = VECTOR ( 'NONE', #4827, 1000.000000000000000 ) ;
#2932 = CARTESIAN_POINT ( 'NONE',  ( -10255.33188238365256, 814.9999999999972715, -589.9999999999965894 ) ) ;
#2933 = ORIENTED_EDGE ( 'NONE', *, *, #4928, .F. ) ;
#2934 = DIRECTION ( 'NONE',  ( 0.000000000000000000, 1.000000000000000000, 2.220446049250313081E-16 ) ) ;
#2935 = ORIENTED_EDGE ( 'NONE', *, *, #5017, .F. ) ;
#2936 = LINE ( 'NONE', #192, #3225 ) ;
#2937 = ORIENTED_EDGE ( 'NONE', *, *, #288, .T. ) ;
#2938 = VERTEX_POINT ( 'NONE', #1679 ) ;
#2939 = PLANE ( 'NONE',  #153 ) ;
#2940 = CARTESIAN_POINT ( 'NONE',  ( -15744.66811761634744, 1077.499998843224375, -589.9999999999964757 ) ) ;
#2941 = ORIENTED_EDGE ( 'NONE', *, *, #1693, .T. ) ;
#2942 = DIRECTION ( 'NONE',  ( -0.000000000000000000, 1.000000000000000000, 2.249385511977649118E-16 ) ) ;
#2943 = PRODUCT_CONTEXT ( 'NONE', #3279, 'mechanical' ) ;
#2944 = EDGE_LOOP ( 'NONE', ( #4076, #4878 ) ) ;
#2945 = DIRECTION ( 'NONE',  ( 1.000000000000000000, -3.132904478660053556E-17, -0.000000000000000000 ) ) ;
#2946 = LINE ( 'NONE', #1041, #2635 ) ;
#2947 = CARTESIAN_POINT ( 'NONE',  ( -11880.00000000000182, 814.9999999999972715, -517.7941176470590108 ) ) ;
#2948 = ORIENTED_EDGE ( 'NONE', *, *, #4565, .T. ) ;
#2949 = DIRECTION ( 'NONE',  ( 0.000000000000000000, -1.000000000000000000, -2.249385511977649118E-16 ) ) ;
#2950 = ORIENTED_EDGE ( 'NONE', *, *, #4430, .T. ) ;
#2951 = DIRECTION ( 'NONE',  ( -1.000000000000000000, -0.000000000000000000, 0.000000000000000000 ) ) ;
#2952 = DIRECTION ( 'NONE',  ( 0.000000000000000000, 0.000000000000000000, 1.000000000000000000 ) ) ;
#2953 = EDGE_CURVE ( 'NONE', #2604, #1508, #2859, .T. ) ;
#2954 = VECTOR ( 'NONE', #3631, 1000.000000000000000 ) ;
#2955 = VERTEX_POINT ( 'NONE', #845 ) ;
#2956 = CARTESIAN_POINT ( 'NONE',  ( -12100.00000000000182, -814.9999999999976126, 1.831867990631508292E-12 ) ) ;
#2957 = CARTESIAN_POINT ( 'NONE',  ( -13499.99999999999818, -1077.499998843224603, -306.2059048389990039 ) ) ;
#2958 = LINE ( 'NONE', #608, #2295 ) ;
#2959 = LINE ( 'NONE', #635, #4702 ) ;
#2960 = VECTOR ( 'NONE', #1647, 1000.000000000000000 ) ;
#2961 = ADVANCED_FACE ( 'NONE', ( #3618 ), #4747, .F. ) ;
#2962 = CARTESIAN_POINT ( 'NONE',  ( -13557.17756101499617, -696.5740269077365383, -766.7208309781531170 ) ) ;
#2963 = AXIS2_PLACEMENT_3D ( 'NONE', #4004, #1652, #2366 ) ;
#2964 = ORIENTED_EDGE ( 'NONE', *, *, #2972, .F. ) ;
#2965 = CARTESIAN_POINT ( 'NONE',  ( -28350.00000000000000, -875.0000000000000000, -1140.000000000000227 ) ) ;
#2966 = VECTOR ( 'NONE', #2353, 1000.000000000000000 ) ;
#2967 = CARTESIAN_POINT ( 'NONE',  ( -28084.81547102009063, 1189.999999999998408, -1503.936198047713333 ) ) ;
#2968 = VECTOR ( 'NONE', #5102, 1000.000000000000000 ) ;
#2969 = CARTESIAN_POINT ( 'NONE',  ( -14375.00000000000364, -1190.000000000001592, -960.0000000000002274 ) ) ;
#2970 = VECTOR ( 'NONE', #4738, 1000.000000000000000 ) ;
#2971 = ORIENTED_EDGE ( 'NONE', *, *, #4152, .T. ) ;
#2972 = EDGE_CURVE ( 'NONE', #241, #2930, #3137, .T. ) ;
#2973 = CYLINDRICAL_SURFACE ( 'NONE', #733, 277.7941176470602045 ) ;
#2974 = AXIS2_PLACEMENT_3D ( 'NONE', #2550, #4158, #4969 ) ;
#2975 = ADVANCED_FACE ( 'NONE', ( #1182 ), #402, .F. ) ;
#2976 = DIRECTION ( 'NONE',  ( 0.000000000000000000, 0.000000000000000000, 1.000000000000000000 ) ) ;
#2977 = ORIENTED_EDGE ( 'NONE', *, *, #3515, .F. ) ;
#2978 = LINE ( 'NONE', #4178, #2691 ) ;
#2979 = DIRECTION ( 'NONE',  ( 0.000000000000000000, 2.775557561563032853E-16, -1.000000000000000000 ) ) ;
#2980 = SPHERICAL_SURFACE ( 'NONE', #1222, 1000.000000000000000 ) ;
#2981 = AXIS2_PLACEMENT_3D ( 'NONE', #3419, #934, #4203 ) ;
#2982 = VERTEX_POINT ( 'NONE', #1601 ) ;
#2983 = CARTESIAN_POINT ( 'NONE',  ( 616.7948635501689978, 875.0000000000000000, -980.0000000000001137 ) ) ;
#2984 = ORIENTED_EDGE ( 'NONE', *, *, #4129, .F. ) ;
#2985 = CARTESIAN_POINT ( 'NONE',  ( -13975.00000000000182, 800.0000000000000000, -910.0000000000001137 ) ) ;
#2986 = FACE_OUTER_BOUND ( 'NONE', #3767, .T. ) ;
#2987 = VECTOR ( 'NONE', #3761, 1000.000000000000000 ) ;
#2988 = ORIENTED_EDGE ( 'NONE', *, *, #2776, .F. ) ;
#2989 = EDGE_CURVE ( 'NONE', #496, #912, #822, .T. ) ;
#2990 = EDGE_CURVE ( 'NONE', #5155, #212, #4304, .T. ) ;
#2991 = FACE_OUTER_BOUND ( 'NONE', #3447, .T. ) ;
#2992 = CIRCLE ( 'NONE', #579, 79.99999999999995737 ) ;
#2993 = CARTESIAN_POINT ( 'NONE',  ( -14588.56810139493791, -877.4999988432243754, -589.9999999999970441 ) ) ;
#2994 = VERTEX_POINT ( 'NONE', #3227 ) ;
#2995 = LINE ( 'NONE', #559, #4318 ) ;
#2996 = ORIENTED_EDGE ( 'NONE', *, *, #719, .F. ) ;
#2997 = DIRECTION ( 'NONE',  ( 0.000000000000000000, 1.000000000000000000, 0.000000000000000000 ) ) ;
#2998 = CARTESIAN_POINT ( 'NONE',  ( -15744.66811761634744, -732.4719190560189190, -589.9999999999970441 ) ) ;
#2999 = VERTEX_POINT ( 'NONE', #612 ) ;
#3000 = DIRECTION ( 'NONE',  ( 0.000000000000000000, -1.000000000000000000, -2.249385511977649118E-16 ) ) ;
#3001 = SHAPE_DEFINITION_REPRESENTATION ( #1865, #3023 ) ;
#3002 = ORIENTED_EDGE ( 'NONE', *, *, #4936, .T. ) ;
#3003 = DIRECTION ( 'NONE',  ( 0.000000000000000000, 1.000000000000000000, 2.249385511977649118E-16 ) ) ;
#3004 = EDGE_CURVE ( 'NONE', #1399, #2982, #2639, .T. ) ;
#3005 = CARTESIAN_POINT ( 'NONE',  ( -13975.00000000000182, 200.0000000000000000, -825.0000000000001137 ) ) ;
#3006 = CYLINDRICAL_SURFACE ( 'NONE', #1965, 460.0000000000000568 ) ;
#3007 = EDGE_LOOP ( 'NONE', ( #3649, #3288, #280, #3157, #4744, #3528 ) ) ;
#3008 = DIRECTION ( 'NONE',  ( 0.000000000000000000, 1.000000000000000000, 3.301729611148416588E-16 ) ) ;
#3009 = ORIENTED_EDGE ( 'NONE', *, *, #974, .T. ) ;
#3010 = CARTESIAN_POINT ( 'NONE',  ( -10255.33188238365256, 1077.499998843224375, -589.9999999999964757 ) ) ;
#3011 = PLANE ( 'NONE',  #3319 ) ;
#3012 = ORIENTED_EDGE ( 'NONE', *, *, #3450, .F. ) ;
#3013 = ADVANCED_FACE ( 'NONE', ( #4906 ), #3758, .T. ) ;
#3014 = DIRECTION ( 'NONE',  ( -1.000000000000000000, -0.000000000000000000, -0.000000000000000000 ) ) ;
#3015 = CARTESIAN_POINT ( 'NONE',  ( -11700.00000000000182, -814.9999999999974989, -589.9999999999970441 ) ) ;
#3016 = CARTESIAN_POINT ( 'NONE',  ( -26400.00000000000364, -200.0000000000000000, -825.0000000000001137 ) ) ;
#3017 = ORIENTED_EDGE ( 'NONE', *, *, #3352, .T. ) ;
#3018 = LINE ( 'NONE', #4615, #3657 ) ;
#3019 = CARTESIAN_POINT ( 'NONE',  ( -12100.00000000000182, 679.9999999999977263, -459.9999999999979536 ) ) ;
#3020 = CARTESIAN_POINT ( 'NONE',  ( -11700.00000000000182, 1950.712458671872810, -589.9999999999963620 ) ) ;
#3021 = ORIENTED_EDGE ( 'NONE', *, *, #2742, .F. ) ;
#3022 = CARTESIAN_POINT ( 'NONE',  ( -2.914659381970696526E-13, 1189.999999999998408, -1160.000000000000227 ) ) ;
#3023 = SHAPE_REPRESENTATION ( 'FlatWagon_90ft_MediumDetailed', ( #2262, #4100, #2413, #2684, #1102 ), #3440 ) ;
#3024 = ORIENTED_EDGE ( 'NONE', *, *, #3285, .F. ) ;
#3025 = CARTESIAN_POINT ( 'NONE',  ( -1.259562753036178918E-13, 1189.999999999998408, -660.0000000000019327 ) ) ;
#3026 = DIRECTION ( 'NONE',  ( -0.000000000000000000, -0.9185881544472648264, 0.3952161465694030151 ) ) ;
#3027 = VECTOR ( 'NONE', #836, 1000.000000000000000 ) ;
#3028 = ORIENTED_EDGE ( 'NONE', *, *, #3645, .F. ) ;
#3029 = EDGE_CURVE ( 'NONE', #1049, #2903, #1782, .T. ) ;
#3030 = CARTESIAN_POINT ( 'NONE',  ( -162.2440211999303301, 1189.999999999998408, 920.1315677728725859 ) ) ;
#3031 = ORIENTED_EDGE ( 'NONE', *, *, #3431, .F. ) ;
#3032 = CARTESIAN_POINT ( 'NONE',  ( -10255.33188238365256, -814.9999999999974989, -589.9999999999970441 ) ) ;
#3033 = DIRECTION ( 'NONE',  ( 0.000000000000000000, -0.9185881544472646043, -0.3952161465694035702 ) ) ;
#3034 = ORIENTED_EDGE ( 'NONE', *, *, #2689, .F. ) ;
#3035 = EDGE_CURVE ( 'NONE', #1348, #5022, #1902, .T. ) ;
#3036 = EDGE_CURVE ( 'NONE', #4261, #4253, #2384, .T. ) ;
#3037 = AXIS2_PLACEMENT_3D ( 'NONE', #4184, #3086, #3133 ) ;
#3038 = DIRECTION ( 'NONE',  ( 3.132904478660053556E-17, -1.000000000000000000, 0.000000000000000000 ) ) ;
#3039 = DIRECTION ( 'NONE',  ( 0.000000000000000000, 0.000000000000000000, -1.000000000000000000 ) ) ;
#3040 = LINE ( 'NONE', #3434, #5157 ) ;
#3041 = DIRECTION ( 'NONE',  ( 1.000000000000000000, -2.220446049250313081E-16, 1.776356839400250465E-15 ) ) ;
#3042 = CARTESIAN_POINT ( 'NONE',  ( -24483.04291515397199, 1189.999999999998408, -868.8465180732545150 ) ) ;
#3043 = ORIENTED_EDGE ( 'NONE', *, *, #3004, .F. ) ;
#3044 = EDGE_CURVE ( 'NONE', #786, #2134, #2171, .T. ) ;
#3045 = ADVANCED_FACE ( 'NONE', ( #1289 ), #1373, .T. ) ;
#3046 = DIRECTION ( 'NONE',  ( 0.000000000000000000, 1.000000000000000000, 2.249385511977649118E-16 ) ) ;
#3047 = ADVANCED_FACE ( 'NONE', ( #3805 ), #4505, .T. ) ;
#3048 = ORIENTED_EDGE ( 'NONE', *, *, #2796, .F. ) ;
#3049 = VECTOR ( 'NONE', #3221, 1000.000000000000000 ) ;
#3050 = DIRECTION ( 'NONE',  ( -1.000000000000000000, 0.000000000000000000, 0.000000000000000000 ) ) ;
#3051 = DIRECTION ( 'NONE',  ( 0.000000000000000000, 1.000000000000000000, 3.301729611148416588E-16 ) ) ;
#3052 = AXIS2_PLACEMENT_3D ( 'NONE', #862, #4392, #1171 ) ;
#3053 = ORIENTED_EDGE ( 'NONE', *, *, #2620, .F. ) ;
#3055 = DIRECTION ( 'NONE',  ( -0.000000000000000000, 0.000000000000000000, 1.000000000000000000 ) ) ;
#3054 = VECTOR ( 'NONE', #4834, 1000.000000000000000 ) ;
#3056 = CARTESIAN_POINT ( 'NONE',  ( -14175.00000000000000, 989.9999999999979536, -960.0000000000002274 ) ) ;
#3057 = ORIENTED_EDGE ( 'NONE', *, *, #489, .T. ) ;
#3058 = CARTESIAN_POINT ( 'NONE',  ( -12320.00000000000000, 1950.712458671872582, -239.9999999999976694 ) ) ;
#3059 = FACE_OUTER_BOUND ( 'NONE', #2229, .T. ) ;
#3060 = VECTOR ( 'NONE', #1301, 1000.000000000000000 ) ;
#3061 = ORIENTED_EDGE ( 'NONE', *, *, #4117, .F. ) ;
#3062 = VECTOR ( 'NONE', #2571, 1000.000000000000000 ) ;
#3063 = ADVANCED_FACE ( 'NONE', ( #925 ), #4111, .T. ) ;
#3064 = FACE_OUTER_BOUND ( 'NONE', #2529, .T. ) ;
#3065 = EDGE_CURVE ( 'NONE', #1917, #3594, #2567, .T. ) ;
#3066 = DIRECTION ( 'NONE',  ( 1.000000000000000000, 0.000000000000000000, 0.000000000000000000 ) ) ;
#3067 = DIRECTION ( 'NONE',  ( 0.000000000000000000, 0.000000000000000000, 1.000000000000000000 ) ) ;
#3068 = AXIS2_PLACEMENT_3D ( 'NONE', #1984, #1960, #3162 ) ;
#3069 = ORIENTED_EDGE ( 'NONE', *, *, #235, .T. ) ;
#3070 = PLANE ( 'NONE',  #3073 ) ;
#3071 = CARTESIAN_POINT ( 'NONE',  ( -14347.28068913207608, -679.9999999999977263, -567.4243228023080974 ) ) ;
#3072 = ORIENTED_EDGE ( 'NONE', *, *, #1910, .T. ) ;
#3073 = AXIS2_PLACEMENT_3D ( 'NONE', #716, #2302, #4245 ) ;
#3074 = EDGE_LOOP ( 'NONE', ( #5057, #342, #2325, #1786 ) ) ;
#3075 = DIRECTION ( 'NONE',  ( -0.000000000000000000, -1.000000000000000000, -2.775557561563032853E-16 ) ) ;
#3076 = EDGE_LOOP ( 'NONE', ( #3984, #4976, #4458, #1486 ) ) ;
#3077 = LINE ( 'NONE', #332, #3853 ) ;
#3078 = CARTESIAN_POINT ( 'NONE',  ( -22773.68347295909916, -989.9999999999996589, -660.0000000000007958 ) ) ;
#3079 = EDGE_CURVE ( 'NONE', #4639, #1751, #1759, .T. ) ;
#3080 = DIRECTION ( 'NONE',  ( 0.000000000000000000, -1.000000000000000000, 0.000000000000000000 ) ) ;
#3081 = VERTEX_POINT ( 'NONE', #2965 ) ;
#3082 = DIRECTION ( 'NONE',  ( -1.908428413691174465E-16, 0.000000000000000000, -1.000000000000000000 ) ) ;
#3083 = CIRCLE ( 'NONE', #5091, 277.7941176470602045 ) ;
#3084 = FACE_OUTER_BOUND ( 'NONE', #1351, .T. ) ;
#3085 = ORIENTED_EDGE ( 'NONE', *, *, #4349, .T. ) ;
#3086 = DIRECTION ( 'NONE',  ( 0.000000000000000000, 2.775557561563032853E-16, -1.000000000000000000 ) ) ;
#3087 = VERTEX_POINT ( 'NONE', #4589 ) ;
#3088 = CARTESIAN_POINT ( 'NONE',  ( -26400.00000000000364, 200.0000000000000000, -825.0000000000001137 ) ) ;
#3089 = PLANE ( 'NONE',  #4953 ) ;
#3090 = PLANE ( 'NONE',  #4887 ) ;
#3091 = ORIENTED_EDGE ( 'NONE', *, *, #2722, .T. ) ;
#3092 = FACE_OUTER_BOUND ( 'NONE', #2329, .T. ) ;
#3093 = DIRECTION ( 'NONE',  ( -0.000000000000000000, -1.000000000000000000, -2.249385511977649118E-16 ) ) ;
#3094 = ORIENTED_EDGE ( 'NONE', *, *, #3079, .F. ) ;
#3095 = ORIENTED_EDGE ( 'NONE', *, *, #2878, .F. ) ;
#3096 = DIRECTION ( 'NONE',  ( 0.000000000000000000, 0.1699069165076472210, -0.9854601157443478865 ) ) ;
#3097 = ORIENTED_EDGE ( 'NONE', *, *, #793, .F. ) ;
#3098 = CARTESIAN_POINT ( 'NONE',  ( -10308.04291515398108, -990.0000000000015916, -868.8465180732554245 ) ) ;
#3099 = CARTESIAN_POINT ( 'NONE',  ( -13899.99999999999818, 679.9999999999977263, -459.9999999999979536 ) ) ;
#3100 = CARTESIAN_POINT ( 'NONE',  ( -14299.99999999999818, 814.9999999999972715, -306.2059048389982081 ) ) ;
#3101 =( GEOMETRIC_REPRESENTATION_CONTEXT ( 3 ) GLOBAL_UNCERTAINTY_ASSIGNED_CONTEXT ( ( #141 ) ) GLOBAL_UNIT_ASSIGNED_CONTEXT ( ( #3678, #879, #3153 ) ) REPRESENTATION_CONTEXT ( 'NONE', 'WORKASPACE' ) );
#3102 = ORIENTED_EDGE ( 'NONE', *, *, #3605, .F. ) ;
#3103 = DIRECTION ( 'NONE',  ( 1.000000000000000000, 0.000000000000000000, 0.000000000000000000 ) ) ;
#3104 = EDGE_CURVE ( 'NONE', #857, #3524, #1008, .T. ) ;
#3105 = DIRECTION ( 'NONE',  ( 0.000000000000000000, -1.000000000000000000, -2.249385511977649118E-16 ) ) ;
#3106 = ORIENTED_EDGE ( 'NONE', *, *, #3423, .F. ) ;
#3107 = CARTESIAN_POINT ( 'NONE',  ( -26400.00000000000364, -899.9999999999998863, -910.0000000000001137 ) ) ;
#3108 = DIRECTION ( 'NONE',  ( 0.000000000000000000, 1.000000000000000000, 3.301729611148416588E-16 ) ) ;
#3109 = VERTEX_POINT ( 'NONE', #589 ) ;
#3110 = VECTOR ( 'NONE', #2271, 1000.000000000000000 ) ;
#3111 = VECTOR ( 'NONE', #2686, 1000.000000000000000 ) ;
#3112 = ADVANCED_FACE ( 'NONE', ( #1735 ), #2906, .T. ) ;
#3113 = CARTESIAN_POINT ( 'NONE',  ( -1950.000000000000682, -200.0000000000000000, -825.0000000000001137 ) ) ;
#3114 = DIRECTION ( 'NONE',  ( 0.000000000000000000, 0.000000000000000000, 1.000000000000000000 ) ) ;
#3115 = VERTEX_POINT ( 'NONE', #3334 ) ;
#3116 = CARTESIAN_POINT ( 'NONE',  ( -11349.93198115551968, 1189.999999999998408, 5040.000000000000000 ) ) ;
#3117 = CARTESIAN_POINT ( 'NONE',  ( -26000.00000000000000, 1189.999999999998408, -960.0000000000002274 ) ) ;
#3118 = EDGE_CURVE ( 'NONE', #4910, #1263, #2147, .T. ) ;
#3119 = ORIENTED_EDGE ( 'NONE', *, *, #3875, .F. ) ;
#3120 = VECTOR ( 'NONE', #3291, 1000.000000000000000 ) ;
#3121 = ORIENTED_EDGE ( 'NONE', *, *, #1752, .F. ) ;
#3122 = CARTESIAN_POINT ( 'NONE',  ( -12320.00000000000000, -1950.712458671873037, -239.9999999999987779 ) ) ;
#3123 = FACE_OUTER_BOUND ( 'NONE', #3007, .T. ) ;
#3124 = DIRECTION ( 'NONE',  ( 0.000000000000000000, 0.000000000000000000, 1.000000000000000000 ) ) ;
#3125 = EDGE_CURVE ( 'NONE', #4673, #1360, #2891, .T. ) ;
#3126 = VERTEX_POINT ( 'NONE', #2483 ) ;
#3127 = CARTESIAN_POINT ( 'NONE',  ( -12100.00000000000182, -679.9999999999977263, -909.9999999999982947 ) ) ;
#3128 = ADVANCED_FACE ( 'NONE', ( #4086 ), #2939, .T. ) ;
#3129 = CIRCLE ( 'NONE', #2535, 6000.000000000000000 ) ;
#3130 = DIRECTION ( 'NONE',  ( 0.000000000000000000, 0.000000000000000000, -1.000000000000000000 ) ) ;
#3131 = ORIENTED_EDGE ( 'NONE', *, *, #1828, .T. ) ;
#3132 = VECTOR ( 'NONE', #187, 1000.000000000000000 ) ;
#3133 = DIRECTION ( 'NONE',  ( 0.000000000000000000, -1.000000000000000000, -2.775557561563032853E-16 ) ) ;
#3134 = CARTESIAN_POINT ( 'NONE',  ( -19751.31652704090084, 989.9999999999981810, -6660.000000000000000 ) ) ;
#3135 = VECTOR ( 'NONE', #2530, 999.9999999999998863 ) ;
#3136 = ORIENTED_EDGE ( 'NONE', *, *, #4381, .F. ) ;
#3137 = CIRCLE ( 'NONE', #2885, 79.99999999999995737 ) ;
#3138 = VECTOR ( 'NONE', #4092, 1000.000000000000114 ) ;
#3139 = EDGE_CURVE ( 'NONE', #4740, #3345, #297, .T. ) ;
#3140 = EDGE_CURVE ( 'NONE', #3166, #405, #3513, .T. ) ;
#3141 = PLANE ( 'NONE',  #1269 ) ;
#3142 = PLANE ( 'NONE',  #2792 ) ;
#3143 = AXIS2_PLACEMENT_3D ( 'NONE', #1206, #4427, #30 ) ;
#3144 = EDGE_LOOP ( 'NONE', ( #2028, #1582, #5177, #1537 ) ) ;
#3145 = CARTESIAN_POINT ( 'NONE',  ( -10255.33188238365256, -278.9021535255452022, -725.0000000000053433 ) ) ;
#3146 = CARTESIAN_POINT ( 'NONE',  ( -14119.99999999999818, -814.9999999999974989, -239.9999999999984368 ) ) ;
#3147 = ORIENTED_EDGE ( 'NONE', *, *, #4115, .F. ) ;
#3148 = PLANE ( 'NONE',  #1225 ) ;
#3149 = CARTESIAN_POINT ( 'NONE',  ( -1950.000000000000682, 899.9999999999998863, -910.0000000000001137 ) ) ;
#3150 = DIRECTION ( 'NONE',  ( 0.000000000000000000, -0.000000000000000000, -1.000000000000000000 ) ) ;
#3151 = VECTOR ( 'NONE', #3744, 1000.000000000000000 ) ;
#3152 = ORIENTED_EDGE ( 'NONE', *, *, #488, .T. ) ;
#3153 =( NAMED_UNIT ( * ) SI_UNIT ( $, .STERADIAN. ) SOLID_ANGLE_UNIT ( ) );
#3154 = ADVANCED_FACE ( 'NONE', ( #3092 ), #3070, .F. ) ;
#3155 = ORIENTED_EDGE ( 'NONE', *, *, #2452, .F. ) ;
#3156 = CYLINDRICAL_SURFACE ( 'NONE', #3485, 79.99999999999995737 ) ;
#3157 = ORIENTED_EDGE ( 'NONE', *, *, #4340, .T. ) ;
#3158 = DIRECTION ( 'NONE',  ( 0.000000000000000000, 0.000000000000000000, 1.000000000000000000 ) ) ;
#3159 = DIRECTION ( 'NONE',  ( 0.000000000000000000, -2.249385511977649118E-16, 1.000000000000000000 ) ) ;
#3160 = EDGE_CURVE ( 'NONE', #952, #2994, #1525, .T. ) ;
#3161 = ORIENTED_EDGE ( 'NONE', *, *, #4263, .F. ) ;
#3162 = DIRECTION ( 'NONE',  ( 1.000000000000000000, 3.700743415417188263E-17, 0.000000000000000000 ) ) ;
#3163 = DIRECTION ( 'NONE',  ( -0.000000000000000000, -3.301729611148416588E-16, 1.000000000000000000 ) ) ;
#3164 = ORIENTED_EDGE ( 'NONE', *, *, #4585, .T. ) ;
#3165 = DIRECTION ( 'NONE',  ( -1.000000000000000000, -1.085818191274059690E-31, 3.912072321290969353E-16 ) ) ;
#3166 = VERTEX_POINT ( 'NONE', #3487 ) ;
#3167 = EDGE_CURVE ( 'NONE', #4272, #4749, #3460, .T. ) ;
#3168 = CARTESIAN_POINT ( 'NONE',  ( -26400.00000000000000, -1189.999999999998863, -960.0000000000002274 ) ) ;
#3169 = CARTESIAN_POINT ( 'NONE',  ( -12439.85290935933153, 814.9999999999974989, -769.9999999999960210 ) ) ;
#3170 = DIRECTION ( 'NONE',  ( -0.000000000000000000, -1.000000000000000000, -2.249385511977649118E-16 ) ) ;
#3171 = ORIENTED_EDGE ( 'NONE', *, *, #1564, .F. ) ;
#3172 = LINE ( 'NONE', #4774, #2966 ) ;
#3173 =( REPRESENTATION_RELATIONSHIP ('NONE','NONE', #3023, #717 ) REPRESENTATION_RELATIONSHIP_WITH_TRANSFORMATION ( #4540 )SHAPE_REPRESENTATION_RELATIONSHIP( ) );
#3174 = VECTOR ( 'NONE', #4512, 1000.000000000000000 ) ;
#3175 = ORIENTED_EDGE ( 'NONE', *, *, #5026, .F. ) ;
#3176 = DIRECTION ( 'NONE',  ( 0.000000000000000000, -1.000000000000000000, -5.551115123125784674E-16 ) ) ;
#3177 = LINE ( 'NONE', #4260, #2378 ) ;
#3178 = ORIENTED_EDGE ( 'NONE', *, *, #4199, .F. ) ;
#3179 = MECHANICAL_DESIGN_GEOMETRIC_PRESENTATION_REPRESENTATION (  '', ( #9 ), #2084 ) ;
#3180 = AXIS2_PLACEMENT_3D ( 'NONE', #455, #1631, #3230 ) ;
#3181 = EDGE_CURVE ( 'NONE', #1320, #3927, #1475, .T. ) ;
#3182 = DIRECTION ( 'NONE',  ( 3.912072321290969353E-16, 2.775557561563032853E-16, -1.000000000000000000 ) ) ;
#3183 = AXIS2_PLACEMENT_3D ( 'NONE', #3258, #4860, #4488 ) ;
#3184 = DIRECTION ( 'NONE',  ( -3.912072321290969847E-16, -2.775557561563032853E-16, 1.000000000000000000 ) ) ;
#3185 = ADVANCED_FACE ( 'NONE', ( #2617 ), #3880, .F. ) ;
#3186 = CONTEXT_DEPENDENT_SHAPE_REPRESENTATION ( #214, #435 ) ;
#3187 = ORIENTED_EDGE ( 'NONE', *, *, #904, .T. ) ;
#3188 = CARTESIAN_POINT ( 'NONE',  ( -11658.75177054179585, -732.4719190560189190, -589.9999999999970441 ) ) ;
#3189 = CARTESIAN_POINT ( 'NONE',  ( -14119.99999999999818, 1950.712458671872810, -517.7941176470586697 ) ) ;
#3190 = ADVANCED_FACE ( 'NONE', ( #2645 ), #1085, .F. ) ;
#3191 = ORIENTED_EDGE ( 'NONE', *, *, #1038, .T. ) ;
#3192 = CARTESIAN_POINT ( 'NONE',  ( -28350.00000000000000, 1189.999999999998408, -960.0000000000002274 ) ) ;
#3193 = EDGE_LOOP ( 'NONE', ( #3506, #1892, #837, #4538, #698 ) ) ;
#3194 = CARTESIAN_POINT ( 'NONE',  ( -28084.81547102009063, 989.9999999999984084, -1503.936198047713333 ) ) ;
#3195 = CARTESIAN_POINT ( 'NONE',  ( -11760.14709064067210, -729.4021522441533989, -769.9999999999963620 ) ) ;
#3196 = VECTOR ( 'NONE', #3322, 1000.000000000000000 ) ;
#3197 = EDGE_CURVE ( 'NONE', #117, #479, #326, .T. ) ;
#3198 = DIRECTION ( 'NONE',  ( 0.000000000000000000, -3.301729611148416588E-16, 1.000000000000000000 ) ) ;
#3199 = ADVANCED_FACE ( 'NONE', ( #2697 ), #1913, .F. ) ;
#3200 = ORIENTED_EDGE ( 'NONE', *, *, #732, .T. ) ;
#3201 = CARTESIAN_POINT ( 'NONE',  ( -2350.000000000000455, 800.0000000000000000, -910.0000000000001137 ) ) ;
#3202 = ORIENTED_EDGE ( 'NONE', *, *, #1574, .T. ) ;
#3203 = DIRECTION ( 'NONE',  ( 3.912072321290969847E-16, -2.775557561563032853E-16, 1.000000000000000000 ) ) ;
#3204 = CARTESIAN_POINT ( 'NONE',  ( -11611.43189860506391, -1077.499998843224375, -589.9999999999971578 ) ) ;
#3205 = CARTESIAN_POINT ( 'NONE',  ( -14375.00000000000000, 1189.999999999998408, -960.0000000000002274 ) ) ;
#3206 = ORIENTED_EDGE ( 'NONE', *, *, #5017, .T. ) ;
#3207 = ORIENTED_EDGE ( 'NONE', *, *, #103, .T. ) ;
#3208 = CARTESIAN_POINT ( 'NONE',  ( -14588.56810139493791, 877.4999988432243754, -589.9999999999965894 ) ) ;
#3209 = VECTOR ( 'NONE', #1993, 1000.000000000000000 ) ;
#3210 = VECTOR ( 'NONE', #2698, 1000.000000000000000 ) ;
#3211 = VECTOR ( 'NONE', #452, 1000.000000000000000 ) ;
#3212 = AXIS2_PLACEMENT_3D ( 'NONE', #3376, #1003, #4977 ) ;
#3213 = ORIENTED_EDGE ( 'NONE', *, *, #176, .T. ) ;
#3214 = DIRECTION ( 'NONE',  ( 0.000000000000000000, 1.000000000000000000, 3.301729611148416588E-16 ) ) ;
#3215 = CARTESIAN_POINT ( 'NONE',  ( -13000.00000000000000, 229.9999999211528348, -725.0000000000050022 ) ) ;
#3216 = APPLICATION_CONTEXT ( 'automotive_design' ) ;
#3217 = CIRCLE ( 'NONE', #2630, 1000.000000000000000 ) ;
#3218 = EDGE_CURVE ( 'NONE', #3425, #726, #743, .T. ) ;
#3219 = ORIENTED_EDGE ( 'NONE', *, *, #343, .F. ) ;
#3220 = FACE_OUTER_BOUND ( 'NONE', #1540, .T. ) ;
#3221 = DIRECTION ( 'NONE',  ( -1.000000000000000000, -0.000000000000000000, 0.000000000000000000 ) ) ;
#3222 =( GEOMETRIC_REPRESENTATION_CONTEXT ( 3 ) GLOBAL_UNCERTAINTY_ASSIGNED_CONTEXT ( ( #2421 ) ) GLOBAL_UNIT_ASSIGNED_CONTEXT ( ( #4412, #910, #2071 ) ) REPRESENTATION_CONTEXT ( 'NONE', 'WORKASPACE' ) );
#3223 = EDGE_CURVE ( 'NONE', #4639, #777, #3746, .T. ) ;
#3224 = ORIENTED_EDGE ( 'NONE', *, *, #1513, .T. ) ;
#3225 = VECTOR ( 'NONE', #4215, 1000.000000000000000 ) ;
#3226 = ORIENTED_EDGE ( 'NONE', *, *, #1908, .T. ) ;
#3227 = CARTESIAN_POINT ( 'NONE',  ( -28350.00000000000000, 875.0000000000000000, -1140.000000000000227 ) ) ;
#3228 = DIRECTION ( 'NONE',  ( 1.000000000000000000, -2.220446049250313081E-16, 0.000000000000000000 ) ) ;
#3229 = AXIS2_PLACEMENT_3D ( 'NONE', #4012, #929, #2863 ) ;
#3230 = DIRECTION ( 'NONE',  ( -1.000000000000000000, 3.700743415417188263E-17, 0.000000000000000000 ) ) ;
#3231 = ORIENTED_EDGE ( 'NONE', *, *, #587, .F. ) ;
#3232 = DIRECTION ( 'NONE',  ( 0.000000000000000000, 1.000000000000000000, 5.551115123125784674E-16 ) ) ;
#3233 = PRESENTATION_STYLE_ASSIGNMENT (( #830 ) ) ;
#3234 = ORIENTED_EDGE ( 'NONE', *, *, #2021, .T. ) ;
#3235 = EDGE_CURVE ( 'NONE', #4272, #2604, #2321, .T. ) ;
#3236 = VECTOR ( 'NONE', #3578, 1000.000000000000000 ) ;
#3237 = CYLINDRICAL_SURFACE ( 'NONE', #4704, 199.9999999999999432 ) ;
#3238 = CARTESIAN_POINT ( 'NONE',  ( -19751.31652704090084, 1189.999999999998181, -6660.000000000000000 ) ) ;
#3239 = CARTESIAN_POINT ( 'NONE',  ( -14388.56810139493609, -877.4999988432243754, -769.9999999999963620 ) ) ;
#3240 = ORIENTED_EDGE ( 'NONE', *, *, #4764, .F. ) ;
#3241 = FACE_OUTER_BOUND ( 'NONE', #2131, .T. ) ;
#3242 = EDGE_LOOP ( 'NONE', ( #842, #969, #3372, #1011 ) ) ;
#3243 = DIRECTION ( 'NONE',  ( 0.000000000000000000, -0.9901138386947148096, -0.1402661271484180183 ) ) ;
#3244 = DIRECTION ( 'NONE',  ( 0.000000000000000000, -1.000000000000000000, 0.000000000000000000 ) ) ;
#3245 = ORIENTED_EDGE ( 'NONE', *, *, #1784, .T. ) ;
#3246 = CARTESIAN_POINT ( 'NONE',  ( -12500.00000000000182, -814.9999999999974989, -306.2059048389991176 ) ) ;
#3247 = LINE ( 'NONE', #4847, #5141 ) ;
#3248 = ORIENTED_EDGE ( 'NONE', *, *, #4228, .F. ) ;
#3249 = DIRECTION ( 'NONE',  ( 1.000000000000000000, 3.700743415417188263E-17, 1.776356839400250465E-14 ) ) ;
#3250 = VERTEX_POINT ( 'NONE', #663 ) ;
#3251 = DIRECTION ( 'NONE',  ( -0.000000000000000000, -0.9854601157443478865, -0.1699069165076472210 ) ) ;
#3252 = PLANE ( 'NONE',  #3391 ) ;
#3253 = LINE ( 'NONE', #4457, #271 ) ;
#3254 = VERTEX_POINT ( 'NONE', #3855 ) ;
#3255 = DIRECTION ( 'NONE',  ( -0.000000000000000000, -3.301729611148416588E-16, 1.000000000000000000 ) ) ;
#3256 = EDGE_CURVE ( 'NONE', #1317, #2512, #3908, .T. ) ;
#3257 = EDGE_LOOP ( 'NONE', ( #4922, #2081, #4870, #2580 ) ) ;
#3258 = CARTESIAN_POINT ( 'NONE',  ( -28187.75597880006899, 1189.999999999998408, 920.1315677728725859 ) ) ;
#3259 = CARTESIAN_POINT ( 'NONE',  ( -14239.85290935932790, -814.9999999999972715, -769.9999999999963620 ) ) ;
#3260 = DIRECTION ( 'NONE',  ( 0.000000000000000000, 0.000000000000000000, 1.000000000000000000 ) ) ;
#3261 = VERTEX_POINT ( 'NONE', #639 ) ;
#3262 = DIRECTION ( 'NONE',  ( 0.000000000000000000, 0.000000000000000000, -1.000000000000000000 ) ) ;
#3263 = VERTEX_POINT ( 'NONE', #1426 ) ;
#3264 = EDGE_CURVE ( 'NONE', #2253, #1974, #3018, .T. ) ;
#3265 = STYLED_ITEM ( 'NONE', ( #4858 ), #3610 ) ;
#3266 = CARTESIAN_POINT ( 'NONE',  ( -13458.75177054179585, -732.4719190560189190, -589.9999999999970441 ) ) ;
#3267 = EDGE_CURVE ( 'NONE', #2755, #4181, #5058, .T. ) ;
#3268 = CARTESIAN_POINT ( 'NONE',  ( -11880.00000000000182, 1950.712458671872582, -239.9999999999976694 ) ) ;
#3269 = EDGE_LOOP ( 'NONE', ( #1524, #4582, #897, #1253 ) ) ;
#3270 = CIRCLE ( 'NONE', #4104, 79.99999999999995737 ) ;
#3271 = LINE ( 'NONE', #2747, #3801 ) ;
#3272 = CIRCLE ( 'NONE', #1025, 460.0000000000001137 ) ;
#3273 = ORIENTED_EDGE ( 'NONE', *, *, #3331, .F. ) ;
#3274 = DIRECTION ( 'NONE',  ( 1.224646799147353207E-16, 1.000000000000000000, 0.000000000000000000 ) ) ;
#3275 = VECTOR ( 'NONE', #4139, 1000.000000000000000 ) ;
#3276 = ORIENTED_EDGE ( 'NONE', *, *, #1795, .F. ) ;
#3277 = DIRECTION ( 'NONE',  ( 1.000000000000000000, 0.000000000000000000, 0.000000000000000000 ) ) ;
#3278 = DIRECTION ( 'NONE',  ( 1.224646799147353207E-16, -1.000000000000000000, 0.000000000000000000 ) ) ;
#3279 = APPLICATION_CONTEXT ( 'automotive_design' ) ;
#3280 = CARTESIAN_POINT ( 'NONE',  ( -12100.00000000000182, 679.9999999999979536, -909.9999999999979536 ) ) ;
#3281 = ORIENTED_EDGE ( 'NONE', *, *, #2643, .T. ) ;
#3282 = CARTESIAN_POINT ( 'NONE',  ( -14299.99999999999818, 1077.499998843224148, -306.2059048389980376 ) ) ;
#3283 = ORIENTED_EDGE ( 'NONE', *, *, #1052, .T. ) ;
#3284 = FACE_OUTER_BOUND ( 'NONE', #4030, .T. ) ;
#3285 = EDGE_CURVE ( 'NONE', #4749, #4627, #4269, .T. ) ;
#3286 = CARTESIAN_POINT ( 'NONE',  ( -14345.46126534801260, 697.6074941491493746, -574.9998243529000774 ) ) ;
#3287 = ADVANCED_FACE ( 'NONE', ( #3537 ), #2029, .T. ) ;
#3288 = ORIENTED_EDGE ( 'NONE', *, *, #1326, .T. ) ;
#3289 = SHELL_BASED_SURFACE_MODEL ( 'NONE', ( #4618 ) );
#3290 = VERTEX_POINT ( 'NONE', #2365 ) ;
#3291 = DIRECTION ( 'NONE',  ( 0.000000000000000000, -0.9950481186486286322, -0.09939437395458934621 ) ) ;
#3292 = EDGE_LOOP ( 'NONE', ( #2811, #3598, #3048, #4418 ) ) ;
#3293 = CARTESIAN_POINT ( 'NONE',  ( -2.914659381970696526E-13, 1189.999999999998408, -960.0000000000002274 ) ) ;
#3294 = CARTESIAN_POINT ( 'NONE',  ( -11658.75177054179585, -814.9999999999974989, -589.9999999999970441 ) ) ;
#3295 = VECTOR ( 'NONE', #1196, 1000.000000000000000 ) ;
#3296 = AXIS2_PLACEMENT_3D ( 'NONE', #2303, #3093, #1548 ) ;
#3297 = EDGE_CURVE ( 'NONE', #3845, #3847, #3641, .T. ) ;
#3298 = VERTEX_POINT ( 'NONE', #2005 ) ;
#3299 = EDGE_CURVE ( 'NONE', #3392, #368, #1547, .T. ) ;
#3300 = CIRCLE ( 'NONE', #1468, 79.99999999999995737 ) ;
#3301 = CARTESIAN_POINT ( 'NONE',  ( -28187.75597880006899, -1190.000000000001592, 920.1315677728725859 ) ) ;
#3302 = CIRCLE ( 'NONE', #2210, 199.9999999999999432 ) ;
#3303 = ORIENTED_EDGE ( 'NONE', *, *, #4632, .T. ) ;
#3304 = FACE_OUTER_BOUND ( 'NONE', #1560, .T. ) ;
#3305 = ORIENTED_EDGE ( 'NONE', *, *, #1569, .T. ) ;
#3306 = VECTOR ( 'NONE', #4838, 1000.000000000000000 ) ;
#3307 = DIRECTION ( 'NONE',  ( 0.000000000000000000, 0.000000000000000000, 1.000000000000000000 ) ) ;
#3308 = DIRECTION ( 'NONE',  ( 0.000000000000000000, 1.000000000000000000, 3.301729611148416588E-16 ) ) ;
#3309 = CARTESIAN_POINT ( 'NONE',  ( -5576.316527040904475, -989.9999999999995453, -6660.000000000000909 ) ) ;
#3310 = EDGE_LOOP ( 'NONE', ( #2610, #4855, #3131, #2574, #2007, #3965, #1314, #4520 ) ) ;
#3311 = CARTESIAN_POINT ( 'NONE',  ( -14175.00000000000000, 1189.999999999997954, -960.0000000000002274 ) ) ;
#3312 = ORIENTED_EDGE ( 'NONE', *, *, #4865, .T. ) ;
#3313 = AXIS2_PLACEMENT_3D ( 'NONE', #1271, #430, #3232 ) ;
#3314 = CARTESIAN_POINT ( 'NONE',  ( -14175.00000000000000, 1189.999999999997954, -960.0000000000002274 ) ) ;
#3315 = CARTESIAN_POINT ( 'NONE',  ( -14341.24822945820415, 732.4719190560189190, -589.9999999999965894 ) ) ;
#3316 = DIRECTION ( 'NONE',  ( -1.000000000000000000, -0.000000000000000000, -0.000000000000000000 ) ) ;
#3317 = ORIENTED_EDGE ( 'NONE', *, *, #4501, .T. ) ;
#3318 = EDGE_CURVE ( 'NONE', #726, #1399, #2798, .T. ) ;
#3319 = AXIS2_PLACEMENT_3D ( 'NONE', #3793, #1047, #3033 ) ;
#3320 = LINE ( 'NONE', #181, #795 ) ;
#3321 = VERTEX_POINT ( 'NONE', #3246 ) ;
#3322 = DIRECTION ( 'NONE',  ( -1.000000000000000000, 0.000000000000000000, 0.000000000000000000 ) ) ;
#3323 = AXIS2_PLACEMENT_3D ( 'NONE', #4640, #3436, #272 ) ;
#3324 = ORIENTED_EDGE ( 'NONE', *, *, #2346, .F. ) ;
#3325 = CARTESIAN_POINT ( 'NONE',  ( -9640.572538960639577, -1190.000000000001592, -751.1534819267452576 ) ) ;
#3326 = CARTESIAN_POINT ( 'NONE',  ( -18041.95708484602073, 1189.999999999998408, -868.8465180732555382 ) ) ;
#3327 = CIRCLE ( 'NONE', #3574, 460.0000000000001137 ) ;
#3328 = VERTEX_POINT ( 'NONE', #2344 ) ;
#3329 = CARTESIAN_POINT ( 'NONE',  ( -1950.000000000000682, 899.9999999999998863, -910.0000000000001137 ) ) ;
#3330 = DIRECTION ( 'NONE',  ( -1.000000000000000000, -2.193033135062037489E-16, 1.633773012826316475E-16 ) ) ;
#3331 = EDGE_CURVE ( 'NONE', #4333, #916, #823, .T. ) ;
#3332 = CYLINDRICAL_SURFACE ( 'NONE', #3648, 5999.999999999999091 ) ;
#3333 = ORIENTED_EDGE ( 'NONE', *, *, #4651, .T. ) ;
#3334 = CARTESIAN_POINT ( 'NONE',  ( -13975.00000000000182, -899.9999999999998863, -910.0000000000001137 ) ) ;
#3335 = DIRECTION ( 'NONE',  ( -0.000000000000000000, 1.000000000000000000, -0.000000000000000000 ) ) ;
#3336 = ORIENTED_EDGE ( 'NONE', *, *, #1817, .F. ) ;
#3337 = EDGE_CURVE ( 'NONE', #2448, #169, #4846, .T. ) ;
#3338 = DIRECTION ( 'NONE',  ( -0.000000000000000000, 1.000000000000000000, -0.000000000000000000 ) ) ;
#3339 = EDGE_CURVE ( 'NONE', #2137, #991, #4028, .T. ) ;
#3340 = VERTEX_POINT ( 'NONE', #4786 ) ;
#3341 = DIRECTION ( 'NONE',  ( 0.000000000000000000, -1.000000000000000000, -2.775557561563032853E-16 ) ) ;
#3342 = FACE_OUTER_BOUND ( 'NONE', #1428, .T. ) ;
#3343 = ORIENTED_EDGE ( 'NONE', *, *, #3849, .T. ) ;
#3344 = CARTESIAN_POINT ( 'NONE',  ( -14375.00000000000000, 899.9999999999998863, -910.0000000000001137 ) ) ;
#3345 = VERTEX_POINT ( 'NONE', #4395 ) ;
#3346 = DIRECTION ( 'NONE',  ( 2.193033135062037489E-16, 1.000000000000000000, 0.000000000000000000 ) ) ;
#3347 = EDGE_CURVE ( 'NONE', #4621, #2748, #512, .T. ) ;
#3348 = ORIENTED_EDGE ( 'NONE', *, *, #3951, .F. ) ;
#3349 = FACE_OUTER_BOUND ( 'NONE', #1337, .T. ) ;
#3350 = CARTESIAN_POINT ( 'NONE',  ( -8598.683472959097344, 1189.999999999998408, -660.0000000000002274 ) ) ;
#3351 = AXIS2_PLACEMENT_3D ( 'NONE', #4994, #3003, #4151 ) ;
#3352 = EDGE_CURVE ( 'NONE', #4910, #3555, #5081, .T. ) ;
#3353 = CARTESIAN_POINT ( 'NONE',  ( -1950.000000000000682, -899.9999999999998863, -910.0000000000001137 ) ) ;
#3354 = EDGE_CURVE ( 'NONE', #1974, #3707, #4662, .T. ) ;
#3355 = ORIENTED_EDGE ( 'NONE', *, *, #1815, .F. ) ;
#3356 = CARTESIAN_POINT ( 'NONE',  ( -9640.572538960639577, 1189.999999999998408, -751.1534819267452576 ) ) ;
#3357 = AXIS2_PLACEMENT_3D ( 'NONE', #3509, #740, #3066 ) ;
#3358 = ORIENTED_EDGE ( 'NONE', *, *, #403, .T. ) ;
#3359 = CARTESIAN_POINT ( 'NONE',  ( -13899.99999999999818, 814.9999999999972715, -459.9999999999978968 ) ) ;
#3360 = CARTESIAN_POINT ( 'NONE',  ( -13975.00000000000182, -200.0000000000000000, -825.0000000000001137 ) ) ;
#3361 = FACE_OUTER_BOUND ( 'NONE', #388, .T. ) ;
#3362 = VECTOR ( 'NONE', #3330, 1000.000000000000000 ) ;
#3363 = ORIENTED_EDGE ( 'NONE', *, *, #4108, .T. ) ;
#3364 = CARTESIAN_POINT ( 'NONE',  ( -13000.00000000000000, -229.9999999211528348, -725.0000000000050022 ) ) ;
#3365 = ORIENTED_EDGE ( 'NONE', *, *, #2722, .F. ) ;
#3366 = PLANE ( 'NONE',  #1080 ) ;
#3367 = ADVANCED_FACE ( 'NONE', ( #4424 ), #447, .F. ) ;
#3368 = DIRECTION ( 'NONE',  ( 0.000000000000000000, -1.000000000000000000, 0.000000000000000000 ) ) ;
#3369 = ADVANCED_FACE ( 'NONE', ( #3220 ), #2391, .F. ) ;
#3370 = ORIENTED_EDGE ( 'NONE', *, *, #2406, .T. ) ;
#3371 = LINE ( 'NONE', #1794, #1051 ) ;
#3372 = ORIENTED_EDGE ( 'NONE', *, *, #3429, .F. ) ;
#3373 = CARTESIAN_POINT ( 'NONE',  ( -1950.000000000000682, 200.0000000000000000, -825.0000000000001137 ) ) ;
#3374 = VECTOR ( 'NONE', #2951, 1000.000000000000000 ) ;
#3375 = EDGE_LOOP ( 'NONE', ( #1124, #1570 ) ) ;
#3376 = CARTESIAN_POINT ( 'NONE',  ( -13899.99999999999818, 679.9999999999977263, -459.9999999999979536 ) ) ;
#3377 = CARTESIAN_POINT ( 'NONE',  ( -12100.00000000000182, 814.9999999999974989, -909.9999999999982947 ) ) ;
#3378 = CARTESIAN_POINT ( 'NONE',  ( -2825.068018844486232, -989.9999999999990905, 5040.000000000000000 ) ) ;
#3379 = LINE ( 'NONE', #3753, #307 ) ;
#3380 = VECTOR ( 'NONE', #3797, 1000.000000000000000 ) ;
#3381 = EDGE_CURVE ( 'NONE', #2999, #2499, #3751, .T. ) ;
#3382 = ORIENTED_EDGE ( 'NONE', *, *, #780, .T. ) ;
#3383 = DIRECTION ( 'NONE',  ( -1.000000000000000000, -0.000000000000000000, -0.000000000000000000 ) ) ;
#3384 = ADVANCED_FACE ( 'NONE', ( #4522 ), #2524, .T. ) ;
#3385 = VECTOR ( 'NONE', #906, 1000.000000000000000 ) ;
#3386 = CARTESIAN_POINT ( 'NONE',  ( -5576.316527040903566, 1189.999999999998408, -660.0000000000007958 ) ) ;
#3387 = AXIS2_PLACEMENT_3D ( 'NONE', #3030, #1845, #283 ) ;
#3388 = CARTESIAN_POINT ( 'NONE',  ( -11656.54998713038367, 715.1018965907406937, -582.5266689850958528 ) ) ;
#3389 = ORIENTED_EDGE ( 'NONE', *, *, #3988, .T. ) ;
#3390 = CARTESIAN_POINT ( 'NONE',  ( -14588.56810139493791, -877.4999988432243754, -589.9999999999970441 ) ) ;
#3391 = AXIS2_PLACEMENT_3D ( 'NONE', #1602, #3569, #3278 ) ;
#3392 = VERTEX_POINT ( 'NONE', #3586 ) ;
#3393 = DIRECTION ( 'NONE',  ( 1.000000000000000000, 3.700743415417188263E-17, 0.000000000000000000 ) ) ;
#3394 = CARTESIAN_POINT ( 'NONE',  ( 0.000000000000000000, -1189.999999999998408, -960.0000000000002274 ) ) ;
#3395 = FACE_OUTER_BOUND ( 'NONE', #4945, .T. ) ;
#3396 = CIRCLE ( 'NONE', #4057, 6000.000000000000000 ) ;
#3397 = VERTEX_POINT ( 'NONE', #5112 ) ;
#3398 = EDGE_CURVE ( 'NONE', #2919, #3724, #1798, .T. ) ;
#3399 = FACE_OUTER_BOUND ( 'NONE', #560, .T. ) ;
#3400 = VECTOR ( 'NONE', #3647, 1000.000000000000000 ) ;
#3401 = ORIENTED_EDGE ( 'NONE', *, *, #4905, .T. ) ;
#3402 = LINE ( 'NONE', #3010, #3374 ) ;
#3403 = CARTESIAN_POINT ( 'NONE',  ( -11700.00000000000182, 1950.712458671872582, -306.2059048389979239 ) ) ;
#3404 = ORIENTED_EDGE ( 'NONE', *, *, #3235, .T. ) ;
#3405 = CARTESIAN_POINT ( 'NONE',  ( -14388.56810139493609, -1077.499998843224375, -769.9999999999964757 ) ) ;
#3406 = VECTOR ( 'NONE', #4127, 1000.000000000000000 ) ;
#3407 = LINE ( 'NONE', #2504, #3547 ) ;
#3408 = VERTEX_POINT ( 'NONE', #1391 ) ;
#3409 = FACE_OUTER_BOUND ( 'NONE', #3804, .T. ) ;
#3410 = ORIENTED_EDGE ( 'NONE', *, *, #4199, .T. ) ;
#3411 = DIRECTION ( 'NONE',  ( 0.000000000000000000, -0.9854601157443478865, 0.1699069165076472210 ) ) ;
#3412 = CARTESIAN_POINT ( 'NONE',  ( -28966.79486355017070, -875.0000000000000000, -980.0000000000001137 ) ) ;
#3413 = LINE ( 'NONE', #4507, #2337 ) ;
#3414 = ORIENTED_EDGE ( 'NONE', *, *, #578, .F. ) ;
#3415 = PRODUCT ( 'FlatWagon_90ft_MediumDetailed', 'FlatWagon_90ft_MediumDetailed', '', ( #2943 ) ) ;
#3416 = LINE ( 'NONE', #4539, #3062 ) ;
#3417 = ORIENTED_EDGE ( 'NONE', *, *, #3951, .T. ) ;
#3418 = CARTESIAN_POINT ( 'NONE',  ( -10255.33188238365256, 729.4021522441533989, -769.9999999999959073 ) ) ;
#3419 = CARTESIAN_POINT ( 'NONE',  ( -14588.56810139493791, 1.251372518897804489E-14, -755.0854464784850961 ) ) ;
#3420 = ADVANCED_FACE ( 'NONE', ( #3059 ), #4946, .F. ) ;
#3421 = DIRECTION ( 'NONE',  ( -1.000000000000000000, 0.000000000000000000, 0.000000000000000000 ) ) ;
#3422 = ORIENTED_EDGE ( 'NONE', *, *, #2319, .F. ) ;
#3423 = EDGE_CURVE ( 'NONE', #1430, #2982, #261, .T. ) ;
#3424 = FACE_OUTER_BOUND ( 'NONE', #2197, .T. ) ;
#3425 = VERTEX_POINT ( 'NONE', #2582 ) ;
#3426 = PLANE ( 'NONE',  #5134 ) ;
#3427 = DIRECTION ( 'NONE',  ( 0.000000000000000000, 1.000000000000000000, 3.301729611148416588E-16 ) ) ;
#3428 = ORIENTED_EDGE ( 'NONE', *, *, #3337, .F. ) ;
#3429 = EDGE_CURVE ( 'NONE', #755, #3321, #1078, .T. ) ;
#3430 = DIRECTION ( 'NONE',  ( 1.000000000000000000, -0.000000000000000000, -0.000000000000000000 ) ) ;
#3431 = EDGE_CURVE ( 'NONE', #2153, #2253, #5001, .T. ) ;
#3432 = EDGE_CURVE ( 'NONE', #952, #1165, #2992, .T. ) ;
#3433 = FACE_OUTER_BOUND ( 'NONE', #3292, .T. ) ;
#3434 = CARTESIAN_POINT ( 'NONE',  ( -15744.66811761634744, 679.9999999999977263, -567.4243228023077563 ) ) ;
#3435 = ORIENTED_EDGE ( 'NONE', *, *, #2953, .T. ) ;
#3436 = DIRECTION ( 'NONE',  ( 1.000000000000000000, 0.000000000000000000, -0.000000000000000000 ) ) ;
#3437 = DIRECTION ( 'NONE',  ( 1.000000000000000000, 0.000000000000000000, -0.000000000000000000 ) ) ;
#3438 = ORIENTED_EDGE ( 'NONE', *, *, #3939, .T. ) ;
#3439 = VERTEX_POINT ( 'NONE', #3846 ) ;
#3440 =( GEOMETRIC_REPRESENTATION_CONTEXT ( 3 ) GLOBAL_UNCERTAINTY_ASSIGNED_CONTEXT ( ( #2059 ) ) GLOBAL_UNIT_ASSIGNED_CONTEXT ( ( #3702, #619, #907 ) ) REPRESENTATION_CONTEXT ( 'NONE', 'WORKASPACE' ) );
#3441 = DIRECTION ( 'NONE',  ( 0.000000000000000000, 0.000000000000000000, 1.000000000000000000 ) ) ;
#3442 = ORIENTED_EDGE ( 'NONE', *, *, #1274, .T. ) ;
#3443 = DIRECTION ( 'NONE',  ( 0.000000000000000000, 0.000000000000000000, -1.000000000000000000 ) ) ;
#3444 = CARTESIAN_POINT ( 'NONE',  ( -12500.00000000000182, 814.9999999999972715, -306.2059048389984355 ) ) ;
#3445 = AXIS2_PLACEMENT_3D ( 'NONE', #504, #4405, #1211 ) ;
#3446 = LINE ( 'NONE', #4204, #308 ) ;
#3447 = EDGE_LOOP ( 'NONE', ( #2846, #1867, #1157, #745, #4011, #137, #4867, #849, #1284, #5128, #2700, #4981 ) ) ;
#3448 = AXIS2_PLACEMENT_3D ( 'NONE', #1122, #1516, #1492 ) ;
#3449 = CARTESIAN_POINT ( 'NONE',  ( 0.000000000000000000, -875.0000000000000000, -1060.000000000000000 ) ) ;
#3450 = EDGE_CURVE ( 'NONE', #2153, #3126, #2609, .T. ) ;
#3451 = VERTEX_POINT ( 'NONE', #4208 ) ;
#3452 = FACE_OUTER_BOUND ( 'NONE', #4055, .T. ) ;
#3453 = CARTESIAN_POINT ( 'NONE',  ( -14588.56810139493791, -732.4719190560189190, -589.9999999999970441 ) ) ;
#3454 = EDGE_CURVE ( 'NONE', #423, #2134, #4237, .T. ) ;
#3455 = APPLICATION_CONTEXT ( 'automotive_design' ) ;
#3456 = ORIENTED_EDGE ( 'NONE', *, *, #4020, .F. ) ;
#3457 = DIRECTION ( 'NONE',  ( 0.000000000000000000, 1.000000000000000000, 2.775557561563032853E-16 ) ) ;
#3458 = CARTESIAN_POINT ( 'NONE',  ( -11611.43189860506391, -877.4999988432243754, -755.0854464784853235 ) ) ;
#3459 = CARTESIAN_POINT ( 'NONE',  ( -13000.00000000000000, 4.163336342343557632E-15, -825.0000000000000000 ) ) ;
#3460 = LINE ( 'NONE', #3911, #2820 ) ;
#3461 = DIRECTION ( 'NONE',  ( 0.000000000000000000, -4.827056628805028179E-16, 1.000000000000000000 ) ) ;
#3462 = VERTEX_POINT ( 'NONE', #3373 ) ;
#3463 = DIRECTION ( 'NONE',  ( 0.000000000000000000, 0.000000000000000000, 1.000000000000000000 ) ) ;
#3464 = AXIS2_PLACEMENT_3D ( 'NONE', #2164, #1753, #1073 ) ;
#3465 = ORIENTED_EDGE ( 'NONE', *, *, #1828, .F. ) ;
#3466 = CARTESIAN_POINT ( 'NONE',  ( -11611.43189860506391, 1077.499998843224375, -769.9999999999957936 ) ) ;
#3467 = PLANE ( 'NONE',  #634 ) ;
#3468 = VECTOR ( 'NONE', #5006, 1000.000000000000000 ) ;
#3469 = VERTEX_POINT ( 'NONE', #655 ) ;
#3471 = CARTESIAN_POINT ( 'NONE',  ( -11411.43189860506209, 729.4021522441533989, -769.9999999999959073 ) ) ;
#3470 = AXIS2_PLACEMENT_3D ( 'NONE', #3056, #338, #2313 ) ;
#3472 = FACE_OUTER_BOUND ( 'NONE', #361, .T. ) ;
#3473 = ORIENTED_EDGE ( 'NONE', *, *, #2328, .T. ) ;
#3474 = DIRECTION ( 'NONE',  ( -0.9848077530122092416, 0.000000000000000000, 0.1736481776669237531 ) ) ;
#3475 = LINE ( 'NONE', #1539, #2152 ) ;
#3476 = AXIS2_PLACEMENT_3D ( 'NONE', #2437, #77, #4042 ) ;
#3477 = CIRCLE ( 'NONE', #3811, 460.0000000000000000 ) ;
#3478 = EDGE_LOOP ( 'NONE', ( #4156, #52, #3002, #4548, #1425, #4470, #1635 ) ) ;
#3479 = EDGE_CURVE ( 'NONE', #4621, #1632, #628, .T. ) ;
#3480 = AXIS2_PLACEMENT_3D ( 'NONE', #64, #1654, #3249 ) ;
#3481 = AXIS2_PLACEMENT_3D ( 'NONE', #198, #5037, #644 ) ;
#3482 = LINE ( 'NONE', #1053, #5060 ) ;
#3483 = FACE_OUTER_BOUND ( 'NONE', #4238, .T. ) ;
#3484 = CARTESIAN_POINT ( 'NONE',  ( -1.259562753036178918E-13, -1190.000000000001592, -660.0000000000019327 ) ) ;
#3485 = AXIS2_PLACEMENT_3D ( 'NONE', #833, #2784, #2491 ) ;
#3486 = ORIENTED_EDGE ( 'NONE', *, *, #2873, .T. ) ;
#3487 = CARTESIAN_POINT ( 'NONE',  ( -12100.00000000000182, -679.9999999999978400, 1.720845688168992638E-12 ) ) ;
#3488 = CARTESIAN_POINT ( 'NONE',  ( -14347.28068913207608, -679.9999999999977263, -567.4243228023080974 ) ) ;
#3489 = ORIENTED_EDGE ( 'NONE', *, *, #3603, .T. ) ;
#3490 = ADVANCED_FACE ( 'NONE', ( #2986 ), #4581, .T. ) ;
#3491 = AXIS2_PLACEMENT_3D ( 'NONE', #1402, #984, #2997 ) ;
#3492 = ORIENTED_EDGE ( 'NONE', *, *, #2003, .T. ) ;
#3493 = CARTESIAN_POINT ( 'NONE',  ( -1950.000000000000682, 800.0000000000000000, -910.0000000000001137 ) ) ;
#3494 = ORIENTED_EDGE ( 'NONE', *, *, #859, .F. ) ;
#3495 = LINE ( 'NONE', #3466, #1550 ) ;
#3496 = CARTESIAN_POINT ( 'NONE',  ( -11700.00000000000182, -1077.499998843224603, -306.2059048389986629 ) ) ;
#3497 = DIRECTION ( 'NONE',  ( 0.000000000000000000, -1.000000000000000000, 0.000000000000000000 ) ) ;
#3498 = ORIENTED_EDGE ( 'NONE', *, *, #4515, .F. ) ;
#3499 = EDGE_CURVE ( 'NONE', #4567, #4864, #898, .T. ) ;
#3500 = CARTESIAN_POINT ( 'NONE',  ( -14239.85290935932790, -729.4021522441533989, -769.9999999999963620 ) ) ;
#3501 = AXIS2_PLACEMENT_3D ( 'NONE', #3145, #26, #4741 ) ;
#3502 = DIRECTION ( 'NONE',  ( -1.000000000000000000, 0.000000000000000000, -0.000000000000000000 ) ) ;
#3503 = ORIENTED_EDGE ( 'NONE', *, *, #1528, .T. ) ;
#3504 = PLANE ( 'NONE',  #2339 ) ;
#3505 = CARTESIAN_POINT ( 'NONE',  ( -12442.82243898500201, -696.5740269077365383, -766.7208309781531170 ) ) ;
#3506 = ORIENTED_EDGE ( 'NONE', *, *, #3432, .F. ) ;
#3507 = EDGE_CURVE ( 'NONE', #4494, #3532, #1849, .T. ) ;
#3508 = CARTESIAN_POINT ( 'NONE',  ( -1950.000000000000682, 200.0000000000000000, -825.0000000000001137 ) ) ;
#3509 = CARTESIAN_POINT ( 'NONE',  ( -13680.00000000000000, 1077.499998843224375, -517.7941176470588971 ) ) ;
#3510 = CARTESIAN_POINT ( 'NONE',  ( -1950.000000000000682, -800.0000000000000000, -910.0000000000001137 ) ) ;
#3511 = ADVANCED_FACE ( 'NONE', ( #2184 ), #3011, .F. ) ;
#3512 = EDGE_LOOP ( 'NONE', ( #652, #4751, #4183, #1193 ) ) ;
#3513 = LINE ( 'NONE', #1131, #4240 ) ;
#3514 = FACE_OUTER_BOUND ( 'NONE', #2306, .T. ) ;
#3515 = EDGE_CURVE ( 'NONE', #496, #277, #4630, .T. ) ;
#3516 = ORIENTED_EDGE ( 'NONE', *, *, #904, .F. ) ;
#3517 = ORIENTED_EDGE ( 'NONE', *, *, #4757, .T. ) ;
#3518 = FACE_OUTER_BOUND ( 'NONE', #2237, .T. ) ;
#3519 = ORIENTED_EDGE ( 'NONE', *, *, #1308, .T. ) ;
#3520 = LINE ( 'NONE', #1140, #3597 ) ;
#3521 = LINE ( 'NONE', #2730, #4307 ) ;
#3522 = CYLINDRICAL_SURFACE ( 'NONE', #4772, 6000.000000000000000 ) ;
#3523 = AXIS2_PLACEMENT_3D ( 'NONE', #4775, #5172, #4379 ) ;
#3524 = VERTEX_POINT ( 'NONE', #3453 ) ;
#3525 = DIRECTION ( 'NONE',  ( 1.000000000000000000, 0.000000000000000000, 0.000000000000000000 ) ) ;
#3526 = DIRECTION ( 'NONE',  ( 0.000000000000000000, -1.000000000000000000, -2.775557561563032853E-16 ) ) ;
#3527 = EDGE_CURVE ( 'NONE', #3854, #442, #5049, .T. ) ;
#3528 = ORIENTED_EDGE ( 'NONE', *, *, #373, .F. ) ;
#3529 = EDGE_CURVE ( 'NONE', #620, #2412, #1228, .T. ) ;
#3530 = DIRECTION ( 'NONE',  ( -0.000000000000000000, -1.000000000000000000, -2.775557561563032853E-16 ) ) ;
#3531 = DIRECTION ( 'NONE',  ( 0.9848077530122092416, -2.159716034021766025E-16, -0.1736481776669234756 ) ) ;
#3532 = VERTEX_POINT ( 'NONE', #577 ) ;
#3533 = VECTOR ( 'NONE', #3752, 1000.000000000000000 ) ;
#3534 = CYLINDRICAL_SURFACE ( 'NONE', #3784, 199.9999999999999432 ) ;
#3535 = SPHERICAL_SURFACE ( 'NONE', #2628, 1000.000000000000000 ) ;
#3536 = ORIENTED_EDGE ( 'NONE', *, *, #4416, .T. ) ;
#3537 = FACE_OUTER_BOUND ( 'NONE', #120, .T. ) ;
#3538 = CARTESIAN_POINT ( 'NONE',  ( -14341.24822945820415, -732.4719190560189190, -589.9999999999970441 ) ) ;
#3539 = AXIS2_PLACEMENT_3D ( 'NONE', #1749, #1333, #4521 ) ;
#3540 = EDGE_LOOP ( 'NONE', ( #3200, #2599, #1686, #758 ) ) ;
#3541 = EDGE_CURVE ( 'NONE', #2842, #493, #1645, .T. ) ;
#3542 = LINE ( 'NONE', #3885, #4235 ) ;
#3543 = DIRECTION ( 'NONE',  ( 0.000000000000000000, -4.827056628805028179E-16, 1.000000000000000000 ) ) ;
#3544 = DIRECTION ( 'NONE',  ( 0.000000000000000000, -1.000000000000000000, -3.301729611148416588E-16 ) ) ;
#3545 = ORIENTED_EDGE ( 'NONE', *, *, #704, .F. ) ;
#3546 = AXIS2_PLACEMENT_3D ( 'NONE', #2331, #3942, #4911 ) ;
#3547 = VECTOR ( 'NONE', #555, 1000.000000000000000 ) ;
#3548 = MANIFOLD_SURFACE_SHAPE_REPRESENTATION ( '', ( #3289, #3523 ), #3101 ) ;
#3549 = DIRECTION ( 'NONE',  ( -1.000000000000000000, 0.000000000000000000, -1.908428413691174465E-16 ) ) ;
#3550 = ORIENTED_EDGE ( 'NONE', *, *, #2742, .T. ) ;
#3551 = VECTOR ( 'NONE', #2827, 1000.000000000000000 ) ;
#3552 = DIRECTION ( 'NONE',  ( 0.000000000000000000, 0.000000000000000000, -1.000000000000000000 ) ) ;
#3553 = CARTESIAN_POINT ( 'NONE',  ( -12441.34358727334984, -713.0416965694201963, -768.3657702387155268 ) ) ;
#3554 = VECTOR ( 'NONE', #3014, 1000.000000000000000 ) ;
#3555 = VERTEX_POINT ( 'NONE', #4778 ) ;
#3556 = AXIS2_PLACEMENT_3D ( 'NONE', #1989, #3591, #6 ) ;
#3557 = EDGE_CURVE ( 'NONE', #3397, #4717, #679, .T. ) ;
#3558 = AXIS2_PLACEMENT_3D ( 'NONE', #2493, #513, #834 ) ;
#3559 = AXIS2_PLACEMENT_3D ( 'NONE', #97, #4802, #2866 ) ;
#3560 = DIRECTION ( 'NONE',  ( -1.000000000000000000, 0.000000000000000000, 0.000000000000000000 ) ) ;
#3561 = VECTOR ( 'NONE', #668, 1000.000000000000000 ) ;
#3562 = AXIS2_PLACEMENT_3D ( 'NONE', #2833, #2394, #1701 ) ;
#3563 = DIRECTION ( 'NONE',  ( 0.000000000000000000, -1.000000000000000000, 0.000000000000000000 ) ) ;
#3564 = LINE ( 'NONE', #2586, #3380 ) ;
#3565 = ORIENTED_EDGE ( 'NONE', *, *, #4408, .F. ) ;
#3566 = DIRECTION ( 'NONE',  ( 0.000000000000000000, 1.000000000000000000, 2.775557561563032853E-16 ) ) ;
#3567 = LINE ( 'NONE', #4034, #3211 ) ;
#3568 = EDGE_CURVE ( 'NONE', #4223, #786, #3177, .T. ) ;
#3569 = DIRECTION ( 'NONE',  ( -1.000000000000000000, -1.224646799147353207E-16, 0.000000000000000000 ) ) ;
#3570 = VECTOR ( 'NONE', #3277, 1000.000000000000000 ) ;
#3571 = FACE_OUTER_BOUND ( 'NONE', #1332, .T. ) ;
#3572 = ORIENTED_EDGE ( 'NONE', *, *, #3125, .T. ) ;
#3573 = DIRECTION ( 'NONE',  ( 0.000000000000000000, 1.000000000000000000, 2.775557561563032853E-16 ) ) ;
#3574 = AXIS2_PLACEMENT_3D ( 'NONE', #201, #4202, #2154 ) ;
#3575 = ORIENTED_EDGE ( 'NONE', *, *, #1, .T. ) ;
#3576 = CARTESIAN_POINT ( 'NONE',  ( -10255.33188238365256, 176.9719203373657592, -350.9999999999987494 ) ) ;
#3577 = EDGE_CURVE ( 'NONE', #1224, #1043, #4753, .T. ) ;
#3578 = DIRECTION ( 'NONE',  ( -1.000000000000000000, -0.000000000000000000, 0.000000000000000000 ) ) ;
#3579 = EDGE_CURVE ( 'NONE', #777, #1013, #5105, .T. ) ;
#3580 = ORIENTED_EDGE ( 'NONE', *, *, #2611, .T. ) ;
#3581 = CARTESIAN_POINT ( 'NONE',  ( -11700.00000000000182, -814.9999999999974989, -306.2059048389986629 ) ) ;
#3582 = FACE_OUTER_BOUND ( 'NONE', #2434, .T. ) ;
#3583 = EDGE_CURVE ( 'NONE', #670, #2448, #3928, .T. ) ;
#3584 = ORIENTED_EDGE ( 'NONE', *, *, #4477, .T. ) ;
#3585 = ADVANCED_FACE ( 'NONE', ( #1167 ), #387, .F. ) ;
#3586 = CARTESIAN_POINT ( 'NONE',  ( -26000.00000000000000, -899.9999999999998863, -910.0000000000001137 ) ) ;
#3587 = CARTESIAN_POINT ( 'NONE',  ( -25524.93198115551422, 989.9999999999982947, -960.0000000000014779 ) ) ;
#3588 = PRODUCT_RELATED_PRODUCT_CATEGORY ( 'part', '', ( #617 ) ) ;
#3589 = EDGE_LOOP ( 'NONE', ( #2587, #4679, #895, #2076 ) ) ;
#3590 = ORIENTED_EDGE ( 'NONE', *, *, #3118, .F. ) ;
#3591 = DIRECTION ( 'NONE',  ( 0.000000000000000000, -2.775557561563032853E-16, 1.000000000000000000 ) ) ;
#3592 = DIRECTION ( 'NONE',  ( 0.000000000000000000, 1.000000000000000000, 2.775557561563032853E-16 ) ) ;
#3593 = CARTESIAN_POINT ( 'NONE',  ( -22773.68347295909916, -1190.000000000001592, -660.0000000000007958 ) ) ;
#3594 = VERTEX_POINT ( 'NONE', #2315 ) ;
#3595 = FACE_OUTER_BOUND ( 'NONE', #2017, .T. ) ;
#3596 =( LENGTH_UNIT ( ) NAMED_UNIT ( * ) SI_UNIT ( .MILLI., .METRE. ) );
#3597 = VECTOR ( 'NONE', #5145, 1000.000000000000000 ) ;
#3598 = ORIENTED_EDGE ( 'NONE', *, *, #3720, .F. ) ;
#3599 = DIRECTION ( 'NONE',  ( 1.000000000000000000, -0.000000000000000000, -0.000000000000000000 ) ) ;
#3600 = FACE_OUTER_BOUND ( 'NONE', #2871, .T. ) ;
#3601 = CARTESIAN_POINT ( 'NONE',  ( -11411.43189860506209, 732.4719190560189190, -589.9999999999965894 ) ) ;
#3602 = ORIENTED_EDGE ( 'NONE', *, *, #1973, .F. ) ;
#3603 = EDGE_CURVE ( 'NONE', #1236, #3328, #5176, .T. ) ;
#3604 = CARTESIAN_POINT ( 'NONE',  ( -14119.99999999999818, 1950.712458671872582, -239.9999999999976694 ) ) ;
#3605 = EDGE_CURVE ( 'NONE', #4799, #1667, #3475, .T. ) ;
#3606 = CIRCLE ( 'NONE', #1929, 6000.000000000000000 ) ;
#3607 = ORIENTED_EDGE ( 'NONE', *, *, #3615, .T. ) ;
#3608 = DIRECTION ( 'NONE',  ( -0.000000000000000000, 0.000000000000000000, -1.000000000000000000 ) ) ;
#3609 = CARTESIAN_POINT ( 'NONE',  ( -12541.24822945820597, -1054.999999999997499, -589.9999999999971578 ) ) ;
#3610 = ADVANCED_BREP_SHAPE_REPRESENTATION ( '', ( #3776, #933 ), #682 ) ;
#3611 = ORIENTED_EDGE ( 'NONE', *, *, #1169, .F. ) ;
#3612 = DIRECTION ( 'NONE',  ( 0.000000000000000000, -1.000000000000000000, -2.775557561563032853E-16 ) ) ;
#3613 = DIRECTION ( 'NONE',  ( 0.000000000000000000, -1.000000000000000000, -2.775557561563032853E-16 ) ) ;
#3614 = ORIENTED_EDGE ( 'NONE', *, *, #1939, .F. ) ;
#3615 = EDGE_CURVE ( 'NONE', #4494, #4674, #3083, .T. ) ;
#3616 = CARTESIAN_POINT ( 'NONE',  ( -14175.00000000000000, -1190.000000000001592, -960.0000000000002274 ) ) ;
#3617 = ORIENTED_EDGE ( 'NONE', *, *, #2093, .T. ) ;
#3618 = FACE_OUTER_BOUND ( 'NONE', #2304, .T. ) ;
#3619 = CARTESIAN_POINT ( 'NONE',  ( -13000.00000000000000, 172.2649730022416747, -825.0000000000000000 ) ) ;
#3620 = DIRECTION ( 'NONE',  ( -1.000000000000000000, -2.193033135062037489E-16, 0.000000000000000000 ) ) ;
#3621 = EDGE_LOOP ( 'NONE', ( #1286, #2266, #1150, #2458 ) ) ;
#3622 = CARTESIAN_POINT ( 'NONE',  ( -14241.34358727334438, 713.0416965694206510, -768.3657702387152995 ) ) ;
#3623 = DIRECTION ( 'NONE',  ( 0.000000000000000000, 0.000000000000000000, 1.000000000000000000 ) ) ;
#3624 = ORIENTED_EDGE ( 'NONE', *, *, #3337, .T. ) ;
#3625 = CARTESIAN_POINT ( 'NONE',  ( -26400.00000000000364, -1189.999999999998408, -960.0000000000002274 ) ) ;
#3626 = CARTESIAN_POINT ( 'NONE',  ( -13499.99999999999818, -814.9999999999974989, -589.9999999999970441 ) ) ;
#3627 = DIRECTION ( 'NONE',  ( -0.000000000000000000, 1.000000000000000000, -0.000000000000000000 ) ) ;
#3628 = ORIENTED_EDGE ( 'NONE', *, *, #3973, .F. ) ;
#3629 = VECTOR ( 'NONE', #3772, 1000.000000000000000 ) ;
#3630 = VECTOR ( 'NONE', #1676, 1000.000000000000000 ) ;
#3631 = DIRECTION ( 'NONE',  ( -0.000000000000000000, 1.000000000000000000, -0.000000000000000000 ) ) ;
#3632 = AXIS2_PLACEMENT_3D ( 'NONE', #4485, #1215, #850 ) ;
#3633 = VECTOR ( 'NONE', #3526, 1000.000000000000000 ) ;
#3634 = EDGE_CURVE ( 'NONE', #117, #324, #148, .T. ) ;
#3635 = CIRCLE ( 'NONE', #3212, 460.0000000000000000 ) ;
#3636 = ORIENTED_EDGE ( 'NONE', *, *, #254, .T. ) ;
#3637 = CARTESIAN_POINT ( 'NONE',  ( -24483.04291515397199, 1189.999999999998408, -868.8465180732546287 ) ) ;
#3638 = DIRECTION ( 'NONE',  ( 1.908428413691174465E-16, 0.000000000000000000, -1.000000000000000000 ) ) ;
#3639 = AXIS2_PLACEMENT_3D ( 'NONE', #5122, #750, #4348 ) ;
#3640 = EDGE_LOOP ( 'NONE', ( #1904, #3663, #3234, #18, #4248 ) ) ;
#3641 = LINE ( 'NONE', #764, #63 ) ;
#3642 = PLANE ( 'NONE',  #2708 ) ;
#3643 = STYLED_ITEM ( 'NONE', ( #4861 ), #3776 ) ;
#3644 = UNCERTAINTY_MEASURE_WITH_UNIT (LENGTH_MEASURE( 1.000000000000000082E-05 ), #4068, 'distance_accuracy_value', 'NONE');
#3645 = EDGE_CURVE ( 'NONE', #3779, #1834, #3926, .T. ) ;
#3646 = EDGE_LOOP ( 'NONE', ( #2696, #648, #3428, #4244, #300, #641 ) ) ;
#3647 = DIRECTION ( 'NONE',  ( -1.000000000000000000, -2.193033135062037489E-16, 1.908428413691174465E-16 ) ) ;
#3648 = AXIS2_PLACEMENT_3D ( 'NONE', #4109, #4932, #4587 ) ;
#3649 = ORIENTED_EDGE ( 'NONE', *, *, #3044, .T. ) ;
#3650 = CARTESIAN_POINT ( 'NONE',  ( -14244.28938755609852, -679.9999999999977263, -765.0652677973105256 ) ) ;
#3651 = CARTESIAN_POINT ( 'NONE',  ( -14588.56810139493791, -176.9719203373659866, -350.9999999999987494 ) ) ;
#3652 = VECTOR ( 'NONE', #2596, 1000.000000000000000 ) ;
#3653 = DIRECTION ( 'NONE',  ( 0.000000000000000000, 0.000000000000000000, 1.000000000000000000 ) ) ;
#3654 = EDGE_LOOP ( 'NONE', ( #1473, #4820, #2702, #102, #540, #2925, #4061, #816, #62, #827, #3219, #3012 ) ) ;
#3655 = CARTESIAN_POINT ( 'NONE',  ( -13499.99999999999818, -1950.712458671872810, -589.9999999999973852 ) ) ;
#3656 = ORIENTED_EDGE ( 'NONE', *, *, #3432, .T. ) ;
#3657 = VECTOR ( 'NONE', #2225, 1000.000000000000000 ) ;
#3658 = DIRECTION ( 'NONE',  ( 0.000000000000000000, 2.775557561563032853E-16, -1.000000000000000000 ) ) ;
#3659 = FACE_OUTER_BOUND ( 'NONE', #1310, .T. ) ;
#3660 = DIRECTION ( 'NONE',  ( 0.000000000000000000, -2.249385511977649118E-16, 1.000000000000000000 ) ) ;
#3661 = ADVANCED_FACE ( 'NONE', ( #1493 ), #1099, .F. ) ;
#3662 = EDGE_LOOP ( 'NONE', ( #4401, #2370, #4776, #2116, #2057, #1818, #2183, #3795, #1646, #2761, #429, #29 ) ) ;
#3663 = ORIENTED_EDGE ( 'NONE', *, *, #4952, .T. ) ;
#3664 = DIRECTION ( 'NONE',  ( -0.000000000000000000, -1.000000000000000000, -3.301729611148416588E-16 ) ) ;
#3665 = DIRECTION ( 'NONE',  ( -1.000000000000000000, 0.000000000000000000, 0.000000000000000000 ) ) ;
#3666 = EDGE_CURVE ( 'NONE', #4253, #1160, #2687, .T. ) ;
#3667 = ORIENTED_EDGE ( 'NONE', *, *, #1829, .F. ) ;
#3668 = LINE ( 'NONE', #2392, #5055 ) ;
#3669 = EDGE_LOOP ( 'NONE', ( #1617, #2395, #999, #1850, #365 ) ) ;
#3670 = CARTESIAN_POINT ( 'NONE',  ( -8598.683472959097344, 1189.999999999998408, -660.0000000000002274 ) ) ;
#3671 = ORIENTED_EDGE ( 'NONE', *, *, #392, .T. ) ;
#3672 = CARTESIAN_POINT ( 'NONE',  ( -11349.93198115551968, -990.0000000000009095, 5040.000000000000000 ) ) ;
#3673 = EDGE_CURVE ( 'NONE', #1079, #4673, #2290, .T. ) ;
#3674 = CARTESIAN_POINT ( 'NONE',  ( -4534.427461039362242, 1189.999999999998408, -751.1534819267454850 ) ) ;
#3675 = CARTESIAN_POINT ( 'NONE',  ( 616.7948635501689978, 875.0000000000000000, -1060.000000000000000 ) ) ;
#3676 = ORIENTED_EDGE ( 'NONE', *, *, #1109, .F. ) ;
#3677 = LINE ( 'NONE', #1634, #1064 ) ;
#3678 =( LENGTH_UNIT ( ) NAMED_UNIT ( * ) SI_UNIT ( .MILLI., .METRE. ) );
#3679 = VERTEX_POINT ( 'NONE', #1123 ) ;
#3680 = DIRECTION ( 'NONE',  ( -1.000000000000000000, 0.000000000000000000, 0.000000000000000000 ) ) ;
#3681 = ORIENTED_EDGE ( 'NONE', *, *, #4398, .T. ) ;
#3682 = EDGE_CURVE ( 'NONE', #592, #4460, #2739, .T. ) ;
#3683 = ORIENTED_EDGE ( 'NONE', *, *, #329, .T. ) ;
#3684 = CARTESIAN_POINT ( 'NONE',  ( -13899.99999999999818, 1054.999999999997272, -459.9999999999978400 ) ) ;
#3685 = APPLICATION_CONTEXT ( 'automotive_design' ) ;
#3686 = VERTEX_POINT ( 'NONE', #2712 ) ;
#3687 = CARTESIAN_POINT ( 'NONE',  ( -13975.00000000000182, -200.0000000000000000, -825.0000000000001137 ) ) ;
#3688 = PLANE ( 'NONE',  #2707 ) ;
#3689 = LINE ( 'NONE', #3268, #4467 ) ;
#3690 = ORIENTED_EDGE ( 'NONE', *, *, #4973, .T. ) ;
#3691 = CARTESIAN_POINT ( 'NONE',  ( -26400.00000000000364, 1189.999999999998408, -960.0000000000002274 ) ) ;
#3692 = VECTOR ( 'NONE', #260, 1000.000000000000000 ) ;
#3693 = ORIENTED_EDGE ( 'NONE', *, *, #669, .T. ) ;
#3694 = DIRECTION ( 'NONE',  ( 0.9848077530122092416, -2.159716034021766025E-16, 0.1736481776669237254 ) ) ;
#3695 = VECTOR ( 'NONE', #1756, 1000.000000000000114 ) ;
#3696 = ORIENTED_EDGE ( 'NONE', *, *, #4271, .F. ) ;
#3697 = DIRECTION ( 'NONE',  ( 0.000000000000000000, 0.000000000000000000, 1.000000000000000000 ) ) ;
#3698 = CARTESIAN_POINT ( 'NONE',  ( -12442.82243898500201, 696.5740269077365383, -766.7208309781527760 ) ) ;
#3699 = EDGE_CURVE ( 'NONE', #2349, #714, #4314, .T. ) ;
#3700 = EDGE_LOOP ( 'NONE', ( #2781, #2849, #4074, #3565, #2288, #3545 ) ) ;
#3701 = DIRECTION ( 'NONE',  ( -1.000000000000000000, -3.132904478660053556E-17, -0.000000000000000000 ) ) ;
#3702 =( LENGTH_UNIT ( ) NAMED_UNIT ( * ) SI_UNIT ( .MILLI., .METRE. ) );
#3703 = ORIENTED_EDGE ( 'NONE', *, *, #1283, .F. ) ;
#3704 = DIRECTION ( 'NONE',  ( 3.132904478660053556E-17, -1.000000000000000000, 0.000000000000000000 ) ) ;
#3705 = CONICAL_SURFACE ( 'NONE', #3794, 229.9999999211528348, 0.5235987755979351066 ) ;
#3706 = SURFACE_STYLE_USAGE ( .BOTH. , #2098 ) ;
#3707 = VERTEX_POINT ( 'NONE', #5154 ) ;
#3708 = DIRECTION ( 'NONE',  ( 0.000000000000000000, 0.09939437395458879110, 0.9950481186486287433 ) ) ;
#3709 = ORIENTED_EDGE ( 'NONE', *, *, #2953, .F. ) ;
#3710 = DIRECTION ( 'NONE',  ( 0.000000000000000000, 0.000000000000000000, 1.000000000000000000 ) ) ;
#3711 = ADVANCED_FACE ( 'NONE', ( #1563 ), #3156, .T. ) ;
#3712 = ORIENTED_EDGE ( 'NONE', *, *, #4513, .T. ) ;
#3713 = CARTESIAN_POINT ( 'NONE',  ( -11411.43189860506209, -1077.499998843224375, -589.9999999999971578 ) ) ;
#3714 = LINE ( 'NONE', #582, #5056 ) ;
#3715 = AXIS2_PLACEMENT_3D ( 'NONE', #2025, #4813, #2875 ) ;
#3716 = VECTOR ( 'NONE', #1345, 1000.000000000000000 ) ;
#3717 = ORIENTED_EDGE ( 'NONE', *, *, #3682, .T. ) ;
#3718 = AXIS2_PLACEMENT_3D ( 'NONE', #393, #4445, #444 ) ;
#3719 = CARTESIAN_POINT ( 'NONE',  ( -2825.068018844486687, 1189.999999999998408, -960.0000000000002274 ) ) ;
#3720 = EDGE_CURVE ( 'NONE', #4177, #3845, #4041, .T. ) ;
#3721 = VECTOR ( 'NONE', #2182, 1000.000000000000000 ) ;
#3722 = CARTESIAN_POINT ( 'NONE',  ( -28350.00000000000000, 875.0000000000000000, -1060.000000000000000 ) ) ;
#3723 = DIRECTION ( 'NONE',  ( 0.000000000000000000, 0.000000000000000000, 1.000000000000000000 ) ) ;
#3724 = VERTEX_POINT ( 'NONE', #4016 ) ;
#3725 = CIRCLE ( 'NONE', #1715, 79.99999999999995737 ) ;
#3726 = DIRECTION ( 'NONE',  ( 0.000000000000000000, -2.413528314402513597E-16, 1.000000000000000000 ) ) ;
#3727 = DIRECTION ( 'NONE',  ( 0.000000000000000000, 1.000000000000000000, -2.200304988219453045E-16 ) ) ;
#3728 = CARTESIAN_POINT ( 'NONE',  ( -26400.00000000000364, -899.9999999999998863, -910.0000000000001137 ) ) ;
#3729 = ORIENTED_EDGE ( 'NONE', *, *, #2509, .F. ) ;
#3730 = AXIS2_PLACEMENT_3D ( 'NONE', #3920, #4350, #5041 ) ;
#3731 = DIRECTION ( 'NONE',  ( -1.000000000000000000, 0.000000000000000000, 0.000000000000000000 ) ) ;
#3732 = DIRECTION ( 'NONE',  ( 1.000000000000000000, 0.000000000000000000, 0.000000000000000000 ) ) ;
#3733 = EDGE_CURVE ( 'NONE', #3290, #1771, #2380, .T. ) ;
#3734 = ORIENTED_EDGE ( 'NONE', *, *, #5173, .F. ) ;
#3735 = AXIS2_PLACEMENT_3D ( 'NONE', #4038, #2432, #3255 ) ;
#3736 = CARTESIAN_POINT ( 'NONE',  ( -10255.33188238365256, -1077.499998843224375, -769.9999999999964757 ) ) ;
#3737 = CARTESIAN_POINT ( 'NONE',  ( -14299.99999999999818, -814.9999999999974989, -306.2059048389986629 ) ) ;
#3738 = VERTEX_POINT ( 'NONE', #462 ) ;
#3739 = AXIS2_PLACEMENT_3D ( 'NONE', #1149, #1517, #757 ) ;
#3740 = CARTESIAN_POINT ( 'NONE',  ( -28350.00000000000000, -875.0000000000000000, -1060.000000000000000 ) ) ;
#3741 = EDGE_CURVE ( 'NONE', #2672, #2755, #2407, .T. ) ;
#3742 = ORIENTED_EDGE ( 'NONE', *, *, #773, .F. ) ;
#3743 = CARTESIAN_POINT ( 'NONE',  ( -13000.00000000000000, 229.9999999211528348, -725.0000000000050022 ) ) ;
#3744 = DIRECTION ( 'NONE',  ( -1.000000000000000000, 0.000000000000000000, 0.000000000000000000 ) ) ;
#3745 = EDGE_CURVE ( 'NONE', #4306, #1198, #1214, .T. ) ;
#3746 = CIRCLE ( 'NONE', #568, 199.9999999999999432 ) ;
#3747 = EDGE_LOOP ( 'NONE', ( #1377, #2984, #182, #4880 ) ) ;
#3748 = CARTESIAN_POINT ( 'NONE',  ( -12320.00000000000000, 814.9999999999972715, -239.9999999999979821 ) ) ;
#3749 = FACE_OUTER_BOUND ( 'NONE', #2160, .T. ) ;
#3750 = LINE ( 'NONE', #3353, #4386 ) ;
#3751 = CIRCLE ( 'NONE', #2310, 79.99999999999995737 ) ;
#3752 = DIRECTION ( 'NONE',  ( 0.000000000000000000, -1.000000000000000000, 0.000000000000000000 ) ) ;
#3753 = CARTESIAN_POINT ( 'NONE',  ( -10255.33188238365256, -679.9999999999977263, -765.0652677973106393 ) ) ;
#3754 = EDGE_CURVE ( 'NONE', #4699, #470, #4824, .T. ) ;
#3755 = ADVANCED_FACE ( 'NONE', ( #4837 ), #4438, .F. ) ;
#3756 = VERTEX_POINT ( 'NONE', #1608 ) ;
#3757 = PRODUCT_DEFINITION ( 'NON CONOSCIUTO', '', #510, #85 ) ;
#3758 = SPHERICAL_SURFACE ( 'NONE', #3491, 1000.000000000000000 ) ;
#3759 = CARTESIAN_POINT ( 'NONE',  ( -10255.33188238365256, 679.9999999999979536, -765.0652677973102982 ) ) ;
#3760 = VERTEX_POINT ( 'NONE', #3626 ) ;
#3761 = DIRECTION ( 'NONE',  ( 0.000000000000000000, -1.000000000000000000, 0.000000000000000000 ) ) ;
#3762 = VERTEX_POINT ( 'NONE', #2048 ) ;
#3763 = CARTESIAN_POINT ( 'NONE',  ( -2350.000000000000455, -200.0000000000000000, -825.0000000000001137 ) ) ;
#3764 = CARTESIAN_POINT ( 'NONE',  ( -10308.04291515397927, 1189.999999999998408, -868.8465180732555382 ) ) ;
#3765 = VERTEX_POINT ( 'NONE', #3259 ) ;
#3766 = CARTESIAN_POINT ( 'NONE',  ( -17000.06801884448214, 1189.999999999998408, 5040.000000000000000 ) ) ;
#3767 = EDGE_LOOP ( 'NONE', ( #2933, #2472, #3899, #3886 ) ) ;
#3768 = LINE ( 'NONE', #183, #112 ) ;
#3769 = DIRECTION ( 'NONE',  ( 0.000000000000000000, 1.000000000000000000, 2.775557561563032853E-16 ) ) ;
#3770 = ORIENTED_EDGE ( 'NONE', *, *, #4672, .T. ) ;
#3771 = EDGE_CURVE ( 'NONE', #852, #4717, #2465, .T. ) ;
#3772 = DIRECTION ( 'NONE',  ( 1.000000000000000000, -0.000000000000000000, -0.000000000000000000 ) ) ;
#3773 = DIRECTION ( 'NONE',  ( -3.912072321290969353E-16, 2.775557561563032853E-16, -1.000000000000000000 ) ) ;
#3774 = ADVANCED_FACE ( 'NONE', ( #3600 ), #434, .F. ) ;
#3775 = FACE_OUTER_BOUND ( 'NONE', #4197, .T. ) ;
#3776 = MANIFOLD_SOLID_BREP ( 'Specchia3', #2857 ) ;
#3777 = ORIENTED_EDGE ( 'NONE', *, *, #2418, .T. ) ;
#3778 = CARTESIAN_POINT ( 'NONE',  ( -2825.068018844486687, -1189.999999999999091, -960.0000000000002274 ) ) ;
#3779 = VERTEX_POINT ( 'NONE', #2436 ) ;
#3780 = CARTESIAN_POINT ( 'NONE',  ( -13000.00000000000000, 4.163336342343557632E-15, -725.0000000000050022 ) ) ;
#3781 = CARTESIAN_POINT ( 'NONE',  ( -28350.00000000000000, -875.0000000000000000, -1060.000000000000000 ) ) ;
#3782 = CARTESIAN_POINT ( 'NONE',  ( -11349.93198115551968, 989.9999999999980673, 5040.000000000000000 ) ) ;
#3783 = ADVANCED_FACE ( 'NONE', ( #3659 ), #410, .F. ) ;
#3784 = AXIS2_PLACEMENT_3D ( 'NONE', #3458, #3906, #4338 ) ;
#3785 = ORIENTED_EDGE ( 'NONE', *, *, #3352, .F. ) ;
#3786 = CARTESIAN_POINT ( 'NONE',  ( -14375.00000000000000, -200.0000000000000000, -825.0000000000001137 ) ) ;
#3787 = ORIENTED_EDGE ( 'NONE', *, *, #3139, .T. ) ;
#3788 = CARTESIAN_POINT ( 'NONE',  ( -14388.56810139493609, 877.4999988432243754, -769.9999999999959073 ) ) ;
#3789 = CARTESIAN_POINT ( 'NONE',  ( -17000.06801884448214, 0.000000000000000000, -960.0000000000002274 ) ) ;
#3790 = VERTEX_POINT ( 'NONE', #3204 ) ;
#3791 = DIRECTION ( 'NONE',  ( -0.9848077530122092416, -3.085308620031094321E-17, -0.1736481776669234756 ) ) ;
#3792 = VERTEX_POINT ( 'NONE', #4574 ) ;
#3793 = CARTESIAN_POINT ( 'NONE',  ( -10255.33188238365256, -732.4719190560189190, -589.9999999999970441 ) ) ;
#3794 = AXIS2_PLACEMENT_3D ( 'NONE', #2905, #3710, #1670 ) ;
#3795 = ORIENTED_EDGE ( 'NONE', *, *, #2726, .F. ) ;
#3796 = LINE ( 'NONE', #2957, #543 ) ;
#3797 = DIRECTION ( 'NONE',  ( -1.000000000000000000, -0.000000000000000000, -0.000000000000000000 ) ) ;
#3798 = ORIENTED_EDGE ( 'NONE', *, *, #3004, .T. ) ;
#3799 = AXIS2_PLACEMENT_3D ( 'NONE', #2500, #4553, #4525 ) ;
#3800 = DIRECTION ( 'NONE',  ( -3.132904478660053556E-17, -1.000000000000000000, 0.000000000000000000 ) ) ;
#3801 = VECTOR ( 'NONE', #2345, 1000.000000000000000 ) ;
#3802 = VECTOR ( 'NONE', #1313, 1000.000000000000000 ) ;
#3803 = EDGE_CURVE ( 'NONE', #2672, #3707, #4995, .T. ) ;
#3804 = EDGE_LOOP ( 'NONE', ( #616, #248, #2629, #770 ) ) ;
#3805 = FACE_OUTER_BOUND ( 'NONE', #2034, .T. ) ;
#3806 = FACE_OUTER_BOUND ( 'NONE', #1907, .T. ) ;
#3807 = AXIS2_PLACEMENT_3D ( 'NONE', #5007, #5084, #1081 ) ;
#3808 = DIRECTION ( 'NONE',  ( -0.000000000000000000, -0.9854601157443478865, -0.1699069165076472210 ) ) ;
#3809 = ORIENTED_EDGE ( 'NONE', *, *, #5179, .T. ) ;
#3810 = CARTESIAN_POINT ( 'NONE',  ( -1950.000000000000682, -899.9999999999998863, -910.0000000000001137 ) ) ;
#3811 = AXIS2_PLACEMENT_3D ( 'NONE', #3099, #3544, #4701 ) ;
#3812 = AXIS2_PLACEMENT_3D ( 'NONE', #3149, #4276, #1040 ) ;
#3813 = ORIENTED_EDGE ( 'NONE', *, *, #1283, .T. ) ;
#3814 = DIRECTION ( 'NONE',  ( -1.000000000000000000, -0.000000000000000000, 0.000000000000000000 ) ) ;
#3815 = DIRECTION ( 'NONE',  ( 0.000000000000000000, 0.000000000000000000, 1.000000000000000000 ) ) ;
#3816 = DIRECTION ( 'NONE',  ( 1.000000000000000000, 0.000000000000000000, 0.000000000000000000 ) ) ;
#3817 = AXIS2_PLACEMENT_3D ( 'NONE', #123, #2786, #3996 ) ;
#3818 = ORIENTED_EDGE ( 'NONE', *, *, #2807, .T. ) ;
#3819 = VECTOR ( 'NONE', #1349, 1000.000000000000000 ) ;
#3820 = PLANE ( 'NONE',  #4558 ) ;
#3821 = CIRCLE ( 'NONE', #979, 6000.000000000000000 ) ;
#3822 = VERTEX_POINT ( 'NONE', #1820 ) ;
#3823 = FACE_OUTER_BOUND ( 'NONE', #4845, .T. ) ;
#3824 = DIRECTION ( 'NONE',  ( 0.000000000000000000, 1.000000000000000000, 0.000000000000000000 ) ) ;
#3825 = EDGE_CURVE ( 'NONE', #2367, #3425, #2946, .T. ) ;
#3826 = ORIENTED_EDGE ( 'NONE', *, *, #606, .F. ) ;
#3827 = AXIS2_PLACEMENT_3D ( 'NONE', #2194, #146, #3697 ) ;
#3828 = LINE ( 'NONE', #3088, #4221 ) ;
#3829 = DIRECTION ( 'NONE',  ( -3.132904478660053556E-17, -1.000000000000000000, 0.000000000000000000 ) ) ;
#3830 = DIRECTION ( 'NONE',  ( 0.000000000000000000, 0.000000000000000000, 1.000000000000000000 ) ) ;
#3831 = VECTOR ( 'NONE', #3814, 1000.000000000000000 ) ;
#3832 = ORIENTED_EDGE ( 'NONE', *, *, #174, .F. ) ;
#3833 = CARTESIAN_POINT ( 'NONE',  ( -10255.33188238365256, -176.9719203373659866, -350.9999999999987494 ) ) ;
#3834 = CARTESIAN_POINT ( 'NONE',  ( -13558.65641272664834, 713.0416965694201963, -768.3657702387152995 ) ) ;
#3835 = ORIENTED_EDGE ( 'NONE', *, *, #4756, .T. ) ;
#3836 = EDGE_LOOP ( 'NONE', ( #4746, #313, #2668, #914, #4397 ) ) ;
#3837 = EDGE_CURVE ( 'NONE', #680, #952, #4808, .T. ) ;
#3838 = CARTESIAN_POINT ( 'NONE',  ( -2350.000000000000455, 899.9999999999998863, -910.0000000000001137 ) ) ;
#3839 = ADVANCED_FACE ( 'NONE', ( #1412 ), #2601, .T. ) ;
#3840 = LINE ( 'NONE', #1457, #1346 ) ;
#3841 = DIRECTION ( 'NONE',  ( -1.000000000000000000, -0.000000000000000000, -0.000000000000000000 ) ) ;
#3842 = DIRECTION ( 'NONE',  ( 0.000000000000000000, -1.000000000000000000, -2.775557561563032853E-16 ) ) ;
#3843 = ORIENTED_EDGE ( 'NONE', *, *, #825, .F. ) ;
#3844 = PLANE ( 'NONE',  #3470 ) ;
#3845 = VERTEX_POINT ( 'NONE', #5018 ) ;
#3846 = CARTESIAN_POINT ( 'NONE',  ( -14588.56810139493791, 176.9719203373657592, -350.9999999999987494 ) ) ;
#3847 = VERTEX_POINT ( 'NONE', #1842 ) ;
#3848 = EDGE_CURVE ( 'NONE', #4956, #1226, #4647, .T. ) ;
#3849 = EDGE_CURVE ( 'NONE', #755, #2772, #203, .T. ) ;
#3850 = DIRECTION ( 'NONE',  ( 1.000000000000000000, -0.000000000000000000, -0.000000000000000000 ) ) ;
#3851 = LINE ( 'NONE', #269, #1684 ) ;
#3852 = CARTESIAN_POINT ( 'NONE',  ( -11757.17756101499617, 696.5740269077374478, -766.7208309781528897 ) ) ;
#3853 = VECTOR ( 'NONE', #2231, 1000.000000000000000 ) ;
#3854 = VERTEX_POINT ( 'NONE', #3394 ) ;
#3855 = CARTESIAN_POINT ( 'NONE',  ( -13560.14709064066847, 729.4021522441533989, -769.9999999999959073 ) ) ;
#3856 = DIRECTION ( 'NONE',  ( 0.000000000000000000, 1.000000000000000000, 3.301729611148416588E-16 ) ) ;
#3857 = ORIENTED_EDGE ( 'NONE', *, *, #3339, .F. ) ;
#3858 = ORIENTED_EDGE ( 'NONE', *, *, #3499, .T. ) ;
#3859 = PRODUCT_DEFINITION_FORMATION_WITH_SPECIFIED_SOURCE ( 'TUTTO', '', #617, .NOT_KNOWN. ) ;
#3860 = CARTESIAN_POINT ( 'NONE',  ( -14341.24822945820415, -1054.999999999997499, -589.9999999999971578 ) ) ;
#3861 = EDGE_LOOP ( 'NONE', ( #1971, #3382, #2401, #3281, #721, #775, #3590, #3017 ) ) ;
#3862 = CARTESIAN_POINT ( 'NONE',  ( -12547.28068913207790, 679.9999999999977263, -567.4243228023077563 ) ) ;
#3863 = CARTESIAN_POINT ( 'NONE',  ( -2350.000000000000455, 200.0000000000000000, -825.0000000000001137 ) ) ;
#3864 = AXIS2_PLACEMENT_3D ( 'NONE', #2014, #4793, #4374 ) ;
#3865 = DIRECTION ( 'NONE',  ( 0.000000000000000000, 1.000000000000000000, 0.000000000000000000 ) ) ;
#3866 = VERTEX_POINT ( 'NONE', #3737 ) ;
#3867 = VECTOR ( 'NONE', #3203, 1000.000000000000000 ) ;
#3868 = CARTESIAN_POINT ( 'NONE',  ( -4534.427461039363152, -990.0000000000002274, -751.1534819267455987 ) ) ;
#3869 = CARTESIAN_POINT ( 'NONE',  ( -14588.56810139493791, -729.4021522441533989, -769.9999999999963620 ) ) ;
#3870 = ORIENTED_EDGE ( 'NONE', *, *, #49, .F. ) ;
#3871 = CARTESIAN_POINT ( 'NONE',  ( -28187.75597880006899, 989.9999999999984084, 920.1315677728725859 ) ) ;
#3872 = CARTESIAN_POINT ( 'NONE',  ( -12439.85290935933153, -729.4021522441533989, -769.9999999999963620 ) ) ;
#3873 = ORIENTED_EDGE ( 'NONE', *, *, #3745, .F. ) ;
#3874 = EDGE_CURVE ( 'NONE', #991, #3439, #570, .T. ) ;
#3875 = EDGE_CURVE ( 'NONE', #2015, #4177, #2576, .T. ) ;
#3876 = DIRECTION ( 'NONE',  ( -0.000000000000000000, -1.000000000000000000, -0.000000000000000000 ) ) ;
#3877 = DIRECTION ( 'NONE',  ( 1.000000000000000000, 0.000000000000000000, 0.000000000000000000 ) ) ;
#3878 = DIRECTION ( 'NONE',  ( 3.912072321290969353E-16, 2.775557561563032853E-16, -1.000000000000000000 ) ) ;
#3879 = VERTEX_POINT ( 'NONE', #2627 ) ;
#3880 = PLANE ( 'NONE',  #3323 ) ;
#3881 = CARTESIAN_POINT ( 'NONE',  ( -2825.068018844486232, -989.9999999999990905, -960.0000000000014779 ) ) ;
#3882 = EDGE_CURVE ( 'NONE', #1593, #1726, #1744, .T. ) ;
#3883 = ORIENTED_EDGE ( 'NONE', *, *, #809, .F. ) ;
#3884 = ORIENTED_EDGE ( 'NONE', *, *, #4228, .T. ) ;
#3885 = CARTESIAN_POINT ( 'NONE',  ( -2350.000000000000455, 1189.999999999998408, -960.0000000000002274 ) ) ;
#3886 = ORIENTED_EDGE ( 'NONE', *, *, #4230, .F. ) ;
#3887 = AXIS2_PLACEMENT_3D ( 'NONE', #954, #4144, #562 ) ;
#3888 = DIRECTION ( 'NONE',  ( 0.000000000000000000, 2.775557561563032853E-16, -1.000000000000000000 ) ) ;
#3889 = DIRECTION ( 'NONE',  ( 0.000000000000000000, 1.000000000000000000, 2.775557561563032853E-16 ) ) ;
#3890 = VECTOR ( 'NONE', #3931, 1000.000000000000000 ) ;
#3891 = EDGE_LOOP ( 'NONE', ( #1372, #3061, #973, #3517 ) ) ;
#3893 = CARTESIAN_POINT ( 'NONE',  ( -11700.00000000000182, -1950.712458671873037, -306.2059048389990039 ) ) ;
#3892 = VECTOR ( 'NONE', #1120, 1000.000000000000000 ) ;
#3894 = CYLINDRICAL_SURFACE ( 'NONE', #2363, 460.0000000000000568 ) ;
#3895 = ORIENTED_EDGE ( 'NONE', *, *, #2620, .T. ) ;
#3896 = CARTESIAN_POINT ( 'NONE',  ( -22773.68347295909552, -989.9999999999995453, -6660.000000000000909 ) ) ;
#3897 = DIRECTION ( 'NONE',  ( -0.000000000000000000, 1.000000000000000000, -0.000000000000000000 ) ) ;
#3898 = VECTOR ( 'NONE', #2924, 1000.000000000000000 ) ;
#3899 = ORIENTED_EDGE ( 'NONE', *, *, #3223, .F. ) ;
#3900 = EDGE_CURVE ( 'NONE', #1113, #2349, #994, .T. ) ;
#3901 = AXIS2_PLACEMENT_3D ( 'NONE', #4610, #2169, #1029 ) ;
#3902 = VECTOR ( 'NONE', #1792, 1000.000000000000114 ) ;
#3903 = ADVANCED_FACE ( 'NONE', ( #3342 ), #4544, .T. ) ;
#3904 = VECTOR ( 'NONE', #2942, 1000.000000000000000 ) ;
#3905 = DIRECTION ( 'NONE',  ( 1.000000000000000000, -0.000000000000000000, 0.000000000000000000 ) ) ;
#3906 = DIRECTION ( 'NONE',  ( 0.000000000000000000, 2.775557561563032853E-16, -1.000000000000000000 ) ) ;
#3907 = LINE ( 'NONE', #1886, #3890 ) ;
#3908 = CIRCLE ( 'NONE', #4821, 6000.000000000000000 ) ;
#3909 = ORIENTED_EDGE ( 'NONE', *, *, #3673, .F. ) ;
#3910 = ORIENTED_EDGE ( 'NONE', *, *, #4190, .F. ) ;
#3911 = CARTESIAN_POINT ( 'NONE',  ( -14175.00000000000000, 1189.999999999997954, -960.0000000000002274 ) ) ;
#3912 = LINE ( 'NONE', #2226, #2791 ) ;
#3913 = VERTEX_POINT ( 'NONE', #253 ) ;
#3914 = ORIENTED_EDGE ( 'NONE', *, *, #57, .F. ) ;
#3915 = EDGE_CURVE ( 'NONE', #2122, #751, #1015, .T. ) ;
#3916 = DIRECTION ( 'NONE',  ( 0.000000000000000000, -1.000000000000000000, 0.000000000000000000 ) ) ;
#3917 = ORIENTED_EDGE ( 'NONE', *, *, #1485, .T. ) ;
#3918 = LINE ( 'NONE', #727, #263 ) ;
#3919 = DIRECTION ( 'NONE',  ( 1.000000000000000000, -0.000000000000000000, -0.000000000000000000 ) ) ;
#3920 = CARTESIAN_POINT ( 'NONE',  ( -28350.00000000000000, -875.0000000000000000, -1060.000000000000000 ) ) ;
#3921 = ORIENTED_EDGE ( 'NONE', *, *, #2110, .T. ) ;
#3922 = PLANE ( 'NONE',  #4716 ) ;
#3923 = CARTESIAN_POINT ( 'NONE',  ( -13899.99999999999818, -1054.999999999997726, -459.9999999999984084 ) ) ;
#3924 = ORIENTED_EDGE ( 'NONE', *, *, #4698, .T. ) ;
#3925 = FACE_OUTER_BOUND ( 'NONE', #2664, .T. ) ;
#3926 = LINE ( 'NONE', #2357, #1071 ) ;
#3927 = VERTEX_POINT ( 'NONE', #1355 ) ;
#3928 =( BOUNDED_CURVE ( )  B_SPLINE_CURVE ( 3, ( #1977, #3505, #3553, #3872 ),
 .UNSPECIFIED., .F., .T. ) 
 B_SPLINE_CURVE_WITH_KNOTS ( ( 4, 4 ),
 ( 5.437455678617205024, 5.451881468827075139 ),
 .UNSPECIFIED. ) 
 CURVE ( )  GEOMETRIC_REPRESENTATION_ITEM ( )  RATIONAL_B_SPLINE_CURVE ( ( 1.000000000000000000, 0.9999826581232540423, 0.9999826581232540423, 1.000000000000000000 ) ) 
 REPRESENTATION_ITEM ( '' )  );
#3929 = ADVANCED_FACE ( 'NONE', ( #2546 ), #4917, .F. ) ;
#3930 = CARTESIAN_POINT ( 'NONE',  ( -14119.99999999999818, -1077.499998843224603, -239.9999999999985505 ) ) ;
#3931 = DIRECTION ( 'NONE',  ( 0.000000000000000000, -1.000000000000000000, -2.775557561563032853E-16 ) ) ;
#3932 = ORIENTED_EDGE ( 'NONE', *, *, #1251, .T. ) ;
#3933 = DIRECTION ( 'NONE',  ( 0.000000000000000000, -1.000000000000000000, -2.775557561563032853E-16 ) ) ;
#3934 = DIRECTION ( 'NONE',  ( -1.000000000000000000, 0.000000000000000000, -0.000000000000000000 ) ) ;
#3935 = VERTEX_POINT ( 'NONE', #4153 ) ;
#3936 = CARTESIAN_POINT ( 'NONE',  ( -14299.99999999999818, -1950.712458671872810, -589.9999999999973852 ) ) ;
#3937 = CARTESIAN_POINT ( 'NONE',  ( -13975.00000000000182, -1189.999999999998863, -960.0000000000002274 ) ) ;
#3938 = DIRECTION ( 'NONE',  ( 1.000000000000000000, 0.000000000000000000, 0.000000000000000000 ) ) ;
#3939 = EDGE_CURVE ( 'NONE', #2797, #1341, #2155, .T. ) ;
#3940 = FACE_OUTER_BOUND ( 'NONE', #177, .T. ) ;
#3941 = EDGE_LOOP ( 'NONE', ( #5003, #2621, #3492, #4835 ) ) ;
#3942 = DIRECTION ( 'NONE',  ( 0.1736481776669235033, 0.000000000000000000, -0.9848077530122092416 ) ) ;
#3943 = DIRECTION ( 'NONE',  ( 0.000000000000000000, 1.000000000000000000, 2.249385511977649118E-16 ) ) ;
#3944 = VERTEX_POINT ( 'NONE', #2205 ) ;
#3945 = CIRCLE ( 'NONE', #1683, 6000.000000000000000 ) ;
#3946 = PLANE ( 'NONE',  #951 ) ;
#3947 = CARTESIAN_POINT ( 'NONE',  ( -13680.00000000000000, 1950.712458671872582, -239.9999999999976694 ) ) ;
#3948 = ORIENTED_EDGE ( 'NONE', *, *, #2520, .T. ) ;
#3949 = CARTESIAN_POINT ( 'NONE',  ( -12439.85290935933153, 1054.999999999997499, -769.9999999999957936 ) ) ;
#3950 = CARTESIAN_POINT ( 'NONE',  ( -13458.75177054179403, 814.9999999999972715, -589.9999999999965894 ) ) ;
#3951 = EDGE_CURVE ( 'NONE', #916, #1716, #3725, .T. ) ;
#3952 = CARTESIAN_POINT ( 'NONE',  ( -14588.56810139493791, 1077.499998843224375, -589.9999999999964757 ) ) ;
#3953 = CARTESIAN_POINT ( 'NONE',  ( -1950.000000000000682, 1189.999999999998408, -960.0000000000002274 ) ) ;
#3954 = ORIENTED_EDGE ( 'NONE', *, *, #825, .T. ) ;
#3955 = CARTESIAN_POINT ( 'NONE',  ( -13499.99999999999818, -1950.712458671873037, -306.2059048389992313 ) ) ;
#3956 = EDGE_CURVE ( 'NONE', #2103, #4032, #2179, .T. ) ;
#3957 = ORIENTED_EDGE ( 'NONE', *, *, #1024, .F. ) ;
#3958 = DIRECTION ( 'NONE',  ( 0.000000000000000000, 0.000000000000000000, -1.000000000000000000 ) ) ;
#3959 = ADVANCED_FACE ( 'NONE', ( #5146 ), #306, .T. ) ;
#3960 = PLANE ( 'NONE',  #554 ) ;
#3961 = VERTEX_POINT ( 'NONE', #3863 ) ;
#3962 = CARTESIAN_POINT ( 'NONE',  ( -26400.00000000000364, 800.0000000000000000, -910.0000000000001137 ) ) ;
#3963 = VECTOR ( 'NONE', #1335, 1000.000000000000000 ) ;
#3964 = AXIS2_PLACEMENT_3D ( 'NONE', #689, #1503, #2275 ) ;
#3965 = ORIENTED_EDGE ( 'NONE', *, *, #4764, .T. ) ;
#3966 = DIRECTION ( 'NONE',  ( 0.000000000000000000, 1.000000000000000000, 2.249385511977649118E-16 ) ) ;
#3967 = DIRECTION ( 'NONE',  ( 0.000000000000000000, -1.000000000000000000, -2.775557561563032853E-16 ) ) ;
#3968 = CIRCLE ( 'NONE', #2974, 460.0000000000000000 ) ;
#3969 = ORIENTED_EDGE ( 'NONE', *, *, #3423, .T. ) ;
#3970 = EDGE_CURVE ( 'NONE', #3109, #2825, #1555, .T. ) ;
#3971 = ADVANCED_FACE ( 'NONE', ( #672 ), #3467, .T. ) ;
#3972 = VECTOR ( 'NONE', #4803, 1000.000000000000000 ) ;
#3973 = EDGE_CURVE ( 'NONE', #1716, #1226, #5067, .T. ) ;
#3974 = VECTOR ( 'NONE', #1069, 1000.000000000000000 ) ;
#3975 = CIRCLE ( 'NONE', #1720, 277.7941176470602045 ) ;
#3976 = CARTESIAN_POINT ( 'NONE',  ( -27970.00000000000364, -875.0000000000000000, -1060.000000000000000 ) ) ;
#3977 = EDGE_CURVE ( 'NONE', #3261, #1726, #4748, .T. ) ;
#3978 = CARTESIAN_POINT ( 'NONE',  ( -14375.00000000000000, 200.0000000000000000, -825.0000000000001137 ) ) ;
#3979 = ORIENTED_EDGE ( 'NONE', *, *, #3036, .F. ) ;
#3980 = CARTESIAN_POINT ( 'NONE',  ( -15744.66811761634744, 814.9999999999972715, -589.9999999999965894 ) ) ;
#3981 = CARTESIAN_POINT ( 'NONE',  ( -2350.000000000000455, -200.0000000000000000, -825.0000000000001137 ) ) ;
#3982 = ORIENTED_EDGE ( 'NONE', *, *, #1201, .F. ) ;
#3983 = DIRECTION ( 'NONE',  ( 0.000000000000000000, 1.000000000000000000, 3.301729611148416588E-16 ) ) ;
#3984 = ORIENTED_EDGE ( 'NONE', *, *, #24, .T. ) ;
#3985 = CARTESIAN_POINT ( 'NONE',  ( 0.000000000000000000, 875.0000000000000000, -1140.000000000000227 ) ) ;
#3986 = CARTESIAN_POINT ( 'NONE',  ( -13975.00000000000182, -800.0000000000000000, -910.0000000000001137 ) ) ;
#3987 = AXIS2_PLACEMENT_3D ( 'NONE', #2274, #4692, #1031 ) ;
#3988 = EDGE_CURVE ( 'NONE', #1766, #1407, #1940, .T. ) ;
#3989 = FACE_OUTER_BOUND ( 'NONE', #4207, .T. ) ;
#3990 = ORIENTED_EDGE ( 'NONE', *, *, #1057, .F. ) ;
#3991 = DIRECTION ( 'NONE',  ( -7.824144642581933777E-16, -2.775557561563032853E-16, 1.000000000000000000 ) ) ;
#3992 = ADVANCED_FACE ( 'NONE', ( #2351 ), #2256, .F. ) ;
#3993 = AXIS2_PLACEMENT_3D ( 'NONE', #231, #3704, #3393 ) ;
#3994 = ORIENTED_EDGE ( 'NONE', *, *, #4565, .F. ) ;
#3995 = CARTESIAN_POINT ( 'NONE',  ( -11700.00000000000182, -1077.499998843224375, -589.9999999999971578 ) ) ;
#3996 = DIRECTION ( 'NONE',  ( 0.000000000000000000, -4.827056628805028179E-16, 1.000000000000000000 ) ) ;
#3997 = ORIENTED_EDGE ( 'NONE', *, *, #2166, .F. ) ;
#3998 = CARTESIAN_POINT ( 'NONE',  ( -12320.00000000000000, 814.9999999999972715, -517.7941176470590108 ) ) ;
#3999 = ADVANCED_FACE ( 'NONE', ( #1141 ), #3960, .F. ) ;
#4000 = DIRECTION ( 'NONE',  ( -0.000000000000000000, 0.000000000000000000, 1.000000000000000000 ) ) ;
#4001 = LINE ( 'NONE', #1616, #2540 ) ;
#4002 = VERTEX_POINT ( 'NONE', #3496 ) ;
#4003 = CARTESIAN_POINT ( 'NONE',  ( -10255.33188238365256, 1077.499998843224375, -589.9999999999964757 ) ) ;
#4004 = CARTESIAN_POINT ( 'NONE',  ( -380.0000000000000000, -875.0000000000000000, -1060.000000000000000 ) ) ;
#4005 = VERTEX_POINT ( 'NONE', #4678 ) ;
#4006 = DIRECTION ( 'NONE',  ( 1.000000000000000000, -2.220446049250313081E-16, 0.000000000000000000 ) ) ;
#4007 = ORIENTED_EDGE ( 'NONE', *, *, #1784, .F. ) ;
#4008 = DIRECTION ( 'NONE',  ( -2.193033135062037489E-16, 1.000000000000000000, 0.000000000000000000 ) ) ;
#4009 = DIRECTION ( 'NONE',  ( 0.000000000000000000, 0.000000000000000000, 1.000000000000000000 ) ) ;
#4010 = FACE_OUTER_BOUND ( 'NONE', #1575, .T. ) ;
#4011 = ORIENTED_EDGE ( 'NONE', *, *, #3754, .T. ) ;
#4012 = CARTESIAN_POINT ( 'NONE',  ( -17000.06801884448214, 1189.999999999997954, 5040.000000000000000 ) ) ;
#4013 = EDGE_CURVE ( 'NONE', #4, #1165, #2547, .T. ) ;
#4014 = VERTEX_POINT ( 'NONE', #1483 ) ;
#4015 = DIRECTION ( 'NONE',  ( 0.000000000000000000, 0.000000000000000000, -1.000000000000000000 ) ) ;
#4016 = CARTESIAN_POINT ( 'NONE',  ( -26400.00000000000364, 1189.999999999998408, -960.0000000000002274 ) ) ;
#4017 = CYLINDRICAL_SURFACE ( 'NONE', #3817, 460.0000000000000568 ) ;
#4018 = ORIENTED_EDGE ( 'NONE', *, *, #1448, .F. ) ;
#4019 = LINE ( 'NONE', #1227, #1370 ) ;
#4020 = EDGE_CURVE ( 'NONE', #1430, #4699, #3477, .T. ) ;
#4021 = CIRCLE ( 'NONE', #1932, 79.99999999999995737 ) ;
#4022 = ORIENTED_EDGE ( 'NONE', *, *, #2762, .F. ) ;
#4023 = LINE ( 'NONE', #443, #518 ) ;
#4024 = AXIS2_PLACEMENT_3D ( 'NONE', #1098, #4707, #3552 ) ;
#4025 = DIRECTION ( 'NONE',  ( 0.000000000000000000, 0.000000000000000000, -1.000000000000000000 ) ) ;
#4026 = EDGE_CURVE ( 'NONE', #1113, #5113, #696, .T. ) ;
#4027 = ORIENTED_EDGE ( 'NONE', *, *, #4316, .F. ) ;
#4028 = LINE ( 'NONE', #3952, #236 ) ;
#4029 = CARTESIAN_POINT ( 'NONE',  ( -13000.00000000000000, -172.2649730022416747, -825.0000000000000000 ) ) ;
#4030 = EDGE_LOOP ( 'NONE', ( #2519, #3317, #5142, #1844 ) ) ;
#4031 = CARTESIAN_POINT ( 'NONE',  ( -28966.79486355017070, 794.9999999999924967, -1060.000000000000000 ) ) ;
#4032 = VERTEX_POINT ( 'NONE', #1162 ) ;
#4033 = EDGE_CURVE ( 'NONE', #1834, #701, #3521, .T. ) ;
#4034 = CARTESIAN_POINT ( 'NONE',  ( -5576.316527040903566, 1189.999999999998408, -660.0000000000007958 ) ) ;
#4035 = DIRECTION ( 'NONE',  ( -1.000000000000000000, 3.700743415417188263E-17, 0.000000000000000000 ) ) ;
#4036 = VECTOR ( 'NONE', #4890, 1000.000000000000114 ) ;
#4037 = ORIENTED_EDGE ( 'NONE', *, *, #3603, .F. ) ;
#4038 = CARTESIAN_POINT ( 'NONE',  ( -13899.99999999999818, 679.9999999999979536, -909.9999999999979536 ) ) ;
#4039 = ORIENTED_EDGE ( 'NONE', *, *, #1188, .F. ) ;
#4040 = CARTESIAN_POINT ( 'NONE',  ( 616.7948635501689978, -875.0000000000000000, -980.0000000000001137 ) ) ;
#4041 = LINE ( 'NONE', #2019, #2141 ) ;
#4042 = DIRECTION ( 'NONE',  ( 1.000000000000000000, 0.000000000000000000, 0.000000000000000000 ) ) ;
#4043 = EDGE_LOOP ( 'NONE', ( #1625, #1022, #4096, #339 ) ) ;
#4044 = EDGE_CURVE ( 'NONE', #2805, #564, #728, .T. ) ;
#4045 = AXIS2_PLACEMENT_3D ( 'NONE', #3189, #3613, #27 ) ;
#4046 = LINE ( 'NONE', #4417, #3027 ) ;
#4047 =( REPRESENTATION_RELATIONSHIP ('NONE','NONE', #3023, #1941 ) REPRESENTATION_RELATIONSHIP_WITH_TRANSFORMATION ( #2768 )SHAPE_REPRESENTATION_RELATIONSHIP( ) );
#4048 = CIRCLE ( 'NONE', #2795, 277.7941176470602045 ) ;
#4049 = ORIENTED_EDGE ( 'NONE', *, *, #2107, .F. ) ;
#4050 = EDGE_CURVE ( 'NONE', #3345, #4201, #382, .T. ) ;
#4051 = CARTESIAN_POINT ( 'NONE',  ( -12100.00000000000182, -814.9999999999974989, -459.9999999999983515 ) ) ;
#4052 = LINE ( 'NONE', #3609, #296 ) ;
#4053 = VECTOR ( 'NONE', #3841, 1000.000000000000000 ) ;
#4054 = AXIS2_PLACEMENT_3D ( 'NONE', #1840, #3443, #694 ) ;
#4055 = EDGE_LOOP ( 'NONE', ( #645, #3021, #2864, #3498 ) ) ;
#4056 = DIRECTION ( 'NONE',  ( -1.000000000000000000, 0.000000000000000000, 0.000000000000000000 ) ) ;
#4057 = AXIS2_PLACEMENT_3D ( 'NONE', #34, #1629, #3228 ) ;
#4058 = VERTEX_POINT ( 'NONE', #3078 ) ;
#4059 = FACE_BOUND ( 'NONE', #3375, .T. ) ;
#4060 = CIRCLE ( 'NONE', #4811, 277.7941176470602045 ) ;
#4061 = ORIENTED_EDGE ( 'NONE', *, *, #4446, .F. ) ;
#4062 = CARTESIAN_POINT ( 'NONE',  ( -12100.00000000000182, -679.9999999999977263, -459.9999999999982947 ) ) ;
#4063 = DIRECTION ( 'NONE',  ( 0.000000000000000000, -2.413528314402513597E-16, 1.000000000000000000 ) ) ;
#4064 = EDGE_CURVE ( 'NONE', #4839, #3935, #772, .T. ) ;
#4065 = CARTESIAN_POINT ( 'NONE',  ( 0.000000000000000000, -875.0000000000000000, -1140.000000000000227 ) ) ;
#4066 = ORIENTED_EDGE ( 'NONE', *, *, #24, .F. ) ;
#4067 = LINE ( 'NONE', #3655, #4214 ) ;
#4068 =( LENGTH_UNIT ( ) NAMED_UNIT ( * ) SI_UNIT ( .MILLI., .METRE. ) );
#4069 = ORIENTED_EDGE ( 'NONE', *, *, #2190, .T. ) ;
#4070 = AXIS2_PLACEMENT_3D ( 'NONE', #5164, #421, #942 ) ;
#4071 = LINE ( 'NONE', #2379, #1363 ) ;
#4072 = FILL_AREA_STYLE_COLOUR ( '', #1471 ) ;
#4073 = DIRECTION ( 'NONE',  ( 0.000000000000000000, -1.000000000000000000, 0.000000000000000000 ) ) ;
#4074 = ORIENTED_EDGE ( 'NONE', *, *, #103, .F. ) ;
#4075 = ORIENTED_EDGE ( 'NONE', *, *, #1504, .F. ) ;
#4076 = ORIENTED_EDGE ( 'NONE', *, *, #4368, .F. ) ;
#4077 = CARTESIAN_POINT ( 'NONE',  ( -12500.00000000000182, 1950.712458671872582, -306.2059048389983218 ) ) ;
#4078 = CARTESIAN_POINT ( 'NONE',  ( -8598.683472959099163, 1189.999999999998408, -6660.000000000000000 ) ) ;
#4079 = EDGE_CURVE ( 'NONE', #470, #852, #1093, .T. ) ;
#4080 = ORIENTED_EDGE ( 'NONE', *, *, #4905, .F. ) ;
#4081 = CARTESIAN_POINT ( 'NONE',  ( -14299.99999999999818, 814.9999999999972715, -589.9999999999965894 ) ) ;
#4082 = AXIS2_PLACEMENT_3D ( 'NONE', #2835, #426, #67 ) ;
#4083 = ORIENTED_EDGE ( 'NONE', *, *, #810, .T. ) ;
#4084 = DIRECTION ( 'NONE',  ( 0.000000000000000000, -1.000000000000000000, 0.000000000000000000 ) ) ;
#4085 = ORIENTED_EDGE ( 'NONE', *, *, #4340, .F. ) ;
#4086 = FACE_OUTER_BOUND ( 'NONE', #1261, .T. ) ;
#4087 = CARTESIAN_POINT ( 'NONE',  ( -13454.53873465198922, 697.6074941491500567, -574.9998243529004185 ) ) ;
#4088 = ORIENTED_EDGE ( 'NONE', *, *, #3339, .T. ) ;
#4089 = FACE_OUTER_BOUND ( 'NONE', #1677, .T. ) ;
#4090 = VERTEX_POINT ( 'NONE', #2654 ) ;
#4091 = CARTESIAN_POINT ( 'NONE',  ( -18041.95708484602437, -1190.000000000001592, -868.8465180732550834 ) ) ;
#4092 = DIRECTION ( 'NONE',  ( 0.000000000000000000, 0.9185881544472646043, 0.3952161465694035702 ) ) ;
#4093 = PLANE ( 'NONE',  #4807 ) ;
#4094 = ORIENTED_EDGE ( 'NONE', *, *, #2796, .T. ) ;
#4095 = CARTESIAN_POINT ( 'NONE',  ( -14175.00000000000000, 1189.999999999997954, -960.0000000000002274 ) ) ;
#4096 = ORIENTED_EDGE ( 'NONE', *, *, #4606, .F. ) ;
#4097 = DIRECTION ( 'NONE',  ( 0.000000000000000000, -1.000000000000000000, 0.000000000000000000 ) ) ;
#4098 = ADVANCED_FACE ( 'NONE', ( #7, #2775, #824 ), #3252, .F. ) ;
#4099 = VERTEX_POINT ( 'NONE', #846 ) ;
#4100 = AXIS2_PLACEMENT_3D ( 'NONE', #4510, #4594, #990 ) ;
#4101 = DIRECTION ( 'NONE',  ( -1.000000000000000000, 0.000000000000000000, -0.000000000000000000 ) ) ;
#4102 = CARTESIAN_POINT ( 'NONE',  ( -13499.99999999999818, -1077.499998843224375, -589.9999999999971578 ) ) ;
#4103 = VERTEX_POINT ( 'NONE', #2429 ) ;
#4104 = AXIS2_PLACEMENT_3D ( 'NONE', #3675, #2778, #3653 ) ;
#4105 = FACE_OUTER_BOUND ( 'NONE', #2862, .T. ) ;
#4106 = VECTOR ( 'NONE', #881, 1000.000000000000000 ) ;
#4107 = ORIENTED_EDGE ( 'NONE', *, *, #1134, .T. ) ;
#4108 = EDGE_CURVE ( 'NONE', #1933, #766, #88, .T. ) ;
#4109 = CARTESIAN_POINT ( 'NONE',  ( -22773.68347295909552, 1189.999999999998408, -6660.000000000000909 ) ) ;
#4110 = EDGE_LOOP ( 'NONE', ( #522, #1278, #1748, #3370 ) ) ;
#4111 = CYLINDRICAL_SURFACE ( 'NONE', #5162, 277.7941176470602045 ) ;
#4112 = CARTESIAN_POINT ( 'NONE',  ( -13452.71931086792210, 679.9999999999977263, -567.4243228023077563 ) ) ;
#4113 = SPHERICAL_SURFACE ( 'NONE', #352, 1000.000000000000000 ) ;
#4114 = ORIENTED_EDGE ( 'NONE', *, *, #797, .T. ) ;
#4115 = EDGE_CURVE ( 'NONE', #2955, #3845, #1990, .T. ) ;
#4116 = CARTESIAN_POINT ( 'NONE',  ( -12444.28938755610034, -679.9999999999974989, -765.0652677973106393 ) ) ;
#4117 = EDGE_CURVE ( 'NONE', #3724, #4272, #1266, .T. ) ;
#4118 = CARTESIAN_POINT ( 'NONE',  ( -1175.000000000000682, 0.000000000000000000, -1.110223024625156540E-13 ) ) ;
#4119 = ORIENTED_EDGE ( 'NONE', *, *, #157, .F. ) ;
#4120 = DIRECTION ( 'NONE',  ( 0.000000000000000000, -2.413528314402513597E-16, 1.000000000000000000 ) ) ;
#4121 = AXIS2_PLACEMENT_3D ( 'NONE', #1613, #4809, #858 ) ;
#4122 = DIRECTION ( 'NONE',  ( 0.000000000000000000, -1.224646799147353207E-16, -1.000000000000000000 ) ) ;
#4123 = ORIENTED_EDGE ( 'NONE', *, *, #4296, .F. ) ;
#4124 = CARTESIAN_POINT ( 'NONE',  ( -14119.99999999999818, -1950.712458671873037, -239.9999999999987779 ) ) ;
#4125 = ORIENTED_EDGE ( 'NONE', *, *, #403, .F. ) ;
#4126 = FACE_OUTER_BOUND ( 'NONE', #3478, .T. ) ;
#4127 = DIRECTION ( 'NONE',  ( -1.224646799147353207E-16, 1.000000000000000000, -0.000000000000000000 ) ) ;
#4128 = ORIENTED_EDGE ( 'NONE', *, *, #4210, .F. ) ;
#4129 = EDGE_CURVE ( 'NONE', #442, #781, #4455, .T. ) ;
#4130 = EDGE_CURVE ( 'NONE', #4423, #1178, #4431, .T. ) ;
#4131 = DIRECTION ( 'NONE',  ( 0.000000000000000000, 1.000000000000000000, 2.775557561563032853E-16 ) ) ;
#4132 = DIRECTION ( 'NONE',  ( 0.000000000000000000, -1.000000000000000000, -2.249385511977649118E-16 ) ) ;
#4133 = CIRCLE ( 'NONE', #3799, 460.0000000000001137 ) ;
#4134 = AXIS2_PLACEMENT_3D ( 'NONE', #2646, #718, #4641 ) ;
#4135 = ORIENTED_EDGE ( 'NONE', *, *, #669, .F. ) ;
#4136 = VECTOR ( 'NONE', #2002, 999.9999999999998863 ) ;
#4137 = CARTESIAN_POINT ( 'NONE',  ( -2350.000000000001364, -1189.999999999998863, -960.0000000000002274 ) ) ;
#4138 = AXIS2_PLACEMENT_3D ( 'NONE', #998, #3008, #237 ) ;
#4139 = DIRECTION ( 'NONE',  ( 0.000000000000000000, 1.000000000000000000, 2.775557561563032853E-16 ) ) ;
#4140 = CARTESIAN_POINT ( 'NONE',  ( -10308.04291515397745, 1189.999999999998408, -868.8465180732550834 ) ) ;
#4141 = ORIENTED_EDGE ( 'NONE', *, *, #809, .T. ) ;
#4142 = MECHANICAL_DESIGN_GEOMETRIC_PRESENTATION_REPRESENTATION (  '', ( #3643 ), #3222 ) ;
#4143 = DIRECTION ( 'NONE',  ( 1.000000000000000000, 3.700743415417188263E-17, 1.243449787580175325E-14 ) ) ;
#4144 = DIRECTION ( 'NONE',  ( -1.000000000000000000, -0.000000000000000000, -0.000000000000000000 ) ) ;
#4145 = DIRECTION ( 'NONE',  ( -1.000000000000000000, -2.220446049250312834E-16, 0.000000000000000000 ) ) ;
#4146 = ORIENTED_EDGE ( 'NONE', *, *, #418, .F. ) ;
#4147 = CIRCLE ( 'NONE', #3480, 6000.000000000000000 ) ;
#4148 = LINE ( 'NONE', #2151, #2987 ) ;
#4149 = VERTEX_POINT ( 'NONE', #3195 ) ;
#4150 = AXIS2_PLACEMENT_3D ( 'NONE', #4300, #723, #2674 ) ;
#4151 = DIRECTION ( 'NONE',  ( 0.000000000000000000, -2.413528314402513597E-16, 1.000000000000000000 ) ) ;
#4152 = EDGE_CURVE ( 'NONE', #4988, #2250, #2399, .T. ) ;
#4153 = CARTESIAN_POINT ( 'NONE',  ( -12500.00000000000182, 814.9999999999970441, -306.2059048389986629 ) ) ;
#4154 = DIRECTION ( 'NONE',  ( 0.000000000000000000, 1.000000000000000000, 2.775557561563032853E-16 ) ) ;
#4155 = EDGE_CURVE ( 'NONE', #912, #3298, #2716, .T. ) ;
#4156 = ORIENTED_EDGE ( 'NONE', *, *, #420, .T. ) ;
#4157 = VECTOR ( 'NONE', #3108, 1000.000000000000000 ) ;
#4158 = DIRECTION ( 'NONE',  ( -0.000000000000000000, -1.000000000000000000, -2.249385511977649118E-16 ) ) ;
#4159 = ORIENTED_EDGE ( 'NONE', *, *, #859, .T. ) ;
#4160 = LINE ( 'NONE', #3032, #3196 ) ;
#4161 = DIRECTION ( 'NONE',  ( 0.000000000000000000, 3.301729611148416588E-16, -1.000000000000000000 ) ) ;
#4162 = AXIS2_PLACEMENT_3D ( 'NONE', #3359, #4193, #3726 ) ;
#4163 = ORIENTED_EDGE ( 'NONE', *, *, #1641, .F. ) ;
#4164 = CARTESIAN_POINT ( 'NONE',  ( -14119.99999999999818, 1077.499998843224375, -517.7941176470588971 ) ) ;
#4165 = LINE ( 'NONE', #3350, #3132 ) ;
#4166 = EDGE_CURVE ( 'NONE', #4517, #2100, #4373, .T. ) ;
#4167 = CARTESIAN_POINT ( 'NONE',  ( 0.000000000000000000, -1189.999999999998408, -960.0000000000002274 ) ) ;
#4168 = DIRECTION ( 'NONE',  ( 0.000000000000000000, 0.000000000000000000, 1.000000000000000000 ) ) ;
#4169 = CARTESIAN_POINT ( 'NONE',  ( -13558.65641272664834, -713.0416965694201963, -768.3657702387155268 ) ) ;
#4170 = ORIENTED_EDGE ( 'NONE', *, *, #3450, .T. ) ;
#4171 = CARTESIAN_POINT ( 'NONE',  ( -15744.66811761634744, 679.9999999999979536, -765.0652677973102982 ) ) ;
#4172 = CARTESIAN_POINT ( 'NONE',  ( -12441.34358727334984, 713.0416965694201963, -768.3657702387152995 ) ) ;
#4173 = CARTESIAN_POINT ( 'NONE',  ( -14375.00000000000000, 800.0000000000000000, -910.0000000000001137 ) ) ;
#4174 = VERTEX_POINT ( 'NONE', #2808 ) ;
#4175 = CARTESIAN_POINT ( 'NONE',  ( -26000.00000000000000, 800.0000000000000000, -910.0000000000001137 ) ) ;
#4176 = APPLICATION_PROTOCOL_DEFINITION ( 'draft international standard', 'automotive_design', 1998, #3216 ) ;
#4177 = VERTEX_POINT ( 'NONE', #4829 ) ;
#4178 = CARTESIAN_POINT ( 'NONE',  ( -26000.00000000000000, -899.9999999999998863, -910.0000000000001137 ) ) ;
#4179 = CARTESIAN_POINT ( 'NONE',  ( -10255.33188238365256, 1077.499998843224375, -589.9999999999964757 ) ) ;
#4180 = DIRECTION ( 'NONE',  ( 1.000000000000000000, 0.000000000000000000, 0.000000000000000000 ) ) ;
#4181 = VERTEX_POINT ( 'NONE', #3651 ) ;
#4182 = DIRECTION ( 'NONE',  ( 0.000000000000000000, 0.000000000000000000, 1.000000000000000000 ) ) ;
#4183 = ORIENTED_EDGE ( 'NONE', *, *, #640, .T. ) ;
#4184 = CARTESIAN_POINT ( 'NONE',  ( -10255.33188238365256, -1077.499998843224375, -589.9999999999971578 ) ) ;
#4185 = DIRECTION ( 'NONE',  ( 0.000000000000000000, 1.000000000000000000, 5.551115123125784674E-16 ) ) ;
#4186 = ORIENTED_EDGE ( 'NONE', *, *, #3499, .F. ) ;
#4187 = DIRECTION ( 'NONE',  ( 0.000000000000000000, -2.413528314402513597E-16, 1.000000000000000000 ) ) ;
#4188 = DIRECTION ( 'NONE',  ( 0.000000000000000000, -0.1699069165076472210, -0.9854601157443478865 ) ) ;
#4189 = ORIENTED_EDGE ( 'NONE', *, *, #2242, .T. ) ;
#4190 = EDGE_CURVE ( 'NONE', #4247, #4561, #2460, .T. ) ;
#4191 = DIRECTION ( 'NONE',  ( -1.224646799147353207E-16, -1.000000000000000000, 0.000000000000000000 ) ) ;
#4192 = AXIS2_PLACEMENT_3D ( 'NONE', #4537, #1785, #1812 ) ;
#4193 = DIRECTION ( 'NONE',  ( 0.000000000000000000, -1.000000000000000000, -3.301729611148416588E-16 ) ) ;
#4194 = DIRECTION ( 'NONE',  ( 0.000000000000000000, 1.000000000000000000, 0.000000000000000000 ) ) ;
#4195 = DIRECTION ( 'NONE',  ( 0.000000000000000000, -1.000000000000000000, 0.000000000000000000 ) ) ;
#4196 = VECTOR ( 'NONE', #527, 1000.000000000000000 ) ;
#4197 = EDGE_LOOP ( 'NONE', ( #1091, #4352, #486, #4433, #3572, #1653, #3355, #4394, #662 ) ) ;
#4198 = DIRECTION ( 'NONE',  ( 0.000000000000000000, -2.413528314402514090E-16, 1.000000000000000000 ) ) ;
#4199 = EDGE_CURVE ( 'NONE', #2685, #4740, #1396, .T. ) ;
#4200 = CARTESIAN_POINT ( 'NONE',  ( 10850.00000000000000, 0.000000000000000000, -1.110223024625156540E-13 ) ) ;
#4201 = VERTEX_POINT ( 'NONE', #4769 ) ;
#4202 = DIRECTION ( 'NONE',  ( -0.000000000000000000, -1.000000000000000000, -2.249385511977649118E-16 ) ) ;
#4203 = DIRECTION ( 'NONE',  ( 0.000000000000000000, -1.000000000000000000, -2.775557561563032853E-16 ) ) ;
#4204 = CARTESIAN_POINT ( 'NONE',  ( -14588.56810139493791, 877.4999988432243754, -589.9999999999965894 ) ) ;
#4205 = ORIENTED_EDGE ( 'NONE', *, *, #586, .F. ) ;
#4206 = PLANE ( 'NONE',  #4469 ) ;
#4207 = EDGE_LOOP ( 'NONE', ( #1612, #1174, #395, #1063 ) ) ;
#4208 = CARTESIAN_POINT ( 'NONE',  ( 616.7948635501689978, 954.9999999999998863, -1060.000000000000000 ) ) ;
#4209 = ORIENTED_EDGE ( 'NONE', *, *, #2260, .F. ) ;
#4210 = EDGE_CURVE ( 'NONE', #1632, #4312, #4452, .T. ) ;
#4211 = DIRECTION ( 'NONE',  ( 0.000000000000000000, 2.775557561563032853E-16, -1.000000000000000000 ) ) ;
#4212 = EDGE_CURVE ( 'NONE', #2174, #169, #2043, .T. ) ;
#4213 = LINE ( 'NONE', #166, #3695 ) ;
#4214 = VECTOR ( 'NONE', #2461, 1000.000000000000000 ) ;
#4215 = DIRECTION ( 'NONE',  ( 1.000000000000000000, -2.193033135062037489E-16, 1.633773012826316475E-16 ) ) ;
#4216 = AXIS2_PLACEMENT_3D ( 'NONE', #1367, #2882, #2080 ) ;
#4217 = CIRCLE ( 'NONE', #791, 460.0000000000001137 ) ;
#4218 = ORIENTED_EDGE ( 'NONE', *, *, #4602, .T. ) ;
#4219 = DIRECTION ( 'NONE',  ( -1.000000000000000000, -0.000000000000000000, -0.000000000000000000 ) ) ;
#4220 = CARTESIAN_POINT ( 'NONE',  ( 616.7948635501689978, 875.0000000000000000, -1060.000000000000000 ) ) ;
#4221 = VECTOR ( 'NONE', #3850, 1000.000000000000000 ) ;
#4222 = LINE ( 'NONE', #927, #2602 ) ;
#4223 = VERTEX_POINT ( 'NONE', #3169 ) ;
#4224 = CARTESIAN_POINT ( 'NONE',  ( -11760.14709064067210, 814.9999999999974989, -769.9999999999959073 ) ) ;
#4225 = VECTOR ( 'NONE', #4852, 1000.000000000000000 ) ;
#4226 = ORIENTED_EDGE ( 'NONE', *, *, #4316, .T. ) ;
#4227 = DIRECTION ( 'NONE',  ( -0.000000000000000000, -1.000000000000000000, -2.775557561563032853E-16 ) ) ;
#4228 = EDGE_CURVE ( 'NONE', #3866, #1097, #1183, .T. ) ;
#4229 = DIRECTION ( 'NONE',  ( 0.000000000000000000, -1.000000000000000000, -2.249385511977649118E-16 ) ) ;
#4230 = EDGE_CURVE ( 'NONE', #185, #4639, #2063, .T. ) ;
#4231 = DIRECTION ( 'NONE',  ( 0.000000000000000000, -1.000000000000000000, -2.249385511977649118E-16 ) ) ;
#4232 = ORIENTED_EDGE ( 'NONE', *, *, #3381, .T. ) ;
#4233 = AXIS2_PLACEMENT_3D ( 'NONE', #1787, #1037, #2198 ) ;
#4234 = PLANE ( 'NONE',  #3387 ) ;
#4235 = VECTOR ( 'NONE', #1895, 1000.000000000000000 ) ;
#4236 = ORIENTED_EDGE ( 'NONE', *, *, #3167, .F. ) ;
#4237 = LINE ( 'NONE', #2554, #987 ) ;
#4238 = EDGE_LOOP ( 'NONE', ( #1111, #4250, #945, #113 ) ) ;
#4239 = VECTOR ( 'NONE', #3967, 1000.000000000000000 ) ;
#4240 = VECTOR ( 'NONE', #1888, 1000.000000000000000 ) ;
#4241 = CARTESIAN_POINT ( 'NONE',  ( -8598.683472959097344, 989.9999999999981810, -660.0000000000002274 ) ) ;
#4242 = LINE ( 'NONE', #684, #4866 ) ;
#4243 = DIRECTION ( 'NONE',  ( 0.9848077530122093526, 0.000000000000000000, 0.1736481776669235033 ) ) ;
#4244 = ORIENTED_EDGE ( 'NONE', *, *, #3583, .F. ) ;
#4245 = DIRECTION ( 'NONE',  ( 0.000000000000000000, 0.000000000000000000, 1.000000000000000000 ) ) ;
#4246 = LINE ( 'NONE', #1860, #4637 ) ;
#4247 = VERTEX_POINT ( 'NONE', #3619 ) ;
#4248 = ORIENTED_EDGE ( 'NONE', *, *, #944, .F. ) ;
#4249 = LINE ( 'NONE', #2252, #3819 ) ;
#4250 = ORIENTED_EDGE ( 'NONE', *, *, #5133, .F. ) ;
#4251 = LINE ( 'NONE', #5120, #1628 ) ;
#4252 = DIRECTION ( 'NONE',  ( 1.000000000000000000, -3.132904478660053556E-17, -0.000000000000000000 ) ) ;
#4253 = VERTEX_POINT ( 'NONE', #3674 ) ;
#4254 = DIRECTION ( 'NONE',  ( 1.000000000000000000, -0.000000000000000000, -0.000000000000000000 ) ) ;
#4255 = EDGE_CURVE ( 'NONE', #2616, #2103, #3396, .T. ) ;
#4256 = CARTESIAN_POINT ( 'NONE',  ( -14175.00000000000000, 1189.999999999997954, -960.0000000000002274 ) ) ;
#4257 = ORIENTED_EDGE ( 'NONE', *, *, #2093, .F. ) ;
#4258 = FACE_OUTER_BOUND ( 'NONE', #3242, .T. ) ;
#4259 =( BOUNDED_CURVE ( )  B_SPLINE_CURVE ( 3, ( #2087, #3698, #4172, #4959 ),
 .UNSPECIFIED., .F., .T. ) 
 B_SPLINE_CURVE_WITH_KNOTS ( ( 4, 4 ),
 ( 5.437455678617205024, 5.451881468827075139 ),
 .UNSPECIFIED. ) 
 CURVE ( )  GEOMETRIC_REPRESENTATION_ITEM ( )  RATIONAL_B_SPLINE_CURVE ( ( 1.000000000000000000, 0.9999826581232540423, 0.9999826581232540423, 1.000000000000000000 ) ) 
 REPRESENTATION_ITEM ( '' )  );
#4260 = CARTESIAN_POINT ( 'NONE',  ( -10255.33188238365256, 814.9999999999974989, -769.9999999999959073 ) ) ;
#4261 = VERTEX_POINT ( 'NONE', #3386 ) ;
#4262 = ADVANCED_FACE ( 'NONE', ( #3806 ), #4506, .T. ) ;
#4263 = EDGE_CURVE ( 'NONE', #3524, #1596, #4907, .T. ) ;
#4264 = EDGE_CURVE ( 'NONE', #3724, #2938, #4986, .T. ) ;
#4265 = PLANE ( 'NONE',  #2124 ) ;
#4266 = CARTESIAN_POINT ( 'NONE',  ( -11349.93198115551968, 1189.999999999998408, 5040.000000000000000 ) ) ;
#4267 = FACE_OUTER_BOUND ( 'NONE', #94, .T. ) ;
#4268 = ORIENTED_EDGE ( 'NONE', *, *, #3956, .F. ) ;
#4269 = LINE ( 'NONE', #59, #4739 ) ;
#4270 = DIRECTION ( 'NONE',  ( 0.000000000000000000, 0.9185881544472646043, 0.3952161465694035702 ) ) ;
#4271 = EDGE_CURVE ( 'NONE', #2584, #1113, #926, .T. ) ;
#4272 = VERTEX_POINT ( 'NONE', #532 ) ;
#4273 = ORIENTED_EDGE ( 'NONE', *, *, #2204, .F. ) ;
#4274 = DIRECTION ( 'NONE',  ( 0.000000000000000000, 0.9854601157443478865, 0.1699069165076472210 ) ) ;
#4275 = ORIENTED_EDGE ( 'NONE', *, *, #2188, .F. ) ;
#4276 = DIRECTION ( 'NONE',  ( 0.000000000000000000, 0.000000000000000000, -1.000000000000000000 ) ) ;
#4277 = CARTESIAN_POINT ( 'NONE',  ( -10255.33188238365256, 1077.499998843224375, -769.9999999999957936 ) ) ;
#4278 = ORIENTED_EDGE ( 'NONE', *, *, #362, .F. ) ;
#4279 = CIRCLE ( 'NONE', #4779, 6000.000000000000000 ) ;
#4280 = DIRECTION ( 'NONE',  ( 0.000000000000000000, -0.1402661271484180183, -0.9901138386947149206 ) ) ;
#4281 = ADVANCED_FACE ( 'NONE', ( #2593 ), #195, .F. ) ;
#4282 = DIRECTION ( 'NONE',  ( -1.000000000000000000, -3.132904478660053556E-17, -0.000000000000000000 ) ) ;
#4283 = ORIENTED_EDGE ( 'NONE', *, *, #3065, .F. ) ;
#4284 = DIRECTION ( 'NONE',  ( 0.000000000000000000, -1.000000000000000000, -2.775557561563032853E-16 ) ) ;
#4285 = CARTESIAN_POINT ( 'NONE',  ( -265.1845289799109082, 1189.999999999998408, -1503.936198047713333 ) ) ;
#4286 = VERTEX_POINT ( 'NONE', #613 ) ;
#4287 = EDGE_CURVE ( 'NONE', #4571, #476, #294, .T. ) ;
#4288 = CARTESIAN_POINT ( 'NONE',  ( -8598.683472959097344, -990.0000000000003411, -660.0000000000002274 ) ) ;
#4289 = EDGE_CURVE ( 'NONE', #2277, #3397, #1009, .T. ) ;
#4290 = DIRECTION ( 'NONE',  ( -3.912072321290969353E-16, 2.775557561563032853E-16, -1.000000000000000000 ) ) ;
#4291 = PLANE ( 'NONE',  #4800 ) ;
#4292 = ORIENTED_EDGE ( 'NONE', *, *, #753, .T. ) ;
#4293 = DIRECTION ( 'NONE',  ( 1.000000000000000000, -3.132904478660053556E-17, -0.000000000000000000 ) ) ;
#4294 = LINE ( 'NONE', #5165, #3049 ) ;
#4295 = VECTOR ( 'NONE', #3573, 1000.000000000000000 ) ;
#4296 = EDGE_CURVE ( 'NONE', #2748, #1847, #2447, .T. ) ;
#4297 = EDGE_LOOP ( 'NONE', ( #2706, #3870 ) ) ;
#4298 = VECTOR ( 'NONE', #4564, 1000.000000000000000 ) ;
#4299 = EDGE_LOOP ( 'NONE', ( #4415, #3703, #4788, #31 ) ) ;
#4300 = CARTESIAN_POINT ( 'NONE',  ( -13000.00000000000000, 4.163336342343557632E-15, -725.0000000000050022 ) ) ;
#4301 = ORIENTED_EDGE ( 'NONE', *, *, #3398, .F. ) ;
#4302 = CIRCLE ( 'NONE', #4138, 460.0000000000000000 ) ;
#4303 = DIRECTION ( 'NONE',  ( -0.000000000000000000, 1.000000000000000000, -0.000000000000000000 ) ) ;
#4304 = CIRCLE ( 'NONE', #1474, 277.7941176470602045 ) ;
#4305 = CARTESIAN_POINT ( 'NONE',  ( -14175.00000000000000, -990.0000000000015916, -960.0000000000002274 ) ) ;
#4306 = VERTEX_POINT ( 'NONE', #985 ) ;
#4308 = CARTESIAN_POINT ( 'NONE',  ( -24483.04291515397199, 989.9999999999982947, -868.8465180732544013 ) ) ;
#4307 = VECTOR ( 'NONE', #4252, 1000.000000000000000 ) ;
#4309 = VECTOR ( 'NONE', #3050, 1000.000000000000000 ) ;
#4310 = CARTESIAN_POINT ( 'NONE',  ( -14175.00000000000000, -1190.000000000001592, -1160.000000000000227 ) ) ;
#4311 = EDGE_CURVE ( 'NONE', #1751, #4810, #2536, .T. ) ;
#4312 = VERTEX_POINT ( 'NONE', #4112 ) ;
#4313 = CYLINDRICAL_SURFACE ( 'NONE', #2777, 277.7941176470602045 ) ;
#4314 = LINE ( 'NONE', #737, #4577 ) ;
#4315 = AXIS2_PLACEMENT_3D ( 'NONE', #4403, #900, #2484 ) ;
#4316 = EDGE_CURVE ( 'NONE', #3081, #1822, #1952, .T. ) ;
#4317 = ORIENTED_EDGE ( 'NONE', *, *, #2989, .T. ) ;
#4318 = VECTOR ( 'NONE', #2145, 999.9999999999998863 ) ;
#4319 = CARTESIAN_POINT ( 'NONE',  ( -14239.85290935932790, 814.9999999999974989, -769.9999999999959073 ) ) ;
#4320 = LINE ( 'NONE', #661, #2207 ) ;
#4321 = EDGE_CURVE ( 'NONE', #2412, #4799, #1811, .T. ) ;
#4322 = VECTOR ( 'NONE', #1618, 1000.000000000000000 ) ;
#4323 = EDGE_LOOP ( 'NONE', ( #83, #4826, #2758, #3358 ) ) ;
#4324 = CARTESIAN_POINT ( 'NONE',  ( -13499.99999999999818, 1950.712458671872810, -589.9999999999963620 ) ) ;
#4325 = CARTESIAN_POINT ( 'NONE',  ( -162.2440211999319786, -989.9999999999993179, 920.1315677728723585 ) ) ;
#4326 = ORIENTED_EDGE ( 'NONE', *, *, #4368, .T. ) ;
#4327 = DIRECTION ( 'NONE',  ( -7.824144642581933777E-16, -2.775557561563032853E-16, 1.000000000000000000 ) ) ;
#4328 = DIRECTION ( 'NONE',  ( 0.000000000000000000, -0.9950481186486286322, -0.09939437395458934621 ) ) ;
#4329 = CARTESIAN_POINT ( 'NONE',  ( -26000.00000000000000, -200.0000000000000000, -825.0000000000001137 ) ) ;
#4330 = ORIENTED_EDGE ( 'NONE', *, *, #1908, .F. ) ;
#4331 = DIRECTION ( 'NONE',  ( 1.000000000000000000, 0.000000000000000000, 1.908428413691174465E-16 ) ) ;
#4332 = LINE ( 'NONE', #258, #2713 ) ;
#4333 = VERTEX_POINT ( 'NONE', #3412 ) ;
#4334 = CARTESIAN_POINT ( 'NONE',  ( -12320.00000000000000, -1950.712458671872810, -517.7941176470596929 ) ) ;
#4335 = CARTESIAN_POINT ( 'NONE',  ( -15744.66811761634744, -679.9999999999979536, -567.4243228023079837 ) ) ;
#4336 = EDGE_LOOP ( 'NONE', ( #1723, #514, #1994, #2526 ) ) ;
#4337 = EDGE_CURVE ( 'NONE', #4988, #4174, #5011, .T. ) ;
#4338 = DIRECTION ( 'NONE',  ( 0.000000000000000000, -1.000000000000000000, -5.551115123125784674E-16 ) ) ;
#4339 = CARTESIAN_POINT ( 'NONE',  ( -11760.14709064067210, 729.4021522441533989, -769.9999999999959073 ) ) ;
#4340 = EDGE_CURVE ( 'NONE', #3879, #3679, #4259, .T. ) ;
#4341 = ORIENTED_EDGE ( 'NONE', *, *, #4408, .T. ) ;
#4342 = DIRECTION ( 'NONE',  ( 1.000000000000000000, 0.000000000000000000, 0.000000000000000000 ) ) ;
#4343 = CARTESIAN_POINT ( 'NONE',  ( -12541.24822945820415, 732.4719190560189190, -589.9999999999965894 ) ) ;
#4344 = ORIENTED_EDGE ( 'NONE', *, *, #4546, .T. ) ;
#4345 = CARTESIAN_POINT ( 'NONE',  ( -14588.56810139493791, 732.4719190560189190, -589.9999999999965894 ) ) ;
#4346 = ORIENTED_EDGE ( 'NONE', *, *, #1153, .T. ) ;
#4347 = PLANE ( 'NONE',  #1159 ) ;
#4348 = DIRECTION ( 'NONE',  ( -1.000000000000000000, 0.000000000000000000, 0.000000000000000000 ) ) ;
#4349 = EDGE_CURVE ( 'NONE', #493, #4306, #503, .T. ) ;
#4350 = DIRECTION ( 'NONE',  ( 1.000000000000000000, 0.000000000000000000, 0.000000000000000000 ) ) ;
#4351 = EDGE_CURVE ( 'NONE', #3944, #277, #4935, .T. ) ;
#4352 = ORIENTED_EDGE ( 'NONE', *, *, #1649, .T. ) ;
#4353 = ADVANCED_FACE ( 'NONE', ( #2172 ), #2917, .T. ) ;
#4354 = CARTESIAN_POINT ( 'NONE',  ( -28350.00000000000000, 1189.999999999998408, -660.0000000000019327 ) ) ;
#4355 = ORIENTED_EDGE ( 'NONE', *, *, #4289, .T. ) ;
#4356 = AXIS2_PLACEMENT_3D ( 'NONE', #3309, #563, #4145 ) ;
#4357 = AXIS2_PLACEMENT_3D ( 'NONE', #4471, #4758, #4782 ) ;
#4358 = CYLINDRICAL_SURFACE ( 'NONE', #1181, 6000.000000000000000 ) ;
#4359 = DIRECTION ( 'NONE',  ( 0.000000000000000000, -1.000000000000000000, -3.301729611148416588E-16 ) ) ;
#4360 = VECTOR ( 'NONE', #778, 1000.000000000000000 ) ;
#4361 = ORIENTED_EDGE ( 'NONE', *, *, #3297, .T. ) ;
#4362 = CARTESIAN_POINT ( 'NONE',  ( -13452.71931086792210, -679.9999999999977263, -567.4243228023079837 ) ) ;
#4363 = DIRECTION ( 'NONE',  ( 1.000000000000000000, 2.193033135062037489E-16, 0.000000000000000000 ) ) ;
#4364 = EDGE_CURVE ( 'NONE', #3756, #3879, #2148, .T. ) ;
#4365 = ORIENTED_EDGE ( 'NONE', *, *, #3745, .T. ) ;
#4366 = CARTESIAN_POINT ( 'NONE',  ( -11656.54998713038367, -715.1018965907406937, -582.5266689850961939 ) ) ;
#4367 = CARTESIAN_POINT ( 'NONE',  ( -5576.316527040904475, -1189.999999999999773, -6660.000000000000909 ) ) ;
#4368 = EDGE_CURVE ( 'NONE', #2874, #1518, #2625, .T. ) ;
#4369 = EDGE_LOOP ( 'NONE', ( #4344, #3832, #3175, #4767 ) ) ;
#4370 = CARTESIAN_POINT ( 'NONE',  ( -28350.00000000000000, 875.0000000000000000, -1060.000000000000000 ) ) ;
#4371 = EDGE_LOOP ( 'NONE', ( #1462, #86, #3550, #180, #1796, #1578, #534, #2050, #3422 ) ) ;
#4372 = DIRECTION ( 'NONE',  ( 0.000000000000000000, 1.000000000000000000, 2.249385511977649118E-16 ) ) ;
#4373 = LINE ( 'NONE', #2037, #1139 ) ;
#4374 = DIRECTION ( 'NONE',  ( 0.000000000000000000, 0.9854601157443478865, -0.1699069165076472210 ) ) ;
#4375 = ORIENTED_EDGE ( 'NONE', *, *, #1732, .F. ) ;
#4376 = CARTESIAN_POINT ( 'NONE',  ( -23815.57253896063776, 1189.999999999998408, -751.1534819267454850 ) ) ;
#4377 = VECTOR ( 'NONE', #861, 1000.000000000000000 ) ;
#4378 = VECTOR ( 'NONE', #4270, 1000.000000000000114 ) ;
#4379 = DIRECTION ( 'NONE',  ( 1.000000000000000000, 0.000000000000000000, 0.000000000000000000 ) ) ;
#4380 = ORIENTED_EDGE ( 'NONE', *, *, #4050, .F. ) ;
#4381 = EDGE_CURVE ( 'NONE', #368, #4272, #2322, .T. ) ;
#4382 = AXIS2_PLACEMENT_3D ( 'NONE', #4078, #3244, #4025 ) ;
#4383 = LINE ( 'NONE', #2816, #2514 ) ;
#4384 = DIRECTION ( 'NONE',  ( 0.000000000000000000, 1.000000000000000000, 2.775557561563032853E-16 ) ) ;
#4385 = DIRECTION ( 'NONE',  ( 0.000000000000000000, -1.000000000000000000, 0.000000000000000000 ) ) ;
#4386 = VECTOR ( 'NONE', #3876, 1000.000000000000000 ) ;
#4387 = VERTEX_POINT ( 'NONE', #3146 ) ;
#4388 = AXIS2_PLACEMENT_3D ( 'NONE', #623, #1432, #3815 ) ;
#4389 = DIRECTION ( 'NONE',  ( -1.000000000000000000, 3.700743415417188263E-17, 1.776356839400250465E-15 ) ) ;
#4390 = AXIS2_PLACEMENT_3D ( 'NONE', #3936, #899, #1624 ) ;
#4391 = DIRECTION ( 'NONE',  ( 0.000000000000000000, 1.000000000000000000, 3.301729611148416588E-16 ) ) ;
#4392 = DIRECTION ( 'NONE',  ( 0.000000000000000000, 0.000000000000000000, -1.000000000000000000 ) ) ;
#4393 = VECTOR ( 'NONE', #71, 1000.000000000000000 ) ;
#4394 = ORIENTED_EDGE ( 'NONE', *, *, #138, .F. ) ;
#4395 = CARTESIAN_POINT ( 'NONE',  ( -13499.99999999999818, -814.9999999999974989, -306.2059048389991176 ) ) ;
#4396 = CARTESIAN_POINT ( 'NONE',  ( -8598.683472959097344, -1190.000000000001592, -660.0000000000002274 ) ) ;
#4397 = ORIENTED_EDGE ( 'NONE', *, *, #3347, .T. ) ;
#4398 = EDGE_CURVE ( 'NONE', #4460, #1596, #1086, .T. ) ;
#4399 = CARTESIAN_POINT ( 'NONE',  ( -10255.33188238365256, -1077.499998843224375, -589.9999999999971578 ) ) ;
#4400 = PRODUCT_DEFINITION_SHAPE ( 'NONE', 'NONE',  #5182 ) ;
#4401 = ORIENTED_EDGE ( 'NONE', *, *, #2, .T. ) ;
#4402 = DIRECTION ( 'NONE',  ( 0.000000000000000000, 1.000000000000000000, 2.775557561563032853E-16 ) ) ;
#4403 = CARTESIAN_POINT ( 'NONE',  ( -13680.00000000000000, -1077.499998843224375, -517.7941176470594655 ) ) ;
#4404 = VECTOR ( 'NONE', #3933, 1000.000000000000000 ) ;
#4405 = DIRECTION ( 'NONE',  ( 1.000000000000000000, 2.171636382548118065E-31, -7.824144642581933777E-16 ) ) ;
#4406 = ORIENTED_EDGE ( 'NONE', *, *, #993, .F. ) ;
#4407 = CARTESIAN_POINT ( 'NONE',  ( -13975.00000000000182, 899.9999999999998863, -910.0000000000001137 ) ) ;
#4408 = EDGE_CURVE ( 'NONE', #3594, #3254, #2473, .T. ) ;
#4409 = SURFACE_SIDE_STYLE ('',( #2813 ) ) ;
#4410 = ORIENTED_EDGE ( 'NONE', *, *, #1024, .T. ) ;
#4411 = FACE_OUTER_BOUND ( 'NONE', #3310, .T. ) ;
#4412 =( LENGTH_UNIT ( ) NAMED_UNIT ( * ) SI_UNIT ( .MILLI., .METRE. ) );
#4413 = DIRECTION ( 'NONE',  ( -1.000000000000000000, 2.193033135062037489E-16, 0.000000000000000000 ) ) ;
#4414 = VECTOR ( 'NONE', #1586, 1000.000000000000000 ) ;
#4415 = ORIENTED_EDGE ( 'NONE', *, *, #2878, .T. ) ;
#4416 = EDGE_CURVE ( 'NONE', #3451, #4103, #1465, .T. ) ;
#4417 = CARTESIAN_POINT ( 'NONE',  ( -14175.00000000000000, -1190.000000000001592, -960.0000000000002274 ) ) ;
#4418 = ORIENTED_EDGE ( 'NONE', *, *, #1872, .T. ) ;
#4419 = ADVANCED_FACE ( 'NONE', ( #4693 ), #1476, .T. ) ;
#4420 = DIRECTION ( 'NONE',  ( 0.000000000000000000, 1.000000000000000000, 2.249385511977649118E-16 ) ) ;
#4421 = ADVANCED_FACE ( 'NONE', ( #3514 ), #4715, .T. ) ;
#4422 = CARTESIAN_POINT ( 'NONE',  ( -26000.00000000000000, 800.0000000000000000, -910.0000000000001137 ) ) ;
#4423 = VERTEX_POINT ( 'NONE', #5115 ) ;
#4424 = FACE_OUTER_BOUND ( 'NONE', #1418, .T. ) ;
#4425 = LINE ( 'NONE', #3953, #3630 ) ;
#4426 = ORIENTED_EDGE ( 'NONE', *, *, #2158, .F. ) ;
#4427 = DIRECTION ( 'NONE',  ( -0.1736481776669235033, 0.000000000000000000, -0.9848077530122092416 ) ) ;
#4428 = ORIENTED_EDGE ( 'NONE', *, *, #3754, .F. ) ;
#4429 = CARTESIAN_POINT ( 'NONE',  ( -2350.000000000000455, 0.000000000000000000, 0.000000000000000000 ) ) ;
#4430 = EDGE_CURVE ( 'NONE', #687, #3765, #3912, .T. ) ;
#4431 = LINE ( 'NONE', #2892, #4980 ) ;
#4432 = DIRECTION ( 'NONE',  ( 0.000000000000000000, 0.000000000000000000, -1.000000000000000000 ) ) ;
#4433 = ORIENTED_EDGE ( 'NONE', *, *, #944, .T. ) ;
#4434 = LINE ( 'NONE', #3311, #2556 ) ;
#4435 = ORIENTED_EDGE ( 'NONE', *, *, #4632, .F. ) ;
#4436 = DIRECTION ( 'NONE',  ( -7.824144642581933777E-16, 2.775557561563032853E-16, -1.000000000000000000 ) ) ;
#4437 = ADVANCED_FACE ( 'NONE', ( #4671 ), #664, .T. ) ;
#4438 = CYLINDRICAL_SURFACE ( 'NONE', #3559, 6000.000000000000000 ) ;
#4439 = CARTESIAN_POINT ( 'NONE',  ( -11411.43189860506209, -877.4999988432243754, -769.9999999999963620 ) ) ;
#4440 = EDGE_CURVE ( 'NONE', #4567, #2797, #1132, .T. ) ;
#4441 = ORIENTED_EDGE ( 'NONE', *, *, #2398, .F. ) ;
#4442 = DIRECTION ( 'NONE',  ( 0.000000000000000000, -1.000000000000000000, -2.775557561563032853E-16 ) ) ;
#4443 = ORIENTED_EDGE ( 'NONE', *, *, #3181, .T. ) ;
#4444 = LINE ( 'NONE', #54, #3295 ) ;
#4445 = DIRECTION ( 'NONE',  ( 0.000000000000000000, 1.000000000000000000, 2.775557561563032853E-16 ) ) ;
#4446 = EDGE_CURVE ( 'NONE', #3524, #4181, #2670, .T. ) ;
#4447 = VERTEX_POINT ( 'NONE', #1526 ) ;
#4448 = EDGE_CURVE ( 'NONE', #328, #1317, #273, .T. ) ;
#4449 = CARTESIAN_POINT ( 'NONE',  ( -1950.000000000000682, 899.9999999999998863, -910.0000000000001137 ) ) ;
#4450 = ORIENTED_EDGE ( 'NONE', *, *, #3699, .F. ) ;
#4451 = CARTESIAN_POINT ( 'NONE',  ( -14588.56810139493791, 877.4999988432243754, -769.9999999999959073 ) ) ;
#4452 =( BOUNDED_CURVE ( )  B_SPLINE_CURVE ( 3, ( #1658, #427, #4087, #481 ),
 .UNSPECIFIED., .F., .T. ) 
 B_SPLINE_CURVE_WITH_KNOTS ( ( 4, 4 ),
 ( 1.284283745212837724, 1.335088666923594625 ),
 .UNSPECIFIED. ) 
 CURVE ( )  GEOMETRIC_REPRESENTATION_ITEM ( )  RATIONAL_B_SPLINE_CURVE ( ( 1.000000000000000000, 0.9997849165603801547, 0.9997849165603801547, 1.000000000000000000 ) ) 
 REPRESENTATION_ITEM ( '' )  );
#4453 = VERTEX_POINT ( 'NONE', #2725 ) ;
#4454 = CARTESIAN_POINT ( 'NONE',  ( -26000.00000000000000, 899.9999999999998863, -910.0000000000001137 ) ) ;
#4455 = LINE ( 'NONE', #453, #2035 ) ;
#4456 = VECTOR ( 'NONE', #1046, 1000.000000000000000 ) ;
#4457 = CARTESIAN_POINT ( 'NONE',  ( -14175.00000000000000, 1189.999999999997954, -960.0000000000002274 ) ) ;
#4458 = ORIENTED_EDGE ( 'NONE', *, *, #3529, .T. ) ;
#4459 = LINE ( 'NONE', #91, #1722 ) ;
#4460 = VERTEX_POINT ( 'NONE', #3488 ) ;
#4461 = FACE_OUTER_BOUND ( 'NONE', #4369, .T. ) ;
#4462 = CARTESIAN_POINT ( 'NONE',  ( -14343.45001286961815, 715.1018965907406937, -582.5266689850958528 ) ) ;
#4463 = EDGE_LOOP ( 'NONE', ( #530, #1076, #4435, #1130 ) ) ;
#4464 = VECTOR ( 'NONE', #4101, 1000.000000000000000 ) ;
#4465 = CIRCLE ( 'NONE', #371, 6000.000000000000909 ) ;
#4466 = EDGE_CURVE ( 'NONE', #2349, #2911, #4246, .T. ) ;
#4467 = VECTOR ( 'NONE', #2078, 1000.000000000000000 ) ;
#4468 = ORIENTED_EDGE ( 'NONE', *, *, #3970, .T. ) ;
#4469 = AXIS2_PLACEMENT_3D ( 'NONE', #4095, #2521, #1717 ) ;
#4470 = ORIENTED_EDGE ( 'NONE', *, *, #1038, .F. ) ;
#4471 = CARTESIAN_POINT ( 'NONE',  ( -13899.99999999999818, -814.9999999999974989, -459.9999999999983515 ) ) ;
#4472 = CARTESIAN_POINT ( 'NONE',  ( -11880.00000000000182, 1950.712458671872582, -239.9999999999976694 ) ) ;
#4473 = AXIS2_PLACEMENT_3D ( 'NONE', #5069, #1919, #5097 ) ;
#4474 = ORIENTED_EDGE ( 'NONE', *, *, #2762, .T. ) ;
#4475 = FACE_OUTER_BOUND ( 'NONE', #2168, .T. ) ;
#4476 = ORIENTED_EDGE ( 'NONE', *, *, #3956, .T. ) ;
#4477 = EDGE_CURVE ( 'NONE', #1341, #1049, #2120, .T. ) ;
#4478 = CIRCLE ( 'NONE', #311, 999.9999999999998863 ) ;
#4479 = CARTESIAN_POINT ( 'NONE',  ( -4534.427461039362242, 1189.999999999998408, -751.1534819267454850 ) ) ;
#4480 = VECTOR ( 'NONE', #3694, 1000.000000000000114 ) ;
#4481 = CARTESIAN_POINT ( 'NONE',  ( -10255.33188238365256, 814.9999999999972715, -589.9999999999965894 ) ) ;
#4482 = DIRECTION ( 'NONE',  ( 3.132904478660053556E-17, 1.000000000000000000, -0.000000000000000000 ) ) ;
#4483 = PLANE ( 'NONE',  #1851 ) ;
#4484 = EDGE_LOOP ( 'NONE', ( #920, #3818, #4468, #2246, #4355, #3224, #3671, #4474, #162, #2468, #4209, #4533, #1912, #1306, #2224, #2045 ) ) ;
#4485 = CARTESIAN_POINT ( 'NONE',  ( -13000.00000000000000, 4.163336342343557632E-15, -725.0000000000050022 ) ) ;
#4486 = PRODUCT_CONTEXT ( 'NONE', #2101, 'mechanical' ) ;
#4487 = EDGE_LOOP ( 'NONE', ( #2650, #4283 ) ) ;
#4488 = DIRECTION ( 'NONE',  ( 0.9848077530122092416, 0.000000000000000000, -0.1736481776669235033 ) ) ;
#4489 = CARTESIAN_POINT ( 'NONE',  ( -28966.79486355017070, -875.0000000000000000, -1140.000000000000227 ) ) ;
#4490 = ORIENTED_EDGE ( 'NONE', *, *, #4064, .T. ) ;
#4491 = LINE ( 'NONE', #968, #458 ) ;
#4492 = VERTEX_POINT ( 'NONE', #3881 ) ;
#4493 = FACE_OUTER_BOUND ( 'NONE', #2699, .T. ) ;
#4494 = VERTEX_POINT ( 'NONE', #298 ) ;
#4495 = DIRECTION ( 'NONE',  ( 0.000000000000000000, 3.301729611148416588E-16, -1.000000000000000000 ) ) ;
#4496 = FACE_OUTER_BOUND ( 'NONE', #4297, .T. ) ;
#4497 = ORIENTED_EDGE ( 'NONE', *, *, #3256, .T. ) ;
#4498 = EDGE_CURVE ( 'NONE', #3298, #2842, #5090, .T. ) ;
#4499 = CARTESIAN_POINT ( 'NONE',  ( -28084.81547102009063, 1189.999999999998408, -1503.936198047713333 ) ) ;
#4500 = CIRCLE ( 'NONE', #1577, 6000.000000000000000 ) ;
#4501 = EDGE_CURVE ( 'NONE', #4810, #3439, #4294, .T. ) ;
#4502 = CARTESIAN_POINT ( 'NONE',  ( -11411.43189860506209, 278.9021535255452022, -725.0000000000052296 ) ) ;
#4503 = CARTESIAN_POINT ( 'NONE',  ( -13899.99999999999818, 1054.999999999997272, -459.9999999999978400 ) ) ;
#4504 = ORIENTED_EDGE ( 'NONE', *, *, #5173, .T. ) ;
#4505 = PLANE ( 'NONE',  #319 ) ;
#4506 = CYLINDRICAL_SURFACE ( 'NONE', #35, 79.99999999999995737 ) ;
#4507 = CARTESIAN_POINT ( 'NONE',  ( -14299.99999999999818, -1077.499998843224375, -589.9999999999971578 ) ) ;
#4508 = ORIENTED_EDGE ( 'NONE', *, *, #360, .T. ) ;
#4509 = CARTESIAN_POINT ( 'NONE',  ( -13499.99999999999818, 814.9999999999972715, -589.9999999999965894 ) ) ;
#4510 = CARTESIAN_POINT ( 'NONE',  ( 0.000000000000000000, 0.000000000000000000, 0.000000000000000000 ) ) ;
#4511 = ORIENTED_EDGE ( 'NONE', *, *, #5121, .F. ) ;
#4512 = DIRECTION ( 'NONE',  ( 0.000000000000000000, -2.775557561563032853E-16, 1.000000000000000000 ) ) ;
#4513 = EDGE_CURVE ( 'NONE', #2336, #1546, #3668, .T. ) ;
#4514 = CARTESIAN_POINT ( 'NONE',  ( -14588.56810139493791, 732.4719190560189190, -589.9999999999965894 ) ) ;
#4515 = EDGE_CURVE ( 'NONE', #5163, #3469, #4787, .T. ) ;
#4516 = PRODUCT_DEFINITION ( 'NON CONOSCIUTO', '', #762, #28 ) ;
#4517 = VERTEX_POINT ( 'NONE', #397 ) ;
#4518 = AXIS2_PLACEMENT_3D ( 'NONE', #2489, #962, #1328 ) ;
#4519 = DIRECTION ( 'NONE',  ( 0.000000000000000000, -1.000000000000000000, -2.775557561563032853E-16 ) ) ;
#4520 = ORIENTED_EDGE ( 'NONE', *, *, #4612, .T. ) ;
#4521 = DIRECTION ( 'NONE',  ( 0.000000000000000000, 0.9854601157443478865, 0.1699069165076472210 ) ) ;
#4522 = FACE_OUTER_BOUND ( 'NONE', #3646, .T. ) ;
#4523 = ORIENTED_EDGE ( 'NONE', *, *, #1655, .T. ) ;
#4524 = PRESENTATION_LAYER_ASSIGNMENT (  '', '', ( #9 ) ) ;
#4525 = DIRECTION ( 'NONE',  ( 0.000000000000000000, -2.413528314402513597E-16, 1.000000000000000000 ) ) ;
#4526 = CARTESIAN_POINT ( 'NONE',  ( -13899.99999999999818, 814.9999999999972715, -459.9999999999978968 ) ) ;
#4527 = CIRCLE ( 'NONE', #2763, 460.0000000000000000 ) ;
#4528 = PLANE ( 'NONE',  #2883 ) ;
#4529 = AXIS2_PLACEMENT_3D ( 'NONE', #3576, #4881, #2899 ) ;
#4530 = ORIENTED_EDGE ( 'NONE', *, *, #2038, .F. ) ;
#4531 = DIRECTION ( 'NONE',  ( 0.000000000000000000, 0.000000000000000000, 1.000000000000000000 ) ) ;
#4532 = EDGE_CURVE ( 'NONE', #2277, #2825, #3271, .T. ) ;
#4533 = ORIENTED_EDGE ( 'NONE', *, *, #257, .F. ) ;
#4534 = CARTESIAN_POINT ( 'NONE',  ( -13975.00000000000182, -1189.999999999998863, -960.0000000000002274 ) ) ;
#4535 = EDGE_CURVE ( 'NONE', #2100, #2122, #84, .T. ) ;
#4536 = DIRECTION ( 'NONE',  ( 0.000000000000000000, -0.9185881544472648264, 0.3952161465694030151 ) ) ;
#4537 = CARTESIAN_POINT ( 'NONE',  ( -19751.31652704090084, 1189.999999999998408, -6660.000000000000000 ) ) ;
#4538 = ORIENTED_EDGE ( 'NONE', *, *, #334, .F. ) ;
#4539 = CARTESIAN_POINT ( 'NONE',  ( -14299.99999999999818, -1950.712458671872810, -589.9999999999973852 ) ) ;
#4540 = ITEM_DEFINED_TRANSFORMATION ( 'NONE', 'NONE', #4100,  #933 ) ;
#4541 = ORIENTED_EDGE ( 'NONE', *, *, #4349, .F. ) ;
#4542 = FACE_OUTER_BOUND ( 'NONE', #3621, .T. ) ;
#4543 = CIRCLE ( 'NONE', #3448, 6000.000000000000000 ) ;
#4544 = CYLINDRICAL_SURFACE ( 'NONE', #4726, 460.0000000000000568 ) ;
#4545 = ORIENTED_EDGE ( 'NONE', *, *, #4033, .T. ) ;
#4546 = EDGE_CURVE ( 'NONE', #3961, #2733, #2771, .T. ) ;
#4547 = CARTESIAN_POINT ( 'NONE',  ( -12500.00000000000182, 1077.499998843224148, -306.2059048389985492 ) ) ;
#4548 = ORIENTED_EDGE ( 'NONE', *, *, #3882, .T. ) ;
#4549 = PLANE ( 'NONE',  #1780 ) ;
#4550 = DIRECTION ( 'NONE',  ( -2.193033135062037489E-16, 1.000000000000000000, 0.000000000000000000 ) ) ;
#4551 = VECTOR ( 'NONE', #1985, 1000.000000000000000 ) ;
#4552 = ORIENTED_EDGE ( 'NONE', *, *, #2442, .F. ) ;
#4553 = DIRECTION ( 'NONE',  ( 0.000000000000000000, 1.000000000000000000, 3.301729611148416588E-16 ) ) ;
#4554 = LINE ( 'NONE', #2932, #1553 ) ;
#4555 = VECTOR ( 'NONE', #818, 1000.000000000000000 ) ;
#4556 = AXIS2_PLACEMENT_3D ( 'NONE', #417, #1696, #1282 ) ;
#4557 = DIRECTION ( 'NONE',  ( 0.1736481776669237531, 0.000000000000000000, -0.9848077530122092416 ) ) ;
#4558 = AXIS2_PLACEMENT_3D ( 'NONE', #4124, #4601, #4519 ) ;
#4559 = DIRECTION ( 'NONE',  ( 0.000000000000000000, 0.9950481186486287433, -0.09939437395458879110 ) ) ;
#4560 = PLANE ( 'NONE',  #3901 ) ;
#4561 = VERTEX_POINT ( 'NONE', #4029 ) ;
#4562 = VECTOR ( 'NONE', #2309, 1000.000000000000000 ) ;
#4563 = DIRECTION ( 'NONE',  ( 0.000000000000000000, 0.000000000000000000, 1.000000000000000000 ) ) ;
#4564 = DIRECTION ( 'NONE',  ( -0.9848077530122092416, 0.000000000000000000, -0.1736481776669237531 ) ) ;
#4565 = EDGE_CURVE ( 'NONE', #1789, #4453, #4465, .T. ) ;
#4566 = CARTESIAN_POINT ( 'NONE',  ( -14375.00000000000000, 899.9999999999998863, -910.0000000000001137 ) ) ;
#4567 = VERTEX_POINT ( 'NONE', #1200 ) ;
#4568 = AXIS2_PLACEMENT_3D ( 'NONE', #1424, #950, #4191 ) ;
#4569 = CARTESIAN_POINT ( 'NONE',  ( -13680.00000000000000, -1950.712458671872810, -517.7941176470596929 ) ) ;
#4570 =( NAMED_UNIT ( * ) SI_UNIT ( $, .STERADIAN. ) SOLID_ANGLE_UNIT ( ) );
#4571 = VERTEX_POINT ( 'NONE', #4396 ) ;
#4572 = VECTOR ( 'NONE', #3338, 1000.000000000000000 ) ;
#4573 = PLANE ( 'NONE',  #1761 ) ;
#4574 = CARTESIAN_POINT ( 'NONE',  ( -14588.56810139493791, -877.4999988432243754, -769.9999999999963620 ) ) ;
#4575 = CARTESIAN_POINT ( 'NONE',  ( -380.0000000000000000, 875.0000000000000000, -1060.000000000000000 ) ) ;
#4576 = ORIENTED_EDGE ( 'NONE', *, *, #3973, .T. ) ;
#4577 = VECTOR ( 'NONE', #2335, 1000.000000000000000 ) ;
#4578 = LINE ( 'NONE', #600, #3721 ) ;
#4579 = ORIENTED_EDGE ( 'NONE', *, *, #1, .F. ) ;
#4580 = LINE ( 'NONE', #4628, #4456 ) ;
#4581 = CYLINDRICAL_SURFACE ( 'NONE', #4998, 199.9999999999999432 ) ;
#4582 = ORIENTED_EDGE ( 'NONE', *, *, #1681, .F. ) ;
#4583 = DIRECTION ( 'NONE',  ( 0.000000000000000000, 0.9185881544472648264, -0.3952161465694030151 ) ) ;
#4584 = DIRECTION ( 'NONE',  ( 0.000000000000000000, -1.000000000000000000, -3.301729611148416588E-16 ) ) ;
#4585 = EDGE_CURVE ( 'NONE', #4687, #2999, #2285, .T. ) ;
#4586 = ORIENTED_EDGE ( 'NONE', *, *, #4466, .T. ) ;
#4587 = DIRECTION ( 'NONE',  ( 0.000000000000000000, 0.000000000000000000, -1.000000000000000000 ) ) ;
#4588 = VERTEX_POINT ( 'NONE', #2831 ) ;
#4589 = CARTESIAN_POINT ( 'NONE',  ( -14299.99999999999818, -1077.499998843224375, -589.9999999999971578 ) ) ;
#4590 = DIRECTION ( 'NONE',  ( 2.193033135062037489E-16, -1.000000000000000000, -0.000000000000000000 ) ) ;
#4591 = CARTESIAN_POINT ( 'NONE',  ( -11652.71931086792392, 679.9999999999977263, -567.4243228023077563 ) ) ;
#4592 = ORIENTED_EDGE ( 'NONE', *, *, #2509, .T. ) ;
#4593 = DIRECTION ( 'NONE',  ( -0.000000000000000000, 1.000000000000000000, -0.000000000000000000 ) ) ;
#4594 = DIRECTION ( 'NONE',  ( 0.000000000000000000, 0.000000000000000000, 1.000000000000000000 ) ) ;
#4595 = ADVANCED_FACE ( 'NONE', ( #448 ), #3642, .F. ) ;
#4596 = ORIENTED_EDGE ( 'NONE', *, *, #1817, .T. ) ;
#4597 = LINE ( 'NONE', #2600, #2000 ) ;
#4598 = CARTESIAN_POINT ( 'NONE',  ( -27970.00000000000364, -875.0000000000000000, -1060.000000000000000 ) ) ;
#4599 = DIRECTION ( 'NONE',  ( -0.000000000000000000, -2.775557561563032853E-16, 1.000000000000000000 ) ) ;
#4600 = ORIENTED_EDGE ( 'NONE', *, *, #586, .T. ) ;
#4601 = DIRECTION ( 'NONE',  ( 0.000000000000000000, 2.775557561563032853E-16, -1.000000000000000000 ) ) ;
#4602 = EDGE_CURVE ( 'NONE', #3263, #2894, #1619, .T. ) ;
#4603 = ORIENTED_EDGE ( 'NONE', *, *, #329, .F. ) ;
#4604 = FACE_OUTER_BOUND ( 'NONE', #601, .T. ) ;
#4605 = DIRECTION ( 'NONE',  ( 0.000000000000000000, -1.000000000000000000, -3.301729611148416588E-16 ) ) ;
#4606 = EDGE_CURVE ( 'NONE', #3555, #2355, #3247, .T. ) ;
#4607 = EDGE_LOOP ( 'NONE', ( #2830, #12, #4695, #1758, #3097 ) ) ;
#4608 = FACE_BOUND ( 'NONE', #90, .T. ) ;
#4609 = ORIENTED_EDGE ( 'NONE', *, *, #1681, .T. ) ;
#4610 = CARTESIAN_POINT ( 'NONE',  ( -265.1845289799109082, 1189.999999999998408, -1503.936198047713333 ) ) ;
#4611 = ADVANCED_FACE ( 'NONE', ( #2058 ), #2799, .F. ) ;
#4612 = EDGE_CURVE ( 'NONE', #508, #4517, #4425, .T. ) ;
#4613 = VECTOR ( 'NONE', #4391, 1000.000000000000000 ) ;
#4614 = EDGE_LOOP ( 'NONE', ( #5025, #3809, #2068, #3489 ) ) ;
#4615 = CARTESIAN_POINT ( 'NONE',  ( -10255.33188238365256, -679.9999999999979536, -567.4243228023079837 ) ) ;
#4616 = CARTESIAN_POINT ( 'NONE',  ( 0.000000000000000000, -875.0000000000000000, -1060.000000000000000 ) ) ;
#4617 = AXIS2_PLACEMENT_3D ( 'NONE', #4334, #678, #2264 ) ;
#4618 = OPEN_SHELL ( 'NONE', ( #4419, #3112, #1804, #2140, #3903, #2477, #2492, #2908, #1036, #931, #785, #4960, #4989, #3992, #919, #350, #1718, #5098, #2764, #2673, #4643, #1894, #204, #5158, #4815, #1721, #4595, #469, #3420, #656, #1126, #3839, #1116, #104, #2300, #1035, #1338, #2470, #2440, #3384, #515, #1597, #5110, #1374, #3045, #3511, #2704, #3367, #3774, #2257, #2354, #3490, #2185, #2387, #2091, #3999, #3063, #1436, #2804, #1882, #2268, #4743, #3585, #210, #1422, #2589, #1571, #4281, #4982, #4828, #2975, #3369, #3929 ) ) ;
#4619 = ORIENTED_EDGE ( 'NONE', *, *, #651, .T. ) ;
#4620 = DIRECTION ( 'NONE',  ( 0.000000000000000000, 1.000000000000000000, 2.775557561563032853E-16 ) ) ;
#4621 = VERTEX_POINT ( 'NONE', #4343 ) ;
#4622 = DIRECTION ( 'NONE',  ( -1.908428413691174465E-16, 0.000000000000000000, -1.000000000000000000 ) ) ;
#4623 = DIRECTION ( 'NONE',  ( 0.000000000000000000, 0.9854601157443478865, 0.1699069165076469434 ) ) ;
#4624 = LINE ( 'NONE', #1042, #3902 ) ;
#4625 = ORIENTED_EDGE ( 'NONE', *, *, #869, .F. ) ;
#4626 = CARTESIAN_POINT ( 'NONE',  ( 0.000000000000000000, 0.000000000000000000, -960.0000000000002274 ) ) ;
#4627 = VERTEX_POINT ( 'NONE', #3587 ) ;
#4628 = CARTESIAN_POINT ( 'NONE',  ( -11700.00000000000182, 814.9999999999972715, -589.9999999999965894 ) ) ;
#4629 =( BOUNDED_CURVE ( )  B_SPLINE_CURVE ( 3, ( #8, #37, #89, #4877 ),
 .UNSPECIFIED., .F., .T. ) 
 B_SPLINE_CURVE_WITH_KNOTS ( ( 4, 4 ),
 ( 0.8313038383525108710, 0.8457296285623810972 ),
 .UNSPECIFIED. ) 
 CURVE ( )  GEOMETRIC_REPRESENTATION_ITEM ( )  RATIONAL_B_SPLINE_CURVE ( ( 1.000000000000000000, 0.9999826581232540423, 0.9999826581232540423, 1.000000000000000000 ) ) 
 REPRESENTATION_ITEM ( '' )  );
#4630 = LINE ( 'NONE', #208, #739 ) ;
#4631 = ORIENTED_EDGE ( 'NONE', *, *, #2520, .F. ) ;
#4632 = EDGE_CURVE ( 'NONE', #2584, #3847, #765, .T. ) ;
#4633 = CARTESIAN_POINT ( 'NONE',  ( -18709.42746103936224, -990.0000000000014779, -751.1534819267455987 ) ) ;
#4634 = CARTESIAN_POINT ( 'NONE',  ( -13458.75177054179403, -1054.999999999997499, -589.9999999999971578 ) ) ;
#4635 = AXIS2_PLACEMENT_3D ( 'NONE', #3976, #4000, #416 ) ;
#4636 = DIRECTION ( 'NONE',  ( 1.224646799147353207E-16, 1.000000000000000000, 0.000000000000000000 ) ) ;
#4637 = VECTOR ( 'NONE', #5059, 1000.000000000000000 ) ;
#4638 = CIRCLE ( 'NONE', #1880, 1000.000000000000000 ) ;
#4639 = VERTEX_POINT ( 'NONE', #1260 ) ;
#4640 = CARTESIAN_POINT ( 'NONE',  ( -26400.00000000000364, 0.000000000000000000, 0.000000000000000000 ) ) ;
#4641 = DIRECTION ( 'NONE',  ( 0.000000000000000000, -0.9854601157443478865, 0.1699069165076472210 ) ) ;
#4642 = ORIENTED_EDGE ( 'NONE', *, *, #3577, .T. ) ;
#4643 = ADVANCED_FACE ( 'NONE', ( #370 ), #1595, .T. ) ;
#4644 = VERTEX_POINT ( 'NONE', #1234 ) ;
#4645 = LINE ( 'NONE', #4175, #226 ) ;
#4646 = CIRCLE ( 'NONE', #3476, 277.7941176470602045 ) ;
#4647 = CIRCLE ( 'NONE', #464, 1000.000000000000000 ) ;
#4648 = EDGE_LOOP ( 'NONE', ( #4924, #5125, #1434, #735, #835 ) ) ;
#4649 = PLANE ( 'NONE',  #2255 ) ;
#4650 = CARTESIAN_POINT ( 'NONE',  ( -12500.00000000000182, 1950.712458671872582, -306.2059048389980944 ) ) ;
#4651 = EDGE_CURVE ( 'NONE', #4561, #908, #2420, .T. ) ;
#4652 = FACE_OUTER_BOUND ( 'NONE', #505, .T. ) ;
#4653 = VERTEX_POINT ( 'NONE', #1961 ) ;
#4654 = EDGE_CURVE ( 'NONE', #866, #207, #3564, .T. ) ;
#4655 = CIRCLE ( 'NONE', #4233, 79.99999999999995737 ) ;
#4656 = DIRECTION ( 'NONE',  ( -0.000000000000000000, 0.000000000000000000, 1.000000000000000000 ) ) ;
#4657 = ORIENTED_EDGE ( 'NONE', *, *, #1893, .T. ) ;
#4658 = CARTESIAN_POINT ( 'NONE',  ( -13899.99999999999818, -814.9999999999976126, 1.831867990631508292E-12 ) ) ;
#4659 = CARTESIAN_POINT ( 'NONE',  ( -28966.79486355017070, 875.0000000000000000, -1060.000000000000000 ) ) ;
#4660 = ORIENTED_EDGE ( 'NONE', *, *, #4840, .F. ) ;
#4661 = AXIS2_PLACEMENT_3D ( 'NONE', #4003, #840, #2419 ) ;
#4662 =( BOUNDED_CURVE ( )  B_SPLINE_CURVE ( 3, ( #4761, #2770, #4366, #3188 ),
 .UNSPECIFIED., .F., .T. ) 
 B_SPLINE_CURVE_WITH_KNOTS ( ( 4, 4 ),
 ( 4.948096640255991829, 4.998901561966746954 ),
 .UNSPECIFIED. ) 
 CURVE ( )  GEOMETRIC_REPRESENTATION_ITEM ( )  RATIONAL_B_SPLINE_CURVE ( ( 1.000000000000000000, 0.9997849165603801547, 0.9997849165603801547, 1.000000000000000000 ) ) 
 REPRESENTATION_ITEM ( '' )  );
#4663 = EDGE_CURVE ( 'NONE', #3854, #1702, #216, .T. ) ;
#4664 = VECTOR ( 'NONE', #2592, 1000.000000000000000 ) ;
#4665 = DIRECTION ( 'NONE',  ( 0.000000000000000000, 0.9901138386947148096, 0.1402661271484179906 ) ) ;
#4666 = CARTESIAN_POINT ( 'NONE',  ( -11880.00000000000182, 814.9999999999972715, -239.9999999999979821 ) ) ;
#4667 = DIRECTION ( 'NONE',  ( 0.000000000000000000, 0.000000000000000000, 1.000000000000000000 ) ) ;
#4668 = AXIS2_PLACEMENT_3D ( 'NONE', #4916, #2178, #932 ) ;
#4669 = ADVANCED_FACE ( 'NONE', ( #4475 ), #526, .T. ) ;
#4670 = DIRECTION ( 'NONE',  ( -1.000000000000000000, 0.000000000000000000, 0.000000000000000000 ) ) ;
#4671 = FACE_OUTER_BOUND ( 'NONE', #5008, .T. ) ;
#4672 = EDGE_CURVE ( 'NONE', #2100, #1824, #948, .T. ) ;
#4673 = VERTEX_POINT ( 'NONE', #1805 ) ;
#4674 = VERTEX_POINT ( 'NONE', #190 ) ;
#4675 = DIRECTION ( 'NONE',  ( -1.000000000000000000, 0.000000000000000000, 0.000000000000000000 ) ) ;
#4676 = ORIENTED_EDGE ( 'NONE', *, *, #4448, .F. ) ;
#4677 = CARTESIAN_POINT ( 'NONE',  ( -19751.31652704090448, -990.0000000000003411, -660.0000000000002274 ) ) ;
#4678 = CARTESIAN_POINT ( 'NONE',  ( -26000.00000000000000, -800.0000000000000000, -910.0000000000001137 ) ) ;
#4679 = ORIENTED_EDGE ( 'NONE', *, *, #5179, .F. ) ;
#4680 = DIRECTION ( 'NONE',  ( -1.000000000000000000, -3.132904478660053556E-17, -0.000000000000000000 ) ) ;
#4681 = DIRECTION ( 'NONE',  ( 0.000000000000000000, 2.249385511977649118E-16, -1.000000000000000000 ) ) ;
#4682 = ADVANCED_FACE ( 'NONE', ( #4979 ), #1777, .F. ) ;
#4683 = ORIENTED_EDGE ( 'NONE', *, *, #2003, .F. ) ;
#4684 = EDGE_CURVE ( 'NONE', #4090, #4621, #3407, .T. ) ;
#4685 = LINE ( 'NONE', #3107, #4360 ) ;
#4686 = DIRECTION ( 'NONE',  ( 0.000000000000000000, -1.000000000000000000, 0.000000000000000000 ) ) ;
#4687 = VERTEX_POINT ( 'NONE', #1285 ) ;
#4688 = FACE_OUTER_BOUND ( 'NONE', #936, .T. ) ;
#4689 = CARTESIAN_POINT ( 'NONE',  ( -13499.99999999999818, 1950.712458671872582, -306.2059048389980944 ) ) ;
#4690 = CARTESIAN_POINT ( 'NONE',  ( -12500.00000000000182, -1950.712458671873037, -306.2059048389992313 ) ) ;
#4691 = ORIENTED_EDGE ( 'NONE', *, *, #2750, .T. ) ;
#4692 = DIRECTION ( 'NONE',  ( -1.000000000000000000, 0.000000000000000000, 0.000000000000000000 ) ) ;
#4693 = FACE_OUTER_BOUND ( 'NONE', #3836, .T. ) ;
#4694 = ORIENTED_EDGE ( 'NONE', *, *, #719, .T. ) ;
#4695 = ORIENTED_EDGE ( 'NONE', *, *, #3035, .T. ) ;
#4696 = ADVANCED_FACE ( 'NONE', ( #1316 ), #921, .T. ) ;
#4697 = LINE ( 'NONE', #3122, #4816 ) ;
#4698 = EDGE_CURVE ( 'NONE', #3792, #857, #1755, .T. ) ;
#4699 = VERTEX_POINT ( 'NONE', #1005 ) ;
#4700 = CARTESIAN_POINT ( 'NONE',  ( 1.146826704932026370E-13, 989.9999999999984084, -660.0000000000019327 ) ) ;
#4701 = DIRECTION ( 'NONE',  ( 0.000000000000000000, -2.413528314402514090E-16, 1.000000000000000000 ) ) ;
#4702 = VECTOR ( 'NONE', #110, 1000.000000000000000 ) ;
#4703 = ORIENTED_EDGE ( 'NONE', *, *, #4585, .F. ) ;
#4704 = AXIS2_PLACEMENT_3D ( 'NONE', #2843, #3658, #3176 ) ;
#4705 = DIRECTION ( 'NONE',  ( -1.000000000000000000, 0.000000000000000000, 0.000000000000000000 ) ) ;
#4706 = ORIENTED_EDGE ( 'NONE', *, *, #2242, .F. ) ;
#4707 = DIRECTION ( 'NONE',  ( 0.000000000000000000, -1.000000000000000000, 0.000000000000000000 ) ) ;
#4708 = DIRECTION ( 'NONE',  ( 0.000000000000000000, -1.000000000000000000, -2.775557561563032853E-16 ) ) ;
#4709 = ORIENTED_EDGE ( 'NONE', *, *, #2342, .T. ) ;
#4710 = ADVANCED_FACE ( 'NONE', ( #4105 ), #165, .T. ) ;
#4711 = CARTESIAN_POINT ( 'NONE',  ( -13975.00000000000182, -899.9999999999998863, -910.0000000000001137 ) ) ;
#4712 = LINE ( 'NONE', #1083, #1953 ) ;
#4713 = VERTEX_POINT ( 'NONE', #3719 ) ;
#4714 = DIRECTION ( 'NONE',  ( 0.000000000000000000, -0.9854601157443478865, -0.1699069165076469434 ) ) ;
#4715 = PLANE ( 'NONE',  #4134 ) ;
#4716 = AXIS2_PLACEMENT_3D ( 'NONE', #4354, #1943, #4331 ) ;
#4717 = VERTEX_POINT ( 'NONE', #4081 ) ;
#4718 = AXIS2_PLACEMENT_3D ( 'NONE', #1427, #4590, #115 ) ;
#4719 = ORIENTED_EDGE ( 'NONE', *, *, #2040, .T. ) ;
#4720 = CARTESIAN_POINT ( 'NONE',  ( -11700.00000000000182, -1950.712458671872810, -589.9999999999973852 ) ) ;
#4721 = AXIS2_PLACEMENT_3D ( 'NONE', #4626, #4656, #676 ) ;
#4722 = CARTESIAN_POINT ( 'NONE',  ( -11411.43189860506209, -176.9719203373659866, -350.9999999999987494 ) ) ;
#4723 = ADVANCED_FACE ( 'NONE', ( #4930 ), #2167, .F. ) ;
#4724 = CARTESIAN_POINT ( 'NONE',  ( -28350.00000000000000, -1189.999999999998408, -960.0000000000002274 ) ) ;
#4725 = EDGE_LOOP ( 'NONE', ( #4189, #1327, #4937, #4022 ) ) ;
#4727 = DIRECTION ( 'NONE',  ( 0.000000000000000000, 0.9901138386947148096, -0.1402661271484179906 ) ) ;
#4726 = AXIS2_PLACEMENT_3D ( 'NONE', #4942, #4229, #963 ) ;
#4728 = AXIS2_PLACEMENT_3D ( 'NONE', #1938, #749, #3543 ) ;
#4729 = LINE ( 'NONE', #2286, #299 ) ;
#4730 = EDGE_LOOP ( 'NONE', ( #5047, #4441, #1675, #193, #819, #4552, #4961, #4066 ) ) ;
#4731 = CARTESIAN_POINT ( 'NONE',  ( -19751.31652704090448, 1189.999999999998408, -660.0000000000002274 ) ) ;
#4732 = DIRECTION ( 'NONE',  ( -1.000000000000000000, 0.000000000000000000, 0.000000000000000000 ) ) ;
#4733 = AXIS2_PLACEMENT_3D ( 'NONE', #4876, #4482, #4035 ) ;
#4734 = EDGE_CURVE ( 'NONE', #1793, #1348, #3217, .T. ) ;
#4735 = ORIENTED_EDGE ( 'NONE', *, *, #2873, .F. ) ;
#4736 = VECTOR ( 'NONE', #4822, 1000.000000000000000 ) ;
#4737 = DIRECTION ( 'NONE',  ( 1.000000000000000000, 0.000000000000000000, 0.000000000000000000 ) ) ;
#4738 = DIRECTION ( 'NONE',  ( 1.000000000000000000, 0.000000000000000000, -1.908428413691174465E-16 ) ) ;
#4739 = VECTOR ( 'NONE', #3563, 1000.000000000000000 ) ;
#4740 = VERTEX_POINT ( 'NONE', #1398 ) ;
#4741 = DIRECTION ( 'NONE',  ( 0.000000000000000000, 0.9950481186486286322, 0.09939437395458934621 ) ) ;
#4742 = CARTESIAN_POINT ( 'NONE',  ( -13555.71061244389966, 679.9999999999977263, -765.0652677973102982 ) ) ;
#4743 = ADVANCED_FACE ( 'NONE', ( #3775 ), #4528, .F. ) ;
#4744 = ORIENTED_EDGE ( 'NONE', *, *, #220, .T. ) ;
#4745 = CARTESIAN_POINT ( 'NONE',  ( -13899.99999999999818, -814.9999999999972715, -909.9999999999987494 ) ) ;
#4746 = ORIENTED_EDGE ( 'NONE', *, *, #4296, .T. ) ;
#4747 = PLANE ( 'NONE',  #459 ) ;
#4748 = LINE ( 'NONE', #2679, #136 ) ;
#4749 = VERTEX_POINT ( 'NONE', #1698 ) ;
#4750 = PLANE ( 'NONE',  #2359 ) ;
#4751 = ORIENTED_EDGE ( 'NONE', *, *, #1588, .T. ) ;
#4752 = DIRECTION ( 'NONE',  ( -0.1736481776669237531, 0.000000000000000000, -0.9848077530122092416 ) ) ;
#4753 = LINE ( 'NONE', #3947, #4414 ) ;
#4754 = VECTOR ( 'NONE', #1209, 1000.000000000000000 ) ;
#4755 = ORIENTED_EDGE ( 'NONE', *, *, #4130, .T. ) ;
#4756 = EDGE_CURVE ( 'NONE', #2616, #2412, #4954, .T. ) ;
#4757 = EDGE_CURVE ( 'NONE', #2938, #2604, #2958, .T. ) ;
#4758 = DIRECTION ( 'NONE',  ( -0.000000000000000000, -1.000000000000000000, -2.249385511977649118E-16 ) ) ;
#4759 = PLANE ( 'NONE',  #4556 ) ;
#4760 = ORIENTED_EDGE ( 'NONE', *, *, #4448, .T. ) ;
#4761 = CARTESIAN_POINT ( 'NONE',  ( -11652.71931086792392, -679.9999999999977263, -567.4243228023080974 ) ) ;
#4762 = CARTESIAN_POINT ( 'NONE',  ( -28084.81547102009063, 1189.999999999998408, -1503.936198047713333 ) ) ;
#4763 = VERTEX_POINT ( 'NONE', #4137 ) ;
#4764 = EDGE_CURVE ( 'NONE', #1320, #866, #3750, .T. ) ;
#4765 = EDGE_CURVE ( 'NONE', #1801, #1043, #4048, .T. ) ;
#4766 = PLANE ( 'NONE',  #643 ) ;
#4767 = ORIENTED_EDGE ( 'NONE', *, *, #4892, .T. ) ;
#4768 = CARTESIAN_POINT ( 'NONE',  ( -11349.93198115551968, -990.0000000000009095, -960.0000000000001137 ) ) ;
#4769 = CARTESIAN_POINT ( 'NONE',  ( -13680.00000000000000, -814.9999999999974989, -239.9999999999984368 ) ) ;
#4770 = DIRECTION ( 'NONE',  ( 1.000000000000000000, 2.193033135062037489E-16, 0.000000000000000000 ) ) ;
#4771 = MECHANICAL_DESIGN_GEOMETRIC_PRESENTATION_REPRESENTATION (  '', ( #3265 ), #1592 ) ;
#4772 = AXIS2_PLACEMENT_3D ( 'NONE', #2655, #3497, #5099 ) ;
#4773 = ORIENTED_EDGE ( 'NONE', *, *, #975, .T. ) ;
#4774 = CARTESIAN_POINT ( 'NONE',  ( -14588.56810139493791, 4.163336342343552110E-15, -725.0000000000051159 ) ) ;
#4775 = CARTESIAN_POINT ( 'NONE',  ( 0.000000000000000000, 0.000000000000000000, 0.000000000000000000 ) ) ;
#4776 = ORIENTED_EDGE ( 'NONE', *, *, #3079, .T. ) ;
#4777 = VECTOR ( 'NONE', #5012, 1000.000000000000000 ) ;
#4778 = CARTESIAN_POINT ( 'NONE',  ( -3866.957084846029375, 989.9999999999982947, -868.8465180732544013 ) ) ;
#4779 = AXIS2_PLACEMENT_3D ( 'NONE', #3896, #1148, #314 ) ;
#4780 = ORIENTED_EDGE ( 'NONE', *, *, #1973, .T. ) ;
#4781 = DIRECTION ( 'NONE',  ( -1.000000000000000000, -0.000000000000000000, 0.000000000000000000 ) ) ;
#4782 = DIRECTION ( 'NONE',  ( 0.000000000000000000, -2.413528314402513597E-16, 1.000000000000000000 ) ) ;
#4783 = LINE ( 'NONE', #3978, #875 ) ;
#4784 = VECTOR ( 'NONE', #4442, 1000.000000000000000 ) ;
#4785 = ORIENTED_EDGE ( 'NONE', *, *, #5, .F. ) ;
#4786 = CARTESIAN_POINT ( 'NONE',  ( -28350.00000000000000, 875.0000000000000000, -980.0000000000001137 ) ) ;
#4787 = LINE ( 'NONE', #1573, #4555 ) ;
#4788 = ORIENTED_EDGE ( 'NONE', *, *, #2024, .F. ) ;
#4789 = DIRECTION ( 'NONE',  ( -1.000000000000000000, 0.000000000000000000, 0.000000000000000000 ) ) ;
#4790 = CARTESIAN_POINT ( 'NONE',  ( -11880.00000000000182, -814.9999999999974989, -517.7941176470593518 ) ) ;
#4791 = CARTESIAN_POINT ( 'NONE',  ( -10255.33188238365256, -278.9021535255452022, -725.0000000000053433 ) ) ;
#4792 = ADVANCED_FACE ( 'NONE', ( #4688 ), #5107, .F. ) ;
#4793 = DIRECTION ( 'NONE',  ( 0.000000000000000000, -0.1699069165076472210, -0.9854601157443478865 ) ) ;
#4794 = EDGE_LOOP ( 'NONE', ( #4785, #5152, #4735, #4375 ) ) ;
#4795 = LINE ( 'NONE', #2812, #2809 ) ;
#4796 = VECTOR ( 'NONE', #4131, 1000.000000000000000 ) ;
#4797 = VECTOR ( 'NONE', #3934, 1000.000000000000000 ) ;
#4798 = CARTESIAN_POINT ( 'NONE',  ( 0.000000000000000000, 0.000000000000000000, 0.000000000000000000 ) ) ;
#4799 = VERTEX_POINT ( 'NONE', #4633 ) ;
#4800 = AXIS2_PLACEMENT_3D ( 'NONE', #2299, #893, #2026 ) ;
#4801 = LINE ( 'NONE', #487, #4106 ) ;
#4802 = DIRECTION ( 'NONE',  ( 0.000000000000000000, -1.000000000000000000, 0.000000000000000000 ) ) ;
#4803 = DIRECTION ( 'NONE',  ( 0.000000000000000000, -1.000000000000000000, 0.000000000000000000 ) ) ;
#4804 = AXIS2_PLACEMENT_3D ( 'NONE', #3766, #1415, #913 ) ;
#4805 = VERTEX_POINT ( 'NONE', #4241 ) ;
#4806 = ORIENTED_EDGE ( 'NONE', *, *, #3848, .F. ) ;
#4807 = AXIS2_PLACEMENT_3D ( 'NONE', #411, #2466, #3660 ) ;
#4808 = CIRCLE ( 'NONE', #4388, 79.99999999999995737 ) ;
#4809 = DIRECTION ( 'NONE',  ( 3.132904478660053556E-17, -1.000000000000000000, 0.000000000000000000 ) ) ;
#4810 = VERTEX_POINT ( 'NONE', #1103 ) ;
#4811 = AXIS2_PLACEMENT_3D ( 'NONE', #5065, #3075, #4675 ) ;
#4812 = AXIS2_PLACEMENT_3D ( 'NONE', #1433, #3842, #3421 ) ;
#4813 = DIRECTION ( 'NONE',  ( 0.000000000000000000, -1.000000000000000000, -2.775557561563032853E-16 ) ) ;
#4814 = LINE ( 'NONE', #1231, #3551 ) ;
#4815 = ADVANCED_FACE ( 'NONE', ( #242 ), #4265, .F. ) ;
#4816 = VECTOR ( 'NONE', #3566, 1000.000000000000000 ) ;
#4817 = ORIENTED_EDGE ( 'NONE', *, *, #1807, .T. ) ;
#4818 = CARTESIAN_POINT ( 'NONE',  ( -12439.85290935933153, -1054.999999999997499, -769.9999999999964757 ) ) ;
#4819 = DIRECTION ( 'NONE',  ( 0.000000000000000000, 1.000000000000000000, 3.301729611148416588E-16 ) ) ;
#4820 = ORIENTED_EDGE ( 'NONE', *, *, #3264, .T. ) ;
#4821 = AXIS2_PLACEMENT_3D ( 'NONE', #246, #1859, #3041 ) ;
#4822 = DIRECTION ( 'NONE',  ( -1.000000000000000000, 0.000000000000000000, 0.000000000000000000 ) ) ;
#4823 = EDGE_CURVE ( 'NONE', #5163, #5155, #3482, .T. ) ;
#4824 =( BOUNDED_CURVE ( )  B_SPLINE_CURVE ( 3, ( #1638, #3286, #4462, #3315 ),
 .UNSPECIFIED., .F., .T. ) 
 B_SPLINE_CURVE_WITH_KNOTS ( ( 4, 4 ),
 ( 4.948096640255991829, 4.998901561966746954 ),
 .UNSPECIFIED. ) 
 CURVE ( )  GEOMETRIC_REPRESENTATION_ITEM ( )  RATIONAL_B_SPLINE_CURVE ( ( 1.000000000000000000, 0.9997849165603801547, 0.9997849165603801547, 1.000000000000000000 ) ) 
 REPRESENTATION_ITEM ( '' )  );
#4825 = PRODUCT_DEFINITION_SHAPE ( 'NONE', 'NONE',  #5184 ) ;
#4826 = ORIENTED_EDGE ( 'NONE', *, *, #4841, .F. ) ;
#4827 = DIRECTION ( 'NONE',  ( 1.000000000000000000, 0.000000000000000000, -1.908428413691174465E-16 ) ) ;
#4828 = ADVANCED_FACE ( 'NONE', ( #4608, #3064 ), #2692, .F. ) ;
#4829 = CARTESIAN_POINT ( 'NONE',  ( -14375.00000000000000, -899.9999999999998863, -910.0000000000001137 ) ) ;
#4830 = AXIS2_PLACEMENT_3D ( 'NONE', #1321, #3383, #3307 ) ;
#4831 = CARTESIAN_POINT ( 'NONE',  ( -11652.71931086792392, -679.9999999999977263, -567.4243228023080974 ) ) ;
#4832 = ORIENTED_EDGE ( 'NONE', *, *, #409, .T. ) ;
#4833 = LINE ( 'NONE', #40, #4393 ) ;
#4834 = DIRECTION ( 'NONE',  ( -0.000000000000000000, 1.000000000000000000, -0.000000000000000000 ) ) ;
#4835 = ORIENTED_EDGE ( 'NONE', *, *, #829, .T. ) ;
#4836 = CARTESIAN_POINT ( 'NONE',  ( -27970.00000000000364, 875.0000000000000000, -1060.000000000000000 ) ) ;
#4837 = FACE_OUTER_BOUND ( 'NONE', #43, .T. ) ;
#4838 = DIRECTION ( 'NONE',  ( -0.000000000000000000, 2.775557561563032853E-16, -1.000000000000000000 ) ) ;
#4839 = VERTEX_POINT ( 'NONE', #1831 ) ;
#4840 = EDGE_CURVE ( 'NONE', #2010, #456, #1626, .T. ) ;
#4841 = EDGE_CURVE ( 'NONE', #1207, #2805, #3828, .T. ) ;
#4842 = DIRECTION ( 'NONE',  ( 0.000000000000000000, -1.000000000000000000, 0.000000000000000000 ) ) ;
#4843 = VERTEX_POINT ( 'NONE', #266 ) ;
#4844 = CARTESIAN_POINT ( 'NONE',  ( -27970.00000000000364, 875.0000000000000000, -1060.000000000000000 ) ) ;
#4845 = EDGE_LOOP ( 'NONE', ( #2832, #316, #1477, #3957 ) ) ;
#4846 = LINE ( 'NONE', #4818, #4322 ) ;
#4847 = CARTESIAN_POINT ( 'NONE',  ( -265.1845289799106808, 989.9999999999984084, -1503.936198047713333 ) ) ;
#4848 = ORIENTED_EDGE ( 'NONE', *, *, #5064, .F. ) ;
#4849 = CARTESIAN_POINT ( 'NONE',  ( -14299.99999999999818, -814.9999999999974989, -589.9999999999970441 ) ) ;
#4850 = ORIENTED_EDGE ( 'NONE', *, *, #4698, .F. ) ;
#4851 = DIRECTION ( 'NONE',  ( 0.000000000000000000, -2.413528314402514090E-16, 1.000000000000000000 ) ) ;
#4852 = DIRECTION ( 'NONE',  ( 1.000000000000000000, -0.000000000000000000, -0.000000000000000000 ) ) ;
#4853 = ADVANCED_FACE ( 'NONE', ( #2665 ), #1854, .F. ) ;
#4854 = CARTESIAN_POINT ( 'NONE',  ( -28350.00000000000000, 0.000000000000000000, -960.0000000000002274 ) ) ;
#4855 = ORIENTED_EDGE ( 'NONE', *, *, #4535, .T. ) ;
#4856 = CARTESIAN_POINT ( 'NONE',  ( -19751.31652704090448, -1190.000000000001592, -660.0000000000002274 ) ) ;
#4857 =( REPRESENTATION_RELATIONSHIP ('NONE','NONE', #3023, #1941 ) REPRESENTATION_RELATIONSHIP_WITH_TRANSFORMATION ( #1958 )SHAPE_REPRESENTATION_RELATIONSHIP( ) );
#4858 = PRESENTATION_STYLE_ASSIGNMENT (( #72 ) ) ;
#4859 = ORIENTED_EDGE ( 'NONE', *, *, #4663, .F. ) ;
#4860 = DIRECTION ( 'NONE',  ( -0.1736481776669235033, 0.000000000000000000, -0.9848077530122092416 ) ) ;
#4861 = PRESENTATION_STYLE_ASSIGNMENT (( #3706 ) ) ;
#4862 = ORIENTED_EDGE ( 'NONE', *, *, #4515, .T. ) ;
#4863 = AXIS2_PLACEMENT_3D ( 'NONE', #3020, #2619, #2196 ) ;
#4864 = VERTEX_POINT ( 'NONE', #4288 ) ;
#4865 = EDGE_CURVE ( 'NONE', #5020, #1508, #1420, .T. ) ;
#4866 = VECTOR ( 'NONE', #5086, 1000.000000000000000 ) ;
#4867 = ORIENTED_EDGE ( 'NONE', *, *, #3874, .T. ) ;
#4868 = CARTESIAN_POINT ( 'NONE',  ( -13456.54998713038003, -715.1018965907420579, -582.5266689850967623 ) ) ;
#4869 = FACE_OUTER_BOUND ( 'NONE', #98, .T. ) ;
#4870 = ORIENTED_EDGE ( 'NONE', *, *, #4477, .F. ) ;
#4871 = CARTESIAN_POINT ( 'NONE',  ( -13899.99999999999818, 679.9999999999979536, -909.9999999999979536 ) ) ;
#4872 = VERTEX_POINT ( 'NONE', #290 ) ;
#4873 = DIRECTION ( 'NONE',  ( 0.000000000000000000, -1.000000000000000000, 0.000000000000000000 ) ) ;
#4874 = ORIENTED_EDGE ( 'NONE', *, *, #1467, .F. ) ;
#4875 = DIRECTION ( 'NONE',  ( 0.000000000000000000, 1.000000000000000000, 2.775557561563032853E-16 ) ) ;
#4876 = CARTESIAN_POINT ( 'NONE',  ( -22773.68347295909552, 989.9999999999981810, -6660.000000000000909 ) ) ;
#4877 = CARTESIAN_POINT ( 'NONE',  ( -11755.71061244390148, -679.9999999999977263, -765.0652677973105256 ) ) ;
#4878 = ORIENTED_EDGE ( 'NONE', *, *, #606, .T. ) ;
#4879 = LINE ( 'NONE', #877, #3385 ) ;
#4880 = ORIENTED_EDGE ( 'NONE', *, *, #4663, .T. ) ;
#4881 = DIRECTION ( 'NONE',  ( 0.000000000000000000, 2.775557561563032853E-16, -1.000000000000000000 ) ) ;
#4882 = DIRECTION ( 'NONE',  ( 1.000000000000000000, 0.000000000000000000, 0.000000000000000000 ) ) ;
#4883 = CARTESIAN_POINT ( 'NONE',  ( -14299.99999999999818, 1950.712458671872582, -306.2059048389979239 ) ) ;
#4884 = ORIENTED_EDGE ( 'NONE', *, *, #3720, .T. ) ;
#4885 = VECTOR ( 'NONE', #3525, 1000.000000000000000 ) ;
#4886 = AXIS2_PLACEMENT_3D ( 'NONE', #224, #1322, #2119 ) ;
#4887 = AXIS2_PLACEMENT_3D ( 'NONE', #4690, #2272, #3878 ) ;
#4888 = EDGE_CURVE ( 'NONE', #324, #117, #1497, .T. ) ;
#4889 = ORIENTED_EDGE ( 'NONE', *, *, #336, .T. ) ;
#4890 = DIRECTION ( 'NONE',  ( -0.000000000000000000, -0.9901138386947148096, -0.1402661271484180183 ) ) ;
#4891 = AXIS2_PLACEMENT_3D ( 'NONE', #5076, #3130, #3502 ) ;
#4892 = EDGE_CURVE ( 'NONE', #3462, #3961, #1909, .T. ) ;
#4893 = ORIENTED_EDGE ( 'NONE', *, *, #4440, .F. ) ;
#4894 = CARTESIAN_POINT ( 'NONE',  ( 0.000000000000000000, -875.0000000000000000, -980.0000000000001137 ) ) ;
#4895 = CARTESIAN_POINT ( 'NONE',  ( -14341.24822945820415, -732.4719190560189190, -589.9999999999970441 ) ) ;
#4896 = AXIS2_PLACEMENT_3D ( 'NONE', #3238, #1300, #1665 ) ;
#4897 = EDGE_LOOP ( 'NONE', ( #5050, #790 ) ) ;
#4898 = DIRECTION ( 'NONE',  ( 1.000000000000000000, -0.000000000000000000, -0.000000000000000000 ) ) ;
#4899 = DIRECTION ( 'NONE',  ( -2.193033135062037489E-16, -1.000000000000000000, -0.000000000000000000 ) ) ;
#4900 = AXIS2_PLACEMENT_3D ( 'NONE', #565, #618, #1012 ) ;
#4901 = LINE ( 'NONE', #2083, #4480 ) ;
#4902 = ADVANCED_FACE ( 'NONE', ( #2612 ), #2220, .T. ) ;
#4903 = ADVANCED_FACE ( 'NONE', ( #1435 ), #4206, .F. ) ;
#4904 = ORIENTED_EDGE ( 'NONE', *, *, #362, .T. ) ;
#4905 = EDGE_CURVE ( 'NONE', #1822, #3081, #2450, .T. ) ;
#4906 = FACE_OUTER_BOUND ( 'NONE', #1136, .T. ) ;
#4907 = LINE ( 'NONE', #2998, #3716 ) ;
#4908 = DIRECTION ( 'NONE',  ( 1.000000000000000000, 3.700743415417188263E-17, -1.776356839400250465E-15 ) ) ;
#4909 = VECTOR ( 'NONE', #4686, 1000.000000000000000 ) ;
#4910 = VERTEX_POINT ( 'NONE', #2211 ) ;
#4911 = DIRECTION ( 'NONE',  ( -0.9848077530122092416, 0.000000000000000000, -0.1736481776669235033 ) ) ;
#4912 = SHAPE_DEFINITION_REPRESENTATION ( #855, #1941 ) ;
#4913 = PRODUCT_DEFINITION ( 'NON CONOSCIUTO', '', #3859, #2854 ) ;
#4914 = ORIENTED_EDGE ( 'NONE', *, *, #2452, .T. ) ;
#4915 = VECTOR ( 'NONE', #1835, 1000.000000000000000 ) ;
#4916 = CARTESIAN_POINT ( 'NONE',  ( -14388.56810139493609, 877.4999988432243754, -589.9999999999965894 ) ) ;
#4917 = PLANE ( 'NONE',  #1549 ) ;
#4918 = CARTESIAN_POINT ( 'NONE',  ( -11611.43189860506391, -1077.499998843224375, -769.9999999999964757 ) ) ;
#4919 = ORIENTED_EDGE ( 'NONE', *, *, #38, .T. ) ;
#4920 = VECTOR ( 'NONE', #3341, 1000.000000000000000 ) ;
#4921 = CARTESIAN_POINT ( 'NONE',  ( -11411.43189860506209, -278.9021535255452022, -725.0000000000053433 ) ) ;
#4922 = ORIENTED_EDGE ( 'NONE', *, *, #2870, .F. ) ;
#4923 = FACE_OUTER_BOUND ( 'NONE', #4336, .T. ) ;
#4924 = ORIENTED_EDGE ( 'NONE', *, *, #3160, .F. ) ;
#4925 = ADVANCED_FACE ( 'NONE', ( #544 ), #158, .F. ) ;
#4926 = CARTESIAN_POINT ( 'NONE',  ( -14239.85290935932790, 729.4021522441533989, -769.9999999999959073 ) ) ;
#4927 = DIRECTION ( 'NONE',  ( 0.000000000000000000, -1.000000000000000000, 0.000000000000000000 ) ) ;
#4928 = EDGE_CURVE ( 'NONE', #3109, #185, #3302, .T. ) ;
#4929 = ORIENTED_EDGE ( 'NONE', *, *, #1146, .T. ) ;
#4930 = FACE_OUTER_BOUND ( 'NONE', #3891, .T. ) ;
#4931 = CARTESIAN_POINT ( 'NONE',  ( -1.841314829809070476E-12, -989.9999999999984084, -960.0000000000019327 ) ) ;
#4932 = DIRECTION ( 'NONE',  ( 0.000000000000000000, -1.000000000000000000, 0.000000000000000000 ) ) ;
#4933 = VERTEX_POINT ( 'NONE', #2159 ) ;
#4934 = CARTESIAN_POINT ( 'NONE',  ( 8.379673656549379219E-14, 989.9999999999984084, -960.0000000000019327 ) ) ;
#4935 = LINE ( 'NONE', #2967, #4298 ) ;
#4936 = EDGE_CURVE ( 'NONE', #3707, #1593, #3320, .T. ) ;
#4937 = ORIENTED_EDGE ( 'NONE', *, *, #3577, .F. ) ;
#4938 = FACE_OUTER_BOUND ( 'NONE', #413, .T. ) ;
#4939 = CARTESIAN_POINT ( 'NONE',  ( 0.000000000000000000, 0.000000000000000000, 0.000000000000000000 ) ) ;
#4940 = EDGE_LOOP ( 'NONE', ( #3202, #2950 ) ) ;
#4941 = FACE_OUTER_BOUND ( 'NONE', #205, .T. ) ;
#4942 = CARTESIAN_POINT ( 'NONE',  ( -13899.99999999999818, -1054.999999999997726, -459.9999999999984084 ) ) ;
#4943 = EDGE_LOOP ( 'NONE', ( #4848, #4660 ) ) ;
#4944 = CARTESIAN_POINT ( 'NONE',  ( -15744.66811761634744, -814.9999999999974989, -589.9999999999970441 ) ) ;
#4945 = EDGE_LOOP ( 'NONE', ( #2695, #4832, #1168, #5170 ) ) ;
#4946 = PLANE ( 'NONE',  #1495 ) ;
#4947 = ORIENTED_EDGE ( 'NONE', *, *, #346, .T. ) ;
#4948 = VECTOR ( 'NONE', #3865, 1000.000000000000000 ) ;
#4949 = VECTOR ( 'NONE', #3182, 1000.000000000000000 ) ;
#4950 = FACE_OUTER_BOUND ( 'NONE', #2591, .T. ) ;
#4951 = DIRECTION ( 'NONE',  ( 0.000000000000000000, 2.249385511977649118E-16, -1.000000000000000000 ) ) ;
#4952 = EDGE_CURVE ( 'NONE', #1847, #2333, #4302, .T. ) ;
#4953 = AXIS2_PLACEMENT_3D ( 'NONE', #4689, #2693, #4290 ) ;
#4954 = LINE ( 'NONE', #3301, #3135 ) ;
#4955 = AXIS2_PLACEMENT_3D ( 'NONE', #4836, #2435, #1687 ) ;
#4956 = VERTEX_POINT ( 'NONE', #2102 ) ;
#4957 = DIRECTION ( 'NONE',  ( 1.000000000000000000, -0.000000000000000000, 0.000000000000000000 ) ) ;
#4958 = DIRECTION ( 'NONE',  ( -0.000000000000000000, 1.000000000000000000, -0.000000000000000000 ) ) ;
#4959 = CARTESIAN_POINT ( 'NONE',  ( -12439.85290935933153, 729.4021522441533989, -769.9999999999959073 ) ) ;
#4960 = ADVANCED_FACE ( 'NONE', ( #206 ), #3820, .F. ) ;
#4961 = ORIENTED_EDGE ( 'NONE', *, *, #2082, .T. ) ;
#4962 = DIRECTION ( 'NONE',  ( 0.000000000000000000, -0.9901138386947148096, 0.1402661271484180183 ) ) ;
#4963 = ORIENTED_EDGE ( 'NONE', *, *, #3527, .T. ) ;
#4964 = EDGE_CURVE ( 'NONE', #2032, #701, #1770, .T. ) ;
#4965 = DIRECTION ( 'NONE',  ( 0.000000000000000000, 1.000000000000000000, 5.551115123125784674E-16 ) ) ;
#4966 = AXIS2_PLACEMENT_3D ( 'NONE', #1252, #2847, #4389 ) ;
#4967 = CARTESIAN_POINT ( 'NONE',  ( -28966.79486355017070, -875.0000000000000000, -1060.000000000000000 ) ) ;
#4968 = ORIENTED_EDGE ( 'NONE', *, *, #122, .F. ) ;
#4969 = DIRECTION ( 'NONE',  ( 0.000000000000000000, -2.413528314402514090E-16, 1.000000000000000000 ) ) ;
#4970 = EDGE_LOOP ( 'NONE', ( #4123, #2358, #1294 ) ) ;
#4971 = DIRECTION ( 'NONE',  ( 1.000000000000000000, 0.000000000000000000, 0.000000000000000000 ) ) ;
#4972 = CARTESIAN_POINT ( 'NONE',  ( -26400.00000000000364, 1189.999999999998408, -960.0000000000002274 ) ) ;
#4973 = EDGE_CURVE ( 'NONE', #3760, #1288, #2496, .T. ) ;
#4974 = VECTOR ( 'NONE', #1460, 1000.000000000000000 ) ;
#4975 = VECTOR ( 'NONE', #4536, 1000.000000000000114 ) ;
#4976 = ORIENTED_EDGE ( 'NONE', *, *, #2389, .T. ) ;
#4977 = DIRECTION ( 'NONE',  ( 0.000000000000000000, -2.413528314402514090E-16, 1.000000000000000000 ) ) ;
#4978 = AXIS2_PLACEMENT_3D ( 'NONE', #980, #497, #2478 ) ;
#4979 = FACE_OUTER_BOUND ( 'NONE', #1551, .T. ) ;
#4980 = VECTOR ( 'NONE', #3592, 1000.000000000000000 ) ;
#4981 = ORIENTED_EDGE ( 'NONE', *, *, #2287, .F. ) ;
#4982 = ADVANCED_FACE ( 'NONE', ( #1018 ), #2606, .F. ) ;
#4983 = CARTESIAN_POINT ( 'NONE',  ( 616.7948635501689978, -875.0000000000000000, -1140.000000000000227 ) ) ;
#4984 = AXIS2_PLACEMENT_3D ( 'NONE', #1968, #1580, #4063 ) ;
#4985 = DIRECTION ( 'NONE',  ( -0.000000000000000000, -1.000000000000000000, -3.301729611148416588E-16 ) ) ;
#4986 = LINE ( 'NONE', #1375, #2202 ) ;
#4987 = CARTESIAN_POINT ( 'NONE',  ( -1950.000000000000682, -1189.999999999998408, -960.0000000000002274 ) ) ;
#4988 = VERTEX_POINT ( 'NONE', #4921 ) ;
#4989 = ADVANCED_FACE ( 'NONE', ( #3424 ), #1331, .T. ) ;
#4990 = AXIS2_PLACEMENT_3D ( 'NONE', #4370, #2773, #3463 ) ;
#4991 = LINE ( 'NONE', #3786, #1643 ) ;
#4992 = APPLICATION_PROTOCOL_DEFINITION ( 'draft international standard', 'automotive_design', 1998, #3279 ) ;
#4993 = ORIENTED_EDGE ( 'NONE', *, *, #2538, .F. ) ;
#4994 = CARTESIAN_POINT ( 'NONE',  ( -12100.00000000000182, -814.9999999999974989, -459.9999999999983515 ) ) ;
#4995 = LINE ( 'NONE', #647, #978 ) ;
#4996 = DIRECTION ( 'NONE',  ( 1.000000000000000000, 0.000000000000000000, 0.000000000000000000 ) ) ;
#4997 = ORIENTED_EDGE ( 'NONE', *, *, #4287, .F. ) ;
#4998 = AXIS2_PLACEMENT_3D ( 'NONE', #1826, #161, #4185 ) ;
#4999 = CARTESIAN_POINT ( 'NONE',  ( -13899.99999999999818, -1054.999999999997726, -459.9999999999984084 ) ) ;
#5000 = VERTEX_POINT ( 'NONE', #4547 ) ;
#5001 =( BOUNDED_CURVE ( )  B_SPLINE_CURVE ( 3, ( #1773, #240, #2239, #1362 ),
 .UNSPECIFIED., .F., .T. ) 
 B_SPLINE_CURVE_WITH_KNOTS ( ( 4, 4 ),
 ( 1.284283745212837724, 1.335088666923594625 ),
 .UNSPECIFIED. ) 
 CURVE ( )  GEOMETRIC_REPRESENTATION_ITEM ( )  RATIONAL_B_SPLINE_CURVE ( ( 1.000000000000000000, 0.9997849165603801547, 0.9997849165603801547, 1.000000000000000000 ) ) 
 REPRESENTATION_ITEM ( '' )  );
#5002 = CARTESIAN_POINT ( 'NONE',  ( -13899.99999999999818, 814.9999999999974989, -909.9999999999982947 ) ) ;
#5003 = ORIENTED_EDGE ( 'NONE', *, *, #2442, .T. ) ;
#5004 = EDGE_CURVE ( 'NONE', #1263, #4653, #3371, .T. ) ;
#5005 = EDGE_CURVE ( 'NONE', #4014, #3328, #4491, .T. ) ;
#5006 = DIRECTION ( 'NONE',  ( -0.000000000000000000, 2.775557561563032853E-16, -1.000000000000000000 ) ) ;
#5007 = CARTESIAN_POINT ( 'NONE',  ( -10255.33188238365256, 4.163336342343552110E-15, -725.0000000000051159 ) ) ;
#5008 = EDGE_LOOP ( 'NONE', ( #3404, #3435, #3954, #665, #331, #2438, #2852, #1358 ) ) ;
#5009 = ORIENTED_EDGE ( 'NONE', *, *, #174, .T. ) ;
#5010 = CARTESIAN_POINT ( 'NONE',  ( -11611.43189860506391, 877.4999988432243754, -589.9999999999965894 ) ) ;
#5011 = LINE ( 'NONE', #1032, #967 ) ;
#5012 = DIRECTION ( 'NONE',  ( -0.9848077530122092416, 0.000000000000000000, -0.1736481776669237531 ) ) ;
#5013 = ORIENTED_EDGE ( 'NONE', *, *, #651, .F. ) ;
#5014 = LINE ( 'NONE', #3860, #143 ) ;
#5015 = ORIENTED_EDGE ( 'NONE', *, *, #4020, .T. ) ;
#5016 = DIRECTION ( 'NONE',  ( -1.000000000000000000, 0.000000000000000000, 0.000000000000000000 ) ) ;
#5017 = EDGE_CURVE ( 'NONE', #592, #3408, #3968, .T. ) ;
#5018 = CARTESIAN_POINT ( 'NONE',  ( -14375.00000000000000, -800.0000000000000000, -910.0000000000001137 ) ) ;
#5019 = DIRECTION ( 'NONE',  ( 0.000000000000000000, -1.000000000000000000, -5.551115123125784674E-16 ) ) ;
#5020 = VERTEX_POINT ( 'NONE', #1388 ) ;
#5021 = DIRECTION ( 'NONE',  ( -0.000000000000000000, 1.000000000000000000, -0.000000000000000000 ) ) ;
#5022 = VERTEX_POINT ( 'NONE', #2983 ) ;
#5023 = DIRECTION ( 'NONE',  ( 0.000000000000000000, -1.000000000000000000, -3.301729611148416588E-16 ) ) ;
#5024 = DIRECTION ( 'NONE',  ( -1.000000000000000000, -2.220446049250313081E-16, 0.000000000000000000 ) ) ;
#5025 = ORIENTED_EDGE ( 'NONE', *, *, #5005, .F. ) ;
#5026 = EDGE_CURVE ( 'NONE', #3462, #1072, #4578, .T. ) ;
#5027 = CARTESIAN_POINT ( 'NONE',  ( -14175.00000000000000, 989.9999999999979536, -960.0000000000002274 ) ) ;
#5028 = CYLINDRICAL_SURFACE ( 'NONE', #2690, 6000.000000000000000 ) ;
#5029 = DIRECTION ( 'NONE',  ( -1.000000000000000000, 0.000000000000000000, 0.000000000000000000 ) ) ;
#5030 = AXIS2_PLACEMENT_3D ( 'NONE', #2039, #1659, #1267 ) ;
#5031 = VECTOR ( 'NONE', #3664, 1000.000000000000000 ) ;
#5032 = ORIENTED_EDGE ( 'NONE', *, *, #4602, .F. ) ;
#5033 = DIRECTION ( 'NONE',  ( 0.000000000000000000, -0.1699069165076469434, 0.9854601157443478865 ) ) ;
#5034 = CARTESIAN_POINT ( 'NONE',  ( -12100.00000000000182, 1054.999999999997272, -459.9999999999978400 ) ) ;
#5035 = ADVANCED_FACE ( 'NONE', ( #3399 ), #1923, .F. ) ;
#5036 = ORIENTED_EDGE ( 'NONE', *, *, #4684, .F. ) ;
#5037 = DIRECTION ( 'NONE',  ( 3.132904478660053556E-17, -1.000000000000000000, 0.000000000000000000 ) ) ;
#5038 = ORIENTED_EDGE ( 'NONE', *, *, #3848, .T. ) ;
#5039 = DIRECTION ( 'NONE',  ( 0.000000000000000000, 0.9854601157443478865, 0.1699069165076469434 ) ) ;
#5040 = DIRECTION ( 'NONE',  ( -3.912072321290969847E-16, -2.775557561563032853E-16, 1.000000000000000000 ) ) ;
#5041 = DIRECTION ( 'NONE',  ( 0.000000000000000000, 0.000000000000000000, 1.000000000000000000 ) ) ;
#5042 = ORIENTED_EDGE ( 'NONE', *, *, #3029, .T. ) ;
#5043 = DIRECTION ( 'NONE',  ( 1.000000000000000000, 0.000000000000000000, 0.000000000000000000 ) ) ;
#5044 = EDGE_CURVE ( 'NONE', #2772, #1565, #4729, .T. ) ;
#5045 = VECTOR ( 'NONE', #1538, 1000.000000000000000 ) ;
#5046 = CARTESIAN_POINT ( 'NONE',  ( -13680.00000000000000, 1950.712458671872810, -517.7941176470586697 ) ) ;
#5047 = ORIENTED_EDGE ( 'NONE', *, *, #3605, .T. ) ;
#5048 = CARTESIAN_POINT ( 'NONE',  ( -11880.00000000000182, 1950.712458671872810, -517.7941176470586697 ) ) ;
#5049 = LINE ( 'NONE', #1464, #3406 ) ;
#5050 = ORIENTED_EDGE ( 'NONE', *, *, #2972, .T. ) ;
#5051 = DIRECTION ( 'NONE',  ( 0.000000000000000000, 0.000000000000000000, -1.000000000000000000 ) ) ;
#5052 = LINE ( 'NONE', #3930, #686 ) ;
#5053 = VECTOR ( 'NONE', #2793, 1000.000000000000114 ) ;
#5054 = CARTESIAN_POINT ( 'NONE',  ( -28350.00000000000000, -1189.999999999998408, -1160.000000000000227 ) ) ;
#5055 = VECTOR ( 'NONE', #4056, 1000.000000000000000 ) ;
#5056 = VECTOR ( 'NONE', #4132, 1000.000000000000000 ) ;
#5057 = ORIENTED_EDGE ( 'NONE', *, *, #317, .T. ) ;
#5058 = LINE ( 'NONE', #3833, #2642 ) ;
#5059 = DIRECTION ( 'NONE',  ( -1.000000000000000000, 0.000000000000000000, 0.000000000000000000 ) ) ;
#5060 = VECTOR ( 'NONE', #3457, 1000.000000000000000 ) ;
#5061 = ORIENTED_EDGE ( 'NONE', *, *, #2675, .F. ) ;
#5062 = EDGE_LOOP ( 'NONE', ( #4292, #1827, #3465, #249 ) ) ;
#5063 = EDGE_CURVE ( 'NONE', #3439, #4181, #1512, .T. ) ;
#5064 = EDGE_CURVE ( 'NONE', #456, #2010, #1711, .T. ) ;
#5065 = CARTESIAN_POINT ( 'NONE',  ( -11880.00000000000182, -1077.499998843224375, -517.7941176470594655 ) ) ;
#5066 = VECTOR ( 'NONE', #135, 1000.000000000000000 ) ;
#5067 = CIRCLE ( 'NONE', #2130, 79.99999999999995737 ) ;
#5068 = PLANE ( 'NONE',  #4054 ) ;
#5069 = CARTESIAN_POINT ( 'NONE',  ( -27970.00000000000364, 875.0000000000000000, -1060.000000000000000 ) ) ;
#5070 = VECTOR ( 'NONE', #3274, 1000.000000000000000 ) ;
#5071 = FACE_OUTER_BOUND ( 'NONE', #3941, .T. ) ;
#5072 = VECTOR ( 'NONE', #3816, 1000.000000000000000 ) ;
#5073 = ORIENTED_EDGE ( 'NONE', *, *, #759, .T. ) ;
#5074 = LINE ( 'NONE', #3713, #4796 ) ;
#5075 = CIRCLE ( 'NONE', #1891, 460.0000000000000000 ) ;
#5076 = CARTESIAN_POINT ( 'NONE',  ( -1950.000000000000682, -899.9999999999998863, -910.0000000000001137 ) ) ;
#5077 = ORIENTED_EDGE ( 'NONE', *, *, #637, .T. ) ;
#5078 = DIRECTION ( 'NONE',  ( 0.000000000000000000, -1.000000000000000000, 0.000000000000000000 ) ) ;
#5079 = DIRECTION ( 'NONE',  ( 0.000000000000000000, -2.413528314402513597E-16, 1.000000000000000000 ) ) ;
#5080 = ORIENTED_EDGE ( 'NONE', *, *, #4351, .T. ) ;
#5081 = CIRCLE ( 'NONE', #3068, 6000.000000000000000 ) ;
#5082 = VECTOR ( 'NONE', #4985, 1000.000000000000000 ) ;
#5083 = EDGE_CURVE ( 'NONE', #1407, #1702, #734, .T. ) ;
#5084 = DIRECTION ( 'NONE',  ( 0.000000000000000000, 2.200304988219453045E-16, 1.000000000000000000 ) ) ;
#5085 = ADVANCED_FACE ( 'NONE', ( #1490 ), #3844, .T. ) ;
#5086 = DIRECTION ( 'NONE',  ( 0.000000000000000000, 1.000000000000000000, 3.301729611148416588E-16 ) ) ;
#5087 = SPHERICAL_SURFACE ( 'NONE', #1708, 1000.000000000000000 ) ;
#5088 = ORIENTED_EDGE ( 'NONE', *, *, #2389, .F. ) ;
#5089 = DIRECTION ( 'NONE',  ( -0.000000000000000000, -1.000000000000000000, -3.301729611148416588E-16 ) ) ;
#5090 = LINE ( 'NONE', #1108, #3210 ) ;
#5091 = AXIS2_PLACEMENT_3D ( 'NONE', #1876, #4708, #4732 ) ;
#5092 = ORIENTED_EDGE ( 'NONE', *, *, #869, .T. ) ;
#5093 = ORIENTED_EDGE ( 'NONE', *, *, #640, .F. ) ;
#5094 = FACE_OUTER_BOUND ( 'NONE', #4940, .T. ) ;
#5095 = ORIENTED_EDGE ( 'NONE', *, *, #1305, .T. ) ;
#5096 = DIRECTION ( 'NONE',  ( 1.000000000000000000, 0.000000000000000000, 0.000000000000000000 ) ) ;
#5097 = DIRECTION ( 'NONE',  ( 0.000000000000000000, -1.000000000000000000, 2.220446049250313081E-16 ) ) ;
#5098 = ADVANCED_FACE ( 'NONE', ( #3084 ), #3894, .T. ) ;
#5099 = DIRECTION ( 'NONE',  ( 0.000000000000000000, 0.000000000000000000, -1.000000000000000000 ) ) ;
#5100 = ORIENTED_EDGE ( 'NONE', *, *, #1265, .F. ) ;
#5101 = LINE ( 'NONE', #1559, #2199 ) ;
#5102 = DIRECTION ( 'NONE',  ( 1.000000000000000000, 2.193033135062037489E-16, 0.000000000000000000 ) ) ;
#5103 = ORIENTED_EDGE ( 'NONE', *, *, #439, .F. ) ;
#5104 = CARTESIAN_POINT ( 'NONE',  ( -13000.00000000000000, 4.163336342343557632E-15, -825.0000000000000000 ) ) ;
#5105 = LINE ( 'NONE', #1947, #3236 ) ;
#5106 = ORIENTED_EDGE ( 'NONE', *, *, #4765, .F. ) ;
#5107 = PLANE ( 'NONE',  #878 ) ;
#5108 = DIRECTION ( 'NONE',  ( 1.000000000000000000, 0.000000000000000000, 0.000000000000000000 ) ) ;
#5109 = FACE_OUTER_BOUND ( 'NONE', #2170, .T. ) ;
#5110 = ADVANCED_FACE ( 'NONE', ( #1944 ), #1461, .F. ) ;
#5111 = ORIENTED_EDGE ( 'NONE', *, *, #2158, .T. ) ;
#5112 = CARTESIAN_POINT ( 'NONE',  ( -14299.99999999999818, 1077.499998843224375, -589.9999999999964757 ) ) ;
#5113 = VERTEX_POINT ( 'NONE', #5151 ) ;
#5114 = CARTESIAN_POINT ( 'NONE',  ( -13499.99999999999818, -1950.712458671873037, -306.2059048389994587 ) ) ;
#5115 = CARTESIAN_POINT ( 'NONE',  ( -14588.56810139493791, 729.4021522441533989, -769.9999999999959073 ) ) ;
#5116 = ORIENTED_EDGE ( 'NONE', *, *, #235, .F. ) ;
#5117 = ORIENTED_EDGE ( 'NONE', *, *, #1807, .F. ) ;
#5118 = PLANE ( 'NONE',  #471 ) ;
#5119 = ORIENTED_EDGE ( 'NONE', *, *, #323, .T. ) ;
#5120 = CARTESIAN_POINT ( 'NONE',  ( -14119.99999999999818, -1950.712458671873037, -239.9999999999987779 ) ) ;
#5121 = EDGE_CURVE ( 'NONE', #3250, #3792, #700, .T. ) ;
#5122 = CARTESIAN_POINT ( 'NONE',  ( -13680.00000000000000, -814.9999999999974989, -517.7941176470593518 ) ) ;
#5123 = VECTOR ( 'NONE', #4559, 999.9999999999998863 ) ;
#5124 = LINE ( 'NONE', #673, #4948 ) ;
#5125 = ORIENTED_EDGE ( 'NONE', *, *, #3837, .F. ) ;
#5126 = CARTESIAN_POINT ( 'NONE',  ( -11411.43189860506209, -877.4999988432243754, -589.9999999999970441 ) ) ;
#5127 = LINE ( 'NONE', #1536, #1386 ) ;
#5128 = ORIENTED_EDGE ( 'NONE', *, *, #2166, .T. ) ;
#5129 = CARTESIAN_POINT ( 'NONE',  ( -14299.99999999999818, -1950.712458671873037, -306.2059048389990039 ) ) ;
#5130 = CARTESIAN_POINT ( 'NONE',  ( -12100.00000000000182, 679.9999999999979536, -909.9999999999979536 ) ) ;
#5131 = ORIENTED_EDGE ( 'NONE', *, *, #2583, .F. ) ;
#5132 = EDGE_CURVE ( 'NONE', #620, #1963, #5127, .T. ) ;
#5133 = EDGE_CURVE ( 'NONE', #726, #1801, #4332, .T. ) ;
#5134 = AXIS2_PLACEMENT_3D ( 'NONE', #1361, #1797, #2238 ) ;
#5135 = FACE_OUTER_BOUND ( 'NONE', #922, .T. ) ;
#5136 = LINE ( 'NONE', #3484, #2970 ) ;
#5137 = ORIENTED_EDGE ( 'NONE', *, *, #4936, .F. ) ;
#5138 = CARTESIAN_POINT ( 'NONE',  ( -26000.00000000000000, -1189.999999999998408, -960.0000000000002274 ) ) ;
#5139 = CARTESIAN_POINT ( 'NONE',  ( -14345.46126534801260, -697.6074941491493746, -574.9998243529005322 ) ) ;
#5140 = VECTOR ( 'NONE', #1144, 1000.000000000000000 ) ;
#5141 = VECTOR ( 'NONE', #422, 1000.000000000000114 ) ;
#5142 = ORIENTED_EDGE ( 'NONE', *, *, #5063, .T. ) ;
#5143 = PLANE ( 'NONE',  #2898 ) ;
#5144 = VECTOR ( 'NONE', #938, 1000.000000000000114 ) ;
#5145 = DIRECTION ( 'NONE',  ( -0.000000000000000000, -1.000000000000000000, -2.775557561563032853E-16 ) ) ;
#5146 = FACE_OUTER_BOUND ( 'NONE', #1002, .T. ) ;
#5147 = ADVANCED_FACE ( 'NONE', ( #2631 ), #4234, .F. ) ;
#5148 = ORIENTED_EDGE ( 'NONE', *, *, #267, .T. ) ;
#5150 = FACE_OUTER_BOUND ( 'NONE', #631, .T. ) ;
#5149 = VECTOR ( 'NONE', #2129, 1000.000000000000114 ) ;
#5151 = CARTESIAN_POINT ( 'NONE',  ( -14375.00000000000000, 200.0000000000000000, -825.0000000000001137 ) ) ;
#5152 = ORIENTED_EDGE ( 'NONE', *, *, #2750, .F. ) ;
#5153 = CARTESIAN_POINT ( 'NONE',  ( -265.1845289799109082, 1189.999999999998408, -1503.936198047713333 ) ) ;
#5154 = CARTESIAN_POINT ( 'NONE',  ( -11658.75177054179585, -732.4719190560189190, -589.9999999999970441 ) ) ;
#5155 = VERTEX_POINT ( 'NONE', #1145 ) ;
#5156 = AXIS2_PLACEMENT_3D ( 'NONE', #1507, #353, #792 ) ;
#5157 = VECTOR ( 'NONE', #5029, 1000.000000000000000 ) ;
#5158 = ADVANCED_FACE ( 'NONE', ( #2236 ), #650, .T. ) ;
#5159 = ADVANCED_FACE ( 'NONE', ( #3472 ), #2332, .T. ) ;
#5160 = CARTESIAN_POINT ( 'NONE',  ( -13454.53873465198922, -697.6074941491500567, -574.9998243529007595 ) ) ;
#5161 = DIRECTION ( 'NONE',  ( 0.000000000000000000, -1.000000000000000000, 0.000000000000000000 ) ) ;
#5162 = AXIS2_PLACEMENT_3D ( 'NONE', #561, #194, #223 ) ;
#5163 = VERTEX_POINT ( 'NONE', #2683 ) ;
#5164 = CARTESIAN_POINT ( 'NONE',  ( -13975.00000000000182, -800.0000000000000000, -910.0000000000001137 ) ) ;
#5165 = CARTESIAN_POINT ( 'NONE',  ( -10255.33188238365256, 176.9719203373657592, -350.9999999999987494 ) ) ;
#5166 = VERTEX_POINT ( 'NONE', #1075 ) ;
#5167 = DIRECTION ( 'NONE',  ( 0.000000000000000000, -0.1402661271484180183, -0.9901138386947149206 ) ) ;
#5168 = CARTESIAN_POINT ( 'NONE',  ( -14588.56810139493791, 278.9021535255452022, -725.0000000000052296 ) ) ;
#5169 = CARTESIAN_POINT ( 'NONE',  ( -13560.14709064066847, -1054.999999999997499, -769.9999999999964757 ) ) ;
#5170 = ORIENTED_EDGE ( 'NONE', *, *, #3035, .F. ) ;
#5171 = LINE ( 'NONE', #2780, #5140 ) ;
#5172 = DIRECTION ( 'NONE',  ( 0.000000000000000000, 0.000000000000000000, 1.000000000000000000 ) ) ;
#5173 = EDGE_CURVE ( 'NONE', #4653, #1933, #2658, .T. ) ;
#5174 = ORIENTED_EDGE ( 'NONE', *, *, #1589, .F. ) ;
#5175 = DIRECTION ( 'NONE',  ( 0.000000000000000000, 1.000000000000000000, 3.301729611148416588E-16 ) ) ;
#5176 = LINE ( 'NONE', #2760, #4909 ) ;
#5177 = ORIENTED_EDGE ( 'NONE', *, *, #2659, .T. ) ;
#5178 = LINE ( 'NONE', #783, #5031 ) ;
#5179 = EDGE_CURVE ( 'NONE', #4014, #1243, #312, .T. ) ;
#5180 = ORIENTED_EDGE ( 'NONE', *, *, #138, .T. ) ;
#5181 = LINE ( 'NONE', #4399, #4736 ) ;
#5182 = NEXT_ASSEMBLY_USAGE_OCCURRENCE ( 'NAUO1', ' ', ' ', #4516, #3757, $ ) ;
#5183 = NEXT_ASSEMBLY_USAGE_OCCURRENCE ( 'NAUO2', ' ', ' ', #4516, #4913, $ ) ;
#5184 = NEXT_ASSEMBLY_USAGE_OCCURRENCE ( 'NAUO3', ' ', ' ', #4516, #4913, $ ) ;
#5185 = NEXT_ASSEMBLY_USAGE_OCCURRENCE ( 'NAUO4', ' ', ' ', #4516, #4913, $ ) ;
ENDSEC;
END-ISO-10303-21;
