ISO-10303-21;
HEADER;
FILE_DESCRIPTION (( 'STEP AP214' ),
    '1' );
FILE_NAME ('FlatWagon_40ft_MoreDetailed.STEP',
    '2026-02-24T10:57:28',
    ( '' ),
    ( '' ),
    'SwSTEP 2.0',
    'SolidWorks 2022',
    '' );
FILE_SCHEMA (( 'AUTOMOTIVE_DESIGN' ));
ENDSEC;

DATA;
#1 = CARTESIAN_POINT ( 'NONE',  ( -13250.00000000000000, -1077.499998843224375, -589.9999999999971578 ) ) ;
#2 = VECTOR ( 'NONE', #7755, 1000.000000000000000 ) ;
#3 = ORIENTED_EDGE ( 'NONE', *, *, #6017, .T. ) ;
#4 = LINE ( 'NONE', #1382, #3816 ) ;
#5 = ORIENTED_EDGE ( 'NONE', *, *, #7976, .T. ) ;
#6 = EDGE_CURVE ( 'NONE', #1183, #7967, #4274, .T. ) ;
#7 = EDGE_CURVE ( 'NONE', #2202, #2473, #5068, .T. ) ;
#8 = EDGE_LOOP ( 'NONE', ( #641, #8196, #2428, #8593 ) ) ;
#9 = ORIENTED_EDGE ( 'NONE', *, *, #7479, .T. ) ;
#10 = CARTESIAN_POINT ( 'NONE',  ( -12750.00000000000000, -1077.499998843224375, -637.0854464784594029 ) ) ;
#11 = VECTOR ( 'NONE', #1423, 1000.000000000000000 ) ;
#12 = DIRECTION ( 'NONE',  ( -1.000000000000000000, 0.000000000000000000, 0.000000000000000000 ) ) ;
#13 = DIRECTION ( 'NONE',  ( -0.000000000000000000, 0.000000000000000000, 1.000000000000000000 ) ) ;
#14 = DIRECTION ( 'NONE',  ( 0.000000000000000000, 1.000000000000000000, 0.000000000000000000 ) ) ;
#15 = EDGE_LOOP ( 'NONE', ( #2556, #1687, #2310, #4817 ) ) ;
#16 = LINE ( 'NONE', #637, #3960 ) ;
#17 = EDGE_CURVE ( 'NONE', #711, #3270, #9039, .T. ) ;
#18 = ORIENTED_EDGE ( 'NONE', *, *, #4665, .F. ) ;
#19 = CARTESIAN_POINT ( 'NONE',  ( -3930.251481490694459, -1189.999999999998408, -1059.999999999999091 ) ) ;
#20 = FACE_OUTER_BOUND ( 'NONE', #3954, .T. ) ;
#21 = ORIENTED_EDGE ( 'NONE', *, *, #1055, .F. ) ;
#22 = VERTEX_POINT ( 'NONE', #9479 ) ;
#23 = DIRECTION ( 'NONE',  ( 6.162975822039157467E-33, -1.000000000000000000, -3.301729611148415602E-16 ) ) ;
#24 = LINE ( 'NONE', #4445, #2864 ) ;
#25 = PLANE ( 'NONE',  #5404 ) ;
#26 = CARTESIAN_POINT ( 'NONE',  ( -4618.749999999996362, 739.9999999999980673, -3423.488475815656784 ) ) ;
#27 = CARTESIAN_POINT ( 'NONE',  ( 0.000000000000000000, 0.000000000000000000, -960.0000000000002274 ) ) ;
#28 = EDGE_CURVE ( 'NONE', #9234, #1249, #2618, .T. ) ;
#29 = ORIENTED_EDGE ( 'NONE', *, *, #4627, .F. ) ;
#30 = VERTEX_POINT ( 'NONE', #4920 ) ;
#31 = FACE_OUTER_BOUND ( 'NONE', #6416, .T. ) ;
#32 = CARTESIAN_POINT ( 'NONE',  ( -446.4101615137745398, 241.8139511719357131, -1135.000000000000227 ) ) ;
#33 = CARTESIAN_POINT ( 'NONE',  ( -11501.56891704290865, 725.0021062409357455, -757.0854464784598576 ) ) ;
#34 = CARTESIAN_POINT ( 'NONE',  ( -4618.749999999996362, 989.9999999999984084, -1135.000000000000227 ) ) ;
#35 = ORIENTED_EDGE ( 'NONE', *, *, #8575, .T. ) ;
#36 = ORIENTED_EDGE ( 'NONE', *, *, #4492, .F. ) ;
#37 = LINE ( 'NONE', #6955, #3825 ) ;
#38 = DIRECTION ( 'NONE',  ( 1.000000000000000000, 0.000000000000000000, 0.000000000000000000 ) ) ;
#39 =( BOUNDED_CURVE ( )  B_SPLINE_CURVE ( 3, ( #7946, #3276, #5684, #8742 ),
 .UNSPECIFIED., .F., .F. ) 
 B_SPLINE_CURVE_WITH_KNOTS ( ( 4, 4 ),
 ( 1.376284916762130717, 1.570796326794896558 ),
 .UNSPECIFIED. ) 
 CURVE ( )  GEOMETRIC_REPRESENTATION_ITEM ( )  RATIONAL_B_SPLINE_CURVE ( ( 1.000000000000000000, 0.9968495936771430976, 0.9968495936771430976, 1.000000000000000000 ) ) 
 REPRESENTATION_ITEM ( '' )  );
#40 = ORIENTED_EDGE ( 'NONE', *, *, #2555, .F. ) ;
#41 = VECTOR ( 'NONE', #1312, 1000.000000000000000 ) ;
#42 = ORIENTED_EDGE ( 'NONE', *, *, #8575, .F. ) ;
#43 = DIRECTION ( 'NONE',  ( 0.000000000000000000, -0.9854601157443478865, 0.1699069165076472210 ) ) ;
#44 = CARTESIAN_POINT ( 'NONE',  ( -13578.58983848622483, -989.9999999999984084, -960.0000000000000000 ) ) ;
#45 = EDGE_CURVE ( 'NONE', #2772, #1989, #8280, .T. ) ;
#46 = FACE_OUTER_BOUND ( 'NONE', #7038, .T. ) ;
#47 = PLANE ( 'NONE',  #7826 ) ;
#48 = CARTESIAN_POINT ( 'NONE',  ( -5990.624999999996362, 739.9999999999979536, -960.0000000000002274 ) ) ;
#49 = ORIENTED_EDGE ( 'NONE', *, *, #655, .F. ) ;
#50 = EDGE_LOOP ( 'NONE', ( #8065, #3827, #3006, #8166 ) ) ;
#51 = VERTEX_POINT ( 'NONE', #8928 ) ;
#52 = CARTESIAN_POINT ( 'NONE',  ( -14500.00000000002001, -190.0000000000007674, -504.9802145985038351 ) ) ;
#53 = CARTESIAN_POINT ( 'NONE',  ( -1949.999999999999773, -341.8139511719356847, -1135.000000000000227 ) ) ;
#54 = DIRECTION ( 'NONE',  ( 1.000000000000000000, -0.000000000000000000, 0.000000000000000000 ) ) ;
#55 = LINE ( 'NONE', #8488, #4465 ) ;
#56 = ADVANCED_FACE ( 'NONE', ( #1368 ), #2916, .F. ) ;
#57 = EDGE_LOOP ( 'NONE', ( #2646, #9244, #8350, #155 ) ) ;
#58 = DIRECTION ( 'NONE',  ( 1.000000000000000000, 6.162975822039151993E-33, 1.232595164407830946E-32 ) ) ;
#59 = AXIS2_PLACEMENT_3D ( 'NONE', #740, #4594, #5448 ) ;
#60 = DIRECTION ( 'NONE',  ( 0.000000000000000000, -0.9854601157443478865, -0.1699069165076472210 ) ) ;
#61 = DIRECTION ( 'NONE',  ( 1.000000000000000000, 6.162975822039151993E-33, 1.232595164407830946E-32 ) ) ;
#62 = CIRCLE ( 'NONE', #5669, 250.0000000000000000 ) ;
#63 = EDGE_CURVE ( 'NONE', #1089, #320, #2962, .T. ) ;
#64 = VECTOR ( 'NONE', #4476, 1000.000000000000000 ) ;
#65 = ORIENTED_EDGE ( 'NONE', *, *, #8832, .T. ) ;
#66 = ADVANCED_FACE ( 'NONE', ( #3671 ), #1461, .F. ) ;
#67 = EDGE_LOOP ( 'NONE', ( #3586, #3236, #6203, #7404 ) ) ;
#68 = DIRECTION ( 'NONE',  ( 2.450878090891695175E-33, -0.9597039290011752932, 0.2810131111882628319 ) ) ;
#69 = CARTESIAN_POINT ( 'NONE',  ( -13250.00000000000000, 899.9999999999986358, -637.0854464784587208 ) ) ;
#70 = DIRECTION ( 'NONE',  ( -1.432545838226008708E-17, 1.000000000000000000, -0.000000000000000000 ) ) ;
#71 = DIRECTION ( 'NONE',  ( 0.000000000000000000, 1.000000000000000000, 5.551115123125784674E-16 ) ) ;
#72 = DIRECTION ( 'NONE',  ( 0.000000000000000000, 0.000000000000000000, 1.000000000000000000 ) ) ;
#73 = VECTOR ( 'NONE', #2560, 1000.000000000000000 ) ;
#74 = VERTEX_POINT ( 'NONE', #563 ) ;
#75 = ORIENTED_EDGE ( 'NONE', *, *, #8874, .T. ) ;
#76 = AXIS2_PLACEMENT_3D ( 'NONE', #3868, #13, #7686 ) ;
#77 = ORIENTED_EDGE ( 'NONE', *, *, #1971, .T. ) ;
#78 = VECTOR ( 'NONE', #6237, 1000.000000000000000 ) ;
#79 = CIRCLE ( 'NONE', #6968, 250.0000000000000000 ) ;
#80 = LINE ( 'NONE', #9813, #4170 ) ;
#81 = DIRECTION ( 'NONE',  ( 0.000000000000000000, -0.000000000000000000, -1.000000000000000000 ) ) ;
#82 = CARTESIAN_POINT ( 'NONE',  ( -9623.207721193939506, 1189.999999999998181, -849.6342572279646674 ) ) ;
#83 = EDGE_CURVE ( 'NONE', #7116, #1016, #244, .T. ) ;
#84 = CARTESIAN_POINT ( 'NONE',  ( -9856.250000000005457, 560.2425708315851125, -1135.000000000000227 ) ) ;
#85 = VECTOR ( 'NONE', #4884, 1000.000000000000000 ) ;
#86 = DIRECTION ( 'NONE',  ( -1.000000000000000000, -0.000000000000000000, -0.000000000000000000 ) ) ;
#87 = DIRECTION ( 'NONE',  ( 0.9848077530122093526, 0.000000000000000000, 0.1736481776669226429 ) ) ;
#88 = ORIENTED_EDGE ( 'NONE', *, *, #9198, .F. ) ;
#89 = ORIENTED_EDGE ( 'NONE', *, *, #2641, .F. ) ;
#90 = CARTESIAN_POINT ( 'NONE',  ( -11880.00000000000182, 1970.627566330085756, -517.7941176470586697 ) ) ;
#91 = DIRECTION ( 'NONE',  ( 1.000000000000000000, 0.000000000000000000, 6.245004513516500018E-15 ) ) ;
#92 = LINE ( 'NONE', #6111, #680 ) ;
#93 = CARTESIAN_POINT ( 'NONE',  ( -2350.000000000000455, -200.0000000000000000, -825.0000000000001137 ) ) ;
#94 = LINE ( 'NONE', #8991, #1955 ) ;
#95 = EDGE_LOOP ( 'NONE', ( #3714, #1174, #520, #2056 ) ) ;
#96 = ORIENTED_EDGE ( 'NONE', *, *, #4158, .F. ) ;
#97 = ADVANCED_FACE ( 'NONE', ( #9733 ), #9678, .T. ) ;
#98 = ORIENTED_EDGE ( 'NONE', *, *, #5275, .F. ) ;
#99 = CARTESIAN_POINT ( 'NONE',  ( -11699.99999999998181, 899.9999999999986358, -637.0854464784587208 ) ) ;
#100 = AXIS2_PLACEMENT_3D ( 'NONE', #1770, #1166, #8032 ) ;
#101 = DIRECTION ( 'NONE',  ( 0.000000000000000000, -0.000000000000000000, -1.000000000000000000 ) ) ;
#102 = CARTESIAN_POINT ( 'NONE',  ( -2.914659381970696526E-13, 1189.999999999998408, -1160.000000000000227 ) ) ;
#103 = DIRECTION ( 'NONE',  ( -1.432545838226008708E-17, -1.000000000000000000, 0.000000000000000000 ) ) ;
#104 = ORIENTED_EDGE ( 'NONE', *, *, #145, .F. ) ;
#105 = ADVANCED_FACE ( 'NONE', ( #5310 ), #9023, .F. ) ;
#106 = VECTOR ( 'NONE', #4440, 1000.000000000000000 ) ;
#107 = DIRECTION ( 'NONE',  ( -1.232595164407830672E-32, -2.775557561563032360E-16, 1.000000000000000000 ) ) ;
#108 = EDGE_CURVE ( 'NONE', #6727, #8484, #5870, .T. ) ;
#109 = EDGE_CURVE ( 'NONE', #8171, #8813, #9686, .T. ) ;
#110 = CARTESIAN_POINT ( 'NONE',  ( -2600.000000000000455, -989.9999999999988631, -1135.000000000000227 ) ) ;
#111 = VECTOR ( 'NONE', #6665, 1000.000000000000000 ) ;
#112 = CARTESIAN_POINT ( 'NONE',  ( -13250.00000000000000, 190.0000000000006253, -350.9999999999987494 ) ) ;
#113 = VECTOR ( 'NONE', #9645, 1000.000000000000000 ) ;
#114 = ORIENTED_EDGE ( 'NONE', *, *, #909, .F. ) ;
#115 = ADVANCED_FACE ( 'NONE', ( #3011 ), #7483, .F. ) ;
#116 = ORIENTED_EDGE ( 'NONE', *, *, #8079, .T. ) ;
#117 = ADVANCED_FACE ( 'NONE', ( #1320 ), #5169, .F. ) ;
#118 = DIRECTION ( 'NONE',  ( -0.000000000000000000, 0.000000000000000000, 1.000000000000000000 ) ) ;
#119 = LINE ( 'NONE', #4882, #7351 ) ;
#120 = VECTOR ( 'NONE', #7062, 1000.000000000000000 ) ;
#121 = CARTESIAN_POINT ( 'NONE',  ( -10253.43092739265558, 1189.999999999998181, -960.7596123493876803 ) ) ;
#122 = CARTESIAN_POINT ( 'NONE',  ( -2450.000000000000455, 389.6561633456299774, 0.000000000000000000 ) ) ;
#123 = VECTOR ( 'NONE', #7907, 1000.000000000000000 ) ;
#124 = DIRECTION ( 'NONE',  ( -0.000000000000000000, -0.000000000000000000, -1.000000000000000000 ) ) ;
#125 = ORIENTED_EDGE ( 'NONE', *, *, #7076, .T. ) ;
#126 = EDGE_LOOP ( 'NONE', ( #452, #8422, #6188, #878 ) ) ;
#127 = EDGE_CURVE ( 'NONE', #1580, #3673, #1416, .T. ) ;
#128 = VERTEX_POINT ( 'NONE', #5926 ) ;
#129 = EDGE_CURVE ( 'NONE', #5826, #946, #2167, .T. ) ;
#130 = CARTESIAN_POINT ( 'NONE',  ( -14312.98791175995575, -899.9999999999986358, -761.6116762475800215 ) ) ;
#131 = VECTOR ( 'NONE', #4249, 1000.000000000000000 ) ;
#132 = DIRECTION ( 'NONE',  ( -0.000000000000000000, -0.000000000000000000, -1.000000000000000000 ) ) ;
#133 = CARTESIAN_POINT ( 'NONE',  ( -10244.74851850930827, 5431.508564030777052, -1009.999999999998181 ) ) ;
#134 = CIRCLE ( 'NONE', #5900, 100.0000000000000853 ) ;
#135 = DIRECTION ( 'NONE',  ( 0.000000000000000000, -0.000000000000000000, -1.000000000000000000 ) ) ;
#136 = DIRECTION ( 'NONE',  ( 0.000000000000000000, -4.827056628805028179E-16, 1.000000000000000000 ) ) ;
#137 = ORIENTED_EDGE ( 'NONE', *, *, #6719, .T. ) ;
#138 = ORIENTED_EDGE ( 'NONE', *, *, #1386, .T. ) ;
#139 = CARTESIAN_POINT ( 'NONE',  ( -4034.427420795914713, -989.9999999999992042, -960.0000000000002274 ) ) ;
#140 = AXIS2_PLACEMENT_3D ( 'NONE', #7877, #1212, #5560 ) ;
#141 = ORIENTED_EDGE ( 'NONE', *, *, #1438, .F. ) ;
#142 = CARTESIAN_POINT ( 'NONE',  ( -14175.00000000000000, -1190.000000000001137, -960.0000000000002274 ) ) ;
#143 = CARTESIAN_POINT ( 'NONE',  ( -14299.99999999999818, -1970.627566330085983, -306.2059048389993450 ) ) ;
#144 = ORIENTED_EDGE ( 'NONE', *, *, #8093, .F. ) ;
#145 = EDGE_CURVE ( 'NONE', #7314, #3890, #195, .T. ) ;
#146 = EDGE_LOOP ( 'NONE', ( #228, #8548, #9124, #3023 ) ) ;
#147 = CYLINDRICAL_SURFACE ( 'NONE', #4163, 250.0000000000000000 ) ;
#148 = DIRECTION ( 'NONE',  ( 0.000000000000000000, -1.000000000000000000, 0.000000000000000000 ) ) ;
#149 = CARTESIAN_POINT ( 'NONE',  ( -12750.00000000000000, 190.0000000000006821, -504.9802145985023003 ) ) ;
#150 = DIRECTION ( 'NONE',  ( -1.000000000000000000, 0.000000000000000000, 0.000000000000000000 ) ) ;
#151 = CARTESIAN_POINT ( 'NONE',  ( -12100.00000000000182, 679.9999999999979536, -539.9999999999979536 ) ) ;
#152 = AXIS2_PLACEMENT_3D ( 'NONE', #2409, #7720, #896 ) ;
#153 = ORIENTED_EDGE ( 'NONE', *, *, #4723, .F. ) ;
#154 = ADVANCED_FACE ( 'NONE', ( #6068 ), #5218, .T. ) ;
#155 = ORIENTED_EDGE ( 'NONE', *, *, #8730, .T. ) ;
#156 = ORIENTED_EDGE ( 'NONE', *, *, #7969, .F. ) ;
#157 = DIRECTION ( 'NONE',  ( 6.162975822039157467E-33, -1.000000000000000000, -2.775557561563032360E-16 ) ) ;
#158 = DIRECTION ( 'NONE',  ( 0.000000000000000000, -0.000000000000000000, -1.000000000000000000 ) ) ;
#159 = LINE ( 'NONE', #2468, #3114 ) ;
#160 = FACE_OUTER_BOUND ( 'NONE', #3931, .T. ) ;
#161 = AXIS2_PLACEMENT_3D ( 'NONE', #6296, #7212, #3342 ) ;
#162 = VERTEX_POINT ( 'NONE', #3764 ) ;
#163 = ADVANCED_FACE ( 'NONE', ( #6824 ), #3199, .T. ) ;
#164 = ORIENTED_EDGE ( 'NONE', *, *, #3231, .T. ) ;
#165 = ORIENTED_EDGE ( 'NONE', *, *, #1912, .F. ) ;
#166 = VECTOR ( 'NONE', #4967, 1000.000000000000000 ) ;
#167 = DIRECTION ( 'NONE',  ( 1.000000000000000000, 6.162975822039151993E-33, 1.232595164407830946E-32 ) ) ;
#168 = DIRECTION ( 'NONE',  ( 7.898214746966347525E-34, -0.9185881544472649374, 0.3952161465694030706 ) ) ;
#169 = ORIENTED_EDGE ( 'NONE', *, *, #4902, .T. ) ;
#170 = VERTEX_POINT ( 'NONE', #2458 ) ;
#171 = ADVANCED_FACE ( 'NONE', ( #9317 ), #899, .T. ) ;
#172 = DIRECTION ( 'NONE',  ( 0.000000000000000000, 0.000000000000000000, -1.000000000000000000 ) ) ;
#173 = LINE ( 'NONE', #5633, #1478 ) ;
#174 = PLANE ( 'NONE',  #5686 ) ;
#175 = LINE ( 'NONE', #1683, #78 ) ;
#176 = ORIENTED_EDGE ( 'NONE', *, *, #3924, .T. ) ;
#177 = VERTEX_POINT ( 'NONE', #6313 ) ;
#178 = VERTEX_POINT ( 'NONE', #6211 ) ;
#179 = VERTEX_POINT ( 'NONE', #2362 ) ;
#180 = CARTESIAN_POINT ( 'NONE',  ( -4034.427420795914713, -954.9999999999992042, -960.0000000000002274 ) ) ;
#181 = VECTOR ( 'NONE', #4189, 1000.000000000000000 ) ;
#182 = CARTESIAN_POINT ( 'NONE',  ( -12143.40011953353496, -1077.499998843224375, -637.0854464784594029 ) ) ;
#183 = FACE_OUTER_BOUND ( 'NONE', #3228, .T. ) ;
#184 = DIRECTION ( 'NONE',  ( 0.000000000000000000, -2.413528314402513597E-16, 1.000000000000000000 ) ) ;
#185 = FACE_OUTER_BOUND ( 'NONE', #9427, .T. ) ;
#186 = EDGE_CURVE ( 'NONE', #1837, #7582, #805, .T. ) ;
#187 = ORIENTED_EDGE ( 'NONE', *, *, #7310, .F. ) ;
#188 = EDGE_CURVE ( 'NONE', #2741, #9618, #5796, .T. ) ;
#189 = CARTESIAN_POINT ( 'NONE',  ( -11825.00000000000182, -800.0000000000000000, -910.0000000000001137 ) ) ;
#190 = ORIENTED_EDGE ( 'NONE', *, *, #769, .T. ) ;
#191 = CARTESIAN_POINT ( 'NONE',  ( -13899.99999999999818, 1054.999999999997044, 2.220446049250313081E-12 ) ) ;
#192 = CARTESIAN_POINT ( 'NONE',  ( -10244.74851850930827, 1089.999999999998181, -1009.999999999998181 ) ) ;
#193 = ORIENTED_EDGE ( 'NONE', *, *, #3568, .F. ) ;
#194 = ORIENTED_EDGE ( 'NONE', *, *, #9512, .T. ) ;
#195 = CIRCLE ( 'NONE', #2434, 50.00000000000027001 ) ;
#196 = LINE ( 'NONE', #3245, #646 ) ;
#197 = DIRECTION ( 'NONE',  ( 0.000000000000000000, -0.000000000000000000, -1.000000000000000000 ) ) ;
#198 = AXIS2_PLACEMENT_3D ( 'NONE', #5536, #1680, #7796 ) ;
#199 = EDGE_CURVE ( 'NONE', #3069, #1499, #7722, .T. ) ;
#200 = CARTESIAN_POINT ( 'NONE',  ( -4618.749999999996362, 989.9999999999984084, -3423.488475815656784 ) ) ;
#201 = EDGE_CURVE ( 'NONE', #5743, #4890, #9368, .T. ) ;
#202 = DIRECTION ( 'NONE',  ( -6.271695431234129858E-16, -1.000000000000000000, 0.000000000000000000 ) ) ;
#203 = DIRECTION ( 'NONE',  ( 1.000000000000000000, 0.000000000000000000, 0.000000000000000000 ) ) ;
#204 = ORIENTED_EDGE ( 'NONE', *, *, #8588, .T. ) ;
#205 = ORIENTED_EDGE ( 'NONE', *, *, #851, .F. ) ;
#206 = ORIENTED_EDGE ( 'NONE', *, *, #1500, .T. ) ;
#207 = CARTESIAN_POINT ( 'NONE',  ( -10140.57257920409393, 989.9999999999977263, -960.0000000000003411 ) ) ;
#208 = AXIS2_PLACEMENT_3D ( 'NONE', #3685, #5940, #854 ) ;
#209 = CARTESIAN_POINT ( 'NONE',  ( -11411.43189860506209, 278.9021535255452022, -623.7872381793326895 ) ) ;
#210 = CARTESIAN_POINT ( 'NONE',  ( -13856.59988046646504, 899.9999999999986358, -637.0854464784587208 ) ) ;
#211 = ORIENTED_EDGE ( 'NONE', *, *, #5759, .F. ) ;
#212 = EDGE_CURVE ( 'NONE', #74, #4729, #9641, .T. ) ;
#213 = ORIENTED_EDGE ( 'NONE', *, *, #7641, .F. ) ;
#214 = ORIENTED_EDGE ( 'NONE', *, *, #7717, .F. ) ;
#215 = DIRECTION ( 'NONE',  ( 0.000000000000000000, 0.000000000000000000, 1.000000000000000000 ) ) ;
#216 = LINE ( 'NONE', #7088, #6837 ) ;
#217 = CARTESIAN_POINT ( 'NONE',  ( -12750.00000000000000, 729.4021522441533989, -769.9999999999959073 ) ) ;
#218 = ORIENTED_EDGE ( 'NONE', *, *, #6683, .T. ) ;
#219 = ORIENTED_EDGE ( 'NONE', *, *, #5953, .F. ) ;
#220 = VECTOR ( 'NONE', #6244, 1000.000000000000000 ) ;
#221 = CARTESIAN_POINT ( 'NONE',  ( -10127.54555139957301, -922.5146718258766896, -1135.000000000000227 ) ) ;
#222 = CARTESIAN_POINT ( 'NONE',  ( -13755.00000000007094, -454.0705533836912196, -860.0000000000230784 ) ) ;
#223 = CARTESIAN_POINT ( 'NONE',  ( -11825.00000000000000, -241.8139511719333541, -1135.000000000000227 ) ) ;
#224 = DIRECTION ( 'NONE',  ( 0.000000000000000000, 0.000000000000000000, -1.000000000000000000 ) ) ;
#225 = VERTEX_POINT ( 'NONE', #8623 ) ;
#226 = EDGE_LOOP ( 'NONE', ( #6945, #1126, #4719, #881 ) ) ;
#227 = ORIENTED_EDGE ( 'NONE', *, *, #1139, .T. ) ;
#228 = ORIENTED_EDGE ( 'NONE', *, *, #9079, .F. ) ;
#229 = DIRECTION ( 'NONE',  ( -0.000000000000000000, 0.000000000000000000, 1.000000000000000000 ) ) ;
#230 = ADVANCED_FACE ( 'NONE', ( #3055, #3899 ), #6918, .T. ) ;
#231 = AXIS2_PLACEMENT_3D ( 'NONE', #2677, #8788, #3475 ) ;
#232 = DIRECTION ( 'NONE',  ( -6.162975822039156098E-33, 1.000000000000000000, 2.775557561563032360E-16 ) ) ;
#233 = CARTESIAN_POINT ( 'NONE',  ( -9956.250000000003638, -560.2425708315862494, -3423.488475815656784 ) ) ;
#234 = CARTESIAN_POINT ( 'NONE',  ( -11349.93198115552332, 1189.999999999997726, -960.0000000000002274 ) ) ;
#235 = CARTESIAN_POINT ( 'NONE',  ( -12750.00000000000000, 1077.499998843224375, -589.9999999999964757 ) ) ;
#236 = ORIENTED_EDGE ( 'NONE', *, *, #2945, .T. ) ;
#237 = CARTESIAN_POINT ( 'NONE',  ( -9959.258274702739072, -989.9999999999993179, -960.0000000000002274 ) ) ;
#238 = EDGE_CURVE ( 'NONE', #8357, #9738, #92, .T. ) ;
#239 = ORIENTED_EDGE ( 'NONE', *, *, #1254, .T. ) ;
#240 = CARTESIAN_POINT ( 'NONE',  ( -1949.999999999999773, -241.8139511719357131, -3423.488475815656784 ) ) ;
#241 = VECTOR ( 'NONE', #1130, 1000.000000000000114 ) ;
#242 = DIRECTION ( 'NONE',  ( 1.165234987046524083E-32, 0.09939437395458937397, -0.9950481186486286322 ) ) ;
#243 = AXIS2_PLACEMENT_3D ( 'NONE', #9395, #278, #1833 ) ;
#244 = CIRCLE ( 'NONE', #2810, 250.0000000000000000 ) ;
#245 = ORIENTED_EDGE ( 'NONE', *, *, #1175, .F. ) ;
#246 = ADVANCED_FACE ( 'NONE', ( #7827 ), #2309, .T. ) ;
#247 = VERTEX_POINT ( 'NONE', #5357 ) ;
#248 = AXIS2_PLACEMENT_3D ( 'NONE', #4999, #3550, #2795 ) ;
#249 = CARTESIAN_POINT ( 'NONE',  ( -7934.375000000004547, 989.9999999999979536, -960.0000000000007958 ) ) ;
#250 = VECTOR ( 'NONE', #4478, 1000.000000000000000 ) ;
#251 = LINE ( 'NONE', #7177, #8290 ) ;
#252 = DIRECTION ( 'NONE',  ( 0.9848077530122089085, 0.000000000000000000, -0.1736481776669254740 ) ) ;
#253 = DIRECTION ( 'NONE',  ( -1.232595164407830672E-32, -2.775557561563032360E-16, 1.000000000000000000 ) ) ;
#254 = CARTESIAN_POINT ( 'NONE',  ( -12225.00000000000182, -241.8139511719357131, -3423.488475815656784 ) ) ;
#255 = ORIENTED_EDGE ( 'NONE', *, *, #2828, .T. ) ;
#256 = EDGE_LOOP ( 'NONE', ( #5771, #6923, #5085, #3059 ) ) ;
#257 = ORIENTED_EDGE ( 'NONE', *, *, #4451, .F. ) ;
#258 = EDGE_CURVE ( 'NONE', #8315, #8738, #5962, .T. ) ;
#259 = AXIS2_PLACEMENT_3D ( 'NONE', #6541, #5825, #480 ) ;
#260 = ADVANCED_FACE ( 'NONE', ( #46 ), #6158, .T. ) ;
#261 = DIRECTION ( 'NONE',  ( 1.000000000000000000, 1.879742687196032133E-16, 0.000000000000000000 ) ) ;
#262 = CARTESIAN_POINT ( 'NONE',  ( -2450.000000000000455, -389.6561633456277036, -1135.000000000000227 ) ) ;
#263 = ORIENTED_EDGE ( 'NONE', *, *, #8202, .F. ) ;
#264 = VERTEX_POINT ( 'NONE', #6967 ) ;
#265 = AXIS2_PLACEMENT_3D ( 'NONE', #4891, #9602, #6403 ) ;
#266 = ORIENTED_EDGE ( 'NONE', *, *, #9145, .F. ) ;
#267 = CARTESIAN_POINT ( 'NONE',  ( -1950.000000000000682, 200.0000000000000000, -825.0000000000001137 ) ) ;
#268 = EDGE_CURVE ( 'NONE', #1989, #8375, #7022, .T. ) ;
#269 = DIRECTION ( 'NONE',  ( -0.000000000000000000, 0.000000000000000000, 1.000000000000000000 ) ) ;
#270 = VECTOR ( 'NONE', #2955, 1000.000000000000000 ) ;
#271 = LINE ( 'NONE', #4875, #8242 ) ;
#272 = EDGE_LOOP ( 'NONE', ( #3566, #4346 ) ) ;
#273 = CIRCLE ( 'NONE', #4119, 149.9999999999999147 ) ;
#274 = ORIENTED_EDGE ( 'NONE', *, *, #2527, .F. ) ;
#275 = PLANE ( 'NONE',  #9247 ) ;
#276 = DIRECTION ( 'NONE',  ( 1.000000000000000000, 0.000000000000000000, 0.000000000000000000 ) ) ;
#277 = LINE ( 'NONE', #6288, #85 ) ;
#278 = DIRECTION ( 'NONE',  ( 1.232595164407830672E-32, 2.775557561563032360E-16, -1.000000000000000000 ) ) ;
#279 = ORIENTED_EDGE ( 'NONE', *, *, #2028, .T. ) ;
#281 = EDGE_LOOP ( 'NONE', ( #4662, #1652, #8012, #4003, #8260, #9006, #2509, #1981, #9361, #6638, #9553, #6563, #6072, #3622, #7262, #4972, #5364, #371, #4840, #3958 ) ) ;
#280 = AXIS2_PLACEMENT_3D ( 'NONE', #2200, #6616, #5059 ) ;
#282 = ORIENTED_EDGE ( 'NONE', *, *, #9894, .F. ) ;
#283 = ORIENTED_EDGE ( 'NONE', *, *, #8534, .T. ) ;
#284 = VECTOR ( 'NONE', #8992, 1000.000000000000114 ) ;
#285 = EDGE_CURVE ( 'NONE', #8663, #5821, #6763, .T. ) ;
#286 = PLANE ( 'NONE',  #6031 ) ;
#287 = DIRECTION ( 'NONE',  ( 0.000000000000000000, -2.413528314402513597E-16, 1.000000000000000000 ) ) ;
#288 = LINE ( 'NONE', #6297, #7594 ) ;
#289 = AXIS2_PLACEMENT_3D ( 'NONE', #1584, #9098, #2238 ) ;
#290 = CARTESIAN_POINT ( 'NONE',  ( -14175.00000000000000, -1190.000000000001137, -960.0000000000002274 ) ) ;
#291 = DIRECTION ( 'NONE',  ( -0.9848077530122075762, 4.819705125750964784E-17, -0.1736481776669329402 ) ) ;
#292 = VERTEX_POINT ( 'NONE', #149 ) ;
#293 = CARTESIAN_POINT ( 'NONE',  ( -13856.59988046646504, 190.0000000000006821, -504.9802145985029256 ) ) ;
#294 = ORIENTED_EDGE ( 'NONE', *, *, #6501, .T. ) ;
#295 = DIRECTION ( 'NONE',  ( 0.000000000000000000, -0.000000000000000000, 1.000000000000000000 ) ) ;
#296 = DIRECTION ( 'NONE',  ( -0.000000000000000000, 1.000000000000000000, -0.000000000000000000 ) ) ;
#297 = ORIENTED_EDGE ( 'NONE', *, *, #5752, .F. ) ;
#298 = AXIS2_PLACEMENT_3D ( 'NONE', #5096, #4300, #7266 ) ;
#299 = VECTOR ( 'NONE', #5369, 1000.000000000000000 ) ;
#300 = DIRECTION ( 'NONE',  ( 1.000000000000000000, 0.000000000000000000, 0.000000000000000000 ) ) ;
#301 = CARTESIAN_POINT ( 'NONE',  ( -11501.88379915643600, -731.6596157893138752, -632.5646946938458086 ) ) ;
#302 = LINE ( 'NONE', #3357, #5646 ) ;
#303 = VECTOR ( 'NONE', #6414, 1000.000000000000000 ) ;
#304 = ADVANCED_FACE ( 'NONE', ( #4758 ), #954, .F. ) ;
#305 = DIRECTION ( 'NONE',  ( 0.000000000000000000, 0.000000000000000000, 1.000000000000000000 ) ) ;
#306 = VECTOR ( 'NONE', #3670, 1000.000000000000000 ) ;
#307 = CARTESIAN_POINT ( 'NONE',  ( -14175.00000000000000, -875.0000000000000000, -1060.000000000000000 ) ) ;
#308 = ORIENTED_EDGE ( 'NONE', *, *, #2830, .T. ) ;
#309 = VECTOR ( 'NONE', #6467, 1000.000000000000000 ) ;
#310 = DIRECTION ( 'NONE',  ( 0.000000000000000000, -1.000000000000000000, -5.551115123125784674E-16 ) ) ;
#311 = EDGE_CURVE ( 'NONE', #5743, #4852, #5657, .T. ) ;
#312 = DIRECTION ( 'NONE',  ( -1.000000000000000000, -0.000000000000000000, -0.000000000000000000 ) ) ;
#313 = CARTESIAN_POINT ( 'NONE',  ( -265.1845289799109651, -1190.000000000001137, -1503.936198047713560 ) ) ;
#314 = DIRECTION ( 'NONE',  ( -0.000000000000000000, 0.000000000000000000, 1.000000000000000000 ) ) ;
#315 = AXIS2_PLACEMENT_3D ( 'NONE', #1364, #5924, #6578 ) ;
#316 = EDGE_CURVE ( 'NONE', #3196, #1837, #6572, .T. ) ;
#317 = ADVANCED_FACE ( 'NONE', ( #8026 ), #5611, .F. ) ;
#318 = ORIENTED_EDGE ( 'NONE', *, *, #9797, .T. ) ;
#319 = ORIENTED_EDGE ( 'NONE', *, *, #6216, .T. ) ;
#320 = VERTEX_POINT ( 'NONE', #1858 ) ;
#321 = DIRECTION ( 'NONE',  ( 0.000000000000000000, -0.1402661271484180183, -0.9901138386947149206 ) ) ;
#322 = AXIS2_PLACEMENT_3D ( 'NONE', #8668, #7970, #2608 ) ;
#323 = CARTESIAN_POINT ( 'NONE',  ( -13578.58983848622483, 739.9999999999984084, -960.0000000000000000 ) ) ;
#324 = CARTESIAN_POINT ( 'NONE',  ( 588.6859966642593918, 875.0000000000000000, -980.0000000000001137 ) ) ;
#325 = SURFACE_STYLE_FILL_AREA ( #7091 ) ;
#326 = ORIENTED_EDGE ( 'NONE', *, *, #5266, .F. ) ;
#327 = ORIENTED_EDGE ( 'NONE', *, *, #3632, .T. ) ;
#328 = LINE ( 'NONE', #7795, #6218 ) ;
#329 = ADVANCED_FACE ( 'NONE', ( #4860 ), #355, .F. ) ;
#330 = DIRECTION ( 'NONE',  ( -0.000000000000000000, 0.000000000000000000, 1.000000000000000000 ) ) ;
#331 = AXIS2_PLACEMENT_3D ( 'NONE', #8555, #9296, #8701 ) ;
#332 = DIRECTION ( 'NONE',  ( 0.000000000000000000, 0.000000000000000000, -1.000000000000000000 ) ) ;
#333 = PLANE ( 'NONE',  #2322 ) ;
#334 = ORIENTED_EDGE ( 'NONE', *, *, #3259, .T. ) ;
#335 = ORIENTED_EDGE ( 'NONE', *, *, #3026, .T. ) ;
#336 = EDGE_LOOP ( 'NONE', ( #4808, #2453, #9529, #3451 ) ) ;
#337 = ORIENTED_EDGE ( 'NONE', *, *, #199, .T. ) ;
#338 = DIRECTION ( 'NONE',  ( 0.000000000000000000, 0.000000000000000000, 1.000000000000000000 ) ) ;
#339 = AXIS2_PLACEMENT_3D ( 'NONE', #6831, #101, #1719 ) ;
#340 = DIRECTION ( 'NONE',  ( -1.000000000000000000, -6.162975822039151993E-33, -1.232595164407830946E-32 ) ) ;
#341 = CARTESIAN_POINT ( 'NONE',  ( -4551.792278806056856, 1189.999999999998408, -849.6342572279651222 ) ) ;
#342 = ORIENTED_EDGE ( 'NONE', *, *, #6266, .T. ) ;
#343 = CARTESIAN_POINT ( 'NONE',  ( 620.0000000000000000, 875.0000000000000000, -910.0000000000001137 ) ) ;
#344 = ADVANCED_FACE ( 'NONE', ( #9622 ), #1005, .F. ) ;
#345 = ORIENTED_EDGE ( 'NONE', *, *, #9109, .F. ) ;
#346 = CARTESIAN_POINT ( 'NONE',  ( -14588.56810139493791, -1077.499998843224375, -757.0854464784604261 ) ) ;
#347 = VERTEX_POINT ( 'NONE', #7123 ) ;
#348 = CARTESIAN_POINT ( 'NONE',  ( -346.4101615137744261, -341.8139511719356847, -960.0000000000002274 ) ) ;
#349 = CARTESIAN_POINT ( 'NONE',  ( -5576.316527040904475, 1189.999999999998408, -660.0000000000010232 ) ) ;
#350 = VERTEX_POINT ( 'NONE', #2761 ) ;
#351 = ADVANCED_BREP_SHAPE_REPRESENTATION ( '', ( #6846, #1704 ), #6500 ) ;
#352 = LINE ( 'NONE', #2510, #6227 ) ;
#353 = LINE ( 'NONE', #3404, #5524 ) ;
#354 = CARTESIAN_POINT ( 'NONE',  ( -11505.62481363482402, -747.0986934586336474, -637.0854464784592892 ) ) ;
#355 = PLANE ( 'NONE',  #2917 ) ;
#356 = DIRECTION ( 'NONE',  ( -0.000000000000000000, 0.000000000000000000, 1.000000000000000000 ) ) ;
#357 = CARTESIAN_POINT ( 'NONE',  ( -13856.59988046646504, -1077.499998843224375, -757.0854464784604261 ) ) ;
#358 = ORIENTED_EDGE ( 'NONE', *, *, #1815, .F. ) ;
#359 = CARTESIAN_POINT ( 'NONE',  ( -11499.99999999997999, 699.9999999999986358, -749.6146185948541643 ) ) ;
#360 = FACE_OUTER_BOUND ( 'NONE', #5124, .T. ) ;
#361 = EDGE_CURVE ( 'NONE', #3790, #3334, #6365, .T. ) ;
#362 = CARTESIAN_POINT ( 'NONE',  ( -446.4101615137745398, -341.8139511719356847, -3423.488475815656784 ) ) ;
#363 = VERTEX_POINT ( 'NONE', #6466 ) ;
#364 = EDGE_CURVE ( 'NONE', #8653, #6948, #7921, .T. ) ;
#365 = ORIENTED_EDGE ( 'NONE', *, *, #2041, .T. ) ;
#366 = ORIENTED_EDGE ( 'NONE', *, *, #1311, .F. ) ;
#367 = DIRECTION ( 'NONE',  ( 0.000000000000000000, 0.000000000000000000, 1.000000000000000000 ) ) ;
#368 = CARTESIAN_POINT ( 'NONE',  ( -14763.68599666425871, -875.0000000000000000, -1060.000000000000000 ) ) ;
#369 = EDGE_CURVE ( 'NONE', #9252, #4749, #1814, .T. ) ;
#370 = LINE ( 'NONE', #2029, #5828 ) ;
#371 = ORIENTED_EDGE ( 'NONE', *, *, #7037, .T. ) ;
#372 = ORIENTED_EDGE ( 'NONE', *, *, #3296, .F. ) ;
#373 = CARTESIAN_POINT ( 'NONE',  ( -2487.220079441456164, -296.8409399909876925, -1135.000000000000227 ) ) ;
#374 = CARTESIAN_POINT ( 'NONE',  ( -1700.000000000000682, 989.9999999999984084, -1135.000000000000227 ) ) ;
#375 = DIRECTION ( 'NONE',  ( -0.000000000000000000, 0.000000000000000000, 1.000000000000000000 ) ) ;
#376 = LINE ( 'NONE', #9339, #1677 ) ;
#377 = EDGE_LOOP ( 'NONE', ( #7173, #5237, #7912, #2097, #9713, #5899, #1862, #9760, #9149, #5320, #1479, #5841, #3628, #4000, #726, #9205, #2529, #5221, #1011, #6456, #7288, #1882, #5041, #4887 ) ) ;
#378 = EDGE_LOOP ( 'NONE', ( #1445, #7358 ) ) ;
#379 = VERTEX_POINT ( 'NONE', #7228 ) ;
#380 = LINE ( 'NONE', #2787, #7954 ) ;
#381 = EDGE_CURVE ( 'NONE', #3380, #9581, #9422, .T. ) ;
#382 = APPLICATION_CONTEXT ( 'automotive_design' ) ;
#383 = EDGE_CURVE ( 'NONE', #2161, #9735, #4111, .T. ) ;
#384 = DIRECTION ( 'NONE',  ( 0.000000000000000000, -0.000000000000000000, -1.000000000000000000 ) ) ;
#385 = LINE ( 'NONE', #6405, #9510 ) ;
#386 = EDGE_LOOP ( 'NONE', ( #6725, #5501, #434, #7673 ) ) ;
#387 = LINE ( 'NONE', #3289, #123 ) ;
#388 = DIRECTION ( 'NONE',  ( -0.000000000000000000, 0.000000000000000000, 1.000000000000000000 ) ) ;
#389 = DIRECTION ( 'NONE',  ( -0.000000000000000000, -0.000000000000000000, -1.000000000000000000 ) ) ;
#390 = EDGE_LOOP ( 'NONE', ( #9130, #4533, #8206, #2265, #8505, #3418 ) ) ;
#391 = DIRECTION ( 'NONE',  ( 0.1736481776669254740, -2.487589742322845493E-18, 0.9848077530122089085 ) ) ;
#392 = CARTESIAN_POINT ( 'NONE',  ( -3930.251481490694459, 1189.999999999998408, -1009.999999999999091 ) ) ;
#393 = AXIS2_PLACEMENT_3D ( 'NONE', #1146, #4043, #1842 ) ;
#394 = EDGE_LOOP ( 'NONE', ( #2664, #6564, #2800, #308, #7881, #4841 ) ) ;
#395 = EDGE_CURVE ( 'NONE', #5751, #7306, #302, .T. ) ;
#396 = FACE_OUTER_BOUND ( 'NONE', #7271, .T. ) ;
#397 = CARTESIAN_POINT ( 'NONE',  ( -2487.220079441456164, 296.8409399909899093, -960.0000000000002274 ) ) ;
#398 = LINE ( 'NONE', #5251, #5303 ) ;
#399 = CARTESIAN_POINT ( 'NONE',  ( -11700.00000000000182, -814.9999999999974989, -306.2059048389990039 ) ) ;
#400 = AXIS2_PLACEMENT_3D ( 'NONE', #2711, #8914, #5805 ) ;
#401 = VECTOR ( 'NONE', #421, 1000.000000000000114 ) ;
#402 = DIRECTION ( 'NONE',  ( 0.000000000000000000, -0.000000000000000000, -1.000000000000000000 ) ) ;
#403 = VECTOR ( 'NONE', #6136, 1000.000000000000000 ) ;
#404 = FACE_OUTER_BOUND ( 'NONE', #5313, .T. ) ;
#405 = LINE ( 'NONE', #4815, #3241 ) ;
#406 = VECTOR ( 'NONE', #2701, 1000.000000000000000 ) ;
#407 = ORIENTED_EDGE ( 'NONE', *, *, #3088, .F. ) ;
#408 = AXIS2_PLACEMENT_3D ( 'NONE', #8912, #5200, #5108 ) ;
#409 = CARTESIAN_POINT ( 'NONE',  ( -14175.00000000000000, -875.0000000000000000, -910.0000000000001137 ) ) ;
#410 = EDGE_CURVE ( 'NONE', #7836, #6112, #5008, .T. ) ;
#411 = VECTOR ( 'NONE', #8958, 1000.000000000000000 ) ;
#412 = CARTESIAN_POINT ( 'NONE',  ( -13856.59988046646504, -1077.499998843224375, -637.0854464784594029 ) ) ;
#413 = DIRECTION ( 'NONE',  ( 1.000000000000000000, 0.000000000000000000, 0.000000000000000000 ) ) ;
#414 = ORIENTED_EDGE ( 'NONE', *, *, #5818, .T. ) ;
#415 = AXIS2_PLACEMENT_3D ( 'NONE', #5537, #4734, #927 ) ;
#416 = ORIENTED_EDGE ( 'NONE', *, *, #1982, .T. ) ;
#417 = ORIENTED_EDGE ( 'NONE', *, *, #5461, .F. ) ;
#418 = EDGE_CURVE ( 'NONE', #2262, #8695, #610, .T. ) ;
#419 =( GEOMETRIC_REPRESENTATION_CONTEXT ( 3 ) GLOBAL_UNCERTAINTY_ASSIGNED_CONTEXT ( ( #9829 ) ) GLOBAL_UNIT_ASSIGNED_CONTEXT ( ( #869, #3735, #9442 ) ) REPRESENTATION_CONTEXT ( 'NONE', 'WORKASPACE' ) );
#420 = EDGE_LOOP ( 'NONE', ( #7690, #4409, #8466, #5773 ) ) ;
#421 = DIRECTION ( 'NONE',  ( 7.357587744054750412E-33, -0.9950481186486286322, -0.09939437395458936009 ) ) ;
#422 = CARTESIAN_POINT ( 'NONE',  ( -14795.00000000000000, 875.0000000000000000, -1060.000000000000000 ) ) ;
#423 = CARTESIAN_POINT ( 'NONE',  ( -13499.99999999999818, 814.9999999999972715, -637.0854464784588345 ) ) ;
#424 = EDGE_CURVE ( 'NONE', #6497, #2299, #5707, .T. ) ;
#425 = APPLICATION_PROTOCOL_DEFINITION ( 'draft international standard', 'automotive_design', 1998, #2245 ) ;
#426 = ORIENTED_EDGE ( 'NONE', *, *, #1982, .F. ) ;
#427 = EDGE_LOOP ( 'NONE', ( #8276, #4772, #6079, #545 ) ) ;
#428 = LINE ( 'NONE', #8098, #2703 ) ;
#429 = VECTOR ( 'NONE', #6294, 1000.000000000000000 ) ;
#430 = CARTESIAN_POINT ( 'NONE',  ( -2784.460378396442138, 92.81522335463996853, -960.0000000000009095 ) ) ;
#431 = CARTESIAN_POINT ( 'NONE',  ( -14175.00000000000000, 1189.999999999997499, -960.0000000000002274 ) ) ;
#432 = EDGE_CURVE ( 'NONE', #9437, #5872, #8215, .T. ) ;
#433 = CARTESIAN_POINT ( 'NONE',  ( -2784.460378396442138, -92.81522335464026696, -1135.000000000001137 ) ) ;
#434 = ORIENTED_EDGE ( 'NONE', *, *, #5880, .F. ) ;
#435 = ORIENTED_EDGE ( 'NONE', *, *, #2020, .T. ) ;
#436 = VERTEX_POINT ( 'NONE', #6519 ) ;
#437 = CARTESIAN_POINT ( 'NONE',  ( -5190.624999999995453, -989.9999999999994316, -960.0000000000002274 ) ) ;
#438 = AXIS2_PLACEMENT_3D ( 'NONE', #3119, #2426, #8493 ) ;
#439 = EDGE_CURVE ( 'NONE', #1444, #9171, #6454, .T. ) ;
#440 = CARTESIAN_POINT ( 'NONE',  ( -11825.00000000000182, 1189.999999999997726, -960.0000000000002274 ) ) ;
#441 = VERTEX_POINT ( 'NONE', #1210 ) ;
#442 = CARTESIAN_POINT ( 'NONE',  ( -14156.10001622140953, 1077.499998843224375, -589.9999999999964757 ) ) ;
#443 = FACE_OUTER_BOUND ( 'NONE', #2273, .T. ) ;
#444 = CARTESIAN_POINT ( 'NONE',  ( -2825.068018844486232, 989.9999999999981810, 5040.000000000000000 ) ) ;
#445 = ORIENTED_EDGE ( 'NONE', *, *, #6232, .F. ) ;
#446 = LINE ( 'NONE', #4350, #9362 ) ;
#447 = EDGE_CURVE ( 'NONE', #1381, #8909, #7597, .T. ) ;
#448 = DIRECTION ( 'NONE',  ( 0.000000000000000000, -0.000000000000000000, -1.000000000000000000 ) ) ;
#449 = AXIS2_PLACEMENT_3D ( 'NONE', #7547, #6934, #1515 ) ;
#450 = EDGE_CURVE ( 'NONE', #3292, #9351, #729, .T. ) ;
#451 = ORIENTED_EDGE ( 'NONE', *, *, #6811, .F. ) ;
#452 = ORIENTED_EDGE ( 'NONE', *, *, #7717, .T. ) ;
#453 = SURFACE_STYLE_FILL_AREA ( #5055 ) ;
#454 = DIRECTION ( 'NONE',  ( 0.000000000000000000, 0.000000000000000000, 1.000000000000000000 ) ) ;
#455 = AXIS2_PLACEMENT_3D ( 'NONE', #5408, #3054, #3009 ) ;
#456 = VECTOR ( 'NONE', #2465, 1000.000000000000000 ) ;
#457 = DIRECTION ( 'NONE',  ( -6.162975822039157467E-33, 1.000000000000000000, 3.301729611148415602E-16 ) ) ;
#458 = CARTESIAN_POINT ( 'NONE',  ( -8734.375000000005457, 989.9999999999984084, -1135.000000000000227 ) ) ;
#459 = DIRECTION ( 'NONE',  ( 0.1736481776669254740, 2.487589742322845493E-18, 0.9848077530122089085 ) ) ;
#460 = CARTESIAN_POINT ( 'NONE',  ( -11725.00000000000182, 389.6561633456295226, -1135.000000000000227 ) ) ;
#461 = CIRCLE ( 'NONE', #1415, 99.99999999999964473 ) ;
#462 = LINE ( 'NONE', #9820, #5384 ) ;
#463 = EDGE_CURVE ( 'NONE', #3039, #2384, #5284, .T. ) ;
#464 = AXIS2_PLACEMENT_3D ( 'NONE', #793, #3846, #6910 ) ;
#465 = EDGE_LOOP ( 'NONE', ( #2141, #4591, #2528, #9823 ) ) ;
#466 = CARTESIAN_POINT ( 'NONE',  ( -12225.00000000000182, 899.9999999999998863, -910.0000000000001137 ) ) ;
#467 = DIRECTION ( 'NONE',  ( 1.232595164407830672E-32, 2.775557561563032360E-16, -1.000000000000000000 ) ) ;
#468 = AXIS2_PLACEMENT_3D ( 'NONE', #1028, #172, #2537 ) ;
#469 = DIRECTION ( 'NONE',  ( -1.000000000000000000, -6.162975822039154046E-33, -1.232595164407830946E-32 ) ) ;
#470 = AXIS2_PLACEMENT_3D ( 'NONE', #6581, #1015, #9528 ) ;
#471 = ORIENTED_EDGE ( 'NONE', *, *, #795, .T. ) ;
#472 = ORIENTED_EDGE ( 'NONE', *, *, #5752, .T. ) ;
#473 = ADVANCED_FACE ( 'NONE', ( #7645 ), #3124, .F. ) ;
#474 = ORIENTED_EDGE ( 'NONE', *, *, #7513, .F. ) ;
#475 = AXIS2_PLACEMENT_3D ( 'NONE', #658, #3514, #5256 ) ;
#476 = EDGE_LOOP ( 'NONE', ( #3613, #9648, #624, #8589 ) ) ;
#477 = FACE_OUTER_BOUND ( 'NONE', #5615, .T. ) ;
#478 = LINE ( 'NONE', #3474, #2196 ) ;
#479 = LINE ( 'NONE', #3626, #2967 ) ;
#480 = DIRECTION ( 'NONE',  ( 1.000000000000000000, 0.000000000000000000, 0.000000000000000000 ) ) ;
#481 = ORIENTED_EDGE ( 'NONE', *, *, #4566, .F. ) ;
#482 = CARTESIAN_POINT ( 'NONE',  ( -14156.10001622140953, -278.9021535255452022, -725.0000000000053433 ) ) ;
#483 = DIRECTION ( 'NONE',  ( -0.000000000000000000, 0.000000000000000000, 1.000000000000000000 ) ) ;
#484 = CARTESIAN_POINT ( 'NONE',  ( -3930.251481490694459, 1189.999999999998408, -1059.999999999999091 ) ) ;
#485 = DIRECTION ( 'NONE',  ( 0.000000000000000000, -1.000000000000000000, 0.000000000000000000 ) ) ;
#486 = VECTOR ( 'NONE', #8419, 1000.000000000000000 ) ;
#487 = VERTEX_POINT ( 'NONE', #4584 ) ;
#488 = ORIENTED_EDGE ( 'NONE', *, *, #874, .F. ) ;
#489 = LINE ( 'NONE', #3541, #7171 ) ;
#490 = ADVANCED_FACE ( 'NONE', ( #8917 ), #6087, .T. ) ;
#491 = PLANE ( 'NONE',  #7591 ) ;
#492 = ORIENTED_EDGE ( 'NONE', *, *, #4530, .T. ) ;
#493 = DIRECTION ( 'NONE',  ( 6.162975822039157467E-33, -1.000000000000000000, -2.775557561563032360E-16 ) ) ;
#494 = CIRCLE ( 'NONE', #3527, 277.7941176470602045 ) ;
#495 = CARTESIAN_POINT ( 'NONE',  ( -14175.00000000000000, 875.0000000000000000, -1060.000000000000000 ) ) ;
#496 = DIRECTION ( 'NONE',  ( 0.000000000000000000, 0.000000000000000000, 1.000000000000000000 ) ) ;
#497 = CYLINDRICAL_SURFACE ( 'NONE', #248, 460.0000000000000568 ) ;
#498 = LINE ( 'NONE', #6711, #3284 ) ;
#499 = EDGE_CURVE ( 'NONE', #9464, #6115, #6844, .T. ) ;
#500 = ORIENTED_EDGE ( 'NONE', *, *, #9268, .F. ) ;
#501 = VERTEX_POINT ( 'NONE', #9850 ) ;
#502 = LINE ( 'NONE', #3654, #957 ) ;
#503 = CARTESIAN_POINT ( 'NONE',  ( -12225.00000000000182, -899.9999999999998863, -910.0000000000001137 ) ) ;
#504 = ADVANCED_FACE ( 'NONE', ( #2284 ), #5330, .F. ) ;
#505 = ADVANCED_FACE ( 'NONE', ( #3877 ), #6939, .T. ) ;
#506 = CYLINDRICAL_SURFACE ( 'NONE', #2268, 250.0000000000000000 ) ;
#507 = CARTESIAN_POINT ( 'NONE',  ( -12100.00000000000182, 1054.999999999997272, -459.9999999999978400 ) ) ;
#508 = CARTESIAN_POINT ( 'NONE',  ( -13250.00000000000000, 278.9021535255452022, -623.7872381793326895 ) ) ;
#509 = CARTESIAN_POINT ( 'NONE',  ( -11674.08555227910256, 898.7388418281769873, -759.3323791905669395 ) ) ;
#510 = LINE ( 'NONE', #9017, #1550 ) ;
#511 = VERTEX_POINT ( 'NONE', #2335 ) ;
#512 = CARTESIAN_POINT ( 'NONE',  ( -12475.00000000000182, 739.9999999999984084, -1135.000000000000227 ) ) ;
#513 = CARTESIAN_POINT ( 'NONE',  ( -8598.683472959090068, -1190.000000000001137, -660.0000000000002274 ) ) ;
#514 = ADVANCED_FACE ( 'NONE', ( #8447, #5060 ), #684, .T. ) ;
#515 = EDGE_CURVE ( 'NONE', #2340, #178, #8865, .T. ) ;
#516 = CIRCLE ( 'NONE', #1797, 100.0000000000000853 ) ;
#517 = FACE_OUTER_BOUND ( 'NONE', #2847, .T. ) ;
#518 = AXIS2_PLACEMENT_3D ( 'NONE', #3749, #1597, #1401 ) ;
#519 = DIRECTION ( 'NONE',  ( 1.000000000000000000, 0.000000000000000000, 0.000000000000000000 ) ) ;
#520 = ORIENTED_EDGE ( 'NONE', *, *, #1672, .F. ) ;
#521 = ORIENTED_EDGE ( 'NONE', *, *, #364, .T. ) ;
#522 = DIRECTION ( 'NONE',  ( 0.000000000000000000, -1.000000000000000000, 0.000000000000000000 ) ) ;
#523 = PLANE ( 'NONE',  #3851 ) ;
#524 = DIRECTION ( 'NONE',  ( 1.000000000000000000, 0.000000000000000000, 0.000000000000000000 ) ) ;
#525 = EDGE_CURVE ( 'NONE', #1714, #6690, #8125, .T. ) ;
#526 = VECTOR ( 'NONE', #3147, 1000.000000000000000 ) ;
#527 = ORIENTED_EDGE ( 'NONE', *, *, #4869, .F. ) ;
#528 = LINE ( 'NONE', #8792, #7029 ) ;
#529 = DIRECTION ( 'NONE',  ( 1.000000000000000000, 0.000000000000000000, 0.000000000000000000 ) ) ;
#530 = LINE ( 'NONE', #8945, #3314 ) ;
#531 = CARTESIAN_POINT ( 'NONE',  ( -10127.54555139958393, 922.5146718258740748, -1135.000000000000227 ) ) ;
#532 = EDGE_LOOP ( 'NONE', ( #104, #4466, #5098, #2429, #114, #8830, #611, #9412, #2234 ) ) ;
#533 = DIRECTION ( 'NONE',  ( -0.1736481776669237531, 0.000000000000000000, -0.9848077530122092416 ) ) ;
#534 = PLANE ( 'NONE',  #7437 ) ;
#535 = ORIENTED_EDGE ( 'NONE', *, *, #7793, .T. ) ;
#536 = DIRECTION ( 'NONE',  ( 1.000000000000000000, 0.000000000000000000, 0.000000000000000000 ) ) ;
#537 = EDGE_LOOP ( 'NONE', ( #8122, #9693, #9480, #7575 ) ) ;
#538 = DIRECTION ( 'NONE',  ( 0.000000000000000000, 0.000000000000000000, 1.000000000000000000 ) ) ;
#539 = DIRECTION ( 'NONE',  ( -1.000000000000000000, -0.000000000000000000, -0.000000000000000000 ) ) ;
#540 = ORIENTED_EDGE ( 'NONE', *, *, #9917, .T. ) ;
#541 = LINE ( 'NONE', #5904, #4720 ) ;
#542 = CARTESIAN_POINT ( 'NONE',  ( -14588.56810139493791, 295.9385695031826913, -504.9802145985045172 ) ) ;
#543 = ORIENTED_EDGE ( 'NONE', *, *, #2719, .F. ) ;
#544 = EDGE_CURVE ( 'NONE', #788, #3723, #7457, .T. ) ;
#545 = ORIENTED_EDGE ( 'NONE', *, *, #9674, .T. ) ;
#546 = SURFACE_SIDE_STYLE ('',( #453 ) ) ;
#547 = DIRECTION ( 'NONE',  ( 1.232595164407830672E-32, 2.775557561563032360E-16, -1.000000000000000000 ) ) ;
#548 = DIRECTION ( 'NONE',  ( 0.000000000000000000, 0.000000000000000000, 1.000000000000000000 ) ) ;
#549 = DIRECTION ( 'NONE',  ( 0.000000000000000000, -4.827056628805028179E-16, 1.000000000000000000 ) ) ;
#550 = EDGE_CURVE ( 'NONE', #6309, #74, #3833, .T. ) ;
#551 = VERTEX_POINT ( 'NONE', #6793 ) ;
#552 = CARTESIAN_POINT ( 'NONE',  ( -13578.58983848622483, -989.9999999999984084, -1135.000000000000227 ) ) ;
#553 = CARTESIAN_POINT ( 'NONE',  ( -1700.000000000000682, -739.9999999999984084, -960.0000000000000000 ) ) ;
#554 = EDGE_CURVE ( 'NONE', #5689, #597, #3074, .T. ) ;
#555 = EDGE_CURVE ( 'NONE', #7509, #8484, #7931, .T. ) ;
#556 = ORIENTED_EDGE ( 'NONE', *, *, #1684, .F. ) ;
#557 = LINE ( 'NONE', #6726, #9382 ) ;
#558 = PLANE ( 'NONE',  #9113 ) ;
#559 = VECTOR ( 'NONE', #2859, 1000.000000000000000 ) ;
#560 = AXIS2_PLACEMENT_3D ( 'NONE', #1979, #4978, #2084 ) ;
#561 = CARTESIAN_POINT ( 'NONE',  ( -8984.375000000005457, -990.0000000000001137, -1135.000000000000227 ) ) ;
#562 = EDGE_CURVE ( 'NONE', #3860, #4099, #79, .T. ) ;
#563 = CARTESIAN_POINT ( 'NONE',  ( -13966.15723917057221, -190.0000000000007674, -504.9802145985029256 ) ) ;
#564 = ORIENTED_EDGE ( 'NONE', *, *, #201, .T. ) ;
#565 = CIRCLE ( 'NONE', #6961, 100.0000000000000853 ) ;
#566 = ORIENTED_EDGE ( 'NONE', *, *, #820, .F. ) ;
#567 = EDGE_CURVE ( 'NONE', #2178, #3196, #5860, .T. ) ;
#568 = CIRCLE ( 'NONE', #3281, 50.00000000000071054 ) ;
#569 = EDGE_CURVE ( 'NONE', #2621, #3431, #5434, .T. ) ;
#570 = ORIENTED_EDGE ( 'NONE', *, *, #2220, .F. ) ;
#571 = CIRCLE ( 'NONE', #8404, 99.99999999999964473 ) ;
#572 = AXIS2_PLACEMENT_3D ( 'NONE', #6021, #7580, #707 ) ;
#573 = CARTESIAN_POINT ( 'NONE',  ( -7934.375000000004547, -989.9999999999998863, -960.0000000000007958 ) ) ;
#574 = AXIS2_PLACEMENT_3D ( 'NONE', #5113, #6040, #9096 ) ;
#575 = CARTESIAN_POINT ( 'NONE',  ( -14175.00000000000000, 875.0000000000000000, -1210.000000000000000 ) ) ;
#576 = DIRECTION ( 'NONE',  ( -0.000000000000000000, 0.000000000000000000, 1.000000000000000000 ) ) ;
#577 = DIRECTION ( 'NONE',  ( -6.162975822039157467E-33, 1.000000000000000000, 2.775557561563032360E-16 ) ) ;
#578 = CONTEXT_DEPENDENT_SHAPE_REPRESENTATION ( #7562, #6274 ) ;
#579 = VERTEX_POINT ( 'NONE', #6992 ) ;
#580 = FACE_OUTER_BOUND ( 'NONE', #9462, .T. ) ;
#581 = PLANE ( 'NONE',  #5302 ) ;
#582 = LINE ( 'NONE', #8050, #3798 ) ;
#583 = DIRECTION ( 'NONE',  ( 6.162975822039157467E-33, -1.000000000000000000, -2.775557561563032360E-16 ) ) ;
#584 = EDGE_CURVE ( 'NONE', #5956, #1451, #8253, .T. ) ;
#585 = DIRECTION ( 'NONE',  ( -0.000000000000000000, 0.000000000000000000, 1.000000000000000000 ) ) ;
#586 = FACE_OUTER_BOUND ( 'NONE', #4488, .T. ) ;
#587 = VERTEX_POINT ( 'NONE', #7743 ) ;
#588 = CARTESIAN_POINT ( 'NONE',  ( 2.959189170475275464E-13, 989.9999999999984084, -960.0000000000022737 ) ) ;
#589 = VERTEX_POINT ( 'NONE', #3926 ) ;
#590 = LINE ( 'NONE', #1341, #131 ) ;
#591 = CARTESIAN_POINT ( 'NONE',  ( -13680.00000000000000, 1077.499998843224148, -239.9999999999978684 ) ) ;
#592 = EDGE_LOOP ( 'NONE', ( #3969, #8240, #923, #6937, #3962 ) ) ;
#593 = PLANE ( 'NONE',  #9042 ) ;
#594 = CARTESIAN_POINT ( 'NONE',  ( -2825.068018844486232, -1189.999999999998863, 5040.000000000000000 ) ) ;
#595 = EDGE_CURVE ( 'NONE', #3492, #6888, #9688, .T. ) ;
#596 = ORIENTED_EDGE ( 'NONE', *, *, #6295, .F. ) ;
#597 = VERTEX_POINT ( 'NONE', #8219 ) ;
#598 = EDGE_LOOP ( 'NONE', ( #8082, #3122, #4568, #5337, #2574 ) ) ;
#599 = AXIS2_PLACEMENT_3D ( 'NONE', #5305, #3992, #9295 ) ;
#600 = CARTESIAN_POINT ( 'NONE',  ( -14500.00000000002001, 699.9999999999986358, -749.6146185948541643 ) ) ;
#601 = DIRECTION ( 'NONE',  ( -1.000000000000000000, 0.000000000000000000, 0.000000000000000000 ) ) ;
#602 = VECTOR ( 'NONE', #2205, 1000.000000000000000 ) ;
#603 = LINE ( 'NONE', #8123, #4398 ) ;
#604 = CARTESIAN_POINT ( 'NONE',  ( -13000.00000000000000, 4.163336342343563943E-15, -725.0000000000050022 ) ) ;
#605 = EDGE_CURVE ( 'NONE', #1494, #8089, #4210, .T. ) ;
#606 = EDGE_LOOP ( 'NONE', ( #5387, #8564, #9055, #6073 ) ) ;
#607 = AXIS2_PLACEMENT_3D ( 'NONE', #9043, #533, #8345 ) ;
#608 = LINE ( 'NONE', #6722, #8951 ) ;
#609 = DIRECTION ( 'NONE',  ( -0.000000000000000000, 0.000000000000000000, 1.000000000000000000 ) ) ;
#610 =( BOUNDED_CURVE ( )  B_SPLINE_CURVE ( 3, ( #4265, #8073, #8770, #1911 ),
 .UNSPECIFIED., .F., .F. ) 
 B_SPLINE_CURVE_WITH_KNOTS ( ( 4, 4 ),
 ( 1.376284916762130717, 1.570796326794896558 ),
 .UNSPECIFIED. ) 
 CURVE ( )  GEOMETRIC_REPRESENTATION_ITEM ( )  RATIONAL_B_SPLINE_CURVE ( ( 1.000000000000000000, 0.9968495936771430976, 0.9968495936771430976, 1.000000000000000000 ) ) 
 REPRESENTATION_ITEM ( '' )  );
#611 = ORIENTED_EDGE ( 'NONE', *, *, #4706, .F. ) ;
#612 = VECTOR ( 'NONE', #2259, 1000.000000000000000 ) ;
#613 = DIRECTION ( 'NONE',  ( -1.000000000000000000, 0.000000000000000000, 1.040834085586083310E-14 ) ) ;
#614 = EDGE_LOOP ( 'NONE', ( #9320, #708, #4590, #2508 ) ) ;
#615 = CIRCLE ( 'NONE', #6526, 80.00000000000007105 ) ;
#616 = DIRECTION ( 'NONE',  ( 0.000000000000000000, -1.000000000000000000, 0.000000000000000000 ) ) ;
#617 = CARTESIAN_POINT ( 'NONE',  ( -2.914659381970696526E-13, 1189.999999999998408, -960.0000000000002274 ) ) ;
#618 = EDGE_CURVE ( 'NONE', #3674, #1646, #6517, .T. ) ;
#619 = CIRCLE ( 'NONE', #9573, 6000.000000000000000 ) ;
#620 = DIRECTION ( 'NONE',  ( 0.000000000000000000, 0.000000000000000000, -1.000000000000000000 ) ) ;
#621 = VECTOR ( 'NONE', #5451, 1000.000000000000114 ) ;
#622 = ORIENTED_EDGE ( 'NONE', *, *, #1321, .F. ) ;
#623 = EDGE_CURVE ( 'NONE', #6764, #4826, #4262, .T. ) ;
#624 = ORIENTED_EDGE ( 'NONE', *, *, #8465, .F. ) ;
#625 = CARTESIAN_POINT ( 'NONE',  ( -14119.99999999999818, 814.9999999999972715, -517.7941176470590108 ) ) ;
#626 = CIRCLE ( 'NONE', #7508, 172.2649730022416747 ) ;
#627 = CYLINDRICAL_SURFACE ( 'NONE', #4010, 250.0000000000000000 ) ;
#628 = VECTOR ( 'NONE', #2121, 1000.000000000000000 ) ;
#629 = LINE ( 'NONE', #3679, #250 ) ;
#630 = CYLINDRICAL_SURFACE ( 'NONE', #2380, 199.9999999999999432 ) ;
#631 = EDGE_CURVE ( 'NONE', #7967, #1714, #2758, .T. ) ;
#632 = ORIENTED_EDGE ( 'NONE', *, *, #3970, .F. ) ;
#633 = EDGE_CURVE ( 'NONE', #1837, #2312, #9719, .T. ) ;
#634 = AXIS2_PLACEMENT_3D ( 'NONE', #5939, #4434, #5180 ) ;
#635 = DIRECTION ( 'NONE',  ( 0.000000000000000000, -0.000000000000000000, -1.000000000000000000 ) ) ;
#636 = CARTESIAN_POINT ( 'NONE',  ( -596.4101615137744830, -989.9999999999984084, -960.0000000000002274 ) ) ;
#637 = CARTESIAN_POINT ( 'NONE',  ( -13856.59988046646504, 725.0021062409357455, -757.0854464784598576 ) ) ;
#638 = CARTESIAN_POINT ( 'NONE',  ( -13250.00000000000000, -278.9021535255452022, -725.0000000000053433 ) ) ;
#639 = CARTESIAN_POINT ( 'NONE',  ( 3.193341090604178339E-13, 989.9999999999984084, -660.0000000000023874 ) ) ;
#640 = DIRECTION ( 'NONE',  ( -6.162975822039157467E-33, 1.000000000000000000, 3.301729611148415602E-16 ) ) ;
#641 = ORIENTED_EDGE ( 'NONE', *, *, #6920, .T. ) ;
#642 = EDGE_CURVE ( 'NONE', #9374, #9680, #7470, .T. ) ;
#643 = ORIENTED_EDGE ( 'NONE', *, *, #919, .T. ) ;
#644 = CARTESIAN_POINT ( 'NONE',  ( -12750.00000000000000, 190.0000000000006253, -350.9999999999987494 ) ) ;
#645 = CARTESIAN_POINT ( 'NONE',  ( 0.000000000000000000, -875.0000000000000000, -1140.000000000000227 ) ) ;
#646 = VECTOR ( 'NONE', #6310, 1000.000000000000000 ) ;
#647 = LINE ( 'NONE', #8066, #4563 ) ;
#648 = DIRECTION ( 'NONE',  ( 0.9281522335464010842, -0.3722007944145562797, 0.000000000000000000 ) ) ;
#649 = EDGE_LOOP ( 'NONE', ( #7436, #807, #3099, #2700 ) ) ;
#650 = ORIENTED_EDGE ( 'NONE', *, *, #8190, .F. ) ;
#651 = ORIENTED_EDGE ( 'NONE', *, *, #3669, .F. ) ;
#652 = AXIS2_PLACEMENT_3D ( 'NONE', #3134, #6194, #5340 ) ;
#653 = DIRECTION ( 'NONE',  ( -1.000000000000000000, -6.162975822039151993E-33, -1.232595164407830946E-32 ) ) ;
#654 = DIRECTION ( 'NONE',  ( 1.000000000000000000, 0.000000000000000000, 0.000000000000000000 ) ) ;
#655 = EDGE_CURVE ( 'NONE', #1494, #9896, #1206, .T. ) ;
#656 = CARTESIAN_POINT ( 'NONE',  ( -12143.40011953353496, 899.9999999999986358, -637.0854464784587208 ) ) ;
#657 = EDGE_LOOP ( 'NONE', ( #5938, #8674, #5797, #8630 ) ) ;
#658 = CARTESIAN_POINT ( 'NONE',  ( -13000.00000000000000, 4.163336342343563943E-15, -725.0000000000050022 ) ) ;
#659 = DIRECTION ( 'NONE',  ( 0.9281522335464009732, 0.3722007944145567238, -0.000000000000000000 ) ) ;
#660 = CIRCLE ( 'NONE', #2578, 79.99999999999995737 ) ;
#661 = CARTESIAN_POINT ( 'NONE',  ( -13250.00000000000000, 190.0000000000006253, -350.9999999999987494 ) ) ;
#662 = ORIENTED_EDGE ( 'NONE', *, *, #6786, .F. ) ;
#663 = CARTESIAN_POINT ( 'NONE',  ( -12100.00000000000182, -1054.999999999997726, -459.9999999999984084 ) ) ;
#664 = CARTESIAN_POINT ( 'NONE',  ( -12320.00000000000000, -1970.627566330085756, -517.7941176470596929 ) ) ;
#665 = VECTOR ( 'NONE', #8777, 1000.000000000000114 ) ;
#666 = DIRECTION ( 'NONE',  ( -0.9848077530122092416, 0.000000000000000000, -0.1736481776669233368 ) ) ;
#667 = EDGE_LOOP ( 'NONE', ( #5093, #4127, #7751, #736 ) ) ;
#668 = EDGE_CURVE ( 'NONE', #1533, #5736, #6615, .T. ) ;
#669 = ORIENTED_EDGE ( 'NONE', *, *, #4319, .T. ) ;
#670 = CARTESIAN_POINT ( 'NONE',  ( -12225.00000000000182, 899.9999999999998863, -910.0000000000001137 ) ) ;
#671 = LINE ( 'NONE', #575, #8021 ) ;
#672 = CYLINDRICAL_SURFACE ( 'NONE', #2490, 79.99999999999995737 ) ;
#673 = CARTESIAN_POINT ( 'NONE',  ( -8598.683472959091887, -1190.000000000000227, -6660.000000000000000 ) ) ;
#674 = VERTEX_POINT ( 'NONE', #9665 ) ;
#675 = PRODUCT ( 'Y25_BackwardBogies_MoreDetailed', 'Y25_BackwardBogies_MoreDetailed', '', ( #8239 ) ) ;
#676 = EDGE_CURVE ( 'NONE', #7719, #551, #6478, .T. ) ;
#677 = PLANE ( 'NONE',  #1975 ) ;
#678 = CARTESIAN_POINT ( 'NONE',  ( -12225.00000000000182, -1189.999999999998408, -960.0000000000002274 ) ) ;
#679 = EDGE_CURVE ( 'NONE', #4424, #8428, #603, .T. ) ;
#680 = VECTOR ( 'NONE', #9168, 1000.000000000000000 ) ;
#681 = DIRECTION ( 'NONE',  ( -1.000000000000000000, 0.000000000000000000, 0.000000000000000000 ) ) ;
#682 = ORIENTED_EDGE ( 'NONE', *, *, #3116, .T. ) ;
#683 = ORIENTED_EDGE ( 'NONE', *, *, #1017, .T. ) ;
#684 = PLANE ( 'NONE',  #6929 ) ;
#685 = CARTESIAN_POINT ( 'NONE',  ( -14588.56810139493791, -1077.499998843224375, -637.0854464784594029 ) ) ;
#686 = LINE ( 'NONE', #4496, #1263 ) ;
#687 = DIRECTION ( 'NONE',  ( -1.009738721157118013E-32, -0.2810131111882634425, 0.9597039290011751822 ) ) ;
#688 = CARTESIAN_POINT ( 'NONE',  ( -13728.58983848622483, -241.8139511719357131, -1135.000000000000227 ) ) ;
#689 = EDGE_LOOP ( 'NONE', ( #6734, #4602, #9342, #327, #6424, #1648, #4685, #540, #445, #5921, #3447, #9545 ) ) ;
#690 = ORIENTED_EDGE ( 'NONE', *, *, #3839, .T. ) ;
#691 = ADVANCED_FACE ( 'NONE', ( #5704 ), #2111, .F. ) ;
#692 = ORIENTED_EDGE ( 'NONE', *, *, #9079, .T. ) ;
#693 = EDGE_CURVE ( 'NONE', #5583, #958, #1259, .T. ) ;
#694 = VECTOR ( 'NONE', #1115, 1000.000000000000114 ) ;
#695 = LINE ( 'NONE', #1490, #6082 ) ;
#696 = FACE_OUTER_BOUND ( 'NONE', #7999, .T. ) ;
#697 = CARTESIAN_POINT ( 'NONE',  ( -14175.00000000000000, 1189.999999999997499, -1160.000000000000227 ) ) ;
#698 = CYLINDRICAL_SURFACE ( 'NONE', #7504, 99.99999999999964473 ) ;
#699 = ORIENTED_EDGE ( 'NONE', *, *, #8036, .T. ) ;
#700 = DIRECTION ( 'NONE',  ( 6.162975822039157467E-33, -1.000000000000000000, -2.775557561563032360E-16 ) ) ;
#701 = CARTESIAN_POINT ( 'NONE',  ( -13856.59988046646504, -725.0021062409357455, -757.0854464784603124 ) ) ;
#702 = EDGE_CURVE ( 'NONE', #7155, #8876, #62, .T. ) ;
#703 = CARTESIAN_POINT ( 'NONE',  ( -14325.91444772089744, -898.7388418281769873, -759.3323791905673943 ) ) ;
#704 = VERTEX_POINT ( 'NONE', #8767 ) ;
#705 = LINE ( 'NONE', #2563, #8964 ) ;
#706 = DIRECTION ( 'NONE',  ( 1.000000000000000000, 6.162975822039151993E-33, 1.232595164407830946E-32 ) ) ;
#707 = DIRECTION ( 'NONE',  ( 1.000000000000000000, 0.000000000000000000, 0.000000000000000000 ) ) ;
#708 = ORIENTED_EDGE ( 'NONE', *, *, #364, .F. ) ;
#709 = EDGE_CURVE ( 'NONE', #1181, #3050, #4958, .T. ) ;
#710 = EDGE_LOOP ( 'NONE', ( #8895, #9310, #2341, #4941 ) ) ;
#711 = VERTEX_POINT ( 'NONE', #3658 ) ;
#712 = VECTOR ( 'NONE', #1388, 1000.000000000000000 ) ;
#713 = PLANE ( 'NONE',  #2210 ) ;
#714 = DIRECTION ( 'NONE',  ( -0.000000000000000000, -0.000000000000000000, -1.000000000000000000 ) ) ;
#715 = LINE ( 'NONE', #6832, #1216 ) ;
#716 = DIRECTION ( 'NONE',  ( 6.162975822038725719E-33, -1.000000000000000000, 3.475251659431239960E-14 ) ) ;
#717 = ORIENTED_EDGE ( 'NONE', *, *, #1360, .T. ) ;
#718 = AXIS2_PLACEMENT_3D ( 'NONE', #7441, #5778, #6637 ) ;
#719 = AXIS2_PLACEMENT_3D ( 'NONE', #2486, #5538, #3384 ) ;
#720 = DIRECTION ( 'NONE',  ( 6.265808957320107111E-17, 1.000000000000000000, 0.000000000000000000 ) ) ;
#721 = VECTOR ( 'NONE', #9306, 1000.000000000000000 ) ;
#722 = CARTESIAN_POINT ( 'NONE',  ( -14588.56810139493791, -877.4999988432243754, -757.0854464784603124 ) ) ;
#723 = CIRCLE ( 'NONE', #8249, 250.0000000000000000 ) ;
#724 = AXIS2_PLACEMENT_3D ( 'NONE', #3700, #5954, #5193 ) ;
#725 = CYLINDRICAL_SURFACE ( 'NONE', #737, 35.00000000000014211 ) ;
#726 = ORIENTED_EDGE ( 'NONE', *, *, #4046, .F. ) ;
#727 = VERTEX_POINT ( 'NONE', #2007 ) ;
#728 = ADVANCED_FACE ( 'NONE', ( #7377 ), #506, .F. ) ;
#729 = LINE ( 'NONE', #9188, #1653 ) ;
#730 = LINE ( 'NONE', #2336, #8459 ) ;
#731 = LINE ( 'NONE', #5239, #6537 ) ;
#732 = CARTESIAN_POINT ( 'NONE',  ( -13499.99999999999818, 1970.627566330085756, -637.0854464784586071 ) ) ;
#733 = CARTESIAN_POINT ( 'NONE',  ( -13899.99999999999818, 679.9999999999979536, -379.9999999999980673 ) ) ;
#734 = VERTEX_POINT ( 'NONE', #7274 ) ;
#735 = ORIENTED_EDGE ( 'NONE', *, *, #7857, .T. ) ;
#736 = ORIENTED_EDGE ( 'NONE', *, *, #7307, .F. ) ;
#737 = AXIS2_PLACEMENT_3D ( 'NONE', #3830, #775, #2933 ) ;
#738 = EDGE_CURVE ( 'NONE', #5403, #9848, #8176, .T. ) ;
#739 = CARTESIAN_POINT ( 'NONE',  ( -12325.00000000000182, -341.8139511719356847, -960.0000000000000000 ) ) ;
#740 = CARTESIAN_POINT ( 'NONE',  ( -11575.00000000000182, 739.9999999999976126, -960.0000000000002274 ) ) ;
#741 = DIRECTION ( 'NONE',  ( 1.000000000000000000, -0.000000000000000000, 0.000000000000000000 ) ) ;
#742 = DIRECTION ( 'NONE',  ( -6.265808957320107111E-17, 1.000000000000000000, -0.000000000000000000 ) ) ;
#743 = EDGE_CURVE ( 'NONE', #3051, #9283, #8671, .T. ) ;
#744 = ORIENTED_EDGE ( 'NONE', *, *, #6171, .F. ) ;
#745 = EDGE_CURVE ( 'NONE', #1580, #6444, #398, .T. ) ;
#746 = ORIENTED_EDGE ( 'NONE', *, *, #5322, .F. ) ;
#747 = FACE_OUTER_BOUND ( 'NONE', #8470, .T. ) ;
#748 = CARTESIAN_POINT ( 'NONE',  ( -11825.00000000000000, -389.6561633456271920, -1135.000000000000227 ) ) ;
#749 = VECTOR ( 'NONE', #4556, 1000.000000000000000 ) ;
#750 = VERTEX_POINT ( 'NONE', #837 ) ;
#751 = VERTEX_POINT ( 'NONE', #4548 ) ;
#752 = CYLINDRICAL_SURFACE ( 'NONE', #5122, 277.7941176470602045 ) ;
#753 = AXIS2_PLACEMENT_3D ( 'NONE', #4578, #9331, #7639 ) ;
#754 = CARTESIAN_POINT ( 'NONE',  ( 0.000000000000000000, -875.0000000000000000, -980.0000000000001137 ) ) ;
#755 = CARTESIAN_POINT ( 'NONE',  ( -13499.99999999999818, -1970.627566330085756, -637.0854464784596303 ) ) ;
#756 = EDGE_CURVE ( 'NONE', #8538, #8739, #9911, .T. ) ;
#757 = ORIENTED_EDGE ( 'NONE', *, *, #1182, .F. ) ;
#758 = VECTOR ( 'NONE', #1810, 1000.000000000000114 ) ;
#759 = AXIS2_PLACEMENT_3D ( 'NONE', #1235, #5182, #3634 ) ;
#760 = ORIENTED_EDGE ( 'NONE', *, *, #3911, .F. ) ;
#761 = ORIENTED_EDGE ( 'NONE', *, *, #3716, .T. ) ;
#762 = CARTESIAN_POINT ( 'NONE',  ( -14588.56810139493791, 877.4999988432243754, -637.0854464784588345 ) ) ;
#763 = DIRECTION ( 'NONE',  ( 1.000000000000000000, 0.000000000000000000, 0.000000000000000000 ) ) ;
#764 = CARTESIAN_POINT ( 'NONE',  ( -12225.00000000000182, 241.8139511719357131, -1135.000000000000227 ) ) ;
#765 = CIRCLE ( 'NONE', #9416, 99.99999999999964473 ) ;
#766 = DIRECTION ( 'NONE',  ( -1.000000000000000000, 0.000000000000000000, 0.000000000000000000 ) ) ;
#767 = VECTOR ( 'NONE', #888, 1000.000000000000114 ) ;
#768 = VERTEX_POINT ( 'NONE', #2154 ) ;
#769 = EDGE_CURVE ( 'NONE', #8402, #2577, #3708, .T. ) ;
#770 = CARTESIAN_POINT ( 'NONE',  ( -13499.99999999999818, 1970.627566330085756, -637.0854464784586071 ) ) ;
#771 = AXIS2_PLACEMENT_3D ( 'NONE', #8853, #2792, #8904 ) ;
#772 = VECTOR ( 'NONE', #9554, 1000.000000000000000 ) ;
#773 = EDGE_LOOP ( 'NONE', ( #3623, #2255, #2079, #3549, #4055, #3870, #3123, #5533, #6679, #3507, #7628, #5702 ) ) ;
#774 = DIRECTION ( 'NONE',  ( 1.000000000000000000, 0.000000000000000000, -0.000000000000000000 ) ) ;
#775 = DIRECTION ( 'NONE',  ( 0.000000000000000000, 0.000000000000000000, -1.000000000000000000 ) ) ;
#776 = ORIENTED_EDGE ( 'NONE', *, *, #4461, .F. ) ;
#777 = AXIS2_PLACEMENT_3D ( 'NONE', #1650, #3002, #38 ) ;
#778 = ORIENTED_EDGE ( 'NONE', *, *, #8636, .F. ) ;
#779 = VECTOR ( 'NONE', #8434, 1000.000000000000000 ) ;
#780 = DIRECTION ( 'NONE',  ( 0.000000000000000000, -1.000000000000000000, -5.551115123125782702E-16 ) ) ;
#781 = CARTESIAN_POINT ( 'NONE',  ( -14175.00000000000000, 875.0000000000000000, -1060.000000000000000 ) ) ;
#782 = CARTESIAN_POINT ( 'NONE',  ( -14119.99999999999818, -1077.499998843224603, -239.9999999999985505 ) ) ;
#783 = CARTESIAN_POINT ( 'NONE',  ( -2825.068018844486232, 0.000000000000000000, 5040.000000000000000 ) ) ;
#784 = DIRECTION ( 'NONE',  ( -0.000000000000000000, 1.000000000000000000, -0.000000000000000000 ) ) ;
#785 = VERTEX_POINT ( 'NONE', #6761 ) ;
#786 = VECTOR ( 'NONE', #9624, 1000.000000000000000 ) ;
#787 = ORIENTED_EDGE ( 'NONE', *, *, #2936, .T. ) ;
#788 = VERTEX_POINT ( 'NONE', #33 ) ;
#789 = EDGE_CURVE ( 'NONE', #9025, #1443, #5960, .T. ) ;
#790 = CARTESIAN_POINT ( 'NONE',  ( -12750.00000000000000, 295.9385695031826913, -504.9802145985045172 ) ) ;
#791 = DIRECTION ( 'NONE',  ( 0.000000000000000000, 0.000000000000000000, 1.000000000000000000 ) ) ;
#792 = CARTESIAN_POINT ( 'NONE',  ( -1949.999999999999773, 989.9999999999984084, -1135.000000000000227 ) ) ;
#793 = CARTESIAN_POINT ( 'NONE',  ( -5576.316527040902656, -5431.508564030776142, -760.0000000000010232 ) ) ;
#794 = ORIENTED_EDGE ( 'NONE', *, *, #814, .T. ) ;
#795 = EDGE_CURVE ( 'NONE', #5630, #1032, #7567, .T. ) ;
#796 = ORIENTED_EDGE ( 'NONE', *, *, #6569, .T. ) ;
#797 = PLANE ( 'NONE',  #8629 ) ;
#798 = FACE_OUTER_BOUND ( 'NONE', #6447, .T. ) ;
#799 = ORIENTED_EDGE ( 'NONE', *, *, #3436, .T. ) ;
#800 = AXIS2_PLACEMENT_3D ( 'NONE', #7070, #4810, #300 ) ;
#801 = ADVANCED_FACE ( 'NONE', ( #9154 ), #9815, .F. ) ;
#802 = ORIENTED_EDGE ( 'NONE', *, *, #6981, .T. ) ;
#803 = DIRECTION ( 'NONE',  ( -1.000000000000000000, 0.000000000000000000, 0.000000000000000000 ) ) ;
#804 = DIRECTION ( 'NONE',  ( -1.000000000000000000, -6.162975822039151993E-33, -1.232595164407830946E-32 ) ) ;
#805 = LINE ( 'NONE', #4612, #7886 ) ;
#806 = AXIS2_PLACEMENT_3D ( 'NONE', #5294, #2197, #4593 ) ;
#807 = ORIENTED_EDGE ( 'NONE', *, *, #1256, .T. ) ;
#808 = CARTESIAN_POINT ( 'NONE',  ( -8734.375000000005457, 989.9999999999984084, -1135.000000000000227 ) ) ;
#809 = VERTEX_POINT ( 'NONE', #3888 ) ;
#810 = ORIENTED_EDGE ( 'NONE', *, *, #8692, .T. ) ;
#811 = ORIENTED_EDGE ( 'NONE', *, *, #2466, .F. ) ;
#812 = EDGE_CURVE ( 'NONE', #8484, #7509, #6105, .T. ) ;
#813 = DIRECTION ( 'NONE',  ( 0.000000000000000000, 0.000000000000000000, -1.000000000000000000 ) ) ;
#814 = EDGE_CURVE ( 'NONE', #9245, #6732, #2948, .T. ) ;
#815 = DIRECTION ( 'NONE',  ( -1.483886295880788311E-16, 1.000000000000000000, 0.000000000000000000 ) ) ;
#816 = DIRECTION ( 'NONE',  ( -1.000000000000000000, 0.000000000000000000, 0.000000000000000000 ) ) ;
#817 = FACE_BOUND ( 'NONE', #3516, .T. ) ;
#818 = ORIENTED_EDGE ( 'NONE', *, *, #5996, .T. ) ;
#819 = PLANE ( 'NONE',  #5235 ) ;
#820 = EDGE_CURVE ( 'NONE', #6791, #4126, #1319, .T. ) ;
#821 = CARTESIAN_POINT ( 'NONE',  ( -13578.58983848622483, 739.9999999999984084, -1135.000000000000227 ) ) ;
#822 = VECTOR ( 'NONE', #5494, 1000.000000000000000 ) ;
#823 = FILL_AREA_STYLE ('',( #7695 ) ) ;
#824 = ORIENTED_EDGE ( 'NONE', *, *, #1476, .F. ) ;
#825 = ORIENTED_EDGE ( 'NONE', *, *, #499, .T. ) ;
#826 = DIRECTION ( 'NONE',  ( 1.000000000000000000, 1.483886295880788311E-16, 0.000000000000000000 ) ) ;
#827 = DIRECTION ( 'NONE',  ( 6.123233995732905548E-17, 0.4999999999996849187, 0.8660254037846205621 ) ) ;
#828 = DIRECTION ( 'NONE',  ( 6.162975822039156098E-33, -1.000000000000000000, -2.775557561563032360E-16 ) ) ;
#829 = DIRECTION ( 'NONE',  ( 0.000000000000000000, 0.000000000000000000, -1.000000000000000000 ) ) ;
#830 = DIRECTION ( 'NONE',  ( -6.162975822039157467E-33, 1.000000000000000000, 3.301729611148415602E-16 ) ) ;
#831 = EDGE_LOOP ( 'NONE', ( #5592, #9309 ) ) ;
#832 = ORIENTED_EDGE ( 'NONE', *, *, #8008, .T. ) ;
#833 = ORIENTED_EDGE ( 'NONE', *, *, #1785, .F. ) ;
#834 = ORIENTED_EDGE ( 'NONE', *, *, #4598, .F. ) ;
#835 = DIRECTION ( 'NONE',  ( -1.000000000000000000, 0.000000000000000000, -0.000000000000000000 ) ) ;
#836 = CARTESIAN_POINT ( 'NONE',  ( -12166.15723917056675, 1054.999999999996589, -504.9802145985159427 ) ) ;
#837 = CARTESIAN_POINT ( 'NONE',  ( -11700.00000000000182, -899.9999999999986358, -637.0854464784594029 ) ) ;
#838 = DIRECTION ( 'NONE',  ( 1.000000000000000000, 0.000000000000000000, -0.000000000000000000 ) ) ;
#839 = EDGE_LOOP ( 'NONE', ( #7026, #1081, #7054, #959, #2854, #9511 ) ) ;
#840 = EDGE_CURVE ( 'NONE', #3093, #6843, #3085, .T. ) ;
#841 = ORIENTED_EDGE ( 'NONE', *, *, #4732, .T. ) ;
#842 = DIRECTION ( 'NONE',  ( 1.000000000000000000, 0.000000000000000000, 0.000000000000000000 ) ) ;
#843 = DIRECTION ( 'NONE',  ( 1.000000000000000000, 0.000000000000000000, 0.000000000000000000 ) ) ;
#844 = EDGE_LOOP ( 'NONE', ( #1678, #9053, #8561, #169 ) ) ;
#845 = VECTOR ( 'NONE', #7178, 1000.000000000000000 ) ;
#846 = ORIENTED_EDGE ( 'NONE', *, *, #5894, .F. ) ;
#847 = EDGE_CURVE ( 'NONE', #986, #5510, #8083, .T. ) ;
#848 = CARTESIAN_POINT ( 'NONE',  ( -9306.250000000003638, 989.9999999999984084, -1135.000000000000227 ) ) ;
#849 = DIRECTION ( 'NONE',  ( 0.000000000000000000, -1.000000000000000000, 4.930380657631323784E-32 ) ) ;
#850 = CARTESIAN_POINT ( 'NONE',  ( -12143.40011953353496, -747.0986934586336474, -637.0854464784592892 ) ) ;
#851 = EDGE_CURVE ( 'NONE', #5425, #5826, #1449, .T. ) ;
#852 = DIRECTION ( 'NONE',  ( -0.9848077530122092416, 0.000000000000000000, -0.1736481776669233368 ) ) ;
#853 = EDGE_CURVE ( 'NONE', #5648, #6239, #1492, .T. ) ;
#854 = DIRECTION ( 'NONE',  ( 0.9848077530122093526, 0.000000000000000000, 0.1736481776669226429 ) ) ;
#855 = ORIENTED_EDGE ( 'NONE', *, *, #6028, .F. ) ;
#856 = ORIENTED_EDGE ( 'NONE', *, *, #2242, .T. ) ;
#857 = ORIENTED_EDGE ( 'NONE', *, *, #890, .F. ) ;
#858 = DIRECTION ( 'NONE',  ( 1.000000000000000000, 0.000000000000000000, 0.000000000000000000 ) ) ;
#859 = ADVANCED_FACE ( 'NONE', ( #2199 ), #6098, .F. ) ;
#860 = CARTESIAN_POINT ( 'NONE',  ( -14175.00000000000000, 1189.999999999997499, -960.0000000000002274 ) ) ;
#861 = DIRECTION ( 'NONE',  ( -1.000000000000000000, 0.000000000000000000, 0.000000000000000000 ) ) ;
#862 = DIRECTION ( 'NONE',  ( 0.9281522335464011952, 0.3722007944145562797, 0.000000000000000000 ) ) ;
#863 = VERTEX_POINT ( 'NONE', #2296 ) ;
#864 = ADVANCED_FACE ( 'NONE', ( #2996 ), #6952, .F. ) ;
#865 = EDGE_CURVE ( 'NONE', #6116, #3282, #7710, .T. ) ;
#866 = CARTESIAN_POINT ( 'NONE',  ( -11825.00000000000182, 200.0000000000000000, -825.0000000000001137 ) ) ;
#867 = DIRECTION ( 'NONE',  ( 0.9848077530122075762, 4.819705125750966016E-17, -0.1736481776669329402 ) ) ;
#868 = FACE_OUTER_BOUND ( 'NONE', #5350, .T. ) ;
#869 =( LENGTH_UNIT ( ) NAMED_UNIT ( * ) SI_UNIT ( .MILLI., .METRE. ) );
#870 = VECTOR ( 'NONE', #9637, 1000.000000000000000 ) ;
#871 = ORIENTED_EDGE ( 'NONE', *, *, #5776, .F. ) ;
#872 = DIRECTION ( 'NONE',  ( 1.000000000000000000, 0.000000000000000000, 0.000000000000000000 ) ) ;
#873 = DIRECTION ( 'NONE',  ( -1.232595164407830672E-32, -2.775557561563032360E-16, 1.000000000000000000 ) ) ;
#874 = EDGE_CURVE ( 'NONE', #9558, #5648, #5342, .T. ) ;
#875 = CARTESIAN_POINT ( 'NONE',  ( -14763.68599666425871, -875.0000000000000000, -980.0000000000001137 ) ) ;
#876 = DIRECTION ( 'NONE',  ( -9.378386130608760079E-33, 0.9597039290011751822, 0.2810131111882634425 ) ) ;
#877 = FACE_OUTER_BOUND ( 'NONE', #378, .T. ) ;
#878 = ORIENTED_EDGE ( 'NONE', *, *, #8532, .T. ) ;
#879 = VERTEX_POINT ( 'NONE', #3845 ) ;
#880 = AXIS2_PLACEMENT_3D ( 'NONE', #7376, #6760, #1308 ) ;
#881 = ORIENTED_EDGE ( 'NONE', *, *, #9592, .F. ) ;
#882 = VERTEX_POINT ( 'NONE', #6196 ) ;
#883 = VECTOR ( 'NONE', #5496, 1000.000000000000000 ) ;
#884 = DIRECTION ( 'NONE',  ( -6.162975822039157467E-33, 1.000000000000000000, 2.775557561563032360E-16 ) ) ;
#885 = CARTESIAN_POINT ( 'NONE',  ( -12225.00000000000182, -800.0000000000000000, -910.0000000000001137 ) ) ;
#886 = CARTESIAN_POINT ( 'NONE',  ( -1850.000000000000455, 341.8139511719356847, -3423.488475815656784 ) ) ;
#887 = DIRECTION ( 'NONE',  ( 0.9848077530122093526, -0.000000000000000000, 0.1736481776669226429 ) ) ;
#888 = DIRECTION ( 'NONE',  ( -2.450878090891695175E-33, 0.9597039290011752932, -0.2810131111882628319 ) ) ;
#889 = ORIENTED_EDGE ( 'NONE', *, *, #2378, .T. ) ;
#890 = EDGE_CURVE ( 'NONE', #3204, #1827, #1749, .T. ) ;
#891 = ORIENTED_EDGE ( 'NONE', *, *, #1857, .T. ) ;
#892 = DIRECTION ( 'NONE',  ( 0.000000000000000000, -0.000000000000000000, -1.000000000000000000 ) ) ;
#893 = DIRECTION ( 'NONE',  ( 1.000000000000000000, 6.162975822039151993E-33, 1.232595164407830946E-32 ) ) ;
#894 = ORIENTED_EDGE ( 'NONE', *, *, #369, .F. ) ;
#895 = ORIENTED_EDGE ( 'NONE', *, *, #3000, .T. ) ;
#896 = DIRECTION ( 'NONE',  ( 0.000000000000000000, 0.000000000000000000, 1.000000000000000000 ) ) ;
#897 = EDGE_CURVE ( 'NONE', #1141, #5268, #4154, .T. ) ;
#898 = PLANE ( 'NONE',  #6044 ) ;
#899 = PLANE ( 'NONE',  #2125 ) ;
#900 = CIRCLE ( 'NONE', #8590, 99.99999999999997158 ) ;
#901 = CYLINDRICAL_SURFACE ( 'NONE', #9748, 99.99999999999964473 ) ;
#902 = CARTESIAN_POINT ( 'NONE',  ( -1.629192649327036634E-12, -989.9999999999984084, -960.0000000000022737 ) ) ;
#903 = ORIENTED_EDGE ( 'NONE', *, *, #7772, .T. ) ;
#904 = VERTEX_POINT ( 'NONE', #7808 ) ;
#905 = ORIENTED_EDGE ( 'NONE', *, *, #2165, .F. ) ;
#906 = LINE ( 'NONE', #10, #6841 ) ;
#907 = VECTOR ( 'NONE', #3028, 1000.000000000000000 ) ;
#908 = FACE_OUTER_BOUND ( 'NONE', #1010, .T. ) ;
#909 = EDGE_CURVE ( 'NONE', #5800, #3073, #5290, .T. ) ;
#910 = DIRECTION ( 'NONE',  ( -6.162975822039157467E-33, 1.000000000000000000, 2.775557561563032360E-16 ) ) ;
#911 = DIRECTION ( 'NONE',  ( 0.000000000000000000, -1.000000000000000000, -5.551115123125784674E-16 ) ) ;
#912 = ORIENTED_EDGE ( 'NONE', *, *, #4598, .T. ) ;
#913 = AXIS2_PLACEMENT_3D ( 'NONE', #7589, #6125, #3161 ) ;
#914 = CARTESIAN_POINT ( 'NONE',  ( -13578.58983848622483, 989.9999999999984084, -1135.000000000000227 ) ) ;
#915 = CIRCLE ( 'NONE', #7811, 200.0000000000000000 ) ;
#916 = ADVANCED_FACE ( 'NONE', ( #6406 ), #3136, .T. ) ;
#917 = CARTESIAN_POINT ( 'NONE',  ( -3930.251481490694459, -5431.508564030776142, -1059.999999999999091 ) ) ;
#918 = VECTOR ( 'NONE', #7131, 1000.000000000000000 ) ;
#919 = EDGE_CURVE ( 'NONE', #3282, #6513, #1800, .T. ) ;
#920 = CARTESIAN_POINT ( 'NONE',  ( 0.000000000000000000, 0.000000000000000000, 0.000000000000000000 ) ) ;
#921 = ORIENTED_EDGE ( 'NONE', *, *, #5400, .T. ) ;
#922 = VERTEX_POINT ( 'NONE', #5450 ) ;
#923 = ORIENTED_EDGE ( 'NONE', *, *, #9228, .T. ) ;
#924 = FACE_OUTER_BOUND ( 'NONE', #4374, .T. ) ;
#925 = VECTOR ( 'NONE', #2388, 1000.000000000000000 ) ;
#926 = PLANE ( 'NONE',  #5477 ) ;
#927 = DIRECTION ( 'NONE',  ( 1.000000000000000000, 0.000000000000000000, 0.000000000000000000 ) ) ;
#928 = VECTOR ( 'NONE', #2530, 1000.000000000000114 ) ;
#929 = DIRECTION ( 'NONE',  ( 1.000000000000000000, 0.000000000000000000, 0.000000000000000000 ) ) ;
#930 = VERTEX_POINT ( 'NONE', #992 ) ;
#931 = EDGE_LOOP ( 'NONE', ( #1221, #138, #7101, #9123, #9260, #5101 ) ) ;
#932 = ORIENTED_EDGE ( 'NONE', *, *, #5462, .T. ) ;
#933 = VERTEX_POINT ( 'NONE', #1644 ) ;
#934 = DIRECTION ( 'NONE',  ( 0.000000000000000000, -0.000000000000000000, -1.000000000000000000 ) ) ;
#935 = EDGE_CURVE ( 'NONE', #4519, #4582, #8560, .T. ) ;
#936 = EDGE_CURVE ( 'NONE', #5510, #2300, #8511, .T. ) ;
#937 = CARTESIAN_POINT ( 'NONE',  ( -13856.59988046646504, -747.0986934586336474, -637.0854464784592892 ) ) ;
#938 = DIRECTION ( 'NONE',  ( 6.162975822039157467E-33, -1.000000000000000000, -2.775557561563032360E-16 ) ) ;
#939 = AXIS2_PLACEMENT_3D ( 'NONE', #4323, #8230, #9022 ) ;
#940 = CARTESIAN_POINT ( 'NONE',  ( -11825.00000000000000, -989.9999999999990905, -960.0000000000002274 ) ) ;
#941 = DIRECTION ( 'NONE',  ( -1.232595164407830672E-32, -2.775557561563032360E-16, 1.000000000000000000 ) ) ;
#942 = ORIENTED_EDGE ( 'NONE', *, *, #847, .T. ) ;
#943 = VERTEX_POINT ( 'NONE', #4848 ) ;
#944 = CARTESIAN_POINT ( 'NONE',  ( -12143.40011953353496, -278.9021535255452022, -623.7872381793328032 ) ) ;
#945 = VECTOR ( 'NONE', #1114, 1000.000000000000000 ) ;
#946 = VERTEX_POINT ( 'NONE', #8703 ) ;
#947 = CARTESIAN_POINT ( 'NONE',  ( 0.000000000000000000, 0.000000000000000000, -960.0000000000002274 ) ) ;
#948 = DIRECTION ( 'NONE',  ( 0.3722007944145562797, -0.9281522335464011952, 0.000000000000000000 ) ) ;
#949 = ORIENTED_EDGE ( 'NONE', *, *, #5261, .T. ) ;
#950 = EDGE_LOOP ( 'NONE', ( #2446, #5661, #5020, #4980, #9172, #5779, #2679, #4247, #1274, #4693, #1934, #9503, #1240, #841, #8110, #2656, #6712, #5489, #3417, #8932, #1559, #891, #7068, #77, #7853, #1147, #2592, #8519, #7902, #5653, #3129 ) ) ;
#951 = EDGE_CURVE ( 'NONE', #5370, #933, #3939, .T. ) ;
#952 = CARTESIAN_POINT ( 'NONE',  ( -5576.316527040902656, -1189.999999999998408, -760.0000000000010232 ) ) ;
#953 = CARTESIAN_POINT ( 'NONE',  ( -12225.00000000000182, 899.9999999999998863, -910.0000000000001137 ) ) ;
#954 = PLANE ( 'NONE',  #7246 ) ;
#955 = CARTESIAN_POINT ( 'NONE',  ( -14588.56810139493791, 747.0986934586334201, -637.0854464784588345 ) ) ;
#956 = DIRECTION ( 'NONE',  ( 1.000000000000000000, 6.162975822039151993E-33, 1.232595164407830946E-32 ) ) ;
#957 = VECTOR ( 'NONE', #1350, 1000.000000000000000 ) ;
#958 = VERTEX_POINT ( 'NONE', #234 ) ;
#959 = ORIENTED_EDGE ( 'NONE', *, *, #7545, .T. ) ;
#960 = EDGE_LOOP ( 'NONE', ( #9642, #8531, #5034, #2047 ) ) ;
#961 = DIRECTION ( 'NONE',  ( -0.000000000000000000, 0.000000000000000000, 1.000000000000000000 ) ) ;
#962 = DIRECTION ( 'NONE',  ( -0.9281522335464011952, -0.3722007944145563352, 0.000000000000000000 ) ) ;
#963 = DIRECTION ( 'NONE',  ( -1.000000000000000000, 0.000000000000000000, 0.000000000000000000 ) ) ;
#964 = AXIS2_PLACEMENT_3D ( 'NONE', #9746, #7543, #6739 ) ;
#965 = ORIENTED_EDGE ( 'NONE', *, *, #5776, .T. ) ;
#966 = ORIENTED_EDGE ( 'NONE', *, *, #6164, .T. ) ;
#967 = EDGE_CURVE ( 'NONE', #8739, #4739, #8084, .T. ) ;
#968 = ORIENTED_EDGE ( 'NONE', *, *, #3672, .F. ) ;
#969 = VECTOR ( 'NONE', #9221, 1000.000000000000000 ) ;
#970 = CARTESIAN_POINT ( 'NONE',  ( -13899.99999999999818, -814.9999999999973852, -919.9999999999985221 ) ) ;
#971 = CARTESIAN_POINT ( 'NONE',  ( -11499.99999999997999, 190.0000000000006821, -504.9802145985036077 ) ) ;
#972 = CARTESIAN_POINT ( 'NONE',  ( -12750.00000000000000, -899.9999999999986358, -637.0854464784594029 ) ) ;
#973 = EDGE_CURVE ( 'NONE', #1837, #2449, #9300, .T. ) ;
#974 = DIRECTION ( 'NONE',  ( 1.000000000000000000, 0.000000000000000000, 0.000000000000000000 ) ) ;
#975 = ORIENTED_EDGE ( 'NONE', *, *, #1558, .T. ) ;
#976 = ORIENTED_EDGE ( 'NONE', *, *, #6193, .T. ) ;
#977 = CARTESIAN_POINT ( 'NONE',  ( -346.4101615137745398, 989.9999999999984084, -960.0000000000002274 ) ) ;
#978 = CARTESIAN_POINT ( 'NONE',  ( -4868.749999999996362, -739.9999999999993179, -1135.000000000000227 ) ) ;
#979 = CARTESIAN_POINT ( 'NONE',  ( -11575.00000000000182, -989.9999999999990905, -1135.000000000000227 ) ) ;
#980 = ORIENTED_EDGE ( 'NONE', *, *, #2760, .T. ) ;
#981 = EDGE_CURVE ( 'NONE', #3790, #8232, #1695, .T. ) ;
#982 = DIRECTION ( 'NONE',  ( 1.000000000000000000, 0.000000000000000000, 0.000000000000000000 ) ) ;
#983 = VERTEX_POINT ( 'NONE', #8557 ) ;
#984 = ORIENTED_EDGE ( 'NONE', *, *, #9359, .F. ) ;
#985 = ORIENTED_EDGE ( 'NONE', *, *, #4781, .F. ) ;
#986 = VERTEX_POINT ( 'NONE', #7862 ) ;
#987 = CARTESIAN_POINT ( 'NONE',  ( -3866.957084846028465, -1190.000000000001137, -868.8465180732548561 ) ) ;
#988 = VECTOR ( 'NONE', #4661, 1000.000000000000227 ) ;
#989 = VECTOR ( 'NONE', #4504, 1000.000000000000000 ) ;
#990 = DIRECTION ( 'NONE',  ( 0.000000000000000000, -0.9901138386947148096, 0.1402661271484180183 ) ) ;
#991 = FACE_OUTER_BOUND ( 'NONE', #95, .T. ) ;
#992 = CARTESIAN_POINT ( 'NONE',  ( -11453.31954216210215, -1.387778780781445676E-13, -1135.000000000000227 ) ) ;
#993 = CARTESIAN_POINT ( 'NONE',  ( -4534.427461039365880, 989.9999999999981810, -751.1534819267449166 ) ) ;
#994 = LINE ( 'NONE', #237, #1735 ) ;
#995 = EDGE_LOOP ( 'NONE', ( #6337, #1088, #5018, #7008, #5210 ) ) ;
#996 = DIRECTION ( 'NONE',  ( 0.000000000000000000, 0.000000000000000000, -1.000000000000000000 ) ) ;
#997 = EDGE_CURVE ( 'NONE', #1151, #7683, #4744, .T. ) ;
#998 = DIRECTION ( 'NONE',  ( 6.162975822039157467E-33, -1.000000000000000000, -2.775557561563032360E-16 ) ) ;
#999 = EDGE_CURVE ( 'NONE', #8550, #5228, #3733, .T. ) ;
#1000 = ORIENTED_EDGE ( 'NONE', *, *, #2058, .F. ) ;
#1001 = ORIENTED_EDGE ( 'NONE', *, *, #5696, .F. ) ;
#1002 = AXIS2_PLACEMENT_3D ( 'NONE', #850, #8478, #4009 ) ;
#1003 = CARTESIAN_POINT ( 'NONE',  ( -14388.56810139493609, 877.4999988432243754, -757.0854464784598576 ) ) ;
#1004 = CYLINDRICAL_SURFACE ( 'NONE', #3804, 460.0000000000000568 ) ;
#1005 = PLANE ( 'NONE',  #3567 ) ;
#1006 = CARTESIAN_POINT ( 'NONE',  ( -4318.749999999996362, 708.0847830052794052, -960.0000000000002274 ) ) ;
#1007 = DIRECTION ( 'NONE',  ( -1.000000000000000000, -0.000000000000000000, -0.000000000000000000 ) ) ;
#1008 = EDGE_CURVE ( 'NONE', #9069, #4519, #4845, .T. ) ;
#1009 = ORIENTED_EDGE ( 'NONE', *, *, #6225, .T. ) ;
#1010 = EDGE_LOOP ( 'NONE', ( #4298, #3848, #7086, #3411, #7856, #761 ) ) ;
#1011 = ORIENTED_EDGE ( 'NONE', *, *, #2693, .T. ) ;
#1012 = FACE_OUTER_BOUND ( 'NONE', #4229, .T. ) ;
#1013 = VECTOR ( 'NONE', #4484, 1000.000000000000114 ) ;
#1014 = CARTESIAN_POINT ( 'NONE',  ( -14156.10001622140953, 1077.499998843224375, -589.9999999999964757 ) ) ;
#1015 = DIRECTION ( 'NONE',  ( 6.162975822039157467E-33, -1.000000000000000000, -2.775557561563032360E-16 ) ) ;
#1016 = VERTEX_POINT ( 'NONE', #4044 ) ;
#1017 = EDGE_CURVE ( 'NONE', #8809, #320, #9407, .T. ) ;
#1018 = EDGE_LOOP ( 'NONE', ( #9586, #7217, #6458, #5843 ) ) ;
#1019 = EDGE_LOOP ( 'NONE', ( #825, #7148, #7435, #921, #8053, #8798, #6400, #6655, #1972, #8967, #6050, #2951, #1698, #8595, #5246, #5 ) ) ;
#1020 = ORIENTED_EDGE ( 'NONE', *, *, #8108, .T. ) ;
#1021 = DIRECTION ( 'NONE',  ( 1.000000000000000000, -0.000000000000000000, -0.000000000000000000 ) ) ;
#1022 = DIRECTION ( 'NONE',  ( 0.000000000000000000, -0.9854601157443478865, 0.1699069165076472210 ) ) ;
#1023 = CARTESIAN_POINT ( 'NONE',  ( -13899.99999999999818, 190.0000000000006537, -459.9999999999981242 ) ) ;
#1024 = ADVANCED_FACE ( 'NONE', ( #8660, #1041 ), #4097, .F. ) ;
#1025 =( NAMED_UNIT ( * ) SI_UNIT ( $, .STERADIAN. ) SOLID_ANGLE_UNIT ( ) );
#1026 = ORIENTED_EDGE ( 'NONE', *, *, #1587, .T. ) ;
#1027 = AXIS2_PLACEMENT_3D ( 'NONE', #4490, #2233, #4579 ) ;
#1028 = CARTESIAN_POINT ( 'NONE',  ( -9956.250000000003638, 560.2425708315849988, -3423.488475815656784 ) ) ;
#1029 = PLANE ( 'NONE',  #8840 ) ;
#1030 = LINE ( 'NONE', #9288, #7304 ) ;
#1031 = DIRECTION ( 'NONE',  ( 0.000000000000000000, -0.000000000000000000, 1.000000000000000000 ) ) ;
#1032 = VERTEX_POINT ( 'NONE', #4883 ) ;
#1033 = VERTEX_POINT ( 'NONE', #4139 ) ;
#1034 = ORIENTED_EDGE ( 'NONE', *, *, #8961, .T. ) ;
#1035 = ORIENTED_EDGE ( 'NONE', *, *, #7418, .F. ) ;
#1036 = CARTESIAN_POINT ( 'NONE',  ( -13856.59988046646504, 1077.499998843224375, -757.0854464784597440 ) ) ;
#1037 = CIRCLE ( 'NONE', #560, 250.0000000000000000 ) ;
#1038 = LINE ( 'NONE', #182, #8182 ) ;
#1039 = EDGE_CURVE ( 'NONE', #1601, #9090, #3722, .T. ) ;
#1040 = DIRECTION ( 'NONE',  ( -1.000000000000000000, 0.000000000000000000, 0.000000000000000000 ) ) ;
#1041 = FACE_OUTER_BOUND ( 'NONE', #3986, .T. ) ;
#1042 = CARTESIAN_POINT ( 'NONE',  ( -13755.00000000007094, 899.9999999999986358, -860.0000000000226237 ) ) ;
#1043 = ORIENTED_EDGE ( 'NONE', *, *, #6659, .T. ) ;
#1044 = LINE ( 'NONE', #346, #4455 ) ;
#1045 = ORIENTED_EDGE ( 'NONE', *, *, #3316, .F. ) ;
#1046 = FACE_OUTER_BOUND ( 'NONE', #1323, .T. ) ;
#1047 = VECTOR ( 'NONE', #7634, 1000.000000000000000 ) ;
#1048 = CARTESIAN_POINT ( 'NONE',  ( 588.6859966642593918, -875.0000000000000000, -1060.000000000000000 ) ) ;
#1049 = VECTOR ( 'NONE', #1635, 1000.000000000000000 ) ;
#1050 = ORIENTED_EDGE ( 'NONE', *, *, #633, .T. ) ;
#1051 = VECTOR ( 'NONE', #4313, 1000.000000000000000 ) ;
#1052 = AXIS2_PLACEMENT_3D ( 'NONE', #1394, #4447, #4253 ) ;
#1053 = DIRECTION ( 'NONE',  ( 0.000000000000000000, -0.000000000000000000, -1.000000000000000000 ) ) ;
#1054 = EDGE_CURVE ( 'NONE', #8368, #3050, #6278, .T. ) ;
#1055 = EDGE_CURVE ( 'NONE', #4349, #1451, #9337, .T. ) ;
#1056 = CARTESIAN_POINT ( 'NONE',  ( -13728.58983848622483, -341.8139511719356847, -1135.000000000000227 ) ) ;
#1057 = CIRCLE ( 'NONE', #8890, 80.00000000000007105 ) ;
#1058 = DIRECTION ( 'NONE',  ( 6.162975822039157467E-33, -1.000000000000000000, -2.249385511977649118E-16 ) ) ;
#1059 = CARTESIAN_POINT ( 'NONE',  ( -12500.00000000000182, 1077.499998843224148, -306.2059048389983218 ) ) ;
#1060 = CARTESIAN_POINT ( 'NONE',  ( -12166.15723917057585, -190.0000000000007674, -504.9802145985029256 ) ) ;
#1061 = EDGE_LOOP ( 'NONE', ( #6431, #9533, #3875, #2150 ) ) ;
#1062 = CARTESIAN_POINT ( 'NONE',  ( -2825.068018844486232, 0.000000000000000000, -960.0000000000002274 ) ) ;
#1063 = COLOUR_RGB ( '',0.7921568627450980005, 0.8196078431372548767, 0.9333333333333333481 ) ;
#1064 = DIRECTION ( 'NONE',  ( 6.162975822039589899E-33, -1.000000000000000000, -3.530762810662500311E-14 ) ) ;
#1065 = AXIS2_PLACEMENT_3D ( 'NONE', #1539, #2348, #8463 ) ;
#1066 = ADVANCED_FACE ( 'NONE', ( #9448 ), #926, .T. ) ;
#1067 = DIRECTION ( 'NONE',  ( 0.9848077530122089085, -6.170617240062187410E-17, -0.1736481776669254740 ) ) ;
#1068 = VERTEX_POINT ( 'NONE', #5683 ) ;
#1069 = EDGE_LOOP ( 'NONE', ( #6524, #5306, #7209, #3225, #3261, #6283, #6445, #8392, #6106, #6862, #9737, #3386, #3925, #5379, #9818, #7570 ) ) ;
#1070 = VECTOR ( 'NONE', #5765, 1000.000000000000000 ) ;
#1071 = ORIENTED_EDGE ( 'NONE', *, *, #9695, .F. ) ;
#1072 =( BOUNDED_CURVE ( )  B_SPLINE_CURVE ( 3, ( #7382, #509, #5206, #8322 ),
 .UNSPECIFIED., .F., .F. ) 
 B_SPLINE_CURVE_WITH_KNOTS ( ( 4, 4 ),
 ( 1.376284916762130717, 1.570796326794896558 ),
 .UNSPECIFIED. ) 
 CURVE ( )  GEOMETRIC_REPRESENTATION_ITEM ( )  RATIONAL_B_SPLINE_CURVE ( ( 1.000000000000000000, 0.9968495936771430976, 0.9968495936771430976, 1.000000000000000000 ) ) 
 REPRESENTATION_ITEM ( '' )  );
#1073 = CARTESIAN_POINT ( 'NONE',  ( -1700.000000000000682, -739.9999999999984084, -1135.000000000000227 ) ) ;
#1074 = CARTESIAN_POINT ( 'NONE',  ( -1950.000000000000682, 1189.999999999998408, -960.0000000000002274 ) ) ;
#1075 = CIRCLE ( 'NONE', #7959, 250.0000000000000000 ) ;
#1076 = CARTESIAN_POINT ( 'NONE',  ( -13578.58983848622483, -739.9999999999984084, -1135.000000000000227 ) ) ;
#1077 = ADVANCED_FACE ( 'NONE', ( #2484 ), #1029, .T. ) ;
#1078 =( LENGTH_UNIT ( ) NAMED_UNIT ( * ) SI_UNIT ( .MILLI., .METRE. ) );
#1079 = EDGE_LOOP ( 'NONE', ( #282, #3178, #4954, #7629 ) ) ;
#1080 = AXIS2_PLACEMENT_3D ( 'NONE', #2381, #774, #5324 ) ;
#1081 = ORIENTED_EDGE ( 'NONE', *, *, #5385, .T. ) ;
#1082 = DIRECTION ( 'NONE',  ( -1.000000000000000000, 0.000000000000000000, 0.000000000000000000 ) ) ;
#1083 = CARTESIAN_POINT ( 'NONE',  ( -9993.470079441460257, 653.0577941862250100, -960.0000000000002274 ) ) ;
#1084 = DIRECTION ( 'NONE',  ( -0.000000000000000000, 0.000000000000000000, 1.000000000000000000 ) ) ;
#1085 = CARTESIAN_POINT ( 'NONE',  ( -11575.00000000000182, -990.0000000000006821, -960.0000000000002274 ) ) ;
#1086 = ORIENTED_EDGE ( 'NONE', *, *, #9445, .T. ) ;
#1088 = ORIENTED_EDGE ( 'NONE', *, *, #7934, .F. ) ;
#1087 = AXIS2_PLACEMENT_3D ( 'NONE', #1260, #2861, #5252 ) ;
#1089 = VERTEX_POINT ( 'NONE', #6340 ) ;
#1090 = ORIENTED_EDGE ( 'NONE', *, *, #109, .T. ) ;
#1091 = VECTOR ( 'NONE', #2887, 1000.000000000000000 ) ;
#1092 = CARTESIAN_POINT ( 'NONE',  ( -2487.220079441456164, 296.8409399909899662, -1135.000000000000227 ) ) ;
#1093 = CARTESIAN_POINT ( 'NONE',  ( -13899.99999999999818, 814.9999999999972715, -459.9999999999978968 ) ) ;
#1094 = CARTESIAN_POINT ( 'NONE',  ( -13680.00000000000000, 1970.627566330085529, -239.9999999999976694 ) ) ;
#1095 = VECTOR ( 'NONE', #8955, 1000.000000000000000 ) ;
#1096 = CARTESIAN_POINT ( 'NONE',  ( -8598.683472959091887, -1089.999999999998181, -6660.000000000000000 ) ) ;
#1097 = PLANE ( 'NONE',  #3012 ) ;
#1098 = VECTOR ( 'NONE', #1844, 1000.000000000000000 ) ;
#1099 = EDGE_LOOP ( 'NONE', ( #2243, #5606, #2974, #9857, #6317, #2235, #6924, #5514 ) ) ;
#1100 = CARTESIAN_POINT ( 'NONE',  ( -13828.58983848622483, 989.9999999999984084, -960.0000000000002274 ) ) ;
#1101 = ORIENTED_EDGE ( 'NONE', *, *, #7067, .T. ) ;
#1102 = CARTESIAN_POINT ( 'NONE',  ( -5576.316527040906294, 1189.999999999998408, -6660.000000000000000 ) ) ;
#1103 = CARTESIAN_POINT ( 'NONE',  ( -12100.00000000000182, -679.9999999999978400, 1.720845688168992638E-12 ) ) ;
#1104 = ADVANCED_FACE ( 'NONE', ( #1633 ), #4681, .F. ) ;
#1105 = ORIENTED_EDGE ( 'NONE', *, *, #5473, .T. ) ;
#1106 = AXIS2_PLACEMENT_3D ( 'NONE', #6182, #8307, #5992 ) ;
#1107 = VECTOR ( 'NONE', #716, 1000.000000000000000 ) ;
#1108 = DIRECTION ( 'NONE',  ( -0.000000000000000000, 0.000000000000000000, 1.000000000000000000 ) ) ;
#1109 = LINE ( 'NONE', #6928, #4408 ) ;
#1110 = DIRECTION ( 'NONE',  ( 6.162975822039157467E-33, -1.000000000000000000, -2.775557561563032360E-16 ) ) ;
#1111 = AXIS2_PLACEMENT_3D ( 'NONE', #3221, #2586, #1082 ) ;
#1112 = DIRECTION ( 'NONE',  ( -1.000000000000000000, -0.000000000000000000, -0.000000000000000000 ) ) ;
#1113 = VECTOR ( 'NONE', #998, 1000.000000000000000 ) ;
#1114 = DIRECTION ( 'NONE',  ( 1.000000000000000000, 6.162975822039152677E-33, 1.232595164407830946E-32 ) ) ;
#1115 = DIRECTION ( 'NONE',  ( 0.000000000000000000, -0.9901138386947148096, 0.1402661271484180183 ) ) ;
#1116 = EDGE_CURVE ( 'NONE', #9636, #3501, #4521, .T. ) ;
#1117 = ORIENTED_EDGE ( 'NONE', *, *, #5814, .T. ) ;
#1118 = DIRECTION ( 'NONE',  ( -1.879742687196032133E-16, 1.000000000000000000, 0.000000000000000000 ) ) ;
#1119 = DIRECTION ( 'NONE',  ( 1.000000000000000000, 6.162975822039151993E-33, 1.232595164407830946E-32 ) ) ;
#1120 = FACE_OUTER_BOUND ( 'NONE', #386, .T. ) ;
#1121 = ORIENTED_EDGE ( 'NONE', *, *, #6060, .T. ) ;
#1122 = CIRCLE ( 'NONE', #322, 149.9999999999999147 ) ;
#1123 = VERTEX_POINT ( 'NONE', #1083 ) ;
#1124 = EDGE_CURVE ( 'NONE', #7563, #8135, #3928, .T. ) ;
#1125 = EDGE_CURVE ( 'NONE', #7189, #9187, #4041, .T. ) ;
#1126 = ORIENTED_EDGE ( 'NONE', *, *, #9512, .F. ) ;
#1127 = FACE_OUTER_BOUND ( 'NONE', #4237, .T. ) ;
#1128 = VECTOR ( 'NONE', #4892, 1000.000000000000000 ) ;
#1129 = CARTESIAN_POINT ( 'NONE',  ( -8184.375000000004547, 739.9999999999979536, -960.0000000000000000 ) ) ;
#1130 = DIRECTION ( 'NONE',  ( 0.000000000000000000, -0.9901138386947148096, 0.1402661271484180183 ) ) ;
#1131 =( NAMED_UNIT ( * ) PLANE_ANGLE_UNIT ( ) SI_UNIT ( $, .RADIAN. ) );
#1132 = VERTEX_POINT ( 'NONE', #875 ) ;
#1133 = VERTEX_POINT ( 'NONE', #7897 ) ;
#1134 = FACE_OUTER_BOUND ( 'NONE', #2504, .T. ) ;
#1135 = CARTESIAN_POINT ( 'NONE',  ( -10140.57257920409393, 989.9999999999984084, -1135.000000000000227 ) ) ;
#1136 = CIRCLE ( 'NONE', #3200, 50.00000000000071054 ) ;
#1137 = FACE_OUTER_BOUND ( 'NONE', #6301, .T. ) ;
#1138 = CARTESIAN_POINT ( 'NONE',  ( -6240.624999999996362, 739.9999999999979536, -1135.000000000000227 ) ) ;
#1139 = EDGE_CURVE ( 'NONE', #5990, #1487, #2441, .T. ) ;
#1140 = ORIENTED_EDGE ( 'NONE', *, *, #8532, .F. ) ;
#1141 = VERTEX_POINT ( 'NONE', #121 ) ;
#1142 = ORIENTED_EDGE ( 'NONE', *, *, #4869, .T. ) ;
#1143 = DIRECTION ( 'NONE',  ( 0.000000000000000000, 1.000000000000000000, 0.000000000000000000 ) ) ;
#1144 = VECTOR ( 'NONE', #9021, 1000.000000000000000 ) ;
#1145 = CARTESIAN_POINT ( 'NONE',  ( -13828.58983848622483, -341.8139511719356847, -1135.000000000000227 ) ) ;
#1146 = CARTESIAN_POINT ( 'NONE',  ( -1700.000000000000682, -739.9999999999984084, -3423.488475815656784 ) ) ;
#1147 = ORIENTED_EDGE ( 'NONE', *, *, #3988, .F. ) ;
#1148 = CARTESIAN_POINT ( 'NONE',  ( -14300.00000000001819, 899.9999999999986358, -763.9017955139171363 ) ) ;
#1149 = DIRECTION ( 'NONE',  ( -1.000000000000000000, -6.162975822039154046E-33, -1.232595164407830946E-32 ) ) ;
#1150 = CARTESIAN_POINT ( 'NONE',  ( -11411.43189860506209, -1077.499998843224375, -757.0854464784604261 ) ) ;
#1151 = VERTEX_POINT ( 'NONE', #9287 ) ;
#1152 = CARTESIAN_POINT ( 'NONE',  ( -14175.00000000000000, -1190.000000000001137, -960.0000000000002274 ) ) ;
#1153 = CARTESIAN_POINT ( 'NONE',  ( -11499.99999999997999, 190.0000000000006253, -350.9999999999987494 ) ) ;
#1154 = ORIENTED_EDGE ( 'NONE', *, *, #6, .T. ) ;
#1155 = DIRECTION ( 'NONE',  ( 1.000000000000000000, 1.665334536937740727E-15, 0.000000000000000000 ) ) ;
#1156 = DIRECTION ( 'NONE',  ( 0.9848077530122075762, 4.819705125750966016E-17, -0.1736481776669329402 ) ) ;
#1157 = DIRECTION ( 'NONE',  ( -1.000000000000000000, 0.000000000000000000, 0.000000000000000000 ) ) ;
#1158 = LINE ( 'NONE', #1856, #9887 ) ;
#1159 = EDGE_CURVE ( 'NONE', #3219, #4833, #7096, .T. ) ;
#1160 = CARTESIAN_POINT ( 'NONE',  ( -4181.529920558540653, 653.0577941862250100, -1135.000000000001137 ) ) ;
#1161 = CARTESIAN_POINT ( 'NONE',  ( -12500.00000000000182, -1970.627566330085756, -637.0854464784596303 ) ) ;
#1162 = DIRECTION ( 'NONE',  ( -6.162975822039157467E-33, 1.000000000000000000, 2.775557561563032360E-16 ) ) ;
#1163 = VERTEX_POINT ( 'NONE', #9393 ) ;
#1164 = EDGE_CURVE ( 'NONE', #1816, #1951, #9316, .T. ) ;
#1165 = AXIS2_PLACEMENT_3D ( 'NONE', #8574, #3857, #9265 ) ;
#1166 = DIRECTION ( 'NONE',  ( -1.232595164407830672E-32, -2.775557561563032360E-16, 1.000000000000000000 ) ) ;
#1167 = DIRECTION ( 'NONE',  ( 1.000000000000000000, 6.162975822039154046E-33, 1.232595164407830946E-32 ) ) ;
#1168 = VECTOR ( 'NONE', #276, 1000.000000000000000 ) ;
#1169 = CARTESIAN_POINT ( 'NONE',  ( -14175.00000000000000, -875.0000000000000000, -980.0000000000001137 ) ) ;
#1170 = ADVANCED_FACE ( 'NONE', ( #3173 ), #6234, .T. ) ;
#1171 = EDGE_CURVE ( 'NONE', #7397, #8089, #173, .T. ) ;
#1172 = ORIENTED_EDGE ( 'NONE', *, *, #3609, .T. ) ;
#1173 = VERTEX_POINT ( 'NONE', #1736 ) ;
#1174 = ORIENTED_EDGE ( 'NONE', *, *, #9421, .F. ) ;
#1175 = EDGE_CURVE ( 'NONE', #2837, #1525, #1830, .T. ) ;
#1176 = ORIENTED_EDGE ( 'NONE', *, *, #8218, .T. ) ;
#1177 = CARTESIAN_POINT ( 'NONE',  ( -2784.460378396441683, 92.81522335463986906, -1135.000000000000227 ) ) ;
#1178 = CARTESIAN_POINT ( 'NONE',  ( -11880.00000000000182, -1077.499998843224603, -239.9999999999985505 ) ) ;
#1179 = DIRECTION ( 'NONE',  ( 1.000000000000000000, 0.000000000000000000, -0.000000000000000000 ) ) ;
#1180 = EDGE_CURVE ( 'NONE', #7334, #4501, #3214, .T. ) ;
#1181 = VERTEX_POINT ( 'NONE', #4286 ) ;
#1182 = EDGE_CURVE ( 'NONE', #2754, #8138, #6262, .T. ) ;
#1183 = VERTEX_POINT ( 'NONE', #1985 ) ;
#1184 = CARTESIAN_POINT ( 'NONE',  ( -13680.00000000000000, -1077.499998843224375, -517.7941176470594655 ) ) ;
#1185 = CARTESIAN_POINT ( 'NONE',  ( -12500.00000000000182, 1970.627566330085529, -306.2059048389980944 ) ) ;
#1186 = CARTESIAN_POINT ( 'NONE',  ( 0.000000000000000000, 0.000000000000000000, -1135.000000000000227 ) ) ;
#1187 = CARTESIAN_POINT ( 'NONE',  ( -13856.59988046646504, 1077.499998843224375, -637.0854464784587208 ) ) ;
#1188 = ORIENTED_EDGE ( 'NONE', *, *, #188, .F. ) ;
#1189 = ORIENTED_EDGE ( 'NONE', *, *, #3742, .F. ) ;
#1190 = ORIENTED_EDGE ( 'NONE', *, *, #9257, .T. ) ;
#1191 = CARTESIAN_POINT ( 'NONE',  ( -10253.43092739265558, 1089.999999999998181, -960.7596123493876803 ) ) ;
#1192 = CARTESIAN_POINT ( 'NONE',  ( -12100.00000000000182, -814.9999999999972715, -909.9999999999987494 ) ) ;
#1193 = DIRECTION ( 'NONE',  ( 0.000000000000000000, 1.000000000000000000, 5.551115123125784674E-16 ) ) ;
#1194 = ORIENTED_EDGE ( 'NONE', *, *, #1412, .T. ) ;
#1195 = EDGE_CURVE ( 'NONE', #4126, #5403, #5133, .T. ) ;
#1196 = CARTESIAN_POINT ( 'NONE',  ( -14175.00000000000000, 875.0000000000000000, -980.0000000000001137 ) ) ;
#1197 = DIRECTION ( 'NONE',  ( 0.000000000000000000, -1.000000000000000000, -0.000000000000000000 ) ) ;
#1198 = CARTESIAN_POINT ( 'NONE',  ( -13250.00000000000000, -1077.499998843224375, -637.0854464784594029 ) ) ;
#1199 = VERTEX_POINT ( 'NONE', #1135 ) ;
#1200 = CARTESIAN_POINT ( 'NONE',  ( -2350.000000000001364, 241.8139511719357131, -3423.488475815656784 ) ) ;
#1201 = DIRECTION ( 'NONE',  ( -6.162975822039157467E-33, 1.000000000000000000, 2.775557561563032360E-16 ) ) ;
#1202 = VECTOR ( 'NONE', #6858, 1000.000000000000000 ) ;
#1203 = VERTEX_POINT ( 'NONE', #2034 ) ;
#1204 = CARTESIAN_POINT ( 'NONE',  ( -9556.250000000003638, 739.9999999999977263, -1135.000000000000227 ) ) ;
#1205 = CARTESIAN_POINT ( 'NONE',  ( -12320.00000000000000, 1077.499998843224148, -239.9999999999978684 ) ) ;
#1206 = LINE ( 'NONE', #5756, #4711 ) ;
#1207 = ADVANCED_FACE ( 'NONE', ( #1879 ), #581, .F. ) ;
#1208 = CARTESIAN_POINT ( 'NONE',  ( -13899.99999999999818, -1054.999999999997726, -459.9999999999984084 ) ) ;
#1209 = VECTOR ( 'NONE', #5222, 1000.000000000000000 ) ;
#1210 = CARTESIAN_POINT ( 'NONE',  ( -13499.99999999999818, -1077.499998843224603, -306.2059048389992313 ) ) ;
#1211 = VECTOR ( 'NONE', #784, 1000.000000000000000 ) ;
#1212 = DIRECTION ( 'NONE',  ( 0.000000000000000000, 0.000000000000000000, 1.000000000000000000 ) ) ;
#1213 = LINE ( 'NONE', #5711, #6284 ) ;
#1214 = VECTOR ( 'NONE', #1850, 1000.000000000000000 ) ;
#1215 = ORIENTED_EDGE ( 'NONE', *, *, #3807, .T. ) ;
#1216 = VECTOR ( 'NONE', #4572, 1000.000000000000000 ) ;
#1217 = DIRECTION ( 'NONE',  ( 6.162975822039157467E-33, -1.000000000000000000, -2.775557561563032360E-16 ) ) ;
#1218 = VECTOR ( 'NONE', #5905, 999.9999999999998863 ) ;
#1219 = LINE ( 'NONE', #2120, #2419 ) ;
#1220 = DIRECTION ( 'NONE',  ( 1.000000000000000000, 0.000000000000000000, -0.000000000000000000 ) ) ;
#1221 = ORIENTED_EDGE ( 'NONE', *, *, #9821, .T. ) ;
#1222 = AXIS2_PLACEMENT_3D ( 'NONE', #6796, #9854, #6043 ) ;
#1223 = VERTEX_POINT ( 'NONE', #8741 ) ;
#1224 = ORIENTED_EDGE ( 'NONE', *, *, #5339, .F. ) ;
#1225 = FACE_OUTER_BOUND ( 'NONE', #57, .T. ) ;
#1226 = VERTEX_POINT ( 'NONE', #3633 ) ;
#1227 = EDGE_CURVE ( 'NONE', #8663, #8138, #4936, .T. ) ;
#1228 = LINE ( 'NONE', #5977, #5037 ) ;
#1229 = CARTESIAN_POINT ( 'NONE',  ( -4534.427461039365880, -989.9999999999992042, -751.1534819267451439 ) ) ;
#1230 = PLANE ( 'NONE',  #9195 ) ;
#1231 = VERTEX_POINT ( 'NONE', #9595 ) ;
#1232 = LINE ( 'NONE', #9643, #9578 ) ;
#1233 = AXIS2_PLACEMENT_3D ( 'NONE', #466, #5968, #1361 ) ;
#1234 = CARTESIAN_POINT ( 'NONE',  ( -1850.000000000000455, -341.8139511719356847, -1135.000000000000227 ) ) ;
#1235 = CARTESIAN_POINT ( 'NONE',  ( -13899.99999999999818, -679.9999999999977263, -459.9999999999982947 ) ) ;
#1236 = DIRECTION ( 'NONE',  ( 0.000000000000000000, 0.000000000000000000, 1.000000000000000000 ) ) ;
#1237 = VERTEX_POINT ( 'NONE', #6640 ) ;
#1238 = ORIENTED_EDGE ( 'NONE', *, *, #8963, .T. ) ;
#1239 = EDGE_CURVE ( 'NONE', #3498, #3607, #3534, .T. ) ;
#1240 = ORIENTED_EDGE ( 'NONE', *, *, #5709, .T. ) ;
#1241 = EDGE_CURVE ( 'NONE', #983, #511, #8099, .T. ) ;
#1242 = DIRECTION ( 'NONE',  ( -0.9281522335464011952, 0.3722007944145562797, 0.000000000000000000 ) ) ;
#1243 = VECTOR ( 'NONE', #9386, 1000.000000000000114 ) ;
#1244 = CARTESIAN_POINT ( 'NONE',  ( -8598.683472959090068, 1189.999999999998408, -660.0000000000002274 ) ) ;
#1245 = VERTEX_POINT ( 'NONE', #8793 ) ;
#1246 = FACE_OUTER_BOUND ( 'NONE', #1804, .T. ) ;
#1247 = FACE_OUTER_BOUND ( 'NONE', #1924, .T. ) ;
#1248 = LINE ( 'NONE', #2748, #8449 ) ;
#1249 = VERTEX_POINT ( 'NONE', #4233 ) ;
#1250 = DIRECTION ( 'NONE',  ( 0.9281522335464011952, -0.3722007944145563352, 0.000000000000000000 ) ) ;
#1251 = CARTESIAN_POINT ( 'NONE',  ( -14338.65743636097613, 1077.499998843224375, -757.0854464784597440 ) ) ;
#1252 = AXIS2_PLACEMENT_3D ( 'NONE', #7730, #7781, #858 ) ;
#1253 = ORIENTED_EDGE ( 'NONE', *, *, #4542, .T. ) ;
#1254 = EDGE_CURVE ( 'NONE', #1451, #8578, #8892, .T. ) ;
#1255 = ORIENTED_EDGE ( 'NONE', *, *, #1917, .F. ) ;
#1256 = EDGE_CURVE ( 'NONE', #5375, #5425, #8198, .T. ) ;
#1257 = CARTESIAN_POINT ( 'NONE',  ( -12475.00000000000182, -739.9999999999984084, 0.000000000000000000 ) ) ;
#1258 = VECTOR ( 'NONE', #7226, 1000.000000000000000 ) ;
#1259 = LINE ( 'NONE', #8863, #3905 ) ;
#1260 = CARTESIAN_POINT ( 'NONE',  ( -11575.00000000000182, 739.9999999999976126, -1135.000000000000227 ) ) ;
#1261 = DIRECTION ( 'NONE',  ( 1.000000000000000000, 0.000000000000000000, 0.000000000000000000 ) ) ;
#1262 = CARTESIAN_POINT ( 'NONE',  ( -446.4101615137744261, 241.8139511719357131, -1135.000000000000227 ) ) ;
#1263 = VECTOR ( 'NONE', #8353, 1000.000000000000000 ) ;
#1264 = DIRECTION ( 'NONE',  ( -6.162975822039157467E-33, 1.000000000000000000, 2.775557561563032360E-16 ) ) ;
#1265 = AXIS2_PLACEMENT_3D ( 'NONE', #5141, #8061, #536 ) ;
#1266 = ADVANCED_FACE ( 'NONE', ( #8151 ), #5029, .T. ) ;
#1267 = ORIENTED_EDGE ( 'NONE', *, *, #853, .T. ) ;
#1268 = PLANE ( 'NONE',  #1233 ) ;
#1269 = CARTESIAN_POINT ( 'NONE',  ( -1949.999999999999773, -739.9999999999984084, -1135.000000000000227 ) ) ;
#1270 = AXIS2_PLACEMENT_3D ( 'NONE', #3274, #1786, #4834 ) ;
#1271 = VECTOR ( 'NONE', #9258, 1000.000000000000000 ) ;
#1272 = DIRECTION ( 'NONE',  ( 0.000000000000000000, -2.413528314402514090E-16, 1.000000000000000000 ) ) ;
#1273 = AXIS2_PLACEMENT_3D ( 'NONE', #4525, #5936, #8058 ) ;
#1274 = ORIENTED_EDGE ( 'NONE', *, *, #9145, .T. ) ;
#1275 = VERTEX_POINT ( 'NONE', #6490 ) ;
#1276 = ORIENTED_EDGE ( 'NONE', *, *, #5709, .F. ) ;
#1277 = VECTOR ( 'NONE', #4213, 1000.000000000000000 ) ;
#1278 = ORIENTED_EDGE ( 'NONE', *, *, #9809, .F. ) ;
#1279 = CYLINDRICAL_SURFACE ( 'NONE', #6479, 99.99999999999997158 ) ;
#1280 = DIRECTION ( 'NONE',  ( -0.3722007944145567238, -0.9281522335464009732, 0.000000000000000000 ) ) ;
#1281 = CARTESIAN_POINT ( 'NONE',  ( -8184.375000000004547, -739.9999999999997726, -1135.000000000000227 ) ) ;
#1282 = SHAPE_DEFINITION_REPRESENTATION ( #3715, #3107 ) ;
#1283 = EDGE_LOOP ( 'NONE', ( #2126, #6785, #9453, #2003, #2739, #3769 ) ) ;
#1284 = ADVANCED_FACE ( 'NONE', ( #7447 ), #5732, .T. ) ;
#1285 = CARTESIAN_POINT ( 'NONE',  ( -12325.00000000000182, 241.8139511719357131, -960.0000000000002274 ) ) ;
#1286 = DIRECTION ( 'NONE',  ( -1.000000000000000000, -0.000000000000000000, -0.000000000000000000 ) ) ;
#1287 = FACE_OUTER_BOUND ( 'NONE', #9810, .T. ) ;
#1288 = DIRECTION ( 'NONE',  ( -1.000000000000000000, 0.000000000000000000, -0.000000000000000000 ) ) ;
#1289 = ORIENTED_EDGE ( 'NONE', *, *, #865, .T. ) ;
#1290 = ORIENTED_EDGE ( 'NONE', *, *, #515, .F. ) ;
#1291 = EDGE_CURVE ( 'NONE', #4349, #6267, #516, .T. ) ;
#1292 = CARTESIAN_POINT ( 'NONE',  ( -11349.93198115552332, 989.9999999999984084, -960.0000000000000000 ) ) ;
#1293 = DIRECTION ( 'NONE',  ( 1.000000000000000000, 0.000000000000000000, 0.000000000000000000 ) ) ;
#1294 = ORIENTED_EDGE ( 'NONE', *, *, #7550, .F. ) ;
#1295 = CARTESIAN_POINT ( 'NONE',  ( -14498.43108295709135, 725.0021062409357455, -757.0854464784598576 ) ) ;
#1296 = AXIS2_PLACEMENT_3D ( 'NONE', #3041, #4688, #6096 ) ;
#1297 = ORIENTED_EDGE ( 'NONE', *, *, #9499, .T. ) ;
#1298 = EDGE_CURVE ( 'NONE', #8549, #9701, #5831, .T. ) ;
#1299 = CARTESIAN_POINT ( 'NONE',  ( -13499.99999999999818, 814.9999999999972715, -637.0854464784588345 ) ) ;
#1300 = LINE ( 'NONE', #2144, #9732 ) ;
#1301 = ORIENTED_EDGE ( 'NONE', *, *, #201, .F. ) ;
#1302 = CARTESIAN_POINT ( 'NONE',  ( -14500.00000000002001, -278.9021535255452022, -623.7872381793328032 ) ) ;
#1303 = LINE ( 'NONE', #4351, #6660 ) ;
#1304 = ORIENTED_EDGE ( 'NONE', *, *, #4667, .F. ) ;
#1305 = EDGE_LOOP ( 'NONE', ( #3933, #8800, #2771, #2358, #3103 ) ) ;
#1306 = AXIS2_PLACEMENT_3D ( 'NONE', #8676, #6471, #4173 ) ;
#1307 = FACE_OUTER_BOUND ( 'NONE', #6851, .T. ) ;
#1308 = DIRECTION ( 'NONE',  ( 0.000000000000000000, 0.000000000000000000, 1.000000000000000000 ) ) ;
#1309 = DIRECTION ( 'NONE',  ( -1.000000000000000000, 0.000000000000000000, 0.000000000000000000 ) ) ;
#1310 = CARTESIAN_POINT ( 'NONE',  ( -9556.250000000003638, -740.0000000000002274, -1135.000000000000227 ) ) ;
#1311 = EDGE_CURVE ( 'NONE', #2045, #1089, #8842, .T. ) ;
#1312 = DIRECTION ( 'NONE',  ( 0.000000000000000000, 1.000000000000000000, 0.000000000000000000 ) ) ;
#1313 = EDGE_CURVE ( 'NONE', #22, #4852, #2833, .T. ) ;
#1314 = DIRECTION ( 'NONE',  ( -1.879742687196032133E-16, 1.000000000000000000, 0.000000000000000000 ) ) ;
#1315 = EDGE_LOOP ( 'NONE', ( #5928, #319, #1591, #3840, #7536, #5891, #3187 ) ) ;
#1316 = CARTESIAN_POINT ( 'NONE',  ( -346.4101615137744830, 739.9999999999984084, -1135.000000000000227 ) ) ;
#1317 = CARTESIAN_POINT ( 'NONE',  ( -11499.99999999998181, -708.3613705689267590, -752.1130625175202340 ) ) ;
#1318 = DIRECTION ( 'NONE',  ( -1.224646799147353207E-16, 1.000000000000000000, -0.000000000000000000 ) ) ;
#1319 = CIRCLE ( 'NONE', #2476, 250.0000000000000000 ) ;
#1320 = FACE_OUTER_BOUND ( 'NONE', #5622, .T. ) ;
#1321 = EDGE_CURVE ( 'NONE', #6715, #5687, #2927, .T. ) ;
#1322 = EDGE_LOOP ( 'NONE', ( #5415, #4324, #6826, #4136 ) ) ;
#1323 = EDGE_LOOP ( 'NONE', ( #650, #4048, #9604, #1090, #2726, #535, #5770, #7760, #4038, #4880, #6393, #976, #7200, #3392, #3142, #1050, #4333, #9879, #2313, #5542 ) ) ;
#1324 = ORIENTED_EDGE ( 'NONE', *, *, #6683, .F. ) ;
#1325 = DIRECTION ( 'NONE',  ( 6.162975822039157467E-33, -1.000000000000000000, -2.775557561563032360E-16 ) ) ;
#1326 = FACE_OUTER_BOUND ( 'NONE', #1570, .T. ) ;
#1327 = DIRECTION ( 'NONE',  ( -1.000000000000000000, 0.000000000000000000, -0.000000000000000000 ) ) ;
#1328 = CONTEXT_DEPENDENT_SHAPE_REPRESENTATION ( #1926, #1472 ) ;
#1329 = VERTEX_POINT ( 'NONE', #1615 ) ;
#1330 = EDGE_CURVE ( 'NONE', #551, #2741, #7830, .T. ) ;
#1331 = LINE ( 'NONE', #8149, #4944 ) ;
#1332 = DIRECTION ( 'NONE',  ( -0.000000000000000000, 0.000000000000000000, 1.000000000000000000 ) ) ;
#1333 = CARTESIAN_POINT ( 'NONE',  ( -10294.74851850930827, -5431.508564030777052, -1009.999999999998181 ) ) ;
#1334 = DIRECTION ( 'NONE',  ( 0.000000000000000000, -0.000000000000000000, -1.000000000000000000 ) ) ;
#1335 = AXIS2_PLACEMENT_3D ( 'NONE', #7330, #1058, #1763 ) ;
#1336 = LINE ( 'NONE', #4384, #8759 ) ;
#1337 = EDGE_CURVE ( 'NONE', #9601, #1462, #94, .T. ) ;
#1338 = DIRECTION ( 'NONE',  ( 6.162975822039157467E-33, -1.000000000000000000, -2.775557561563032360E-16 ) ) ;
#1339 = VERTEX_POINT ( 'NONE', #636 ) ;
#1340 = DIRECTION ( 'NONE',  ( -1.232595164407830672E-32, -2.775557561563032360E-16, 1.000000000000000000 ) ) ;
#1341 = CARTESIAN_POINT ( 'NONE',  ( -14500.00000000002001, 699.9999999999986358, -757.0854464784598576 ) ) ;
#1342 = CARTESIAN_POINT ( 'NONE',  ( 0.000000000000000000, 875.0000000000000000, -1210.000000000000000 ) ) ;
#1343 = EDGE_LOOP ( 'NONE', ( #1389, #669, #3682, #8483 ) ) ;
#1344 = DIRECTION ( 'NONE',  ( 1.000000000000000000, 0.000000000000000000, 0.000000000000000000 ) ) ;
#1345 = LINE ( 'NONE', #8211, #411 ) ;
#1346 = EDGE_LOOP ( 'NONE', ( #596, #481 ) ) ;
#1347 = VERTEX_POINT ( 'NONE', #48 ) ;
#1348 = ORIENTED_EDGE ( 'NONE', *, *, #3897, .F. ) ;
#1349 = EDGE_CURVE ( 'NONE', #9672, #8651, #2364, .T. ) ;
#1350 = DIRECTION ( 'NONE',  ( -1.000000000000000000, -6.162975822039151993E-33, -1.232595164407830946E-32 ) ) ;
#1351 = CARTESIAN_POINT ( 'NONE',  ( -11390.53962160355877, -92.81522335464025275, -960.0000000000002274 ) ) ;
#1352 = DIRECTION ( 'NONE',  ( -6.162975822039157467E-33, 1.000000000000000000, 2.775557561563032360E-16 ) ) ;
#1353 = CARTESIAN_POINT ( 'NONE',  ( -1700.000000000000682, 739.9999999999984084, -1135.000000000000227 ) ) ;
#1354 = EDGE_LOOP ( 'NONE', ( #570, #1034, #283, #3812, #1524, #1556, #6946, #832, #4039, #7583, #4574, #8504 ) ) ;
#1355 = EDGE_CURVE ( 'NONE', #9027, #1245, #9795, .T. ) ;
#1356 = DIRECTION ( 'NONE',  ( 1.000000000000000000, 0.000000000000000000, 0.000000000000000000 ) ) ;
#1357 = CIRCLE ( 'NONE', #3426, 250.0000000000000000 ) ;
#1358 = DIRECTION ( 'NONE',  ( -0.000000000000000000, 1.000000000000000000, 0.000000000000000000 ) ) ;
#1359 = EDGE_LOOP ( 'NONE', ( #8650, #4144, #9871, #5344 ) ) ;
#1360 = EDGE_CURVE ( 'NONE', #9591, #3498, #8244, .T. ) ;
#1361 = DIRECTION ( 'NONE',  ( 1.000000000000000000, 0.000000000000000000, -0.000000000000000000 ) ) ;
#1362 = ORIENTED_EDGE ( 'NONE', *, *, #2902, .T. ) ;
#1363 = EDGE_CURVE ( 'NONE', #7102, #8315, #2179, .T. ) ;
#1364 = CARTESIAN_POINT ( 'NONE',  ( 588.6859966642593918, 875.0000000000000000, -1060.000000000000000 ) ) ;
#1365 = VECTOR ( 'NONE', #6570, 1000.000000000000000 ) ;
#1366 = VECTOR ( 'NONE', #6777, 1000.000000000000227 ) ;
#1367 = FACE_OUTER_BOUND ( 'NONE', #67, .T. ) ;
#1368 = FACE_OUTER_BOUND ( 'NONE', #5917, .T. ) ;
#1369 = AXIS2_PLACEMENT_3D ( 'NONE', #1102, #4001, #2650 ) ;
#1370 = EDGE_LOOP ( 'NONE', ( #7010, #1043, #141, #2489, #2142, #3934, #8068, #6137 ) ) ;
#1371 = AXIS2_PLACEMENT_3D ( 'NONE', #4357, #9664, #601 ) ;
#1372 = VECTOR ( 'NONE', #9855, 1000.000000000000000 ) ;
#1373 = DIRECTION ( 'NONE',  ( -1.232595164407830672E-32, -2.775557561563032360E-16, 1.000000000000000000 ) ) ;
#1374 = VECTOR ( 'NONE', #4316, 1000.000000000000000 ) ;
#1375 = ADVANCED_FACE ( 'NONE', ( #6160 ), #4012, .F. ) ;
#1376 = CARTESIAN_POINT ( 'NONE',  ( -10140.57257920408301, -990.0000000000003411, -960.0000000000003411 ) ) ;
#1377 = DIRECTION ( 'NONE',  ( 0.000000000000000000, -0.000000000000000000, -1.000000000000000000 ) ) ;
#1378 = CARTESIAN_POINT ( 'NONE',  ( -7612.500000000006366, -739.9999999999997726, -1135.000000000000227 ) ) ;
#1379 = AXIS2_PLACEMENT_3D ( 'NONE', #9051, #2191, #7702 ) ;
#1380 = SHAPE_DEFINITION_REPRESENTATION ( #5150, #2866 ) ;
#1381 = VERTEX_POINT ( 'NONE', #5413 ) ;
#1382 = CARTESIAN_POINT ( 'NONE',  ( -11825.00000000000000, -989.9999999999990905, -1135.000000000000227 ) ) ;
#1383 = CARTESIAN_POINT ( 'NONE',  ( -10244.74851850930827, -5431.508564030777052, -1009.999999999998181 ) ) ;
#1384 = LINE ( 'NONE', #2683, #2690 ) ;
#1385 = DIRECTION ( 'NONE',  ( 1.000000000000000000, 0.000000000000000000, 0.000000000000000000 ) ) ;
#1386 = EDGE_CURVE ( 'NONE', #1163, #9069, #5230, .T. ) ;
#1387 = CARTESIAN_POINT ( 'NONE',  ( -4047.454448600424257, -922.5146718258752117, -3423.488475815656784 ) ) ;
#1388 = DIRECTION ( 'NONE',  ( 9.378386130608760079E-33, -0.9597039290011751822, -0.2810131111882634425 ) ) ;
#1389 = ORIENTED_EDGE ( 'NONE', *, *, #8329, .F. ) ;
#1390 = VECTOR ( 'NONE', #5118, 1000.000000000000000 ) ;
#1391 = VERTEX_POINT ( 'NONE', #8293 ) ;
#1392 = LINE ( 'NONE', #644, #7021 ) ;
#1393 = DIRECTION ( 'NONE',  ( 1.000000000000000000, 0.000000000000000000, 0.000000000000000000 ) ) ;
#1394 = CARTESIAN_POINT ( 'NONE',  ( -2553.008274702737253, 0.000000000000000000, -3423.488475815656784 ) ) ;
#1395 = CARTESIAN_POINT ( 'NONE',  ( -13250.00000000000000, -899.9999999999986358, -769.9999999999963620 ) ) ;
#1396 = ORIENTED_EDGE ( 'NONE', *, *, #2400, .F. ) ;
#1397 = ORIENTED_EDGE ( 'NONE', *, *, #702, .F. ) ;
#1398 = VECTOR ( 'NONE', #9576, 1000.000000000000000 ) ;
#1399 = DIRECTION ( 'NONE',  ( -0.000000000000000000, 0.000000000000000000, 1.000000000000000000 ) ) ;
#1400 = CARTESIAN_POINT ( 'NONE',  ( -12143.40011953353496, -1077.499998843224375, -757.0854464784604261 ) ) ;
#1401 = DIRECTION ( 'NONE',  ( 2.376075833082705998E-33, -0.9581400679044367319, 0.2862998607685330321 ) ) ;
#1402 = LINE ( 'NONE', #3659, #2207 ) ;
#1403 = ORIENTED_EDGE ( 'NONE', *, *, #7748, .F. ) ;
#1404 = AXIS2_PLACEMENT_3D ( 'NONE', #6448, #9893, #1475 ) ;
#1405 = ADVANCED_FACE ( 'NONE', ( #7546 ), #677, .T. ) ;
#1406 = DIRECTION ( 'NONE',  ( 6.162975822039157467E-33, -1.000000000000000000, -2.775557561563032360E-16 ) ) ;
#1407 = PLANE ( 'NONE',  #6678 ) ;
#1408 = ORIENTED_EDGE ( 'NONE', *, *, #6792, .F. ) ;
#1409 = AXIS2_PLACEMENT_3D ( 'NONE', #9666, #2804, #5858 ) ;
#1410 = LINE ( 'NONE', #8275, #1711 ) ;
#1411 = VECTOR ( 'NONE', #5231, 1000.000000000000000 ) ;
#1412 = EDGE_CURVE ( 'NONE', #9474, #487, #7093, .T. ) ;
#1413 = LINE ( 'NONE', #7431, #3704 ) ;
#1414 = CARTESIAN_POINT ( 'NONE',  ( -13499.99999999999818, 899.9999999999986358, -637.0854464784587208 ) ) ;
#1415 = AXIS2_PLACEMENT_3D ( 'NONE', #2647, #2557, #5549 ) ;
#1416 = LINE ( 'NONE', #8980, #2766 ) ;
#1417 = CIRCLE ( 'NONE', #5570, 250.0000000000000000 ) ;
#1418 = EDGE_CURVE ( 'NONE', #7852, #1701, #2293, .T. ) ;
#1419 = UNCERTAINTY_MEASURE_WITH_UNIT (LENGTH_MEASURE( 1.000000000000000082E-05 ), #1078, 'distance_accuracy_value', 'NONE');
#1420 = EDGE_LOOP ( 'NONE', ( #2333, #4192, #9018, #4888 ) ) ;
#1421 = CARTESIAN_POINT ( 'NONE',  ( -11699.99999999998181, 699.9999999999986358, -350.9999999999985221 ) ) ;
#1422 = VECTOR ( 'NONE', #9144, 1000.000000000000000 ) ;
#1423 = DIRECTION ( 'NONE',  ( -6.162975822039157467E-33, 1.000000000000000000, 2.775557561563032360E-16 ) ) ;
#1424 = VECTOR ( 'NONE', #1819, 1000.000000000000000 ) ;
#1425 = CARTESIAN_POINT ( 'NONE',  ( -346.4101615137745398, -989.9999999999984084, -960.0000000000002274 ) ) ;
#1426 = LINE ( 'NONE', #2972, #9743 ) ;
#1427 = ORIENTED_EDGE ( 'NONE', *, *, #4830, .T. ) ;
#1428 = VECTOR ( 'NONE', #1632, 1000.000000000000000 ) ;
#1429 = ADVANCED_FACE ( 'NONE', ( #3202 ), #7724, .F. ) ;
#1430 = ADVANCED_FACE ( 'NONE', ( #2460 ), #2134, .T. ) ;
#1431 = CARTESIAN_POINT ( 'NONE',  ( -265.1845289799105103, 989.9999999999984084, -1503.936198047713560 ) ) ;
#1432 = DIRECTION ( 'NONE',  ( 1.000000000000000000, 0.000000000000000000, -0.000000000000000000 ) ) ;
#1433 = DIRECTION ( 'NONE',  ( -1.232595164407809051E-32, -3.530762810662500311E-14, 1.000000000000000000 ) ) ;
#1434 = ORIENTED_EDGE ( 'NONE', *, *, #4294, .T. ) ;
#1435 = DIRECTION ( 'NONE',  ( 0.000000000000000000, 0.000000000000000000, -1.000000000000000000 ) ) ;
#1436 = ORIENTED_EDGE ( 'NONE', *, *, #316, .F. ) ;
#1437 = DIRECTION ( 'NONE',  ( 0.000000000000000000, -1.000000000000000000, 0.000000000000000000 ) ) ;
#1438 = EDGE_CURVE ( 'NONE', #2627, #2436, #1660, .T. ) ;
#1439 = FACE_OUTER_BOUND ( 'NONE', #4023, .T. ) ;
#1440 = VECTOR ( 'NONE', #6361, 1000.000000000000000 ) ;
#1441 = CARTESIAN_POINT ( 'NONE',  ( -13250.00000000000000, 1077.499998843224375, -589.9999999999964757 ) ) ;
#1442 = CARTESIAN_POINT ( 'NONE',  ( -9640.572538960630482, 1189.999999999998408, -751.1534819267438934 ) ) ;
#1443 = VERTEX_POINT ( 'NONE', #7025 ) ;
#1444 = VERTEX_POINT ( 'NONE', #151 ) ;
#1445 = ORIENTED_EDGE ( 'NONE', *, *, #6631, .T. ) ;
#1446 = CIRCLE ( 'NONE', #8014, 277.7941176470602045 ) ;
#1447 = CARTESIAN_POINT ( 'NONE',  ( -596.4101615137744830, -989.9999999999984084, -1135.000000000000227 ) ) ;
#1448 = DIRECTION ( 'NONE',  ( 0.000000000000000000, -0.000000000000000000, -1.000000000000000000 ) ) ;
#1449 = LINE ( 'NONE', #792, #4107 ) ;
#1450 = LINE ( 'NONE', #8124, #111 ) ;
#1451 = VERTEX_POINT ( 'NONE', #6264 ) ;
#1452 = EDGE_CURVE ( 'NONE', #1173, #8440, #4053, .T. ) ;
#1453 = DIRECTION ( 'NONE',  ( 0.000000000000000000, 0.000000000000000000, 1.000000000000000000 ) ) ;
#1454 = LINE ( 'NONE', #6767, #270 ) ;
#1455 = VECTOR ( 'NONE', #2317, 1000.000000000000000 ) ;
#1456 = CYLINDRICAL_SURFACE ( 'NONE', #8431, 35.00000000000014211 ) ;
#1457 = ORIENTED_EDGE ( 'NONE', *, *, #8633, .F. ) ;
#1458 = DIRECTION ( 'NONE',  ( 0.000000000000000000, 0.000000000000000000, -1.000000000000000000 ) ) ;
#1459 = EDGE_CURVE ( 'NONE', #8060, #6475, #405, .T. ) ;
#1460 = DIRECTION ( 'NONE',  ( 1.000000000000000000, 0.000000000000000000, 0.000000000000000000 ) ) ;
#1461 = CYLINDRICAL_SURFACE ( 'NONE', #5519, 100.0000000000000853 ) ;
#1462 = VERTEX_POINT ( 'NONE', #6369 ) ;
#1463 = VERTEX_POINT ( 'NONE', #5614 ) ;
#1464 = VERTEX_POINT ( 'NONE', #6522 ) ;
#1465 = CARTESIAN_POINT ( 'NONE',  ( 0.000000000000000000, -875.0000000000000000, -980.0000000000001137 ) ) ;
#1466 = VECTOR ( 'NONE', #8049, 1000.000000000000000 ) ;
#1467 = DIRECTION ( 'NONE',  ( -1.000000000000000000, 0.000000000000000000, 0.000000000000000000 ) ) ;
#1468 = EDGE_CURVE ( 'NONE', #2822, #3179, #3729, .T. ) ;
#1469 = CARTESIAN_POINT ( 'NONE',  ( -7612.500000000006366, -739.9999999999997726, -960.0000000000000000 ) ) ;
#1470 = DIRECTION ( 'NONE',  ( 1.000000000000000000, 0.000000000000000000, 0.000000000000000000 ) ) ;
#1471 = VERTEX_POINT ( 'NONE', #4862 ) ;
#1472 = PRODUCT_DEFINITION_SHAPE ( 'NONE', 'NONE',  #9922 ) ;
#1473 = ADVANCED_FACE ( 'NONE', ( #1915 ), #1861, .F. ) ;
#1474 = CYLINDRICAL_SURFACE ( 'NONE', #449, 199.9999999999999432 ) ;
#1475 = DIRECTION ( 'NONE',  ( -6.162975822039157467E-33, 1.000000000000000000, 2.775557561563032360E-16 ) ) ;
#1476 = EDGE_CURVE ( 'NONE', #2100, #4258, #8057, .T. ) ;
#1477 = ADVANCED_FACE ( 'NONE', ( #7925 ), #3409, .F. ) ;
#1478 = VECTOR ( 'NONE', #8598, 1000.000000000000114 ) ;
#1479 = ORIENTED_EDGE ( 'NONE', *, *, #4985, .F. ) ;
#1480 = VERTEX_POINT ( 'NONE', #1060 ) ;
#1481 = CARTESIAN_POINT ( 'NONE',  ( -4868.749999999996362, 739.9999999999980673, -1135.000000000000227 ) ) ;
#1482 = DIRECTION ( 'NONE',  ( 1.000000000000000000, 0.000000000000000000, -0.000000000000000000 ) ) ;
#1483 = CARTESIAN_POINT ( 'NONE',  ( -3921.569072607348517, 1189.999999999998636, -960.7596123493885898 ) ) ;
#1484 = CARTESIAN_POINT ( 'NONE',  ( -14388.56810139493609, 877.4999988432243754, -909.9999999999982947 ) ) ;
#1485 = FACE_BOUND ( 'NONE', #6781, .T. ) ;
#1486 = ORIENTED_EDGE ( 'NONE', *, *, #7590, .T. ) ;
#1487 = VERTEX_POINT ( 'NONE', #7878 ) ;
#1488 = ORIENTED_EDGE ( 'NONE', *, *, #4342, .F. ) ;
#1489 = EDGE_CURVE ( 'NONE', #8569, #6764, #9370, .T. ) ;
#1490 = CARTESIAN_POINT ( 'NONE',  ( -10253.43092739265558, 5431.508564030777052, -960.7596123493876803 ) ) ;
#1491 = CARTESIAN_POINT ( 'NONE',  ( -12320.00000000000000, 814.9999999999972715, -517.7941176470590108 ) ) ;
#1492 = LINE ( 'NONE', #3043, #7151 ) ;
#1493 = CARTESIAN_POINT ( 'NONE',  ( -14500.00000000002001, 295.9385695031826913, -504.9802145985045172 ) ) ;
#1494 = VERTEX_POINT ( 'NONE', #7332 ) ;
#1495 = DIRECTION ( 'NONE',  ( 0.000000000000000000, 0.000000000000000000, 1.000000000000000000 ) ) ;
#1496 = DIRECTION ( 'NONE',  ( -0.000000000000000000, 0.000000000000000000, 1.000000000000000000 ) ) ;
#1497 = ORIENTED_EDGE ( 'NONE', *, *, #5430, .F. ) ;
#1498 = CARTESIAN_POINT ( 'NONE',  ( -13499.99999999999818, -1970.627566330085983, -306.2059048389994587 ) ) ;
#1499 = VERTEX_POINT ( 'NONE', #9519 ) ;
#1500 = EDGE_CURVE ( 'NONE', #2262, #2393, #1213, .T. ) ;
#1501 = DIRECTION ( 'NONE',  ( 0.000000000000000000, 0.000000000000000000, -1.000000000000000000 ) ) ;
#1502 = CARTESIAN_POINT ( 'NONE',  ( -14500.00000000002001, 190.0000000000006821, -623.7872381793342811 ) ) ;
#1503 = ADVANCED_FACE ( 'NONE', ( #2567 ), #7231, .F. ) ;
#1504 = CARTESIAN_POINT ( 'NONE',  ( -14119.99999999999818, 1077.499998843224148, -239.9999999999978684 ) ) ;
#1505 = ORIENTED_EDGE ( 'NONE', *, *, #3897, .T. ) ;
#1506 = ORIENTED_EDGE ( 'NONE', *, *, #9539, .F. ) ;
#1507 = EDGE_LOOP ( 'NONE', ( #7844, #8637, #4454, #6914 ) ) ;
#1508 = VECTOR ( 'NONE', #2827, 1000.000000000000000 ) ;
#1509 = DIRECTION ( 'NONE',  ( 0.000000000000000000, 1.000000000000000000, 0.000000000000000000 ) ) ;
#1510 = CARTESIAN_POINT ( 'NONE',  ( -3866.957084846028920, 1189.999999999998408, -868.8465180732547424 ) ) ;
#1511 = LINE ( 'NONE', #2971, #8887 ) ;
#1512 = CARTESIAN_POINT ( 'NONE',  ( -1949.999999999999773, 989.9999999999984084, -1135.000000000000227 ) ) ;
#1513 = ORIENTED_EDGE ( 'NONE', *, *, #7381, .F. ) ;
#1514 = CIRCLE ( 'NONE', #9197, 79.99999999999995737 ) ;
#1515 = DIRECTION ( 'NONE',  ( 0.000000000000000000, -1.000000000000000000, -5.551115123125784674E-16 ) ) ;
#1516 = ADVANCED_FACE ( 'NONE', ( #8673 ), #8773, .T. ) ;
#1517 = ORIENTED_EDGE ( 'NONE', *, *, #5373, .T. ) ;
#1518 = AXIS2_PLACEMENT_3D ( 'NONE', #5798, #1999, #6608 ) ;
#1519 = DIRECTION ( 'NONE',  ( -1.000000000000000000, -6.162975822039151993E-33, -1.232595164407830946E-32 ) ) ;
#1520 = VECTOR ( 'NONE', #653, 1000.000000000000000 ) ;
#1521 = CIRCLE ( 'NONE', #2494, 50.00000000000027001 ) ;
#1522 = ADVANCED_FACE ( 'NONE', ( #8030 ), #3251, .T. ) ;
#1523 = PLANE ( 'NONE',  #1027 ) ;
#1524 = ORIENTED_EDGE ( 'NONE', *, *, #9862, .F. ) ;
#1525 = VERTEX_POINT ( 'NONE', #1813 ) ;
#1526 = DIRECTION ( 'NONE',  ( -1.483886295880788311E-16, 1.000000000000000000, 0.000000000000000000 ) ) ;
#1527 = DIRECTION ( 'NONE',  ( 1.000000000000000000, -0.000000000000000000, -0.000000000000000000 ) ) ;
#1528 = LINE ( 'NONE', #2939, #4769 ) ;
#1529 = LINE ( 'NONE', #3127, #3612 ) ;
#1530 = EDGE_CURVE ( 'NONE', #2944, #7255, #4114, .T. ) ;
#1531 = CARTESIAN_POINT ( 'NONE',  ( -12225.00000000000182, -1189.999999999998408, -960.0000000000002274 ) ) ;
#1532 = ADVANCED_FACE ( 'NONE', ( #1963 ), #3461, .F. ) ;
#1533 = VERTEX_POINT ( 'NONE', #8719 ) ;
#1534 = ORIENTED_EDGE ( 'NONE', *, *, #9582, .T. ) ;
#1535 = ORIENTED_EDGE ( 'NONE', *, *, #6741, .T. ) ;
#1536 = AXIS2_PLACEMENT_3D ( 'NONE', #9388, #6391, #2534 ) ;
#1537 = DIRECTION ( 'NONE',  ( -6.162975822038967936E-33, 1.000000000000000000, -1.510372559762204329E-14 ) ) ;
#1538 = CARTESIAN_POINT ( 'NONE',  ( -4218.749999999997272, -560.2425708315863631, -3423.488475815656784 ) ) ;
#1539 = CARTESIAN_POINT ( 'NONE',  ( -14588.56810139493791, 5.551115123125781440E-14, -909.9999999999985221 ) ) ;
#1540 = CYLINDRICAL_SURFACE ( 'NONE', #6370, 460.0000000000000568 ) ;
#1541 = EDGE_LOOP ( 'NONE', ( #4512, #5443, #3689, #912 ) ) ;
#1542 = VERTEX_POINT ( 'NONE', #8075 ) ;
#1543 = ORIENTED_EDGE ( 'NONE', *, *, #909, .T. ) ;
#1544 = FACE_OUTER_BOUND ( 'NONE', #667, .T. ) ;
#1545 = EDGE_CURVE ( 'NONE', #9415, #9292, #4214, .T. ) ;
#1546 = CARTESIAN_POINT ( 'NONE',  ( -12225.00000000000182, -899.9999999999998863, -910.0000000000001137 ) ) ;
#1547 = CIRCLE ( 'NONE', #7160, 199.9999999999999432 ) ;
#1548 = ADVANCED_FACE ( 'NONE', ( #5761 ), #8822, .F. ) ;
#1549 = ORIENTED_EDGE ( 'NONE', *, *, #2764, .F. ) ;
#1550 = VECTOR ( 'NONE', #659, 1000.000000000000227 ) ;
#1551 = ORIENTED_EDGE ( 'NONE', *, *, #4306, .T. ) ;
#1552 = DIRECTION ( 'NONE',  ( 0.000000000000000000, -2.413528314402514090E-16, 1.000000000000000000 ) ) ;
#1553 = VECTOR ( 'NONE', #167, 1000.000000000000000 ) ;
#1554 = DIRECTION ( 'NONE',  ( -0.000000000000000000, 0.000000000000000000, 1.000000000000000000 ) ) ;
#1555 = DIRECTION ( 'NONE',  ( -0.000000000000000000, 0.000000000000000000, 1.000000000000000000 ) ) ;
#1556 = ORIENTED_EDGE ( 'NONE', *, *, #5088, .T. ) ;
#1557 = CARTESIAN_POINT ( 'NONE',  ( -4215.741725297256380, 989.9999999999984084, -1135.000000000000227 ) ) ;
#1558 = EDGE_CURVE ( 'NONE', #5197, #2186, #8435, .T. ) ;
#1559 = ORIENTED_EDGE ( 'NONE', *, *, #9070, .T. ) ;
#1560 = VECTOR ( 'NONE', #5158, 1000.000000000000000 ) ;
#1561 = VECTOR ( 'NONE', #6597, 1000.000000000000000 ) ;
#1562 = ORIENTED_EDGE ( 'NONE', *, *, #9433, .F. ) ;
#1563 = EDGE_LOOP ( 'NONE', ( #7742, #1026, #4193, #7879, #8728, #5639, #7117, #451 ) ) ;
#1564 = DIRECTION ( 'NONE',  ( -6.162975822039157467E-33, 1.000000000000000000, 3.301729611148415602E-16 ) ) ;
#1565 = LINE ( 'NONE', #7032, #969 ) ;
#1566 = CARTESIAN_POINT ( 'NONE',  ( -11575.00000000000182, 739.9999999999976126, 0.000000000000000000 ) ) ;
#1567 = AXIS2_PLACEMENT_3D ( 'NONE', #9852, #9146, #6847 ) ;
#1568 = CARTESIAN_POINT ( 'NONE',  ( -11825.00000000000000, -740.0000000000006821, -1135.000000000000227 ) ) ;
#1569 = VECTOR ( 'NONE', #6704, 1000.000000000000000 ) ;
#1570 = EDGE_LOOP ( 'NONE', ( #1289, #643, #3524, #3657 ) ) ;
#1571 = DIRECTION ( 'NONE',  ( 1.000000000000000000, 6.162975822039154046E-33, 1.232595164407830946E-32 ) ) ;
#1572 = VECTOR ( 'NONE', #6088, 1000.000000000000000 ) ;
#1573 = VECTOR ( 'NONE', #1067, 1000.000000000000114 ) ;
#1574 = ORIENTED_EDGE ( 'NONE', *, *, #9751, .F. ) ;
#1575 = CYLINDRICAL_SURFACE ( 'NONE', #1080, 79.99999999999995737 ) ;
#1576 = AXIS2_PLACEMENT_3D ( 'NONE', #1935, #5132, #3480 ) ;
#1577 = ADVANCED_FACE ( 'NONE', ( #8128 ), #2115, .T. ) ;
#1578 = VERTEX_POINT ( 'NONE', #8180 ) ;
#1579 = VECTOR ( 'NONE', #7012, 1000.000000000000000 ) ;
#1580 = VERTEX_POINT ( 'NONE', #8270 ) ;
#1581 = VECTOR ( 'NONE', #5264, 1000.000000000000000 ) ;
#1582 = DIRECTION ( 'NONE',  ( 0.000000000000000000, 0.000000000000000000, 1.000000000000000000 ) ) ;
#1583 = CARTESIAN_POINT ( 'NONE',  ( -10825.00000000000182, -1190.000000000000455, -960.0000000000002274 ) ) ;
#1584 = CARTESIAN_POINT ( 'NONE',  ( -12100.00000000000182, -679.9999999999977263, -909.9999999999982947 ) ) ;
#1585 = CARTESIAN_POINT ( 'NONE',  ( -1850.000000000000455, -241.8139511719357131, -1135.000000000000227 ) ) ;
#1586 = CARTESIAN_POINT ( 'NONE',  ( -13499.99999999999818, -1970.627566330085983, -306.2059048389992313 ) ) ;
#1587 = EDGE_CURVE ( 'NONE', #5689, #5452, #3662, .T. ) ;
#1588 = ORIENTED_EDGE ( 'NONE', *, *, #9695, .T. ) ;
#1589 = AXIS2_PLACEMENT_3D ( 'NONE', #460, #8222, #6573 ) ;
#1590 = EDGE_LOOP ( 'NONE', ( #2524, #9634, #4783, #2417 ) ) ;
#1591 = ORIENTED_EDGE ( 'NONE', *, *, #3973, .T. ) ;
#1592 = ORIENTED_EDGE ( 'NONE', *, *, #8693, .T. ) ;
#1593 = DIRECTION ( 'NONE',  ( 0.000000000000000000, -0.000000000000000000, -1.000000000000000000 ) ) ;
#1594 = EDGE_CURVE ( 'NONE', #8679, #9187, #1454, .T. ) ;
#1595 = DIRECTION ( 'NONE',  ( 1.000000000000000000, 0.000000000000000000, 0.000000000000000000 ) ) ;
#1596 = EDGE_CURVE ( 'NONE', #3081, #1993, #8868, .T. ) ;
#1597 = DIRECTION ( 'NONE',  ( -1.357444726501364007E-32, 0.2862998607685330321, 0.9581400679044367319 ) ) ;
#1598 = LINE ( 'NONE', #9912, #6206 ) ;
#1599 = CIRCLE ( 'NONE', #6724, 277.7941176470602045 ) ;
#1600 = ORIENTED_EDGE ( 'NONE', *, *, #2521, .F. ) ;
#1601 = VERTEX_POINT ( 'NONE', #2158 ) ;
#1602 = VERTEX_POINT ( 'NONE', #4509 ) ;
#1603 = LINE ( 'NONE', #3138, #2648 ) ;
#1604 = FACE_OUTER_BOUND ( 'NONE', #7063, .T. ) ;
#1605 = ADVANCED_FACE ( 'NONE', ( #5965 ), #1407, .T. ) ;
#1606 = VERTEX_POINT ( 'NONE', #6723 ) ;
#1607 = VECTOR ( 'NONE', #7161, 1000.000000000000000 ) ;
#1608 = ORIENTED_EDGE ( 'NONE', *, *, #8465, .T. ) ;
#1609 = LINE ( 'NONE', #3950, #5927 ) ;
#1610 = EDGE_CURVE ( 'NONE', #9187, #8542, #2067, .T. ) ;
#1611 = EDGE_CURVE ( 'NONE', #8428, #9562, #9778, .T. ) ;
#1612 = LINE ( 'NONE', #8373, #7494 ) ;
#1613 = DIRECTION ( 'NONE',  ( -1.232595164407830672E-32, -2.775557561563032360E-16, 1.000000000000000000 ) ) ;
#1614 = FACE_OUTER_BOUND ( 'NONE', #5453, .T. ) ;
#1615 = CARTESIAN_POINT ( 'NONE',  ( -4181.529920558541562, -653.0577941862264879, -960.0000000000002274 ) ) ;
#1616 = ORIENTED_EDGE ( 'NONE', *, *, #381, .T. ) ;
#1617 = ORIENTED_EDGE ( 'NONE', *, *, #4326, .T. ) ;
#1618 = CARTESIAN_POINT ( 'NONE',  ( -4868.749999999996362, 989.9999999999980673, -960.0000000000013642 ) ) ;
#1619 = VECTOR ( 'NONE', #9325, 1000.000000000000114 ) ;
#1620 = DIRECTION ( 'NONE',  ( 0.000000000000000000, -0.9854601157443478865, 0.1699069165076472210 ) ) ;
#1621 = CARTESIAN_POINT ( 'NONE',  ( -1.629192649327036634E-12, -989.9999999999984084, -960.0000000000022737 ) ) ;
#1622 = EDGE_CURVE ( 'NONE', #1329, #1068, #510, .T. ) ;
#1623 = FACE_OUTER_BOUND ( 'NONE', #1069, .T. ) ;
#1624 = ORIENTED_EDGE ( 'NONE', *, *, #5680, .F. ) ;
#1625 = DIRECTION ( 'NONE',  ( 6.162975822039157467E-33, -1.000000000000000000, -2.775557561563032360E-16 ) ) ;
#1626 = LINE ( 'NONE', #7842, #4916 ) ;
#1627 = CARTESIAN_POINT ( 'NONE',  ( -14156.10001622140953, 729.4021522441533989, -769.9999999999959073 ) ) ;
#1628 = EDGE_CURVE ( 'NONE', #6898, #6551, #462, .T. ) ;
#1629 = ORIENTED_EDGE ( 'NONE', *, *, #5088, .F. ) ;
#1630 = ORIENTED_EDGE ( 'NONE', *, *, #7839, .F. ) ;
#1631 = CARTESIAN_POINT ( 'NONE',  ( -1950.000000000000682, -899.9999999999998863, -910.0000000000001137 ) ) ;
#1632 = DIRECTION ( 'NONE',  ( -1.483886295880788311E-16, 1.000000000000000000, -0.000000000000000000 ) ) ;
#1633 = FACE_OUTER_BOUND ( 'NONE', #7239, .T. ) ;
#1634 = DIRECTION ( 'NONE',  ( 6.162975822039157467E-33, -1.000000000000000000, -2.249385511977649118E-16 ) ) ;
#1635 = DIRECTION ( 'NONE',  ( -1.000000000000000000, -1.879742687196032133E-16, 1.930822651522010582E-16 ) ) ;
#1636 = AXIS2_PLACEMENT_3D ( 'NONE', #9214, #1613, #4659 ) ;
#1637 = ORIENTED_EDGE ( 'NONE', *, *, #8228, .T. ) ;
#1638 = EDGE_CURVE ( 'NONE', #1853, #6238, #5207, .T. ) ;
#1639 = VERTEX_POINT ( 'NONE', #9724 ) ;
#1640 = ORIENTED_EDGE ( 'NONE', *, *, #6450, .F. ) ;
#1641 = ORIENTED_EDGE ( 'NONE', *, *, #7737, .F. ) ;
#1642 = FACE_OUTER_BOUND ( 'NONE', #5017, .T. ) ;
#1643 = CARTESIAN_POINT ( 'NONE',  ( -13755.00000000007094, -899.9999999999986358, -860.0000000000231921 ) ) ;
#1644 = CARTESIAN_POINT ( 'NONE',  ( -12750.00000000000000, 729.4021522441533989, -769.9999999999959073 ) ) ;
#1645 = DIRECTION ( 'NONE',  ( 1.000000000000000000, 6.162975822039151993E-33, 1.232595164407830946E-32 ) ) ;
#1646 = VERTEX_POINT ( 'NONE', #4464 ) ;
#1647 = ORIENTED_EDGE ( 'NONE', *, *, #8789, .T. ) ;
#1648 = ORIENTED_EDGE ( 'NONE', *, *, #6303, .T. ) ;
#1649 = CARTESIAN_POINT ( 'NONE',  ( -4218.749999999996362, 560.2425708315849988, -3423.488475815656784 ) ) ;
#1650 = CARTESIAN_POINT ( 'NONE',  ( 0.000000000000000000, 0.000000000000000000, -1135.000000000000227 ) ) ;
#1651 = EDGE_CURVE ( 'NONE', #7416, #5583, #2836, .T. ) ;
#1652 = ORIENTED_EDGE ( 'NONE', *, *, #9433, .T. ) ;
#1653 = VECTOR ( 'NONE', #8178, 1000.000000000000114 ) ;
#1654 = ORIENTED_EDGE ( 'NONE', *, *, #9847, .F. ) ;
#1655 = DIRECTION ( 'NONE',  ( 0.000000000000000000, 0.000000000000000000, 1.000000000000000000 ) ) ;
#1656 = LINE ( 'NONE', #2457, #612 ) ;
#1657 = EDGE_CURVE ( 'NONE', #1775, #5375, #1075, .T. ) ;
#1658 = DIRECTION ( 'NONE',  ( 1.000000000000000000, 0.000000000000000000, 0.000000000000000000 ) ) ;
#1659 = CARTESIAN_POINT ( 'NONE',  ( -11700.00000000000182, 814.9999999999972715, -637.0854464784588345 ) ) ;
#1660 = LINE ( 'NONE', #902, #2452 ) ;
#1661 = EDGE_LOOP ( 'NONE', ( #2983, #776, #2462, #4017, #4179, #7704 ) ) ;
#1662 = EDGE_CURVE ( 'NONE', #8909, #2918, #7426, .T. ) ;
#1663 = EDGE_CURVE ( 'NONE', #8233, #2244, #3636, .T. ) ;
#1664 = VERTEX_POINT ( 'NONE', #4364 ) ;
#1665 = ORIENTED_EDGE ( 'NONE', *, *, #316, .T. ) ;
#1666 = DIRECTION ( 'NONE',  ( 0.000000000000000000, 0.000000000000000000, 1.000000000000000000 ) ) ;
#1667 = CYLINDRICAL_SURFACE ( 'NONE', #3049, 250.0000000000000000 ) ;
#1668 = CYLINDRICAL_SURFACE ( 'NONE', #7453, 277.7941176470602045 ) ;
#1669 = CARTESIAN_POINT ( 'NONE',  ( -11880.00000000000182, -814.9999999999974989, -239.9999999999984368 ) ) ;
#1670 = ORIENTED_EDGE ( 'NONE', *, *, #4227, .F. ) ;
#1671 = AXIS2_PLACEMENT_3D ( 'NONE', #8952, #7507, #7455 ) ;
#1672 = EDGE_CURVE ( 'NONE', #9104, #7582, #8943, .T. ) ;
#1673 = LINE ( 'NONE', #4726, #7792 ) ;
#1674 = DIRECTION ( 'NONE',  ( 0.000000000000000000, 0.000000000000000000, 1.000000000000000000 ) ) ;
#1675 = AXIS2_PLACEMENT_3D ( 'NONE', #6481, #1977, #215 ) ;
#1676 = VERTEX_POINT ( 'NONE', #2865 ) ;
#1677 = VECTOR ( 'NONE', #3332, 1000.000000000000114 ) ;
#1678 = ORIENTED_EDGE ( 'NONE', *, *, #8858, .T. ) ;
#1679 = CARTESIAN_POINT ( 'NONE',  ( -12750.00000000000000, -190.0000000000007390, -623.7872381793328032 ) ) ;
#1680 = DIRECTION ( 'NONE',  ( 1.000000000000000000, -0.000000000000000000, 0.000000000000000000 ) ) ;
#1681 = CYLINDRICAL_SURFACE ( 'NONE', #8102, 100.0000000000000853 ) ;
#1682 = ORIENTED_EDGE ( 'NONE', *, *, #6804, .F. ) ;
#1683 = CARTESIAN_POINT ( 'NONE',  ( -14175.00000000000000, -1190.000000000001137, -960.0000000000002274 ) ) ;
#1684 = EDGE_CURVE ( 'NONE', #3416, #1942, #6150, .T. ) ;
#1685 = AXIS2_PLACEMENT_3D ( 'NONE', #3699, #6752, #9610 ) ;
#1686 = ORIENTED_EDGE ( 'NONE', *, *, #4505, .T. ) ;
#1687 = ORIENTED_EDGE ( 'NONE', *, *, #525, .F. ) ;
#1688 = VECTOR ( 'NONE', #3506, 1000.000000000000000 ) ;
#1689 = VERTEX_POINT ( 'NONE', #1703 ) ;
#1690 = ORIENTED_EDGE ( 'NONE', *, *, #7381, .T. ) ;
#1691 = AXIS2_PLACEMENT_3D ( 'NONE', #594, #3598, #2146 ) ;
#1692 = DIRECTION ( 'NONE',  ( 1.000000000000000000, -6.344131569286583108E-15, 0.000000000000000000 ) ) ;
#1693 = CYLINDRICAL_SURFACE ( 'NONE', #7534, 149.9999999999999147 ) ;
#1694 = CARTESIAN_POINT ( 'NONE',  ( -13755.00000000007094, -1077.499998843224375, -860.0000000000231921 ) ) ;
#1695 = LINE ( 'NONE', #5546, #822 ) ;
#1696 = FACE_OUTER_BOUND ( 'NONE', #7903, .T. ) ;
#1697 = AXIS2_PLACEMENT_3D ( 'NONE', #7797, #8002, #7850 ) ;
#1698 = ORIENTED_EDGE ( 'NONE', *, *, #1530, .T. ) ;
#1699 = ORIENTED_EDGE ( 'NONE', *, *, #1321, .T. ) ;
#1700 = CARTESIAN_POINT ( 'NONE',  ( -5190.624999999995453, -989.9999999999994316, -960.0000000000012506 ) ) ;
#1701 = VERTEX_POINT ( 'NONE', #748 ) ;
#1702 = CARTESIAN_POINT ( 'NONE',  ( -12143.40011953353496, 1077.499998843224375, -637.0854464784587208 ) ) ;
#1703 = CARTESIAN_POINT ( 'NONE',  ( -13680.00000000000000, -814.9999999999974989, -239.9999999999984368 ) ) ;
#1704 = AXIS2_PLACEMENT_3D ( 'NONE', #6936, #4632, #8302 ) ;
#1705 = ORIENTED_EDGE ( 'NONE', *, *, #1054, .F. ) ;
#1706 = ORIENTED_EDGE ( 'NONE', *, *, #1628, .T. ) ;
#1707 = FACE_OUTER_BOUND ( 'NONE', #5603, .T. ) ;
#1708 = CARTESIAN_POINT ( 'NONE',  ( -13828.58983848622483, 739.9999999999984084, -960.0000000000000000 ) ) ;
#1709 = ADVANCED_FACE ( 'NONE', ( #1604 ), #8415, .T. ) ;
#1710 = CARTESIAN_POINT ( 'NONE',  ( -14119.99999999999818, 1970.627566330085529, -239.9999999999976694 ) ) ;
#1711 = VECTOR ( 'NONE', #7528, 1000.000000000000000 ) ;
#1712 = DIRECTION ( 'NONE',  ( 1.000000000000000000, 6.162975822039151993E-33, 1.232595164407830946E-32 ) ) ;
#1713 = DIRECTION ( 'NONE',  ( -6.162975822039157467E-33, 1.000000000000000000, 2.775557561563032360E-16 ) ) ;
#1714 = VERTEX_POINT ( 'NONE', #8472 ) ;
#1715 = VERTEX_POINT ( 'NONE', #9111 ) ;
#1716 = ADVANCED_FACE ( 'NONE', ( #798 ), #7573, .T. ) ;
#1717 = DIRECTION ( 'NONE',  ( -1.000000000000000000, 0.000000000000000000, -0.000000000000000000 ) ) ;
#1718 = VECTOR ( 'NONE', #6175, 1000.000000000000000 ) ;
#1719 = DIRECTION ( 'NONE',  ( 1.000000000000000000, 0.000000000000000000, 0.000000000000000000 ) ) ;
#1720 = LINE ( 'NONE', #1621, #5204 ) ;
#1721 = LINE ( 'NONE', #1512, #3331 ) ;
#1722 = EDGE_CURVE ( 'NONE', #4903, #5452, #7716, .T. ) ;
#1723 = ORIENTED_EDGE ( 'NONE', *, *, #3807, .F. ) ;
#1724 = VECTOR ( 'NONE', #9219, 1000.000000000000000 ) ;
#1725 = VERTEX_POINT ( 'NONE', #4697 ) ;
#1726 = LINE ( 'NONE', #7040, #5552 ) ;
#1727 = CIRCLE ( 'NONE', #8763, 80.00000000000007105 ) ;
#1728 = LINE ( 'NONE', #112, #2164 ) ;
#1729 = CARTESIAN_POINT ( 'NONE',  ( 0.000000000000000000, 0.000000000000000000, 0.000000000000000000 ) ) ;
#1730 = EDGE_CURVE ( 'NONE', #2393, #3431, #9867, .T. ) ;
#1731 = VERTEX_POINT ( 'NONE', #2303 ) ;
#1732 = ADVANCED_FACE ( 'NONE', ( #3801 ), #6867, .F. ) ;
#1733 = EDGE_LOOP ( 'NONE', ( #8602, #1534, #9546, #5730, #414 ) ) ;
#1734 = FACE_OUTER_BOUND ( 'NONE', #1802, .T. ) ;
#1735 = VECTOR ( 'NONE', #3291, 1000.000000000000000 ) ;
#1736 = CARTESIAN_POINT ( 'NONE',  ( -11880.00000000000182, 814.9999999999972715, -239.9999999999979821 ) ) ;
#1737 = DIRECTION ( 'NONE',  ( 0.000000000000000000, 0.000000000000000000, -1.000000000000000000 ) ) ;
#1738 = EDGE_LOOP ( 'NONE', ( #846, #8514, #6498, #6486 ) ) ;
#1739 = AXIS2_PLACEMENT_3D ( 'NONE', #6604, #2894, #3545 ) ;
#1740 = DIRECTION ( 'NONE',  ( 6.162975822039157467E-33, -1.000000000000000000, -2.775557561563032360E-16 ) ) ;
#1741 = ORIENTED_EDGE ( 'NONE', *, *, #631, .T. ) ;
#1742 = ORIENTED_EDGE ( 'NONE', *, *, #5286, .T. ) ;
#1743 = ORIENTED_EDGE ( 'NONE', *, *, #8515, .F. ) ;
#1744 = ORIENTED_EDGE ( 'NONE', *, *, #4856, .T. ) ;
#1745 = DIRECTION ( 'NONE',  ( 1.000000000000000000, 0.000000000000000000, 0.000000000000000000 ) ) ;
#1746 = DIRECTION ( 'NONE',  ( -1.000000000000000000, 0.000000000000000000, 0.000000000000000000 ) ) ;
#1747 = PLANE ( 'NONE',  #8554 ) ;
#1748 = AXIS2_PLACEMENT_3D ( 'NONE', #362, #2668, #5716 ) ;
#1749 = LINE ( 'NONE', #3345, #4015 ) ;
#1750 = ADVANCED_FACE ( 'NONE', ( #3946 ), #9916, .F. ) ;
#1751 = CARTESIAN_POINT ( 'NONE',  ( -14119.99999999999818, 814.9999999999972715, -239.9999999999979821 ) ) ;
#1752 = ORIENTED_EDGE ( 'NONE', *, *, #655, .T. ) ;
#1753 = CYLINDRICAL_SURFACE ( 'NONE', #3803, 149.9999999999999147 ) ;
#1754 = AXIS2_PLACEMENT_3D ( 'NONE', #5964, #5918, #8269 ) ;
#1755 = VERTEX_POINT ( 'NONE', #3048 ) ;
#1756 = LINE ( 'NONE', #7169, #2965 ) ;
#1757 = DIRECTION ( 'NONE',  ( -0.000000000000000000, 0.000000000000000000, 1.000000000000000000 ) ) ;
#1758 = ORIENTED_EDGE ( 'NONE', *, *, #2081, .F. ) ;
#1759 = ORIENTED_EDGE ( 'NONE', *, *, #3862, .T. ) ;
#1760 = CARTESIAN_POINT ( 'NONE',  ( -14500.00000000002001, -715.8858524671089754, -627.9459428346829100 ) ) ;
#1761 = EDGE_CURVE ( 'NONE', #7309, #4654, #7764, .T. ) ;
#1762 = CARTESIAN_POINT ( 'NONE',  ( -346.4101615137744830, -739.9999999999984084, -960.0000000000002274 ) ) ;
#1763 = DIRECTION ( 'NONE',  ( 0.000000000000000000, 0.000000000000000000, 1.000000000000000000 ) ) ;
#1764 = LINE ( 'NONE', #4962, #6383 ) ;
#1765 = DIRECTION ( 'NONE',  ( 0.9281522335464009732, -0.3722007944145567793, 0.000000000000000000 ) ) ;
#1766 = AXIS2_PLACEMENT_3D ( 'NONE', #6625, #2914, #9675 ) ;
#1767 = ORIENTED_EDGE ( 'NONE', *, *, #6409, .T. ) ;
#1768 = ORIENTED_EDGE ( 'NONE', *, *, #1313, .T. ) ;
#1769 = VERTEX_POINT ( 'NONE', #6103 ) ;
#1770 = CARTESIAN_POINT ( 'NONE',  ( -13856.59988046646504, -1077.499998843224375, -637.0854464784594029 ) ) ;
#1771 = PLANE ( 'NONE',  #1306 ) ;
#1772 = DIRECTION ( 'NONE',  ( -0.000000000000000000, 0.000000000000000000, 1.000000000000000000 ) ) ;
#1773 = AXIS2_PLACEMENT_3D ( 'NONE', #6907, #9860, #9199 ) ;
#1774 = ORIENTED_EDGE ( 'NONE', *, *, #8348, .F. ) ;
#1775 = VERTEX_POINT ( 'NONE', #2451 ) ;
#1776 = EDGE_LOOP ( 'NONE', ( #2351, #5281, #8707, #8285 ) ) ;
#1777 = VECTOR ( 'NONE', #5421, 1000.000000000000000 ) ;
#1778 = EDGE_CURVE ( 'NONE', #9399, #9225, #3755, .T. ) ;
#1779 = DIRECTION ( 'NONE',  ( 0.000000000000000000, 1.000000000000000000, 5.551115123125784674E-16 ) ) ;
#1780 = CARTESIAN_POINT ( 'NONE',  ( -4868.749999999996362, -989.9999999999990905, -1135.000000000000227 ) ) ;
#1781 = CARTESIAN_POINT ( 'NONE',  ( -11687.77992055854520, 296.8409399909894546, -1135.000000000000227 ) ) ;
#1782 =( LENGTH_UNIT ( ) NAMED_UNIT ( * ) SI_UNIT ( .MILLI., .METRE. ) );
#1783 = ORIENTED_EDGE ( 'NONE', *, *, #618, .F. ) ;
#1784 = EDGE_CURVE ( 'NONE', #6997, #2006, #6384, .T. ) ;
#1785 = EDGE_CURVE ( 'NONE', #1381, #2841, #2353, .T. ) ;
#1786 = DIRECTION ( 'NONE',  ( 6.265808957320107111E-17, -1.000000000000000000, 0.000000000000000000 ) ) ;
#1787 = DIRECTION ( 'NONE',  ( 1.000000000000000000, 0.000000000000000000, 0.000000000000000000 ) ) ;
#1788 = DIRECTION ( 'NONE',  ( -6.162975822039157467E-33, 1.000000000000000000, 2.775557561563032360E-16 ) ) ;
#1789 = DIRECTION ( 'NONE',  ( 0.000000000000000000, 0.000000000000000000, -1.000000000000000000 ) ) ;
#1790 = ORIENTED_EDGE ( 'NONE', *, *, #5706, .F. ) ;
#1791 = ORIENTED_EDGE ( 'NONE', *, *, #2297, .F. ) ;
#1792 = ADVANCED_FACE ( 'NONE', ( #6913 ), #3192, .T. ) ;
#1793 = ORIENTED_EDGE ( 'NONE', *, *, #8261, .F. ) ;
#1794 = VERTEX_POINT ( 'NONE', #6254 ) ;
#1795 = EDGE_CURVE ( 'NONE', #8754, #2621, #8150, .T. ) ;
#1796 = DIRECTION ( 'NONE',  ( -1.000000000000000000, -6.265808957320107111E-17, 1.930822651522010828E-16 ) ) ;
#1797 = AXIS2_PLACEMENT_3D ( 'NONE', #1234, #3583, #7301 ) ;
#1798 = CARTESIAN_POINT ( 'NONE',  ( -5440.624999999995453, -739.9999999999993179, -3423.488475815656784 ) ) ;
#1799 = CARTESIAN_POINT ( 'NONE',  ( -12500.00000000000182, 1970.627566330085529, -306.2059048389983218 ) ) ;
#1800 = LINE ( 'NONE', #4798, #9131 ) ;
#1801 = DIRECTION ( 'NONE',  ( -0.000000000000000000, 0.000000000000000000, 1.000000000000000000 ) ) ;
#1802 = EDGE_LOOP ( 'NONE', ( #1551, #8183, #4340, #9379, #4373, #3802, #3596, #9151 ) ) ;
#1803 = CARTESIAN_POINT ( 'NONE',  ( -13250.00000000000000, 190.0000000000006821, -504.9802145985023003 ) ) ;
#1804 = EDGE_LOOP ( 'NONE', ( #9005, #3884, #9537, #2821 ) ) ;
#1805 = CYLINDRICAL_SURFACE ( 'NONE', #1369, 6000.000000000000000 ) ;
#1806 = CARTESIAN_POINT ( 'NONE',  ( -5576.316527040901747, 1189.999999999998408, -6660.000000000000909 ) ) ;
#1807 = EDGE_LOOP ( 'NONE', ( #3981, #9897, #7191, #8332 ) ) ;
#1808 = ADVANCED_FACE ( 'NONE', ( #5301 ), #4652, .F. ) ;
#1809 = CARTESIAN_POINT ( 'NONE',  ( -14175.00000000000000, 1189.999999999997499, -1160.000000000000227 ) ) ;
#1810 = DIRECTION ( 'NONE',  ( -1.053265169784349329E-32, 0.9185881544472646043, 0.3952161465694035702 ) ) ;
#1811 = DIRECTION ( 'NONE',  ( 1.000000000000000000, 6.162975822039151993E-33, 1.232595164407830946E-32 ) ) ;
#1812 = CARTESIAN_POINT ( 'NONE',  ( -5190.624999999995453, 739.9999999999980673, -1135.000000000000227 ) ) ;
#1813 = CARTESIAN_POINT ( 'NONE',  ( -14119.99999999999818, -814.9999999999974989, -239.9999999999984368 ) ) ;
#1814 = CIRCLE ( 'NONE', #1335, 79.99999999999990052 ) ;
#1815 = EDGE_CURVE ( 'NONE', #9767, #809, #8758, .T. ) ;
#1816 = VERTEX_POINT ( 'NONE', #4855 ) ;
#1817 = DIRECTION ( 'NONE',  ( 1.232595164407830672E-32, 2.775557561563032360E-16, -1.000000000000000000 ) ) ;
#1818 = LINE ( 'NONE', #4866, #4181 ) ;
#1819 = DIRECTION ( 'NONE',  ( -1.232595164407830672E-32, -2.775557561563032360E-16, 1.000000000000000000 ) ) ;
#1820 = CARTESIAN_POINT ( 'NONE',  ( -11700.00000000000182, -1970.627566330085983, -306.2059048389993450 ) ) ;
#1821 = PRODUCT_DEFINITION ( 'NON CONOSCIUTO', '', #9208, #6023 ) ;
#1822 = EDGE_LOOP ( 'NONE', ( #435, #7385, #7791, #9186, #5163, #4550, #257 ) ) ;
#1823 = ORIENTED_EDGE ( 'NONE', *, *, #3436, .F. ) ;
#1824 = DIRECTION ( 'NONE',  ( -0.000000000000000000, 0.000000000000000000, 1.000000000000000000 ) ) ;
#1825 = DIRECTION ( 'NONE',  ( 1.287748011752294209E-32, -0.09939437395458883273, -0.9950481186486287433 ) ) ;
#1826 = DIRECTION ( 'NONE',  ( -0.9848077530122092416, -1.851185172018656593E-16, -0.1736481776669233368 ) ) ;
#1827 = VERTEX_POINT ( 'NONE', #9509 ) ;
#1828 = EDGE_CURVE ( 'NONE', #5751, #7871, #3352, .T. ) ;
#1829 = CARTESIAN_POINT ( 'NONE',  ( -13856.59988046646504, 725.0021062409357455, -757.0854464784598576 ) ) ;
#1830 = LINE ( 'NONE', #9752, #8827 ) ;
#1831 =( BOUNDED_CURVE ( )  B_SPLINE_CURVE ( 3, ( #6950, #4645, #8359, #5248 ),
 .UNSPECIFIED., .F., .F. ) 
 B_SPLINE_CURVE_WITH_KNOTS ( ( 4, 4 ),
 ( 4.474662696288666197, 4.712388980384689674 ),
 .UNSPECIFIED. ) 
 CURVE ( )  GEOMETRIC_REPRESENTATION_ITEM ( )  RATIONAL_B_SPLINE_CURVE ( ( 1.000000000000000000, 0.9952960600157659821, 0.9952960600157659821, 1.000000000000000000 ) ) 
 REPRESENTATION_ITEM ( '' )  );
#1832 = DIRECTION ( 'NONE',  ( 0.000000000000000000, 0.000000000000000000, 1.000000000000000000 ) ) ;
#1833 = DIRECTION ( 'NONE',  ( -6.162975822039157467E-33, 1.000000000000000000, 2.775557561563032360E-16 ) ) ;
#1834 = EDGE_LOOP ( 'NONE', ( #206, #279, #8783, #903, #7869 ) ) ;
#1835 = EDGE_LOOP ( 'NONE', ( #2752, #3336, #4864, #3864 ) ) ;
#1836 = ORIENTED_EDGE ( 'NONE', *, *, #8989, .F. ) ;
#1837 = VERTEX_POINT ( 'NONE', #2506 ) ;
#1838 = EDGE_CURVE ( 'NONE', #1578, #6116, #2702, .T. ) ;
#1839 = DIRECTION ( 'NONE',  ( 1.000000000000000000, 0.000000000000000000, 0.000000000000000000 ) ) ;
#1840 = VECTOR ( 'NONE', #8494, 1000.000000000000000 ) ;
#1841 = FACE_OUTER_BOUND ( 'NONE', #5585, .T. ) ;
#1842 = DIRECTION ( 'NONE',  ( -1.000000000000000000, 0.000000000000000000, 0.000000000000000000 ) ) ;
#1843 = DIRECTION ( 'NONE',  ( 6.162975822039157467E-33, -1.000000000000000000, -2.249385511977649118E-16 ) ) ;
#1844 = DIRECTION ( 'NONE',  ( 1.232595164407830672E-32, 2.775557561563032360E-16, -1.000000000000000000 ) ) ;
#1845 = ADVANCED_FACE ( 'NONE', ( #4206 ), #7914, .T. ) ;
#1846 = VERTEX_POINT ( 'NONE', #3450 ) ;
#1847 = FACE_OUTER_BOUND ( 'NONE', #9706, .T. ) ;
#1848 = VECTOR ( 'NONE', #6147, 1000.000000000000000 ) ;
#1849 = ORIENTED_EDGE ( 'NONE', *, *, #6666, .T. ) ;
#1850 = DIRECTION ( 'NONE',  ( -6.271695431234129858E-16, 1.000000000000000000, 0.000000000000000000 ) ) ;
#1851 = DIRECTION ( 'NONE',  ( 0.9281522335464011952, 0.3722007944145562797, 0.000000000000000000 ) ) ;
#1852 = AXIS2_PLACEMENT_3D ( 'NONE', #5888, #8947, #8795 ) ;
#1853 = VERTEX_POINT ( 'NONE', #5652 ) ;
#1854 = VECTOR ( 'NONE', #2389, 1000.000000000000000 ) ;
#1855 = LINE ( 'NONE', #6463, #7527 ) ;
#1856 = CARTESIAN_POINT ( 'NONE',  ( -13250.00000000000000, -1077.499998843224375, -769.9999999999964757 ) ) ;
#1857 = EDGE_CURVE ( 'NONE', #1231, #5821, #2561, .T. ) ;
#1858 = CARTESIAN_POINT ( 'NONE',  ( 0.000000000000000000, 875.0000000000000000, -980.0000000000001137 ) ) ;
#1859 = EDGE_CURVE ( 'NONE', #177, #2635, #7868, .T. ) ;
#1860 = LINE ( 'NONE', #1059, #7362 ) ;
#1861 = CYLINDRICAL_SURFACE ( 'NONE', #2775, 100.0000000000000853 ) ;
#1862 = ORIENTED_EDGE ( 'NONE', *, *, #3684, .T. ) ;
#1863 = DIRECTION ( 'NONE',  ( 0.000000000000000000, -1.000000000000000000, 0.000000000000000000 ) ) ;
#1864 = CARTESIAN_POINT ( 'NONE',  ( -12143.40011953353496, -899.9999999999986358, -637.0854464784594029 ) ) ;
#1865 = DIRECTION ( 'NONE',  ( 0.000000000000000000, 0.000000000000000000, 1.000000000000000000 ) ) ;
#1866 = DIRECTION ( 'NONE',  ( -6.162975822039157467E-33, 1.000000000000000000, 3.301729611148415602E-16 ) ) ;
#1867 = EDGE_CURVE ( 'NONE', #7605, #986, #6329, .T. ) ;
#1868 = ORIENTED_EDGE ( 'NONE', *, *, #4655, .T. ) ;
#1869 = CIRCLE ( 'NONE', #5867, 250.0000000000000000 ) ;
#1870 = ORIENTED_EDGE ( 'NONE', *, *, #3952, .T. ) ;
#1871 = CARTESIAN_POINT ( 'NONE',  ( -12750.00000000000000, -278.9021535255452022, -725.0000000000053433 ) ) ;
#1872 = LINE ( 'NONE', #1178, #8657 ) ;
#1873 = AXIS2_PLACEMENT_3D ( 'NONE', #2516, #7125, #7180 ) ;
#1874 = DIRECTION ( 'NONE',  ( -1.000000000000000000, -6.162975822039151993E-33, -1.232595164407830946E-32 ) ) ;
#1875 = EDGE_LOOP ( 'NONE', ( #8312, #856, #1592, #3056 ) ) ;
#1876 = VECTOR ( 'NONE', #60, 1000.000000000000114 ) ;
#1877 = ORIENTED_EDGE ( 'NONE', *, *, #9862, .T. ) ;
#1878 = DIRECTION ( 'NONE',  ( 7.898214746966345814E-34, -0.9185881544472648264, 0.3952161465694030151 ) ) ;
#1879 = FACE_OUTER_BOUND ( 'NONE', #3696, .T. ) ;
#1880 = CARTESIAN_POINT ( 'NONE',  ( -8598.683472959091887, 1189.999999999998181, -6660.000000000000000 ) ) ;
#1881 = CARTESIAN_POINT ( 'NONE',  ( -14299.99999999999818, 1970.627566330085756, -637.0854464784586071 ) ) ;
#1882 = ORIENTED_EDGE ( 'NONE', *, *, #6591, .T. ) ;
#1884 = ORIENTED_EDGE ( 'NONE', *, *, #7976, .F. ) ;
#1883 = VECTOR ( 'NONE', #9365, 1000.000000000000000 ) ;
#1885 = VERTEX_POINT ( 'NONE', #4952 ) ;
#1886 = CIRCLE ( 'NONE', #5884, 5900.000000000000000 ) ;
#1887 = LINE ( 'NONE', #5090, #4112 ) ;
#1888 = EDGE_CURVE ( 'NONE', #2852, #4654, #1521, .T. ) ;
#1889 = CARTESIAN_POINT ( 'NONE',  ( -13250.00000000000000, -190.0000000000008242, -350.9999999999987494 ) ) ;
#1890 = FACE_OUTER_BOUND ( 'NONE', #844, .T. ) ;
#1891 = VECTOR ( 'NONE', #7815, 1000.000000000000000 ) ;
#1892 = EDGE_LOOP ( 'NONE', ( #3252, #5267, #1759, #8037, #4034 ) ) ;
#1893 = DIRECTION ( 'NONE',  ( -0.9848077530122075762, -4.819705125750966016E-17, 0.1736481776669329402 ) ) ;
#1894 = VECTOR ( 'NONE', #2250, 1000.000000000000000 ) ;
#1895 = ORIENTED_EDGE ( 'NONE', *, *, #5143, .T. ) ;
#1896 = DIRECTION ( 'NONE',  ( 1.000000000000000000, 1.110223024625160485E-15, 0.000000000000000000 ) ) ;
#1897 = EDGE_CURVE ( 'NONE', #7413, #4327, #5525, .T. ) ;
#1898 = VERTEX_POINT ( 'NONE', #2653 ) ;
#1899 = DIRECTION ( 'NONE',  ( 0.9848077530122089085, 0.000000000000000000, -0.1736481776669254740 ) ) ;
#1900 = CARTESIAN_POINT ( 'NONE',  ( -8598.683472959090068, 1189.999999999998408, -660.0000000000002274 ) ) ;
#1901 = ORIENTED_EDGE ( 'NONE', *, *, #7182, .T. ) ;
#1902 = AXIS2_PLACEMENT_3D ( 'NONE', #4390, #6605, #2747 ) ;
#1903 = EDGE_CURVE ( 'NONE', #7761, #930, #5363, .T. ) ;
#1904 = CIRCLE ( 'NONE', #6213, 79.99999999999995737 ) ;
#1905 = ADVANCED_FACE ( 'NONE', ( #8811 ), #4751, .T. ) ;
#1906 = LINE ( 'NONE', #7224, #7039 ) ;
#1907 = DIRECTION ( 'NONE',  ( 6.162975822039157467E-33, -1.000000000000000000, -2.775557561563032360E-16 ) ) ;
#1908 = DIRECTION ( 'NONE',  ( 1.000000000000000000, 6.162975822039151993E-33, 1.232595164407830946E-32 ) ) ;
#1909 = CARTESIAN_POINT ( 'NONE',  ( -1950.000000000000682, -341.8139511719356847, -960.0000000000002274 ) ) ;
#1910 = VECTOR ( 'NONE', #4934, 1000.000000000000000 ) ;
#1911 = CARTESIAN_POINT ( 'NONE',  ( -11699.99999999998181, -899.9999999999986358, -763.9017955139175911 ) ) ;
#1912 = EDGE_CURVE ( 'NONE', #264, #6239, #6306, .T. ) ;
#1913 = EDGE_CURVE ( 'NONE', #2943, #9714, #5051, .T. ) ;
#1914 = DIRECTION ( 'NONE',  ( -0.9281522335464010842, -0.3722007944145562797, 0.000000000000000000 ) ) ;
#1915 = FACE_OUTER_BOUND ( 'NONE', #710, .T. ) ;
#1916 = VERTEX_POINT ( 'NONE', #3400 ) ;
#1917 = EDGE_CURVE ( 'NONE', #5510, #1141, #4901, .T. ) ;
#1918 = DIRECTION ( 'NONE',  ( 1.000000000000000000, 0.000000000000000000, -0.000000000000000000 ) ) ;
#1919 = EDGE_CURVE ( 'NONE', #8096, #5554, #9846, .T. ) ;
#1920 = DIRECTION ( 'NONE',  ( -1.000000000000000000, 0.000000000000000000, 0.000000000000000000 ) ) ;
#1921 = CARTESIAN_POINT ( 'NONE',  ( -6240.624999999996362, 739.9999999999979536, -960.0000000000002274 ) ) ;
#1922 = VERTEX_POINT ( 'NONE', #1103 ) ;
#1923 = CIRCLE ( 'NONE', #2091, 460.0000000000000000 ) ;
#1924 = EDGE_LOOP ( 'NONE', ( #6024, #8172, #5070, #2290 ) ) ;
#1925 = VERTEX_POINT ( 'NONE', #5551 ) ;
#1926 =( REPRESENTATION_RELATIONSHIP ('NONE','NONE', #6896, #3107 ) REPRESENTATION_RELATIONSHIP_WITH_TRANSFORMATION ( #8146 )SHAPE_REPRESENTATION_RELATIONSHIP( ) );
#1927 = VERTEX_POINT ( 'NONE', #8615 ) ;
#1928 = CARTESIAN_POINT ( 'NONE',  ( -446.4101615137745398, -241.8139511719357131, -960.0000000000002274 ) ) ;
#1929 = ADVANCED_FACE ( 'NONE', ( #4805 ), #4161, .F. ) ;
#1930 = AXIS2_PLACEMENT_3D ( 'NONE', #6806, #5391, #2994 ) ;
#1931 = PLANE ( 'NONE',  #9226 ) ;
#1932 = DIRECTION ( 'NONE',  ( 0.000000000000000000, 0.000000000000000000, 1.000000000000000000 ) ) ;
#1933 = EDGE_LOOP ( 'NONE', ( #1877, #1617, #8713, #9914 ) ) ;
#1934 = ORIENTED_EDGE ( 'NONE', *, *, #2297, .T. ) ;
#1935 = CARTESIAN_POINT ( 'NONE',  ( -7612.500000000006366, 739.9999999999979536, -1135.000000000000227 ) ) ;
#1936 = DIRECTION ( 'NONE',  ( 1.000000000000000000, 0.000000000000000000, 0.000000000000000000 ) ) ;
#1937 = DIRECTION ( 'NONE',  ( -1.232595164407830672E-32, -2.775557561563032360E-16, 1.000000000000000000 ) ) ;
#1938 = DIRECTION ( 'NONE',  ( 1.232595164407830672E-32, 2.775557561563032360E-16, -1.000000000000000000 ) ) ;
#1939 = ORIENTED_EDGE ( 'NONE', *, *, #1008, .F. ) ;
#1940 = ORIENTED_EDGE ( 'NONE', *, *, #7450, .F. ) ;
#1941 = ORIENTED_EDGE ( 'NONE', *, *, #1124, .F. ) ;
#1942 = VERTEX_POINT ( 'NONE', #542 ) ;
#1943 = EDGE_CURVE ( 'NONE', #3372, #5396, #6815, .T. ) ;
#1944 = PLANE ( 'NONE',  #8283 ) ;
#1945 = DIRECTION ( 'NONE',  ( 0.000000000000000000, 0.000000000000000000, 1.000000000000000000 ) ) ;
#1946 = DIRECTION ( 'NONE',  ( -0.9848077530122092416, 0.000000000000000000, 0.1736481776669237531 ) ) ;
#1947 = ORIENTED_EDGE ( 'NONE', *, *, #9482, .F. ) ;
#1948 = PLANE ( 'NONE',  #3968 ) ;
#1949 = CARTESIAN_POINT ( 'NONE',  ( -12225.00000000000182, -899.9999999999998863, -910.0000000000001137 ) ) ;
#1950 = FACE_OUTER_BOUND ( 'NONE', #9721, .T. ) ;
#1951 = VERTEX_POINT ( 'NONE', #3649 ) ;
#1952 = LINE ( 'NONE', #5849, #5360 ) ;
#1953 = CARTESIAN_POINT ( 'NONE',  ( -4868.749999999996362, -739.9999999999993179, -3423.488475815656784 ) ) ;
#1954 = ORIENTED_EDGE ( 'NONE', *, *, #1651, .T. ) ;
#1955 = VECTOR ( 'NONE', #956, 1000.000000000000000 ) ;
#1956 = DIRECTION ( 'NONE',  ( 6.162975822039157467E-33, -1.000000000000000000, -2.775557561563032360E-16 ) ) ;
#1957 = CARTESIAN_POINT ( 'NONE',  ( -2350.000000000000455, 1189.999999999998408, -960.0000000000002274 ) ) ;
#1958 = DIRECTION ( 'NONE',  ( 0.000000000000000000, 0.000000000000000000, -1.000000000000000000 ) ) ;
#1959 = FACE_OUTER_BOUND ( 'NONE', #4257, .T. ) ;
#1960 = DIRECTION ( 'NONE',  ( 0.000000000000000000, 0.000000000000000000, 1.000000000000000000 ) ) ;
#1961 = EDGE_CURVE ( 'NONE', #9583, #1173, #498, .T. ) ;
#1962 = DIRECTION ( 'NONE',  ( 6.162975822039157467E-33, -1.000000000000000000, -2.249385511977649118E-16 ) ) ;
#1963 = FACE_OUTER_BOUND ( 'NONE', #9094, .T. ) ;
#1964 = VERTEX_POINT ( 'NONE', #4305 ) ;
#1965 = CARTESIAN_POINT ( 'NONE',  ( -2350.000000000000455, 899.9999999999998863, -910.0000000000001137 ) ) ;
#1966 = ADVANCED_FACE ( 'NONE', ( #6658 ), #5050, .F. ) ;
#1967 = DIRECTION ( 'NONE',  ( 0.3722007944145567793, 0.9281522335464009732, 0.000000000000000000 ) ) ;
#1968 = VECTOR ( 'NONE', #5597, 1000.000000000000000 ) ;
#1969 = CARTESIAN_POINT ( 'NONE',  ( -12500.00000000000182, 814.9999999999972715, -306.2059048389984355 ) ) ;
#1970 = ORIENTED_EDGE ( 'NONE', *, *, #7845, .T. ) ;
#1971 = EDGE_CURVE ( 'NONE', #589, #3674, #9808, .T. ) ;
#1972 = ORIENTED_EDGE ( 'NONE', *, *, #7922, .T. ) ;
#1973 = EDGE_CURVE ( 'NONE', #8799, #5800, #8908, .T. ) ;
#1974 = ORIENTED_EDGE ( 'NONE', *, *, #8387, .T. ) ;
#1975 = AXIS2_PLACEMENT_3D ( 'NONE', #3730, #7775, #2415 ) ;
#1976 = EDGE_LOOP ( 'NONE', ( #3949, #2037, #8521, #2966 ) ) ;
#1977 = DIRECTION ( 'NONE',  ( -1.000000000000000000, 0.000000000000000000, 0.000000000000000000 ) ) ;
#1978 = CARTESIAN_POINT ( 'NONE',  ( -13728.58983848622483, -341.8139511719356847, -960.0000000000000000 ) ) ;
#1979 = CARTESIAN_POINT ( 'NONE',  ( -9306.250000000003638, -740.0000000000002274, -960.0000000000002274 ) ) ;
#1980 = ORIENTED_EDGE ( 'NONE', *, *, #5373, .F. ) ;
#1981 = ORIENTED_EDGE ( 'NONE', *, *, #6189, .T. ) ;
#1982 = EDGE_CURVE ( 'NONE', #7140, #6648, #2850, .T. ) ;
#1983 = DIRECTION ( 'NONE',  ( 0.000000000000000000, 1.000000000000000000, 5.551115123125782702E-16 ) ) ;
#1984 = EDGE_CURVE ( 'NONE', #1275, #1602, #1345, .T. ) ;
#1985 = CARTESIAN_POINT ( 'NONE',  ( -11700.00000000000182, -1077.499998843224603, -306.2059048389991176 ) ) ;
#1986 = PLANE ( 'NONE',  #5397 ) ;
#1987 = CARTESIAN_POINT ( 'NONE',  ( -8734.375000000005457, 989.9999999999984084, -3423.488475815656784 ) ) ;
#1988 = EDGE_LOOP ( 'NONE', ( #8804, #9400, #4307, #9849 ) ) ;
#1989 = VERTEX_POINT ( 'NONE', #5799 ) ;
#1990 = ORIENTED_EDGE ( 'NONE', *, *, #5660, .F. ) ;
#1991 = DIRECTION ( 'NONE',  ( -1.232595164407830672E-32, -2.775557561563032360E-16, 1.000000000000000000 ) ) ;
#1992 = CARTESIAN_POINT ( 'NONE',  ( 0.000000000000000000, 875.0000000000000000, -1060.000000000000000 ) ) ;
#1993 = VERTEX_POINT ( 'NONE', #2103 ) ;
#1994 = CARTESIAN_POINT ( 'NONE',  ( -12320.00000000000000, 1970.627566330085756, -517.7941176470586697 ) ) ;
#1995 = CARTESIAN_POINT ( 'NONE',  ( -14500.00000000002001, -295.9385695031828050, -504.9802145985046309 ) ) ;
#1996 = EDGE_CURVE ( 'NONE', #2635, #3069, #9766, .T. ) ;
#1997 = CARTESIAN_POINT ( 'NONE',  ( 620.0000000000000000, -875.0000000000000000, -1060.000000000000000 ) ) ;
#1998 = VERTEX_POINT ( 'NONE', #8857 ) ;
#1999 = DIRECTION ( 'NONE',  ( -1.432545838226008708E-17, 1.000000000000000000, -0.000000000000000000 ) ) ;
#2000 = CARTESIAN_POINT ( 'NONE',  ( -9306.250000000003638, 989.9999999999977263, -1135.000000000000227 ) ) ;
#2001 = ORIENTED_EDGE ( 'NONE', *, *, #2731, .T. ) ;
#2002 = VECTOR ( 'NONE', #6141, 1000.000000000000114 ) ;
#2003 = ORIENTED_EDGE ( 'NONE', *, *, #9109, .T. ) ;
#2004 = DIRECTION ( 'NONE',  ( -1.232595164407830672E-32, -2.775557561563032360E-16, 1.000000000000000000 ) ) ;
#2005 = CYLINDRICAL_SURFACE ( 'NONE', #408, 50.00000000000027001 ) ;
#2006 = VERTEX_POINT ( 'NONE', #7415 ) ;
#2007 = CARTESIAN_POINT ( 'NONE',  ( -14588.56810139493791, 877.4999988432243754, -757.0854464784598576 ) ) ;
#2008 = DIRECTION ( 'NONE',  ( -0.000000000000000000, -0.000000000000000000, -1.000000000000000000 ) ) ;
#2009 = CIRCLE ( 'NONE', #231, 35.00000000000014211 ) ;
#2010 = DIRECTION ( 'NONE',  ( 1.000000000000000000, 0.000000000000000000, -0.000000000000000000 ) ) ;
#2011 = AXIS2_PLACEMENT_3D ( 'NONE', #1987, #1288, #2136 ) ;
#2012 = FACE_OUTER_BOUND ( 'NONE', #2305, .T. ) ;
#2013 = DIRECTION ( 'NONE',  ( 1.000000000000000000, 0.000000000000000000, 0.000000000000000000 ) ) ;
#2014 = CIRCLE ( 'NONE', #3913, 149.9999999999999147 ) ;
#2015 = ORIENTED_EDGE ( 'NONE', *, *, #9469, .F. ) ;
#2016 = AXIS2_PLACEMENT_3D ( 'NONE', #8023, #7273, #7033 ) ;
#2017 = FACE_OUTER_BOUND ( 'NONE', #7098, .T. ) ;
#2018 = VECTOR ( 'NONE', #2796, 1000.000000000000114 ) ;
#2019 = CARTESIAN_POINT ( 'NONE',  ( -14500.00000000002001, -278.9021535255452022, -623.7872381793328032 ) ) ;
#2020 = EDGE_CURVE ( 'NONE', #128, #5565, #1057, .T. ) ;
#2021 = FACE_OUTER_BOUND ( 'NONE', #3525, .T. ) ;
#2022 = ORIENTED_EDGE ( 'NONE', *, *, #1611, .F. ) ;
#2023 = EDGE_CURVE ( 'NONE', #2299, #2117, #9366, .T. ) ;
#2024 = ORIENTED_EDGE ( 'NONE', *, *, #1489, .T. ) ;
#2025 = VECTOR ( 'NONE', #9137, 1000.000000000000000 ) ;
#2026 = LINE ( 'NONE', #3675, #1209 ) ;
#2027 = LINE ( 'NONE', #4376, #7859 ) ;
#2028 = EDGE_CURVE ( 'NONE', #2393, #3141, #9660, .T. ) ;
#2029 = CARTESIAN_POINT ( 'NONE',  ( -12100.00000000000182, 1054.999999999997272, -379.9999999999978968 ) ) ;
#2030 = APPLICATION_PROTOCOL_DEFINITION ( 'draft international standard', 'automotive_design', 1998, #6668 ) ;
#2031 = VERTEX_POINT ( 'NONE', #1395 ) ;
#2032 = DIRECTION ( 'NONE',  ( -1.000000000000000000, -6.162975822039151993E-33, -1.232595164407830946E-32 ) ) ;
#2033 = AXIS2_PLACEMENT_3D ( 'NONE', #9344, #7574, #3935 ) ;
#2034 = CARTESIAN_POINT ( 'NONE',  ( -13828.58983848622483, -341.8139511719356847, -960.0000000000002274 ) ) ;
#2035 = DIRECTION ( 'NONE',  ( -1.232595164407830672E-32, -2.775557561563032360E-16, 1.000000000000000000 ) ) ;
#2036 = CARTESIAN_POINT ( 'NONE',  ( -8598.683472959093706, 5431.508564030777052, -759.9999999999997726 ) ) ;
#2037 = ORIENTED_EDGE ( 'NONE', *, *, #4242, .F. ) ;
#2038 = VECTOR ( 'NONE', #8223, 1000.000000000000000 ) ;
#2039 = VERTEX_POINT ( 'NONE', #5995 ) ;
#2040 = FACE_OUTER_BOUND ( 'NONE', #9538, .T. ) ;
#2041 = EDGE_CURVE ( 'NONE', #2299, #8549, #4449, .T. ) ;
#2042 = AXIS2_PLACEMENT_3D ( 'NONE', #4226, #6388, #2623 ) ;
#2043 = ADVANCED_FACE ( 'NONE', ( #8116 ), #6753, .F. ) ;
#2044 = DIRECTION ( 'NONE',  ( -6.162975822039157467E-33, 1.000000000000000000, 3.301729611148415602E-16 ) ) ;
#2045 = VERTEX_POINT ( 'NONE', #6561 ) ;
#2046 = DIRECTION ( 'NONE',  ( -6.162975822039157467E-33, 1.000000000000000000, 3.301729611148415602E-16 ) ) ;
#2047 = ORIENTED_EDGE ( 'NONE', *, *, #8468, .F. ) ;
#2048 = PLANE ( 'NONE',  #6697 ) ;
#2049 = CARTESIAN_POINT ( 'NONE',  ( -14156.10001622140953, 729.4021522441533989, -769.9999999999959073 ) ) ;
#2050 = ORIENTED_EDGE ( 'NONE', *, *, #9475, .F. ) ;
#2051 = LINE ( 'NONE', #6656, #7768 ) ;
#2052 = AXIS2_PLACEMENT_3D ( 'NONE', #4361, #6720, #8969 ) ;
#2053 = CARTESIAN_POINT ( 'NONE',  ( -9623.207721193939506, -1089.999999999998181, -849.6342572279646674 ) ) ;
#2054 = VECTOR ( 'NONE', #3018, 1000.000000000000000 ) ;
#2055 = ORIENTED_EDGE ( 'NONE', *, *, #5276, .F. ) ;
#2056 = ORIENTED_EDGE ( 'NONE', *, *, #2493, .F. ) ;
#2057 = AXIS2_PLACEMENT_3D ( 'NONE', #6653, #8905, #8165 ) ;
#2058 = EDGE_CURVE ( 'NONE', #1725, #4176, #9611, .T. ) ;
#2059 = CARTESIAN_POINT ( 'NONE',  ( -14338.65743636097613, -1077.499998843224375, -757.0854464784604261 ) ) ;
#2060 = FACE_OUTER_BOUND ( 'NONE', #1061, .T. ) ;
#2061 = VECTOR ( 'NONE', #2645, 1000.000000000000114 ) ;
#2062 = CARTESIAN_POINT ( 'NONE',  ( -7934.375000000004547, 739.9999999999979536, -3423.488475815656784 ) ) ;
#2063 = CARTESIAN_POINT ( 'NONE',  ( -14156.10001622140953, -729.4021522441533989, -769.9999999999963620 ) ) ;
#2064 = DIRECTION ( 'NONE',  ( -0.000000000000000000, 0.000000000000000000, 1.000000000000000000 ) ) ;
#2065 = DIRECTION ( 'NONE',  ( 1.232595164407830946E-32, -2.200304988219453538E-16, -1.000000000000000000 ) ) ;
#2066 = AXIS2_PLACEMENT_3D ( 'NONE', #2237, #5381, #9049 ) ;
#2067 = LINE ( 'NONE', #5919, #3304 ) ;
#2068 = AXIS2_PLACEMENT_3D ( 'NONE', #7338, #469, #4122 ) ;
#2069 = ORIENTED_EDGE ( 'NONE', *, *, #1558, .F. ) ;
#2070 = PLANE ( 'NONE',  #7324 ) ;
#2071 = ADVANCED_FACE ( 'NONE', ( #3551 ), #6609, .T. ) ;
#2072 = LINE ( 'NONE', #2019, #1144 ) ;
#2073 = CIRCLE ( 'NONE', #5740, 50.00000000000071054 ) ;
#2074 = AXIS2_PLACEMENT_3D ( 'NONE', #8518, #4553, #5348 ) ;
#2075 = CARTESIAN_POINT ( 'NONE',  ( -14175.00000000000000, 1189.999999999997499, -960.0000000000002274 ) ) ;
#2076 = VECTOR ( 'NONE', #2375, 1000.000000000000000 ) ;
#2077 = DIRECTION ( 'NONE',  ( 1.232595164407830672E-32, 2.775557561563032360E-16, -1.000000000000000000 ) ) ;
#2078 = ORIENTED_EDGE ( 'NONE', *, *, #7793, .F. ) ;
#2079 = ORIENTED_EDGE ( 'NONE', *, *, #4779, .F. ) ;
#2080 = AXIS2_PLACEMENT_3D ( 'NONE', #9669, #6766, #5810 ) ;
#2081 = EDGE_CURVE ( 'NONE', #9401, #8679, #1303, .T. ) ;
#2082 = CARTESIAN_POINT ( 'NONE',  ( -14119.99999999999818, -814.9999999999974989, -517.7941176470593518 ) ) ;
#2083 = CARTESIAN_POINT ( 'NONE',  ( -1.619437825332231480E-13, 1189.999999999998408, -660.0000000000023874 ) ) ;
#2084 = DIRECTION ( 'NONE',  ( 1.000000000000000000, 0.000000000000000000, 0.000000000000000000 ) ) ;
#2085 = ORIENTED_EDGE ( 'NONE', *, *, #2641, .T. ) ;
#2086 = LINE ( 'NONE', #482, #1910 ) ;
#2087 = DIRECTION ( 'NONE',  ( 0.000000000000000000, 1.000000000000000000, 0.000000000000000000 ) ) ;
#2088 = CARTESIAN_POINT ( 'NONE',  ( -12143.40011953353496, -1077.499998843224375, -637.0854464784594029 ) ) ;
#2089 = EDGE_CURVE ( 'NONE', #5388, #5195, #3037, .T. ) ;
#2090 = CARTESIAN_POINT ( 'NONE',  ( -12325.00000000000182, -241.8139511719357131, -1135.000000000000227 ) ) ;
#2091 = AXIS2_PLACEMENT_3D ( 'NONE', #5352, #6873, #1552 ) ;
#2092 = CARTESIAN_POINT ( 'NONE',  ( -4318.749999999997272, -560.2425708315862494, -1135.000000000000227 ) ) ;
#2093 = FACE_OUTER_BOUND ( 'NONE', #3419, .T. ) ;
#2094 = ORIENTED_EDGE ( 'NONE', *, *, #5894, .T. ) ;
#2095 = CARTESIAN_POINT ( 'NONE',  ( -12750.00000000000000, 732.4719190560189190, -589.9999999999965894 ) ) ;
#2096 = VECTOR ( 'NONE', #990, 1000.000000000000114 ) ;
#2097 = ORIENTED_EDGE ( 'NONE', *, *, #8346, .T. ) ;
#2098 = CARTESIAN_POINT ( 'NONE',  ( -1949.999999999999773, -989.9999999999984084, -1135.000000000000227 ) ) ;
#2099 = DIRECTION ( 'NONE',  ( 1.000000000000000000, 5.551115123125782702E-17, 0.000000000000000000 ) ) ;
#2100 = VERTEX_POINT ( 'NONE', #2192 ) ;
#2101 = FACE_OUTER_BOUND ( 'NONE', #9340, .T. ) ;
#2102 = EDGE_CURVE ( 'NONE', #5244, #2591, #9100, .T. ) ;
#2103 = CARTESIAN_POINT ( 'NONE',  ( -11700.00000000000182, 899.9999999999986358, -637.0854464784587208 ) ) ;
#2104 = EDGE_CURVE ( 'NONE', #2045, #8809, #4243, .T. ) ;
#2105 = ORIENTED_EDGE ( 'NONE', *, *, #5137, .F. ) ;
#2106 = ORIENTED_EDGE ( 'NONE', *, *, #9067, .F. ) ;
#2107 = ORIENTED_EDGE ( 'NONE', *, *, #9623, .F. ) ;
#2108 = VECTOR ( 'NONE', #7293, 1000.000000000000000 ) ;
#2109 = CARTESIAN_POINT ( 'NONE',  ( -4181.529920558541562, -653.0577941862264879, -1135.000000000000227 ) ) ;
#2110 = CARTESIAN_POINT ( 'NONE',  ( -7934.375000000004547, -739.9999999999998863, -1135.000000000000227 ) ) ;
#2111 = CYLINDRICAL_SURFACE ( 'NONE', #8241, 250.0000000000000000 ) ;
#2112 = CARTESIAN_POINT ( 'NONE',  ( -12100.00000000000182, -679.9999999999979536, -459.9999999999982947 ) ) ;
#2113 = ORIENTED_EDGE ( 'NONE', *, *, #3629, .F. ) ;
#2114 = CARTESIAN_POINT ( 'NONE',  ( -12500.00000000000182, -1077.499998843224375, -637.0854464784594029 ) ) ;
#2115 = PLANE ( 'NONE',  #7484 ) ;
#2116 = EDGE_CURVE ( 'NONE', #347, #6285, #3176, .T. ) ;
#2117 = VERTEX_POINT ( 'NONE', #5334 ) ;
#2118 = CARTESIAN_POINT ( 'NONE',  ( -13899.99999999999818, -814.9999999999976126, 1.776356839400250465E-12 ) ) ;
#2119 = PRODUCT_DEFINITION_SHAPE ( 'NONE', 'NONE',  #2740 ) ;
#2120 = CARTESIAN_POINT ( 'NONE',  ( -13250.00000000000000, -729.4021522441533989, -769.9999999999963620 ) ) ;
#2121 = DIRECTION ( 'NONE',  ( -0.000000000000000000, 0.000000000000000000, -1.000000000000000000 ) ) ;
#2122 = DIRECTION ( 'NONE',  ( 0.000000000000000000, -0.000000000000000000, 1.000000000000000000 ) ) ;
#2123 = VERTEX_POINT ( 'NONE', #3128 ) ;
#2124 = ADVANCED_FACE ( 'NONE', ( #9052 ), #8310, .T. ) ;
#2125 = AXIS2_PLACEMENT_3D ( 'NONE', #3955, #5507, #4562 ) ;
#2126 = ORIENTED_EDGE ( 'NONE', *, *, #8079, .F. ) ;
#2127 = CARTESIAN_POINT ( 'NONE',  ( -14299.99999999999818, -1970.627566330085756, -637.0854464784596303 ) ) ;
#2128 = CARTESIAN_POINT ( 'NONE',  ( -596.4101615137744830, 739.9999999999984084, -3423.488475815656784 ) ) ;
#2129 = CARTESIAN_POINT ( 'NONE',  ( -13578.58983848622483, 989.9999999999984084, -1135.000000000000227 ) ) ;
#2130 = CARTESIAN_POINT ( 'NONE',  ( -3921.569072607348517, -1089.999999999998181, -960.7596123493885898 ) ) ;
#2131 = PRODUCT_RELATED_PRODUCT_CATEGORY ( 'part', '', ( #9794 ) ) ;
#2132 = ORIENTED_EDGE ( 'NONE', *, *, #7677, .T. ) ;
#2133 = CARTESIAN_POINT ( 'NONE',  ( -12143.40011953353496, 295.9385695031826913, -504.9802145985045172 ) ) ;
#2134 = PLANE ( 'NONE',  #4528 ) ;
#2135 = DIRECTION ( 'NONE',  ( -6.162975822039157467E-33, 1.000000000000000000, 2.775557561563032360E-16 ) ) ;
#2136 = DIRECTION ( 'NONE',  ( -0.000000000000000000, 0.000000000000000000, 1.000000000000000000 ) ) ;
#2137 = VECTOR ( 'NONE', #2565, 1000.000000000000000 ) ;
#2138 = DIRECTION ( 'NONE',  ( 1.000000000000000000, -0.000000000000000000, 0.000000000000000000 ) ) ;
#2139 = EDGE_CURVE ( 'NONE', #5563, #2944, #9192, .T. ) ;
#2140 = CARTESIAN_POINT ( 'NONE',  ( -13899.99999999999818, 814.9999999999973852, -919.9999999999980673 ) ) ;
#2141 = ORIENTED_EDGE ( 'NONE', *, *, #8644, .F. ) ;
#2142 = ORIENTED_EDGE ( 'NONE', *, *, #1355, .F. ) ;
#2143 = DIRECTION ( 'NONE',  ( 6.162975822039157467E-33, -1.000000000000000000, -2.775557561563032360E-16 ) ) ;
#2144 = CARTESIAN_POINT ( 'NONE',  ( -2487.220079441456164, 296.8409399909899093, -3423.488475815656784 ) ) ;
#2145 = CARTESIAN_POINT ( 'NONE',  ( -2600.000000000001364, 739.9999999999982947, -1135.000000000000227 ) ) ;
#2146 = DIRECTION ( 'NONE',  ( -1.000000000000000000, -1.850371707708594316E-16, 0.000000000000000000 ) ) ;
#2147 = EDGE_CURVE ( 'NONE', #5153, #6038, #9148, .T. ) ;
#2148 = ORIENTED_EDGE ( 'NONE', *, *, #2581, .F. ) ;
#2149 = EDGE_LOOP ( 'NONE', ( #9150, #3435, #472, #9593 ) ) ;
#2150 = ORIENTED_EDGE ( 'NONE', *, *, #1961, .F. ) ;
#2151 = CARTESIAN_POINT ( 'NONE',  ( -14175.00000000000000, 1189.999999999997499, -960.0000000000002274 ) ) ;
#2152 = DIRECTION ( 'NONE',  ( -6.162975822039157467E-33, 1.000000000000000000, 2.775557561563032360E-16 ) ) ;
#2153 = EDGE_CURVE ( 'NONE', #1676, #9384, #7747, .T. ) ;
#2154 = CARTESIAN_POINT ( 'NONE',  ( -14388.56810139493609, -1077.499998843224375, -637.0854464784594029 ) ) ;
#2155 = CARTESIAN_POINT ( 'NONE',  ( -13828.58983848622483, 341.8139511719356847, -1135.000000000000227 ) ) ;
#2156 = FACE_OUTER_BOUND ( 'NONE', #4569, .T. ) ;
#2157 = VECTOR ( 'NONE', #791, 1000.000000000000000 ) ;
#2158 = CARTESIAN_POINT ( 'NONE',  ( -596.4101615137744830, -989.9999999999984084, -1135.000000000000227 ) ) ;
#2159 = ORIENTED_EDGE ( 'NONE', *, *, #9460, .F. ) ;
#2160 = DIRECTION ( 'NONE',  ( 1.232595164407830672E-32, 2.775557561563032360E-16, -1.000000000000000000 ) ) ;
#2161 = VERTEX_POINT ( 'NONE', #2339 ) ;
#2162 = DIRECTION ( 'NONE',  ( 0.000000000000000000, 1.000000000000000000, 0.000000000000000000 ) ) ;
#2163 = ADVANCED_FACE ( 'NONE', ( #4589 ), #7703, .T. ) ;
#2164 = VECTOR ( 'NONE', #4027, 1000.000000000000000 ) ;
#2165 = EDGE_CURVE ( 'NONE', #1231, #9454, #6646, .T. ) ;
#2166 = DIRECTION ( 'NONE',  ( 0.000000000000000000, 0.000000000000000000, -1.000000000000000000 ) ) ;
#2167 = LINE ( 'NONE', #2963, #4203 ) ;
#2168 = AXIS2_PLACEMENT_3D ( 'NONE', #6710, #8258, #3597 ) ;
#2169 = ORIENTED_EDGE ( 'NONE', *, *, #7726, .T. ) ;
#2170 = AXIS2_PLACEMENT_3D ( 'NONE', #9774, #547, #2152 ) ;
#2171 = AXIS2_PLACEMENT_3D ( 'NONE', #3743, #4683, #8355 ) ;
#2172 = LINE ( 'NONE', #2879, #870 ) ;
#2173 = CARTESIAN_POINT ( 'NONE',  ( -11411.43189860506209, -877.4999988432243754, -757.0854464784603124 ) ) ;
#2174 = CARTESIAN_POINT ( 'NONE',  ( -14494.37518636517598, 747.0986934586334201, -637.0854464784588345 ) ) ;
#2175 = EDGE_CURVE ( 'NONE', #6991, #4379, #6799, .T. ) ;
#2176 = CARTESIAN_POINT ( 'NONE',  ( -11411.43189860506209, -747.0986934586336474, -637.0854464784592892 ) ) ;
#2177 = CIRCLE ( 'NONE', #415, 99.99999999999964473 ) ;
#2178 = VERTEX_POINT ( 'NONE', #6850 ) ;
#2179 = LINE ( 'NONE', #1431, #1013 ) ;
#2180 = DIRECTION ( 'NONE',  ( 1.000000000000000000, 0.000000000000000000, 0.000000000000000000 ) ) ;
#2181 = FACE_OUTER_BOUND ( 'NONE', #6412, .T. ) ;
#2182 = ORIENTED_EDGE ( 'NONE', *, *, #3362, .T. ) ;
#2183 = CARTESIAN_POINT ( 'NONE',  ( -8984.375000000005457, 989.9999999999978400, -960.0000000000005684 ) ) ;
#2184 = ADVANCED_FACE ( 'NONE', ( #877, #1485 ), #4539, .F. ) ;
#2185 =( LENGTH_UNIT ( ) NAMED_UNIT ( * ) SI_UNIT ( .MILLI., .METRE. ) );
#2186 = VERTEX_POINT ( 'NONE', #733 ) ;
#2187 = VECTOR ( 'NONE', #7335, 1000.000000000000000 ) ;
#2188 = VERTEX_POINT ( 'NONE', #3787 ) ;
#2189 = DIRECTION ( 'NONE',  ( -6.162975822039157467E-33, 1.000000000000000000, 2.775557561563032360E-16 ) ) ;
#2190 = DIRECTION ( 'NONE',  ( 1.000000000000000000, 6.162975822039151993E-33, 1.232595164407830946E-32 ) ) ;
#2191 = DIRECTION ( 'NONE',  ( -6.162975822039157467E-33, 1.000000000000000000, 2.775557561563032360E-16 ) ) ;
#2192 = CARTESIAN_POINT ( 'NONE',  ( -14175.00000000000000, -875.0000000000000000, -1140.000000000000227 ) ) ;
#2193 = ADVANCED_FACE ( 'NONE', ( #9903 ), #2288, .T. ) ;
#2194 = ORIENTED_EDGE ( 'NONE', *, *, #4544, .T. ) ;
#2195 = EDGE_LOOP ( 'NONE', ( #1304, #6542, #2875, #8044, #6555, #3768, #564, #2194, #2745, #372, #1506, #1294, #985, #3, #6291, #7846 ) ) ;
#2196 = VECTOR ( 'NONE', #3422, 1000.000000000000000 ) ;
#2197 = DIRECTION ( 'NONE',  ( -1.000000000000000000, 0.000000000000000000, 0.000000000000000000 ) ) ;
#2198 = CARTESIAN_POINT ( 'NONE',  ( -12100.00000000000182, -814.9999999999974989, -459.9999999999983515 ) ) ;
#2199 = FACE_OUTER_BOUND ( 'NONE', #2614, .T. ) ;
#2200 = CARTESIAN_POINT ( 'NONE',  ( -5576.316527040901747, 1089.999999999998181, -6660.000000000000909 ) ) ;
#2201 = ADVANCED_FACE ( 'NONE', ( #6996 ), #8453, .F. ) ;
#2202 = VERTEX_POINT ( 'NONE', #6944 ) ;
#2203 = VECTOR ( 'NONE', #3686, 1000.000000000000000 ) ;
#2204 = CARTESIAN_POINT ( 'NONE',  ( -11661.34256363902387, 896.2284449665696684, -757.0854464784598576 ) ) ;
#2205 = DIRECTION ( 'NONE',  ( -1.000000000000000000, -6.162975822039151993E-33, -1.232595164407830946E-32 ) ) ;
#2206 = EDGE_CURVE ( 'NONE', #8829, #7495, #3915, .T. ) ;
#2207 = VECTOR ( 'NONE', #2908, 1000.000000000000000 ) ;
#2208 = CARTESIAN_POINT ( 'NONE',  ( -14338.65743636097613, -896.2284449665696684, -757.0854464784603124 ) ) ;
#2209 = ORIENTED_EDGE ( 'NONE', *, *, #9024, .F. ) ;
#2210 = AXIS2_PLACEMENT_3D ( 'NONE', #3770, #6074, #7281 ) ;
#2211 = DIRECTION ( 'NONE',  ( 1.000000000000000000, 0.000000000000000000, 0.000000000000000000 ) ) ;
#2212 = ADVANCED_FACE ( 'NONE', ( #4035 ), #7947, .T. ) ;
#2213 = DIRECTION ( 'NONE',  ( -6.162975822039157467E-33, 1.000000000000000000, 2.775557561563032360E-16 ) ) ;
#2214 = VECTOR ( 'NONE', #6251, 1000.000000000000000 ) ;
#2215 = DIRECTION ( 'NONE',  ( 1.000000000000000000, 0.000000000000000000, 0.000000000000000000 ) ) ;
#2216 = VECTOR ( 'NONE', #1893, 1000.000000000000114 ) ;
#2217 = ORIENTED_EDGE ( 'NONE', *, *, #8468, .T. ) ;
#2218 = ADVANCED_FACE ( 'NONE', ( #9289 ), #9492, .F. ) ;
#2219 = PRODUCT_DEFINITION_CONTEXT ( 'detailed design', #6668, 'design' ) ;
#2220 = EDGE_CURVE ( 'NONE', #7478, #9233, #376, .T. ) ;
#2221 = ORIENTED_EDGE ( 'NONE', *, *, #7617, .F. ) ;
#2222 = VECTOR ( 'NONE', #150, 1000.000000000000000 ) ;
#2223 = LINE ( 'NONE', #99, #5556 ) ;
#2224 = FACE_OUTER_BOUND ( 'NONE', #3238, .T. ) ;
#2225 = AXIS2_PLACEMENT_3D ( 'NONE', #5925, #9073, #9731 ) ;
#2226 = DIRECTION ( 'NONE',  ( 1.000000000000000000, 0.000000000000000000, 0.000000000000000000 ) ) ;
#2227 = CARTESIAN_POINT ( 'NONE',  ( -2600.000000000000455, -989.9999999999990905, -1135.000000000000227 ) ) ;
#2228 = ORIENTED_EDGE ( 'NONE', *, *, #6745, .F. ) ;
#2229 = CIRCLE ( 'NONE', #1754, 35.00000000000014211 ) ;
#2230 = CARTESIAN_POINT ( 'NONE',  ( -4318.749999999997272, -560.2425708315863631, -1135.000000000000227 ) ) ;
#2231 = EDGE_CURVE ( 'NONE', #4106, #5563, #175, .T. ) ;
#2232 = DIRECTION ( 'NONE',  ( -0.000000000000000000, 0.000000000000000000, 1.000000000000000000 ) ) ;
#2233 = DIRECTION ( 'NONE',  ( 1.000000000000000000, 0.000000000000000000, -0.000000000000000000 ) ) ;
#2234 = ORIENTED_EDGE ( 'NONE', *, *, #2342, .F. ) ;
#2235 = ORIENTED_EDGE ( 'NONE', *, *, #3371, .T. ) ;
#2236 = CARTESIAN_POINT ( 'NONE',  ( -12143.40011953353496, 747.0986934586334201, -637.0854464784588345 ) ) ;
#2237 = CARTESIAN_POINT ( 'NONE',  ( 0.000000000000000000, 0.000000000000000000, -1135.000000000000227 ) ) ;
#2238 = DIRECTION ( 'NONE',  ( -1.232595164407830672E-32, -2.249385511977649118E-16, 1.000000000000000000 ) ) ;
#2239 = CIRCLE ( 'NONE', #7841, 460.0000000000000000 ) ;
#2240 = DIRECTION ( 'NONE',  ( -0.000000000000000000, 1.000000000000000000, -0.000000000000000000 ) ) ;
#2241 = CARTESIAN_POINT ( 'NONE',  ( -13856.59988046646504, 747.0986934586334201, -637.0854464784588345 ) ) ;
#2242 = EDGE_CURVE ( 'NONE', #1499, #2918, #8649, .T. ) ;
#2243 = ORIENTED_EDGE ( 'NONE', *, *, #5233, .T. ) ;
#2244 = VERTEX_POINT ( 'NONE', #4735 ) ;
#2245 = APPLICATION_CONTEXT ( 'automotive_design' ) ;
#2246 = EDGE_LOOP ( 'NONE', ( #2370, #1686, #5467, #9531 ) ) ;
#2247 = DIRECTION ( 'NONE',  ( -0.000000000000000000, -0.000000000000000000, -1.000000000000000000 ) ) ;
#2248 = CARTESIAN_POINT ( 'NONE',  ( -13250.00000000000000, 1077.499998843224375, -589.9999999999964757 ) ) ;
#2249 = DIRECTION ( 'NONE',  ( -1.000000000000000000, 0.000000000000000000, 0.000000000000000000 ) ) ;
#2250 = DIRECTION ( 'NONE',  ( -0.000000000000000000, -0.000000000000000000, -1.000000000000000000 ) ) ;
#2251 = ORIENTED_EDGE ( 'NONE', *, *, #7206, .T. ) ;
#2252 = CYLINDRICAL_SURFACE ( 'NONE', #5675, 99.99999999999964473 ) ;
#2253 = DIRECTION ( 'NONE',  ( 1.232595164407830672E-32, 2.775557561563032360E-16, -1.000000000000000000 ) ) ;
#2254 = AXIS2_PLACEMENT_3D ( 'NONE', #3964, #158, #763 ) ;
#2255 = ORIENTED_EDGE ( 'NONE', *, *, #4960, .T. ) ;
#2256 = CARTESIAN_POINT ( 'NONE',  ( -12225.00000000000182, 1189.999999999998408, -960.0000000000002274 ) ) ;
#2257 = ORIENTED_EDGE ( 'NONE', *, *, #2979, .F. ) ;
#2258 = PLANE ( 'NONE',  #4800 ) ;
#2259 = DIRECTION ( 'NONE',  ( -0.000000000000000000, 0.000000000000000000, -1.000000000000000000 ) ) ;
#2260 = EDGE_CURVE ( 'NONE', #6360, #7604, #2808, .T. ) ;
#2261 = CARTESIAN_POINT ( 'NONE',  ( -162.2440211999298754, 1189.999999999998408, 920.1315677728708806 ) ) ;
#2262 = VERTEX_POINT ( 'NONE', #5486 ) ;
#2263 = ORIENTED_EDGE ( 'NONE', *, *, #3556, .T. ) ;
#2264 = ADVANCED_FACE ( 'NONE', ( #7099 ), #5685, .F. ) ;
#2265 = ORIENTED_EDGE ( 'NONE', *, *, #8028, .F. ) ;
#2266 = DIRECTION ( 'NONE',  ( -1.000000000000000000, 0.000000000000000000, 0.000000000000000000 ) ) ;
#2267 = VECTOR ( 'NONE', #6214, 1000.000000000000000 ) ;
#2268 = AXIS2_PLACEMENT_3D ( 'NONE', #2062, #5109, #1157 ) ;
#2269 = DIRECTION ( 'NONE',  ( 6.265808957320107111E-17, 1.000000000000000000, 0.000000000000000000 ) ) ;
#2270 = DIRECTION ( 'NONE',  ( 1.000000000000000000, 1.665334536937733430E-15, 0.000000000000000000 ) ) ;
#2271 = CARTESIAN_POINT ( 'NONE',  ( -596.4101615137744830, 739.9999999999984084, -1135.000000000000227 ) ) ;
#2272 = EDGE_CURVE ( 'NONE', #8155, #579, #9685, .T. ) ;
#2273 = EDGE_LOOP ( 'NONE', ( #4803, #8399, #2217, #7359 ) ) ;
#2274 = ADVANCED_FACE ( 'NONE', ( #8547 ), #7050, .F. ) ;
#2275 = CARTESIAN_POINT ( 'NONE',  ( -12750.00000000000000, 899.9999999999986358, -637.0854464784587208 ) ) ;
#2276 = EDGE_LOOP ( 'NONE', ( #1637, #6030, #1436, #204 ) ) ;
#2277 = AXIS2_PLACEMENT_3D ( 'NONE', #2610, #459, #252 ) ;
#2278 = CARTESIAN_POINT ( 'NONE',  ( -12225.00000000000182, -1190.000000000000682, -960.0000000000002274 ) ) ;
#2279 = CARTESIAN_POINT ( 'NONE',  ( -4618.749999999996362, 989.9999999999984084, -960.0000000000002274 ) ) ;
#2280 = EDGE_CURVE ( 'NONE', #809, #347, #3271, .T. ) ;
#2281 = ORIENTED_EDGE ( 'NONE', *, *, #3532, .T. ) ;
#2282 = ADVANCED_FACE ( 'NONE', ( #7899 ), #333, .F. ) ;
#2283 = ORIENTED_EDGE ( 'NONE', *, *, #2936, .F. ) ;
#2284 = FACE_OUTER_BOUND ( 'NONE', #126, .T. ) ;
#2285 = CARTESIAN_POINT ( 'NONE',  ( -13000.00000000000000, 4.163336342343563943E-15, -725.0000000000050022 ) ) ;
#2286 = DIRECTION ( 'NONE',  ( 0.000000000000000000, -0.9901138386947148096, 0.1402661271484179906 ) ) ;
#2287 = CARTESIAN_POINT ( 'NONE',  ( -11499.99999999997999, 699.9999999999986358, -623.2943698956130447 ) ) ;
#2288 = PLANE ( 'NONE',  #6001 ) ;
#2289 = EDGE_CURVE ( 'NONE', #4501, #7683, #3224, .T. ) ;
#2290 = ORIENTED_EDGE ( 'NONE', *, *, #7193, .T. ) ;
#2291 = ORIENTED_EDGE ( 'NONE', *, *, #5261, .F. ) ;
#2292 = EDGE_LOOP ( 'NONE', ( #1362, #3211 ) ) ;
#2293 = CIRCLE ( 'NONE', #7578, 99.99999999999964473 ) ;
#2294 = LINE ( 'NONE', #885, #6417 ) ;
#2295 = CARTESIAN_POINT ( 'NONE',  ( -11499.99999999997999, -190.0000000000007674, -504.9802145985038351 ) ) ;
#2296 = CARTESIAN_POINT ( 'NONE',  ( -14175.00000000000000, -1190.000000000001137, -1160.000000000000227 ) ) ;
#2297 = EDGE_CURVE ( 'NONE', #4443, #9173, #9046, .T. ) ;
#2298 = CARTESIAN_POINT ( 'NONE',  ( -1950.000000000000682, -800.0000000000000000, -910.0000000000001137 ) ) ;
#2299 = VERTEX_POINT ( 'NONE', #5635 ) ;
#2300 = VERTEX_POINT ( 'NONE', #8600 ) ;
#2301 = EDGE_LOOP ( 'NONE', ( #3290, #3153, #2674, #7257, #6592, #4198 ) ) ;
#2302 = DIRECTION ( 'NONE',  ( -9.378386130608760079E-33, 0.9597039290011751822, 0.2810131111882634425 ) ) ;
#2303 = CARTESIAN_POINT ( 'NONE',  ( -14588.56810139493791, -278.9021535255452022, -623.7872381793328032 ) ) ;
#2304 = ORIENTED_EDGE ( 'NONE', *, *, #1888, .F. ) ;
#2305 = EDGE_LOOP ( 'NONE', ( #4417, #5047, #7607, #407 ) ) ;
#2306 = DIRECTION ( 'NONE',  ( 6.162975822039157467E-33, -1.000000000000000000, -2.775557561563032360E-16 ) ) ;
#2307 = CARTESIAN_POINT ( 'NONE',  ( -14588.56810139493791, -747.0986934586336474, -637.0854464784592892 ) ) ;
#2308 = AXIS2_PLACEMENT_3D ( 'NONE', #4992, #8059, #1193 ) ;
#2309 = PLANE ( 'NONE',  #1002 ) ;
#2310 = ORIENTED_EDGE ( 'NONE', *, *, #9257, .F. ) ;
#2311 = CARTESIAN_POINT ( 'NONE',  ( -10244.74851850930827, -1089.999999999998181, -1059.999999999998181 ) ) ;
#2312 = VERTEX_POINT ( 'NONE', #6342 ) ;
#2313 = ORIENTED_EDGE ( 'NONE', *, *, #4907, .F. ) ;
#2314 = EDGE_CURVE ( 'NONE', #9104, #1339, #4789, .T. ) ;
#2315 = VERTEX_POINT ( 'NONE', #8694 ) ;
#2316 = FACE_OUTER_BOUND ( 'NONE', #8627, .T. ) ;
#2317 = DIRECTION ( 'NONE',  ( 1.232595164407830672E-32, 2.775557561563032360E-16, -1.000000000000000000 ) ) ;
#2318 = DIRECTION ( 'NONE',  ( -1.000000000000000000, 0.000000000000000000, -0.000000000000000000 ) ) ;
#2319 = CARTESIAN_POINT ( 'NONE',  ( -14175.00000000000000, 1189.999999999997499, -1160.000000000000227 ) ) ;
#2320 = ORIENTED_EDGE ( 'NONE', *, *, #1610, .F. ) ;
#2321 = ADVANCED_FACE ( 'NONE', ( #4142 ), #3277, .F. ) ;
#2322 = AXIS2_PLACEMENT_3D ( 'NONE', #3985, #4838, #1740 ) ;
#2323 = FACE_OUTER_BOUND ( 'NONE', #9787, .T. ) ;
#2324 = VECTOR ( 'NONE', #3508, 1000.000000000000000 ) ;
#2325 = EDGE_CURVE ( 'NONE', #3081, #6474, #6696, .T. ) ;
#2326 = EDGE_CURVE ( 'NONE', #9112, #9234, #9646, .T. ) ;
#2327 = VECTOR ( 'NONE', #4638, 1000.000000000000000 ) ;
#2328 = LINE ( 'NONE', #3975, #6192 ) ;
#2329 = VECTOR ( 'NONE', #2857, 1000.000000000000000 ) ;
#2330 = AXIS2_PLACEMENT_3D ( 'NONE', #7066, #1757, #4104 ) ;
#2331 =( NAMED_UNIT ( * ) SI_UNIT ( $, .STERADIAN. ) SOLID_ANGLE_UNIT ( ) );
#2332 = ORIENTED_EDGE ( 'NONE', *, *, #6630, .T. ) ;
#2333 = ORIENTED_EDGE ( 'NONE', *, *, #6987, .F. ) ;
#2334 = EDGE_CURVE ( 'NONE', #8506, #1725, #2480, .T. ) ;
#2335 = CARTESIAN_POINT ( 'NONE',  ( -14388.56810139493609, 1077.499998843224375, -757.0854464784597440 ) ) ;
#2336 = CARTESIAN_POINT ( 'NONE',  ( -13000.00000000000000, 229.9999999211528348, -725.0000000000050022 ) ) ;
#2337 = PLANE ( 'NONE',  #289 ) ;
#2338 = DIRECTION ( 'NONE',  ( 0.000000000000000000, 0.000000000000000000, -1.000000000000000000 ) ) ;
#2339 = CARTESIAN_POINT ( 'NONE',  ( -8598.683472959093706, 1089.999999999998181, -759.9999999999997726 ) ) ;
#2340 = VERTEX_POINT ( 'NONE', #9755 ) ;
#2341 = ORIENTED_EDGE ( 'NONE', *, *, #9184, .F. ) ;
#2342 = EDGE_CURVE ( 'NONE', #3890, #3552, #5083, .T. ) ;
#2343 = ORIENTED_EDGE ( 'NONE', *, *, #9089, .F. ) ;
#2344 = ORIENTED_EDGE ( 'NONE', *, *, #7824, .F. ) ;
#2345 = EDGE_CURVE ( 'NONE', #3642, #7416, #3430, .T. ) ;
#2346 = LINE ( 'NONE', #2946, #5762 ) ;
#2347 = DIRECTION ( 'NONE',  ( 6.265808957320107111E-17, -1.000000000000000000, 0.000000000000000000 ) ) ;
#2348 = DIRECTION ( 'NONE',  ( 1.000000000000000000, 6.162975822039154046E-33, 1.232595164407830946E-32 ) ) ;
#2349 = DIRECTION ( 'NONE',  ( 0.000000000000000000, 0.000000000000000000, -1.000000000000000000 ) ) ;
#2350 = ORIENTED_EDGE ( 'NONE', *, *, #5414, .T. ) ;
#2351 = ORIENTED_EDGE ( 'NONE', *, *, #9917, .F. ) ;
#2352 = LINE ( 'NONE', #3047, #721 ) ;
#2353 = LINE ( 'NONE', #143, #9423 ) ;
#2354 = VECTOR ( 'NONE', #6062, 1000.000000000000000 ) ;
#2355 = VERTEX_POINT ( 'NONE', #2090 ) ;
#2356 = EDGE_CURVE ( 'NONE', #7620, #5195, #3585, .T. ) ;
#2357 = VECTOR ( 'NONE', #1264, 1000.000000000000000 ) ;
#2358 = ORIENTED_EDGE ( 'NONE', *, *, #6814, .F. ) ;
#2359 = CARTESIAN_POINT ( 'NONE',  ( -11825.00000000000182, 0.000000000000000000, 0.000000000000000000 ) ) ;
#2360 = CIRCLE ( 'NONE', #6897, 99.99999999999964473 ) ;
#2361 = PLANE ( 'NONE',  #4921 ) ;
#2362 = CARTESIAN_POINT ( 'NONE',  ( -14588.56810139493791, 725.0021062409357455, -757.0854464784598576 ) ) ;
#2363 = LINE ( 'NONE', #7498, #3502 ) ;
#2364 = LINE ( 'NONE', #5181, #8349 ) ;
#2365 = EDGE_LOOP ( 'NONE', ( #8900, #8137, #6628, #326 ) ) ;
#2366 = CIRCLE ( 'NONE', #9230, 250.0000000000000000 ) ;
#2367 = AXIS2_PLACEMENT_3D ( 'NONE', #8199, #5426, #5983 ) ;
#2368 = EDGE_CURVE ( 'NONE', #8378, #8428, #2888, .T. ) ;
#2369 = ORIENTED_EDGE ( 'NONE', *, *, #6768, .T. ) ;
#2370 = ORIENTED_EDGE ( 'NONE', *, *, #5351, .T. ) ;
#2371 = LINE ( 'NONE', #5419, #2054 ) ;
#2372 = DIRECTION ( 'NONE',  ( -6.162975822039157467E-33, 1.000000000000000000, 2.775557561563032360E-16 ) ) ;
#2373 = CARTESIAN_POINT ( 'NONE',  ( -12225.00000000000182, 1189.999999999998408, -960.0000000000002274 ) ) ;
#2374 = VECTOR ( 'NONE', #4202, 1000.000000000000000 ) ;
#2375 = DIRECTION ( 'NONE',  ( -1.432545838226008708E-17, 1.000000000000000000, -0.000000000000000000 ) ) ;
#2376 = CIRCLE ( 'NONE', #7981, 35.00000000000014211 ) ;
#2377 = EDGE_LOOP ( 'NONE', ( #7798, #6344, #49, #96, #9599, #2500 ) ) ;
#2378 = EDGE_CURVE ( 'NONE', #179, #4843, #4338, .T. ) ;
#2379 = LINE ( 'NONE', #770, #4922 ) ;
#2380 = AXIS2_PLACEMENT_3D ( 'NONE', #2523, #6886, #911 ) ;
#2381 = CARTESIAN_POINT ( 'NONE',  ( -14175.00000000000000, -875.0000000000000000, -1060.000000000000000 ) ) ;
#2382 = LINE ( 'NONE', #3071, #6018 ) ;
#2383 = EDGE_LOOP ( 'NONE', ( #2209, #500, #2024, #6960 ) ) ;
#2384 = VERTEX_POINT ( 'NONE', #3537 ) ;
#2385 = EDGE_CURVE ( 'NONE', #1068, #1925, #8993, .T. ) ;
#2386 = CARTESIAN_POINT ( 'NONE',  ( -11611.43189860506391, -1077.499998843224375, -757.0854464784604261 ) ) ;
#2387 = CARTESIAN_POINT ( 'NONE',  ( -3930.251481490694459, 5431.508564030776142, -1059.999999999999091 ) ) ;
#2388 = DIRECTION ( 'NONE',  ( -1.000000000000000000, -6.162975822039151993E-33, -1.232595164407830946E-32 ) ) ;
#2389 = DIRECTION ( 'NONE',  ( -6.162975822039157467E-33, 1.000000000000000000, 3.301729611148415602E-16 ) ) ;
#2390 = CARTESIAN_POINT ( 'NONE',  ( -4034.427420795908347, 954.9999999999980673, -1135.000000000000227 ) ) ;
#2391 = ORIENTED_EDGE ( 'NONE', *, *, #8348, .T. ) ;
#2392 = EDGE_LOOP ( 'NONE', ( #8140, #1706, #1640, #4554 ) ) ;
#2393 = VERTEX_POINT ( 'NONE', #8200 ) ;
#2394 = ORIENTED_EDGE ( 'NONE', *, *, #2632, .F. ) ;
#2395 = DIRECTION ( 'NONE',  ( 0.000000000000000000, 0.000000000000000000, 1.000000000000000000 ) ) ;
#2396 = DIRECTION ( 'NONE',  ( -6.162975822039157467E-33, 1.000000000000000000, 2.775557561563032360E-16 ) ) ;
#2397 = DIRECTION ( 'NONE',  ( 6.265808957320107111E-17, 1.000000000000000000, 0.000000000000000000 ) ) ;
#2398 = CARTESIAN_POINT ( 'NONE',  ( -14175.00000000000000, -875.0000000000000000, -1140.000000000000227 ) ) ;
#2399 = CIRCLE ( 'NONE', #9269, 99.99999999999964473 ) ;
#2400 = EDGE_CURVE ( 'NONE', #3073, #9618, #5136, .T. ) ;
#2401 = ORIENTED_EDGE ( 'NONE', *, *, #6836, .F. ) ;
#2402 = ADVANCED_FACE ( 'NONE', ( #8154 ), #6598, .T. ) ;
#2403 = ORIENTED_EDGE ( 'NONE', *, *, #2104, .F. ) ;
#2404 = DIRECTION ( 'NONE',  ( -0.9848077530122075762, 4.819705125750964784E-17, -0.1736481776669329402 ) ) ;
#2405 = DIRECTION ( 'NONE',  ( -1.432545838226008708E-17, 1.000000000000000000, -0.000000000000000000 ) ) ;
#2406 = ORIENTED_EDGE ( 'NONE', *, *, #5154, .F. ) ;
#2407 = VECTOR ( 'NONE', #7806, 1000.000000000000000 ) ;
#2408 = ORIENTED_EDGE ( 'NONE', *, *, #7238, .T. ) ;
#2409 = CARTESIAN_POINT ( 'NONE',  ( 0.000000000000000000, -875.0000000000000000, -1060.000000000000000 ) ) ;
#2410 = CARTESIAN_POINT ( 'NONE',  ( -11390.53962160355877, 92.81522335463986906, -1135.000000000000227 ) ) ;
#2411 = DIRECTION ( 'NONE',  ( 1.000000000000000000, 0.000000000000000000, 0.000000000000000000 ) ) ;
#2412 = EDGE_CURVE ( 'NONE', #2829, #3312, #571, .T. ) ;
#2413 = VECTOR ( 'NONE', #312, 1000.000000000000000 ) ;
#2414 = CARTESIAN_POINT ( 'NONE',  ( -162.2440211999298754, 1189.999999999998408, 920.1315677728708806 ) ) ;
#2415 = DIRECTION ( 'NONE',  ( 0.000000000000000000, 0.000000000000000000, -1.000000000000000000 ) ) ;
#2416 = VERTEX_POINT ( 'NONE', #531 ) ;
#2417 = ORIENTED_EDGE ( 'NONE', *, *, #7134, .F. ) ;
#2418 = CARTESIAN_POINT ( 'NONE',  ( -12225.00000000000182, -739.9999999999984084, 0.000000000000000000 ) ) ;
#2419 = VECTOR ( 'NONE', #2870, 1000.000000000000000 ) ;
#2420 = CARTESIAN_POINT ( 'NONE',  ( -13856.59988046646504, 295.9385695031826913, -504.9802145985045172 ) ) ;
#2421 = CARTESIAN_POINT ( 'NONE',  ( -4318.749999999996362, 560.2425708315851125, -960.0000000000002274 ) ) ;
#2422 = DIRECTION ( 'NONE',  ( -0.000000000000000000, -1.000000000000000000, -0.000000000000000000 ) ) ;
#2423 = EDGE_LOOP ( 'NONE', ( #137, #6667, #9322, #3235 ) ) ;
#2424 = ADVANCED_FACE ( 'NONE', ( #5183 ), #7502, .T. ) ;
#2425 = LINE ( 'NONE', #6975, #9728 ) ;
#2426 = DIRECTION ( 'NONE',  ( 0.000000000000000000, -0.000000000000000000, -1.000000000000000000 ) ) ;
#2427 = CARTESIAN_POINT ( 'NONE',  ( -12225.00000000000182, -739.9999999999984084, -1135.000000000000227 ) ) ;
#2428 = ORIENTED_EDGE ( 'NONE', *, *, #1622, .T. ) ;
#2429 = ORIENTED_EDGE ( 'NONE', *, *, #2760, .F. ) ;
#2430 = CYLINDRICAL_SURFACE ( 'NONE', #1111, 99.99999999999964473 ) ;
#2431 = DIRECTION ( 'NONE',  ( 0.000000000000000000, 0.000000000000000000, 1.000000000000000000 ) ) ;
#2432 = DIRECTION ( 'NONE',  ( 1.000000000000000000, 6.162975822039151993E-33, 1.232595164407830946E-32 ) ) ;
#2433 = DIRECTION ( 'NONE',  ( -0.000000000000000000, 0.000000000000000000, 1.000000000000000000 ) ) ;
#2434 = AXIS2_PLACEMENT_3D ( 'NONE', #5972, #9786, #8330 ) ;
#2435 = ORIENTED_EDGE ( 'NONE', *, *, #9198, .T. ) ;
#2436 = VERTEX_POINT ( 'NONE', #2835 ) ;
#2437 = ORIENTED_EDGE ( 'NONE', *, *, #8086, .F. ) ;
#2438 = ORIENTED_EDGE ( 'NONE', *, *, #4907, .T. ) ;
#2439 = CARTESIAN_POINT ( 'NONE',  ( -11505.62481363482402, 747.0986934586334201, -637.0854464784588345 ) ) ;
#2440 = ADVANCED_FACE ( 'NONE', ( #4383 ), #5735, .F. ) ;
#2441 = CIRCLE ( 'NONE', #8046, 250.0000000000000000 ) ;
#2442 = LINE ( 'NONE', #5492, #5127 ) ;
#2443 = FACE_OUTER_BOUND ( 'NONE', #6770, .T. ) ;
#2444 = DIRECTION ( 'NONE',  ( -1.000000000000000000, -0.000000000000000000, -0.000000000000000000 ) ) ;
#2445 = FACE_OUTER_BOUND ( 'NONE', #8797, .T. ) ;
#2446 = ORIENTED_EDGE ( 'NONE', *, *, #2147, .T. ) ;
#2447 = DIRECTION ( 'NONE',  ( -1.053265169784349329E-32, 0.9185881544472646043, 0.3952161465694035702 ) ) ;
#2448 = EDGE_CURVE ( 'NONE', #9558, #4028, #7449, .T. ) ;
#2449 = VERTEX_POINT ( 'NONE', #4984 ) ;
#2450 = LINE ( 'NONE', #9161, #9905 ) ;
#2451 = CARTESIAN_POINT ( 'NONE',  ( -1950.000000000000682, 739.9999999999984084, -960.0000000000002274 ) ) ;
#2452 = VECTOR ( 'NONE', #3957, 1000.000000000000000 ) ;
#2453 = ORIENTED_EDGE ( 'NONE', *, *, #7985, .F. ) ;
#2454 = EDGE_CURVE ( 'NONE', #2786, #7819, #1514, .T. ) ;
#2455 = ORIENTED_EDGE ( 'NONE', *, *, #8093, .T. ) ;
#2456 = LINE ( 'NONE', #3008, #6078 ) ;
#2457 = CARTESIAN_POINT ( 'NONE',  ( -2350.000000000000455, 739.9999999999982947, -1135.000000000000227 ) ) ;
#2458 = CARTESIAN_POINT ( 'NONE',  ( -9556.250000000003638, -739.9999999999997726, -960.0000000000002274 ) ) ;
#2459 = DIRECTION ( 'NONE',  ( -1.000000000000000000, -6.162975822039151993E-33, -1.232595164407830946E-32 ) ) ;
#2460 = FACE_OUTER_BOUND ( 'NONE', #2392, .T. ) ;
#2461 = ORIENTED_EDGE ( 'NONE', *, *, #9241, .T. ) ;
#2462 = ORIENTED_EDGE ( 'NONE', *, *, #7182, .F. ) ;
#2463 = ORIENTED_EDGE ( 'NONE', *, *, #4369, .F. ) ;
#2464 = EDGE_CURVE ( 'NONE', #7819, #2786, #2655, .T. ) ;
#2465 = DIRECTION ( 'NONE',  ( 1.000000000000000000, 0.000000000000000000, -0.000000000000000000 ) ) ;
#2466 = EDGE_CURVE ( 'NONE', #4276, #9896, #9040, .T. ) ;
#2467 = LINE ( 'NONE', #8535, #5769 ) ;
#2468 = CARTESIAN_POINT ( 'NONE',  ( -12143.40011953353496, -295.9385695031828050, -504.9802145985046309 ) ) ;
#2469 = CYLINDRICAL_SURFACE ( 'NONE', #7511, 50.00000000000071054 ) ;
#2470 = ORIENTED_EDGE ( 'NONE', *, *, #7406, .T. ) ;
#2471 = ORIENTED_EDGE ( 'NONE', *, *, #1730, .T. ) ;
#2472 = AXIS2_PLACEMENT_3D ( 'NONE', #5039, #6647, #1293 ) ;
#2473 = VERTEX_POINT ( 'NONE', #4486 ) ;
#2474 = ADVANCED_FACE ( 'NONE', ( #2181 ), #2929, .F. ) ;
#2475 = LINE ( 'NONE', #110, #3145 ) ;
#2476 = AXIS2_PLACEMENT_3D ( 'NONE', #9201, #8361, #6808 ) ;
#2477 = DIRECTION ( 'NONE',  ( 1.000000000000000000, 0.000000000000000000, -0.000000000000000000 ) ) ;
#2478 = VECTOR ( 'NONE', #7789, 1000.000000000000000 ) ;
#2479 = VERTEX_POINT ( 'NONE', #638 ) ;
#2480 = CIRCLE ( 'NONE', #8090, 200.0000000000000000 ) ;
#2481 = ORIENTED_EDGE ( 'NONE', *, *, #9770, .T. ) ;
#2482 = AXIS2_PLACEMENT_3D ( 'NONE', #8374, #2077, #2820 ) ;
#2483 = LINE ( 'NONE', #5535, #9254 ) ;
#2484 = FACE_OUTER_BOUND ( 'NONE', #1370, .T. ) ;
#2485 = DIRECTION ( 'NONE',  ( -1.432545838226008708E-17, -1.000000000000000000, 0.000000000000000000 ) ) ;
#2486 = CARTESIAN_POINT ( 'NONE',  ( -2825.068018844486232, -989.9999999999989768, 5040.000000000000000 ) ) ;
#2487 = VECTOR ( 'NONE', #4900, 1000.000000000000000 ) ;
#2488 = VERTEX_POINT ( 'NONE', #3687 ) ;
#2489 = ORIENTED_EDGE ( 'NONE', *, *, #5440, .T. ) ;
#2490 = AXIS2_PLACEMENT_3D ( 'NONE', #9177, #2318, #8288 ) ;
#2491 = ORIENTED_EDGE ( 'NONE', *, *, #2493, .T. ) ;
#2492 = EDGE_LOOP ( 'NONE', ( #3082, #5737, #5540, #218 ) ) ;
#2493 = EDGE_CURVE ( 'NONE', #1769, #9104, #9798, .T. ) ;
#2494 = AXIS2_PLACEMENT_3D ( 'NONE', #392, #6511, #8665 ) ;
#2495 = CARTESIAN_POINT ( 'NONE',  ( -4047.454448600424257, -922.5146718258752117, -960.0000000000002274 ) ) ;
#2496 = LINE ( 'NONE', #7905, #1607 ) ;
#2497 = CARTESIAN_POINT ( 'NONE',  ( -12320.00000000000000, -1970.627566330085983, -239.9999999999987779 ) ) ;
#2498 = CARTESIAN_POINT ( 'NONE',  ( -1950.000000000000682, -1189.999999999998408, -960.0000000000002274 ) ) ;
#2499 = CARTESIAN_POINT ( 'NONE',  ( 620.0000000000000000, 875.0000000000000000, -1210.000000000000000 ) ) ;
#2500 = ORIENTED_EDGE ( 'NONE', *, *, #395, .T. ) ;
#2501 = ORIENTED_EDGE ( 'NONE', *, *, #395, .F. ) ;
#2502 = LINE ( 'NONE', #7865, #120 ) ;
#2503 = EDGE_CURVE ( 'NONE', #8754, #7210, #7961, .T. ) ;
#2504 = EDGE_LOOP ( 'NONE', ( #9062, #9865, #1705, #7305 ) ) ;
#2505 = LINE ( 'NONE', #191, #7451 ) ;
#2506 = CARTESIAN_POINT ( 'NONE',  ( -1950.000000000001137, -1189.999999999998863, -960.0000000000002274 ) ) ;
#2507 = ORIENTED_EDGE ( 'NONE', *, *, #9228, .F. ) ;
#2508 = ORIENTED_EDGE ( 'NONE', *, *, #1159, .T. ) ;
#2509 = ORIENTED_EDGE ( 'NONE', *, *, #1195, .T. ) ;
#2510 = CARTESIAN_POINT ( 'NONE',  ( -10140.57257920408301, -990.0000000000003411, -1135.000000000000227 ) ) ;
#2511 = CARTESIAN_POINT ( 'NONE',  ( -14500.00000000002001, 715.8858524671088617, -627.9459428346824552 ) ) ;
#2512 = DIRECTION ( 'NONE',  ( -6.162975822039157467E-33, 1.000000000000000000, 2.775557561563032360E-16 ) ) ;
#2513 = CIRCLE ( 'NONE', #3936, 99.99999999999997158 ) ;
#2514 = EDGE_CURVE ( 'NONE', #4186, #1731, #7218, .T. ) ;
#2515 = LINE ( 'NONE', #1161, #309 ) ;
#2516 = CARTESIAN_POINT ( 'NONE',  ( -11825.00000000000000, 241.8139511719357131, -3423.488475815656784 ) ) ;
#2517 = ORIENTED_EDGE ( 'NONE', *, *, #6266, .F. ) ;
#2518 = EDGE_LOOP ( 'NONE', ( #9493, #692, #6152, #8087 ) ) ;
#2519 = CARTESIAN_POINT ( 'NONE',  ( -11501.56891704290865, 725.0021062409357455, -757.0854464784598576 ) ) ;
#2520 = VECTOR ( 'NONE', #7738, 1000.000000000000000 ) ;
#2521 = EDGE_CURVE ( 'NONE', #5648, #1391, #4049, .T. ) ;
#2522 = CARTESIAN_POINT ( 'NONE',  ( -10127.54555139957301, -922.5146718258764622, -960.0000000000000000 ) ) ;
#2523 = CARTESIAN_POINT ( 'NONE',  ( -11611.43189860506391, -877.4999988432243754, -909.9999999999987494 ) ) ;
#2524 = ORIENTED_EDGE ( 'NONE', *, *, #7590, .F. ) ;
#2525 = EDGE_CURVE ( 'NONE', #6084, #3292, #4898, .T. ) ;
#2526 = CIRCLE ( 'NONE', #8131, 79.99999999999995737 ) ;
#2527 = EDGE_CURVE ( 'NONE', #674, #2384, #2502, .T. ) ;
#2528 = ORIENTED_EDGE ( 'NONE', *, *, #555, .T. ) ;
#2529 = ORIENTED_EDGE ( 'NONE', *, *, #6332, .T. ) ;
#2530 = DIRECTION ( 'NONE',  ( 0.000000000000000000, -0.9901138386947148096, 0.1402661271484180183 ) ) ;
#2531 = LINE ( 'NONE', #3375, #2895 ) ;
#2532 = VECTOR ( 'NONE', #1110, 1000.000000000000000 ) ;
#2533 = FACE_OUTER_BOUND ( 'NONE', #1359, .T. ) ;
#2534 = DIRECTION ( 'NONE',  ( 1.000000000000000000, 0.000000000000000000, 0.000000000000000000 ) ) ;
#2535 = ORIENTED_EDGE ( 'NONE', *, *, #555, .F. ) ;
#2536 = ORIENTED_EDGE ( 'NONE', *, *, #5879, .T. ) ;
#2537 = DIRECTION ( 'NONE',  ( -1.000000000000000000, 0.000000000000000000, 0.000000000000000000 ) ) ;
#2538 = VECTOR ( 'NONE', #6183, 1000.000000000000000 ) ;
#2539 = EDGE_CURVE ( 'NONE', #5554, #7614, #1044, .T. ) ;
#2540 = CARTESIAN_POINT ( 'NONE',  ( -12100.00000000000182, 814.9999999999972715, -459.9999999999978968 ) ) ;
#2541 = CARTESIAN_POINT ( 'NONE',  ( -5576.316527040901747, 5431.508564030776142, -6660.000000000000909 ) ) ;
#2542 = ORIENTED_EDGE ( 'NONE', *, *, #4918, .F. ) ;
#2543 = AXIS2_PLACEMENT_3D ( 'NONE', #4345, #2746, #4994 ) ;
#2544 = CARTESIAN_POINT ( 'NONE',  ( -8598.683472959091887, 989.9999999999978400, -6660.000000000000000 ) ) ;
#2545 = ORIENTED_EDGE ( 'NONE', *, *, #4492, .T. ) ;
#2546 = EDGE_LOOP ( 'NONE', ( #9812, #1301, #3883, #9135 ) ) ;
#2547 = VERTEX_POINT ( 'NONE', #5602 ) ;
#2548 = DIRECTION ( 'NONE',  ( 0.000000000000000000, -0.000000000000000000, -1.000000000000000000 ) ) ;
#2549 = VECTOR ( 'NONE', #8367, 1000.000000000000114 ) ;
#2550 = DIRECTION ( 'NONE',  ( 1.000000000000000000, 0.000000000000000000, 0.000000000000000000 ) ) ;
#2551 = DIRECTION ( 'NONE',  ( -1.000000000000000000, 0.000000000000000000, 0.000000000000000000 ) ) ;
#2552 = CIRCLE ( 'NONE', #4310, 250.0000000000000000 ) ;
#2553 = CARTESIAN_POINT ( 'NONE',  ( 0.000000000000000000, 875.0000000000000000, -980.0000000000001137 ) ) ;
#2554 = CARTESIAN_POINT ( 'NONE',  ( -4215.741725297261837, -989.9999999999993179, -3423.488475815656784 ) ) ;
#2555 = EDGE_CURVE ( 'NONE', #1846, #1181, #3810, .T. ) ;
#2556 = ORIENTED_EDGE ( 'NONE', *, *, #3644, .T. ) ;
#2557 = DIRECTION ( 'NONE',  ( 0.000000000000000000, -0.000000000000000000, -1.000000000000000000 ) ) ;
#2558 = AXIS2_PLACEMENT_3D ( 'NONE', #2953, #5061, #9723 ) ;
#2559 = ORIENTED_EDGE ( 'NONE', *, *, #8700, .F. ) ;
#2560 = DIRECTION ( 'NONE',  ( 6.271695431234129858E-16, -1.000000000000000000, 0.000000000000000000 ) ) ;
#2561 = LINE ( 'NONE', #2605, #7194 ) ;
#2562 = ORIENTED_EDGE ( 'NONE', *, *, #7909, .T. ) ;
#2563 = CARTESIAN_POINT ( 'NONE',  ( -4034.427420795907437, 989.9999999999981810, -960.0000000000002274 ) ) ;
#2564 = LINE ( 'NONE', #2609, #6688 ) ;
#2565 = DIRECTION ( 'NONE',  ( 0.000000000000000000, 0.000000000000000000, 1.000000000000000000 ) ) ;
#2566 = LINE ( 'NONE', #5613, #8158 ) ;
#2567 = FACE_OUTER_BOUND ( 'NONE', #394, .T. ) ;
#2568 = VERTEX_POINT ( 'NONE', #1803 ) ;
#2569 = DIRECTION ( 'NONE',  ( 0.000000000000000000, -1.000000000000000000, -0.000000000000000000 ) ) ;
#2570 = DIRECTION ( 'NONE',  ( -6.162975822039157467E-33, 1.000000000000000000, 2.775557561563032360E-16 ) ) ;
#2571 = EDGE_CURVE ( 'NONE', #436, #5751, #8612, .T. ) ;
#2572 = DIRECTION ( 'NONE',  ( 1.000000000000000000, 0.000000000000000000, 0.000000000000000000 ) ) ;
#2573 =( GEOMETRIC_REPRESENTATION_CONTEXT ( 3 ) GLOBAL_UNCERTAINTY_ASSIGNED_CONTEXT ( ( #3721 ) ) GLOBAL_UNIT_ASSIGNED_CONTEXT ( ( #3602, #6613, #3505 ) ) REPRESENTATION_CONTEXT ( 'NONE', 'WORKASPACE' ) );
#2574 = ORIENTED_EDGE ( 'NONE', *, *, #9000, .T. ) ;
#2575 = ADVANCED_FACE ( 'NONE', ( #9411 ), #1753, .T. ) ;
#2576 = ORIENTED_EDGE ( 'NONE', *, *, #6630, .F. ) ;
#2577 = VERTEX_POINT ( 'NONE', #8706 ) ;
#2578 = AXIS2_PLACEMENT_3D ( 'NONE', #368, #5579, #8641 ) ;
#2579 = CARTESIAN_POINT ( 'NONE',  ( 588.6859966642593918, 875.0000000000000000, -1060.000000000000000 ) ) ;
#2580 = DIRECTION ( 'NONE',  ( 0.000000000000000000, 0.000000000000000000, 1.000000000000000000 ) ) ;
#2581 = EDGE_CURVE ( 'NONE', #1606, #6115, #461, .T. ) ;
#2582 = DIRECTION ( 'NONE',  ( 0.000000000000000000, -2.413528314402513597E-16, 1.000000000000000000 ) ) ;
#2583 = CARTESIAN_POINT ( 'NONE',  ( 10850.00000000000182, -4.440892098500626162E-13, -1.110223024625156540E-13 ) ) ;
#2584 = ORIENTED_EDGE ( 'NONE', *, *, #7352, .T. ) ;
#2585 = VERTEX_POINT ( 'NONE', #189 ) ;
#2586 = DIRECTION ( 'NONE',  ( 0.000000000000000000, 0.000000000000000000, -1.000000000000000000 ) ) ;
#2587 = CARTESIAN_POINT ( 'NONE',  ( -1949.999999999999773, -241.8139511719357131, -1135.000000000000227 ) ) ;
#2588 = CARTESIAN_POINT ( 'NONE',  ( -5440.624999999995453, 989.9999999999984084, -3423.488475815656784 ) ) ;
#2589 = DIRECTION ( 'NONE',  ( 1.000000000000000000, 0.000000000000000000, 0.000000000000000000 ) ) ;
#2590 = ORIENTED_EDGE ( 'NONE', *, *, #1017, .F. ) ;
#2591 = VERTEX_POINT ( 'NONE', #8755 ) ;
#2592 = ORIENTED_EDGE ( 'NONE', *, *, #756, .T. ) ;
#2593 = EDGE_LOOP ( 'NONE', ( #6248, #5637, #1224, #7672, #1939, #3805, #1408 ) ) ;
#2594 = CARTESIAN_POINT ( 'NONE',  ( -13499.99999999999818, 1077.499998843224375, -637.0854464784587208 ) ) ;
#2595 = EDGE_CURVE ( 'NONE', #3131, #9446, #6354, .T. ) ;
#2596 = ADVANCED_FACE ( 'NONE', ( #1847 ), #4100, .T. ) ;
#2597 = FACE_OUTER_BOUND ( 'NONE', #2423, .T. ) ;
#2598 = DIRECTION ( 'NONE',  ( 0.000000000000000000, 0.000000000000000000, -1.000000000000000000 ) ) ;
#2599 = CARTESIAN_POINT ( 'NONE',  ( -12750.00000000000000, 278.9021535255452022, -725.0000000000052296 ) ) ;
#2600 = CARTESIAN_POINT ( 'NONE',  ( -13728.58983848622483, 341.8139511719356847, -3423.488475815656784 ) ) ;
#2601 = ORIENTED_EDGE ( 'NONE', *, *, #8534, .F. ) ;
#2602 = LINE ( 'NONE', #1100, #9406 ) ;
#2603 = ORIENTED_EDGE ( 'NONE', *, *, #3076, .T. ) ;
#2604 = CARTESIAN_POINT ( 'NONE',  ( -11499.99999999997999, -190.0000000000007390, -623.7872381793343948 ) ) ;
#2605 = CARTESIAN_POINT ( 'NONE',  ( -6812.499999999994543, -989.9999999999997726, -1135.000000000000227 ) ) ;
#2606 = ORIENTED_EDGE ( 'NONE', *, *, #8994, .F. ) ;
#2607 = EDGE_CURVE ( 'NONE', #9218, #6497, #765, .T. ) ;
#2608 = DIRECTION ( 'NONE',  ( 0.000000000000000000, 0.000000000000000000, 1.000000000000000000 ) ) ;
#2609 = CARTESIAN_POINT ( 'NONE',  ( -8184.375000000004547, -739.9999999999998863, -1135.000000000000227 ) ) ;
#2610 = CARTESIAN_POINT ( 'NONE',  ( -3921.569072607348517, -5431.508564030776142, -960.7596123493884761 ) ) ;
#2611 = LINE ( 'NONE', #9016, #786 ) ;
#2612 = DIRECTION ( 'NONE',  ( 0.000000000000000000, 0.000000000000000000, -1.000000000000000000 ) ) ;
#2613 = VECTOR ( 'NONE', #9517, 1000.000000000000000 ) ;
#2614 = EDGE_LOOP ( 'NONE', ( #4325, #889, #8114, #3912, #6224, #3463, #6240, #5172, #7786, #556, #6906, #9908 ) ) ;
#2615 = DIRECTION ( 'NONE',  ( 1.000000000000000000, 0.000000000000000000, 0.000000000000000000 ) ) ;
#2616 = CARTESIAN_POINT ( 'NONE',  ( -9640.572538960632301, 1189.999999999998408, -751.1534819267441208 ) ) ;
#2617 = LINE ( 'NONE', #1969, #3164 ) ;
#2618 = LINE ( 'NONE', #5666, #3442 ) ;
#2619 = ORIENTED_EDGE ( 'NONE', *, *, #4117, .T. ) ;
#2620 = EDGE_CURVE ( 'NONE', #8628, #2123, #2602, .T. ) ;
#2621 = VERTEX_POINT ( 'NONE', #4949 ) ;
#2622 = DIRECTION ( 'NONE',  ( -1.000000000000000000, -0.000000000000000000, -0.000000000000000000 ) ) ;
#2623 = DIRECTION ( 'NONE',  ( 1.000000000000000000, 0.000000000000000000, 0.000000000000000000 ) ) ;
#2624 = LINE ( 'NONE', #5674, #5837 ) ;
#2625 = EDGE_CURVE ( 'NONE', #1794, #8877, #8015, .T. ) ;
#2626 = ORIENTED_EDGE ( 'NONE', *, *, #5325, .T. ) ;
#2627 = VERTEX_POINT ( 'NONE', #1700 ) ;
#2628 = AXIS2_PLACEMENT_3D ( 'NONE', #7407, #5839, #5186 ) ;
#2629 = LINE ( 'NONE', #7300, #7020 ) ;
#2630 = DIRECTION ( 'NONE',  ( -0.000000000000000000, 0.000000000000000000, 1.000000000000000000 ) ) ;
#2631 = EDGE_CURVE ( 'NONE', #9701, #6497, #6302, .T. ) ;
#2632 = EDGE_CURVE ( 'NONE', #7141, #3943, #994, .T. ) ;
#2633 = CARTESIAN_POINT ( 'NONE',  ( -2821.680457837897848, -2.220446049250313081E-13, -3423.488475815656784 ) ) ;
#2634 = ORIENTED_EDGE ( 'NONE', *, *, #6963, .T. ) ;
#2635 = VERTEX_POINT ( 'NONE', #1198 ) ;
#2636 = ORIENTED_EDGE ( 'NONE', *, *, #567, .F. ) ;
#2637 = ORIENTED_EDGE ( 'NONE', *, *, #8656, .T. ) ;
#2638 = DIRECTION ( 'NONE',  ( 0.000000000000000000, -0.000000000000000000, -1.000000000000000000 ) ) ;
#2639 = VECTOR ( 'NONE', #3456, 1000.000000000000000 ) ;
#2640 = VECTOR ( 'NONE', #8234, 1000.000000000000000 ) ;
#2641 = EDGE_CURVE ( 'NONE', #9446, #6535, #5902, .T. ) ;
#2642 = FACE_BOUND ( 'NONE', #4236, .T. ) ;
#2643 = DIRECTION ( 'NONE',  ( -1.232595164407840251E-32, 1.510372559762204329E-14, 1.000000000000000000 ) ) ;
#2644 = ORIENTED_EDGE ( 'NONE', *, *, #7968, .F. ) ;
#2645 = DIRECTION ( 'NONE',  ( 0.9848077530122075762, 4.819705125750966016E-17, -0.1736481776669329402 ) ) ;
#2646 = ORIENTED_EDGE ( 'NONE', *, *, #8267, .F. ) ;
#2647 = CARTESIAN_POINT ( 'NONE',  ( -11725.00000000000182, 389.6561633456295226, -960.0000000000000000 ) ) ;
#2648 = VECTOR ( 'NONE', #700, 1000.000000000000000 ) ;
#2649 = ORIENTED_EDGE ( 'NONE', *, *, #9063, .T. ) ;
#2650 = DIRECTION ( 'NONE',  ( 0.000000000000000000, 0.000000000000000000, -1.000000000000000000 ) ) ;
#2651 = EDGE_CURVE ( 'NONE', #8005, #5630, #4926, .T. ) ;
#2652 = CIRCLE ( 'NONE', #880, 149.9999999999999147 ) ;
#2653 = CARTESIAN_POINT ( 'NONE',  ( -12500.00000000000182, 814.9999999999972715, -637.0854464784588345 ) ) ;
#2654 = EDGE_CURVE ( 'NONE', #2312, #4365, #6507, .T. ) ;
#2655 = CIRCLE ( 'NONE', #8250, 79.99999999999995737 ) ;
#2656 = ORIENTED_EDGE ( 'NONE', *, *, #9211, .T. ) ;
#2657 = AXIS2_PLACEMENT_3D ( 'NONE', #2987, #1634, #3079 ) ;
#2658 = DIRECTION ( 'NONE',  ( 0.000000000000000000, -0.000000000000000000, -1.000000000000000000 ) ) ;
#2659 = CARTESIAN_POINT ( 'NONE',  ( -9993.470079441460257, -653.0577941862262605, -1135.000000000000227 ) ) ;
#2660 = DIRECTION ( 'NONE',  ( 6.162975822039157467E-33, -1.000000000000000000, -2.249385511977649118E-16 ) ) ;
#2661 = CARTESIAN_POINT ( 'NONE',  ( -11411.43189860506209, 5.551115123125783964E-14, -909.9999999999985221 ) ) ;
#2662 = DIRECTION ( 'NONE',  ( 1.000000000000000000, 0.000000000000000000, -0.000000000000000000 ) ) ;
#2663 = EDGE_CURVE ( 'NONE', #7683, #7255, #7503, .T. ) ;
#2664 = ORIENTED_EDGE ( 'NONE', *, *, #1730, .F. ) ;
#2665 = FACE_OUTER_BOUND ( 'NONE', #6869, .T. ) ;
#2666 = CARTESIAN_POINT ( 'NONE',  ( -11825.00000000000182, -1189.999999999998408, -960.0000000000002274 ) ) ;
#2667 = AXIS2_PLACEMENT_3D ( 'NONE', #8225, #4418, #5012 ) ;
#2668 = DIRECTION ( 'NONE',  ( 0.000000000000000000, 0.000000000000000000, -1.000000000000000000 ) ) ;
#2669 = ORIENTED_EDGE ( 'NONE', *, *, #3795, .F. ) ;
#2670 = VERTEX_POINT ( 'NONE', #9557 ) ;
#2671 = ADVANCED_FACE ( 'NONE', ( #7267 ), #3446, .T. ) ;
#2672 = EDGE_LOOP ( 'NONE', ( #4792, #5677, #7728, #4650, #8007, #2823, #6151 ) ) ;
#2673 = CIRCLE ( 'NONE', #5714, 99.99999999999964473 ) ;
#2674 = ORIENTED_EDGE ( 'NONE', *, *, #7641, .T. ) ;
#2675 = CARTESIAN_POINT ( 'NONE',  ( -2350.000000000000455, -739.9999999999988631, -960.0000000000002274 ) ) ;
#2676 = CARTESIAN_POINT ( 'NONE',  ( -9959.258274702744529, 989.9999999999984084, -1135.000000000000227 ) ) ;
#2677 = CARTESIAN_POINT ( 'NONE',  ( -4034.427420795908347, 954.9999999999980673, -960.0000000000000000 ) ) ;
#2678 = PRODUCT_CONTEXT ( 'NONE', #6853, 'mechanical' ) ;
#2679 = ORIENTED_EDGE ( 'NONE', *, *, #5137, .T. ) ;
#2680 = VECTOR ( 'NONE', #5892, 1000.000000000000000 ) ;
#2681 = DIRECTION ( 'NONE',  ( 0.000000000000000000, -4.827056628805028179E-16, 1.000000000000000000 ) ) ;
#2682 = DIRECTION ( 'NONE',  ( 1.000000000000000000, 6.162975822039154046E-33, 1.232595164407830946E-32 ) ) ;
#2683 = CARTESIAN_POINT ( 'NONE',  ( -11611.43189860506391, 1077.499998843224375, -757.0854464784597440 ) ) ;
#2684 = DIRECTION ( 'NONE',  ( 1.000000000000000000, 1.483886295880788311E-16, 0.000000000000000000 ) ) ;
#2685 = EDGE_LOOP ( 'NONE', ( #8085, #9811 ) ) ;
#2687 = ORIENTED_EDGE ( 'NONE', *, *, #2842, .T. ) ;
#2686 = VECTOR ( 'NONE', #148, 1000.000000000000000 ) ;
#2688 = ORIENTED_EDGE ( 'NONE', *, *, #7934, .T. ) ;
#2689 = ORIENTED_EDGE ( 'NONE', *, *, #6381, .T. ) ;
#2690 = VECTOR ( 'NONE', #4287, 1000.000000000000000 ) ;
#2691 = CARTESIAN_POINT ( 'NONE',  ( -1700.000000000000682, 989.9999999999984084, -1135.000000000000227 ) ) ;
#2692 = CARTESIAN_POINT ( 'NONE',  ( -11499.99999999997999, -278.9021535255452022, -623.7872381793328032 ) ) ;
#2693 = EDGE_CURVE ( 'NONE', #8031, #1639, #2793, .T. ) ;
#2694 = CARTESIAN_POINT ( 'NONE',  ( -6812.499999999994543, 989.9999999999984084, -3423.488475815656784 ) ) ;
#2695 = VECTOR ( 'NONE', #389, 1000.000000000000000 ) ;
#2696 = ORIENTED_EDGE ( 'NONE', *, *, #4704, .F. ) ;
#2697 = CARTESIAN_POINT ( 'NONE',  ( -13828.58983848622483, -341.8139511719356847, -960.0000000000000000 ) ) ;
#2698 = DIRECTION ( 'NONE',  ( 1.000000000000000000, 0.000000000000000000, 0.000000000000000000 ) ) ;
#2699 = DIRECTION ( 'NONE',  ( 1.000000000000000000, 0.000000000000000000, 0.000000000000000000 ) ) ;
#2700 = ORIENTED_EDGE ( 'NONE', *, *, #129, .T. ) ;
#2701 = DIRECTION ( 'NONE',  ( -0.000000000000000000, -0.000000000000000000, -1.000000000000000000 ) ) ;
#2702 = LINE ( 'NONE', #349, #5420 ) ;
#2703 = VECTOR ( 'NONE', #8740, 999.9999999999998863 ) ;
#2704 = ORIENTED_EDGE ( 'NONE', *, *, #4706, .T. ) ;
#2705 = VECTOR ( 'NONE', #2189, 1000.000000000000000 ) ;
#2706 = VECTOR ( 'NONE', #8585, 1000.000000000000000 ) ;
#2707 = CARTESIAN_POINT ( 'NONE',  ( -14763.68599666425871, 875.0000000000000000, -1140.000000000000227 ) ) ;
#2708 = DIRECTION ( 'NONE',  ( 0.000000000000000000, 0.000000000000000000, 1.000000000000000000 ) ) ;
#2709 = EDGE_CURVE ( 'NONE', #9233, #5481, #1300, .T. ) ;
#2710 = EDGE_CURVE ( 'NONE', #8342, #8402, #3157, .T. ) ;
#2711 = CARTESIAN_POINT ( 'NONE',  ( -10244.74851850930827, -1189.999999999998181, -1009.999999999998181 ) ) ;
#2712 = CARTESIAN_POINT ( 'NONE',  ( -12325.00000000000182, -241.8139511719357131, -3423.488475815656784 ) ) ;
#2713 = DIRECTION ( 'NONE',  ( -6.162975822038967936E-33, 1.000000000000000000, -1.510372559762204329E-14 ) ) ;
#2714 = DIRECTION ( 'NONE',  ( 1.000000000000000000, 0.000000000000000000, 0.000000000000000000 ) ) ;
#2715 = CARTESIAN_POINT ( 'NONE',  ( -11700.00000000000182, 1970.627566330085756, -637.0854464784586071 ) ) ;
#2716 = ORIENTED_EDGE ( 'NONE', *, *, #1867, .T. ) ;
#2717 = LINE ( 'NONE', #5212, #1070 ) ;
#2718 = LINE ( 'NONE', #4019, #166 ) ;
#2719 = EDGE_CURVE ( 'NONE', #1032, #4091, #7820, .T. ) ;
#2720 = EDGE_CURVE ( 'NONE', #3334, #5032, #3966, .T. ) ;
#2721 = DIRECTION ( 'NONE',  ( 0.000000000000000000, -2.413528314402514090E-16, 1.000000000000000000 ) ) ;
#2722 = EDGE_LOOP ( 'NONE', ( #8444, #8429, #5738, #2989 ) ) ;
#2723 = VECTOR ( 'NONE', #8371, 1000.000000000000000 ) ;
#2724 = ADVANCED_FACE ( 'NONE', ( #1950, #4996 ), #9709, .F. ) ;
#2725 = ORIENTED_EDGE ( 'NONE', *, *, #2890, .T. ) ;
#2726 = ORIENTED_EDGE ( 'NONE', *, *, #3231, .F. ) ;
#2727 = CARTESIAN_POINT ( 'NONE',  ( -13828.58983848622483, 341.8139511719356847, -960.0000000000002274 ) ) ;
#2728 = AXIS2_PLACEMENT_3D ( 'NONE', #4796, #5544, #4196 ) ;
#2729 = CARTESIAN_POINT ( 'NONE',  ( -2600.000000000000455, -989.9999999999990905, -960.0000000000002274 ) ) ;
#2730 = PLANE ( 'NONE',  #718 ) ;
#2731 = EDGE_CURVE ( 'NONE', #6475, #7102, #619, .T. ) ;
#2732 = ITEM_DEFINED_TRANSFORMATION ( 'NONE', 'NONE', #4105,  #6822 ) ;
#2733 = ORIENTED_EDGE ( 'NONE', *, *, #5473, .F. ) ;
#2734 = CARTESIAN_POINT ( 'NONE',  ( -2825.068018844486687, -1189.999999999998863, -960.0000000000002274 ) ) ;
#2735 = CARTESIAN_POINT ( 'NONE',  ( -13856.59988046646504, 295.9385695031826913, -504.9802145985045172 ) ) ;
#2736 = VECTOR ( 'NONE', #1620, 1000.000000000000114 ) ;
#2737 = DIRECTION ( 'NONE',  ( 1.000000000000000000, 0.000000000000000000, 0.000000000000000000 ) ) ;
#2738 = CARTESIAN_POINT ( 'NONE',  ( -13828.58983848622483, -989.9999999999984084, -3423.488475815656784 ) ) ;
#2739 = ORIENTED_EDGE ( 'NONE', *, *, #2041, .F. ) ;
#2740 = PRODUCT_DEFINITION ( 'NON CONOSCIUTO', '', #5371, #2219 ) ;
#2741 = VERTEX_POINT ( 'NONE', #3497 ) ;
#2742 = ORIENTED_EDGE ( 'NONE', *, *, #1116, .T. ) ;
#2743 = CARTESIAN_POINT ( 'NONE',  ( -5190.624999999995453, -739.9999999999994316, -960.0000000000002274 ) ) ;
#2744 = FACE_OUTER_BOUND ( 'NONE', #476, .T. ) ;
#2745 = ORIENTED_EDGE ( 'NONE', *, *, #9827, .F. ) ;
#2746 = DIRECTION ( 'NONE',  ( 6.162975822039157467E-33, -1.000000000000000000, -2.775557561563032360E-16 ) ) ;
#2747 = DIRECTION ( 'NONE',  ( 1.000000000000000000, 7.401486830834376525E-17, 1.776356839400250465E-14 ) ) ;
#2748 = CARTESIAN_POINT ( 'NONE',  ( -12750.00000000000000, -190.0000000000008242, -350.9999999999987494 ) ) ;
#2749 = VERTEX_POINT ( 'NONE', #5795 ) ;
#2750 = DIRECTION ( 'NONE',  ( -0.000000000000000000, 1.000000000000000000, -0.000000000000000000 ) ) ;
#2751 = DIRECTION ( 'NONE',  ( -0.000000000000000000, -0.000000000000000000, -1.000000000000000000 ) ) ;
#2752 = ORIENTED_EDGE ( 'NONE', *, *, #7428, .F. ) ;
#2753 = EDGE_CURVE ( 'NONE', #51, #3177, #1248, .T. ) ;
#2754 = VERTEX_POINT ( 'NONE', #4348 ) ;
#2755 = VECTOR ( 'NONE', #7500, 1000.000000000000000 ) ;
#2756 = CARTESIAN_POINT ( 'NONE',  ( -14499.47634233351164, 716.7063271559467239, -754.6066018120496892 ) ) ;
#2757 = CARTESIAN_POINT ( 'NONE',  ( -11825.00000000000182, -800.0000000000000000, -910.0000000000001137 ) ) ;
#2758 = LINE ( 'NONE', #9775, #559 ) ;
#2759 = CARTESIAN_POINT ( 'NONE',  ( -1.619437825332231480E-13, -1190.000000000001137, -660.0000000000023874 ) ) ;
#2760 = EDGE_CURVE ( 'NONE', #3073, #882, #3645, .T. ) ;
#2761 = CARTESIAN_POINT ( 'NONE',  ( -11575.00000000000182, 989.9999999999984084, -1135.000000000000227 ) ) ;
#2762 = DIRECTION ( 'NONE',  ( -0.000000000000000000, 0.000000000000000000, 1.000000000000000000 ) ) ;
#2763 = DIRECTION ( 'NONE',  ( 1.000000000000000000, 5.551115123125782702E-17, -1.776356839400250465E-15 ) ) ;
#2764 = EDGE_CURVE ( 'NONE', #3104, #6931, #3320, .T. ) ;
#2765 = ORIENTED_EDGE ( 'NONE', *, *, #8889, .F. ) ;
#2766 = VECTOR ( 'NONE', #7433, 1000.000000000000000 ) ;
#2767 = CARTESIAN_POINT ( 'NONE',  ( -13578.58983848622483, -989.9999999999984084, -960.0000000000002274 ) ) ;
#2768 = FACE_OUTER_BOUND ( 'NONE', #9334, .T. ) ;
#2769 = AXIS2_PLACEMENT_3D ( 'NONE', #8690, #6396, #2431 ) ;
#2770 = CARTESIAN_POINT ( 'NONE',  ( -12475.00000000000182, 989.9999999999984084, -1135.000000000000227 ) ) ;
#2771 = ORIENTED_EDGE ( 'NONE', *, *, #4906, .F. ) ;
#2772 = VERTEX_POINT ( 'NONE', #591 ) ;
#2773 = EDGE_CURVE ( 'NONE', #8586, #8060, #4301, .T. ) ;
#2774 = EDGE_CURVE ( 'NONE', #8342, #6879, #7368, .T. ) ;
#2775 = AXIS2_PLACEMENT_3D ( 'NONE', #4912, #4062, #4267 ) ;
#2776 = PLANE ( 'NONE',  #9516 ) ;
#2777 = DIRECTION ( 'NONE',  ( -1.000000000000000000, 0.000000000000000000, 0.000000000000000000 ) ) ;
#2778 = DIRECTION ( 'NONE',  ( 6.162975822039589899E-33, -1.000000000000000000, -3.530762810662500311E-14 ) ) ;
#2779 = EDGE_LOOP ( 'NONE', ( #187, #1783, #2343, #274 ) ) ;
#2780 = CARTESIAN_POINT ( 'NONE',  ( -13828.58983848622483, -739.9999999999984084, -1135.000000000000227 ) ) ;
#2781 = DIRECTION ( 'NONE',  ( 0.000000000000000000, -0.1402661271484180183, 0.9901138386947149206 ) ) ;
#2782 = LINE ( 'NONE', #4337, #5079 ) ;
#2783 = CARTESIAN_POINT ( 'NONE',  ( -12143.40011953353496, -190.0000000000007674, -504.9802145985029256 ) ) ;
#2784 = EDGE_CURVE ( 'NONE', #1237, #9769, #6051, .T. ) ;
#2785 = ORIENTED_EDGE ( 'NONE', *, *, #9299, .F. ) ;
#2786 = VERTEX_POINT ( 'NONE', #645 ) ;
#2787 = CARTESIAN_POINT ( 'NONE',  ( -11411.43189860506209, -877.4999988432243754, -637.0854464784592892 ) ) ;
#2788 = CARTESIAN_POINT ( 'NONE',  ( -2350.000000000000455, 0.000000000000000000, 0.000000000000000000 ) ) ;
#2789 = VECTOR ( 'NONE', #3639, 1000.000000000000000 ) ;
#2790 = EDGE_LOOP ( 'NONE', ( #2437, #6230, #7392, #8482 ) ) ;
#2791 = LINE ( 'NONE', #8902, #1569 ) ;
#2792 = DIRECTION ( 'NONE',  ( -1.232595164407830672E-32, -2.775557561563032360E-16, 1.000000000000000000 ) ) ;
#2793 = LINE ( 'NONE', #7412, #7647 ) ;
#2794 = VERTEX_POINT ( 'NONE', #3785 ) ;
#2795 = DIRECTION ( 'NONE',  ( 0.000000000000000000, -4.827056628805028179E-16, 1.000000000000000000 ) ) ;
#2796 = DIRECTION ( 'NONE',  ( -0.9848077530122075762, 4.819705125750964784E-17, -0.1736481776669329402 ) ) ;
#2797 = EDGE_CURVE ( 'NONE', #9158, #3416, #9238, .T. ) ;
#2798 = ORIENTED_EDGE ( 'NONE', *, *, #6510, .T. ) ;
#2799 = CIRCLE ( 'NONE', #8716, 6000.000000000000000 ) ;
#2800 = ORIENTED_EDGE ( 'NONE', *, *, #4146, .F. ) ;
#2801 = DIRECTION ( 'NONE',  ( 0.000000000000000000, -2.413528314402514090E-16, 1.000000000000000000 ) ) ;
#2802 = FACE_OUTER_BOUND ( 'NONE', #5475, .T. ) ;
#2803 = DIRECTION ( 'NONE',  ( 1.000000000000000000, 0.000000000000000000, 0.000000000000000000 ) ) ;
#2804 = DIRECTION ( 'NONE',  ( -0.000000000000000000, 0.000000000000000000, 1.000000000000000000 ) ) ;
#2805 = EDGE_CURVE ( 'NONE', #8953, #9292, #731, .T. ) ;
#2806 = AXIS2_PLACEMENT_3D ( 'NONE', #2881, #5935, #9031 ) ;
#2807 = DIRECTION ( 'NONE',  ( -6.162975822039589899E-33, 1.000000000000000000, 3.530762810662500311E-14 ) ) ;
#2808 = CIRCLE ( 'NONE', #6966, 250.0000000000000000 ) ;
#2809 = CARTESIAN_POINT ( 'NONE',  ( -11700.00000000000182, -1970.627566330085756, -637.0854464784596303 ) ) ;
#2810 = AXIS2_PLACEMENT_3D ( 'NONE', #5265, #3620, #2215 ) ;
#2811 = CARTESIAN_POINT ( 'NONE',  ( -1700.000000000000682, 739.9999999999984084, -960.0000000000002274 ) ) ;
#2812 = CIRCLE ( 'NONE', #6810, 149.9999999999999147 ) ;
#2813 = ORIENTED_EDGE ( 'NONE', *, *, #7307, .T. ) ;
#2814 = VECTOR ( 'NONE', #5804, 1000.000000000000000 ) ;
#2815 = CARTESIAN_POINT ( 'NONE',  ( -12225.00000000000182, -341.8139511719356847, -960.0000000000002274 ) ) ;
#2816 = AXIS2_PLACEMENT_3D ( 'NONE', #5000, #7320, #448 ) ;
#2817 = DIRECTION ( 'NONE',  ( 0.000000000000000000, 0.000000000000000000, 1.000000000000000000 ) ) ;
#2818 = DIRECTION ( 'NONE',  ( -6.162975822039157467E-33, 1.000000000000000000, 3.301729611148415602E-16 ) ) ;
#2819 = ADVANCED_FACE ( 'NONE', ( #1439, #5287 ), #2337, .F. ) ;
#2820 = DIRECTION ( 'NONE',  ( 6.162975822039157467E-33, -1.000000000000000000, -2.775557561563032360E-16 ) ) ;
#2821 = ORIENTED_EDGE ( 'NONE', *, *, #2368, .F. ) ;
#2822 = VERTEX_POINT ( 'NONE', #3835 ) ;
#2823 = ORIENTED_EDGE ( 'NONE', *, *, #8686, .T. ) ;
#2824 = DIRECTION ( 'NONE',  ( 0.000000000000000000, -0.000000000000000000, -1.000000000000000000 ) ) ;
#2825 = AXIS2_PLACEMENT_3D ( 'NONE', #6055, #9107, #2249 ) ;
#2826 = LINE ( 'NONE', #8287, #8187 ) ;
#2827 = DIRECTION ( 'NONE',  ( 0.9281522335464009732, 0.3722007944145567238, 0.000000000000000000 ) ) ;
#2828 = EDGE_CURVE ( 'NONE', #8356, #2416, #686, .T. ) ;
#2829 = VERTEX_POINT ( 'NONE', #7557 ) ;
#2830 = EDGE_CURVE ( 'NONE', #1885, #3292, #4537, .T. ) ;
#2831 = CARTESIAN_POINT ( 'NONE',  ( -13499.99999999999818, -814.9999999999974989, -306.2059048389988902 ) ) ;
#2832 = VECTOR ( 'NONE', #1217, 1000.000000000000000 ) ;
#2833 = LINE ( 'NONE', #8944, #6594 ) ;
#2834 = LINE ( 'NONE', #431, #9561 ) ;
#2835 = CARTESIAN_POINT ( 'NONE',  ( -6240.624999999996362, -989.9999999999996589, -960.0000000000010232 ) ) ;
#2836 = CIRCLE ( 'NONE', #4115, 6000.000000000000000 ) ;
#2837 = VERTEX_POINT ( 'NONE', #782 ) ;
#2838 = LINE ( 'NONE', #639, #2680 ) ;
#2839 = AXIS2_PLACEMENT_3D ( 'NONE', #821, #5428, #4630 ) ;
#2840 = DIRECTION ( 'NONE',  ( 0.000000000000000000, 0.000000000000000000, 1.000000000000000000 ) ) ;
#2841 = VERTEX_POINT ( 'NONE', #7701 ) ;
#2842 = EDGE_CURVE ( 'NONE', #4403, #9714, #7648, .T. ) ;
#2843 = DIRECTION ( 'NONE',  ( -1.232595164407830672E-32, -3.301729611148415602E-16, 1.000000000000000000 ) ) ;
#2844 = ORIENTED_EDGE ( 'NONE', *, *, #5104, .T. ) ;
#2845 = DIRECTION ( 'NONE',  ( 1.000000000000000000, 6.162975822039151993E-33, 1.232595164407830946E-32 ) ) ;
#2846 = CARTESIAN_POINT ( 'NONE',  ( -11575.00000000000182, -740.0000000000006821, -960.0000000000002274 ) ) ;
#2847 = EDGE_LOOP ( 'NONE', ( #2930, #5688, #6061, #4339 ) ) ;
#2848 = CYLINDRICAL_SURFACE ( 'NONE', #1518, 50.00000000000071054 ) ;
#2849 = CIRCLE ( 'NONE', #3648, 100.0000000000000853 ) ;
#2850 = LINE ( 'NONE', #2000, #8097 ) ;
#2851 = VECTOR ( 'NONE', #9134, 1000.000000000000000 ) ;
#2852 = VERTEX_POINT ( 'NONE', #1483 ) ;
#2853 = VERTEX_POINT ( 'NONE', #3740 ) ;
#2854 = ORIENTED_EDGE ( 'NONE', *, *, #3587, .F. ) ;
#2855 = AXIS2_PLACEMENT_3D ( 'NONE', #7514, #9901, #2286 ) ;
#2856 = CARTESIAN_POINT ( 'NONE',  ( -12225.00000000000182, -200.0000000000000000, -825.0000000000001137 ) ) ;
#2857 = DIRECTION ( 'NONE',  ( -0.000000000000000000, 0.000000000000000000, -1.000000000000000000 ) ) ;
#2858 = CIRCLE ( 'NONE', #1739, 99.99999999999964473 ) ;
#2859 = DIRECTION ( 'NONE',  ( 1.232595164407830672E-32, 2.775557561563032360E-16, -1.000000000000000000 ) ) ;
#2860 = EDGE_CURVE ( 'NONE', #9374, #5985, #6901, .T. ) ;
#2861 = DIRECTION ( 'NONE',  ( -0.000000000000000000, 0.000000000000000000, 1.000000000000000000 ) ) ;
#2862 = ORIENTED_EDGE ( 'NONE', *, *, #5058, .F. ) ;
#2863 = LINE ( 'NONE', #4462, #5916 ) ;
#2864 = VECTOR ( 'NONE', #4636, 1000.000000000000000 ) ;
#2865 = CARTESIAN_POINT ( 'NONE',  ( -1950.000000000000682, 1189.999999999998408, -960.0000000000002274 ) ) ;
#2866 = SHAPE_REPRESENTATION ( 'WagonPlane_40ft_MoreDetailed', ( #1704 ), #6500 ) ;
#2867 = VECTOR ( 'NONE', #8802, 1000.000000000000000 ) ;
#2868 = VERTEX_POINT ( 'NONE', #3034 ) ;
#2869 = DIRECTION ( 'NONE',  ( 0.000000000000000000, -2.413528314402514090E-16, 1.000000000000000000 ) ) ;
#2870 = DIRECTION ( 'NONE',  ( 6.162975822039157467E-33, -1.000000000000000000, -2.775557561563032360E-16 ) ) ;
#2871 = VECTOR ( 'NONE', #1712, 1000.000000000000000 ) ;
#2872 = AXIS2_PLACEMENT_3D ( 'NONE', #553, #3611, #6670 ) ;
#2873 = CARTESIAN_POINT ( 'NONE',  ( -5990.624999999996362, 989.9999999999984084, -3423.488475815656784 ) ) ;
#2874 = DIRECTION ( 'NONE',  ( 0.000000000000000000, -0.000000000000000000, -1.000000000000000000 ) ) ;
#2875 = ORIENTED_EDGE ( 'NONE', *, *, #6449, .T. ) ;
#2876 = ORIENTED_EDGE ( 'NONE', *, *, #9057, .F. ) ;
#2877 = EDGE_LOOP ( 'NONE', ( #9768, #1990, #6069, #4312 ) ) ;
#2878 = EDGE_CURVE ( 'NONE', #9173, #5863, #6795, .T. ) ;
#2879 = CARTESIAN_POINT ( 'NONE',  ( -13856.59988046646504, 190.0000000000006821, -504.9802145985029256 ) ) ;
#2880 = DIRECTION ( 'NONE',  ( 0.000000000000000000, -1.000000000000000000, 0.000000000000000000 ) ) ;
#2881 = CARTESIAN_POINT ( 'NONE',  ( -5576.316527040906294, -989.9999999999995453, -6660.000000000000000 ) ) ;
#2882 = CARTESIAN_POINT ( 'NONE',  ( -11499.99999999997999, 295.9385695031826913, -504.9802145985045172 ) ) ;
#2883 = CIRCLE ( 'NONE', #315, 149.9999999999999147 ) ;
#2884 = ORIENTED_EDGE ( 'NONE', *, *, #4004, .T. ) ;
#2885 = PLANE ( 'NONE',  #634 ) ;
#2886 = DIRECTION ( 'NONE',  ( 0.000000000000000000, 1.000000000000000000, 0.000000000000000000 ) ) ;
#2887 = DIRECTION ( 'NONE',  ( -1.432545838226008708E-17, 1.000000000000000000, -0.000000000000000000 ) ) ;
#2888 = LINE ( 'NONE', #6494, #7929 ) ;
#2889 = PRESENTATION_LAYER_ASSIGNMENT (  '', '', ( #3688 ) ) ;
#2890 = EDGE_CURVE ( 'NONE', #1639, #943, #4637, .T. ) ;
#2891 = DIRECTION ( 'NONE',  ( 1.000000000000000000, 0.000000000000000000, 0.000000000000000000 ) ) ;
#2892 = CARTESIAN_POINT ( 'NONE',  ( -14500.00000000002001, -747.0986934586336474, -637.0854464784592892 ) ) ;
#2893 = ORIENTED_EDGE ( 'NONE', *, *, #7576, .F. ) ;
#2894 = DIRECTION ( 'NONE',  ( 0.000000000000000000, -0.000000000000000000, -1.000000000000000000 ) ) ;
#2895 = VECTOR ( 'NONE', #8734, 1000.000000000000000 ) ;
#2896 = ORIENTED_EDGE ( 'NONE', *, *, #3420, .T. ) ;
#2897 = DIRECTION ( 'NONE',  ( 1.000000000000000000, -0.000000000000000000, -0.000000000000000000 ) ) ;
#2898 = DIRECTION ( 'NONE',  ( 1.232595164407830672E-32, 3.301729611148415602E-16, -1.000000000000000000 ) ) ;
#2899 = DIRECTION ( 'NONE',  ( -0.3722007944145563352, -0.9281522335464011952, 0.000000000000000000 ) ) ;
#2900 = DIRECTION ( 'NONE',  ( -1.000000000000000000, 0.000000000000000000, 6.245004513516500018E-15 ) ) ;
#2901 = ORIENTED_EDGE ( 'NONE', *, *, #6081, .T. ) ;
#2902 = EDGE_CURVE ( 'NONE', #8698, #6057, #5889, .T. ) ;
#2903 = ORIENTED_EDGE ( 'NONE', *, *, #1897, .F. ) ;
#2904 = ADVANCED_FACE ( 'NONE', ( #2986 ), #6134, .T. ) ;
#2905 = VECTOR ( 'NONE', #7440, 1000.000000000000000 ) ;
#2906 = DIRECTION ( 'NONE',  ( -0.000000000000000000, 0.000000000000000000, 1.000000000000000000 ) ) ;
#2907 = DIRECTION ( 'NONE',  ( -1.000000000000000000, -1.879742687196032133E-16, 2.453693674745796445E-16 ) ) ;
#2908 = DIRECTION ( 'NONE',  ( -0.000000000000000000, 0.000000000000000000, 1.000000000000000000 ) ) ;
#2909 = FACE_OUTER_BOUND ( 'NONE', #1099, .T. ) ;
#2910 = DIRECTION ( 'NONE',  ( 7.898214746966345814E-34, -0.9185881544472648264, 0.3952161465694030151 ) ) ;
#2911 = ADVANCED_FACE ( 'NONE', ( #5332 ), #5382, .T. ) ;
#2912 = PLANE ( 'NONE',  #9868 ) ;
#2913 = ORIENTED_EDGE ( 'NONE', *, *, #3924, .F. ) ;
#2914 = DIRECTION ( 'NONE',  ( -1.232595164407830672E-32, -2.775557561563032360E-16, 1.000000000000000000 ) ) ;
#2915 = DIRECTION ( 'NONE',  ( -1.000000000000000000, 0.000000000000000000, 0.000000000000000000 ) ) ;
#2916 = PLANE ( 'NONE',  #9841 ) ;
#2917 = AXIS2_PLACEMENT_3D ( 'NONE', #4812, #3407, #3300 ) ;
#2918 = VERTEX_POINT ( 'NONE', #5436 ) ;
#2919 = UNCERTAINTY_MEASURE_WITH_UNIT (LENGTH_MEASURE( 1.000000000000000082E-05 ), #2185, 'distance_accuracy_value', 'NONE');
#2920 = ORIENTED_EDGE ( 'NONE', *, *, #584, .T. ) ;
#2921 = DIRECTION ( 'NONE',  ( -1.000000000000000000, 0.000000000000000000, 0.000000000000000000 ) ) ;
#2922 = FACE_OUTER_BOUND ( 'NONE', #8752, .T. ) ;
#2923 = CARTESIAN_POINT ( 'NONE',  ( -6240.624999999996362, -989.9999999999996589, -960.0000000000002274 ) ) ;
#2924 = DIRECTION ( 'NONE',  ( -6.162975822039157467E-33, 1.000000000000000000, 2.775557561563032360E-16 ) ) ;
#2925 = ORIENTED_EDGE ( 'NONE', *, *, #4242, .T. ) ;
#2926 = EDGE_CURVE ( 'NONE', #1487, #9341, #1528, .T. ) ;
#2927 = LINE ( 'NONE', #5982, #2755 ) ;
#2928 = DIRECTION ( 'NONE',  ( 0.000000000000000000, 0.000000000000000000, 1.000000000000000000 ) ) ;
#2929 = PLANE ( 'NONE',  #5205 ) ;
#2930 = ORIENTED_EDGE ( 'NONE', *, *, #8458, .F. ) ;
#2931 = ADVANCED_FACE ( 'NONE', ( #9050 ), #25, .T. ) ;
#2932 = DIRECTION ( 'NONE',  ( 1.000000000000000000, 0.000000000000000000, 0.000000000000000000 ) ) ;
#2933 = DIRECTION ( 'NONE',  ( -1.000000000000000000, 0.000000000000000000, 0.000000000000000000 ) ) ;
#2934 = EDGE_LOOP ( 'NONE', ( #6820, #3746, #1238, #4626, #4021, #9141, #2015, #8104 ) ) ;
#2935 = VERTEX_POINT ( 'NONE', #3078 ) ;
#2936 = EDGE_CURVE ( 'NONE', #4518, #350, #8450, .T. ) ;
#2937 = ADVANCED_FACE ( 'NONE', ( #7460 ), #2048, .F. ) ;
#2938 = DIRECTION ( 'NONE',  ( 1.232595164407830672E-32, 2.775557561563032360E-16, -1.000000000000000000 ) ) ;
#2939 = CARTESIAN_POINT ( 'NONE',  ( -4618.749999999996362, -739.9999999999993179, -3423.488475815656784 ) ) ;
#2940 = LINE ( 'NONE', #8309, #5529 ) ;
#2941 = DIRECTION ( 'NONE',  ( 0.000000000000000000, -0.000000000000000000, 1.000000000000000000 ) ) ;
#2942 = ORIENTED_EDGE ( 'NONE', *, *, #5104, .F. ) ;
#2943 = VERTEX_POINT ( 'NONE', #7316 ) ;
#2944 = VERTEX_POINT ( 'NONE', #5044 ) ;
#2945 = EDGE_CURVE ( 'NONE', #6285, #9767, #4463, .T. ) ;
#2946 = CARTESIAN_POINT ( 'NONE',  ( 0.000000000000000000, -875.0000000000000000, -1210.000000000000000 ) ) ;
#2947 = CARTESIAN_POINT ( 'NONE',  ( -12143.40011953353496, -190.0000000000007674, -504.9802145985029256 ) ) ;
#2948 = LINE ( 'NONE', #697, #5624 ) ;
#2949 = DIRECTION ( 'NONE',  ( 1.000000000000000000, 6.162975822039151993E-33, 1.232595164407830946E-32 ) ) ;
#2950 = EDGE_CURVE ( 'NONE', #1601, #1769, #4995, .T. ) ;
#2951 = ORIENTED_EDGE ( 'NONE', *, *, #6380, .T. ) ;
#2952 = ADVANCED_FACE ( 'NONE', ( #4200 ), #6557, .T. ) ;
#2953 = CARTESIAN_POINT ( 'NONE',  ( -12143.40011953353496, 278.9021535255452022, -623.7872381793326895 ) ) ;
#2954 = VECTOR ( 'NONE', #6176, 1000.000000000000000 ) ;
#2955 = DIRECTION ( 'NONE',  ( 0.000000000000000000, -1.000000000000000000, 0.000000000000000000 ) ) ;
#2956 = CARTESIAN_POINT ( 'NONE',  ( -9623.207721193939506, -5431.508564030777052, -849.6342572279646674 ) ) ;
#2957 = ORIENTED_EDGE ( 'NONE', *, *, #7430, .F. ) ;
#2958 = DIRECTION ( 'NONE',  ( 6.162975822038967936E-33, -1.000000000000000000, 1.510372559762204329E-14 ) ) ;
#2959 = CIRCLE ( 'NONE', #3105, 277.7941176470602045 ) ;
#2960 = DIRECTION ( 'NONE',  ( -0.9281522335464009732, 0.3722007944145567238, 0.000000000000000000 ) ) ;
#2961 = AXIS2_PLACEMENT_3D ( 'NONE', #6443, #6289, #8743 ) ;
#2962 = CIRCLE ( 'NONE', #3273, 79.99999999999995737 ) ;
#2963 = CARTESIAN_POINT ( 'NONE',  ( -596.4101615137744830, 989.9999999999984084, -960.0000000000000000 ) ) ;
#2964 = EDGE_CURVE ( 'NONE', #6277, #9025, #9656, .T. ) ;
#2965 = VECTOR ( 'NONE', #4804, 1000.000000000000000 ) ;
#2966 = ORIENTED_EDGE ( 'NONE', *, *, #668, .F. ) ;
#2967 = VECTOR ( 'NONE', #2778, 1000.000000000000000 ) ;
#2968 = AXIS2_PLACEMENT_3D ( 'NONE', #1806, #4002, #8710 ) ;
#2969 = DIRECTION ( 'NONE',  ( 6.162975822039157467E-33, -1.000000000000000000, -2.775557561563032360E-16 ) ) ;
#2970 = DIRECTION ( 'NONE',  ( -1.000000000000000000, 0.000000000000000000, 2.453693674745796445E-16 ) ) ;
#2971 = CARTESIAN_POINT ( 'NONE',  ( -1950.000000000000682, -800.0000000000000000, -910.0000000000001137 ) ) ;
#2972 = CARTESIAN_POINT ( 'NONE',  ( -4318.749999999996362, 560.2425708315851125, -960.0000000000009095 ) ) ;
#2973 = AXIS2_PLACEMENT_3D ( 'NONE', #783, #4538, #2338 ) ;
#2974 = ORIENTED_EDGE ( 'NONE', *, *, #3988, .T. ) ;
#2975 = ADVANCED_FACE ( 'NONE', ( #5145 ), #5794, .T. ) ;
#2976 = CARTESIAN_POINT ( 'NONE',  ( -13250.00000000000000, -190.0000000000008242, -350.9999999999987494 ) ) ;
#2977 = ORIENTED_EDGE ( 'NONE', *, *, #3563, .F. ) ;
#2978 = CARTESIAN_POINT ( 'NONE',  ( -11687.77992055854520, -296.8409399909871240, -1135.000000000000227 ) ) ;
#2979 = EDGE_CURVE ( 'NONE', #8651, #6843, #590, .T. ) ;
#2980 = FACE_OUTER_BOUND ( 'NONE', #4564, .T. ) ;
#2981 = VERTEX_POINT ( 'NONE', #1995 ) ;
#2982 = CIRCLE ( 'NONE', #3140, 250.0000000000000000 ) ;
#2983 = ORIENTED_EDGE ( 'NONE', *, *, #8709, .F. ) ;
#2984 = DIRECTION ( 'NONE',  ( 0.9848077530122075762, -4.819705125750964784E-17, 0.1736481776669329402 ) ) ;
#2985 = PLANE ( 'NONE',  #2066 ) ;
#2986 = FACE_OUTER_BOUND ( 'NONE', #2383, .T. ) ;
#2987 = CARTESIAN_POINT ( 'NONE',  ( -13899.99999999999818, -814.9999999999974989, -459.9999999999983515 ) ) ;
#2988 = DIRECTION ( 'NONE',  ( 1.000000000000000000, 0.000000000000000000, 0.000000000000000000 ) ) ;
#2989 = ORIENTED_EDGE ( 'NONE', *, *, #4856, .F. ) ;
#2990 = ORIENTED_EDGE ( 'NONE', *, *, #5616, .T. ) ;
#2991 = ORIENTED_EDGE ( 'NONE', *, *, #5154, .T. ) ;
#2992 = AXIS2_PLACEMENT_3D ( 'NONE', #5739, #3437, #7952 ) ;
#2993 = ADVANCED_FACE ( 'NONE', ( #443 ), #8112, .T. ) ;
#2994 = DIRECTION ( 'NONE',  ( -0.000000000000000000, 0.000000000000000000, 1.000000000000000000 ) ) ;
#2995 = LINE ( 'NONE', #6053, #9831 ) ;
#2996 = FACE_OUTER_BOUND ( 'NONE', #3902, .T. ) ;
#2997 = DIRECTION ( 'NONE',  ( 0.000000000000000000, -1.000000000000000000, 0.000000000000000000 ) ) ;
#2998 = EDGE_LOOP ( 'NONE', ( #2105, #89, #8192, #6429 ) ) ;
#2999 = AXIS2_PLACEMENT_3D ( 'NONE', #5887, #9596, #2737 ) ;
#3000 = EDGE_CURVE ( 'NONE', #4230, #8785, #626, .T. ) ;
#3001 = LINE ( 'NONE', #4551, #1848 ) ;
#3002 = DIRECTION ( 'NONE',  ( -0.000000000000000000, 0.000000000000000000, 1.000000000000000000 ) ) ;
#3003 = VECTOR ( 'NONE', #9213, 1000.000000000000000 ) ;
#3004 = ADVANCED_FACE ( 'NONE', ( #6707 ), #9763, .T. ) ;
#3005 = DIRECTION ( 'NONE',  ( 0.000000000000000000, 0.000000000000000000, 1.000000000000000000 ) ) ;
#3006 = ORIENTED_EDGE ( 'NONE', *, *, #1657, .F. ) ;
#3007 = ADVANCED_FACE ( 'NONE', ( #1247 ), #7367, .T. ) ;
#3008 = CARTESIAN_POINT ( 'NONE',  ( -11880.00000000000182, 1077.499998843224148, -239.9999999999978684 ) ) ;
#3009 = DIRECTION ( 'NONE',  ( 6.271695431234129858E-16, -1.000000000000000000, 0.000000000000000000 ) ) ;
#3010 = AXIS2_PLACEMENT_3D ( 'NONE', #7167, #6411, #2447 ) ;
#3011 = FACE_OUTER_BOUND ( 'NONE', #256, .T. ) ;
#3012 = AXIS2_PLACEMENT_3D ( 'NONE', #2554, #5695, #3346 ) ;
#3013 = ORIENTED_EDGE ( 'NONE', *, *, #212, .F. ) ;
#3014 = VERTEX_POINT ( 'NONE', #3445 ) ;
#3015 = AXIS2_PLACEMENT_3D ( 'NONE', #5435, #5483, #3172 ) ;
#3016 = ORIENTED_EDGE ( 'NONE', *, *, #8038, .F. ) ;
#3017 = ADVANCED_FACE ( 'NONE', ( #3594 ), #6652, .T. ) ;
#3018 = DIRECTION ( 'NONE',  ( -0.000000000000000000, 1.000000000000000000, -0.000000000000000000 ) ) ;
#3019 = ADVANCED_FACE ( 'NONE', ( #5901 ), #5950, .T. ) ;
#3020 = CARTESIAN_POINT ( 'NONE',  ( -11411.43189860506209, -295.9385695031828050, -504.9802145985046309 ) ) ;
#3021 = DIRECTION ( 'NONE',  ( 0.000000000000000000, -0.000000000000000000, -1.000000000000000000 ) ) ;
#3022 = DIRECTION ( 'NONE',  ( -1.000000000000000000, 0.000000000000000000, 0.000000000000000000 ) ) ;
#3023 = ORIENTED_EDGE ( 'NONE', *, *, #2464, .T. ) ;
#3024 = AXIS2_PLACEMENT_3D ( 'NONE', #9915, #5346, #8471 ) ;
#3025 = PLANE ( 'NONE',  #7176 ) ;
#3026 = EDGE_CURVE ( 'NONE', #4116, #9399, #8807, .T. ) ;
#3027 = ORIENTED_EDGE ( 'NONE', *, *, #2139, .F. ) ;
#3028 = DIRECTION ( 'NONE',  ( 6.162975822039347682E-33, -1.000000000000000000, -1.565883710993464680E-14 ) ) ;
#3029 = CARTESIAN_POINT ( 'NONE',  ( -2350.000000000000455, 739.9999999999982947, -960.0000000000002274 ) ) ;
#3030 = ORIENTED_EDGE ( 'NONE', *, *, #2753, .F. ) ;
#3031 = EDGE_LOOP ( 'NONE', ( #3484, #8209, #6100, #35 ) ) ;
#3032 = DIRECTION ( 'NONE',  ( 0.000000000000000000, -1.000000000000000000, 0.000000000000000000 ) ) ;
#3033 = FACE_OUTER_BOUND ( 'NONE', #1541, .T. ) ;
#3034 = CARTESIAN_POINT ( 'NONE',  ( -5576.316527040902656, 1089.999999999998181, -760.0000000000010232 ) ) ;
#3035 = VECTOR ( 'NONE', #4271, 1000.000000000000000 ) ;
#3036 = DIRECTION ( 'NONE',  ( -0.000000000000000000, -0.000000000000000000, -1.000000000000000000 ) ) ;
#3037 = LINE ( 'NONE', #2241, #1372 ) ;
#3038 = ORIENTED_EDGE ( 'NONE', *, *, #3393, .T. ) ;
#3039 = VERTEX_POINT ( 'NONE', #7646 ) ;
#3040 = ORIENTED_EDGE ( 'NONE', *, *, #5660, .T. ) ;
#3041 = CARTESIAN_POINT ( 'NONE',  ( -14156.10001622140953, -729.4021522441533989, -769.9999999999963620 ) ) ;
#3042 = CYLINDRICAL_SURFACE ( 'NONE', #3097, 99.99999999999964473 ) ;
#3043 = CARTESIAN_POINT ( 'NONE',  ( -13856.59988046646504, -295.9385695031828050, -504.9802145985046309 ) ) ;
#3044 = PLANE ( 'NONE',  #464 ) ;
#3045 = ORIENTED_EDGE ( 'NONE', *, *, #7497, .T. ) ;
#3046 = EDGE_CURVE ( 'NONE', #943, #1898, #9097, .T. ) ;
#3047 = CARTESIAN_POINT ( 'NONE',  ( -14299.99999999999818, -814.9999999999974989, -637.0854464784592892 ) ) ;
#3048 = CARTESIAN_POINT ( 'NONE',  ( -14795.00000000000000, 875.0000000000000000, -1210.000000000000000 ) ) ;
#3049 = AXIS2_PLACEMENT_3D ( 'NONE', #3155, #6118, #12 ) ;
#3050 = VERTEX_POINT ( 'NONE', #9804 ) ;
#3051 = VERTEX_POINT ( 'NONE', #9851 ) ;
#3052 = ADVANCED_FACE ( 'NONE', ( #7700 ), #2985, .T. ) ;
#3053 = CARTESIAN_POINT ( 'NONE',  ( -14500.00000000002001, 190.0000000000006253, -350.9999999999987494 ) ) ;
#3054 = DIRECTION ( 'NONE',  ( -1.000000000000000000, -6.271695431234129858E-16, 0.000000000000000000 ) ) ;
#3055 = FACE_BOUND ( 'NONE', #1315, .T. ) ;
#3056 = ORIENTED_EDGE ( 'NONE', *, *, #5747, .T. ) ;
#3057 = FACE_OUTER_BOUND ( 'NONE', #9467, .T. ) ;
#3058 = ADVANCED_FACE ( 'NONE', ( #7598 ), #7512, .F. ) ;
#3059 = ORIENTED_EDGE ( 'NONE', *, *, #3692, .F. ) ;
#3060 = ORIENTED_EDGE ( 'NONE', *, *, #8588, .F. ) ;
#3061 = DIRECTION ( 'NONE',  ( 1.000000000000000000, 0.000000000000000000, -0.000000000000000000 ) ) ;
#3062 = LINE ( 'NONE', #5471, #9456 ) ;
#3063 = DIRECTION ( 'NONE',  ( 1.000000000000000000, 0.000000000000000000, 0.000000000000000000 ) ) ;
#3064 = CARTESIAN_POINT ( 'NONE',  ( -11411.43189860506209, 725.0021062409357455, -757.0854464784598576 ) ) ;
#3065 = ORIENTED_EDGE ( 'NONE', *, *, #2842, .F. ) ;
#3066 = EDGE_CURVE ( 'NONE', #7596, #9738, #9900, .T. ) ;
#3067 = EDGE_CURVE ( 'NONE', #363, #7836, #6133, .T. ) ;
#3068 = LINE ( 'NONE', #4437, #2203 ) ;
#3069 = VERTEX_POINT ( 'NONE', #5238 ) ;
#3070 = DIRECTION ( 'NONE',  ( -1.000000000000000000, 3.516425831278393658E-17, 1.406570332511357463E-16 ) ) ;
#3071 = CARTESIAN_POINT ( 'NONE',  ( -14156.10001622140953, -899.9999999999986358, -769.9999999999963620 ) ) ;
#3072 = ORIENTED_EDGE ( 'NONE', *, *, #6122, .F. ) ;
#3073 = VERTEX_POINT ( 'NONE', #8448 ) ;
#3074 = LINE ( 'NONE', #508, #4413 ) ;
#3075 = CARTESIAN_POINT ( 'NONE',  ( -2450.000000000000455, 389.6561633456299774, -960.0000000000002274 ) ) ;
#3076 = EDGE_CURVE ( 'NONE', #292, #6550, #1392, .T. ) ;
#3077 = AXIS2_PLACEMENT_3D ( 'NONE', #3783, #5380, #1261 ) ;
#3078 = CARTESIAN_POINT ( 'NONE',  ( -10294.74851850930827, 1189.999999999998181, -1009.999999999998181 ) ) ;
#3079 = DIRECTION ( 'NONE',  ( 0.000000000000000000, -2.413528314402513597E-16, 1.000000000000000000 ) ) ;
#3080 = CARTESIAN_POINT ( 'NONE',  ( -13899.99999999999818, 679.9999999999979536, -909.9999999999979536 ) ) ;
#3081 = VERTEX_POINT ( 'NONE', #3125 ) ;
#3082 = ORIENTED_EDGE ( 'NONE', *, *, #3046, .F. ) ;
#3083 = DIRECTION ( 'NONE',  ( 1.000000000000000000, 0.000000000000000000, 0.000000000000000000 ) ) ;
#3084 = CYLINDRICAL_SURFACE ( 'NONE', #8712, 50.00000000000071054 ) ;
#3085 = LINE ( 'NONE', #4647, #5374 ) ;
#3086 = LINE ( 'NONE', #7612, #767 ) ;
#3087 = ORIENTED_EDGE ( 'NONE', *, *, #9770, .F. ) ;
#3088 = EDGE_CURVE ( 'NONE', #7712, #3180, #4935, .T. ) ;
#3089 = ORIENTED_EDGE ( 'NONE', *, *, #1971, .F. ) ;
#3090 = FACE_OUTER_BOUND ( 'NONE', #4923, .T. ) ;
#3091 = DIRECTION ( 'NONE',  ( 0.000000000000000000, 1.000000000000000000, 5.551115123125784674E-16 ) ) ;
#3092 = ORIENTED_EDGE ( 'NONE', *, *, #9571, .T. ) ;
#3093 = VERTEX_POINT ( 'NONE', #4495 ) ;
#3094 = LINE ( 'NONE', #4657, #5273 ) ;
#3095 = EDGE_CURVE ( 'NONE', #5497, #9233, #8303, .T. ) ;
#3096 = CARTESIAN_POINT ( 'NONE',  ( -11687.77992055854520, -296.8409399909873514, -1135.000000000000227 ) ) ;
#3097 = AXIS2_PLACEMENT_3D ( 'NONE', #1538, #9910, #3887 ) ;
#3098 = CARTESIAN_POINT ( 'NONE',  ( -5576.316527040906294, 989.9999999999980673, -6660.000000000000000 ) ) ;
#3099 = ORIENTED_EDGE ( 'NONE', *, *, #851, .T. ) ;
#3100 = DIRECTION ( 'NONE',  ( 1.000000000000000000, 0.000000000000000000, -0.000000000000000000 ) ) ;
#3101 = DIRECTION ( 'NONE',  ( -1.000000000000000000, 0.000000000000000000, 0.000000000000000000 ) ) ;
#3102 = ORIENTED_EDGE ( 'NONE', *, *, #8008, .F. ) ;
#3103 = ORIENTED_EDGE ( 'NONE', *, *, #840, .F. ) ;
#3104 = VERTEX_POINT ( 'NONE', #9236 ) ;
#3105 = AXIS2_PLACEMENT_3D ( 'NONE', #2082, #2969, #4280 ) ;
#3106 = CARTESIAN_POINT ( 'NONE',  ( -14763.68599666425871, 875.0000000000000000, -1210.000000000000000 ) ) ;
#3107 = SHAPE_REPRESENTATION ( 'Y25_BackwardBogies_MoreDetailed', ( #6822 ), #8898 ) ;
#3108 = CARTESIAN_POINT ( 'NONE',  ( -11825.00000000000182, 899.9999999999998863, -910.0000000000001137 ) ) ;
#3109 = ADVANCED_FACE ( 'NONE', ( #3739, #6041, #3033 ), #5285, .F. ) ;
#3110 = LINE ( 'NONE', #2373, #7927 ) ;
#3111 = CARTESIAN_POINT ( 'NONE',  ( -12750.00000000000000, 5.551115123125782702E-14, -909.9999999999985221 ) ) ;
#3112 = ORIENTED_EDGE ( 'NONE', *, *, #3046, .T. ) ;
#3113 = AXIS2_PLACEMENT_3D ( 'NONE', #4603, #3849, #7668 ) ;
#3114 = VECTOR ( 'NONE', #4165, 1000.000000000000000 ) ;
#3115 = AXIS2_PLACEMENT_3D ( 'NONE', #1586, #4639, #3881 ) ;
#3116 = EDGE_CURVE ( 'NONE', #9090, #7926, #6900, .T. ) ;
#3117 = LINE ( 'NONE', #2275, #7973 ) ;
#3118 = AXIS2_PLACEMENT_3D ( 'NONE', #2541, #2485, #6442 ) ;
#3119 = CARTESIAN_POINT ( 'NONE',  ( -2450.000000000000455, -389.6561633456277036, -960.0000000000000000 ) ) ;
#3120 = EDGE_CURVE ( 'NONE', #2449, #8542, #24, .T. ) ;
#3121 = EDGE_CURVE ( 'NONE', #8785, #7712, #730, .T. ) ;
#3122 = ORIENTED_EDGE ( 'NONE', *, *, #997, .T. ) ;
#3123 = ORIENTED_EDGE ( 'NONE', *, *, #6017, .F. ) ;
#3124 = CYLINDRICAL_SURFACE ( 'NONE', #7419, 250.0000000000000000 ) ;
#3125 = CARTESIAN_POINT ( 'NONE',  ( -11700.00000000000182, 1077.499998843224375, -637.0854464784587208 ) ) ;
#3126 = DIRECTION ( 'NONE',  ( 1.000000000000000000, 1.190114376038054893E-16, -0.000000000000000000 ) ) ;
#3127 = CARTESIAN_POINT ( 'NONE',  ( -2350.000000000000455, 1189.999999999998408, -960.0000000000002274 ) ) ;
#3128 = CARTESIAN_POINT ( 'NONE',  ( -13828.58983848622483, 739.9999999999984084, -960.0000000000002274 ) ) ;
#3129 = ORIENTED_EDGE ( 'NONE', *, *, #7908, .T. ) ;
#3130 = ORIENTED_EDGE ( 'NONE', *, *, #5966, .F. ) ;
#3131 = VERTEX_POINT ( 'NONE', #1583 ) ;
#3132 = ORIENTED_EDGE ( 'NONE', *, *, #3246, .T. ) ;
#3133 = ADVANCED_FACE ( 'NONE', ( #3878 ), #3784, .F. ) ;
#3134 = CARTESIAN_POINT ( 'NONE',  ( -2.914659381970696526E-13, 1189.999999999998408, -960.0000000000002274 ) ) ;
#3135 = DIRECTION ( 'NONE',  ( -1.004552902547434720E-32, -0.2862998607685335872, 0.9581400679044366209 ) ) ;
#3136 = PLANE ( 'NONE',  #3540 ) ;
#3137 = DIRECTION ( 'NONE',  ( 0.000000000000000000, 0.9901138386947148096, 0.1402661271484179906 ) ) ;
#3138 = CARTESIAN_POINT ( 'NONE',  ( -14588.56810139493791, 1077.499998843224375, -757.0854464784597440 ) ) ;
#3139 = DIRECTION ( 'NONE',  ( -9.433912312161293108E-33, 0.9581400679044366209, 0.2862998607685335872 ) ) ;
#3140 = AXIS2_PLACEMENT_3D ( 'NONE', #512, #8870, #5864 ) ;
#3141 = VERTEX_POINT ( 'NONE', #6845 ) ;
#3142 = ORIENTED_EDGE ( 'NONE', *, *, #186, .F. ) ;
#3143 = ADVANCED_FACE ( 'NONE', ( #8394 ), #6940, .T. ) ;
#3144 = CYLINDRICAL_SURFACE ( 'NONE', #152, 149.9999999999999147 ) ;
#3145 = VECTOR ( 'NONE', #8388, 1000.000000000000000 ) ;
#3146 = CARTESIAN_POINT ( 'NONE',  ( -4534.427461039364971, -1190.000000000001137, -751.1534819267452576 ) ) ;
#3147 = DIRECTION ( 'NONE',  ( 6.162975822039157467E-33, -1.000000000000000000, -2.775557561563032360E-16 ) ) ;
#3148 = CARTESIAN_POINT ( 'NONE',  ( -13250.00000000000000, 899.9999999999986358, -769.9999999999959073 ) ) ;
#3149 = DIRECTION ( 'NONE',  ( -2.450878090891695175E-33, 0.9597039290011752932, -0.2810131111882628319 ) ) ;
#3150 = ORIENTED_EDGE ( 'NONE', *, *, #9297, .F. ) ;
#3151 = AXIS2_PLACEMENT_3D ( 'NONE', #1880, #7448, #3584 ) ;
#3152 = ORIENTED_EDGE ( 'NONE', *, *, #3175, .F. ) ;
#3153 = ORIENTED_EDGE ( 'NONE', *, *, #1468, .T. ) ;
#3154 = DIRECTION ( 'NONE',  ( -1.232595164407830672E-32, -2.775557561563032360E-16, 1.000000000000000000 ) ) ;
#3155 = CARTESIAN_POINT ( 'NONE',  ( -7934.375000000004547, -739.9999999999998863, -960.0000000000002274 ) ) ;
#3156 = CARTESIAN_POINT ( 'NONE',  ( -12225.00000000000182, 800.0000000000000000, -910.0000000000001137 ) ) ;
#3157 = CIRCLE ( 'NONE', #8772, 149.9999999999999147 ) ;
#3158 = CARTESIAN_POINT ( 'NONE',  ( -12225.00000000000182, -989.9999999999984084, -3423.488475815656784 ) ) ;
#3159 = VECTOR ( 'NONE', #4549, 999.9999999999998863 ) ;
#3160 = ORIENTED_EDGE ( 'NONE', *, *, #381, .F. ) ;
#3161 = DIRECTION ( 'NONE',  ( 0.000000000000000000, 0.000000000000000000, 1.000000000000000000 ) ) ;
#3162 = ADVANCED_FACE ( 'NONE', ( #7095 ), #3381, .F. ) ;
#3163 = VECTOR ( 'NONE', #1197, 1000.000000000000000 ) ;
#3164 = VECTOR ( 'NONE', #8828, 1000.000000000000000 ) ;
#3165 = CARTESIAN_POINT ( 'NONE',  ( -7612.500000000006366, 989.9999999999979536, -960.0000000000009095 ) ) ;
#3166 = CARTESIAN_POINT ( 'NONE',  ( -14156.10001622140953, 732.4719190560189190, -589.9999999999965894 ) ) ;
#3167 = ADVANCED_FACE ( 'NONE', ( #4031 ), #275, .F. ) ;
#3168 = VECTOR ( 'NONE', #3100, 1000.000000000000000 ) ;
#3169 = DIRECTION ( 'NONE',  ( 1.000000000000000000, 0.000000000000000000, 0.000000000000000000 ) ) ;
#3170 = ORIENTED_EDGE ( 'NONE', *, *, #212, .T. ) ;
#3171 = EDGE_LOOP ( 'NONE', ( #2742, #7240 ) ) ;
#3172 = DIRECTION ( 'NONE',  ( -1.000000000000000000, 0.000000000000000000, 0.000000000000000000 ) ) ;
#3173 = FACE_OUTER_BOUND ( 'NONE', #465, .T. ) ;
#3174 = CARTESIAN_POINT ( 'NONE',  ( -4551.792278806056856, 1089.999999999998181, -849.6342572279651222 ) ) ;
#3175 = EDGE_CURVE ( 'NONE', #4518, #5583, #119, .T. ) ;
#3176 = LINE ( 'NONE', #1442, #1211 ) ;
#3177 = VERTEX_POINT ( 'NONE', #1679 ) ;
#3178 = ORIENTED_EDGE ( 'NONE', *, *, #4566, .T. ) ;
#3179 = VERTEX_POINT ( 'NONE', #221 ) ;
#3180 = VERTEX_POINT ( 'NONE', #8544 ) ;
#3181 = CARTESIAN_POINT ( 'NONE',  ( -14388.56810139493609, -1077.499998843224375, -757.0854464784604261 ) ) ;
#3182 = DIRECTION ( 'NONE',  ( -1.000000000000000000, -0.000000000000000000, -0.000000000000000000 ) ) ;
#3183 = CARTESIAN_POINT ( 'NONE',  ( -12143.40011953353496, -725.0021062409357455, -757.0854464784603124 ) ) ;
#3184 = DIRECTION ( 'NONE',  ( 0.000000000000000000, -1.000000000000000000, 0.000000000000000000 ) ) ;
#3185 = CARTESIAN_POINT ( 'NONE',  ( -11611.43189860506391, 877.4999988432243754, -637.0854464784588345 ) ) ;
#3186 = ORIENTED_EDGE ( 'NONE', *, *, #743, .F. ) ;
#3187 = ORIENTED_EDGE ( 'NONE', *, *, #8458, .T. ) ;
#3188 = CARTESIAN_POINT ( 'NONE',  ( -11411.43189860506209, -1077.499998843224375, -637.0854464784594029 ) ) ;
#3189 = ORIENTED_EDGE ( 'NONE', *, *, #1182, .T. ) ;
#3190 = DIRECTION ( 'NONE',  ( -0.000000000000000000, -0.000000000000000000, -1.000000000000000000 ) ) ;
#3191 = ADVANCED_FACE ( 'NONE', ( #4731 ), #7944, .T. ) ;
#3192 = PLANE ( 'NONE',  #777 ) ;
#3193 = ADVANCED_FACE ( 'NONE', ( #9447 ), #2430, .F. ) ;
#3194 = ORIENTED_EDGE ( 'NONE', *, *, #1239, .F. ) ;
#3195 = CIRCLE ( 'NONE', #9772, 250.0000000000000000 ) ;
#3196 = VERTEX_POINT ( 'NONE', #6286 ) ;
#3197 = DIRECTION ( 'NONE',  ( -6.162975822039157467E-33, 1.000000000000000000, 2.775557561563032360E-16 ) ) ;
#3198 = DIRECTION ( 'NONE',  ( -1.000000000000000000, -6.162975822039151993E-33, -1.232595164407830946E-32 ) ) ;
#3199 = PLANE ( 'NONE',  #7569 ) ;
#3200 = AXIS2_PLACEMENT_3D ( 'NONE', #7834, #2269, #6221 ) ;
#3201 = LINE ( 'NONE', #6212, #5417 ) ;
#3202 = FACE_OUTER_BOUND ( 'NONE', #7364, .T. ) ;
#3203 = EDGE_CURVE ( 'NONE', #8171, #1464, #7045, .T. ) ;
#3204 = VERTEX_POINT ( 'NONE', #6394 ) ;
#3205 = ORIENTED_EDGE ( 'NONE', *, *, #8028, .T. ) ;
#3206 = ORIENTED_EDGE ( 'NONE', *, *, #4277, .F. ) ;
#3207 = CARTESIAN_POINT ( 'NONE',  ( -12100.00000000000182, 1054.999999999997272, -539.9999999999978400 ) ) ;
#3208 = LINE ( 'NONE', #6270, #1619 ) ;
#3209 = CARTESIAN_POINT ( 'NONE',  ( -13578.58983848622483, 739.9999999999984084, -3423.488475815656784 ) ) ;
#3210 = LINE ( 'NONE', #4670, #779 ) ;
#3211 = ORIENTED_EDGE ( 'NONE', *, *, #5058, .T. ) ;
#3212 = EDGE_CURVE ( 'NONE', #5515, #2749, #3327, .T. ) ;
#3213 = ORIENTED_EDGE ( 'NONE', *, *, #1859, .F. ) ;
#3214 = CIRCLE ( 'NONE', #4510, 250.0000000000000000 ) ;
#3215 = ORIENTED_EDGE ( 'NONE', *, *, #5955, .F. ) ;
#3216 = CARTESIAN_POINT ( 'NONE',  ( -596.4101615137744830, 989.9999999999984084, -1135.000000000000227 ) ) ;
#3217 = DIRECTION ( 'NONE',  ( -1.000000000000000000, -6.162975822039152677E-33, -1.232595164407830946E-32 ) ) ;
#3218 = ADVANCED_FACE ( 'NONE', ( #9489 ), #7744, .F. ) ;
#3219 = VERTEX_POINT ( 'NONE', #8689 ) ;
#3220 = ORIENTED_EDGE ( 'NONE', *, *, #4014, .F. ) ;
#3221 = CARTESIAN_POINT ( 'NONE',  ( -13728.58983848622483, -341.8139511719356847, -3423.488475815656784 ) ) ;
#3222 = DIRECTION ( 'NONE',  ( -1.000000000000000000, 0.000000000000000000, 0.000000000000000000 ) ) ;
#3223 = FACE_OUTER_BOUND ( 'NONE', #6599, .T. ) ;
#3224 = LINE ( 'NONE', #1085, #6323 ) ;
#3225 = ORIENTED_EDGE ( 'NONE', *, *, #6070, .T. ) ;
#3226 = VERTEX_POINT ( 'NONE', #4137 ) ;
#3227 = ORIENTED_EDGE ( 'NONE', *, *, #4673, .T. ) ;
#3228 = EDGE_LOOP ( 'NONE', ( #9270, #6231, #9881, #5548 ) ) ;
#3229 = AXIS2_PLACEMENT_3D ( 'NONE', #7945, #2630, #5484 ) ;
#3230 = DIRECTION ( 'NONE',  ( 1.000000000000000000, 0.000000000000000000, -0.000000000000000000 ) ) ;
#3231 = EDGE_CURVE ( 'NONE', #3607, #8813, #7202, .T. ) ;
#3232 = DIRECTION ( 'NONE',  ( -0.000000000000000000, 0.000000000000000000, 1.000000000000000000 ) ) ;
#3233 = CARTESIAN_POINT ( 'NONE',  ( -14500.00000000002001, -699.9999999999986358, -749.6146185948546190 ) ) ;
#3234 = CYLINDRICAL_SURFACE ( 'NONE', #6054, 99.99999999999964473 ) ;
#3235 = ORIENTED_EDGE ( 'NONE', *, *, #5001, .F. ) ;
#3236 = ORIENTED_EDGE ( 'NONE', *, *, #5224, .T. ) ;
#3237 = DIRECTION ( 'NONE',  ( 0.000000000000000000, 0.000000000000000000, 1.000000000000000000 ) ) ;
#3238 = EDGE_LOOP ( 'NONE', ( #6974, #1140, #1670, #9725 ) ) ;
#3239 = DIRECTION ( 'NONE',  ( -6.162975822039157467E-33, 1.000000000000000000, 3.301729611148415602E-16 ) ) ;
#3240 = CARTESIAN_POINT ( 'NONE',  ( -14156.10001622140953, -278.9021535255452022, -725.0000000000053433 ) ) ;
#3241 = VECTOR ( 'NONE', #1007, 1000.000000000000000 ) ;
#3242 = EDGE_CURVE ( 'NONE', #6905, #4116, #328, .T. ) ;
#3243 = ORIENTED_EDGE ( 'NONE', *, *, #7237, .F. ) ;
#3244 = EDGE_LOOP ( 'NONE', ( #5668, #8543, #9157, #2862 ) ) ;
#3245 = CARTESIAN_POINT ( 'NONE',  ( -1950.000000000000682, -200.0000000000000000, -825.0000000000001137 ) ) ;
#3246 = EDGE_CURVE ( 'NONE', #3745, #1775, #9286, .T. ) ;
#3247 = ADVANCED_FACE ( 'NONE', ( #924 ), #3982, .F. ) ;
#3248 = DIRECTION ( 'NONE',  ( 0.000000000000000000, -1.000000000000000000, -0.000000000000000000 ) ) ;
#3249 = DIRECTION ( 'NONE',  ( 1.000000000000000000, 0.000000000000000000, 0.000000000000000000 ) ) ;
#3250 = DIRECTION ( 'NONE',  ( 1.000000000000000000, 0.000000000000000000, 0.000000000000000000 ) ) ;
#3251 = PLANE ( 'NONE',  #6185 ) ;
#3252 = ORIENTED_EDGE ( 'NONE', *, *, #447, .F. ) ;
#3253 = ORIENTED_EDGE ( 'NONE', *, *, #3513, .F. ) ;
#3254 = ORIENTED_EDGE ( 'NONE', *, *, #5024, .F. ) ;
#3255 = DIRECTION ( 'NONE',  ( -1.000000000000000000, 0.000000000000000000, 0.000000000000000000 ) ) ;
#3256 = APPLICATION_CONTEXT ( 'automotive_design' ) ;
#3257 = FACE_OUTER_BOUND ( 'NONE', #5976, .T. ) ;
#3258 = VECTOR ( 'NONE', #3748, 1000.000000000000000 ) ;
#3259 = EDGE_CURVE ( 'NONE', #3334, #1916, #2483, .T. ) ;
#3260 = CARTESIAN_POINT ( 'NONE',  ( -14338.65743636097977, -1077.499998843224375, -757.0854464784600850 ) ) ;
#3261 = ORIENTED_EDGE ( 'NONE', *, *, #2368, .T. ) ;
#3262 = AXIS2_PLACEMENT_3D ( 'NONE', #8659, #2598, #8556 ) ;
#3263 = EDGE_LOOP ( 'NONE', ( #9354, #9662, #4761, #4444 ) ) ;
#3264 = DIRECTION ( 'NONE',  ( -0.000000000000000000, 0.000000000000000000, 1.000000000000000000 ) ) ;
#3265 = DIRECTION ( 'NONE',  ( -0.000000000000000000, -0.000000000000000000, -1.000000000000000000 ) ) ;
#3266 = CARTESIAN_POINT ( 'NONE',  ( -10253.43092739265558, -1089.999999999998181, -960.7596123493876803 ) ) ;
#3267 = ADVANCED_FACE ( 'NONE', ( #1734 ), #4785, .T. ) ;
#3268 = CARTESIAN_POINT ( 'NONE',  ( 974.9999999999978400, 0.000000000000000000, -1.110223024625156540E-13 ) ) ;
#3269 = AXIS2_PLACEMENT_3D ( 'NONE', #8682, #7243, #367 ) ;
#3270 = VERTEX_POINT ( 'NONE', #4082 ) ;
#3271 = CIRCLE ( 'NONE', #4561, 6000.000000000000000 ) ;
#3272 = ORIENTED_EDGE ( 'NONE', *, *, #3691, .F. ) ;
#3273 = AXIS2_PLACEMENT_3D ( 'NONE', #7390, #9878, #4371 ) ;
#3274 = CARTESIAN_POINT ( 'NONE',  ( -14175.00000000000000, 989.9999999999974989, -960.0000000000002274 ) ) ;
#3275 = CARTESIAN_POINT ( 'NONE',  ( 0.000000000000000000, 0.000000000000000000, -960.0000000000002274 ) ) ;
#3276 = CARTESIAN_POINT ( 'NONE',  ( -14325.91444772089744, 898.7388418281769873, -759.3323791905669395 ) ) ;
#3277 = PLANE ( 'NONE',  #243 ) ;
#3278 = VECTOR ( 'NONE', #7464, 1000.000000000000000 ) ;
#3279 = ORIENTED_EDGE ( 'NONE', *, *, #439, .T. ) ;
#3280 = ORIENTED_EDGE ( 'NONE', *, *, #4655, .F. ) ;
#3281 = AXIS2_PLACEMENT_3D ( 'NONE', #5472, #5755, #861 ) ;
#3282 = VERTEX_POINT ( 'NONE', #3427 ) ;
#3283 = ORIENTED_EDGE ( 'NONE', *, *, #2860, .T. ) ;
#3284 = VECTOR ( 'NONE', #9004, 1000.000000000000000 ) ;
#3285 = CARTESIAN_POINT ( 'NONE',  ( -446.4101615137745398, -341.8139511719356847, -960.0000000000000000 ) ) ;
#3286 = LINE ( 'NONE', #8010, #2096 ) ;
#3287 = DIRECTION ( 'NONE',  ( 6.162975822039157467E-33, -1.000000000000000000, -2.249385511977649118E-16 ) ) ;
#3288 = CARTESIAN_POINT ( 'NONE',  ( -7934.375000000004547, -739.9999999999998863, -960.0000000000002274 ) ) ;
#3289 = CARTESIAN_POINT ( 'NONE',  ( -12225.00000000000182, 739.9999999999984084, 0.000000000000000000 ) ) ;
#3290 = ORIENTED_EDGE ( 'NONE', *, *, #3452, .T. ) ;
#3291 = DIRECTION ( 'NONE',  ( 0.9281522335464009732, -0.3722007944145567238, -0.000000000000000000 ) ) ;
#3292 = VERTEX_POINT ( 'NONE', #7353 ) ;
#3293 = DIRECTION ( 'NONE',  ( 0.000000000000000000, 0.000000000000000000, 1.000000000000000000 ) ) ;
#3294 = CARTESIAN_POINT ( 'NONE',  ( -11411.43189860506209, 295.9385695031826913, -504.9802145985045172 ) ) ;
#3295 = PRODUCT_DEFINITION_FORMATION_WITH_SPECIFIED_SOURCE ( 'TUTTO', '', #4513, .NOT_KNOWN. ) ;
#3296 = EDGE_CURVE ( 'NONE', #4424, #9330, #528, .T. ) ;
#3297 = EDGE_LOOP ( 'NONE', ( #543, #6586, #2106, #1743 ) ) ;
#3298 = DIRECTION ( 'NONE',  ( 0.000000000000000000, -0.000000000000000000, -1.000000000000000000 ) ) ;
#3299 = LINE ( 'NONE', #6364, #758 ) ;
#3300 = DIRECTION ( 'NONE',  ( 6.162975822039157467E-33, -1.000000000000000000, -2.775557561563032360E-16 ) ) ;
#3301 = CIRCLE ( 'NONE', #599, 250.0000000000000000 ) ;
#3302 = FACE_OUTER_BOUND ( 'NONE', #8418, .T. ) ;
#3303 = DIRECTION ( 'NONE',  ( 6.162975822039156098E-33, -1.000000000000000000, -2.775557561563032360E-16 ) ) ;
#3304 = VECTOR ( 'NONE', #6574, 1000.000000000000000 ) ;
#3305 = EDGE_CURVE ( 'NONE', #4924, #7836, #5885, .T. ) ;
#3306 = ADVANCED_FACE ( 'NONE', ( #8891 ), #4334, .T. ) ;
#3307 = ORIENTED_EDGE ( 'NONE', *, *, #7870, .F. ) ;
#3308 = LINE ( 'NONE', #6321, #7342 ) ;
#3309 = CIRCLE ( 'NONE', #438, 100.0000000000000853 ) ;
#3310 = DIRECTION ( 'NONE',  ( 1.000000000000000000, 6.162975822039151993E-33, 1.232595164407830946E-32 ) ) ;
#3311 = DIRECTION ( 'NONE',  ( -0.000000000000000000, 0.000000000000000000, 1.000000000000000000 ) ) ;
#3312 = VERTEX_POINT ( 'NONE', #1285 ) ;
#3313 = AXIS2_PLACEMENT_3D ( 'NONE', #8025, #9470, #6465 ) ;
#3314 = VECTOR ( 'NONE', #5135, 1000.000000000000000 ) ;
#3315 = ORIENTED_EDGE ( 'NONE', *, *, #9847, .T. ) ;
#3316 = EDGE_CURVE ( 'NONE', #7036, #2340, #2629, .T. ) ;
#3317 = ADVANCED_FACE ( 'NONE', ( #6639 ), #9540, .T. ) ;
#3318 = EDGE_LOOP ( 'NONE', ( #6180, #156, #5213, #7885, #9830 ) ) ;
#3319 = LINE ( 'NONE', #7939, #7821 ) ;
#3320 = CIRCLE ( 'NONE', #5568, 149.9999999999999147 ) ;
#3321 = DIRECTION ( 'NONE',  ( 0.000000000000000000, 0.000000000000000000, 1.000000000000000000 ) ) ;
#3322 = VECTOR ( 'NONE', #7365, 1000.000000000000000 ) ;
#3323 = LINE ( 'NONE', #7739, #3906 ) ;
#3324 = SHAPE_REPRESENTATION_RELATIONSHIP ( 'NONE' , 'NONE' ,  #3107, #9663 ) ;
#3325 = ORIENTED_EDGE ( 'NONE', *, *, #1663, .F. ) ;
#3326 = ORIENTED_EDGE ( 'NONE', *, *, #4109, .T. ) ;
#3327 = LINE ( 'NONE', #5632, #8469 ) ;
#3328 = AXIS2_PLACEMENT_3D ( 'NONE', #3075, #4585, #7556 ) ;
#3329 = DIRECTION ( 'NONE',  ( -1.000000000000000000, -0.000000000000000000, -0.000000000000000000 ) ) ;
#3330 = CYLINDRICAL_SURFACE ( 'NONE', #3118, 5900.000000000000000 ) ;
#3331 = VECTOR ( 'NONE', #14, 1000.000000000000000 ) ;
#3332 = DIRECTION ( 'NONE',  ( 0.9281522335464011952, -0.3722007944145563352, -0.000000000000000000 ) ) ;
#3333 = EDGE_CURVE ( 'NONE', #2918, #4924, #3339, .T. ) ;
#3334 = VERTEX_POINT ( 'NONE', #3582 ) ;
#3335 = ORIENTED_EDGE ( 'NONE', *, *, #9166, .F. ) ;
#3336 = ORIENTED_EDGE ( 'NONE', *, *, #814, .F. ) ;
#3337 = ORIENTED_EDGE ( 'NONE', *, *, #8823, .F. ) ;
#3338 = FACE_OUTER_BOUND ( 'NONE', #9084, .T. ) ;
#3339 = CIRCLE ( 'NONE', #5907, 200.0000000000000000 ) ;
#3340 = ADVANCED_FACE ( 'NONE', ( #1134 ), #9696, .T. ) ;
#3341 = AXIS2_PLACEMENT_3D ( 'NONE', #3892, #6958, #87 ) ;
#3342 = DIRECTION ( 'NONE',  ( 0.000000000000000000, -1.000000000000000000, 0.000000000000000000 ) ) ;
#3343 = FACE_OUTER_BOUND ( 'NONE', #2246, .T. ) ;
#3344 = AXIS2_PLACEMENT_3D ( 'NONE', #664, #2213, #5067 ) ;
#3345 = CARTESIAN_POINT ( 'NONE',  ( -11499.99999999997999, -725.0021062409357455, -757.0854464784603124 ) ) ;
#3346 = DIRECTION ( 'NONE',  ( -0.9281522335464009732, -0.3722007944145567238, 0.000000000000000000 ) ) ;
#3347 = EDGE_LOOP ( 'NONE', ( #3503, #6170, #7529, #2765 ) ) ;
#3348 = DIRECTION ( 'NONE',  ( 0.9848077530122092416, 0.000000000000000000, 0.1736481776669233368 ) ) ;
#3349 = VECTOR ( 'NONE', #7474, 1000.000000000000000 ) ;
#3350 = ORIENTED_EDGE ( 'NONE', *, *, #8228, .F. ) ;
#3351 = PLANE ( 'NONE',  #5203 ) ;
#3352 = LINE ( 'NONE', #1153, #303 ) ;
#3353 = EDGE_LOOP ( 'NONE', ( #6662, #2688, #7992, #4387, #4016, #2545, #4499 ) ) ;
#3354 = CARTESIAN_POINT ( 'NONE',  ( -12500.00000000000182, 814.9999999999972715, -637.0854464784588345 ) ) ;
#3355 = LINE ( 'NONE', #5656, #6849 ) ;
#3356 = EDGE_CURVE ( 'NONE', #2188, #8981, #7251, .T. ) ;
#3357 = CARTESIAN_POINT ( 'NONE',  ( -11499.99999999997999, 295.9385695031826913, -504.9802145985045172 ) ) ;
#3358 = CARTESIAN_POINT ( 'NONE',  ( -1850.000000000000455, 241.8139511719357131, -960.0000000000002274 ) ) ;
#3359 = CARTESIAN_POINT ( 'NONE',  ( -12225.00000000000182, 800.0000000000000000, -910.0000000000001137 ) ) ;
#3360 = VECTOR ( 'NONE', #6418, 1000.000000000000000 ) ;
#3361 = ORIENTED_EDGE ( 'NONE', *, *, #4627, .T. ) ;
#3362 = EDGE_CURVE ( 'NONE', #9714, #2852, #428, .T. ) ;
#3363 = LINE ( 'NONE', #4066, #6830 ) ;
#3364 = LINE ( 'NONE', #209, #6255 ) ;
#3365 = CARTESIAN_POINT ( 'NONE',  ( -4218.749999999997272, -560.2425708315863631, -960.0000000000000000 ) ) ;
#3366 = VECTOR ( 'NONE', #7326, 1000.000000000000000 ) ;
#3367 = EDGE_CURVE ( 'NONE', #2479, #5336, #2086, .T. ) ;
#3368 = ADVANCED_FACE ( 'NONE', ( #580 ), #3533, .T. ) ;
#3369 = DIRECTION ( 'NONE',  ( 1.000000000000000000, 0.000000000000000000, 0.000000000000000000 ) ) ;
#3370 = ORIENTED_EDGE ( 'NONE', *, *, #447, .T. ) ;
#3371 = EDGE_CURVE ( 'NONE', #3876, #1533, #9092, .T. ) ;
#3372 = VERTEX_POINT ( 'NONE', #2734 ) ;
#3373 = EDGE_CURVE ( 'NONE', #3552, #7778, #1232, .T. ) ;
#3374 = CARTESIAN_POINT ( 'NONE',  ( -12225.00000000000182, -200.0000000000000000, -825.0000000000001137 ) ) ;
#3375 = CARTESIAN_POINT ( 'NONE',  ( -12750.00000000000000, 176.9719203373657592, -350.9999999999987494 ) ) ;
#3376 = DIRECTION ( 'NONE',  ( -1.375818072832683515E-32, 0.3952161465694030706, 0.9185881544472649374 ) ) ;
#3377 = EDGE_CURVE ( 'NONE', #7309, #7605, #1331, .T. ) ;
#3378 = ORIENTED_EDGE ( 'NONE', *, *, #6756, .T. ) ;
#3379 = ADVANCED_FACE ( 'NONE', ( #4981 ), #4380, .F. ) ;
#3380 = VERTEX_POINT ( 'NONE', #373 ) ;
#3381 = CYLINDRICAL_SURFACE ( 'NONE', #6210, 250.0000000000000000 ) ;
#3382 = DIRECTION ( 'NONE',  ( -0.000000000000000000, 0.000000000000000000, 1.000000000000000000 ) ) ;
#3383 = PLANE ( 'NONE',  #5209 ) ;
#3384 = DIRECTION ( 'NONE',  ( -1.000000000000000000, -1.850371707708594316E-16, 0.000000000000000000 ) ) ;
#3385 = ORIENTED_EDGE ( 'NONE', *, *, #1594, .T. ) ;
#3386 = ORIENTED_EDGE ( 'NONE', *, *, #6232, .T. ) ;
#3387 = ORIENTED_EDGE ( 'NONE', *, *, #4960, .F. ) ;
#3388 = VERTEX_POINT ( 'NONE', #2780 ) ;
#3389 = DIRECTION ( 'NONE',  ( 1.000000000000000000, 0.000000000000000000, 0.000000000000000000 ) ) ;
#3390 = DIRECTION ( 'NONE',  ( 1.000000000000000000, 6.162975822039151993E-33, 1.232595164407830946E-32 ) ) ;
#3391 = PLANE ( 'NONE',  #7754 ) ;
#3392 = ORIENTED_EDGE ( 'NONE', *, *, #1672, .T. ) ;
#3393 = EDGE_CURVE ( 'NONE', #441, #4998, #4148, .T. ) ;
#3394 = LINE ( 'NONE', #2697, #5726 ) ;
#3395 = VERTEX_POINT ( 'NONE', #7774 ) ;
#3396 = DIRECTION ( 'NONE',  ( -6.162975822039157467E-33, 1.000000000000000000, 3.301729611148415602E-16 ) ) ;
#3397 = AXIS2_PLACEMENT_3D ( 'NONE', #3098, #4703, #7679 ) ;
#3398 = EDGE_LOOP ( 'NONE', ( #2406, #7561, #1647, #8688 ) ) ;
#3399 = DIRECTION ( 'NONE',  ( -0.000000000000000000, 0.000000000000000000, 1.000000000000000000 ) ) ;
#3400 = CARTESIAN_POINT ( 'NONE',  ( -12500.00000000000182, -814.9999999999974989, -306.2059048389991176 ) ) ;
#3401 = EDGE_LOOP ( 'NONE', ( #5712, #7168 ) ) ;
#3402 = ORIENTED_EDGE ( 'NONE', *, *, #2089, .F. ) ;
#3403 = CARTESIAN_POINT ( 'NONE',  ( -12500.00000000000182, -814.9999999999974989, -637.0854464784592892 ) ) ;
#3404 = CARTESIAN_POINT ( 'NONE',  ( -12225.00000000000182, -989.9999999999984084, -1135.000000000000227 ) ) ;
#3405 = EDGE_CURVE ( 'NONE', #8039, #6648, #4614, .T. ) ;
#3406 = CARTESIAN_POINT ( 'NONE',  ( -11700.00000000000182, 1970.627566330085756, -637.0854464784586071 ) ) ;
#3407 = DIRECTION ( 'NONE',  ( 1.000000000000000000, 6.162975822039154046E-33, 1.232595164407830946E-32 ) ) ;
#3408 = CARTESIAN_POINT ( 'NONE',  ( -10308.04291515398472, 1189.999999999998408, -868.8465180732564477 ) ) ;
#3409 = PLANE ( 'NONE',  #5321 ) ;
#3410 = VECTOR ( 'NONE', #4212, 1000.000000000000000 ) ;
#3411 = ORIENTED_EDGE ( 'NONE', *, *, #8107, .T. ) ;
#3412 = ADVANCED_FACE ( 'NONE', ( #1614 ), #901, .F. ) ;
#3413 = DIRECTION ( 'NONE',  ( 1.232595164407830672E-32, 2.775557561563032360E-16, -1.000000000000000000 ) ) ;
#3414 = FACE_OUTER_BOUND ( 'NONE', #427, .T. ) ;
#3415 = CARTESIAN_POINT ( 'NONE',  ( -4047.454448600417436, 922.5146718258737337, -960.0000000000002274 ) ) ;
#3416 = VERTEX_POINT ( 'NONE', #955 ) ;
#3417 = ORIENTED_EDGE ( 'NONE', *, *, #5430, .T. ) ;
#3418 = ORIENTED_EDGE ( 'NONE', *, *, #1795, .F. ) ;
#3419 = EDGE_LOOP ( 'NONE', ( #932, #7079, #949, #153, #3990, #8054 ) ) ;
#3420 = EDGE_CURVE ( 'NONE', #6948, #2488, #5411, .T. ) ;
#3421 = DIRECTION ( 'NONE',  ( -1.232595164407830672E-32, -2.775557561563032360E-16, 1.000000000000000000 ) ) ;
#3422 = DIRECTION ( 'NONE',  ( -1.000000000000000000, 0.000000000000000000, 0.000000000000000000 ) ) ;
#3423 = LINE ( 'NONE', #5129, #6149 ) ;
#3424 = EDGE_LOOP ( 'NONE', ( #3701, #1758, #6754, #3160 ) ) ;
#3425 = ORIENTED_EDGE ( 'NONE', *, *, #5974, .T. ) ;
#3426 = AXIS2_PLACEMENT_3D ( 'NONE', #6951, #81, #6908 ) ;
#3427 = CARTESIAN_POINT ( 'NONE',  ( -8598.683472959090068, -990.0000000000001137, -660.0000000000002274 ) ) ;
#3428 = CARTESIAN_POINT ( 'NONE',  ( -12225.00000000000182, -800.0000000000000000, -910.0000000000001137 ) ) ;
#3429 = PLANE ( 'NONE',  #6199 ) ;
#3430 = LINE ( 'NONE', #5833, #3763 ) ;
#3431 = VERTEX_POINT ( 'NONE', #9266 ) ;
#3432 = ORIENTED_EDGE ( 'NONE', *, *, #4071, .F. ) ;
#3433 = EDGE_CURVE ( 'NONE', #7759, #3093, #3201, .T. ) ;
#3434 = ORIENTED_EDGE ( 'NONE', *, *, #605, .T. ) ;
#3435 = ORIENTED_EDGE ( 'NONE', *, *, #1973, .T. ) ;
#3436 = EDGE_CURVE ( 'NONE', #4993, #8356, #8148, .T. ) ;
#3437 = DIRECTION ( 'NONE',  ( -0.000000000000000000, 0.000000000000000000, 1.000000000000000000 ) ) ;
#3438 = CIRCLE ( 'NONE', #5670, 250.0000000000000000 ) ;
#3439 = AXIS2_PLACEMENT_3D ( 'NONE', #27, #3837, #5439 ) ;
#3440 = DIRECTION ( 'NONE',  ( -6.162975822039157467E-33, 1.000000000000000000, 2.249385511977649118E-16 ) ) ;
#3441 = DIRECTION ( 'NONE',  ( -0.000000000000000000, 0.000000000000000000, 1.000000000000000000 ) ) ;
#3442 = VECTOR ( 'NONE', #1866, 1000.000000000000000 ) ;
#3443 = VERTEX_POINT ( 'NONE', #3148 ) ;
#3444 = CARTESIAN_POINT ( 'NONE',  ( -3921.569072607348971, 1089.999999999998181, -960.7596123493884761 ) ) ;
#3445 = CARTESIAN_POINT ( 'NONE',  ( -13728.58983848622483, 241.8139511719357131, -1135.000000000000227 ) ) ;
#3446 = PLANE ( 'NONE',  #7014 ) ;
#3447 = ORIENTED_EDGE ( 'NONE', *, *, #8779, .T. ) ;
#3448 = CARTESIAN_POINT ( 'NONE',  ( -7362.500000000006366, -989.9999999999997726, -1135.000000000000227 ) ) ;
#3449 = VECTOR ( 'NONE', #4957, 1000.000000000000000 ) ;
#3450 = CARTESIAN_POINT ( 'NONE',  ( -12100.00000000000182, 679.9999999999976126, 2.053912595556539600E-12 ) ) ;
#3451 = ORIENTED_EDGE ( 'NONE', *, *, #756, .F. ) ;
#3452 = EDGE_CURVE ( 'NONE', #4501, #2822, #4, .T. ) ;
#3453 = CIRCLE ( 'NONE', #9530, 5900.000000000000000 ) ;
#3454 = CARTESIAN_POINT ( 'NONE',  ( -14494.37518636517598, -747.0986934586336474, -637.0854464784592892 ) ) ;
#3455 = CARTESIAN_POINT ( 'NONE',  ( -5576.316527040904475, 1189.999999999998408, -660.0000000000010232 ) ) ;
#3456 = DIRECTION ( 'NONE',  ( 1.000000000000000000, -0.000000000000000000, -0.000000000000000000 ) ) ;
#3457 = CARTESIAN_POINT ( 'NONE',  ( -11499.99999999997999, -699.9999999999986358, -623.2943698956134995 ) ) ;
#3458 = MECHANICAL_DESIGN_GEOMETRIC_PRESENTATION_REPRESENTATION (  '', ( #9056 ), #419 ) ;
#3459 = DIRECTION ( 'NONE',  ( 1.000000000000000000, 0.000000000000000000, 0.000000000000000000 ) ) ;
#3460 = DIRECTION ( 'NONE',  ( 1.000000000000000000, 0.000000000000000000, 0.000000000000000000 ) ) ;
#3461 = PLANE ( 'NONE',  #8913 ) ;
#3462 = ADVANCED_FACE ( 'NONE', ( #7828 ), #47, .F. ) ;
#3463 = ORIENTED_EDGE ( 'NONE', *, *, #8377, .T. ) ;
#3464 = FACE_OUTER_BOUND ( 'NONE', #9360, .T. ) ;
#3465 = CARTESIAN_POINT ( 'NONE',  ( -1950.000000000000682, 0.000000000000000000, 0.000000000000000000 ) ) ;
#3466 = VECTOR ( 'NONE', #1796, 1000.000000000000000 ) ;
#3467 = CARTESIAN_POINT ( 'NONE',  ( -13828.58983848622483, 739.9999999999984084, -1135.000000000000227 ) ) ;
#3468 = ORIENTED_EDGE ( 'NONE', *, *, #6173, .F. ) ;
#3469 = ORIENTED_EDGE ( 'NONE', *, *, #8417, .F. ) ;
#3470 = VERTEX_POINT ( 'NONE', #6263 ) ;
#3471 = CIRCLE ( 'NONE', #2042, 250.0000000000000000 ) ;
#3472 = ORIENTED_EDGE ( 'NONE', *, *, #525, .T. ) ;
#3473 = FACE_OUTER_BOUND ( 'NONE', #1834, .T. ) ;
#3474 = CARTESIAN_POINT ( 'NONE',  ( -12225.00000000000182, -989.9999999999984084, -960.0000000000002274 ) ) ;
#3475 = DIRECTION ( 'NONE',  ( 1.000000000000000000, 3.172065784643291554E-15, 0.000000000000000000 ) ) ;
#3476 = PRODUCT_CONTEXT ( 'NONE', #2245, 'mechanical' ) ;
#3477 = ORIENTED_EDGE ( 'NONE', *, *, #4643, .T. ) ;
#3478 = VECTOR ( 'NONE', #3866, 1000.000000000000000 ) ;
#3479 = EDGE_CURVE ( 'NONE', #3177, #4028, #9318, .T. ) ;
#3480 = DIRECTION ( 'NONE',  ( 1.000000000000000000, 0.000000000000000000, 0.000000000000000000 ) ) ;
#3481 = DIRECTION ( 'NONE',  ( -0.000000000000000000, 0.000000000000000000, 1.000000000000000000 ) ) ;
#3482 = DIRECTION ( 'NONE',  ( -6.162975822039157467E-33, 1.000000000000000000, 2.775557561563032360E-16 ) ) ;
#3483 = DIRECTION ( 'NONE',  ( -0.000000000000000000, -0.000000000000000000, -1.000000000000000000 ) ) ;
#3484 = ORIENTED_EDGE ( 'NONE', *, *, #7922, .F. ) ;
#3486 = ORIENTED_EDGE ( 'NONE', *, *, #840, .T. ) ;
#3485 = AXIS2_PLACEMENT_3D ( 'NONE', #8279, #8328, #1460 ) ;
#3487 = ORIENTED_EDGE ( 'NONE', *, *, #7241, .F. ) ;
#3488 = EDGE_CURVE ( 'NONE', #9672, #1942, #3956, .T. ) ;
#3489 = DIRECTION ( 'NONE',  ( 0.000000000000000000, 0.000000000000000000, 1.000000000000000000 ) ) ;
#3490 = CARTESIAN_POINT ( 'NONE',  ( -12500.00000000000182, 814.9999999999970441, -306.2059048389986629 ) ) ;
#3491 = VECTOR ( 'NONE', #6942, 1000.000000000000000 ) ;
#3492 = VERTEX_POINT ( 'NONE', #8480 ) ;
#3493 = LINE ( 'NONE', #6650, #7015 ) ;
#3494 = VECTOR ( 'NONE', #291, 1000.000000000000114 ) ;
#3495 = EDGE_CURVE ( 'NONE', #7092, #1444, #4759, .T. ) ;
#3496 = DIRECTION ( 'NONE',  ( 0.000000000000000000, 0.000000000000000000, 1.000000000000000000 ) ) ;
#3497 = CARTESIAN_POINT ( 'NONE',  ( -9623.207721193939506, -1189.999999999998181, -849.6342572279646674 ) ) ;
#3498 = VERTEX_POINT ( 'NONE', #5465 ) ;
#3499 = DIRECTION ( 'NONE',  ( -0.000000000000000000, 0.000000000000000000, 1.000000000000000000 ) ) ;
#3500 = DIRECTION ( 'NONE',  ( 1.000000000000000000, 0.000000000000000000, 0.000000000000000000 ) ) ;
#3501 = VERTEX_POINT ( 'NONE', #5508 ) ;
#3502 = VECTOR ( 'NONE', #6113, 1000.000000000000227 ) ;
#3503 = ORIENTED_EDGE ( 'NONE', *, *, #8789, .F. ) ;
#3504 = AXIS2_PLACEMENT_3D ( 'NONE', #6077, #9886, #3022 ) ;
#3505 =( NAMED_UNIT ( * ) SI_UNIT ( $, .STERADIAN. ) SOLID_ANGLE_UNIT ( ) );
#3506 = DIRECTION ( 'NONE',  ( 0.000000000000000000, 1.000000000000000000, 0.000000000000000000 ) ) ;
#3507 = ORIENTED_EDGE ( 'NONE', *, *, #238, .F. ) ;
#3508 = DIRECTION ( 'NONE',  ( -0.000000000000000000, 0.000000000000000000, -1.000000000000000000 ) ) ;
#3509 = LINE ( 'NONE', #9620, #4124 ) ;
#3510 = CONICAL_SURFACE ( 'NONE', #475, 229.9999999211528348, 0.5235987755979351066 ) ;
#3511 = EDGE_CURVE ( 'NONE', #751, #6057, #6159, .T. ) ;
#3512 = CARTESIAN_POINT ( 'NONE',  ( -2487.220079441456164, -296.8409399909876925, -3423.488475815656784 ) ) ;
#3513 = EDGE_CURVE ( 'NONE', #8440, #904, #9749, .T. ) ;
#3514 = DIRECTION ( 'NONE',  ( -1.232595164407830809E-32, 4.930380657631323784E-32, 1.000000000000000000 ) ) ;
#3515 = CARTESIAN_POINT ( 'NONE',  ( -12143.40011953353496, -190.0000000000007390, -623.7872381793358727 ) ) ;
#3516 = EDGE_LOOP ( 'NONE', ( #3030, #802, #2603, #9276 ) ) ;
#3517 = CARTESIAN_POINT ( 'NONE',  ( -12100.00000000000182, 190.0000000000006537, -459.9999999999981242 ) ) ;
#3518 = CARTESIAN_POINT ( 'NONE',  ( -4181.529920558540653, 653.0577941862250100, -960.0000000000002274 ) ) ;
#3519 = FACE_OUTER_BOUND ( 'NONE', #831, .T. ) ;
#3520 = ORIENTED_EDGE ( 'NONE', *, *, #8989, .T. ) ;
#3521 = ADVANCED_FACE ( 'NONE', ( #3057 ), #2885, .F. ) ;
#3522 = COLOUR_RGB ( '',0.7921568627450980005, 0.8196078431372548767, 0.9333333333333333481 ) ;
#3523 = ORIENTED_EDGE ( 'NONE', *, *, #8132, .T. ) ;
#3524 = ORIENTED_EDGE ( 'NONE', *, *, #8063, .T. ) ;
#3525 = EDGE_LOOP ( 'NONE', ( #4965, #6252 ) ) ;
#3526 = LINE ( 'NONE', #9789, #2640 ) ;
#3527 = AXIS2_PLACEMENT_3D ( 'NONE', #8174, #1956, #5004 ) ;
#3528 = LINE ( 'NONE', #1129, #8918 ) ;
#3529 = CARTESIAN_POINT ( 'NONE',  ( -12100.00000000000182, 1054.999999999997272, -459.9999999999978400 ) ) ;
#3530 =( NAMED_UNIT ( * ) PLANE_ANGLE_UNIT ( ) SI_UNIT ( $, .RADIAN. ) );
#3531 = EDGE_LOOP ( 'NONE', ( #905, #9210, #5522, #7524 ) ) ;
#3532 = EDGE_CURVE ( 'NONE', #22, #3790, #8576, .T. ) ;
#3533 = PLANE ( 'NONE',  #6713 ) ;
#3534 = LINE ( 'NONE', #9542, #7073 ) ;
#3535 = AXIS2_PLACEMENT_3D ( 'NONE', #4828, #7144, #9440 ) ;
#3536 = LINE ( 'NONE', #5784, #113 ) ;
#3537 = CARTESIAN_POINT ( 'NONE',  ( -7362.500000000006366, -739.9999999999997726, -960.0000000000002274 ) ) ;
#3538 = ORIENTED_EDGE ( 'NONE', *, *, #8170, .T. ) ;
#3539 = VERTEX_POINT ( 'NONE', #9215 ) ;
#3540 = AXIS2_PLACEMENT_3D ( 'NONE', #7163, #8608, #9250 ) ;
#3541 = CARTESIAN_POINT ( 'NONE',  ( -14299.99999999999818, 1970.627566330085756, -637.0854464784586071 ) ) ;
#3542 = EDGE_CURVE ( 'NONE', #4186, #9069, #2363, .T. ) ;
#3543 = CARTESIAN_POINT ( 'NONE',  ( -265.1845289799109651, 1189.999999999998408, -1503.936198047713560 ) ) ;
#3544 = ORIENTED_EDGE ( 'NONE', *, *, #8886, .T. ) ;
#3545 = DIRECTION ( 'NONE',  ( 1.000000000000000000, 8.881784197001283878E-16, 0.000000000000000000 ) ) ;
#3546 = ORIENTED_EDGE ( 'NONE', *, *, #2102, .T. ) ;
#3547 = DIRECTION ( 'NONE',  ( 6.162975822039157467E-33, -1.000000000000000000, -2.249385511977649118E-16 ) ) ;
#3548 = DIRECTION ( 'NONE',  ( -1.000000000000000000, -0.000000000000000000, -0.000000000000000000 ) ) ;
#3549 = ORIENTED_EDGE ( 'NONE', *, *, #7418, .T. ) ;
#3550 = DIRECTION ( 'NONE',  ( -6.162975822039157467E-33, 1.000000000000000000, 3.301729611148415602E-16 ) ) ;
#3551 = FACE_OUTER_BOUND ( 'NONE', #8696, .T. ) ;
#3552 = VERTEX_POINT ( 'NONE', #2311 ) ;
#3553 = ORIENTED_EDGE ( 'NONE', *, *, #5873, .F. ) ;
#3554 = VECTOR ( 'NONE', #7252, 1000.000000000000000 ) ;
#3555 = VECTOR ( 'NONE', #4459, 1000.000000000000000 ) ;
#3556 = EDGE_CURVE ( 'NONE', #8829, #8586, #8425, .T. ) ;
#3557 = LINE ( 'NONE', #6759, #6575 ) ;
#3558 = LINE ( 'NONE', #5913, #2814 ) ;
#3559 = CARTESIAN_POINT ( 'NONE',  ( -1700.000000000000682, 739.9999999999984084, 0.000000000000000000 ) ) ;
#3560 = PLANE ( 'NONE',  #1409 ) ;
#3561 = CARTESIAN_POINT ( 'NONE',  ( -7612.500000000006366, 739.9999999999979536, -960.0000000000002274 ) ) ;
#3562 = EDGE_CURVE ( 'NONE', #9283, #1964, #1764, .T. ) ;
#3563 = EDGE_CURVE ( 'NONE', #2244, #7761, #7230, .T. ) ;
#3564 = DIRECTION ( 'NONE',  ( 0.000000000000000000, -1.000000000000000000, 0.000000000000000000 ) ) ;
#3565 = DIRECTION ( 'NONE',  ( 1.000000000000000000, 0.000000000000000000, 0.000000000000000000 ) ) ;
#3566 = ORIENTED_EDGE ( 'NONE', *, *, #7603, .T. ) ;
#3567 = AXIS2_PLACEMENT_3D ( 'NONE', #4059, #5807, #7874 ) ;
#3568 = EDGE_CURVE ( 'NONE', #8739, #6273, #8074, .T. ) ;
#3569 = DIRECTION ( 'NONE',  ( 0.000000000000000000, 1.000000000000000000, 0.000000000000000000 ) ) ;
#3570 = ADVANCED_FACE ( 'NONE', ( #404 ), #8718, .F. ) ;
#3571 = CYLINDRICAL_SURFACE ( 'NONE', #8027, 277.7941176470602045 ) ;
#3572 = CARTESIAN_POINT ( 'NONE',  ( -14763.68599666425871, 875.0000000000000000, -1060.000000000000000 ) ) ;
#3573 = DIRECTION ( 'NONE',  ( -1.000000000000000000, -6.162975822039151993E-33, -1.232595164407830946E-32 ) ) ;
#3574 = ORIENTED_EDGE ( 'NONE', *, *, #6915, .T. ) ;
#3575 = VERTEX_POINT ( 'NONE', #8672 ) ;
#3576 = ORIENTED_EDGE ( 'NONE', *, *, #2153, .T. ) ;
#3577 = FACE_OUTER_BOUND ( 'NONE', #5697, .T. ) ;
#3578 = EDGE_CURVE ( 'NONE', #7778, #7719, #2073, .T. ) ;
#3579 = DIRECTION ( 'NONE',  ( 1.000000000000000000, 0.000000000000000000, -2.453693674745796445E-16 ) ) ;
#3580 = DIRECTION ( 'NONE',  ( -6.162975822039157467E-33, 1.000000000000000000, 3.301729611148415602E-16 ) ) ;
#3581 = ORIENTED_EDGE ( 'NONE', *, *, #1628, .F. ) ;
#3582 = CARTESIAN_POINT ( 'NONE',  ( -12500.00000000000182, -1077.499998843224603, -306.2059048389992313 ) ) ;
#3583 = DIRECTION ( 'NONE',  ( -0.000000000000000000, 0.000000000000000000, 1.000000000000000000 ) ) ;
#3584 = DIRECTION ( 'NONE',  ( -1.000000000000000000, 0.000000000000000000, 0.000000000000000000 ) ) ;
#3585 = LINE ( 'NONE', #8894, #9358 ) ;
#3586 = ORIENTED_EDGE ( 'NONE', *, *, #8764, .T. ) ;
#3587 = EDGE_CURVE ( 'NONE', #9218, #3694, #6521, .T. ) ;
#3588 = CARTESIAN_POINT ( 'NONE',  ( -14500.00000000002001, -295.9385695031828050, -504.9802145985046309 ) ) ;
#3589 = DIRECTION ( 'NONE',  ( -1.000000000000000000, 0.000000000000000000, 0.000000000000000000 ) ) ;
#3590 = VECTOR ( 'NONE', #6788, 1000.000000000000000 ) ;
#3591 = ORIENTED_EDGE ( 'NONE', *, *, #679, .F. ) ;
#3592 = DIRECTION ( 'NONE',  ( -1.432545838226008708E-17, 1.000000000000000000, -0.000000000000000000 ) ) ;
#3593 = ORIENTED_EDGE ( 'NONE', *, *, #4985, .T. ) ;
#3594 = FACE_OUTER_BOUND ( 'NONE', #5328, .T. ) ;
#3595 = DIRECTION ( 'NONE',  ( -0.000000000000000000, 0.000000000000000000, 1.000000000000000000 ) ) ;
#3596 = ORIENTED_EDGE ( 'NONE', *, *, #6922, .F. ) ;
#3597 = DIRECTION ( 'NONE',  ( 0.000000000000000000, 1.000000000000000000, 5.551115123125782702E-16 ) ) ;
#3598 = DIRECTION ( 'NONE',  ( -1.879742687196032133E-16, 1.000000000000000000, 0.000000000000000000 ) ) ;
#3599 = EDGE_LOOP ( 'NONE', ( #21, #3865, #29, #4709, #9352, #7887, #4816, #2920 ) ) ;
#3600 = AXIS2_PLACEMENT_3D ( 'NONE', #1076, #4134, #524 ) ;
#3601 = ORIENTED_EDGE ( 'NONE', *, *, #6985, .F. ) ;
#3602 =( LENGTH_UNIT ( ) NAMED_UNIT ( * ) SI_UNIT ( .MILLI., .METRE. ) );
#3603 = CYLINDRICAL_SURFACE ( 'NONE', #9692, 250.0000000000000000 ) ;
#3604 = DIRECTION ( 'NONE',  ( -0.000000000000000000, 0.000000000000000000, 1.000000000000000000 ) ) ;
#3605 = LINE ( 'NONE', #5961, #5241 ) ;
#3606 = VECTOR ( 'NONE', #4524, 1000.000000000000000 ) ;
#3607 = VERTEX_POINT ( 'NONE', #3358 ) ;
#3608 = VECTOR ( 'NONE', #3483, 1000.000000000000000 ) ;
#3609 = EDGE_CURVE ( 'NONE', #1033, #8745, #5112, .T. ) ;
#3610 = CARTESIAN_POINT ( 'NONE',  ( -13899.99999999999818, 679.9999999999976126, 2.053912595556539600E-12 ) ) ;
#3611 = DIRECTION ( 'NONE',  ( 0.000000000000000000, -0.000000000000000000, -1.000000000000000000 ) ) ;
#3612 = VECTOR ( 'NONE', #2240, 1000.000000000000000 ) ;
#3613 = ORIENTED_EDGE ( 'NONE', *, *, #285, .F. ) ;
#3614 = AXIS2_PLACEMENT_3D ( 'NONE', #2110, #2906, #4457 ) ;
#3615 = LINE ( 'NONE', #4321, #3781 ) ;
#3616 = EDGE_CURVE ( 'NONE', #882, #3539, #6314, .T. ) ;
#3617 = CARTESIAN_POINT ( 'NONE',  ( -1.619437825332231480E-13, 1189.999999999998408, -660.0000000000023874 ) ) ;
#3618 = AXIS2_PLACEMENT_3D ( 'NONE', #663, #6673, #2817 ) ;
#3619 = CARTESIAN_POINT ( 'NONE',  ( -1850.000000000000455, -241.8139511719357131, -1135.000000000000227 ) ) ;
#3620 = DIRECTION ( 'NONE',  ( 0.000000000000000000, -0.000000000000000000, -1.000000000000000000 ) ) ;
#3621 = ADVANCED_FACE ( 'NONE', ( #9572 ), #4861, .F. ) ;
#3622 = ORIENTED_EDGE ( 'NONE', *, *, #3808, .T. ) ;
#3623 = ORIENTED_EDGE ( 'NONE', *, *, #515, .T. ) ;
#3624 = CARTESIAN_POINT ( 'NONE',  ( -11880.00000000000182, -1077.499998843224603, -239.9999999999985505 ) ) ;
#3625 = CYLINDRICAL_SURFACE ( 'NONE', #8979, 5900.000000000000000 ) ;
#3626 = CARTESIAN_POINT ( 'NONE',  ( -14588.56810139493791, 278.9021535255452022, -623.7872381793326895 ) ) ;
#3627 = CARTESIAN_POINT ( 'NONE',  ( -14588.56810139493791, 1077.499998843224375, -637.0854464784587208 ) ) ;
#3628 = ORIENTED_EDGE ( 'NONE', *, *, #8520, .F. ) ;
#3629 = EDGE_CURVE ( 'NONE', #1639, #3051, #1860, .T. ) ;
#3630 = DIRECTION ( 'NONE',  ( -1.000000000000000000, -6.265808957320107111E-17, 1.406570332511357463E-16 ) ) ;
#3631 = CIRCLE ( 'NONE', #7632, 6000.000000000000000 ) ;
#3632 = EDGE_CURVE ( 'NONE', #3575, #2918, #5760, .T. ) ;
#3633 = CARTESIAN_POINT ( 'NONE',  ( -12100.00000000000182, -814.9999999999976126, 1.776356839400250465E-12 ) ) ;
#3634 = DIRECTION ( 'NONE',  ( 0.000000000000000000, -2.413528314402514090E-16, 1.000000000000000000 ) ) ;
#3635 = DIRECTION ( 'NONE',  ( -1.432545838226008708E-17, -1.000000000000000000, 0.000000000000000000 ) ) ;
#3636 = CIRCLE ( 'NONE', #9224, 99.99999999999964473 ) ;
#3637 = CYLINDRICAL_SURFACE ( 'NONE', #8277, 99.99999999999964473 ) ;
#3638 = VECTOR ( 'NONE', #7452, 1000.000000000000000 ) ;
#3639 = DIRECTION ( 'NONE',  ( -1.232595164407830672E-32, -2.775557561563032360E-16, 1.000000000000000000 ) ) ;
#3640 = ORIENTED_EDGE ( 'NONE', *, *, #1298, .T. ) ;
#3641 = DIRECTION ( 'NONE',  ( -1.000000000000000000, -6.265808957320107111E-17, 1.930822651522010828E-16 ) ) ;
#3642 = VERTEX_POINT ( 'NONE', #3408 ) ;
#3643 = DIRECTION ( 'NONE',  ( 0.000000000000000000, -1.000000000000000000, 0.000000000000000000 ) ) ;
#3644 = EDGE_CURVE ( 'NONE', #8232, #6690, #2515, .T. ) ;
#3645 = LINE ( 'NONE', #9657, #4297 ) ;
#3646 = ORIENTED_EDGE ( 'NONE', *, *, #1349, .F. ) ;
#3647 = CARTESIAN_POINT ( 'NONE',  ( -13828.58983848622483, -739.9999999999984084, -960.0000000000002274 ) ) ;
#3648 = AXIS2_PLACEMENT_3D ( 'NONE', #9315, #3856, #5504 ) ;
#3649 = CARTESIAN_POINT ( 'NONE',  ( -2825.068018844486687, 1189.999999999998181, -960.0000000000002274 ) ) ;
#3650 = VECTOR ( 'NONE', #157, 1000.000000000000000 ) ;
#3651 = ORIENTED_EDGE ( 'NONE', *, *, #6501, .F. ) ;
#3652 = ORIENTED_EDGE ( 'NONE', *, *, #450, .F. ) ;
#3653 = VECTOR ( 'NONE', #4851, 1000.000000000000000 ) ;
#3654 = CARTESIAN_POINT ( 'NONE',  ( -12143.40011953353496, 190.0000000000006821, -623.7872381793357590 ) ) ;
#3655 = FACE_OUTER_BOUND ( 'NONE', #3297, .T. ) ;
#3656 = VECTOR ( 'NONE', #2997, 1000.000000000000000 ) ;
#3657 = ORIENTED_EDGE ( 'NONE', *, *, #1838, .T. ) ;
#3658 = CARTESIAN_POINT ( 'NONE',  ( -7934.375000000004547, 989.9999999999984084, -1135.000000000000227 ) ) ;
#3659 = CARTESIAN_POINT ( 'NONE',  ( -4868.749999999996362, 989.9999999999980673, -960.0000000000002274 ) ) ;
#3660 = CARTESIAN_POINT ( 'NONE',  ( -4047.454448600424257, -922.5146718258752117, -1135.000000000000227 ) ) ;
#3661 = AXIS2_PLACEMENT_3D ( 'NONE', #781, #1527, #3834 ) ;
#3662 = LINE ( 'NONE', #3515, #602 ) ;
#3663 = CIRCLE ( 'NONE', #8781, 6000.000000000000000 ) ;
#3664 = ORIENTED_EDGE ( 'NONE', *, *, #5179, .F. ) ;
#3665 = CARTESIAN_POINT ( 'NONE',  ( -9306.250000000003638, -990.0000000000002274, -960.0000000000005684 ) ) ;
#3666 = ORIENTED_EDGE ( 'NONE', *, *, #1610, .T. ) ;
#3667 = FACE_OUTER_BOUND ( 'NONE', #7373, .T. ) ;
#3668 = VECTOR ( 'NONE', #6969, 1000.000000000000000 ) ;
#3669 = EDGE_CURVE ( 'NONE', #4749, #9252, #7832, .T. ) ;
#3670 = DIRECTION ( 'NONE',  ( -1.224646799147353207E-16, 1.000000000000000000, -0.000000000000000000 ) ) ;
#3671 = FACE_OUTER_BOUND ( 'NONE', #3424, .T. ) ;
#3672 = EDGE_CURVE ( 'NONE', #1183, #1463, #6422, .T. ) ;
#3673 = VERTEX_POINT ( 'NONE', #7978 ) ;
#3674 = VERTEX_POINT ( 'NONE', #8821 ) ;
#3675 = CARTESIAN_POINT ( 'NONE',  ( 2.959189170475275464E-13, 989.9999999999984084, -960.0000000000022737 ) ) ;
#3676 = LINE ( 'NONE', #9790, #11 ) ;
#3677 = EDGE_CURVE ( 'NONE', #247, #7339, #4911, .T. ) ;
#3678 = ADVANCED_FACE ( 'NONE', ( #3302 ), #4113, .F. ) ;
#3679 = CARTESIAN_POINT ( 'NONE',  ( 0.000000000000000000, -875.0000000000000000, -1140.000000000000227 ) ) ;
#3680 = FACE_BOUND ( 'NONE', #8118, .T. ) ;
#3681 = AXIS2_PLACEMENT_3D ( 'NONE', #9872, #3197, #4514 ) ;
#3682 = ORIENTED_EDGE ( 'NONE', *, *, #1363, .F. ) ;
#3683 = DIRECTION ( 'NONE',  ( -6.162975822039589899E-33, 1.000000000000000000, 3.530762810662500311E-14 ) ) ;
#3684 = EDGE_CURVE ( 'NONE', #4176, #511, #2566, .T. ) ;
#3685 = CARTESIAN_POINT ( 'NONE',  ( -9623.207721193939506, -5431.508564030777052, -849.6342572279646674 ) ) ;
#3686 = DIRECTION ( 'NONE',  ( 0.000000000000000000, 0.000000000000000000, 1.000000000000000000 ) ) ;
#3687 = CARTESIAN_POINT ( 'NONE',  ( -2350.000000000000455, -200.0000000000000000, -825.0000000000001137 ) ) ;
#3688 = STYLED_ITEM ( 'NONE', ( #5855 ), #6846 ) ;
#3689 = ORIENTED_EDGE ( 'NONE', *, *, #6863, .F. ) ;
#3690 = CARTESIAN_POINT ( 'NONE',  ( -11499.99999999997999, -295.9385695031828050, -504.9802145985046309 ) ) ;
#3691 = EDGE_CURVE ( 'NONE', #5502, #3998, #2611, .T. ) ;
#3692 = EDGE_CURVE ( 'NONE', #8039, #5687, #8179, .T. ) ;
#3693 = CARTESIAN_POINT ( 'NONE',  ( -13250.00000000000000, 176.9719203373657592, -350.9999999999987494 ) ) ;
#3694 = VERTEX_POINT ( 'NONE', #5161 ) ;
#3695 = VECTOR ( 'NONE', #4183, 1000.000000000000000 ) ;
#3696 = EDGE_LOOP ( 'NONE', ( #2113, #2725, #3112, #3045, #4557 ) ) ;
#3697 = DIRECTION ( 'NONE',  ( -1.000000000000000000, 0.000000000000000000, 1.406570332511357463E-16 ) ) ;
#3698 = CARTESIAN_POINT ( 'NONE',  ( -12143.40011953353496, 747.0986934586334201, -637.0854464784588345 ) ) ;
#3699 = CARTESIAN_POINT ( 'NONE',  ( -596.4101615137744830, 739.9999999999984084, -960.0000000000000000 ) ) ;
#3700 = CARTESIAN_POINT ( 'NONE',  ( -4218.749999999996362, 560.2425708315849988, -1135.000000000000227 ) ) ;
#3701 = ORIENTED_EDGE ( 'NONE', *, *, #7541, .F. ) ;
#3702 = VERTEX_POINT ( 'NONE', #3660 ) ;
#3703 = ORIENTED_EDGE ( 'NONE', *, *, #6977, .T. ) ;
#3704 = VECTOR ( 'NONE', #2162, 1000.000000000000000 ) ;
#3705 = EDGE_CURVE ( 'NONE', #3723, #178, #1072, .T. ) ;
#3706 = DIRECTION ( 'NONE',  ( 1.000000000000000000, 7.526935760170552482E-17, -5.268855032119387132E-15 ) ) ;
#3707 = CARTESIAN_POINT ( 'NONE',  ( -4618.749999999996362, -739.9999999999988631, -960.0000000000002274 ) ) ;
#3708 = LINE ( 'NONE', #8318, #6595 ) ;
#3709 = CARTESIAN_POINT ( 'NONE',  ( -12750.00000000000000, 1077.499998843224375, -637.0854464784587208 ) ) ;
#3710 = ORIENTED_EDGE ( 'NONE', *, *, #4294, .F. ) ;
#3711 = CARTESIAN_POINT ( 'NONE',  ( -13899.99999999999818, 190.0000000000006821, -539.9999999999980673 ) ) ;
#3712 = CARTESIAN_POINT ( 'NONE',  ( -12100.00000000000182, -1054.999999999997726, -919.9999999999985221 ) ) ;
#3713 = LINE ( 'NONE', #2956, #4272 ) ;
#3714 = ORIENTED_EDGE ( 'NONE', *, *, #8611, .F. ) ;
#3715 = PRODUCT_DEFINITION_SHAPE ( 'NONE', 'NONE',  #1821 ) ;
#3716 = EDGE_CURVE ( 'NONE', #2547, #8903, #4782, .T. ) ;
#3717 = CARTESIAN_POINT ( 'NONE',  ( -8598.683472959091887, 1189.999999999998408, -6660.000000000000000 ) ) ;
#3718 = PLANE ( 'NONE',  #7196 ) ;
#3719 = DIRECTION ( 'NONE',  ( 1.000000000000000000, -1.483886295880788311E-16, 0.000000000000000000 ) ) ;
#3720 = ORIENTED_EDGE ( 'NONE', *, *, #1459, .T. ) ;
#3721 = UNCERTAINTY_MEASURE_WITH_UNIT (LENGTH_MEASURE( 1.000000000000000082E-05 ), #3602, 'distance_accuracy_value', 'NONE');
#3723 = VERTEX_POINT ( 'NONE', #2204 ) ;
#3722 = CIRCLE ( 'NONE', #3229, 250.0000000000000000 ) ;
#3724 = CARTESIAN_POINT ( 'NONE',  ( -5576.316527040906294, 1189.999999999997954, -6660.000000000000000 ) ) ;
#3725 = LINE ( 'NONE', #5074, #6085 ) ;
#3726 = FACE_OUTER_BOUND ( 'NONE', #146, .T. ) ;
#3727 = CARTESIAN_POINT ( 'NONE',  ( -11825.00000000000182, -740.0000000000006821, -960.0000000000002274 ) ) ;
#3728 = ORIENTED_EDGE ( 'NONE', *, *, #7076, .F. ) ;
#3729 = CIRCLE ( 'NONE', #8372, 35.00000000000014211 ) ;
#3730 = CARTESIAN_POINT ( 'NONE',  ( -8184.375000000004547, 989.9999999999984084, -3423.488475815656784 ) ) ;
#3731 = DIRECTION ( 'NONE',  ( 0.000000000000000000, -0.1699069165076472210, 0.9854601157443478865 ) ) ;
#3732 = ADVANCED_FACE ( 'NONE', ( #2156 ), #5114, .F. ) ;
#3733 = CIRCLE ( 'NONE', #7085, 460.0000000000001137 ) ;
#3734 = LINE ( 'NONE', #2978, #8594 ) ;
#3735 =( NAMED_UNIT ( * ) PLANE_ANGLE_UNIT ( ) SI_UNIT ( $, .RADIAN. ) );
#3736 = VERTEX_POINT ( 'NONE', #7331 ) ;
#3737 = ORIENTED_EDGE ( 'NONE', *, *, #981, .F. ) ;
#3738 = DIRECTION ( 'NONE',  ( 1.000000000000000000, 0.000000000000000000, 0.000000000000000000 ) ) ;
#3739 = FACE_BOUND ( 'NONE', #6623, .T. ) ;
#3740 = CARTESIAN_POINT ( 'NONE',  ( -4534.427461039364971, 1189.999999999998408, -751.1534819267452576 ) ) ;
#3741 = PLANE ( 'NONE',  #7462 ) ;
#3742 = EDGE_CURVE ( 'NONE', #6219, #2670, #2863, .T. ) ;
#3743 = CARTESIAN_POINT ( 'NONE',  ( -6240.624999999996362, -739.9999999999995453, -1135.000000000000227 ) ) ;
#3744 = ADVANCED_FACE ( 'NONE', ( #2012 ), #3510, .T. ) ;
#3745 = VERTEX_POINT ( 'NONE', #7525 ) ;
#3746 = ORIENTED_EDGE ( 'NONE', *, *, #8038, .T. ) ;
#3747 = PLANE ( 'NONE',  #1296 ) ;
#3748 = DIRECTION ( 'NONE',  ( 6.162975822039157467E-33, -1.000000000000000000, -2.775557561563032360E-16 ) ) ;
#3749 = CARTESIAN_POINT ( 'NONE',  ( -12143.40011953353496, 725.0021062409357455, -757.0854464784598576 ) ) ;
#3750 = CARTESIAN_POINT ( 'NONE',  ( -11725.00000000000182, -389.6561633456271920, 0.000000000000000000 ) ) ;
#3751 = ORIENTED_EDGE ( 'NONE', *, *, #1596, .F. ) ;
#3752 = LINE ( 'NONE', #9110, #6007 ) ;
#3753 = ADVANCED_FACE ( 'NONE', ( #2909 ), #8919, .T. ) ;
#3754 = AXIS2_PLACEMENT_3D ( 'NONE', #8702, #4152, #1040 ) ;
#3755 = LINE ( 'NONE', #1546, #1579 ) ;
#3756 = EDGE_CURVE ( 'NONE', #2416, #1199, #2229, .T. ) ;
#3757 = VERTEX_POINT ( 'NONE', #552 ) ;
#3758 = LINE ( 'NONE', #5491, #3466 ) ;
#3759 = VERTEX_POINT ( 'NONE', #3711 ) ;
#3760 = CARTESIAN_POINT ( 'NONE',  ( -9556.250000000003638, 739.9999999999978400, -960.0000000000002274 ) ) ;
#3761 = VECTOR ( 'NONE', #7941, 1000.000000000000000 ) ;
#3762 = CARTESIAN_POINT ( 'NONE',  ( -346.4101615137744261, 341.8139511719356847, -960.0000000000000000 ) ) ;
#3763 = VECTOR ( 'NONE', #485, 1000.000000000000000 ) ;
#3764 = CARTESIAN_POINT ( 'NONE',  ( -9856.250000000005457, -560.2425708315861357, -1135.000000000000227 ) ) ;
#3765 = ADVANCED_FACE ( 'NONE', ( #4317 ), #4266, .F. ) ;
#3766 = VERTEX_POINT ( 'NONE', #3610 ) ;
#3767 = VECTOR ( 'NONE', #4255, 1000.000000000000000 ) ;
#3768 = ORIENTED_EDGE ( 'NONE', *, *, #7880, .T. ) ;
#3769 = ORIENTED_EDGE ( 'NONE', *, *, #2023, .T. ) ;
#3770 = CARTESIAN_POINT ( 'NONE',  ( -1950.000000000000682, -1189.999999999998408, -960.0000000000002274 ) ) ;
#3771 = DIRECTION ( 'NONE',  ( 1.000000000000000000, 0.000000000000000000, -0.000000000000000000 ) ) ;
#3772 = LINE ( 'NONE', #2923, #9845 ) ;
#3773 = FACE_OUTER_BOUND ( 'NONE', #8939, .T. ) ;
#3774 = VECTOR ( 'NONE', #2432, 1000.000000000000000 ) ;
#3775 = ORIENTED_EDGE ( 'NONE', *, *, #6745, .T. ) ;
#3776 = CARTESIAN_POINT ( 'NONE',  ( -13899.99999999999818, -679.9999999999979536, -379.9999999999984084 ) ) ;
#3777 = CARTESIAN_POINT ( 'NONE',  ( -14175.00000000000000, 875.0000000000000000, -1140.000000000000227 ) ) ;
#3778 = ADVANCED_FACE ( 'NONE', ( #8971, #8127 ), #6669, .T. ) ;
#3779 = DIRECTION ( 'NONE',  ( 6.162975822038967936E-33, -1.000000000000000000, 1.510372559762204329E-14 ) ) ;
#3780 = ORIENTED_EDGE ( 'NONE', *, *, #63, .F. ) ;
#3781 = VECTOR ( 'NONE', #2160, 1000.000000000000000 ) ;
#3782 = ORIENTED_EDGE ( 'NONE', *, *, #4794, .F. ) ;
#3783 = CARTESIAN_POINT ( 'NONE',  ( 0.000000000000000000, 0.000000000000000000, -960.0000000000002274 ) ) ;
#3784 = PLANE ( 'NONE',  #6701 ) ;
#3785 = CARTESIAN_POINT ( 'NONE',  ( -1950.000000000000682, 899.9999999999998863, -910.0000000000001137 ) ) ;
#3786 = CYLINDRICAL_SURFACE ( 'NONE', #9843, 199.9999999999999432 ) ;
#3787 = CARTESIAN_POINT ( 'NONE',  ( -13499.99999999999818, -814.9999999999974989, -637.0854464784592892 ) ) ;
#3788 = ADVANCED_FACE ( 'NONE', ( #7425 ), #9819, .F. ) ;
#3789 = EDGE_LOOP ( 'NONE', ( #9877, #6531 ) ) ;
#3790 = VERTEX_POINT ( 'NONE', #2114 ) ;
#3791 = EDGE_LOOP ( 'NONE', ( #294, #6093 ) ) ;
#3792 = VECTOR ( 'NONE', #7592, 1000.000000000000000 ) ;
#3793 = CARTESIAN_POINT ( 'NONE',  ( -2350.000000000000455, 200.0000000000000000, -825.0000000000001137 ) ) ;
#3794 = CARTESIAN_POINT ( 'NONE',  ( -11880.00000000000182, 1077.499998843224148, -239.9999999999978684 ) ) ;
#3795 = EDGE_CURVE ( 'NONE', #8813, #9591, #4411, .T. ) ;
#3796 = DIRECTION ( 'NONE',  ( 0.000000000000000000, 0.000000000000000000, 1.000000000000000000 ) ) ;
#3797 = FACE_OUTER_BOUND ( 'NONE', #6292, .T. ) ;
#3798 = VECTOR ( 'NONE', #2035, 1000.000000000000000 ) ;
#3799 = ORIENTED_EDGE ( 'NONE', *, *, #6676, .T. ) ;
#3800 = DIRECTION ( 'NONE',  ( -1.000000000000000000, -6.162975822039151993E-33, -1.232595164407830946E-32 ) ) ;
#3801 = FACE_OUTER_BOUND ( 'NONE', #7800, .T. ) ;
#3802 = ORIENTED_EDGE ( 'NONE', *, *, #3495, .T. ) ;
#3803 = AXIS2_PLACEMENT_3D ( 'NONE', #7110, #9506, #3999 ) ;
#3804 = AXIS2_PLACEMENT_3D ( 'NONE', #1208, #2660, #5610 ) ;
#3805 = ORIENTED_EDGE ( 'NONE', *, *, #1386, .F. ) ;
#3806 = DIRECTION ( 'NONE',  ( -1.000000000000000000, 0.000000000000000000, 0.000000000000000000 ) ) ;
#3807 = EDGE_CURVE ( 'NONE', #2161, #2868, #608, .T. ) ;
#3808 = EDGE_CURVE ( 'NONE', #5147, #4221, #4628, .T. ) ;
#3809 = LINE ( 'NONE', #953, #7972 ) ;
#3810 = CIRCLE ( 'NONE', #8617, 460.0000000000000000 ) ;
#3811 = DIRECTION ( 'NONE',  ( 1.000000000000000000, 0.000000000000000000, 0.000000000000000000 ) ) ;
#3812 = ORIENTED_EDGE ( 'NONE', *, *, #8700, .T. ) ;
#3813 = AXIS2_PLACEMENT_3D ( 'NONE', #5647, #941, #6455 ) ;
#3814 = ORIENTED_EDGE ( 'NONE', *, *, #4773, .F. ) ;
#3815 = ORIENTED_EDGE ( 'NONE', *, *, #5449, .F. ) ;
#3816 = VECTOR ( 'NONE', #8990, 1000.000000000000000 ) ;
#3817 = CARTESIAN_POINT ( 'NONE',  ( -13499.99999999999818, 1970.627566330085529, -306.2059048389983218 ) ) ;
#3818 = VECTOR ( 'NONE', #893, 1000.000000000000000 ) ;
#3819 = LINE ( 'NONE', #6884, #1455 ) ;
#3820 = AXIS2_PLACEMENT_3D ( 'NONE', #1192, #3440, #6502 ) ;
#3821 = CARTESIAN_POINT ( 'NONE',  ( -8984.375000000005457, -740.0000000000002274, -960.0000000000000000 ) ) ;
#3822 = EDGE_CURVE ( 'NONE', #4443, #5969, #37, .T. ) ;
#3823 = CARTESIAN_POINT ( 'NONE',  ( -11575.00000000000182, -740.0000000000006821, -960.0000000000002274 ) ) ;
#3824 = ORIENTED_EDGE ( 'NONE', *, *, #9856, .F. ) ;
#3825 = VECTOR ( 'NONE', #7572, 1000.000000000000114 ) ;
#3826 = CARTESIAN_POINT ( 'NONE',  ( -8184.375000000004547, -739.9999999999997726, -960.0000000000002274 ) ) ;
#3827 = ORIENTED_EDGE ( 'NONE', *, *, #1256, .F. ) ;
#3828 = LINE ( 'NONE', #19, #9390 ) ;
#3829 = ADVANCED_FACE ( 'NONE', ( #747 ), #797, .F. ) ;
#3830 = CARTESIAN_POINT ( 'NONE',  ( -10140.57257920409393, 954.9999999999977263, -960.0000000000002274 ) ) ;
#3831 = ORIENTED_EDGE ( 'NONE', *, *, #4060, .F. ) ;
#3832 = ORIENTED_EDGE ( 'NONE', *, *, #3488, .T. ) ;
#3833 = LINE ( 'NONE', #4635, #9527 ) ;
#3834 = DIRECTION ( 'NONE',  ( 0.000000000000000000, 0.000000000000000000, 1.000000000000000000 ) ) ;
#3835 = CARTESIAN_POINT ( 'NONE',  ( -10140.57257920408301, -989.9999999999993179, -1135.000000000000227 ) ) ;
#3836 = DIRECTION ( 'NONE',  ( -6.162975822039157467E-33, 1.000000000000000000, 2.249385511977649118E-16 ) ) ;
#3837 = DIRECTION ( 'NONE',  ( -0.000000000000000000, 0.000000000000000000, 1.000000000000000000 ) ) ;
#3838 = ORIENTED_EDGE ( 'NONE', *, *, #5144, .T. ) ;
#3839 = EDGE_CURVE ( 'NONE', #6550, #7871, #2450, .T. ) ;
#3840 = ORIENTED_EDGE ( 'NONE', *, *, #4483, .T. ) ;
#3841 = ORIENTED_EDGE ( 'NONE', *, *, #595, .T. ) ;
#3842 = CIRCLE ( 'NONE', #9449, 79.99999999999995737 ) ;
#3843 = PLANE ( 'NONE',  #652 ) ;
#3844 = DIRECTION ( 'NONE',  ( -1.432545838226008708E-17, -1.000000000000000000, 0.000000000000000000 ) ) ;
#3845 = CARTESIAN_POINT ( 'NONE',  ( -14763.68599666425871, 875.0000000000000000, -910.0000000000001137 ) ) ;
#3846 = DIRECTION ( 'NONE',  ( 4.040691778796104450E-16, 5.788476191268405905E-33, 1.000000000000000000 ) ) ;
#3847 = ORIENTED_EDGE ( 'NONE', *, *, #6462, .T. ) ;
#3848 = ORIENTED_EDGE ( 'NONE', *, *, #3756, .T. ) ;
#3849 = DIRECTION ( 'NONE',  ( 0.000000000000000000, 0.000000000000000000, 1.000000000000000000 ) ) ;
#3850 = CARTESIAN_POINT ( 'NONE',  ( 0.000000000000000000, 0.000000000000000000, -1135.000000000000227 ) ) ;
#3851 = AXIS2_PLACEMENT_3D ( 'NONE', #5934, #3771, #8985 ) ;
#3852 = ADVANCED_FACE ( 'NONE', ( #3090 ), #5300, .T. ) ;
#3853 = ORIENTED_EDGE ( 'NONE', *, *, #1355, .T. ) ;
#3854 = ORIENTED_EDGE ( 'NONE', *, *, #2028, .F. ) ;
#3855 = DIRECTION ( 'NONE',  ( -1.000000000000000000, 0.000000000000000000, 2.453693674745796445E-16 ) ) ;
#3856 = DIRECTION ( 'NONE',  ( 0.000000000000000000, -0.000000000000000000, -1.000000000000000000 ) ) ;
#3857 = DIRECTION ( 'NONE',  ( 6.162975822039157467E-33, -1.000000000000000000, -2.775557561563032360E-16 ) ) ;
#3858 = ORIENTED_EDGE ( 'NONE', *, *, #4694, .F. ) ;
#3859 = DIRECTION ( 'NONE',  ( -0.000000000000000000, -1.000000000000000000, -0.000000000000000000 ) ) ;
#3860 = VERTEX_POINT ( 'NONE', #8366 ) ;
#3861 = EDGE_CURVE ( 'NONE', #751, #7083, #8247, .T. ) ;
#3862 = EDGE_CURVE ( 'NONE', #2841, #1664, #2352, .T. ) ;
#3863 = VECTOR ( 'NONE', #2444, 1000.000000000000000 ) ;
#3864 = ORIENTED_EDGE ( 'NONE', *, *, #6366, .F. ) ;
#3865 = ORIENTED_EDGE ( 'NONE', *, *, #1291, .T. ) ;
#3866 = DIRECTION ( 'NONE',  ( -1.000000000000000000, 0.000000000000000000, -0.000000000000000000 ) ) ;
#3867 = DIRECTION ( 'NONE',  ( 1.000000000000000000, 6.162975822039151993E-33, 1.232595164407830946E-32 ) ) ;
#3868 = CARTESIAN_POINT ( 'NONE',  ( -2821.680457837897848, -2.220446049250313081E-13, -1135.000000000000227 ) ) ;
#3869 = LINE ( 'NONE', #2319, #299 ) ;
#3870 = ORIENTED_EDGE ( 'NONE', *, *, #8237, .F. ) ;
#3871 = DIRECTION ( 'NONE',  ( 0.000000000000000000, 0.000000000000000000, 1.000000000000000000 ) ) ;
#3872 = EDGE_CURVE ( 'NONE', #6318, #5601, #3001, .T. ) ;
#3873 = CARTESIAN_POINT ( 'NONE',  ( -14175.00000000000000, 1189.999999999997499, -960.0000000000002274 ) ) ;
#3874 = DIRECTION ( 'NONE',  ( -0.000000000000000000, 1.000000000000000000, -0.000000000000000000 ) ) ;
#3875 = ORIENTED_EDGE ( 'NONE', *, *, #7737, .T. ) ;
#3876 = VERTEX_POINT ( 'NONE', #9206 ) ;
#3877 = FACE_OUTER_BOUND ( 'NONE', #995, .T. ) ;
#3878 = FACE_OUTER_BOUND ( 'NONE', #9918, .T. ) ;
#3879 = DIRECTION ( 'NONE',  ( 0.000000000000000000, -0.000000000000000000, -1.000000000000000000 ) ) ;
#3880 = LINE ( 'NONE', #26, #5054 ) ;
#3881 = DIRECTION ( 'NONE',  ( -6.162975822039157467E-33, 1.000000000000000000, 2.775557561563032360E-16 ) ) ;
#3882 = ADVANCED_FACE ( 'NONE', ( #1544 ), #2252, .F. ) ;
#3883 = ORIENTED_EDGE ( 'NONE', *, *, #311, .T. ) ;
#3884 = ORIENTED_EDGE ( 'NONE', *, *, #9539, .T. ) ;
#3885 = EDGE_LOOP ( 'NONE', ( #2977, #2251, #7812, #4079 ) ) ;
#3886 = CARTESIAN_POINT ( 'NONE',  ( -3930.251481490694459, 1189.999999999998408, -1059.999999999999091 ) ) ;
#3887 = DIRECTION ( 'NONE',  ( -1.000000000000000000, 0.000000000000000000, 0.000000000000000000 ) ) ;
#3888 = CARTESIAN_POINT ( 'NONE',  ( -8598.683472959090068, 989.9999999999978400, -660.0000000000002274 ) ) ;
#3889 = DIRECTION ( 'NONE',  ( -1.000000000000000000, 0.000000000000000000, 0.000000000000000000 ) ) ;
#3890 = VERTEX_POINT ( 'NONE', #5399 ) ;
#3891 = CARTESIAN_POINT ( 'NONE',  ( -12244.99999999992906, -454.0705533836912196, -860.0000000000230784 ) ) ;
#3892 = CARTESIAN_POINT ( 'NONE',  ( -9623.207721193939506, 5431.508564030777052, -849.6342572279646674 ) ) ;
#3893 = ORIENTED_EDGE ( 'NONE', *, *, #4178, .F. ) ;
#3894 = ORIENTED_EDGE ( 'NONE', *, *, #4795, .T. ) ;
#3895 = DIRECTION ( 'NONE',  ( 0.000000000000000000, -0.000000000000000000, -1.000000000000000000 ) ) ;
#3896 = CARTESIAN_POINT ( 'NONE',  ( -13899.99999999999818, -190.0000000000007958, -459.9999999999982379 ) ) ;
#3897 = EDGE_CURVE ( 'NONE', #8402, #8342, #2812, .T. ) ;
#3898 = VECTOR ( 'NONE', #938, 1000.000000000000000 ) ;
#3899 = FACE_OUTER_BOUND ( 'NONE', #6854, .T. ) ;
#3900 = CARTESIAN_POINT ( 'NONE',  ( -12100.00000000000182, 1054.999999999997272, -539.9999999999978400 ) ) ;
#3901 = CARTESIAN_POINT ( 'NONE',  ( -9556.250000000003638, 989.9999999999984084, -3423.488475815656784 ) ) ;
#3902 = EDGE_LOOP ( 'NONE', ( #6998, #7487, #3065, #6629 ) ) ;
#3903 = ORIENTED_EDGE ( 'NONE', *, *, #3088, .T. ) ;
#3904 = EDGE_CURVE ( 'NONE', #7210, #6239, #8517, .T. ) ;
#3905 = VECTOR ( 'NONE', #5006, 1000.000000000000000 ) ;
#3906 = VECTOR ( 'NONE', #6389, 1000.000000000000000 ) ;
#3907 = LINE ( 'NONE', #8485, #8604 ) ;
#3908 = CARTESIAN_POINT ( 'NONE',  ( -12100.00000000000182, -814.9999999999973852, -919.9999999999985221 ) ) ;
#3909 = FACE_OUTER_BOUND ( 'NONE', #4534, .T. ) ;
#3910 = LINE ( 'NONE', #6325, #9425 ) ;
#3911 = EDGE_CURVE ( 'NONE', #727, #179, #1603, .T. ) ;
#3912 = ORIENTED_EDGE ( 'NONE', *, *, #6225, .F. ) ;
#3913 = AXIS2_PLACEMENT_3D ( 'NONE', #6459, #5700, #3293 ) ;
#3914 = AXIS2_PLACEMENT_3D ( 'NONE', #1566, #4624, #816 ) ;
#3915 = CIRCLE ( 'NONE', #7608, 35.00000000000014211 ) ;
#3916 = CARTESIAN_POINT ( 'NONE',  ( -12500.00000000000182, 1970.627566330085756, -637.0854464784586071 ) ) ;
#3917 = AXIS2_PLACEMENT_3D ( 'NONE', #4678, #118, #872 ) ;
#3918 = CIRCLE ( 'NONE', #1697, 250.0000000000000000 ) ;
#3919 = CARTESIAN_POINT ( 'NONE',  ( -12225.00000000000182, -1189.999999999998408, -960.0000000000002274 ) ) ;
#3920 = CARTESIAN_POINT ( 'NONE',  ( -446.4101615137745398, 241.8139511719357131, -960.0000000000002274 ) ) ;
#3921 = CARTESIAN_POINT ( 'NONE',  ( -13899.99999999999818, -1054.999999999997726, -919.9999999999985221 ) ) ;
#3922 = ADVANCED_FACE ( 'NONE', ( #6058 ), #5498, .F. ) ;
#3923 = ORIENTED_EDGE ( 'NONE', *, *, #7114, .T. ) ;
#3924 = EDGE_CURVE ( 'NONE', #2186, #5197, #8410, .T. ) ;
#3925 = ORIENTED_EDGE ( 'NONE', *, *, #7, .F. ) ;
#3926 = CARTESIAN_POINT ( 'NONE',  ( -6562.499999999994543, -989.9999999999996589, -960.0000000000010232 ) ) ;
#3927 = CARTESIAN_POINT ( 'NONE',  ( -1949.999999999999773, 241.8139511719357131, -960.0000000000002274 ) ) ;
#3928 = LINE ( 'NONE', #7203, #5801 ) ;
#3929 = LINE ( 'NONE', #9239, #1854 ) ;
#3930 = DIRECTION ( 'NONE',  ( 1.000000000000000000, 0.000000000000000000, 0.000000000000000000 ) ) ;
#3931 = EDGE_LOOP ( 'NONE', ( #4987, #2050, #5874, #6009 ) ) ;
#3932 = ORIENTED_EDGE ( 'NONE', *, *, #5276, .T. ) ;
#3933 = ORIENTED_EDGE ( 'NONE', *, *, #9008, .T. ) ;
#3934 = ORIENTED_EDGE ( 'NONE', *, *, #6692, .T. ) ;
#3935 = DIRECTION ( 'NONE',  ( 1.000000000000000000, 0.000000000000000000, 1.040834085586083310E-14 ) ) ;
#3936 = AXIS2_PLACEMENT_3D ( 'NONE', #7833, #961, #4018 ) ;
#3937 = CARTESIAN_POINT ( 'NONE',  ( -11611.43189860506391, 1077.499998843224375, -757.0854464784597440 ) ) ;
#3938 = LINE ( 'NONE', #2248, #3258 ) ;
#3939 = LINE ( 'NONE', #2599, #6798 ) ;
#3940 = EDGE_CURVE ( 'NONE', #5481, #7555, #565, .T. ) ;
#3941 = LINE ( 'NONE', #7711, #4771 ) ;
#3942 = ORIENTED_EDGE ( 'NONE', *, *, #7785, .F. ) ;
#3943 = VERTEX_POINT ( 'NONE', #4508 ) ;
#3944 = ORIENTED_EDGE ( 'NONE', *, *, #1722, .T. ) ;
#3945 = LINE ( 'NONE', #142, #4406 ) ;
#3946 = FACE_OUTER_BOUND ( 'NONE', #2779, .T. ) ;
#3947 = VECTOR ( 'NONE', #4674, 1000.000000000000000 ) ;
#3948 = EDGE_LOOP ( 'NONE', ( #7725, #2704, #3574, #7214 ) ) ;
#3949 = ORIENTED_EDGE ( 'NONE', *, *, #3371, .F. ) ;
#3950 = CARTESIAN_POINT ( 'NONE',  ( -12475.00000000000182, -989.9999999999984084, -3423.488475815656784 ) ) ;
#3951 = VECTOR ( 'NONE', #2928, 1000.000000000000000 ) ;
#3952 = EDGE_CURVE ( 'NONE', #4106, #863, #3945, .T. ) ;
#3953 = LINE ( 'NONE', #7624, #2686 ) ;
#3954 = EDGE_LOOP ( 'NONE', ( #9498, #8391, #1823, #2893 ) ) ;
#3955 = CARTESIAN_POINT ( 'NONE',  ( 0.000000000000000000, 0.000000000000000000, -1135.000000000000227 ) ) ;
#3956 = LINE ( 'NONE', #2133, #7190 ) ;
#3957 = DIRECTION ( 'NONE',  ( -1.000000000000000000, -1.879742687196032133E-16, 1.930822651522010582E-16 ) ) ;
#3958 = ORIENTED_EDGE ( 'NONE', *, *, #2412, .T. ) ;
#3959 = VECTOR ( 'NONE', #1554, 1000.000000000000000 ) ;
#3960 = VECTOR ( 'NONE', #58, 1000.000000000000000 ) ;
#3961 = ORIENTED_EDGE ( 'NONE', *, *, #108, .T. ) ;
#3962 = ORIENTED_EDGE ( 'NONE', *, *, #5042, .T. ) ;
#3963 = LINE ( 'NONE', #7684, #9880 ) ;
#3964 = CARTESIAN_POINT ( 'NONE',  ( -596.4101615137744830, -739.9999999999984084, -960.0000000000000000 ) ) ;
#3965 = DIRECTION ( 'NONE',  ( 1.000000000000000000, 0.000000000000000000, 0.000000000000000000 ) ) ;
#3966 = CIRCLE ( 'NONE', #4606, 277.7941176470602045 ) ;
#3967 = CARTESIAN_POINT ( 'NONE',  ( -5190.624999999995453, 989.9999999999980673, -960.0000000000012506 ) ) ;
#3968 = AXIS2_PLACEMENT_3D ( 'NONE', #442, #1340, #5842 ) ;
#3969 = ORIENTED_EDGE ( 'NONE', *, *, #1459, .F. ) ;
#3970 = EDGE_CURVE ( 'NONE', #4519, #7614, #3752, .T. ) ;
#3971 = VECTOR ( 'NONE', #2032, 1000.000000000000000 ) ;
#3972 = ORIENTED_EDGE ( 'NONE', *, *, #6173, .T. ) ;
#3973 = EDGE_CURVE ( 'NONE', #30, #4897, #6866, .T. ) ;
#3974 = VECTOR ( 'NONE', #5217, 1000.000000000000000 ) ;
#3975 = CARTESIAN_POINT ( 'NONE',  ( -9623.207721193939506, 5431.508564030777052, -849.6342572279646674 ) ) ;
#3976 = DIRECTION ( 'NONE',  ( -1.406570332511357463E-16, -2.014976476011318285E-33, -1.000000000000000000 ) ) ;
#3977 = AXIS2_PLACEMENT_3D ( 'NONE', #7924, #9369, #2714 ) ;
#3978 =( NAMED_UNIT ( * ) SI_UNIT ( $, .STERADIAN. ) SOLID_ANGLE_UNIT ( ) );
#3979 = VERTEX_POINT ( 'NONE', #7964 ) ;
#3980 = EDGE_CURVE ( 'NONE', #30, #8233, #8614, .T. ) ;
#3981 = ORIENTED_EDGE ( 'NONE', *, *, #4288, .T. ) ;
#3982 = CYLINDRICAL_SURFACE ( 'NONE', #468, 99.99999999999964473 ) ;
#3983 = DIRECTION ( 'NONE',  ( 1.000000000000000000, 0.000000000000000000, 0.000000000000000000 ) ) ;
#3984 = FACE_OUTER_BOUND ( 'NONE', #8921, .T. ) ;
#3985 = CARTESIAN_POINT ( 'NONE',  ( -14119.99999999999818, -1970.627566330085983, -239.9999999999987779 ) ) ;
#3986 = EDGE_LOOP ( 'NONE', ( #6257, #9103, #4171, #8398, #3027, #4543, #1870, #8855, #9303, #8568, #7643, #5834, #9788, #5468, #818 ) ) ;
#3987 = ORIENTED_EDGE ( 'NONE', *, *, #7134, .T. ) ;
#3988 = EDGE_CURVE ( 'NONE', #8538, #1646, #6413, .T. ) ;
#3989 = EDGE_LOOP ( 'NONE', ( #7838, #2435, #7052, #3254, #7706 ) ) ;
#3990 = ORIENTED_EDGE ( 'NONE', *, *, #544, .T. ) ;
#3991 = ADVANCED_FACE ( 'NONE', ( #5651 ), #5604, .F. ) ;
#3992 = DIRECTION ( 'NONE',  ( -0.000000000000000000, 0.000000000000000000, 1.000000000000000000 ) ) ;
#3993 = CARTESIAN_POINT ( 'NONE',  ( -12475.00000000000182, -989.9999999999984084, -1135.000000000000227 ) ) ;
#3994 = FACE_OUTER_BOUND ( 'NONE', #5848, .T. ) ;
#3995 = DIRECTION ( 'NONE',  ( -1.000000000000000000, 1.190114376038054893E-16, 0.000000000000000000 ) ) ;
#3996 = LINE ( 'NONE', #3444, #6859 ) ;
#3997 = AXIS2_PLACEMENT_3D ( 'NONE', #1003, #4208, #4056 ) ;
#3998 = VERTEX_POINT ( 'NONE', #7220 ) ;
#3999 = DIRECTION ( 'NONE',  ( 0.000000000000000000, 0.000000000000000000, 1.000000000000000000 ) ) ;
#4000 = ORIENTED_EDGE ( 'NONE', *, *, #3212, .F. ) ;
#4001 = DIRECTION ( 'NONE',  ( 0.000000000000000000, -1.000000000000000000, 0.000000000000000000 ) ) ;
#4002 = DIRECTION ( 'NONE',  ( -1.432545838226008399E-17, 1.000000000000000000, 0.000000000000000000 ) ) ;
#4003 = ORIENTED_EDGE ( 'NONE', *, *, #5866, .T. ) ;
#4004 = EDGE_CURVE ( 'NONE', #8129, #1755, #2014, .T. ) ;
#4005 = CIRCLE ( 'NONE', #7384, 99.99999999999964473 ) ;
#4006 = ORIENTED_EDGE ( 'NONE', *, *, #9313, .F. ) ;
#4007 = CARTESIAN_POINT ( 'NONE',  ( -11880.00000000000182, -814.9999999999974989, -517.7941176470593518 ) ) ;
#4008 = DIRECTION ( 'NONE',  ( 0.9848077530122075762, -4.819705125750964784E-17, 0.1736481776669329402 ) ) ;
#4009 = DIRECTION ( 'NONE',  ( -9.378386130608760079E-33, 0.9597039290011751822, 0.2810131111882634425 ) ) ;
#4010 = AXIS2_PLACEMENT_3D ( 'NONE', #2128, #8936, #2777 ) ;
#4011 = CARTESIAN_POINT ( 'NONE',  ( -14175.00000000000000, -875.0000000000000000, -1210.000000000000000 ) ) ;
#4012 = CYLINDRICAL_SURFACE ( 'NONE', #8849, 50.00000000000071054 ) ;
#4013 = ORIENTED_EDGE ( 'NONE', *, *, #6477, .T. ) ;
#4014 = EDGE_CURVE ( 'NONE', #6764, #6905, #8757, .T. ) ;
#4015 = VECTOR ( 'NONE', #6298, 1000.000000000000227 ) ;
#4016 = ORIENTED_EDGE ( 'NONE', *, *, #2334, .T. ) ;
#4017 = ORIENTED_EDGE ( 'NONE', *, *, #3356, .F. ) ;
#4018 = DIRECTION ( 'NONE',  ( 1.000000000000000000, 0.000000000000000000, 0.000000000000000000 ) ) ;
#4019 = CARTESIAN_POINT ( 'NONE',  ( -11700.00000000000182, 1077.499998843224375, -637.0854464784587208 ) ) ;
#4020 = LINE ( 'NONE', #210, #4938 ) ;
#4021 = ORIENTED_EDGE ( 'NONE', *, *, #3495, .F. ) ;
#4022 = VECTOR ( 'NONE', #3101, 1000.000000000000000 ) ;
#4023 = EDGE_LOOP ( 'NONE', ( #8756, #1486 ) ) ;
#4024 = VECTOR ( 'NONE', #6664, 1000.000000000000000 ) ;
#4025 = CARTESIAN_POINT ( 'NONE',  ( -13250.00000000000000, 5.551115123125782702E-14, -909.9999999999985221 ) ) ;
#4026 = LINE ( 'NONE', #5478, #3947 ) ;
#4027 = DIRECTION ( 'NONE',  ( 1.232595164407830672E-32, 2.775557561563032360E-16, -1.000000000000000000 ) ) ;
#4028 = VERTEX_POINT ( 'NONE', #2604 ) ;
#4029 = ORIENTED_EDGE ( 'NONE', *, *, #642, .T. ) ;
#4030 = ADVANCED_FACE ( 'NONE', ( #9508 ), #1805, .T. ) ;
#4031 = FACE_OUTER_BOUND ( 'NONE', #9179, .T. ) ;
#4032 = DIRECTION ( 'NONE',  ( 6.265808957320107111E-17, -1.000000000000000000, 0.000000000000000000 ) ) ;
#4033 = DIRECTION ( 'NONE',  ( 1.000000000000000000, 0.000000000000000000, 0.000000000000000000 ) ) ;
#4034 = ORIENTED_EDGE ( 'NONE', *, *, #1662, .F. ) ;
#4035 = FACE_OUTER_BOUND ( 'NONE', #3599, .T. ) ;
#4036 = VECTOR ( 'NONE', #5559, 1000.000000000000000 ) ;
#4037 = ORIENTED_EDGE ( 'NONE', *, *, #4426, .F. ) ;
#4038 = ORIENTED_EDGE ( 'NONE', *, *, #6347, .F. ) ;
#4039 = ORIENTED_EDGE ( 'NONE', *, *, #9159, .F. ) ;
#4040 = CARTESIAN_POINT ( 'NONE',  ( -11825.00000000000182, 739.9999999999976126, -960.0000000000002274 ) ) ;
#4041 = CIRCLE ( 'NONE', #9802, 250.0000000000000000 ) ;
#4042 = CARTESIAN_POINT ( 'NONE',  ( -12225.00000000000182, -739.9999999999984084, -960.0000000000002274 ) ) ;
#4043 = DIRECTION ( 'NONE',  ( 0.000000000000000000, 0.000000000000000000, -1.000000000000000000 ) ) ;
#4044 = CARTESIAN_POINT ( 'NONE',  ( -12475.00000000000182, -989.9999999999984084, -960.0000000000002274 ) ) ;
#4045 = DIRECTION ( 'NONE',  ( 1.000000000000000000, 0.000000000000000000, -0.000000000000000000 ) ) ;
#4046 = EDGE_CURVE ( 'NONE', #1471, #5515, #6509, .T. ) ;
#4047 = ADVANCED_FACE ( 'NONE', ( #4853 ), #4103, .F. ) ;
#4048 = ORIENTED_EDGE ( 'NONE', *, *, #4227, .T. ) ;
#4049 = LINE ( 'NONE', #9304, #8142 ) ;
#4050 = ORIENTED_EDGE ( 'NONE', *, *, #2620, .F. ) ;
#4051 = LINE ( 'NONE', #9765, #4086 ) ;
#4052 = DIRECTION ( 'NONE',  ( 6.162975822038967936E-33, -1.000000000000000000, 1.510372559762204329E-14 ) ) ;
#4053 = CIRCLE ( 'NONE', #5808, 277.7941176470602045 ) ;
#4054 = EDGE_LOOP ( 'NONE', ( #4050, #4491, #1941, #2169 ) ) ;
#4055 = ORIENTED_EDGE ( 'NONE', *, *, #7333, .T. ) ;
#4056 = DIRECTION ( 'NONE',  ( 0.000000000000000000, -1.000000000000000000, -5.551115123125784674E-16 ) ) ;
#4057 = DIRECTION ( 'NONE',  ( -1.000000000000000000, -6.162975822039151993E-33, -1.232595164407830946E-32 ) ) ;
#4058 = ADVANCED_FACE ( 'NONE', ( #4205 ), #3351, .T. ) ;
#4059 = CARTESIAN_POINT ( 'NONE',  ( -14175.00000000000000, -1089.999999999997726, -960.0000000000002274 ) ) ;
#4060 = EDGE_CURVE ( 'NONE', #162, #8233, #8708, .T. ) ;
#4061 = CARTESIAN_POINT ( 'NONE',  ( -11880.00000000000182, -814.9999999999974989, -239.9999999999984368 ) ) ;
#4062 = DIRECTION ( 'NONE',  ( 0.000000000000000000, 0.000000000000000000, -1.000000000000000000 ) ) ;
#4063 = ORIENTED_EDGE ( 'NONE', *, *, #2710, .T. ) ;
#4064 = ORIENTED_EDGE ( 'NONE', *, *, #2280, .F. ) ;
#4065 = ORIENTED_EDGE ( 'NONE', *, *, #8819, .F. ) ;
#4066 = CARTESIAN_POINT ( 'NONE',  ( -11825.00000000000182, -899.9999999999998863, -910.0000000000001137 ) ) ;
#4067 = LINE ( 'NONE', #6375, #9785 ) ;
#4068 = VECTOR ( 'NONE', #6452, 1000.000000000000000 ) ;
#4069 = DIRECTION ( 'NONE',  ( 6.162975822039157467E-33, -1.000000000000000000, -3.301729611148415602E-16 ) ) ;
#4070 = EDGE_LOOP ( 'NONE', ( #8869, #4677, #5963, #5671, #5835, #7937, #7208, #5526, #7729 ) ) ;
#4071 = EDGE_CURVE ( 'NONE', #3766, #1237, #2505, .T. ) ;
#4072 = ORIENTED_EDGE ( 'NONE', *, *, #7497, .F. ) ;
#4073 = VECTOR ( 'NONE', #8094, 1000.000000000000000 ) ;
#4074 = ORIENTED_EDGE ( 'NONE', *, *, #199, .F. ) ;
#4075 = FACE_OUTER_BOUND ( 'NONE', #614, .T. ) ;
#4076 = LINE ( 'NONE', #5022, #3695 ) ;
#4077 = LINE ( 'NONE', #1627, #6957 ) ;
#4078 = VECTOR ( 'NONE', #9273, 1000.000000000000000 ) ;
#4079 = ORIENTED_EDGE ( 'NONE', *, *, #9649, .T. ) ;
#4080 = AXIS2_PLACEMENT_3D ( 'NONE', #1881, #7154, #4939 ) ;
#4081 = ORIENTED_EDGE ( 'NONE', *, *, #789, .T. ) ;
#4082 = CARTESIAN_POINT ( 'NONE',  ( -8184.375000000004547, 739.9999999999979536, -1135.000000000000227 ) ) ;
#4083 = CARTESIAN_POINT ( 'NONE',  ( -1950.000000000000682, 800.0000000000000000, -910.0000000000001137 ) ) ;
#4084 = DIRECTION ( 'NONE',  ( 0.000000000000000000, -1.000000000000000000, 0.000000000000000000 ) ) ;
#4085 = CARTESIAN_POINT ( 'NONE',  ( -1949.999999999999773, -989.9999999999984084, -960.0000000000002274 ) ) ;
#4086 = VECTOR ( 'NONE', #8856, 1000.000000000000000 ) ;
#4087 = VERTEX_POINT ( 'NONE', #348 ) ;
#4088 = ORIENTED_EDGE ( 'NONE', *, *, #2595, .T. ) ;
#4089 = AXIS2_PLACEMENT_3D ( 'NONE', #1400, #4311, #9717 ) ;
#4090 = ORIENTED_EDGE ( 'NONE', *, *, #5625, .F. ) ;
#4091 = VERTEX_POINT ( 'NONE', #6305 ) ;
#4092 = AXIS2_PLACEMENT_3D ( 'NONE', #9414, #9466, #7965 ) ;
#4093 = DIRECTION ( 'NONE',  ( 1.000000000000000000, 6.162975822039151993E-33, 1.232595164407830946E-32 ) ) ;
#4094 = EDGE_CURVE ( 'NONE', #1033, #4099, #1756, .T. ) ;
#4095 = CARTESIAN_POINT ( 'NONE',  ( -3866.957084846029375, 989.9999999999981810, -868.8465180732546287 ) ) ;
#4096 = CYLINDRICAL_SURFACE ( 'NONE', #9670, 99.99999999999964473 ) ;
#4097 = PLANE ( 'NONE',  #7571 ) ;
#4098 = DIRECTION ( 'NONE',  ( 0.000000000000000000, 0.000000000000000000, 1.000000000000000000 ) ) ;
#4099 = VERTEX_POINT ( 'NONE', #7112 ) ;
#4100 = PLANE ( 'NONE',  #3010 ) ;
#4101 = ADVANCED_FACE ( 'NONE', ( #1046 ), #8565, .T. ) ;
#4102 = ORIENTED_EDGE ( 'NONE', *, *, #268, .F. ) ;
#4103 = PLANE ( 'NONE',  #9521 ) ;
#4104 = DIRECTION ( 'NONE',  ( 1.000000000000000000, 0.000000000000000000, 0.000000000000000000 ) ) ;
#4105 = AXIS2_PLACEMENT_3D ( 'NONE', #2583, #9282, #7942 ) ;
#4106 = VERTEX_POINT ( 'NONE', #1152 ) ;
#4107 = VECTOR ( 'NONE', #654, 1000.000000000000000 ) ;
#4108 = ADVANCED_FACE ( 'NONE', ( #7817 ), #7269, .T. ) ;
#4109 = EDGE_CURVE ( 'NONE', #8760, #2754, #4051, .T. ) ;
#4110 = PLANE ( 'NONE',  #800 ) ;
#4111 = LINE ( 'NONE', #4166, #845 ) ;
#4112 = VECTOR ( 'NONE', #4943, 1000.000000000000000 ) ;
#4113 = PLANE ( 'NONE',  #5263 ) ;
#4114 = LINE ( 'NONE', #7279, #4913 ) ;
#4115 = AXIS2_PLACEMENT_3D ( 'NONE', #9671, #9625, #2763 ) ;
#4116 = VERTEX_POINT ( 'NONE', #5952 ) ;
#4117 = EDGE_CURVE ( 'NONE', #51, #1480, #446, .T. ) ;
#4118 = LINE ( 'NONE', #7184, #6983 ) ;
#4119 = AXIS2_PLACEMENT_3D ( 'NONE', #422, #5627, #2580 ) ;
#4120 = ADVANCED_FACE ( 'NONE', ( #2101 ), #2848, .F. ) ;
#4121 = DIRECTION ( 'NONE',  ( -0.000000000000000000, 0.000000000000000000, 1.000000000000000000 ) ) ;
#4122 = DIRECTION ( 'NONE',  ( 6.162975822039157467E-33, -1.000000000000000000, -2.775557561563032360E-16 ) ) ;
#4123 = DIRECTION ( 'NONE',  ( 6.162975822039157467E-33, -1.000000000000000000, -2.775557561563032360E-16 ) ) ;
#4124 = VECTOR ( 'NONE', #2008, 1000.000000000000000 ) ;
#4125 = VECTOR ( 'NONE', #8385, 1000.000000000000000 ) ;
#4126 = VERTEX_POINT ( 'NONE', #9711 ) ;
#4127 = ORIENTED_EDGE ( 'NONE', *, *, #424, .F. ) ;
#4128 = EDGE_LOOP ( 'NONE', ( #9747, #7308, #6839, #8988 ) ) ;
#4129 = FACE_OUTER_BOUND ( 'NONE', #2195, .T. ) ;
#4130 = AXIS2_PLACEMENT_3D ( 'NONE', #6708, #5951, #8308 ) ;
#4131 = EDGE_CURVE ( 'NONE', #1927, #8586, #9691, .T. ) ;
#4132 = FACE_OUTER_BOUND ( 'NONE', #2998, .T. ) ;
#4133 = AXIS2_PLACEMENT_3D ( 'NONE', #4025, #7197, #7889 ) ;
#4134 = DIRECTION ( 'NONE',  ( -0.000000000000000000, 0.000000000000000000, 1.000000000000000000 ) ) ;
#4135 = ORIENTED_EDGE ( 'NONE', *, *, #562, .T. ) ;
#4136 = ORIENTED_EDGE ( 'NONE', *, *, #4319, .F. ) ;
#4137 = CARTESIAN_POINT ( 'NONE',  ( -12750.00000000000000, -899.9999999999986358, -637.0854464784594029 ) ) ;
#4138 = AXIS2_PLACEMENT_3D ( 'NONE', #5190, #5745, #9556 ) ;
#4139 = CARTESIAN_POINT ( 'NONE',  ( -5190.624999999995453, 989.9999999999984084, -1135.000000000000227 ) ) ;
#4140 = LINE ( 'NONE', #7204, #8729 ) ;
#4141 = VECTOR ( 'NONE', #577, 1000.000000000000000 ) ;
#4142 = FACE_OUTER_BOUND ( 'NONE', #4238, .T. ) ;
#4143 = ORIENTED_EDGE ( 'NONE', *, *, #8933, .T. ) ;
#4144 = ORIENTED_EDGE ( 'NONE', *, *, #6985, .T. ) ;
#4145 = ORIENTED_EDGE ( 'NONE', *, *, #812, .T. ) ;
#4146 = EDGE_CURVE ( 'NONE', #1885, #2262, #7295, .T. ) ;
#4147 = DIRECTION ( 'NONE',  ( 0.000000000000000000, -0.000000000000000000, -1.000000000000000000 ) ) ;
#4148 = CIRCLE ( 'NONE', #7991, 277.7941176470602045 ) ;
#4149 = AXIS2_PLACEMENT_3D ( 'NONE', #6059, #2253, #3091 ) ;
#4150 =( BOUNDED_CURVE ( )  B_SPLINE_CURVE ( 3, ( #2208, #703, #130, #9068 ),
 .UNSPECIFIED., .F., .F. ) 
 B_SPLINE_CURVE_WITH_KNOTS ( ( 4, 4 ),
 ( 1.376284916762130717, 1.570796326794896558 ),
 .UNSPECIFIED. ) 
 CURVE ( )  GEOMETRIC_REPRESENTATION_ITEM ( )  RATIONAL_B_SPLINE_CURVE ( ( 1.000000000000000000, 0.9968495936771430976, 0.9968495936771430976, 1.000000000000000000 ) ) 
 REPRESENTATION_ITEM ( '' )  );
#4151 = LINE ( 'NONE', #1798, #7692 ) ;
#4152 = DIRECTION ( 'NONE',  ( -1.432545838226008708E-17, 1.000000000000000000, -0.000000000000000000 ) ) ;
#4153 = CIRCLE ( 'NONE', #8946, 460.0000000000000000 ) ;
#4154 = LINE ( 'NONE', #82, #9621 ) ;
#4155 = DIRECTION ( 'NONE',  ( 0.9848077530122089085, 6.170617240062187410E-17, -0.1736481776669254740 ) ) ;
#4156 = VERTEX_POINT ( 'NONE', #6560 ) ;
#4157 = DIRECTION ( 'NONE',  ( 1.483886295880788311E-16, 1.000000000000000000, 0.000000000000000000 ) ) ;
#4158 = EDGE_CURVE ( 'NONE', #7871, #1494, #2051, .T. ) ;
#4159 = ORIENTED_EDGE ( 'NONE', *, *, #1996, .F. ) ;
#4160 = CARTESIAN_POINT ( 'NONE',  ( -9856.250000000005457, 708.0847830052794052, -1135.000000000000227 ) ) ;
#4161 = CYLINDRICAL_SURFACE ( 'NONE', #6010, 250.0000000000000000 ) ;
#4162 = ORIENTED_EDGE ( 'NONE', *, *, #7479, .F. ) ;
#4163 = AXIS2_PLACEMENT_3D ( 'NONE', #7622, #1501, #4558 ) ;
#4164 = CARTESIAN_POINT ( 'NONE',  ( -11725.00000000000182, -389.6561633456271920, -960.0000000000002274 ) ) ;
#4165 = DIRECTION ( 'NONE',  ( -1.000000000000000000, -6.162975822039151993E-33, -1.232595164407830946E-32 ) ) ;
#4166 = CARTESIAN_POINT ( 'NONE',  ( -8598.683472959093706, -5431.508564030777052, -759.9999999999997726 ) ) ;
#4167 = EDGE_CURVE ( 'NONE', #6508, #5502, #541, .T. ) ;
#4168 = CARTESIAN_POINT ( 'NONE',  ( -14300.00000000001819, -899.9999999999986358, -637.0854464784594029 ) ) ;
#4169 = DIRECTION ( 'NONE',  ( 6.162975822039157467E-33, -1.000000000000000000, -2.775557561563032360E-16 ) ) ;
#4170 = VECTOR ( 'NONE', #8316, 1000.000000000000000 ) ;
#4171 = ORIENTED_EDGE ( 'NONE', *, *, #2595, .F. ) ;
#4172 = LINE ( 'NONE', #409, #456 ) ;
#4173 = DIRECTION ( 'NONE',  ( -0.000000000000000000, 0.000000000000000000, 1.000000000000000000 ) ) ;
#4174 = CARTESIAN_POINT ( 'NONE',  ( -12100.00000000000182, -679.9999999999977263, -459.9999999999982947 ) ) ;
#4175 = VECTOR ( 'NONE', #6324, 1000.000000000000000 ) ;
#4176 = VERTEX_POINT ( 'NONE', #5048 ) ;
#4177 = ADVANCED_FACE ( 'NONE', ( #9659 ), #4393, .F. ) ;
#4178 = EDGE_CURVE ( 'NONE', #4087, #5956, #1952, .T. ) ;
#4179 = ORIENTED_EDGE ( 'NONE', *, *, #5747, .F. ) ;
#4180 = ORIENTED_EDGE ( 'NONE', *, *, #1311, .T. ) ;
#4181 = VECTOR ( 'NONE', #4121, 1000.000000000000000 ) ;
#4182 = CARTESIAN_POINT ( 'NONE',  ( -2600.000000000001364, 989.9999999999984084, -1135.000000000000227 ) ) ;
#4183 = DIRECTION ( 'NONE',  ( -1.232595164407830672E-32, -2.775557561563032360E-16, 1.000000000000000000 ) ) ;
#4184 = DIRECTION ( 'NONE',  ( 1.232595164407830672E-32, 2.775557561563032360E-16, -1.000000000000000000 ) ) ;
#4185 = ORIENTED_EDGE ( 'NONE', *, *, #9569, .F. ) ;
#4186 = VERTEX_POINT ( 'NONE', #1302 ) ;
#4187 = DIRECTION ( 'NONE',  ( -6.162975822039157467E-33, 1.000000000000000000, 3.301729611148415602E-16 ) ) ;
#4188 = EDGE_CURVE ( 'NONE', #7314, #8155, #7515, .T. ) ;
#4189 = DIRECTION ( 'NONE',  ( 1.232595164407830672E-32, 2.775557561563032360E-16, -1.000000000000000000 ) ) ;
#4190 = FACE_OUTER_BOUND ( 'NONE', #9075, .T. ) ;
#4191 = DIRECTION ( 'NONE',  ( -1.000000000000000000, 0.000000000000000000, 0.000000000000000000 ) ) ;
#4192 = ORIENTED_EDGE ( 'NONE', *, *, #1961, .T. ) ;
#4193 = ORIENTED_EDGE ( 'NONE', *, *, #6427, .T. ) ;
#4194 = ORIENTED_EDGE ( 'NONE', *, *, #7968, .T. ) ;
#4195 = CARTESIAN_POINT ( 'NONE',  ( -8184.375000000004547, 989.9999999999984084, -960.0000000000002274 ) ) ;
#4196 = DIRECTION ( 'NONE',  ( -1.000000000000000000, 0.000000000000000000, 0.000000000000000000 ) ) ;
#4197 = CARTESIAN_POINT ( 'NONE',  ( -14175.00000000000000, 875.0000000000000000, -910.0000000000001137 ) ) ;
#4198 = ORIENTED_EDGE ( 'NONE', *, *, #1180, .T. ) ;
#4199 = CARTESIAN_POINT ( 'NONE',  ( -12100.00000000000182, 814.9999999999971578, 2.220446049250313081E-12 ) ) ;
#4200 = FACE_OUTER_BOUND ( 'NONE', #4684, .T. ) ;
#4201 = EDGE_CURVE ( 'NONE', #3177, #6550, #647, .T. ) ;
#4202 = DIRECTION ( 'NONE',  ( -6.162975822039157467E-33, 1.000000000000000000, 2.775557561563032360E-16 ) ) ;
#4203 = VECTOR ( 'NONE', #2122, 1000.000000000000000 ) ;
#4204 = ORIENTED_EDGE ( 'NONE', *, *, #4472, .T. ) ;
#4205 = FACE_OUTER_BOUND ( 'NONE', #4708, .T. ) ;
#4206 = FACE_OUTER_BOUND ( 'NONE', #1507, .T. ) ;
#4207 = ORIENTED_EDGE ( 'NONE', *, *, #8139, .T. ) ;
#4208 = DIRECTION ( 'NONE',  ( -1.232595164407830672E-32, -2.775557561563032360E-16, 1.000000000000000000 ) ) ;
#4209 = CARTESIAN_POINT ( 'NONE',  ( -11825.00000000000182, -899.9999999999998863, -910.0000000000001137 ) ) ;
#4210 = LINE ( 'NONE', #8817, #1051 ) ;
#4211 = LINE ( 'NONE', #1909, #4448 ) ;
#4212 = DIRECTION ( 'NONE',  ( 0.000000000000000000, -0.000000000000000000, -1.000000000000000000 ) ) ;
#4213 = DIRECTION ( 'NONE',  ( 1.232595164407830672E-32, 2.775557561563032360E-16, -1.000000000000000000 ) ) ;
#4214 = LINE ( 'NONE', #8626, #4588 ) ;
#4215 = VERTEX_POINT ( 'NONE', #8115 ) ;
#4216 = CARTESIAN_POINT ( 'NONE',  ( -4868.749999999996362, -739.9999999999993179, -960.0000000000000000 ) ) ;
#4217 = PLANE ( 'NONE',  #5612 ) ;
#4218 = ADVANCED_FACE ( 'NONE', ( #5749 ), #593, .F. ) ;
#4219 = DIRECTION ( 'NONE',  ( -6.162975822039157467E-33, 1.000000000000000000, 2.249385511977649118E-16 ) ) ;
#4220 = ORIENTED_EDGE ( 'NONE', *, *, #8858, .F. ) ;
#4221 = VERTEX_POINT ( 'NONE', #3647 ) ;
#4222 = ADVANCED_FACE ( 'NONE', ( #4303 ), #5192, .F. ) ;
#4223 = ORIENTED_EDGE ( 'NONE', *, *, #9044, .F. ) ;
#4224 = ORIENTED_EDGE ( 'NONE', *, *, #5456, .T. ) ;
#4225 = DIRECTION ( 'NONE',  ( 1.000000000000000000, 0.000000000000000000, 0.000000000000000000 ) ) ;
#4226 = CARTESIAN_POINT ( 'NONE',  ( -6240.624999999996362, 739.9999999999979536, -960.0000000000002274 ) ) ;
#4227 = EDGE_CURVE ( 'NONE', #946, #1464, #6654, .T. ) ;
#4228 = LINE ( 'NONE', #7996, #241 ) ;
#4229 = EDGE_LOOP ( 'NONE', ( #4292, #6022, #5787, #3782 ) ) ;
#4230 = VERTEX_POINT ( 'NONE', #9806 ) ;
#4231 = AXIS2_PLACEMENT_3D ( 'NONE', #9200, #2347, #5392 ) ;
#4232 = CARTESIAN_POINT ( 'NONE',  ( -13899.99999999999818, 1054.999999999997272, -459.9999999999978400 ) ) ;
#4233 = CARTESIAN_POINT ( 'NONE',  ( -13833.84276082942415, 190.0000000000006821, -504.9802145985029256 ) ) ;
#4234 = CARTESIAN_POINT ( 'NONE',  ( -5576.316527040901747, -1189.999999999998408, -6660.000000000000909 ) ) ;
#4235 = CARTESIAN_POINT ( 'NONE',  ( -3930.251481490694914, -1089.999999999998181, -1059.999999999999091 ) ) ;
#4236 = EDGE_LOOP ( 'NONE', ( #3087, #3601, #2304, #4790, #6107, #5819, #5052, #4320, #4006 ) ) ;
#4237 = EDGE_LOOP ( 'NONE', ( #5117, #7369, #9584, #2107 ) ) ;
#4238 = EDGE_LOOP ( 'NONE', ( #5876, #8681, #6399, #8383 ) ) ;
#4239 = LINE ( 'NONE', #7361, #5229 ) ;
#4240 = ADVANCED_FACE ( 'NONE', ( #7319 ), #497, .T. ) ;
#4241 = AXIS2_PLACEMENT_3D ( 'NONE', #4925, #3264, #7993 ) ;
#4242 = EDGE_CURVE ( 'NONE', #3039, #3876, #8907, .T. ) ;
#4243 = CIRCLE ( 'NONE', #8567, 79.99999999999995737 ) ;
#4244 = DIRECTION ( 'NONE',  ( -1.000000000000000000, 0.000000000000000000, 0.000000000000000000 ) ) ;
#4245 = DIRECTION ( 'NONE',  ( 1.000000000000000000, -0.000000000000000000, -0.000000000000000000 ) ) ;
#4246 = VECTOR ( 'NONE', #4868, 1000.000000000000000 ) ;
#4247 = ORIENTED_EDGE ( 'NONE', *, *, #865, .F. ) ;
#4248 = DIRECTION ( 'NONE',  ( -1.000000000000000000, 0.000000000000000000, 0.000000000000000000 ) ) ;
#4249 = DIRECTION ( 'NONE',  ( 1.232595164407830672E-32, 2.775557561563032360E-16, -1.000000000000000000 ) ) ;
#4250 = CARTESIAN_POINT ( 'NONE',  ( -12320.00000000000000, -1077.499998843224375, -517.7941176470594655 ) ) ;
#4251 = VECTOR ( 'NONE', #3036, 1000.000000000000000 ) ;
#4252 = ORIENTED_EDGE ( 'NONE', *, *, #1651, .F. ) ;
#4253 = DIRECTION ( 'NONE',  ( 0.9281522335464009732, 0.3722007944145567793, 0.000000000000000000 ) ) ;
#4254 = AXIS2_PLACEMENT_3D ( 'NONE', #9834, #5226, #6076 ) ;
#4255 = DIRECTION ( 'NONE',  ( -1.000000000000000000, -6.162975822039151993E-33, -1.232595164407830946E-32 ) ) ;
#4256 = VECTOR ( 'NONE', #6358, 1000.000000000000000 ) ;
#4257 = EDGE_LOOP ( 'NONE', ( #2903, #6880 ) ) ;
#4258 = VERTEX_POINT ( 'NONE', #9191 ) ;
#4259 = EDGE_CURVE ( 'NONE', #7427, #8096, #6135, .T. ) ;
#4260 = CIRCLE ( 'NONE', #2657, 460.0000000000001137 ) ;
#4261 = CARTESIAN_POINT ( 'NONE',  ( -5990.624999999996362, -739.9999999999995453, -1135.000000000000227 ) ) ;
#4262 = LINE ( 'NONE', #5857, #2639 ) ;
#4263 = FACE_OUTER_BOUND ( 'NONE', #1079, .T. ) ;
#4264 = AXIS2_PLACEMENT_3D ( 'NONE', #3268, #5629, #3169 ) ;
#4265 = CARTESIAN_POINT ( 'NONE',  ( -11661.34256363902387, -896.2284449665696684, -757.0854464784603124 ) ) ;
#4266 = PLANE ( 'NONE',  #2080 ) ;
#4267 = DIRECTION ( 'NONE',  ( -1.000000000000000000, 0.000000000000000000, 0.000000000000000000 ) ) ;
#4268 = ORIENTED_EDGE ( 'NONE', *, *, #8107, .F. ) ;
#4269 = CARTESIAN_POINT ( 'NONE',  ( -5990.624999999996362, -739.9999999999995453, -3423.488475815656784 ) ) ;
#4270 = ADVANCED_FACE ( 'NONE', ( #7600 ), #3786, .T. ) ;
#4271 = DIRECTION ( 'NONE',  ( 0.000000000000000000, -1.000000000000000000, 0.000000000000000000 ) ) ;
#4272 = VECTOR ( 'NONE', #6014, 1000.000000000000000 ) ;
#4273 = FACE_OUTER_BOUND ( 'NONE', #7408, .T. ) ;
#4274 = LINE ( 'NONE', #1820, #4246 ) ;
#4275 = ORIENTED_EDGE ( 'NONE', *, *, #3000, .F. ) ;
#4276 = VERTEX_POINT ( 'NONE', #2287 ) ;
#4277 = EDGE_CURVE ( 'NONE', #9401, #5497, #1529, .T. ) ;
#4278 = CIRCLE ( 'NONE', #4441, 250.0000000000000000 ) ;
#4279 = VERTEX_POINT ( 'NONE', #1441 ) ;
#4280 = DIRECTION ( 'NONE',  ( -1.000000000000000000, 0.000000000000000000, 0.000000000000000000 ) ) ;
#4281 = CARTESIAN_POINT ( 'NONE',  ( -12244.99999999992906, -899.9999999999986358, -860.0000000000231921 ) ) ;
#4282 = CYLINDRICAL_SURFACE ( 'NONE', #8390, 79.99999999999995737 ) ;
#4283 =( NAMED_UNIT ( * ) SI_UNIT ( $, .STERADIAN. ) SOLID_ANGLE_UNIT ( ) );
#4284 = ORIENTED_EDGE ( 'NONE', *, *, #6855, .T. ) ;
#4285 = CARTESIAN_POINT ( 'NONE',  ( -14300.00000000001819, 699.9999999999986358, -350.9999999999985221 ) ) ;
#4286 = CARTESIAN_POINT ( 'NONE',  ( -12100.00000000000182, 679.9999999999978400, -919.9999999999980673 ) ) ;
#4287 = DIRECTION ( 'NONE',  ( 1.232595164407830672E-32, 2.775557561563032360E-16, -1.000000000000000000 ) ) ;
#4288 = EDGE_CURVE ( 'NONE', #7596, #9025, #5994, .T. ) ;
#4289 = DIRECTION ( 'NONE',  ( 1.232595164407830672E-32, 2.775557561563032360E-16, -1.000000000000000000 ) ) ;
#4291 = ORIENTED_EDGE ( 'NONE', *, *, #1888, .T. ) ;
#4290 = VECTOR ( 'NONE', #5463, 1000.000000000000000 ) ;
#4292 = ORIENTED_EDGE ( 'NONE', *, *, #2206, .F. ) ;
#4293 = DIRECTION ( 'NONE',  ( -0.000000000000000000, -0.000000000000000000, -1.000000000000000000 ) ) ;
#4294 = EDGE_CURVE ( 'NONE', #3759, #5197, #3929, .T. ) ;
#4295 = EDGE_CURVE ( 'NONE', #4933, #9848, #2940, .T. ) ;
#4296 = DIRECTION ( 'NONE',  ( -1.232595164407830672E-32, -2.775557561563032360E-16, 1.000000000000000000 ) ) ;
#4297 = VECTOR ( 'NONE', #9608, 1000.000000000000000 ) ;
#4298 = ORIENTED_EDGE ( 'NONE', *, *, #9856, .T. ) ;
#4299 = CARTESIAN_POINT ( 'NONE',  ( -12100.00000000000182, 679.9999999999979536, -909.9999999999979536 ) ) ;
#4300 = DIRECTION ( 'NONE',  ( -1.232595164407840251E-32, 1.510372559762204329E-14, 1.000000000000000000 ) ) ;
#4301 = LINE ( 'NONE', #8208, #5247 ) ;
#4302 = ORIENTED_EDGE ( 'NONE', *, *, #2773, .F. ) ;
#4303 = FACE_OUTER_BOUND ( 'NONE', #8, .T. ) ;
#4304 = ADVANCED_FACE ( 'NONE', ( #5438 ), #8502, .F. ) ;
#4305 = CARTESIAN_POINT ( 'NONE',  ( -12320.00000000000000, 814.9999999999972715, -239.9999999999979821 ) ) ;
#4306 = EDGE_CURVE ( 'NONE', #3395, #3979, #7776, .T. ) ;
#4307 = ORIENTED_EDGE ( 'NONE', *, *, #4542, .F. ) ;
#4308 = AXIS2_PLACEMENT_3D ( 'NONE', #7023, #635, #6921 ) ;
#4309 = ORIENTED_EDGE ( 'NONE', *, *, #6295, .T. ) ;
#4310 = AXIS2_PLACEMENT_3D ( 'NONE', #1378, #6780, #4479 ) ;
#4311 = DIRECTION ( 'NONE',  ( -1.232595164407830672E-32, -2.775557561563032360E-16, 1.000000000000000000 ) ) ;
#4312 = ORIENTED_EDGE ( 'NONE', *, *, #6562, .F. ) ;
#4313 = DIRECTION ( 'NONE',  ( 1.000000000000000000, 6.162975822039151993E-33, 1.232595164407830946E-32 ) ) ;
#4314 = DIRECTION ( 'NONE',  ( -0.000000000000000000, 0.000000000000000000, 1.000000000000000000 ) ) ;
#4315 = VECTOR ( 'NONE', #6011, 1000.000000000000000 ) ;
#4316 = DIRECTION ( 'NONE',  ( -1.000000000000000000, -6.162975822039151993E-33, -1.232595164407830946E-32 ) ) ;
#4317 = FACE_OUTER_BOUND ( 'NONE', #773, .T. ) ;
#4318 = CARTESIAN_POINT ( 'NONE',  ( -9956.250000000003638, 560.2425708315849988, -1135.000000000000227 ) ) ;
#4319 = EDGE_CURVE ( 'NONE', #2853, #8315, #4497, .T. ) ;
#4320 = ORIENTED_EDGE ( 'NONE', *, *, #897, .F. ) ;
#4321 = CARTESIAN_POINT ( 'NONE',  ( -13250.00000000000000, -899.9999999999986358, -350.9999999999989768 ) ) ;
#4322 = FACE_OUTER_BOUND ( 'NONE', #9335, .T. ) ;
#4323 = CARTESIAN_POINT ( 'NONE',  ( -13899.99999999999818, -814.9999999999972715, -909.9999999999987494 ) ) ;
#4324 = ORIENTED_EDGE ( 'NONE', *, *, #9875, .F. ) ;
#4325 = ORIENTED_EDGE ( 'NONE', *, *, #3911, .T. ) ;
#4326 = EDGE_CURVE ( 'NONE', #6343, #3860, #3880, .T. ) ;
#4327 = VERTEX_POINT ( 'NONE', #7558 ) ;
#4328 = EDGE_LOOP ( 'NONE', ( #1574, #651, #8281, #176, #3710, #98, #9164, #3170 ) ) ;
#4329 = CARTESIAN_POINT ( 'NONE',  ( -446.4101615137744261, 341.8139511719356847, -3423.488475815656784 ) ) ;
#4330 = VECTOR ( 'NONE', #1537, 1000.000000000000000 ) ;
#4331 = DIRECTION ( 'NONE',  ( 0.9281522335464009732, -0.3722007944145567238, 0.000000000000000000 ) ) ;
#4332 = CARTESIAN_POINT ( 'NONE',  ( -4215.741725297261837, -989.9999999999993179, -1135.000000000000227 ) ) ;
#4333 = ORIENTED_EDGE ( 'NONE', *, *, #7687, .T. ) ;
#4334 = CYLINDRICAL_SURFACE ( 'NONE', #7518, 79.99999999999995737 ) ;
#4335 = CARTESIAN_POINT ( 'NONE',  ( -12225.00000000000182, 1189.999999999998408, -960.0000000000002274 ) ) ;
#4336 = VECTOR ( 'NONE', #5316, 1000.000000000000114 ) ;
#4337 = CARTESIAN_POINT ( 'NONE',  ( -2350.000000000000455, -899.9999999999998863, -910.0000000000001137 ) ) ;
#4338 = LINE ( 'NONE', #5944, #5678 ) ;
#4339 = ORIENTED_EDGE ( 'NONE', *, *, #9649, .F. ) ;
#4340 = ORIENTED_EDGE ( 'NONE', *, *, #2020, .F. ) ;
#4341 = CARTESIAN_POINT ( 'NONE',  ( -12100.00000000000182, -190.0000000000007674, -539.9999999999981810 ) ) ;
#4342 = EDGE_CURVE ( 'NONE', #5228, #8550, #4260, .T. ) ;
#4343 = FACE_OUTER_BOUND ( 'NONE', #2593, .T. ) ;
#4344 = EDGE_LOOP ( 'NONE', ( #3593, #9888, #7232, #4102 ) ) ;
#4345 = CARTESIAN_POINT ( 'NONE',  ( -13680.00000000000000, 1077.499998843224375, -517.7941176470588971 ) ) ;
#4346 = ORIENTED_EDGE ( 'NONE', *, *, #8644, .T. ) ;
#4347 = CARTESIAN_POINT ( 'NONE',  ( -11575.00000000000182, 989.9999999999977263, -1135.000000000000227 ) ) ;
#4348 = CARTESIAN_POINT ( 'NONE',  ( -6562.499999999994543, 989.9999999999984084, -1135.000000000000227 ) ) ;
#4349 = VERTEX_POINT ( 'NONE', #1585 ) ;
#4350 = CARTESIAN_POINT ( 'NONE',  ( -13856.59988046646504, -190.0000000000007674, -504.9802145985029256 ) ) ;
#4351 = CARTESIAN_POINT ( 'NONE',  ( -2350.000000000000455, -389.6561633456277036, 0.000000000000000000 ) ) ;
#4352 = AXIS2_PLACEMENT_3D ( 'NONE', #3288, #135, #6245 ) ;
#4353 = ORIENTED_EDGE ( 'NONE', *, *, #3672, .T. ) ;
#4354 = EDGE_LOOP ( 'NONE', ( #4617, #5792, #5931, #2991 ) ) ;
#4355 = AXIS2_PLACEMENT_3D ( 'NONE', #8265, #7522, #3796 ) ;
#4356 = DIRECTION ( 'NONE',  ( 6.162975822039157467E-33, -1.000000000000000000, -3.301729611148415602E-16 ) ) ;
#4357 = CARTESIAN_POINT ( 'NONE',  ( -8984.375000000005457, -740.0000000000002274, -3423.488475815656784 ) ) ;
#4358 = ADVANCED_FACE ( 'NONE', ( #6090 ), #9147, .T. ) ;
#4359 = ADVANCED_FACE ( 'NONE', ( #5288 ), #5333, .F. ) ;
#4360 = CARTESIAN_POINT ( 'NONE',  ( -12225.00000000000182, 1189.999999999998408, -960.0000000000002274 ) ) ;
#4361 = CARTESIAN_POINT ( 'NONE',  ( -4034.427420795914713, -954.9999999999992042, -960.0000000000002274 ) ) ;
#4362 = DIRECTION ( 'NONE',  ( -1.356114123142971669E-32, 0.2810131111882628874, 0.9597039290011754042 ) ) ;
#4363 = DIRECTION ( 'NONE',  ( -1.000000000000000000, -6.162975822039154046E-33, -1.232595164407830946E-32 ) ) ;
#4364 = CARTESIAN_POINT ( 'NONE',  ( -14299.99999999999818, -814.9999999999974989, -637.0854464784592892 ) ) ;
#4365 = VERTEX_POINT ( 'NONE', #8396 ) ;
#4366 = DIRECTION ( 'NONE',  ( -6.162975822039157467E-33, 1.000000000000000000, 2.249385511977649118E-16 ) ) ;
#4367 = CARTESIAN_POINT ( 'NONE',  ( -13499.99999999999818, -1970.627566330085756, -637.0854464784596303 ) ) ;
#4368 = ADVANCED_FACE ( 'NONE', ( #7746 ), #3741, .T. ) ;
#4369 = EDGE_CURVE ( 'NONE', #320, #1089, #9853, .T. ) ;
#4370 = LINE ( 'NONE', #3619, #1581 ) ;
#4371 = DIRECTION ( 'NONE',  ( 0.000000000000000000, 0.000000000000000000, 1.000000000000000000 ) ) ;
#4372 = ORIENTED_EDGE ( 'NONE', *, *, #7919, .T. ) ;
#4373 = ORIENTED_EDGE ( 'NONE', *, *, #5211, .T. ) ;
#4374 = EDGE_LOOP ( 'NONE', ( #3325, #4971, #5817, #8045 ) ) ;
#4375 = DIRECTION ( 'NONE',  ( 0.000000000000000000, -1.000000000000000000, -2.775557561562891351E-16 ) ) ;
#4376 = CARTESIAN_POINT ( 'NONE',  ( -13250.00000000000000, 899.9999999999986358, -350.9999999999985221 ) ) ;
#4377 = CARTESIAN_POINT ( 'NONE',  ( -2.914659381970696526E-13, 1189.999999999998408, -960.0000000000002274 ) ) ;
#4378 = ADVANCED_FACE ( 'NONE', ( #9099 ), #8354, .F. ) ;
#4379 = VERTEX_POINT ( 'NONE', #7048 ) ;
#4380 = CYLINDRICAL_SURFACE ( 'NONE', #8622, 200.0000000000000000 ) ;
#4381 = DIRECTION ( 'NONE',  ( -1.232595164407830672E-32, -2.775557561563032360E-16, 1.000000000000000000 ) ) ;
#4382 = DIRECTION ( 'NONE',  ( -6.162975822039157467E-33, 1.000000000000000000, 2.775557561563032360E-16 ) ) ;
#4383 = FACE_OUTER_BOUND ( 'NONE', #4425, .T. ) ;
#4384 = CARTESIAN_POINT ( 'NONE',  ( -1950.000000000000682, 899.9999999999998863, -910.0000000000001137 ) ) ;
#4385 = LINE ( 'NONE', #8850, #8080 ) ;
#4386 = VECTOR ( 'NONE', #4894, 1000.000000000000000 ) ;
#4387 = ORIENTED_EDGE ( 'NONE', *, *, #6814, .T. ) ;
#4388 = LINE ( 'NONE', #588, #9088 ) ;
#4389 = ORIENTED_EDGE ( 'NONE', *, *, #1996, .T. ) ;
#4390 = CARTESIAN_POINT ( 'NONE',  ( -8598.683472959091887, 1189.999999999997954, -6660.000000000000000 ) ) ;
#4391 = DIRECTION ( 'NONE',  ( -0.000000000000000000, 1.000000000000000000, -0.000000000000000000 ) ) ;
#4392 = ORIENTED_EDGE ( 'NONE', *, *, #8819, .T. ) ;
#4393 = CYLINDRICAL_SURFACE ( 'NONE', #5046, 35.00000000000014211 ) ;
#4394 = CARTESIAN_POINT ( 'NONE',  ( -12143.40011953353496, -1077.499998843224375, -637.0854464784594029 ) ) ;
#4395 = ORIENTED_EDGE ( 'NONE', *, *, #7994, .T. ) ;
#4396 = ADVANCED_FACE ( 'NONE', ( #3984 ), #3383, .F. ) ;
#4397 = ORIENTED_EDGE ( 'NONE', *, *, #2719, .T. ) ;
#4398 = VECTOR ( 'NONE', #1908, 1000.000000000000000 ) ;
#4399 = AXIS2_PLACEMENT_3D ( 'NONE', #1421, #8934, #4375 ) ;
#4400 = ORIENTED_EDGE ( 'NONE', *, *, #3677, .T. ) ;
#4401 = LINE ( 'NONE', #2059, #8489 ) ;
#4402 = LINE ( 'NONE', #7469, #7138 ) ;
#4403 = VERTEX_POINT ( 'NONE', #3174 ) ;
#4404 = DIRECTION ( 'NONE',  ( 1.000000000000000000, 0.000000000000000000, 0.000000000000000000 ) ) ;
#4405 = FACE_OUTER_BOUND ( 'NONE', #592, .T. ) ;
#4406 = VECTOR ( 'NONE', #3190, 1000.000000000000000 ) ;
#4407 = ADVANCED_FACE ( 'NONE', ( #1137 ), #3330, .F. ) ;
#4408 = VECTOR ( 'NONE', #1907, 1000.000000000000000 ) ;
#4409 = ORIENTED_EDGE ( 'NONE', *, *, #6963, .F. ) ;
#4410 = AXIS2_PLACEMENT_3D ( 'NONE', #2633, #1789, #7851 ) ;
#4411 = LINE ( 'NONE', #1262, #3349 ) ;
#4412 = DIRECTION ( 'NONE',  ( 6.162975822039157467E-33, -1.000000000000000000, -3.301729611148415602E-16 ) ) ;
#4413 = VECTOR ( 'NONE', #2807, 1000.000000000000000 ) ;
#4414 = ADVANCED_FACE ( 'NONE', ( #4190 ), #8648, .T. ) ;
#4415 = ADVANCED_FACE ( 'NONE', ( #3223 ), #174, .F. ) ;
#4416 = VECTOR ( 'NONE', #9902, 1000.000000000000000 ) ;
#4417 = ORIENTED_EDGE ( 'NONE', *, *, #3121, .F. ) ;
#4418 = DIRECTION ( 'NONE',  ( 4.040691778796104450E-16, -5.788476191268405905E-33, 1.000000000000000000 ) ) ;
#4419 = ORIENTED_EDGE ( 'NONE', *, *, #7845, .F. ) ;
#4420 = LINE ( 'NONE', #4367, #9439 ) ;
#4421 = EDGE_CURVE ( 'NONE', #1701, #7334, #7097, .T. ) ;
#4422 = CARTESIAN_POINT ( 'NONE',  ( -11575.00000000000182, -989.9999999999990905, -960.0000000000002274 ) ) ;
#4423 = CARTESIAN_POINT ( 'NONE',  ( -446.4101615137744261, 341.8139511719356847, -960.0000000000000000 ) ) ;
#4424 = VERTEX_POINT ( 'NONE', #9491 ) ;
#4425 = EDGE_LOOP ( 'NONE', ( #2884, #6746 ) ) ;
#4426 = EDGE_CURVE ( 'NONE', #8060, #9859, #3918, .T. ) ;
#4427 = ADVANCED_FACE ( 'NONE', ( #6236 ), #1681, .F. ) ;
#4428 = ORIENTED_EDGE ( 'NONE', *, *, #5718, .T. ) ;
#4429 = DIRECTION ( 'NONE',  ( -0.9848077530122092416, -6.170617240062188643E-17, -0.1736481776669233368 ) ) ;
#4430 = CARTESIAN_POINT ( 'NONE',  ( -1.619437825332231480E-13, 1189.999999999998408, -660.0000000000023874 ) ) ;
#4431 = FACE_OUTER_BOUND ( 'NONE', #7626, .T. ) ;
#4432 = LINE ( 'NONE', #2692, #1107 ) ;
#4433 = ORIENTED_EDGE ( 'NONE', *, *, #3940, .T. ) ;
#4434 = DIRECTION ( 'NONE',  ( -1.000000000000000000, 6.271695431234129858E-16, 0.000000000000000000 ) ) ;
#4435 = VECTOR ( 'NONE', #6601, 1000.000000000000000 ) ;
#4436 = DIRECTION ( 'NONE',  ( 1.232595164407830672E-32, 2.775557561563032360E-16, -1.000000000000000000 ) ) ;
#4437 = CARTESIAN_POINT ( 'NONE',  ( -4047.454448600417436, 922.5146718258738474, -3423.488475815656784 ) ) ;
#4438 = DIRECTION ( 'NONE',  ( -1.000000000000000000, 6.265808957320107111E-17, 1.406570332511357463E-16 ) ) ;
#4439 = EDGE_CURVE ( 'NONE', #5872, #930, #4140, .T. ) ;
#4440 = DIRECTION ( 'NONE',  ( -0.000000000000000000, -0.000000000000000000, -1.000000000000000000 ) ) ;
#4441 = AXIS2_PLACEMENT_3D ( 'NONE', #8009, #4147, #6499 ) ;
#4442 = LINE ( 'NONE', #3693, #6312 ) ;
#4443 = VERTEX_POINT ( 'NONE', #7898 ) ;
#4444 = ORIENTED_EDGE ( 'NONE', *, *, #6319, .F. ) ;
#4445 = CARTESIAN_POINT ( 'NONE',  ( -2350.000000000000455, 1189.999999999998408, -960.0000000000002274 ) ) ;
#4446 = CARTESIAN_POINT ( 'NONE',  ( -12500.00000000000182, 1970.627566330085756, -637.0854464784586071 ) ) ;
#4447 = DIRECTION ( 'NONE',  ( 0.3722007944145567793, -0.9281522335464009732, 0.000000000000000000 ) ) ;
#4448 = VECTOR ( 'NONE', #6419, 1000.000000000000000 ) ;
#4449 = LINE ( 'NONE', #7516, #7615 ) ;
#4450 = CIRCLE ( 'NONE', #5721, 50.00000000000071054 ) ;
#4451 = EDGE_CURVE ( 'NONE', #128, #9558, #7153, .T. ) ;
#4452 = ORIENTED_EDGE ( 'NONE', *, *, #5789, .T. ) ;
#4453 = ORIENTED_EDGE ( 'NONE', *, *, #2773, .T. ) ;
#4454 = ORIENTED_EDGE ( 'NONE', *, *, #3367, .T. ) ;
#4455 = VECTOR ( 'NONE', #6457, 1000.000000000000000 ) ;
#4456 = CARTESIAN_POINT ( 'NONE',  ( -11353.31954216210215, -1.387778780781445676E-13, -1135.000000000000227 ) ) ;
#4457 = DIRECTION ( 'NONE',  ( 1.000000000000000000, 0.000000000000000000, 0.000000000000000000 ) ) ;
#4458 = AXIS2_PLACEMENT_3D ( 'NONE', #4896, #4098, #4045 ) ;
#4459 = DIRECTION ( 'NONE',  ( -1.232595164407830672E-32, -2.775557561563032360E-16, 1.000000000000000000 ) ) ;
#4460 = LINE ( 'NONE', #656, #7007 ) ;
#4461 = EDGE_CURVE ( 'NONE', #1689, #1525, #1030, .T. ) ;
#4462 = CARTESIAN_POINT ( 'NONE',  ( -11825.00000000000182, 899.9999999999998863, -910.0000000000001137 ) ) ;
#4463 = CIRCLE ( 'NONE', #1902, 6000.000000000000000 ) ;
#4464 = CARTESIAN_POINT ( 'NONE',  ( -7612.500000000006366, -989.9999999999997726, -1135.000000000000227 ) ) ;
#4465 = VECTOR ( 'NONE', #862, 1000.000000000000114 ) ;
#4466 = ORIENTED_EDGE ( 'NONE', *, *, #7551, .F. ) ;
#4467 = DIRECTION ( 'NONE',  ( 1.000000000000000000, 6.162975822039151993E-33, 1.232595164407830946E-32 ) ) ;
#4468 = ORIENTED_EDGE ( 'NONE', *, *, #4326, .F. ) ;
#4469 = CARTESIAN_POINT ( 'NONE',  ( -13680.00000000000000, 1970.627566330085756, -517.7941176470586697 ) ) ;
#4470 = VECTOR ( 'NONE', #4814, 1000.000000000000000 ) ;
#4471 = CYLINDRICAL_SURFACE ( 'NONE', #3344, 277.7941176470602045 ) ;
#4472 = EDGE_CURVE ( 'NONE', #4221, #3388, #277, .T. ) ;
#4473 = CARTESIAN_POINT ( 'NONE',  ( -13828.58983848622483, 989.9999999999984084, -3423.488475815656784 ) ) ;
#4474 = EDGE_LOOP ( 'NONE', ( #2942, #2669, #8678, #2221 ) ) ;
#4475 = ORIENTED_EDGE ( 'NONE', *, *, #2165, .T. ) ;
#4476 = DIRECTION ( 'NONE',  ( -6.162975822039157467E-33, 1.000000000000000000, 2.775557561563032360E-16 ) ) ;
#4477 = CARTESIAN_POINT ( 'NONE',  ( -14588.56810139493791, -295.9385695031828050, -504.9802145985046309 ) ) ;
#4478 = DIRECTION ( 'NONE',  ( -1.000000000000000000, 0.000000000000000000, -0.000000000000000000 ) ) ;
#4479 = DIRECTION ( 'NONE',  ( 1.000000000000000000, 0.000000000000000000, 0.000000000000000000 ) ) ;
#4480 = AXIS2_PLACEMENT_3D ( 'NONE', #3717, #616, #6771 ) ;
#4481 = EDGE_CURVE ( 'NONE', #882, #9828, #3453, .T. ) ;
#4482 = VERTEX_POINT ( 'NONE', #8691 ) ;
#4483 = EDGE_CURVE ( 'NONE', #4897, #8953, #2177, .T. ) ;
#4484 = DIRECTION ( 'NONE',  ( -0.9848077530122092416, -6.170617240062188643E-17, 0.1736481776669237531 ) ) ;
#4485 = CARTESIAN_POINT ( 'NONE',  ( -13899.99999999999818, -190.0000000000007674, -539.9999999999981810 ) ) ;
#4486 = CARTESIAN_POINT ( 'NONE',  ( -12750.00000000000000, -899.9999999999986358, -769.9999999999963620 ) ) ;
#4487 = VECTOR ( 'NONE', #9082, 1000.000000000000000 ) ;
#4488 = EDGE_LOOP ( 'NONE', ( #1505, #4989, #3651, #8189 ) ) ;
#4489 = DIRECTION ( 'NONE',  ( 2.450878090891695175E-33, -0.9597039290011752932, 0.2810131111882628319 ) ) ;
#4490 = CARTESIAN_POINT ( 'NONE',  ( -14763.68599666425871, 0.000000000000000000, -1060.000000000000000 ) ) ;
#4491 = ORIENTED_EDGE ( 'NONE', *, *, #8229, .T. ) ;
#4492 = EDGE_CURVE ( 'NONE', #1725, #8357, #39, .T. ) ;
#4493 = CIRCLE ( 'NONE', #7229, 460.0000000000000000 ) ;
#4494 = ORIENTED_EDGE ( 'NONE', *, *, #2345, .F. ) ;
#4495 = CARTESIAN_POINT ( 'NONE',  ( -14500.00000000002001, 278.9021535255452022, -623.7872381793326895 ) ) ;
#4496 = CARTESIAN_POINT ( 'NONE',  ( -10127.54555139958393, 922.5146718258736200, -1135.000000000000227 ) ) ;
#4497 = LINE ( 'NONE', #8451, #4416 ) ;
#4498 = DIRECTION ( 'NONE',  ( -1.000000000000000000, -0.000000000000000000, -0.000000000000000000 ) ) ;
#4499 = ORIENTED_EDGE ( 'NONE', *, *, #238, .T. ) ;
#4500 = ORIENTED_EDGE ( 'NONE', *, *, #3242, .T. ) ;
#4501 = VERTEX_POINT ( 'NONE', #979 ) ;
#4502 = CARTESIAN_POINT ( 'NONE',  ( -11880.00000000000182, 1077.499998843224375, -517.7941176470588971 ) ) ;
#4503 = LINE ( 'NONE', #6807, #220 ) ;
#4504 = DIRECTION ( 'NONE',  ( 0.000000000000000000, -0.000000000000000000, 1.000000000000000000 ) ) ;
#4505 = EDGE_CURVE ( 'NONE', #5268, #9735, #4725, .T. ) ;
#4506 = PLANE ( 'NONE',  #8929 ) ;
#4507 = ORIENTED_EDGE ( 'NONE', *, *, #1139, .F. ) ;
#4508 = CARTESIAN_POINT ( 'NONE',  ( -10127.54555139957301, -922.5146718258766896, -960.0000000000002274 ) ) ;
#4509 = CARTESIAN_POINT ( 'NONE',  ( -14299.99999999999818, 814.9999999999972715, -306.2059048389985492 ) ) ;
#4510 = AXIS2_PLACEMENT_3D ( 'NONE', #6694, #3481, #1936 ) ;
#4511 = CARTESIAN_POINT ( 'NONE',  ( -2350.000000000000455, 389.6561633456299774, 0.000000000000000000 ) ) ;
#4512 = ORIENTED_EDGE ( 'NONE', *, *, #7428, .T. ) ;
#4513 = PRODUCT ( 'WagonPlane_40ft_MoreDetailed', 'WagonPlane_40ft_MoreDetailed', '', ( #2678 ) ) ;
#4514 = DIRECTION ( 'NONE',  ( 1.000000000000000000, 0.000000000000000000, 0.000000000000000000 ) ) ;
#4515 = CARTESIAN_POINT ( 'NONE',  ( -12750.00000000000000, -899.9999999999986358, -350.9999999999989768 ) ) ;
#4516 = CARTESIAN_POINT ( 'NONE',  ( -2450.000000000000455, -389.6561633456277036, -3423.488475815656784 ) ) ;
#4517 = AXIS2_PLACEMENT_3D ( 'NONE', #8188, #620, #6773 ) ;
#4518 = VERTEX_POINT ( 'NONE', #9753 ) ;
#4519 = VERTEX_POINT ( 'NONE', #8893 ) ;
#4520 = EDGE_CURVE ( 'NONE', #986, #2935, #5030, .T. ) ;
#4521 = CIRCLE ( 'NONE', #198, 79.99999999999995737 ) ;
#4522 = FACE_OUTER_BOUND ( 'NONE', #2276, .T. ) ;
#4523 = CARTESIAN_POINT ( 'NONE',  ( -8598.683472959091887, 1189.999999999998408, -6660.000000000000000 ) ) ;
#4524 = DIRECTION ( 'NONE',  ( -0.9281522335464009732, -0.3722007944145567238, -0.000000000000000000 ) ) ;
#4525 = CARTESIAN_POINT ( 'NONE',  ( -12100.00000000000182, -814.9999999999974989, -459.9999999999983515 ) ) ;
#4526 = ORIENTED_EDGE ( 'NONE', *, *, #2220, .T. ) ;
#4527 = EDGE_CURVE ( 'NONE', #7092, #7286, #615, .T. ) ;
#4528 = AXIS2_PLACEMENT_3D ( 'NONE', #3901, #8528, #5509 ) ;
#4529 = DIRECTION ( 'NONE',  ( 0.000000000000000000, -0.9854601157443478865, -0.1699069165076472210 ) ) ;
#4530 = EDGE_CURVE ( 'NONE', #8695, #750, #582, .T. ) ;
#4531 = LINE ( 'NONE', #2092, #5875 ) ;
#4532 = SURFACE_STYLE_FILL_AREA ( #823 ) ;
#4533 = ORIENTED_EDGE ( 'NONE', *, *, #7146, .F. ) ;
#4534 = EDGE_LOOP ( 'NONE', ( #4162, #6488, #7299, #833 ) ) ;
#4535 = DIRECTION ( 'NONE',  ( 1.232595164407830672E-32, 2.775557561563032360E-16, -1.000000000000000000 ) ) ;
#4536 = DIRECTION ( 'NONE',  ( -0.000000000000000000, 0.000000000000000000, -1.000000000000000000 ) ) ;
#4537 = LINE ( 'NONE', #6751, #3491 ) ;
#4538 = DIRECTION ( 'NONE',  ( 0.000000000000000000, -1.000000000000000000, 0.000000000000000000 ) ) ;
#4539 = PLANE ( 'NONE',  #6487 ) ;
#4540 = ORIENTED_EDGE ( 'NONE', *, *, #3120, .T. ) ;
#4541 = ORIENTED_EDGE ( 'NONE', *, *, #6381, .F. ) ;
#4542 = EDGE_CURVE ( 'NONE', #3642, #6285, #7302, .T. ) ;
#4543 = ORIENTED_EDGE ( 'NONE', *, *, #2231, .F. ) ;
#4544 = EDGE_CURVE ( 'NONE', #4890, #9601, #9543, .T. ) ;
#4545 = VECTOR ( 'NONE', #4245, 1000.000000000000000 ) ;
#4546 = CARTESIAN_POINT ( 'NONE',  ( -14175.00000000000000, -875.0000000000000000, -1060.000000000000000 ) ) ;
#4547 = DIRECTION ( 'NONE',  ( -1.000000000000000000, 0.000000000000000000, 0.000000000000000000 ) ) ;
#4548 = CARTESIAN_POINT ( 'NONE',  ( -14795.00000000000000, -875.0000000000000000, -1210.000000000000000 ) ) ;
#4549 = DIRECTION ( 'NONE',  ( 0.9848077530122090195, 0.000000000000000000, -0.1736481776669255017 ) ) ;
#4550 = ORIENTED_EDGE ( 'NONE', *, *, #2448, .F. ) ;
#4551 = CARTESIAN_POINT ( 'NONE',  ( -13000.00000000000000, 1077.499998843224375, -860.0000000000226237 ) ) ;
#4552 = CIRCLE ( 'NONE', #8878, 277.7941176470602045 ) ;
#4553 = DIRECTION ( 'NONE',  ( 0.000000000000000000, 0.000000000000000000, -1.000000000000000000 ) ) ;
#4554 = ORIENTED_EDGE ( 'NONE', *, *, #9176, .T. ) ;
#4555 = ADVANCED_FACE ( 'NONE', ( #5942 ), #3429, .F. ) ;
#4556 = DIRECTION ( 'NONE',  ( 1.232595164407830672E-32, 2.775557561563032360E-16, -1.000000000000000000 ) ) ;
#4557 = ORIENTED_EDGE ( 'NONE', *, *, #9708, .F. ) ;
#4558 = DIRECTION ( 'NONE',  ( -1.000000000000000000, 0.000000000000000000, 0.000000000000000000 ) ) ;
#4559 = VECTOR ( 'NONE', #3217, 1000.000000000000000 ) ;
#4560 = DIRECTION ( 'NONE',  ( 1.483886295880788311E-16, -1.000000000000000000, 0.000000000000000000 ) ) ;
#4561 = AXIS2_PLACEMENT_3D ( 'NONE', #2544, #7799, #6398 ) ;
#4562 = DIRECTION ( 'NONE',  ( 1.000000000000000000, 0.000000000000000000, 0.000000000000000000 ) ) ;
#4563 = VECTOR ( 'NONE', #5099, 1000.000000000000000 ) ;
#4564 = EDGE_LOOP ( 'NONE', ( #6480, #984 ) ) ;
#4565 = AXIS2_PLACEMENT_3D ( 'NONE', #8884, #8145, #6686 ) ;
#4566 = EDGE_CURVE ( 'NONE', #8254, #1223, #8443, .T. ) ;
#4567 = VECTOR ( 'NONE', #4052, 1000.000000000000000 ) ;
#4568 = ORIENTED_EDGE ( 'NONE', *, *, #2663, .T. ) ;
#4569 = EDGE_LOOP ( 'NONE', ( #4353, #3205, #1190, #7166, #6632 ) ) ;
#4570 = CARTESIAN_POINT ( 'NONE',  ( -12225.00000000000182, 989.9999999999984084, -3423.488475815656784 ) ) ;
#4571 = DIRECTION ( 'NONE',  ( -0.000000000000000000, 1.000000000000000000, -0.000000000000000000 ) ) ;
#4572 = DIRECTION ( 'NONE',  ( 6.162975822039157467E-33, -1.000000000000000000, -2.775557561563032360E-16 ) ) ;
#4573 = CARTESIAN_POINT ( 'NONE',  ( -13755.00000000007094, -454.0705533836912196, -860.0000000000230784 ) ) ;
#4574 = ORIENTED_EDGE ( 'NONE', *, *, #4277, .T. ) ;
#4575 = EDGE_CURVE ( 'NONE', #3539, #5312, #1886, .T. ) ;
#4576 = CYLINDRICAL_SURFACE ( 'NONE', #913, 460.0000000000000568 ) ;
#4577 = ORIENTED_EDGE ( 'NONE', *, *, #4472, .F. ) ;
#4578 = CARTESIAN_POINT ( 'NONE',  ( -12100.00000000000182, -190.0000000000007958, -459.9999999999982379 ) ) ;
#4579 = DIRECTION ( 'NONE',  ( 0.000000000000000000, 0.000000000000000000, 1.000000000000000000 ) ) ;
#4580 = ORIENTED_EDGE ( 'NONE', *, *, #2720, .F. ) ;
#4581 = CIRCLE ( 'NONE', #6178, 250.0000000000000000 ) ;
#4582 = VERTEX_POINT ( 'NONE', #5733 ) ;
#4583 = ADVANCED_FACE ( 'NONE', ( #1287 ), #8843, .T. ) ;
#4584 = CARTESIAN_POINT ( 'NONE',  ( -5190.624999999995453, -989.9999999999990905, -1135.000000000000227 ) ) ;
#4585 = DIRECTION ( 'NONE',  ( 0.000000000000000000, -0.000000000000000000, -1.000000000000000000 ) ) ;
#4586 = CARTESIAN_POINT ( 'NONE',  ( -13856.59988046646504, -1077.499998843224375, -757.0854464784604261 ) ) ;
#4587 = CARTESIAN_POINT ( 'NONE',  ( -12143.40011953353496, -1077.499998843224375, -757.0854464784604261 ) ) ;
#4588 = VECTOR ( 'NONE', #1765, 1000.000000000000000 ) ;
#4589 = FACE_OUTER_BOUND ( 'NONE', #281, .T. ) ;
#4590 = ORIENTED_EDGE ( 'NONE', *, *, #8563, .F. ) ;
#4591 = ORIENTED_EDGE ( 'NONE', *, *, #5654, .T. ) ;
#4592 = VECTOR ( 'NONE', #4489, 1000.000000000000114 ) ;
#4593 = DIRECTION ( 'NONE',  ( 0.000000000000000000, 0.000000000000000000, 1.000000000000000000 ) ) ;
#4594 = DIRECTION ( 'NONE',  ( 0.000000000000000000, -0.000000000000000000, -1.000000000000000000 ) ) ;
#4595 = DIRECTION ( 'NONE',  ( 6.162975822039347682E-33, -1.000000000000000000, -1.565883710993464680E-14 ) ) ;
#4596 = DIRECTION ( 'NONE',  ( -6.162975822039157467E-33, 1.000000000000000000, 3.301729611148415602E-16 ) ) ;
#4597 = CIRCLE ( 'NONE', #280, 5900.000000000000000 ) ;
#4598 = EDGE_CURVE ( 'NONE', #6146, #6732, #2834, .T. ) ;
#4599 = ORIENTED_EDGE ( 'NONE', *, *, #3121, .T. ) ;
#4600 = ORIENTED_EDGE ( 'NONE', *, *, #4071, .T. ) ;
#4601 = EDGE_CURVE ( 'NONE', #6474, #6997, #1384, .T. ) ;
#4602 = ORIENTED_EDGE ( 'NONE', *, *, #2860, .F. ) ;
#4603 = CARTESIAN_POINT ( 'NONE',  ( -12475.00000000000182, 739.9999999999984084, -3423.488475815656784 ) ) ;
#4604 = DIRECTION ( 'NONE',  ( 1.232595164407830672E-32, 2.775557561563032360E-16, -1.000000000000000000 ) ) ;
#4605 = EDGE_LOOP ( 'NONE', ( #125, #4180, #2463, #2590 ) ) ;
#4606 = AXIS2_PLACEMENT_3D ( 'NONE', #4250, #5746, #8808 ) ;
#4607 = AXIS2_PLACEMENT_3D ( 'NONE', #4299, #2046, #2843 ) ;
#4608 = ORIENTED_EDGE ( 'NONE', *, *, #7237, .T. ) ;
#4609 = CYLINDRICAL_SURFACE ( 'NONE', #5920, 250.0000000000000000 ) ;
#4610 = APPLICATION_CONTEXT ( 'automotive_design' ) ;
#4611 = LINE ( 'NONE', #7678, #8610 ) ;
#4612 = CARTESIAN_POINT ( 'NONE',  ( -1950.000000000000682, 1189.999999999998408, -960.0000000000002274 ) ) ;
#4613 = ADVANCED_FACE ( 'NONE', ( #8152 ), #1986, .T. ) ;
#4614 = LINE ( 'NONE', #808, #2222 ) ;
#4615 = AXIS2_PLACEMENT_3D ( 'NONE', #1921, #4821, #413 ) ;
#4616 = ORIENTED_EDGE ( 'NONE', *, *, #812, .F. ) ;
#4617 = ORIENTED_EDGE ( 'NONE', *, *, #7360, .F. ) ;
#4618 = VECTOR ( 'NONE', #4705, 1000.000000000000000 ) ;
#4619 = ORIENTED_EDGE ( 'NONE', *, *, #1360, .F. ) ;
#4620 = PLANE ( 'NONE',  #8292 ) ;
#4621 = AXIS2_PLACEMENT_3D ( 'NONE', #3240, #242, #7113 ) ;
#4622 = DIRECTION ( 'NONE',  ( -0.000000000000000000, 0.000000000000000000, 1.000000000000000000 ) ) ;
#4623 = VECTOR ( 'NONE', #1318, 1000.000000000000000 ) ;
#4624 = DIRECTION ( 'NONE',  ( 0.000000000000000000, 0.000000000000000000, -1.000000000000000000 ) ) ;
#4625 = CARTESIAN_POINT ( 'NONE',  ( -10308.04291515398472, 989.9999999999977263, -868.8465180732563340 ) ) ;
#4626 = ORIENTED_EDGE ( 'NONE', *, *, #439, .F. ) ;
#4627 = EDGE_CURVE ( 'NONE', #6438, #6267, #4983, .T. ) ;
#4628 = CIRCLE ( 'NONE', #3024, 250.0000000000000000 ) ;
#4629 = FACE_OUTER_BOUND ( 'NONE', #7682, .T. ) ;
#4630 = DIRECTION ( 'NONE',  ( 1.000000000000000000, 0.000000000000000000, 0.000000000000000000 ) ) ;
#4631 = PRODUCT_DEFINITION ( 'NON CONOSCIUTO', '', #3295, #8333 ) ;
#4632 = DIRECTION ( 'NONE',  ( 0.000000000000000000, 0.000000000000000000, 1.000000000000000000 ) ) ;
#4633 = EDGE_LOOP ( 'NONE', ( #6126, #5722, #4252, #4494 ) ) ;
#4634 = ORIENTED_EDGE ( 'NONE', *, *, #6756, .F. ) ;
#4635 = CARTESIAN_POINT ( 'NONE',  ( -13966.15723917056312, 1054.999999999996589, -504.9802145985159427 ) ) ;
#4636 = DIRECTION ( 'NONE',  ( -0.000000000000000000, 1.000000000000000000, -0.000000000000000000 ) ) ;
#4637 = LINE ( 'NONE', #4446, #2538 ) ;
#4638 = DIRECTION ( 'NONE',  ( -1.000000000000000000, -6.162975822039151993E-33, -1.232595164407830946E-32 ) ) ;
#4639 = DIRECTION ( 'NONE',  ( -1.000000000000000000, -6.162975822039154046E-33, -1.232595164407830946E-32 ) ) ;
#4640 = ORIENTED_EDGE ( 'NONE', *, *, #2710, .F. ) ;
#4641 = ORIENTED_EDGE ( 'NONE', *, *, #2709, .T. ) ;
#4642 = ORIENTED_EDGE ( 'NONE', *, *, #2797, .F. ) ;
#4643 = EDGE_CURVE ( 'NONE', #8335, #8760, #7496, .T. ) ;
#4644 = VECTOR ( 'NONE', #1746, 1000.000000000000000 ) ;
#4645 = CARTESIAN_POINT ( 'NONE',  ( -11501.88379915643600, 731.6596157893137615, -632.5646946938452402 ) ) ;
#4646 = DIRECTION ( 'NONE',  ( -1.000000000000000000, 0.000000000000000000, 0.000000000000000000 ) ) ;
#4647 = CARTESIAN_POINT ( 'NONE',  ( -14500.00000000002001, 725.0021062409357455, -757.0854464784598576 ) ) ;
#4648 = CARTESIAN_POINT ( 'NONE',  ( -13899.99999999999818, -679.9999999999976126, -919.9999999999984084 ) ) ;
#4649 = EDGE_LOOP ( 'NONE', ( #297, #1543, #7149, #1188 ) ) ;
#4650 = ORIENTED_EDGE ( 'NONE', *, *, #3839, .F. ) ;
#4651 = DIRECTION ( 'NONE',  ( -0.000000000000000000, 0.000000000000000000, 1.000000000000000000 ) ) ;
#4652 = PLANE ( 'NONE',  #3341 ) ;
#4653 = VECTOR ( 'NONE', #4571, 1000.000000000000000 ) ;
#4654 = VERTEX_POINT ( 'NONE', #484 ) ;
#4655 = EDGE_CURVE ( 'NONE', #2355, #2591, #3536, .T. ) ;
#4656 = ORIENTED_EDGE ( 'NONE', *, *, #6733, .F. ) ;
#4657 = CARTESIAN_POINT ( 'NONE',  ( -4181.529920558541562, -653.0577941862264879, -960.0000000000000000 ) ) ;
#4658 = CARTESIAN_POINT ( 'NONE',  ( -13000.00000000000000, 4.163336342343557632E-15, -825.0000000000000000 ) ) ;
#4659 = DIRECTION ( 'NONE',  ( 6.162975822039157467E-33, -1.000000000000000000, -2.775557561563032360E-16 ) ) ;
#4660 = DIRECTION ( 'NONE',  ( 0.000000000000000000, 0.000000000000000000, 1.000000000000000000 ) ) ;
#4661 = DIRECTION ( 'NONE',  ( 0.9848077530122093526, 0.000000000000000000, 0.1736481776669226429 ) ) ;
#4662 = ORIENTED_EDGE ( 'NONE', *, *, #7084, .T. ) ;
#4663 = ORIENTED_EDGE ( 'NONE', *, *, #5326, .T. ) ;
#4664 = EDGE_LOOP ( 'NONE', ( #9655, #968, #2344, #3215, #4580, #9169, #6790, #1768, #7900, #9375, #4389, #7111, #3038, #7459, #9, #3370, #1101, #1517, #8424, #5441, #3337, #3854, #2471, #6385 ) ) ;
#4665 = EDGE_CURVE ( 'NONE', #2039, #4482, #2782, .T. ) ;
#4666 = CARTESIAN_POINT ( 'NONE',  ( -14494.37518636517598, -747.0986934586336474, -637.0854464784592892 ) ) ;
#4667 = EDGE_CURVE ( 'NONE', #2479, #6991, #530, .T. ) ;
#4668 = PLANE ( 'NONE',  #5282 ) ;
#4669 = CYLINDRICAL_SURFACE ( 'NONE', #6328, 250.0000000000000000 ) ;
#4670 = CARTESIAN_POINT ( 'NONE',  ( -12750.00000000000000, 899.9999999999986358, -350.9999999999985221 ) ) ;
#4671 = ORIENTED_EDGE ( 'NONE', *, *, #9183, .T. ) ;
#4672 = FACE_OUTER_BOUND ( 'NONE', #2492, .T. ) ;
#4673 = EDGE_CURVE ( 'NONE', #5432, #6715, #8765, .T. ) ;
#4674 = DIRECTION ( 'NONE',  ( 6.162975822039157467E-33, -1.000000000000000000, -2.775557561563032360E-16 ) ) ;
#4675 = DIRECTION ( 'NONE',  ( 0.000000000000000000, 1.000000000000000000, 0.000000000000000000 ) ) ;
#4676 = ORIENTED_EDGE ( 'NONE', *, *, #3433, .T. ) ;
#4677 = ORIENTED_EDGE ( 'NONE', *, *, #5830, .T. ) ;
#4678 = CARTESIAN_POINT ( 'NONE',  ( -446.4101615137745398, -341.8139511719356847, -1135.000000000000227 ) ) ;
#4679 = CARTESIAN_POINT ( 'NONE',  ( -13578.58983848622483, -739.9999999999984084, -3423.488475815656784 ) ) ;
#4680 = AXIS2_PLACEMENT_3D ( 'NONE', #2236, #4362, #68 ) ;
#4681 = CYLINDRICAL_SURFACE ( 'NONE', #6765, 250.0000000000000000 ) ;
#4682 = DIRECTION ( 'NONE',  ( -1.000000000000000000, 0.000000000000000000, -0.000000000000000000 ) ) ;
#4683 = DIRECTION ( 'NONE',  ( -0.000000000000000000, 0.000000000000000000, 1.000000000000000000 ) ) ;
#4684 = EDGE_LOOP ( 'NONE', ( #7510, #5948, #3987, #9837 ) ) ;
#4685 = ORIENTED_EDGE ( 'NONE', *, *, #5198, .T. ) ;
#4686 = EDGE_LOOP ( 'NONE', ( #3728, #2403 ) ) ;
#4687 = ORIENTED_EDGE ( 'NONE', *, *, #361, .T. ) ;
#4688 = DIRECTION ( 'NONE',  ( 1.232595164407830672E-32, 2.775557561563032360E-16, -1.000000000000000000 ) ) ;
#4689 = FACE_OUTER_BOUND ( 'NONE', #2877, .T. ) ;
#4690 = CARTESIAN_POINT ( 'NONE',  ( -9623.207721193939506, 1089.999999999998181, -849.6342572279646674 ) ) ;
#4691 = LINE ( 'NONE', #2398, #5250 ) ;
#4692 = VERTEX_POINT ( 'NONE', #6080 ) ;
#4693 = ORIENTED_EDGE ( 'NONE', *, *, #3822, .F. ) ;
#4694 = EDGE_CURVE ( 'NONE', #5515, #7596, #2379, .T. ) ;
#4695 = ORIENTED_EDGE ( 'NONE', *, *, #4046, .T. ) ;
#4696 = CARTESIAN_POINT ( 'NONE',  ( -11411.43189860506209, -747.0986934586336474, -637.0854464784592892 ) ) ;
#4697 = CARTESIAN_POINT ( 'NONE',  ( -14338.65743636097613, 896.2284449665696684, -757.0854464784598576 ) ) ;
#4698 = ORIENTED_EDGE ( 'NONE', *, *, #936, .F. ) ;
#4699 = ORIENTED_EDGE ( 'NONE', *, *, #7119, .T. ) ;
#4700 = ADVANCED_FACE ( 'NONE', ( #2323 ), #9086, .T. ) ;
#4701 = DIRECTION ( 'NONE',  ( -0.000000000000000000, 1.000000000000000000, -0.000000000000000000 ) ) ;
#4702 = DIRECTION ( 'NONE',  ( 0.000000000000000000, -1.000000000000000000, 0.000000000000000000 ) ) ;
#4703 = DIRECTION ( 'NONE',  ( 6.265808957320107111E-17, -1.000000000000000000, 0.000000000000000000 ) ) ;
#4704 = EDGE_CURVE ( 'NONE', #4998, #2837, #5372, .T. ) ;
#4705 = DIRECTION ( 'NONE',  ( 1.232595164407830672E-32, 2.775557561563032360E-16, -1.000000000000000000 ) ) ;
#4706 = EDGE_CURVE ( 'NONE', #9020, #8799, #4450, .T. ) ;
#4707 = CARTESIAN_POINT ( 'NONE',  ( -5440.624999999995453, 989.9999999999984084, -960.0000000000002274 ) ) ;
#4708 = EDGE_LOOP ( 'NONE', ( #1035, #8962, #6293, #9793 ) ) ;
#4709 = ORIENTED_EDGE ( 'NONE', *, *, #8611, .T. ) ;
#4710 = ORIENTED_EDGE ( 'NONE', *, *, #7839, .T. ) ;
#4711 = VECTOR ( 'NONE', #8968, 1000.000000000000000 ) ;
#4712 = AXIS2_PLACEMENT_3D ( 'NONE', #6334, #2477, #1674 ) ;
#4713 = FACE_OUTER_BOUND ( 'NONE', #4344, .T. ) ;
#4714 = EDGE_CURVE ( 'NONE', #5821, #589, #8294, .T. ) ;
#4715 = AXIS2_PLACEMENT_3D ( 'NONE', #5851, #5100, #8169 ) ;
#4716 = LINE ( 'NONE', #7782, #4336 ) ;
#4717 = CARTESIAN_POINT ( 'NONE',  ( -14119.99999999999818, -1970.627566330085756, -517.7941176470596929 ) ) ;
#4718 = FACE_OUTER_BOUND ( 'NONE', #6584, .T. ) ;
#4719 = ORIENTED_EDGE ( 'NONE', *, *, #6692, .F. ) ;
#4720 = VECTOR ( 'NONE', #2750, 1000.000000000000000 ) ;
#4721 = ADVANCED_FACE ( 'NONE', ( #5277 ), #819, .F. ) ;
#4722 = CIRCLE ( 'NONE', #6008, 460.0000000000001137 ) ;
#4723 = EDGE_CURVE ( 'NONE', #788, #7397, #16, .T. ) ;
#4724 = VECTOR ( 'NONE', #9712, 1000.000000000000000 ) ;
#4725 = CIRCLE ( 'NONE', #3151, 5900.000000000000000 ) ;
#4726 = CARTESIAN_POINT ( 'NONE',  ( -13856.59988046646504, -899.9999999999986358, -637.0854464784594029 ) ) ;
#4727 = LINE ( 'NONE', #217, #2478 ) ;
#4728 =( LENGTH_UNIT ( ) NAMED_UNIT ( * ) SI_UNIT ( .MILLI., .METRE. ) );
#4729 = VERTEX_POINT ( 'NONE', #4485 ) ;
#4730 = ORIENTED_EDGE ( 'NONE', *, *, #2356, .T. ) ;
#4731 = FACE_OUTER_BOUND ( 'NONE', #5458, .T. ) ;
#4732 = EDGE_CURVE ( 'NONE', #7189, #1794, #8439, .T. ) ;
#4733 = DIRECTION ( 'NONE',  ( 0.000000000000000000, -2.413528314402513597E-16, 1.000000000000000000 ) ) ;
#4734 = DIRECTION ( 'NONE',  ( 0.000000000000000000, -0.000000000000000000, -1.000000000000000000 ) ) ;
#4735 = CARTESIAN_POINT ( 'NONE',  ( -9993.470079441460257, 653.0577941862250100, -1135.000000000000227 ) ) ;
#4736 = ORIENTED_EDGE ( 'NONE', *, *, #5987, .F. ) ;
#4737 = ORIENTED_EDGE ( 'NONE', *, *, #4167, .T. ) ;
#4738 = ORIENTED_EDGE ( 'NONE', *, *, #4094, .T. ) ;
#4739 = VERTEX_POINT ( 'NONE', #3826 ) ;
#4740 = DIRECTION ( 'NONE',  ( -1.232595164407830672E-32, -2.775557561563032360E-16, 1.000000000000000000 ) ) ;
#4741 = VECTOR ( 'NONE', #884, 1000.000000000000000 ) ;
#4742 = DIRECTION ( 'NONE',  ( 0.000000000000000000, 0.000000000000000000, 1.000000000000000000 ) ) ;
#4743 = LINE ( 'NONE', #7058, #6949 ) ;
#4744 = LINE ( 'NONE', #940, #9817 ) ;
#4745 = CARTESIAN_POINT ( 'NONE',  ( -4218.749999999997272, -560.2425708315863631, -1135.000000000000227 ) ) ;
#4746 = ORIENTED_EDGE ( 'NONE', *, *, #5400, .F. ) ;
#4747 = ADVANCED_FACE ( 'NONE', ( #4629 ), #1474, .T. ) ;
#4748 = CARTESIAN_POINT ( 'NONE',  ( -1700.000000000000682, -989.9999999999984084, -960.0000000000000000 ) ) ;
#4749 = VERTEX_POINT ( 'NONE', #3776 ) ;
#4750 = CARTESIAN_POINT ( 'NONE',  ( -5576.316527040906294, 1189.999999999998408, -6660.000000000000000 ) ) ;
#4751 = PLANE ( 'NONE',  #9694 ) ;
#4752 = AXIS2_PLACEMENT_3D ( 'NONE', #6034, #5279, #2891 ) ;
#4753 = ORIENTED_EDGE ( 'NONE', *, *, #7430, .T. ) ;
#4754 = ORIENTED_EDGE ( 'NONE', *, *, #1587, .F. ) ;
#4755 = DIRECTION ( 'NONE',  ( 1.000000000000000000, 0.000000000000000000, -0.000000000000000000 ) ) ;
#4756 = VECTOR ( 'NONE', #6829, 1000.000000000000000 ) ;
#4757 = LINE ( 'NONE', #6109, #4290 ) ;
#4758 = FACE_OUTER_BOUND ( 'NONE', #1933, .T. ) ;
#4759 = LINE ( 'NONE', #3900, #3668 ) ;
#4760 = DIRECTION ( 'NONE',  ( 1.000000000000000000, 0.000000000000000000, 0.000000000000000000 ) ) ;
#4761 = ORIENTED_EDGE ( 'NONE', *, *, #5299, .F. ) ;
#4762 = CIRCLE ( 'NONE', #9409, 277.7941176470602045 ) ;
#4763 = AXIS2_PLACEMENT_3D ( 'NONE', #9323, #1918, #7928 ) ;
#4764 = ORIENTED_EDGE ( 'NONE', *, *, #9132, .T. ) ;
#4765 = DIRECTION ( 'NONE',  ( 1.000000000000000000, 0.000000000000000000, 0.000000000000000000 ) ) ;
#4766 = CARTESIAN_POINT ( 'NONE',  ( -14500.00000000002001, 190.0000000000006821, -504.9802145985036077 ) ) ;
#4767 = ADVANCED_FACE ( 'NONE', ( #7638 ), #3025, .T. ) ;
#4768 = CARTESIAN_POINT ( 'NONE',  ( -5576.316527040902656, 1189.999999999998408, -760.0000000000010232 ) ) ;
#4769 = VECTOR ( 'NONE', #5993, 1000.000000000000000 ) ;
#4770 = LINE ( 'NONE', #7082, #5577 ) ;
#4771 = VECTOR ( 'NONE', #5343, 1000.000000000000114 ) ;
#4772 = ORIENTED_EDGE ( 'NONE', *, *, #2805, .T. ) ;
#4773 = EDGE_CURVE ( 'NONE', #9112, #5689, #8492, .T. ) ;
#4774 = ORIENTED_EDGE ( 'NONE', *, *, #2945, .F. ) ;
#4775 = VECTOR ( 'NONE', #3460, 1000.000000000000000 ) ;
#4776 = ORIENTED_EDGE ( 'NONE', *, *, #5943, .F. ) ;
#4777 = VECTOR ( 'NONE', #5521, 1000.000000000000000 ) ;
#4778 = CARTESIAN_POINT ( 'NONE',  ( -13250.00000000000000, -1077.499998843224375, -589.9999999999971578 ) ) ;
#4779 = EDGE_CURVE ( 'NONE', #943, #1993, #3117, .T. ) ;
#4780 = PLANE ( 'NONE',  #7606 ) ;
#4781 = EDGE_CURVE ( 'NONE', #7256, #1471, #9889, .T. ) ;
#4782 = CIRCLE ( 'NONE', #1589, 99.99999999999964473 ) ;
#4783 = ORIENTED_EDGE ( 'NONE', *, *, #9373, .T. ) ;
#4784 = ORIENTED_EDGE ( 'NONE', *, *, #2147, .F. ) ;
#4785 = CYLINDRICAL_SURFACE ( 'NONE', #7666, 79.99999999999995737 ) ;
#4786 = DIRECTION ( 'NONE',  ( -0.1736481776669329680, 2.733390605558932128E-16, -0.9848077530122076872 ) ) ;
#4787 = DIRECTION ( 'NONE',  ( -1.000000000000000000, 0.000000000000000000, -0.000000000000000000 ) ) ;
#4788 = ORIENTED_EDGE ( 'NONE', *, *, #6179, .T. ) ;
#4789 = LINE ( 'NONE', #4085, #7771 ) ;
#4790 = ORIENTED_EDGE ( 'NONE', *, *, #3362, .F. ) ;
#4791 = ORIENTED_EDGE ( 'NONE', *, *, #4188, .F. ) ;
#4792 = ORIENTED_EDGE ( 'NONE', *, *, #5211, .F. ) ;
#4793 = CARTESIAN_POINT ( 'NONE',  ( -10140.57257920408301, -955.0000000000003411, -960.0000000000000000 ) ) ;
#4794 = EDGE_CURVE ( 'NONE', #7495, #7478, #3068, .T. ) ;
#4795 = EDGE_CURVE ( 'NONE', #9330, #9562, #9227, .T. ) ;
#4796 = CARTESIAN_POINT ( 'NONE',  ( -13680.00000000000000, -814.9999999999974989, -517.7941176470593518 ) ) ;
#4797 = CARTESIAN_POINT ( 'NONE',  ( -8598.683472959093706, -1189.999999999998181, -759.9999999999997726 ) ) ;
#4798 = CARTESIAN_POINT ( 'NONE',  ( -8598.683472959090068, 1189.999999999998408, -660.0000000000002274 ) ) ;
#4799 = FACE_OUTER_BOUND ( 'NONE', #1875, .T. ) ;
#4800 = AXIS2_PLACEMENT_3D ( 'NONE', #9312, #5407, #43 ) ;
#4801 = ORIENTED_EDGE ( 'NONE', *, *, #4481, .T. ) ;
#4802 = DIRECTION ( 'NONE',  ( -0.9281522335464011952, 0.3722007944145562797, -0.000000000000000000 ) ) ;
#4803 = ORIENTED_EDGE ( 'NONE', *, *, #28, .F. ) ;
#4804 = DIRECTION ( 'NONE',  ( 1.000000000000000000, 0.000000000000000000, 0.000000000000000000 ) ) ;
#4805 = FACE_OUTER_BOUND ( 'NONE', #226, .T. ) ;
#4806 = VERTEX_POINT ( 'NONE', #2230 ) ;
#4807 = CIRCLE ( 'NONE', #7849, 5900.000000000000000 ) ;
#4808 = ORIENTED_EDGE ( 'NONE', *, *, #9434, .F. ) ;
#4809 = ADVANCED_FACE ( 'NONE', ( #6172 ), #4576, .T. ) ;
#4810 = DIRECTION ( 'NONE',  ( -0.000000000000000000, 0.000000000000000000, 1.000000000000000000 ) ) ;
#4811 = CARTESIAN_POINT ( 'NONE',  ( -14500.00000000002001, 699.9999999999986358, -623.2943698956130447 ) ) ;
#4812 = CARTESIAN_POINT ( 'NONE',  ( -11499.99999999997999, 899.9999999999986358, -350.9999999999985221 ) ) ;
#4813 = VECTOR ( 'NONE', #5978, 1000.000000000000000 ) ;
#4814 = DIRECTION ( 'NONE',  ( -1.000000000000000000, -1.879742687196032133E-16, 1.930822651522010582E-16 ) ) ;
#4815 = CARTESIAN_POINT ( 'NONE',  ( -4215.741725297256380, 989.9999999999984084, -960.0000000000002274 ) ) ;
#4816 = ORIENTED_EDGE ( 'NONE', *, *, #6569, .F. ) ;
#4817 = ORIENTED_EDGE ( 'NONE', *, *, #8779, .F. ) ;
#4818 = ORIENTED_EDGE ( 'NONE', *, *, #1867, .F. ) ;
#4819 = DIRECTION ( 'NONE',  ( 0.000000000000000000, -0.000000000000000000, -1.000000000000000000 ) ) ;
#4820 = CARTESIAN_POINT ( 'NONE',  ( -346.4101615137744261, 341.8139511719356847, -1135.000000000000227 ) ) ;
#4821 = DIRECTION ( 'NONE',  ( -0.000000000000000000, 0.000000000000000000, 1.000000000000000000 ) ) ;
#4822 = ORIENTED_EDGE ( 'NONE', *, *, #4544, .F. ) ;
#4823 = ORIENTED_EDGE ( 'NONE', *, *, #2325, .F. ) ;
#4824 = ADVANCED_FACE ( 'NONE', ( #4672 ), #5476, .F. ) ;
#4825 = VECTOR ( 'NONE', #2886, 1000.000000000000000 ) ;
#4826 = VERTEX_POINT ( 'NONE', #866 ) ;
#4827 = DIRECTION ( 'NONE',  ( 1.000000000000000000, 0.000000000000000000, 0.000000000000000000 ) ) ;
#4828 = CARTESIAN_POINT ( 'NONE',  ( -5576.316527040906294, -1189.999999999999318, -6660.000000000000000 ) ) ;
#4829 = CARTESIAN_POINT ( 'NONE',  ( -14175.00000000000000, -1190.000000000001137, -960.0000000000002274 ) ) ;
#4830 = EDGE_CURVE ( 'NONE', #750, #1133, #7804, .T. ) ;
#4831 = SHAPE_REPRESENTATION_RELATIONSHIP ( 'NONE' , 'NONE' ,  #2866, #351 ) ;
#4832 = ORIENTED_EDGE ( 'NONE', *, *, #1254, .F. ) ;
#4833 = VERTEX_POINT ( 'NONE', #9277 ) ;
#4834 = DIRECTION ( 'NONE',  ( 1.000000000000000000, 6.265808957320107111E-17, 0.000000000000000000 ) ) ;
#4835 = CARTESIAN_POINT ( 'NONE',  ( -2600.000000000000455, -739.9999999999988631, 0.000000000000000000 ) ) ;
#4836 = DIRECTION ( 'NONE',  ( 0.000000000000000000, -1.000000000000000000, 0.000000000000000000 ) ) ;
#4837 = EDGE_CURVE ( 'NONE', #7467, #5720, #2425, .T. ) ;
#4838 = DIRECTION ( 'NONE',  ( 1.232595164407830672E-32, 2.775557561563032360E-16, -1.000000000000000000 ) ) ;
#4839 = AXIS2_PLACEMENT_3D ( 'NONE', #4473, #3719, #9826 ) ;
#4840 = ORIENTED_EDGE ( 'NONE', *, *, #6786, .T. ) ;
#4841 = ORIENTED_EDGE ( 'NONE', *, *, #8539, .F. ) ;
#4842 = VERTEX_POINT ( 'NONE', #3106 ) ;
#4843 = VERTEX_POINT ( 'NONE', #8533 ) ;
#4844 = DIRECTION ( 'NONE',  ( 0.000000000000000000, 0.000000000000000000, 1.000000000000000000 ) ) ;
#4845 =( BOUNDED_CURVE ( )  B_SPLINE_CURVE ( 3, ( #3233, #6352, #7108, #4895 ),
 .UNSPECIFIED., .F., .F. ) 
 B_SPLINE_CURVE_WITH_KNOTS ( ( 4, 4 ),
 ( 1.570796326794896558, 1.696134772426670656 ),
 .UNSPECIFIED. ) 
 CURVE ( )  GEOMETRIC_REPRESENTATION_ITEM ( )  RATIONAL_B_SPLINE_CURVE ( ( 1.000000000000000000, 0.9986912845788542548, 0.9986912845788542548, 1.000000000000000000 ) ) 
 REPRESENTATION_ITEM ( '' )  );
#4846 = DIRECTION ( 'NONE',  ( 0.000000000000000000, 0.000000000000000000, 1.000000000000000000 ) ) ;
#4847 = DIRECTION ( 'NONE',  ( 6.162975822039157467E-33, -1.000000000000000000, -2.775557561563032360E-16 ) ) ;
#4848 = CARTESIAN_POINT ( 'NONE',  ( -12500.00000000000182, 899.9999999999986358, -637.0854464784587208 ) ) ;
#4849 = FACE_OUTER_BOUND ( 'NONE', #3031, .T. ) ;
#4850 = ORIENTED_EDGE ( 'NONE', *, *, #9443, .T. ) ;
#4851 = DIRECTION ( 'NONE',  ( -1.000000000000000000, -6.162975822039151993E-33, -1.232595164407830946E-32 ) ) ;
#4852 = VERTEX_POINT ( 'NONE', #7031 ) ;
#4853 = FACE_OUTER_BOUND ( 'NONE', #8006, .T. ) ;
#4854 = ADVANCED_FACE ( 'NONE', ( #2316 ), #4620, .T. ) ;
#4855 = CARTESIAN_POINT ( 'NONE',  ( -3866.957084846028465, 1189.999999999998408, -868.8465180732548561 ) ) ;
#4856 = EDGE_CURVE ( 'NONE', #2749, #1443, #6166, .T. ) ;
#4857 = ORIENTED_EDGE ( 'NONE', *, *, #2314, .T. ) ;
#4858 = DIRECTION ( 'NONE',  ( 0.000000000000000000, 0.9854601157443478865, -0.1699069165076472210 ) ) ;
#4859 = CARTESIAN_POINT ( 'NONE',  ( -11499.99999999997999, 190.0000000000006821, -623.7872381793342811 ) ) ;
#4860 = FACE_OUTER_BOUND ( 'NONE', #2377, .T. ) ;
#4861 = CYLINDRICAL_SURFACE ( 'NONE', #3977, 250.0000000000000000 ) ;
#4862 = CARTESIAN_POINT ( 'NONE',  ( -13250.00000000000000, 1077.499998843224375, -637.0854464784587208 ) ) ;
#4863 = EDGE_CURVE ( 'NONE', #9636, #7819, #9174, .T. ) ;
#4864 = ORIENTED_EDGE ( 'NONE', *, *, #7676, .F. ) ;
#4865 = LINE ( 'NONE', #9476, #8119 ) ;
#4866 = CARTESIAN_POINT ( 'NONE',  ( -6240.624999999996362, 989.9999999999979536, -960.0000000000002274 ) ) ;
#4867 = FACE_BOUND ( 'NONE', #7936, .T. ) ;
#4868 = DIRECTION ( 'NONE',  ( -6.162975822039157467E-33, 1.000000000000000000, 2.775557561563032360E-16 ) ) ;
#4869 = EDGE_CURVE ( 'NONE', #9474, #8745, #6926, .T. ) ;
#4870 = VERTEX_POINT ( 'NONE', #1618 ) ;
#4871 = ORIENTED_EDGE ( 'NONE', *, *, #3405, .F. ) ;
#4872 = ORIENTED_EDGE ( 'NONE', *, *, #4306, .F. ) ;
#4873 = PLANE ( 'NONE',  #6539 ) ;
#4874 = LINE ( 'NONE', #2676, #2108 ) ;
#4875 = CARTESIAN_POINT ( 'NONE',  ( -12225.00000000000182, 989.9999999999984084, -1135.000000000000227 ) ) ;
#4876 = EDGE_CURVE ( 'NONE', #8876, #7116, #5365, .T. ) ;
#4877 = DIRECTION ( 'NONE',  ( 0.000000000000000000, 0.000000000000000000, 1.000000000000000000 ) ) ;
#4878 = EDGE_LOOP ( 'NONE', ( #7892, #4736 ) ) ;
#4879 = AXIS2_PLACEMENT_3D ( 'NONE', #2738, #2684, #9700 ) ;
#4880 = ORIENTED_EDGE ( 'NONE', *, *, #5322, .T. ) ;
#4881 = CLOSED_SHELL ( 'NONE', ( #7593, #9520, #4120, #9014, #7120, #9077, #2071, #1170, #8642, #9308, #9771, #8479, #3004, #490, #230, #5641, #2163, #7233, #163, #1077, #5598, #9757, #3462, #56, #6533, #6071, #8120, #3109, #1024, #6911, #7106, #4101, #6703, #6758, #4359, #8582, #9679, #8181, #4396, #4974, #6275, #9744, #6568, #4767, #4700, #1266, #8343, #2904, #5185, #8879, #6553, #3191, #1605, #6004, #4030, #4108, #5930, #4304, #6492, #4378, #9015, #2575, #6322, #6512, #2440, #3007, #9873, #3143, #7002, #6622, #7983, #9116, #6048, #6954, #514, #5764, #117, #8901, #1375, #1429, #9697, #8284, #864, #317, #9372, #344, #3133, #7391, #1808, #6110, #5255, #4407, #3991, #5019, #4415, #304, #5480, #8297, #3052, #9638, #7658, #1792, #4218, #2124, #4047, #8720, #3829, #2212, #1548, #504, #2043, #5528, #5505, #4222, #3521, #2911, #691, #9615, #6643, #6092, #2274, #1104, #6689, #1966, #3570, #1929, #3621, #7540, #9758, #7694, #9496, #1473, #7485, #8750, #9495, #4427, #66, #3882, #2218, #5402, #5026, #1430, #2402, #1716, #6124, #1577, #1405, #6941, #3753, #1516, #6174, #1522, #2424, #7379, #4583, #4854, #154, #3368, #171, #6374, #7809, #1905, #2193, #3922, #9383, #3162, #9290, #9121, #7398, #6611, #7248, #9333, #115, #6130, #728, #1750, #473, #105, #3412, #3193, #8400, #9627, #3218, #8168, #3247, #5690, #4177, #9885 ) ) ;
#4882 = CARTESIAN_POINT ( 'NONE',  ( -9959.258274702744529, 989.9999999999984084, -960.0000000000002274 ) ) ;
#4883 = CARTESIAN_POINT ( 'NONE',  ( -8984.375000000005457, -989.9999999999990905, -1135.000000000000227 ) ) ;
#4884 = DIRECTION ( 'NONE',  ( 0.000000000000000000, -0.000000000000000000, -1.000000000000000000 ) ) ;
#4885 = DIRECTION ( 'NONE',  ( -1.000000000000000000, -6.162975822039151993E-33, -1.232595164407830946E-32 ) ) ;
#4886 = AXIS2_PLACEMENT_3D ( 'NONE', #5550, #391, #1899 ) ;
#4887 = ORIENTED_EDGE ( 'NONE', *, *, #6355, .T. ) ;
#4888 = ORIENTED_EDGE ( 'NONE', *, *, #9183, .F. ) ;
#4889 = ORIENTED_EDGE ( 'NONE', *, *, #5015, .T. ) ;
#4890 = VERTEX_POINT ( 'NONE', #7584 ) ;
#4891 = CARTESIAN_POINT ( 'NONE',  ( -13856.59988046646504, 1077.499998843224375, -757.0854464784597440 ) ) ;
#4892 = DIRECTION ( 'NONE',  ( 1.000000000000000000, 6.162975822039151993E-33, 1.232595164407830946E-32 ) ) ;
#4893 = EDGE_CURVE ( 'NONE', #3979, #5565, #8430, .T. ) ;
#4894 = DIRECTION ( 'NONE',  ( -6.162975822039157467E-33, 1.000000000000000000, 2.775557561563032360E-16 ) ) ;
#4895 = CARTESIAN_POINT ( 'NONE',  ( -14498.43108295709135, -725.0021062409357455, -757.0854464784603124 ) ) ;
#4896 = CARTESIAN_POINT ( 'NONE',  ( -12225.00000000000182, -200.0000000000000000, -825.0000000000001137 ) ) ;
#4897 = VERTEX_POINT ( 'NONE', #5315 ) ;
#4898 = LINE ( 'NONE', #1150, #2214 ) ;
#4899 = ORIENTED_EDGE ( 'NONE', *, *, #5159, .T. ) ;
#4900 = DIRECTION ( 'NONE',  ( 1.000000000000000000, -0.000000000000000000, 0.000000000000000000 ) ) ;
#4901 = LINE ( 'NONE', #7170, #4256 ) ;
#4902 = EDGE_CURVE ( 'NONE', #8138, #8335, #3963, .T. ) ;
#4903 = VERTEX_POINT ( 'NONE', #52 ) ;
#4904 =( BOUNDED_CURVE ( )  B_SPLINE_CURVE ( 3, ( #600, #5803, #2756, #6716 ),
 .UNSPECIFIED., .F., .F. ) 
 B_SPLINE_CURVE_WITH_KNOTS ( ( 4, 4 ),
 ( 1.570796326794896558, 1.696134772426670434 ),
 .UNSPECIFIED. ) 
 CURVE ( )  GEOMETRIC_REPRESENTATION_ITEM ( )  RATIONAL_B_SPLINE_CURVE ( ( 1.000000000000000000, 0.9986912845788542548, 0.9986912845788542548, 1.000000000000000000 ) ) 
 REPRESENTATION_ITEM ( '' )  );
#4905 = DIRECTION ( 'NONE',  ( 0.000000000000000000, -0.1699069165076472210, -0.9854601157443478865 ) ) ;
#4906 = EDGE_CURVE ( 'NONE', #8506, #179, #9125, .T. ) ;
#4907 = EDGE_CURVE ( 'NONE', #1775, #1676, #2371, .T. ) ;
#4908 = LINE ( 'NONE', #7873, #9398 ) ;
#4909 = DIRECTION ( 'NONE',  ( 0.000000000000000000, 0.000000000000000000, -1.000000000000000000 ) ) ;
#4910 = AXIS2_PLACEMENT_3D ( 'NONE', #3517, #7386, #613 ) ;
#4911 = LINE ( 'NONE', #4061, #945 ) ;
#4912 = CARTESIAN_POINT ( 'NONE',  ( -1850.000000000000455, -341.8139511719356847, 0.000000000000000000 ) ) ;
#4913 = VECTOR ( 'NONE', #6423, 1000.000000000000000 ) ;
#4914 = ORIENTED_EDGE ( 'NONE', *, *, #1545, .T. ) ;
#4915 = DIRECTION ( 'NONE',  ( 6.162975822039157467E-33, -1.000000000000000000, -2.775557561563032360E-16 ) ) ;
#4916 = VECTOR ( 'NONE', #6984, 1000.000000000000000 ) ;
#4917 = CARTESIAN_POINT ( 'NONE',  ( -13966.15723917057221, 190.0000000000006821, -504.9802145985029256 ) ) ;
#4918 = EDGE_CURVE ( 'NONE', #1533, #711, #3907, .T. ) ;
#4919 = DIRECTION ( 'NONE',  ( 1.000000000000000000, 0.000000000000000000, 0.000000000000000000 ) ) ;
#4920 = CARTESIAN_POINT ( 'NONE',  ( -9856.250000000005457, 560.2425708315851125, -960.0000000000002274 ) ) ;
#4921 = AXIS2_PLACEMENT_3D ( 'NONE', #4658, #7721, #849 ) ;
#4922 = VECTOR ( 'NONE', #7501, 1000.000000000000000 ) ;
#4923 = EDGE_LOOP ( 'NONE', ( #9389, #7403, #1290, #7463, #9647 ) ) ;
#4924 = VERTEX_POINT ( 'NONE', #4666 ) ;
#4925 = CARTESIAN_POINT ( 'NONE',  ( -1850.000000000000455, 341.8139511719356847, -1135.000000000000227 ) ) ;
#4926 = CIRCLE ( 'NONE', #2057, 250.0000000000000000 ) ;
#4927 = CARTESIAN_POINT ( 'NONE',  ( -14156.10001622140953, 278.9021535255452022, -725.0000000000052296 ) ) ;
#4928 = VECTOR ( 'NONE', #8512, 1000.000000000000000 ) ;
#4929 = DIRECTION ( 'NONE',  ( 0.000000000000000000, 0.000000000000000000, 1.000000000000000000 ) ) ;
#4930 = EDGE_CURVE ( 'NONE', #727, #3470, #8379, .T. ) ;
#4931 =( NAMED_UNIT ( * ) PLANE_ANGLE_UNIT ( ) SI_UNIT ( $, .RADIAN. ) );
#4932 = ORIENTED_EDGE ( 'NONE', *, *, #3904, .F. ) ;
#4933 = VERTEX_POINT ( 'NONE', #6882 ) ;
#4934 = DIRECTION ( 'NONE',  ( 1.000000000000000000, 6.162975822039151993E-33, 1.232595164407830946E-32 ) ) ;
#4935 = CIRCLE ( 'NONE', #7656, 229.9999999211528348 ) ;
#4936 = LINE ( 'NONE', #6546, #9631 ) ;
#4937 = CARTESIAN_POINT ( 'NONE',  ( -11349.93198115552332, 1189.999999999998408, 5040.000000000000000 ) ) ;
#4938 = VECTOR ( 'NONE', #5474, 1000.000000000000000 ) ;
#4939 = DIRECTION ( 'NONE',  ( -6.162975822039157467E-33, 1.000000000000000000, 2.775557561563032360E-16 ) ) ;
#4940 = ORIENTED_EDGE ( 'NONE', *, *, #7450, .T. ) ;
#4941 = ORIENTED_EDGE ( 'NONE', *, *, #7909, .F. ) ;
#4942 = ORIENTED_EDGE ( 'NONE', *, *, #3305, .T. ) ;
#4943 = DIRECTION ( 'NONE',  ( -1.000000000000000000, 0.000000000000000000, 0.000000000000000000 ) ) ;
#4944 = VECTOR ( 'NONE', #3630, 1000.000000000000000 ) ;
#4945 = CARTESIAN_POINT ( 'NONE',  ( -14175.00000000000000, -875.0000000000000000, -1060.000000000000000 ) ) ;
#4946 = LINE ( 'NONE', #4197, #4068 ) ;
#4947 = ORIENTED_EDGE ( 'NONE', *, *, #5923, .F. ) ;
#4948 = DIRECTION ( 'NONE',  ( 1.000000000000000000, 0.000000000000000000, 0.000000000000000000 ) ) ;
#4949 = CARTESIAN_POINT ( 'NONE',  ( -11611.43189860506391, -1077.499998843224375, -637.0854464784594029 ) ) ;
#4950 = ORIENTED_EDGE ( 'NONE', *, *, #5558, .T. ) ;
#4951 = CARTESIAN_POINT ( 'NONE',  ( -12225.00000000000182, -200.0000000000000000, -825.0000000000001137 ) ) ;
#4952 = CARTESIAN_POINT ( 'NONE',  ( -11501.56891704290865, -725.0021062409357455, -757.0854464784603124 ) ) ;
#4953 = ADVANCED_FACE ( 'NONE', ( #4713 ), #9882, .T. ) ;
#4954 = ORIENTED_EDGE ( 'NONE', *, *, #9057, .T. ) ;
#4955 = AXIS2_PLACEMENT_3D ( 'NONE', #8620, #4905, #4858 ) ;
#4956 = CARTESIAN_POINT ( 'NONE',  ( -4868.749999999996362, 739.9999999999980673, -960.0000000000002274 ) ) ;
#4957 = DIRECTION ( 'NONE',  ( 1.000000000000000000, 7.346712325083825488E-17, -4.040691778796103957E-16 ) ) ;
#4958 = LINE ( 'NONE', #8024, #6956 ) ;
#4959 = CARTESIAN_POINT ( 'NONE',  ( -14494.37518636517598, 747.0986934586334201, -637.0854464784588345 ) ) ;
#4960 = EDGE_CURVE ( 'NONE', #178, #1993, #2223, .T. ) ;
#4961 = DIRECTION ( 'NONE',  ( -0.000000000000000000, -0.9854601157443478865, -0.1699069165076472210 ) ) ;
#4962 = CARTESIAN_POINT ( 'NONE',  ( -12320.00000000000000, 1970.627566330085529, -239.9999999999976694 ) ) ;
#4963 = DIRECTION ( 'NONE',  ( 1.000000000000000000, 0.000000000000000000, 0.000000000000000000 ) ) ;
#4964 = EDGE_CURVE ( 'NONE', #3226, #22, #906, .T. ) ;
#4965 = ORIENTED_EDGE ( 'NONE', *, *, #4342, .T. ) ;
#4966 = CARTESIAN_POINT ( 'NONE',  ( -13680.00000000000000, -1077.499998843224603, -239.9999999999985505 ) ) ;
#4967 = DIRECTION ( 'NONE',  ( 1.232595164407830672E-32, 2.775557561563032360E-16, -1.000000000000000000 ) ) ;
#4968 = LINE ( 'NONE', #7932, #1573 ) ;
#4969 = AXIS2_PLACEMENT_3D ( 'NONE', #8143, #1280, #4331 ) ;
#4970 = ORIENTED_EDGE ( 'NONE', *, *, #5584, .T. ) ;
#4971 = ORIENTED_EDGE ( 'NONE', *, *, #3980, .F. ) ;
#4972 = ORIENTED_EDGE ( 'NONE', *, *, #5923, .T. ) ;
#4973 = EDGE_CURVE ( 'NONE', #1132, #501, #2526, .T. ) ;
#4974 = ADVANCED_FACE ( 'NONE', ( #4522 ), #713, .F. ) ;
#4975 = AXIS2_PLACEMENT_3D ( 'NONE', #8826, #1967, #8078 ) ;
#4976 = LINE ( 'NONE', #5672, #928 ) ;
#4977 = DIRECTION ( 'NONE',  ( 1.000000000000000000, 0.000000000000000000, 0.000000000000000000 ) ) ;
#4978 = DIRECTION ( 'NONE',  ( 0.000000000000000000, -0.000000000000000000, -1.000000000000000000 ) ) ;
#4979 = ORIENTED_EDGE ( 'NONE', *, *, #4643, .F. ) ;
#4980 = ORIENTED_EDGE ( 'NONE', *, *, #2289, .T. ) ;
#4981 = FACE_OUTER_BOUND ( 'NONE', #3353, .T. ) ;
#4982 = CARTESIAN_POINT ( 'NONE',  ( -446.4101615137745398, -241.8139511719357131, -960.0000000000000000 ) ) ;
#4983 = LINE ( 'NONE', #6547, #1561 ) ;
#4984 = CARTESIAN_POINT ( 'NONE',  ( -2350.000000000001364, -1189.999999999998863, -960.0000000000002274 ) ) ;
#4985 = EDGE_CURVE ( 'NONE', #1989, #1275, #6046, .T. ) ;
#4986 = ORIENTED_EDGE ( 'NONE', *, *, #5275, .T. ) ;
#4987 = ORIENTED_EDGE ( 'NONE', *, *, #1180, .F. ) ;
#4988 = ORIENTED_EDGE ( 'NONE', *, *, #1452, .F. ) ;
#4989 = ORIENTED_EDGE ( 'NONE', *, *, #2774, .T. ) ;
#4990 = DIRECTION ( 'NONE',  ( 0.3722007944145562797, 0.9281522335464011952, 0.000000000000000000 ) ) ;
#4991 = FACE_BOUND ( 'NONE', #839, .T. ) ;
#4992 = CARTESIAN_POINT ( 'NONE',  ( -14388.56810139493609, -877.4999988432243754, -637.0854464784592892 ) ) ;
#4993 = VERTEX_POINT ( 'NONE', #207 ) ;
#4994 = DIRECTION ( 'NONE',  ( -1.000000000000000000, 0.000000000000000000, 0.000000000000000000 ) ) ;
#4995 = LINE ( 'NONE', #2098, #8778 ) ;
#4996 = FACE_BOUND ( 'NONE', #9635, .T. ) ;
#4997 = VECTOR ( 'NONE', #1811, 1000.000000000000000 ) ;
#4998 = VERTEX_POINT ( 'NONE', #4966 ) ;
#4999 = CARTESIAN_POINT ( 'NONE',  ( -13899.99999999999818, 1054.999999999997272, -459.9999999999978400 ) ) ;
#5000 = CARTESIAN_POINT ( 'NONE',  ( -1949.999999999999773, 241.8139511719357131, -3423.488475815656784 ) ) ;
#5001 = EDGE_CURVE ( 'NONE', #7083, #8698, #4172, .T. ) ;
#5002 = AXIS2_PLACEMENT_3D ( 'NONE', #7046, #4032, #6441 ) ;
#5003 = EDGE_LOOP ( 'NONE', ( #6453, #6379, #9217, #7157, #9612 ) ) ;
#5004 = DIRECTION ( 'NONE',  ( -1.000000000000000000, 0.000000000000000000, 0.000000000000000000 ) ) ;
#5005 = CARTESIAN_POINT ( 'NONE',  ( -13833.84276082942415, -190.0000000000007674, -504.9802145985029256 ) ) ;
#5006 = DIRECTION ( 'NONE',  ( -0.000000000000000000, 1.000000000000000000, -0.000000000000000000 ) ) ;
#5007 = DIRECTION ( 'NONE',  ( 0.000000000000000000, -0.000000000000000000, -1.000000000000000000 ) ) ;
#5008 = LINE ( 'NONE', #9471, #2613 ) ;
#5009 = CARTESIAN_POINT ( 'NONE',  ( -9856.250000000005457, 708.0847830052794052, -1135.000000000000227 ) ) ;
#5010 = DIRECTION ( 'NONE',  ( -0.000000000000000000, 0.000000000000000000, 1.000000000000000000 ) ) ;
#5011 = ORIENTED_EDGE ( 'NONE', *, *, #3026, .F. ) ;
#5012 = DIRECTION ( 'NONE',  ( 1.000000000000000000, 0.000000000000000000, -4.040691778796104450E-16 ) ) ;
#5013 = DIRECTION ( 'NONE',  ( 0.000000000000000000, -2.413528314402514090E-16, 1.000000000000000000 ) ) ;
#5014 = LINE ( 'NONE', #1169, #7671 ) ;
#5015 = EDGE_CURVE ( 'NONE', #9896, #788, #5168, .T. ) ;
#5016 = ORIENTED_EDGE ( 'NONE', *, *, #738, .T. ) ;
#5017 = EDGE_LOOP ( 'NONE', ( #9505, #5576 ) ) ;
#5018 = ORIENTED_EDGE ( 'NONE', *, *, #2797, .T. ) ;
#5019 = ADVANCED_FACE ( 'NONE', ( #2665 ), #5713, .F. ) ;
#5020 = ORIENTED_EDGE ( 'NONE', *, *, #3452, .F. ) ;
#5021 = CARTESIAN_POINT ( 'NONE',  ( -4868.749999999996362, 739.9999999999980673, -960.0000000000002274 ) ) ;
#5022 = CARTESIAN_POINT ( 'NONE',  ( -12500.00000000000182, -814.9999999999974989, -306.2059048389988902 ) ) ;
#5023 = CARTESIAN_POINT ( 'NONE',  ( -14175.00000000000000, -875.0000000000000000, -1060.000000000000000 ) ) ;
#5024 = EDGE_CURVE ( 'NONE', #1602, #6277, #3308, .T. ) ;
#5025 = ORIENTED_EDGE ( 'NONE', *, *, #8711, .F. ) ;
#5026 = ADVANCED_FACE ( 'NONE', ( #1012 ), #9524, .F. ) ;
#5027 = VECTOR ( 'NONE', #2044, 1000.000000000000000 ) ;
#5028 = DIRECTION ( 'NONE',  ( -1.232595164407830672E-32, -2.775557561563032360E-16, 1.000000000000000000 ) ) ;
#5029 = PLANE ( 'NONE',  #7554 ) ;
#5030 = LINE ( 'NONE', #1333, #1091 ) ;
#5031 = CARTESIAN_POINT ( 'NONE',  ( 0.000000000000000000, -875.0000000000000000, -1060.000000000000000 ) ) ;
#5032 = VERTEX_POINT ( 'NONE', #9376 ) ;
#5033 = ORIENTED_EDGE ( 'NONE', *, *, #8833, .T. ) ;
#5034 = ORIENTED_EDGE ( 'NONE', *, *, #8833, .F. ) ;
#5035 = ORIENTED_EDGE ( 'NONE', *, *, #9668, .F. ) ;
#5036 = FACE_OUTER_BOUND ( 'NONE', #7990, .T. ) ;
#5037 = VECTOR ( 'NONE', #4429, 1000.000000000000114 ) ;
#5038 = VECTOR ( 'NONE', #3635, 1000.000000000000000 ) ;
#5039 = CARTESIAN_POINT ( 'NONE',  ( -6562.499999999994543, -739.9999999999996589, -960.0000000000002274 ) ) ;
#5040 = VECTOR ( 'NONE', #5121, 1000.000000000000000 ) ;
#5041 = ORIENTED_EDGE ( 'NONE', *, *, #6987, .T. ) ;
#5042 = EDGE_CURVE ( 'NONE', #1951, #6475, #6470, .T. ) ;
#5043 = DIRECTION ( 'NONE',  ( 1.000000000000000000, 0.000000000000000000, 0.000000000000000000 ) ) ;
#5044 = CARTESIAN_POINT ( 'NONE',  ( -11825.00000000000182, -1190.000000000000682, -960.0000000000002274 ) ) ;
#5045 = CARTESIAN_POINT ( 'NONE',  ( -9640.572538960630482, 1189.999999999998408, -751.1534819267438934 ) ) ;
#5046 = AXIS2_PLACEMENT_3D ( 'NONE', #7370, #8957, #8810 ) ;
#5047 = ORIENTED_EDGE ( 'NONE', *, *, #9044, .T. ) ;
#5048 = CARTESIAN_POINT ( 'NONE',  ( -14338.65743636097977, 1077.499998843224375, -757.0854464784595166 ) ) ;
#5049 = AXIS2_PLACEMENT_3D ( 'NONE', #1469, #5368, #2226 ) ;
#5050 = CYLINDRICAL_SURFACE ( 'NONE', #7139, 250.0000000000000000 ) ;
#5051 = CIRCLE ( 'NONE', #2968, 5900.000000000000000 ) ;
#5052 = ORIENTED_EDGE ( 'NONE', *, *, #4505, .F. ) ;
#5053 = ORIENTED_EDGE ( 'NONE', *, *, #5233, .F. ) ;
#5054 = VECTOR ( 'NONE', #6943, 1000.000000000000000 ) ;
#5055 = FILL_AREA_STYLE ('',( #5958 ) ) ;
#5056 = CARTESIAN_POINT ( 'NONE',  ( -11411.43189860506209, -278.9021535255452022, -623.7872381793328032 ) ) ;
#5057 = CARTESIAN_POINT ( 'NONE',  ( -13755.00000000007094, 454.0705533836913332, -860.0000000000227374 ) ) ;
#5058 = EDGE_CURVE ( 'NONE', #6057, #8698, #6532, .T. ) ;
#5059 = DIRECTION ( 'NONE',  ( 1.000000000000000000, 7.526935760170552482E-17, -6.172087323339853430E-15 ) ) ;
#5060 = FACE_BOUND ( 'NONE', #4878, .T. ) ;
#5061 = DIRECTION ( 'NONE',  ( -1.232595164407809051E-32, -3.530762810662500311E-14, 1.000000000000000000 ) ) ;
#5062 = CARTESIAN_POINT ( 'NONE',  ( -14299.99999999999818, -1970.627566330085756, -637.0854464784596303 ) ) ;
#5063 = ORIENTED_EDGE ( 'NONE', *, *, #595, .F. ) ;
#5064 = CARTESIAN_POINT ( 'NONE',  ( -10244.74851850930827, 1189.999999999998181, -1059.999999999998181 ) ) ;
#5065 = CARTESIAN_POINT ( 'NONE',  ( -9556.250000000003638, 989.9999999999984084, -1135.000000000000227 ) ) ;
#5066 = CIRCLE ( 'NONE', #5223, 35.00000000000014211 ) ;
#5067 = DIRECTION ( 'NONE',  ( -1.000000000000000000, 0.000000000000000000, 0.000000000000000000 ) ) ;
#5068 = LINE ( 'NONE', #7933, #5840 ) ;
#5069 = ORIENTED_EDGE ( 'NONE', *, *, #847, .F. ) ;
#5070 = ORIENTED_EDGE ( 'NONE', *, *, #9623, .T. ) ;
#5071 = CIRCLE ( 'NONE', #6520, 79.99999999999995737 ) ;
#5072 = ADVANCED_FACE ( 'NONE', ( #6425 ), #6373, .T. ) ;
#5073 = DIRECTION ( 'NONE',  ( -6.265808957320107111E-17, 1.000000000000000000, -0.000000000000000000 ) ) ;
#5074 = CARTESIAN_POINT ( 'NONE',  ( -3930.251481490694459, 5431.508564030776142, -1059.999999999999091 ) ) ;
#5075 = FACE_OUTER_BOUND ( 'NONE', #7061, .T. ) ;
#5076 = APPLICATION_PROTOCOL_DEFINITION ( 'draft international standard', 'automotive_design', 1998, #3256 ) ;
#5077 = CIRCLE ( 'NONE', #8442, 99.99999999999964473 ) ;
#5078 = ORIENTED_EDGE ( 'NONE', *, *, #7857, .F. ) ;
#5079 = VECTOR ( 'NONE', #7401, 1000.000000000000000 ) ;
#5080 = CARTESIAN_POINT ( 'NONE',  ( -13899.99999999999818, 1054.999999999997272, -459.9999999999978400 ) ) ;
#5081 = CARTESIAN_POINT ( 'NONE',  ( 0.000000000000000000, 875.0000000000000000, -1140.000000000000227 ) ) ;
#5082 = CARTESIAN_POINT ( 'NONE',  ( -12500.00000000000182, -1970.627566330085756, -637.0854464784596303 ) ) ;
#5083 = LINE ( 'NONE', #4235, #9037 ) ;
#5084 = AXIS2_PLACEMENT_3D ( 'NONE', #2846, #8256, #1393 ) ;
#5085 = ORIENTED_EDGE ( 'NONE', *, *, #5500, .F. ) ;
#5087 = ORIENTED_EDGE ( 'NONE', *, *, #3980, .T. ) ;
#5086 = AXIS2_PLACEMENT_3D ( 'NONE', #5557, #197, #8621 ) ;
#5088 = EDGE_CURVE ( 'NONE', #9341, #8705, #1869, .T. ) ;
#5089 = EDGE_CURVE ( 'NONE', #6931, #7413, #4118, .T. ) ;
#5090 = CARTESIAN_POINT ( 'NONE',  ( -5440.624999999995453, -989.9999999999990905, -1135.000000000000227 ) ) ;
#5091 = FACE_OUTER_BOUND ( 'NONE', #606, .T. ) ;
#5092 = VECTOR ( 'NONE', #2845, 1000.000000000000000 ) ;
#5093 = ORIENTED_EDGE ( 'NONE', *, *, #2023, .F. ) ;
#5094 = CYLINDRICAL_SURFACE ( 'NONE', #9891, 277.7941176470602045 ) ;
#5095 = VECTOR ( 'NONE', #5599, 1000.000000000000000 ) ;
#5096 = CARTESIAN_POINT ( 'NONE',  ( -12143.40011953353496, 295.9385695031826913, -504.9802145985045172 ) ) ;
#5097 = DIRECTION ( 'NONE',  ( 0.000000000000000000, 0.000000000000000000, 1.000000000000000000 ) ) ;
#5098 = ORIENTED_EDGE ( 'NONE', *, *, #4481, .F. ) ;
#5099 = DIRECTION ( 'NONE',  ( -6.162975822039589899E-33, 1.000000000000000000, 3.530762810662500311E-14 ) ) ;
#5100 = DIRECTION ( 'NONE',  ( -1.000000000000000000, 0.000000000000000000, -0.000000000000000000 ) ) ;
#5101 = ORIENTED_EDGE ( 'NONE', *, *, #5564, .T. ) ;
#5102 = ADVANCED_FACE ( 'NONE', ( #3464 ), #8723, .T. ) ;
#5103 = ORIENTED_EDGE ( 'NONE', *, *, #4288, .F. ) ;
#5104 = EDGE_CURVE ( 'NONE', #9591, #6279, #2513, .T. ) ;
#5105 = AXIS2_PLACEMENT_3D ( 'NONE', #5455, #5499, #6817 ) ;
#5106 = VECTOR ( 'NONE', #2422, 1000.000000000000000 ) ;
#5107 = DIRECTION ( 'NONE',  ( 6.162975822039157467E-33, -1.000000000000000000, -2.775557561563032360E-16 ) ) ;
#5108 = DIRECTION ( 'NONE',  ( -1.000000000000000000, 0.000000000000000000, 0.000000000000000000 ) ) ;
#5109 = DIRECTION ( 'NONE',  ( 0.000000000000000000, 0.000000000000000000, -1.000000000000000000 ) ) ;
#5110 = DIRECTION ( 'NONE',  ( 1.000000000000000000, 6.162975822039151993E-33, 1.232595164407830946E-32 ) ) ;
#5111 = EDGE_CURVE ( 'NONE', #2585, #9225, #3363, .T. ) ;
#5112 = CIRCLE ( 'NONE', #6874, 250.0000000000000000 ) ;
#5113 = CARTESIAN_POINT ( 'NONE',  ( -14175.00000000000000, 875.0000000000000000, -1060.000000000000000 ) ) ;
#5114 = PLANE ( 'NONE',  #9585 ) ;
#5115 = DIRECTION ( 'NONE',  ( 6.162975822039157467E-33, -1.000000000000000000, -2.249385511977649118E-16 ) ) ;
#5116 = EDGE_CURVE ( 'NONE', #3470, #983, #1547, .T. ) ;
#5117 = ORIENTED_EDGE ( 'NONE', *, *, #5893, .F. ) ;
#5118 = DIRECTION ( 'NONE',  ( -0.000000000000000000, 0.000000000000000000, -1.000000000000000000 ) ) ;
#5119 = CARTESIAN_POINT ( 'NONE',  ( -11499.99999999997999, -699.9999999999986358, -749.6146185948546190 ) ) ;
#5120 = FACE_OUTER_BOUND ( 'NONE', #6371, .T. ) ;
#5121 = DIRECTION ( 'NONE',  ( 1.000000000000000000, -0.000000000000000000, -0.000000000000000000 ) ) ;
#5122 = AXIS2_PLACEMENT_3D ( 'NONE', #90, #2306, #3806 ) ;
#5123 = ORIENTED_EDGE ( 'NONE', *, *, #7661, .F. ) ;
#5124 = EDGE_LOOP ( 'NONE', ( #4737, #5188, #5590, #3132, #2438, #9033, #7410, #5909, #1690, #9193, #7888, #1665, #5788, #5636, #3361, #2562 ) ) ;
#5125 = ORIENTED_EDGE ( 'NONE', *, *, #6870, .F. ) ;
#5126 = CYLINDRICAL_SURFACE ( 'NONE', #4399, 200.0000000000000000 ) ;
#5127 = VECTOR ( 'NONE', #4846, 1000.000000000000000 ) ;
#5128 = LINE ( 'NONE', #8194, #2736 ) ;
#5129 = CARTESIAN_POINT ( 'NONE',  ( -14175.00000000000000, -1190.000000000001137, -960.0000000000002274 ) ) ;
#5130 = ORIENTED_EDGE ( 'NONE', *, *, #5766, .F. ) ;
#5131 = EDGE_CURVE ( 'NONE', #3736, #2547, #4865, .T. ) ;
#5132 = DIRECTION ( 'NONE',  ( -0.000000000000000000, 0.000000000000000000, 1.000000000000000000 ) ) ;
#5133 = LINE ( 'NONE', #4335, #4825 ) ;
#5134 = VECTOR ( 'NONE', #1119, 1000.000000000000000 ) ;
#5135 = DIRECTION ( 'NONE',  ( -6.162975822039151309E-33, 1.000000000000000000, -2.200304988219453538E-16 ) ) ;
#5136 = LINE ( 'NONE', #2036, #5038 ) ;
#5137 = EDGE_CURVE ( 'NONE', #6535, #3282, #3631, .T. ) ;
#5138 = CARTESIAN_POINT ( 'NONE',  ( -13728.58983848622483, 341.8139511719356847, -1135.000000000000227 ) ) ;
#5139 = LINE ( 'NONE', #9703, #5027 ) ;
#5140 = ORIENTED_EDGE ( 'NONE', *, *, #7953, .F. ) ;
#5141 = CARTESIAN_POINT ( 'NONE',  ( 0.000000000000000000, 0.000000000000000000, -960.0000000000002274 ) ) ;
#5142 = VERTEX_POINT ( 'NONE', #5064 ) ;
#5143 = EDGE_CURVE ( 'NONE', #8876, #1998, #557, .T. ) ;
#5144 = EDGE_CURVE ( 'NONE', #3312, #3492, #9628, .T. ) ;
#5145 = FACE_OUTER_BOUND ( 'NONE', #2546, .T. ) ;
#5146 = DIRECTION ( 'NONE',  ( 1.000000000000000000, -0.000000000000000000, 0.000000000000000000 ) ) ;
#5147 = VERTEX_POINT ( 'NONE', #2767 ) ;
#5148 = DIRECTION ( 'NONE',  ( -0.000000000000000000, -0.000000000000000000, -1.000000000000000000 ) ) ;
#5149 = CARTESIAN_POINT ( 'NONE',  ( -1.629192649327036634E-12, -989.9999999999984084, -960.0000000000022737 ) ) ;
#5150 = PRODUCT_DEFINITION_SHAPE ( 'NONE', 'NONE',  #4631 ) ;
#5151 = EDGE_LOOP ( 'NONE', ( #7128, #8017, #365, #3640 ) ) ;
#5152 = ORIENTED_EDGE ( 'NONE', *, *, #5766, .T. ) ;
#5153 = VERTEX_POINT ( 'NONE', #3665 ) ;
#5154 = EDGE_CURVE ( 'NONE', #6991, #5370, #1410, .T. ) ;
#5155 = FACE_BOUND ( 'NONE', #2685, .T. ) ;
#5156 = CARTESIAN_POINT ( 'NONE',  ( -2350.000000000001364, 1189.999999999998181, -960.0000000000002274 ) ) ;
#5157 = CARTESIAN_POINT ( 'NONE',  ( -12320.00000000000000, 1077.499998843224375, -517.7941176470588971 ) ) ;
#5158 = DIRECTION ( 'NONE',  ( 1.000000000000000000, 0.000000000000000000, -2.453693674745796445E-16 ) ) ;
#5159 = EDGE_CURVE ( 'NONE', #1927, #7555, #8184, .T. ) ;
#5160 = EDGE_CURVE ( 'NONE', #1922, #1853, #5708, .T. ) ;
#5161 = CARTESIAN_POINT ( 'NONE',  ( -4318.749999999997272, -560.2425708315863631, -960.0000000000002274 ) ) ;
#5162 = DIRECTION ( 'NONE',  ( 0.000000000000000000, -0.000000000000000000, 1.000000000000000000 ) ) ;
#5163 = ORIENTED_EDGE ( 'NONE', *, *, #3479, .T. ) ;
#5164 = CARTESIAN_POINT ( 'NONE',  ( -13728.58983848622483, -241.8139511719357131, -960.0000000000002274 ) ) ;
#5165 = EDGE_LOOP ( 'NONE', ( #5975, #9285, #9380, #9196 ) ) ;
#5166 = CARTESIAN_POINT ( 'NONE',  ( -8734.375000000005457, 739.9999999999978400, -1135.000000000000227 ) ) ;
#5167 = PLANE ( 'NONE',  #939 ) ;
#5168 =( BOUNDED_CURVE ( )  B_SPLINE_CURVE ( 3, ( #359, #5662, #8631, #2519 ),
 .UNSPECIFIED., .F., .F. ) 
 B_SPLINE_CURVE_WITH_KNOTS ( ( 4, 4 ),
 ( 1.570796326794896558, 1.696134772426670434 ),
 .UNSPECIFIED. ) 
 CURVE ( )  GEOMETRIC_REPRESENTATION_ITEM ( )  RATIONAL_B_SPLINE_CURVE ( ( 1.000000000000000000, 0.9986912845788542548, 0.9986912845788542548, 1.000000000000000000 ) ) 
 REPRESENTATION_ITEM ( '' )  );
#5169 = PLANE ( 'NONE',  #9311 ) ;
#5170 = ADVANCED_FACE ( 'NONE', ( #9781 ), #2912, .F. ) ;
#5171 = VERTEX_POINT ( 'NONE', #1316 ) ;
#5172 = ORIENTED_EDGE ( 'NONE', *, *, #410, .T. ) ;
#5173 = CARTESIAN_POINT ( 'NONE',  ( -12143.40011953353496, 1077.499998843224375, -757.0854464784597440 ) ) ;
#5174 = DIRECTION ( 'NONE',  ( 1.000000000000000000, -0.000000000000000000, -0.000000000000000000 ) ) ;
#5175 = DIRECTION ( 'NONE',  ( -0.000000000000000000, -0.000000000000000000, -1.000000000000000000 ) ) ;
#5176 = CARTESIAN_POINT ( 'NONE',  ( -3930.251481490694459, 1089.999999999998181, -1059.999999999999091 ) ) ;
#5177 = APPLICATION_PROTOCOL_DEFINITION ( 'draft international standard', 'automotive_design', 1998, #382 ) ;
#5178 = VERTEX_POINT ( 'NONE', #2815 ) ;
#5179 = EDGE_CURVE ( 'NONE', #8880, #7467, #2982, .T. ) ;
#5180 = DIRECTION ( 'NONE',  ( -6.271695431234129858E-16, -1.000000000000000000, 0.000000000000000000 ) ) ;
#5181 = CARTESIAN_POINT ( 'NONE',  ( -14500.00000000002001, 747.0986934586334201, -637.0854464784588345 ) ) ;
#5182 = DIRECTION ( 'NONE',  ( 6.162975822039157467E-33, -1.000000000000000000, -2.249385511977649118E-16 ) ) ;
#5183 = FACE_OUTER_BOUND ( 'NONE', #8746, .T. ) ;
#5184 = CARTESIAN_POINT ( 'NONE',  ( -13755.00000000007094, 1077.499998843224375, -860.0000000000226237 ) ) ;
#5185 = ADVANCED_FACE ( 'NONE', ( #8923 ), #1268, .T. ) ;
#5186 = DIRECTION ( 'NONE',  ( 0.000000000000000000, 1.000000000000000000, 2.775557561562891351E-16 ) ) ;
#5187 = AXIS2_PLACEMENT_3D ( 'NONE', #8203, #4296, #1338 ) ;
#5188 = ORIENTED_EDGE ( 'NONE', *, *, #3691, .T. ) ;
#5189 = ORIENTED_EDGE ( 'NONE', *, *, #9736, .F. ) ;
#5190 = CARTESIAN_POINT ( 'NONE',  ( -13856.59988046646504, -1077.499998843224375, -637.0854464784594029 ) ) ;
#5191 = CARTESIAN_POINT ( 'NONE',  ( 0.000000000000000000, -1189.999999999998408, -960.0000000000002274 ) ) ;
#5192 = PLANE ( 'NONE',  #1052 ) ;
#5193 = DIRECTION ( 'NONE',  ( 1.000000000000000000, 0.000000000000000000, 0.000000000000000000 ) ) ;
#5194 = ORIENTED_EDGE ( 'NONE', *, *, #4094, .F. ) ;
#5195 = VERTEX_POINT ( 'NONE', #7429 ) ;
#5196 = AXIS2_PLACEMENT_3D ( 'NONE', #3166, #3376, #168 ) ;
#5197 = VERTEX_POINT ( 'NONE', #9019 ) ;
#5198 = EDGE_CURVE ( 'NONE', #177, #2031, #3615, .T. ) ;
#5199 = LINE ( 'NONE', #2151, #8331 ) ;
#5200 = DIRECTION ( 'NONE',  ( -1.432545838226008708E-17, 1.000000000000000000, -0.000000000000000000 ) ) ;
#5201 = CARTESIAN_POINT ( 'NONE',  ( -13499.99999999999818, 814.9999999999972715, -306.2059048389984355 ) ) ;
#5202 = CYLINDRICAL_SURFACE ( 'NONE', #7175, 460.0000000000000568 ) ;
#5203 = AXIS2_PLACEMENT_3D ( 'NONE', #9355, #9559, #7064 ) ;
#5204 = VECTOR ( 'NONE', #7783, 1000.000000000000000 ) ;
#5205 = AXIS2_PLACEMENT_3D ( 'NONE', #8295, #1433, #5984 ) ;
#5206 = CARTESIAN_POINT ( 'NONE',  ( -11687.01208824004425, 899.9999999999986358, -761.6116762475795667 ) ) ;
#5207 = LINE ( 'NONE', #3712, #7165 ) ;
#5208 = VECTOR ( 'NONE', #6181, 1000.000000000000000 ) ;
#5209 = AXIS2_PLACEMENT_3D ( 'NONE', #5588, #1737, #4787 ) ;
#5210 = ORIENTED_EDGE ( 'NONE', *, *, #3488, .F. ) ;
#5211 = EDGE_CURVE ( 'NONE', #436, #7092, #9220, .T. ) ;
#5212 = CARTESIAN_POINT ( 'NONE',  ( -8184.375000000004547, 989.9999999999984084, -1135.000000000000227 ) ) ;
#5213 = ORIENTED_EDGE ( 'NONE', *, *, #7146, .T. ) ;
#5214 = ADVANCED_FACE ( 'NONE', ( #8825 ), #2070, .F. ) ;
#5215 = CARTESIAN_POINT ( 'NONE',  ( -2825.068018844486232, 989.9999999999981810, -960.0000000000017053 ) ) ;
#5216 = AXIS2_PLACEMENT_3D ( 'NONE', #9093, #5280, #3779 ) ;
#5217 = DIRECTION ( 'NONE',  ( -0.000000000000000000, 0.000000000000000000, 1.000000000000000000 ) ) ;
#5218 = PLANE ( 'NONE',  #4839 ) ;
#5219 = EDGE_LOOP ( 'NONE', ( #4699, #3903 ) ) ;
#5220 = UNCERTAINTY_MEASURE_WITH_UNIT (LENGTH_MEASURE( 1.000000000000000082E-05 ), #1782, 'distance_accuracy_value', 'NONE');
#5221 = ORIENTED_EDGE ( 'NONE', *, *, #6070, .F. ) ;
#5222 = DIRECTION ( 'NONE',  ( -1.000000000000000000, -6.265808957320107111E-17, 1.930822651522010828E-16 ) ) ;
#5223 = AXIS2_PLACEMENT_3D ( 'NONE', #4793, #6348, #1692 ) ;
#5224 = EDGE_CURVE ( 'NONE', #9454, #8559, #9727, .T. ) ;
#5225 = DIRECTION ( 'NONE',  ( 0.000000000000000000, 0.000000000000000000, -1.000000000000000000 ) ) ;
#5226 = DIRECTION ( 'NONE',  ( -1.000000000000000000, 0.000000000000000000, -0.000000000000000000 ) ) ;
#5227 = DIRECTION ( 'NONE',  ( -0.000000000000000000, 0.000000000000000000, 1.000000000000000000 ) ) ;
#5228 = VERTEX_POINT ( 'NONE', #2118 ) ;
#5229 = VECTOR ( 'NONE', #4293, 1000.000000000000000 ) ;
#5230 = LINE ( 'NONE', #6742, #7893 ) ;
#5231 = DIRECTION ( 'NONE',  ( -1.000000000000000000, -1.190114376038054893E-16, 0.000000000000000000 ) ) ;
#5232 = DIRECTION ( 'NONE',  ( 1.232595164407830672E-32, 2.775557561563032360E-16, -1.000000000000000000 ) ) ;
#5233 = EDGE_CURVE ( 'NONE', #3270, #8959, #2717, .T. ) ;
#5234 = CARTESIAN_POINT ( 'NONE',  ( -13250.00000000000000, -190.0000000000007390, -623.7872381793328032 ) ) ;
#5235 = AXIS2_PLACEMENT_3D ( 'NONE', #6743, #1571, #7691 ) ;
#5236 = VERTEX_POINT ( 'NONE', #1965 ) ;
#5237 = ORIENTED_EDGE ( 'NONE', *, *, #4601, .T. ) ;
#5238 = CARTESIAN_POINT ( 'NONE',  ( -13499.99999999999818, -1077.499998843224375, -637.0854464784594029 ) ) ;
#5239 = CARTESIAN_POINT ( 'NONE',  ( -9993.470079441460257, -653.0577941862261468, -1135.000000000000227 ) ) ;
#5240 = CARTESIAN_POINT ( 'NONE',  ( -1950.000000000000682, 899.9999999999998863, -910.0000000000001137 ) ) ;
#5241 = VECTOR ( 'NONE', #6762, 1000.000000000000000 ) ;
#5242 = CARTESIAN_POINT ( 'NONE',  ( -1.629192649327036634E-12, -989.9999999999984084, -960.0000000000022737 ) ) ;
#5243 = AXIS2_PLACEMENT_3D ( 'NONE', #5617, #8580, #2615 ) ;
#5244 = VERTEX_POINT ( 'NONE', #5164 ) ;
#5245 = ORIENTED_EDGE ( 'NONE', *, *, #5299, .T. ) ;
#5246 = ORIENTED_EDGE ( 'NONE', *, *, #4421, .F. ) ;
#5247 = VECTOR ( 'NONE', #9002, 1000.000000000000000 ) ;
#5248 = CARTESIAN_POINT ( 'NONE',  ( -11499.99999999997999, 699.9999999999986358, -623.2943698956130447 ) ) ;
#5249 = FACE_OUTER_BOUND ( 'NONE', #5728, .T. ) ;
#5250 = VECTOR ( 'NONE', #838, 1000.000000000000000 ) ;
#5251 = CARTESIAN_POINT ( 'NONE',  ( -8734.375000000005457, 739.9999999999978400, -1135.000000000000227 ) ) ;
#5252 = DIRECTION ( 'NONE',  ( 1.000000000000000000, 0.000000000000000000, 0.000000000000000000 ) ) ;
#5253 = ORIENTED_EDGE ( 'NONE', *, *, #6579, .F. ) ;
#5254 = VECTOR ( 'NONE', #3859, 1000.000000000000000 ) ;
#5255 = ADVANCED_FACE ( 'NONE', ( #2017 ), #8130, .F. ) ;
#5256 = DIRECTION ( 'NONE',  ( 0.000000000000000000, -1.000000000000000000, 0.000000000000000000 ) ) ;
#5257 = CARTESIAN_POINT ( 'NONE',  ( -12750.00000000000000, 732.4719190560189190, -589.9999999999965894 ) ) ;
#5258 = CIRCLE ( 'NONE', #7989, 460.0000000000000000 ) ;
#5259 = CARTESIAN_POINT ( 'NONE',  ( -2821.680457837897848, -2.220446049250313081E-13, -960.0000000000000000 ) ) ;
#5260 = ORIENTED_EDGE ( 'NONE', *, *, #7084, .F. ) ;
#5261 = EDGE_CURVE ( 'NONE', #2006, #7397, #8077, .T. ) ;
#5262 = FACE_OUTER_BOUND ( 'NONE', #2722, .T. ) ;
#5263 = AXIS2_PLACEMENT_3D ( 'NONE', #2661, #5710, #6367 ) ;
#5264 = DIRECTION ( 'NONE',  ( -0.000000000000000000, 0.000000000000000000, -1.000000000000000000 ) ) ;
#5265 = CARTESIAN_POINT ( 'NONE',  ( -12475.00000000000182, -739.9999999999984084, -960.0000000000002274 ) ) ;
#5266 = EDGE_CURVE ( 'NONE', #7555, #5497, #7104, .T. ) ;
#5267 = ORIENTED_EDGE ( 'NONE', *, *, #1785, .T. ) ;
#5268 = VERTEX_POINT ( 'NONE', #8369 ) ;
#5269 = CARTESIAN_POINT ( 'NONE',  ( -14763.68599666425871, -875.0000000000000000, -1060.000000000000000 ) ) ;
#5270 = CARTESIAN_POINT ( 'NONE',  ( -8598.683472959091887, 5431.508564030777052, -6660.000000000000000 ) ) ;
#5271 = CARTESIAN_POINT ( 'NONE',  ( -12100.00000000000182, 679.9999999999979536, -379.9999999999980673 ) ) ;
#5272 = CARTESIAN_POINT ( 'NONE',  ( -12750.00000000000000, 1077.499998843224375, -637.0854464784587208 ) ) ;
#5273 = VECTOR ( 'NONE', #7577, 1000.000000000000000 ) ;
#5274 = EDGE_LOOP ( 'NONE', ( #8513, #6015, #5763, #8370 ) ) ;
#5275 = EDGE_CURVE ( 'NONE', #6309, #3759, #7787, .T. ) ;
#5276 = EDGE_CURVE ( 'NONE', #1998, #2355, #5378, .T. ) ;
#5277 = FACE_OUTER_BOUND ( 'NONE', #1892, .T. ) ;
#5278 = AXIS2_PLACEMENT_3D ( 'NONE', #4546, #6052, #2395 ) ;
#5279 = DIRECTION ( 'NONE',  ( -0.000000000000000000, 0.000000000000000000, 1.000000000000000000 ) ) ;
#5280 = DIRECTION ( 'NONE',  ( -1.232595164407840251E-32, 1.510372559762204329E-14, 1.000000000000000000 ) ) ;
#5281 = ORIENTED_EDGE ( 'NONE', *, *, #6449, .F. ) ;
#5282 = AXIS2_PLACEMENT_3D ( 'NONE', #7731, #4622, #7633 ) ;
#5283 = ORIENTED_EDGE ( 'NONE', *, *, #1857, .F. ) ;
#5284 = LINE ( 'NONE', #9899, #7733 ) ;
#5285 = PLANE ( 'NONE',  #8935 ) ;
#5286 = EDGE_CURVE ( 'NONE', #6715, #711, #7055, .T. ) ;
#5287 = FACE_BOUND ( 'NONE', #7030, .T. ) ;
#5288 = FACE_OUTER_BOUND ( 'NONE', #5469, .T. ) ;
#5289 = DIRECTION ( 'NONE',  ( 1.000000000000000000, -0.000000000000000000, -0.000000000000000000 ) ) ;
#5290 = CIRCLE ( 'NONE', #6585, 5900.000000000000000 ) ;
#5291 = ORIENTED_EDGE ( 'NONE', *, *, #7090, .T. ) ;
#5292 = VERTEX_POINT ( 'NONE', #2495 ) ;
#5293 = ORIENTED_EDGE ( 'NONE', *, *, #3377, .T. ) ;
#5294 = CARTESIAN_POINT ( 'NONE',  ( 620.0000000000000000, 0.000000000000000000, -1060.000000000000000 ) ) ;
#5295 = CARTESIAN_POINT ( 'NONE',  ( 2.959189170475275464E-13, 989.9999999999984084, -960.0000000000022737 ) ) ;
#5296 = CARTESIAN_POINT ( 'NONE',  ( -1.605777457314146447E-12, -989.9999999999984084, -660.0000000000023874 ) ) ;
#5297 = CARTESIAN_POINT ( 'NONE',  ( -3921.569072607348517, -1189.999999999998408, -960.7596123493884761 ) ) ;
#5298 = ORIENTED_EDGE ( 'NONE', *, *, #6477, .F. ) ;
#5299 = EDGE_CURVE ( 'NONE', #3943, #6038, #5066, .T. ) ;
#5300 = PLANE ( 'NONE',  #8721 ) ;
#5301 = FACE_OUTER_BOUND ( 'NONE', #2149, .T. ) ;
#5302 = AXIS2_PLACEMENT_3D ( 'NONE', #1185, #2682, #7354 ) ;
#5303 = VECTOR ( 'NONE', #6909, 1000.000000000000000 ) ;
#5304 = ORIENTED_EDGE ( 'NONE', *, *, #2651, .F. ) ;
#5305 = CARTESIAN_POINT ( 'NONE',  ( -9306.250000000003638, 739.9999999999977263, -1135.000000000000227 ) ) ;
#5306 = ORIENTED_EDGE ( 'NONE', *, *, #7333, .F. ) ;
#5307 = CARTESIAN_POINT ( 'NONE',  ( -12750.00000000000000, 190.0000000000006821, -623.7872381793326895 ) ) ;
#5308 = EDGE_CURVE ( 'NONE', #7140, #4993, #3758, .T. ) ;
#5309 = CARTESIAN_POINT ( 'NONE',  ( -346.4101615137745398, 989.9999999999984084, -1135.000000000000227 ) ) ;
#5310 = FACE_OUTER_BOUND ( 'NONE', #7078, .T. ) ;
#5311 = AXIS2_PLACEMENT_3D ( 'NONE', #8423, #7072, #2411 ) ;
#5312 = VERTEX_POINT ( 'NONE', #7001 ) ;
#5313 = EDGE_LOOP ( 'NONE', ( #6372, #6033, #6300, #1497 ) ) ;
#5314 = ORIENTED_EDGE ( 'NONE', *, *, #9313, .T. ) ;
#5315 = CARTESIAN_POINT ( 'NONE',  ( -9856.250000000005457, -560.2425708315861357, -960.0000000000002274 ) ) ;
#5316 = DIRECTION ( 'NONE',  ( -7.593099338574987358E-33, -0.4999999999996849187, 0.8660254037846205621 ) ) ;
#5317 = EDGE_CURVE ( 'NONE', #1846, #8368, #5543, .T. ) ;
#5318 = LINE ( 'NONE', #764, #1047 ) ;
#5319 = CARTESIAN_POINT ( 'NONE',  ( -14763.68599666425871, 875.0000000000000000, -1060.000000000000000 ) ) ;
#5320 = ORIENTED_EDGE ( 'NONE', *, *, #8940, .F. ) ;
#5321 = AXIS2_PLACEMENT_3D ( 'NONE', #9473, #3303, #9426 ) ;
#5322 = EDGE_CURVE ( 'NONE', #8578, #4087, #900, .T. ) ;
#5323 = DIRECTION ( 'NONE',  ( 1.000000000000000000, 6.162975822039151993E-33, 1.232595164407830946E-32 ) ) ;
#5324 = DIRECTION ( 'NONE',  ( 0.000000000000000000, 0.000000000000000000, 1.000000000000000000 ) ) ;
#5325 = EDGE_CURVE ( 'NONE', #2006, #7620, #7904, .T. ) ;
#5326 = EDGE_CURVE ( 'NONE', #441, #8981, #8654, .T. ) ;
#5327 = LINE ( 'NONE', #2279, #9028 ) ;
#5328 = EDGE_LOOP ( 'NONE', ( #4207, #6163, #4695, #7486 ) ) ;
#5329 = ORIENTED_EDGE ( 'NONE', *, *, #6775, .F. ) ;
#5330 = PLANE ( 'NONE',  #8683 ) ;
#5331 = DIRECTION ( 'NONE',  ( -1.232595164407830809E-32, 4.930380657631323784E-32, 1.000000000000000000 ) ) ;
#5332 = FACE_OUTER_BOUND ( 'NONE', #1283, .T. ) ;
#5333 = PLANE ( 'NONE',  #6495 ) ;
#5334 = CARTESIAN_POINT ( 'NONE',  ( -4318.749999999996362, 560.2425708315851125, -1135.000000000000227 ) ) ;
#5335 = ORIENTED_EDGE ( 'NONE', *, *, #1943, .F. ) ;
#5336 = VERTEX_POINT ( 'NONE', #7753 ) ;
#5337 = ORIENTED_EDGE ( 'NONE', *, *, #1530, .F. ) ;
#5338 = VECTOR ( 'NONE', #4847, 1000.000000000000000 ) ;
#5339 = EDGE_CURVE ( 'NONE', #4582, #3575, #4150, .T. ) ;
#5340 = DIRECTION ( 'NONE',  ( 1.224646799147353207E-16, -1.000000000000000000, 0.000000000000000000 ) ) ;
#5341 = PLANE ( 'NONE',  #9345 ) ;
#5342 = LINE ( 'NONE', #8408, #5772 ) ;
#5343 = DIRECTION ( 'NONE',  ( 0.000000000000000000, -0.9854601157443478865, 0.1699069165076472210 ) ) ;
#5344 = ORIENTED_EDGE ( 'NONE', *, *, #3377, .F. ) ;
#5345 = ORIENTED_EDGE ( 'NONE', *, *, #7172, .T. ) ;
#5346 = DIRECTION ( 'NONE',  ( 0.000000000000000000, -0.000000000000000000, -1.000000000000000000 ) ) ;
#5347 = CIRCLE ( 'NONE', #7763, 80.00000000000007105 ) ;
#5348 = DIRECTION ( 'NONE',  ( -1.000000000000000000, 0.000000000000000000, 0.000000000000000000 ) ) ;
#5349 = ORIENTED_EDGE ( 'NONE', *, *, #8384, .T. ) ;
#5350 = EDGE_LOOP ( 'NONE', ( #3591, #6304, #3894, #2022 ) ) ;
#5351 = EDGE_CURVE ( 'NONE', #2300, #5268, #3713, .T. ) ;
#5352 = CARTESIAN_POINT ( 'NONE',  ( -13899.99999999999818, 679.9999999999977263, -459.9999999999979536 ) ) ;
#5353 = AXIS2_PLACEMENT_3D ( 'NONE', #5023, #1179, #4929 ) ;
#5354 = CARTESIAN_POINT ( 'NONE',  ( -12750.00000000000000, -732.4719190560189190, -589.9999999999970441 ) ) ;
#5355 = VECTOR ( 'NONE', #7303, 1000.000000000000000 ) ;
#5356 = AXIS2_PLACEMENT_3D ( 'NONE', #4423, #2874, #6677 ) ;
#5357 = CARTESIAN_POINT ( 'NONE',  ( -12320.00000000000000, -814.9999999999974989, -239.9999999999984368 ) ) ;
#5358 = AXIS2_PLACEMENT_3D ( 'NONE', #8499, #7422, #6718 ) ;
#5359 = CARTESIAN_POINT ( 'NONE',  ( -13856.59988046646504, -190.0000000000007390, -623.7872381793358727 ) ) ;
#5360 = VECTOR ( 'NONE', #5148, 1000.000000000000000 ) ;
#5361 = EDGE_LOOP ( 'NONE', ( #5283, #4475, #6603, #6651, #9343, #3189, #8507, #5593 ) ) ;
#5362 = AXIS2_PLACEMENT_3D ( 'NONE', #9059, #5959, #8966 ) ;
#5363 = CIRCLE ( 'NONE', #2330, 99.99999999999964473 ) ;
#5364 = ORIENTED_EDGE ( 'NONE', *, *, #6870, .T. ) ;
#5365 = LINE ( 'NONE', #2418, #4756 ) ;
#5366 = PRESENTATION_LAYER_ASSIGNMENT (  '', '', ( #9056 ) ) ;
#5367 = DIRECTION ( 'NONE',  ( -1.232595164407830672E-32, -2.775557561563032360E-16, 1.000000000000000000 ) ) ;
#5368 = DIRECTION ( 'NONE',  ( 0.000000000000000000, -0.000000000000000000, -1.000000000000000000 ) ) ;
#5369 = DIRECTION ( 'NONE',  ( 0.000000000000000000, -1.000000000000000000, 0.000000000000000000 ) ) ;
#5370 = VERTEX_POINT ( 'NONE', #8553 ) ;
#5371 = PRODUCT_DEFINITION_FORMATION_WITH_SPECIFIED_SOURCE ( 'TUTTO', '', #9794, .NOT_KNOWN. ) ;
#5372 = LINE ( 'NONE', #6838, #7336 ) ;
#5373 = EDGE_CURVE ( 'NONE', #768, #8096, #7805, .T. ) ;
#5374 = VECTOR ( 'NONE', #6005, 1000.000000000000000 ) ;
#5375 = VERTEX_POINT ( 'NONE', #6242 ) ;
#5376 = LINE ( 'NONE', #8441, #1718 ) ;
#5377 = ORIENTED_EDGE ( 'NONE', *, *, #569, .T. ) ;
#5378 = CIRCLE ( 'NONE', #9541, 99.99999999999964473 ) ;
#5379 = ORIENTED_EDGE ( 'NONE', *, *, #8597, .F. ) ;
#5380 = DIRECTION ( 'NONE',  ( -0.000000000000000000, 0.000000000000000000, 1.000000000000000000 ) ) ;
#5381 = DIRECTION ( 'NONE',  ( -0.000000000000000000, 0.000000000000000000, 1.000000000000000000 ) ) ;
#5382 = PLANE ( 'NONE',  #6204 ) ;
#5383 = CARTESIAN_POINT ( 'NONE',  ( -12100.00000000000182, -679.9999999999979536, -459.9999999999982947 ) ) ;
#5384 = VECTOR ( 'NONE', #9065, 1000.000000000000000 ) ;
#5385 = EDGE_CURVE ( 'NONE', #9701, #1068, #6349, .T. ) ;
#5386 = CARTESIAN_POINT ( 'NONE',  ( 0.000000000000000000, 0.000000000000000000, -1135.000000000000227 ) ) ;
#5387 = ORIENTED_EDGE ( 'NONE', *, *, #3822, .T. ) ;
#5388 = VERTEX_POINT ( 'NONE', #2439 ) ;
#5389 = ORIENTED_EDGE ( 'NONE', *, *, #1795, .T. ) ;
#5390 = VECTOR ( 'NONE', #8042, 1000.000000000000000 ) ;
#5391 = DIRECTION ( 'NONE',  ( -1.000000000000000000, 0.000000000000000000, -0.000000000000000000 ) ) ;
#5392 = DIRECTION ( 'NONE',  ( 1.000000000000000000, 7.401486830834376525E-17, 0.000000000000000000 ) ) ;
#5393 = DIRECTION ( 'NONE',  ( -1.000000000000000000, -6.265808957320107111E-17, -0.000000000000000000 ) ) ;
#5394 = LINE ( 'NONE', #1493, #4928 ) ;
#5395 = CIRCLE ( 'NONE', #1087, 250.0000000000000000 ) ;
#5396 = VERTEX_POINT ( 'NONE', #987 ) ;
#5397 = AXIS2_PLACEMENT_3D ( 'NONE', #2088, #1937, #3482 ) ;
#5398 = ORIENTED_EDGE ( 'NONE', *, *, #5729, .F. ) ;
#5399 = CARTESIAN_POINT ( 'NONE',  ( -3930.251481490694459, -1089.999999999998181, -1059.999999999999091 ) ) ;
#5400 = EDGE_CURVE ( 'NONE', #3736, #4933, #9870, .T. ) ;
#5401 = DIRECTION ( 'NONE',  ( -6.162975822039157467E-33, 1.000000000000000000, 2.775557561563032360E-16 ) ) ;
#5402 = ADVANCED_FACE ( 'NONE', ( #8325 ), #1456, .F. ) ;
#5403 = VERTEX_POINT ( 'NONE', #2256 ) ;
#5404 = AXIS2_PLACEMENT_3D ( 'NONE', #4586, #828, #2190 ) ;
#5405 = VECTOR ( 'NONE', #1021, 1000.000000000000000 ) ;
#5406 = ORIENTED_EDGE ( 'NONE', *, *, #3616, .F. ) ;
#5407 = DIRECTION ( 'NONE',  ( 0.000000000000000000, 0.1699069165076472210, 0.9854601157443478865 ) ) ;
#5408 = CARTESIAN_POINT ( 'NONE',  ( -9856.250000000005457, 708.0847830052794052, -3423.488475815656784 ) ) ;
#5409 = AXIS2_PLACEMENT_3D ( 'NONE', #9707, #8062, #2143 ) ;
#5410 = DIRECTION ( 'NONE',  ( -0.000000000000000000, 1.000000000000000000, -0.000000000000000000 ) ) ;
#5411 = LINE ( 'NONE', #93, #5254 ) ;
#5412 = AXIS2_PLACEMENT_3D ( 'NONE', #3158, #9274, #6169 ) ;
#5413 = CARTESIAN_POINT ( 'NONE',  ( -14299.99999999999818, -1077.499998843224603, -306.2059048389991176 ) ) ;
#5414 = EDGE_CURVE ( 'NONE', #6648, #6898, #3301, .T. ) ;
#5415 = ORIENTED_EDGE ( 'NONE', *, *, #8736, .F. ) ;
#5416 = EDGE_LOOP ( 'NONE', ( #9264, #5291, #7323, #7653, #1267, #165, #2517, #2501 ) ) ;
#5417 = VECTOR ( 'NONE', #3683, 1000.000000000000000 ) ;
#5418 = ORIENTED_EDGE ( 'NONE', *, *, #8384, .F. ) ;
#5419 = CARTESIAN_POINT ( 'NONE',  ( -1950.000000000000682, 1189.999999999998408, -960.0000000000002274 ) ) ;
#5420 = VECTOR ( 'NONE', #296, 1000.000000000000000 ) ;
#5421 = DIRECTION ( 'NONE',  ( -1.000000000000000000, -6.265808957320107111E-17, -0.000000000000000000 ) ) ;
#5422 = VECTOR ( 'NONE', #2960, 1000.000000000000000 ) ;
#5423 = CYLINDRICAL_SURFACE ( 'NONE', #7613, 79.99999999999995737 ) ;
#5424 = DIRECTION ( 'NONE',  ( 6.162975822039157467E-33, -1.000000000000000000, -2.775557561563032360E-16 ) ) ;
#5425 = VERTEX_POINT ( 'NONE', #2691 ) ;
#5426 = DIRECTION ( 'NONE',  ( 0.000000000000000000, -0.000000000000000000, -1.000000000000000000 ) ) ;
#5427 = CIRCLE ( 'NONE', #6887, 250.0000000000000000 ) ;
#5428 = DIRECTION ( 'NONE',  ( -0.000000000000000000, 0.000000000000000000, 1.000000000000000000 ) ) ;
#5429 = CARTESIAN_POINT ( 'NONE',  ( -4034.427420795914713, -989.9999999999992042, -960.0000000000014779 ) ) ;
#5430 = EDGE_CURVE ( 'NONE', #487, #2627, #8699, .T. ) ;
#5431 = SURFACE_STYLE_USAGE ( .BOTH. , #9232 ) ;
#5432 = VERTEX_POINT ( 'NONE', #7311 ) ;
#5433 = ORIENTED_EDGE ( 'NONE', *, *, #3872, .F. ) ;
#5434 = LINE ( 'NONE', #2386, #5682 ) ;
#5435 = CARTESIAN_POINT ( 'NONE',  ( -11725.00000000000182, 389.6561633456295226, -3423.488475815656784 ) ) ;
#5436 = CARTESIAN_POINT ( 'NONE',  ( -14299.99999999999818, -899.9999999999986358, -637.0854464784594029 ) ) ;
#5437 = CIRCLE ( 'NONE', #8806, 149.9999999999999147 ) ;
#5438 = FACE_OUTER_BOUND ( 'NONE', #7519, .T. ) ;
#5439 = DIRECTION ( 'NONE',  ( 1.000000000000000000, 0.000000000000000000, 0.000000000000000000 ) ) ;
#5440 = EDGE_CURVE ( 'NONE', #2627, #1245, #4581, .T. ) ;
#5441 = ORIENTED_EDGE ( 'NONE', *, *, #8311, .T. ) ;
#5442 = ORIENTED_EDGE ( 'NONE', *, *, #1596, .T. ) ;
#5443 = ORIENTED_EDGE ( 'NONE', *, *, #3952, .F. ) ;
#5444 = ORIENTED_EDGE ( 'NONE', *, *, #7824, .T. ) ;
#5445 = CIRCLE ( 'NONE', #3535, 5999.999999999999091 ) ;
#5446 = LINE ( 'NONE', #1447, #7223 ) ;
#5447 = ADVANCED_FACE ( 'NONE', ( #5691 ), #6552, .T. ) ;
#5448 = DIRECTION ( 'NONE',  ( 1.000000000000000000, 0.000000000000000000, 0.000000000000000000 ) ) ;
#5449 = EDGE_CURVE ( 'NONE', #5990, #487, #1887, .T. ) ;
#5450 = CARTESIAN_POINT ( 'NONE',  ( -11700.00000000000182, 1077.499998843224148, -306.2059048389984355 ) ) ;
#5451 = DIRECTION ( 'NONE',  ( -0.000000000000000000, -0.9854601157443478865, -0.1699069165076472210 ) ) ;
#5452 = VERTEX_POINT ( 'NONE', #5790 ) ;
#5453 = EDGE_LOOP ( 'NONE', ( #2055, #144, #6755, #2644 ) ) ;
#5454 = CARTESIAN_POINT ( 'NONE',  ( 620.0000000000000000, 875.0000000000000000, -1060.000000000000000 ) ) ;
#5455 = CARTESIAN_POINT ( 'NONE',  ( -13000.00000000000000, -454.0705533836912196, -860.0000000000230784 ) ) ;
#5456 = EDGE_CURVE ( 'NONE', #4739, #5432, #8848, .T. ) ;
#5457 = VECTOR ( 'NONE', #2958, 1000.000000000000000 ) ;
#5458 = EDGE_LOOP ( 'NONE', ( #8498, #6534, #7472, #416, #4871, #6803, #622, #1742, #2542, #7644, #5025, #3326, #4452, #1767, #4185, #194, #4738, #3523, #2601, #3799, #2263, #4453, #3720, #2001, #6191, #9410, #8055, #8790, #810, #1954, #3152, #787 ) ) ;
#5459 = ORIENTED_EDGE ( 'NONE', *, *, #7049, .T. ) ;
#5460 = CARTESIAN_POINT ( 'NONE',  ( -6240.624999999996362, -739.9999999999995453, -960.0000000000000000 ) ) ;
#5461 = EDGE_CURVE ( 'NONE', #2340, #6318, #8056, .T. ) ;
#5462 = EDGE_CURVE ( 'NONE', #1715, #6997, #8747, .T. ) ;
#5463 = DIRECTION ( 'NONE',  ( 1.000000000000000000, 6.162975822039152677E-33, 1.232595164407830946E-32 ) ) ;
#5464 = CARTESIAN_POINT ( 'NONE',  ( -6562.499999999994543, -739.9999999999996589, -1135.000000000000227 ) ) ;
#5465 = CARTESIAN_POINT ( 'NONE',  ( -1850.000000000000455, 241.8139511719357131, -1135.000000000000227 ) ) ;
#5466 = CARTESIAN_POINT ( 'NONE',  ( -11725.00000000000182, -389.6561633456271920, -1135.000000000000227 ) ) ;
#5467 = ORIENTED_EDGE ( 'NONE', *, *, #383, .F. ) ;
#5468 = ORIENTED_EDGE ( 'NONE', *, *, #7564, .F. ) ;
#5469 = EDGE_LOOP ( 'NONE', ( #6504, #7156, #4090, #5345 ) ) ;
#5470 = DIRECTION ( 'NONE',  ( 0.000000000000000000, -1.000000000000000000, -0.000000000000000000 ) ) ;
#5471 = CARTESIAN_POINT ( 'NONE',  ( -11825.00000000000000, 241.8139511719357131, -960.0000000000002274 ) ) ;
#5472 = CARTESIAN_POINT ( 'NONE',  ( -10244.74851850930827, 1189.999999999998181, -1009.999999999998181 ) ) ;
#5473 = EDGE_CURVE ( 'NONE', #6084, #8754, #380, .T. ) ;
#5474 = DIRECTION ( 'NONE',  ( -1.000000000000000000, -6.162975822039151993E-33, -1.232595164407830946E-32 ) ) ;
#5475 = EDGE_LOOP ( 'NONE', ( #4753, #4291, #5786, #7621 ) ) ;
#5476 = PLANE ( 'NONE',  #9566 ) ;
#5477 = AXIS2_PLACEMENT_3D ( 'NONE', #222, #4786, #7745 ) ;
#5478 = CARTESIAN_POINT ( 'NONE',  ( -12244.99999999992906, 454.0705533836913332, -860.0000000000227374 ) ) ;
#5479 = PLANE ( 'NONE',  #5196 ) ;
#5480 = ADVANCED_FACE ( 'NONE', ( #5036 ), #8106, .T. ) ;
#5481 = VERTEX_POINT ( 'NONE', #1092 ) ;
#5482 = ORIENTED_EDGE ( 'NONE', *, *, #2964, .T. ) ;
#5483 = DIRECTION ( 'NONE',  ( 0.000000000000000000, 0.000000000000000000, -1.000000000000000000 ) ) ;
#5484 = DIRECTION ( 'NONE',  ( 1.000000000000000000, 0.000000000000000000, 0.000000000000000000 ) ) ;
#5485 = DIRECTION ( 'NONE',  ( -1.000000000000000000, 0.000000000000000000, -0.000000000000000000 ) ) ;
#5486 = CARTESIAN_POINT ( 'NONE',  ( -11661.34256363902387, -896.2284449665696684, -757.0854464784603124 ) ) ;
#5487 = EDGE_LOOP ( 'NONE', ( #871, #3335, #9913, #7100 ) ) ;
#5488 = ORIENTED_EDGE ( 'NONE', *, *, #6580, .F. ) ;
#5489 = ORIENTED_EDGE ( 'NONE', *, *, #5449, .T. ) ;
#5490 = EDGE_LOOP ( 'NONE', ( #4986, #6959, #6123, #5033, #9209, #5253, #4419 ) ) ;
#5491 = CARTESIAN_POINT ( 'NONE',  ( 2.959189170475275464E-13, 989.9999999999984084, -960.0000000000022737 ) ) ;
#5492 = CARTESIAN_POINT ( 'NONE',  ( -12225.00000000000182, 341.8139511719356847, 0.000000000000000000 ) ) ;
#5493 = CARTESIAN_POINT ( 'NONE',  ( -11825.00000000000182, -740.0000000000006821, -1135.000000000000227 ) ) ;
#5494 = DIRECTION ( 'NONE',  ( -6.162975822039157467E-33, 1.000000000000000000, 2.775557561563032360E-16 ) ) ;
#5495 = CARTESIAN_POINT ( 'NONE',  ( -11390.53962160355877, 92.81522335464009643, -960.0000000000002274 ) ) ;
#5496 = DIRECTION ( 'NONE',  ( 0.000000000000000000, 0.000000000000000000, 1.000000000000000000 ) ) ;
#5497 = VERTEX_POINT ( 'NONE', #9549 ) ;
#5498 = CYLINDRICAL_SURFACE ( 'NONE', #3113, 250.0000000000000000 ) ;
#5499 = DIRECTION ( 'NONE',  ( 1.232595164407830672E-32, 2.775557561563032360E-16, -1.000000000000000000 ) ) ;
#5500 = EDGE_CURVE ( 'NONE', #5687, #1580, #4278, .T. ) ;
#5501 = ORIENTED_EDGE ( 'NONE', *, *, #9555, .F. ) ;
#5502 = VERTEX_POINT ( 'NONE', #8801 ) ;
#5503 = CARTESIAN_POINT ( 'NONE',  ( -5190.624999999995453, 739.9999999999980673, -960.0000000000000000 ) ) ;
#5504 = DIRECTION ( 'NONE',  ( 1.000000000000000000, 0.000000000000000000, 0.000000000000000000 ) ) ;
#5505 = ADVANCED_FACE ( 'NONE', ( #7211 ), #1944, .F. ) ;
#5506 = VECTOR ( 'NONE', #640, 1000.000000000000000 ) ;
#5507 = DIRECTION ( 'NONE',  ( -0.000000000000000000, 0.000000000000000000, 1.000000000000000000 ) ) ;
#5508 = CARTESIAN_POINT ( 'NONE',  ( 588.6859966642593918, -875.0000000000000000, -1140.000000000000227 ) ) ;
#5509 = DIRECTION ( 'NONE',  ( 0.000000000000000000, 0.000000000000000000, -1.000000000000000000 ) ) ;
#5510 = VERTEX_POINT ( 'NONE', #1191 ) ;
#5511 = EDGE_CURVE ( 'NONE', #8705, #5990, #4239, .T. ) ;
#5512 = VECTOR ( 'NONE', #7757, 999.9999999999998863 ) ;
#5513 = EDGE_CURVE ( 'NONE', #9738, #6277, #489, .T. ) ;
#5514 = ORIENTED_EDGE ( 'NONE', *, *, #17, .T. ) ;
#5515 = VERTEX_POINT ( 'NONE', #2594 ) ;
#5516 = VECTOR ( 'NONE', #522, 1000.000000000000000 ) ;
#5517 = CARTESIAN_POINT ( 'NONE',  ( -13680.00000000000000, -1970.627566330085756, -517.7941176470596929 ) ) ;
#5518 = FACE_OUTER_BOUND ( 'NONE', #9041, .T. ) ;
#5519 = AXIS2_PLACEMENT_3D ( 'NONE', #4516, #8231, #519 ) ;
#5520 = DIRECTION ( 'NONE',  ( -6.162975822039157467E-33, 1.000000000000000000, 2.775557561563032360E-16 ) ) ;
#5521 = DIRECTION ( 'NONE',  ( -1.432545838226008708E-17, -1.000000000000000000, 0.000000000000000000 ) ) ;
#5522 = ORIENTED_EDGE ( 'NONE', *, *, #6659, .F. ) ;
#5523 = VECTOR ( 'NONE', #6184, 1000.000000000000000 ) ;
#5524 = VECTOR ( 'NONE', #54, 1000.000000000000000 ) ;
#5525 = CIRCLE ( 'NONE', #7298, 149.9999999999999147 ) ;
#5526 = ORIENTED_EDGE ( 'NONE', *, *, #4575, .T. ) ;
#5527 = EDGE_CURVE ( 'NONE', #4258, #2100, #9874, .T. ) ;
#5528 = ADVANCED_FACE ( 'NONE', ( #2040 ), #286, .T. ) ;
#5529 = VECTOR ( 'NONE', #7649, 1000.000000000000000 ) ;
#5530 = DIRECTION ( 'NONE',  ( -1.432545838226008708E-17, -1.000000000000000000, 0.000000000000000000 ) ) ;
#5531 = DIRECTION ( 'NONE',  ( 1.000000000000000000, 0.000000000000000000, 1.179611963664227720E-14 ) ) ;
#5532 =( GEOMETRIC_REPRESENTATION_CONTEXT ( 3 ) GLOBAL_UNCERTAINTY_ASSIGNED_CONTEXT ( ( #1419 ) ) GLOBAL_UNIT_ASSIGNED_CONTEXT ( ( #1078, #3530, #4283 ) ) REPRESENTATION_CONTEXT ( 'NONE', 'WORKASPACE' ) );
#5533 = ORIENTED_EDGE ( 'NONE', *, *, #8139, .F. ) ;
#5534 = ORIENTED_EDGE ( 'NONE', *, *, #5511, .F. ) ;
#5535 = CARTESIAN_POINT ( 'NONE',  ( -12500.00000000000182, -1970.627566330085983, -306.2059048389994587 ) ) ;
#5536 = CARTESIAN_POINT ( 'NONE',  ( 588.6859966642593918, -875.0000000000000000, -1060.000000000000000 ) ) ;
#5537 = CARTESIAN_POINT ( 'NONE',  ( -9956.250000000003638, -560.2425708315862494, -960.0000000000000000 ) ) ;
#5538 = DIRECTION ( 'NONE',  ( 1.879742687196032133E-16, -1.000000000000000000, -0.000000000000000000 ) ) ;
#5539 = ADVANCED_FACE ( 'NONE', ( #3338 ), #9455, .F. ) ;
#5540 = ORIENTED_EDGE ( 'NONE', *, *, #7870, .T. ) ;
#5541 = ORIENTED_EDGE ( 'NONE', *, *, #6981, .F. ) ;
#5542 = ORIENTED_EDGE ( 'NONE', *, *, #1657, .T. ) ;
#5543 = LINE ( 'NONE', #9822, #6990 ) ;
#5544 = DIRECTION ( 'NONE',  ( 6.162975822039157467E-33, -1.000000000000000000, -2.775557561563032360E-16 ) ) ;
#5545 = LINE ( 'NONE', #1799, #5338 ) ;
#5546 = CARTESIAN_POINT ( 'NONE',  ( -12500.00000000000182, -1970.627566330085756, -637.0854464784596303 ) ) ;
#5547 = LINE ( 'NONE', #7810, #2061 ) ;
#5548 = ORIENTED_EDGE ( 'NONE', *, *, #9428, .F. ) ;
#5549 = DIRECTION ( 'NONE',  ( 1.000000000000000000, 0.000000000000000000, 0.000000000000000000 ) ) ;
#5550 = CARTESIAN_POINT ( 'NONE',  ( -3921.569072607348517, 5431.508564030776142, -960.7596123493884761 ) ) ;
#5551 = CARTESIAN_POINT ( 'NONE',  ( -2784.460378396442138, -92.81522335464026696, -1135.000000000000227 ) ) ;
#5552 = VECTOR ( 'NONE', #867, 1000.000000000000114 ) ;
#5553 = ORIENTED_EDGE ( 'NONE', *, *, #1164, .F. ) ;
#5554 = VERTEX_POINT ( 'NONE', #722 ) ;
#5555 = CYLINDRICAL_SURFACE ( 'NONE', #8173, 250.0000000000000000 ) ;
#5556 = VECTOR ( 'NONE', #6220, 1000.000000000000000 ) ;
#5557 = CARTESIAN_POINT ( 'NONE',  ( -9306.250000000003638, 739.9999999999977263, -960.0000000000000000 ) ) ;
#5558 = EDGE_CURVE ( 'NONE', #9173, #3372, #9091, .T. ) ;
#5559 = DIRECTION ( 'NONE',  ( -6.162975822039157467E-33, 1.000000000000000000, 2.775557561563032360E-16 ) ) ;
#5560 = DIRECTION ( 'NONE',  ( 1.000000000000000000, 0.000000000000000000, 0.000000000000000000 ) ) ;
#5561 = DIRECTION ( 'NONE',  ( -6.162975822039157467E-33, 1.000000000000000000, 2.775557561563032360E-16 ) ) ;
#5562 = VECTOR ( 'NONE', #4057, 1000.000000000000000 ) ;
#5563 = VERTEX_POINT ( 'NONE', #2278 ) ;
#5564 = EDGE_CURVE ( 'NONE', #4903, #2981, #8157, .T. ) ;
#5565 = VERTEX_POINT ( 'NONE', #4341 ) ;
#5566 = DIRECTION ( 'NONE',  ( -1.000000000000000000, 0.000000000000000000, 0.000000000000000000 ) ) ;
#5567 = LINE ( 'NONE', #1014, #9779 ) ;
#5568 = AXIS2_PLACEMENT_3D ( 'NONE', #1997, #5146, #496 ) ;
#5569 = FACE_OUTER_BOUND ( 'NONE', #3948, .T. ) ;
#5570 = AXIS2_PLACEMENT_3D ( 'NONE', #8205, #7458, #5043 ) ;
#5571 = EDGE_CURVE ( 'NONE', #6931, #3104, #8126, .T. ) ;
#5572 = EDGE_LOOP ( 'NONE', ( #7588, #6702, #3961, #4145 ) ) ;
#5573 = EDGE_LOOP ( 'NONE', ( #1793, #342, #6774, #3402, #6610 ) ) ;
#5574 = AXIS2_PLACEMENT_3D ( 'NONE', #5080, #4187, #6545 ) ;
#5575 = AXIS2_PLACEMENT_3D ( 'NONE', #3850, #1496, #843 ) ;
#5576 = ORIENTED_EDGE ( 'NONE', *, *, #2764, .T. ) ;
#5577 = VECTOR ( 'NONE', #7734, 1000.000000000000000 ) ;
#5578 = CARTESIAN_POINT ( 'NONE',  ( -11611.43189860506391, -877.4999988432243754, -757.0854464784603124 ) ) ;
#5579 = DIRECTION ( 'NONE',  ( 1.000000000000000000, 0.000000000000000000, -0.000000000000000000 ) ) ;
#5580 = CARTESIAN_POINT ( 'NONE',  ( -14299.99999999999818, -1077.499998843224375, -637.0854464784594029 ) ) ;
#5581 = VECTOR ( 'NONE', #7124, 1000.000000000000000 ) ;
#5582 = EDGE_CURVE ( 'NONE', #6444, #8039, #9072, .T. ) ;
#5583 = VERTEX_POINT ( 'NONE', #1292 ) ;
#5584 = EDGE_CURVE ( 'NONE', #5195, #264, #5986, .T. ) ;
#5585 = EDGE_LOOP ( 'NONE', ( #3013, #4850, #3944, #4754, #3814, #8791, #5078 ) ) ;
#5586 = DIRECTION ( 'NONE',  ( -6.162975822039157467E-33, 1.000000000000000000, 3.301729611148415602E-16 ) ) ;
#5587 = DIRECTION ( 'NONE',  ( -6.162975822039157467E-33, 1.000000000000000000, 3.301729611148415602E-16 ) ) ;
#5588 = CARTESIAN_POINT ( 'NONE',  ( -1950.000000000000682, -899.9999999999998863, -910.0000000000001137 ) ) ;
#5589 = CARTESIAN_POINT ( 'NONE',  ( 0.000000000000000000, 0.000000000000000000, -1135.000000000000227 ) ) ;
#5590 = ORIENTED_EDGE ( 'NONE', *, *, #7366, .T. ) ;
#5591 = EDGE_LOOP ( 'NONE', ( #2696, #4284, #6049, #245 ) ) ;
#5592 = ORIENTED_EDGE ( 'NONE', *, *, #2784, .F. ) ;
#5593 = ORIENTED_EDGE ( 'NONE', *, *, #285, .T. ) ;
#5594 = CARTESIAN_POINT ( 'NONE',  ( -7934.375000000004547, 989.9999999999979536, -1135.000000000000227 ) ) ;
#5595 = CARTESIAN_POINT ( 'NONE',  ( -12225.00000000000182, 241.8139511719357131, -960.0000000000002274 ) ) ;
#5596 = DIRECTION ( 'NONE',  ( -1.000000000000000000, 0.000000000000000000, -0.000000000000000000 ) ) ;
#5597 = DIRECTION ( 'NONE',  ( -1.000000000000000000, -0.000000000000000000, -0.000000000000000000 ) ) ;
#5598 = ADVANCED_FACE ( 'NONE', ( #9756 ), #7405, .F. ) ;
#5599 = DIRECTION ( 'NONE',  ( 0.9848077530122092416, 0.000000000000000000, -0.1736481776669237531 ) ) ;
#5600 = AXIS2_PLACEMENT_3D ( 'NONE', #5460, #3895, #7018 ) ;
#5601 = VERTEX_POINT ( 'NONE', #5184 ) ;
#5602 = CARTESIAN_POINT ( 'NONE',  ( -11825.00000000000000, 389.6561633456294658, -1135.000000000000227 ) ) ;
#5603 = EDGE_LOOP ( 'NONE', ( #7714, #7434, #3130, #3576 ) ) ;
#5604 = PLANE ( 'NONE',  #4886 ) ;
#5605 = DIRECTION ( 'NONE',  ( 0.000000000000000000, -1.000000000000000000, 0.000000000000000000 ) ) ;
#5606 = ORIENTED_EDGE ( 'NONE', *, *, #9434, .T. ) ;
#5607 = CIRCLE ( 'NONE', #6235, 99.99999999999964473 ) ;
#5608 = CARTESIAN_POINT ( 'NONE',  ( -14763.68599666425871, 875.0000000000000000, -980.0000000000001137 ) ) ;
#5609 = EDGE_CURVE ( 'NONE', #674, #3876, #9136, .T. ) ;
#5610 = DIRECTION ( 'NONE',  ( 0.000000000000000000, 0.000000000000000000, 1.000000000000000000 ) ) ;
#5611 = PLANE ( 'NONE',  #2277 ) ;
#5612 = AXIS2_PLACEMENT_3D ( 'NONE', #3465, #1920, #7133 ) ;
#5613 = CARTESIAN_POINT ( 'NONE',  ( -12143.40011953353496, 1077.499998843224375, -757.0854464784597440 ) ) ;
#5614 = CARTESIAN_POINT ( 'NONE',  ( -11700.00000000000182, -1077.499998843224375, -637.0854464784594029 ) ) ;
#5615 = EDGE_LOOP ( 'NONE', ( #8291, #3387, #6382, #9243, #8638, #811, #7126 ) ) ;
#5616 = EDGE_CURVE ( 'NONE', #5292, #3702, #8248, .T. ) ;
#5617 = CARTESIAN_POINT ( 'NONE',  ( -4034.427420795908347, 954.9999999999980673, -3423.488475815656784 ) ) ;
#5618 = CARTESIAN_POINT ( 'NONE',  ( -8984.375000000005457, -990.0000000000001137, -960.0000000000005684 ) ) ;
#5619 = LINE ( 'NONE', #7283, #9898 ) ;
#5620 = ORIENTED_EDGE ( 'NONE', *, *, #2514, .F. ) ;
#5621 = ORIENTED_EDGE ( 'NONE', *, *, #4259, .T. ) ;
#5622 = EDGE_LOOP ( 'NONE', ( #6326, #5293, #2716, #942, #8103, #7013, #1215, #699, #1974 ) ) ;
#5623 = EDGE_LOOP ( 'NONE', ( #9305, #1001, #4634, #1884 ) ) ;
#5624 = VECTOR ( 'NONE', #5393, 1000.000000000000000 ) ;
#5625 = EDGE_CURVE ( 'NONE', #2794, #3219, #1336, .T. ) ;
#5626 = DIRECTION ( 'NONE',  ( 0.000000000000000000, 0.000000000000000000, 1.000000000000000000 ) ) ;
#5627 = DIRECTION ( 'NONE',  ( -1.000000000000000000, 0.000000000000000000, 0.000000000000000000 ) ) ;
#5628 = CARTESIAN_POINT ( 'NONE',  ( -6812.499999999994543, 989.9999999999984084, -960.0000000000002274 ) ) ;
#5629 = DIRECTION ( 'NONE',  ( 0.000000000000000000, 0.000000000000000000, 1.000000000000000000 ) ) ;
#5630 = VERTEX_POINT ( 'NONE', #9702 ) ;
#5631 = ORIENTED_EDGE ( 'NONE', *, *, #450, .T. ) ;
#5632 = CARTESIAN_POINT ( 'NONE',  ( -13499.99999999999818, 1077.499998843224148, -306.2059048389983218 ) ) ;
#5633 = CARTESIAN_POINT ( 'NONE',  ( -11411.43189860506209, 725.0021062409357455, -757.0854464784598576 ) ) ;
#5634 = DIRECTION ( 'NONE',  ( -1.000000000000000000, -6.162975822039152677E-33, -1.232595164407830946E-32 ) ) ;
#5635 = CARTESIAN_POINT ( 'NONE',  ( -4181.529920558540653, 653.0577941862250100, -1135.000000000000227 ) ) ;
#5636 = ORIENTED_EDGE ( 'NONE', *, *, #9421, .T. ) ;
#5637 = ORIENTED_EDGE ( 'NONE', *, *, #3632, .F. ) ;
#5638 = EDGE_CURVE ( 'NONE', #8738, #809, #2838, .T. ) ;
#5639 = ORIENTED_EDGE ( 'NONE', *, *, #9008, .F. ) ;
#5640 = ORIENTED_EDGE ( 'NONE', *, *, #8999, .T. ) ;
#5641 = ADVANCED_FACE ( 'NONE', ( #8950 ), #7549, .T. ) ;
#5642 = CARTESIAN_POINT ( 'NONE',  ( 0.000000000000000000, 0.000000000000000000, -1135.000000000000227 ) ) ;
#5643 = LINE ( 'NONE', #5692, #9275 ) ;
#5644 = DIRECTION ( 'NONE',  ( 0.000000000000000000, 0.000000000000000000, -1.000000000000000000 ) ) ;
#5645 = DIRECTION ( 'NONE',  ( 1.000000000000000000, -7.526935760170552482E-17, -5.268855032119387132E-15 ) ) ;
#5646 = VECTOR ( 'NONE', #2713, 1000.000000000000000 ) ;
#5647 = CARTESIAN_POINT ( 'NONE',  ( -13499.99999999999818, -1970.627566330085756, -637.0854464784596303 ) ) ;
#5648 = VERTEX_POINT ( 'NONE', #3690 ) ;
#5649 = CARTESIAN_POINT ( 'NONE',  ( -12100.00000000000182, 679.9999999999977263, -459.9999999999979536 ) ) ;
#5650 = ORIENTED_EDGE ( 'NONE', *, *, #4665, .T. ) ;
#5651 = FACE_OUTER_BOUND ( 'NONE', #1738, .T. ) ;
#5652 = CARTESIAN_POINT ( 'NONE',  ( -12100.00000000000182, -679.9999999999976126, -919.9999999999984084 ) ) ;
#5653 = ORIENTED_EDGE ( 'NONE', *, *, #795, .F. ) ;
#5654 = EDGE_CURVE ( 'NONE', #6818, #7509, #6747, .T. ) ;
#5655 = PLANE ( 'NONE',  #4955 ) ;
#5656 = CARTESIAN_POINT ( 'NONE',  ( -2.914659381970696526E-13, 1189.999999999998408, -960.0000000000002274 ) ) ;
#5657 = LINE ( 'NONE', #8670, #4997 ) ;
#5658 = CARTESIAN_POINT ( 'NONE',  ( -1.629192649327036634E-12, -989.9999999999984084, -960.0000000000022737 ) ) ;
#5659 = DIRECTION ( 'NONE',  ( -1.000000000000000000, -6.162975822039154046E-33, -1.232595164407830946E-32 ) ) ;
#5660 = EDGE_CURVE ( 'NONE', #3694, #4806, #4531, .T. ) ;
#5661 = ORIENTED_EDGE ( 'NONE', *, *, #6782, .T. ) ;
#5662 = CARTESIAN_POINT ( 'NONE',  ( -11499.99999999998181, 708.3613705689267590, -752.1130625175197792 ) ) ;
#5663 = DIRECTION ( 'NONE',  ( 6.162975822039157467E-33, -1.000000000000000000, -2.249385511977649118E-16 ) ) ;
#5664 = AXIS2_PLACEMENT_3D ( 'NONE', #886, #9249, #4547 ) ;
#5665 = LINE ( 'NONE', #8677, #1424 ) ;
#5666 = CARTESIAN_POINT ( 'NONE',  ( -13833.84276082943325, 1054.999999999996589, -504.9802145985159427 ) ) ;
#5667 = ORIENTED_EDGE ( 'NONE', *, *, #8823, .T. ) ;
#5668 = ORIENTED_EDGE ( 'NONE', *, *, #3511, .F. ) ;
#5669 = AXIS2_PLACEMENT_3D ( 'NONE', #7328, #3604, #2803 ) ;
#5670 = AXIS2_PLACEMENT_3D ( 'NONE', #1073, #9587, #4225 ) ;
#5671 = ORIENTED_EDGE ( 'NONE', *, *, #676, .T. ) ;
#5672 = CARTESIAN_POINT ( 'NONE',  ( -1950.000000000000682, 800.0000000000000000, -910.0000000000001137 ) ) ;
#5673 = DIRECTION ( 'NONE',  ( 1.483886295880788311E-16, -1.000000000000000000, 0.000000000000000000 ) ) ;
#5674 = CARTESIAN_POINT ( 'NONE',  ( -13899.99999999999818, -1054.999999999997726, 1.665334536937734811E-12 ) ) ;
#5675 = AXIS2_PLACEMENT_3D ( 'NONE', #1649, #9256, #7715 ) ;
#5676 = VECTOR ( 'NONE', #1874, 1000.000000000000000 ) ;
#5677 = ORIENTED_EDGE ( 'NONE', *, *, #2571, .T. ) ;
#5678 = VECTOR ( 'NONE', #9544, 1000.000000000000114 ) ;
#5679 = ORIENTED_EDGE ( 'NONE', *, *, #499, .F. ) ;
#5680 = EDGE_CURVE ( 'NONE', #8135, #3014, #2673, .T. ) ;
#5681 = DIRECTION ( 'NONE',  ( 0.000000000000000000, 0.000000000000000000, 1.000000000000000000 ) ) ;
#5682 = VECTOR ( 'NONE', #9235, 1000.000000000000000 ) ;
#5683 = CARTESIAN_POINT ( 'NONE',  ( -2784.460378396442138, -92.81522335464025275, -960.0000000000002274 ) ) ;
#5684 = CARTESIAN_POINT ( 'NONE',  ( -14312.98791175995575, 899.9999999999986358, -761.6116762475795667 ) ) ;
#5685 = PLANE ( 'NONE',  #4080 ) ;
#5686 = AXIS2_PLACEMENT_3D ( 'NONE', #2588, #5485, #1084 ) ;
#5687 = VERTEX_POINT ( 'NONE', #2183 ) ;
#5688 = ORIENTED_EDGE ( 'NONE', *, *, #4439, .T. ) ;
#5689 = VERTEX_POINT ( 'NONE', #5234 ) ;
#5690 = ADVANCED_FACE ( 'NONE', ( #6787 ), #3637, .F. ) ;
#5691 = FACE_OUTER_BOUND ( 'NONE', #377, .T. ) ;
#5692 = CARTESIAN_POINT ( 'NONE',  ( -1950.000000000000682, 899.9999999999998863, -910.0000000000001137 ) ) ;
#5693 = CYLINDRICAL_SURFACE ( 'NONE', #393, 250.0000000000000000 ) ;
#5694 = ORIENTED_EDGE ( 'NONE', *, *, #5830, .F. ) ;
#5695 = DIRECTION ( 'NONE',  ( -0.3722007944145567238, 0.9281522335464009732, 0.000000000000000000 ) ) ;
#5696 = EDGE_CURVE ( 'NONE', #7141, #7852, #3734, .T. ) ;
#5697 = EDGE_LOOP ( 'NONE', ( #7016, #1000, #6972, #9261, #760, #1682 ) ) ;
#5698 = DIRECTION ( 'NONE',  ( 0.000000000000000000, -2.413528314402514090E-16, 1.000000000000000000 ) ) ;
#5699 = VERTEX_POINT ( 'NONE', #8591 ) ;
#5700 = DIRECTION ( 'NONE',  ( -1.000000000000000000, 0.000000000000000000, 0.000000000000000000 ) ) ;
#5701 = DIRECTION ( 'NONE',  ( -6.265808957320107111E-17, 1.000000000000000000, -0.000000000000000000 ) ) ;
#5702 = ORIENTED_EDGE ( 'NONE', *, *, #3316, .T. ) ;
#5703 = CARTESIAN_POINT ( 'NONE',  ( -2350.000000000001364, -739.9999999999988631, -1135.000000000000227 ) ) ;
#5704 = FACE_OUTER_BOUND ( 'NONE', #50, .T. ) ;
#5705 = FACE_BOUND ( 'NONE', #3171, .T. ) ;
#5706 = EDGE_CURVE ( 'NONE', #4749, #2186, #5376, .T. ) ;
#5707 = LINE ( 'NONE', #1160, #3410 ) ;
#5708 = CIRCLE ( 'NONE', #9066, 460.0000000000000000 ) ;
#5709 = EDGE_CURVE ( 'NONE', #5863, #7189, #2475, .T. ) ;
#5710 = DIRECTION ( 'NONE',  ( -1.000000000000000000, -6.162975822039154046E-33, -1.232595164407830946E-32 ) ) ;
#5711 = CARTESIAN_POINT ( 'NONE',  ( -11661.34256363902387, -1077.499998843224375, -757.0854464784604261 ) ) ;
#5712 = ORIENTED_EDGE ( 'NONE', *, *, #6719, .F. ) ;
#5713 = CYLINDRICAL_SURFACE ( 'NONE', #9085, 50.00000000000027001 ) ;
#5714 = AXIS2_PLACEMENT_3D ( 'NONE', #5138, #585, #9844 ) ;
#5715 = CARTESIAN_POINT ( 'NONE',  ( -12244.99999999992906, 1077.499998843224375, -860.0000000000226237 ) ) ;
#5716 = DIRECTION ( 'NONE',  ( -1.000000000000000000, 0.000000000000000000, 0.000000000000000000 ) ) ;
#5717 = ORIENTED_EDGE ( 'NONE', *, *, #1778, .T. ) ;
#5718 = EDGE_CURVE ( 'NONE', #4176, #5601, #1726, .T. ) ;
#5719 = VECTOR ( 'NONE', #8319, 1000.000000000000000 ) ;
#5720 = VERTEX_POINT ( 'NONE', #914 ) ;
#5721 = AXIS2_PLACEMENT_3D ( 'NONE', #8344, #720, #2180 ) ;
#5722 = ORIENTED_EDGE ( 'NONE', *, *, #693, .F. ) ;
#5723 = DIRECTION ( 'NONE',  ( -1.000000000000000000, -0.000000000000000000, -0.000000000000000000 ) ) ;
#5724 = VECTOR ( 'NONE', #3237, 1000.000000000000000 ) ;
#5725 = CARTESIAN_POINT ( 'NONE',  ( -4551.792278806056856, 5431.508564030776142, -849.6342572279651222 ) ) ;
#5726 = VECTOR ( 'NONE', #5744, 1000.000000000000000 ) ;
#5727 = LINE ( 'NONE', #8837, #9185 ) ;
#5728 = EDGE_LOOP ( 'NONE', ( #5621, #7803, #6919, #632, #5883, #9653 ) ) ;
#5729 = EDGE_CURVE ( 'NONE', #2178, #2039, #1626, .T. ) ;
#5730 = ORIENTED_EDGE ( 'NONE', *, *, #693, .T. ) ;
#5731 = DIRECTION ( 'NONE',  ( 0.000000000000000000, 1.000000000000000000, 0.000000000000000000 ) ) ;
#5732 = PLANE ( 'NONE',  #7875 ) ;
#5733 = CARTESIAN_POINT ( 'NONE',  ( -14338.65743636097613, -896.2284449665696684, -757.0854464784603124 ) ) ;
#5734 = AXIS2_PLACEMENT_3D ( 'NONE', #3365, #9432, #2572 ) ;
#5735 = PLANE ( 'NONE',  #1852 ) ;
#5736 = VERTEX_POINT ( 'NONE', #3165 ) ;
#5737 = ORIENTED_EDGE ( 'NONE', *, *, #4779, .T. ) ;
#5738 = ORIENTED_EDGE ( 'NONE', *, *, #6883, .F. ) ;
#5739 = CARTESIAN_POINT ( 'NONE',  ( 0.000000000000000000, 0.000000000000000000, -1135.000000000000227 ) ) ;
#5740 = AXIS2_PLACEMENT_3D ( 'NONE', #8624, #7074, #8771 ) ;
#5741 = LINE ( 'NONE', #6029, #4487 ) ;
#5742 = CARTESIAN_POINT ( 'NONE',  ( -12225.00000000000182, 989.9999999999984084, -960.0000000000002274 ) ) ;
#5743 = VERTEX_POINT ( 'NONE', #4778 ) ;
#5744 = DIRECTION ( 'NONE',  ( -0.000000000000000000, 0.000000000000000000, 1.000000000000000000 ) ) ;
#5745 = DIRECTION ( 'NONE',  ( -1.232595164407830672E-32, -2.775557561563032360E-16, 1.000000000000000000 ) ) ;
#5746 = DIRECTION ( 'NONE',  ( -6.162975822039157467E-33, 1.000000000000000000, 2.775557561563032360E-16 ) ) ;
#5747 = EDGE_CURVE ( 'NONE', #1664, #2188, #8540, .T. ) ;
#5748 = ORIENTED_EDGE ( 'NONE', *, *, #3644, .F. ) ;
#5749 = FACE_OUTER_BOUND ( 'NONE', #6145, .T. ) ;
#5750 = DIRECTION ( 'NONE',  ( -1.000000000000000000, 0.000000000000000000, 0.000000000000000000 ) ) ;
#5751 = VERTEX_POINT ( 'NONE', #971 ) ;
#5752 = EDGE_CURVE ( 'NONE', #5800, #2741, #2328, .T. ) ;
#5753 = CIRCLE ( 'NONE', #5600, 250.0000000000000000 ) ;
#5754 = LINE ( 'NONE', #9010, #3366 ) ;
#5755 = DIRECTION ( 'NONE',  ( -1.432545838226008399E-17, 1.000000000000000000, 0.000000000000000000 ) ) ;
#5756 = CARTESIAN_POINT ( 'NONE',  ( -11499.99999999997999, 725.0021062409357455, -757.0854464784598576 ) ) ;
#5757 = CARTESIAN_POINT ( 'NONE',  ( -12143.40011953353496, 190.0000000000006821, -504.9802145985029256 ) ) ;
#5758 = CARTESIAN_POINT ( 'NONE',  ( -12100.00000000000182, 679.9999999999979536, -459.9999999999979536 ) ) ;
#5759 = EDGE_CURVE ( 'NONE', #9399, #5563, #6935, .T. ) ;
#5760 = LINE ( 'NONE', #4168, #9102 ) ;
#5761 = FACE_OUTER_BOUND ( 'NONE', #649, .T. ) ;
#5762 = VECTOR ( 'NONE', #835, 1000.000000000000000 ) ;
#5763 = ORIENTED_EDGE ( 'NONE', *, *, #5317, .T. ) ;
#5764 = ADVANCED_FACE ( 'NONE', ( #9279 ), #1575, .T. ) ;
#5765 = DIRECTION ( 'NONE',  ( 0.000000000000000000, -1.000000000000000000, 0.000000000000000000 ) ) ;
#5766 = EDGE_CURVE ( 'NONE', #2488, #2039, #6280, .T. ) ;
#5767 = CARTESIAN_POINT ( 'NONE',  ( -5990.624999999996362, 739.9999999999979536, -1135.000000000000227 ) ) ;
#5768 = DIRECTION ( 'NONE',  ( -6.162975822039157467E-33, 1.000000000000000000, 2.775557561563032360E-16 ) ) ;
#5769 = VECTOR ( 'NONE', #2372, 1000.000000000000000 ) ;
#5770 = ORIENTED_EDGE ( 'NONE', *, *, #4167, .F. ) ;
#5771 = ORIENTED_EDGE ( 'NONE', *, *, #5582, .F. ) ;
#5772 = VECTOR ( 'NONE', #4595, 1000.000000000000000 ) ;
#5773 = ORIENTED_EDGE ( 'NONE', *, *, #3116, .F. ) ;
#5774 = ORIENTED_EDGE ( 'NONE', *, *, #5326, .F. ) ;
#5775 = CYLINDRICAL_SURFACE ( 'NONE', #3269, 149.9999999999999147 ) ;
#5776 = EDGE_CURVE ( 'NONE', #5720, #7563, #9722, .T. ) ;
#5777 = FACE_OUTER_BOUND ( 'NONE', #5998, .T. ) ;
#5778 = DIRECTION ( 'NONE',  ( -1.000000000000000000, -6.162975822039154046E-33, -1.232595164407830946E-32 ) ) ;
#5779 = ORIENTED_EDGE ( 'NONE', *, *, #8886, .F. ) ;
#5780 = EDGE_LOOP ( 'NONE', ( #8697, #3893, #746, #4832 ) ) ;
#5781 = DIRECTION ( 'NONE',  ( -1.432545838226008708E-17, -1.000000000000000000, 0.000000000000000000 ) ) ;
#5782 = VECTOR ( 'NONE', #1332, 1000.000000000000000 ) ;
#5783 = DIRECTION ( 'NONE',  ( 6.162975822038967936E-33, -1.000000000000000000, 1.510372559762204329E-14 ) ) ;
#5784 = CARTESIAN_POINT ( 'NONE',  ( -12225.00000000000182, -241.8139511719357131, -1135.000000000000227 ) ) ;
#5785 = DIRECTION ( 'NONE',  ( 1.000000000000000000, -0.000000000000000000, 0.000000000000000000 ) ) ;
#5786 = ORIENTED_EDGE ( 'NONE', *, *, #1761, .F. ) ;
#5787 = ORIENTED_EDGE ( 'NONE', *, *, #8961, .F. ) ;
#5788 = ORIENTED_EDGE ( 'NONE', *, *, #186, .T. ) ;
#5789 = EDGE_CURVE ( 'NONE', #2754, #7604, #216, .T. ) ;
#5790 = CARTESIAN_POINT ( 'NONE',  ( -14500.00000000002001, -190.0000000000007390, -623.7872381793343948 ) ) ;
#5791 = CYLINDRICAL_SURFACE ( 'NONE', #6633, 149.9999999999999147 ) ;
#5792 = ORIENTED_EDGE ( 'NONE', *, *, #3367, .F. ) ;
#5793 = FACE_OUTER_BOUND ( 'NONE', #7103, .T. ) ;
#5794 = PLANE ( 'NONE',  #771 ) ;
#5795 = CARTESIAN_POINT ( 'NONE',  ( -13499.99999999999818, 1077.499998843224148, -306.2059048389985492 ) ) ;
#5796 = CIRCLE ( 'NONE', #8364, 5900.000000000000000 ) ;
#5797 = ORIENTED_EDGE ( 'NONE', *, *, #6060, .F. ) ;
#5798 = CARTESIAN_POINT ( 'NONE',  ( -10244.74851850930827, -5431.508564030777052, -1009.999999999998181 ) ) ;
#5799 = CARTESIAN_POINT ( 'NONE',  ( -14119.99999999999818, 1077.499998843224148, -239.9999999999978684 ) ) ;
#5800 = VERTEX_POINT ( 'NONE', #6893 ) ;
#5801 = VECTOR ( 'NONE', #7848, 1000.000000000000000 ) ;
#5802 = ORIENTED_EDGE ( 'NONE', *, *, #6347, .T. ) ;
#5803 = CARTESIAN_POINT ( 'NONE',  ( -14500.00000000002001, 708.3613705689267590, -752.1130625175197792 ) ) ;
#5804 = DIRECTION ( 'NONE',  ( 0.000000000000000000, 0.000000000000000000, 1.000000000000000000 ) ) ;
#5805 = DIRECTION ( 'NONE',  ( -1.000000000000000000, 0.000000000000000000, 0.000000000000000000 ) ) ;
#5806 = CARTESIAN_POINT ( 'NONE',  ( -11411.43189860506209, 278.9021535255452022, -623.7872381793326895 ) ) ;
#5807 = DIRECTION ( 'NONE',  ( 6.265808957320107111E-17, 1.000000000000000000, 0.000000000000000000 ) ) ;
#5808 = AXIS2_PLACEMENT_3D ( 'NONE', #8577, #1713, #4760 ) ;
#5809 = EDGE_CURVE ( 'NONE', #9581, #9401, #3309, .T. ) ;
#5810 = DIRECTION ( 'NONE',  ( 1.000000000000000000, 6.162975822039151993E-33, 1.232595164407830946E-32 ) ) ;
#5811 = DIRECTION ( 'NONE',  ( 0.000000000000000000, -0.000000000000000000, -1.000000000000000000 ) ) ;
#5812 = EDGE_LOOP ( 'NONE', ( #2159, #42, #4500, #3703 ) ) ;
#5813 = CARTESIAN_POINT ( 'NONE',  ( -2350.000000000001364, 989.9999999999984084, -1135.000000000000227 ) ) ;
#5814 = EDGE_CURVE ( 'NONE', #5985, #3141, #4026, .T. ) ;
#5815 = CARTESIAN_POINT ( 'NONE',  ( -11611.43189860506391, 1077.499998843224375, -637.0854464784587208 ) ) ;
#5816 = CARTESIAN_POINT ( 'NONE',  ( -6240.624999999996362, 989.9999999999984084, -1135.000000000000227 ) ) ;
#5817 = ORIENTED_EDGE ( 'NONE', *, *, #6216, .F. ) ;
#5818 = EDGE_CURVE ( 'NONE', #958, #9848, #7693, .T. ) ;
#5819 = ORIENTED_EDGE ( 'NONE', *, *, #9281, .F. ) ;
#5820 = EDGE_CURVE ( 'NONE', #8232, #3226, #1673, .T. ) ;
#5821 = VERTEX_POINT ( 'NONE', #7788 ) ;
#5822 = CARTESIAN_POINT ( 'NONE',  ( -2350.000000000001364, -389.6561633456277036, -1135.000000000000227 ) ) ;
#5823 = CARTESIAN_POINT ( 'NONE',  ( -11825.00000000000182, 389.6561633456295226, -960.0000000000002274 ) ) ;
#5824 = CARTESIAN_POINT ( 'NONE',  ( -9993.470079441460257, -653.0577941862261468, -960.0000000000002274 ) ) ;
#5825 = DIRECTION ( 'NONE',  ( 0.000000000000000000, 0.000000000000000000, 1.000000000000000000 ) ) ;
#5826 = VERTEX_POINT ( 'NONE', #3216 ) ;
#5827 = EDGE_CURVE ( 'NONE', #5565, #1480, #9550, .T. ) ;
#5828 = VECTOR ( 'NONE', #3580, 1000.000000000000000 ) ;
#5829 = DIRECTION ( 'NONE',  ( 6.162975822039157467E-33, -1.000000000000000000, -2.775557561563032360E-16 ) ) ;
#5830 = EDGE_CURVE ( 'NONE', #579, #7778, #3828, .T. ) ;
#5831 = LINE ( 'NONE', #430, #5782 ) ;
#5832 = DIRECTION ( 'NONE',  ( -1.000000000000000000, 0.000000000000000000, 1.179611963664227720E-14 ) ) ;
#5833 = CARTESIAN_POINT ( 'NONE',  ( -10308.04291515398290, 1189.999999999998408, -868.8465180732562203 ) ) ;
#5834 = ORIENTED_EDGE ( 'NONE', *, *, #8915, .F. ) ;
#5835 = ORIENTED_EDGE ( 'NONE', *, *, #1330, .T. ) ;
#5836 = CARTESIAN_POINT ( 'NONE',  ( -14175.00000000000000, -875.0000000000000000, -1060.000000000000000 ) ) ;
#5837 = VECTOR ( 'NONE', #8735, 1000.000000000000000 ) ;
#5838 = VECTOR ( 'NONE', #6642, 1000.000000000000000 ) ;
#5839 = DIRECTION ( 'NONE',  ( -1.232595164407830672E-32, -2.775557561563032360E-16, 1.000000000000000000 ) ) ;
#5840 = VECTOR ( 'NONE', #4123, 1000.000000000000000 ) ;
#5841 = ORIENTED_EDGE ( 'NONE', *, *, #45, .F. ) ;
#5842 = DIRECTION ( 'NONE',  ( 6.162975822039157467E-33, -1.000000000000000000, -2.775557561563032360E-16 ) ) ;
#5843 = ORIENTED_EDGE ( 'NONE', *, *, #6891, .F. ) ;
#5844 = DIRECTION ( 'NONE',  ( -1.000000000000000000, 0.000000000000000000, 0.000000000000000000 ) ) ;
#5845 = EDGE_CURVE ( 'NONE', #3501, #9636, #5071, .T. ) ;
#5846 = DIRECTION ( 'NONE',  ( -6.162975822039157467E-33, 1.000000000000000000, 2.775557561563032360E-16 ) ) ;
#5847 = VECTOR ( 'NONE', #7913, 1000.000000000000000 ) ;
#5848 = EDGE_LOOP ( 'NONE', ( #2896, #9435, #1513, #521 ) ) ;
#5849 = CARTESIAN_POINT ( 'NONE',  ( -346.4101615137744261, -341.8139511719356847, -1135.000000000000227 ) ) ;
#5850 = CIRCLE ( 'NONE', #5049, 250.0000000000000000 ) ;
#5851 = CARTESIAN_POINT ( 'NONE',  ( 0.000000000000000000, -875.0000000000000000, -1060.000000000000000 ) ) ;
#5852 = VECTOR ( 'NONE', #7371, 1000.000000000000000 ) ;
#5853 = VERTEX_POINT ( 'NONE', #9535 ) ;
#5854 = ORIENTED_EDGE ( 'NONE', *, *, #5116, .T. ) ;
#5855 = PRESENTATION_STYLE_ASSIGNMENT (( #8216 ) ) ;
#5856 = CYLINDRICAL_SURFACE ( 'NONE', #1371, 250.0000000000000000 ) ;
#5857 = CARTESIAN_POINT ( 'NONE',  ( -12225.00000000000182, 200.0000000000000000, -825.0000000000001137 ) ) ;
#5858 = DIRECTION ( 'NONE',  ( 1.000000000000000000, 0.000000000000000000, 0.000000000000000000 ) ) ;
#5859 = MECHANICAL_DESIGN_GEOMETRIC_PRESENTATION_REPRESENTATION (  '', ( #6336 ), #8581 ) ;
#5860 = LINE ( 'NONE', #1631, #5208 ) ;
#5861 = CARTESIAN_POINT ( 'NONE',  ( -14156.10001622140953, 4.163336342343557632E-15, -725.0000000000051159 ) ) ;
#5862 = DIRECTION ( 'NONE',  ( -0.000000000000000000, 0.000000000000000000, 1.000000000000000000 ) ) ;
#5863 = VERTEX_POINT ( 'NONE', #2729 ) ;
#5864 = DIRECTION ( 'NONE',  ( 1.000000000000000000, 0.000000000000000000, 0.000000000000000000 ) ) ;
#5865 = CYLINDRICAL_SURFACE ( 'NONE', #7374, 79.99999999999995737 ) ;
#5866 = EDGE_CURVE ( 'NONE', #2123, #5853, #6359, .T. ) ;
#5867 = AXIS2_PLACEMENT_3D ( 'NONE', #4216, #4819, #7882 ) ;
#5868 = DIRECTION ( 'NONE',  ( 0.000000000000000000, 0.000000000000000000, 1.000000000000000000 ) ) ;
#5869 =( BOUNDED_CURVE ( )  B_SPLINE_CURVE ( 3, ( #5119, #1317, #8871, #8227 ),
 .UNSPECIFIED., .F., .F. ) 
 B_SPLINE_CURVE_WITH_KNOTS ( ( 4, 4 ),
 ( 1.570796326794896558, 1.696134772426670656 ),
 .UNSPECIFIED. ) 
 CURVE ( )  GEOMETRIC_REPRESENTATION_ITEM ( )  RATIONAL_B_SPLINE_CURVE ( ( 1.000000000000000000, 0.9986912845788542548, 0.9986912845788542548, 1.000000000000000000 ) ) 
 REPRESENTATION_ITEM ( '' )  );
#5870 = LINE ( 'NONE', #9074, #5040 ) ;
#5871 = VECTOR ( 'NONE', #2910, 1000.000000000000114 ) ;
#5872 = VERTEX_POINT ( 'NONE', #6538 ) ;
#5873 = EDGE_CURVE ( 'NONE', #1016, #5147, #478, .T. ) ;
#5874 = ORIENTED_EDGE ( 'NONE', *, *, #2663, .F. ) ;
#5875 = VECTOR ( 'NONE', #6840, 1000.000000000000000 ) ;
#5876 = ORIENTED_EDGE ( 'NONE', *, *, #45, .T. ) ;
#5877 = CARTESIAN_POINT ( 'NONE',  ( -4868.749999999996362, -989.9999999999993179, -960.0000000000013642 ) ) ;
#5878 = DIRECTION ( 'NONE',  ( -1.000000000000000000, -6.162975822039151993E-33, -1.232595164407830946E-32 ) ) ;
#5879 = EDGE_CURVE ( 'NONE', #3270, #5432, #3528, .T. ) ;
#5880 = EDGE_CURVE ( 'NONE', #7136, #1347, #3471, .T. ) ;
#5881 = LINE ( 'NONE', #8937, #4073 ) ;
#5882 = CIRCLE ( 'NONE', #9726, 79.99999999999990052 ) ;
#5883 = ORIENTED_EDGE ( 'NONE', *, *, #935, .T. ) ;
#5884 = AXIS2_PLACEMENT_3D ( 'NONE', #4234, #8100, #6695 ) ;
#5885 = LINE ( 'NONE', #6693, #3971 ) ;
#5886 = DIRECTION ( 'NONE',  ( -1.232595164407840251E-32, 1.510372559762204329E-14, 1.000000000000000000 ) ) ;
#5887 = CARTESIAN_POINT ( 'NONE',  ( -6562.499999999994543, 739.9999999999979536, -960.0000000000000000 ) ) ;
#5888 = CARTESIAN_POINT ( 'NONE',  ( -14795.00000000000000, 0.000000000000000000, -1060.000000000000000 ) ) ;
#5889 = CIRCLE ( 'NONE', #1567, 149.9999999999999147 ) ;
#5891 = ORIENTED_EDGE ( 'NONE', *, *, #432, .T. ) ;
#5890 = AXIS2_PLACEMENT_3D ( 'NONE', #7006, #742, #7663 ) ;
#5892 = DIRECTION ( 'NONE',  ( -1.000000000000000000, -6.265808957320107111E-17, 2.453693674745796445E-16 ) ) ;
#5893 = EDGE_CURVE ( 'NONE', #1755, #8129, #273, .T. ) ;
#5894 = EDGE_CURVE ( 'NONE', #9828, #5312, #8684, .T. ) ;
#5895 = LINE ( 'NONE', #8251, #5506 ) ;
#5896 = AXIS2_PLACEMENT_3D ( 'NONE', #495, #2897, #538 ) ;
#5897 = ORIENTED_EDGE ( 'NONE', *, *, #5339, .T. ) ;
#5898 = LINE ( 'NONE', #8111, #8452 ) ;
#5899 = ORIENTED_EDGE ( 'NONE', *, *, #5718, .F. ) ;
#5900 = AXIS2_PLACEMENT_3D ( 'NONE', #262, #3311, #6377 ) ;
#5901 = FACE_OUTER_BOUND ( 'NONE', #390, .T. ) ;
#5902 = LINE ( 'NONE', #5045, #7346 ) ;
#5903 = ORIENTED_EDGE ( 'NONE', *, *, #2926, .F. ) ;
#5904 = CARTESIAN_POINT ( 'NONE',  ( -1950.000000000000682, 1189.999999999998408, -960.0000000000002274 ) ) ;
#5905 = DIRECTION ( 'NONE',  ( 0.9848077530122094636, -6.170617240062189875E-17, 0.1736481776669226706 ) ) ;
#5906 = ORIENTED_EDGE ( 'NONE', *, *, #2651, .T. ) ;
#5907 = AXIS2_PLACEMENT_3D ( 'NONE', #7446, #9594, #1983 ) ;
#5908 = ORIENTED_EDGE ( 'NONE', *, *, #2385, .F. ) ;
#5909 = ORIENTED_EDGE ( 'NONE', *, *, #8563, .T. ) ;
#5910 = VECTOR ( 'NONE', #6772, 1000.000000000000000 ) ;
#5911 = ADVANCED_FACE ( 'NONE', ( #6482 ), #1931, .T. ) ;
#5912 = DIRECTION ( 'NONE',  ( 0.000000000000000000, -1.000000000000000000, 0.000000000000000000 ) ) ;
#5913 = CARTESIAN_POINT ( 'NONE',  ( -9856.250000000005457, -560.2425708315861357, -960.0000000000000000 ) ) ;
#5914 = CARTESIAN_POINT ( 'NONE',  ( -14175.00000000000000, -1190.000000000001137, -960.0000000000002274 ) ) ;
#5915 = CARTESIAN_POINT ( 'NONE',  ( -8984.375000000005457, 989.9999999999984084, -1135.000000000000227 ) ) ;
#5916 = VECTOR ( 'NONE', #3564, 1000.000000000000000 ) ;
#5917 = EDGE_LOOP ( 'NONE', ( #4088, #2085, #3544, #318 ) ) ;
#5918 = DIRECTION ( 'NONE',  ( -0.000000000000000000, 0.000000000000000000, 1.000000000000000000 ) ) ;
#5919 = CARTESIAN_POINT ( 'NONE',  ( -2350.000000000000455, -739.9999999999988631, -960.0000000000002274 ) ) ;
#5920 = AXIS2_PLACEMENT_3D ( 'NONE', #7674, #1458, #803 ) ;
#5921 = ORIENTED_EDGE ( 'NONE', *, *, #5820, .F. ) ;
#5922 = CARTESIAN_POINT ( 'NONE',  ( -12325.00000000000182, 241.8139511719357131, -3423.488475815656784 ) ) ;
#5923 = EDGE_CURVE ( 'NONE', #1203, #5244, #2360, .T. ) ;
#5924 = DIRECTION ( 'NONE',  ( -1.000000000000000000, -0.000000000000000000, -0.000000000000000000 ) ) ;
#5925 = CARTESIAN_POINT ( 'NONE',  ( -11353.31954216210215, -1.387778780781445676E-13, -3423.488475815656784 ) ) ;
#5926 = CARTESIAN_POINT ( 'NONE',  ( -12033.84276082942779, -190.0000000000007674, -504.9802145985029256 ) ) ;
#5927 = VECTOR ( 'NONE', #6821, 1000.000000000000000 ) ;
#5928 = ORIENTED_EDGE ( 'NONE', *, *, #7439, .T. ) ;
#5929 = ORIENTED_EDGE ( 'NONE', *, *, #2830, .F. ) ;
#5930 = ADVANCED_FACE ( 'NONE', ( #5777 ), #7995, .F. ) ;
#5931 = ORIENTED_EDGE ( 'NONE', *, *, #4667, .T. ) ;
#5932 = CARTESIAN_POINT ( 'NONE',  ( -6562.499999999994543, 989.9999999999979536, -960.0000000000010232 ) ) ;
#5933 = CIRCLE ( 'NONE', #161, 229.9999999211528348 ) ;
#5934 = CARTESIAN_POINT ( 'NONE',  ( -14795.00000000000000, 0.000000000000000000, -1060.000000000000000 ) ) ;
#5935 = DIRECTION ( 'NONE',  ( -1.879742687196032133E-16, 1.000000000000000000, 0.000000000000000000 ) ) ;
#5936 = DIRECTION ( 'NONE',  ( -6.162975822039157467E-33, 1.000000000000000000, 2.249385511977649118E-16 ) ) ;
#5937 = SHAPE_DEFINITION_REPRESENTATION ( #2119, #6896 ) ;
#5938 = ORIENTED_EDGE ( 'NONE', *, *, #5638, .F. ) ;
#5939 = CARTESIAN_POINT ( 'NONE',  ( -4318.749999999996362, 708.0847830052794052, -3423.488475815656784 ) ) ;
#5940 = DIRECTION ( 'NONE',  ( -0.1736481776669226706, -2.487589742322805819E-18, 0.9848077530122094636 ) ) ;
#5941 = CIRCLE ( 'NONE', #2254, 250.0000000000000000 ) ;
#5942 = FACE_OUTER_BOUND ( 'NONE', #15, .T. ) ;
#5943 = EDGE_CURVE ( 'NONE', #6690, #1916, #4076, .T. ) ;
#5944 = CARTESIAN_POINT ( 'NONE',  ( -14588.56810139493791, 725.0021062409357455, -757.0854464784598576 ) ) ;
#5945 = DIRECTION ( 'NONE',  ( 0.000000000000000000, -1.000000000000000000, 0.000000000000000000 ) ) ;
#5946 = EDGE_CURVE ( 'NONE', #1199, #350, #4874, .T. ) ;
#5947 = LINE ( 'NONE', #5742, #4545 ) ;
#5948 = ORIENTED_EDGE ( 'NONE', *, *, #5160, .F. ) ;
#5949 = ORIENTED_EDGE ( 'NONE', *, *, #5955, .T. ) ;
#5950 = PLANE ( 'NONE',  #4138 ) ;
#5951 = DIRECTION ( 'NONE',  ( 6.162975822039157467E-33, -1.000000000000000000, -3.301729611148415602E-16 ) ) ;
#5952 = CARTESIAN_POINT ( 'NONE',  ( -12225.00000000000182, -800.0000000000000000, -910.0000000000001137 ) ) ;
#5953 = EDGE_CURVE ( 'NONE', #9562, #1462, #2531, .T. ) ;
#5954 = DIRECTION ( 'NONE',  ( -0.000000000000000000, 0.000000000000000000, 1.000000000000000000 ) ) ;
#5955 = EDGE_CURVE ( 'NONE', #5032, #8722, #1872, .T. ) ;
#5956 = VERTEX_POINT ( 'NONE', #7940 ) ;
#5957 = ORIENTED_EDGE ( 'NONE', *, *, #7627, .F. ) ;
#5958 = FILL_AREA_STYLE_COLOUR ( '', #3522 ) ;
#5959 = DIRECTION ( 'NONE',  ( 0.000000000000000000, -0.000000000000000000, -1.000000000000000000 ) ) ;
#5960 = LINE ( 'NONE', #5201, #3555 ) ;
#5961 = CARTESIAN_POINT ( 'NONE',  ( -11700.00000000000182, -1970.627566330085756, -637.0854464784596303 ) ) ;
#5962 = CIRCLE ( 'NONE', #3397, 6000.000000000000000 ) ;
#5963 = ORIENTED_EDGE ( 'NONE', *, *, #3578, .T. ) ;
#5964 = CARTESIAN_POINT ( 'NONE',  ( -10140.57257920409393, 954.9999999999977263, -1135.000000000000227 ) ) ;
#5965 = FACE_OUTER_BOUND ( 'NONE', #950, .T. ) ;
#5966 = EDGE_CURVE ( 'NONE', #1676, #2794, #7890, .T. ) ;
#5967 = ORIENTED_EDGE ( 'NONE', *, *, #6933, .T. ) ;
#5968 = DIRECTION ( 'NONE',  ( 0.000000000000000000, 0.000000000000000000, 1.000000000000000000 ) ) ;
#5969 = VERTEX_POINT ( 'NONE', #1229 ) ;
#5970 = DIRECTION ( 'NONE',  ( 0.000000000000000000, 0.000000000000000000, 1.000000000000000000 ) ) ;
#5971 = CARTESIAN_POINT ( 'NONE',  ( -9959.258274702739072, -989.9999999999993179, -1135.000000000000227 ) ) ;
#5972 = CARTESIAN_POINT ( 'NONE',  ( -3930.251481490694459, -1089.999999999998181, -1009.999999999999091 ) ) ;
#5973 = AXIS2_PLACEMENT_3D ( 'NONE', #5758, #8820, #1960 ) ;
#5974 = EDGE_CURVE ( 'NONE', #7077, #3388, #7244, .T. ) ;
#5975 = ORIENTED_EDGE ( 'NONE', *, *, #7676, .T. ) ;
#5976 = EDGE_LOOP ( 'NONE', ( #4687, #334, #4776, #5748, #3737 ) ) ;
#5977 = CARTESIAN_POINT ( 'NONE',  ( -162.2440211999293922, 989.9999999999984084, 920.1315677728709943 ) ) ;
#5978 = DIRECTION ( 'NONE',  ( 1.000000000000000000, 6.162975822039151993E-33, 1.232595164407830946E-32 ) ) ;
#5979 = DIRECTION ( 'NONE',  ( -0.000000000000000000, -0.9901138386947148096, -0.1402661271484180183 ) ) ;
#5980 = CARTESIAN_POINT ( 'NONE',  ( -13250.00000000000000, 899.9999999999986358, -637.0854464784587208 ) ) ;
#5981 = ORIENTED_EDGE ( 'NONE', *, *, #3333, .T. ) ;
#5982 = CARTESIAN_POINT ( 'NONE',  ( 2.959189170475275464E-13, 989.9999999999984084, -960.0000000000022737 ) ) ;
#5983 = DIRECTION ( 'NONE',  ( 1.000000000000000000, 0.000000000000000000, 0.000000000000000000 ) ) ;
#5984 = DIRECTION ( 'NONE',  ( 6.162975822039589899E-33, -1.000000000000000000, -3.530762810662500311E-14 ) ) ;
#5985 = VERTEX_POINT ( 'NONE', #4281 ) ;
#5986 = LINE ( 'NONE', #6083, #4592 ) ;
#5987 = EDGE_CURVE ( 'NONE', #501, #1132, #660, .T. ) ;
#5988 = LINE ( 'NONE', #3921, #2025 ) ;
#5989 = CIRCLE ( 'NONE', #59, 250.0000000000000000 ) ;
#5990 = VERTEX_POINT ( 'NONE', #1780 ) ;
#5991 = ORIENTED_EDGE ( 'NONE', *, *, #3556, .F. ) ;
#5992 = DIRECTION ( 'NONE',  ( 6.162975822039157467E-33, -1.000000000000000000, -2.775557561563032360E-16 ) ) ;
#5993 = DIRECTION ( 'NONE',  ( 0.000000000000000000, -0.000000000000000000, 1.000000000000000000 ) ) ;
#5994 = LINE ( 'NONE', #732, #5523 ) ;
#5995 = CARTESIAN_POINT ( 'NONE',  ( -2350.000000000000455, -800.0000000000000000, -910.0000000000001137 ) ) ;
#5996 = EDGE_CURVE ( 'NONE', #7864, #1578, #5445, .T. ) ;
#5997 = ORIENTED_EDGE ( 'NONE', *, *, #2632, .T. ) ;
#5998 = EDGE_LOOP ( 'NONE', ( #1791, #5488, #5335, #7443 ) ) ;
#5999 = AXIS2_PLACEMENT_3D ( 'NONE', #2579, #5723, #5626 ) ;
#6000 = ORIENTED_EDGE ( 'NONE', *, *, #3587, .T. ) ;
#6001 = AXIS2_PLACEMENT_3D ( 'NONE', #5386, #9242, #3930 ) ;
#6002 = LINE ( 'NONE', #790, #4330 ) ;
#6003 = CARTESIAN_POINT ( 'NONE',  ( -12225.00000000000182, 1189.999999999998408, -960.0000000000002274 ) ) ;
#6004 = ADVANCED_FACE ( 'NONE', ( #4132 ), #9741, .T. ) ;
#6005 = DIRECTION ( 'NONE',  ( -2.376075833082705998E-33, 0.9581400679044367319, -0.2862998607685330321 ) ) ;
#6006 = CARTESIAN_POINT ( 'NONE',  ( -3921.569072607348517, -1189.999999999998636, -960.7596123493885898 ) ) ;
#6007 = VECTOR ( 'NONE', #3800, 1000.000000000000000 ) ;
#6008 = AXIS2_PLACEMENT_3D ( 'NONE', #2198, #8175, #8217 ) ;
#6009 = ORIENTED_EDGE ( 'NONE', *, *, #2289, .F. ) ;
#6010 = AXIS2_PLACEMENT_3D ( 'NONE', #7221, #6460, #3500 ) ;
#6011 = DIRECTION ( 'NONE',  ( 0.000000000000000000, 0.000000000000000000, 1.000000000000000000 ) ) ;
#6012 = CARTESIAN_POINT ( 'NONE',  ( -1949.999999999999773, 989.9999999999984084, -3423.488475815656784 ) ) ;
#6013 = AXIS2_PLACEMENT_3D ( 'NONE', #5383, #3836, #6902 ) ;
#6014 = DIRECTION ( 'NONE',  ( -1.432545838226008708E-17, 1.000000000000000000, -0.000000000000000000 ) ) ;
#6015 = ORIENTED_EDGE ( 'NONE', *, *, #7661, .T. ) ;
#6016 = CYLINDRICAL_SURFACE ( 'NONE', #9598, 199.9999999999999432 ) ;
#6017 = EDGE_CURVE ( 'NONE', #7256, #3443, #2027, .T. ) ;
#6018 = VECTOR ( 'NONE', #61, 1000.000000000000000 ) ;
#6019 = EDGE_CURVE ( 'NONE', #1755, #4842, #671, .T. ) ;
#6020 = FACE_BOUND ( 'NONE', #1661, .T. ) ;
#6021 = CARTESIAN_POINT ( 'NONE',  ( -12325.00000000000182, 341.8139511719356847, 0.000000000000000000 ) ) ;
#6022 = ORIENTED_EDGE ( 'NONE', *, *, #6676, .F. ) ;
#6023 = PRODUCT_DEFINITION_CONTEXT ( 'detailed design', #3256, 'design' ) ;
#6024 = ORIENTED_EDGE ( 'NONE', *, *, #6019, .F. ) ;
#6025 = FACE_OUTER_BOUND ( 'NONE', #4474, .T. ) ;
#6026 = CARTESIAN_POINT ( 'NONE',  ( -12143.40011953353496, 1077.499998843224375, -637.0854464784587208 ) ) ;
#6027 = LINE ( 'NONE', #8986, #3606 ) ;
#6028 = EDGE_CURVE ( 'NONE', #3204, #9351, #7491, .T. ) ;
#6029 = CARTESIAN_POINT ( 'NONE',  ( -9993.470079441460257, 653.0577941862250100, -960.0000000000009095 ) ) ;
#6030 = ORIENTED_EDGE ( 'NONE', *, *, #973, .F. ) ;
#6031 = AXIS2_PLACEMENT_3D ( 'NONE', #5642, #7159, #3389 ) ;
#6032 = CARTESIAN_POINT ( 'NONE',  ( -14156.10001622140953, 176.9719203373657592, -350.9999999999987494 ) ) ;
#6033 = ORIENTED_EDGE ( 'NONE', *, *, #7049, .F. ) ;
#6034 = CARTESIAN_POINT ( 'NONE',  ( 0.000000000000000000, 0.000000000000000000, -960.0000000000002274 ) ) ;
#6035 = VECTOR ( 'NONE', #1564, 1000.000000000000000 ) ;
#6036 = EDGE_CURVE ( 'NONE', #7998, #8663, #2826, .T. ) ;
#6037 = CARTESIAN_POINT ( 'NONE',  ( -11825.00000000000000, 241.8139511719357131, -1135.000000000000227 ) ) ;
#6038 = VERTEX_POINT ( 'NONE', #1376 ) ;
#6039 = EDGE_LOOP ( 'NONE', ( #7595, #4577, #8490, #1630 ) ) ;
#6040 = DIRECTION ( 'NONE',  ( -1.000000000000000000, 0.000000000000000000, 0.000000000000000000 ) ) ;
#6041 = FACE_BOUND ( 'NONE', #8931, .T. ) ;
#6042 = CARTESIAN_POINT ( 'NONE',  ( -2350.000000000001364, -989.9999999999990905, -960.0000000000002274 ) ) ;
#6043 = DIRECTION ( 'NONE',  ( 0.000000000000000000, 0.000000000000000000, 1.000000000000000000 ) ) ;
#6044 = AXIS2_PLACEMENT_3D ( 'NONE', #7019, #8477, #3198 ) ;
#6045 = DIRECTION ( 'NONE',  ( -1.000000000000000000, -0.000000000000000000, -0.000000000000000000 ) ) ;
#6046 = CIRCLE ( 'NONE', #7814, 277.7941176470602045 ) ;
#6047 = ORIENTED_EDGE ( 'NONE', *, *, #3259, .F. ) ;
#6048 = ADVANCED_FACE ( 'NONE', ( #9833 ), #523, .F. ) ;
#6049 = ORIENTED_EDGE ( 'NONE', *, *, #4461, .T. ) ;
#6050 = ORIENTED_EDGE ( 'NONE', *, *, #5111, .T. ) ;
#6051 = CIRCLE ( 'NONE', #4130, 460.0000000000001137 ) ;
#6052 = DIRECTION ( 'NONE',  ( 1.000000000000000000, 0.000000000000000000, -0.000000000000000000 ) ) ;
#6053 = CARTESIAN_POINT ( 'NONE',  ( -5990.624999999996362, 739.9999999999979536, -3423.488475815656784 ) ) ;
#6054 = AXIS2_PLACEMENT_3D ( 'NONE', #2600, #7215, #6505 ) ;
#6055 = CARTESIAN_POINT ( 'NONE',  ( -5576.316527040901747, -5431.508564030776142, -6660.000000000000909 ) ) ;
#6056 = CARTESIAN_POINT ( 'NONE',  ( -2350.000000000000455, -1189.999999999998408, -960.0000000000002274 ) ) ;
#6057 = VERTEX_POINT ( 'NONE', #9080 ) ;
#6058 = FACE_OUTER_BOUND ( 'NONE', #7767, .T. ) ;
#6059 = CARTESIAN_POINT ( 'NONE',  ( -11611.43189860506391, -877.4999988432243754, -637.0854464784592892 ) ) ;
#6060 = EDGE_CURVE ( 'NONE', #9767, #9255, #7539, .T. ) ;
#6061 = ORIENTED_EDGE ( 'NONE', *, *, #1903, .F. ) ;
#6062 = DIRECTION ( 'NONE',  ( -0.000000000000000000, -0.000000000000000000, -1.000000000000000000 ) ) ;
#6063 = ORIENTED_EDGE ( 'NONE', *, *, #9894, .T. ) ;
#6064 = LINE ( 'NONE', #6154, #2723 ) ;
#6065 = AXIS2_PLACEMENT_3D ( 'NONE', #6620, #2762, #1356 ) ;
#6066 = EDGE_CURVE ( 'NONE', #3890, #579, #3725, .T. ) ;
#6067 = LINE ( 'NONE', #5309, #7340 ) ;
#6068 = FACE_OUTER_BOUND ( 'NONE', #4054, .T. ) ;
#6069 = ORIENTED_EDGE ( 'NONE', *, *, #7545, .F. ) ;
#6070 = EDGE_CURVE ( 'NONE', #8031, #8378, #7395, .T. ) ;
#6071 = ADVANCED_FACE ( 'NONE', ( #1326 ), #9689, .F. ) ;
#6072 = ORIENTED_EDGE ( 'NONE', *, *, #5873, .T. ) ;
#6073 = ORIENTED_EDGE ( 'NONE', *, *, #6580, .T. ) ;
#6074 = DIRECTION ( 'NONE',  ( 0.000000000000000000, 0.1699069165076472210, -0.9854601157443478865 ) ) ;
#6075 = CARTESIAN_POINT ( 'NONE',  ( -11699.99999999998181, -699.9999999999986358, -350.9999999999989768 ) ) ;
#6076 = DIRECTION ( 'NONE',  ( 0.000000000000000000, 0.000000000000000000, 1.000000000000000000 ) ) ;
#6077 = CARTESIAN_POINT ( 'NONE',  ( -9306.250000000003638, -740.0000000000002274, -960.0000000000002274 ) ) ;
#6078 = VECTOR ( 'NONE', #8327, 1000.000000000000000 ) ;
#6079 = ORIENTED_EDGE ( 'NONE', *, *, #1545, .F. ) ;
#6080 = CARTESIAN_POINT ( 'NONE',  ( -13680.00000000000000, 814.9999999999972715, -239.9999999999979821 ) ) ;
#6081 = EDGE_CURVE ( 'NONE', #734, #983, #6737, .T. ) ;
#6082 = VECTOR ( 'NONE', #9909, 1000.000000000000000 ) ;
#6083 = CARTESIAN_POINT ( 'NONE',  ( -11411.43189860506209, 747.0986934586334201, -637.0854464784588345 ) ) ;
#6084 = VERTEX_POINT ( 'NONE', #2173 ) ;
#6085 = VECTOR ( 'NONE', #6778, 1000.000000000000000 ) ;
#6086 = ORIENTED_EDGE ( 'NONE', *, *, #8329, .T. ) ;
#6087 = PLANE ( 'NONE',  #3077 ) ;
#6088 = DIRECTION ( 'NONE',  ( 0.000000000000000000, 0.000000000000000000, 1.000000000000000000 ) ) ;
#6089 = CARTESIAN_POINT ( 'NONE',  ( -4551.792278806056856, -5431.508564030776142, -849.6342572279651222 ) ) ;
#6090 = FACE_OUTER_BOUND ( 'NONE', #9095, .T. ) ;
#6091 = DIRECTION ( 'NONE',  ( -4.907327249939348575E-33, 0.9950481186486286322, -0.09939437395458880498 ) ) ;
#6092 = ADVANCED_FACE ( 'NONE', ( #2224 ), #627, .F. ) ;
#6093 = ORIENTED_EDGE ( 'NONE', *, *, #8633, .T. ) ;
#6094 = EDGE_LOOP ( 'NONE', ( #8997, #4428, #7963, #8020, #36 ) ) ;
#6095 = EDGE_LOOP ( 'NONE', ( #4899, #8732, #3206, #6476, #3385, #3666, #8824, #3350, #18, #5130, #8860, #6680, #7560, #7195, #2507, #8321 ) ) ;
#6096 = DIRECTION ( 'NONE',  ( 6.162975822039157467E-33, -1.000000000000000000, -2.775557561563032360E-16 ) ) ;
#6097 = LINE ( 'NONE', #5493, #6789 ) ;
#6098 = PLANE ( 'NONE',  #1065 ) ;
#6099 = LINE ( 'NONE', #34, #3656 ) ;
#6100 = ORIENTED_EDGE ( 'NONE', *, *, #4014, .T. ) ;
#6101 = ORIENTED_EDGE ( 'NONE', *, *, #8377, .F. ) ;
#6102 = CARTESIAN_POINT ( 'NONE',  ( -1949.999999999999773, -989.9999999999984084, -3423.488475815656784 ) ) ;
#6103 = CARTESIAN_POINT ( 'NONE',  ( -1700.000000000000682, -989.9999999999984084, -1135.000000000000227 ) ) ;
#6104 = VECTOR ( 'NONE', #1286, 1000.000000000000000 ) ;
#6105 = CIRCLE ( 'NONE', #4355, 79.99999999999995737 ) ;
#6106 = ORIENTED_EDGE ( 'NONE', *, *, #7473, .F. ) ;
#6107 = ORIENTED_EDGE ( 'NONE', *, *, #1913, .F. ) ;
#6108 = CARTESIAN_POINT ( 'NONE',  ( -3866.957084846028920, 1189.999999999998408, -868.8465180732547424 ) ) ;
#6109 = CARTESIAN_POINT ( 'NONE',  ( -11880.00000000000182, 814.9999999999972715, -239.9999999999979821 ) ) ;
#6110 = ADVANCED_FACE ( 'NONE', ( #8235 ), #3625, .F. ) ;
#6111 = CARTESIAN_POINT ( 'NONE',  ( -14300.00000000001819, 899.9999999999986358, -637.0854464784587208 ) ) ;
#6112 = VERTEX_POINT ( 'NONE', #4477 ) ;
#6113 = DIRECTION ( 'NONE',  ( 9.433912312161293108E-33, -0.9581400679044365098, -0.2862998607685335317 ) ) ;
#6114 = AXIS2_PLACEMENT_3D ( 'NONE', #5464, #8526, #1658 ) ;
#6115 = VERTEX_POINT ( 'NONE', #5823 ) ;
#6116 = VERTEX_POINT ( 'NONE', #6685 ) ;
#6117 = DIRECTION ( 'NONE',  ( -1.000000000000000000, 0.000000000000000000, 0.000000000000000000 ) ) ;
#6118 = DIRECTION ( 'NONE',  ( 0.000000000000000000, 0.000000000000000000, -1.000000000000000000 ) ) ;
#6119 = DIRECTION ( 'NONE',  ( -0.000000000000000000, -0.000000000000000000, -1.000000000000000000 ) ) ;
#6120 = AXIS2_PLACEMENT_3D ( 'NONE', #7277, #402, #3459 ) ;
#6121 = DIRECTION ( 'NONE',  ( 0.000000000000000000, 0.000000000000000000, -1.000000000000000000 ) ) ;
#6122 = EDGE_CURVE ( 'NONE', #8722, #7339, #3676, .T. ) ;
#6123 = ORIENTED_EDGE ( 'NONE', *, *, #7962, .F. ) ;
#6124 = ADVANCED_FACE ( 'NONE', ( #2922 ), #8883, .T. ) ;
#6125 = DIRECTION ( 'NONE',  ( 6.162975822039157467E-33, -1.000000000000000000, -2.249385511977649118E-16 ) ) ;
#6126 = ORIENTED_EDGE ( 'NONE', *, *, #9488, .F. ) ;
#6127 = CARTESIAN_POINT ( 'NONE',  ( 588.6859966642593918, -875.0000000000000000, -1060.000000000000000 ) ) ;
#6128 = EDGE_CURVE ( 'NONE', #9384, #5236, #5128, .T. ) ;
#6129 = VERTEX_POINT ( 'NONE', #4766 ) ;
#6130 = ADVANCED_FACE ( 'NONE', ( #9127 ), #1667, .F. ) ;
#6131 = ORIENTED_EDGE ( 'NONE', *, *, #9782, .T. ) ;
#6132 = CARTESIAN_POINT ( 'NONE',  ( -14299.99999999999818, -1077.499998843224375, -637.0854464784594029 ) ) ;
#6133 = LINE ( 'NONE', #685, #2705 ) ;
#6134 = PLANE ( 'NONE',  #2855 ) ;
#6135 = LINE ( 'NONE', #4587, #2327 ) ;
#6136 = DIRECTION ( 'NONE',  ( -0.000000000000000000, -0.000000000000000000, -1.000000000000000000 ) ) ;
#6137 = ORIENTED_EDGE ( 'NONE', *, *, #5880, .T. ) ;
#6138 = ORIENTED_EDGE ( 'NONE', *, *, #9488, .T. ) ;
#6139 = ORIENTED_EDGE ( 'NONE', *, *, #9281, .T. ) ;
#6140 = AXIS2_PLACEMENT_3D ( 'NONE', #2694, #5596, #3441 ) ;
#6141 = DIRECTION ( 'NONE',  ( -0.9848077530122075762, -4.819705125750966016E-17, 0.1736481776669329402 ) ) ;
#6142 = CARTESIAN_POINT ( 'NONE',  ( -7934.375000000004547, -990.0000000000000000, -960.0000000000007958 ) ) ;
#6143 = EDGE_CURVE ( 'NONE', #2868, #2943, #1565, .T. ) ;
#6144 = DIRECTION ( 'NONE',  ( 0.000000000000000000, 0.1402661271484180183, -0.9901138386947149206 ) ) ;
#6145 = EDGE_LOOP ( 'NONE', ( #6999, #7372, #4526, #4641 ) ) ;
#6146 = VERTEX_POINT ( 'NONE', #6927 ) ;
#6147 = DIRECTION ( 'NONE',  ( -1.000000000000000000, -6.162975822039151993E-33, -1.232595164407830946E-32 ) ) ;
#6148 = VECTOR ( 'NONE', #8071, 1000.000000000000000 ) ;
#6149 = VECTOR ( 'NONE', #7349, 1000.000000000000000 ) ;
#6150 = LINE ( 'NONE', #7618, #2549 ) ;
#6151 = ORIENTED_EDGE ( 'NONE', *, *, #4527, .F. ) ;
#6152 = ORIENTED_EDGE ( 'NONE', *, *, #2454, .T. ) ;
#6153 = VECTOR ( 'NONE', #8664, 1000.000000000000000 ) ;
#6154 = CARTESIAN_POINT ( 'NONE',  ( -346.4101615137745398, -989.9999999999984084, -1135.000000000000227 ) ) ;
#6155 = CIRCLE ( 'NONE', #4565, 172.2649730022416747 ) ;
#6156 = FACE_OUTER_BOUND ( 'NONE', #8983, .T. ) ;
#6157 = VECTOR ( 'NONE', #1938, 1000.000000000000000 ) ;
#6158 = PLANE ( 'NONE',  #1636 ) ;
#6159 = LINE ( 'NONE', #4011, #3168 ) ;
#6160 = FACE_OUTER_BOUND ( 'NONE', #8831, .T. ) ;
#6161 = AXIS2_PLACEMENT_3D ( 'NONE', #7011, #7762, #7616 ) ;
#6162 = ORIENTED_EDGE ( 'NONE', *, *, #9592, .T. ) ;
#6163 = ORIENTED_EDGE ( 'NONE', *, *, #4781, .T. ) ;
#6164 = EDGE_CURVE ( 'NONE', #3552, #9020, #1136, .T. ) ;
#6165 = ORIENTED_EDGE ( 'NONE', *, *, #5571, .F. ) ;
#6166 = LINE ( 'NONE', #3817, #3650 ) ;
#6167 = CYLINDRICAL_SURFACE ( 'NONE', #8497, 200.0000000000000000 ) ;
#6168 = FACE_OUTER_BOUND ( 'NONE', #9522, .T. ) ;
#6169 = DIRECTION ( 'NONE',  ( 0.000000000000000000, -0.000000000000000000, 1.000000000000000000 ) ) ;
#6170 = ORIENTED_EDGE ( 'NONE', *, *, #7275, .T. ) ;
#6171 = EDGE_CURVE ( 'NONE', #4230, #3180, #4716, .T. ) ;
#6172 = FACE_OUTER_BOUND ( 'NONE', #9194, .T. ) ;
#6173 = EDGE_CURVE ( 'NONE', #8903, #1606, #9175, .T. ) ;
#6174 = ADVANCED_FACE ( 'NONE', ( #908 ), #4668, .T. ) ;
#6175 = DIRECTION ( 'NONE',  ( -6.162975822039157467E-33, 1.000000000000000000, 3.301729611148415602E-16 ) ) ;
#6176 = DIRECTION ( 'NONE',  ( 0.9281522335464010842, 0.3722007944145563352, 0.000000000000000000 ) ) ;
#6177 = ORIENTED_EDGE ( 'NONE', *, *, #7065, .T. ) ;
#6178 = AXIS2_PLACEMENT_3D ( 'NONE', #2743, #2638, #1839 ) ;
#6179 = EDGE_CURVE ( 'NONE', #8356, #1606, #3062, .T. ) ;
#6180 = ORIENTED_EDGE ( 'NONE', *, *, #2521, .T. ) ;
#6181 = DIRECTION ( 'NONE',  ( -0.000000000000000000, -1.000000000000000000, -0.000000000000000000 ) ) ;
#6182 = CARTESIAN_POINT ( 'NONE',  ( -11880.00000000000182, -1970.627566330085983, -239.9999999999987779 ) ) ;
#6183 = DIRECTION ( 'NONE',  ( 6.162975822039157467E-33, -1.000000000000000000, -2.775557561563032360E-16 ) ) ;
#6184 = DIRECTION ( 'NONE',  ( 6.162975822039157467E-33, -1.000000000000000000, -2.775557561563032360E-16 ) ) ;
#6185 = AXIS2_PLACEMENT_3D ( 'NONE', #254, #6315, #2612 ) ;
#6186 = CARTESIAN_POINT ( 'NONE',  ( -1950.000000000000682, 1189.999999999998408, -960.0000000000002274 ) ) ;
#6187 = ORIENTED_EDGE ( 'NONE', *, *, #981, .T. ) ;
#6188 = ORIENTED_EDGE ( 'NONE', *, *, #3203, .T. ) ;
#6189 = EDGE_CURVE ( 'NONE', #5403, #6146, #8583, .T. ) ;
#6190 = ORIENTED_EDGE ( 'NONE', *, *, #5414, .F. ) ;
#6191 = ORIENTED_EDGE ( 'NONE', *, *, #1363, .T. ) ;
#6192 = VECTOR ( 'NONE', #5530, 1000.000000000000000 ) ;
#6193 = EDGE_CURVE ( 'NONE', #7926, #1339, #5941, .T. ) ;
#6194 = DIRECTION ( 'NONE',  ( -1.000000000000000000, -1.224646799147353207E-16, 0.000000000000000000 ) ) ;
#6195 = DIRECTION ( 'NONE',  ( -9.433912312161293108E-33, 0.9581400679044366209, 0.2862998607685335872 ) ) ;
#6196 = CARTESIAN_POINT ( 'NONE',  ( -5576.316527040902656, -1089.999999999998181, -760.0000000000010232 ) ) ;
#6197 = CARTESIAN_POINT ( 'NONE',  ( -13899.99999999999818, 1054.999999999997272, -459.9999999999978400 ) ) ;
#6198 = ORIENTED_EDGE ( 'NONE', *, *, #2625, .F. ) ;
#6199 = AXIS2_PLACEMENT_3D ( 'NONE', #5082, #9699, #2135 ) ;
#6200 = ORIENTED_EDGE ( 'NONE', *, *, #2153, .F. ) ;
#6201 = DIRECTION ( 'NONE',  ( 0.000000000000000000, -1.000000000000000000, 0.000000000000000000 ) ) ;
#6202 = CARTESIAN_POINT ( 'NONE',  ( -14500.00000000002001, -190.0000000000008242, -350.9999999999987494 ) ) ;
#6203 = ORIENTED_EDGE ( 'NONE', *, *, #8680, .T. ) ;
#6204 = AXIS2_PLACEMENT_3D ( 'NONE', #8501, #9805, #8395 ) ;
#6205 = EDGE_CURVE ( 'NONE', #7102, #1816, #9883, .T. ) ;
#6206 = VECTOR ( 'NONE', #1645, 1000.000000000000000 ) ;
#6207 = ORIENTED_EDGE ( 'NONE', *, *, #3405, .T. ) ;
#6208 = FACE_OUTER_BOUND ( 'NONE', #420, .T. ) ;
#6209 = LINE ( 'NONE', #9263, #9083 ) ;
#6210 = AXIS2_PLACEMENT_3D ( 'NONE', #4679, #6993, #9336 ) ;
#6211 = CARTESIAN_POINT ( 'NONE',  ( -11699.99999999998181, 899.9999999999986358, -763.9017955139171363 ) ) ;
#6212 = CARTESIAN_POINT ( 'NONE',  ( -14500.00000000002001, 278.9021535255452022, -623.7872381793326895 ) ) ;
#6213 = AXIS2_PLACEMENT_3D ( 'NONE', #3572, #2915, #5868 ) ;
#6214 = DIRECTION ( 'NONE',  ( 0.000000000000000000, -1.000000000000000000, 0.000000000000000000 ) ) ;
#6215 = ORIENTED_EDGE ( 'NONE', *, *, #4795, .F. ) ;
#6216 = EDGE_CURVE ( 'NONE', #1123, #30, #9126, .T. ) ;
#6217 = ORIENTED_EDGE ( 'NONE', *, *, #1125, .T. ) ;
#6218 = VECTOR ( 'NONE', #6233, 1000.000000000000114 ) ;
#6219 = VERTEX_POINT ( 'NONE', #3108 ) ;
#6220 = DIRECTION ( 'NONE',  ( -1.232595164407830672E-32, -2.775557561563032360E-16, 1.000000000000000000 ) ) ;
#6221 = DIRECTION ( 'NONE',  ( 1.000000000000000000, 0.000000000000000000, 0.000000000000000000 ) ) ;
#6222 = DIRECTION ( 'NONE',  ( -1.000000000000000000, 0.000000000000000000, 0.000000000000000000 ) ) ;
#6223 = CYLINDRICAL_SURFACE ( 'NONE', #7660, 250.0000000000000000 ) ;
#6224 = ORIENTED_EDGE ( 'NONE', *, *, #2539, .F. ) ;
#6225 = EDGE_CURVE ( 'NONE', #7614, #1731, #3208, .T. ) ;
#6226 = DIRECTION ( 'NONE',  ( 0.000000000000000000, 1.000000000000000000, 5.551115123125782702E-16 ) ) ;
#6227 = VECTOR ( 'NONE', #7917, 1000.000000000000000 ) ;
#6228 = CARTESIAN_POINT ( 'NONE',  ( -13499.99999999999818, -814.9999999999974989, -637.0854464784592892 ) ) ;
#6229 = CARTESIAN_POINT ( 'NONE',  ( -14119.99999999999818, 814.9999999999972715, -239.9999999999979821 ) ) ;
#6230 = ORIENTED_EDGE ( 'NONE', *, *, #8515, .T. ) ;
#6231 = ORIENTED_EDGE ( 'NONE', *, *, #2805, .F. ) ;
#6232 = EDGE_CURVE ( 'NONE', #3226, #2473, #3819, .T. ) ;
#6233 = DIRECTION ( 'NONE',  ( 0.000000000000000000, -0.9901138386947148096, -0.1402661271484180183 ) ) ;
#6234 = CYLINDRICAL_SURFACE ( 'NONE', #2769, 79.99999999999995737 ) ;
#6235 = AXIS2_PLACEMENT_3D ( 'NONE', #739, #1593, #2550 ) ;
#6236 = FACE_OUTER_BOUND ( 'NONE', #2365, .T. ) ;
#6237 = DIRECTION ( 'NONE',  ( 1.000000000000000000, 1.879742687196032133E-16, 0.000000000000000000 ) ) ;
#6238 = VERTEX_POINT ( 'NONE', #3908 ) ;
#6239 = VERTEX_POINT ( 'NONE', #3020 ) ;
#6240 = ORIENTED_EDGE ( 'NONE', *, *, #3067, .T. ) ;
#6241 = ORIENTED_EDGE ( 'NONE', *, *, #1662, .T. ) ;
#6242 = CARTESIAN_POINT ( 'NONE',  ( -1700.000000000000682, 989.9999999999984084, -960.0000000000002274 ) ) ;
#6243 = DIRECTION ( 'NONE',  ( 6.162975822039157467E-33, -1.000000000000000000, -3.301729611148415602E-16 ) ) ;
#6244 = DIRECTION ( 'NONE',  ( -0.000000000000000000, -0.000000000000000000, -1.000000000000000000 ) ) ;
#6245 = DIRECTION ( 'NONE',  ( 1.000000000000000000, 0.000000000000000000, 0.000000000000000000 ) ) ;
#6246 = CARTESIAN_POINT ( 'NONE',  ( -346.4101615137744261, 341.8139511719356847, -960.0000000000002274 ) ) ;
#6247 = EDGE_CURVE ( 'NONE', #3723, #1715, #2467, .T. ) ;
#6248 = ORIENTED_EDGE ( 'NONE', *, *, #3333, .F. ) ;
#6249 = ORIENTED_EDGE ( 'NONE', *, *, #5144, .F. ) ;
#6250 = ADVANCED_FACE ( 'NONE', ( #5518 ), #6167, .F. ) ;
#6251 = DIRECTION ( 'NONE',  ( -6.162975822039157467E-33, 1.000000000000000000, 2.775557561563032360E-16 ) ) ;
#6252 = ORIENTED_EDGE ( 'NONE', *, *, #999, .T. ) ;
#6253 = DIRECTION ( 'NONE',  ( 1.000000000000000000, 6.162975822039151993E-33, 1.232595164407830946E-32 ) ) ;
#6254 = CARTESIAN_POINT ( 'NONE',  ( -4034.427420795914713, -989.9999999999993179, -1135.000000000000227 ) ) ;
#6255 = VECTOR ( 'NONE', #1064, 1000.000000000000000 ) ;
#6256 = EDGE_LOOP ( 'NONE', ( #4065, #3923, #662, #2455, #7741, #6980, #9163, #211, #5011, #7476, #3220, #9658, #3942, #2785, #9293, #5349 ) ) ;
#6257 = ORIENTED_EDGE ( 'NONE', *, *, #8063, .F. ) ;
#6258 = PLANE ( 'NONE',  #8640 ) ;
#6259 = LINE ( 'NONE', #1708, #3003 ) ;
#6260 = CARTESIAN_POINT ( 'NONE',  ( 0.000000000000000000, 0.000000000000000000, -960.0000000000002274 ) ) ;
#6261 = EDGE_CURVE ( 'NONE', #4221, #1203, #6976, .T. ) ;
#6262 = CIRCLE ( 'NONE', #9139, 250.0000000000000000 ) ;
#6263 = CARTESIAN_POINT ( 'NONE',  ( -14588.56810139493791, 877.4999988432243754, -637.0854464784588345 ) ) ;
#6264 = CARTESIAN_POINT ( 'NONE',  ( -446.4101615137745398, -241.8139511719357131, -1135.000000000000227 ) ) ;
#6265 = ORIENTED_EDGE ( 'NONE', *, *, #7985, .T. ) ;
#6266 = EDGE_CURVE ( 'NONE', #7306, #264, #9272, .T. ) ;
#6267 = VERTEX_POINT ( 'NONE', #53 ) ;
#6268 = ORIENTED_EDGE ( 'NONE', *, *, #3513, .T. ) ;
#6269 = DIRECTION ( 'NONE',  ( 6.162975822039157467E-33, -1.000000000000000000, -2.775557561563032360E-16 ) ) ;
#6270 = CARTESIAN_POINT ( 'NONE',  ( -14588.56810139493791, -725.0021062409357455, -757.0854464784603124 ) ) ;
#6271 = FACE_OUTER_BOUND ( 'NONE', #4605, .T. ) ;
#6272 = PLANE ( 'NONE',  #5412 ) ;
#6273 = VERTEX_POINT ( 'NONE', #5618 ) ;
#6274 = PRODUCT_DEFINITION_SHAPE ( 'NONE', 'NONE',  #9921 ) ;
#6275 = ADVANCED_FACE ( 'NONE', ( #360 ), #4217, .F. ) ;
#6276 = VECTOR ( 'NONE', #1112, 1000.000000000000000 ) ;
#6277 = VERTEX_POINT ( 'NONE', #7081 ) ;
#6278 = CIRCLE ( 'NONE', #8365, 460.0000000000001137 ) ;
#6279 = VERTEX_POINT ( 'NONE', #4820 ) ;
#6280 = LINE ( 'NONE', #9229, #1243 ) ;
#6281 = PRODUCT_RELATED_PRODUCT_CATEGORY ( 'part', '', ( #4513 ) ) ;
#6282 = FACE_OUTER_BOUND ( 'NONE', #6256, .T. ) ;
#6283 = ORIENTED_EDGE ( 'NONE', *, *, #1611, .T. ) ;
#6284 = VECTOR ( 'NONE', #4169, 1000.000000000000000 ) ;
#6285 = VERTEX_POINT ( 'NONE', #2616 ) ;
#6286 = CARTESIAN_POINT ( 'NONE',  ( -1950.000000000000682, -899.9999999999998863, -910.0000000000001137 ) ) ;
#6287 = DIRECTION ( 'NONE',  ( -1.000000000000000000, -1.879742687196032133E-16, 0.000000000000000000 ) ) ;
#6288 = CARTESIAN_POINT ( 'NONE',  ( -13828.58983848622483, -739.9999999999984084, -1135.000000000000227 ) ) ;
#6289 = DIRECTION ( 'NONE',  ( 1.432545838226008399E-17, 1.000000000000000000, -0.000000000000000000 ) ) ;
#6290 = ORIENTED_EDGE ( 'NONE', *, *, #1663, .T. ) ;
#6291 = ORIENTED_EDGE ( 'NONE', *, *, #7275, .F. ) ;
#6292 = EDGE_LOOP ( 'NONE', ( #2401, #6131, #6177, #3432 ) ) ;
#6293 = ORIENTED_EDGE ( 'NONE', *, *, #2693, .F. ) ;
#6294 = DIRECTION ( 'NONE',  ( -0.000000000000000000, 0.000000000000000000, 1.000000000000000000 ) ) ;
#6295 = EDGE_CURVE ( 'NONE', #1223, #8254, #4493, .T. ) ;
#6296 = CARTESIAN_POINT ( 'NONE',  ( -13000.00000000000000, 4.163336342343563943E-15, -725.0000000000050022 ) ) ;
#6297 = CARTESIAN_POINT ( 'NONE',  ( -11390.53962160355877, 92.81522335463994011, -1135.000000000001137 ) ) ;
#6298 = DIRECTION ( 'NONE',  ( 9.433912312161293108E-33, -0.9581400679044365098, -0.2862998607685335317 ) ) ;
#6299 = LINE ( 'NONE', #8661, #772 ) ;
#6300 = ORIENTED_EDGE ( 'NONE', *, *, #5440, .F. ) ;
#6301 = EDGE_LOOP ( 'NONE', ( #5406, #4801, #2094, #7350 ) ) ;
#6302 = LINE ( 'NONE', #9353, #6368 ) ;
#6303 = EDGE_CURVE ( 'NONE', #1499, #177, #8725, .T. ) ;
#6304 = ORIENTED_EDGE ( 'NONE', *, *, #3296, .T. ) ;
#6305 = CARTESIAN_POINT ( 'NONE',  ( -8734.375000000005457, -740.0000000000002274, -1135.000000000000227 ) ) ;
#6306 = LINE ( 'NONE', #3294, #4567 ) ;
#6307 = ORIENTED_EDGE ( 'NONE', *, *, #702, .T. ) ;
#6308 = EDGE_CURVE ( 'NONE', #1463, #2621, #8632, .T. ) ;
#6309 = VERTEX_POINT ( 'NONE', #4917 ) ;
#6310 = DIRECTION ( 'NONE',  ( -1.000000000000000000, -0.000000000000000000, -0.000000000000000000 ) ) ;
#6311 = LINE ( 'NONE', #5757, #5562 ) ;
#6312 = VECTOR ( 'NONE', #6748, 1000.000000000000000 ) ;
#6313 = CARTESIAN_POINT ( 'NONE',  ( -13250.00000000000000, -899.9999999999986358, -637.0854464784594029 ) ) ;
#6314 = LINE ( 'NONE', #9424, #5581 ) ;
#6315 = DIRECTION ( 'NONE',  ( 0.000000000000000000, -1.000000000000000000, -0.000000000000000000 ) ) ;
#6316 = ORIENTED_EDGE ( 'NONE', *, *, #2206, .T. ) ;
#6317 = ORIENTED_EDGE ( 'NONE', *, *, #5609, .T. ) ;
#6318 = VERTEX_POINT ( 'NONE', #5715 ) ;
#6319 = EDGE_CURVE ( 'NONE', #3179, #3943, #9377, .T. ) ;
#6320 = CIRCLE ( 'NONE', #3600, 250.0000000000000000 ) ;
#6321 = CARTESIAN_POINT ( 'NONE',  ( -14299.99999999999818, 814.9999999999972715, -637.0854464784588345 ) ) ;
#6322 = ADVANCED_FACE ( 'NONE', ( #7235, #7883 ), #1771, .T. ) ;
#6323 = VECTOR ( 'NONE', #1031, 1000.000000000000000 ) ;
#6324 = DIRECTION ( 'NONE',  ( 1.000000000000000000, 6.162975822039151993E-33, 1.232595164407830946E-32 ) ) ;
#6325 = CARTESIAN_POINT ( 'NONE',  ( -13728.58983848622483, 241.8139511719357131, -960.0000000000000000 ) ) ;
#6326 = ORIENTED_EDGE ( 'NONE', *, *, #8278, .T. ) ;
#6327 = AXIS2_PLACEMENT_3D ( 'NONE', #4750, #7867, #996 ) ;
#6328 = AXIS2_PLACEMENT_3D ( 'NONE', #3209, #7971, #6222 ) ;
#6329 = CIRCLE ( 'NONE', #8573, 50.00000000000071054 ) ;
#6330 = ORIENTED_EDGE ( 'NONE', *, *, #418, .T. ) ;
#6331 = CARTESIAN_POINT ( 'NONE',  ( -14500.00000000002001, 699.9999999999986358, -623.2943698956130447 ) ) ;
#6332 = EDGE_CURVE ( 'NONE', #4279, #8378, #5567, .T. ) ;
#6333 = DIRECTION ( 'NONE',  ( 1.000000000000000000, 0.000000000000000000, 0.000000000000000000 ) ) ;
#6334 = CARTESIAN_POINT ( 'NONE',  ( -12225.00000000000182, 0.000000000000000000, 0.000000000000000000 ) ) ;
#6335 = SURFACE_SIDE_STYLE ('',( #325 ) ) ;
#6336 = STYLED_ITEM ( 'NONE', ( #7997 ), #9663 ) ;
#6337 = ORIENTED_EDGE ( 'NONE', *, *, #1349, .T. ) ;
#6338 = ORIENTED_EDGE ( 'NONE', *, *, #4158, .T. ) ;
#6339 = CARTESIAN_POINT ( 'NONE',  ( -1950.000000000000682, 739.9999999999984084, -960.0000000000002274 ) ) ;
#6340 = CARTESIAN_POINT ( 'NONE',  ( 0.000000000000000000, 875.0000000000000000, -1140.000000000000227 ) ) ;
#6341 = CARTESIAN_POINT ( 'NONE',  ( -12143.40011953353496, -1077.499998843224375, -637.0854464784594029 ) ) ;
#6342 = CARTESIAN_POINT ( 'NONE',  ( 0.000000000000000000, -1189.999999999998408, -960.0000000000002274 ) ) ;
#6343 = VERTEX_POINT ( 'NONE', #7986 ) ;
#6344 = ORIENTED_EDGE ( 'NONE', *, *, #2466, .T. ) ;
#6345 = ORIENTED_EDGE ( 'NONE', *, *, #6450, .T. ) ;
#6346 = ORIENTED_EDGE ( 'NONE', *, *, #1897, .T. ) ;
#6347 = EDGE_CURVE ( 'NONE', #8578, #4156, #6527, .T. ) ;
#6348 = DIRECTION ( 'NONE',  ( 0.000000000000000000, -0.000000000000000000, -1.000000000000000000 ) ) ;
#6349 = CIRCLE ( 'NONE', #8748, 100.0000000000000853 ) ;
#6350 = DIRECTION ( 'NONE',  ( 0.000000000000000000, 0.000000000000000000, 1.000000000000000000 ) ) ;
#6351 = DIRECTION ( 'NONE',  ( -1.232595164407830672E-32, -2.249385511977649118E-16, 1.000000000000000000 ) ) ;
#6352 = CARTESIAN_POINT ( 'NONE',  ( -14500.00000000002001, -708.3613705689267590, -752.1130625175202340 ) ) ;
#6353 = LINE ( 'NONE', #9408, #5095 ) ;
#6354 = LINE ( 'NONE', #7911, #9237 ) ;
#6355 = EDGE_CURVE ( 'NONE', #922, #3081, #2718, .T. ) ;
#6356 = ORIENTED_EDGE ( 'NONE', *, *, #8736, .T. ) ;
#6357 = DIRECTION ( 'NONE',  ( -0.000000000000000000, 1.000000000000000000, 0.000000000000000000 ) ) ;
#6358 = DIRECTION ( 'NONE',  ( -1.432545838226008708E-17, 1.000000000000000000, -0.000000000000000000 ) ) ;
#6359 = CIRCLE ( 'NONE', #8438, 250.0000000000000000 ) ;
#6360 = VERTEX_POINT ( 'NONE', #5767 ) ;
#6361 = DIRECTION ( 'NONE',  ( -1.000000000000000000, -6.162975822039151993E-33, -1.232595164407830946E-32 ) ) ;
#6362 = CIRCLE ( 'NONE', #2052, 35.00000000000014211 ) ;
#6363 = VECTOR ( 'NONE', #9840, 1000.000000000000000 ) ;
#6364 = CARTESIAN_POINT ( 'NONE',  ( -12750.00000000000000, -732.4719190560189190, -589.9999999999970441 ) ) ;
#6365 = LINE ( 'NONE', #7975, #8522 ) ;
#6366 = EDGE_CURVE ( 'NONE', #863, #4365, #4067, .T. ) ;
#6367 = DIRECTION ( 'NONE',  ( -6.162975822039157467E-33, 1.000000000000000000, 2.775557561563032360E-16 ) ) ;
#6368 = VECTOR ( 'NONE', #4802, 1000.000000000000114 ) ;
#6369 = CARTESIAN_POINT ( 'NONE',  ( -12750.00000000000000, -176.9719203373659866, -350.9999999999987494 ) ) ;
#6370 = AXIS2_PLACEMENT_3D ( 'NONE', #6197, #4596, #136 ) ;
#6371 = EDGE_LOOP ( 'NONE', ( #7456, #1588, #9684, #6047 ) ) ;
#6372 = ORIENTED_EDGE ( 'NONE', *, *, #1412, .F. ) ;
#6373 = PLANE ( 'NONE',  #100 ) ;
#6374 = ADVANCED_FACE ( 'NONE', ( #3414 ), #7930, .T. ) ;
#6375 = CARTESIAN_POINT ( 'NONE',  ( -14175.00000000000000, -1190.000000000001137, -1160.000000000000227 ) ) ;
#6376 = VECTOR ( 'NONE', #6794, 1000.000000000000000 ) ;
#6377 = DIRECTION ( 'NONE',  ( 1.000000000000000000, 0.000000000000000000, 0.000000000000000000 ) ) ;
#6378 = CIRCLE ( 'NONE', #5890, 50.00000000000027001 ) ;
#6379 = ORIENTED_EDGE ( 'NONE', *, *, #9327, .T. ) ;
#6380 = EDGE_CURVE ( 'NONE', #9225, #2944, #9526, .T. ) ;
#6381 = EDGE_CURVE ( 'NONE', #8089, #9351, #3364, .T. ) ;
#6382 = ORIENTED_EDGE ( 'NONE', *, *, #3705, .F. ) ;
#6383 = VECTOR ( 'NONE', #8029, 1000.000000000000000 ) ;
#6384 = CIRCLE ( 'NONE', #7670, 199.9999999999999432 ) ;
#6385 = ORIENTED_EDGE ( 'NONE', *, *, #569, .F. ) ;
#6386 = AXIS2_PLACEMENT_3D ( 'NONE', #8340, #384, #1470 ) ;
#6387 = LINE ( 'NONE', #9438, #1366 ) ;
#6388 = DIRECTION ( 'NONE',  ( 0.000000000000000000, -0.000000000000000000, -1.000000000000000000 ) ) ;
#6389 = DIRECTION ( 'NONE',  ( -1.000000000000000000, -6.162975822039151993E-33, -1.232595164407830946E-32 ) ) ;
#6390 = AXIS2_PLACEMENT_3D ( 'NONE', #7179, #1962, #305 ) ;
#6391 = DIRECTION ( 'NONE',  ( 0.000000000000000000, 0.000000000000000000, 1.000000000000000000 ) ) ;
#6392 = ORIENTED_EDGE ( 'NONE', *, *, #4973, .T. ) ;
#6393 = ORIENTED_EDGE ( 'NONE', *, *, #9132, .F. ) ;
#6394 = CARTESIAN_POINT ( 'NONE',  ( -11499.99999999997999, -278.9021535255452022, -623.7872381793328032 ) ) ;
#6395 = ADVANCED_FACE ( 'NONE', ( #3257 ), #9431, .F. ) ;
#6396 = DIRECTION ( 'NONE',  ( 1.000000000000000000, -0.000000000000000000, -0.000000000000000000 ) ) ;
#6397 = DIRECTION ( 'NONE',  ( -1.232595164407830672E-32, -2.775557561563032360E-16, 1.000000000000000000 ) ) ;
#6398 = DIRECTION ( 'NONE',  ( 1.000000000000000000, 5.551115123125782702E-17, 0.000000000000000000 ) ) ;
#6399 = ORIENTED_EDGE ( 'NONE', *, *, #8832, .F. ) ;
#6400 = ORIENTED_EDGE ( 'NONE', *, *, #3742, .T. ) ;
#6401 = ORIENTED_EDGE ( 'NONE', *, *, #3356, .T. ) ;
#6402 = ORIENTED_EDGE ( 'NONE', *, *, #6804, .T. ) ;
#6403 = DIRECTION ( 'NONE',  ( 1.000000000000000000, 6.162975822039151993E-33, 1.232595164407830946E-32 ) ) ;
#6404 = CARTESIAN_POINT ( 'NONE',  ( -12100.00000000000182, 190.0000000000006821, -539.9999999999980673 ) ) ;
#6405 = CARTESIAN_POINT ( 'NONE',  ( -11390.53962160355877, -92.81522335464025275, -960.0000000000009095 ) ) ;
#6406 = FACE_OUTER_BOUND ( 'NONE', #5573, .T. ) ;
#6407 = CARTESIAN_POINT ( 'NONE',  ( -10127.54555139958393, 922.5146718258737337, -960.0000000000002274 ) ) ;
#6408 = CIRCLE ( 'NONE', #7689, 149.9999999999999147 ) ;
#6409 = EDGE_CURVE ( 'NONE', #7604, #7136, #1818, .T. ) ;
#6410 = ORIENTED_EDGE ( 'NONE', *, *, #2878, .F. ) ;
#6411 = DIRECTION ( 'NONE',  ( -8.886765616753403147E-33, -0.3952161465694035702, 0.9185881544472646043 ) ) ;
#6412 = EDGE_LOOP ( 'NONE', ( #9633, #690, #6338, #3434, #2689, #855, #3243, #8859 ) ) ;
#6413 = LINE ( 'NONE', #3448, #2487 ) ;
#6414 = DIRECTION ( 'NONE',  ( 1.232595164407830672E-32, 2.775557561563032360E-16, -1.000000000000000000 ) ) ;
#6415 = EDGE_CURVE ( 'NONE', #1942, #6112, #7185, .T. ) ;
#6416 = EDGE_LOOP ( 'NONE', ( #8457, #7249, #9661, #2925 ) ) ;
#6417 = VECTOR ( 'NONE', #6857, 1000.000000000000000 ) ;
#6418 = DIRECTION ( 'NONE',  ( 1.000000000000000000, -7.346712325083825488E-17, -4.040691778796103957E-16 ) ) ;
#6419 = DIRECTION ( 'NONE',  ( 0.000000000000000000, -0.000000000000000000, 1.000000000000000000 ) ) ;
#6420 = DIRECTION ( 'NONE',  ( -1.232595164407830672E-32, -2.775557561563032360E-16, 1.000000000000000000 ) ) ;
#6421 = AXIS2_PLACEMENT_3D ( 'NONE', #4430, #9639, #2970 ) ;
#6422 = LINE ( 'NONE', #9518, #1277 ) ;
#6423 = DIRECTION ( 'NONE',  ( 0.000000000000000000, 1.000000000000000000, 0.000000000000000000 ) ) ;
#6424 = ORIENTED_EDGE ( 'NONE', *, *, #2242, .F. ) ;
#6425 = FACE_OUTER_BOUND ( 'NONE', #6776, .T. ) ;
#6426 = CARTESIAN_POINT ( 'NONE',  ( -14588.56810139493791, 295.9385695031826913, -504.9802145985045172 ) ) ;
#6427 = EDGE_CURVE ( 'NONE', #5452, #4186, #2072, .T. ) ;
#6428 = PLANE ( 'NONE',  #2068 ) ;
#6429 = ORIENTED_EDGE ( 'NONE', *, *, #919, .F. ) ;
#6430 = ORIENTED_EDGE ( 'NONE', *, *, #5729, .T. ) ;
#6431 = ORIENTED_EDGE ( 'NONE', *, *, #6591, .F. ) ;
#6432 = ORIENTED_EDGE ( 'NONE', *, *, #5179, .T. ) ;
#6433 = DIRECTION ( 'NONE',  ( 0.000000000000000000, 0.9901138386947148096, -0.1402661271484179906 ) ) ;
#6434 = CARTESIAN_POINT ( 'NONE',  ( -13828.58983848622483, -989.9999999999984084, -1135.000000000000227 ) ) ;
#6435 = ADVANCED_FACE ( 'NONE', ( #5262 ), #3571, .T. ) ;
#6436 = DIRECTION ( 'NONE',  ( 0.000000000000000000, -1.000000000000000000, 0.000000000000000000 ) ) ;
#6437 = DIRECTION ( 'NONE',  ( 1.000000000000000000, 0.000000000000000000, 0.000000000000000000 ) ) ;
#6438 = VERTEX_POINT ( 'NONE', #1269 ) ;
#6439 = ORIENTED_EDGE ( 'NONE', *, *, #8915, .T. ) ;
#6440 = DIRECTION ( 'NONE',  ( 2.376075833082705998E-33, -0.9581400679044367319, 0.2862998607685330321 ) ) ;
#6441 = DIRECTION ( 'NONE',  ( 1.000000000000000000, 7.401486830834376525E-17, 0.000000000000000000 ) ) ;
#6442 = DIRECTION ( 'NONE',  ( -1.000000000000000000, 0.000000000000000000, 0.000000000000000000 ) ) ;
#6443 = CARTESIAN_POINT ( 'NONE',  ( -3930.251481490694459, -1189.999999999998408, -1009.999999999999091 ) ) ;
#6444 = VERTEX_POINT ( 'NONE', #5166 ) ;
#6445 = ORIENTED_EDGE ( 'NONE', *, *, #5953, .T. ) ;
#6446 = EDGE_LOOP ( 'NONE', ( #7158, #255, #3824, #3972 ) ) ;
#6447 = EDGE_LOOP ( 'NONE', ( #6207, #2350, #3847, #5906, #471, #4397, #8687, #8376 ) ) ;
#6448 = CARTESIAN_POINT ( 'NONE',  ( -11499.99999999997999, -899.9999999999986358, -350.9999999999989768 ) ) ;
#6449 = EDGE_CURVE ( 'NONE', #5699, #2031, #1219, .T. ) ;
#6450 = EDGE_CURVE ( 'NONE', #170, #6551, #1413, .T. ) ;
#6451 = CARTESIAN_POINT ( 'NONE',  ( -11687.77992055854520, -296.8409399909873514, -960.0000000000002274 ) ) ;
#6452 = DIRECTION ( 'NONE',  ( 1.000000000000000000, -0.000000000000000000, -0.000000000000000000 ) ) ;
#6453 = ORIENTED_EDGE ( 'NONE', *, *, #9821, .F. ) ;
#6454 = CIRCLE ( 'NONE', #5973, 79.99999999999990052 ) ;
#6455 = DIRECTION ( 'NONE',  ( -6.162975822039157467E-33, 1.000000000000000000, 2.775557561563032360E-16 ) ) ;
#6456 = ORIENTED_EDGE ( 'NONE', *, *, #3629, .T. ) ;
#6457 = DIRECTION ( 'NONE',  ( -6.162975822039157467E-33, 1.000000000000000000, 2.775557561563032360E-16 ) ) ;
#6458 = ORIENTED_EDGE ( 'NONE', *, *, #9674, .F. ) ;
#6459 = CARTESIAN_POINT ( 'NONE',  ( -14795.00000000000000, 875.0000000000000000, -1060.000000000000000 ) ) ;
#6460 = DIRECTION ( 'NONE',  ( 0.000000000000000000, 0.000000000000000000, 1.000000000000000000 ) ) ;
#6461 = EDGE_LOOP ( 'NONE', ( #757, #8619, #4979, #8334 ) ) ;
#6462 = EDGE_CURVE ( 'NONE', #6898, #8005, #8185, .T. ) ;
#6463 = CARTESIAN_POINT ( 'NONE',  ( -12225.00000000000182, 1189.999999999998408, -960.0000000000002274 ) ) ;
#6464 = LINE ( 'NONE', #4768, #3449 ) ;
#6465 = DIRECTION ( 'NONE',  ( 0.000000000000000000, 0.000000000000000000, 1.000000000000000000 ) ) ;
#6466 = CARTESIAN_POINT ( 'NONE',  ( -14588.56810139493791, -877.4999988432243754, -637.0854464784592892 ) ) ;
#6467 = DIRECTION ( 'NONE',  ( -6.162975822039157467E-33, 1.000000000000000000, 2.775557561563032360E-16 ) ) ;
#6468 = CARTESIAN_POINT ( 'NONE',  ( -10140.57257920408301, -955.0000000000003411, -1135.000000000000227 ) ) ;
#6469 = ORIENTED_EDGE ( 'NONE', *, *, #5818, .F. ) ;
#6470 = LINE ( 'NONE', #1062, #918 ) ;
#6471 = DIRECTION ( 'NONE',  ( -1.000000000000000000, 0.000000000000000000, -0.000000000000000000 ) ) ;
#6472 = CIRCLE ( 'NONE', #9181, 277.7941176470602045 ) ;
#6473 = CARTESIAN_POINT ( 'NONE',  ( -4047.454448600418345, 922.5146718258740748, -1135.000000000000227 ) ) ;
#6474 = VERTEX_POINT ( 'NONE', #5815 ) ;
#6475 = VERTEX_POINT ( 'NONE', #5215 ) ;
#6476 = ORIENTED_EDGE ( 'NONE', *, *, #2081, .T. ) ;
#6477 = EDGE_CURVE ( 'NONE', #1827, #1885, #5869, .T. ) ;
#6478 = CIRCLE ( 'NONE', #400, 50.00000000000071054 ) ;
#6479 = AXIS2_PLACEMENT_3D ( 'NONE', #4329, #9078, #9687 ) ;
#6480 = ORIENTED_EDGE ( 'NONE', *, *, #7193, .F. ) ;
#6481 = CARTESIAN_POINT ( 'NONE',  ( -14763.68599666425871, 875.0000000000000000, -1060.000000000000000 ) ) ;
#6482 = FACE_OUTER_BOUND ( 'NONE', #3398, .T. ) ;
#6483 = CARTESIAN_POINT ( 'NONE',  ( -12143.40011953353496, 278.9021535255452022, -623.7872381793326895 ) ) ;
#6484 = AXIS2_PLACEMENT_3D ( 'NONE', #2145, #3499, #1344 ) ;
#6485 = ADVANCED_FACE ( 'NONE', ( #7337 ), #7530, .T. ) ;
#6486 = ORIENTED_EDGE ( 'NONE', *, *, #8272, .F. ) ;
#6487 = AXIS2_PLACEMENT_3D ( 'NONE', #3080, #830, #7602 ) ;
#6488 = ORIENTED_EDGE ( 'NONE', *, *, #1175, .T. ) ;
#6489 = DIRECTION ( 'NONE',  ( -6.162975822039157467E-33, 1.000000000000000000, 3.301729611148415602E-16 ) ) ;
#6490 = CARTESIAN_POINT ( 'NONE',  ( -14299.99999999999818, 1077.499998843224148, -306.2059048389984355 ) ) ;
#6491 = DIRECTION ( 'NONE',  ( 0.9848077530122092416, 0.000000000000000000, 0.1736481776669233368 ) ) ;
#6492 = ADVANCED_FACE ( 'NONE', ( #4322 ), #9783, .T. ) ;
#6493 = ADVANCED_FACE ( 'NONE', ( #9824 ), #6016, .T. ) ;
#6494 = CARTESIAN_POINT ( 'NONE',  ( -12750.00000000000000, 1077.499998843224375, -589.9999999999964757 ) ) ;
#6495 = AXIS2_PLACEMENT_3D ( 'NONE', #5240, #829, #4682 ) ;
#6496 = ORIENTED_EDGE ( 'NONE', *, *, #9428, .T. ) ;
#6497 = VERTEX_POINT ( 'NONE', #3518 ) ;
#6498 = ORIENTED_EDGE ( 'NONE', *, *, #4188, .T. ) ;
#6499 = DIRECTION ( 'NONE',  ( 1.000000000000000000, -1.776356839400250465E-15, 0.000000000000000000 ) ) ;
#6500 =( GEOMETRIC_REPRESENTATION_CONTEXT ( 3 ) GLOBAL_UNCERTAINTY_ASSIGNED_CONTEXT ( ( #2919 ) ) GLOBAL_UNIT_ASSIGNED_CONTEXT ( ( #2185, #9895, #2331 ) ) REPRESENTATION_CONTEXT ( 'NONE', 'WORKASPACE' ) );
#6501 = EDGE_CURVE ( 'NONE', #2577, #6879, #2883, .T. ) ;
#6502 = DIRECTION ( 'NONE',  ( 1.232595164407830672E-32, 2.249385511977649118E-16, -1.000000000000000000 ) ) ;
#6503 = PLANE ( 'NONE',  #3262 ) ;
#6504 = ORIENTED_EDGE ( 'NONE', *, *, #8403, .T. ) ;
#6505 = DIRECTION ( 'NONE',  ( -1.000000000000000000, 0.000000000000000000, 0.000000000000000000 ) ) ;
#6506 = CARTESIAN_POINT ( 'NONE',  ( -13000.00000000000000, 4.163336342343557632E-15, -825.0000000000000000 ) ) ;
#6507 = LINE ( 'NONE', #5191, #2695 ) ;
#6508 = VERTEX_POINT ( 'NONE', #8977 ) ;
#6509 = LINE ( 'NONE', #1702, #5847 ) ;
#6510 = EDGE_CURVE ( 'NONE', #1499, #2188, #4420, .T. ) ;
#6511 = DIRECTION ( 'NONE',  ( -1.432545838226008399E-17, 1.000000000000000000, -0.000000000000000000 ) ) ;
#6512 = ADVANCED_FACE ( 'NONE', ( #2768 ), #5865, .T. ) ;
#6513 = VERTEX_POINT ( 'NONE', #513 ) ;
#6514 = VECTOR ( 'NONE', #4740, 1000.000000000000000 ) ;
#6515 = CARTESIAN_POINT ( 'NONE',  ( -14498.11620084356400, -731.6596157893138752, -632.5646946938458086 ) ) ;
#6516 = CARTESIAN_POINT ( 'NONE',  ( -13899.99999999999818, -679.9999999999979536, -539.9999999999982947 ) ) ;
#6517 = LINE ( 'NONE', #9619, #2324 ) ;
#6518 = CARTESIAN_POINT ( 'NONE',  ( -14498.11620084356400, 731.6596157893137615, -632.5646946938452402 ) ) ;
#6519 = CARTESIAN_POINT ( 'NONE',  ( -12033.84276082942779, 190.0000000000006821, -504.9802145985029256 ) ) ;
#6520 = AXIS2_PLACEMENT_3D ( 'NONE', #6127, #9182, #3321 ) ;
#6521 = LINE ( 'NONE', #1006, #8313 ) ;
#6522 = CARTESIAN_POINT ( 'NONE',  ( -346.4101615137744830, 739.9999999999984084, -960.0000000000002274 ) ) ;
#6523 = ADVANCED_FACE ( 'NONE', ( #3667 ), #6728, .T. ) ;
#6524 = ORIENTED_EDGE ( 'NONE', *, *, #8889, .T. ) ;
#6525 = DIRECTION ( 'NONE',  ( 6.162975822039157467E-33, -1.000000000000000000, -2.775557561563032360E-16 ) ) ;
#6526 = AXIS2_PLACEMENT_3D ( 'NONE', #7253, #4382, #5832 ) ;
#6527 = LINE ( 'NONE', #9577, #2413 ) ;
#6528 = LINE ( 'NONE', #313, #7188 ) ;
#6529 = EDGE_LOOP ( 'NONE', ( #717, #7630, #164, #9246 ) ) ;
#6530 = AXIS2_PLACEMENT_3D ( 'NONE', #604, #9061, #9013 ) ;
#6531 = ORIENTED_EDGE ( 'NONE', *, *, #369, .T. ) ;
#6532 = CIRCLE ( 'NONE', #4763, 149.9999999999999147 ) ;
#6533 = ADVANCED_FACE ( 'NONE', ( #8925 ), #558, .F. ) ;
#6534 = ORIENTED_EDGE ( 'NONE', *, *, #7576, .T. ) ;
#6535 = VERTEX_POINT ( 'NONE', #8523 ) ;
#6536 = DIRECTION ( 'NONE',  ( -0.9848077530122075762, 4.819705125750964784E-17, -0.1736481776669329402 ) ) ;
#6537 = VECTOR ( 'NONE', #3879, 1000.000000000000000 ) ;
#6538 = CARTESIAN_POINT ( 'NONE',  ( -11453.31954216210215, -1.387778780781445676E-13, -960.0000000000000000 ) ) ;
#6539 = AXIS2_PLACEMENT_3D ( 'NONE', #8733, #321, #6433 ) ;
#6540 = FACE_OUTER_BOUND ( 'NONE', #8226, .T. ) ;
#6541 = CARTESIAN_POINT ( 'NONE',  ( 0.000000000000000000, 0.000000000000000000, 0.000000000000000000 ) ) ;
#6542 = ORIENTED_EDGE ( 'NONE', *, *, #7727, .T. ) ;
#6543 = ORIENTED_EDGE ( 'NONE', *, *, #7541, .T. ) ;
#6544 = VECTOR ( 'NONE', #7150, 1000.000000000000000 ) ;
#6545 = DIRECTION ( 'NONE',  ( 0.000000000000000000, 0.000000000000000000, 1.000000000000000000 ) ) ;
#6546 = CARTESIAN_POINT ( 'NONE',  ( -6812.499999999994543, 989.9999999999984084, -1135.000000000000227 ) ) ;
#6547 = CARTESIAN_POINT ( 'NONE',  ( -1949.999999999999773, -989.9999999999984084, -1135.000000000000227 ) ) ;
#6548 = CIRCLE ( 'NONE', #470, 277.7941176470602045 ) ;
#6549 = DIRECTION ( 'NONE',  ( 6.162975822039157467E-33, -1.000000000000000000, -2.775557561563032360E-16 ) ) ;
#6550 = VERTEX_POINT ( 'NONE', #5307 ) ;
#6551 = VERTEX_POINT ( 'NONE', #3760 ) ;
#6552 = PLANE ( 'NONE',  #265 ) ;
#6553 = ADVANCED_FACE ( 'NONE', ( #9262 ), #6258, .T. ) ;
#6554 = LINE ( 'NONE', #9603, #2789 ) ;
#6555 = ORIENTED_EDGE ( 'NONE', *, *, #1859, .T. ) ;
#6556 = LINE ( 'NONE', #9605, #3322 ) ;
#6557 = CYLINDRICAL_SURFACE ( 'NONE', #9740, 460.0000000000000568 ) ;
#6558 = DIRECTION ( 'NONE',  ( 1.232595164407830672E-32, 2.775557561563032360E-16, -1.000000000000000000 ) ) ;
#6559 = ORIENTED_EDGE ( 'NONE', *, *, #1903, .T. ) ;
#6560 = CARTESIAN_POINT ( 'NONE',  ( -1850.000000000000455, -241.8139511719357131, -960.0000000000002274 ) ) ;
#6561 = CARTESIAN_POINT ( 'NONE',  ( 588.6859966642593918, 875.0000000000000000, -1140.000000000000227 ) ) ;
#6562 = EDGE_CURVE ( 'NONE', #6871, #1329, #3094, .T. ) ;
#6563 = ORIENTED_EDGE ( 'NONE', *, *, #83, .T. ) ;
#6564 = ORIENTED_EDGE ( 'NONE', *, *, #1500, .F. ) ;
#6565 = AXIS2_PLACEMENT_3D ( 'NONE', #8965, #2004, #8861 ) ;
#6566 = CARTESIAN_POINT ( 'NONE',  ( 588.6859966642593918, 875.0000000000000000, -1210.000000000000000 ) ) ;
#6567 = LINE ( 'NONE', #2757, #8411 ) ;
#6568 = ADVANCED_FACE ( 'NONE', ( #1225 ), #2258, .T. ) ;
#6569 = EDGE_CURVE ( 'NONE', #5956, #9090, #6064, .T. ) ;
#6570 = DIRECTION ( 'NONE',  ( 1.000000000000000000, 1.879742687196032133E-16, 0.000000000000000000 ) ) ;
#6571 = CARTESIAN_POINT ( 'NONE',  ( -14388.56810139493609, -1077.499998843224375, -757.0854464784604261 ) ) ;
#6572 = LINE ( 'NONE', #8717, #9156 ) ;
#6573 = DIRECTION ( 'NONE',  ( 1.000000000000000000, 0.000000000000000000, 0.000000000000000000 ) ) ;
#6574 = DIRECTION ( 'NONE',  ( 0.000000000000000000, -0.000000000000000000, 1.000000000000000000 ) ) ;
#6575 = VECTOR ( 'NONE', #9716, 1000.000000000000000 ) ;
#6576 = ORIENTED_EDGE ( 'NONE', *, *, #7119, .F. ) ;
#6577 = DIRECTION ( 'NONE',  ( -1.000000000000000000, -1.850371707708594316E-16, 0.000000000000000000 ) ) ;
#6578 = DIRECTION ( 'NONE',  ( 0.000000000000000000, 0.000000000000000000, 1.000000000000000000 ) ) ;
#6579 = EDGE_CURVE ( 'NONE', #6129, #7759, #9117, .T. ) ;
#6580 = EDGE_CURVE ( 'NONE', #5396, #4443, #8476, .T. ) ;
#6581 = CARTESIAN_POINT ( 'NONE',  ( -14119.99999999999818, -1077.499998843224375, -517.7941176470594655 ) ) ;
#6582 = VECTOR ( 'NONE', #5673, 1000.000000000000000 ) ;
#6583 = EDGE_LOOP ( 'NONE', ( #4764, #8579, #796, #682 ) ) ;
#6584 = EDGE_LOOP ( 'NONE', ( #3553, #2332, #8666, #4710 ) ) ;
#6585 = AXIS2_PLACEMENT_3D ( 'NONE', #1096, #2397, #5645 ) ;
#6586 = ORIENTED_EDGE ( 'NONE', *, *, #7601, .F. ) ;
#6587 = ORIENTED_EDGE ( 'NONE', *, *, #6066, .T. ) ;
#6588 = CARTESIAN_POINT ( 'NONE',  ( -11411.43189860506209, -877.4999988432243754, -637.0854464784592892 ) ) ;
#6589 = CARTESIAN_POINT ( 'NONE',  ( -2825.068018844486232, 0.000000000000000000, 5040.000000000000000 ) ) ;
#6590 = DIRECTION ( 'NONE',  ( -6.162975822039157467E-33, 1.000000000000000000, 3.301729611148415602E-16 ) ) ;
#6591 = EDGE_CURVE ( 'NONE', #9283, #9583, #2456, .T. ) ;
#6592 = ORIENTED_EDGE ( 'NONE', *, *, #4421, .T. ) ;
#6593 = CARTESIAN_POINT ( 'NONE',  ( -12225.00000000000182, 241.8139511719357131, -3423.488475815656784 ) ) ;
#6594 = VECTOR ( 'NONE', #4381, 1000.000000000000000 ) ;
#6595 = VECTOR ( 'NONE', #7611, 1000.000000000000000 ) ;
#6596 = CARTESIAN_POINT ( 'NONE',  ( -6562.499999999994543, 739.9999999999979536, -1135.000000000000227 ) ) ;
#6597 = DIRECTION ( 'NONE',  ( 0.000000000000000000, 1.000000000000000000, 0.000000000000000000 ) ) ;
#6598 = PLANE ( 'NONE',  #2011 ) ;
#6599 = EDGE_LOOP ( 'NONE', ( #3853, #5459, #1142, #6162 ) ) ;
#6600 = ORIENTED_EDGE ( 'NONE', *, *, #897, .T. ) ;
#6601 = DIRECTION ( 'NONE',  ( -6.162975822039157467E-33, 1.000000000000000000, 2.775557561563032360E-16 ) ) ;
#6602 = DIRECTION ( 'NONE',  ( -1.000000000000000000, -0.000000000000000000, -0.000000000000000000 ) ) ;
#6603 = ORIENTED_EDGE ( 'NONE', *, *, #8764, .F. ) ;
#6604 = CARTESIAN_POINT ( 'NONE',  ( -11353.31954216210215, -1.387778780781445676E-13, -960.0000000000000000 ) ) ;
#6605 = DIRECTION ( 'NONE',  ( -6.265808957320107111E-17, 1.000000000000000000, -0.000000000000000000 ) ) ;
#6606 = DIRECTION ( 'NONE',  ( -6.265808957320107111E-17, 1.000000000000000000, -0.000000000000000000 ) ) ;
#6607 = ORIENTED_EDGE ( 'NONE', *, *, #5527, .F. ) ;
#6608 = DIRECTION ( 'NONE',  ( -1.000000000000000000, 0.000000000000000000, 0.000000000000000000 ) ) ;
#6609 = CYLINDRICAL_SURFACE ( 'NONE', #4715, 149.9999999999999147 ) ;
#6610 = ORIENTED_EDGE ( 'NONE', *, *, #7017, .T. ) ;
#6611 = ADVANCED_FACE ( 'NONE', ( #9165 ), #147, .F. ) ;
#6612 = EDGE_LOOP ( 'NONE', ( #6410, #4950, #6439, #4540, #1297 ) ) ;
#6613 =( NAMED_UNIT ( * ) PLANE_ANGLE_UNIT ( ) SI_UNIT ( $, .RADIAN. ) );
#6614 = LINE ( 'NONE', #2947, #1520 ) ;
#6615 = LINE ( 'NONE', #9567, #7444 ) ;
#6616 = DIRECTION ( 'NONE',  ( -6.265808957320107111E-17, 1.000000000000000000, -0.000000000000000000 ) ) ;
#6617 = ADVANCED_FACE ( 'NONE', ( #7769 ), #752, .T. ) ;
#6618 = CARTESIAN_POINT ( 'NONE',  ( -12500.00000000000182, -814.9999999999974989, -637.0854464784592892 ) ) ;
#6619 = AXIS2_PLACEMENT_3D ( 'NONE', #6783, #9319, #203 ) ;
#6620 = CARTESIAN_POINT ( 'NONE',  ( 0.000000000000000000, 0.000000000000000000, -1135.000000000000227 ) ) ;
#6621 = CARTESIAN_POINT ( 'NONE',  ( -11700.00000000000182, 1970.627566330085756, -637.0854464784586071 ) ) ;
#6622 = ADVANCED_FACE ( 'NONE', ( #6962 ), #3144, .T. ) ;
#6623 = EDGE_LOOP ( 'NONE', ( #7341, #8105 ) ) ;
#6624 = CARTESIAN_POINT ( 'NONE',  ( -12100.00000000000182, -679.9999999999977263, -459.9999999999982947 ) ) ;
#6625 = CARTESIAN_POINT ( 'NONE',  ( -14156.10001622140953, 176.9719203373657592, -350.9999999999987494 ) ) ;
#6626 = LINE ( 'NONE', #3762, #3974 ) ;
#6627 = DIRECTION ( 'NONE',  ( 0.1736481776669233645, 0.000000000000000000, -0.9848077530122093526 ) ) ;
#6628 = ORIENTED_EDGE ( 'NONE', *, *, #3095, .F. ) ;
#6629 = ORIENTED_EDGE ( 'NONE', *, *, #8036, .F. ) ;
#6630 = EDGE_CURVE ( 'NONE', #1016, #7155, #1609, .T. ) ;
#6631 = EDGE_CURVE ( 'NONE', #3766, #2315, #1923, .T. ) ;
#6632 = ORIENTED_EDGE ( 'NONE', *, *, #6, .F. ) ;
#6633 = AXIS2_PLACEMENT_3D ( 'NONE', #1992, #6602, #2840 ) ;
#6634 = DIRECTION ( 'NONE',  ( 1.000000000000000000, -0.000000000000000000, -0.000000000000000000 ) ) ;
#6635 =( BOUNDED_CURVE ( )  B_SPLINE_CURVE ( 3, ( #354, #301, #7121, #3457 ),
 .UNSPECIFIED., .F., .F. ) 
 B_SPLINE_CURVE_WITH_KNOTS ( ( 4, 4 ),
 ( 4.474662696288665309, 4.712388980384689674 ),
 .UNSPECIFIED. ) 
 CURVE ( )  GEOMETRIC_REPRESENTATION_ITEM ( )  RATIONAL_B_SPLINE_CURVE ( ( 1.000000000000000000, 0.9952960600157659821, 0.9952960600157659821, 1.000000000000000000 ) ) 
 REPRESENTATION_ITEM ( '' )  );
#6636 = CARTESIAN_POINT ( 'NONE',  ( -12750.00000000000000, 1077.499998843224375, -769.9999999999957936 ) ) ;
#6637 = DIRECTION ( 'NONE',  ( 6.162975822039157467E-33, -1.000000000000000000, -2.775557561563032360E-16 ) ) ;
#6638 = ORIENTED_EDGE ( 'NONE', *, *, #2231, .T. ) ;
#6639 = FACE_OUTER_BOUND ( 'NONE', #4328, .T. ) ;
#6640 = CARTESIAN_POINT ( 'NONE',  ( -13899.99999999999818, 814.9999999999971578, 2.220446049250313081E-12 ) ) ;
#6641 = CARTESIAN_POINT ( 'NONE',  ( -13250.00000000000000, -732.4719190560189190, -589.9999999999970441 ) ) ;
#6642 = DIRECTION ( 'NONE',  ( -1.000000000000000000, -6.162975822039151993E-33, -1.232595164407830946E-32 ) ) ;
#6643 = ADVANCED_FACE ( 'NONE', ( #6208 ), #4609, .F. ) ;
#6644 = DIRECTION ( 'NONE',  ( 0.000000000000000000, -1.000000000000000000, 0.000000000000000000 ) ) ;
#6645 = VECTOR ( 'NONE', #6779, 1000.000000000000000 ) ;
#6646 = CIRCLE ( 'NONE', #2171, 250.0000000000000000 ) ;
#6647 = DIRECTION ( 'NONE',  ( 0.000000000000000000, 0.000000000000000000, 1.000000000000000000 ) ) ;
#6648 = VERTEX_POINT ( 'NONE', #848 ) ;
#6649 = VECTOR ( 'NONE', #2984, 1000.000000000000114 ) ;
#6650 = CARTESIAN_POINT ( 'NONE',  ( -13250.00000000000000, 295.9385695031826913, -504.9802145985045172 ) ) ;
#6651 = ORIENTED_EDGE ( 'NONE', *, *, #2260, .T. ) ;
#6652 = PLANE ( 'NONE',  #5409 ) ;
#6653 = CARTESIAN_POINT ( 'NONE',  ( -9306.250000000003638, -740.0000000000002274, -1135.000000000000227 ) ) ;
#6654 = CIRCLE ( 'NONE', #1685, 250.0000000000000000 ) ;
#6655 = ORIENTED_EDGE ( 'NONE', *, *, #9024, .T. ) ;
#6656 = CARTESIAN_POINT ( 'NONE',  ( -11499.99999999997999, 278.9021535255452022, -623.7872381793326895 ) ) ;
#6657 = CIRCLE ( 'NONE', #5362, 99.99999999999964473 ) ;
#6658 = FACE_OUTER_BOUND ( 'NONE', #9487, .T. ) ;
#6659 = EDGE_CURVE ( 'NONE', #8559, #2436, #5753, .T. ) ;
#6660 = VECTOR ( 'NONE', #124, 1000.000000000000000 ) ;
#6661 = EDGE_LOOP ( 'NONE', ( #1278, #337, #2798, #6401, #5774 ) ) ;
#6662 = ORIENTED_EDGE ( 'NONE', *, *, #9297, .T. ) ;
#6663 = DIRECTION ( 'NONE',  ( 1.000000000000000000, 0.000000000000000000, 0.000000000000000000 ) ) ;
#6664 = DIRECTION ( 'NONE',  ( 1.000000000000000000, -0.000000000000000000, -0.000000000000000000 ) ) ;
#6665 = DIRECTION ( 'NONE',  ( 6.271695431234129858E-16, 1.000000000000000000, 0.000000000000000000 ) ) ;
#6666 = EDGE_CURVE ( 'NONE', #1916, #247, #7207, .T. ) ;
#6667 = ORIENTED_EDGE ( 'NONE', *, *, #3511, .T. ) ;
#6668 = APPLICATION_CONTEXT ( 'automotive_design' ) ;
#6669 = PLANE ( 'NONE',  #7675 ) ;
#6670 = DIRECTION ( 'NONE',  ( 1.000000000000000000, 0.000000000000000000, 0.000000000000000000 ) ) ;
#6671 = ORIENTED_EDGE ( 'NONE', *, *, #562, .F. ) ;
#6672 = DIRECTION ( 'NONE',  ( -1.232595164407830672E-32, -2.775557561563032360E-16, 1.000000000000000000 ) ) ;
#6673 = DIRECTION ( 'NONE',  ( 6.162975822039157467E-33, -1.000000000000000000, -2.249385511977649118E-16 ) ) ;
#6674 = VECTOR ( 'NONE', #4093, 1000.000000000000000 ) ;
#6675 = PLANE ( 'NONE',  #9754 ) ;
#6676 = EDGE_CURVE ( 'NONE', #1542, #8829, #705, .T. ) ;
#6677 = DIRECTION ( 'NONE',  ( 1.000000000000000000, 0.000000000000000000, 0.000000000000000000 ) ) ;
#6678 = AXIS2_PLACEMENT_3D ( 'NONE', #7383, #1314, #7526 ) ;
#6679 = ORIENTED_EDGE ( 'NONE', *, *, #3066, .T. ) ;
#6680 = ORIENTED_EDGE ( 'NONE', *, *, #7042, .F. ) ;
#6681 = VECTOR ( 'NONE', #5945, 1000.000000000000000 ) ;
#6682 = ORIENTED_EDGE ( 'NONE', *, *, #5974, .F. ) ;
#6683 = EDGE_CURVE ( 'NONE', #904, #1898, #9418, .T. ) ;
#6684 = DIRECTION ( 'NONE',  ( 1.000000000000000000, -1.776356839400250465E-15, 0.000000000000000000 ) ) ;
#6685 = CARTESIAN_POINT ( 'NONE',  ( -5576.316527040904475, -989.9999999999994316, -660.0000000000010232 ) ) ;
#6686 = DIRECTION ( 'NONE',  ( 0.000000000000000000, -1.000000000000000000, 0.000000000000000000 ) ) ;
#6687 = DIRECTION ( 'NONE',  ( -1.000000000000000000, -1.850371707708594316E-16, 2.486899575160350651E-14 ) ) ;
#6688 = VECTOR ( 'NONE', #5007, 1000.000000000000000 ) ;
#6689 = ADVANCED_FACE ( 'NONE', ( #396 ), #5555, .F. ) ;
#6690 = VERTEX_POINT ( 'NONE', #3403 ) ;
#6691 = AXIS2_PLACEMENT_3D ( 'NONE', #9180, #3871, #1432 ) ;
#6692 = EDGE_CURVE ( 'NONE', #9027, #7344, #5427, .T. ) ;
#6693 = CARTESIAN_POINT ( 'NONE',  ( -12143.40011953353496, -747.0986934586336474, -637.0854464784592892 ) ) ;
#6694 = CARTESIAN_POINT ( 'NONE',  ( -11575.00000000000182, -740.0000000000006821, -1135.000000000000227 ) ) ;
#6695 = DIRECTION ( 'NONE',  ( -1.000000000000000000, 0.000000000000000000, 0.000000000000000000 ) ) ;
#6696 = LINE ( 'NONE', #1187, #5355 ) ;
#6697 = AXIS2_PLACEMENT_3D ( 'NONE', #9607, #1149, #8207 ) ;
#6698 = AXIS2_PLACEMENT_3D ( 'NONE', #5578, #3421, #1779 ) ;
#6699 = CARTESIAN_POINT ( 'NONE',  ( -7362.500000000006366, 989.9999999999984084, -1135.000000000000227 ) ) ;
#6700 = FACE_OUTER_BOUND ( 'NONE', #6095, .T. ) ;
#6701 = AXIS2_PLACEMENT_3D ( 'NONE', #2387, #6750, #3697 ) ;
#6702 = ORIENTED_EDGE ( 'NONE', *, *, #7603, .F. ) ;
#6703 = ADVANCED_FACE ( 'NONE', ( #9563 ), #4110, .F. ) ;
#6704 = DIRECTION ( 'NONE',  ( 0.000000000000000000, 0.000000000000000000, 1.000000000000000000 ) ) ;
#6705 = ORIENTED_EDGE ( 'NONE', *, *, #9063, .F. ) ;
#6706 = CIRCLE ( 'NONE', #1273, 460.0000000000001137 ) ;
#6707 = FACE_OUTER_BOUND ( 'NONE', #7268, .T. ) ;
#6708 = CARTESIAN_POINT ( 'NONE',  ( -13899.99999999999818, 814.9999999999972715, -459.9999999999978968 ) ) ;
#6709 = ORIENTED_EDGE ( 'NONE', *, *, #383, .T. ) ;
#6710 = CARTESIAN_POINT ( 'NONE',  ( -11699.99999999998181, -699.9999999999986358, -757.0854464784603124 ) ) ;
#6711 = CARTESIAN_POINT ( 'NONE',  ( -11880.00000000000182, 1970.627566330085529, -239.9999999999976694 ) ) ;
#6712 = ORIENTED_EDGE ( 'NONE', *, *, #5511, .T. ) ;
#6713 = AXIS2_PLACEMENT_3D ( 'NONE', #6593, #5731, #8000 ) ;
#6714 = ORIENTED_EDGE ( 'NONE', *, *, #5385, .F. ) ;
#6715 = VERTEX_POINT ( 'NONE', #249 ) ;
#6716 = CARTESIAN_POINT ( 'NONE',  ( -14498.43108295709135, 725.0021062409357455, -757.0854464784598576 ) ) ;
#6717 = LINE ( 'NONE', #9814, #2329 ) ;
#6718 = DIRECTION ( 'NONE',  ( 1.000000000000000000, 0.000000000000000000, 0.000000000000000000 ) ) ;
#6719 = EDGE_CURVE ( 'NONE', #7083, #751, #6408, .T. ) ;
#6720 = DIRECTION ( 'NONE',  ( 0.000000000000000000, -0.000000000000000000, -1.000000000000000000 ) ) ;
#6721 = ORIENTED_EDGE ( 'NONE', *, *, #8508, .F. ) ;
#6722 = CARTESIAN_POINT ( 'NONE',  ( -5576.316527040902656, 1089.999999999998181, -760.0000000000010232 ) ) ;
#6723 = CARTESIAN_POINT ( 'NONE',  ( -11687.77992055854520, 296.8409399909894546, -960.0000000000002274 ) ) ;
#6724 = AXIS2_PLACEMENT_3D ( 'NONE', #4007, #9468, #8761 ) ;
#6725 = ORIENTED_EDGE ( 'NONE', *, *, #2260, .F. ) ;
#6726 = CARTESIAN_POINT ( 'NONE',  ( -12225.00000000000182, -989.9999999999984084, -1135.000000000000227 ) ) ;
#6727 = VERTEX_POINT ( 'NONE', #5608 ) ;
#6728 = PLANE ( 'NONE',  #1766 ) ;
#6729 = FACE_OUTER_BOUND ( 'NONE', #6461, .T. ) ;
#6730 = CARTESIAN_POINT ( 'NONE',  ( -14175.00000000000000, 1089.999999999997726, -960.0000000000002274 ) ) ;
#6731 = CIRCLE ( 'NONE', #1773, 79.99999999999990052 ) ;
#6732 = VERTEX_POINT ( 'NONE', #1809 ) ;
#6733 = EDGE_CURVE ( 'NONE', #9618, #3539, #8571, .T. ) ;
#6734 = ORIENTED_EDGE ( 'NONE', *, *, #7772, .F. ) ;
#6735 = CARTESIAN_POINT ( 'NONE',  ( -346.4101615137745398, -989.9999999999984084, -3423.488475815656784 ) ) ;
#6736 = VECTOR ( 'NONE', #815, 1000.000000000000000 ) ;
#6737 = LINE ( 'NONE', #6026, #7538 ) ;
#6738 = CYLINDRICAL_SURFACE ( 'NONE', #4254, 79.99999999999995737 ) ;
#6739 = DIRECTION ( 'NONE',  ( 1.000000000000000000, 0.000000000000000000, 0.000000000000000000 ) ) ;
#6740 = ORIENTED_EDGE ( 'NONE', *, *, #8159, .T. ) ;
#6741 = EDGE_CURVE ( 'NONE', #4327, #7413, #1122, .T. ) ;
#6742 = CARTESIAN_POINT ( 'NONE',  ( -14500.00000000002001, -699.9999999999986358, -757.0854464784603124 ) ) ;
#6743 = CARTESIAN_POINT ( 'NONE',  ( -14299.99999999999818, -1970.627566330085756, -637.0854464784596303 ) ) ;
#6744 = CARTESIAN_POINT ( 'NONE',  ( -11499.99999999997999, 699.9999999999986358, -757.0854464784598576 ) ) ;
#6745 = EDGE_CURVE ( 'NONE', #7339, #7967, #1599, .T. ) ;
#6746 = ORIENTED_EDGE ( 'NONE', *, *, #5893, .T. ) ;
#6747 = LINE ( 'NONE', #3777, #3638 ) ;
#6748 = DIRECTION ( 'NONE',  ( 6.162975822039157467E-33, -1.000000000000000000, -2.775557561563032360E-16 ) ) ;
#6749 = ORIENTED_EDGE ( 'NONE', *, *, #5042, .F. ) ;
#6750 = DIRECTION ( 'NONE',  ( -1.406570332511357463E-16, 2.014976476011318285E-33, -1.000000000000000000 ) ) ;
#6751 = CARTESIAN_POINT ( 'NONE',  ( -13856.59988046646504, -725.0021062409357455, -757.0854464784603124 ) ) ;
#6752 = DIRECTION ( 'NONE',  ( 0.000000000000000000, -0.000000000000000000, -1.000000000000000000 ) ) ;
#6753 = PLANE ( 'NONE',  #2816 ) ;
#6754 = ORIENTED_EDGE ( 'NONE', *, *, #5809, .F. ) ;
#6755 = ORIENTED_EDGE ( 'NONE', *, *, #7037, .F. ) ;
#6756 = EDGE_CURVE ( 'NONE', #9464, #7141, #2399, .T. ) ;
#6757 = ORIENTED_EDGE ( 'NONE', *, *, #7499, .T. ) ;
#6758 = ADVANCED_FACE ( 'NONE', ( #1707 ), #5655, .F. ) ;
#6759 = CARTESIAN_POINT ( 'NONE',  ( -12225.00000000000182, -241.8139511719357131, -960.0000000000002274 ) ) ;
#6760 = DIRECTION ( 'NONE',  ( -1.000000000000000000, 0.000000000000000000, 0.000000000000000000 ) ) ;
#6761 = CARTESIAN_POINT ( 'NONE',  ( -11825.00000000000182, -200.0000000000000000, -825.0000000000001137 ) ) ;
#6762 = DIRECTION ( 'NONE',  ( -6.162975822039157467E-33, 1.000000000000000000, 2.775557561563032360E-16 ) ) ;
#6763 = CIRCLE ( 'NONE', #6114, 250.0000000000000000 ) ;
#6764 = VERTEX_POINT ( 'NONE', #7823 ) ;
#6765 = AXIS2_PLACEMENT_3D ( 'NONE', #4835, #7152, #3222 ) ;
#6766 = DIRECTION ( 'NONE',  ( -6.162975822039156098E-33, 1.000000000000000000, 2.775557561563032360E-16 ) ) ;
#6767 = CARTESIAN_POINT ( 'NONE',  ( -2350.000000000001364, -241.8139511719333541, -1135.000000000000227 ) ) ;
#6768 = EDGE_CURVE ( 'NONE', #225, #2488, #196, .T. ) ;
#6769 = DIRECTION ( 'NONE',  ( 1.000000000000000000, 0.000000000000000000, 0.000000000000000000 ) ) ;
#6770 = EDGE_LOOP ( 'NONE', ( #966, #2470, #9842, #7035 ) ) ;
#6771 = DIRECTION ( 'NONE',  ( 0.000000000000000000, 0.000000000000000000, -1.000000000000000000 ) ) ;
#6772 = DIRECTION ( 'NONE',  ( -1.000000000000000000, -6.265808957320107111E-17, -0.000000000000000000 ) ) ;
#6773 = DIRECTION ( 'NONE',  ( -1.000000000000000000, 0.000000000000000000, 0.000000000000000000 ) ) ;
#6774 = ORIENTED_EDGE ( 'NONE', *, *, #5584, .F. ) ;
#6775 = EDGE_CURVE ( 'NONE', #6115, #2547, #1906, .T. ) ;
#6776 = EDGE_LOOP ( 'NONE', ( #8616, #9294, #2281, #6187 ) ) ;
#6777 = DIRECTION ( 'NONE',  ( -0.9281522335464009732, 0.3722007944145567238, 0.000000000000000000 ) ) ;
#6778 = DIRECTION ( 'NONE',  ( -1.432545838226008708E-17, -1.000000000000000000, 0.000000000000000000 ) ) ;
#6779 = DIRECTION ( 'NONE',  ( 1.483886295880788311E-16, 1.000000000000000000, 0.000000000000000000 ) ) ;
#6780 = DIRECTION ( 'NONE',  ( -0.000000000000000000, 0.000000000000000000, 1.000000000000000000 ) ) ;
#6781 = EDGE_LOOP ( 'NONE', ( #2913, #2069 ) ) ;
#6782 = EDGE_CURVE ( 'NONE', #6038, #2822, #352, .T. ) ;
#6783 = CARTESIAN_POINT ( 'NONE',  ( -5190.624999999995453, -739.9999999999994316, -1135.000000000000227 ) ) ;
#6784 = CARTESIAN_POINT ( 'NONE',  ( -2350.000000000001364, -989.9999999999990905, -1135.000000000000227 ) ) ;
#6785 = ORIENTED_EDGE ( 'NONE', *, *, #8341, .T. ) ;
#6786 = EDGE_CURVE ( 'NONE', #5178, #2829, #1855, .T. ) ;
#6787 = FACE_OUTER_BOUND ( 'NONE', #1018, .T. ) ;
#6788 = DIRECTION ( 'NONE',  ( -0.000000000000000000, 1.000000000000000000, -0.000000000000000000 ) ) ;
#6789 = VECTOR ( 'NONE', #1448, 1000.000000000000000 ) ;
#6790 = ORIENTED_EDGE ( 'NONE', *, *, #3532, .F. ) ;
#6791 = VERTEX_POINT ( 'NONE', #7118 ) ;
#6792 = EDGE_CURVE ( 'NONE', #4924, #1163, #7988, .T. ) ;
#6793 = CARTESIAN_POINT ( 'NONE',  ( -10253.43092739265558, -1189.999999999998181, -960.7596123493876803 ) ) ;
#6794 = DIRECTION ( 'NONE',  ( 6.162975822039157467E-33, -1.000000000000000000, -2.775557561563032360E-16 ) ) ;
#6795 = LINE ( 'NONE', #6042, #7979 ) ;
#6796 = CARTESIAN_POINT ( 'NONE',  ( 0.000000000000000000, 875.0000000000000000, -1060.000000000000000 ) ) ;
#6797 = AXIS2_PLACEMENT_3D ( 'NONE', #9060, #7662, #6860 ) ;
#6798 = VECTOR ( 'NONE', #9459, 1000.000000000000114 ) ;
#6799 = LINE ( 'NONE', #6903, #9839 ) ;
#6800 = ORIENTED_EDGE ( 'NONE', *, *, #1055, .T. ) ;
#6801 = ORIENTED_EDGE ( 'NONE', *, *, #3716, .F. ) ;
#6802 = AXIS2_PLACEMENT_3D ( 'NONE', #5173, #1373, #8541 ) ;
#6803 = ORIENTED_EDGE ( 'NONE', *, *, #3692, .T. ) ;
#6804 = EDGE_CURVE ( 'NONE', #511, #727, #8324, .T. ) ;
#6805 = VECTOR ( 'NONE', #5289, 1000.000000000000000 ) ;
#6806 = CARTESIAN_POINT ( 'NONE',  ( -7362.500000000006366, 989.9999999999984084, -3423.488475815656784 ) ) ;
#6807 = CARTESIAN_POINT ( 'NONE',  ( -5190.624999999995453, 989.9999999999980673, -960.0000000000002274 ) ) ;
#6808 = DIRECTION ( 'NONE',  ( 1.000000000000000000, 0.000000000000000000, 0.000000000000000000 ) ) ;
#6809 = LINE ( 'NONE', #7568, #8618 ) ;
#6810 = AXIS2_PLACEMENT_3D ( 'NONE', #5454, #86, #1495 ) ;
#6811 = EDGE_CURVE ( 'NONE', #597, #7759, #502, .T. ) ;
#6812 = CIRCLE ( 'NONE', #76, 100.0000000000000853 ) ;
#6813 = ORIENTED_EDGE ( 'NONE', *, *, #7785, .T. ) ;
#6814 = EDGE_CURVE ( 'NONE', #6843, #8506, #4904, .T. ) ;
#6815 = CIRCLE ( 'NONE', #1691, 6000.000000000000000 ) ;
#6816 = DIRECTION ( 'NONE',  ( 0.1736481776669329680, 2.733390605558932128E-16, -0.9848077530122076872 ) ) ;
#6817 = DIRECTION ( 'NONE',  ( -6.162975822039157467E-33, 1.000000000000000000, 2.775557561563032360E-16 ) ) ;
#6818 = VERTEX_POINT ( 'NONE', #2707 ) ;
#6819 = DIRECTION ( 'NONE',  ( 1.000000000000000000, 0.000000000000000000, 0.000000000000000000 ) ) ;
#6820 = ORIENTED_EDGE ( 'NONE', *, *, #4893, .F. ) ;
#6821 = DIRECTION ( 'NONE',  ( -0.000000000000000000, 0.000000000000000000, -1.000000000000000000 ) ) ;
#6822 = AXIS2_PLACEMENT_3D ( 'NONE', #920, #7147, #6437 ) ;
#6823 = LINE ( 'NONE', #617, #306 ) ;
#6824 = FACE_OUTER_BOUND ( 'NONE', #6612, .T. ) ;
#6825 = ADVANCED_FACE ( 'NONE', ( #1307 ), #7468, .T. ) ;
#6826 = ORIENTED_EDGE ( 'NONE', *, *, #258, .F. ) ;
#6827 = ORIENTED_EDGE ( 'NONE', *, *, #8311, .F. ) ;
#6828 = ORIENTED_EDGE ( 'NONE', *, *, #789, .F. ) ;
#6829 = DIRECTION ( 'NONE',  ( 0.000000000000000000, 0.000000000000000000, 1.000000000000000000 ) ) ;
#6830 = VECTOR ( 'NONE', #2569, 1000.000000000000000 ) ;
#6831 = CARTESIAN_POINT ( 'NONE',  ( -9956.250000000003638, 560.2425708315849988, -960.0000000000000000 ) ) ;
#6832 = CARTESIAN_POINT ( 'NONE',  ( -11700.00000000000182, 1970.627566330085529, -306.2059048389982081 ) ) ;
#6833 = PLANE ( 'NONE',  #964 ) ;
#6834 = EDGE_LOOP ( 'NONE', ( #5140, #8426, #4947, #3469 ) ) ;
#6835 = PRODUCT_DEFINITION_SHAPE ( 'NONE', 'NONE',  #9920 ) ;
#6836 = EDGE_CURVE ( 'NONE', #2315, #3766, #2239, .T. ) ;
#6837 = VECTOR ( 'NONE', #6333, 1000.000000000000000 ) ;
#6838 = CARTESIAN_POINT ( 'NONE',  ( -14119.99999999999818, -1077.499998843224603, -239.9999999999985505 ) ) ;
#6839 = ORIENTED_EDGE ( 'NONE', *, *, #8282, .F. ) ;
#6840 = DIRECTION ( 'NONE',  ( -0.000000000000000000, 0.000000000000000000, -1.000000000000000000 ) ) ;
#6841 = VECTOR ( 'NONE', #6269, 1000.000000000000000 ) ;
#6842 = CARTESIAN_POINT ( 'NONE',  ( -5576.316527040904475, 1189.999999999998408, -660.0000000000010232 ) ) ;
#6843 = VERTEX_POINT ( 'NONE', #7420 ) ;
#6844 = LINE ( 'NONE', #9143, #41 ) ;
#6845 = CARTESIAN_POINT ( 'NONE',  ( -12244.99999999992906, -1077.499998843224375, -860.0000000000231921 ) ) ;
#6846 = MANIFOLD_SOLID_BREP ( 'Specchia4', #4881 ) ;
#6847 = DIRECTION ( 'NONE',  ( 0.000000000000000000, 0.000000000000000000, 1.000000000000000000 ) ) ;
#6848 = DIRECTION ( 'NONE',  ( 1.232595164407830672E-32, 2.775557561563032360E-16, -1.000000000000000000 ) ) ;
#6849 = VECTOR ( 'NONE', #8072, 1000.000000000000000 ) ;
#6850 = CARTESIAN_POINT ( 'NONE',  ( -1950.000000000000682, -800.0000000000000000, -910.0000000000001137 ) ) ;
#6851 = EDGE_LOOP ( 'NONE', ( #7943, #4642, #3150, #88, #2901, #8212 ) ) ;
#6852 = ORIENTED_EDGE ( 'NONE', *, *, #5024, .T. ) ;
#6853 = APPLICATION_CONTEXT ( 'automotive_design' ) ;
#6854 = EDGE_LOOP ( 'NONE', ( #8530, #799, #4788, #8052, #5679, #3378, #5997, #5245, #4784, #5640, #6345, #4372 ) ) ;
#6855 = EDGE_CURVE ( 'NONE', #4998, #1689, #5754, .T. ) ;
#6856 = VECTOR ( 'NONE', #7599, 1000.000000000000000 ) ;
#6857 = DIRECTION ( 'NONE',  ( 1.000000000000000000, -0.000000000000000000, -0.000000000000000000 ) ) ;
#6858 = DIRECTION ( 'NONE',  ( -6.162975822039157467E-33, 1.000000000000000000, 3.301729611148415602E-16 ) ) ;
#6859 = VECTOR ( 'NONE', #4155, 1000.000000000000114 ) ;
#6860 = DIRECTION ( 'NONE',  ( 1.000000000000000000, 0.000000000000000000, 0.000000000000000000 ) ) ;
#6861 = DIRECTION ( 'NONE',  ( 0.000000000000000000, -1.000000000000000000, -5.551115123125784674E-16 ) ) ;
#6862 = ORIENTED_EDGE ( 'NONE', *, *, #1313, .F. ) ;
#6863 = EDGE_CURVE ( 'NONE', #6146, #4106, #5199, .T. ) ;
#6864 = VECTOR ( 'NONE', #8942, 1000.000000000000000 ) ;
#6865 = EDGE_LOOP ( 'NONE', ( #3831, #6496, #9575, #5087 ) ) ;
#6866 = LINE ( 'NONE', #9465, #73 ) ;
#6867 = PLANE ( 'NONE',  #8473 ) ;
#6868 = VECTOR ( 'NONE', #2405, 1000.000000000000000 ) ;
#6869 = EDGE_LOOP ( 'NONE', ( #4791, #7321, #6587, #8782 ) ) ;
#6870 = EDGE_CURVE ( 'NONE', #5244, #704, #3557, .T. ) ;
#6871 = VERTEX_POINT ( 'NONE', #2109 ) ;
#6872 = EDGE_CURVE ( 'NONE', #4582, #7427, #4401, .T. ) ;
#6873 = DIRECTION ( 'NONE',  ( 6.162975822039157467E-33, -1.000000000000000000, -3.301729611148415602E-16 ) ) ;
#6874 = AXIS2_PLACEMENT_3D ( 'NONE', #1812, #356, #3250 ) ;
#6875 = CARTESIAN_POINT ( 'NONE',  ( -11880.00000000000182, -1077.499998843224375, -517.7941176470594655 ) ) ;
#6876 = CARTESIAN_POINT ( 'NONE',  ( -8598.683472959091887, -1189.999999999998181, -6660.000000000000000 ) ) ;
#6877 = CARTESIAN_POINT ( 'NONE',  ( -13856.59988046646504, -1077.499998843224375, -637.0854464784594029 ) ) ;
#6878 = ORIENTED_EDGE ( 'NONE', *, *, #4732, .F. ) ;
#6879 = VERTEX_POINT ( 'NONE', #6566 ) ;
#6880 = ORIENTED_EDGE ( 'NONE', *, *, #6741, .F. ) ;
#6881 = EDGE_CURVE ( 'NONE', #2300, #2161, #4807, .T. ) ;
#6882 = CARTESIAN_POINT ( 'NONE',  ( -11825.00000000000182, 739.9999999999976126, -960.0000000000002274 ) ) ;
#6883 = EDGE_CURVE ( 'NONE', #1443, #4692, #494, .T. ) ;
#6884 = CARTESIAN_POINT ( 'NONE',  ( -12750.00000000000000, -899.9999999999986358, -350.9999999999989768 ) ) ;
#6885 = DIRECTION ( 'NONE',  ( 0.000000000000000000, -0.000000000000000000, -1.000000000000000000 ) ) ;
#6886 = DIRECTION ( 'NONE',  ( 1.232595164407830672E-32, 2.775557561563032360E-16, -1.000000000000000000 ) ) ;
#6887 = AXIS2_PLACEMENT_3D ( 'NONE', #5503, #3298, #7174 ) ;
#6888 = VERTEX_POINT ( 'NONE', #8263 ) ;
#6889 = CARTESIAN_POINT ( 'NONE',  ( -13250.00000000000000, 1077.499998843224375, -637.0854464784587208 ) ) ;
#6890 = CIRCLE ( 'NONE', #8973, 460.0000000000001137 ) ;
#6891 = EDGE_CURVE ( 'NONE', #930, #9415, #4005, .T. ) ;
#6892 = ORIENTED_EDGE ( 'NONE', *, *, #6355, .F. ) ;
#6893 = CARTESIAN_POINT ( 'NONE',  ( -9623.207721193939506, -1089.999999999998181, -849.6342572279645537 ) ) ;
#6894 = LINE ( 'NONE', #6037, #2954 ) ;
#6895 = ORIENTED_EDGE ( 'NONE', *, *, #8132, .F. ) ;
#6896 = SHAPE_REPRESENTATION ( 'FlatWagon_40ft_MoreDetailed', ( #259, #7623, #4105, #4264 ), #5532 ) ;
#6897 = AXIS2_PLACEMENT_3D ( 'NONE', #1978, #9484, #4977 ) ;
#6898 = VERTEX_POINT ( 'NONE', #1204 ) ;
#6899 = DIRECTION ( 'NONE',  ( 0.000000000000000000, 0.000000000000000000, -1.000000000000000000 ) ) ;
#6900 = LINE ( 'NONE', #8255, #1572 ) ;
#6901 = LINE ( 'NONE', #9190, #6856 ) ;
#6902 = DIRECTION ( 'NONE',  ( 0.000000000000000000, 0.000000000000000000, 1.000000000000000000 ) ) ;
#6903 = CARTESIAN_POINT ( 'NONE',  ( -13250.00000000000000, 278.9021535255452022, -725.0000000000052296 ) ) ;
#6904 = ORIENTED_EDGE ( 'NONE', *, *, #4930, .T. ) ;
#6905 = VERTEX_POINT ( 'NONE', #2856 ) ;
#6906 = ORIENTED_EDGE ( 'NONE', *, *, #7250, .F. ) ;
#6907 = CARTESIAN_POINT ( 'NONE',  ( -12100.00000000000182, 679.9999999999979536, -459.9999999999979536 ) ) ;
#6908 = DIRECTION ( 'NONE',  ( 1.000000000000000000, 0.000000000000000000, 0.000000000000000000 ) ) ;
#6909 = DIRECTION ( 'NONE',  ( -0.000000000000000000, -0.000000000000000000, -1.000000000000000000 ) ) ;
#6910 = DIRECTION ( 'NONE',  ( 1.000000000000000000, 0.000000000000000000, -4.040691778796104450E-16 ) ) ;
#6911 = ADVANCED_FACE ( 'NONE', ( #9616, #5155, #7565 ), #3843, .F. ) ;
#6912 = CARTESIAN_POINT ( 'NONE',  ( -2450.000000000000455, 389.6561633456299774, -1135.000000000000227 ) ) ;
#6913 = FACE_OUTER_BOUND ( 'NONE', #5361, .T. ) ;
#6914 = ORIENTED_EDGE ( 'NONE', *, *, #8597, .T. ) ;
#6915 = EDGE_CURVE ( 'NONE', #8799, #551, #695, .T. ) ;
#6916 = DIRECTION ( 'NONE',  ( 1.000000000000000000, 0.000000000000000000, -0.000000000000000000 ) ) ;
#6917 = CARTESIAN_POINT ( 'NONE',  ( -10294.74851850930827, -1189.999999999998181, -1009.999999999998181 ) ) ;
#6918 = PLANE ( 'NONE',  #5311 ) ;
#6919 = ORIENTED_EDGE ( 'NONE', *, *, #2539, .T. ) ;
#6920 = EDGE_CURVE ( 'NONE', #1925, #6871, #80, .T. ) ;
#6921 = DIRECTION ( 'NONE',  ( 1.000000000000000000, 3.172065784643291554E-15, 0.000000000000000000 ) ) ;
#6922 = EDGE_CURVE ( 'NONE', #9171, #1444, #6731, .T. ) ;
#6923 = ORIENTED_EDGE ( 'NONE', *, *, #745, .F. ) ;
#6924 = ORIENTED_EDGE ( 'NONE', *, *, #4918, .T. ) ;
#6925 = ORIENTED_EDGE ( 'NONE', *, *, #2731, .F. ) ;
#6926 = LINE ( 'NONE', #9271, #9076 ) ;
#6927 = CARTESIAN_POINT ( 'NONE',  ( -14175.00000000000000, 1189.999999999997499, -960.0000000000002274 ) ) ;
#6928 = CARTESIAN_POINT ( 'NONE',  ( -14299.99999999999818, 1970.627566330085756, -637.0854464784586071 ) ) ;
#6929 = AXIS2_PLACEMENT_3D ( 'NONE', #9667, #2010, #1582 ) ;
#6930 = CARTESIAN_POINT ( 'NONE',  ( -3921.569072607348517, -5431.508564030776142, -960.7596123493884761 ) ) ;
#6931 = VERTEX_POINT ( 'NONE', #9105 ) ;
#6932 = ADVANCED_FACE ( 'NONE', ( #8406 ), #3747, .T. ) ;
#6933 = EDGE_CURVE ( 'NONE', #3104, #4327, #2346, .T. ) ;
#6934 = DIRECTION ( 'NONE',  ( 1.232595164407830672E-32, 2.775557561563032360E-16, -1.000000000000000000 ) ) ;
#6935 = LINE ( 'NONE', #3919, #1876 ) ;
#6936 = CARTESIAN_POINT ( 'NONE',  ( 0.000000000000000000, 0.000000000000000000, 0.000000000000000000 ) ) ;
#6937 = ORIENTED_EDGE ( 'NONE', *, *, #7627, .T. ) ;
#6938 = ORIENTED_EDGE ( 'NONE', *, *, #4131, .F. ) ;
#6939 = PLANE ( 'NONE',  #4680 ) ;
#6940 = CYLINDRICAL_SURFACE ( 'NONE', #3661, 79.99999999999995737 ) ;
#6941 = ADVANCED_FACE ( 'NONE', ( #31 ), #9248, .T. ) ;
#6942 = DIRECTION ( 'NONE',  ( 1.000000000000000000, 6.162975822039151993E-33, 1.232595164407830946E-32 ) ) ;
#6943 = DIRECTION ( 'NONE',  ( 0.000000000000000000, -0.000000000000000000, -1.000000000000000000 ) ) ;
#6944 = CARTESIAN_POINT ( 'NONE',  ( -12750.00000000000000, -729.4021522441533989, -769.9999999999963620 ) ) ;
#6945 = ORIENTED_EDGE ( 'NONE', *, *, #3609, .F. ) ;
#6946 = ORIENTED_EDGE ( 'NONE', *, *, #9211, .F. ) ;
#6947 = ORIENTED_EDGE ( 'NONE', *, *, #4060, .T. ) ;
#6948 = VERTEX_POINT ( 'NONE', #3793 ) ;
#6949 = VECTOR ( 'NONE', #7906, 1000.000000000000000 ) ;
#6950 = CARTESIAN_POINT ( 'NONE',  ( -11505.62481363482402, 747.0986934586334201, -637.0854464784588345 ) ) ;
#6951 = CARTESIAN_POINT ( 'NONE',  ( -2600.000000000000455, -739.9999999999988631, -960.0000000000002274 ) ) ;
#6952 = CYLINDRICAL_SURFACE ( 'NONE', #2825, 5900.000000000000000 ) ;
#6953 = LINE ( 'NONE', #6056, #621 ) ;
#6954 = ADVANCED_FACE ( 'NONE', ( #9152 ), #7657, .T. ) ;
#6955 = CARTESIAN_POINT ( 'NONE',  ( -265.1845289799123293, -989.9999999999984084, -1503.936198047713333 ) ) ;
#6956 = VECTOR ( 'NONE', #457, 1000.000000000000000 ) ;
#6957 = VECTOR ( 'NONE', #7145, 1000.000000000000000 ) ;
#6958 = DIRECTION ( 'NONE',  ( -0.1736481776669226706, 2.487589742322805819E-18, 0.9848077530122094636 ) ) ;
#6959 = ORIENTED_EDGE ( 'NONE', *, *, #8845, .T. ) ;
#6960 = ORIENTED_EDGE ( 'NONE', *, *, #623, .T. ) ;
#6961 = AXIS2_PLACEMENT_3D ( 'NONE', #6912, #4651, #842 ) ;
#6962 = FACE_OUTER_BOUND ( 'NONE', #8839, .T. ) ;
#6963 = EDGE_CURVE ( 'NONE', #1339, #1601, #5446, .T. ) ;
#6964 = VECTOR ( 'NONE', #5520, 1000.000000000000000 ) ;
#6965 = DIRECTION ( 'NONE',  ( 6.162975822039157467E-33, -1.000000000000000000, -2.775557561563032360E-16 ) ) ;
#6966 = AXIS2_PLACEMENT_3D ( 'NONE', #1138, #2433, #929 ) ;
#6967 = CARTESIAN_POINT ( 'NONE',  ( -11411.43189860506209, 295.9385695031826913, -504.9802145985045172 ) ) ;
#6968 = AXIS2_PLACEMENT_3D ( 'NONE', #1481, #2064, #3738 ) ;
#6969 = DIRECTION ( 'NONE',  ( -6.162975822039157467E-33, 1.000000000000000000, 3.301729611148415602E-16 ) ) ;
#6970 = CARTESIAN_POINT ( 'NONE',  ( -9623.207721193939506, -1189.999999999998181, -849.6342572279646674 ) ) ;
#6971 = AXIS2_PLACEMENT_3D ( 'NONE', #4937, #4836, #9338 ) ;
#6972 = ORIENTED_EDGE ( 'NONE', *, *, #2334, .F. ) ;
#6973 = ORIENTED_EDGE ( 'NONE', *, *, #2525, .T. ) ;
#6974 = ORIENTED_EDGE ( 'NONE', *, *, #7192, .F. ) ;
#6975 = CARTESIAN_POINT ( 'NONE',  ( -12225.00000000000182, 989.9999999999984084, -1135.000000000000227 ) ) ;
#6976 = LINE ( 'NONE', #7685, #6736 ) ;
#6977 = EDGE_CURVE ( 'NONE', #4116, #2585, #2294, .T. ) ;
#6978 = DIRECTION ( 'NONE',  ( 1.000000000000000000, -0.000000000000000000, -0.000000000000000000 ) ) ;
#6979 = PLANE ( 'NONE',  #8462 ) ;
#6980 = ORIENTED_EDGE ( 'NONE', *, *, #4876, .T. ) ;
#6981 = EDGE_CURVE ( 'NONE', #51, #292, #6002, .T. ) ;
#6982 = CARTESIAN_POINT ( 'NONE',  ( -11699.99999999998181, -699.9999999999986358, -637.0854464784592892 ) ) ;
#6983 = VECTOR ( 'NONE', #1717, 1000.000000000000000 ) ;
#6984 = DIRECTION ( 'NONE',  ( -1.000000000000000000, -0.000000000000000000, -0.000000000000000000 ) ) ;
#6985 = EDGE_CURVE ( 'NONE', #4654, #5142, #8460, .T. ) ;
#6986 = CARTESIAN_POINT ( 'NONE',  ( -162.2440211999312680, -989.9999999999984084, 920.1315677728706532 ) ) ;
#6987 = EDGE_CURVE ( 'NONE', #9583, #922, #1446, .T. ) ;
#6988 = FACE_BOUND ( 'NONE', #272, .T. ) ;
#6989 = ORIENTED_EDGE ( 'NONE', *, *, #9089, .T. ) ;
#6990 = VECTOR ( 'NONE', #9403, 1000.000000000000000 ) ;
#6991 = VERTEX_POINT ( 'NONE', #9058 ) ;
#6992 = CARTESIAN_POINT ( 'NONE',  ( -3930.251481490694459, -1189.999999999999545, -1059.999999999999091 ) ) ;
#6993 = DIRECTION ( 'NONE',  ( 0.000000000000000000, 0.000000000000000000, -1.000000000000000000 ) ) ;
#6994 = CARTESIAN_POINT ( 'NONE',  ( -2600.000000000000455, -739.9999999999988631, -1135.000000000000227 ) ) ;
#6995 = CARTESIAN_POINT ( 'NONE',  ( -13856.59988046646504, -747.0986934586336474, -637.0854464784592892 ) ) ;
#6996 = FACE_OUTER_BOUND ( 'NONE', #6661, .T. ) ;
#6997 = VERTEX_POINT ( 'NONE', #3937 ) ;
#6998 = ORIENTED_EDGE ( 'NONE', *, *, #6143, .T. ) ;
#6999 = ORIENTED_EDGE ( 'NONE', *, *, #8994, .T. ) ;
#7000 = AXIS2_PLACEMENT_3D ( 'NONE', #8995, #2232, #2932 ) ;
#7001 = CARTESIAN_POINT ( 'NONE',  ( -4551.792278806056856, -1189.999999999998408, -849.6342572279651222 ) ) ;
#7002 = ADVANCED_FACE ( 'NONE', ( #1642 ), #8509, .F. ) ;
#7003 = PLANE ( 'NONE',  #331 ) ;
#7004 = DIRECTION ( 'NONE',  ( 0.000000000000000000, -0.9901138386947148096, -0.1402661271484180183 ) ) ;
#7005 = CARTESIAN_POINT ( 'NONE',  ( -14300.00000000001819, -699.9999999999986358, -757.0854464784603124 ) ) ;
#7006 = CARTESIAN_POINT ( 'NONE',  ( -3930.251481490694459, 1089.999999999998181, -1009.999999999999091 ) ) ;
#7007 = VECTOR ( 'NONE', #2949, 1000.000000000000000 ) ;
#7008 = ORIENTED_EDGE ( 'NONE', *, *, #1684, .T. ) ;
#7009 = ORIENTED_EDGE ( 'NONE', *, *, #8999, .F. ) ;
#7010 = ORIENTED_EDGE ( 'NONE', *, *, #8680, .F. ) ;
#7011 = CARTESIAN_POINT ( 'NONE',  ( -13899.99999999999818, 679.9999999999979536, -459.9999999999979536 ) ) ;
#7012 = DIRECTION ( 'NONE',  ( 1.000000000000000000, -0.000000000000000000, -0.000000000000000000 ) ) ;
#7013 = ORIENTED_EDGE ( 'NONE', *, *, #6881, .T. ) ;
#7014 = AXIS2_PLACEMENT_3D ( 'NONE', #2049, #8113, #5846 ) ;
#7015 = VECTOR ( 'NONE', #8954, 1000.000000000000000 ) ;
#7016 = ORIENTED_EDGE ( 'NONE', *, *, #3684, .F. ) ;
#7017 = EDGE_CURVE ( 'NONE', #5388, #4276, #1831, .T. ) ;
#7018 = DIRECTION ( 'NONE',  ( 1.000000000000000000, 0.000000000000000000, 0.000000000000000000 ) ) ;
#7019 = CARTESIAN_POINT ( 'NONE',  ( -12750.00000000000000, -190.0000000000008242, -350.9999999999987494 ) ) ;
#7020 = VECTOR ( 'NONE', #8841, 1000.000000000000000 ) ;
#7021 = VECTOR ( 'NONE', #2938, 1000.000000000000000 ) ;
#7022 = LINE ( 'NONE', #1710, #526 ) ;
#7023 = CARTESIAN_POINT ( 'NONE',  ( -10140.57257920409393, 954.9999999999977263, -960.0000000000002274 ) ) ;
#7024 = VECTOR ( 'NONE', #1865, 1000.000000000000000 ) ;
#7025 = CARTESIAN_POINT ( 'NONE',  ( -13499.99999999999818, 814.9999999999970441, -306.2059048389986629 ) ) ;
#7026 = ORIENTED_EDGE ( 'NONE', *, *, #2631, .F. ) ;
#7027 = PRODUCT_RELATED_PRODUCT_CATEGORY ( 'part', '', ( #675 ) ) ;
#7028 = ORIENTED_EDGE ( 'NONE', *, *, #2089, .T. ) ;
#7029 = VECTOR ( 'NONE', #1878, 1000.000000000000114 ) ;
#7030 = EDGE_LOOP ( 'NONE', ( #4872, #3016 ) ) ;
#7031 = CARTESIAN_POINT ( 'NONE',  ( -12750.00000000000000, -1077.499998843224375, -589.9999999999971578 ) ) ;
#7032 = CARTESIAN_POINT ( 'NONE',  ( -5576.316527040902656, -5431.508564030776142, -760.0000000000010232 ) ) ;
#7033 = DIRECTION ( 'NONE',  ( 0.000000000000000000, -1.000000000000000000, -5.551115123125782702E-16 ) ) ;
#7034 = LINE ( 'NONE', #7784, #5106 ) ;
#7035 = ORIENTED_EDGE ( 'NONE', *, *, #3373, .F. ) ;
#7036 = VERTEX_POINT ( 'NONE', #7609 ) ;
#7037 = EDGE_CURVE ( 'NONE', #704, #5178, #5607, .T. ) ;
#7038 = EDGE_LOOP ( 'NONE', ( #9904, #7960, #4823, #5442, #6740, #7028 ) ) ;
#7039 = VECTOR ( 'NONE', #1053, 1000.000000000000000 ) ;
#7040 = CARTESIAN_POINT ( 'NONE',  ( -13755.00000000007094, 1077.499998843224375, -860.0000000000226237 ) ) ;
#7041 = LINE ( 'NONE', #972, #1840 ) ;
#7042 = EDGE_CURVE ( 'NONE', #4833, #6948, #3286, .T. ) ;
#7043 = ORIENTED_EDGE ( 'NONE', *, *, #8845, .F. ) ;
#7044 = EDGE_LOOP ( 'NONE', ( #9547, #2990, #3520, #1616 ) ) ;
#7045 = LINE ( 'NONE', #977, #1428 ) ;
#7046 = CARTESIAN_POINT ( 'NONE',  ( -2825.068018844486232, 1189.999999999998181, 5040.000000000000000 ) ) ;
#7047 = AXIS2_PLACEMENT_3D ( 'NONE', #1889, #232, #3390 ) ;
#7048 = CARTESIAN_POINT ( 'NONE',  ( -13250.00000000000000, 729.4021522441533989, -769.9999999999959073 ) ) ;
#7049 = EDGE_CURVE ( 'NONE', #1245, #9474, #4151, .T. ) ;
#7050 = CYLINDRICAL_SURFACE ( 'NONE', #8881, 250.0000000000000000 ) ;
#7051 = ORIENTED_EDGE ( 'NONE', *, *, #890, .T. ) ;
#7052 = ORIENTED_EDGE ( 'NONE', *, *, #5513, .T. ) ;
#7053 = ORIENTED_EDGE ( 'NONE', *, *, #7953, .T. ) ;
#7054 = ORIENTED_EDGE ( 'NONE', *, *, #1622, .F. ) ;
#7055 = LINE ( 'NONE', #5594, #2354 ) ;
#7056 = VECTOR ( 'NONE', #9477, 1000.000000000000000 ) ;
#7057 = CARTESIAN_POINT ( 'NONE',  ( -12033.84276082943688, 1054.999999999996589, -504.9802145985159427 ) ) ;
#7058 = CARTESIAN_POINT ( 'NONE',  ( -14175.00000000000000, 1189.999999999997499, -960.0000000000002274 ) ) ;
#7059 = CARTESIAN_POINT ( 'NONE',  ( -13899.99999999999818, -814.9999999999974989, -459.9999999999983515 ) ) ;
#7060 = DIRECTION ( 'NONE',  ( -1.232595164407830672E-32, -2.775557561563032360E-16, 1.000000000000000000 ) ) ;
#7061 = EDGE_LOOP ( 'NONE', ( #1348, #4640 ) ) ;
#7062 = DIRECTION ( 'NONE',  ( 0.000000000000000000, 0.000000000000000000, 1.000000000000000000 ) ) ;
#7063 = EDGE_LOOP ( 'NONE', ( #1045, #2584, #5433, #417 ) ) ;
#7064 = DIRECTION ( 'NONE',  ( 6.162975822039157467E-33, -1.000000000000000000, -2.775557561563032360E-16 ) ) ;
#7065 = EDGE_CURVE ( 'NONE', #9769, #1237, #6890, .T. ) ;
#7066 = CARTESIAN_POINT ( 'NONE',  ( -11353.31954216210215, -1.387778780781445676E-13, -1135.000000000000227 ) ) ;
#7067 = EDGE_CURVE ( 'NONE', #8909, #768, #1038, .T. ) ;
#7068 = ORIENTED_EDGE ( 'NONE', *, *, #4714, .T. ) ;
#7069 = ORIENTED_EDGE ( 'NONE', *, *, #1912, .T. ) ;
#7070 = CARTESIAN_POINT ( 'NONE',  ( 0.000000000000000000, 0.000000000000000000, -1160.000000000000227 ) ) ;
#7071 = PLANE ( 'NONE',  #455 ) ;
#7072 = DIRECTION ( 'NONE',  ( -0.000000000000000000, 0.000000000000000000, 1.000000000000000000 ) ) ;
#7073 = VECTOR ( 'NONE', #9698, 1000.000000000000000 ) ;
#7074 = DIRECTION ( 'NONE',  ( 1.432545838226008399E-17, 1.000000000000000000, -0.000000000000000000 ) ) ;
#7075 = DIRECTION ( 'NONE',  ( -1.000000000000000000, 0.000000000000000000, 0.000000000000000000 ) ) ;
#7076 = EDGE_CURVE ( 'NONE', #8809, #2045, #3842, .T. ) ;
#7077 = VERTEX_POINT ( 'NONE', #1145 ) ;
#7078 = EDGE_LOOP ( 'NONE', ( #5063, #6249, #8416, #8213 ) ) ;
#7079 = ORIENTED_EDGE ( 'NONE', *, *, #1784, .T. ) ;
#7080 = CARTESIAN_POINT ( 'NONE',  ( -14119.99999999999818, 1077.499998843224375, -517.7941176470588971 ) ) ;
#7081 = CARTESIAN_POINT ( 'NONE',  ( -14299.99999999999818, 814.9999999999972715, -637.0854464784588345 ) ) ;
#7082 = CARTESIAN_POINT ( 'NONE',  ( -12750.00000000000000, 4.163336342343563943E-15, -725.0000000000051159 ) ) ;
#7083 = VERTEX_POINT ( 'NONE', #7860 ) ;
#7084 = EDGE_CURVE ( 'NONE', #3312, #4215, #8606, .T. ) ;
#7085 = AXIS2_PLACEMENT_3D ( 'NONE', #7059, #1843, #184 ) ;
#7086 = ORIENTED_EDGE ( 'NONE', *, *, #5946, .T. ) ;
#7087 = LINE ( 'NONE', #3374, #5405 ) ;
#7088 = CARTESIAN_POINT ( 'NONE',  ( -6812.499999999994543, 989.9999999999984084, -1135.000000000000227 ) ) ;
#7089 = PLANE ( 'NONE',  #4712 ) ;
#7090 = EDGE_CURVE ( 'NONE', #436, #128, #8658, .T. ) ;
#7091 = FILL_AREA_STYLE ('',( #8737 ) ) ;
#7092 = VERTEX_POINT ( 'NONE', #6404 ) ;
#7093 = CIRCLE ( 'NONE', #6619, 250.0000000000000000 ) ;
#7094 = ORIENTED_EDGE ( 'NONE', *, *, #1298, .F. ) ;
#7095 = FACE_OUTER_BOUND ( 'NONE', #6039, .T. ) ;
#7096 = LINE ( 'NONE', #4083, #8525 ) ;
#7097 = LINE ( 'NONE', #223, #8257 ) ;
#7098 = EDGE_LOOP ( 'NONE', ( #1396, #980, #7707, #4656 ) ) ;
#7099 = FACE_OUTER_BOUND ( 'NONE', #3989, .T. ) ;
#7100 = ORIENTED_EDGE ( 'NONE', *, *, #7726, .F. ) ;
#7101 = ORIENTED_EDGE ( 'NONE', *, *, #3542, .F. ) ;
#7102 = VERTEX_POINT ( 'NONE', #4095 ) ;
#7103 = EDGE_LOOP ( 'NONE', ( #3186, #8221, #3092, #7280 ) ) ;
#7104 = LINE ( 'NONE', #4511, #8271 ) ;
#7105 = PLANE ( 'NONE',  #7047 ) ;
#7106 = ADVANCED_FACE ( 'NONE', ( #2642, #9404 ), #7003, .F. ) ;
#7107 = DIRECTION ( 'NONE',  ( 6.162975822038967936E-33, -1.000000000000000000, 1.510372559762204329E-14 ) ) ;
#7108 = CARTESIAN_POINT ( 'NONE',  ( -14499.47634233351164, -716.7063271559467239, -754.6066018120500303 ) ) ;
#7109 = PLANE ( 'NONE',  #4458 ) ;
#7110 = CARTESIAN_POINT ( 'NONE',  ( 0.000000000000000000, 875.0000000000000000, -1060.000000000000000 ) ) ;
#7111 = ORIENTED_EDGE ( 'NONE', *, *, #9809, .T. ) ;
#7112 = CARTESIAN_POINT ( 'NONE',  ( -4868.749999999996362, 989.9999999999984084, -1135.000000000000227 ) ) ;
#7113 = DIRECTION ( 'NONE',  ( 7.357587744054751780E-33, -0.9950481186486286322, -0.09939437395458937397 ) ) ;
#7114 = EDGE_CURVE ( 'NONE', #6888, #2829, #2442, .T. ) ;
#7115 = CIRCLE ( 'NONE', #1671, 50.00000000000071054 ) ;
#7116 = VERTEX_POINT ( 'NONE', #4042 ) ;
#7117 = ORIENTED_EDGE ( 'NONE', *, *, #3433, .F. ) ;
#7118 = CARTESIAN_POINT ( 'NONE',  ( -12475.00000000000182, 989.9999999999984084, -960.0000000000002274 ) ) ;
#7119 = EDGE_CURVE ( 'NONE', #3180, #7712, #5933, .T. ) ;
#7120 = ADVANCED_FACE ( 'NONE', ( #2597 ), #1693, .T. ) ;
#7121 = CARTESIAN_POINT ( 'NONE',  ( -11499.99999999998181, -715.8858524671089754, -627.9459428346829100 ) ) ;
#7122 = CIRCLE ( 'NONE', #7287, 250.0000000000000000 ) ;
#7123 = CARTESIAN_POINT ( 'NONE',  ( -9640.572538960632301, 989.9999999999978400, -751.1534819267440071 ) ) ;
#7124 = DIRECTION ( 'NONE',  ( -1.432545838226008708E-17, -1.000000000000000000, 0.000000000000000000 ) ) ;
#7125 = DIRECTION ( 'NONE',  ( -0.3722007944145563352, 0.9281522335464011952, 0.000000000000000000 ) ) ;
#7126 = ORIENTED_EDGE ( 'NONE', *, *, #7017, .F. ) ;
#7127 = ADVANCED_FACE ( 'NONE', ( #1841 ), #7105, .F. ) ;
#7128 = ORIENTED_EDGE ( 'NONE', *, *, #2631, .T. ) ;
#7129 = ORIENTED_EDGE ( 'NONE', *, *, #4876, .F. ) ;
#7130 = CIRCLE ( 'NONE', #2806, 5999.999999999999091 ) ;
#7131 = DIRECTION ( 'NONE',  ( 0.000000000000000000, -1.000000000000000000, 0.000000000000000000 ) ) ;
#7132 = VECTOR ( 'NONE', #6045, 1000.000000000000000 ) ;
#7133 = DIRECTION ( 'NONE',  ( 0.000000000000000000, 0.000000000000000000, 1.000000000000000000 ) ) ;
#7134 = EDGE_CURVE ( 'NONE', #1922, #1226, #2496, .T. ) ;
#7135 = CYLINDRICAL_SURFACE ( 'NONE', #4615, 250.0000000000000000 ) ;
#7136 = VERTEX_POINT ( 'NONE', #9346 ) ;
#7137 = AXIS2_PLACEMENT_3D ( 'NONE', #947, #3399, #8018 ) ;
#7138 = VECTOR ( 'NONE', #9011, 1000.000000000000000 ) ;
#7139 = AXIS2_PLACEMENT_3D ( 'NONE', #1953, #2941, #7465 ) ;
#7140 = VERTEX_POINT ( 'NONE', #9457 ) ;
#7141 = VERTEX_POINT ( 'NONE', #6451 ) ;
#7142 = ORIENTED_EDGE ( 'NONE', *, *, #9469, .T. ) ;
#7143 = LINE ( 'NONE', #1871, #401 ) ;
#7144 = DIRECTION ( 'NONE',  ( 1.879742687196032133E-16, -1.000000000000000000, -0.000000000000000000 ) ) ;
#7145 = DIRECTION ( 'NONE',  ( 1.000000000000000000, 6.162975822039151993E-33, 1.232595164407830946E-32 ) ) ;
#7146 = EDGE_CURVE ( 'NONE', #1133, #7210, #9501, .T. ) ;
#7147 = DIRECTION ( 'NONE',  ( 0.000000000000000000, 0.000000000000000000, 1.000000000000000000 ) ) ;
#7148 = ORIENTED_EDGE ( 'NONE', *, *, #6775, .T. ) ;
#7149 = ORIENTED_EDGE ( 'NONE', *, *, #2400, .T. ) ;
#7150 = DIRECTION ( 'NONE',  ( 1.000000000000000000, 0.000000000000000000, 0.000000000000000000 ) ) ;
#7151 = VECTOR ( 'NONE', #9863, 1000.000000000000000 ) ;
#7152 = DIRECTION ( 'NONE',  ( 0.000000000000000000, 0.000000000000000000, -1.000000000000000000 ) ) ;
#7153 = LINE ( 'NONE', #9450, #3774 ) ;
#7154 = DIRECTION ( 'NONE',  ( 1.000000000000000000, 6.162975822039154046E-33, 1.232595164407830946E-32 ) ) ;
#7155 = VERTEX_POINT ( 'NONE', #3993 ) ;
#7156 = ORIENTED_EDGE ( 'NONE', *, *, #1159, .F. ) ;
#7157 = ORIENTED_EDGE ( 'NONE', *, *, #3305, .F. ) ;
#7158 = ORIENTED_EDGE ( 'NONE', *, *, #6179, .F. ) ;
#7159 = DIRECTION ( 'NONE',  ( -0.000000000000000000, 0.000000000000000000, 1.000000000000000000 ) ) ;
#7160 = AXIS2_PLACEMENT_3D ( 'NONE', #8675, #1817, #310 ) ;
#7161 = DIRECTION ( 'NONE',  ( 6.162975822039157467E-33, -1.000000000000000000, -2.249385511977649118E-16 ) ) ;
#7162 = FACE_BOUND ( 'NONE', #3789, .T. ) ;
#7163 = CARTESIAN_POINT ( 'NONE',  ( -13856.59988046646504, 747.0986934586334201, -637.0854464784588345 ) ) ;
#7164 = FACE_OUTER_BOUND ( 'NONE', #7044, .T. ) ;
#7165 = VECTOR ( 'NONE', #5115, 1000.000000000000000 ) ;
#7166 = ORIENTED_EDGE ( 'NONE', *, *, #631, .F. ) ;
#7167 = CARTESIAN_POINT ( 'NONE',  ( -14156.10001622140953, -732.4719190560189190, -589.9999999999970441 ) ) ;
#7168 = ORIENTED_EDGE ( 'NONE', *, *, #3861, .F. ) ;
#7169 = CARTESIAN_POINT ( 'NONE',  ( -5440.624999999995453, 989.9999999999984084, -1135.000000000000227 ) ) ;
#7170 = CARTESIAN_POINT ( 'NONE',  ( -10253.43092739265558, -5431.508564030777052, -960.7596123493876803 ) ) ;
#7171 = VECTOR ( 'NONE', #9650, 1000.000000000000000 ) ;
#7172 = EDGE_CURVE ( 'NONE', #2794, #5236, #5643, .T. ) ;
#7173 = ORIENTED_EDGE ( 'NONE', *, *, #2325, .T. ) ;
#7174 = DIRECTION ( 'NONE',  ( 1.000000000000000000, 0.000000000000000000, 0.000000000000000000 ) ) ;
#7175 = AXIS2_PLACEMENT_3D ( 'NONE', #507, #9816, #549 ) ;
#7176 = AXIS2_PLACEMENT_3D ( 'NONE', #678, #3731, #4529 ) ;
#7177 = CARTESIAN_POINT ( 'NONE',  ( -11825.00000000000182, -389.6561633456271920, -960.0000000000002274 ) ) ;
#7178 = DIRECTION ( 'NONE',  ( -1.432545838226008708E-17, 1.000000000000000000, -0.000000000000000000 ) ) ;
#7179 = CARTESIAN_POINT ( 'NONE',  ( -13899.99999999999818, -679.9999999999979536, -459.9999999999982947 ) ) ;
#7180 = DIRECTION ( 'NONE',  ( -0.9281522335464011952, -0.3722007944145563352, 0.000000000000000000 ) ) ;
#7181 = CIRCLE ( 'NONE', #8774, 99.99999999999964473 ) ;
#7182 = EDGE_CURVE ( 'NONE', #8981, #1689, #7216, .T. ) ;
#7183 = ORIENTED_EDGE ( 'NONE', *, *, #1171, .T. ) ;
#7184 = CARTESIAN_POINT ( 'NONE',  ( 0.000000000000000000, -875.0000000000000000, -910.0000000000001137 ) ) ;
#7185 = LINE ( 'NONE', #6426, #5457 ) ;
#7186 = AXIS2_PLACEMENT_3D ( 'NONE', #9001, #388, #2698 ) ;
#7187 = CARTESIAN_POINT ( 'NONE',  ( -2350.000000000001364, 389.6561633456299205, -1135.000000000000227 ) ) ;
#7188 = VECTOR ( 'NONE', #8727, 1000.000000000000000 ) ;
#7189 = VERTEX_POINT ( 'NONE', #2227 ) ;
#7190 = VECTOR ( 'NONE', #2459, 1000.000000000000000 ) ;
#7191 = ORIENTED_EDGE ( 'NONE', *, *, #5513, .F. ) ;
#7192 = EDGE_CURVE ( 'NONE', #5171, #5826, #3195, .T. ) ;
#7193 = EDGE_CURVE ( 'NONE', #879, #4842, #5437, .T. ) ;
#7194 = VECTOR ( 'NONE', #5750, 1000.000000000000000 ) ;
#7195 = ORIENTED_EDGE ( 'NONE', *, *, #6128, .F. ) ;
#7196 = AXIS2_PLACEMENT_3D ( 'NONE', #4515, #7579, #706 ) ;
#7197 = DIRECTION ( 'NONE',  ( -1.000000000000000000, -6.162975822039154046E-33, -1.232595164407830946E-32 ) ) ;
#7198 = DIRECTION ( 'NONE',  ( 0.000000000000000000, -1.000000000000000000, 0.000000000000000000 ) ) ;
#7199 = CARTESIAN_POINT ( 'NONE',  ( -13000.00000000000000, 172.2649730022416747, -825.0000000000000000 ) ) ;
#7200 = ORIENTED_EDGE ( 'NONE', *, *, #2314, .F. ) ;
#7201 = EDGE_LOOP ( 'NONE', ( #5620, #8314, #7816, #7258, #1009 ) ) ;
#7202 = LINE ( 'NONE', #3927, #6544 ) ;
#7203 = CARTESIAN_POINT ( 'NONE',  ( -13828.58983848622483, 989.9999999999984084, -1135.000000000000227 ) ) ;
#7204 = CARTESIAN_POINT ( 'NONE',  ( -11453.31954216210215, -1.387778780781445676E-13, -3423.488475815656784 ) ) ;
#7205 = CARTESIAN_POINT ( 'NONE',  ( -13250.00000000000000, -899.9999999999986358, -637.0854464784594029 ) ) ;
#7206 = EDGE_CURVE ( 'NONE', #2244, #1123, #5741, .T. ) ;
#7207 = CIRCLE ( 'NONE', #3681, 277.7941176470602045 ) ;
#7208 = ORIENTED_EDGE ( 'NONE', *, *, #6733, .T. ) ;
#7209 = ORIENTED_EDGE ( 'NONE', *, *, #7227, .T. ) ;
#7210 = VERTEX_POINT ( 'NONE', #2176 ) ;
#7211 = FACE_OUTER_BOUND ( 'NONE', #5151, .T. ) ;
#7212 = DIRECTION ( 'NONE',  ( -1.232595164407830809E-32, 4.930380657631323784E-32, 1.000000000000000000 ) ) ;
#7213 = CARTESIAN_POINT ( 'NONE',  ( -2784.460378396442138, 92.81522335464009643, -960.0000000000002274 ) ) ;
#7214 = ORIENTED_EDGE ( 'NONE', *, *, #676, .F. ) ;
#7215 = DIRECTION ( 'NONE',  ( 0.000000000000000000, 0.000000000000000000, -1.000000000000000000 ) ) ;
#7216 = CIRCLE ( 'NONE', #2728, 277.7941176470602045 ) ;
#7217 = ORIENTED_EDGE ( 'NONE', *, *, #432, .F. ) ;
#7218 = LINE ( 'NONE', #944, #3653 ) ;
#7219 = ORIENTED_EDGE ( 'NONE', *, *, #8539, .T. ) ;
#7220 = CARTESIAN_POINT ( 'NONE',  ( -1949.999999999999773, 341.8139511719356847, -1135.000000000000227 ) ) ;
#7221 = CARTESIAN_POINT ( 'NONE',  ( -5190.624999999995453, 739.9999999999980673, -3423.488475815656784 ) ) ;
#7222 = ORIENTED_EDGE ( 'NONE', *, *, #5616, .F. ) ;
#7223 = VECTOR ( 'NONE', #2247, 1000.000000000000000 ) ;
#7224 = CARTESIAN_POINT ( 'NONE',  ( -11825.00000000000182, 389.6561633456295226, -1135.000000000001137 ) ) ;
#7225 = CARTESIAN_POINT ( 'NONE',  ( -13250.00000000000000, 176.9719203373657592, -350.9999999999987494 ) ) ;
#7226 = DIRECTION ( 'NONE',  ( 0.000000000000000000, 0.000000000000000000, 1.000000000000000000 ) ) ;
#7227 = EDGE_CURVE ( 'NONE', #8252, #8031, #7587, .T. ) ;
#7228 = CARTESIAN_POINT ( 'NONE',  ( -12225.00000000000182, 899.9999999999998863, -910.0000000000001137 ) ) ;
#7229 = AXIS2_PLACEMENT_3D ( 'NONE', #7282, #5663, #5013 ) ;
#7230 = LINE ( 'NONE', #5009, #8784 ) ;
#7231 = PLANE ( 'NONE',  #9651 ) ;
#7232 = ORIENTED_EDGE ( 'NONE', *, *, #8656, .F. ) ;
#7233 = ADVANCED_FACE ( 'NONE', ( #7260, #4991 ), #6833, .T. ) ;
#7234 = DIRECTION ( 'NONE',  ( -1.432545838226008708E-17, -1.000000000000000000, 0.000000000000000000 ) ) ;
#7235 = FACE_OUTER_BOUND ( 'NONE', #3791, .T. ) ;
#7236 = LINE ( 'NONE', #9478, #7024 ) ;
#7237 = EDGE_CURVE ( 'NONE', #4028, #3204, #4432, .T. ) ;
#7238 = EDGE_CURVE ( 'NONE', #5736, #3039, #7829, .T. ) ;
#7239 = EDGE_LOOP ( 'NONE', ( #9397, #1276, #8896, #2320 ) ) ;
#7240 = ORIENTED_EDGE ( 'NONE', *, *, #5845, .T. ) ;
#7241 = EDGE_CURVE ( 'NONE', #1226, #6238, #6706, .T. ) ;
#7242 = ORIENTED_EDGE ( 'NONE', *, *, #2950, .T. ) ;
#7243 = DIRECTION ( 'NONE',  ( 1.000000000000000000, -0.000000000000000000, -0.000000000000000000 ) ) ;
#7244 = LINE ( 'NONE', #6434, #6582 ) ;
#7245 = FACE_OUTER_BOUND ( 'NONE', #2934, .T. ) ;
#7246 = AXIS2_PLACEMENT_3D ( 'NONE', #200, #3249, #4909 ) ;
#7247 = APPLICATION_PROTOCOL_DEFINITION ( 'draft international standard', 'automotive_design', 1998, #6853 ) ;
#7248 = ADVANCED_FACE ( 'NONE', ( #3773 ), #7493, .F. ) ;
#7249 = ORIENTED_EDGE ( 'NONE', *, *, #2527, .T. ) ;
#7250 = EDGE_CURVE ( 'NONE', #3470, #3416, #9551, .T. ) ;
#7251 = LINE ( 'NONE', #2831, #6864 ) ;
#7252 = DIRECTION ( 'NONE',  ( 0.000000000000000000, -0.000000000000000000, 1.000000000000000000 ) ) ;
#7253 = CARTESIAN_POINT ( 'NONE',  ( -12100.00000000000182, 190.0000000000006537, -459.9999999999981242 ) ) ;
#7254 = DIRECTION ( 'NONE',  ( 1.000000000000000000, 0.000000000000000000, 0.000000000000000000 ) ) ;
#7255 = VERTEX_POINT ( 'NONE', #3727 ) ;
#7256 = VERTEX_POINT ( 'NONE', #5980 ) ;
#7257 = ORIENTED_EDGE ( 'NONE', *, *, #1418, .T. ) ;
#7258 = ORIENTED_EDGE ( 'NONE', *, *, #3970, .T. ) ;
#7259 = CARTESIAN_POINT ( 'NONE',  ( -12244.99999999992906, -454.0705533836912196, -860.0000000000230784 ) ) ;
#7260 = FACE_OUTER_BOUND ( 'NONE', #1354, .T. ) ;
#7261 = PLANE ( 'NONE',  #6140 ) ;
#7262 = ORIENTED_EDGE ( 'NONE', *, *, #6261, .T. ) ;
#7263 = ADVANCED_FACE ( 'NONE', ( #9129, #3680 ), #8382, .F. ) ;
#7264 = CARTESIAN_POINT ( 'NONE',  ( -14588.56810139493791, -877.4999988432243754, -637.0854464784592892 ) ) ;
#7265 = EDGE_LOOP ( 'NONE', ( #6402, #6904, #5854, #8998 ) ) ;
#7266 = DIRECTION ( 'NONE',  ( 6.162975822038967936E-33, -1.000000000000000000, 1.510372559762204329E-14 ) ) ;
#7267 = FACE_OUTER_BOUND ( 'NONE', #3347, .T. ) ;
#7268 = EDGE_LOOP ( 'NONE', ( #7916, #2408, #7794, #6989, #3089, #1608, #4220, #3477 ) ) ;
#7269 = CYLINDRICAL_SURFACE ( 'NONE', #6327, 6000.000000000000000 ) ;
#7270 = CARTESIAN_POINT ( 'NONE',  ( -13250.00000000000000, -1077.499998843224375, -637.0854464784594029 ) ) ;
#7271 = EDGE_LOOP ( 'NONE', ( #6671, #4468, #2559, #6895 ) ) ;
#7272 = DIRECTION ( 'NONE',  ( -0.000000000000000000, -0.000000000000000000, -1.000000000000000000 ) ) ;
#7273 = DIRECTION ( 'NONE',  ( -1.232595164407830672E-32, -2.775557561563032360E-16, 1.000000000000000000 ) ) ;
#7274 = CARTESIAN_POINT ( 'NONE',  ( -14299.99999999999818, 1077.499998843224375, -637.0854464784587208 ) ) ;
#7275 = EDGE_CURVE ( 'NONE', #4379, #3443, #7312, .T. ) ;
#7276 = DIRECTION ( 'NONE',  ( -0.000000000000000000, 0.000000000000000000, 1.000000000000000000 ) ) ;
#7277 = CARTESIAN_POINT ( 'NONE',  ( -11353.31954216210215, -1.387778780781445676E-13, -960.0000000000000000 ) ) ;
#7278 = DIRECTION ( 'NONE',  ( -1.232595164407830672E-32, -2.775557561563032360E-16, 1.000000000000000000 ) ) ;
#7279 = CARTESIAN_POINT ( 'NONE',  ( -11825.00000000000182, 1189.999999999998408, -960.0000000000002274 ) ) ;
#7280 = ORIENTED_EDGE ( 'NONE', *, *, #3562, .F. ) ;
#7281 = DIRECTION ( 'NONE',  ( 0.000000000000000000, 0.9854601157443478865, 0.1699069165076472210 ) ) ;
#7282 = CARTESIAN_POINT ( 'NONE',  ( -13899.99999999999818, -679.9999999999977263, -459.9999999999982947 ) ) ;
#7283 = CARTESIAN_POINT ( 'NONE',  ( -12750.00000000000000, -1077.499998843224375, -589.9999999999971578 ) ) ;
#7284 = ORIENTED_EDGE ( 'NONE', *, *, #2503, .F. ) ;
#7285 = ORIENTED_EDGE ( 'NONE', *, *, #605, .F. ) ;
#7286 = VERTEX_POINT ( 'NONE', #9032 ) ;
#7287 = AXIS2_PLACEMENT_3D ( 'NONE', #5021, #2824, #6684 ) ;
#7288 = ORIENTED_EDGE ( 'NONE', *, *, #743, .T. ) ;
#7289 = VECTOR ( 'NONE', #4885, 1000.000000000000000 ) ;
#7290 = EDGE_CURVE ( 'NONE', #6513, #9446, #3663, .T. ) ;
#7291 = OPEN_SHELL ( 'NONE', ( #3267, #3340, #8016, #6485, #3306, #8273, #4809, #7854, #9742, #4747, #9259, #2282, #5102, #2201, #4721, #9314, #8320, #9629, #7895, #7127, #2937, #246, #9548, #9396, #7619, #4613, #4414, #3379, #4270, #1066, #2321, #6435, #8949, #2264, #4953, #5214, #2184, #4240, #3317, #5170, #7531, #859, #505, #3788, #801, #8766, #2993, #9730, #7535, #3017, #6825, #8552, #6250, #7322, #97, #8570, #3058, #7652, #6395, #3732, #4358, #4555, #2819, #2952, #7705, #7790, #5539, #1845, #2975, #2596, #4368, #1732, #1503, #2931, #7263, #5072, #3019, #6932, #8667, #6493, #3744, #1709, #3852, #9367, #8437, #1207, #1532, #6617, #4824, #8427, #8048, #8974, #3765, #1477, #329, #3778, #5911, #8491, #8812, #6523, #3678, #916, #2474, #3167, #9807, #5447, #9906, #1284, #2724, #4058, #260, #2671, #7325 ) ) ;
#7292 = FACE_BOUND ( 'NONE', #960, .T. ) ;
#7293 = DIRECTION ( 'NONE',  ( -1.000000000000000000, 0.000000000000000000, 0.000000000000000000 ) ) ;
#7294 = CARTESIAN_POINT ( 'NONE',  ( -10294.74851850930827, -1089.999999999998181, -1009.999999999998181 ) ) ;
#7295 = CIRCLE ( 'NONE', #2168, 200.0000000000000000 ) ;
#7296 = VECTOR ( 'NONE', #5175, 1000.000000000000000 ) ;
#7297 = ORIENTED_EDGE ( 'NONE', *, *, #2454, .F. ) ;
#7298 = AXIS2_PLACEMENT_3D ( 'NONE', #1048, #9560, #9357 ) ;
#7299 = ORIENTED_EDGE ( 'NONE', *, *, #8709, .T. ) ;
#7300 = CARTESIAN_POINT ( 'NONE',  ( -13000.00000000000000, 899.9999999999986358, -860.0000000000226237 ) ) ;
#7301 = DIRECTION ( 'NONE',  ( 1.000000000000000000, 0.000000000000000000, 0.000000000000000000 ) ) ;
#7302 = LINE ( 'NONE', #8794, #9402 ) ;
#7303 = DIRECTION ( 'NONE',  ( 1.000000000000000000, 6.162975822039151993E-33, 1.232595164407830946E-32 ) ) ;
#7304 = VECTOR ( 'NONE', #5634, 1000.000000000000000 ) ;
#7305 = ORIENTED_EDGE ( 'NONE', *, *, #5317, .F. ) ;
#7306 = VERTEX_POINT ( 'NONE', #2882 ) ;
#7307 = EDGE_CURVE ( 'NONE', #2117, #9218, #1426, .T. ) ;
#7308 = ORIENTED_EDGE ( 'NONE', *, *, #4601, .F. ) ;
#7309 = VERTEX_POINT ( 'NONE', #5176 ) ;
#7310 = EDGE_CURVE ( 'NONE', #1646, #674, #2552, .T. ) ;
#7311 = CARTESIAN_POINT ( 'NONE',  ( -8184.375000000004547, 739.9999999999979536, -960.0000000000002274 ) ) ;
#7312 = LINE ( 'NONE', #9835, #4141 ) ;
#7313 = CYLINDRICAL_SURFACE ( 'NONE', #2472, 250.0000000000000000 ) ;
#7314 = VERTEX_POINT ( 'NONE', #2130 ) ;
#7315 = CARTESIAN_POINT ( 'NONE',  ( -11700.00000000000182, 814.9999999999972715, -306.2059048389985492 ) ) ;
#7316 = CARTESIAN_POINT ( 'NONE',  ( -5576.316527040902656, 1189.999999999998408, -760.0000000000010232 ) ) ;
#7317 = CARTESIAN_POINT ( 'NONE',  ( -12100.00000000000182, 814.9999999999974989, -909.9999999999982947 ) ) ;
#7318 = ORIENTED_EDGE ( 'NONE', *, *, #6380, .F. ) ;
#7319 = FACE_OUTER_BOUND ( 'NONE', #9391, .T. ) ;
#7320 = DIRECTION ( 'NONE',  ( 0.000000000000000000, -1.000000000000000000, 0.000000000000000000 ) ) ;
#7321 = ORIENTED_EDGE ( 'NONE', *, *, #145, .T. ) ;
#7322 = ADVANCED_FACE ( 'NONE', ( #8238 ), #630, .T. ) ;
#7323 = ORIENTED_EDGE ( 'NONE', *, *, #4451, .T. ) ;
#7324 = AXIS2_PLACEMENT_3D ( 'NONE', #8976, #6672, #6525 ) ;
#7325 = ADVANCED_FACE ( 'NONE', ( #817, #1623 ), #6979, .T. ) ;
#7326 = DIRECTION ( 'NONE',  ( -6.162975822039157467E-33, 1.000000000000000000, 2.775557561563032360E-16 ) ) ;
#7327 = PLANE ( 'NONE',  #2170 ) ;
#7328 = CARTESIAN_POINT ( 'NONE',  ( -12475.00000000000182, -739.9999999999984084, -1135.000000000000227 ) ) ;
#7329 = LINE ( 'NONE', #2759, #1560 ) ;
#7330 = CARTESIAN_POINT ( 'NONE',  ( -13899.99999999999818, -679.9999999999979536, -459.9999999999982947 ) ) ;
#7331 = CARTESIAN_POINT ( 'NONE',  ( -11825.00000000000000, 739.9999999999976126, -1135.000000000000227 ) ) ;
#7332 = CARTESIAN_POINT ( 'NONE',  ( -11499.99999999997999, 278.9021535255452022, -623.7872381793326895 ) ) ;
#7333 = EDGE_CURVE ( 'NONE', #8252, #587, #3210, .T. ) ;
#7334 = VERTEX_POINT ( 'NONE', #1568 ) ;
#7335 = DIRECTION ( 'NONE',  ( 0.000000000000000000, -1.000000000000000000, 0.000000000000000000 ) ) ;
#7336 = VECTOR ( 'NONE', #9038, 1000.000000000000000 ) ;
#7337 = FACE_OUTER_BOUND ( 'NONE', #1590, .T. ) ;
#7338 = CARTESIAN_POINT ( 'NONE',  ( -14500.00000000002001, 899.9999999999986358, -350.9999999999985221 ) ) ;
#7339 = VERTEX_POINT ( 'NONE', #1669 ) ;
#7340 = VECTOR ( 'NONE', #4560, 1000.000000000000000 ) ;
#7341 = ORIENTED_EDGE ( 'NONE', *, *, #5527, .T. ) ;
#7342 = VECTOR ( 'NONE', #3413, 1000.000000000000000 ) ;
#7343 = ORIENTED_EDGE ( 'NONE', *, *, #6922, .T. ) ;
#7344 = VERTEX_POINT ( 'NONE', #3967 ) ;
#7345 = CARTESIAN_POINT ( 'NONE',  ( -5990.624999999996362, 989.9999999999984084, -1135.000000000000227 ) ) ;
#7346 = VECTOR ( 'NONE', #4391, 1000.000000000000000 ) ;
#7347 = DIRECTION ( 'NONE',  ( -4.907327249939348575E-33, 0.9950481186486287433, -0.09939437395458883273 ) ) ;
#7348 = CIRCLE ( 'NONE', #2543, 277.7941176470602045 ) ;
#7349 = DIRECTION ( 'NONE',  ( 1.000000000000000000, 1.879742687196032133E-16, 0.000000000000000000 ) ) ;
#7350 = ORIENTED_EDGE ( 'NONE', *, *, #4575, .F. ) ;
#7351 = VECTOR ( 'NONE', #7896, 1000.000000000000000 ) ;
#7352 = EDGE_CURVE ( 'NONE', #7036, #5601, #7835, .T. ) ;
#7353 = CARTESIAN_POINT ( 'NONE',  ( -11411.43189860506209, -725.0021062409357455, -757.0854464784603124 ) ) ;
#7354 = DIRECTION ( 'NONE',  ( 6.162975822039157467E-33, -1.000000000000000000, -2.775557561563032360E-16 ) ) ;
#7355 = DIRECTION ( 'NONE',  ( 1.000000000000000000, 0.000000000000000000, 0.000000000000000000 ) ) ;
#7356 = CIRCLE ( 'NONE', #8625, 99.99999999999964473 ) ;
#7357 = DIRECTION ( 'NONE',  ( 0.000000000000000000, -1.000000000000000000, -5.551115123125782702E-16 ) ) ;
#7358 = ORIENTED_EDGE ( 'NONE', *, *, #6836, .T. ) ;
#7359 = ORIENTED_EDGE ( 'NONE', *, *, #7962, .T. ) ;
#7360 = EDGE_CURVE ( 'NONE', #5336, #5370, #4770, .T. ) ;
#7361 = CARTESIAN_POINT ( 'NONE',  ( -4868.749999999996362, -989.9999999999993179, -960.0000000000002274 ) ) ;
#7362 = VECTOR ( 'NONE', #7278, 1000.000000000000000 ) ;
#7363 = PLANE ( 'NONE',  #5187 ) ;
#7364 = EDGE_LOOP ( 'NONE', ( #9115, #6600, #7696, #4698 ) ) ;
#7365 = DIRECTION ( 'NONE',  ( 0.000000000000000000, 0.000000000000000000, 1.000000000000000000 ) ) ;
#7366 = EDGE_CURVE ( 'NONE', #3998, #3745, #1721, .T. ) ;
#7367 = CYLINDRICAL_SURFACE ( 'NONE', #5896, 149.9999999999999147 ) ;
#7368 = LINE ( 'NONE', #1342, #8927 ) ;
#7369 = ORIENTED_EDGE ( 'NONE', *, *, #6019, .T. ) ;
#7370 = CARTESIAN_POINT ( 'NONE',  ( -10140.57257920408301, -955.0000000000003411, -3423.488475815656784 ) ) ;
#7371 = DIRECTION ( 'NONE',  ( -6.162975822039157467E-33, 1.000000000000000000, 2.775557561563032360E-16 ) ) ;
#7372 = ORIENTED_EDGE ( 'NONE', *, *, #4794, .T. ) ;
#7373 = EDGE_LOOP ( 'NONE', ( #7517, #219, #6215, #7813 ) ) ;
#7374 = AXIS2_PLACEMENT_3D ( 'NONE', #7480, #7387, #5970 ) ;
#7375 = CARTESIAN_POINT ( 'NONE',  ( -8598.683472959091887, 1089.999999999998181, -6660.000000000000000 ) ) ;
#7376 = CARTESIAN_POINT ( 'NONE',  ( -14763.68599666425871, 875.0000000000000000, -1060.000000000000000 ) ) ;
#7377 = FACE_OUTER_BOUND ( 'NONE', #537, .T. ) ;
#7378 = DIRECTION ( 'NONE',  ( 1.000000000000000000, 0.000000000000000000, 0.000000000000000000 ) ) ;
#7379 = ADVANCED_FACE ( 'NONE', ( #4718 ), #6272, .T. ) ;
#7380 = CARTESIAN_POINT ( 'NONE',  ( -11699.99999999998181, 699.9999999999986358, -757.0854464784598576 ) ) ;
#7381 = EDGE_CURVE ( 'NONE', #8653, #225, #7034, .T. ) ;
#7382 = CARTESIAN_POINT ( 'NONE',  ( -11661.34256363902387, 896.2284449665696684, -757.0854464784598576 ) ) ;
#7383 = CARTESIAN_POINT ( 'NONE',  ( -14175.00000000000000, -990.0000000000011369, -960.0000000000002274 ) ) ;
#7384 = AXIS2_PLACEMENT_3D ( 'NONE', #4456, #1399, #8069 ) ;
#7385 = ORIENTED_EDGE ( 'NONE', *, *, #5827, .T. ) ;
#7386 = DIRECTION ( 'NONE',  ( -6.162975822039157467E-33, 1.000000000000000000, 2.775557561563032360E-16 ) ) ;
#7387 = DIRECTION ( 'NONE',  ( -1.000000000000000000, -0.000000000000000000, -0.000000000000000000 ) ) ;
#7388 = CARTESIAN_POINT ( 'NONE',  ( -2.914659381970696526E-13, 1189.999999999998408, -1160.000000000000227 ) ) ;
#7389 = AXIS2_PLACEMENT_3D ( 'NONE', #6589, #7198, #8836 ) ;
#7390 = CARTESIAN_POINT ( 'NONE',  ( 0.000000000000000000, 875.0000000000000000, -1060.000000000000000 ) ) ;
#7391 = ADVANCED_FACE ( 'NONE', ( #5569 ), #2469, .F. ) ;
#7392 = ORIENTED_EDGE ( 'NONE', *, *, #127, .F. ) ;
#7393 = ORIENTED_EDGE ( 'NONE', *, *, #4131, .T. ) ;
#7394 = LINE ( 'NONE', #7345, #5516 ) ;
#7395 = LINE ( 'NONE', #6636, #2905 ) ;
#7396 = FACE_OUTER_BOUND ( 'NONE', #7777, .T. ) ;
#7397 = VERTEX_POINT ( 'NONE', #3064 ) ;
#7398 = ADVANCED_FACE ( 'NONE', ( #160 ), #6223, .F. ) ;
#7399 = DIRECTION ( 'NONE',  ( -6.162975822039157467E-33, 1.000000000000000000, 3.301729611148415602E-16 ) ) ;
#7400 = DIRECTION ( 'NONE',  ( -6.162975822039157467E-33, 1.000000000000000000, 2.775557561563032360E-16 ) ) ;
#7401 = DIRECTION ( 'NONE',  ( -0.000000000000000000, -1.000000000000000000, -0.000000000000000000 ) ) ;
#7402 = CARTESIAN_POINT ( 'NONE',  ( -12325.00000000000182, 341.8139511719356847, -960.0000000000002274 ) ) ;
#7403 = ORIENTED_EDGE ( 'NONE', *, *, #3705, .T. ) ;
#7404 = ORIENTED_EDGE ( 'NONE', *, *, #9555, .T. ) ;
#7405 = PLANE ( 'NONE',  #607 ) ;
#7406 = EDGE_CURVE ( 'NONE', #9020, #7719, #9328, .T. ) ;
#7407 = CARTESIAN_POINT ( 'NONE',  ( -14300.00000000001819, -699.9999999999986358, -350.9999999999989768 ) ) ;
#7408 = EDGE_LOOP ( 'NONE', ( #3646, #8191, #9780, #4676, #3486, #2257 ) ) ;
#7409 = DIRECTION ( 'NONE',  ( 0.000000000000000000, -0.000000000000000000, -1.000000000000000000 ) ) ;
#7410 = ORIENTED_EDGE ( 'NONE', *, *, #5625, .T. ) ;
#7411 = CARTESIAN_POINT ( 'NONE',  ( -12100.00000000000182, -1054.999999999997726, -459.9999999999984084 ) ) ;
#7412 = CARTESIAN_POINT ( 'NONE',  ( -13856.59988046646504, 1077.499998843224375, -637.0854464784587208 ) ) ;
#7413 = VERTEX_POINT ( 'NONE', #9178 ) ;
#7414 = DIRECTION ( 'NONE',  ( -6.162975822039589899E-33, 1.000000000000000000, 3.530762810662500311E-14 ) ) ;
#7415 = CARTESIAN_POINT ( 'NONE',  ( -11411.43189860506209, 877.4999988432243754, -757.0854464784598576 ) ) ;
#7416 = VERTEX_POINT ( 'NONE', #4625 ) ;
#7417 = ORIENTED_EDGE ( 'NONE', *, *, #5943, .T. ) ;
#7418 = EDGE_CURVE ( 'NONE', #943, #8252, #4020, .T. ) ;
#7419 = AXIS2_PLACEMENT_3D ( 'NONE', #3561, #6899, #7699 ) ;
#7420 = CARTESIAN_POINT ( 'NONE',  ( -14500.00000000002001, 699.9999999999986358, -749.6146185948541643 ) ) ;
#7421 = CARTESIAN_POINT ( 'NONE',  ( -13755.00000000007094, -899.9999999999986358, -860.0000000000231921 ) ) ;
#7422 = DIRECTION ( 'NONE',  ( -0.000000000000000000, 0.000000000000000000, 1.000000000000000000 ) ) ;
#7423 = DIRECTION ( 'NONE',  ( -6.162975822039157467E-33, 1.000000000000000000, 2.249385511977649118E-16 ) ) ;
#7424 = DIRECTION ( 'NONE',  ( -1.232595164407830672E-32, -2.775557561563032360E-16, 1.000000000000000000 ) ) ;
#7425 = FACE_OUTER_BOUND ( 'NONE', #1563, .T. ) ;
#7426 = LINE ( 'NONE', #5062, #2357 ) ;
#7427 = VERTEX_POINT ( 'NONE', #3260 ) ;
#7428 = EDGE_CURVE ( 'NONE', #6732, #863, #3869, .T. ) ;
#7429 = CARTESIAN_POINT ( 'NONE',  ( -11411.43189860506209, 747.0986934586334201, -637.0854464784588345 ) ) ;
#7430 = EDGE_CURVE ( 'NONE', #8529, #2852, #7688, .T. ) ;
#7431 = CARTESIAN_POINT ( 'NONE',  ( -9556.250000000003638, 989.9999999999984084, -960.0000000000002274 ) ) ;
#7432 = CARTESIAN_POINT ( 'NONE',  ( -12100.00000000000182, 679.9999999999977263, -459.9999999999979536 ) ) ;
#7433 = DIRECTION ( 'NONE',  ( 0.000000000000000000, -1.000000000000000000, 0.000000000000000000 ) ) ;
#7434 = ORIENTED_EDGE ( 'NONE', *, *, #7172, .F. ) ;
#7435 = ORIENTED_EDGE ( 'NONE', *, *, #5131, .F. ) ;
#7436 = ORIENTED_EDGE ( 'NONE', *, *, #8190, .T. ) ;
#7437 = AXIS2_PLACEMENT_3D ( 'NONE', #2788, #3589, #8899 ) ;
#7438 = DIRECTION ( 'NONE',  ( 1.000000000000000000, 7.401486830834376525E-17, 6.217248937900876626E-15 ) ) ;
#7439 = EDGE_CURVE ( 'NONE', #8204, #1123, #55, .T. ) ;
#7440 = DIRECTION ( 'NONE',  ( -1.232595164407830672E-32, -2.775557561563032360E-16, 1.000000000000000000 ) ) ;
#7441 = CARTESIAN_POINT ( 'NONE',  ( -13499.99999999999818, 1970.627566330085529, -306.2059048389980944 ) ) ;
#7442 = APPLICATION_PROTOCOL_DEFINITION ( 'draft international standard', 'automotive_design', 1998, #4610 ) ;
#7443 = ORIENTED_EDGE ( 'NONE', *, *, #5558, .F. ) ;
#7444 = VECTOR ( 'NONE', #548, 1000.000000000000000 ) ;
#7445 = CIRCLE ( 'NONE', #1675, 79.99999999999995737 ) ;
#7446 = CARTESIAN_POINT ( 'NONE',  ( -14300.00000000001819, -699.9999999999986358, -637.0854464784592892 ) ) ;
#7447 = FACE_OUTER_BOUND ( 'NONE', #5416, .T. ) ;
#7448 = DIRECTION ( 'NONE',  ( -1.432545838226008399E-17, 1.000000000000000000, 0.000000000000000000 ) ) ;
#7449 = LINE ( 'NONE', #8246, #6157 ) ;
#7450 = EDGE_CURVE ( 'NONE', #3014, #4215, #3910, .T. ) ;
#7451 = VECTOR ( 'NONE', #3239, 1000.000000000000000 ) ;
#7452 = DIRECTION ( 'NONE',  ( 1.000000000000000000, -0.000000000000000000, -0.000000000000000000 ) ) ;
#7453 = AXIS2_PLACEMENT_3D ( 'NONE', #4717, #910, #3965 ) ;
#7454 = AXIS2_PLACEMENT_3D ( 'NONE', #8397, #7559, #2988 ) ;
#7455 = DIRECTION ( 'NONE',  ( -1.000000000000000000, 0.000000000000000000, 0.000000000000000000 ) ) ;
#7456 = ORIENTED_EDGE ( 'NONE', *, *, #2720, .T. ) ;
#7457 = CIRCLE ( 'NONE', #8726, 200.0000000000000000 ) ;
#7458 = DIRECTION ( 'NONE',  ( 0.000000000000000000, -0.000000000000000000, -1.000000000000000000 ) ) ;
#7459 = ORIENTED_EDGE ( 'NONE', *, *, #4704, .T. ) ;
#7460 = FACE_OUTER_BOUND ( 'NONE', #931, .T. ) ;
#7461 = DIRECTION ( 'NONE',  ( 6.162975822039157467E-33, -1.000000000000000000, -3.301729611148415602E-16 ) ) ;
#7462 = AXIS2_PLACEMENT_3D ( 'NONE', #6995, #687, #876 ) ;
#7463 = ORIENTED_EDGE ( 'NONE', *, *, #5461, .T. ) ;
#7464 = DIRECTION ( 'NONE',  ( -1.432545838226008708E-17, -1.000000000000000000, 0.000000000000000000 ) ) ;
#7465 = DIRECTION ( 'NONE',  ( 1.000000000000000000, 0.000000000000000000, 0.000000000000000000 ) ) ;
#7466 = EDGE_LOOP ( 'NONE', ( #9007, #8982, #8445, #824 ) ) ;
#7467 = VERTEX_POINT ( 'NONE', #2770 ) ;
#7468 = PLANE ( 'NONE',  #6565 ) ;
#7469 = CARTESIAN_POINT ( 'NONE',  ( -14156.10001622140953, -732.4719190560189190, -589.9999999999970441 ) ) ;
#7470 = LINE ( 'NONE', #5057, #6148 ) ;
#7471 = CARTESIAN_POINT ( 'NONE',  ( -14795.00000000000000, 875.0000000000000000, -910.0000000000001137 ) ) ;
#7472 = ORIENTED_EDGE ( 'NONE', *, *, #5308, .F. ) ;
#7473 = EDGE_CURVE ( 'NONE', #4852, #7837, #5619, .T. ) ;
#7474 = DIRECTION ( 'NONE',  ( -0.000000000000000000, -0.000000000000000000, -1.000000000000000000 ) ) ;
#7475 = CARTESIAN_POINT ( 'NONE',  ( 0.000000000000000000, 0.000000000000000000, -1135.000000000000227 ) ) ;
#7476 = ORIENTED_EDGE ( 'NONE', *, *, #3242, .F. ) ;
#7477 = CARTESIAN_POINT ( 'NONE',  ( -11411.43189860506209, 1077.499998843224375, -757.0854464784597440 ) ) ;
#7478 = VERTEX_POINT ( 'NONE', #3415 ) ;
#7479 = EDGE_CURVE ( 'NONE', #2837, #1381, #6548, .T. ) ;
#7480 = CARTESIAN_POINT ( 'NONE',  ( 0.000000000000000000, 875.0000000000000000, -1060.000000000000000 ) ) ;
#7481 = AXIS2_PLACEMENT_3D ( 'NONE', #5517, #9430, #4765 ) ;
#7482 = CARTESIAN_POINT ( 'NONE',  ( -11411.43189860506209, 877.4999988432243754, -637.0854464784588345 ) ) ;
#7483 = CYLINDRICAL_SURFACE ( 'NONE', #4517, 250.0000000000000000 ) ;
#7484 = AXIS2_PLACEMENT_3D ( 'NONE', #7475, #609, #3565 ) ;
#7485 = ADVANCED_FACE ( 'NONE', ( #7884 ), #8034, .F. ) ;
#7486 = ORIENTED_EDGE ( 'NONE', *, *, #4694, .T. ) ;
#7487 = ORIENTED_EDGE ( 'NONE', *, *, #1913, .T. ) ;
#7488 = AXIS2_PLACEMENT_3D ( 'NONE', #5836, #8897, #338 ) ;
#7489 = ORIENTED_EDGE ( 'NONE', *, *, #6205, .F. ) ;
#7490 = CARTESIAN_POINT ( 'NONE',  ( -5440.624999999995453, 739.9999999999980673, -1135.000000000000227 ) ) ;
#7491 = LINE ( 'NONE', #7585, #4813 ) ;
#7492 = CARTESIAN_POINT ( 'NONE',  ( -14500.00000000002001, -699.9999999999986358, -749.6146185948546190 ) ) ;
#7493 = CYLINDRICAL_SURFACE ( 'NONE', #3504, 250.0000000000000000 ) ;
#7494 = VECTOR ( 'NONE', #4008, 1000.000000000000114 ) ;
#7495 = VERTEX_POINT ( 'NONE', #6473 ) ;
#7496 = CIRCLE ( 'NONE', #2999, 250.0000000000000000 ) ;
#7497 = EDGE_CURVE ( 'NONE', #1898, #9762, #2617, .T. ) ;
#7498 = CARTESIAN_POINT ( 'NONE',  ( -14500.00000000002001, -725.0021062409357455, -757.0854464784603124 ) ) ;
#7499 = EDGE_CURVE ( 'NONE', #9292, #162, #7356, .T. ) ;
#7500 = DIRECTION ( 'NONE',  ( -1.000000000000000000, -6.265808957320107111E-17, 1.930822651522010828E-16 ) ) ;
#7501 = DIRECTION ( 'NONE',  ( 6.162975822039157467E-33, -1.000000000000000000, -2.775557561563032360E-16 ) ) ;
#7502 = PLANE ( 'NONE',  #4879 ) ;
#7503 = CIRCLE ( 'NONE', #5084, 250.0000000000000000 ) ;
#7504 = AXIS2_PLACEMENT_3D ( 'NONE', #3750, #2349, #3889 ) ;
#7505 = ORIENTED_EDGE ( 'NONE', *, *, #2448, .T. ) ;
#7506 = DIRECTION ( 'NONE',  ( 0.000000000000000000, 0.000000000000000000, 1.000000000000000000 ) ) ;
#7507 = DIRECTION ( 'NONE',  ( -1.432545838226008399E-17, 1.000000000000000000, 0.000000000000000000 ) ) ;
#7508 = AXIS2_PLACEMENT_3D ( 'NONE', #6506, #8164, #3643 ) ;
#7509 = VERTEX_POINT ( 'NONE', #8081 ) ;
#7510 = ORIENTED_EDGE ( 'NONE', *, *, #1638, .F. ) ;
#7511 = AXIS2_PLACEMENT_3D ( 'NONE', #7635, #103, #766 ) ;
#7512 = PLANE ( 'NONE',  #1106 ) ;
#7513 = EDGE_CURVE ( 'NONE', #1132, #4258, #5014, .T. ) ;
#7514 = CARTESIAN_POINT ( 'NONE',  ( -12225.00000000000182, 800.0000000000000000, -910.0000000000001137 ) ) ;
#7515 = LINE ( 'NONE', #8210, #3278 ) ;
#7516 = CARTESIAN_POINT ( 'NONE',  ( -4318.749999999996362, 708.0847830052794052, -1135.000000000000227 ) ) ;
#7517 = ORIENTED_EDGE ( 'NONE', *, *, #1337, .T. ) ;
#7518 = AXIS2_PLACEMENT_3D ( 'NONE', #4232, #6489, #5681 ) ;
#7519 = EDGE_LOOP ( 'NONE', ( #5553, #7489, #6925, #6749 ) ) ;
#7520 = EDGE_LOOP ( 'NONE', ( #5541, #2619, #7142, #7752 ) ) ;
#7521 = CARTESIAN_POINT ( 'NONE',  ( -11390.53962160355877, -92.81522335464026696, -1135.000000000000227 ) ) ;
#7522 = DIRECTION ( 'NONE',  ( -1.000000000000000000, 0.000000000000000000, 0.000000000000000000 ) ) ;
#7523 = CARTESIAN_POINT ( 'NONE',  ( -2600.000000000001364, 989.9999999999984084, -960.0000000000002274 ) ) ;
#7524 = ORIENTED_EDGE ( 'NONE', *, *, #5224, .F. ) ;
#7525 = CARTESIAN_POINT ( 'NONE',  ( -1949.999999999999773, 739.9999999999984084, -1135.000000000000227 ) ) ;
#7526 = DIRECTION ( 'NONE',  ( -1.000000000000000000, -1.879742687196032133E-16, 0.000000000000000000 ) ) ;
#7527 = VECTOR ( 'NONE', #8022, 1000.000000000000000 ) ;
#7528 = DIRECTION ( 'NONE',  ( 1.000000000000000000, 6.162975822039151993E-33, 1.232595164407830946E-32 ) ) ;
#7529 = ORIENTED_EDGE ( 'NONE', *, *, #8237, .T. ) ;
#7530 = CYLINDRICAL_SURFACE ( 'NONE', #3618, 460.0000000000000568 ) ;
#7531 = ADVANCED_FACE ( 'NONE', ( #4273 ), #6428, .F. ) ;
#7532 = FACE_OUTER_BOUND ( 'NONE', #689, .T. ) ;
#7533 = DIRECTION ( 'NONE',  ( 1.000000000000000000, 6.265808957320107111E-17, 0.000000000000000000 ) ) ;
#7534 = AXIS2_PLACEMENT_3D ( 'NONE', #4945, #3230, #4742 ) ;
#7535 = ADVANCED_FACE ( 'NONE', ( #3519, #4867 ), #8780, .F. ) ;
#7536 = ORIENTED_EDGE ( 'NONE', *, *, #8655, .T. ) ;
#7537 = CARTESIAN_POINT ( 'NONE',  ( -11699.99999999998181, -899.9999999999986358, -763.9017955139175911 ) ) ;
#7538 = VECTOR ( 'NONE', #5878, 1000.000000000000000 ) ;
#7539 = LINE ( 'NONE', #2083, #7697 ) ;
#7540 = ADVANCED_FACE ( 'NONE', ( #1120 ), #7135, .F. ) ;
#7541 = EDGE_CURVE ( 'NONE', #8679, #3380, #134, .T. ) ;
#7542 = CARTESIAN_POINT ( 'NONE',  ( -13250.00000000000000, -190.0000000000007674, -504.9802145985023003 ) ) ;
#7543 = DIRECTION ( 'NONE',  ( -0.000000000000000000, 0.000000000000000000, 1.000000000000000000 ) ) ;
#7544 = ORIENTED_EDGE ( 'NONE', *, *, #7969, .T. ) ;
#7545 = EDGE_CURVE ( 'NONE', #1329, #3694, #9580, .T. ) ;
#7546 = FACE_OUTER_BOUND ( 'NONE', #9704, .T. ) ;
#7547 = CARTESIAN_POINT ( 'NONE',  ( -14388.56810139493609, -877.4999988432243754, -909.9999999999987494 ) ) ;
#7548 = ORIENTED_EDGE ( 'NONE', *, *, #1778, .F. ) ;
#7549 = PLANE ( 'NONE',  #4752 ) ;
#7550 = EDGE_CURVE ( 'NONE', #1471, #4279, #5665, .T. ) ;
#7551 = EDGE_CURVE ( 'NONE', #9828, #7314, #4968, .T. ) ;
#7552 = CARTESIAN_POINT ( 'NONE',  ( -11499.99999999997999, 699.9999999999986358, -749.6146185948541643 ) ) ;
#7553 = ORIENTED_EDGE ( 'NONE', *, *, #1838, .F. ) ;
#7554 = AXIS2_PLACEMENT_3D ( 'NONE', #3428, #2781, #9644 ) ;
#7555 = VERTEX_POINT ( 'NONE', #7187 ) ;
#7556 = DIRECTION ( 'NONE',  ( 1.000000000000000000, -1.110223024625155554E-15, 0.000000000000000000 ) ) ;
#7557 = CARTESIAN_POINT ( 'NONE',  ( -12225.00000000000182, 341.8139511719356847, -960.0000000000002274 ) ) ;
#7558 = CARTESIAN_POINT ( 'NONE',  ( 588.6859966642593918, -875.0000000000000000, -1210.000000000000000 ) ) ;
#7559 = DIRECTION ( 'NONE',  ( -0.000000000000000000, 0.000000000000000000, 1.000000000000000000 ) ) ;
#7560 = ORIENTED_EDGE ( 'NONE', *, *, #8403, .F. ) ;
#7561 = ORIENTED_EDGE ( 'NONE', *, *, #2175, .T. ) ;
#7562 =( REPRESENTATION_RELATIONSHIP ('NONE','NONE', #6896, #3107 ) REPRESENTATION_RELATIONSHIP_WITH_TRANSFORMATION ( #2732 )SHAPE_REPRESENTATION_RELATIONSHIP( ) );
#7563 = VERTEX_POINT ( 'NONE', #3467 ) ;
#7564 = EDGE_CURVE ( 'NONE', #7864, #5396, #6528, .T. ) ;
#7565 = FACE_OUTER_BOUND ( 'NONE', #5165, .T. ) ;
#7566 = LINE ( 'NONE', #1643, #2002 ) ;
#7567 = LINE ( 'NONE', #9012, #9140 ) ;
#7568 = CARTESIAN_POINT ( 'NONE',  ( -1949.999999999999773, 989.9999999999984084, -960.0000000000002274 ) ) ;
#7569 = AXIS2_PLACEMENT_3D ( 'NONE', #6260, #1555, #3811 ) ;
#7570 = ORIENTED_EDGE ( 'NONE', *, *, #951, .T. ) ;
#7571 = AXIS2_PLACEMENT_3D ( 'NONE', #290, #9490, #6287 ) ;
#7572 = DIRECTION ( 'NONE',  ( -0.9848077530122092416, -1.851185172018656593E-16, 0.1736481776669237254 ) ) ;
#7573 = PLANE ( 'NONE',  #5575 ) ;
#7574 = DIRECTION ( 'NONE',  ( 6.162975822039157467E-33, -1.000000000000000000, -2.775557561563032360E-16 ) ) ;
#7575 = ORIENTED_EDGE ( 'NONE', *, *, #5879, .F. ) ;
#7576 = EDGE_CURVE ( 'NONE', #1199, #4993, #7236, .T. ) ;
#7577 = DIRECTION ( 'NONE',  ( 0.000000000000000000, 0.000000000000000000, 1.000000000000000000 ) ) ;
#7578 = AXIS2_PLACEMENT_3D ( 'NONE', #5466, #8481, #9216 ) ;
#7579 = DIRECTION ( 'NONE',  ( 6.162975822039156098E-33, -1.000000000000000000, -2.775557561563032360E-16 ) ) ;
#7580 = DIRECTION ( 'NONE',  ( 0.000000000000000000, 0.000000000000000000, 1.000000000000000000 ) ) ;
#7581 = ORIENTED_EDGE ( 'NONE', *, *, #9067, .T. ) ;
#7582 = VERTEX_POINT ( 'NONE', #7987 ) ;
#7583 = ORIENTED_EDGE ( 'NONE', *, *, #5809, .T. ) ;
#7584 = CARTESIAN_POINT ( 'NONE',  ( -13250.00000000000000, -732.4719190560189190, -589.9999999999970441 ) ) ;
#7585 = CARTESIAN_POINT ( 'NONE',  ( -13856.59988046646504, -278.9021535255452022, -623.7872381793328032 ) ) ;
#7586 = LINE ( 'NONE', #9128, #9523 ) ;
#7587 = LINE ( 'NONE', #5272, #9606 ) ;
#7588 = ORIENTED_EDGE ( 'NONE', *, *, #5654, .F. ) ;
#7589 = CARTESIAN_POINT ( 'NONE',  ( -13899.99999999999818, -1054.999999999997726, -459.9999999999984084 ) ) ;
#7590 = EDGE_CURVE ( 'NONE', #1853, #1922, #5258, .T. ) ;
#7591 = AXIS2_PLACEMENT_3D ( 'NONE', #3543, #8803, #1946 ) ;
#7592 = DIRECTION ( 'NONE',  ( 0.000000000000000000, 1.000000000000000000, 0.000000000000000000 ) ) ;
#7593 = ADVANCED_FACE ( 'NONE', ( #517 ), #8873, .F. ) ;
#7594 = VECTOR ( 'NONE', #9552, 1000.000000000000000 ) ;
#7595 = ORIENTED_EDGE ( 'NONE', *, *, #8933, .F. ) ;
#7596 = VERTEX_POINT ( 'NONE', #1414 ) ;
#7597 = LINE ( 'NONE', #6132, #9009 ) ;
#7598 = FACE_OUTER_BOUND ( 'NONE', #7749, .T. ) ;
#7599 = DIRECTION ( 'NONE',  ( 1.000000000000000000, 6.162975822039151993E-33, 1.232595164407830946E-32 ) ) ;
#7600 = FACE_OUTER_BOUND ( 'NONE', #7265, .T. ) ;
#7601 = EDGE_CURVE ( 'NONE', #6273, #1032, #9876, .T. ) ;
#7602 = DIRECTION ( 'NONE',  ( -1.232595164407830672E-32, -3.301729611148415602E-16, 1.000000000000000000 ) ) ;
#7603 = EDGE_CURVE ( 'NONE', #6727, #6818, #1904, .T. ) ;
#7604 = VERTEX_POINT ( 'NONE', #5816 ) ;
#7605 = VERTEX_POINT ( 'NONE', #8134 ) ;
#7606 = AXIS2_PLACEMENT_3D ( 'NONE', #917, #3976, #9387 ) ;
#7607 = ORIENTED_EDGE ( 'NONE', *, *, #6171, .T. ) ;
#7608 = AXIS2_PLACEMENT_3D ( 'NONE', #2390, #8503, #2589 ) ;
#7609 = CARTESIAN_POINT ( 'NONE',  ( -13755.00000000007094, 899.9999999999986358, -860.0000000000226237 ) ) ;
#7610 = CARTESIAN_POINT ( 'NONE',  ( -2487.220079441456164, -296.8409399909876925, -960.0000000000002274 ) ) ;
#7611 = DIRECTION ( 'NONE',  ( -1.000000000000000000, -0.000000000000000000, -0.000000000000000000 ) ) ;
#7612 = CARTESIAN_POINT ( 'NONE',  ( -11499.99999999997999, 747.0986934586334201, -637.0854464784588345 ) ) ;
#7613 = AXIS2_PLACEMENT_3D ( 'NONE', #9564, #7732, #2708 ) ;
#7614 = VERTEX_POINT ( 'NONE', #8978 ) ;
#7615 = VECTOR ( 'NONE', #648, 1000.000000000000000 ) ;
#7616 = DIRECTION ( 'NONE',  ( 0.000000000000000000, 0.000000000000000000, 1.000000000000000000 ) ) ;
#7617 = EDGE_CURVE ( 'NONE', #6279, #8171, #6626, .T. ) ;
#7618 = CARTESIAN_POINT ( 'NONE',  ( -14588.56810139493791, 747.0986934586334201, -637.0854464784588345 ) ) ;
#7619 = ADVANCED_FACE ( 'NONE', ( #2021, #6020 ), #5167, .F. ) ;
#7620 = VERTEX_POINT ( 'NONE', #7482 ) ;
#7621 = ORIENTED_EDGE ( 'NONE', *, *, #8278, .F. ) ;
#7622 = CARTESIAN_POINT ( 'NONE',  ( -9306.250000000003638, 739.9999999999977263, -3423.488475815656784 ) ) ;
#7623 = AXIS2_PLACEMENT_3D ( 'NONE', #1729, #4877, #974 ) ;
#7624 = CARTESIAN_POINT ( 'NONE',  ( -4534.427461039364061, 1189.999999999998408, -751.1534819267453713 ) ) ;
#7625 = DIRECTION ( 'NONE',  ( -1.000000000000000000, 0.000000000000000000, 0.000000000000000000 ) ) ;
#7626 = EDGE_LOOP ( 'NONE', ( #4268, #2283, #8496, #4746 ) ) ;
#7627 = EDGE_CURVE ( 'NONE', #9384, #1951, #8926, .T. ) ;
#7628 = ORIENTED_EDGE ( 'NONE', *, *, #8362, .F. ) ;
#7629 = ORIENTED_EDGE ( 'NONE', *, *, #999, .F. ) ;
#7630 = ORIENTED_EDGE ( 'NONE', *, *, #1239, .T. ) ;
#7631 = CARTESIAN_POINT ( 'NONE',  ( -12143.40011953353496, 725.0021062409357455, -757.0854464784598576 ) ) ;
#7632 = AXIS2_PLACEMENT_3D ( 'NONE', #7984, #1118, #6577 ) ;
#7633 = DIRECTION ( 'NONE',  ( 1.000000000000000000, 0.000000000000000000, 0.000000000000000000 ) ) ;
#7634 = DIRECTION ( 'NONE',  ( 1.000000000000000000, -0.000000000000000000, 0.000000000000000000 ) ) ;
#7635 = CARTESIAN_POINT ( 'NONE',  ( -10244.74851850930827, 5431.508564030777052, -1009.999999999998181 ) ) ;
#7636 = AXIS2_PLACEMENT_3D ( 'NONE', #8323, #4412, #8972 ) ;
#7637 = ORIENTED_EDGE ( 'NONE', *, *, #4723, .T. ) ;
#7638 = FACE_OUTER_BOUND ( 'NONE', #8412, .T. ) ;
#7639 = DIRECTION ( 'NONE',  ( -1.000000000000000000, 0.000000000000000000, 6.245004513516500018E-15 ) ) ;
#7640 = VECTOR ( 'NONE', #3154, 1000.000000000000000 ) ;
#7641 = EDGE_CURVE ( 'NONE', #3179, #7852, #9825, .T. ) ;
#7642 = LINE ( 'NONE', #6842, #3590 ) ;
#7643 = ORIENTED_EDGE ( 'NONE', *, *, #973, .T. ) ;
#7644 = ORIENTED_EDGE ( 'NONE', *, *, #668, .T. ) ;
#7645 = FACE_OUTER_BOUND ( 'NONE', #1976, .T. ) ;
#7646 = CARTESIAN_POINT ( 'NONE',  ( -7362.500000000006366, 739.9999999999979536, -960.0000000000002274 ) ) ;
#7647 = VECTOR ( 'NONE', #8956, 1000.000000000000000 ) ;
#7648 = LINE ( 'NONE', #6089, #9087 ) ;
#7649 = DIRECTION ( 'NONE',  ( 0.000000000000000000, 1.000000000000000000, 0.000000000000000000 ) ) ;
#7650 = VECTOR ( 'NONE', #7060, 1000.000000000000000 ) ;
#7651 = CARTESIAN_POINT ( 'NONE',  ( 588.6859966642593918, 875.0000000000000000, -1060.000000000000000 ) ) ;
#7652 = ADVANCED_FACE ( 'NONE', ( #5120 ), #4471, .T. ) ;
#7653 = ORIENTED_EDGE ( 'NONE', *, *, #874, .T. ) ;
#7654 = ORIENTED_EDGE ( 'NONE', *, *, #3393, .F. ) ;
#7655 = ORIENTED_EDGE ( 'NONE', *, *, #8446, .T. ) ;
#7656 = AXIS2_PLACEMENT_3D ( 'NONE', #2285, #5331, #1437 ) ;
#7657 = CYLINDRICAL_SURFACE ( 'NONE', #5278, 149.9999999999999147 ) ;
#7658 = ADVANCED_FACE ( 'NONE', ( #1367 ), #6675, .F. ) ;
#7659 = CARTESIAN_POINT ( 'NONE',  ( -5440.624999999995453, -739.9999999999993179, -1135.000000000000227 ) ) ;
#7660 = AXIS2_PLACEMENT_3D ( 'NONE', #3823, #6121, #963 ) ;
#7661 = EDGE_CURVE ( 'NONE', #1181, #1846, #4153, .T. ) ;
#7662 = DIRECTION ( 'NONE',  ( -6.265808957320107111E-17, 1.000000000000000000, -0.000000000000000000 ) ) ;
#7663 = DIRECTION ( 'NONE',  ( 1.000000000000000000, 0.000000000000000000, 0.000000000000000000 ) ) ;
#7664 = ORIENTED_EDGE ( 'NONE', *, *, #4520, .T. ) ;
#7665 = ORIENTED_EDGE ( 'NONE', *, *, #9751, .T. ) ;
#7666 = AXIS2_PLACEMENT_3D ( 'NONE', #7847, #5586, #8646 ) ;
#7667 = ORIENTED_EDGE ( 'NONE', *, *, #3373, .T. ) ;
#7668 = DIRECTION ( 'NONE',  ( 1.000000000000000000, 0.000000000000000000, 0.000000000000000000 ) ) ;
#7669 = DIRECTION ( 'NONE',  ( 0.000000000000000000, -1.000000000000000000, -5.551115123125784674E-16 ) ) ;
#7670 = AXIS2_PLACEMENT_3D ( 'NONE', #9162, #4604, #7669 ) ;
#7671 = VECTOR ( 'NONE', #1220, 1000.000000000000000 ) ;
#7672 = ORIENTED_EDGE ( 'NONE', *, *, #935, .F. ) ;
#7673 = ORIENTED_EDGE ( 'NONE', *, *, #6409, .F. ) ;
#7674 = CARTESIAN_POINT ( 'NONE',  ( -596.4101615137744830, -739.9999999999984084, -3423.488475815656784 ) ) ;
#7675 = AXIS2_PLACEMENT_3D ( 'NONE', #5861, #2065, #8866 ) ;
#7676 = EDGE_CURVE ( 'NONE', #4365, #9245, #8186, .T. ) ;
#7677 = EDGE_CURVE ( 'NONE', #4156, #4349, #4370, .T. ) ;
#7678 = CARTESIAN_POINT ( 'NONE',  ( -12143.40011953353496, 190.0000000000006821, -504.9802145985029256 ) ) ;
#7679 = DIRECTION ( 'NONE',  ( 1.000000000000000000, 5.551115123125782702E-17, 0.000000000000000000 ) ) ;
#7680 = CARTESIAN_POINT ( 'NONE',  ( -12325.00000000000182, -341.8139511719356847, -3423.488475815656784 ) ) ;
#7681 = ORIENTED_EDGE ( 'NONE', *, *, #6883, .T. ) ;
#7682 = EDGE_LOOP ( 'NONE', ( #8268, #1980, #1654, #6101 ) ) ;
#7683 = VERTEX_POINT ( 'NONE', #4422 ) ;
#7684 = CARTESIAN_POINT ( 'NONE',  ( -6812.499999999994543, 739.9999999999979536, -3423.488475815656784 ) ) ;
#7685 = CARTESIAN_POINT ( 'NONE',  ( -13828.58983848622483, -989.9999999999984084, -960.0000000000002274 ) ) ;
#7686 = DIRECTION ( 'NONE',  ( 1.000000000000000000, 0.000000000000000000, 0.000000000000000000 ) ) ;
#7687 = EDGE_CURVE ( 'NONE', #2312, #8975, #6823, .T. ) ;
#7688 = LINE ( 'NONE', #6930, #2076 ) ;
#7689 = AXIS2_PLACEMENT_3D ( 'NONE', #9513, #4755, #8714 ) ;
#7690 = ORIENTED_EDGE ( 'NONE', *, *, #1039, .F. ) ;
#7691 = DIRECTION ( 'NONE',  ( 6.162975822039157467E-33, -1.000000000000000000, -2.775557561563032360E-16 ) ) ;
#7692 = VECTOR ( 'NONE', #132, 1000.000000000000000 ) ;
#7693 = LINE ( 'NONE', #3873, #2520 ) ;
#7694 = ADVANCED_FACE ( 'NONE', ( #6729 ), #9784, .F. ) ;
#7695 = FILL_AREA_STYLE_COLOUR ( '', #1063 ) ;
#7696 = ORIENTED_EDGE ( 'NONE', *, *, #5351, .F. ) ;
#7697 = VECTOR ( 'NONE', #3579, 1000.000000000000000 ) ;
#7698 = ORIENTED_EDGE ( 'NONE', *, *, #28, .T. ) ;
#7699 = DIRECTION ( 'NONE',  ( -1.000000000000000000, 0.000000000000000000, 0.000000000000000000 ) ) ;
#7700 = FACE_OUTER_BOUND ( 'NONE', #7949, .T. ) ;
#7701 = CARTESIAN_POINT ( 'NONE',  ( -14299.99999999999818, -814.9999999999974989, -306.2059048389990039 ) ) ;
#7702 = DIRECTION ( 'NONE',  ( -1.000000000000000000, 0.000000000000000000, 0.000000000000000000 ) ) ;
#7703 = PLANE ( 'NONE',  #3439 ) ;
#7704 = ORIENTED_EDGE ( 'NONE', *, *, #3862, .F. ) ;
#7705 = ADVANCED_FACE ( 'NONE', ( #7532 ), #3718, .F. ) ;
#7706 = ORIENTED_EDGE ( 'NONE', *, *, #1984, .F. ) ;
#7707 = ORIENTED_EDGE ( 'NONE', *, *, #3616, .T. ) ;
#7708 = DIRECTION ( 'NONE',  ( -6.162975822039157467E-33, 1.000000000000000000, 2.775557561563032360E-16 ) ) ;
#7709 = CARTESIAN_POINT ( 'NONE',  ( -11825.00000000000182, -389.6561633456272489, -960.0000000000002274 ) ) ;
#7710 = LINE ( 'NONE', #5296, #9350 ) ;
#7711 = CARTESIAN_POINT ( 'NONE',  ( -11825.00000000000182, 1189.999999999998408, -960.0000000000002274 ) ) ;
#7712 = VERTEX_POINT ( 'NONE', #8572 ) ;
#7713 = ORIENTED_EDGE ( 'NONE', *, *, #6872, .F. ) ;
#7714 = ORIENTED_EDGE ( 'NONE', *, *, #6128, .T. ) ;
#7715 = DIRECTION ( 'NONE',  ( -1.000000000000000000, 0.000000000000000000, 0.000000000000000000 ) ) ;
#7716 = LINE ( 'NONE', #6202, #1271 ) ;
#7717 = EDGE_CURVE ( 'NONE', #5171, #6279, #6067, .T. ) ;
#7718 = ORIENTED_EDGE ( 'NONE', *, *, #5680, .T. ) ;
#7719 = VERTEX_POINT ( 'NONE', #6917 ) ;
#7720 = DIRECTION ( 'NONE',  ( -1.000000000000000000, 0.000000000000000000, -0.000000000000000000 ) ) ;
#7721 = DIRECTION ( 'NONE',  ( -1.232595164407830809E-32, 4.930380657631323784E-32, 1.000000000000000000 ) ) ;
#7722 = LINE ( 'NONE', #755, #9799 ) ;
#7723 = DIRECTION ( 'NONE',  ( 0.1736481776669233645, 0.000000000000000000, -0.9848077530122093526 ) ) ;
#7724 = PLANE ( 'NONE',  #208 ) ;
#7725 = ORIENTED_EDGE ( 'NONE', *, *, #7406, .F. ) ;
#7726 = EDGE_CURVE ( 'NONE', #7563, #2123, #6259, .T. ) ;
#7727 = EDGE_CURVE ( 'NONE', #2479, #5699, #6209, .T. ) ;
#7728 = ORIENTED_EDGE ( 'NONE', *, *, #1828, .T. ) ;
#7729 = ORIENTED_EDGE ( 'NONE', *, *, #8272, .T. ) ;
#7730 = CARTESIAN_POINT ( 'NONE',  ( -14119.99999999999818, 1970.627566330085756, -517.7941176470586697 ) ) ;
#7731 = CARTESIAN_POINT ( 'NONE',  ( 0.000000000000000000, 0.000000000000000000, -1135.000000000000227 ) ) ;
#7732 = DIRECTION ( 'NONE',  ( -1.000000000000000000, -0.000000000000000000, -0.000000000000000000 ) ) ;
#7733 = VECTOR ( 'NONE', #3032, 1000.000000000000000 ) ;
#7734 = DIRECTION ( 'NONE',  ( -6.162975822039151309E-33, 1.000000000000000000, -2.200304988219453538E-16 ) ) ;
#7735 = ORIENTED_EDGE ( 'NONE', *, *, #8730, .F. ) ;
#7736 = DIRECTION ( 'NONE',  ( -1.232595164407830672E-32, -2.775557561563032360E-16, 1.000000000000000000 ) ) ;
#7737 = EDGE_CURVE ( 'NONE', #1964, #1173, #4757, .T. ) ;
#7738 = DIRECTION ( 'NONE',  ( -1.000000000000000000, -6.265808957320107111E-17, -0.000000000000000000 ) ) ;
#7739 = CARTESIAN_POINT ( 'NONE',  ( -13000.00000000000000, -1077.499998843224375, -860.0000000000231921 ) ) ;
#7740 = FACE_OUTER_BOUND ( 'NONE', #7520, .T. ) ;
#7741 = ORIENTED_EDGE ( 'NONE', *, *, #5143, .F. ) ;
#7742 = ORIENTED_EDGE ( 'NONE', *, *, #554, .F. ) ;
#7743 = CARTESIAN_POINT ( 'NONE',  ( -12750.00000000000000, 899.9999999999986358, -769.9999999999959073 ) ) ;
#7744 = CYLINDRICAL_SURFACE ( 'NONE', #3015, 99.99999999999964473 ) ;
#7745 = DIRECTION ( 'NONE',  ( 0.9848077530122075762, 4.819705125750966016E-17, -0.1736481776669329402 ) ) ;
#7746 = FACE_OUTER_BOUND ( 'NONE', #3318, .T. ) ;
#7747 = LINE ( 'NONE', #6186, #7132 ) ;
#7748 = EDGE_CURVE ( 'NONE', #9859, #1927, #1656, .T. ) ;
#7749 = EDGE_LOOP ( 'NONE', ( #5949, #7831, #8214, #1071 ) ) ;
#7750 = EDGE_LOOP ( 'NONE', ( #3283, #1117, #5667, #9613 ) ) ;
#7751 = ORIENTED_EDGE ( 'NONE', *, *, #2607, .F. ) ;
#7752 = ORIENTED_EDGE ( 'NONE', *, *, #8686, .F. ) ;
#7753 = CARTESIAN_POINT ( 'NONE',  ( -12750.00000000000000, -278.9021535255452022, -725.0000000000053433 ) ) ;
#7754 = AXIS2_PLACEMENT_3D ( 'NONE', #8751, #3287, #6351 ) ;
#7755 = DIRECTION ( 'NONE',  ( -1.000000000000000000, -3.516425831278393658E-17, 1.406570332511357463E-16 ) ) ;
#7756 = CYLINDRICAL_SURFACE ( 'NONE', #5664, 100.0000000000000853 ) ;
#7757 = DIRECTION ( 'NONE',  ( 0.9848077530122094636, 6.170617240062189875E-17, 0.1736481776669226706 ) ) ;
#7758 = CARTESIAN_POINT ( 'NONE',  ( -12750.00000000000000, 899.9999999999986358, -637.0854464784587208 ) ) ;
#7759 = VERTEX_POINT ( 'NONE', #1502 ) ;
#7760 = ORIENTED_EDGE ( 'NONE', *, *, #9184, .T. ) ;
#7761 = VERTEX_POINT ( 'NONE', #2410 ) ;
#7762 = DIRECTION ( 'NONE',  ( 6.162975822039157467E-33, -1.000000000000000000, -3.301729611148415602E-16 ) ) ;
#7763 = AXIS2_PLACEMENT_3D ( 'NONE', #1023, #9280, #5531 ) ;
#7764 = LINE ( 'NONE', #9307, #6868 ) ;
#7765 = AXIS2_PLACEMENT_3D ( 'NONE', #8875, #314, #3369 ) ;
#7766 = ORIENTED_EDGE ( 'NONE', *, *, #6631, .F. ) ;
#7767 = EDGE_LOOP ( 'NONE', ( #3664, #5418, #566, #6721 ) ) ;
#7768 = VECTOR ( 'NONE', #7414, 1000.000000000000000 ) ;
#7769 = FACE_OUTER_BOUND ( 'NONE', #1420, .T. ) ;
#7770 = FACE_OUTER_BOUND ( 'NONE', #1822, .T. ) ;
#7771 = VECTOR ( 'NONE', #982, 1000.000000000000000 ) ;
#7772 = EDGE_CURVE ( 'NONE', #5985, #8695, #1612, .T. ) ;
#7773 = DIRECTION ( 'NONE',  ( 1.432545838226008399E-17, 1.000000000000000000, -0.000000000000000000 ) ) ;
#7774 = CARTESIAN_POINT ( 'NONE',  ( -12100.00000000000182, -679.9999999999979536, -379.9999999999984084 ) ) ;
#7775 = DIRECTION ( 'NONE',  ( 1.000000000000000000, -0.000000000000000000, 0.000000000000000000 ) ) ;
#7776 = CIRCLE ( 'NONE', #6013, 79.99999999999990052 ) ;
#7777 = EDGE_LOOP ( 'NONE', ( #9048, #1744, #6828, #5103, #3858 ) ) ;
#7778 = VERTEX_POINT ( 'NONE', #8524 ) ;
#7779 = EDGE_CURVE ( 'NONE', #5969, #7864, #3953, .T. ) ;
#7780 = ORIENTED_EDGE ( 'NONE', *, *, #1124, .T. ) ;
#7781 = DIRECTION ( 'NONE',  ( 6.162975822039157467E-33, -1.000000000000000000, -2.775557561563032360E-16 ) ) ;
#7782 = CARTESIAN_POINT ( 'NONE',  ( -13000.00000000000000, -229.9999999211528348, -725.0000000000050022 ) ) ;
#7783 = DIRECTION ( 'NONE',  ( -1.000000000000000000, -1.879742687196032133E-16, 1.930822651522010582E-16 ) ) ;
#7784 = CARTESIAN_POINT ( 'NONE',  ( -1950.000000000000682, -200.0000000000000000, -825.0000000000001137 ) ) ;
#7785 = EDGE_CURVE ( 'NONE', #379, #8569, #3809, .T. ) ;
#7786 = ORIENTED_EDGE ( 'NONE', *, *, #6415, .F. ) ;
#7787 = CIRCLE ( 'NONE', #2033, 80.00000000000007105 ) ;
#7788 = CARTESIAN_POINT ( 'NONE',  ( -6562.499999999994543, -989.9999999999997726, -1135.000000000000227 ) ) ;
#7789 = DIRECTION ( 'NONE',  ( -6.162975822039157467E-33, 1.000000000000000000, 2.775557561563032360E-16 ) ) ;
#7790 = ADVANCED_FACE ( 'NONE', ( #7770 ), #898, .F. ) ;
#7791 = ORIENTED_EDGE ( 'NONE', *, *, #4117, .F. ) ;
#7792 = VECTOR ( 'NONE', #1519, 1000.000000000000000 ) ;
#7793 = EDGE_CURVE ( 'NONE', #3607, #5502, #2849, .T. ) ;
#7794 = ORIENTED_EDGE ( 'NONE', *, *, #463, .T. ) ;
#7795 = CARTESIAN_POINT ( 'NONE',  ( -12225.00000000000182, -800.0000000000000000, -910.0000000000001137 ) ) ;
#7796 = DIRECTION ( 'NONE',  ( 0.000000000000000000, 0.000000000000000000, 1.000000000000000000 ) ) ;
#7797 = CARTESIAN_POINT ( 'NONE',  ( -2600.000000000001364, 739.9999999999982947, -960.0000000000002274 ) ) ;
#7798 = ORIENTED_EDGE ( 'NONE', *, *, #8261, .T. ) ;
#7799 = DIRECTION ( 'NONE',  ( 6.265808957320107111E-17, -1.000000000000000000, 0.000000000000000000 ) ) ;
#7800 = EDGE_LOOP ( 'NONE', ( #8299, #3652, #5929, #5298, #857 ) ) ;
#7801 = ORIENTED_EDGE ( 'NONE', *, *, #9373, .F. ) ;
#7802 = ORIENTED_EDGE ( 'NONE', *, *, #6855, .F. ) ;
#7803 = ORIENTED_EDGE ( 'NONE', *, *, #1919, .T. ) ;
#7804 = CIRCLE ( 'NONE', #9231, 200.0000000000000000 ) ;
#7805 = LINE ( 'NONE', #3181, #749 ) ;
#7806 = DIRECTION ( 'NONE',  ( 6.162975822039157467E-33, -1.000000000000000000, -3.301729611148415602E-16 ) ) ;
#7807 = LINE ( 'NONE', #1094, #3898 ) ;
#7808 = CARTESIAN_POINT ( 'NONE',  ( -11700.00000000000182, 814.9999999999972715, -637.0854464784588345 ) ) ;
#7809 = ADVANCED_FACE ( 'NONE', ( #7825 ), #7071, .T. ) ;
#7810 = CARTESIAN_POINT ( 'NONE',  ( -13755.00000000007094, -1077.499998843224375, -860.0000000000231921 ) ) ;
#7811 = AXIS2_PLACEMENT_3D ( 'NONE', #8177, #9864, #8464 ) ;
#7812 = ORIENTED_EDGE ( 'NONE', *, *, #7439, .F. ) ;
#7813 = ORIENTED_EDGE ( 'NONE', *, *, #9827, .T. ) ;
#7814 = AXIS2_PLACEMENT_3D ( 'NONE', #7080, #4915, #3255 ) ;
#7815 = DIRECTION ( 'NONE',  ( 1.000000000000000000, 6.162975822039151993E-33, 1.232595164407830946E-32 ) ) ;
#7816 = ORIENTED_EDGE ( 'NONE', *, *, #1008, .T. ) ;
#7817 = FACE_OUTER_BOUND ( 'NONE', #7822, .T. ) ;
#7818 = CARTESIAN_POINT ( 'NONE',  ( -9856.250000000005457, 708.0847830052794052, -3423.488475815656784 ) ) ;
#7819 = VERTEX_POINT ( 'NONE', #754 ) ;
#7820 = CIRCLE ( 'NONE', #8296, 250.0000000000000000 ) ;
#7821 = VECTOR ( 'NONE', #2622, 1000.000000000000000 ) ;
#7822 = EDGE_LOOP ( 'NONE', ( #266, #7553, #8910, #8551 ) ) ;
#7823 = CARTESIAN_POINT ( 'NONE',  ( -12225.00000000000182, 200.0000000000000000, -825.0000000000001137 ) ) ;
#7824 = EDGE_CURVE ( 'NONE', #8722, #1183, #4762, .T. ) ;
#7825 = FACE_OUTER_BOUND ( 'NONE', #6865, .T. ) ;
#7826 = AXIS2_PLACEMENT_3D ( 'NONE', #2414, #7723, #852 ) ;
#7827 = FACE_OUTER_BOUND ( 'NONE', #5003, .T. ) ;
#7828 = FACE_OUTER_BOUND ( 'NONE', #1988, .T. ) ;
#7829 = CIRCLE ( 'NONE', #6386, 250.0000000000000000 ) ;
#7830 = LINE ( 'NONE', #6970, #988 ) ;
#7831 = ORIENTED_EDGE ( 'NONE', *, *, #6122, .T. ) ;
#7832 = CIRCLE ( 'NONE', #6390, 79.99999999999990052 ) ;
#7833 = CARTESIAN_POINT ( 'NONE',  ( -446.4101615137744261, 341.8139511719356847, -1135.000000000000227 ) ) ;
#7834 = CARTESIAN_POINT ( 'NONE',  ( -10244.74851850930827, -1089.999999999998181, -1009.999999999998181 ) ) ;
#7835 = LINE ( 'NONE', #4573, #2706 ) ;
#7836 = VERTEX_POINT ( 'NONE', #2307 ) ;
#7837 = VERTEX_POINT ( 'NONE', #5354 ) ;
#7838 = ORIENTED_EDGE ( 'NONE', *, *, #8940, .T. ) ;
#7839 = EDGE_CURVE ( 'NONE', #3757, #5147, #8421, .T. ) ;
#7840 = PLANE ( 'NONE',  #9734 ) ;
#7841 = AXIS2_PLACEMENT_3D ( 'NONE', #9773, #4356, #2801 ) ;
#7842 = CARTESIAN_POINT ( 'NONE',  ( -1950.000000000000682, -800.0000000000000000, -910.0000000000001137 ) ) ;
#7843 = CARTESIAN_POINT ( 'NONE',  ( -4034.427420795908347, 989.9999999999984084, -1135.000000000000227 ) ) ;
#7844 = ORIENTED_EDGE ( 'NONE', *, *, #8153, .F. ) ;
#7845 = EDGE_CURVE ( 'NONE', #6309, #6129, #4611, .T. ) ;
#7846 = ORIENTED_EDGE ( 'NONE', *, *, #2175, .F. ) ;
#7847 = CARTESIAN_POINT ( 'NONE',  ( -12100.00000000000182, 1054.999999999997272, -459.9999999999978400 ) ) ;
#7848 = DIRECTION ( 'NONE',  ( -1.483886295880788311E-16, -1.000000000000000000, 0.000000000000000000 ) ) ;
#7849 = AXIS2_PLACEMENT_3D ( 'NONE', #7375, #8815, #3706 ) ;
#7850 = DIRECTION ( 'NONE',  ( 1.000000000000000000, 0.000000000000000000, 0.000000000000000000 ) ) ;
#7851 = DIRECTION ( 'NONE',  ( -1.000000000000000000, 0.000000000000000000, 0.000000000000000000 ) ) ;
#7852 = VERTEX_POINT ( 'NONE', #3096 ) ;
#7853 = ORIENTED_EDGE ( 'NONE', *, *, #618, .T. ) ;
#7854 = ADVANCED_FACE ( 'NONE', ( #6156 ), #2361, .F. ) ;
#7855 = EDGE_LOOP ( 'NONE', ( #1397, #2576, #8326, #7129 ) ) ;
#7856 = ORIENTED_EDGE ( 'NONE', *, *, #5131, .T. ) ;
#7857 = EDGE_CURVE ( 'NONE', #4729, #9234, #1727, .T. ) ;
#7858 = CARTESIAN_POINT ( 'NONE',  ( -11411.43189860506209, 877.4999988432243754, -637.0854464784588345 ) ) ;
#7859 = VECTOR ( 'NONE', #9030, 1000.000000000000000 ) ;
#7860 = CARTESIAN_POINT ( 'NONE',  ( -14795.00000000000000, -875.0000000000000000, -910.0000000000001137 ) ) ;
#7861 = CARTESIAN_POINT ( 'NONE',  ( -12143.40011953353496, 295.9385695031826913, -504.9802145985045172 ) ) ;
#7862 = CARTESIAN_POINT ( 'NONE',  ( -10294.74851850930827, 1089.999999999998181, -1009.999999999998181 ) ) ;
#7863 = LINE ( 'NONE', #8013, #3494 ) ;
#7864 = VERTEX_POINT ( 'NONE', #3146 ) ;
#7865 = CARTESIAN_POINT ( 'NONE',  ( -7362.500000000006366, -739.9999999999997726, -960.0000000000000000 ) ) ;
#7866 = EDGE_LOOP ( 'NONE', ( #3487, #7801 ) ) ;
#7867 = DIRECTION ( 'NONE',  ( 0.000000000000000000, -1.000000000000000000, 0.000000000000000000 ) ) ;
#7868 = LINE ( 'NONE', #7270, #1113 ) ;
#7869 = ORIENTED_EDGE ( 'NONE', *, *, #418, .F. ) ;
#7870 = EDGE_CURVE ( 'NONE', #1993, #904, #9515, .T. ) ;
#7871 = VERTEX_POINT ( 'NONE', #4859 ) ;
#7872 = CARTESIAN_POINT ( 'NONE',  ( -14500.00000000002001, -699.9999999999986358, -623.2943698956134995 ) ) ;
#7873 = CARTESIAN_POINT ( 'NONE',  ( -11825.00000000000182, -200.0000000000000000, -825.0000000000001137 ) ) ;
#7874 = DIRECTION ( 'NONE',  ( 1.000000000000000000, -6.265808957320107111E-17, 0.000000000000000000 ) ) ;
#7875 = AXIS2_PLACEMENT_3D ( 'NONE', #2735, #5886, #5783 ) ;
#7876 = AXIS2_PLACEMENT_3D ( 'NONE', #5157, #1352, #4404 ) ;
#7877 = CARTESIAN_POINT ( 'NONE',  ( -5190.624999999995453, -739.9999999999994316, -960.0000000000002274 ) ) ;
#7878 = CARTESIAN_POINT ( 'NONE',  ( -4618.749999999996362, -739.9999999999993179, -1135.000000000000227 ) ) ;
#7879 = ORIENTED_EDGE ( 'NONE', *, *, #2514, .T. ) ;
#7880 = EDGE_CURVE ( 'NONE', #2635, #5743, #1158, .T. ) ;
#7881 = ORIENTED_EDGE ( 'NONE', *, *, #2525, .F. ) ;
#7882 = DIRECTION ( 'NONE',  ( 1.000000000000000000, 0.000000000000000000, 0.000000000000000000 ) ) ;
#7883 = FACE_BOUND ( 'NONE', #4686, .T. ) ;
#7884 = FACE_OUTER_BOUND ( 'NONE', #5780, .T. ) ;
#7885 = ORIENTED_EDGE ( 'NONE', *, *, #3904, .T. ) ;
#7886 = VECTOR ( 'NONE', #5410, 1000.000000000000000 ) ;
#7887 = ORIENTED_EDGE ( 'NONE', *, *, #1039, .T. ) ;
#7888 = ORIENTED_EDGE ( 'NONE', *, *, #567, .T. ) ;
#7889 = DIRECTION ( 'NONE',  ( 6.162975822039157467E-33, -1.000000000000000000, -2.775557561563032360E-16 ) ) ;
#7890 = LINE ( 'NONE', #1074, #9278 ) ;
#7891 = LINE ( 'NONE', #6229, #4559 ) ;
#7892 = ORIENTED_EDGE ( 'NONE', *, *, #4973, .F. ) ;
#7893 = VECTOR ( 'NONE', #4436, 1000.000000000000000 ) ;
#7894 = EDGE_LOOP ( 'NONE', ( #4914, #6757, #6947, #6290, #9436, #6559, #8076 ) ) ;
#7895 = ADVANCED_FACE ( 'NONE', ( #4263 ), #1004, .T. ) ;
#7896 = DIRECTION ( 'NONE',  ( 1.000000000000000000, -0.000000000000000000, -0.000000000000000000 ) ) ;
#7897 = CARTESIAN_POINT ( 'NONE',  ( -11505.62481363482402, -747.0986934586336474, -637.0854464784592892 ) ) ;
#7898 = CARTESIAN_POINT ( 'NONE',  ( -3866.957084846029375, -989.9999999999990905, -868.8465180732547424 ) ) ;
#7899 = FACE_OUTER_BOUND ( 'NONE', #5591, .T. ) ;
#7900 = ORIENTED_EDGE ( 'NONE', *, *, #311, .F. ) ;
#7901 = ORIENTED_EDGE ( 'NONE', *, *, #8508, .T. ) ;
#7902 = ORIENTED_EDGE ( 'NONE', *, *, #7601, .T. ) ;
#7903 = EDGE_LOOP ( 'NONE', ( #40, #5123 ) ) ;
#7904 = LINE ( 'NONE', #7858, #6514 ) ;
#7905 = CARTESIAN_POINT ( 'NONE',  ( -12100.00000000000182, -1054.999999999997726, 1.665334536937734811E-12 ) ) ;
#7906 = DIRECTION ( 'NONE',  ( -1.000000000000000000, -6.265808957320107111E-17, -0.000000000000000000 ) ) ;
#7907 = DIRECTION ( 'NONE',  ( -0.000000000000000000, -0.000000000000000000, -1.000000000000000000 ) ) ;
#7908 = EDGE_CURVE ( 'NONE', #5630, #5153, #8768, .T. ) ;
#7909 = EDGE_CURVE ( 'NONE', #6267, #6508, #4211, .T. ) ;
#7910 = ORIENTED_EDGE ( 'NONE', *, *, #5696, .T. ) ;
#7911 = CARTESIAN_POINT ( 'NONE',  ( -162.2440211999298754, -1190.000000000001137, 920.1315677728708806 ) ) ;
#7912 = ORIENTED_EDGE ( 'NONE', *, *, #5462, .F. ) ;
#7913 = DIRECTION ( 'NONE',  ( -1.000000000000000000, -6.162975822039151993E-33, -1.232595164407830946E-32 ) ) ;
#7914 = PLANE ( 'NONE',  #4621 ) ;
#7915 = VECTOR ( 'NONE', #8360, 1000.000000000000000 ) ;
#7916 = ORIENTED_EDGE ( 'NONE', *, *, #8711, .T. ) ;
#7917 = DIRECTION ( 'NONE',  ( -0.000000000000000000, 0.000000000000000000, -1.000000000000000000 ) ) ;
#7918 = DIRECTION ( 'NONE',  ( -1.232595164407830672E-32, -2.775557561563032360E-16, 1.000000000000000000 ) ) ;
#7919 = EDGE_CURVE ( 'NONE', #6551, #7140, #8136, .T. ) ;
#7920 = CIRCLE ( 'NONE', #9035, 460.0000000000001137 ) ;
#7921 = LINE ( 'NONE', #9570, #6276 ) ;
#7922 = EDGE_CURVE ( 'NONE', #4826, #785, #4908, .T. ) ;
#7923 =( BOUNDED_CURVE ( )  B_SPLINE_CURVE ( 3, ( #4959, #6518, #2511, #4811 ),
 .UNSPECIFIED., .F., .F. ) 
 B_SPLINE_CURVE_WITH_KNOTS ( ( 4, 4 ),
 ( 4.474662696288666197, 4.712388980384689674 ),
 .UNSPECIFIED. ) 
 CURVE ( )  GEOMETRIC_REPRESENTATION_ITEM ( )  RATIONAL_B_SPLINE_CURVE ( ( 1.000000000000000000, 0.9952960600157659821, 0.9952960600157659821, 1.000000000000000000 ) ) 
 REPRESENTATION_ITEM ( '' )  );
#7924 = CARTESIAN_POINT ( 'NONE',  ( -6240.624999999996362, -739.9999999999995453, -3423.488475815656784 ) ) ;
#7925 = FACE_OUTER_BOUND ( 'NONE', #2672, .T. ) ;
#7926 = VERTEX_POINT ( 'NONE', #1762 ) ;
#7927 = VECTOR ( 'NONE', #9222, 1000.000000000000114 ) ;
#7928 = DIRECTION ( 'NONE',  ( 0.000000000000000000, 0.000000000000000000, 1.000000000000000000 ) ) ;
#7929 = VECTOR ( 'NONE', #583, 1000.000000000000000 ) ;
#7930 = PLANE ( 'NONE',  #4975 ) ;
#7931 = CIRCLE ( 'NONE', #574, 79.99999999999995737 ) ;
#7932 = CARTESIAN_POINT ( 'NONE',  ( -3921.569072607348971, -1089.999999999998181, -960.7596123493884761 ) ) ;
#7933 = CARTESIAN_POINT ( 'NONE',  ( -12750.00000000000000, -729.4021522441533989, -769.9999999999963620 ) ) ;
#7934 = EDGE_CURVE ( 'NONE', #9158, #8651, #7923, .T. ) ;
#7935 = CIRCLE ( 'NONE', #3614, 250.0000000000000000 ) ;
#7936 = EDGE_LOOP ( 'NONE', ( #2637, #6852, #5482, #4081, #7681, #65 ) ) ;
#7937 = ORIENTED_EDGE ( 'NONE', *, *, #188, .T. ) ;
#7938 = COLOUR_RGB ( '',0.7921568627450980005, 0.8196078431372548767, 0.9333333333333333481 ) ;
#7939 = CARTESIAN_POINT ( 'NONE',  ( -1950.000000000000682, -899.9999999999998863, -910.0000000000001137 ) ) ;
#7940 = CARTESIAN_POINT ( 'NONE',  ( -346.4101615137744261, -341.8139511719356847, -1135.000000000000227 ) ) ;
#7941 = DIRECTION ( 'NONE',  ( 1.000000000000000000, 1.879742687196032133E-16, 0.000000000000000000 ) ) ;
#7942 = DIRECTION ( 'NONE',  ( 1.000000000000000000, 0.000000000000000000, 0.000000000000000000 ) ) ;
#7943 = ORIENTED_EDGE ( 'NONE', *, *, #7250, .T. ) ;
#7944 = PLANE ( 'NONE',  #1270 ) ;
#7945 = CARTESIAN_POINT ( 'NONE',  ( -596.4101615137744830, -739.9999999999984084, -1135.000000000000227 ) ) ;
#7946 = CARTESIAN_POINT ( 'NONE',  ( -14338.65743636097613, 896.2284449665696684, -757.0854464784598576 ) ) ;
#7947 = PLANE ( 'NONE',  #8724 ) ;
#7948 = EDGE_LOOP ( 'NONE', ( #7343, #3279 ) ) ;
#7949 = EDGE_LOOP ( 'NONE', ( #1836, #9054, #6878, #6217, #9858, #6543 ) ) ;
#7950 = ORIENTED_EDGE ( 'NONE', *, *, #9176, .F. ) ;
#7951 = EDGE_LOOP ( 'NONE', ( #6938, #1403, #4037, #4302 ) ) ;
#7952 = DIRECTION ( 'NONE',  ( 1.000000000000000000, 0.000000000000000000, 0.000000000000000000 ) ) ;
#7953 = EDGE_CURVE ( 'NONE', #2591, #7077, #5077, .T. ) ;
#7954 = VECTOR ( 'NONE', #1991, 1000.000000000000000 ) ;
#7955 = CARTESIAN_POINT ( 'NONE',  ( 588.6859966642593918, 875.0000000000000000, -1060.000000000000000 ) ) ;
#7956 = FACE_OUTER_BOUND ( 'NONE', #1346, .T. ) ;
#7957 = DIRECTION ( 'NONE',  ( 0.000000000000000000, 1.000000000000000000, 5.551115123125782702E-16 ) ) ;
#7958 = CARTESIAN_POINT ( 'NONE',  ( -11499.99999999997999, -699.9999999999986358, -757.0854464784603124 ) ) ;
#7959 = AXIS2_PLACEMENT_3D ( 'NONE', #2811, #5811, #2013 ) ;
#7960 = ORIENTED_EDGE ( 'NONE', *, *, #8282, .T. ) ;
#7961 = LINE ( 'NONE', #3188, #2374 ) ;
#7962 = EDGE_CURVE ( 'NONE', #2568, #1249, #6311, .T. ) ;
#7963 = ORIENTED_EDGE ( 'NONE', *, *, #7352, .F. ) ;
#7964 = CARTESIAN_POINT ( 'NONE',  ( -12100.00000000000182, -679.9999999999979536, -539.9999999999982947 ) ) ;
#7965 = DIRECTION ( 'NONE',  ( 0.000000000000000000, 1.000000000000000000, 5.551115123125784674E-16 ) ) ;
#7966 = AXIS2_PLACEMENT_3D ( 'NONE', #8201, #2138, #7506 ) ;
#7967 = VERTEX_POINT ( 'NONE', #399 ) ;
#7968 = EDGE_CURVE ( 'NONE', #2355, #704, #8669, .T. ) ;
#7969 = EDGE_CURVE ( 'NONE', #1133, #1391, #6635, .T. ) ;
#7970 = DIRECTION ( 'NONE',  ( 1.000000000000000000, -0.000000000000000000, 0.000000000000000000 ) ) ;
#7971 = DIRECTION ( 'NONE',  ( 0.000000000000000000, 0.000000000000000000, -1.000000000000000000 ) ) ;
#7972 = VECTOR ( 'NONE', #4702, 1000.000000000000000 ) ;
#7973 = VECTOR ( 'NONE', #5323, 1000.000000000000000 ) ;
#7974 = DIRECTION ( 'NONE',  ( 1.000000000000000000, 0.000000000000000000, 0.000000000000000000 ) ) ;
#7975 = CARTESIAN_POINT ( 'NONE',  ( -12500.00000000000182, -1077.499998843224603, -306.2059048389990039 ) ) ;
#7976 = EDGE_CURVE ( 'NONE', #1701, #9464, #251, .T. ) ;
#7977 = EDGE_CURVE ( 'NONE', #7837, #1462, #3299, .T. ) ;
#7978 = CARTESIAN_POINT ( 'NONE',  ( -8734.375000000005457, -739.9999999999997726, -960.0000000000002274 ) ) ;
#7979 = VECTOR ( 'NONE', #3126, 1000.000000000000000 ) ;
#7980 = DIRECTION ( 'NONE',  ( 0.000000000000000000, 0.000000000000000000, 1.000000000000000000 ) ) ;
#7981 = AXIS2_PLACEMENT_3D ( 'NONE', #9534, #1824, #4827 ) ;
#7982 = ORIENTED_EDGE ( 'NONE', *, *, #9166, .T. ) ;
#7983 = ADVANCED_FACE ( 'NONE', ( #1959, #5705 ), #9419, .T. ) ;
#7984 = CARTESIAN_POINT ( 'NONE',  ( -8598.683472959091887, -990.0000000000004547, -6660.000000000000000 ) ) ;
#7985 = EDGE_CURVE ( 'NONE', #4739, #8959, #2564, .T. ) ;
#7986 = CARTESIAN_POINT ( 'NONE',  ( -4618.749999999996362, 739.9999999999981810, -960.0000000000002274 ) ) ;
#7987 = CARTESIAN_POINT ( 'NONE',  ( -1950.000000000000682, -739.9999999999984084, -960.0000000000002274 ) ) ;
#7988 =( BOUNDED_CURVE ( )  B_SPLINE_CURVE ( 3, ( #3454, #6515, #1760, #7872 ),
 .UNSPECIFIED., .F., .F. ) 
 B_SPLINE_CURVE_WITH_KNOTS ( ( 4, 4 ),
 ( 4.474662696288665309, 4.712388980384689674 ),
 .UNSPECIFIED. ) 
 CURVE ( )  GEOMETRIC_REPRESENTATION_ITEM ( )  RATIONAL_B_SPLINE_CURVE ( ( 1.000000000000000000, 0.9952960600157659821, 0.9952960600157659821, 1.000000000000000000 ) ) 
 REPRESENTATION_ITEM ( '' )  );
#7989 = AXIS2_PLACEMENT_3D ( 'NONE', #4174, #4219, #2721 ) ;
#7990 = EDGE_LOOP ( 'NONE', ( #263, #4135, #5194, #1172, #527, #1194, #3815, #227 ) ) ;
#7991 = AXIS2_PLACEMENT_3D ( 'NONE', #1184, #5829, #9170 ) ;
#7992 = ORIENTED_EDGE ( 'NONE', *, *, #2979, .T. ) ;
#7993 = DIRECTION ( 'NONE',  ( 1.000000000000000000, 0.000000000000000000, 0.000000000000000000 ) ) ;
#7994 = EDGE_CURVE ( 'NONE', #8975, #9245, #3355, .T. ) ;
#7995 = CYLINDRICAL_SURFACE ( 'NONE', #7389, 6000.000000000000000 ) ;
#7996 = CARTESIAN_POINT ( 'NONE',  ( -11825.00000000000182, 800.0000000000000000, -910.0000000000001137 ) ) ;
#7997 = PRESENTATION_STYLE_ASSIGNMENT (( #9486 ) ) ;
#7998 = VERTEX_POINT ( 'NONE', #8715 ) ;
#7999 = EDGE_LOOP ( 'NONE', ( #778, #3272, #2078, #3194 ) ) ;
#8000 = DIRECTION ( 'NONE',  ( 0.000000000000000000, -0.000000000000000000, 1.000000000000000000 ) ) ;
#8001 = CARTESIAN_POINT ( 'NONE',  ( -14388.56810139493609, 1077.499998843224375, -757.0854464784597440 ) ) ;
#8002 = DIRECTION ( 'NONE',  ( 0.000000000000000000, -0.000000000000000000, -1.000000000000000000 ) ) ;
#8003 = DIRECTION ( 'NONE',  ( -0.000000000000000000, 0.000000000000000000, 1.000000000000000000 ) ) ;
#8004 = ORIENTED_EDGE ( 'NONE', *, *, #7192, .T. ) ;
#8005 = VERTEX_POINT ( 'NONE', #1310 ) ;
#8006 = EDGE_LOOP ( 'NONE', ( #5802, #2132, #6800, #239 ) ) ;
#8007 = ORIENTED_EDGE ( 'NONE', *, *, #3076, .F. ) ;
#8008 = EDGE_CURVE ( 'NONE', #8877, #5292, #6362, .T. ) ;
#8009 = CARTESIAN_POINT ( 'NONE',  ( -8984.375000000005457, 739.9999999999978400, -960.0000000000002274 ) ) ;
#8010 = CARTESIAN_POINT ( 'NONE',  ( -2350.000000000000455, 800.0000000000000000, -910.0000000000001137 ) ) ;
#8011 = CARTESIAN_POINT ( 'NONE',  ( -13250.00000000000000, -176.9719203373659866, -350.9999999999987494 ) ) ;
#8012 = ORIENTED_EDGE ( 'NONE', *, *, #2620, .T. ) ;
#8013 = CARTESIAN_POINT ( 'NONE',  ( -12244.99999999992906, 1077.499998843224375, -860.0000000000226237 ) ) ;
#8014 = AXIS2_PLACEMENT_3D ( 'NONE', #4502, #7708, #3083 ) ;
#8015 = LINE ( 'NONE', #139, #5724 ) ;
#8016 = ADVANCED_FACE ( 'NONE', ( #9720 ), #8922, .T. ) ;
#8017 = ORIENTED_EDGE ( 'NONE', *, *, #424, .T. ) ;
#8018 = DIRECTION ( 'NONE',  ( 1.000000000000000000, 0.000000000000000000, 0.000000000000000000 ) ) ;
#8019 = DIRECTION ( 'NONE',  ( 1.000000000000000000, 0.000000000000000000, 0.000000000000000000 ) ) ;
#8020 = ORIENTED_EDGE ( 'NONE', *, *, #8362, .T. ) ;
#8021 = VECTOR ( 'NONE', #5174, 1000.000000000000000 ) ;
#8022 = DIRECTION ( 'NONE',  ( 0.000000000000000000, 1.000000000000000000, 0.000000000000000000 ) ) ;
#8023 = CARTESIAN_POINT ( 'NONE',  ( -14300.00000000001819, 699.9999999999986358, -637.0854464784588345 ) ) ;
#8024 = CARTESIAN_POINT ( 'NONE',  ( -12100.00000000000182, 1054.999999999997499, -919.9999999999979536 ) ) ;
#8025 = CARTESIAN_POINT ( 'NONE',  ( 588.6859966642593918, 0.000000000000000000, -1060.000000000000000 ) ) ;
#8026 = FACE_OUTER_BOUND ( 'NONE', #8846, .T. ) ;
#8027 = AXIS2_PLACEMENT_3D ( 'NONE', #4469, #9729, #2211 ) ;
#8028 = EDGE_CURVE ( 'NONE', #1463, #750, #3605, .T. ) ;
#8029 = DIRECTION ( 'NONE',  ( 6.162975822039157467E-33, -1.000000000000000000, -2.775557561563032360E-16 ) ) ;
#8030 = FACE_OUTER_BOUND ( 'NONE', #8117, .T. ) ;
#8031 = VERTEX_POINT ( 'NONE', #3709 ) ;
#8032 = DIRECTION ( 'NONE',  ( -6.162975822039157467E-33, 1.000000000000000000, 2.775557561563032360E-16 ) ) ;
#8033 = CARTESIAN_POINT ( 'NONE',  ( -12500.00000000000182, -1970.627566330085983, -306.2059048389992313 ) ) ;
#8034 = CYLINDRICAL_SURFACE ( 'NONE', #1748, 99.99999999999997158 ) ;
#8035 = ORIENTED_EDGE ( 'NONE', *, *, #9443, .F. ) ;
#8036 = EDGE_CURVE ( 'NONE', #2868, #4403, #4597, .T. ) ;
#8037 = ORIENTED_EDGE ( 'NONE', *, *, #8693, .F. ) ;
#8038 = EDGE_CURVE ( 'NONE', #3979, #3395, #5882, .T. ) ;
#8039 = VERTEX_POINT ( 'NONE', #5915 ) ;
#8040 = ORIENTED_EDGE ( 'NONE', *, *, #6933, .F. ) ;
#8041 = CARTESIAN_POINT ( 'NONE',  ( -5990.624999999996362, -739.9999999999995453, -960.0000000000002274 ) ) ;
#8042 = DIRECTION ( 'NONE',  ( -1.432545838226008708E-17, -1.000000000000000000, 0.000000000000000000 ) ) ;
#8043 = LINE ( 'NONE', #6483, #5676 ) ;
#8044 = ORIENTED_EDGE ( 'NONE', *, *, #5198, .F. ) ;
#8045 = ORIENTED_EDGE ( 'NONE', *, *, #7206, .F. ) ;
#8046 = AXIS2_PLACEMENT_3D ( 'NONE', #978, #3382, #3983 ) ;
#8047 = DIRECTION ( 'NONE',  ( 0.000000000000000000, -1.000000000000000000, -2.775557561562891351E-16 ) ) ;
#8048 = ADVANCED_FACE ( 'NONE', ( #9776 ), #5202, .T. ) ;
#8049 = DIRECTION ( 'NONE',  ( -0.000000000000000000, 0.000000000000000000, -1.000000000000000000 ) ) ;
#8050 = CARTESIAN_POINT ( 'NONE',  ( -11699.99999999998181, -899.9999999999986358, -637.0854464784594029 ) ) ;
#8051 = CARTESIAN_POINT ( 'NONE',  ( 0.000000000000000000, -875.0000000000000000, -1060.000000000000000 ) ) ;
#8052 = ORIENTED_EDGE ( 'NONE', *, *, #2581, .T. ) ;
#8053 = ORIENTED_EDGE ( 'NONE', *, *, #4295, .T. ) ;
#8054 = ORIENTED_EDGE ( 'NONE', *, *, #6247, .T. ) ;
#8055 = ORIENTED_EDGE ( 'NONE', *, *, #5638, .T. ) ;
#8056 = LINE ( 'NONE', #7259, #4435 ) ;
#8057 = CIRCLE ( 'NONE', #9324, 79.99999999999995737 ) ;
#8058 = DIRECTION ( 'NONE',  ( 0.000000000000000000, -2.413528314402513597E-16, 1.000000000000000000 ) ) ;
#8059 = DIRECTION ( 'NONE',  ( -1.232595164407830672E-32, -2.775557561563032360E-16, 1.000000000000000000 ) ) ;
#8060 = VERTEX_POINT ( 'NONE', #7523 ) ;
#8061 = DIRECTION ( 'NONE',  ( -0.000000000000000000, 0.000000000000000000, 1.000000000000000000 ) ) ;
#8062 = DIRECTION ( 'NONE',  ( -1.232595164407830672E-32, -2.775557561563032360E-16, 1.000000000000000000 ) ) ;
#8063 = EDGE_CURVE ( 'NONE', #6513, #1578, #7329, .T. ) ;
#8064 = CARTESIAN_POINT ( 'NONE',  ( 620.0000000000000000, 875.0000000000000000, -1060.000000000000000 ) ) ;
#8065 = ORIENTED_EDGE ( 'NONE', *, *, #8108, .F. ) ;
#8066 = CARTESIAN_POINT ( 'NONE',  ( -12750.00000000000000, 278.9021535255452022, -623.7872381793326895 ) ) ;
#8067 = CARTESIAN_POINT ( 'NONE',  ( -12100.00000000000182, -190.0000000000007958, -459.9999999999982379 ) ) ;
#8068 = ORIENTED_EDGE ( 'NONE', *, *, #9569, .T. ) ;
#8069 = DIRECTION ( 'NONE',  ( 1.000000000000000000, 0.000000000000000000, 0.000000000000000000 ) ) ;
#8070 = PLANE ( 'NONE',  #8095 ) ;
#8071 = DIRECTION ( 'NONE',  ( 6.162975822039157467E-33, -1.000000000000000000, -2.775557561563032360E-16 ) ) ;
#8072 = DIRECTION ( 'NONE',  ( -0.000000000000000000, -0.000000000000000000, -1.000000000000000000 ) ) ;
#8073 = CARTESIAN_POINT ( 'NONE',  ( -11674.08555227910256, -898.7388418281769873, -759.3323791905673943 ) ) ;
#8074 = LINE ( 'NONE', #5658, #4470 ) ;
#8075 = CARTESIAN_POINT ( 'NONE',  ( -4034.427420795908347, 989.9999999999981810, -960.0000000000014779 ) ) ;
#8076 = ORIENTED_EDGE ( 'NONE', *, *, #6891, .T. ) ;
#8077 = LINE ( 'NONE', #7477, #2832 ) ;
#8078 = DIRECTION ( 'NONE',  ( -0.9281522335464009732, 0.3722007944145567793, 0.000000000000000000 ) ) ;
#8079 = EDGE_CURVE ( 'NONE', #4806, #2117, #1450, .T. ) ;
#8080 = VECTOR ( 'NONE', #8109, 1000.000000000000000 ) ;
#8081 = CARTESIAN_POINT ( 'NONE',  ( -14175.00000000000000, 875.0000000000000000, -1140.000000000000227 ) ) ;
#8082 = ORIENTED_EDGE ( 'NONE', *, *, #9797, .F. ) ;
#8083 = CIRCLE ( 'NONE', #6797, 50.00000000000071054 ) ;
#8084 = CIRCLE ( 'NONE', #4352, 250.0000000000000000 ) ;
#8085 = ORIENTED_EDGE ( 'NONE', *, *, #4369, .T. ) ;
#8086 = EDGE_CURVE ( 'NONE', #4091, #6444, #8220, .T. ) ;
#8087 = ORIENTED_EDGE ( 'NONE', *, *, #4863, .F. ) ;
#8088 = VECTOR ( 'NONE', #6634, 1000.000000000000000 ) ;
#8089 = VERTEX_POINT ( 'NONE', #5806 ) ;
#8090 = AXIS2_PLACEMENT_3D ( 'NONE', #9597, #4289, #7357 ) ;
#8091 = LINE ( 'NONE', #2127, #64 ) ;
#8092 = DIRECTION ( 'NONE',  ( 1.000000000000000000, 6.162975822039151993E-33, 1.232595164407830946E-32 ) ) ;
#8093 = EDGE_CURVE ( 'NONE', #5178, #1998, #3509, .T. ) ;
#8094 = DIRECTION ( 'NONE',  ( -0.9281522335464010842, 0.3722007944145563352, 0.000000000000000000 ) ) ;
#8095 = AXIS2_PLACEMENT_3D ( 'NONE', #8816, #8762, #1156 ) ;
#8096 = VERTEX_POINT ( 'NONE', #6571 ) ;
#8097 = VECTOR ( 'NONE', #2751, 1000.000000000000000 ) ;
#8098 = CARTESIAN_POINT ( 'NONE',  ( -3921.569072607348517, 1189.999999999998408, -960.7596123493884761 ) ) ;
#8099 = LINE ( 'NONE', #8001, #181 ) ;
#8100 = DIRECTION ( 'NONE',  ( 1.432545838226008399E-17, 1.000000000000000000, -0.000000000000000000 ) ) ;
#8101 = DIRECTION ( 'NONE',  ( 1.000000000000000000, -0.000000000000000000, 0.000000000000000000 ) ) ;
#8102 = AXIS2_PLACEMENT_3D ( 'NONE', #122, #1832, #4033 ) ;
#8103 = ORIENTED_EDGE ( 'NONE', *, *, #936, .T. ) ;
#8104 = ORIENTED_EDGE ( 'NONE', *, *, #5827, .F. ) ;
#8105 = ORIENTED_EDGE ( 'NONE', *, *, #1476, .T. ) ;
#8106 = PLANE ( 'NONE',  #2992 ) ;
#8107 = EDGE_CURVE ( 'NONE', #350, #3736, #5395, .T. ) ;
#8108 = EDGE_CURVE ( 'NONE', #5425, #3745, #2366, .T. ) ;
#8109 = DIRECTION ( 'NONE',  ( -0.000000000000000000, -1.000000000000000000, -0.000000000000000000 ) ) ;
#8110 = ORIENTED_EDGE ( 'NONE', *, *, #2625, .T. ) ;
#8111 = CARTESIAN_POINT ( 'NONE',  ( -346.4101615137744830, 739.9999999999984084, -1135.000000000000227 ) ) ;
#8112 = PLANE ( 'NONE',  #298 ) ;
#8113 = DIRECTION ( 'NONE',  ( 1.232595164407830672E-32, 2.775557561563032360E-16, -1.000000000000000000 ) ) ;
#8114 = ORIENTED_EDGE ( 'NONE', *, *, #9034, .T. ) ;
#8115 = CARTESIAN_POINT ( 'NONE',  ( -13728.58983848622483, 241.8139511719357131, -960.0000000000002274 ) ) ;
#8116 = FACE_OUTER_BOUND ( 'NONE', #6529, .T. ) ;
#8117 = EDGE_LOOP ( 'NONE', ( #3280, #4194, #5125, #3546 ) ) ;
#8118 = EDGE_LOOP ( 'NONE', ( #3775, #1741, #3472, #7417, #1849, #4400 ) ) ;
#8119 = VECTOR ( 'NONE', #1863, 1000.000000000000000 ) ;
#8120 = ADVANCED_FACE ( 'NONE', ( #4405 ), #3560, .T. ) ;
#8121 = FACE_OUTER_BOUND ( 'NONE', #7855, .T. ) ;
#8122 = ORIENTED_EDGE ( 'NONE', *, *, #17, .F. ) ;
#8123 = CARTESIAN_POINT ( 'NONE',  ( -14156.10001622140953, 732.4719190560189190, -589.9999999999965894 ) ) ;
#8124 = CARTESIAN_POINT ( 'NONE',  ( -4318.749999999996362, 708.0847830052794052, -1135.000000000000227 ) ) ;
#8125 = LINE ( 'NONE', #6618, #1374 ) ;
#8126 = CIRCLE ( 'NONE', #7966, 149.9999999999999147 ) ;
#8127 = FACE_BOUND ( 'NONE', #5219, .T. ) ;
#8128 = FACE_OUTER_BOUND ( 'NONE', #2301, .T. ) ;
#8129 = VERTEX_POINT ( 'NONE', #7471 ) ;
#8130 = PLANE ( 'NONE',  #2667 ) ;
#8131 = AXIS2_PLACEMENT_3D ( 'NONE', #5269, #3061, #8336 ) ;
#8132 = EDGE_CURVE ( 'NONE', #4099, #4870, #1402, .T. ) ;
#8133 = DIRECTION ( 'NONE',  ( 0.000000000000000000, 1.000000000000000000, 5.551115123125784674E-16 ) ) ;
#8134 = CARTESIAN_POINT ( 'NONE',  ( -10244.74851850930827, 1089.999999999998181, -1059.999999999998181 ) ) ;
#8135 = VERTEX_POINT ( 'NONE', #2155 ) ;
#8136 = CIRCLE ( 'NONE', #5086, 250.0000000000000000 ) ;
#8137 = ORIENTED_EDGE ( 'NONE', *, *, #2709, .F. ) ;
#8138 = VERTEX_POINT ( 'NONE', #8266 ) ;
#8139 = EDGE_CURVE ( 'NONE', #7596, #7256, #4460, .T. ) ;
#8140 = ORIENTED_EDGE ( 'NONE', *, *, #6462, .F. ) ;
#8141 = LINE ( 'NONE', #670, #8088 ) ;
#8142 = VECTOR ( 'NONE', #8662, 1000.000000000000000 ) ;
#8143 = CARTESIAN_POINT ( 'NONE',  ( -9959.258274702739072, -989.9999999999993179, -3423.488475815656784 ) ) ;
#8144 = CIRCLE ( 'NONE', #6698, 199.9999999999999432 ) ;
#8145 = DIRECTION ( 'NONE',  ( -1.232595164407830809E-32, 4.930380657631323784E-32, 1.000000000000000000 ) ) ;
#8146 = ITEM_DEFINED_TRANSFORMATION ( 'NONE', 'NONE', #4264,  #6822 ) ;
#8147 = EDGE_LOOP ( 'NONE', ( #8775, #4074, #4159, #3213 ) ) ;
#8148 = CIRCLE ( 'NONE', #4308, 35.00000000000014211 ) ;
#8149 = CARTESIAN_POINT ( 'NONE',  ( -3930.251481490694914, 1089.999999999998181, -1059.999999999999091 ) ) ;
#8150 = CIRCLE ( 'NONE', #4149, 199.9999999999999432 ) ;
#8151 = FACE_OUTER_BOUND ( 'NONE', #5812, .T. ) ;
#8152 = FACE_OUTER_BOUND ( 'NONE', #8147, .T. ) ;
#8153 = EDGE_CURVE ( 'NONE', #5699, #2202, #8916, .T. ) ;
#8154 = FACE_OUTER_BOUND ( 'NONE', #2790, .T. ) ;
#8155 = VERTEX_POINT ( 'NONE', #6006 ) ;
#8156 = ORIENTED_EDGE ( 'NONE', *, *, #6066, .F. ) ;
#8157 = LINE ( 'NONE', #3588, #907 ) ;
#8158 = VECTOR ( 'NONE', #9472, 1000.000000000000000 ) ;
#8159 = EDGE_CURVE ( 'NONE', #1993, #5388, #915, .T. ) ;
#8160 = CARTESIAN_POINT ( 'NONE',  ( -8598.683472959093706, 1189.999999999998181, -759.9999999999997726 ) ) ;
#8161 = ORIENTED_EDGE ( 'NONE', *, *, #8587, .F. ) ;
#8162 = LINE ( 'NONE', #9761, #8298 ) ;
#8163 = ORIENTED_EDGE ( 'NONE', *, *, #9571, .F. ) ;
#8164 = DIRECTION ( 'NONE',  ( -1.232595164407830809E-32, 4.930380657631323784E-32, 1.000000000000000000 ) ) ;
#8165 = DIRECTION ( 'NONE',  ( 1.000000000000000000, 0.000000000000000000, 0.000000000000000000 ) ) ;
#8166 = ORIENTED_EDGE ( 'NONE', *, *, #3246, .F. ) ;
#8167 = CARTESIAN_POINT ( 'NONE',  ( -7362.500000000006366, 739.9999999999979536, -1135.000000000000227 ) ) ;
#8168 = ADVANCED_FACE ( 'NONE', ( #9108 ), #698, .F. ) ;
#8169 = DIRECTION ( 'NONE',  ( 0.000000000000000000, 0.000000000000000000, 1.000000000000000000 ) ) ;
#8170 = EDGE_CURVE ( 'NONE', #501, #2100, #4691, .T. ) ;
#8171 = VERTEX_POINT ( 'NONE', #6246 ) ;
#8172 = ORIENTED_EDGE ( 'NONE', *, *, #4004, .F. ) ;
#8173 = AXIS2_PLACEMENT_3D ( 'NONE', #4956, #1108, #9363 ) ;
#8174 = CARTESIAN_POINT ( 'NONE',  ( -13680.00000000000000, 814.9999999999972715, -517.7941176470590108 ) ) ;
#8175 = DIRECTION ( 'NONE',  ( -6.162975822039157467E-33, 1.000000000000000000, 2.249385511977649118E-16 ) ) ;
#8176 = LINE ( 'NONE', #4360, #4024 ) ;
#8177 = CARTESIAN_POINT ( 'NONE',  ( -11699.99999999998181, 699.9999999999986358, -637.0854464784588345 ) ) ;
#8178 = DIRECTION ( 'NONE',  ( -9.433912312161293108E-33, 0.9581400679044365098, 0.2862998607685335872 ) ) ;
#8179 = LINE ( 'NONE', #9064, #4315 ) ;
#8180 = CARTESIAN_POINT ( 'NONE',  ( -5576.316527040904475, -1190.000000000001137, -660.0000000000010232 ) ) ;
#8181 = ADVANCED_FACE ( 'NONE', ( #9251 ), #4506, .F. ) ;
#8182 = VECTOR ( 'NONE', #340, 1000.000000000000000 ) ;
#8183 = ORIENTED_EDGE ( 'NONE', *, *, #4893, .T. ) ;
#8184 = LINE ( 'NONE', #5813, #2187 ) ;
#8185 = LINE ( 'NONE', #5065, #3035 ) ;
#8186 = LINE ( 'NONE', #7388, #4623 ) ;
#8187 = VECTOR ( 'NONE', #714, 1000.000000000000000 ) ;
#8188 = CARTESIAN_POINT ( 'NONE',  ( -8984.375000000005457, 739.9999999999978400, -960.0000000000002274 ) ) ;
#8189 = ORIENTED_EDGE ( 'NONE', *, *, #769, .F. ) ;
#8190 = EDGE_CURVE ( 'NONE', #946, #5375, #6809, .T. ) ;
#8191 = ORIENTED_EDGE ( 'NONE', *, *, #8218, .F. ) ;
#8192 = ORIENTED_EDGE ( 'NONE', *, *, #7290, .F. ) ;
#8193 = DIRECTION ( 'NONE',  ( 1.483886295880788311E-16, 1.000000000000000000, 0.000000000000000000 ) ) ;
#8194 = CARTESIAN_POINT ( 'NONE',  ( -2350.000000000000455, 1189.999999999998408, -960.0000000000002274 ) ) ;
#8195 = CARTESIAN_POINT ( 'NONE',  ( 620.0000000000000000, 0.000000000000000000, -1060.000000000000000 ) ) ;
#8196 = ORIENTED_EDGE ( 'NONE', *, *, #6562, .T. ) ;
#8197 = CARTESIAN_POINT ( 'NONE',  ( -12100.00000000000182, 1054.999999999997272, -459.9999999999978400 ) ) ;
#8198 = LINE ( 'NONE', #374, #1466 ) ;
#8199 = CARTESIAN_POINT ( 'NONE',  ( -7934.375000000004547, 739.9999999999979536, -960.0000000000000000 ) ) ;
#8200 = CARTESIAN_POINT ( 'NONE',  ( -11661.34256363902023, -1077.499998843224375, -757.0854464784600850 ) ) ;
#8201 = CARTESIAN_POINT ( 'NONE',  ( 620.0000000000000000, -875.0000000000000000, -1060.000000000000000 ) ) ;
#8202 = EDGE_CURVE ( 'NONE', #3860, #1487, #6099, .T. ) ;
#8203 = CARTESIAN_POINT ( 'NONE',  ( -13856.59988046646504, 1077.499998843224375, -757.0854464784597440 ) ) ;
#8204 = VERTEX_POINT ( 'NONE', #5495 ) ;
#8205 = CARTESIAN_POINT ( 'NONE',  ( -6562.499999999994543, -739.9999999999996589, -960.0000000000002274 ) ) ;
#8206 = ORIENTED_EDGE ( 'NONE', *, *, #4830, .F. ) ;
#8207 = DIRECTION ( 'NONE',  ( -6.162975822039157467E-33, 1.000000000000000000, 2.775557561563032360E-16 ) ) ;
#8208 = CARTESIAN_POINT ( 'NONE',  ( -2600.000000000001364, 989.9999999999981810, -960.0000000000002274 ) ) ;
#8209 = ORIENTED_EDGE ( 'NONE', *, *, #623, .F. ) ;
#8210 = CARTESIAN_POINT ( 'NONE',  ( -3921.569072607348517, 5431.508564030776142, -960.7596123493884761 ) ) ;
#8211 = CARTESIAN_POINT ( 'NONE',  ( -14299.99999999999818, 1970.627566330085529, -306.2059048389982081 ) ) ;
#8212 = ORIENTED_EDGE ( 'NONE', *, *, #5116, .F. ) ;
#8213 = ORIENTED_EDGE ( 'NONE', *, *, #7114, .F. ) ;
#8214 = ORIENTED_EDGE ( 'NONE', *, *, #3677, .F. ) ;
#8215 = CIRCLE ( 'NONE', #6120, 99.99999999999964473 ) ;
#8216 = SURFACE_STYLE_USAGE ( .BOTH. , #546 ) ;
#8217 = DIRECTION ( 'NONE',  ( 0.000000000000000000, -2.413528314402513597E-16, 1.000000000000000000 ) ) ;
#8218 = EDGE_CURVE ( 'NONE', #6129, #9672, #5394, .T. ) ;
#8219 = CARTESIAN_POINT ( 'NONE',  ( -13250.00000000000000, 190.0000000000006821, -623.7872381793326895 ) ) ;
#8220 = LINE ( 'NONE', #458, #5719 ) ;
#8221 = ORIENTED_EDGE ( 'NONE', *, *, #9708, .T. ) ;
#8222 = DIRECTION ( 'NONE',  ( -0.000000000000000000, 0.000000000000000000, 1.000000000000000000 ) ) ;
#8223 = DIRECTION ( 'NONE',  ( 6.162975822039157467E-33, -1.000000000000000000, -2.775557561563032360E-16 ) ) ;
#8224 = ORIENTED_EDGE ( 'NONE', *, *, #9268, .T. ) ;
#8225 = CARTESIAN_POINT ( 'NONE',  ( -5576.316527040902656, 5431.508564030776142, -760.0000000000010232 ) ) ;
#8226 = EDGE_LOOP ( 'NONE', ( #6392, #3538, #6607, #474 ) ) ;
#8227 = CARTESIAN_POINT ( 'NONE',  ( -11501.56891704290865, -725.0021062409357455, -757.0854464784603124 ) ) ;
#8228 = EDGE_CURVE ( 'NONE', #4482, #2449, #6953, .T. ) ;
#8229 = EDGE_CURVE ( 'NONE', #8628, #8135, #9155, .T. ) ;
#8230 = DIRECTION ( 'NONE',  ( -6.162975822039157467E-33, 1.000000000000000000, 2.249385511977649118E-16 ) ) ;
#8231 = DIRECTION ( 'NONE',  ( 0.000000000000000000, 0.000000000000000000, 1.000000000000000000 ) ) ;
#8232 = VERTEX_POINT ( 'NONE', #8363 ) ;
#8233 = VERTEX_POINT ( 'NONE', #84 ) ;
#8234 = DIRECTION ( 'NONE',  ( -0.000000000000000000, 1.000000000000000000, -0.000000000000000000 ) ) ;
#8235 = FACE_OUTER_BOUND ( 'NONE', #4649, .T. ) ;
#8236 = CARTESIAN_POINT ( 'NONE',  ( -2825.068018844486232, -989.9999999999992042, -960.0000000000000000 ) ) ;
#8237 = EDGE_CURVE ( 'NONE', #3443, #587, #1598, .T. ) ;
#8238 = FACE_OUTER_BOUND ( 'NONE', #8603, .T. ) ;
#8239 = PRODUCT_CONTEXT ( 'NONE', #382, 'mechanical' ) ;
#8240 = ORIENTED_EDGE ( 'NONE', *, *, #4426, .T. ) ;
#8241 = AXIS2_PLACEMENT_3D ( 'NONE', #3559, #1958, #1309 ) ;
#8242 = VECTOR ( 'NONE', #4675, 1000.000000000000000 ) ;
#8243 = DIRECTION ( 'NONE',  ( 1.000000000000000000, 6.162975822039151993E-33, 1.232595164407830946E-32 ) ) ;
#8244 = LINE ( 'NONE', #9036, #4022 ) ;
#8245 = DIRECTION ( 'NONE',  ( -0.000000000000000000, -0.000000000000000000, -1.000000000000000000 ) ) ;
#8246 = CARTESIAN_POINT ( 'NONE',  ( -11499.99999999997999, -190.0000000000008242, -350.9999999999987494 ) ) ;
#8247 = CIRCLE ( 'NONE', #8885, 149.9999999999999147 ) ;
#8248 = LINE ( 'NONE', #1387, #106 ) ;
#8249 = AXIS2_PLACEMENT_3D ( 'NONE', #3821, #6885, #3063 ) ;
#8250 = AXIS2_PLACEMENT_3D ( 'NONE', #5031, #8101, #1236 ) ;
#8251 = CARTESIAN_POINT ( 'NONE',  ( -13899.99999999999818, 1054.999999999997499, -919.9999999999979536 ) ) ;
#8252 = VERTEX_POINT ( 'NONE', #7758 ) ;
#8253 = CIRCLE ( 'NONE', #3917, 99.99999999999997158 ) ;
#8254 = VERTEX_POINT ( 'NONE', #4648 ) ;
#8255 = CARTESIAN_POINT ( 'NONE',  ( -346.4101615137744830, -739.9999999999984084, -960.0000000000000000 ) ) ;
#8256 = DIRECTION ( 'NONE',  ( 0.000000000000000000, -0.000000000000000000, -1.000000000000000000 ) ) ;
#8257 = VECTOR ( 'NONE', #4084, 1000.000000000000000 ) ;
#8258 = DIRECTION ( 'NONE',  ( 1.232595164407830672E-32, 2.775557561563032360E-16, -1.000000000000000000 ) ) ;
#8259 = CARTESIAN_POINT ( 'NONE',  ( -12244.99999999992906, -1077.499998843224375, -860.0000000000231921 ) ) ;
#8260 = ORIENTED_EDGE ( 'NONE', *, *, #9736, .T. ) ;
#8261 = EDGE_CURVE ( 'NONE', #7306, #4276, #3086, .T. ) ;
#8262 = ORIENTED_EDGE ( 'NONE', *, *, #7366, .F. ) ;
#8263 = CARTESIAN_POINT ( 'NONE',  ( -12225.00000000000182, 341.8139511719356847, -1135.000000000000227 ) ) ;
#8264 = LINE ( 'NONE', #6003, #1688 ) ;
#8265 = CARTESIAN_POINT ( 'NONE',  ( -14175.00000000000000, 875.0000000000000000, -1060.000000000000000 ) ) ;
#8266 = CARTESIAN_POINT ( 'NONE',  ( -6812.499999999994543, 739.9999999999979536, -1135.000000000000227 ) ) ;
#8267 = EDGE_CURVE ( 'NONE', #9848, #6219, #3941, .T. ) ;
#8268 = ORIENTED_EDGE ( 'NONE', *, *, #1919, .F. ) ;
#8269 = DIRECTION ( 'NONE',  ( 1.000000000000000000, 0.000000000000000000, 0.000000000000000000 ) ) ;
#8270 = CARTESIAN_POINT ( 'NONE',  ( -8734.375000000005457, 739.9999999999979536, -960.0000000000002274 ) ) ;
#8271 = VECTOR ( 'NONE', #4844, 1000.000000000000000 ) ;
#8272 = EDGE_CURVE ( 'NONE', #5312, #8155, #8409, .T. ) ;
#8273 = ADVANCED_FACE ( 'NONE', ( #3797 ), #1540, .T. ) ;
#8274 = ORIENTED_EDGE ( 'NONE', *, *, #127, .T. ) ;
#8275 = CARTESIAN_POINT ( 'NONE',  ( -14156.10001622140953, 278.9021535255452022, -725.0000000000052296 ) ) ;
#8276 = ORIENTED_EDGE ( 'NONE', *, *, #8655, .F. ) ;
#8277 = AXIS2_PLACEMENT_3D ( 'NONE', #8300, #1435, #681 ) ;
#8278 = EDGE_CURVE ( 'NONE', #8529, #7309, #6378, .T. ) ;
#8279 = CARTESIAN_POINT ( 'NONE',  ( -6562.499999999994543, 739.9999999999979536, -3423.488475815656784 ) ) ;
#8280 = LINE ( 'NONE', #1504, #8405 ) ;
#8281 = ORIENTED_EDGE ( 'NONE', *, *, #5706, .T. ) ;
#8282 = EDGE_CURVE ( 'NONE', #7620, #6474, #9417, .T. ) ;
#8283 = AXIS2_PLACEMENT_3D ( 'NONE', #9500, #4990, #1242 ) ;
#8284 = ADVANCED_FACE ( 'NONE', ( #2445 ), #3044, .F. ) ;
#8285 = ORIENTED_EDGE ( 'NONE', *, *, #7, .T. ) ;
#8286 = CARTESIAN_POINT ( 'NONE',  ( -6812.499999999994543, -739.9999999999997726, -1135.000000000000227 ) ) ;
#8287 = CARTESIAN_POINT ( 'NONE',  ( -6812.499999999994543, -739.9999999999997726, -3423.488475815656784 ) ) ;
#8288 = DIRECTION ( 'NONE',  ( 0.000000000000000000, 0.000000000000000000, 1.000000000000000000 ) ) ;
#8289 = DIRECTION ( 'NONE',  ( 1.879742687196032133E-16, -1.000000000000000000, -0.000000000000000000 ) ) ;
#8290 = VECTOR ( 'NONE', #8818, 1000.000000000000000 ) ;
#8291 = ORIENTED_EDGE ( 'NONE', *, *, #8159, .F. ) ;
#8292 = AXIS2_PLACEMENT_3D ( 'NONE', #4570, #5470, #813 ) ;
#8293 = CARTESIAN_POINT ( 'NONE',  ( -11499.99999999997999, -699.9999999999986358, -623.2943698956134995 ) ) ;
#8294 = LINE ( 'NONE', #9796, #3951 ) ;
#8295 = CARTESIAN_POINT ( 'NONE',  ( -13856.59988046646504, 278.9021535255452022, -623.7872381793326895 ) ) ;
#8296 = AXIS2_PLACEMENT_3D ( 'NONE', #8854, #3595, #2699 ) ;
#8297 = ADVANCED_FACE ( 'NONE', ( #7164 ), #1097, .F. ) ;
#8298 = VECTOR ( 'NONE', #3592, 1000.000000000000000 ) ;
#8299 = ORIENTED_EDGE ( 'NONE', *, *, #6028, .T. ) ;
#8300 = CARTESIAN_POINT ( 'NONE',  ( -11353.31954216210215, -1.387778780781445676E-13, -3423.488475815656784 ) ) ;
#8301 = AXIS2_PLACEMENT_3D ( 'NONE', #8197, #7399, #2681 ) ;
#8302 = DIRECTION ( 'NONE',  ( 1.000000000000000000, 0.000000000000000000, 0.000000000000000000 ) ) ;
#8303 = CIRCLE ( 'NONE', #3328, 100.0000000000000853 ) ;
#8304 = EDGE_LOOP ( 'NONE', ( #1970, #1176, #3832, #9253, #8851, #8960, #8035, #9204 ) ) ;
#8305 = ORIENTED_EDGE ( 'NONE', *, *, #2774, .F. ) ;
#8306 = AXIS2_PLACEMENT_3D ( 'NONE', #9632, #4069, #8634 ) ;
#8307 = DIRECTION ( 'NONE',  ( 1.232595164407830672E-32, 2.775557561563032360E-16, -1.000000000000000000 ) ) ;
#8308 = DIRECTION ( 'NONE',  ( 0.000000000000000000, -2.413528314402513597E-16, 1.000000000000000000 ) ) ;
#8309 = CARTESIAN_POINT ( 'NONE',  ( -11825.00000000000182, 1189.999999999998408, -960.0000000000002274 ) ) ;
#8310 = PLANE ( 'NONE',  #7454 ) ;
#8311 = EDGE_CURVE ( 'NONE', #7427, #9680, #5547, .T. ) ;
#8312 = ORIENTED_EDGE ( 'NONE', *, *, #6510, .F. ) ;
#8313 = VECTOR ( 'NONE', #202, 1000.000000000000000 ) ;
#8314 = ORIENTED_EDGE ( 'NONE', *, *, #3542, .T. ) ;
#8315 = VERTEX_POINT ( 'NONE', #993 ) ;
#8316 = DIRECTION ( 'NONE',  ( -0.9281522335464009732, -0.3722007944145567793, 0.000000000000000000 ) ) ;
#8317 = CARTESIAN_POINT ( 'NONE',  ( -9640.572538960632301, -1190.000000000001137, -751.1534819267441208 ) ) ;
#8318 = CARTESIAN_POINT ( 'NONE',  ( 0.000000000000000000, 875.0000000000000000, -910.0000000000001137 ) ) ;
#8319 = DIRECTION ( 'NONE',  ( 0.000000000000000000, 1.000000000000000000, 0.000000000000000000 ) ) ;
#8320 = ADVANCED_FACE ( 'NONE', ( #4799 ), #8753, .F. ) ;
#8321 = ORIENTED_EDGE ( 'NONE', *, *, #7748, .T. ) ;
#8322 = CARTESIAN_POINT ( 'NONE',  ( -11699.99999999998181, 899.9999999999986358, -763.9017955139171363 ) ) ;
#8323 = CARTESIAN_POINT ( 'NONE',  ( -13899.99999999999818, 679.9999999999979536, -459.9999999999979536 ) ) ;
#8324 = CIRCLE ( 'NONE', #3997, 199.9999999999999432 ) ;
#8325 = FACE_OUTER_BOUND ( 'NONE', #9907, .T. ) ;
#8326 = ORIENTED_EDGE ( 'NONE', *, *, #83, .F. ) ;
#8327 = DIRECTION ( 'NONE',  ( 1.000000000000000000, 6.162975822039151993E-33, 1.232595164407830946E-32 ) ) ;
#8328 = DIRECTION ( 'NONE',  ( 0.000000000000000000, 0.000000000000000000, 1.000000000000000000 ) ) ;
#8329 = EDGE_CURVE ( 'NONE', #2853, #1816, #6353, .T. ) ;
#8330 = DIRECTION ( 'NONE',  ( 1.000000000000000000, 0.000000000000000000, 0.000000000000000000 ) ) ;
#8331 = VECTOR ( 'NONE', #5912, 1000.000000000000000 ) ;
#8332 = ORIENTED_EDGE ( 'NONE', *, *, #3066, .F. ) ;
#8333 = PRODUCT_DEFINITION_CONTEXT ( 'detailed design', #4610, 'design' ) ;
#8334 = ORIENTED_EDGE ( 'NONE', *, *, #4902, .F. ) ;
#8335 = VERTEX_POINT ( 'NONE', #9349 ) ;
#8336 = DIRECTION ( 'NONE',  ( 0.000000000000000000, 0.000000000000000000, 1.000000000000000000 ) ) ;
#8337 = AXIS2_PLACEMENT_3D ( 'NONE', #4523, #2880, #5225 ) ;
#8338 = DIRECTION ( 'NONE',  ( -1.432545838226008708E-17, -1.000000000000000000, 0.000000000000000000 ) ) ;
#8339 = FACE_OUTER_BOUND ( 'NONE', #2518, .T. ) ;
#8340 = CARTESIAN_POINT ( 'NONE',  ( -7612.500000000006366, 739.9999999999979536, -960.0000000000002274 ) ) ;
#8341 = EDGE_CURVE ( 'NONE', #4806, #6871, #7181, .T. ) ;
#8342 = VERTEX_POINT ( 'NONE', #2499 ) ;
#8343 = ADVANCED_FACE ( 'NONE', ( #4849 ), #7109, .T. ) ;
#8344 = CARTESIAN_POINT ( 'NONE',  ( -10244.74851850930827, -1089.999999999998181, -1009.999999999998181 ) ) ;
#8345 = DIRECTION ( 'NONE',  ( -0.9848077530122092416, 0.000000000000000000, 0.1736481776669237531 ) ) ;
#8346 = EDGE_CURVE ( 'NONE', #1715, #6318, #7863, .T. ) ;
#8347 = ORIENTED_EDGE ( 'NONE', *, *, #6261, .F. ) ;
#8348 = EDGE_CURVE ( 'NONE', #1391, #1827, #8704, .T. ) ;
#8349 = VECTOR ( 'NONE', #3149, 1000.000000000000114 ) ;
#8350 = ORIENTED_EDGE ( 'NONE', *, *, #9299, .T. ) ;
#8351 = CARTESIAN_POINT ( 'NONE',  ( -12244.99999999992906, 899.9999999999986358, -860.0000000000226237 ) ) ;
#8352 = CARTESIAN_POINT ( 'NONE',  ( -14175.00000000000000, 1189.999999999997499, -960.0000000000002274 ) ) ;
#8353 = DIRECTION ( 'NONE',  ( -0.000000000000000000, 0.000000000000000000, -1.000000000000000000 ) ) ;
#8354 = CYLINDRICAL_SURFACE ( 'NONE', #6971, 6000.000000000000000 ) ;
#8355 = DIRECTION ( 'NONE',  ( 1.000000000000000000, 0.000000000000000000, 0.000000000000000000 ) ) ;
#8356 = VERTEX_POINT ( 'NONE', #6407 ) ;
#8357 = VERTEX_POINT ( 'NONE', #1148 ) ;
#8358 = ORIENTED_EDGE ( 'NONE', *, *, #7919, .F. ) ;
#8359 = CARTESIAN_POINT ( 'NONE',  ( -11499.99999999998181, 715.8858524671088617, -627.9459428346824552 ) ) ;
#8360 = DIRECTION ( 'NONE',  ( -1.000000000000000000, -6.265808957320107111E-17, 1.930822651522010828E-16 ) ) ;
#8361 = DIRECTION ( 'NONE',  ( 0.000000000000000000, -0.000000000000000000, -1.000000000000000000 ) ) ;
#8362 = EDGE_CURVE ( 'NONE', #7036, #8357, #9461, .T. ) ;
#8363 = CARTESIAN_POINT ( 'NONE',  ( -12500.00000000000182, -899.9999999999986358, -637.0854464784594029 ) ) ;
#8364 = AXIS2_PLACEMENT_3D ( 'NONE', #6876, #7773, #7625 ) ;
#8365 = AXIS2_PLACEMENT_3D ( 'NONE', #2540, #5587, #4733 ) ;
#8366 = CARTESIAN_POINT ( 'NONE',  ( -4618.749999999996362, 739.9999999999980673, -1135.000000000000227 ) ) ;
#8367 = DIRECTION ( 'NONE',  ( 2.450878090891695175E-33, -0.9597039290011752932, 0.2810131111882628319 ) ) ;
#8368 = VERTEX_POINT ( 'NONE', #4199 ) ;
#8369 = CARTESIAN_POINT ( 'NONE',  ( -9623.207721193939506, 1189.999999999998181, -849.6342572279646674 ) ) ;
#8370 = ORIENTED_EDGE ( 'NONE', *, *, #8874, .F. ) ;
#8371 = DIRECTION ( 'NONE',  ( -1.483886295880788311E-16, -1.000000000000000000, 0.000000000000000000 ) ) ;
#8372 = AXIS2_PLACEMENT_3D ( 'NONE', #6468, #5010, #4963 ) ;
#8373 = CARTESIAN_POINT ( 'NONE',  ( -12244.99999999992906, -899.9999999999986358, -860.0000000000231921 ) ) ;
#8374 = CARTESIAN_POINT ( 'NONE',  ( -13000.00000000000000, 454.0705533836913332, -860.0000000000227374 ) ) ;
#8375 = VERTEX_POINT ( 'NONE', #1751 ) ;
#8376 = ORIENTED_EDGE ( 'NONE', *, *, #5582, .T. ) ;
#8377 = EDGE_CURVE ( 'NONE', #5554, #363, #9504, .T. ) ;
#8378 = VERTEX_POINT ( 'NONE', #235 ) ;
#8379 = LINE ( 'NONE', #762, #7640 ) ;
#8380 = DIRECTION ( 'NONE',  ( 0.000000000000000000, -0.000000000000000000, 1.000000000000000000 ) ) ;
#8381 = CARTESIAN_POINT ( 'NONE',  ( -346.4101615137744830, -739.9999999999984084, -1135.000000000000227 ) ) ;
#8382 = PLANE ( 'NONE',  #3820 ) ;
#8383 = ORIENTED_EDGE ( 'NONE', *, *, #9681, .F. ) ;
#8384 = EDGE_CURVE ( 'NONE', #4126, #8880, #387, .T. ) ;
#8385 = DIRECTION ( 'NONE',  ( 1.000000000000000000, 6.162975822039151993E-33, 1.232595164407830946E-32 ) ) ;
#8386 = CIRCLE ( 'NONE', #2308, 199.9999999999999432 ) ;
#8387 = EDGE_CURVE ( 'NONE', #4403, #8529, #3996, .T. ) ;
#8388 = DIRECTION ( 'NONE',  ( -0.000000000000000000, 0.000000000000000000, -1.000000000000000000 ) ) ;
#8389 = PLANE ( 'NONE',  #5216 ) ;
#8390 = AXIS2_PLACEMENT_3D ( 'NONE', #3529, #6590, #1932 ) ;
#8391 = ORIENTED_EDGE ( 'NONE', *, *, #2828, .F. ) ;
#8392 = ORIENTED_EDGE ( 'NONE', *, *, #7977, .F. ) ;
#8393 = CARTESIAN_POINT ( 'NONE',  ( -346.4101615137745398, 989.9999999999984084, -3423.488475815656784 ) ) ;
#8394 = FACE_OUTER_BOUND ( 'NONE', #5572, .T. ) ;
#8395 = DIRECTION ( 'NONE',  ( 1.000000000000000000, 0.000000000000000000, 0.000000000000000000 ) ) ;
#8396 = CARTESIAN_POINT ( 'NONE',  ( 0.000000000000000000, -1189.999999999998408, -1160.000000000000227 ) ) ;
#8397 = CARTESIAN_POINT ( 'NONE',  ( 0.000000000000000000, 0.000000000000000000, -1135.000000000000227 ) ) ;
#8398 = ORIENTED_EDGE ( 'NONE', *, *, #9000, .F. ) ;
#8399 = ORIENTED_EDGE ( 'NONE', *, *, #2326, .F. ) ;
#8400 = ADVANCED_FACE ( 'NONE', ( #185 ), #3234, .F. ) ;
#8401 = AXIS2_PLACEMENT_3D ( 'NONE', #9884, #3021, #2270 ) ;
#8402 = VERTEX_POINT ( 'NONE', #343 ) ;
#8403 = EDGE_CURVE ( 'NONE', #5236, #4833, #6299, .T. ) ;
#8404 = AXIS2_PLACEMENT_3D ( 'NONE', #7402, #1334, #1385 ) ;
#8405 = VECTOR ( 'NONE', #3573, 1000.000000000000000 ) ;
#8406 = FACE_OUTER_BOUND ( 'NONE', #1776, .T. ) ;
#8407 = CARTESIAN_POINT ( 'NONE',  ( -5440.624999999995453, 739.9999999999980673, -3423.488475815656784 ) ) ;
#8408 = CARTESIAN_POINT ( 'NONE',  ( -11499.99999999997999, -295.9385695031828050, -504.9802145985046309 ) ) ;
#8409 = LINE ( 'NONE', #5297, #3159 ) ;
#8410 = CIRCLE ( 'NONE', #6161, 79.99999999999990052 ) ;
#8411 = VECTOR ( 'NONE', #7004, 1000.000000000000114 ) ;
#8412 = EDGE_LOOP ( 'NONE', ( #7318, #7548, #8474, #8635 ) ) ;
#8413 = ORIENTED_EDGE ( 'NONE', *, *, #5456, .F. ) ;
#8414 = CARTESIAN_POINT ( 'NONE',  ( -14795.00000000000000, -875.0000000000000000, -1060.000000000000000 ) ) ;
#8415 = PLANE ( 'NONE',  #5105 ) ;
#8416 = ORIENTED_EDGE ( 'NONE', *, *, #2412, .F. ) ;
#8417 = EDGE_CURVE ( 'NONE', #7077, #1203, #3394, .T. ) ;
#8418 = EDGE_LOOP ( 'NONE', ( #2291, #2626, #4730, #4970, #7069, #4932, #7284, #2733, #6973, #5631, #4541, #8613 ) ) ;
#8419 = DIRECTION ( 'NONE',  ( 1.232595164407830672E-32, 2.775557561563032360E-16, -1.000000000000000000 ) ) ;
#8420 = PRESENTATION_LAYER_ASSIGNMENT (  '', '', ( #6336 ) ) ;
#8421 = LINE ( 'NONE', #44, #3959 ) ;
#8422 = ORIENTED_EDGE ( 'NONE', *, *, #7617, .T. ) ;
#8423 = CARTESIAN_POINT ( 'NONE',  ( 0.000000000000000000, 0.000000000000000000, -960.0000000000002274 ) ) ;
#8424 = ORIENTED_EDGE ( 'NONE', *, *, #4259, .F. ) ;
#8425 = LINE ( 'NONE', #1557, #4775 ) ;
#8426 = ORIENTED_EDGE ( 'NONE', *, *, #2102, .F. ) ;
#8427 = ADVANCED_FACE ( 'NONE', ( #1696, #8609 ), #8805, .F. ) ;
#8428 = VERTEX_POINT ( 'NONE', #2095 ) ;
#8429 = ORIENTED_EDGE ( 'NONE', *, *, #9681, .T. ) ;
#8430 = LINE ( 'NONE', #3207, #6035 ) ;
#8431 = AXIS2_PLACEMENT_3D ( 'NONE', #180, #3005, #9114 ) ;
#8432 = DIRECTION ( 'NONE',  ( 0.000000000000000000, 1.000000000000000000, 2.775557561562891351E-16 ) ) ;
#8433 = CYLINDRICAL_SURFACE ( 'NONE', #3914, 250.0000000000000000 ) ;
#8434 = DIRECTION ( 'NONE',  ( 1.232595164407830672E-32, 2.775557561563032360E-16, -1.000000000000000000 ) ) ;
#8435 = CIRCLE ( 'NONE', #7636, 79.99999999999990052 ) ;
#8436 = EDGE_LOOP ( 'NONE', ( #8305, #4063, #190, #1457 ) ) ;
#8437 = ADVANCED_FACE ( 'NONE', ( #5793 ), #5094, .T. ) ;
#8438 = AXIS2_PLACEMENT_3D ( 'NONE', #323, #8787, #9588 ) ;
#8439 = LINE ( 'NONE', #6784, #1411 ) ;
#8440 = VERTEX_POINT ( 'NONE', #7315 ) ;
#8441 = CARTESIAN_POINT ( 'NONE',  ( -13899.99999999999818, 1054.999999999997272, -379.9999999999978968 ) ) ;
#8442 = AXIS2_PLACEMENT_3D ( 'NONE', #1056, #7276, #7974 ) ;
#8443 = CIRCLE ( 'NONE', #759, 460.0000000000000000 ) ;
#8444 = ORIENTED_EDGE ( 'NONE', *, *, #8520, .T. ) ;
#8445 = ORIENTED_EDGE ( 'NONE', *, *, #7513, .T. ) ;
#8446 = EDGE_CURVE ( 'NONE', #7605, #5142, #8162, .T. ) ;
#8447 = FACE_OUTER_BOUND ( 'NONE', #2292, .T. ) ;
#8448 = CARTESIAN_POINT ( 'NONE',  ( -8598.683472959093706, -1089.999999999998181, -759.9999999999997726 ) ) ;
#8449 = VECTOR ( 'NONE', #6558, 1000.000000000000000 ) ;
#8450 = LINE ( 'NONE', #4347, #1095 ) ;
#8451 = CARTESIAN_POINT ( 'NONE',  ( -4534.427461039364061, 1189.999999999998408, -751.1534819267453713 ) ) ;
#8452 = VECTOR ( 'NONE', #7409, 1000.000000000000000 ) ;
#8453 = PLANE ( 'NONE',  #3115 ) ;
#8454 = ORIENTED_EDGE ( 'NONE', *, *, #6319, .T. ) ;
#8455 = ORIENTED_EDGE ( 'NONE', *, *, #5159, .F. ) ;
#8456 = EDGE_LOOP ( 'NONE', ( #5152, #5398, #8838, #2369 ) ) ;
#8457 = ORIENTED_EDGE ( 'NONE', *, *, #5609, .F. ) ;
#8458 = EDGE_CURVE ( 'NONE', #5872, #8204, #2858, .T. ) ;
#8459 = VECTOR ( 'NONE', #827, 1000.000000000000114 ) ;
#8460 = LINE ( 'NONE', #3886, #2 ) ;
#8461 = DIRECTION ( 'NONE',  ( 0.000000000000000000, -0.000000000000000000, -1.000000000000000000 ) ) ;
#8462 = AXIS2_PLACEMENT_3D ( 'NONE', #3111, #8537, #5424 ) ;
#8463 = DIRECTION ( 'NONE',  ( -6.162975822039157467E-33, 1.000000000000000000, 2.775557561563032360E-16 ) ) ;
#8464 = DIRECTION ( 'NONE',  ( 0.000000000000000000, -1.000000000000000000, -5.551115123125782702E-16 ) ) ;
#8465 = EDGE_CURVE ( 'NONE', #589, #7998, #1417, .T. ) ;
#8466 = ORIENTED_EDGE ( 'NONE', *, *, #6193, .F. ) ;
#8467 = ORIENTED_EDGE ( 'NONE', *, *, #5500, .T. ) ;
#8468 = EDGE_CURVE ( 'NONE', #9112, #2568, #3493, .T. ) ;
#8469 = VECTOR ( 'NONE', #873, 1000.000000000000000 ) ;
#8470 = EDGE_LOOP ( 'NONE', ( #7242, #2491, #4857, #2634 ) ) ;
#8471 = DIRECTION ( 'NONE',  ( 1.000000000000000000, 0.000000000000000000, 0.000000000000000000 ) ) ;
#8472 = CARTESIAN_POINT ( 'NONE',  ( -11700.00000000000182, -814.9999999999974989, -637.0854464784592892 ) ) ;
#8473 = AXIS2_PLACEMENT_3D ( 'NONE', #701, #8566, #3139 ) ;
#8474 = ORIENTED_EDGE ( 'NONE', *, *, #5759, .T. ) ;
#8475 = ORIENTED_EDGE ( 'NONE', *, *, #6189, .F. ) ;
#8476 = LINE ( 'NONE', #6108, #8796 ) ;
#8477 = DIRECTION ( 'NONE',  ( -6.162975822039156098E-33, 1.000000000000000000, 2.775557561563032360E-16 ) ) ;
#8478 = DIRECTION ( 'NONE',  ( -1.009738721157118013E-32, -0.2810131111882634425, 0.9597039290011751822 ) ) ;
#8479 = ADVANCED_FACE ( 'NONE', ( #9654 ), #9705, .T. ) ;
#8480 = CARTESIAN_POINT ( 'NONE',  ( -12325.00000000000182, 241.8139511719357131, -1135.000000000000227 ) ) ;
#8481 = DIRECTION ( 'NONE',  ( -0.000000000000000000, 0.000000000000000000, 1.000000000000000000 ) ) ;
#8482 = ORIENTED_EDGE ( 'NONE', *, *, #745, .T. ) ;
#8483 = ORIENTED_EDGE ( 'NONE', *, *, #6205, .T. ) ;
#8484 = VERTEX_POINT ( 'NONE', #1196 ) ;
#8485 = CARTESIAN_POINT ( 'NONE',  ( -7362.500000000006366, 989.9999999999984084, -1135.000000000000227 ) ) ;
#8486 = CARTESIAN_POINT ( 'NONE',  ( -11687.77992055854520, 296.8409399909894546, -960.0000000000009095 ) ) ;
#8487 = LINE ( 'NONE', #1957, #4078 ) ;
#8488 = CARTESIAN_POINT ( 'NONE',  ( -9856.250000000005457, 708.0847830052794052, -960.0000000000002274 ) ) ;
#8489 = VECTOR ( 'NONE', #5107, 1000.000000000000000 ) ;
#8490 = ORIENTED_EDGE ( 'NONE', *, *, #3808, .F. ) ;
#8491 = ADVANCED_FACE ( 'NONE', ( #1246 ), #1948, .T. ) ;
#8492 = LINE ( 'NONE', #2976, #6363 ) ;
#8493 = DIRECTION ( 'NONE',  ( 1.000000000000000000, 2.775557561562888984E-15, 0.000000000000000000 ) ) ;
#8494 = DIRECTION ( 'NONE',  ( 1.000000000000000000, 6.162975822039151993E-33, 1.232595164407830946E-32 ) ) ;
#8495 = PRESENTATION_STYLE_ASSIGNMENT (( #5431 ) ) ;
#8496 = ORIENTED_EDGE ( 'NONE', *, *, #9582, .F. ) ;
#8497 = AXIS2_PLACEMENT_3D ( 'NONE', #6075, #5367, #8432 ) ;
#8498 = ORIENTED_EDGE ( 'NONE', *, *, #5946, .F. ) ;
#8499 = CARTESIAN_POINT ( 'NONE',  ( -12325.00000000000182, 341.8139511719356847, -1135.000000000000227 ) ) ;
#8500 = DIRECTION ( 'NONE',  ( -1.357444726501364007E-32, 0.2862998607685330321, 0.9581400679044367319 ) ) ;
#8501 = CARTESIAN_POINT ( 'NONE',  ( 0.000000000000000000, 0.000000000000000000, -1135.000000000000227 ) ) ;
#8502 = CYLINDRICAL_SURFACE ( 'NONE', #2973, 6000.000000000000000 ) ;
#8503 = DIRECTION ( 'NONE',  ( -0.000000000000000000, 0.000000000000000000, 1.000000000000000000 ) ) ;
#8504 = ORIENTED_EDGE ( 'NONE', *, *, #3095, .T. ) ;
#8505 = ORIENTED_EDGE ( 'NONE', *, *, #6308, .T. ) ;
#8506 = VERTEX_POINT ( 'NONE', #1295 ) ;
#8507 = ORIENTED_EDGE ( 'NONE', *, *, #1227, .F. ) ;
#8508 = EDGE_CURVE ( 'NONE', #7467, #6791, #2791, .T. ) ;
#8509 = PLANE ( 'NONE',  #806 ) ;
#8510 = LINE ( 'NONE', #836, #1202 ) ;
#8511 = LINE ( 'NONE', #4690, #5512 ) ;
#8512 = DIRECTION ( 'NONE',  ( -6.162975822038967936E-33, 1.000000000000000000, -1.510372559762204329E-14 ) ) ;
#8513 = ORIENTED_EDGE ( 'NONE', *, *, #709, .F. ) ;
#8514 = ORIENTED_EDGE ( 'NONE', *, *, #7551, .T. ) ;
#8515 = EDGE_CURVE ( 'NONE', #4091, #3673, #6556, .T. ) ;
#8516 = ORIENTED_EDGE ( 'NONE', *, *, #8417, .T. ) ;
#8517 = LINE ( 'NONE', #4696, #9203 ) ;
#8518 = CARTESIAN_POINT ( 'NONE',  ( -7612.500000000006366, -739.9999999999997726, -3423.488475815656784 ) ) ;
#8519 = ORIENTED_EDGE ( 'NONE', *, *, #3568, .T. ) ;
#8520 = EDGE_CURVE ( 'NONE', #2749, #2772, #7348, .T. ) ;
#8521 = ORIENTED_EDGE ( 'NONE', *, *, #7238, .F. ) ;
#8522 = VECTOR ( 'NONE', #6420, 1000.000000000000000 ) ;
#8523 = CARTESIAN_POINT ( 'NONE',  ( -9640.572538960632301, -990.0000000000002274, -751.1534819267441208 ) ) ;
#8524 = CARTESIAN_POINT ( 'NONE',  ( -10244.74851850930827, -1189.999999999998181, -1059.999999999998181 ) ) ;
#8525 = VECTOR ( 'NONE', #3329, 1000.000000000000000 ) ;
#8526 = DIRECTION ( 'NONE',  ( -0.000000000000000000, 0.000000000000000000, 1.000000000000000000 ) ) ;
#8527 = DIRECTION ( 'NONE',  ( 1.000000000000000000, 0.000000000000000000, 0.000000000000000000 ) ) ;
#8528 = DIRECTION ( 'NONE',  ( 1.000000000000000000, -0.000000000000000000, 0.000000000000000000 ) ) ;
#8529 = VERTEX_POINT ( 'NONE', #8852 ) ;
#8530 = ORIENTED_EDGE ( 'NONE', *, *, #5308, .T. ) ;
#8531 = ORIENTED_EDGE ( 'NONE', *, *, #554, .T. ) ;
#8532 = EDGE_CURVE ( 'NONE', #1464, #5171, #5898, .T. ) ;
#8533 = CARTESIAN_POINT ( 'NONE',  ( -14588.56810139493791, 278.9021535255452022, -623.7872381793326895 ) ) ;
#8534 = EDGE_CURVE ( 'NONE', #1542, #4870, #4388, .T. ) ;
#8535 = CARTESIAN_POINT ( 'NONE',  ( -11661.34256363902387, 1077.499998843224375, -757.0854464784597440 ) ) ;
#8536 = CARTESIAN_POINT ( 'NONE',  ( -11700.00000000000182, -1970.627566330085756, -637.0854464784596303 ) ) ;
#8537 = DIRECTION ( 'NONE',  ( 1.000000000000000000, 6.162975822039154046E-33, 1.232595164407830946E-32 ) ) ;
#8538 = VERTEX_POINT ( 'NONE', #9385 ) ;
#8539 = EDGE_CURVE ( 'NONE', #3431, #6084, #8144, .T. ) ;
#8540 = LINE ( 'NONE', #6228, #1553 ) ;
#8541 = DIRECTION ( 'NONE',  ( 6.162975822039157467E-33, -1.000000000000000000, -2.775557561563032360E-16 ) ) ;
#8542 = VERTEX_POINT ( 'NONE', #2675 ) ;
#8543 = ORIENTED_EDGE ( 'NONE', *, *, #3861, .T. ) ;
#8544 = CARTESIAN_POINT ( 'NONE',  ( -13000.00000000000000, -229.9999999211528348, -725.0000000000050022 ) ) ;
#8545 = DIRECTION ( 'NONE',  ( 1.000000000000000000, 0.000000000000000000, 0.000000000000000000 ) ) ;
#8546 = CARTESIAN_POINT ( 'NONE',  ( -5576.316527040901747, -1089.999999999998181, -6660.000000000000909 ) ) ;
#8547 = FACE_OUTER_BOUND ( 'NONE', #7951, .T. ) ;
#8548 = ORIENTED_EDGE ( 'NONE', *, *, #1116, .F. ) ;
#8549 = VERTEX_POINT ( 'NONE', #1177 ) ;
#8550 = VERTEX_POINT ( 'NONE', #970 ) ;
#8551 = ORIENTED_EDGE ( 'NONE', *, *, #7779, .F. ) ;
#8552 = ADVANCED_FACE ( 'NONE', ( #4129, #7292 ), #8786, .T. ) ;
#8553 = CARTESIAN_POINT ( 'NONE',  ( -12750.00000000000000, 278.9021535255452022, -725.0000000000052296 ) ) ;
#8554 = AXIS2_PLACEMENT_3D ( 'NONE', #7861, #2643, #7107 ) ;
#8555 = CARTESIAN_POINT ( 'NONE',  ( -14175.00000000000000, 1189.999999999997499, -960.0000000000002274 ) ) ;
#8556 = DIRECTION ( 'NONE',  ( -1.000000000000000000, 0.000000000000000000, -0.000000000000000000 ) ) ;
#8557 = CARTESIAN_POINT ( 'NONE',  ( -14388.56810139493609, 1077.499998843224375, -637.0854464784587208 ) ) ;
#8558 = CARTESIAN_POINT ( 'NONE',  ( -13828.58983848622483, 341.8139511719356847, -1135.000000000000227 ) ) ;
#8559 = VERTEX_POINT ( 'NONE', #8041 ) ;
#8560 = CIRCLE ( 'NONE', #9836, 200.0000000000000000 ) ;
#8561 = ORIENTED_EDGE ( 'NONE', *, *, #1227, .T. ) ;
#8562 = DIRECTION ( 'NONE',  ( 0.000000000000000000, -0.000000000000000000, -1.000000000000000000 ) ) ;
#8563 = EDGE_CURVE ( 'NONE', #3219, #8653, #4976, .T. ) ;
#8564 = ORIENTED_EDGE ( 'NONE', *, *, #7779, .T. ) ;
#8565 = PLANE ( 'NONE',  #7137 ) ;
#8566 = DIRECTION ( 'NONE',  ( -1.004552902547434720E-32, -0.2862998607685335872, 0.9581400679044366209 ) ) ;
#8567 = AXIS2_PLACEMENT_3D ( 'NONE', #7651, #4498, #72 ) ;
#8568 = ORIENTED_EDGE ( 'NONE', *, *, #633, .F. ) ;
#8569 = VERTEX_POINT ( 'NONE', #8639 ) ;
#8570 = ADVANCED_FACE ( 'NONE', ( #3473 ), #7840, .T. ) ;
#8571 = LINE ( 'NONE', #952, #3360 ) ;
#8572 = CARTESIAN_POINT ( 'NONE',  ( -13000.00000000000000, 229.9999999211528348, -725.0000000000050022 ) ) ;
#8573 = AXIS2_PLACEMENT_3D ( 'NONE', #192, #5701, #8019 ) ;
#8574 = CARTESIAN_POINT ( 'NONE',  ( -13899.99999999999818, -190.0000000000007958, -459.9999999999982379 ) ) ;
#8575 = EDGE_CURVE ( 'NONE', #6905, #785, #7087, .T. ) ;
#8576 = LINE ( 'NONE', #6877, #9420 ) ;
#8577 = CARTESIAN_POINT ( 'NONE',  ( -11880.00000000000182, 814.9999999999972715, -517.7941176470590108 ) ) ;
#8578 = VERTEX_POINT ( 'NONE', #1928 ) ;
#8579 = ORIENTED_EDGE ( 'NONE', *, *, #4178, .T. ) ;
#8580 = DIRECTION ( 'NONE',  ( 0.000000000000000000, 0.000000000000000000, 1.000000000000000000 ) ) ;
#8581 =( GEOMETRIC_REPRESENTATION_CONTEXT ( 3 ) GLOBAL_UNCERTAINTY_ASSIGNED_CONTEXT ( ( #5220 ) ) GLOBAL_UNIT_ASSIGNED_CONTEXT ( ( #1782, #1131, #3978 ) ) REPRESENTATION_CONTEXT ( 'NONE', 'WORKASPACE' ) );
#8582 = ADVANCED_FACE ( 'NONE', ( #4075 ), #4873, .F. ) ;
#8583 = LINE ( 'NONE', #860, #1777 ) ;
#8584 = LINE ( 'NONE', #8536, #6964 ) ;
#8585 = DIRECTION ( 'NONE',  ( -6.162975822039157467E-33, 1.000000000000000000, 2.775557561563032360E-16 ) ) ;
#8586 = VERTEX_POINT ( 'NONE', #4182 ) ;
#8587 = EDGE_CURVE ( 'NONE', #3702, #1794, #2376, .T. ) ;
#8588 = EDGE_CURVE ( 'NONE', #3196, #4482, #3319, .T. ) ;
#8589 = ORIENTED_EDGE ( 'NONE', *, *, #4714, .F. ) ;
#8590 = AXIS2_PLACEMENT_3D ( 'NONE', #3285, #2548, #1745 ) ;
#8591 = CARTESIAN_POINT ( 'NONE',  ( -13250.00000000000000, -729.4021522441533989, -769.9999999999963620 ) ) ;
#8592 = CARTESIAN_POINT ( 'NONE',  ( -12225.00000000000182, 739.9999999999984084, -1135.000000000000227 ) ) ;
#8593 = ORIENTED_EDGE ( 'NONE', *, *, #2385, .T. ) ;
#8594 = VECTOR ( 'NONE', #3265, 1000.000000000000000 ) ;
#8595 = ORIENTED_EDGE ( 'NONE', *, *, #9475, .T. ) ;
#8596 = DIRECTION ( 'NONE',  ( -6.162975822039157467E-33, 1.000000000000000000, 2.775557561563032360E-16 ) ) ;
#8597 = EDGE_CURVE ( 'NONE', #5336, #2202, #7143, .T. ) ;
#8598 = DIRECTION ( 'NONE',  ( 2.376075833082705656E-33, -0.9581400679044367319, 0.2862998607685330876 ) ) ;
#8599 = DIRECTION ( 'NONE',  ( 1.000000000000000000, -7.526935760170552482E-17, -6.172087323339853430E-15 ) ) ;
#8600 = CARTESIAN_POINT ( 'NONE',  ( -9623.207721193939506, 1089.999999999998181, -849.6342572279645537 ) ) ;
#8601 = ORIENTED_EDGE ( 'NONE', *, *, #5111, .F. ) ;
#8602 = ORIENTED_EDGE ( 'NONE', *, *, #4295, .F. ) ;
#8603 = EDGE_LOOP ( 'NONE', ( #7219, #1105, #5389, #5377 ) ) ;
#8604 = VECTOR ( 'NONE', #2266, 1000.000000000000000 ) ;
#8605 = CARTESIAN_POINT ( 'NONE',  ( -12325.00000000000182, -341.8139511719356847, -1135.000000000000227 ) ) ;
#8606 = LINE ( 'NONE', #5595, #4644 ) ;
#8607 = FACE_OUTER_BOUND ( 'NONE', #8304, .T. ) ;
#8608 = DIRECTION ( 'NONE',  ( -1.356114123142971669E-32, 0.2810131111882628874, 0.9597039290011754042 ) ) ;
#8609 = FACE_BOUND ( 'NONE', #7948, .T. ) ;
#8610 = VECTOR ( 'NONE', #804, 1000.000000000000000 ) ;
#8611 = EDGE_CURVE ( 'NONE', #6438, #1769, #3438, .T. ) ;
#8612 = LINE ( 'NONE', #293, #1891 ) ;
#8613 = ORIENTED_EDGE ( 'NONE', *, *, #1171, .F. ) ;
#8614 = LINE ( 'NONE', #9413, #406 ) ;
#8615 = CARTESIAN_POINT ( 'NONE',  ( -2350.000000000001364, 739.9999999999982947, -1135.000000000000227 ) ) ;
#8616 = ORIENTED_EDGE ( 'NONE', *, *, #5820, .T. ) ;
#8617 = AXIS2_PLACEMENT_3D ( 'NONE', #5649, #3396, #5698 ) ;
#8618 = VECTOR ( 'NONE', #9202, 1000.000000000000000 ) ;
#8619 = ORIENTED_EDGE ( 'NONE', *, *, #4109, .F. ) ;
#8620 = CARTESIAN_POINT ( 'NONE',  ( -1950.000000000000682, 1189.999999999998408, -960.0000000000002274 ) ) ;
#8621 = DIRECTION ( 'NONE',  ( 1.000000000000000000, 0.000000000000000000, 0.000000000000000000 ) ) ;
#8622 = AXIS2_PLACEMENT_3D ( 'NONE', #4285, #5028, #8047 ) ;
#8623 = CARTESIAN_POINT ( 'NONE',  ( -1950.000000000000682, -200.0000000000000000, -825.0000000000001137 ) ) ;
#8624 = CARTESIAN_POINT ( 'NONE',  ( -10244.74851850930827, -1189.999999999998181, -1009.999999999998181 ) ) ;
#8625 = AXIS2_PLACEMENT_3D ( 'NONE', #9579, #1772, #4919 ) ;
#8626 = CARTESIAN_POINT ( 'NONE',  ( -11621.99172529726275, 0.000000000000000000, -1135.000000000000227 ) ) ;
#8627 = EDGE_LOOP ( 'NONE', ( #9291, #7901, #5189, #7982 ) ) ;
#8628 = VERTEX_POINT ( 'NONE', #2727 ) ;
#8629 = AXIS2_PLACEMENT_3D ( 'NONE', #6102, #6201, #892 ) ;
#8630 = ORIENTED_EDGE ( 'NONE', *, *, #1815, .T. ) ;
#8631 = CARTESIAN_POINT ( 'NONE',  ( -11500.52365766649018, 716.7063271559467239, -754.6066018120496892 ) ) ;
#8632 = LINE ( 'NONE', #412, #5134 ) ;
#8633 = EDGE_CURVE ( 'NONE', #6879, #2577, #9676, .T. ) ;
#8634 = DIRECTION ( 'NONE',  ( 1.232595164407830672E-32, 3.301729611148415602E-16, -1.000000000000000000 ) ) ;
#8635 = ORIENTED_EDGE ( 'NONE', *, *, #2139, .T. ) ;
#8636 = EDGE_CURVE ( 'NONE', #3998, #3498, #9838, .T. ) ;
#8637 = ORIENTED_EDGE ( 'NONE', *, *, #7727, .F. ) ;
#8638 = ORIENTED_EDGE ( 'NONE', *, *, #5015, .F. ) ;
#8639 = CARTESIAN_POINT ( 'NONE',  ( -12225.00000000000182, 800.0000000000000000, -910.0000000000001137 ) ) ;
#8640 = AXIS2_PLACEMENT_3D ( 'NONE', #2359, #6916, #1655 ) ;
#8641 = DIRECTION ( 'NONE',  ( 0.000000000000000000, 0.000000000000000000, 1.000000000000000000 ) ) ;
#8642 = ADVANCED_FACE ( 'NONE', ( #1127 ), #5775, .T. ) ;
#8643 = LINE ( 'NONE', #4829, #3761 ) ;
#8644 = EDGE_CURVE ( 'NONE', #6818, #6727, #7445, .T. ) ;
#8645 = EDGE_LOOP ( 'NONE', ( #1121, #6356, #6086, #9803, #5957, #6200, #5035, #4395, #794, #834, #8475, #5016, #6469, #6138, #1253, #236 ) ) ;
#8646 = DIRECTION ( 'NONE',  ( 0.000000000000000000, 0.000000000000000000, 1.000000000000000000 ) ) ;
#8647 = DIRECTION ( 'NONE',  ( -0.000000000000000000, 0.000000000000000000, 1.000000000000000000 ) ) ;
#8648 = PLANE ( 'NONE',  #9371 ) ;
#8649 = LINE ( 'NONE', #7205, #7289 ) ;
#8650 = ORIENTED_EDGE ( 'NONE', *, *, #1761, .T. ) ;
#8651 = VERTEX_POINT ( 'NONE', #6331 ) ;
#8652 = EDGE_LOOP ( 'NONE', ( #345, #5908, #6714, #7094 ) ) ;
#8653 = VERTEX_POINT ( 'NONE', #267 ) ;
#8654 = LINE ( 'NONE', #1498, #4741 ) ;
#8655 = EDGE_CURVE ( 'NONE', #8953, #9437, #6387, .T. ) ;
#8656 = EDGE_CURVE ( 'NONE', #8375, #1602, #4552, .T. ) ;
#8657 = VECTOR ( 'NONE', #8092, 1000.000000000000000 ) ;
#8658 = LINE ( 'NONE', #7057, #2407 ) ;
#8659 = CARTESIAN_POINT ( 'NONE',  ( -1950.000000000000682, -200.0000000000000000, -825.0000000000001137 ) ) ;
#8660 = FACE_BOUND ( 'NONE', #4070, .T. ) ;
#8661 = CARTESIAN_POINT ( 'NONE',  ( -2350.000000000000455, 899.9999999999998863, -910.0000000000001137 ) ) ;
#8662 = DIRECTION ( 'NONE',  ( 9.378386130608760079E-33, -0.9597039290011751822, -0.2810131111882634425 ) ) ;
#8663 = VERTEX_POINT ( 'NONE', #8286 ) ;
#8664 = DIRECTION ( 'NONE',  ( 0.000000000000000000, -1.000000000000000000, -0.000000000000000000 ) ) ;
#8665 = DIRECTION ( 'NONE',  ( 1.000000000000000000, 0.000000000000000000, 0.000000000000000000 ) ) ;
#8666 = ORIENTED_EDGE ( 'NONE', *, *, #9241, .F. ) ;
#8667 = ADVANCED_FACE ( 'NONE', ( #477 ), #5126, .F. ) ;
#8668 = CARTESIAN_POINT ( 'NONE',  ( 588.6859966642593918, -875.0000000000000000, -1060.000000000000000 ) ) ;
#8669 = LINE ( 'NONE', #2712, #1258 ) ;
#8670 = CARTESIAN_POINT ( 'NONE',  ( -14156.10001622140953, -1077.499998843224375, -589.9999999999971578 ) ) ;
#8671 = CIRCLE ( 'NONE', #7876, 277.7941176470602045 ) ;
#8672 = CARTESIAN_POINT ( 'NONE',  ( -14300.00000000001819, -899.9999999999986358, -763.9017955139175911 ) ) ;
#8673 = FACE_OUTER_BOUND ( 'NONE', #6446, .T. ) ;
#8674 = ORIENTED_EDGE ( 'NONE', *, *, #9875, .T. ) ;
#8675 = CARTESIAN_POINT ( 'NONE',  ( -14388.56810139493609, 877.4999988432243754, -637.0854464784588345 ) ) ;
#8676 = CARTESIAN_POINT ( 'NONE',  ( 588.6859966642593918, 0.000000000000000000, -1060.000000000000000 ) ) ;
#8677 = CARTESIAN_POINT ( 'NONE',  ( -13250.00000000000000, 1077.499998843224375, -769.9999999999957936 ) ) ;
#8678 = ORIENTED_EDGE ( 'NONE', *, *, #109, .F. ) ;
#8679 = VERTEX_POINT ( 'NONE', #5822 ) ;
#8680 = EDGE_CURVE ( 'NONE', #8559, #1347, #3526, .T. ) ;
#8681 = ORIENTED_EDGE ( 'NONE', *, *, #268, .T. ) ;
#8682 = CARTESIAN_POINT ( 'NONE',  ( -14175.00000000000000, 875.0000000000000000, -1060.000000000000000 ) ) ;
#8683 = AXIS2_PLACEMENT_3D ( 'NONE', #8393, #826, #1526 ) ;
#8684 = LINE ( 'NONE', #5725, #5390 ) ;
#8685 = LINE ( 'NONE', #6986, #8872 ) ;
#8686 = EDGE_CURVE ( 'NONE', #292, #7286, #2172, .T. ) ;
#8687 = ORIENTED_EDGE ( 'NONE', *, *, #8086, .T. ) ;
#8688 = ORIENTED_EDGE ( 'NONE', *, *, #951, .F. ) ;
#8689 = CARTESIAN_POINT ( 'NONE',  ( -1950.000000000000682, 800.0000000000000000, -910.0000000000001137 ) ) ;
#8690 = CARTESIAN_POINT ( 'NONE',  ( -14175.00000000000000, 875.0000000000000000, -1060.000000000000000 ) ) ;
#8691 = CARTESIAN_POINT ( 'NONE',  ( -2350.000000000000455, -899.9999999999998863, -910.0000000000001137 ) ) ;
#8692 = EDGE_CURVE ( 'NONE', #347, #7416, #1228, .T. ) ;
#8693 = EDGE_CURVE ( 'NONE', #2918, #1664, #8091, .T. ) ;
#8694 = CARTESIAN_POINT ( 'NONE',  ( -13899.99999999999818, 679.9999999999978400, -919.9999999999980673 ) ) ;
#8695 = VERTEX_POINT ( 'NONE', #7537 ) ;
#8696 = EDGE_LOOP ( 'NONE', ( #1549, #5967, #1535, #9609 ) ) ;
#8697 = ORIENTED_EDGE ( 'NONE', *, *, #584, .F. ) ;
#8698 = VERTEX_POINT ( 'NONE', #9029 ) ;
#8699 = LINE ( 'NONE', #437, #8911 ) ;
#8700 = EDGE_CURVE ( 'NONE', #4870, #6343, #7122, .T. ) ;
#8701 = DIRECTION ( 'NONE',  ( 1.000000000000000000, 6.265808957320107111E-17, 0.000000000000000000 ) ) ;
#8702 = CARTESIAN_POINT ( 'NONE',  ( -8598.683472959091887, -5431.508564030777052, -6660.000000000000000 ) ) ;
#8703 = CARTESIAN_POINT ( 'NONE',  ( -596.4101615137744830, 989.9999999999984084, -960.0000000000002274 ) ) ;
#8704 = LINE ( 'NONE', #7958, #1098 ) ;
#8705 = VERTEX_POINT ( 'NONE', #5877 ) ;
#8706 = CARTESIAN_POINT ( 'NONE',  ( 588.6859966642593918, 875.0000000000000000, -910.0000000000001137 ) ) ;
#8707 = ORIENTED_EDGE ( 'NONE', *, *, #8153, .T. ) ;
#8708 = LINE ( 'NONE', #4160, #1214 ) ;
#8709 = EDGE_CURVE ( 'NONE', #1525, #2841, #2959, .T. ) ;
#8710 = DIRECTION ( 'NONE',  ( -1.000000000000000000, 0.000000000000000000, 0.000000000000000000 ) ) ;
#8711 = EDGE_CURVE ( 'NONE', #8760, #5736, #2026, .T. ) ;
#8712 = AXIS2_PLACEMENT_3D ( 'NONE', #133, #3844, #4646 ) ;
#8713 = ORIENTED_EDGE ( 'NONE', *, *, #8202, .T. ) ;
#8714 = DIRECTION ( 'NONE',  ( 0.000000000000000000, 0.000000000000000000, 1.000000000000000000 ) ) ;
#8715 = CARTESIAN_POINT ( 'NONE',  ( -6812.499999999994543, -739.9999999999997726, -960.0000000000002274 ) ) ;
#8716 = AXIS2_PLACEMENT_3D ( 'NONE', #3724, #5073, #7438 ) ;
#8717 = CARTESIAN_POINT ( 'NONE',  ( -1950.000000000000682, -1189.999999999998408, -960.0000000000002274 ) ) ;
#8718 = CYLINDRICAL_SURFACE ( 'NONE', #140, 250.0000000000000000 ) ;
#8719 = CARTESIAN_POINT ( 'NONE',  ( -7612.500000000006366, 989.9999999999984084, -1135.000000000000227 ) ) ;
#8720 = ADVANCED_FACE ( 'NONE', ( #9739 ), #2776, .F. ) ;
#8721 = AXIS2_PLACEMENT_3D ( 'NONE', #3891, #6816, #2404 ) ;
#8722 = VERTEX_POINT ( 'NONE', #3624 ) ;
#8723 = CYLINDRICAL_SURFACE ( 'NONE', #7481, 277.7941176470602045 ) ;
#8724 = AXIS2_PLACEMENT_3D ( 'NONE', #5589, #8003, #7254 ) ;
#8725 = LINE ( 'NONE', #1864, #4175 ) ;
#8726 = AXIS2_PLACEMENT_3D ( 'NONE', #7380, #7424, #780 ) ;
#8727 = DIRECTION ( 'NONE',  ( 0.9848077530122092416, 0.000000000000000000, -0.1736481776669237531 ) ) ;
#8728 = ORIENTED_EDGE ( 'NONE', *, *, #9034, .F. ) ;
#8729 = VECTOR ( 'NONE', #332, 1000.000000000000000 ) ;
#8730 = EDGE_CURVE ( 'NONE', #379, #6219, #8141, .T. ) ;
#8731 = ORIENTED_EDGE ( 'NONE', *, *, #5089, .T. ) ;
#8732 = ORIENTED_EDGE ( 'NONE', *, *, #5266, .T. ) ;
#8733 = CARTESIAN_POINT ( 'NONE',  ( -1950.000000000000682, 800.0000000000000000, -910.0000000000001137 ) ) ;
#8734 = DIRECTION ( 'NONE',  ( 6.162975822039157467E-33, -1.000000000000000000, -2.775557561563032360E-16 ) ) ;
#8735 = DIRECTION ( 'NONE',  ( 6.162975822039157467E-33, -1.000000000000000000, -2.249385511977649118E-16 ) ) ;
#8736 = EDGE_CURVE ( 'NONE', #9255, #2853, #2799, .T. ) ;
#8737 = FILL_AREA_STYLE_COLOUR ( '', #7938 ) ;
#8738 = VERTEX_POINT ( 'NONE', #9832 ) ;
#8739 = VERTEX_POINT ( 'NONE', #573 ) ;
#8740 = DIRECTION ( 'NONE',  ( 0.9848077530122090195, -0.000000000000000000, -0.1736481776669255017 ) ) ;
#8741 = CARTESIAN_POINT ( 'NONE',  ( -13899.99999999999818, -679.9999999999978400, 1.720845688168992638E-12 ) ) ;
#8742 = CARTESIAN_POINT ( 'NONE',  ( -14300.00000000001819, 899.9999999999986358, -763.9017955139171363 ) ) ;
#8743 = DIRECTION ( 'NONE',  ( 1.000000000000000000, 0.000000000000000000, 0.000000000000000000 ) ) ;
#8744 = ORIENTED_EDGE ( 'NONE', *, *, #3067, .F. ) ;
#8745 = VERTEX_POINT ( 'NONE', #7490 ) ;
#8746 = EDGE_LOOP ( 'NONE', ( #6682, #8516, #8347, #4204 ) ) ;
#8747 = LINE ( 'NONE', #1036, #6674 ) ;
#8748 = AXIS2_PLACEMENT_3D ( 'NONE', #5259, #934, #6819 ) ;
#8749 = DIRECTION ( 'NONE',  ( -1.000000000000000000, -0.000000000000000000, -0.000000000000000000 ) ) ;
#8750 = ADVANCED_FACE ( 'NONE', ( #6025 ), #1279, .F. ) ;
#8751 = CARTESIAN_POINT ( 'NONE',  ( -13899.99999999999818, -679.9999999999977263, -909.9999999999982947 ) ) ;
#8752 = EDGE_LOOP ( 'NONE', ( #213, #8454, #2394, #7910 ) ) ;
#8753 = PLANE ( 'NONE',  #3813 ) ;
#8754 = VERTEX_POINT ( 'NONE', #6588 ) ;
#8755 = CARTESIAN_POINT ( 'NONE',  ( -13728.58983848622483, -241.8139511719357131, -1135.000000000000227 ) ) ;
#8756 = ORIENTED_EDGE ( 'NONE', *, *, #5160, .T. ) ;
#8757 = LINE ( 'NONE', #4951, #6153 ) ;
#8758 = LINE ( 'NONE', #1900, #9750 ) ;
#8759 = VECTOR ( 'NONE', #6644, 1000.000000000000000 ) ;
#8760 = VERTEX_POINT ( 'NONE', #5932 ) ;
#8761 = DIRECTION ( 'NONE',  ( 1.000000000000000000, 0.000000000000000000, 0.000000000000000000 ) ) ;
#8762 = DIRECTION ( 'NONE',  ( -0.1736481776669329680, 2.733390605558932128E-16, -0.9848077530122076872 ) ) ;
#8763 = AXIS2_PLACEMENT_3D ( 'NONE', #3896, #6965, #91 ) ;
#8764 = EDGE_CURVE ( 'NONE', #6360, #9454, #7394, .T. ) ;
#8765 = CIRCLE ( 'NONE', #2367, 250.0000000000000000 ) ;
#8766 = ADVANCED_FACE ( 'NONE', ( #3577 ), #8984, .F. ) ;
#8767 = CARTESIAN_POINT ( 'NONE',  ( -12325.00000000000182, -241.8139511719357131, -960.0000000000002274 ) ) ;
#8768 = LINE ( 'NONE', #9568, #1883 ) ;
#8769 =( REPRESENTATION_RELATIONSHIP ('NONE','NONE', #6896, #2866 ) REPRESENTATION_RELATIONSHIP_WITH_TRANSFORMATION ( #8938 )SHAPE_REPRESENTATION_RELATIONSHIP( ) );
#8770 = CARTESIAN_POINT ( 'NONE',  ( -11687.01208824004425, -899.9999999999986358, -761.6116762475800215 ) ) ;
#8771 = DIRECTION ( 'NONE',  ( -1.000000000000000000, 0.000000000000000000, 0.000000000000000000 ) ) ;
#8772 = AXIS2_PLACEMENT_3D ( 'NONE', #8064, #539, #5097 ) ;
#8773 = PLANE ( 'NONE',  #1873 ) ;
#8774 = AXIS2_PLACEMENT_3D ( 'NONE', #4745, #1801, #4948 ) ;
#8775 = ORIENTED_EDGE ( 'NONE', *, *, #6303, .F. ) ;
#8776 = CARTESIAN_POINT ( 'NONE',  ( -3930.251481490694459, 5431.508564030776142, -1009.999999999999091 ) ) ;
#8777 = DIRECTION ( 'NONE',  ( 0.000000000000000000, -0.9854601157443478865, -0.1699069165076472210 ) ) ;
#8778 = VECTOR ( 'NONE', #5844, 1000.000000000000000 ) ;
#8779 = EDGE_CURVE ( 'NONE', #8232, #750, #7041, .T. ) ;
#8780 = PLANE ( 'NONE',  #8306 ) ;
#8781 = AXIS2_PLACEMENT_3D ( 'NONE', #673, #8289, #6687 ) ;
#8782 = ORIENTED_EDGE ( 'NONE', *, *, #2272, .F. ) ;
#8783 = ORIENTED_EDGE ( 'NONE', *, *, #5814, .F. ) ;
#8784 = VECTOR ( 'NONE', #1914, 1000.000000000000000 ) ;
#8785 = VERTEX_POINT ( 'NONE', #7199 ) ;
#8786 = PLANE ( 'NONE',  #4133 ) ;
#8787 = DIRECTION ( 'NONE',  ( 0.000000000000000000, -0.000000000000000000, -1.000000000000000000 ) ) ;
#8788 = DIRECTION ( 'NONE',  ( 0.000000000000000000, -0.000000000000000000, -1.000000000000000000 ) ) ;
#8789 = EDGE_CURVE ( 'NONE', #4379, #933, #4077, .T. ) ;
#8790 = ORIENTED_EDGE ( 'NONE', *, *, #2280, .T. ) ;
#8791 = ORIENTED_EDGE ( 'NONE', *, *, #2326, .T. ) ;
#8792 = CARTESIAN_POINT ( 'NONE',  ( -13250.00000000000000, 732.4719190560189190, -589.9999999999965894 ) ) ;
#8793 = CARTESIAN_POINT ( 'NONE',  ( -5440.624999999995453, -739.9999999999988631, -960.0000000000002274 ) ) ;
#8794 = CARTESIAN_POINT ( 'NONE',  ( -162.2440211999298754, 1189.999999999998408, 920.1315677728708806 ) ) ;
#8795 = DIRECTION ( 'NONE',  ( 0.000000000000000000, 0.000000000000000000, 1.000000000000000000 ) ) ;
#8796 = VECTOR ( 'NONE', #4701, 1000.000000000000000 ) ;
#8797 = EDGE_LOOP ( 'NONE', ( #6709, #6139, #9302, #1723 ) ) ;
#8798 = ORIENTED_EDGE ( 'NONE', *, *, #8267, .T. ) ;
#8799 = VERTEX_POINT ( 'NONE', #3266 ) ;
#8800 = ORIENTED_EDGE ( 'NONE', *, *, #2378, .F. ) ;
#8801 = CARTESIAN_POINT ( 'NONE',  ( -1950.000000000000682, 341.8139511719356847, -960.0000000000002274 ) ) ;
#8802 = DIRECTION ( 'NONE',  ( 6.162975822039157467E-33, -1.000000000000000000, -2.775557561563032360E-16 ) ) ;
#8803 = DIRECTION ( 'NONE',  ( -0.1736481776669237531, 0.000000000000000000, -0.9848077530122092416 ) ) ;
#8804 = ORIENTED_EDGE ( 'NONE', *, *, #8692, .F. ) ;
#8805 = PLANE ( 'NONE',  #4607 ) ;
#8806 = AXIS2_PLACEMENT_3D ( 'NONE', #5319, #4244, #1945 ) ;
#8807 = LINE ( 'NONE', #1949, #3163 ) ;
#8808 = DIRECTION ( 'NONE',  ( 1.000000000000000000, 0.000000000000000000, 0.000000000000000000 ) ) ;
#8809 = VERTEX_POINT ( 'NONE', #324 ) ;
#8810 = DIRECTION ( 'NONE',  ( -1.000000000000000000, 0.000000000000000000, 0.000000000000000000 ) ) ;
#8811 = FACE_OUTER_BOUND ( 'NONE', #3885, .T. ) ;
#8812 = ADVANCED_FACE ( 'NONE', ( #868 ), #5479, .T. ) ;
#8813 = VERTEX_POINT ( 'NONE', #3920 ) ;
#8814 = VECTOR ( 'NONE', #3867, 1000.000000000000000 ) ;
#8815 = DIRECTION ( 'NONE',  ( -6.265808957320107111E-17, 1.000000000000000000, -0.000000000000000000 ) ) ;
#8816 = CARTESIAN_POINT ( 'NONE',  ( -13755.00000000007094, 454.0705533836913332, -860.0000000000227374 ) ) ;
#8817 = CARTESIAN_POINT ( 'NONE',  ( -13856.59988046646504, 278.9021535255452022, -623.7872381793326895 ) ) ;
#8818 = DIRECTION ( 'NONE',  ( -0.000000000000000000, 0.000000000000000000, 1.000000000000000000 ) ) ;
#8819 = EDGE_CURVE ( 'NONE', #6888, #8880, #271, .T. ) ;
#8820 = DIRECTION ( 'NONE',  ( -6.162975822039157467E-33, 1.000000000000000000, 3.301729611148415602E-16 ) ) ;
#8821 = CARTESIAN_POINT ( 'NONE',  ( -7612.500000000006366, -989.9999999999998863, -960.0000000000009095 ) ) ;
#8822 = PLANE ( 'NONE',  #9718 ) ;
#8823 = EDGE_CURVE ( 'NONE', #3141, #9680, #3323, .T. ) ;
#8824 = ORIENTED_EDGE ( 'NONE', *, *, #3120, .F. ) ;
#8825 = FACE_OUTER_BOUND ( 'NONE', #1807, .T. ) ;
#8826 = CARTESIAN_POINT ( 'NONE',  ( -11621.99172529726275, 0.000000000000000000, -3423.488475815656784 ) ) ;
#8827 = VECTOR ( 'NONE', #7400, 1000.000000000000000 ) ;
#8828 = DIRECTION ( 'NONE',  ( -1.232595164407830672E-32, -2.775557561563032360E-16, 1.000000000000000000 ) ) ;
#8829 = VERTEX_POINT ( 'NONE', #7843 ) ;
#8830 = ORIENTED_EDGE ( 'NONE', *, *, #1973, .F. ) ;
#8831 = EDGE_LOOP ( 'NONE', ( #8970, #4818, #7655, #2481 ) ) ;
#8832 = EDGE_CURVE ( 'NONE', #4692, #8375, #7891, .T. ) ;
#8833 = EDGE_CURVE ( 'NONE', #2568, #597, #1728, .T. ) ;
#8834 = EDGE_LOOP ( 'NONE', ( #895, #4599, #6576, #744 ) ) ;
#8835 = CARTESIAN_POINT ( 'NONE',  ( -12244.99999999992906, 454.0705533836913332, -860.0000000000227374 ) ) ;
#8836 = DIRECTION ( 'NONE',  ( 0.000000000000000000, 0.000000000000000000, -1.000000000000000000 ) ) ;
#8837 = CARTESIAN_POINT ( 'NONE',  ( -14299.99999999999818, 1077.499998843224375, -637.0854464784587208 ) ) ;
#8838 = ORIENTED_EDGE ( 'NONE', *, *, #9133, .F. ) ;
#8839 = EDGE_LOOP ( 'NONE', ( #8040, #6165, #8731, #6346 ) ) ;
#8840 = AXIS2_PLACEMENT_3D ( 'NONE', #3275, #8647, #1787 ) ;
#8841 = DIRECTION ( 'NONE',  ( 1.000000000000000000, 6.162975822039151993E-33, 1.232595164407830946E-32 ) ) ;
#8842 = LINE ( 'NONE', #5081, #6104 ) ;
#8843 = PLANE ( 'NONE',  #8924 ) ;
#8844 = DIRECTION ( 'NONE',  ( 0.000000000000000000, 0.000000000000000000, 1.000000000000000000 ) ) ;
#8845 = EDGE_CURVE ( 'NONE', #3759, #1249, #5347, .T. ) ;
#8846 = EDGE_LOOP ( 'NONE', ( #2687, #2182, #2957, #9626 ) ) ;
#8847 = EDGE_LOOP ( 'NONE', ( #6801, #5329, #2148, #3468 ) ) ;
#8848 = LINE ( 'NONE', #4195, #9715 ) ;
#8849 = AXIS2_PLACEMENT_3D ( 'NONE', #1383, #9267, #7075 ) ;
#8850 = CARTESIAN_POINT ( 'NONE',  ( -10825.00000000000182, 1189.999999999998408, -960.0000000000002274 ) ) ;
#8851 = ORIENTED_EDGE ( 'NONE', *, *, #9327, .F. ) ;
#8852 = CARTESIAN_POINT ( 'NONE',  ( -3921.569072607348517, 1089.999999999998181, -960.7596123493885898 ) ) ;
#8853 = CARTESIAN_POINT ( 'NONE',  ( -14156.10001622140953, -1077.499998843224375, -589.9999999999971578 ) ) ;
#8854 = CARTESIAN_POINT ( 'NONE',  ( -8984.375000000005457, -740.0000000000002274, -1135.000000000000227 ) ) ;
#8855 = ORIENTED_EDGE ( 'NONE', *, *, #6366, .T. ) ;
#8856 = DIRECTION ( 'NONE',  ( -0.000000000000000000, -0.000000000000000000, -1.000000000000000000 ) ) ;
#8857 = CARTESIAN_POINT ( 'NONE',  ( -12225.00000000000182, -341.8139511719356847, -1135.000000000000227 ) ) ;
#8858 = EDGE_CURVE ( 'NONE', #8335, #7998, #9332, .T. ) ;
#8859 = ORIENTED_EDGE ( 'NONE', *, *, #3479, .F. ) ;
#8860 = ORIENTED_EDGE ( 'NONE', *, *, #3420, .F. ) ;
#8861 = DIRECTION ( 'NONE',  ( 6.162975822039157467E-33, -1.000000000000000000, -2.775557561563032360E-16 ) ) ;
#8862 = CARTESIAN_POINT ( 'NONE',  ( -2350.000000000000455, -389.6561633456277036, -960.0000000000002274 ) ) ;
#8863 = CARTESIAN_POINT ( 'NONE',  ( -11349.93198115552332, 0.000000000000000000, -960.0000000000002274 ) ) ;
#8864 = DIRECTION ( 'NONE',  ( 0.000000000000000000, 0.000000000000000000, 1.000000000000000000 ) ) ;
#8865 = LINE ( 'NONE', #8351, #6649 ) ;
#8866 = DIRECTION ( 'NONE',  ( -6.162975822039151309E-33, 1.000000000000000000, -2.200304988219453538E-16 ) ) ;
#8867 = CIRCLE ( 'NONE', #4231, 6000.000000000000000 ) ;
#8868 = LINE ( 'NONE', #6621, #2038 ) ;
#8869 = ORIENTED_EDGE ( 'NONE', *, *, #2272, .T. ) ;
#8870 = DIRECTION ( 'NONE',  ( -0.000000000000000000, 0.000000000000000000, 1.000000000000000000 ) ) ;
#8871 = CARTESIAN_POINT ( 'NONE',  ( -11500.52365766649018, -716.7063271559467239, -754.6066018120500303 ) ) ;
#8872 = VECTOR ( 'NONE', #1826, 1000.000000000000114 ) ;
#8873 = CYLINDRICAL_SURFACE ( 'NONE', #2225, 99.99999999999964473 ) ;
#8874 = EDGE_CURVE ( 'NONE', #3050, #8368, #7920, .T. ) ;
#8875 = CARTESIAN_POINT ( 'NONE',  ( -7934.375000000004547, 739.9999999999979536, -1135.000000000000227 ) ) ;
#8876 = VERTEX_POINT ( 'NONE', #2427 ) ;
#8877 = VERTEX_POINT ( 'NONE', #5429 ) ;
#8878 = AXIS2_PLACEMENT_3D ( 'NONE', #625, #1325, #2921 ) ;
#8879 = ADVANCED_FACE ( 'NONE', ( #6282 ), #7089, .F. ) ;
#8880 = VERTEX_POINT ( 'NONE', #8592 ) ;
#8881 = AXIS2_PLACEMENT_3D ( 'NONE', #9451, #224, #4191 ) ;
#8882 = DIRECTION ( 'NONE',  ( 1.000000000000000000, -1.483886295880788311E-16, 0.000000000000000000 ) ) ;
#8883 = PLANE ( 'NONE',  #4969 ) ;
#8884 = CARTESIAN_POINT ( 'NONE',  ( -13000.00000000000000, 4.163336342343557632E-15, -825.0000000000000000 ) ) ;
#8885 = AXIS2_PLACEMENT_3D ( 'NONE', #8414, #9866, #1453 ) ;
#8886 = EDGE_CURVE ( 'NONE', #6535, #1151, #8685, .T. ) ;
#8887 = VECTOR ( 'NONE', #5979, 1000.000000000000114 ) ;
#8888 = ORIENTED_EDGE ( 'NONE', *, *, #4146, .T. ) ;
#8889 = EDGE_CURVE ( 'NONE', #933, #587, #4727, .T. ) ;
#8890 = AXIS2_PLACEMENT_3D ( 'NONE', #8067, #1201, #2900 ) ;
#8891 = FACE_OUTER_BOUND ( 'NONE', #9160, .T. ) ;
#8892 = LINE ( 'NONE', #4982, #3554 ) ;
#8893 = CARTESIAN_POINT ( 'NONE',  ( -14498.43108295709135, -725.0021062409357455, -757.0854464784603124 ) ) ;
#8894 = CARTESIAN_POINT ( 'NONE',  ( -11411.43189860506209, 1077.499998843224375, -637.0854464784587208 ) ) ;
#8895 = ORIENTED_EDGE ( 'NONE', *, *, #1291, .F. ) ;
#8896 = ORIENTED_EDGE ( 'NONE', *, *, #9499, .F. ) ;
#8897 = DIRECTION ( 'NONE',  ( 1.000000000000000000, 0.000000000000000000, -0.000000000000000000 ) ) ;
#8898 =( GEOMETRIC_REPRESENTATION_CONTEXT ( 3 ) GLOBAL_UNCERTAINTY_ASSIGNED_CONTEXT ( ( #9026 ) ) GLOBAL_UNIT_ASSIGNED_CONTEXT ( ( #4728, #4931, #1025 ) ) REPRESENTATION_CONTEXT ( 'NONE', 'WORKASPACE' ) );
#8899 = DIRECTION ( 'NONE',  ( 0.000000000000000000, 0.000000000000000000, 1.000000000000000000 ) ) ;
#8900 = ORIENTED_EDGE ( 'NONE', *, *, #3940, .F. ) ;
#8901 = ADVANCED_FACE ( 'NONE', ( #2533 ), #4780, .F. ) ;
#8902 = CARTESIAN_POINT ( 'NONE',  ( -12475.00000000000182, 989.9999999999984084, -3423.488475815656784 ) ) ;
#8903 = VERTEX_POINT ( 'NONE', #1781 ) ;
#8904 = DIRECTION ( 'NONE',  ( -6.162975822039157467E-33, 1.000000000000000000, 2.775557561563032360E-16 ) ) ;
#8905 = DIRECTION ( 'NONE',  ( -0.000000000000000000, 0.000000000000000000, 1.000000000000000000 ) ) ;
#8906 = ORIENTED_EDGE ( 'NONE', *, *, #4837, .T. ) ;
#8907 = LINE ( 'NONE', #8167, #4251 ) ;
#8908 = LINE ( 'NONE', #2053, #1218 ) ;
#8909 = VERTEX_POINT ( 'NONE', #5580 ) ;
#8910 = ORIENTED_EDGE ( 'NONE', *, *, #5996, .F. ) ;
#8911 = VECTOR ( 'NONE', #3489, 1000.000000000000000 ) ;
#8912 = CARTESIAN_POINT ( 'NONE',  ( -3930.251481490694459, -5431.508564030776142, -1009.999999999999091 ) ) ;
#8913 = AXIS2_PLACEMENT_3D ( 'NONE', #2715, #5659, #1162 ) ;
#8914 = DIRECTION ( 'NONE',  ( 1.432545838226008399E-17, 1.000000000000000000, -0.000000000000000000 ) ) ;
#8915 = EDGE_CURVE ( 'NONE', #3372, #2449, #8643, .T. ) ;
#8916 = LINE ( 'NONE', #2063, #9565 ) ;
#8917 = FACE_OUTER_BOUND ( 'NONE', #1733, .T. ) ;
#8918 = VECTOR ( 'NONE', #269, 1000.000000000000000 ) ;
#8919 = PLANE ( 'NONE',  #6065 ) ;
#8920 = DIRECTION ( 'NONE',  ( 1.000000000000000000, 0.000000000000000000, 0.000000000000000000 ) ) ;
#8921 = EDGE_LOOP ( 'NONE', ( #5650, #3060, #2636, #6430 ) ) ;
#8922 = CONICAL_SURFACE ( 'NONE', #6530, 229.9999999211528348, 0.5235987755979351066 ) ;
#8923 = FACE_OUTER_BOUND ( 'NONE', #9429, .T. ) ;
#8924 = AXIS2_PLACEMENT_3D ( 'NONE', #1186, #375, #7355 ) ;
#8925 = FACE_OUTER_BOUND ( 'NONE', #657, .T. ) ;
#8926 = LINE ( 'NONE', #2075, #5910 ) ;
#8927 = VECTOR ( 'NONE', #3548, 1000.000000000000000 ) ;
#8928 = CARTESIAN_POINT ( 'NONE',  ( -12750.00000000000000, -190.0000000000007674, -504.9802145985023003 ) ) ;
#8929 = AXIS2_PLACEMENT_3D ( 'NONE', #2298, #6144, #3137 ) ;
#8930 = ORIENTED_EDGE ( 'NONE', *, *, #7908, .F. ) ;
#8931 = EDGE_LOOP ( 'NONE', ( #4616, #2535 ) ) ;
#8932 = ORIENTED_EDGE ( 'NONE', *, *, #1438, .T. ) ;
#8933 = EDGE_CURVE ( 'NONE', #3388, #3757, #6320, .T. ) ;
#8934 = DIRECTION ( 'NONE',  ( -1.232595164407830672E-32, -2.775557561563032360E-16, 1.000000000000000000 ) ) ;
#8935 = AXIS2_PLACEMENT_3D ( 'NONE', #8352, #1482, #4536 ) ;
#8936 = DIRECTION ( 'NONE',  ( 0.000000000000000000, 0.000000000000000000, -1.000000000000000000 ) ) ;
#8937 = CARTESIAN_POINT ( 'NONE',  ( -2350.000000000001364, 241.8139511719357131, -1135.000000000000227 ) ) ;
#8938 = ITEM_DEFINED_TRANSFORMATION ( 'NONE', 'NONE', #7623,  #1704 ) ;
#8939 = EDGE_LOOP ( 'NONE', ( #5304, #7950, #7009, #8930 ) ) ;
#8940 = EDGE_CURVE ( 'NONE', #1275, #734, #5727, .T. ) ;
#8941 = VECTOR ( 'NONE', #9392, 1000.000000000000000 ) ;
#8942 = DIRECTION ( 'NONE',  ( -1.232595164407830672E-32, -2.775557561563032360E-16, 1.000000000000000000 ) ) ;
#8943 = CIRCLE ( 'NONE', #2872, 250.0000000000000000 ) ;
#8944 = CARTESIAN_POINT ( 'NONE',  ( -12750.00000000000000, -1077.499998843224375, -769.9999999999964757 ) ) ;
#8945 = CARTESIAN_POINT ( 'NONE',  ( -13250.00000000000000, 4.163336342343563943E-15, -725.0000000000051159 ) ) ;
#8946 = AXIS2_PLACEMENT_3D ( 'NONE', #7432, #2818, #1272 ) ;
#8947 = DIRECTION ( 'NONE',  ( 1.000000000000000000, 0.000000000000000000, -0.000000000000000000 ) ) ;
#8948 = EDGE_LOOP ( 'NONE', ( #5991, #6316, #2606, #4433, #8455, #7393 ) ) ;
#8949 = ADVANCED_FACE ( 'NONE', ( #7396 ), #2730, .F. ) ;
#8950 = FACE_OUTER_BOUND ( 'NONE', #598, .T. ) ;
#8951 = VECTOR ( 'NONE', #9777, 1000.000000000000000 ) ;
#8952 = CARTESIAN_POINT ( 'NONE',  ( -10244.74851850930827, 1189.999999999998181, -1009.999999999998181 ) ) ;
#8953 = VERTEX_POINT ( 'NONE', #5824 ) ;
#8954 = DIRECTION ( 'NONE',  ( -6.162975822038967936E-33, 1.000000000000000000, -1.510372559762204329E-14 ) ) ;
#8955 = DIRECTION ( 'NONE',  ( -0.000000000000000000, -0.000000000000000000, -1.000000000000000000 ) ) ;
#8956 = DIRECTION ( 'NONE',  ( 1.000000000000000000, 6.162975822039151993E-33, 1.232595164407830946E-32 ) ) ;
#8957 = DIRECTION ( 'NONE',  ( 0.000000000000000000, 0.000000000000000000, -1.000000000000000000 ) ) ;
#8958 = DIRECTION ( 'NONE',  ( 6.162975822039157467E-33, -1.000000000000000000, -2.775557561563032360E-16 ) ) ;
#8959 = VERTEX_POINT ( 'NONE', #1281 ) ;
#8960 = ORIENTED_EDGE ( 'NONE', *, *, #5564, .F. ) ;
#8961 = EDGE_CURVE ( 'NONE', #7478, #1542, #2009, .T. ) ;
#8962 = ORIENTED_EDGE ( 'NONE', *, *, #2890, .F. ) ;
#8963 = EDGE_CURVE ( 'NONE', #3395, #9171, #370, .T. ) ;
#8964 = VECTOR ( 'NONE', #7272, 1000.000000000000000 ) ;
#8965 = CARTESIAN_POINT ( 'NONE',  ( -12143.40011953353496, 1077.499998843224375, -637.0854464784587208 ) ) ;
#8966 = DIRECTION ( 'NONE',  ( 1.000000000000000000, 0.000000000000000000, 0.000000000000000000 ) ) ;
#8967 = ORIENTED_EDGE ( 'NONE', *, *, #9460, .T. ) ;
#8968 = DIRECTION ( 'NONE',  ( -2.376075833082705998E-33, 0.9581400679044367319, -0.2862998607685330321 ) ) ;
#8969 = DIRECTION ( 'NONE',  ( 1.000000000000000000, 0.000000000000000000, 0.000000000000000000 ) ) ;
#8970 = ORIENTED_EDGE ( 'NONE', *, *, #4520, .F. ) ;
#8971 = FACE_OUTER_BOUND ( 'NONE', #4354, .T. ) ;
#8972 = DIRECTION ( 'NONE',  ( 0.000000000000000000, 0.000000000000000000, 1.000000000000000000 ) ) ;
#8973 = AXIS2_PLACEMENT_3D ( 'NONE', #1093, #6243, #287 ) ;
#8974 = ADVANCED_FACE ( 'NONE', ( #7245 ), #4282, .T. ) ;
#8975 = VERTEX_POINT ( 'NONE', #4377 ) ;
#8976 = CARTESIAN_POINT ( 'NONE',  ( -13499.99999999999818, 1970.627566330085756, -637.0854464784586071 ) ) ;
#8977 = CARTESIAN_POINT ( 'NONE',  ( -1950.000000000000682, -341.8139511719357984, -960.0000000000002274 ) ) ;
#8978 = CARTESIAN_POINT ( 'NONE',  ( -14588.56810139493791, -725.0021062409357455, -757.0854464784603124 ) ) ;
#8979 = AXIS2_PLACEMENT_3D ( 'NONE', #5270, #8338, #1467 ) ;
#8980 = CARTESIAN_POINT ( 'NONE',  ( -8734.375000000005457, 989.9999999999984084, -960.0000000000002274 ) ) ;
#8981 = VERTEX_POINT ( 'NONE', #9690 ) ;
#8982 = ORIENTED_EDGE ( 'NONE', *, *, #5987, .T. ) ;
#8983 = EDGE_LOOP ( 'NONE', ( #4275, #4223 ) ) ;
#8984 = PLANE ( 'NONE',  #6802 ) ;
#8985 = DIRECTION ( 'NONE',  ( 0.000000000000000000, 0.000000000000000000, 1.000000000000000000 ) ) ;
#8986 = CARTESIAN_POINT ( 'NONE',  ( -4215.741725297261837, -989.9999999999993179, -960.0000000000002274 ) ) ;
#8987 = DIRECTION ( 'NONE',  ( 0.000000000000000000, -0.000000000000000000, 1.000000000000000000 ) ) ;
#8988 = ORIENTED_EDGE ( 'NONE', *, *, #5325, .F. ) ;
#8989 = EDGE_CURVE ( 'NONE', #3702, #3380, #9536, .T. ) ;
#8990 = DIRECTION ( 'NONE',  ( 1.000000000000000000, -1.190114376038054893E-16, 0.000000000000000000 ) ) ;
#8991 = CARTESIAN_POINT ( 'NONE',  ( -14156.10001622140953, -176.9719203373659866, -350.9999999999987494 ) ) ;
#8992 = DIRECTION ( 'NONE',  ( -1.053265169784349329E-32, 0.9185881544472646043, 0.3952161465694035702 ) ) ;
#8993 = LINE ( 'NONE', #433, #3608 ) ;
#8994 = EDGE_CURVE ( 'NONE', #5481, #7495, #5881, .T. ) ;
#8995 = CARTESIAN_POINT ( 'NONE',  ( -8984.375000000005457, 739.9999999999978400, -1135.000000000000227 ) ) ;
#8996 = CARTESIAN_POINT ( 'NONE',  ( -14299.99999999999818, 899.9999999999986358, -637.0854464784587208 ) ) ;
#8997 = ORIENTED_EDGE ( 'NONE', *, *, #2058, .T. ) ;
#8998 = ORIENTED_EDGE ( 'NONE', *, *, #1241, .T. ) ;
#8999 = EDGE_CURVE ( 'NONE', #5153, #170, #1037, .T. ) ;
#9000 = EDGE_CURVE ( 'NONE', #2944, #3131, #3423, .T. ) ;
#9001 = CARTESIAN_POINT ( 'NONE',  ( 0.000000000000000000, 0.000000000000000000, -960.0000000000002274 ) ) ;
#9002 = DIRECTION ( 'NONE',  ( 0.000000000000000000, 0.000000000000000000, 1.000000000000000000 ) ) ;
#9003 = DIRECTION ( 'NONE',  ( 1.000000000000000000, 6.162975822039151993E-33, 1.232595164407830946E-32 ) ) ;
#9004 = DIRECTION ( 'NONE',  ( 6.162975822039157467E-33, -1.000000000000000000, -2.775557561563032360E-16 ) ) ;
#9005 = ORIENTED_EDGE ( 'NONE', *, *, #6332, .F. ) ;
#9006 = ORIENTED_EDGE ( 'NONE', *, *, #820, .T. ) ;
#9007 = ORIENTED_EDGE ( 'NONE', *, *, #8170, .F. ) ;
#9008 = EDGE_CURVE ( 'NONE', #3093, #4843, #8043, .T. ) ;
#9009 = VECTOR ( 'NONE', #4535, 1000.000000000000000 ) ;
#9010 = CARTESIAN_POINT ( 'NONE',  ( -13680.00000000000000, -1970.627566330085983, -239.9999999999987779 ) ) ;
#9011 = DIRECTION ( 'NONE',  ( 1.000000000000000000, 6.162975822039151993E-33, 1.232595164407830946E-32 ) ) ;
#9012 = CARTESIAN_POINT ( 'NONE',  ( -8734.375000000005457, -989.9999999999990905, -1135.000000000000227 ) ) ;
#9013 = DIRECTION ( 'NONE',  ( 0.000000000000000000, -1.000000000000000000, 0.000000000000000000 ) ) ;
#9014 = ADVANCED_FACE ( 'NONE', ( #6540 ), #9640, .T. ) ;
#9015 = ADVANCED_FACE ( 'NONE', ( #5075 ), #1230, .F. ) ;
#9016 = CARTESIAN_POINT ( 'NONE',  ( -1950.000000000000682, 341.8139511719356847, -1135.000000000000227 ) ) ;
#9017 = CARTESIAN_POINT ( 'NONE',  ( -2553.008274702737253, 0.000000000000000000, -960.0000000000002274 ) ) ;
#9018 = ORIENTED_EDGE ( 'NONE', *, *, #1452, .T. ) ;
#9019 = CARTESIAN_POINT ( 'NONE',  ( -13899.99999999999818, 679.9999999999979536, -539.9999999999979536 ) ) ;
#9020 = VERTEX_POINT ( 'NONE', #7294 ) ;
#9021 = DIRECTION ( 'NONE',  ( 6.162975822038725719E-33, -1.000000000000000000, 3.475251659431239960E-14 ) ) ;
#9022 = DIRECTION ( 'NONE',  ( 1.232595164407830672E-32, 2.249385511977649118E-16, -1.000000000000000000 ) ) ;
#9023 = CYLINDRICAL_SURFACE ( 'NONE', #572, 99.99999999999964473 ) ;
#9024 = EDGE_CURVE ( 'NONE', #2670, #4826, #4228, .T. ) ;
#9025 = VERTEX_POINT ( 'NONE', #423 ) ;
#9026 = UNCERTAINTY_MEASURE_WITH_UNIT (LENGTH_MEASURE( 1.000000000000000082E-05 ), #4728, 'distance_accuracy_value', 'NONE');
#9027 = VERTEX_POINT ( 'NONE', #9589 ) ;
#9028 = VECTOR ( 'NONE', #3874, 1000.000000000000000 ) ;
#9029 = CARTESIAN_POINT ( 'NONE',  ( -14763.68599666425871, -875.0000000000000000, -910.0000000000001137 ) ) ;
#9030 = DIRECTION ( 'NONE',  ( 1.232595164407830672E-32, 2.775557561563032360E-16, -1.000000000000000000 ) ) ;
#9031 = DIRECTION ( 'NONE',  ( -1.000000000000000000, -1.850371707708594563E-16, 0.000000000000000000 ) ) ;
#9032 = CARTESIAN_POINT ( 'NONE',  ( -12166.15723917057585, 190.0000000000006821, -504.9802145985029256 ) ) ;
#9033 = ORIENTED_EDGE ( 'NONE', *, *, #5966, .T. ) ;
#9034 = EDGE_CURVE ( 'NONE', #4843, #1731, #479, .T. ) ;
#9035 = AXIS2_PLACEMENT_3D ( 'NONE', #9441, #9485, #2582 ) ;
#9036 = CARTESIAN_POINT ( 'NONE',  ( -1949.999999999999773, 241.8139511719357131, -1135.000000000000227 ) ) ;
#9037 = VECTOR ( 'NONE', #4438, 1000.000000000000000 ) ;
#9038 = DIRECTION ( 'NONE',  ( -1.000000000000000000, -6.162975822039151993E-33, -1.232595164407830946E-32 ) ) ;
#9039 = CIRCLE ( 'NONE', #7765, 250.0000000000000000 ) ;
#9040 = LINE ( 'NONE', #6744, #9525 ) ;
#9041 = EDGE_LOOP ( 'NONE', ( #1427, #7544, #2391, #4013, #8888, #6330, #492 ) ) ;
#9042 = AXIS2_PLACEMENT_3D ( 'NONE', #1200, #2899, #1250 ) ;
#9043 = CARTESIAN_POINT ( 'NONE',  ( -265.1845289799109651, 1189.999999999998408, -1503.936198047713560 ) ) ;
#9044 = EDGE_CURVE ( 'NONE', #8785, #4230, #6155, .T. ) ;
#9045 = CIRCLE ( 'NONE', #8401, 100.0000000000000853 ) ;
#9046 = CIRCLE ( 'NONE', #719, 6000.000000000000000 ) ;
#9047 = ORIENTED_EDGE ( 'NONE', *, *, #2784, .T. ) ;
#9048 = ORIENTED_EDGE ( 'NONE', *, *, #3212, .T. ) ;
#9049 = DIRECTION ( 'NONE',  ( 1.000000000000000000, 0.000000000000000000, 0.000000000000000000 ) ) ;
#9050 = FACE_OUTER_BOUND ( 'NONE', #4664, .T. ) ;
#9051 = CARTESIAN_POINT ( 'NONE',  ( -11880.00000000000182, -1970.627566330085756, -517.7941176470596929 ) ) ;
#9052 = FACE_OUTER_BOUND ( 'NONE', #8948, .T. ) ;
#9053 = ORIENTED_EDGE ( 'NONE', *, *, #6036, .T. ) ;
#9054 = ORIENTED_EDGE ( 'NONE', *, *, #8587, .T. ) ;
#9055 = ORIENTED_EDGE ( 'NONE', *, *, #7564, .T. ) ;
#9056 = STYLED_ITEM ( 'NONE', ( #8495 ), #351 ) ;
#9057 = EDGE_CURVE ( 'NONE', #1223, #5228, #2624, .T. ) ;
#9058 = CARTESIAN_POINT ( 'NONE',  ( -13250.00000000000000, 278.9021535255452022, -725.0000000000052296 ) ) ;
#9059 = CARTESIAN_POINT ( 'NONE',  ( -13728.58983848622483, 341.8139511719356847, -960.0000000000000000 ) ) ;
#9060 = CARTESIAN_POINT ( 'NONE',  ( -10244.74851850930827, 1089.999999999998181, -1009.999999999998181 ) ) ;
#9061 = DIRECTION ( 'NONE',  ( -1.232595164407830809E-32, 4.930380657631323784E-32, 1.000000000000000000 ) ) ;
#9062 = ORIENTED_EDGE ( 'NONE', *, *, #2555, .T. ) ;
#9063 = EDGE_CURVE ( 'NONE', #3014, #3492, #5318, .T. ) ;
#9064 = CARTESIAN_POINT ( 'NONE',  ( -8984.375000000005457, 989.9999999999978400, -960.0000000000002274 ) ) ;
#9065 = DIRECTION ( 'NONE',  ( -0.000000000000000000, 0.000000000000000000, 1.000000000000000000 ) ) ;
#9066 = AXIS2_PLACEMENT_3D ( 'NONE', #6624, #4366, #2869 ) ;
#9067 = EDGE_CURVE ( 'NONE', #3673, #6273, #723, .T. ) ;
#9068 = CARTESIAN_POINT ( 'NONE',  ( -14300.00000000001819, -899.9999999999986358, -763.9017955139175911 ) ) ;
#9069 = VERTEX_POINT ( 'NONE', #7492 ) ;
#9070 = EDGE_CURVE ( 'NONE', #2436, #1231, #3772, .T. ) ;
#9071 = CARTESIAN_POINT ( 'NONE',  ( -11611.43189860506391, 877.4999988432243754, -909.9999999999982947 ) ) ;
#9072 = CIRCLE ( 'NONE', #7000, 250.0000000000000000 ) ;
#9073 = DIRECTION ( 'NONE',  ( 0.000000000000000000, 0.000000000000000000, -1.000000000000000000 ) ) ;
#9074 = CARTESIAN_POINT ( 'NONE',  ( -14175.00000000000000, 875.0000000000000000, -980.0000000000001137 ) ) ;
#9075 = EDGE_LOOP ( 'NONE', ( #8744, #3315, #9892, #6241, #5981, #4942 ) ) ;
#9076 = VECTOR ( 'NONE', #1509, 1000.000000000000000 ) ;
#9077 = ADVANCED_FACE ( 'NONE', ( #8339 ), #6738, .T. ) ;
#9078 = DIRECTION ( 'NONE',  ( 0.000000000000000000, 0.000000000000000000, -1.000000000000000000 ) ) ;
#9079 = EDGE_CURVE ( 'NONE', #3501, #2786, #629, .T. ) ;
#9080 = CARTESIAN_POINT ( 'NONE',  ( -14763.68599666425871, -875.0000000000000000, -1210.000000000000000 ) ) ;
#9081 = LINE ( 'NONE', #2129, #7296 ) ;
#9082 = DIRECTION ( 'NONE',  ( 0.000000000000000000, 0.000000000000000000, 1.000000000000000000 ) ) ;
#9083 = VECTOR ( 'NONE', #9118, 1000.000000000000114 ) ;
#9084 = EDGE_LOOP ( 'NONE', ( #1600, #488, #7505, #4608, #7051, #1774 ) ) ;
#9085 = AXIS2_PLACEMENT_3D ( 'NONE', #8776, #7234, #5566 ) ;
#9086 = PLANE ( 'NONE',  #6691 ) ;
#9087 = VECTOR ( 'NONE', #70, 1000.000000000000000 ) ;
#9088 = VECTOR ( 'NONE', #3641, 1000.000000000000000 ) ;
#9089 = EDGE_CURVE ( 'NONE', #2384, #3674, #5850, .T. ) ;
#9090 = VERTEX_POINT ( 'NONE', #8381 ) ;
#9091 = LINE ( 'NONE', #9800, #6681 ) ;
#9092 = CIRCLE ( 'NONE', #1576, 250.0000000000000000 ) ;
#9093 = CARTESIAN_POINT ( 'NONE',  ( -13856.59988046646504, 295.9385695031826913, -504.9802145985045172 ) ) ;
#9094 = EDGE_LOOP ( 'NONE', ( #6892, #4671, #6268, #3307, #3751 ) ) ;
#9095 = EDGE_LOOP ( 'NONE', ( #5444, #1154, #2228, #3072 ) ) ;
#9096 = DIRECTION ( 'NONE',  ( 0.000000000000000000, 0.000000000000000000, 1.000000000000000000 ) ) ;
#9097 = LINE ( 'NONE', #9189, #6376 ) ;
#9098 = DIRECTION ( 'NONE',  ( 6.162975822039157467E-33, -1.000000000000000000, -2.249385511977649118E-16 ) ) ;
#9099 = FACE_OUTER_BOUND ( 'NONE', #4633, .T. ) ;
#9100 = LINE ( 'NONE', #688, #403 ) ;
#9101 = ORIENTED_EDGE ( 'NONE', *, *, #8636, .T. ) ;
#9102 = VECTOR ( 'NONE', #253, 1000.000000000000000 ) ;
#9103 = ORIENTED_EDGE ( 'NONE', *, *, #7290, .T. ) ;
#9104 = VERTEX_POINT ( 'NONE', #9791 ) ;
#9105 = CARTESIAN_POINT ( 'NONE',  ( 620.0000000000000000, -875.0000000000000000, -910.0000000000001137 ) ) ;
#9106 = CARTESIAN_POINT ( 'NONE',  ( -12750.00000000000000, 176.9719203373657592, -350.9999999999987494 ) ) ;
#9107 = DIRECTION ( 'NONE',  ( -1.432545838226008708E-17, 1.000000000000000000, -0.000000000000000000 ) ) ;
#9108 = FACE_OUTER_BOUND ( 'NONE', #5623, .T. ) ;
#9109 = EDGE_CURVE ( 'NONE', #1925, #8549, #6812, .T. ) ;
#9110 = CARTESIAN_POINT ( 'NONE',  ( -12143.40011953353496, -725.0021062409357455, -757.0854464784603124 ) ) ;
#9111 = CARTESIAN_POINT ( 'NONE',  ( -11661.34256363902023, 1077.499998843224375, -757.0854464784595166 ) ) ;
#9112 = VERTEX_POINT ( 'NONE', #7542 ) ;
#9113 = AXIS2_PLACEMENT_3D ( 'NONE', #3617, #9212, #3855 ) ;
#9114 = DIRECTION ( 'NONE',  ( 1.000000000000000000, 0.000000000000000000, 0.000000000000000000 ) ) ;
#9115 = ORIENTED_EDGE ( 'NONE', *, *, #1917, .T. ) ;
#9116 = ADVANCED_FACE ( 'NONE', ( #3726 ), #672, .T. ) ;
#9117 = LINE ( 'NONE', #3053, #486 ) ;
#9118 = DIRECTION ( 'NONE',  ( 7.357587744054750412E-33, -0.9950481186486286322, -0.09939437395458936009 ) ) ;
#9119 = DIRECTION ( 'NONE',  ( 6.265808957320107111E-17, -1.000000000000000000, 0.000000000000000000 ) ) ;
#9120 = MECHANICAL_DESIGN_GEOMETRIC_PRESENTATION_REPRESENTATION (  '', ( #3688 ), #2573 ) ;
#9121 = ADVANCED_FACE ( 'NONE', ( #4431 ), #8433, .F. ) ;
#9122 = ORIENTED_EDGE ( 'NONE', *, *, #967, .T. ) ;
#9123 = ORIENTED_EDGE ( 'NONE', *, *, #6427, .F. ) ;
#9124 = ORIENTED_EDGE ( 'NONE', *, *, #4863, .T. ) ;
#9125 = LINE ( 'NONE', #7631, #1724 ) ;
#9126 = CIRCLE ( 'NONE', #339, 99.99999999999964473 ) ;
#9127 = FACE_OUTER_BOUND ( 'NONE', #336, .T. ) ;
#9128 = CARTESIAN_POINT ( 'NONE',  ( -9556.250000000003638, -740.0000000000002274, -1135.000000000000227 ) ) ;
#9129 = FACE_OUTER_BOUND ( 'NONE', #7866, .T. ) ;
#9130 = ORIENTED_EDGE ( 'NONE', *, *, #2503, .T. ) ;
#9131 = VECTOR ( 'NONE', #3184, 1000.000000000000000 ) ;
#9132 = EDGE_CURVE ( 'NONE', #7926, #4087, #9745, .T. ) ;
#9133 = EDGE_CURVE ( 'NONE', #225, #2178, #1511, .T. ) ;
#9134 = DIRECTION ( 'NONE',  ( -6.162975822039157467E-33, 1.000000000000000000, 2.775557561563032360E-16 ) ) ;
#9135 = ORIENTED_EDGE ( 'NONE', *, *, #7473, .T. ) ;
#9136 = LINE ( 'NONE', #6699, #3792 ) ;
#9137 = DIRECTION ( 'NONE',  ( 6.162975822039157467E-33, -1.000000000000000000, -2.249385511977649118E-16 ) ) ;
#9138 = ORIENTED_EDGE ( 'NONE', *, *, #2104, .T. ) ;
#9139 = AXIS2_PLACEMENT_3D ( 'NONE', #6596, #483, #529 ) ;
#9140 = VECTOR ( 'NONE', #741, 1000.000000000000000 ) ;
#9141 = ORIENTED_EDGE ( 'NONE', *, *, #4527, .T. ) ;
#9142 = SHELL_BASED_SURFACE_MODEL ( 'NONE', ( #7291 ) );
#9143 = CARTESIAN_POINT ( 'NONE',  ( -11825.00000000000182, 1189.999999999998408, -960.0000000000002274 ) ) ;
#9144 = DIRECTION ( 'NONE',  ( -1.000000000000000000, -6.162975822039151993E-33, -1.232595164407830946E-32 ) ) ;
#9145 = EDGE_CURVE ( 'NONE', #6116, #5969, #7130, .T. ) ;
#9146 = DIRECTION ( 'NONE',  ( 1.000000000000000000, 0.000000000000000000, -0.000000000000000000 ) ) ;
#9147 = CYLINDRICAL_SURFACE ( 'NONE', #1379, 277.7941176470602045 ) ;
#9148 = LINE ( 'NONE', #5242, #1049 ) ;
#9149 = ORIENTED_EDGE ( 'NONE', *, *, #6081, .F. ) ;
#9150 = ORIENTED_EDGE ( 'NONE', *, *, #6915, .F. ) ;
#9151 = ORIENTED_EDGE ( 'NONE', *, *, #8963, .F. ) ;
#9152 = FACE_OUTER_BOUND ( 'NONE', #3244, .T. ) ;
#9153 = LINE ( 'NONE', #8407, #2157 ) ;
#9154 = FACE_OUTER_BOUND ( 'NONE', #1305, .T. ) ;
#9155 = LINE ( 'NONE', #8558, #1894 ) ;
#9156 = VECTOR ( 'NONE', #4961, 1000.000000000000114 ) ;
#9157 = ORIENTED_EDGE ( 'NONE', *, *, #5001, .T. ) ;
#9158 = VERTEX_POINT ( 'NONE', #2174 ) ;
#9159 = EDGE_CURVE ( 'NONE', #9581, #5292, #6027, .T. ) ;
#9160 = EDGE_LOOP ( 'NONE', ( #894, #7665, #735, #7698, #7043, #1434, #975, #1790 ) ) ;
#9161 = CARTESIAN_POINT ( 'NONE',  ( -13856.59988046646504, 190.0000000000006821, -623.7872381793357590 ) ) ;
#9162 = CARTESIAN_POINT ( 'NONE',  ( -11611.43189860506391, 877.4999988432243754, -757.0854464784598576 ) ) ;
#9163 = ORIENTED_EDGE ( 'NONE', *, *, #9381, .F. ) ;
#9164 = ORIENTED_EDGE ( 'NONE', *, *, #550, .T. ) ;
#9165 = FACE_OUTER_BOUND ( 'NONE', #9321, .T. ) ;
#9166 = EDGE_CURVE ( 'NONE', #5853, #5720, #9081, .T. ) ;
#9167 = DIRECTION ( 'NONE',  ( 1.000000000000000000, 0.000000000000000000, 0.000000000000000000 ) ) ;
#9168 = DIRECTION ( 'NONE',  ( -1.232595164407830672E-32, -2.775557561563032360E-16, 1.000000000000000000 ) ) ;
#9169 = ORIENTED_EDGE ( 'NONE', *, *, #361, .F. ) ;
#9170 = DIRECTION ( 'NONE',  ( -1.000000000000000000, 0.000000000000000000, 0.000000000000000000 ) ) ;
#9171 = VERTEX_POINT ( 'NONE', #5271 ) ;
#9172 = ORIENTED_EDGE ( 'NONE', *, *, #997, .F. ) ;
#9173 = VERTEX_POINT ( 'NONE', #8236 ) ;
#9174 = LINE ( 'NONE', #1465, #3478 ) ;
#9175 = LINE ( 'NONE', #8486, #9614 ) ;
#9176 = EDGE_CURVE ( 'NONE', #170, #8005, #7586, .T. ) ;
#9177 = CARTESIAN_POINT ( 'NONE',  ( 0.000000000000000000, -875.0000000000000000, -1060.000000000000000 ) ) ;
#9178 = CARTESIAN_POINT ( 'NONE',  ( 588.6859966642593918, -875.0000000000000000, -910.0000000000001137 ) ) ;
#9179 = EDGE_LOOP ( 'NONE', ( #7285, #1752, #4889, #7637, #7183 ) ) ;
#9180 = CARTESIAN_POINT ( 'NONE',  ( -12225.00000000000182, -899.9999999999998863, -910.0000000000001137 ) ) ;
#9181 = AXIS2_PLACEMENT_3D ( 'NONE', #1491, #2396, #1595 ) ;
#9182 = DIRECTION ( 'NONE',  ( 1.000000000000000000, -0.000000000000000000, 0.000000000000000000 ) ) ;
#9183 = EDGE_CURVE ( 'NONE', #922, #8440, #715, .T. ) ;
#9184 = EDGE_CURVE ( 'NONE', #6508, #4156, #9045, .T. ) ;
#9185 = VECTOR ( 'NONE', #4184, 1000.000000000000000 ) ;
#9186 = ORIENTED_EDGE ( 'NONE', *, *, #2753, .T. ) ;
#9187 = VERTEX_POINT ( 'NONE', #5703 ) ;
#9188 = CARTESIAN_POINT ( 'NONE',  ( -11411.43189860506209, -725.0021062409357455, -757.0854464784603124 ) ) ;
#9189 = CARTESIAN_POINT ( 'NONE',  ( -12500.00000000000182, 1970.627566330085756, -637.0854464784586071 ) ) ;
#9190 = CARTESIAN_POINT ( 'NONE',  ( -13000.00000000000000, -899.9999999999986358, -860.0000000000231921 ) ) ;
#9191 = CARTESIAN_POINT ( 'NONE',  ( -14175.00000000000000, -875.0000000000000000, -980.0000000000001137 ) ) ;
#9192 = LINE ( 'NONE', #1531, #6805 ) ;
#9193 = ORIENTED_EDGE ( 'NONE', *, *, #9133, .T. ) ;
#9194 = EDGE_LOOP ( 'NONE', ( #4309, #6063, #1488, #2876 ) ) ;
#9195 = AXIS2_PLACEMENT_3D ( 'NONE', #8195, #1327, #576 ) ;
#9196 = ORIENTED_EDGE ( 'NONE', *, *, #2654, .T. ) ;
#9197 = AXIS2_PLACEMENT_3D ( 'NONE', #8051, #5785, #8844 ) ;
#9198 = EDGE_CURVE ( 'NONE', #734, #9738, #1109, .T. ) ;
#9199 = DIRECTION ( 'NONE',  ( 0.000000000000000000, 0.000000000000000000, 1.000000000000000000 ) ) ;
#9200 = CARTESIAN_POINT ( 'NONE',  ( -11349.93198115552332, 1189.999999999997726, 5040.000000000000000 ) ) ;
#9201 = CARTESIAN_POINT ( 'NONE',  ( -12475.00000000000182, 739.9999999999984084, -960.0000000000000000 ) ) ;
#9202 = DIRECTION ( 'NONE',  ( -1.000000000000000000, -0.000000000000000000, -0.000000000000000000 ) ) ;
#9203 = VECTOR ( 'NONE', #2302, 1000.000000000000000 ) ;
#9204 = ORIENTED_EDGE ( 'NONE', *, *, #550, .F. ) ;
#9205 = ORIENTED_EDGE ( 'NONE', *, *, #7550, .T. ) ;
#9206 = CARTESIAN_POINT ( 'NONE',  ( -7362.500000000006366, 739.9999999999979536, -1135.000000000000227 ) ) ;
#9207 = CARTESIAN_POINT ( 'NONE',  ( -13856.59988046646504, -1077.499998843224375, -757.0854464784604261 ) ) ;
#9208 = PRODUCT_DEFINITION_FORMATION_WITH_SPECIFIED_SOURCE ( 'TUTTO', '', #675, .NOT_KNOWN. ) ;
#9209 = ORIENTED_EDGE ( 'NONE', *, *, #6811, .T. ) ;
#9210 = ORIENTED_EDGE ( 'NONE', *, *, #9070, .F. ) ;
#9211 = EDGE_CURVE ( 'NONE', #8877, #8705, #1720, .T. ) ;
#9212 = DIRECTION ( 'NONE',  ( -2.453693674745796445E-16, 0.000000000000000000, -1.000000000000000000 ) ) ;
#9213 = DIRECTION ( 'NONE',  ( 0.000000000000000000, 0.000000000000000000, 1.000000000000000000 ) ) ;
#9214 = CARTESIAN_POINT ( 'NONE',  ( -13856.59988046646504, 1077.499998843224375, -637.0854464784587208 ) ) ;
#9215 = CARTESIAN_POINT ( 'NONE',  ( -5576.316527040902656, -1189.999999999998408, -760.0000000000010232 ) ) ;
#9216 = DIRECTION ( 'NONE',  ( 1.000000000000000000, 0.000000000000000000, 0.000000000000000000 ) ) ;
#9217 = ORIENTED_EDGE ( 'NONE', *, *, #410, .F. ) ;
#9218 = VERTEX_POINT ( 'NONE', #2421 ) ;
#9219 = DIRECTION ( 'NONE',  ( -1.000000000000000000, -6.162975822039151993E-33, -1.232595164407830946E-32 ) ) ;
#9220 = CIRCLE ( 'NONE', #4910, 80.00000000000007105 ) ;
#9221 = DIRECTION ( 'NONE',  ( -1.432545838226008708E-17, 1.000000000000000000, -0.000000000000000000 ) ) ;
#9222 = DIRECTION ( 'NONE',  ( 0.000000000000000000, -0.9854601157443478865, 0.1699069165076472210 ) ) ;
#9223 = CARTESIAN_POINT ( 'NONE',  ( -10294.74851850930827, 5431.508564030777052, -1009.999999999998181 ) ) ;
#9224 = AXIS2_PLACEMENT_3D ( 'NONE', #4318, #5862, #8920 ) ;
#9225 = VERTEX_POINT ( 'NONE', #4209 ) ;
#9226 = AXIS2_PLACEMENT_3D ( 'NONE', #4927, #1825, #7347 ) ;
#9227 = LINE ( 'NONE', #6032, #4125 ) ;
#9228 = EDGE_CURVE ( 'NONE', #9859, #9384, #8487, .T. ) ;
#9229 = CARTESIAN_POINT ( 'NONE',  ( -2350.000000000000455, -800.0000000000000000, -910.0000000000001137 ) ) ;
#9230 = AXIS2_PLACEMENT_3D ( 'NONE', #1353, #4314, #7378 ) ;
#9231 = AXIS2_PLACEMENT_3D ( 'NONE', #6982, #107, #6226 ) ;
#9232 = SURFACE_SIDE_STYLE ('',( #4532 ) ) ;
#9233 = VERTEX_POINT ( 'NONE', #397 ) ;
#9234 = VERTEX_POINT ( 'NONE', #5005 ) ;
#9235 = DIRECTION ( 'NONE',  ( 1.232595164407830672E-32, 2.775557561563032360E-16, -1.000000000000000000 ) ) ;
#9236 = CARTESIAN_POINT ( 'NONE',  ( 620.0000000000000000, -875.0000000000000000, -1210.000000000000000 ) ) ;
#9237 = VECTOR ( 'NONE', #3348, 1000.000000000000114 ) ;
#9238 = LINE ( 'NONE', #3698, #925 ) ;
#9239 = CARTESIAN_POINT ( 'NONE',  ( -13899.99999999999818, 1054.999999999997272, -539.9999999999978400 ) ) ;
#9240 = AXIS2_PLACEMENT_3D ( 'NONE', #3185, #9301, #6861 ) ;
#9241 = EDGE_CURVE ( 'NONE', #3757, #7155, #353, .T. ) ;
#9242 = DIRECTION ( 'NONE',  ( -0.000000000000000000, 0.000000000000000000, 1.000000000000000000 ) ) ;
#9243 = ORIENTED_EDGE ( 'NONE', *, *, #544, .F. ) ;
#9244 = ORIENTED_EDGE ( 'NONE', *, *, #738, .F. ) ;
#9245 = VERTEX_POINT ( 'NONE', #102 ) ;
#9246 = ORIENTED_EDGE ( 'NONE', *, *, #3795, .T. ) ;
#9247 = AXIS2_PLACEMENT_3D ( 'NONE', #1829, #8500, #6440 ) ;
#9248 = PLANE ( 'NONE',  #1930 ) ;
#9249 = DIRECTION ( 'NONE',  ( 0.000000000000000000, 0.000000000000000000, -1.000000000000000000 ) ) ;
#9250 = DIRECTION ( 'NONE',  ( 2.450878090891695175E-33, -0.9597039290011752932, 0.2810131111882628319 ) ) ;
#9251 = FACE_OUTER_BOUND ( 'NONE', #8456, .T. ) ;
#9252 = VERTEX_POINT ( 'NONE', #6516 ) ;
#9253 = ORIENTED_EDGE ( 'NONE', *, *, #6415, .T. ) ;
#9254 = VECTOR ( 'NONE', #8596, 1000.000000000000000 ) ;
#9255 = VERTEX_POINT ( 'NONE', #3455 ) ;
#9256 = DIRECTION ( 'NONE',  ( 0.000000000000000000, 0.000000000000000000, -1.000000000000000000 ) ) ;
#9257 = EDGE_CURVE ( 'NONE', #750, #1714, #8584, .T. ) ;
#9258 = DIRECTION ( 'NONE',  ( 1.232595164407830672E-32, 2.775557561563032360E-16, -1.000000000000000000 ) ) ;
#9259 = ADVANCED_FACE ( 'NONE', ( #6168 ), #8070, .T. ) ;
#9260 = ORIENTED_EDGE ( 'NONE', *, *, #1722, .F. ) ;
#9261 = ORIENTED_EDGE ( 'NONE', *, *, #4906, .T. ) ;
#9262 = FACE_OUTER_BOUND ( 'NONE', #1019, .T. ) ;
#9263 = CARTESIAN_POINT ( 'NONE',  ( -13250.00000000000000, -278.9021535255452022, -725.0000000000053433 ) ) ;
#9264 = ORIENTED_EDGE ( 'NONE', *, *, #2571, .F. ) ;
#9265 = DIRECTION ( 'NONE',  ( 1.000000000000000000, 0.000000000000000000, 6.245004513516500018E-15 ) ) ;
#9266 = CARTESIAN_POINT ( 'NONE',  ( -11611.43189860506391, -1077.499998843224375, -757.0854464784604261 ) ) ;
#9267 = DIRECTION ( 'NONE',  ( -1.432545838226008708E-17, 1.000000000000000000, -0.000000000000000000 ) ) ;
#9268 = EDGE_CURVE ( 'NONE', #8569, #2670, #9514, .T. ) ;
#9269 = AXIS2_PLACEMENT_3D ( 'NONE', #4164, #2658, #1155 ) ;
#9270 = ORIENTED_EDGE ( 'NONE', *, *, #7499, .F. ) ;
#9271 = CARTESIAN_POINT ( 'NONE',  ( -5440.624999999995453, 989.9999999999984084, -1135.000000000000227 ) ) ;
#9272 = LINE ( 'NONE', #2420, #8814 ) ;
#9273 = DIRECTION ( 'NONE',  ( -0.000000000000000000, 1.000000000000000000, -0.000000000000000000 ) ) ;
#9274 = DIRECTION ( 'NONE',  ( 0.000000000000000000, 1.000000000000000000, 0.000000000000000000 ) ) ;
#9275 = VECTOR ( 'NONE', #8749, 1000.000000000000000 ) ;
#9276 = ORIENTED_EDGE ( 'NONE', *, *, #4201, .F. ) ;
#9277 = CARTESIAN_POINT ( 'NONE',  ( -2350.000000000000455, 800.0000000000000000, -910.0000000000001137 ) ) ;
#9278 = VECTOR ( 'NONE', #1022, 1000.000000000000114 ) ;
#9279 = FACE_OUTER_BOUND ( 'NONE', #7466, .T. ) ;
#9280 = DIRECTION ( 'NONE',  ( 6.162975822039157467E-33, -1.000000000000000000, -2.775557561563032360E-16 ) ) ;
#9281 = EDGE_CURVE ( 'NONE', #9735, #2943, #6464, .T. ) ;
#9282 = DIRECTION ( 'NONE',  ( 0.000000000000000000, 0.000000000000000000, 1.000000000000000000 ) ) ;
#9283 = VERTEX_POINT ( 'NONE', #1205 ) ;
#9284 = AXIS2_PLACEMENT_3D ( 'NONE', #8033, #1167, #2570 ) ;
#9285 = ORIENTED_EDGE ( 'NONE', *, *, #7994, .F. ) ;
#9286 = LINE ( 'NONE', #6339, #8941 ) ;
#9287 = CARTESIAN_POINT ( 'NONE',  ( -10825.00000000000182, -990.0000000000004547, -960.0000000000002274 ) ) ;
#9288 = CARTESIAN_POINT ( 'NONE',  ( -14119.99999999999818, -814.9999999999974989, -239.9999999999984368 ) ) ;
#9289 = FACE_OUTER_BOUND ( 'NONE', #8652, .T. ) ;
#9290 = ADVANCED_FACE ( 'NONE', ( #9326 ), #4669, .F. ) ;
#9291 = ORIENTED_EDGE ( 'NONE', *, *, #4837, .F. ) ;
#9292 = VERTEX_POINT ( 'NONE', #2659 ) ;
#9293 = ORIENTED_EDGE ( 'NONE', *, *, #1195, .F. ) ;
#9294 = ORIENTED_EDGE ( 'NONE', *, *, #4964, .T. ) ;
#9295 = DIRECTION ( 'NONE',  ( 1.000000000000000000, 0.000000000000000000, 0.000000000000000000 ) ) ;
#9296 = DIRECTION ( 'NONE',  ( 6.265808957320107111E-17, -1.000000000000000000, 0.000000000000000000 ) ) ;
#9297 = EDGE_CURVE ( 'NONE', #9738, #9158, #9364, .T. ) ;
#9298 = LINE ( 'NONE', #5295, #7915 ) ;
#9299 = EDGE_CURVE ( 'NONE', #5403, #379, #3110, .T. ) ;
#9300 = LINE ( 'NONE', #2498, #3863 ) ;
#9301 = DIRECTION ( 'NONE',  ( -1.232595164407830672E-32, -2.775557561563032360E-16, 1.000000000000000000 ) ) ;
#9302 = ORIENTED_EDGE ( 'NONE', *, *, #6143, .F. ) ;
#9303 = ORIENTED_EDGE ( 'NONE', *, *, #2654, .F. ) ;
#9304 = CARTESIAN_POINT ( 'NONE',  ( -11499.99999999997999, -747.0986934586336474, -637.0854464784592892 ) ) ;
#9305 = ORIENTED_EDGE ( 'NONE', *, *, #1418, .F. ) ;
#9306 = DIRECTION ( 'NONE',  ( 1.232595164407830672E-32, 2.775557561563032360E-16, -1.000000000000000000 ) ) ;
#9307 = CARTESIAN_POINT ( 'NONE',  ( -3930.251481490694459, -5431.508564030776142, -1059.999999999999091 ) ) ;
#9308 = ADVANCED_FACE ( 'NONE', ( #6271 ), #5423, .T. ) ;
#9309 = ORIENTED_EDGE ( 'NONE', *, *, #7065, .F. ) ;
#9310 = ORIENTED_EDGE ( 'NONE', *, *, #7677, .F. ) ;
#9311 = AXIS2_PLACEMENT_3D ( 'NONE', #6730, #9119, #7533 ) ;
#9312 = CARTESIAN_POINT ( 'NONE',  ( -12225.00000000000182, 1189.999999999998408, -960.0000000000002274 ) ) ;
#9313 = EDGE_CURVE ( 'NONE', #2935, #1141, #568, .T. ) ;
#9314 = ADVANCED_FACE ( 'NONE', ( #3909 ), #1668, .T. ) ;
#9315 = CARTESIAN_POINT ( 'NONE',  ( -1850.000000000000455, 341.8139511719356847, -960.0000000000000000 ) ) ;
#9316 = CIRCLE ( 'NONE', #5002, 6000.000000000000000 ) ;
#9317 = FACE_OUTER_BOUND ( 'NONE', #9497, .T. ) ;
#9318 = LINE ( 'NONE', #5359, #2871 ) ;
#9319 = DIRECTION ( 'NONE',  ( -0.000000000000000000, 0.000000000000000000, 1.000000000000000000 ) ) ;
#9320 = ORIENTED_EDGE ( 'NONE', *, *, #7042, .T. ) ;
#9321 = EDGE_LOOP ( 'NONE', ( #6190, #426, #8358, #3581 ) ) ;
#9322 = ORIENTED_EDGE ( 'NONE', *, *, #2902, .F. ) ;
#9323 = CARTESIAN_POINT ( 'NONE',  ( -14763.68599666425871, -875.0000000000000000, -1060.000000000000000 ) ) ;
#9324 = AXIS2_PLACEMENT_3D ( 'NONE', #307, #2662, #7980 ) ;
#9325 = DIRECTION ( 'NONE',  ( -9.433912312161293108E-33, 0.9581400679044365098, 0.2862998607685335872 ) ) ;
#9326 = FACE_OUTER_BOUND ( 'NONE', #5487, .T. ) ;
#9327 = EDGE_CURVE ( 'NONE', #2981, #6112, #159, .T. ) ;
#9328 = LINE ( 'NONE', #9223, #4777 ) ;
#9329 = ORIENTED_EDGE ( 'NONE', *, *, #8229, .F. ) ;
#9330 = VERTEX_POINT ( 'NONE', #7225 ) ;
#9331 = DIRECTION ( 'NONE',  ( -6.162975822039157467E-33, 1.000000000000000000, 2.775557561563032360E-16 ) ) ;
#9332 = LINE ( 'NONE', #5628, #9356 ) ;
#9333 = ADVANCED_FACE ( 'NONE', ( #3655 ), #5856, .F. ) ;
#9334 = EDGE_LOOP ( 'NONE', ( #366, #9138, #683, #3780 ) ) ;
#9335 = EDGE_LOOP ( 'NONE', ( #4774, #9452, #4064, #358 ) ) ;
#9336 = DIRECTION ( 'NONE',  ( -1.000000000000000000, 0.000000000000000000, 0.000000000000000000 ) ) ;
#9337 = LINE ( 'NONE', #2587, #1168 ) ;
#9338 = DIRECTION ( 'NONE',  ( 0.000000000000000000, 0.000000000000000000, -1.000000000000000000 ) ) ;
#9339 = CARTESIAN_POINT ( 'NONE',  ( -2350.000000000001364, 241.8139511719357131, -960.0000000000002274 ) ) ;
#9340 = EDGE_LOOP ( 'NONE', ( #5069, #7664, #5314, #1255 ) ) ;
#9341 = VERTEX_POINT ( 'NONE', #3707 ) ;
#9342 = ORIENTED_EDGE ( 'NONE', *, *, #9482, .T. ) ;
#9343 = ORIENTED_EDGE ( 'NONE', *, *, #5789, .F. ) ;
#9344 = CARTESIAN_POINT ( 'NONE',  ( -13899.99999999999818, 190.0000000000006537, -459.9999999999981242 ) ) ;
#9345 = AXIS2_PLACEMENT_3D ( 'NONE', #3183, #3135, #6195 ) ;
#9346 = CARTESIAN_POINT ( 'NONE',  ( -6240.624999999996362, 989.9999999999979536, -960.0000000000010232 ) ) ;
#9347 = LINE ( 'NONE', #2497, #4386 ) ;
#9348 = DIRECTION ( 'NONE',  ( -1.232595164407830672E-32, -2.775557561563032360E-16, 1.000000000000000000 ) ) ;
#9349 = CARTESIAN_POINT ( 'NONE',  ( -6812.499999999994543, 739.9999999999979536, -960.0000000000002274 ) ) ;
#9350 = VECTOR ( 'NONE', #2907, 1000.000000000000000 ) ;
#9351 = VERTEX_POINT ( 'NONE', #5056 ) ;
#9352 = ORIENTED_EDGE ( 'NONE', *, *, #2950, .F. ) ;
#9353 = CARTESIAN_POINT ( 'NONE',  ( -4318.749999999996362, 708.0847830052794052, -960.0000000000002274 ) ) ;
#9354 = ORIENTED_EDGE ( 'NONE', *, *, #1468, .F. ) ;
#9355 = CARTESIAN_POINT ( 'NONE',  ( -13856.59988046646504, 1077.499998843224375, -637.0854464784587208 ) ) ;
#9356 = VECTOR ( 'NONE', #6436, 1000.000000000000000 ) ;
#9357 = DIRECTION ( 'NONE',  ( 0.000000000000000000, 0.000000000000000000, 1.000000000000000000 ) ) ;
#9358 = VECTOR ( 'NONE', #6549, 1000.000000000000000 ) ;
#9359 = EDGE_CURVE ( 'NONE', #4842, #879, #2652, .T. ) ;
#9360 = EDGE_LOOP ( 'NONE', ( #7654, #4663, #1901, #7802 ) ) ;
#9361 = ORIENTED_EDGE ( 'NONE', *, *, #6863, .T. ) ;
#9362 = VECTOR ( 'NONE', #9003, 1000.000000000000000 ) ;
#9363 = DIRECTION ( 'NONE',  ( 1.000000000000000000, 0.000000000000000000, 0.000000000000000000 ) ) ;
#9364 = CIRCLE ( 'NONE', #2016, 200.0000000000000000 ) ;
#9365 = DIRECTION ( 'NONE',  ( 0.000000000000000000, -0.000000000000000000, 1.000000000000000000 ) ) ;
#9366 = CIRCLE ( 'NONE', #724, 99.99999999999964473 ) ;
#9367 = ADVANCED_FACE ( 'NONE', ( #2060 ), #7327, .F. ) ;
#9368 = LINE ( 'NONE', #1, #4036 ) ;
#9369 = DIRECTION ( 'NONE',  ( 0.000000000000000000, -0.000000000000000000, 1.000000000000000000 ) ) ;
#9370 = LINE ( 'NONE', #3359, #694 ) ;
#9371 = AXIS2_PLACEMENT_3D ( 'NONE', #6341, #6397, #1788 ) ;
#9372 = ADVANCED_FACE ( 'NONE', ( #2802 ), #2005, .F. ) ;
#9373 = EDGE_CURVE ( 'NONE', #6238, #1226, #4722, .T. ) ;
#9374 = VERTEX_POINT ( 'NONE', #7421 ) ;
#9375 = ORIENTED_EDGE ( 'NONE', *, *, #7880, .F. ) ;
#9376 = CARTESIAN_POINT ( 'NONE',  ( -12320.00000000000000, -1077.499998843224603, -239.9999999999985505 ) ) ;
#9377 = LINE ( 'NONE', #2522, #7056 ) ;
#9378 = DIRECTION ( 'NONE',  ( -0.000000000000000000, 0.000000000000000000, 1.000000000000000000 ) ) ;
#9379 = ORIENTED_EDGE ( 'NONE', *, *, #7090, .F. ) ;
#9380 = ORIENTED_EDGE ( 'NONE', *, *, #7687, .F. ) ;
#9381 = EDGE_CURVE ( 'NONE', #5563, #7116, #8264, .T. ) ;
#9382 = VECTOR ( 'NONE', #3569, 1000.000000000000000 ) ;
#9383 = ADVANCED_FACE ( 'NONE', ( #8121 ), #3603, .F. ) ;
#9384 = VERTEX_POINT ( 'NONE', #5156 ) ;
#9385 = CARTESIAN_POINT ( 'NONE',  ( -7934.375000000004547, -989.9999999999997726, -1135.000000000000227 ) ) ;
#9386 = DIRECTION ( 'NONE',  ( -0.000000000000000000, -0.9901138386947148096, -0.1402661271484180183 ) ) ;
#9387 = DIRECTION ( 'NONE',  ( -1.000000000000000000, 0.000000000000000000, 1.406570332511357463E-16 ) ) ;
#9388 = CARTESIAN_POINT ( 'NONE',  ( 0.000000000000000000, 0.000000000000000000, 0.000000000000000000 ) ) ;
#9389 = ORIENTED_EDGE ( 'NONE', *, *, #6247, .F. ) ;
#9390 = VECTOR ( 'NONE', #3070, 1000.000000000000000 ) ;
#9391 = EDGE_LOOP ( 'NONE', ( #9532, #7766, #4600, #9047 ) ) ;
#9392 = DIRECTION ( 'NONE',  ( 0.000000000000000000, -0.000000000000000000, 1.000000000000000000 ) ) ;
#9393 = CARTESIAN_POINT ( 'NONE',  ( -14500.00000000002001, -699.9999999999986358, -623.2943698956134995 ) ) ;
#9394 = DIRECTION ( 'NONE',  ( 6.265808957320107111E-17, 1.000000000000000000, 0.000000000000000000 ) ) ;
#9395 = CARTESIAN_POINT ( 'NONE',  ( -14119.99999999999818, 1970.627566330085529, -239.9999999999976694 ) ) ;
#9396 = ADVANCED_FACE ( 'NONE', ( #5249 ), #9617, .F. ) ;
#9397 = ORIENTED_EDGE ( 'NONE', *, *, #1125, .F. ) ;
#9399 = VERTEX_POINT ( 'NONE', #503 ) ;
#9398 = VECTOR ( 'NONE', #3248, 1000.000000000000000 ) ;
#9400 = ORIENTED_EDGE ( 'NONE', *, *, #2116, .T. ) ;
#9401 = VERTEX_POINT ( 'NONE', #8862 ) ;
#9402 = VECTOR ( 'NONE', #6491, 1000.000000000000114 ) ;
#9403 = DIRECTION ( 'NONE',  ( -6.162975822039157467E-33, 1.000000000000000000, 3.301729611148415602E-16 ) ) ;
#9404 = FACE_OUTER_BOUND ( 'NONE', #8645, .T. ) ;
#9405 = CARTESIAN_POINT ( 'NONE',  ( 588.6859966642593918, -875.0000000000000000, -980.0000000000001137 ) ) ;
#9406 = VECTOR ( 'NONE', #4157, 1000.000000000000000 ) ;
#9407 = LINE ( 'NONE', #2553, #1968 ) ;
#9408 = CARTESIAN_POINT ( 'NONE',  ( -265.1845289799109651, 1189.999999999998408, -1503.936198047713560 ) ) ;
#9409 = AXIS2_PLACEMENT_3D ( 'NONE', #6875, #9919, #9167 ) ;
#9410 = ORIENTED_EDGE ( 'NONE', *, *, #258, .T. ) ;
#9411 = FACE_OUTER_BOUND ( 'NONE', #8436, .T. ) ;
#9412 = ORIENTED_EDGE ( 'NONE', *, *, #6164, .F. ) ;
#9413 = CARTESIAN_POINT ( 'NONE',  ( -9856.250000000005457, 560.2425708315851125, -1135.000000000001137 ) ) ;
#9414 = CARTESIAN_POINT ( 'NONE',  ( -14388.56810139493609, -877.4999988432243754, -757.0854464784603124 ) ) ;
#9415 = VERTEX_POINT ( 'NONE', #7521 ) ;
#9416 = AXIS2_PLACEMENT_3D ( 'NONE', #9463, #8562, #1896 ) ;
#9417 = CIRCLE ( 'NONE', #9240, 199.9999999999999432 ) ;
#9418 = LINE ( 'NONE', #3354, #1440 ) ;
#9419 = PLANE ( 'NONE',  #3313 ) ;
#9420 = VECTOR ( 'NONE', #8243, 1000.000000000000000 ) ;
#9421 = EDGE_CURVE ( 'NONE', #7582, #6438, #6717, .T. ) ;
#9422 = LINE ( 'NONE', #3512, #2137 ) ;
#9423 = VECTOR ( 'NONE', #5401, 1000.000000000000000 ) ;
#9424 = CARTESIAN_POINT ( 'NONE',  ( -5576.316527040902656, 5431.508564030776142, -760.0000000000010232 ) ) ;
#9425 = VECTOR ( 'NONE', #9378, 1000.000000000000000 ) ;
#9426 = DIRECTION ( 'NONE',  ( -1.000000000000000000, -6.162975822039151993E-33, -1.232595164407830946E-32 ) ) ;
#9427 = EDGE_LOOP ( 'NONE', ( #1624, #9329, #1562, #1940 ) ) ;
#9428 = EDGE_CURVE ( 'NONE', #162, #4897, #3558, .T. ) ;
#9429 = EDGE_LOOP ( 'NONE', ( #1189, #7735, #6813, #8224 ) ) ;
#9430 = DIRECTION ( 'NONE',  ( -6.162975822039157467E-33, 1.000000000000000000, 2.775557561563032360E-16 ) ) ;
#9431 = PLANE ( 'NONE',  #9284 ) ;
#9432 = DIRECTION ( 'NONE',  ( 0.000000000000000000, -0.000000000000000000, -1.000000000000000000 ) ) ;
#9433 = EDGE_CURVE ( 'NONE', #4215, #8628, #6657, .T. ) ;
#9434 = EDGE_CURVE ( 'NONE', #8959, #8538, #7935, .T. ) ;
#9435 = ORIENTED_EDGE ( 'NONE', *, *, #6768, .F. ) ;
#9436 = ORIENTED_EDGE ( 'NONE', *, *, #3563, .T. ) ;
#9437 = VERTEX_POINT ( 'NONE', #1351 ) ;
#9438 = CARTESIAN_POINT ( 'NONE',  ( -11621.99172529726275, 0.000000000000000000, -960.0000000000002274 ) ) ;
#9439 = VECTOR ( 'NONE', #9630, 1000.000000000000000 ) ;
#9440 = DIRECTION ( 'NONE',  ( -1.000000000000000000, -1.850371707708594563E-16, 0.000000000000000000 ) ) ;
#9441 = CARTESIAN_POINT ( 'NONE',  ( -12100.00000000000182, 814.9999999999972715, -459.9999999999978968 ) ) ;
#9442 =( NAMED_UNIT ( * ) SI_UNIT ( $, .STERADIAN. ) SOLID_ANGLE_UNIT ( ) );
#9443 = EDGE_CURVE ( 'NONE', #74, #4903, #6614, .T. ) ;
#9444 = EDGE_LOOP ( 'NONE', ( #9600, #7297 ) ) ;
#9445 = EDGE_CURVE ( 'NONE', #4890, #7837, #4402, .T. ) ;
#9446 = VERTEX_POINT ( 'NONE', #8317 ) ;
#9447 = FACE_OUTER_BOUND ( 'NONE', #6834, .T. ) ;
#9448 = FACE_OUTER_BOUND ( 'NONE', #6094, .T. ) ;
#9449 = AXIS2_PLACEMENT_3D ( 'NONE', #7955, #3182, #6350 ) ;
#9450 = CARTESIAN_POINT ( 'NONE',  ( -13856.59988046646504, -190.0000000000007674, -504.9802145985029256 ) ) ;
#9451 = CARTESIAN_POINT ( 'NONE',  ( -2600.000000000001364, 739.9999999999982947, -960.0000000000002274 ) ) ;
#9452 = ORIENTED_EDGE ( 'NONE', *, *, #2116, .F. ) ;
#9453 = ORIENTED_EDGE ( 'NONE', *, *, #6920, .F. ) ;
#9454 = VERTEX_POINT ( 'NONE', #4261 ) ;
#9455 = PLANE ( 'NONE',  #1404 ) ;
#9456 = VECTOR ( 'NONE', #962, 1000.000000000000114 ) ;
#9457 = CARTESIAN_POINT ( 'NONE',  ( -9306.250000000003638, 989.9999999999978400, -960.0000000000005684 ) ) ;
#9458 = CYLINDRICAL_SURFACE ( 'NONE', #3754, 5900.000000000000000 ) ;
#9459 = DIRECTION ( 'NONE',  ( -4.907327249939348575E-33, 0.9950481186486286322, -0.09939437395458880498 ) ) ;
#9460 = EDGE_CURVE ( 'NONE', #785, #2585, #6567, .T. ) ;
#9461 = LINE ( 'NONE', #1042, #2216 ) ;
#9462 = EDGE_LOOP ( 'NONE', ( #5260, #3838, #6705, #4940 ) ) ;
#9463 = CARTESIAN_POINT ( 'NONE',  ( -4218.749999999996362, 560.2425708315849988, -960.0000000000000000 ) ) ;
#9464 = VERTEX_POINT ( 'NONE', #7709 ) ;
#9465 = CARTESIAN_POINT ( 'NONE',  ( -9856.250000000005457, 708.0847830052794052, -960.0000000000002274 ) ) ;
#9466 = DIRECTION ( 'NONE',  ( 1.232595164407830672E-32, 2.775557561563032360E-16, -1.000000000000000000 ) ) ;
#9467 = EDGE_LOOP ( 'NONE', ( #6000, #3040, #116, #2813 ) ) ;
#9468 = DIRECTION ( 'NONE',  ( -6.162975822039157467E-33, 1.000000000000000000, 2.775557561563032360E-16 ) ) ;
#9469 = EDGE_CURVE ( 'NONE', #1480, #7286, #8510, .T. ) ;
#9470 = DIRECTION ( 'NONE',  ( -1.000000000000000000, 0.000000000000000000, 0.000000000000000000 ) ) ;
#9471 = CARTESIAN_POINT ( 'NONE',  ( -14588.56810139493791, -747.0986934586336474, -637.0854464784592892 ) ) ;
#9472 = DIRECTION ( 'NONE',  ( -1.000000000000000000, -6.162975822039151993E-33, -1.232595164407830946E-32 ) ) ;
#9473 = CARTESIAN_POINT ( 'NONE',  ( -12750.00000000000000, 190.0000000000006253, -350.9999999999987494 ) ) ;
#9474 = VERTEX_POINT ( 'NONE', #7659 ) ;
#9475 = EDGE_CURVE ( 'NONE', #7255, #7334, #6097, .T. ) ;
#9476 = CARTESIAN_POINT ( 'NONE',  ( -11825.00000000000000, 989.9999999999984084, -1135.000000000000227 ) ) ;
#9477 = DIRECTION ( 'NONE',  ( 0.000000000000000000, 0.000000000000000000, 1.000000000000000000 ) ) ;
#9478 = CARTESIAN_POINT ( 'NONE',  ( -10140.57257920409393, 989.9999999999977263, -960.0000000000004547 ) ) ;
#9479 = CARTESIAN_POINT ( 'NONE',  ( -12750.00000000000000, -1077.499998843224375, -637.0854464784594029 ) ) ;
#9480 = ORIENTED_EDGE ( 'NONE', *, *, #4673, .F. ) ;
#9481 = ORIENTED_EDGE ( 'NONE', *, *, #7977, .T. ) ;
#9482 = EDGE_CURVE ( 'NONE', #9374, #3575, #7566, .T. ) ;
#9483 = DIRECTION ( 'NONE',  ( 0.1736481776669329680, 2.733390605558932128E-16, -0.9848077530122076872 ) ) ;
#9484 = DIRECTION ( 'NONE',  ( 0.000000000000000000, -0.000000000000000000, -1.000000000000000000 ) ) ;
#9485 = DIRECTION ( 'NONE',  ( -6.162975822039157467E-33, 1.000000000000000000, 3.301729611148415602E-16 ) ) ;
#9486 = SURFACE_STYLE_USAGE ( .BOTH. , #6335 ) ;
#9487 = EDGE_LOOP ( 'NONE', ( #4507, #5534, #1629, #5903 ) ) ;
#9488 = EDGE_CURVE ( 'NONE', #958, #3642, #8867, .T. ) ;
#9489 = FACE_OUTER_BOUND ( 'NONE', #8847, .T. ) ;
#9490 = DIRECTION ( 'NONE',  ( -1.879742687196032133E-16, 1.000000000000000000, 0.000000000000000000 ) ) ;
#9491 = CARTESIAN_POINT ( 'NONE',  ( -13250.00000000000000, 732.4719190560189190, -589.9999999999965894 ) ) ;
#9492 = CYLINDRICAL_SURFACE ( 'NONE', #4410, 100.0000000000000853 ) ;
#9493 = ORIENTED_EDGE ( 'NONE', *, *, #5845, .F. ) ;
#9494 = EDGE_LOOP ( 'NONE', ( #193, #9122, #4224, #3227, #1699, #8467, #8274, #7581 ) ) ;
#9495 = ADVANCED_FACE ( 'NONE', ( #4689 ), #3042, .F. ) ;
#9496 = ADVANCED_FACE ( 'NONE', ( #696 ), #7756, .F. ) ;
#9497 = EDGE_LOOP ( 'NONE', ( #2649, #3841, #4392, #6432, #8906, #965, #7780, #7718 ) ) ;
#9498 = ORIENTED_EDGE ( 'NONE', *, *, #3756, .F. ) ;
#9499 = EDGE_CURVE ( 'NONE', #8542, #5863, #1357, .T. ) ;
#9500 = CARTESIAN_POINT ( 'NONE',  ( -4318.749999999996362, 708.0847830052794052, -3423.488475815656784 ) ) ;
#9501 = LINE ( 'NONE', #937, #1128 ) ;
#9502 = CARTESIAN_POINT ( 'NONE',  ( -14500.00000000002001, 295.9385695031826913, -504.9802145985045172 ) ) ;
#9503 = ORIENTED_EDGE ( 'NONE', *, *, #2878, .T. ) ;
#9504 = LINE ( 'NONE', #7264, #7650 ) ;
#9505 = ORIENTED_EDGE ( 'NONE', *, *, #5571, .T. ) ;
#9506 = DIRECTION ( 'NONE',  ( -1.000000000000000000, -0.000000000000000000, -0.000000000000000000 ) ) ;
#9507 = ORIENTED_EDGE ( 'NONE', *, *, #1054, .T. ) ;
#9508 = FACE_OUTER_BOUND ( 'NONE', #1322, .T. ) ;
#9509 = CARTESIAN_POINT ( 'NONE',  ( -11499.99999999997999, -699.9999999999986358, -749.6146185948546190 ) ) ;
#9510 = VECTOR ( 'NONE', #3232, 1000.000000000000000 ) ;
#9511 = ORIENTED_EDGE ( 'NONE', *, *, #2607, .T. ) ;
#9512 = EDGE_CURVE ( 'NONE', #7344, #1033, #4503, .T. ) ;
#9513 = CARTESIAN_POINT ( 'NONE',  ( -14795.00000000000000, -875.0000000000000000, -1060.000000000000000 ) ) ;
#9514 = LINE ( 'NONE', #3156, #9683 ) ;
#9515 = LINE ( 'NONE', #3406, #2532 ) ;
#9516 = AXIS2_PLACEMENT_3D ( 'NONE', #6735, #8882, #8193 ) ;
#9517 = DIRECTION ( 'NONE',  ( -9.378386130608760079E-33, 0.9597039290011751822, 0.2810131111882634425 ) ) ;
#9518 = CARTESIAN_POINT ( 'NONE',  ( -11700.00000000000182, -1077.499998843224375, -637.0854464784594029 ) ) ;
#9519 = CARTESIAN_POINT ( 'NONE',  ( -13499.99999999999818, -899.9999999999986358, -637.0854464784594029 ) ) ;
#9520 = ADVANCED_FACE ( 'NONE', ( #2443 ), #3084, .F. ) ;
#9521 = AXIS2_PLACEMENT_3D ( 'NONE', #240, #6357, #295 ) ;
#9522 = EDGE_LOOP ( 'NONE', ( #7713, #5897, #1947, #4029, #6827 ) ) ;
#9523 = VECTOR ( 'NONE', #1377, 1000.000000000000000 ) ;
#9524 = CYLINDRICAL_SURFACE ( 'NONE', #5243, 35.00000000000014211 ) ;
#9525 = VECTOR ( 'NONE', #5232, 1000.000000000000000 ) ;
#9526 = LINE ( 'NONE', #2666, #665 ) ;
#9527 = VECTOR ( 'NONE', #23, 1000.000000000000000 ) ;
#9528 = DIRECTION ( 'NONE',  ( -1.000000000000000000, 0.000000000000000000, 0.000000000000000000 ) ) ;
#9529 = ORIENTED_EDGE ( 'NONE', *, *, #967, .F. ) ;
#9530 = AXIS2_PLACEMENT_3D ( 'NONE', #8546, #9394, #8599 ) ;
#9531 = ORIENTED_EDGE ( 'NONE', *, *, #6881, .F. ) ;
#9532 = ORIENTED_EDGE ( 'NONE', *, *, #9782, .F. ) ;
#9533 = ORIENTED_EDGE ( 'NONE', *, *, #3562, .T. ) ;
#9534 = CARTESIAN_POINT ( 'NONE',  ( -4034.427420795914713, -954.9999999999992042, -1135.000000000000227 ) ) ;
#9535 = CARTESIAN_POINT ( 'NONE',  ( -13578.58983848622483, 989.9999999999984084, -960.0000000000002274 ) ) ;
#9536 = LINE ( 'NONE', #4332, #1508 ) ;
#9537 = ORIENTED_EDGE ( 'NONE', *, *, #679, .T. ) ;
#9538 = EDGE_LOOP ( 'NONE', ( #8262, #9101, #4619, #2844, #214, #8004, #205, #1020 ) ) ;
#9539 = EDGE_CURVE ( 'NONE', #4279, #4424, #3938, .T. ) ;
#9540 = CYLINDRICAL_SURFACE ( 'NONE', #5574, 79.99999999999995737 ) ;
#9541 = AXIS2_PLACEMENT_3D ( 'NONE', #8605, #229, #6769 ) ;
#9542 = CARTESIAN_POINT ( 'NONE',  ( -1850.000000000000455, 241.8139511719357131, -960.0000000000000000 ) ) ;
#9543 = LINE ( 'NONE', #6641, #284 ) ;
#9544 = DIRECTION ( 'NONE',  ( 2.376075833082705656E-33, -0.9581400679044367319, 0.2862998607685330876 ) ) ;
#9545 = ORIENTED_EDGE ( 'NONE', *, *, #4530, .F. ) ;
#9546 = ORIENTED_EDGE ( 'NONE', *, *, #3175, .T. ) ;
#9547 = ORIENTED_EDGE ( 'NONE', *, *, #9159, .T. ) ;
#9548 = ADVANCED_FACE ( 'NONE', ( #9861 ), #5341, .F. ) ;
#9549 = CARTESIAN_POINT ( 'NONE',  ( -2350.000000000000455, 389.6561633456299205, -960.0000000000002274 ) ) ;
#9550 = CIRCLE ( 'NONE', #753, 80.00000000000007105 ) ;
#9551 = LINE ( 'NONE', #3627, #2867 ) ;
#9552 = DIRECTION ( 'NONE',  ( -0.000000000000000000, -0.000000000000000000, -1.000000000000000000 ) ) ;
#9553 = ORIENTED_EDGE ( 'NONE', *, *, #9381, .T. ) ;
#9554 = DIRECTION ( 'NONE',  ( 0.000000000000000000, -1.000000000000000000, 0.000000000000000000 ) ) ;
#9555 = EDGE_CURVE ( 'NONE', #1347, #6360, #2995, .T. ) ;
#9556 = DIRECTION ( 'NONE',  ( -6.162975822039157467E-33, 1.000000000000000000, 2.775557561563032360E-16 ) ) ;
#9557 = CARTESIAN_POINT ( 'NONE',  ( -11825.00000000000182, 800.0000000000000000, -910.0000000000001137 ) ) ;
#9558 = VERTEX_POINT ( 'NONE', #2295 ) ;
#9559 = DIRECTION ( 'NONE',  ( -1.232595164407830672E-32, -2.775557561563032360E-16, 1.000000000000000000 ) ) ;
#9560 = DIRECTION ( 'NONE',  ( 1.000000000000000000, -0.000000000000000000, 0.000000000000000000 ) ) ;
#9561 = VECTOR ( 'NONE', #8245, 1000.000000000000000 ) ;
#9562 = VERTEX_POINT ( 'NONE', #9106 ) ;
#9563 = FACE_OUTER_BOUND ( 'NONE', #1835, .T. ) ;
#9564 = CARTESIAN_POINT ( 'NONE',  ( 0.000000000000000000, 875.0000000000000000, -1060.000000000000000 ) ) ;
#9565 = VECTOR ( 'NONE', #5110, 1000.000000000000000 ) ;
#9566 = AXIS2_PLACEMENT_3D ( 'NONE', #3916, #7736, #1625 ) ;
#9567 = CARTESIAN_POINT ( 'NONE',  ( -7612.500000000006366, 989.9999999999979536, -960.0000000000002274 ) ) ;
#9568 = CARTESIAN_POINT ( 'NONE',  ( -9306.250000000003638, -990.0000000000002274, -960.0000000000004547 ) ) ;
#9569 = EDGE_CURVE ( 'NONE', #7344, #7136, #9298, .T. ) ;
#9570 = CARTESIAN_POINT ( 'NONE',  ( -1950.000000000000682, 200.0000000000000000, -825.0000000000001137 ) ) ;
#9571 = EDGE_CURVE ( 'NONE', #9762, #1964, #6472, .T. ) ;
#9572 = FACE_OUTER_BOUND ( 'NONE', #3531, .T. ) ;
#9573 = AXIS2_PLACEMENT_3D ( 'NONE', #444, #6606, #2099 ) ;
#9574 = DIRECTION ( 'NONE',  ( -1.232595164407830672E-32, -2.775557561563032360E-16, 1.000000000000000000 ) ) ;
#9575 = ORIENTED_EDGE ( 'NONE', *, *, #3973, .F. ) ;
#9576 = DIRECTION ( 'NONE',  ( 0.000000000000000000, -0.000000000000000000, 1.000000000000000000 ) ) ;
#9577 = CARTESIAN_POINT ( 'NONE',  ( -1949.999999999999773, -241.8139511719357131, -960.0000000000002274 ) ) ;
#9578 = VECTOR ( 'NONE', #5781, 1000.000000000000000 ) ;
#9579 = CARTESIAN_POINT ( 'NONE',  ( -9956.250000000003638, -560.2425708315862494, -1135.000000000000227 ) ) ;
#9580 = CIRCLE ( 'NONE', #5734, 99.99999999999964473 ) ;
#9581 = VERTEX_POINT ( 'NONE', #7610 ) ;
#9582 = EDGE_CURVE ( 'NONE', #4933, #4518, #5989, .T. ) ;
#9583 = VERTEX_POINT ( 'NONE', #3794 ) ;
#9584 = ORIENTED_EDGE ( 'NONE', *, *, #9359, .T. ) ;
#9585 = AXIS2_PLACEMENT_3D ( 'NONE', #2809, #4363, #1406 ) ;
#9586 = ORIENTED_EDGE ( 'NONE', *, *, #4439, .F. ) ;
#9587 = DIRECTION ( 'NONE',  ( -0.000000000000000000, 0.000000000000000000, 1.000000000000000000 ) ) ;
#9588 = DIRECTION ( 'NONE',  ( 1.000000000000000000, 0.000000000000000000, 0.000000000000000000 ) ) ;
#9589 = CARTESIAN_POINT ( 'NONE',  ( -5440.624999999995453, 739.9999999999981810, -960.0000000000002274 ) ) ;
#9590 = CONTEXT_DEPENDENT_SHAPE_REPRESENTATION ( #8769, #6835 ) ;
#9591 = VERTEX_POINT ( 'NONE', #32 ) ;
#9592 = EDGE_CURVE ( 'NONE', #8745, #9027, #9153, .T. ) ;
#9593 = ORIENTED_EDGE ( 'NONE', *, *, #1330, .F. ) ;
#9594 = DIRECTION ( 'NONE',  ( 1.232595164407830672E-32, 2.775557561563032360E-16, -1.000000000000000000 ) ) ;
#9595 = CARTESIAN_POINT ( 'NONE',  ( -6240.624999999996362, -989.9999999999997726, -1135.000000000000227 ) ) ;
#9596 = DIRECTION ( 'NONE',  ( 0.000000000000000000, -0.000000000000000000, -1.000000000000000000 ) ) ;
#9597 = CARTESIAN_POINT ( 'NONE',  ( -14300.00000000001819, 699.9999999999986358, -757.0854464784598576 ) ) ;
#9598 = AXIS2_PLACEMENT_3D ( 'NONE', #9071, #467, #8133 ) ;
#9599 = ORIENTED_EDGE ( 'NONE', *, *, #1828, .F. ) ;
#9600 = ORIENTED_EDGE ( 'NONE', *, *, #2464, .F. ) ;
#9601 = VERTEX_POINT ( 'NONE', #8011 ) ;
#9602 = DIRECTION ( 'NONE',  ( -6.162975822039156098E-33, 1.000000000000000000, 2.775557561563032360E-16 ) ) ;
#9603 = CARTESIAN_POINT ( 'NONE',  ( -13499.99999999999818, -1077.499998843224603, -306.2059048389990039 ) ) ;
#9604 = ORIENTED_EDGE ( 'NONE', *, *, #3203, .F. ) ;
#9605 = CARTESIAN_POINT ( 'NONE',  ( -8734.375000000005457, -740.0000000000002274, -960.0000000000000000 ) ) ;
#9606 = VECTOR ( 'NONE', #2924, 1000.000000000000000 ) ;
#9607 = CARTESIAN_POINT ( 'NONE',  ( -14500.00000000002001, -899.9999999999986358, -350.9999999999989768 ) ) ;
#9608 = DIRECTION ( 'NONE',  ( 1.000000000000000000, -6.265808957320107111E-17, -4.040691778796104450E-16 ) ) ;
#9609 = ORIENTED_EDGE ( 'NONE', *, *, #5089, .F. ) ;
#9610 = DIRECTION ( 'NONE',  ( 1.000000000000000000, 0.000000000000000000, 0.000000000000000000 ) ) ;
#9611 = LINE ( 'NONE', #1251, #5852 ) ;
#9612 = ORIENTED_EDGE ( 'NONE', *, *, #6792, .T. ) ;
#9613 = ORIENTED_EDGE ( 'NONE', *, *, #642, .F. ) ;
#9614 = VECTOR ( 'NONE', #8380, 1000.000000000000000 ) ;
#9615 = ADVANCED_FACE ( 'NONE', ( #991 ), #5693, .F. ) ;
#9616 = FACE_BOUND ( 'NONE', #9444, .T. ) ;
#9617 = PLANE ( 'NONE',  #4089 ) ;
#9618 = VERTEX_POINT ( 'NONE', #4797 ) ;
#9619 = CARTESIAN_POINT ( 'NONE',  ( -7612.500000000006366, -989.9999999999998863, -1135.000000000000227 ) ) ;
#9620 = CARTESIAN_POINT ( 'NONE',  ( -12225.00000000000182, -341.8139511719356847, 0.000000000000000000 ) ) ;
#9621 = VECTOR ( 'NONE', #887, 1000.000000000000227 ) ;
#9622 = FACE_OUTER_BOUND ( 'NONE', #532, .T. ) ;
#9623 = EDGE_CURVE ( 'NONE', #8129, #879, #4946, .T. ) ;
#9624 = DIRECTION ( 'NONE',  ( -0.000000000000000000, 0.000000000000000000, -1.000000000000000000 ) ) ;
#9625 = DIRECTION ( 'NONE',  ( -6.265808957320107111E-17, 1.000000000000000000, -0.000000000000000000 ) ) ;
#9626 = ORIENTED_EDGE ( 'NONE', *, *, #8387, .F. ) ;
#9627 = ADVANCED_FACE ( 'NONE', ( #183 ), #4096, .F. ) ;
#9628 = LINE ( 'NONE', #5922, #1390 ) ;
#9629 = ADVANCED_FACE ( 'NONE', ( #7956, #7162 ), #3391, .F. ) ;
#9630 = DIRECTION ( 'NONE',  ( -6.162975822039157467E-33, 1.000000000000000000, 2.775557561563032360E-16 ) ) ;
#9631 = VECTOR ( 'NONE', #2087, 1000.000000000000000 ) ;
#9632 = CARTESIAN_POINT ( 'NONE',  ( -13899.99999999999818, 814.9999999999974989, -909.9999999999982947 ) ) ;
#9633 = ORIENTED_EDGE ( 'NONE', *, *, #4201, .T. ) ;
#9634 = ORIENTED_EDGE ( 'NONE', *, *, #1638, .T. ) ;
#9635 = EDGE_LOOP ( 'NONE', ( #4988, #1641, #8163, #4072, #1324, #3253 ) ) ;
#9636 = VERTEX_POINT ( 'NONE', #9405 ) ;
#9637 = DIRECTION ( 'NONE',  ( 1.000000000000000000, 6.162975822039151993E-33, 1.232595164407830946E-32 ) ) ;
#9638 = ADVANCED_FACE ( 'NONE', ( #1890 ), #7261, .F. ) ;
#9639 = DIRECTION ( 'NONE',  ( -2.453693674745796445E-16, 0.000000000000000000, -1.000000000000000000 ) ) ;
#9640 = CYLINDRICAL_SURFACE ( 'NONE', #5353, 79.99999999999995737 ) ;
#9641 = CIRCLE ( 'NONE', #1165, 80.00000000000007105 ) ;
#9642 = ORIENTED_EDGE ( 'NONE', *, *, #4773, .T. ) ;
#9643 = CARTESIAN_POINT ( 'NONE',  ( -10244.74851850930827, 5431.508564030777052, -1059.999999999998181 ) ) ;
#9644 = DIRECTION ( 'NONE',  ( 0.000000000000000000, -0.9901138386947148096, -0.1402661271484179906 ) ) ;
#9645 = DIRECTION ( 'NONE',  ( -1.000000000000000000, 0.000000000000000000, 0.000000000000000000 ) ) ;
#9646 = LINE ( 'NONE', #2783, #5838 ) ;
#9647 = ORIENTED_EDGE ( 'NONE', *, *, #8346, .F. ) ;
#9648 = ORIENTED_EDGE ( 'NONE', *, *, #6036, .F. ) ;
#9649 = EDGE_CURVE ( 'NONE', #8204, #7761, #288, .T. ) ;
#9650 = DIRECTION ( 'NONE',  ( 6.162975822039157467E-33, -1.000000000000000000, -2.775557561563032360E-16 ) ) ;
#9651 = AXIS2_PLACEMENT_3D ( 'NONE', #357, #9574, #5561 ) ;
#9652 = CYLINDRICAL_SURFACE ( 'NONE', #2628, 200.0000000000000000 ) ;
#9653 = ORIENTED_EDGE ( 'NONE', *, *, #6872, .T. ) ;
#9654 = FACE_OUTER_BOUND ( 'NONE', #9494, .T. ) ;
#9655 = ORIENTED_EDGE ( 'NONE', *, *, #6308, .F. ) ;
#9656 = LINE ( 'NONE', #1299, #5092 ) ;
#9657 = CARTESIAN_POINT ( 'NONE',  ( -5576.316527040902656, -1089.999999999998181, -760.0000000000010232 ) ) ;
#9658 = ORIENTED_EDGE ( 'NONE', *, *, #1489, .F. ) ;
#9659 = FACE_OUTER_BOUND ( 'NONE', #3263, .T. ) ;
#9660 = LINE ( 'NONE', #8259, #2018 ) ;
#9661 = ORIENTED_EDGE ( 'NONE', *, *, #463, .F. ) ;
#9662 = ORIENTED_EDGE ( 'NONE', *, *, #6782, .F. ) ;
#9663 = MANIFOLD_SURFACE_SHAPE_REPRESENTATION ( '', ( #9142, #6822 ), #8898 ) ;
#9664 = DIRECTION ( 'NONE',  ( 0.000000000000000000, 0.000000000000000000, -1.000000000000000000 ) ) ;
#9665 = CARTESIAN_POINT ( 'NONE',  ( -7362.500000000006366, -739.9999999999997726, -1135.000000000000227 ) ) ;
#9666 = CARTESIAN_POINT ( 'NONE',  ( 0.000000000000000000, 0.000000000000000000, -960.0000000000002274 ) ) ;
#9667 = CARTESIAN_POINT ( 'NONE',  ( -14763.68599666425871, 0.000000000000000000, -1060.000000000000000 ) ) ;
#9668 = EDGE_CURVE ( 'NONE', #8975, #1676, #4743, .T. ) ;
#9669 = CARTESIAN_POINT ( 'NONE',  ( -12750.00000000000000, 899.9999999999986358, -350.9999999999985221 ) ) ;
#9670 = AXIS2_PLACEMENT_3D ( 'NONE', #233, #5644, #2551 ) ;
#9671 = CARTESIAN_POINT ( 'NONE',  ( -11349.93198115552332, 989.9999999999977263, 5040.000000000000000 ) ) ;
#9672 = VERTEX_POINT ( 'NONE', #9502 ) ;
#9673 = DIRECTION ( 'NONE',  ( 6.162975822039156098E-33, -1.000000000000000000, -2.775557561563032360E-16 ) ) ;
#9674 = EDGE_CURVE ( 'NONE', #9415, #9437, #385, .T. ) ;
#9675 = DIRECTION ( 'NONE',  ( 6.162975822039157467E-33, -1.000000000000000000, -2.775557561563032360E-16 ) ) ;
#9676 = CIRCLE ( 'NONE', #5999, 149.9999999999999147 ) ;
#9677 = DIRECTION ( 'NONE',  ( 1.000000000000000000, 0.000000000000000000, 0.000000000000000000 ) ) ;
#9678 = PLANE ( 'NONE',  #2482 ) ;
#9679 = ADVANCED_FACE ( 'NONE', ( #3994 ), #6503, .F. ) ;
#9680 = VERTEX_POINT ( 'NONE', #1694 ) ;
#9681 = EDGE_CURVE ( 'NONE', #2772, #4692, #7807, .T. ) ;
#9682 = ORIENTED_EDGE ( 'NONE', *, *, #1337, .F. ) ;
#9683 = VECTOR ( 'NONE', #6978, 1000.000000000000000 ) ;
#9684 = ORIENTED_EDGE ( 'NONE', *, *, #6666, .F. ) ;
#9685 = CIRCLE ( 'NONE', #2961, 50.00000000000027001 ) ;
#9686 = CIRCLE ( 'NONE', #5356, 99.99999999999997158 ) ;
#9687 = DIRECTION ( 'NONE',  ( -1.000000000000000000, 0.000000000000000000, 0.000000000000000000 ) ) ;
#9688 = CIRCLE ( 'NONE', #5358, 99.99999999999964473 ) ;
#9689 = PLANE ( 'NONE',  #6421 ) ;
#9690 = CARTESIAN_POINT ( 'NONE',  ( -13499.99999999999818, -814.9999999999974989, -306.2059048389991176 ) ) ;
#9691 = CIRCLE ( 'NONE', #6484, 250.0000000000000000 ) ;
#9692 = AXIS2_PLACEMENT_3D ( 'NONE', #1257, #454, #6663 ) ;
#9693 = ORIENTED_EDGE ( 'NONE', *, *, #5286, .F. ) ;
#9694 = AXIS2_PLACEMENT_3D ( 'NONE', #7818, #948, #1851 ) ;
#9695 = EDGE_CURVE ( 'NONE', #5032, #247, #9347, .T. ) ;
#9696 = CYLINDRICAL_SURFACE ( 'NONE', #8301, 460.0000000000000568 ) ;
#9697 = ADVANCED_FACE ( 'NONE', ( #3343 ), #9458, .F. ) ;
#9698 = DIRECTION ( 'NONE',  ( 0.000000000000000000, 0.000000000000000000, 1.000000000000000000 ) ) ;
#9699 = DIRECTION ( 'NONE',  ( -1.232595164407830672E-32, -2.775557561563032360E-16, 1.000000000000000000 ) ) ;
#9700 = DIRECTION ( 'NONE',  ( -1.483886295880788311E-16, 1.000000000000000000, 0.000000000000000000 ) ) ;
#9701 = VERTEX_POINT ( 'NONE', #7213 ) ;
#9702 = CARTESIAN_POINT ( 'NONE',  ( -9306.250000000003638, -989.9999999999990905, -1135.000000000000227 ) ) ;
#9703 = CARTESIAN_POINT ( 'NONE',  ( -13899.99999999999818, 1054.999999999997272, -539.9999999999978400 ) ) ;
#9704 = EDGE_LOOP ( 'NONE', ( #8413, #6265, #5053, #2536 ) ) ;
#9705 = PLANE ( 'NONE',  #1265 ) ;
#9706 = EDGE_LOOP ( 'NONE', ( #9682, #4822, #1086, #9481 ) ) ;
#9707 = CARTESIAN_POINT ( 'NONE',  ( -12143.40011953353496, 1077.499998843224375, -637.0854464784587208 ) ) ;
#9708 = EDGE_CURVE ( 'NONE', #3051, #9762, #5545, .T. ) ;
#9709 = PLANE ( 'NONE',  #9890 ) ;
#9710 = ORIENTED_EDGE ( 'NONE', *, *, #2342, .T. ) ;
#9711 = CARTESIAN_POINT ( 'NONE',  ( -12225.00000000000182, 739.9999999999984084, -960.0000000000002274 ) ) ;
#9712 = DIRECTION ( 'NONE',  ( -1.000000000000000000, -1.879742687196032133E-16, 1.930822651522010582E-16 ) ) ;
#9713 = ORIENTED_EDGE ( 'NONE', *, *, #3872, .T. ) ;
#9714 = VERTEX_POINT ( 'NONE', #341 ) ;
#9715 = VECTOR ( 'NONE', #1143, 1000.000000000000000 ) ;
#9716 = DIRECTION ( 'NONE',  ( 1.000000000000000000, -0.000000000000000000, -0.000000000000000000 ) ) ;
#9717 = DIRECTION ( 'NONE',  ( -6.162975822039157467E-33, 1.000000000000000000, 2.775557561563032360E-16 ) ) ;
#9718 = AXIS2_PLACEMENT_3D ( 'NONE', #6012, #1358, #5162 ) ;
#9719 = LINE ( 'NONE', #5914, #1365 ) ;
#9720 = FACE_OUTER_BOUND ( 'NONE', #8834, .T. ) ;
#9721 = EDGE_LOOP ( 'NONE', ( #9507, #75 ) ) ;
#9722 = CIRCLE ( 'NONE', #2839, 250.0000000000000000 ) ;
#9723 = DIRECTION ( 'NONE',  ( 6.162975822039589899E-33, -1.000000000000000000, -3.530762810662500311E-14 ) ) ;
#9724 = CARTESIAN_POINT ( 'NONE',  ( -12500.00000000000182, 1077.499998843224375, -637.0854464784587208 ) ) ;
#9725 = ORIENTED_EDGE ( 'NONE', *, *, #129, .F. ) ;
#9726 = AXIS2_PLACEMENT_3D ( 'NONE', #2112, #7423, #8864 ) ;
#9727 = LINE ( 'NONE', #4269, #1398 ) ;
#9728 = VECTOR ( 'NONE', #6117, 1000.000000000000000 ) ;
#9729 = DIRECTION ( 'NONE',  ( 6.162975822039157467E-33, -1.000000000000000000, -2.775557561563032360E-16 ) ) ;
#9730 = ADVANCED_FACE ( 'NONE', ( #8607 ), #1747, .T. ) ;
#9731 = DIRECTION ( 'NONE',  ( -1.000000000000000000, 0.000000000000000000, 0.000000000000000000 ) ) ;
#9732 = VECTOR ( 'NONE', #9764, 1000.000000000000000 ) ;
#9733 = FACE_OUTER_BOUND ( 'NONE', #7750, .T. ) ;
#9734 = AXIS2_PLACEMENT_3D ( 'NONE', #8835, #9483, #6536 ) ;
#9735 = VERTEX_POINT ( 'NONE', #8160 ) ;
#9736 = EDGE_CURVE ( 'NONE', #5853, #6791, #5947, .T. ) ;
#9737 = ORIENTED_EDGE ( 'NONE', *, *, #4964, .F. ) ;
#9738 = VERTEX_POINT ( 'NONE', #8996 ) ;
#9739 = FACE_OUTER_BOUND ( 'NONE', #6583, .T. ) ;
#9740 = AXIS2_PLACEMENT_3D ( 'NONE', #7411, #3547, #3496 ) ;
#9741 = CYLINDRICAL_SURFACE ( 'NONE', #8337, 6000.000000000000000 ) ;
#9742 = ADVANCED_FACE ( 'NONE', ( #4343 ), #9652, .F. ) ;
#9743 = VECTOR ( 'NONE', #8987, 1000.000000000000000 ) ;
#9744 = ADVANCED_FACE ( 'NONE', ( #6700 ), #534, .T. ) ;
#9745 = LINE ( 'NONE', #1425, #6645 ) ;
#9746 = CARTESIAN_POINT ( 'NONE',  ( 0.000000000000000000, 0.000000000000000000, -960.0000000000002274 ) ) ;
#9747 = ORIENTED_EDGE ( 'NONE', *, *, #1784, .F. ) ;
#9748 = AXIS2_PLACEMENT_3D ( 'NONE', #7680, #4660, #8527 ) ;
#9749 = LINE ( 'NONE', #1659, #4618 ) ;
#9750 = VECTOR ( 'NONE', #5605, 1000.000000000000000 ) ;
#9751 = EDGE_CURVE ( 'NONE', #9252, #4729, #5139, .T. ) ;
#9752 = CARTESIAN_POINT ( 'NONE',  ( -14119.99999999999818, -1970.627566330085983, -239.9999999999987779 ) ) ;
#9753 = CARTESIAN_POINT ( 'NONE',  ( -11575.00000000000182, 989.9999999999984084, -960.0000000000002274 ) ) ;
#9754 = AXIS2_PLACEMENT_3D ( 'NONE', #2873, #9677, #2166 ) ;
#9755 = CARTESIAN_POINT ( 'NONE',  ( -12244.99999999992906, 899.9999999999986358, -860.0000000000226237 ) ) ;
#9756 = FACE_OUTER_BOUND ( 'NONE', #1343, .T. ) ;
#9757 = ADVANCED_FACE ( 'NONE', ( #5091 ), #491, .F. ) ;
#9758 = ADVANCED_FACE ( 'NONE', ( #2744 ), #7313, .F. ) ;
#9759 = LINE ( 'NONE', #2892, #712 ) ;
#9760 = ORIENTED_EDGE ( 'NONE', *, *, #1241, .F. ) ;
#9761 = CARTESIAN_POINT ( 'NONE',  ( -10244.74851850930827, -5431.508564030777052, -1059.999999999998181 ) ) ;
#9762 = VERTEX_POINT ( 'NONE', #3490 ) ;
#9763 = PLANE ( 'NONE',  #7186 ) ;
#9764 = DIRECTION ( 'NONE',  ( -0.000000000000000000, -0.000000000000000000, -1.000000000000000000 ) ) ;
#9765 = CARTESIAN_POINT ( 'NONE',  ( -6562.499999999994543, 989.9999999999979536, -960.0000000000002274 ) ) ;
#9766 = LINE ( 'NONE', #4394, #3767 ) ;
#9767 = VERTEX_POINT ( 'NONE', #1244 ) ;
#9768 = ORIENTED_EDGE ( 'NONE', *, *, #8341, .F. ) ;
#9769 = VERTEX_POINT ( 'NONE', #2140 ) ;
#9770 = EDGE_CURVE ( 'NONE', #5142, #2935, #7115, .T. ) ;
#9771 = ADVANCED_FACE ( 'NONE', ( #586 ), #5791, .T. ) ;
#9772 = AXIS2_PLACEMENT_3D ( 'NONE', #2271, #5227, #9792 ) ;
#9773 = CARTESIAN_POINT ( 'NONE',  ( -13899.99999999999818, 679.9999999999977263, -459.9999999999979536 ) ) ;
#9774 = CARTESIAN_POINT ( 'NONE',  ( -11880.00000000000182, 1970.627566330085529, -239.9999999999976694 ) ) ;
#9775 = CARTESIAN_POINT ( 'NONE',  ( -11700.00000000000182, -814.9999999999974989, -637.0854464784592892 ) ) ;
#9776 = FACE_OUTER_BOUND ( 'NONE', #5274, .T. ) ;
#9777 = DIRECTION ( 'NONE',  ( 1.000000000000000000, 6.265808957320107111E-17, -4.040691778796104450E-16 ) ) ;
#9778 = LINE ( 'NONE', #5257, #5871 ) ;
#9779 = VECTOR ( 'NONE', #3310, 1000.000000000000000 ) ;
#9780 = ORIENTED_EDGE ( 'NONE', *, *, #6579, .T. ) ;
#9781 = FACE_OUTER_BOUND ( 'NONE', #5490, .T. ) ;
#9782 = EDGE_CURVE ( 'NONE', #2315, #9769, #5895, .T. ) ;
#9783 = CYLINDRICAL_SURFACE ( 'NONE', #4480, 6000.000000000000000 ) ;
#9784 = CYLINDRICAL_SURFACE ( 'NONE', #3485, 250.0000000000000000 ) ;
#9785 = VECTOR ( 'NONE', #261, 1000.000000000000000 ) ;
#9786 = DIRECTION ( 'NONE',  ( 6.265808957320107111E-17, 1.000000000000000000, 0.000000000000000000 ) ) ;
#9787 = EDGE_LOOP ( 'NONE', ( #8601, #9869, #335, #5717 ) ) ;
#9788 = ORIENTED_EDGE ( 'NONE', *, *, #1943, .T. ) ;
#9789 = CARTESIAN_POINT ( 'NONE',  ( -5990.624999999996362, 989.9999999999984084, -960.0000000000002274 ) ) ;
#9790 = CARTESIAN_POINT ( 'NONE',  ( -11880.00000000000182, -1970.627566330085983, -239.9999999999987779 ) ) ;
#9791 = CARTESIAN_POINT ( 'NONE',  ( -1700.000000000000682, -989.9999999999984084, -960.0000000000002274 ) ) ;
#9792 = DIRECTION ( 'NONE',  ( 1.000000000000000000, 0.000000000000000000, 0.000000000000000000 ) ) ;
#9793 = ORIENTED_EDGE ( 'NONE', *, *, #7227, .F. ) ;
#9794 = PRODUCT ( 'FlatWagon_40ft_MoreDetailed', 'FlatWagon_40ft_MoreDetailed', '', ( #3476 ) ) ;
#9795 = LINE ( 'NONE', #4707, #2267 ) ;
#9796 = CARTESIAN_POINT ( 'NONE',  ( -6562.499999999994543, -989.9999999999996589, -960.0000000000002274 ) ) ;
#9797 = EDGE_CURVE ( 'NONE', #1151, #3131, #4385, .T. ) ;
#9798 = LINE ( 'NONE', #4748, #883 ) ;
#9799 = VECTOR ( 'NONE', #2512, 1000.000000000000000 ) ;
#9800 = CARTESIAN_POINT ( 'NONE',  ( -2825.068018844486232, 0.000000000000000000, -960.0000000000002274 ) ) ;
#9801 = CARTESIAN_POINT ( 'NONE',  ( -4551.792278806056856, -1089.999999999998181, -849.6342572279651222 ) ) ;
#9802 = AXIS2_PLACEMENT_3D ( 'NONE', #6994, #330, #8545 ) ;
#9803 = ORIENTED_EDGE ( 'NONE', *, *, #1164, .T. ) ;
#9804 = CARTESIAN_POINT ( 'NONE',  ( -12100.00000000000182, 814.9999999999973852, -919.9999999999980673 ) ) ;
#9805 = DIRECTION ( 'NONE',  ( -0.000000000000000000, 0.000000000000000000, 1.000000000000000000 ) ) ;
#9806 = CARTESIAN_POINT ( 'NONE',  ( -13000.00000000000000, -172.2649730022416747, -825.0000000000000000 ) ) ;
#9807 = ADVANCED_FACE ( 'NONE', ( #2093 ), #7363, .F. ) ;
#9808 = LINE ( 'NONE', #5149, #4724 ) ;
#9809 = EDGE_CURVE ( 'NONE', #3069, #441, #6554, .T. ) ;
#9810 = EDGE_LOOP ( 'NONE', ( #1895, #3932, #1868, #7053, #3425, #4143, #2461, #6307 ) ) ;
#9811 = ORIENTED_EDGE ( 'NONE', *, *, #63, .T. ) ;
#9812 = ORIENTED_EDGE ( 'NONE', *, *, #9445, .F. ) ;
#9813 = CARTESIAN_POINT ( 'NONE',  ( -2553.008274702737253, 0.000000000000000000, -1135.000000000000227 ) ) ;
#9814 = CARTESIAN_POINT ( 'NONE',  ( -1950.000000000000682, -739.9999999999984084, -1135.000000000000227 ) ) ;
#9815 = PLANE ( 'NONE',  #518 ) ;
#9816 = DIRECTION ( 'NONE',  ( -6.162975822039157467E-33, 1.000000000000000000, 3.301729611148415602E-16 ) ) ;
#9817 = VECTOR ( 'NONE', #3995, 1000.000000000000000 ) ;
#9818 = ORIENTED_EDGE ( 'NONE', *, *, #7360, .T. ) ;
#9819 = PLANE ( 'NONE',  #2558 ) ;
#9820 = CARTESIAN_POINT ( 'NONE',  ( -9556.250000000003638, 739.9999999999977263, -960.0000000000000000 ) ) ;
#9821 = EDGE_CURVE ( 'NONE', #2981, #1163, #9759, .T. ) ;
#9822 = CARTESIAN_POINT ( 'NONE',  ( -12100.00000000000182, 1054.999999999997044, 2.220446049250313081E-12 ) ) ;
#9823 = ORIENTED_EDGE ( 'NONE', *, *, #108, .F. ) ;
#9824 = FACE_OUTER_BOUND ( 'NONE', #4128, .T. ) ;
#9825 = LINE ( 'NONE', #5971, #5422 ) ;
#9826 = DIRECTION ( 'NONE',  ( 1.483886295880788311E-16, 1.000000000000000000, 0.000000000000000000 ) ) ;
#9827 = EDGE_CURVE ( 'NONE', #9330, #9601, #4442, .T. ) ;
#9828 = VERTEX_POINT ( 'NONE', #9801 ) ;
#9829 = UNCERTAINTY_MEASURE_WITH_UNIT (LENGTH_MEASURE( 1.000000000000000082E-05 ), #869, 'distance_accuracy_value', 'NONE');
#9830 = ORIENTED_EDGE ( 'NONE', *, *, #853, .F. ) ;
#9831 = VECTOR ( 'NONE', #8461, 1000.000000000000000 ) ;
#9832 = CARTESIAN_POINT ( 'NONE',  ( -5576.316527040904475, 989.9999999999980673, -660.0000000000010232 ) ) ;
#9833 = FACE_OUTER_BOUND ( 'NONE', #3401, .T. ) ;
#9834 = CARTESIAN_POINT ( 'NONE',  ( 0.000000000000000000, -875.0000000000000000, -1060.000000000000000 ) ) ;
#9835 = CARTESIAN_POINT ( 'NONE',  ( -13250.00000000000000, 729.4021522441533989, -769.9999999999959073 ) ) ;
#9836 = AXIS2_PLACEMENT_3D ( 'NONE', #7005, #9348, #7957 ) ;
#9837 = ORIENTED_EDGE ( 'NONE', *, *, #7241, .T. ) ;
#9838 = CIRCLE ( 'NONE', #4241, 100.0000000000000853 ) ;
#9839 = VECTOR ( 'NONE', #6091, 1000.000000000000114 ) ;
#9840 = DIRECTION ( 'NONE',  ( 1.232595164407830672E-32, 2.775557561563032360E-16, -1.000000000000000000 ) ) ;
#9841 = AXIS2_PLACEMENT_3D ( 'NONE', #2261, #6627, #666 ) ;
#9842 = ORIENTED_EDGE ( 'NONE', *, *, #3578, .F. ) ;
#9843 = AXIS2_PLACEMENT_3D ( 'NONE', #1484, #6848, #71 ) ;
#9844 = DIRECTION ( 'NONE',  ( 1.000000000000000000, 0.000000000000000000, 0.000000000000000000 ) ) ;
#9845 = VECTOR ( 'NONE', #6119, 1000.000000000000000 ) ;
#9846 = CIRCLE ( 'NONE', #4092, 199.9999999999999432 ) ;
#9847 = EDGE_CURVE ( 'NONE', #363, #768, #8386, .T. ) ;
#9848 = VERTEX_POINT ( 'NONE', #440 ) ;
#9849 = ORIENTED_EDGE ( 'NONE', *, *, #2345, .T. ) ;
#9850 = CARTESIAN_POINT ( 'NONE',  ( -14763.68599666425871, -875.0000000000000000, -1140.000000000000227 ) ) ;
#9851 = CARTESIAN_POINT ( 'NONE',  ( -12500.00000000000182, 1077.499998843224148, -306.2059048389985492 ) ) ;
#9852 = CARTESIAN_POINT ( 'NONE',  ( -14763.68599666425871, -875.0000000000000000, -1060.000000000000000 ) ) ;
#9853 = CIRCLE ( 'NONE', #1222, 79.99999999999995737 ) ;
#9854 = DIRECTION ( 'NONE',  ( -1.000000000000000000, -0.000000000000000000, -0.000000000000000000 ) ) ;
#9855 = DIRECTION ( 'NONE',  ( 1.000000000000000000, 6.162975822039151993E-33, 1.232595164407830946E-32 ) ) ;
#9856 = EDGE_CURVE ( 'NONE', #8903, #2416, #6894, .T. ) ;
#9857 = ORIENTED_EDGE ( 'NONE', *, *, #7310, .T. ) ;
#9858 = ORIENTED_EDGE ( 'NONE', *, *, #1594, .F. ) ;
#9859 = VERTEX_POINT ( 'NONE', #3029 ) ;
#9860 = DIRECTION ( 'NONE',  ( -6.162975822039157467E-33, 1.000000000000000000, 3.301729611148415602E-16 ) ) ;
#9861 = FACE_OUTER_BOUND ( 'NONE', #7201, .T. ) ;
#9862 = EDGE_CURVE ( 'NONE', #9341, #6343, #5327, .T. ) ;
#9863 = DIRECTION ( 'NONE',  ( 1.000000000000000000, 6.162975822039151993E-33, 1.232595164407830946E-32 ) ) ;
#9864 = DIRECTION ( 'NONE',  ( 1.232595164407830672E-32, 2.775557561563032360E-16, -1.000000000000000000 ) ) ;
#9865 = ORIENTED_EDGE ( 'NONE', *, *, #709, .T. ) ;
#9866 = DIRECTION ( 'NONE',  ( 1.000000000000000000, 0.000000000000000000, -0.000000000000000000 ) ) ;
#9867 = LINE ( 'NONE', #9207, #3818 ) ;
#9868 = AXIS2_PLACEMENT_3D ( 'NONE', #661, #9673, #4467 ) ;
#9869 = ORIENTED_EDGE ( 'NONE', *, *, #6977, .F. ) ;
#9870 = LINE ( 'NONE', #4040, #429 ) ;
#9871 = ORIENTED_EDGE ( 'NONE', *, *, #8446, .F. ) ;
#9872 = CARTESIAN_POINT ( 'NONE',  ( -12320.00000000000000, -814.9999999999974989, -517.7941176470593518 ) ) ;
#9873 = ADVANCED_FACE ( 'NONE', ( #2980, #6988 ), #1523, .T. ) ;
#9874 = CIRCLE ( 'NONE', #7488, 79.99999999999995737 ) ;
#9875 = EDGE_CURVE ( 'NONE', #8738, #9255, #7642, .T. ) ;
#9876 = LINE ( 'NONE', #561, #628 ) ;
#9877 = ORIENTED_EDGE ( 'NONE', *, *, #3669, .T. ) ;
#9878 = DIRECTION ( 'NONE',  ( -1.000000000000000000, -0.000000000000000000, -0.000000000000000000 ) ) ;
#9879 = ORIENTED_EDGE ( 'NONE', *, *, #9668, .T. ) ;
#9880 = VECTOR ( 'NONE', #1666, 1000.000000000000000 ) ;
#9881 = ORIENTED_EDGE ( 'NONE', *, *, #4483, .F. ) ;
#9882 = CYLINDRICAL_SURFACE ( 'NONE', #1252, 277.7941176470602045 ) ;
#9883 = LINE ( 'NONE', #1510, #4653 ) ;
#9884 = CARTESIAN_POINT ( 'NONE',  ( -1850.000000000000455, -341.8139511719356847, -960.0000000000002274 ) ) ;
#9885 = ADVANCED_FACE ( 'NONE', ( #20 ), #725, .F. ) ;
#9886 = DIRECTION ( 'NONE',  ( 0.000000000000000000, 0.000000000000000000, -1.000000000000000000 ) ) ;
#9887 = VECTOR ( 'NONE', #7918, 1000.000000000000000 ) ;
#9888 = ORIENTED_EDGE ( 'NONE', *, *, #1984, .T. ) ;
#9889 = LINE ( 'NONE', #6889, #2851 ) ;
#9890 = AXIS2_PLACEMENT_3D ( 'NONE', #7317, #7461, #2898 ) ;
#9891 = AXIS2_PLACEMENT_3D ( 'NONE', #1994, #493, #4248 ) ;
#9892 = ORIENTED_EDGE ( 'NONE', *, *, #7067, .F. ) ;
#9893 = DIRECTION ( 'NONE',  ( 1.000000000000000000, 6.162975822039154046E-33, 1.232595164407830946E-32 ) ) ;
#9894 = EDGE_CURVE ( 'NONE', #8254, #8550, #5988, .T. ) ;
#9895 =( NAMED_UNIT ( * ) PLANE_ANGLE_UNIT ( ) SI_UNIT ( $, .RADIAN. ) );
#9896 = VERTEX_POINT ( 'NONE', #7552 ) ;
#9897 = ORIENTED_EDGE ( 'NONE', *, *, #2964, .F. ) ;
#9898 = VECTOR ( 'NONE', #5768, 1000.000000000000000 ) ;
#9899 = CARTESIAN_POINT ( 'NONE',  ( -7362.500000000006366, 989.9999999999984084, -960.0000000000002274 ) ) ;
#9900 = LINE ( 'NONE', #69, #1422 ) ;
#9901 = DIRECTION ( 'NONE',  ( 0.000000000000000000, 0.1402661271484180183, 0.9901138386947149206 ) ) ;
#9902 = DIRECTION ( 'NONE',  ( 0.000000000000000000, -1.000000000000000000, 0.000000000000000000 ) ) ;
#9903 = FACE_OUTER_BOUND ( 'NONE', #7894, .T. ) ;
#9904 = ORIENTED_EDGE ( 'NONE', *, *, #2356, .F. ) ;
#9905 = VECTOR ( 'NONE', #6253, 1000.000000000000000 ) ;
#9906 = ADVANCED_FACE ( 'NONE', ( #7740 ), #8389, .T. ) ;
#9907 = EDGE_LOOP ( 'NONE', ( #8161, #7222, #3102, #6198 ) ) ;
#9908 = ORIENTED_EDGE ( 'NONE', *, *, #4930, .F. ) ;
#9909 = DIRECTION ( 'NONE',  ( -1.432545838226008708E-17, -1.000000000000000000, 0.000000000000000000 ) ) ;
#9910 = DIRECTION ( 'NONE',  ( 0.000000000000000000, 0.000000000000000000, -1.000000000000000000 ) ) ;
#9911 = LINE ( 'NONE', #6142, #989 ) ;
#9912 = CARTESIAN_POINT ( 'NONE',  ( -14156.10001622140953, 899.9999999999986358, -769.9999999999959073 ) ) ;
#9913 = ORIENTED_EDGE ( 'NONE', *, *, #5866, .F. ) ;
#9914 = ORIENTED_EDGE ( 'NONE', *, *, #2926, .T. ) ;
#9915 = CARTESIAN_POINT ( 'NONE',  ( -13578.58983848622483, -739.9999999999984084, -960.0000000000000000 ) ) ;
#9916 = CYLINDRICAL_SURFACE ( 'NONE', #2074, 250.0000000000000000 ) ;
#9917 = EDGE_CURVE ( 'NONE', #2031, #2473, #2382, .T. ) ;
#9918 = EDGE_LOOP ( 'NONE', ( #8156, #9710, #7667, #5694 ) ) ;
#9919 = DIRECTION ( 'NONE',  ( -6.162975822039157467E-33, 1.000000000000000000, 2.775557561563032360E-16 ) ) ;
#9920 = NEXT_ASSEMBLY_USAGE_OCCURRENCE ( 'NAUO1', ' ', ' ', #2740, #4631, $ ) ;
#9921 = NEXT_ASSEMBLY_USAGE_OCCURRENCE ( 'NAUO2', ' ', ' ', #2740, #1821, $ ) ;
#9922 = NEXT_ASSEMBLY_USAGE_OCCURRENCE ( 'NAUO3', ' ', ' ', #2740, #1821, $ ) ;
ENDSEC;
END-ISO-10303-21;
