ISO-10303-21;
HEADER;
FILE_DESCRIPTION (( 'STEP AP214' ),
    '1' );
FILE_NAME ('FlatWagon_60ft_MoreDetailed.STEP',
    '2026-02-24T11:18:12',
    ( '' ),
    ( '' ),
    'SwSTEP 2.0',
    'SolidWorks 2022',
    '' );
FILE_SCHEMA (( 'AUTOMOTIVE_DESIGN' ));
ENDSEC;

DATA;
#1 = VECTOR ( 'NONE', #261, 1000.000000000000000 ) ;
#2 = ORIENTED_EDGE ( 'NONE', *, *, #9774, .F. ) ;
#3 = VERTEX_POINT ( 'NONE', #6085 ) ;
#4 = EDGE_CURVE ( 'NONE', #5550, #3920, #1637, .T. ) ;
#5 = CARTESIAN_POINT ( 'NONE',  ( 0.000000000000000000, 0.000000000000000000, 0.000000000000000000 ) ) ;
#6 = VECTOR ( 'NONE', #4879, 1000.000000000000000 ) ;
#7 = PLANE ( 'NONE',  #2871 ) ;
#8 = CARTESIAN_POINT ( 'NONE',  ( -5399.999999999998181, 618.9114148497013730, -1135.000000000000227 ) ) ;
#9 = VERTEX_POINT ( 'NONE', #4672 ) ;
#10 = ORIENTED_EDGE ( 'NONE', *, *, #9727, .T. ) ;
#11 = ORIENTED_EDGE ( 'NONE', *, *, #2092, .T. ) ;
#12 = CARTESIAN_POINT ( 'NONE',  ( -10637.50000000000000, 989.9999999999984084, -1135.000000000000227 ) ) ;
#13 = FACE_OUTER_BOUND ( 'NONE', #2815, .T. ) ;
#14 = FACE_OUTER_BOUND ( 'NONE', #3587, .T. ) ;
#15 = CARTESIAN_POINT ( 'NONE',  ( -14500.00000000002001, -295.9385695031828050, -504.9802145985046309 ) ) ;
#16 = CARTESIAN_POINT ( 'NONE',  ( -12100.00000000000182, 1054.999999999997272, -539.9999999999978400 ) ) ;
#17 = LINE ( 'NONE', #5376, #9904 ) ;
#18 = LINE ( 'NONE', #71, #4383 ) ;
#19 = CARTESIAN_POINT ( 'NONE',  ( -12143.40011953353496, -899.9999999999986358, -637.0854464784594029 ) ) ;
#20 = CARTESIAN_POINT ( 'NONE',  ( 588.6859966642593918, -875.0000000000000000, -1060.000000000000000 ) ) ;
#21 = ORIENTED_EDGE ( 'NONE', *, *, #851, .T. ) ;
#22 = CARTESIAN_POINT ( 'NONE',  ( -16550.00000000000000, -1189.999999999998408, -960.0000000000002274 ) ) ;
#23 = ORIENTED_EDGE ( 'NONE', *, *, #1578, .F. ) ;
#24 = DIRECTION ( 'NONE',  ( 8.129090620984199047E-15, 0.000000000000000000, -1.000000000000000000 ) ) ;
#25 = FACE_OUTER_BOUND ( 'NONE', #4063, .T. ) ;
#26 = CARTESIAN_POINT ( 'NONE',  ( -14500.00000000002001, 699.9999999999986358, -749.6146185948541643 ) ) ;
#27 = LINE ( 'NONE', #9071, #1892 ) ;
#28 = DIRECTION ( 'NONE',  ( 1.000000000000000000, 0.000000000000000000, -1.662153715850724780E-16 ) ) ;
#29 = DIRECTION ( 'NONE',  ( 1.000000000000000000, 0.000000000000000000, 0.000000000000000000 ) ) ;
#30 = DIRECTION ( 'NONE',  ( 0.000000000000000000, 0.000000000000000000, -1.000000000000000000 ) ) ;
#31 = EDGE_CURVE ( 'NONE', #5676, #1090, #9228, .T. ) ;
#32 = ORIENTED_EDGE ( 'NONE', *, *, #5792, .F. ) ;
#33 = ADVANCED_FACE ( 'NONE', ( #25 ), #9288, .F. ) ;
#34 = EDGE_CURVE ( 'NONE', #8211, #478, #9618, .T. ) ;
#35 = EDGE_CURVE ( 'NONE', #6286, #9268, #8542, .T. ) ;
#36 = ORIENTED_EDGE ( 'NONE', *, *, #9462, .F. ) ;
#37 = VECTOR ( 'NONE', #6415, 1000.000000000000000 ) ;
#38 = ORIENTED_EDGE ( 'NONE', *, *, #2492, .T. ) ;
#39 = CARTESIAN_POINT ( 'NONE',  ( -1949.999999999999773, 1189.999999999998408, -960.0000000000002274 ) ) ;
#40 = DIRECTION ( 'NONE',  ( 1.000000000000000000, 0.000000000000000000, 0.000000000000000000 ) ) ;
#41 = FACE_OUTER_BOUND ( 'NONE', #7164, .T. ) ;
#42 = CARTESIAN_POINT ( 'NONE',  ( -15446.19114447246830, 96.32452974707661042, -1135.000000000000227 ) ) ;
#43 = CARTESIAN_POINT ( 'NONE',  ( -11700.00000000000182, -814.9999999999974989, -637.0854464784592892 ) ) ;
#44 = CARTESIAN_POINT ( 'NONE',  ( -3866.957084846028920, 1189.999999999998408, -868.8465180732547424 ) ) ;
#45 = VECTOR ( 'NONE', #7909, 1000.000000000000000 ) ;
#46 = ORIENTED_EDGE ( 'NONE', *, *, #8778, .F. ) ;
#47 = EDGE_LOOP ( 'NONE', ( #4633, #6963, #8867, #9689, #3258, #8245 ) ) ;
#48 = DIRECTION ( 'NONE',  ( 6.162975822039157467E-33, -1.000000000000000000, -2.775557561563032360E-16 ) ) ;
#49 = DIRECTION ( 'NONE',  ( -1.232595164407809051E-32, -3.530762810662500311E-14, 1.000000000000000000 ) ) ;
#50 = EDGE_CURVE ( 'NONE', #1494, #2027, #7560, .T. ) ;
#51 = EDGE_CURVE ( 'NONE', #4251, #2949, #9051, .T. ) ;
#52 = EDGE_LOOP ( 'NONE', ( #9445, #4656 ) ) ;
#53 = CIRCLE ( 'NONE', #4185, 99.99999999999964473 ) ;
#54 = ORIENTED_EDGE ( 'NONE', *, *, #3292, .F. ) ;
#55 = ORIENTED_EDGE ( 'NONE', *, *, #4240, .T. ) ;
#56 = CARTESIAN_POINT ( 'NONE',  ( -596.4101615137747103, 989.9999999999984084, -960.0000000000000000 ) ) ;
#57 = DIRECTION ( 'NONE',  ( -1.232595164407830809E-32, 4.930380657631323784E-32, 1.000000000000000000 ) ) ;
#58 = LINE ( 'NONE', #3287, #1593 ) ;
#59 = CARTESIAN_POINT ( 'NONE',  ( -4895.200086281939548, 921.2864145885215521, -960.0000000000002274 ) ) ;
#60 = ORIENTED_EDGE ( 'NONE', *, *, #2765, .T. ) ;
#61 = ORIENTED_EDGE ( 'NONE', *, *, #8239, .F. ) ;
#62 = EDGE_CURVE ( 'NONE', #5262, #3030, #6870, .T. ) ;
#63 = EDGE_CURVE ( 'NONE', #7221, #7486, #1949, .T. ) ;
#64 = ORIENTED_EDGE ( 'NONE', *, *, #270, .T. ) ;
#65 = DIRECTION ( 'NONE',  ( -0.1736481776669255295, -2.487589742322847034E-18, 0.9848077530122090195 ) ) ;
#66 = CARTESIAN_POINT ( 'NONE',  ( -12550.00000000000000, 739.9999999999984084, -1135.000000000000227 ) ) ;
#67 = PLANE ( 'NONE',  #3701 ) ;
#68 = DIRECTION ( 'NONE',  ( 0.000000000000000000, 0.000000000000000000, 1.000000000000000000 ) ) ;
#69 = FACE_OUTER_BOUND ( 'NONE', #97, .T. ) ;
#70 = FACE_OUTER_BOUND ( 'NONE', #7089, .T. ) ;
#71 = CARTESIAN_POINT ( 'NONE',  ( -13250.00000000000000, 1077.499998843224375, -637.0854464784587208 ) ) ;
#72 = DIRECTION ( 'NONE',  ( 1.000000000000000000, 0.000000000000000000, 0.000000000000000000 ) ) ;
#73 = DIRECTION ( 'NONE',  ( 0.000000000000000000, -1.000000000000000000, 0.000000000000000000 ) ) ;
#74 = ORIENTED_EDGE ( 'NONE', *, *, #3212, .F. ) ;
#75 = DIRECTION ( 'NONE',  ( 1.000000000000000000, 0.000000000000000000, 0.000000000000000000 ) ) ;
#76 = ORIENTED_EDGE ( 'NONE', *, *, #8921, .T. ) ;
#77 = DIRECTION ( 'NONE',  ( 0.000000000000000000, -1.000000000000000000, 0.000000000000000000 ) ) ;
#78 = CARTESIAN_POINT ( 'NONE',  ( -18500.00000000000000, 1189.999999999998408, -960.0000000000002274 ) ) ;
#79 = LINE ( 'NONE', #227, #473 ) ;
#80 = DIRECTION ( 'NONE',  ( 1.000000000000000000, 2.400482215405744004E-16, 0.000000000000000000 ) ) ;
#81 = FACE_OUTER_BOUND ( 'NONE', #8888, .T. ) ;
#82 = ORIENTED_EDGE ( 'NONE', *, *, #1452, .T. ) ;
#83 = PLANE ( 'NONE',  #1543 ) ;
#84 = EDGE_LOOP ( 'NONE', ( #8183, #8460, #7112, #4657 ) ) ;
#85 = VERTEX_POINT ( 'NONE', #8 ) ;
#86 = ORIENTED_EDGE ( 'NONE', *, *, #2368, .F. ) ;
#87 = CARTESIAN_POINT ( 'NONE',  ( 0.000000000000000000, 875.0000000000000000, -1060.000000000000000 ) ) ;
#88 = VERTEX_POINT ( 'NONE', #873 ) ;
#89 = CARTESIAN_POINT ( 'NONE',  ( -14500.00000000002001, -699.9999999999986358, -749.6146185948546190 ) ) ;
#90 = CARTESIAN_POINT ( 'NONE',  ( -18500.00000000000000, -1089.999999999998636, -960.0000000000002274 ) ) ;
#91 = CARTESIAN_POINT ( 'NONE',  ( -11611.43189860506391, -1077.499998843224375, -757.0854464784604261 ) ) ;
#92 = CARTESIAN_POINT ( 'NONE',  ( -12923.68347295909734, 1189.999999999998408, -660.0000000000001137 ) ) ;
#93 = EDGE_CURVE ( 'NONE', #85, #1481, #6762, .T. ) ;
#94 = EDGE_CURVE ( 'NONE', #5991, #966, #5444, .T. ) ;
#95 = AXIS2_PLACEMENT_3D ( 'NONE', #1026, #6327, #3983 ) ;
#96 = EDGE_CURVE ( 'NONE', #7707, #5513, #8172, .T. ) ;
#97 = EDGE_LOOP ( 'NONE', ( #1051, #844, #4939, #9226 ) ) ;
#98 = ORIENTED_EDGE ( 'NONE', *, *, #6641, .T. ) ;
#99 = DIRECTION ( 'NONE',  ( -1.000000000000000000, -1.224646799147353207E-16, 0.000000000000000000 ) ) ;
#100 = PLANE ( 'NONE',  #6647 ) ;
#101 = CIRCLE ( 'NONE', #6174, 149.9999999999999147 ) ;
#102 = ORIENTED_EDGE ( 'NONE', *, *, #387, .T. ) ;
#103 = ORIENTED_EDGE ( 'NONE', *, *, #8747, .T. ) ;
#104 =( NAMED_UNIT ( * ) SI_UNIT ( $, .STERADIAN. ) SOLID_ANGLE_UNIT ( ) );
#105 = EDGE_CURVE ( 'NONE', #3606, #4543, #493, .T. ) ;
#106 = DIRECTION ( 'NONE',  ( 0.000000000000000000, 0.000000000000000000, 1.000000000000000000 ) ) ;
#107 = VECTOR ( 'NONE', #4741, 1000.000000000000000 ) ;
#108 = VERTEX_POINT ( 'NONE', #2269 ) ;
#109 = ORIENTED_EDGE ( 'NONE', *, *, #3418, .T. ) ;
#110 = ORIENTED_EDGE ( 'NONE', *, *, #9849, .F. ) ;
#111 = CYLINDRICAL_SURFACE ( 'NONE', #3187, 6000.000000000000000 ) ;
#112 = VECTOR ( 'NONE', #2350, 1000.000000000000000 ) ;
#113 = ORIENTED_EDGE ( 'NONE', *, *, #93, .T. ) ;
#114 = CARTESIAN_POINT ( 'NONE',  ( -14494.37518636517598, 747.0986934586334201, -637.0854464784588345 ) ) ;
#115 = DIRECTION ( 'NONE',  ( 1.000000000000000000, 0.000000000000000000, 0.000000000000000000 ) ) ;
#116 = EDGE_CURVE ( 'NONE', #6872, #9838, #6808, .T. ) ;
#117 = DIRECTION ( 'NONE',  ( -1.000000000000000000, -6.162975822039154046E-33, -1.232595164407830946E-32 ) ) ;
#118 = DIRECTION ( 'NONE',  ( -0.000000000000000000, 0.000000000000000000, 1.000000000000000000 ) ) ;
#119 = EDGE_CURVE ( 'NONE', #8340, #7101, #6427, .T. ) ;
#120 = CARTESIAN_POINT ( 'NONE',  ( -1949.999999999999773, -800.0000000000000000, -910.0000000000001137 ) ) ;
#121 = STYLED_ITEM ( 'NONE', ( #5956 ), #6325 ) ;
#122 = FACE_OUTER_BOUND ( 'NONE', #7066, .T. ) ;
#123 = DIRECTION ( 'NONE',  ( -0.000000000000000000, 0.000000000000000000, 1.000000000000000000 ) ) ;
#124 = PLANE ( 'NONE',  #6246 ) ;
#125 = EDGE_LOOP ( 'NONE', ( #8101, #8590, #2768, #2805 ) ) ;
#126 = CARTESIAN_POINT ( 'NONE',  ( -18500.00000000000000, 1089.999999999998636, -960.0000000000002274 ) ) ;
#127 = LINE ( 'NONE', #9290, #2131 ) ;
#128 = EDGE_CURVE ( 'NONE', #7903, #2316, #5419, .T. ) ;
#129 = FACE_OUTER_BOUND ( 'NONE', #2852, .T. ) ;
#130 = AXIS2_PLACEMENT_3D ( 'NONE', #7777, #3966, #9358 ) ;
#131 = DIRECTION ( 'NONE',  ( 6.162975822039157467E-33, -1.000000000000000000, -2.775557561563032360E-16 ) ) ;
#132 = AXIS2_PLACEMENT_3D ( 'NONE', #6571, #3508, #1316 ) ;
#133 = PLANE ( 'NONE',  #5559 ) ;
#134 = VERTEX_POINT ( 'NONE', #7508 ) ;
#135 = VECTOR ( 'NONE', #1974, 1000.000000000000114 ) ;
#136 = ORIENTED_EDGE ( 'NONE', *, *, #1816, .F. ) ;
#137 = CARTESIAN_POINT ( 'NONE',  ( -12143.40011953353496, 1077.499998843224375, -637.0854464784587208 ) ) ;
#138 = ORIENTED_EDGE ( 'NONE', *, *, #5730, .T. ) ;
#139 = ORIENTED_EDGE ( 'NONE', *, *, #7879, .T. ) ;
#140 = ORIENTED_EDGE ( 'NONE', *, *, #4025, .T. ) ;
#141 = ORIENTED_EDGE ( 'NONE', *, *, #1345, .T. ) ;
#142 = CARTESIAN_POINT ( 'NONE',  ( -15150.00000000000182, -990.0000000000020464, -960.0000000000002274 ) ) ;
#143 = CARTESIAN_POINT ( 'NONE',  ( -11700.00000000000182, -1970.627566330085756, -637.0854464784596303 ) ) ;
#144 = CARTESIAN_POINT ( 'NONE',  ( -11880.00000000000182, 814.9999999999972715, -239.9999999999979821 ) ) ;
#145 = CYLINDRICAL_SURFACE ( 'NONE', #7606, 35.00000000000014211 ) ;
#146 = DIRECTION ( 'NONE',  ( 1.165234987046524083E-32, 0.09939437395458937397, -0.9950481186486286322 ) ) ;
#147 = CYLINDRICAL_SURFACE ( 'NONE', #7484, 460.0000000000000568 ) ;
#148 = ORIENTED_EDGE ( 'NONE', *, *, #9295, .T. ) ;
#150 = ORIENTED_EDGE ( 'NONE', *, *, #7494, .F. ) ;
#149 = AXIS2_PLACEMENT_3D ( 'NONE', #3304, #4109, #9424 ) ;
#151 = DIRECTION ( 'NONE',  ( 6.162975822039157467E-33, -1.000000000000000000, -2.775557561563032360E-16 ) ) ;
#152 = AXIS2_PLACEMENT_3D ( 'NONE', #2762, #6643, #4428 ) ;
#153 = AXIS2_PLACEMENT_3D ( 'NONE', #1802, #4877, #7206 ) ;
#154 = ORIENTED_EDGE ( 'NONE', *, *, #5825, .T. ) ;
#155 = CIRCLE ( 'NONE', #5746, 200.0000000000000000 ) ;
#156 = ORIENTED_EDGE ( 'NONE', *, *, #2165, .F. ) ;
#157 = CIRCLE ( 'NONE', #8300, 149.9999999999999147 ) ;
#158 =( LENGTH_UNIT ( ) NAMED_UNIT ( * ) SI_UNIT ( .MILLI., .METRE. ) );
#159 = FACE_OUTER_BOUND ( 'NONE', #7200, .T. ) ;
#160 = AXIS2_PLACEMENT_3D ( 'NONE', #6848, #633, #6040 ) ;
#161 = ORIENTED_EDGE ( 'NONE', *, *, #694, .F. ) ;
#162 = VERTEX_POINT ( 'NONE', #4596 ) ;
#163 = VECTOR ( 'NONE', #5435, 1000.000000000000000 ) ;
#164 = ADVANCED_FACE ( 'NONE', ( #1409 ), #651, .F. ) ;
#165 = EDGE_CURVE ( 'NONE', #3800, #2980, #8927, .T. ) ;
#166 = ORIENTED_EDGE ( 'NONE', *, *, #905, .T. ) ;
#167 = ADVANCED_FACE ( 'NONE', ( #8253 ), #6166, .F. ) ;
#168 = CARTESIAN_POINT ( 'NONE',  ( -13899.99999999999818, -679.9999999999977263, -459.9999999999982947 ) ) ;
#169 = EDGE_LOOP ( 'NONE', ( #2212, #5284, #3370, #4628, #9031, #9659, #9104, #7780, #7562, #5653, #4619, #6527, #6221, #8301, #9078, #6272 ) ) ;
#170 = AXIS2_PLACEMENT_3D ( 'NONE', #2930, #1336, #2089 ) ;
#171 = DIRECTION ( 'NONE',  ( 0.000000000000000000, -0.9901138386947148096, 0.1402661271484180183 ) ) ;
#172 = CARTESIAN_POINT ( 'NONE',  ( -3930.251481490694459, 1089.999999999998181, -1059.999999999999091 ) ) ;
#173 = VECTOR ( 'NONE', #317, 1000.000000000000000 ) ;
#174 = LINE ( 'NONE', #922, #7040 ) ;
#175 = DIRECTION ( 'NONE',  ( -1.000000000000000000, -0.000000000000000000, -0.000000000000000000 ) ) ;
#176 = CARTESIAN_POINT ( 'NONE',  ( -2349.999999999999545, -200.0000000000000000, -825.0000000000001137 ) ) ;
#177 = CIRCLE ( 'NONE', #8317, 277.7941176470602045 ) ;
#178 = DIRECTION ( 'NONE',  ( 0.000000000000000000, 0.000000000000000000, -1.000000000000000000 ) ) ;
#179 = CARTESIAN_POINT ( 'NONE',  ( -9525.000000000000000, -740.0000000000009095, -960.0000000000002274 ) ) ;
#180 = ADVANCED_FACE ( 'NONE', ( #6118 ), #8406, .T. ) ;
#181 = DIRECTION ( 'NONE',  ( 1.000000000000000000, -0.000000000000000000, -0.000000000000000000 ) ) ;
#182 = VERTEX_POINT ( 'NONE', #6919 ) ;
#183 = LINE ( 'NONE', #3990, #8743 ) ;
#184 = PLANE ( 'NONE',  #9487 ) ;
#185 = DIRECTION ( 'NONE',  ( -6.162975822039157467E-33, 1.000000000000000000, 2.775557561563032360E-16 ) ) ;
#186 = DIRECTION ( 'NONE',  ( 0.9632452974707709226, 0.2686233364777642074, 0.000000000000000000 ) ) ;
#187 = ORIENTED_EDGE ( 'NONE', *, *, #5180, .F. ) ;
#188 = EDGE_CURVE ( 'NONE', #4537, #490, #58, .T. ) ;
#189 = ORIENTED_EDGE ( 'NONE', *, *, #7964, .F. ) ;
#190 = EDGE_CURVE ( 'NONE', #7930, #2830, #5199, .T. ) ;
#191 = VERTEX_POINT ( 'NONE', #8744 ) ;
#192 = ORIENTED_EDGE ( 'NONE', *, *, #3284, .F. ) ;
#193 = ORIENTED_EDGE ( 'NONE', *, *, #508, .T. ) ;
#194 = DIRECTION ( 'NONE',  ( 1.000000000000000000, 2.400482215405744004E-16, 0.000000000000000000 ) ) ;
#195 = VERTEX_POINT ( 'NONE', #1242 ) ;
#196 = DIRECTION ( 'NONE',  ( 1.000000000000000000, 0.000000000000000000, -0.000000000000000000 ) ) ;
#197 = DIRECTION ( 'NONE',  ( -0.000000000000000000, 0.000000000000000000, 1.000000000000000000 ) ) ;
#198 = CARTESIAN_POINT ( 'NONE',  ( -14500.00000000002001, 699.9999999999986358, -749.6146185948541643 ) ) ;
#199 = LINE ( 'NONE', #7204, #793 ) ;
#200 = ORIENTED_EDGE ( 'NONE', *, *, #3169, .T. ) ;
#201 = ORIENTED_EDGE ( 'NONE', *, *, #2914, .T. ) ;
#202 = CARTESIAN_POINT ( 'NONE',  ( -5299.999999999999091, 618.9114148497013730, -1135.000000000000227 ) ) ;
#203 = LINE ( 'NONE', #6456, #8238 ) ;
#204 = ORIENTED_EDGE ( 'NONE', *, *, #3596, .F. ) ;
#205 = ORIENTED_EDGE ( 'NONE', *, *, #3569, .F. ) ;
#206 = ORIENTED_EDGE ( 'NONE', *, *, #4420, .T. ) ;
#207 = CARTESIAN_POINT ( 'NONE',  ( -13899.99999999999818, -679.9999999999979536, -459.9999999999982947 ) ) ;
#208 = VECTOR ( 'NONE', #4862, 999.9999999999998863 ) ;
#209 = ORIENTED_EDGE ( 'NONE', *, *, #5894, .T. ) ;
#210 = ORIENTED_EDGE ( 'NONE', *, *, #8766, .F. ) ;
#211 = VECTOR ( 'NONE', #6737, 1000.000000000000114 ) ;
#212 = EDGE_LOOP ( 'NONE', ( #1198, #3084, #1620, #2528, #2417, #1772, #6633 ) ) ;
#213 = CARTESIAN_POINT ( 'NONE',  ( -7612.500000000000000, 989.9999999999984084, -960.0000000000002274 ) ) ;
#214 = DIRECTION ( 'NONE',  ( 1.232595164407830672E-32, 2.775557561563032360E-16, -1.000000000000000000 ) ) ;
#215 = DIRECTION ( 'NONE',  ( -0.000000000000000000, 0.000000000000000000, 1.000000000000000000 ) ) ;
#216 = DIRECTION ( 'NONE',  ( -6.162975822039157467E-33, 1.000000000000000000, 2.775557561563032360E-16 ) ) ;
#217 = CARTESIAN_POINT ( 'NONE',  ( -19120.00000000000000, 875.0000000000000000, -910.0000000000001137 ) ) ;
#218 = EDGE_CURVE ( 'NONE', #9148, #9892, #7177, .T. ) ;
#219 = EDGE_CURVE ( 'NONE', #3276, #6646, #9604, .T. ) ;
#220 = FACE_BOUND ( 'NONE', #2761, .T. ) ;
#221 = ADVANCED_FACE ( 'NONE', ( #3338 ), #8698, .F. ) ;
#222 = DIRECTION ( 'NONE',  ( -0.9848077530122092416, 0.000000000000000000, -0.1736481776669235033 ) ) ;
#223 = CARTESIAN_POINT ( 'NONE',  ( -1699.999999999999773, -739.9999999999984084, -1135.000000000000227 ) ) ;
#224 = DIRECTION ( 'NONE',  ( -1.232595164407830809E-32, 4.930380657631323784E-32, 1.000000000000000000 ) ) ;
#225 = CYLINDRICAL_SURFACE ( 'NONE', #9223, 99.99999999999997158 ) ;
#226 = DIRECTION ( 'NONE',  ( -1.000000000000000000, -0.000000000000000000, -0.000000000000000000 ) ) ;
#227 = CARTESIAN_POINT ( 'NONE',  ( -12320.00000000000000, 1970.627566330085529, -239.9999999999976694 ) ) ;
#228 = CARTESIAN_POINT ( 'NONE',  ( -18500.00000000000000, -1190.000000000002728, -960.0000000000002274 ) ) ;
#229 = EDGE_CURVE ( 'NONE', #8745, #2613, #4092, .T. ) ;
#230 = ORIENTED_EDGE ( 'NONE', *, *, #2001, .T. ) ;
#231 = CARTESIAN_POINT ( 'NONE',  ( -10637.50000000000000, -740.0000000000010232, -960.0000000000002274 ) ) ;
#232 = CARTESIAN_POINT ( 'NONE',  ( -13899.99999999999818, 679.9999999999976126, 2.053912595556539600E-12 ) ) ;
#233 = VERTEX_POINT ( 'NONE', #2609 ) ;
#234 = ORIENTED_EDGE ( 'NONE', *, *, #7569, .F. ) ;
#235 = ORIENTED_EDGE ( 'NONE', *, *, #2817, .T. ) ;
#236 = DIRECTION ( 'NONE',  ( 0.000000000000000000, -0.000000000000000000, 1.000000000000000000 ) ) ;
#237 = ORIENTED_EDGE ( 'NONE', *, *, #3898, .F. ) ;
#238 = FACE_OUTER_BOUND ( 'NONE', #5341, .T. ) ;
#239 = LINE ( 'NONE', #998, #45 ) ;
#240 = CARTESIAN_POINT ( 'NONE',  ( -2349.999999999999545, -739.9999999999990905, -960.0000000000002274 ) ) ;
#241 = EDGE_CURVE ( 'NONE', #9521, #6565, #9741, .T. ) ;
#242 = DIRECTION ( 'NONE',  ( 0.000000000000000000, 0.000000000000000000, 1.000000000000000000 ) ) ;
#243 = EDGE_CURVE ( 'NONE', #2069, #7807, #2757, .T. ) ;
#244 = VERTEX_POINT ( 'NONE', #7150 ) ;
#245 = EDGE_CURVE ( 'NONE', #2973, #9869, #2706, .T. ) ;
#246 = FACE_OUTER_BOUND ( 'NONE', #2890, .T. ) ;
#247 = VERTEX_POINT ( 'NONE', #2651 ) ;
#248 = ORIENTED_EDGE ( 'NONE', *, *, #8444, .F. ) ;
#249 = EDGE_CURVE ( 'NONE', #1546, #5153, #3492, .T. ) ;
#250 = ORIENTED_EDGE ( 'NONE', *, *, #5787, .F. ) ;
#251 = ORIENTED_EDGE ( 'NONE', *, *, #5963, .F. ) ;
#252 = VECTOR ( 'NONE', #6775, 1000.000000000000000 ) ;
#253 = EDGE_LOOP ( 'NONE', ( #2371, #940, #8432, #8737, #7208, #7125 ) ) ;
#254 = ORIENTED_EDGE ( 'NONE', *, *, #4358, .F. ) ;
#255 = ORIENTED_EDGE ( 'NONE', *, *, #3628, .F. ) ;
#256 = DIRECTION ( 'NONE',  ( 0.000000000000000000, 1.000000000000000000, 5.551115123125784674E-16 ) ) ;
#257 = ORIENTED_EDGE ( 'NONE', *, *, #2740, .F. ) ;
#258 = CARTESIAN_POINT ( 'NONE',  ( -12800.00000000000000, 989.9999999999984084, -1135.000000000000227 ) ) ;
#259 = CARTESIAN_POINT ( 'NONE',  ( -16550.00000000000000, -1189.999999999998408, -960.0000000000002274 ) ) ;
#260 = VECTOR ( 'NONE', #7915, 1000.000000000000000 ) ;
#261 = DIRECTION ( 'NONE',  ( -0.000000000000000000, 0.000000000000000000, -1.000000000000000000 ) ) ;
#262 = CARTESIAN_POINT ( 'NONE',  ( -3921.569072607348517, -1089.999999999998181, -960.7596123493884761 ) ) ;
#263 = FACE_BOUND ( 'NONE', #8139, .T. ) ;
#264 = CIRCLE ( 'NONE', #6992, 99.99999999999964473 ) ;
#265 = LINE ( 'NONE', #3311, #9560 ) ;
#266 = ADVANCED_FACE ( 'NONE', ( #292 ), #4144, .F. ) ;
#267 = ORIENTED_EDGE ( 'NONE', *, *, #2310, .F. ) ;
#268 = LINE ( 'NONE', #3265, #5420 ) ;
#269 = VECTOR ( 'NONE', #3080, 1000.000000000000000 ) ;
#270 = EDGE_CURVE ( 'NONE', #836, #7594, #3996, .T. ) ;
#271 = CARTESIAN_POINT ( 'NONE',  ( -14500.00000000002001, 278.9021535255452022, -623.7872381793326895 ) ) ;
#272 = DIRECTION ( 'NONE',  ( 1.000000000000000000, 6.162975822039151993E-33, 1.232595164407830946E-32 ) ) ;
#273 = CARTESIAN_POINT ( 'NONE',  ( 0.000000000000000000, -875.0000000000000000, -1060.000000000000000 ) ) ;
#274 = DIRECTION ( 'NONE',  ( 6.162975822039157467E-33, -1.000000000000000000, -2.249385511977649118E-16 ) ) ;
#275 = VERTEX_POINT ( 'NONE', #7949 ) ;
#276 = CIRCLE ( 'NONE', #8425, 100.0000000000000853 ) ;
#277 = DIRECTION ( 'NONE',  ( 1.000000000000000000, 0.000000000000000000, 0.000000000000000000 ) ) ;
#278 = DIRECTION ( 'NONE',  ( -6.162975822039157467E-33, 1.000000000000000000, 2.775557561563032360E-16 ) ) ;
#279 = EDGE_CURVE ( 'NONE', #6577, #2598, #4838, .T. ) ;
#280 = ORIENTED_EDGE ( 'NONE', *, *, #6016, .F. ) ;
#281 = EDGE_LOOP ( 'NONE', ( #5427, #4784, #8401, #1841, #8843 ) ) ;
#282 = ORIENTED_EDGE ( 'NONE', *, *, #4134, .F. ) ;
#283 = DIRECTION ( 'NONE',  ( 0.000000000000000000, -1.000000000000000000, -0.000000000000000000 ) ) ;
#284 = ORIENTED_EDGE ( 'NONE', *, *, #8099, .T. ) ;
#285 = EDGE_CURVE ( 'NONE', #3111, #1975, #5257, .T. ) ;
#286 = LINE ( 'NONE', #7058, #4102 ) ;
#287 = LINE ( 'NONE', #2468, #4046 ) ;
#288 = VECTOR ( 'NONE', #397, 1000.000000000000000 ) ;
#289 =( GEOMETRIC_REPRESENTATION_CONTEXT ( 3 ) GLOBAL_UNCERTAINTY_ASSIGNED_CONTEXT ( ( #5169 ) ) GLOBAL_UNIT_ASSIGNED_CONTEXT ( ( #3069, #4609, #9325 ) ) REPRESENTATION_CONTEXT ( 'NONE', 'WORKASPACE' ) );
#290 = LINE ( 'NONE', #9253, #8476 ) ;
#291 = AXIS2_PLACEMENT_3D ( 'NONE', #6661, #8118, #1271 ) ;
#292 = FACE_OUTER_BOUND ( 'NONE', #9116, .T. ) ;
#293 = VERTEX_POINT ( 'NONE', #3431 ) ;
#294 = EDGE_LOOP ( 'NONE', ( #2866, #5025, #2413, #8505 ) ) ;
#295 = FACE_OUTER_BOUND ( 'NONE', #1411, .T. ) ;
#296 = CIRCLE ( 'NONE', #5084, 100.0000000000014211 ) ;
#297 = AXIS2_PLACEMENT_3D ( 'NONE', #4873, #7202, #4929 ) ;
#298 = VECTOR ( 'NONE', #368, 1000.000000000000000 ) ;
#299 = VERTEX_POINT ( 'NONE', #8797 ) ;
#300 = EDGE_CURVE ( 'NONE', #244, #8963, #1950, .T. ) ;
#301 = EDGE_CURVE ( 'NONE', #5080, #2113, #7288, .T. ) ;
#302 = CIRCLE ( 'NONE', #5889, 250.0000000000000000 ) ;
#303 = PRODUCT_CONTEXT ( 'NONE', #9716, 'mechanical' ) ;
#304 = EDGE_LOOP ( 'NONE', ( #2663, #2213, #8882, #536, #8916, #2927, #9905, #9132 ) ) ;
#305 = DIRECTION ( 'NONE',  ( 9.433912312161293108E-33, -0.9581400679044365098, -0.2862998607685335317 ) ) ;
#306 = CIRCLE ( 'NONE', #4445, 250.0000000000000000 ) ;
#307 = ADVANCED_FACE ( 'NONE', ( #5796 ), #8842, .T. ) ;
#308 = ORIENTED_EDGE ( 'NONE', *, *, #5963, .T. ) ;
#309 = VECTOR ( 'NONE', #5857, 1000.000000000000000 ) ;
#310 = ADVANCED_FACE ( 'NONE', ( #3538, #6687 ), #2240, .T. ) ;
#311 = ORIENTED_EDGE ( 'NONE', *, *, #1661, .T. ) ;
#312 = ORIENTED_EDGE ( 'NONE', *, *, #6649, .T. ) ;
#313 = DIRECTION ( 'NONE',  ( 1.000000000000000000, 0.000000000000000000, -0.000000000000000000 ) ) ;
#314 = VECTOR ( 'NONE', #1350, 999.9999999999998863 ) ;
#315 = CARTESIAN_POINT ( 'NONE',  ( -1949.999999999999773, 1189.999999999998408, -960.0000000000002274 ) ) ;
#316 = VECTOR ( 'NONE', #6655, 1000.000000000000000 ) ;
#317 = DIRECTION ( 'NONE',  ( -1.232595164407830672E-32, -2.775557561563032360E-16, 1.000000000000000000 ) ) ;
#318 = LINE ( 'NONE', #7976, #5410 ) ;
#319 = DIRECTION ( 'NONE',  ( 0.000000000000000000, 1.000000000000000000, 0.000000000000000000 ) ) ;
#320 = VECTOR ( 'NONE', #1148, 1000.000000000000000 ) ;
#321 = CIRCLE ( 'NONE', #1615, 5900.000000000000000 ) ;
#322 = DIRECTION ( 'NONE',  ( 1.232595164407830672E-32, 2.775557561563032360E-16, -1.000000000000000000 ) ) ;
#323 = CIRCLE ( 'NONE', #8637, 250.0000000000000000 ) ;
#324 = CARTESIAN_POINT ( 'NONE',  ( -12750.00000000000000, 899.9999999999986358, -637.0854464784587208 ) ) ;
#325 = CARTESIAN_POINT ( 'NONE',  ( -16650.00000000000364, -211.4982215127146787, -1135.000000000000227 ) ) ;
#326 = LINE ( 'NONE', #6583, #6248 ) ;
#327 = PLANE ( 'NONE',  #6223 ) ;
#328 = AXIS2_PLACEMENT_3D ( 'NONE', #1305, #434, #4337 ) ;
#329 = ORIENTED_EDGE ( 'NONE', *, *, #9814, .F. ) ;
#330 = DIRECTION ( 'NONE',  ( 0.000000000000000000, -1.000000000000000000, 0.000000000000000000 ) ) ;
#331 = EDGE_CURVE ( 'NONE', #8038, #9665, #4468, .T. ) ;
#332 = FACE_OUTER_BOUND ( 'NONE', #3779, .T. ) ;
#333 = ORIENTED_EDGE ( 'NONE', *, *, #4546, .F. ) ;
#334 = ORIENTED_EDGE ( 'NONE', *, *, #4422, .F. ) ;
#335 = CARTESIAN_POINT ( 'NONE',  ( -11699.99999999998181, -899.9999999999986358, -763.9017955139175911 ) ) ;
#336 = ORIENTED_EDGE ( 'NONE', *, *, #6626, .F. ) ;
#337 = ORIENTED_EDGE ( 'NONE', *, *, #5054, .T. ) ;
#338 = DIRECTION ( 'NONE',  ( 1.232595164407830672E-32, 2.775557561563032360E-16, -1.000000000000000000 ) ) ;
#339 = DIRECTION ( 'NONE',  ( -6.162975822039157467E-33, 1.000000000000000000, 2.775557561563032360E-16 ) ) ;
#340 = CARTESIAN_POINT ( 'NONE',  ( -13250.00000000000000, -729.4021522441533989, -769.9999999999963620 ) ) ;
#341 = DIRECTION ( 'NONE',  ( 0.000000000000000000, 1.000000000000000000, 0.000000000000000000 ) ) ;
#342 = ADVANCED_FACE ( 'NONE', ( #566 ), #7536, .T. ) ;
#343 = ORIENTED_EDGE ( 'NONE', *, *, #1202, .F. ) ;
#344 = CYLINDRICAL_SURFACE ( 'NONE', #3045, 6000.000000000000000 ) ;
#345 = EDGE_CURVE ( 'NONE', #6319, #347, #8331, .T. ) ;
#346 = ADVANCED_FACE ( 'NONE', ( #1487 ), #4518, .F. ) ;
#347 = VERTEX_POINT ( 'NONE', #726 ) ;
#348 = EDGE_LOOP ( 'NONE', ( #1910, #6746, #9130, #7000, #7775 ) ) ;
#349 = VECTOR ( 'NONE', #7699, 1000.000000000000000 ) ;
#350 = ADVANCED_FACE ( 'NONE', ( #5177, #1390 ), #8887, .T. ) ;
#351 = EDGE_CURVE ( 'NONE', #4226, #1852, #2037, .T. ) ;
#352 = ORIENTED_EDGE ( 'NONE', *, *, #1319, .T. ) ;
#353 = CARTESIAN_POINT ( 'NONE',  ( -11411.43189860506209, 877.4999988432243754, -637.0854464784588345 ) ) ;
#354 = ORIENTED_EDGE ( 'NONE', *, *, #3083, .T. ) ;
#355 = VECTOR ( 'NONE', #2360, 1000.000000000000000 ) ;
#356 = ORIENTED_EDGE ( 'NONE', *, *, #4821, .F. ) ;
#357 = ORIENTED_EDGE ( 'NONE', *, *, #7015, .T. ) ;
#358 = CYLINDRICAL_SURFACE ( 'NONE', #5759, 99.99999999999964473 ) ;
#359 = ORIENTED_EDGE ( 'NONE', *, *, #1757, .F. ) ;
#360 = DIRECTION ( 'NONE',  ( 1.000000000000000000, -3.022097665183135851E-17, -1.662153715850724780E-16 ) ) ;
#361 = DIRECTION ( 'NONE',  ( 1.000000000000000000, 0.000000000000000000, 1.179611963664227720E-14 ) ) ;
#362 = CARTESIAN_POINT ( 'NONE',  ( -2.998914146599318900E-12, -989.9999999999984084, -960.0000000000020464 ) ) ;
#363 = LINE ( 'NONE', #5525, #4426 ) ;
#364 = LINE ( 'NONE', #9479, #616 ) ;
#365 = ADVANCED_FACE ( 'NONE', ( #4334 ), #7383, .T. ) ;
#366 = VECTOR ( 'NONE', #7423, 1000.000000000000000 ) ;
#367 = EDGE_CURVE ( 'NONE', #3785, #4521, #5061, .T. ) ;
#368 = DIRECTION ( 'NONE',  ( 1.000000000000000000, 0.000000000000000000, 0.000000000000000000 ) ) ;
#369 = LINE ( 'NONE', #9636, #3964 ) ;
#370 = CIRCLE ( 'NONE', #6764, 250.0000000000000000 ) ;
#371 = CYLINDRICAL_SURFACE ( 'NONE', #8518, 100.0000000000000284 ) ;
#372 = CARTESIAN_POINT ( 'NONE',  ( -18500.00000000000000, 875.0000000000000000, -1060.000000000000000 ) ) ;
#373 = CARTESIAN_POINT ( 'NONE',  ( -13226.86233364777581, 715.2359445967786087, -960.0000000000002274 ) ) ;
#374 = ORIENTED_EDGE ( 'NONE', *, *, #6755, .F. ) ;
#375 = CARTESIAN_POINT ( 'NONE',  ( -10887.50000000000000, 739.9999999999984084, -960.0000000000000000 ) ) ;
#376 = DIRECTION ( 'NONE',  ( -0.000000000000000000, 0.000000000000000000, 1.000000000000000000 ) ) ;
#377 = ORIENTED_EDGE ( 'NONE', *, *, #5221, .T. ) ;
#378 = ORIENTED_EDGE ( 'NONE', *, *, #1024, .T. ) ;
#379 = VERTEX_POINT ( 'NONE', #8585 ) ;
#380 = DIRECTION ( 'NONE',  ( 2.376075833082705998E-33, -0.9581400679044367319, 0.2862998607685330321 ) ) ;
#381 = DIRECTION ( 'NONE',  ( 7.898214746966345814E-34, -0.9185881544472648264, 0.3952161465694030151 ) ) ;
#382 = CARTESIAN_POINT ( 'NONE',  ( -9525.000000000000000, 739.9999999999984084, -1135.000000000000227 ) ) ;
#383 = DIRECTION ( 'NONE',  ( 0.000000000000000000, -1.000000000000000000, 0.000000000000000000 ) ) ;
#384 = DIRECTION ( 'NONE',  ( 1.000000000000000000, 0.000000000000000000, 0.000000000000000000 ) ) ;
#385 = ORIENTED_EDGE ( 'NONE', *, *, #970, .F. ) ;
#386 = ORIENTED_EDGE ( 'NONE', *, *, #839, .F. ) ;
#387 = EDGE_CURVE ( 'NONE', #8410, #5708, #8750, .T. ) ;
#388 = EDGE_CURVE ( 'NONE', #5231, #4705, #4415, .T. ) ;
#389 = EDGE_LOOP ( 'NONE', ( #46, #8042, #7917, #1334 ) ) ;
#390 = DIRECTION ( 'NONE',  ( -0.000000000000000000, -0.000000000000000000, -1.000000000000000000 ) ) ;
#391 = VERTEX_POINT ( 'NONE', #3892 ) ;
#392 = ORIENTED_EDGE ( 'NONE', *, *, #6914, .F. ) ;
#393 = CARTESIAN_POINT ( 'NONE',  ( -5699.999999999999091, -739.9999999999993179, -960.0000000000002274 ) ) ;
#394 = ADVANCED_FACE ( 'NONE', ( #4572 ), #2405, .T. ) ;
#395 = ORIENTED_EDGE ( 'NONE', *, *, #4267, .T. ) ;
#396 = ADVANCED_FACE ( 'NONE', ( #9125 ), #133, .F. ) ;
#397 = DIRECTION ( 'NONE',  ( -0.000000000000000000, 1.000000000000000000, -0.000000000000000000 ) ) ;
#398 = DIRECTION ( 'NONE',  ( 0.000000000000000000, -0.000000000000000000, -1.000000000000000000 ) ) ;
#399 = FACE_OUTER_BOUND ( 'NONE', #522, .T. ) ;
#400 = LINE ( 'NONE', #1214, #8755 ) ;
#401 = CARTESIAN_POINT ( 'NONE',  ( -18500.00000000000000, 875.0000000000000000, -980.0000000000001137 ) ) ;
#402 = DIRECTION ( 'NONE',  ( 6.162975822039157467E-33, -1.000000000000000000, -2.775557561563032360E-16 ) ) ;
#403 = ORIENTED_EDGE ( 'NONE', *, *, #1036, .F. ) ;
#404 = DIRECTION ( 'NONE',  ( -0.000000000000000000, 1.000000000000000000, -0.000000000000000000 ) ) ;
#405 = ORIENTED_EDGE ( 'NONE', *, *, #960, .F. ) ;
#406 = DIRECTION ( 'NONE',  ( -1.000000000000000000, 0.000000000000000000, 0.000000000000000000 ) ) ;
#407 = CIRCLE ( 'NONE', #5201, 5900.000000000000000 ) ;
#408 = ADVANCED_FACE ( 'NONE', ( #3778 ), #3841, .F. ) ;
#409 = PLANE ( 'NONE',  #9712 ) ;
#410 = EDGE_CURVE ( 'NONE', #6213, #8038, #4721, .T. ) ;
#411 = DIRECTION ( 'NONE',  ( -0.000000000000000000, 0.000000000000000000, 1.000000000000000000 ) ) ;
#412 = DIRECTION ( 'NONE',  ( 1.000000000000000000, 0.000000000000000000, 0.000000000000000000 ) ) ;
#413 = LINE ( 'NONE', #9536, #208 ) ;
#414 = PLANE ( 'NONE',  #3179 ) ;
#415 = ORIENTED_EDGE ( 'NONE', *, *, #3473, .T. ) ;
#416 = LINE ( 'NONE', #4972, #4952 ) ;
#417 = CIRCLE ( 'NONE', #9044, 250.0000000000000000 ) ;
#418 = DIRECTION ( 'NONE',  ( 1.000000000000000000, 6.162975822039151993E-33, 1.232595164407830946E-32 ) ) ;
#419 = VERTEX_POINT ( 'NONE', #2455 ) ;
#420 = ORIENTED_EDGE ( 'NONE', *, *, #387, .F. ) ;
#421 = EDGE_CURVE ( 'NONE', #8582, #5687, #3631, .T. ) ;
#422 = LINE ( 'NONE', #6540, #8479 ) ;
#423 = VERTEX_POINT ( 'NONE', #3135 ) ;
#424 = DIRECTION ( 'NONE',  ( -0.9632452974707709226, 0.2686233364777642074, 0.000000000000000000 ) ) ;
#425 = EDGE_LOOP ( 'NONE', ( #3972, #3403, #1457, #7134 ) ) ;
#426 = DIRECTION ( 'NONE',  ( 0.000000000000000000, 0.000000000000000000, 1.000000000000000000 ) ) ;
#427 = DIRECTION ( 'NONE',  ( -0.000000000000000000, 1.000000000000000000, -0.000000000000000000 ) ) ;
#428 = AXIS2_PLACEMENT_3D ( 'NONE', #2885, #6489, #521 ) ;
#429 = CYLINDRICAL_SURFACE ( 'NONE', #2573, 79.99999999999995737 ) ;
#430 = VECTOR ( 'NONE', #9829, 1000.000000000000000 ) ;
#431 = DIRECTION ( 'NONE',  ( 0.000000000000000000, 0.000000000000000000, -1.000000000000000000 ) ) ;
#432 = ORIENTED_EDGE ( 'NONE', *, *, #7394, .F. ) ;
#433 = FACE_OUTER_BOUND ( 'NONE', #4156, .T. ) ;
#434 = DIRECTION ( 'NONE',  ( -0.000000000000000000, 0.000000000000000000, 1.000000000000000000 ) ) ;
#435 = ORIENTED_EDGE ( 'NONE', *, *, #5748, .T. ) ;
#436 = MECHANICAL_DESIGN_GEOMETRIC_PRESENTATION_REPRESENTATION (  '', ( #121 ), #2994 ) ;
#437 = VECTOR ( 'NONE', #4761, 1000.000000000000000 ) ;
#438 = VECTOR ( 'NONE', #5935, 1000.000000000000000 ) ;
#439 = ORIENTED_EDGE ( 'NONE', *, *, #3270, .F. ) ;
#440 = DIRECTION ( 'NONE',  ( -0.9848077530122075762, 4.819705125750964784E-17, -0.1736481776669329402 ) ) ;
#441 = AXIS2_PLACEMENT_3D ( 'NONE', #7705, #9129, #3137 ) ;
#442 = VERTEX_POINT ( 'NONE', #9339 ) ;
#443 = ORIENTED_EDGE ( 'NONE', *, *, #119, .F. ) ;
#444 = VERTEX_POINT ( 'NONE', #6941 ) ;
#445 = DIRECTION ( 'NONE',  ( -1.000000000000000000, -6.162975822039154046E-33, -1.232595164407830946E-32 ) ) ;
#446 = DIRECTION ( 'NONE',  ( -6.162975822039157467E-33, 1.000000000000000000, 2.249385511977649118E-16 ) ) ;
#447 = CARTESIAN_POINT ( 'NONE',  ( -1949.999999999999773, 1189.999999999998408, -960.0000000000002274 ) ) ;
#448 = VECTOR ( 'NONE', #4510, 1000.000000000000000 ) ;
#449 = CARTESIAN_POINT ( 'NONE',  ( -8725.000000000000000, -990.0000000000005684, -960.0000000000009095 ) ) ;
#450 = DIRECTION ( 'NONE',  ( 1.000000000000000000, -0.000000000000000000, 0.000000000000000000 ) ) ;
#451 = CIRCLE ( 'NONE', #5247, 50.00000000000071054 ) ;
#452 = DIRECTION ( 'NONE',  ( 1.000000000000000000, 0.000000000000000000, 0.000000000000000000 ) ) ;
#453 = ORIENTED_EDGE ( 'NONE', *, *, #4610, .F. ) ;
#454 = ADVANCED_FACE ( 'NONE', ( #81 ), #6192, .T. ) ;
#455 = EDGE_CURVE ( 'NONE', #2929, #9545, #757, .T. ) ;
#456 = ORIENTED_EDGE ( 'NONE', *, *, #9651, .F. ) ;
#457 = ADVANCED_FACE ( 'NONE', ( #5635, #4179 ), #9493, .T. ) ;
#458 = AXIS2_PLACEMENT_3D ( 'NONE', #5299, #5349, #5052 ) ;
#459 = DIRECTION ( 'NONE',  ( 0.000000000000000000, -4.827056628805028179E-16, 1.000000000000000000 ) ) ;
#460 = AXIS2_PLACEMENT_3D ( 'NONE', #6720, #9872, #8212 ) ;
#461 = VERTEX_POINT ( 'NONE', #1935 ) ;
#462 = CARTESIAN_POINT ( 'NONE',  ( -11674.08555227910256, 898.7388418281769873, -759.3323791905669395 ) ) ;
#463 = CIRCLE ( 'NONE', #9086, 250.0000000000000000 ) ;
#464 = DIRECTION ( 'NONE',  ( -2.400482215405744004E-16, 1.000000000000000000, 0.000000000000000000 ) ) ;
#465 = DIRECTION ( 'NONE',  ( -6.162975822039157467E-33, 1.000000000000000000, 2.775557561563032360E-16 ) ) ;
#466 = AXIS2_PLACEMENT_3D ( 'NONE', #1992, #7337, #8004 ) ;
#467 = LINE ( 'NONE', #8871, #2882 ) ;
#468 = LINE ( 'NONE', #2082, #5205 ) ;
#469 = CARTESIAN_POINT ( 'NONE',  ( -12923.68347295909734, -1190.000000000002728, -660.0000000000001137 ) ) ;
#470 = CIRCLE ( 'NONE', #1127, 5899.999999999998181 ) ;
#471 = EDGE_CURVE ( 'NONE', #8784, #4261, #4902, .T. ) ;
#472 = DIRECTION ( 'NONE',  ( 6.162975822039157467E-33, -1.000000000000000000, -3.301729611148415602E-16 ) ) ;
#473 = VECTOR ( 'NONE', #5451, 1000.000000000000000 ) ;
#474 = ORIENTED_EDGE ( 'NONE', *, *, #2937, .F. ) ;
#475 = ORIENTED_EDGE ( 'NONE', *, *, #9296, .T. ) ;
#476 = ORIENTED_EDGE ( 'NONE', *, *, #1201, .F. ) ;
#477 = DIRECTION ( 'NONE',  ( 1.000000000000000000, 6.162975822039154046E-33, 1.232595164407830946E-32 ) ) ;
#478 = VERTEX_POINT ( 'NONE', #4970 ) ;
#479 = CARTESIAN_POINT ( 'NONE',  ( -15791.59728649481440, 0.000000000000000000, -960.0000000000002274 ) ) ;
#480 = CARTESIAN_POINT ( 'NONE',  ( -12923.68347295909916, 1089.999999999998181, -760.0000000000006821 ) ) ;
#481 = FACE_OUTER_BOUND ( 'NONE', #1043, .T. ) ;
#482 = AXIS2_PLACEMENT_3D ( 'NONE', #2801, #9507, #3583 ) ;
#483 = DIRECTION ( 'NONE',  ( 0.000000000000000000, 0.000000000000000000, 1.000000000000000000 ) ) ;
#484 = DIRECTION ( 'NONE',  ( 0.000000000000000000, 0.000000000000000000, 1.000000000000000000 ) ) ;
#485 = VERTEX_POINT ( 'NONE', #8828 ) ;
#486 = CYLINDRICAL_SURFACE ( 'NONE', #4019, 460.0000000000000568 ) ;
#487 = CARTESIAN_POINT ( 'NONE',  ( -12750.00000000000000, 278.9021535255452022, -623.7872381793326895 ) ) ;
#488 = EDGE_CURVE ( 'NONE', #4261, #8784, #7155, .T. ) ;
#489 = EDGE_CURVE ( 'NONE', #6842, #2512, #1782, .T. ) ;
#490 = VERTEX_POINT ( 'NONE', #1891 ) ;
#491 = DIRECTION ( 'NONE',  ( -6.162975822039157467E-33, 1.000000000000000000, 2.775557561563032360E-16 ) ) ;
#492 = ORIENTED_EDGE ( 'NONE', *, *, #4576, .F. ) ;
#493 = CIRCLE ( 'NONE', #7525, 6000.000000000000000 ) ;
#494 = VERTEX_POINT ( 'NONE', #6493 ) ;
#495 = VERTEX_POINT ( 'NONE', #7205 ) ;
#496 = VERTEX_POINT ( 'NONE', #1047 ) ;
#497 = CARTESIAN_POINT ( 'NONE',  ( -16550.00000000000000, -1190.000000000002501, -960.0000000000002274 ) ) ;
#498 = FACE_OUTER_BOUND ( 'NONE', #2265, .T. ) ;
#499 = CARTESIAN_POINT ( 'NONE',  ( -3930.251481490694459, 1089.999999999998181, -1009.999999999999091 ) ) ;
#500 = EDGE_CURVE ( 'NONE', #1292, #8519, #9398, .T. ) ;
#501 = CARTESIAN_POINT ( 'NONE',  ( -12320.00000000000000, -814.9999999999974989, -517.7941176470593518 ) ) ;
#502 = CARTESIAN_POINT ( 'NONE',  ( -11700.00000000000182, -1970.627566330085756, -637.0854464784596303 ) ) ;
#503 = CARTESIAN_POINT ( 'NONE',  ( -12143.40011953353496, -190.0000000000007674, -504.9802145985029256 ) ) ;
#504 = ORIENTED_EDGE ( 'NONE', *, *, #3756, .F. ) ;
#505 = VECTOR ( 'NONE', #7936, 1000.000000000000000 ) ;
#506 = CARTESIAN_POINT ( 'NONE',  ( -5576.316527040900837, 1189.999999999998408, -660.0000000000010232 ) ) ;
#507 = CARTESIAN_POINT ( 'NONE',  ( -11700.00000000000182, -814.9999999999974989, -637.0854464784592892 ) ) ;
#508 = EDGE_CURVE ( 'NONE', #3089, #6801, #7868, .T. ) ;
#509 = DIRECTION ( 'NONE',  ( 1.000000000000000000, 0.000000000000000000, 0.000000000000000000 ) ) ;
#510 = ADVANCED_FACE ( 'NONE', ( #2608 ), #7477, .F. ) ;
#511 = DIRECTION ( 'NONE',  ( 1.232595164407830672E-32, 2.775557561563032360E-16, -1.000000000000000000 ) ) ;
#512 = VECTOR ( 'NONE', #3146, 1000.000000000000000 ) ;
#513 = LINE ( 'NONE', #2742, #7610 ) ;
#514 = DIRECTION ( 'NONE',  ( 1.000000000000000000, 0.000000000000000000, 0.000000000000000000 ) ) ;
#515 = DIRECTION ( 'NONE',  ( -1.000000000000000000, 0.000000000000000000, 1.223127061027714532E-16 ) ) ;
#516 = AXIS2_PLACEMENT_3D ( 'NONE', #8823, #4268, #7271 ) ;
#517 = ORIENTED_EDGE ( 'NONE', *, *, #772, .F. ) ;
#518 = ORIENTED_EDGE ( 'NONE', *, *, #7041, .T. ) ;
#519 = DIRECTION ( 'NONE',  ( 0.000000000000000000, -4.827056628805028179E-16, 1.000000000000000000 ) ) ;
#520 = ORIENTED_EDGE ( 'NONE', *, *, #4093, .F. ) ;
#521 = DIRECTION ( 'NONE',  ( -6.162975822039157467E-33, 1.000000000000000000, 2.775557561563032360E-16 ) ) ;
#522 = EDGE_LOOP ( 'NONE', ( #1243, #9042, #3064, #395, #9035, #6413, #8666 ) ) ;
#523 = CARTESIAN_POINT ( 'NONE',  ( -13899.99999999999818, 1054.999999999997499, -919.9999999999979536 ) ) ;
#524 = CARTESIAN_POINT ( 'NONE',  ( -16050.00000000000000, 343.2012612066361044, -1135.000000000000227 ) ) ;
#525 = EDGE_CURVE ( 'NONE', #2613, #2789, #4017, .T. ) ;
#526 = DIRECTION ( 'NONE',  ( 0.9848077530122090195, 0.000000000000000000, -0.1736481776669255017 ) ) ;
#527 = DIRECTION ( 'NONE',  ( 1.232595164407830672E-32, 2.775557561563032360E-16, -1.000000000000000000 ) ) ;
#528 = DIRECTION ( 'NONE',  ( 6.162975822038967936E-33, -1.000000000000000000, 1.510372559762204329E-14 ) ) ;
#529 = CARTESIAN_POINT ( 'NONE',  ( -12923.68347295909734, -1190.000000000001592, -6660.000000000000000 ) ) ;
#530 = LINE ( 'NONE', #1250, #5431 ) ;
#531 = FACE_OUTER_BOUND ( 'NONE', #4833, .T. ) ;
#532 = EDGE_CURVE ( 'NONE', #1100, #1494, #1135, .T. ) ;
#533 = EDGE_CURVE ( 'NONE', #4603, #5550, #975, .T. ) ;
#534 = EDGE_LOOP ( 'NONE', ( #6270, #3548, #6792, #6345 ) ) ;
#535 = LINE ( 'NONE', #3592, #9526 ) ;
#536 = ORIENTED_EDGE ( 'NONE', *, *, #7773, .T. ) ;
#537 = ORIENTED_EDGE ( 'NONE', *, *, #8367, .T. ) ;
#538 = LINE ( 'NONE', #3552, #5607 ) ;
#539 = CARTESIAN_POINT ( 'NONE',  ( -12100.00000000000182, -1054.999999999997726, -919.9999999999985221 ) ) ;
#540 = DIRECTION ( 'NONE',  ( 0.000000000000000000, 1.000000000000000000, 0.000000000000000000 ) ) ;
#541 = DIRECTION ( 'NONE',  ( -1.000000000000000000, 0.000000000000000000, 0.000000000000000000 ) ) ;
#542 = DIRECTION ( 'NONE',  ( 0.000000000000000000, -0.000000000000000000, 1.000000000000000000 ) ) ;
#543 = ORIENTED_EDGE ( 'NONE', *, *, #6496, .F. ) ;
#544 = CARTESIAN_POINT ( 'NONE',  ( -3921.569072607348517, 9753.686360283016256, -960.7596123493884761 ) ) ;
#545 = ORIENTED_EDGE ( 'NONE', *, *, #1023, .F. ) ;
#546 = CYLINDRICAL_SURFACE ( 'NONE', #460, 149.9999999999999147 ) ;
#547 = DIRECTION ( 'NONE',  ( -0.000000000000000000, 0.000000000000000000, 1.000000000000000000 ) ) ;
#548 = CYLINDRICAL_SURFACE ( 'NONE', #1667, 149.9999999999999147 ) ;
#549 = DIRECTION ( 'NONE',  ( -0.000000000000000000, 1.000000000000000000, -0.000000000000000000 ) ) ;
#550 = DIRECTION ( 'NONE',  ( -6.162975822039157467E-33, 1.000000000000000000, 2.775557561563032360E-16 ) ) ;
#551 = CARTESIAN_POINT ( 'NONE',  ( -16550.00000000000000, -311.4982215127146787, -1135.000000000000227 ) ) ;
#552 = CARTESIAN_POINT ( 'NONE',  ( -596.4101615137747103, 739.9999999999984084, -960.0000000000000000 ) ) ;
#553 = LINE ( 'NONE', #3023, #1703 ) ;
#554 = EDGE_CURVE ( 'NONE', #2884, #792, #8079, .T. ) ;
#555 = AXIS2_PLACEMENT_3D ( 'NONE', #8453, #3905, #2418 ) ;
#556 = FACE_OUTER_BOUND ( 'NONE', #6366, .T. ) ;
#557 = VERTEX_POINT ( 'NONE', #2877 ) ;
#558 = ORIENTED_EDGE ( 'NONE', *, *, #9682, .F. ) ;
#559 = CARTESIAN_POINT ( 'NONE',  ( -18153.58983848622665, 989.9999999999984084, -4241.944871367028099 ) ) ;
#560 = LINE ( 'NONE', #479, #2188 ) ;
#561 = ORIENTED_EDGE ( 'NONE', *, *, #8652, .F. ) ;
#562 = PLANE ( 'NONE',  #2851 ) ;
#563 = LINE ( 'NONE', #5175, #5493 ) ;
#564 = CARTESIAN_POINT ( 'NONE',  ( -9775.000000000000000, -740.0000000000009095, -960.0000000000000000 ) ) ;
#565 = AXIS2_PLACEMENT_3D ( 'NONE', #5951, #5246, #5999 ) ;
#566 = FACE_OUTER_BOUND ( 'NONE', #9731, .T. ) ;
#567 = VERTEX_POINT ( 'NONE', #9014 ) ;
#568 = DIRECTION ( 'NONE',  ( 0.000000000000000000, -0.000000000000000000, -1.000000000000000000 ) ) ;
#569 = ADVANCED_FACE ( 'NONE', ( #6584 ), #2168, .T. ) ;
#570 = EDGE_CURVE ( 'NONE', #6338, #7916, #5212, .T. ) ;
#571 = EDGE_CURVE ( 'NONE', #8709, #5801, #1228, .T. ) ;
#572 = ORIENTED_EDGE ( 'NONE', *, *, #8411, .T. ) ;
#573 = ADVANCED_FACE ( 'NONE', ( #7320 ), #5070, .F. ) ;
#574 = AXIS2_PLACEMENT_3D ( 'NONE', #5472, #2365, #1762 ) ;
#575 = ORIENTED_EDGE ( 'NONE', *, *, #1506, .T. ) ;
#576 = DIRECTION ( 'NONE',  ( 0.000000000000000000, -1.000000000000000000, -5.551115123125782702E-16 ) ) ;
#577 = EDGE_LOOP ( 'NONE', ( #628, #2769, #1709, #1501 ) ) ;
#578 = DIRECTION ( 'NONE',  ( -6.162975822039157467E-33, 1.000000000000000000, 2.775557561563032360E-16 ) ) ;
#579 = DIRECTION ( 'NONE',  ( 1.432545838226008399E-17, 1.000000000000000000, -0.000000000000000000 ) ) ;
#580 = CARTESIAN_POINT ( 'NONE',  ( -5399.999999999998181, 750.6144545436229691, -1135.000000000000227 ) ) ;
#581 = CIRCLE ( 'NONE', #7971, 79.99999999999995737 ) ;
#582 = EDGE_LOOP ( 'NONE', ( #8866, #4825, #8549, #7907 ) ) ;
#583 = PLANE ( 'NONE',  #7947 ) ;
#584 = VECTOR ( 'NONE', #1873, 1000.000000000000000 ) ;
#585 = DIRECTION ( 'NONE',  ( 1.000000000000000000, -0.000000000000000000, 0.000000000000000000 ) ) ;
#586 = ADVANCED_FACE ( 'NONE', ( #2921 ), #6531, .F. ) ;
#587 = EDGE_CURVE ( 'NONE', #1584, #3090, #1980, .T. ) ;
#588 = ORIENTED_EDGE ( 'NONE', *, *, #4627, .F. ) ;
#589 = ORIENTED_EDGE ( 'NONE', *, *, #7772, .F. ) ;
#590 = ORIENTED_EDGE ( 'NONE', *, *, #2444, .F. ) ;
#591 = DIRECTION ( 'NONE',  ( -1.000000000000000000, -6.162975822039151993E-33, -1.232595164407830946E-32 ) ) ;
#592 = CARTESIAN_POINT ( 'NONE',  ( -1949.999999999999773, -1189.999999999998408, -960.0000000000002274 ) ) ;
#593 = AXIS2_PLACEMENT_3D ( 'NONE', #7225, #8812, #5104 ) ;
#594 = LINE ( 'NONE', #6007, #316 ) ;
#595 = CARTESIAN_POINT ( 'NONE',  ( -5399.999999999998181, -618.9114148497022825, -960.0000000000002274 ) ) ;
#596 = AXIS2_PLACEMENT_3D ( 'NONE', #2173, #6082, #9891 ) ;
#597 = LINE ( 'NONE', #2065, #1777 ) ;
#598 = ORIENTED_EDGE ( 'NONE', *, *, #2802, .F. ) ;
#599 = VERTEX_POINT ( 'NONE', #6725 ) ;
#600 = EDGE_CURVE ( 'NONE', #6502, #3030, #468, .T. ) ;
#601 = ORIENTED_EDGE ( 'NONE', *, *, #5424, .F. ) ;
#602 = EDGE_CURVE ( 'NONE', #7593, #478, #5924, .T. ) ;
#603 = VECTOR ( 'NONE', #3405, 1000.000000000000114 ) ;
#604 = VECTOR ( 'NONE', #7379, 1000.000000000000000 ) ;
#605 = AXIS2_PLACEMENT_3D ( 'NONE', #1785, #123, #981 ) ;
#606 = CARTESIAN_POINT ( 'NONE',  ( -16550.00000000000000, 1189.999999999998408, -960.0000000000002274 ) ) ;
#607 = CARTESIAN_POINT ( 'NONE',  ( -12100.00000000000182, 814.9999999999971578, 2.220446049250313081E-12 ) ) ;
#608 = CARTESIAN_POINT ( 'NONE',  ( -13250.00000000000000, 1077.499998843224375, -589.9999999999964757 ) ) ;
#609 = VECTOR ( 'NONE', #4124, 1000.000000000000000 ) ;
#610 = DIRECTION ( 'NONE',  ( 6.162975822038967936E-33, -1.000000000000000000, 1.510372559762204329E-14 ) ) ;
#611 = CARTESIAN_POINT ( 'NONE',  ( -18053.58983848622665, -211.4982215127146787, -1135.000000000000227 ) ) ;
#612 = DIRECTION ( 'NONE',  ( 1.000000000000000000, 6.162975822039151993E-33, 1.232595164407830946E-32 ) ) ;
#613 = AXIS2_PLACEMENT_3D ( 'NONE', #7867, #5647, #7007 ) ;
#614 = AXIS2_PLACEMENT_3D ( 'NONE', #168, #1016, #3214 ) ;
#615 = LINE ( 'NONE', #8268, #8083 ) ;
#616 = VECTOR ( 'NONE', #319, 1000.000000000000000 ) ;
#617 = ORIENTED_EDGE ( 'NONE', *, *, #9193, .F. ) ;
#618 = DIRECTION ( 'NONE',  ( 1.000000000000000000, -1.110223024625160485E-15, 0.000000000000000000 ) ) ;
#619 = VERTEX_POINT ( 'NONE', #8972 ) ;
#620 = CARTESIAN_POINT ( 'NONE',  ( -13856.59988046646504, -190.0000000000007390, -623.7872381793358727 ) ) ;
#621 = ORIENTED_EDGE ( 'NONE', *, *, #5602, .T. ) ;
#622 = AXIS2_PLACEMENT_3D ( 'NONE', #3407, #1211, #2587 ) ;
#623 = CARTESIAN_POINT ( 'NONE',  ( -1949.999999999999773, -200.0000000000000000, -825.0000000000001137 ) ) ;
#624 = CYLINDRICAL_SURFACE ( 'NONE', #9723, 199.9999999999999432 ) ;
#625 = CARTESIAN_POINT ( 'NONE',  ( 0.000000000000000000, 0.000000000000000000, -1135.000000000000227 ) ) ;
#626 = DIRECTION ( 'NONE',  ( 0.000000000000000000, 0.000000000000000000, 1.000000000000000000 ) ) ;
#627 = AXIS2_PLACEMENT_3D ( 'NONE', #818, #1623, #8567 ) ;
#628 = ORIENTED_EDGE ( 'NONE', *, *, #6175, .T. ) ;
#629 = DIRECTION ( 'NONE',  ( -1.000000000000000000, -0.000000000000000000, -0.000000000000000000 ) ) ;
#630 = AXIS2_PLACEMENT_3D ( 'NONE', #8986, #8436, #29 ) ;
#631 = ORIENTED_EDGE ( 'NONE', *, *, #4093, .T. ) ;
#632 = ORIENTED_EDGE ( 'NONE', *, *, #2679, .T. ) ;
#633 = DIRECTION ( 'NONE',  ( -1.232595164407830672E-32, -2.775557561563032360E-16, 1.000000000000000000 ) ) ;
#634 = ORIENTED_EDGE ( 'NONE', *, *, #5554, .F. ) ;
#635 = VECTOR ( 'NONE', #1480, 1000.000000000000000 ) ;
#636 = DIRECTION ( 'NONE',  ( 0.000000000000000000, 0.000000000000000000, 1.000000000000000000 ) ) ;
#637 = DIRECTION ( 'NONE',  ( 0.000000000000000000, 1.000000000000000000, 0.000000000000000000 ) ) ;
#638 = CARTESIAN_POINT ( 'NONE',  ( -14588.56810139493791, 278.9021535255452022, -623.7872381793326895 ) ) ;
#639 = AXIS2_PLACEMENT_3D ( 'NONE', #372, #5069, #1181 ) ;
#640 = EDGE_CURVE ( 'NONE', #7315, #5518, #9280, .T. ) ;
#641 = ADVANCED_FACE ( 'NONE', ( #1283 ), #3465, .T. ) ;
#642 = VECTOR ( 'NONE', #1559, 1000.000000000000114 ) ;
#643 = ORIENTED_EDGE ( 'NONE', *, *, #1012, .F. ) ;
#644 = CARTESIAN_POINT ( 'NONE',  ( -16550.00000000000000, -311.4982215127146787, -960.0000000000002274 ) ) ;
#645 = DIRECTION ( 'NONE',  ( -1.232595164407830672E-32, -2.775557561563032360E-16, 1.000000000000000000 ) ) ;
#646 = ORIENTED_EDGE ( 'NONE', *, *, #3232, .T. ) ;
#647 = ORIENTED_EDGE ( 'NONE', *, *, #9769, .T. ) ;
#648 = LINE ( 'NONE', #3917, #674 ) ;
#649 = EDGE_CURVE ( 'NONE', #7870, #3530, #513, .T. ) ;
#650 = DIRECTION ( 'NONE',  ( -1.000000000000000000, 0.000000000000000000, 1.189916929857710326E-16 ) ) ;
#651 = PLANE ( 'NONE',  #8807 ) ;
#652 = ORIENTED_EDGE ( 'NONE', *, *, #5121, .F. ) ;
#653 = VERTEX_POINT ( 'NONE', #611 ) ;
#654 = ORIENTED_EDGE ( 'NONE', *, *, #6164, .F. ) ;
#655 = ORIENTED_EDGE ( 'NONE', *, *, #3978, .F. ) ;
#656 = DIRECTION ( 'NONE',  ( 1.000000000000000000, 0.000000000000000000, -0.000000000000000000 ) ) ;
#657 = CARTESIAN_POINT ( 'NONE',  ( -14500.00000000002001, -190.0000000000007674, -504.9802145985038351 ) ) ;
#658 = CARTESIAN_POINT ( 'NONE',  ( -2.914659381970696526E-13, 1189.999999999998408, -1160.000000000000227 ) ) ;
#659 = ADVANCED_FACE ( 'NONE', ( #5872 ), #8176, .T. ) ;
#660 = CARTESIAN_POINT ( 'NONE',  ( -18153.58983848622665, -989.9999999999984084, -1135.000000000000227 ) ) ;
#661 = SURFACE_STYLE_FILL_AREA ( #9111 ) ;
#662 = EDGE_CURVE ( 'NONE', #8619, #9566, #4401, .T. ) ;
#663 = FACE_OUTER_BOUND ( 'NONE', #2582, .T. ) ;
#664 = LINE ( 'NONE', #3020, #8134 ) ;
#665 = CIRCLE ( 'NONE', #1956, 250.0000000000000000 ) ;
#666 = CARTESIAN_POINT ( 'NONE',  ( -13899.99999999999818, 190.0000000000006821, -539.9999999999980673 ) ) ;
#667 = LINE ( 'NONE', #3719, #9884 ) ;
#668 = DIRECTION ( 'NONE',  ( -1.000000000000000000, 0.000000000000000000, 0.000000000000000000 ) ) ;
#669 = PRODUCT_DEFINITION_CONTEXT ( 'detailed design', #7460, 'design' ) ;
#670 = EDGE_LOOP ( 'NONE', ( #6159, #156, #3289, #9791, #6789 ) ) ;
#671 = DIRECTION ( 'NONE',  ( 1.000000000000000000, 0.000000000000000000, -0.000000000000000000 ) ) ;
#672 = ORIENTED_EDGE ( 'NONE', *, *, #5862, .T. ) ;
#673 = CARTESIAN_POINT ( 'NONE',  ( -16550.00000000000000, 800.0000000000000000, -910.0000000000001137 ) ) ;
#674 = VECTOR ( 'NONE', #9202, 1000.000000000000000 ) ;
#675 = LINE ( 'NONE', #8378, #4116 ) ;
#676 = DIRECTION ( 'NONE',  ( -0.000000000000000000, 0.000000000000000000, 1.000000000000000000 ) ) ;
#677 = DIRECTION ( 'NONE',  ( 1.000000000000000000, 0.000000000000000000, 0.000000000000000000 ) ) ;
#678 = DIRECTION ( 'NONE',  ( -1.356114123142971669E-32, 0.2810131111882628874, 0.9597039290011754042 ) ) ;
#679 = ORIENTED_EDGE ( 'NONE', *, *, #9745, .F. ) ;
#680 = CARTESIAN_POINT ( 'NONE',  ( -5273.137666352222368, 715.2359445967783813, -1135.000000000000227 ) ) ;
#681 = ADVANCED_FACE ( 'NONE', ( #5436, #9832 ), #1574, .T. ) ;
#682 = ORIENTED_EDGE ( 'NONE', *, *, #2473, .F. ) ;
#683 = EDGE_LOOP ( 'NONE', ( #7760, #755, #8044, #3936, #9779, #2538, #8117, #8258, #9803, #5219, #9768, #3154, #8663, #5366, #2198, #7695 ) ) ;
#684 = VERTEX_POINT ( 'NONE', #2222 ) ;
#685 = DIRECTION ( 'NONE',  ( -1.426102104458186769E-16, 1.000000000000000000, 0.000000000000000000 ) ) ;
#686 = EDGE_LOOP ( 'NONE', ( #1138, #6411 ) ) ;
#687 = LINE ( 'NONE', #6798, #7188 ) ;
#688 = LINE ( 'NONE', #3740, #9208 ) ;
#689 = FACE_BOUND ( 'NONE', #8753, .T. ) ;
#690 = VECTOR ( 'NONE', #8364, 1000.000000000000000 ) ;
#691 = ORIENTED_EDGE ( 'NONE', *, *, #4300, .F. ) ;
#692 = CARTESIAN_POINT ( 'NONE',  ( 588.6859966642593918, -875.0000000000000000, -1060.000000000000000 ) ) ;
#693 = ADVANCED_FACE ( 'NONE', ( #69 ), #6177, .F. ) ;
#694 = EDGE_CURVE ( 'NONE', #1061, #2941, #3930, .T. ) ;
#695 = CARTESIAN_POINT ( 'NONE',  ( -14498.43108295709135, -725.0021062409357455, -757.0854464784603124 ) ) ;
#696 = ORIENTED_EDGE ( 'NONE', *, *, #8679, .T. ) ;
#697 = EDGE_LOOP ( 'NONE', ( #1912, #850, #9343, #6702 ) ) ;
#698 = DIRECTION ( 'NONE',  ( 1.000000000000000000, 0.000000000000000000, 0.000000000000000000 ) ) ;
#699 = DIRECTION ( 'NONE',  ( -1.000000000000000000, 0.000000000000000000, -0.000000000000000000 ) ) ;
#700 = CARTESIAN_POINT ( 'NONE',  ( -11501.88379915643600, 731.6596157893137615, -632.5646946938452402 ) ) ;
#701 = ORIENTED_EDGE ( 'NONE', *, *, #5428, .F. ) ;
#702 = ORIENTED_EDGE ( 'NONE', *, *, #8316, .F. ) ;
#703 = EDGE_LOOP ( 'NONE', ( #7328, #474, #4148, #7429 ) ) ;
#704 = EDGE_CURVE ( 'NONE', #3829, #8255, #6073, .T. ) ;
#705 = EDGE_CURVE ( 'NONE', #684, #5563, #8323, .T. ) ;
#706 = ADVANCED_FACE ( 'NONE', ( #5485 ), #6882, .F. ) ;
#707 = FACE_OUTER_BOUND ( 'NONE', #734, .T. ) ;
#708 = DIRECTION ( 'NONE',  ( -0.000000000000000000, 0.000000000000000000, 1.000000000000000000 ) ) ;
#709 = DIRECTION ( 'NONE',  ( 6.162975822039157467E-33, -1.000000000000000000, -3.301729611148415602E-16 ) ) ;
#710 = LINE ( 'NONE', #3762, #3205 ) ;
#711 = CARTESIAN_POINT ( 'NONE',  ( -5399.999999999998181, 750.6144545436229691, -4241.944871367028099 ) ) ;
#712 = CARTESIAN_POINT ( 'NONE',  ( -14619.74851850929372, -1089.999999999998181, -1009.999999999997158 ) ) ;
#713 = LINE ( 'NONE', #8370, #8091 ) ;
#714 = DIRECTION ( 'NONE',  ( 0.000000000000000000, 0.000000000000000000, 1.000000000000000000 ) ) ;
#715 = EDGE_CURVE ( 'NONE', #2117, #4003, #3310, .T. ) ;
#716 = EDGE_CURVE ( 'NONE', #1849, #108, #6928, .T. ) ;
#717 = ORIENTED_EDGE ( 'NONE', *, *, #7818, .F. ) ;
#718 = CARTESIAN_POINT ( 'NONE',  ( -16150.00000000000182, 1189.999999999998408, -960.0000000000002274 ) ) ;
#719 = VERTEX_POINT ( 'NONE', #6978 ) ;
#720 = LINE ( 'NONE', #3771, #9763 ) ;
#721 = ORIENTED_EDGE ( 'NONE', *, *, #704, .F. ) ;
#722 = CARTESIAN_POINT ( 'NONE',  ( -11687.50000000000000, 739.9999999999984084, -960.0000000000002274 ) ) ;
#723 = CARTESIAN_POINT ( 'NONE',  ( -11611.43189860506391, 877.4999988432243754, -909.9999999999982947 ) ) ;
#724 = LINE ( 'NONE', #4414, #6756 ) ;
#725 = DIRECTION ( 'NONE',  ( 0.000000000000000000, -1.000000000000000000, 0.000000000000000000 ) ) ;
#726 = CARTESIAN_POINT ( 'NONE',  ( -11611.43189860506391, -1077.499998843224375, -637.0854464784594029 ) ) ;
#727 = CARTESIAN_POINT ( 'NONE',  ( -2476.862333647776268, 246.8767314595588402, -960.0000000000002274 ) ) ;
#728 = DIRECTION ( 'NONE',  ( -1.000000000000000000, -0.000000000000000000, -0.000000000000000000 ) ) ;
#729 = AXIS2_PLACEMENT_3D ( 'NONE', #9250, #6259, #2467 ) ;
#730 = ORIENTED_EDGE ( 'NONE', *, *, #4023, .F. ) ;
#731 = EDGE_CURVE ( 'NONE', #6256, #3543, #6773, .T. ) ;
#732 = VERTEX_POINT ( 'NONE', #6234 ) ;
#733 = ORIENTED_EDGE ( 'NONE', *, *, #8780, .T. ) ;
#734 = EDGE_LOOP ( 'NONE', ( #8137, #9171, #4412, #5460 ) ) ;
#735 = DIRECTION ( 'NONE',  ( 1.000000000000000000, -0.000000000000000000, 0.000000000000000000 ) ) ;
#736 = DIRECTION ( 'NONE',  ( 0.000000000000000000, -0.000000000000000000, -1.000000000000000000 ) ) ;
#737 = LINE ( 'NONE', #4582, #8599 ) ;
#738 = LINE ( 'NONE', #9912, #2361 ) ;
#739 = DIRECTION ( 'NONE',  ( -1.000000000000000000, 0.000000000000000000, -0.000000000000000000 ) ) ;
#740 = CIRCLE ( 'NONE', #6009, 250.0000000000000000 ) ;
#741 = DIRECTION ( 'NONE',  ( 0.000000000000000000, 0.000000000000000000, -1.000000000000000000 ) ) ;
#742 = VERTEX_POINT ( 'NONE', #2279 ) ;
#743 = ORIENTED_EDGE ( 'NONE', *, *, #5907, .F. ) ;
#744 = CARTESIAN_POINT ( 'NONE',  ( -16023.13766635222419, 246.8767314595589824, -960.0000000000002274 ) ) ;
#745 = ORIENTED_EDGE ( 'NONE', *, *, #773, .T. ) ;
#746 = ORIENTED_EDGE ( 'NONE', *, *, #3703, .T. ) ;
#747 = ORIENTED_EDGE ( 'NONE', *, *, #4644, .T. ) ;
#748 = CARTESIAN_POINT ( 'NONE',  ( -13499.99999999999818, 814.9999999999970441, -306.2059048389986629 ) ) ;
#749 =( NAMED_UNIT ( * ) SI_UNIT ( $, .STERADIAN. ) SOLID_ANGLE_UNIT ( ) );
#750 = AXIS2_PLACEMENT_3D ( 'NONE', #3580, #527, #9697 ) ;
#751 = DIRECTION ( 'NONE',  ( -1.000000000000000000, -6.162975822039151993E-33, -1.232595164407830946E-32 ) ) ;
#752 = DIRECTION ( 'NONE',  ( 1.000000000000000000, 0.000000000000000000, 0.000000000000000000 ) ) ;
#753 = VECTOR ( 'NONE', #7364, 1000.000000000000000 ) ;
#754 = EDGE_CURVE ( 'NONE', #2158, #4230, #7626, .T. ) ;
#755 = ORIENTED_EDGE ( 'NONE', *, *, #300, .T. ) ;
#756 = EDGE_LOOP ( 'NONE', ( #5009, #9341, #8522, #5001, #5060, #4869, #4393, #1943 ) ) ;
#757 = CIRCLE ( 'NONE', #6833, 50.00000000000027001 ) ;
#758 = ORIENTED_EDGE ( 'NONE', *, *, #4077, .F. ) ;
#759 = ORIENTED_EDGE ( 'NONE', *, *, #8226, .T. ) ;
#760 = CARTESIAN_POINT ( 'NONE',  ( -2.998914146599318900E-12, -989.9999999999984084, -960.0000000000020464 ) ) ;
#761 = VECTOR ( 'NONE', #4305, 1000.000000000000114 ) ;
#762 = VECTOR ( 'NONE', #4503, 1000.000000000000000 ) ;
#763 = DIRECTION ( 'NONE',  ( 0.000000000000000000, -1.000000000000000000, -2.775557561562891351E-16 ) ) ;
#764 = DIRECTION ( 'NONE',  ( -6.162975822039151309E-33, 1.000000000000000000, -2.200304988219453538E-16 ) ) ;
#765 = CIRCLE ( 'NONE', #2215, 99.99999999999964473 ) ;
#766 = FACE_OUTER_BOUND ( 'NONE', #8373, .T. ) ;
#767 = CARTESIAN_POINT ( 'NONE',  ( -19088.68599666425871, 0.000000000000000000, -1060.000000000000000 ) ) ;
#768 = EDGE_CURVE ( 'NONE', #1234, #3288, #881, .T. ) ;
#769 = ADVANCED_FACE ( 'NONE', ( #2440 ), #8536, .T. ) ;
#770 = LINE ( 'NONE', #3121, #1258 ) ;
#771 = MANIFOLD_SOLID_BREP ( 'Specchia4', #5622 ) ;
#772 = EDGE_CURVE ( 'NONE', #5356, #2425, #4813, .T. ) ;
#773 = EDGE_CURVE ( 'NONE', #2789, #9890, #4554, .T. ) ;
#774 = AXIS2_PLACEMENT_3D ( 'NONE', #6587, #4867, #5683 ) ;
#775 = AXIS2_PLACEMENT_3D ( 'NONE', #5793, #5082, #1385 ) ;
#776 = DIRECTION ( 'NONE',  ( -6.162975822039157467E-33, 1.000000000000000000, 2.775557561563032360E-16 ) ) ;
#777 = VECTOR ( 'NONE', #5581, 1000.000000000000114 ) ;
#778 = VERTEX_POINT ( 'NONE', #2589 ) ;
#779 = DIRECTION ( 'NONE',  ( -6.162975822039157467E-33, 1.000000000000000000, 2.249385511977649118E-16 ) ) ;
#780 = VERTEX_POINT ( 'NONE', #9525 ) ;
#781 = AXIS2_PLACEMENT_3D ( 'NONE', #8770, #1922, #452 ) ;
#782 = CARTESIAN_POINT ( 'NONE',  ( -12100.00000000000182, -679.9999999999979536, -459.9999999999982947 ) ) ;
#783 = VERTEX_POINT ( 'NONE', #217 ) ;
#784 = CYLINDRICAL_SURFACE ( 'NONE', #4575, 79.99999999999995737 ) ;
#785 = CARTESIAN_POINT ( 'NONE',  ( -2350.000000000001364, 211.4982215127146787, -960.0000000000002274 ) ) ;
#786 = DIRECTION ( 'NONE',  ( 1.000000000000000000, 0.000000000000000000, 0.000000000000000000 ) ) ;
#787 = CIRCLE ( 'NONE', #7665, 250.0000000000000000 ) ;
#788 = EDGE_CURVE ( 'NONE', #936, #2160, #6473, .T. ) ;
#789 = ORIENTED_EDGE ( 'NONE', *, *, #1865, .T. ) ;
#790 = DIRECTION ( 'NONE',  ( 0.000000000000000000, 0.000000000000000000, 1.000000000000000000 ) ) ;
#791 = VECTOR ( 'NONE', #8539, 1000.000000000000114 ) ;
#792 = VERTEX_POINT ( 'NONE', #3219 ) ;
#793 = VECTOR ( 'NONE', #3243, 1000.000000000000000 ) ;
#794 = VERTEX_POINT ( 'NONE', #5670 ) ;
#795 = ORIENTED_EDGE ( 'NONE', *, *, #5359, .T. ) ;
#796 = AXIS2_PLACEMENT_3D ( 'NONE', #90, #5296, #9084 ) ;
#797 = DIRECTION ( 'NONE',  ( 1.232595164407830672E-32, 2.775557561563032360E-16, -1.000000000000000000 ) ) ;
#798 = VERTEX_POINT ( 'NONE', #7081 ) ;
#799 = CARTESIAN_POINT ( 'NONE',  ( -4885.798269505217831, 954.9999999999984084, -1135.000000000000227 ) ) ;
#800 = PLANE ( 'NONE',  #7672 ) ;
#801 = FACE_OUTER_BOUND ( 'NONE', #9692, .T. ) ;
#802 = LINE ( 'NONE', #6906, #2282 ) ;
#803 = VECTOR ( 'NONE', #6693, 1000.000000000000114 ) ;
#804 = DIRECTION ( 'NONE',  ( 0.000000000000000000, -1.000000000000000000, 0.000000000000000000 ) ) ;
#805 = VECTOR ( 'NONE', #2453, 1000.000000000000000 ) ;
#806 = ADVANCED_FACE ( 'NONE', ( #9370 ), #4170, .T. ) ;
#807 = ORIENTED_EDGE ( 'NONE', *, *, #2330, .T. ) ;
#808 = EDGE_CURVE ( 'NONE', #7956, #4335, #363, .T. ) ;
#809 = VERTEX_POINT ( 'NONE', #1920 ) ;
#810 = DIRECTION ( 'NONE',  ( -1.000000000000000000, 0.000000000000000000, 0.000000000000000000 ) ) ;
#811 = VECTOR ( 'NONE', #2669, 1000.000000000000000 ) ;
#812 = VERTEX_POINT ( 'NONE', #3261 ) ;
#813 = VECTOR ( 'NONE', #4501, 1000.000000000000000 ) ;
#814 = EDGE_LOOP ( 'NONE', ( #7053, #717 ) ) ;
#815 = ORIENTED_EDGE ( 'NONE', *, *, #2590, .T. ) ;
#816 = CARTESIAN_POINT ( 'NONE',  ( -265.1845289799109651, 1189.999999999998408, -1503.936198047713560 ) ) ;
#817 = CIRCLE ( 'NONE', #5271, 100.0000000000014211 ) ;
#818 = CARTESIAN_POINT ( 'NONE',  ( -12100.00000000000182, -190.0000000000007958, -459.9999999999982379 ) ) ;
#819 = CARTESIAN_POINT ( 'NONE',  ( -2349.999999999999545, 0.000000000000000000, 0.000000000000000000 ) ) ;
#820 = EDGE_LOOP ( 'NONE', ( #2647, #9407, #5355, #4259, #6935, #336, #1466, #8494, #2971, #9286, #3426, #6308 ) ) ;
#821 = VERTEX_POINT ( 'NONE', #1864 ) ;
#822 = VERTEX_POINT ( 'NONE', #2533 ) ;
#823 = DIRECTION ( 'NONE',  ( 0.9848077530122075762, -4.819705125750964784E-17, 0.1736481776669329402 ) ) ;
#824 = DIRECTION ( 'NONE',  ( 1.000000000000000000, 6.162975822039151993E-33, 1.232595164407830946E-32 ) ) ;
#825 = CARTESIAN_POINT ( 'NONE',  ( -14156.10001622140953, 4.163336342343557632E-15, -725.0000000000051159 ) ) ;
#826 = DIRECTION ( 'NONE',  ( 0.000000000000000000, -0.000000000000000000, 1.000000000000000000 ) ) ;
#827 = DIRECTION ( 'NONE',  ( -0.000000000000000000, -0.000000000000000000, -1.000000000000000000 ) ) ;
#828 = LINE ( 'NONE', #6179, #2714 ) ;
#829 = CARTESIAN_POINT ( 'NONE',  ( -16150.00000000000182, 800.0000000000000000, -910.0000000000001137 ) ) ;
#830 = FACE_OUTER_BOUND ( 'NONE', #7884, .T. ) ;
#831 = VECTOR ( 'NONE', #5362, 1000.000000000000000 ) ;
#832 = DIRECTION ( 'NONE',  ( -1.232595164407830672E-32, -2.775557561563032360E-16, 1.000000000000000000 ) ) ;
#833 = EDGE_CURVE ( 'NONE', #6398, #6452, #7790, .T. ) ;
#834 = VERTEX_POINT ( 'NONE', #4112 ) ;
#835 = CARTESIAN_POINT ( 'NONE',  ( -14500.00000000002001, -190.0000000000008242, -350.9999999999987494 ) ) ;
#836 = VERTEX_POINT ( 'NONE', #262 ) ;
#837 = CARTESIAN_POINT ( 'NONE',  ( -15791.59728649481440, 0.000000000000000000, -4241.944871367028099 ) ) ;
#838 = ORIENTED_EDGE ( 'NONE', *, *, #2816, .T. ) ;
#839 = EDGE_CURVE ( 'NONE', #3794, #7916, #3410, .T. ) ;
#840 = DIRECTION ( 'NONE',  ( -0.000000000000000000, 1.000000000000000000, -0.000000000000000000 ) ) ;
#841 = LINE ( 'NONE', #5227, #8442 ) ;
#842 = FACE_BOUND ( 'NONE', #814, .T. ) ;
#843 = DIRECTION ( 'NONE',  ( 1.000000000000000000, 6.162975822039151993E-33, 1.232595164407830946E-32 ) ) ;
#844 = ORIENTED_EDGE ( 'NONE', *, *, #6120, .T. ) ;
#845 = FACE_OUTER_BOUND ( 'NONE', #2565, .T. ) ;
#846 = ORIENTED_EDGE ( 'NONE', *, *, #3856, .T. ) ;
#847 = CARTESIAN_POINT ( 'NONE',  ( -18500.00000000000000, 1189.999999999998408, -1160.000000000000227 ) ) ;
#848 = ORIENTED_EDGE ( 'NONE', *, *, #5387, .T. ) ;
#849 = VECTOR ( 'NONE', #5117, 1000.000000000000000 ) ;
#850 = ORIENTED_EDGE ( 'NONE', *, *, #959, .F. ) ;
#851 = EDGE_CURVE ( 'NONE', #1259, #4631, #3365, .T. ) ;
#852 = VERTEX_POINT ( 'NONE', #4900 ) ;
#853 = CARTESIAN_POINT ( 'NONE',  ( -12143.40011953353496, -1077.499998843224375, -757.0854464784604261 ) ) ;
#854 = VERTEX_POINT ( 'NONE', #7228 ) ;
#855 = LINE ( 'NONE', #4527, #4091 ) ;
#856 = EDGE_CURVE ( 'NONE', #5047, #2839, #318, .T. ) ;
#857 = PLANE ( 'NONE',  #4297 ) ;
#858 = DIRECTION ( 'NONE',  ( -1.232595164407830672E-32, -2.775557561563032360E-16, 1.000000000000000000 ) ) ;
#859 = FACE_OUTER_BOUND ( 'NONE', #4363, .T. ) ;
#860 = AXIS2_PLACEMENT_3D ( 'NONE', #2754, #8840, #1991 ) ;
#861 = ORIENTED_EDGE ( 'NONE', *, *, #1707, .F. ) ;
#862 = VERTEX_POINT ( 'NONE', #1124 ) ;
#863 = PLANE ( 'NONE',  #574 ) ;
#864 = CARTESIAN_POINT ( 'NONE',  ( 0.000000000000000000, 0.000000000000000000, -1135.000000000000227 ) ) ;
#865 = ORIENTED_EDGE ( 'NONE', *, *, #249, .F. ) ;
#866 = EDGE_CURVE ( 'NONE', #6997, #5034, #8576, .T. ) ;
#867 = CIRCLE ( 'NONE', #2477, 250.0000000000000000 ) ;
#868 = ORIENTED_EDGE ( 'NONE', *, *, #1353, .T. ) ;
#869 = ADVANCED_FACE ( 'NONE', ( #6324 ), #5575, .F. ) ;
#870 = VERTEX_POINT ( 'NONE', #8674 ) ;
#871 = DIRECTION ( 'NONE',  ( -6.162975822039157467E-33, 1.000000000000000000, 2.775557561563032360E-16 ) ) ;
#872 = CARTESIAN_POINT ( 'NONE',  ( -446.4101615137745398, -211.4982215127147072, -960.0000000000000000 ) ) ;
#873 = CARTESIAN_POINT ( 'NONE',  ( -19120.00000000000000, -875.0000000000000000, -1210.000000000000000 ) ) ;
#874 = ORIENTED_EDGE ( 'NONE', *, *, #6662, .T. ) ;
#875 = ORIENTED_EDGE ( 'NONE', *, *, #9615, .T. ) ;
#876 = EDGE_CURVE ( 'NONE', #4172, #8848, #1825, .T. ) ;
#877 = CARTESIAN_POINT ( 'NONE',  ( -3921.569072607348517, 9753.686360283016256, -960.7596123493884761 ) ) ;
#878 = DIRECTION ( 'NONE',  ( 0.000000000000000000, -0.9854601157443478865, 0.1699069165076472210 ) ) ;
#879 = FACE_BOUND ( 'NONE', #5276, .T. ) ;
#880 = FACE_OUTER_BOUND ( 'NONE', #1514, .T. ) ;
#881 = LINE ( 'NONE', #3717, #2841 ) ;
#882 = CARTESIAN_POINT ( 'NONE',  ( -13499.99999999999818, 1970.627566330085756, -637.0854464784586071 ) ) ;
#883 = CYLINDRICAL_SURFACE ( 'NONE', #5434, 277.7941176470602045 ) ;
#884 = DIRECTION ( 'NONE',  ( 6.162975822039157467E-33, -1.000000000000000000, -2.775557561563032360E-16 ) ) ;
#885 = DIRECTION ( 'NONE',  ( 0.000000000000000000, 0.000000000000000000, 1.000000000000000000 ) ) ;
#886 = DIRECTION ( 'NONE',  ( -1.000000000000000000, -6.162975822039151993E-33, -1.232595164407830946E-32 ) ) ;
#887 = DIRECTION ( 'NONE',  ( 1.000000000000000000, -0.000000000000000000, -0.000000000000000000 ) ) ;
#888 = CARTESIAN_POINT ( 'NONE',  ( -11700.00000000000182, 899.9999999999986358, -637.0854464784587208 ) ) ;
#889 = CARTESIAN_POINT ( 'NONE',  ( -12320.00000000000000, -1970.627566330085756, -517.7941176470596929 ) ) ;
#890 = DIRECTION ( 'NONE',  ( -0.000000000000000000, -1.000000000000000000, -0.000000000000000000 ) ) ;
#891 = EDGE_LOOP ( 'NONE', ( #2338, #5605, #8879, #4203 ) ) ;
#892 = ORIENTED_EDGE ( 'NONE', *, *, #6329, .F. ) ;
#893 = VERTEX_POINT ( 'NONE', #8909 ) ;
#894 = ORIENTED_EDGE ( 'NONE', *, *, #3528, .F. ) ;
#895 = EDGE_LOOP ( 'NONE', ( #7260, #1001, #3358, #2370 ) ) ;
#896 = VERTEX_POINT ( 'NONE', #2728 ) ;
#897 = DIRECTION ( 'NONE',  ( -1.000000000000000000, 0.000000000000000000, 1.223127061027714532E-16 ) ) ;
#898 = CARTESIAN_POINT ( 'NONE',  ( -14578.43092739263921, -1189.999999999998181, -960.7596123493866571 ) ) ;
#899 = DIRECTION ( 'NONE',  ( -0.000000000000000000, 0.000000000000000000, 1.000000000000000000 ) ) ;
#900 = PLANE ( 'NONE',  #8352 ) ;
#901 = DIRECTION ( 'NONE',  ( 6.162975822039157467E-33, -1.000000000000000000, -2.249385511977649118E-16 ) ) ;
#902 = AXIS2_PLACEMENT_3D ( 'NONE', #9169, #7846, #9285 ) ;
#903 = EDGE_CURVE ( 'NONE', #996, #1261, #3654, .T. ) ;
#904 = ORIENTED_EDGE ( 'NONE', *, *, #5428, .T. ) ;
#905 = EDGE_CURVE ( 'NONE', #6502, #4448, #8164, .T. ) ;
#906 = EDGE_CURVE ( 'NONE', #6434, #8958, #4755, .T. ) ;
#907 = ORIENTED_EDGE ( 'NONE', *, *, #9489, .T. ) ;
#908 = CARTESIAN_POINT ( 'NONE',  ( -12143.40011953353496, -747.0986934586336474, -637.0854464784592892 ) ) ;
#909 = EDGE_CURVE ( 'NONE', #5775, #9817, #2908, .T. ) ;
#910 = VECTOR ( 'NONE', #7099, 1000.000000000000114 ) ;
#911 = EDGE_LOOP ( 'NONE', ( #6455, #378, #6637, #1010, #8105, #6475, #3443 ) ) ;
#912 = ORIENTED_EDGE ( 'NONE', *, *, #8565, .F. ) ;
#913 = FACE_BOUND ( 'NONE', #1105, .T. ) ;
#914 = VECTOR ( 'NONE', #6900, 1000.000000000000000 ) ;
#915 = ORIENTED_EDGE ( 'NONE', *, *, #9784, .T. ) ;
#916 = EDGE_CURVE ( 'NONE', #1764, #4200, #2064, .T. ) ;
#917 = EDGE_LOOP ( 'NONE', ( #9381, #5541, #3649, #892 ) ) ;
#918 = DIRECTION ( 'NONE',  ( 0.000000000000000000, 0.000000000000000000, 1.000000000000000000 ) ) ;
#919 = VECTOR ( 'NONE', #9750, 1000.000000000000114 ) ;
#920 = CARTESIAN_POINT ( 'NONE',  ( -12923.68347295909916, 9753.686360283016256, -760.0000000000006821 ) ) ;
#921 = CARTESIAN_POINT ( 'NONE',  ( -13965.57253896063776, 1189.999999999998408, -751.1534819267453713 ) ) ;
#922 = CARTESIAN_POINT ( 'NONE',  ( -4895.200086281938638, 921.2864145885213247, -4241.944871367028099 ) ) ;
#923 = CARTESIAN_POINT ( 'NONE',  ( -2.998914146599318900E-12, -989.9999999999984084, -960.0000000000020464 ) ) ;
#924 = DIRECTION ( 'NONE',  ( -0.000000000000000000, 0.000000000000000000, 1.000000000000000000 ) ) ;
#925 = EDGE_CURVE ( 'NONE', #3942, #4797, #6672, .T. ) ;
#926 = CARTESIAN_POINT ( 'NONE',  ( -5576.316527040901747, 1189.999999999998408, -6660.000000000000909 ) ) ;
#927 = CIRCLE ( 'NONE', #5230, 50.00000000000071054 ) ;
#928 = CARTESIAN_POINT ( 'NONE',  ( -13856.59988046646504, 1077.499998843224375, -637.0854464784587208 ) ) ;
#929 = CARTESIAN_POINT ( 'NONE',  ( -14119.99999999999818, -1077.499998843224603, -239.9999999999985505 ) ) ;
#930 = ORIENTED_EDGE ( 'NONE', *, *, #7902, .T. ) ;
#931 = FACE_OUTER_BOUND ( 'NONE', #4645, .T. ) ;
#932 = CARTESIAN_POINT ( 'NONE',  ( -18500.00000000000000, 875.0000000000000000, -910.0000000000001137 ) ) ;
#933 = LINE ( 'NONE', #3316, #7196 ) ;
#934 = CARTESIAN_POINT ( 'NONE',  ( -3930.251481490694459, 9753.686360283016256, -1009.999999999999091 ) ) ;
#935 = AXIS2_PLACEMENT_3D ( 'NONE', #1128, #4815, #5580 ) ;
#936 = VERTEX_POINT ( 'NONE', #449 ) ;
#937 = CIRCLE ( 'NONE', #9878, 99.99999999999964473 ) ;
#938 = LINE ( 'NONE', #2550, #2515 ) ;
#939 = EDGE_LOOP ( 'NONE', ( #4806, #9500 ) ) ;
#940 = ORIENTED_EDGE ( 'NONE', *, *, #9542, .T. ) ;
#941 = ORIENTED_EDGE ( 'NONE', *, *, #7756, .F. ) ;
#942 = CARTESIAN_POINT ( 'NONE',  ( -1.174201978586608096E-13, 989.9999999999984084, -960.0000000000020464 ) ) ;
#943 = VERTEX_POINT ( 'NONE', #4308 ) ;
#944 = FACE_OUTER_BOUND ( 'NONE', #6707, .T. ) ;
#945 = CARTESIAN_POINT ( 'NONE',  ( -5576.316527040902656, -9753.686360283016256, -760.0000000000010232 ) ) ;
#946 = AXIS2_PLACEMENT_3D ( 'NONE', #7528, #6731, #668 ) ;
#947 = CARTESIAN_POINT ( 'NONE',  ( -5949.999999999999091, -989.9999999999998863, -960.0000000000002274 ) ) ;
#948 = LINE ( 'NONE', #8560, #6867 ) ;
#949 = ORIENTED_EDGE ( 'NONE', *, *, #6157, .F. ) ;
#951 = ORIENTED_EDGE ( 'NONE', *, *, #1024, .F. ) ;
#950 = AXIS2_PLACEMENT_3D ( 'NONE', #2060, #9720, #4531 ) ;
#952 = DIRECTION ( 'NONE',  ( -1.000000000000000000, -6.162975822039151993E-33, -1.232595164407830946E-32 ) ) ;
#953 = VECTOR ( 'NONE', #7682, 1000.000000000000000 ) ;
#954 = ORIENTED_EDGE ( 'NONE', *, *, #5221, .F. ) ;
#955 = AXIS2_PLACEMENT_3D ( 'NONE', #2190, #8293, #685 ) ;
#956 = EDGE_CURVE ( 'NONE', #9454, #6999, #400, .T. ) ;
#957 = VERTEX_POINT ( 'NONE', #595 ) ;
#958 = CARTESIAN_POINT ( 'NONE',  ( -11611.43189860506391, -877.4999988432243754, -637.0854464784592892 ) ) ;
#959 = EDGE_CURVE ( 'NONE', #3448, #4313, #2111, .T. ) ;
#960 = EDGE_CURVE ( 'NONE', #7376, #7189, #9236, .T. ) ;
#961 = VECTOR ( 'NONE', #843, 1000.000000000000000 ) ;
#962 = CARTESIAN_POINT ( 'NONE',  ( -3930.251481490694459, -1089.999999999998181, -1059.999999999999091 ) ) ;
#963 = AXIS2_PLACEMENT_3D ( 'NONE', #8692, #5832, #2791 ) ;
#964 = ORIENTED_EDGE ( 'NONE', *, *, #1287, .F. ) ;
#965 =( BOUNDED_CURVE ( )  B_SPLINE_CURVE ( 3, ( #26, #6186, #6936, #2177 ),
 .UNSPECIFIED., .F., .F. ) 
 B_SPLINE_CURVE_WITH_KNOTS ( ( 4, 4 ),
 ( 1.570796326794896558, 1.696134772426670434 ),
 .UNSPECIFIED. ) 
 CURVE ( )  GEOMETRIC_REPRESENTATION_ITEM ( )  RATIONAL_B_SPLINE_CURVE ( ( 1.000000000000000000, 0.9986912845788542548, 0.9986912845788542548, 1.000000000000000000 ) ) 
 REPRESENTATION_ITEM ( '' )  );
#966 = VERTEX_POINT ( 'NONE', #5816 ) ;
#967 = FACE_OUTER_BOUND ( 'NONE', #9242, .T. ) ;
#968 = VERTEX_POINT ( 'NONE', #3453 ) ;
#969 = AXIS2_PLACEMENT_3D ( 'NONE', #4348, #8019, #7400 ) ;
#970 = EDGE_CURVE ( 'NONE', #957, #5519, #5150, .T. ) ;
#971 = DIRECTION ( 'NONE',  ( 0.000000000000000000, -0.000000000000000000, 1.000000000000000000 ) ) ;
#972 = CARTESIAN_POINT ( 'NONE',  ( -12033.84276082942779, 190.0000000000006821, -504.9802145985029256 ) ) ;
#973 = AXIS2_PLACEMENT_3D ( 'NONE', #6614, #2208, #650 ) ;
#974 = LINE ( 'NONE', #6233, #163 ) ;
#975 = CIRCLE ( 'NONE', #6562, 199.9999999999999432 ) ;
#976 = CARTESIAN_POINT ( 'NONE',  ( -14156.10001622140953, 732.4719190560189190, -589.9999999999965894 ) ) ;
#977 = VECTOR ( 'NONE', #1244, 1000.000000000000000 ) ;
#978 = DIRECTION ( 'NONE',  ( 0.000000000000000000, 0.000000000000000000, 1.000000000000000000 ) ) ;
#979 = LINE ( 'NONE', #8579, #9413 ) ;
#980 = ORIENTED_EDGE ( 'NONE', *, *, #8921, .F. ) ;
#981 = DIRECTION ( 'NONE',  ( 1.000000000000000000, 0.000000000000000000, 0.000000000000000000 ) ) ;
#982 = VERTEX_POINT ( 'NONE', #7356 ) ;
#983 = EDGE_CURVE ( 'NONE', #3030, #9454, #7448, .T. ) ;
#984 = DIRECTION ( 'NONE',  ( 0.000000000000000000, -1.000000000000000000, 0.000000000000000000 ) ) ;
#985 = EDGE_CURVE ( 'NONE', #9340, #6872, #6840, .T. ) ;
#986 = DIRECTION ( 'NONE',  ( -1.000000000000000000, -0.000000000000000000, -0.000000000000000000 ) ) ;
#987 = CARTESIAN_POINT ( 'NONE',  ( -18500.00000000000000, 1189.999999999998408, -960.0000000000002274 ) ) ;
#988 = ORIENTED_EDGE ( 'NONE', *, *, #4844, .F. ) ;
#989 = DIRECTION ( 'NONE',  ( -1.000000000000000000, 0.000000000000000000, 0.000000000000000000 ) ) ;
#990 = EDGE_LOOP ( 'NONE', ( #6555, #632, #1295, #357 ) ) ;
#991 = FACE_OUTER_BOUND ( 'NONE', #5248, .T. ) ;
#992 = EDGE_LOOP ( 'NONE', ( #9255, #7350, #6011, #4870 ) ) ;
#993 = ORIENTED_EDGE ( 'NONE', *, *, #602, .F. ) ;
#994 = ORIENTED_EDGE ( 'NONE', *, *, #5934, .T. ) ;
#995 = LINE ( 'NONE', #7104, #3039 ) ;
#996 = VERTEX_POINT ( 'NONE', #5107 ) ;
#997 = DIRECTION ( 'NONE',  ( 0.000000000000000000, 0.000000000000000000, 1.000000000000000000 ) ) ;
#998 = CARTESIAN_POINT ( 'NONE',  ( -14569.74851850929372, -9753.686360283016256, -1059.999999999997499 ) ) ;
#999 = FACE_OUTER_BOUND ( 'NONE', #2938, .T. ) ;
#1000 = EDGE_CURVE ( 'NONE', #5078, #4462, #4390, .T. ) ;
#1001 = ORIENTED_EDGE ( 'NONE', *, *, #6914, .T. ) ;
#1002 = CARTESIAN_POINT ( 'NONE',  ( -1949.999999999999773, -200.0000000000000000, -825.0000000000001137 ) ) ;
#1003 = AXIS2_PLACEMENT_3D ( 'NONE', #5072, #8925, #8177 ) ;
#1004 = LINE ( 'NONE', #5753, #107 ) ;
#1005 = ORIENTED_EDGE ( 'NONE', *, *, #6175, .F. ) ;
#1006 = ORIENTED_EDGE ( 'NONE', *, *, #8803, .F. ) ;
#1007 = CARTESIAN_POINT ( 'NONE',  ( 0.000000000000000000, 0.000000000000000000, 0.000000000000000000 ) ) ;
#1008 = CIRCLE ( 'NONE', #4202, 99.99999999999964473 ) ;
#1009 = ORIENTED_EDGE ( 'NONE', *, *, #1510, .T. ) ;
#1010 = ORIENTED_EDGE ( 'NONE', *, *, #3417, .T. ) ;
#1011 = ADVANCED_FACE ( 'NONE', ( #9006 ), #1168, .F. ) ;
#1012 = EDGE_CURVE ( 'NONE', #134, #6452, #1407, .T. ) ;
#1013 = AXIS2_PLACEMENT_3D ( 'NONE', #6667, #1367, #6771 ) ;
#1014 = ORIENTED_EDGE ( 'NONE', *, *, #2740, .T. ) ;
#1015 = EDGE_LOOP ( 'NONE', ( #5846, #359, #7052, #1164 ) ) ;
#1016 = DIRECTION ( 'NONE',  ( 6.162975822039157467E-33, -1.000000000000000000, -2.249385511977649118E-16 ) ) ;
#1017 = ORIENTED_EDGE ( 'NONE', *, *, #1140, .T. ) ;
#1018 = DIRECTION ( 'NONE',  ( -0.1736481776669255295, 2.487589742322847034E-18, 0.9848077530122090195 ) ) ;
#1019 = CARTESIAN_POINT ( 'NONE',  ( -2476.862333647776268, 246.8767314595588402, -1135.000000000000227 ) ) ;
#1020 = LINE ( 'NONE', #7080, #6071 ) ;
#1021 = DIRECTION ( 'NONE',  ( -1.000000000000000000, -2.400482215405744004E-16, 1.223127061027714285E-16 ) ) ;
#1022 = DIRECTION ( 'NONE',  ( -0.000000000000000000, -1.000000000000000000, -0.000000000000000000 ) ) ;
#1023 = EDGE_CURVE ( 'NONE', #3794, #3063, #6656, .T. ) ;
#1024 = EDGE_CURVE ( 'NONE', #1961, #1292, #5235, .T. ) ;
#1025 = EDGE_CURVE ( 'NONE', #1817, #2949, #265, .T. ) ;
#1026 = CARTESIAN_POINT ( 'NONE',  ( -12143.40011953353496, 1077.499998843224375, -637.0854464784587208 ) ) ;
#1027 = DIRECTION ( 'NONE',  ( 1.000000000000000000, 2.220446049250320969E-15, 0.000000000000000000 ) ) ;
#1028 = DIRECTION ( 'NONE',  ( 6.162975822039157467E-33, -1.000000000000000000, -2.249385511977649118E-16 ) ) ;
#1029 = DIRECTION ( 'NONE',  ( -1.000000000000000000, -6.162975822039151993E-33, -1.232595164407830946E-32 ) ) ;
#1030 = DIRECTION ( 'NONE',  ( -1.000000000000000000, -6.162975822039151993E-33, -1.232595164407830946E-32 ) ) ;
#1031 = FACE_OUTER_BOUND ( 'NONE', #6538, .T. ) ;
#1032 = VERTEX_POINT ( 'NONE', #1828 ) ;
#1033 = CARTESIAN_POINT ( 'NONE',  ( -16150.00000000000182, 0.000000000000000000, 0.000000000000000000 ) ) ;
#1034 = CARTESIAN_POINT ( 'NONE',  ( -14500.00000000002001, -899.9999999999986358, -350.9999999999989768 ) ) ;
#1035 = EDGE_CURVE ( 'NONE', #9890, #8745, #7823, .T. ) ;
#1036 = EDGE_CURVE ( 'NONE', #5353, #5034, #7178, .T. ) ;
#1037 = DIRECTION ( 'NONE',  ( -1.232595164407830672E-32, -2.775557561563032360E-16, 1.000000000000000000 ) ) ;
#1038 = CARTESIAN_POINT ( 'NONE',  ( -10887.50000000000000, 739.9999999999984084, -1135.000000000000227 ) ) ;
#1039 = ORIENTED_EDGE ( 'NONE', *, *, #2076, .T. ) ;
#1040 = VERTEX_POINT ( 'NONE', #8634 ) ;
#1041 = DIRECTION ( 'NONE',  ( 1.000000000000000000, 0.000000000000000000, 0.000000000000000000 ) ) ;
#1042 = ORIENTED_EDGE ( 'NONE', *, *, #2614, .F. ) ;
#1043 = EDGE_LOOP ( 'NONE', ( #1177, #7018, #6445, #7722 ) ) ;
#1044 = CARTESIAN_POINT ( 'NONE',  ( -14588.56810139493791, 278.9021535255452022, -623.7872381793326895 ) ) ;
#1045 = LINE ( 'NONE', #9252, #7091 ) ;
#1046 = DIRECTION ( 'NONE',  ( -0.000000000000000000, -0.000000000000000000, -1.000000000000000000 ) ) ;
#1047 = CARTESIAN_POINT ( 'NONE',  ( -12750.00000000000000, 732.4719190560189190, -589.9999999999965894 ) ) ;
#1048 = CARTESIAN_POINT ( 'NONE',  ( -12244.99999999992906, 1077.499998843224375, -860.0000000000226237 ) ) ;
#1049 = VERTEX_POINT ( 'NONE', #2633 ) ;
#1050 = EDGE_CURVE ( 'NONE', #4999, #8619, #8720, .T. ) ;
#1051 = ORIENTED_EDGE ( 'NONE', *, *, #8069, .T. ) ;
#1052 = ADVANCED_FACE ( 'NONE', ( #332 ), #8832, .F. ) ;
#1053 = ORIENTED_EDGE ( 'NONE', *, *, #3509, .F. ) ;
#1054 = ORIENTED_EDGE ( 'NONE', *, *, #7084, .F. ) ;
#1055 = DIRECTION ( 'NONE',  ( 0.000000000000000000, 1.000000000000000000, 5.551115123125784674E-16 ) ) ;
#1056 = APPLICATION_PROTOCOL_DEFINITION ( 'draft international standard', 'automotive_design', 1998, #2041 ) ;
#1057 = ORIENTED_EDGE ( 'NONE', *, *, #9701, .F. ) ;
#1058 = CARTESIAN_POINT ( 'NONE',  ( -15900.00000000000182, -989.9999999999990905, -960.0000000000002274 ) ) ;
#1059 = AXIS2_PLACEMENT_3D ( 'NONE', #4476, #9189, #1445 ) ;
#1060 = ORIENTED_EDGE ( 'NONE', *, *, #7371, .F. ) ;
#1061 = VERTEX_POINT ( 'NONE', #5638 ) ;
#1062 = ORIENTED_EDGE ( 'NONE', *, *, #3511, .T. ) ;
#1063 = LINE ( 'NONE', #1655, #8937 ) ;
#1064 = DIRECTION ( 'NONE',  ( 0.000000000000000000, 1.000000000000000000, 0.000000000000000000 ) ) ;
#1065 = VERTEX_POINT ( 'NONE', #7940 ) ;
#1066 = LINE ( 'NONE', #920, #2377 ) ;
#1067 = DIRECTION ( 'NONE',  ( -1.000000000000000000, 0.000000000000000000, -0.000000000000000000 ) ) ;
#1068 = VECTOR ( 'NONE', #7900, 1000.000000000000000 ) ;
#1069 = CARTESIAN_POINT ( 'NONE',  ( -13680.00000000000000, -1077.499998843224603, -239.9999999999985505 ) ) ;
#1070 = DIRECTION ( 'NONE',  ( 6.162975822039157467E-33, -1.000000000000000000, -2.775557561563032360E-16 ) ) ;
#1071 = CARTESIAN_POINT ( 'NONE',  ( -13250.00000000000000, 190.0000000000006821, -623.7872381793326895 ) ) ;
#1072 = VECTOR ( 'NONE', #6108, 1000.000000000000000 ) ;
#1073 = DIRECTION ( 'NONE',  ( -1.004552902547434720E-32, -0.2862998607685335872, 0.9581400679044366209 ) ) ;
#1074 = CIRCLE ( 'NONE', #5861, 277.7941176470602045 ) ;
#1075 = CARTESIAN_POINT ( 'NONE',  ( -1949.999999999999773, 0.000000000000000000, 0.000000000000000000 ) ) ;
#1076 = EDGE_CURVE ( 'NONE', #3389, #5944, #5570, .T. ) ;
#1077 = CARTESIAN_POINT ( 'NONE',  ( -3866.957084846029375, 989.9999999999984084, -868.8465180732546287 ) ) ;
#1078 = EDGE_CURVE ( 'NONE', #1206, #6222, #8449, .T. ) ;
#1079 = MANIFOLD_SURFACE_SHAPE_REPRESENTATION ( '', ( #7721, #4904 ), #8111 ) ;
#1080 = EDGE_CURVE ( 'NONE', #2809, #5664, #296, .T. ) ;
#1081 = CARTESIAN_POINT ( 'NONE',  ( 0.000000000000000000, 0.000000000000000000, -1160.000000000000227 ) ) ;
#1082 = CARTESIAN_POINT ( 'NONE',  ( -2449.999999999999545, -343.2012612066354222, -1135.000000000000227 ) ) ;
#1083 = DIRECTION ( 'NONE',  ( 6.162975822039157467E-33, -1.000000000000000000, -2.775557561563032360E-16 ) ) ;
#1084 = VERTEX_POINT ( 'NONE', #1038 ) ;
#1085 = AXIS2_PLACEMENT_3D ( 'NONE', #1518, #8969, #6721 ) ;
#1086 = AXIS2_PLACEMENT_3D ( 'NONE', #1646, #4679, #7047 ) ;
#1087 = DIRECTION ( 'NONE',  ( 1.000000000000000000, 0.000000000000000000, 0.000000000000000000 ) ) ;
#1088 = ORIENTED_EDGE ( 'NONE', *, *, #331, .T. ) ;
#1089 = ORIENTED_EDGE ( 'NONE', *, *, #9825, .T. ) ;
#1090 = VERTEX_POINT ( 'NONE', #4275 ) ;
#1091 = DIRECTION ( 'NONE',  ( -1.189916929857710326E-16, 0.000000000000000000, -1.000000000000000000 ) ) ;
#1092 = DIRECTION ( 'NONE',  ( 0.000000000000000000, 1.000000000000000000, 0.000000000000000000 ) ) ;
#1093 = VECTOR ( 'NONE', #4349, 1000.000000000000000 ) ;
#1094 = EDGE_CURVE ( 'NONE', #854, #4003, #1881, .T. ) ;
#1095 = AXIS2_PLACEMENT_3D ( 'NONE', #6020, #3173, #2332 ) ;
#1096 = ADVANCED_FACE ( 'NONE', ( #1984 ), #9495, .T. ) ;
#1097 = CYLINDRICAL_SURFACE ( 'NONE', #1272, 5999.999999999999091 ) ;
#1098 = VECTOR ( 'NONE', #9633, 1000.000000000000000 ) ;
#1099 = DIRECTION ( 'NONE',  ( 1.000000000000000000, 0.000000000000000000, 0.000000000000000000 ) ) ;
#1100 = VERTEX_POINT ( 'NONE', #4224 ) ;
#1101 = CARTESIAN_POINT ( 'NONE',  ( -14588.56810139493791, 877.4999988432243754, -637.0854464784588345 ) ) ;
#1102 = AXIS2_PLACEMENT_3D ( 'NONE', #5, #3059, #1768 ) ;
#1103 = VECTOR ( 'NONE', #5735, 1000.000000000000000 ) ;
#1104 = CIRCLE ( 'NONE', #1577, 277.7941176470602045 ) ;
#1105 = EDGE_LOOP ( 'NONE', ( #3659, #6984, #7251, #8858, #5933, #7914, #8325, #7549, #846 ) ) ;
#1106 = AXIS2_PLACEMENT_3D ( 'NONE', #1176, #1928, #2074 ) ;
#1107 = CARTESIAN_POINT ( 'NONE',  ( -1949.999999999999773, -311.4982215127146787, -960.0000000000002274 ) ) ;
#1109 = ADVANCED_FACE ( 'NONE', ( #4081 ), #9593, .F. ) ;
#1108 = APPLICATION_PROTOCOL_DEFINITION ( 'draft international standard', 'automotive_design', 1998, #6271 ) ;
#1110 = EDGE_CURVE ( 'NONE', #6432, #4097, #4923, .T. ) ;
#1111 = AXIS2_PLACEMENT_3D ( 'NONE', #3493, #8948, #6694 ) ;
#1112 = ORIENTED_EDGE ( 'NONE', *, *, #856, .F. ) ;
#1113 = CARTESIAN_POINT ( 'NONE',  ( -14156.10001622140953, -1077.499998843224375, -589.9999999999971578 ) ) ;
#1114 = VECTOR ( 'NONE', #4556, 1000.000000000000000 ) ;
#1115 = ORIENTED_EDGE ( 'NONE', *, *, #8498, .T. ) ;
#1116 = CIRCLE ( 'NONE', #622, 100.0000000000014211 ) ;
#1117 = EDGE_LOOP ( 'NONE', ( #4165, #193, #1311, #1594 ) ) ;
#1118 = ORIENTED_EDGE ( 'NONE', *, *, #1194, .T. ) ;
#1119 = DIRECTION ( 'NONE',  ( -1.232595164407830672E-32, -2.775557561563032360E-16, 1.000000000000000000 ) ) ;
#1120 = LINE ( 'NONE', #6425, #8260 ) ;
#1121 = CARTESIAN_POINT ( 'NONE',  ( -14500.00000000002001, -699.9999999999986358, -623.2943698956134995 ) ) ;
#1122 = AXIS2_PLACEMENT_3D ( 'NONE', #2147, #4526, #3688 ) ;
#1123 = CYLINDRICAL_SURFACE ( 'NONE', #1450, 250.0000000000000000 ) ;
#1124 = CARTESIAN_POINT ( 'NONE',  ( -1949.999999999999773, -899.9999999999998863, -910.0000000000001137 ) ) ;
#1125 = PLANE ( 'NONE',  #4935 ) ;
#1126 = CIRCLE ( 'NONE', #3348, 100.0000000000014211 ) ;
#1127 = AXIS2_PLACEMENT_3D ( 'NONE', #9471, #1064, #24 ) ;
#1128 = CARTESIAN_POINT ( 'NONE',  ( -2449.999999999999545, -343.2012612066354222, -960.0000000000000000 ) ) ;
#1129 = ORIENTED_EDGE ( 'NONE', *, *, #9128, .T. ) ;
#1130 = DIRECTION ( 'NONE',  ( 0.000000000000000000, -1.000000000000000000, -5.551115123125784674E-16 ) ) ;
#1131 = CIRCLE ( 'NONE', #8798, 100.0000000000000853 ) ;
#1132 = CARTESIAN_POINT ( 'NONE',  ( -14569.74851850929372, -1089.999999999998181, -1059.999999999997499 ) ) ;
#1133 = CARTESIAN_POINT ( 'NONE',  ( -14300.00000000001819, -699.9999999999986358, -757.0854464784603124 ) ) ;
#1134 = CARTESIAN_POINT ( 'NONE',  ( -8975.000000000000000, 739.9999999999984084, -960.0000000000002274 ) ) ;
#1135 = LINE ( 'NONE', #5727, #5274 ) ;
#1136 = DIRECTION ( 'NONE',  ( -0.000000000000000000, 0.000000000000000000, 1.000000000000000000 ) ) ;
#1137 = AXIS2_PLACEMENT_3D ( 'NONE', #9724, #542, #4309 ) ;
#1138 = ORIENTED_EDGE ( 'NONE', *, *, #2765, .F. ) ;
#1139 = EDGE_CURVE ( 'NONE', #9890, #812, #7992, .T. ) ;
#1140 = EDGE_CURVE ( 'NONE', #5739, #2547, #7240, .T. ) ;
#1141 = CARTESIAN_POINT ( 'NONE',  ( -12143.40011953353496, 899.9999999999986358, -637.0854464784587208 ) ) ;
#1142 = ORIENTED_EDGE ( 'NONE', *, *, #9385, .F. ) ;
#1143 = VERTEX_POINT ( 'NONE', #5023 ) ;
#1144 = CYLINDRICAL_SURFACE ( 'NONE', #3506, 5899.999999999998181 ) ;
#1145 = ORIENTED_EDGE ( 'NONE', *, *, #1639, .T. ) ;
#1146 = CARTESIAN_POINT ( 'NONE',  ( -12244.99999999992906, 454.0705533836913332, -860.0000000000227374 ) ) ;
#1147 = CARTESIAN_POINT ( 'NONE',  ( -596.4101615137747103, 989.9999999999984084, -960.0000000000002274 ) ) ;
#1148 = DIRECTION ( 'NONE',  ( -1.432545838226008399E-17, -1.000000000000000000, 0.000000000000000000 ) ) ;
#1149 = DIRECTION ( 'NONE',  ( -6.162975822039157467E-33, 1.000000000000000000, 2.249385511977649118E-16 ) ) ;
#1150 = DIRECTION ( 'NONE',  ( -2.376075833082705998E-33, 0.9581400679044367319, -0.2862998607685330321 ) ) ;
#1151 = ORIENTED_EDGE ( 'NONE', *, *, #2330, .F. ) ;
#1152 = EDGE_CURVE ( 'NONE', #4335, #9080, #1938, .T. ) ;
#1153 = ADVANCED_FACE ( 'NONE', ( #2788 ), #7325, .T. ) ;
#1154 = EDGE_LOOP ( 'NONE', ( #3947, #8729, #7360, #7869, #7281, #9511 ) ) ;
#1155 = CARTESIAN_POINT ( 'NONE',  ( -18500.00000000000000, -875.0000000000000000, -1140.000000000000227 ) ) ;
#1156 = ORIENTED_EDGE ( 'NONE', *, *, #8603, .T. ) ;
#1157 = EDGE_CURVE ( 'NONE', #6213, #8277, #5784, .T. ) ;
#1158 = EDGE_CURVE ( 'NONE', #5519, #85, #3328, .T. ) ;
#1159 = ORIENTED_EDGE ( 'NONE', *, *, #2926, .T. ) ;
#1160 = AXIS2_PLACEMENT_3D ( 'NONE', #2825, #1621, #4593 ) ;
#1161 = ORIENTED_EDGE ( 'NONE', *, *, #2380, .T. ) ;
#1162 = ORIENTED_EDGE ( 'NONE', *, *, #9461, .F. ) ;
#1163 = CARTESIAN_POINT ( 'NONE',  ( -4885.798269505217831, 954.9999999999984084, -960.0000000000000000 ) ) ;
#1164 = ORIENTED_EDGE ( 'NONE', *, *, #903, .T. ) ;
#1165 = CARTESIAN_POINT ( 'NONE',  ( 0.000000000000000000, -875.0000000000000000, -1210.000000000000000 ) ) ;
#1166 = DIRECTION ( 'NONE',  ( 0.000000000000000000, -0.000000000000000000, -1.000000000000000000 ) ) ;
#1167 = CARTESIAN_POINT ( 'NONE',  ( -5576.316527040902656, 1189.999999999998408, -760.0000000000010232 ) ) ;
#1168 = CYLINDRICAL_SURFACE ( 'NONE', #2536, 99.99999999999964473 ) ;
#1169 = DIRECTION ( 'NONE',  ( 1.000000000000000000, 6.162975822039151993E-33, 1.232595164407830946E-32 ) ) ;
#1170 = DIRECTION ( 'NONE',  ( 6.162975822039157467E-33, -1.000000000000000000, -3.301729611148415602E-16 ) ) ;
#1171 = VECTOR ( 'NONE', #3682, 1000.000000000000000 ) ;
#1172 = ADVANCED_FACE ( 'NONE', ( #8084 ), #1185, .F. ) ;
#1173 = ORIENTED_EDGE ( 'NONE', *, *, #8564, .T. ) ;
#1174 = DIRECTION ( 'NONE',  ( 9.378386130608760079E-33, -0.9597039290011751822, -0.2810131111882634425 ) ) ;
#1175 = ORIENTED_EDGE ( 'NONE', *, *, #218, .F. ) ;
#1176 = CARTESIAN_POINT ( 'NONE',  ( -10887.50000000000000, 989.9999999999984084, -4241.944871367028099 ) ) ;
#1177 = ORIENTED_EDGE ( 'NONE', *, *, #7715, .F. ) ;
#1178 = LINE ( 'NONE', #5113, #753 ) ;
#1179 = VECTOR ( 'NONE', #1280, 1000.000000000000000 ) ;
#1180 = DIRECTION ( 'NONE',  ( 0.000000000000000000, 0.000000000000000000, -1.000000000000000000 ) ) ;
#1181 = DIRECTION ( 'NONE',  ( 0.000000000000000000, 0.000000000000000000, 1.000000000000000000 ) ) ;
#1182 = PLANE ( 'NONE',  #3494 ) ;
#1183 = LINE ( 'NONE', #5118, #8769 ) ;
#1184 = ORIENTED_EDGE ( 'NONE', *, *, #8956, .T. ) ;
#1185 = PLANE ( 'NONE',  #6375 ) ;
#1186 = ORIENTED_EDGE ( 'NONE', *, *, #8565, .T. ) ;
#1187 = ORIENTED_EDGE ( 'NONE', *, *, #2755, .F. ) ;
#1188 = FACE_OUTER_BOUND ( 'NONE', #992, .T. ) ;
#1189 = ORIENTED_EDGE ( 'NONE', *, *, #9635, .F. ) ;
#1190 = CYLINDRICAL_SURFACE ( 'NONE', #9374, 100.0000000000014211 ) ;
#1191 = FACE_OUTER_BOUND ( 'NONE', #7944, .T. ) ;
#1192 = LINE ( 'NONE', #7946, #2778 ) ;
#1193 = LINE ( 'NONE', #5745, #4449 ) ;
#1194 = EDGE_CURVE ( 'NONE', #1851, #6943, #9744, .T. ) ;
#1195 = DIRECTION ( 'NONE',  ( -0.000000000000000000, 0.000000000000000000, 1.000000000000000000 ) ) ;
#1196 = VERTEX_POINT ( 'NONE', #1425 ) ;
#1197 = DIRECTION ( 'NONE',  ( -1.426102104458186769E-16, 1.000000000000000000, -0.000000000000000000 ) ) ;
#1198 = ORIENTED_EDGE ( 'NONE', *, *, #1353, .F. ) ;
#1199 = EDGE_CURVE ( 'NONE', #3570, #8340, #3768, .T. ) ;
#1200 = ADVANCED_FACE ( 'NONE', ( #556 ), #3568, .T. ) ;
#1201 = EDGE_CURVE ( 'NONE', #2830, #6608, #9244, .T. ) ;
#1202 = EDGE_CURVE ( 'NONE', #862, #1061, #6675, .T. ) ;
#1203 = ORIENTED_EDGE ( 'NONE', *, *, #9335, .F. ) ;
#1204 = LINE ( 'NONE', #6503, #260 ) ;
#1205 = CARTESIAN_POINT ( 'NONE',  ( -18153.58983848622665, 311.4982215127146787, -960.0000000000002274 ) ) ;
#1206 = VERTEX_POINT ( 'NONE', #5272 ) ;
#1207 = ORIENTED_EDGE ( 'NONE', *, *, #3158, .F. ) ;
#1208 = VERTEX_POINT ( 'NONE', #2924 ) ;
#1209 = LINE ( 'NONE', #4249, #8309 ) ;
#1210 = DIRECTION ( 'NONE',  ( -0.000000000000000000, 0.000000000000000000, 1.000000000000000000 ) ) ;
#1211 = DIRECTION ( 'NONE',  ( -0.000000000000000000, 0.000000000000000000, 1.000000000000000000 ) ) ;
#1212 = ADVANCED_FACE ( 'NONE', ( #2284 ), #5927, .T. ) ;
#1213 = DIRECTION ( 'NONE',  ( 1.000000000000000000, 0.000000000000000000, 0.000000000000000000 ) ) ;
#1214 = CARTESIAN_POINT ( 'NONE',  ( -12500.00000000000182, -814.9999999999974989, -637.0854464784592892 ) ) ;
#1215 = LINE ( 'NONE', #7404, #9100 ) ;
#1216 = AXIS2_PLACEMENT_3D ( 'NONE', #3826, #6884, #1372 ) ;
#1217 = CARTESIAN_POINT ( 'NONE',  ( -13899.99999999999818, 679.9999999999977263, -459.9999999999979536 ) ) ;
#1218 = ORIENTED_EDGE ( 'NONE', *, *, #2501, .T. ) ;
#1219 = ORIENTED_EDGE ( 'NONE', *, *, #3474, .T. ) ;
#1220 = CYLINDRICAL_SURFACE ( 'NONE', #5721, 460.0000000000000568 ) ;
#1221 = ORIENTED_EDGE ( 'NONE', *, *, #5099, .F. ) ;
#1222 = DIRECTION ( 'NONE',  ( -0.9632452974707709226, 0.2686233364777639299, -0.000000000000000000 ) ) ;
#1223 = AXIS2_PLACEMENT_3D ( 'NONE', #9466, #1908, #440 ) ;
#1224 = CARTESIAN_POINT ( 'NONE',  ( -18500.00000000000000, -990.0000000000028422, -960.0000000000002274 ) ) ;
#1225 = DIRECTION ( 'NONE',  ( 1.000000000000000000, 0.000000000000000000, 0.000000000000000000 ) ) ;
#1226 = ADVANCED_FACE ( 'NONE', ( #4406 ), #2084, .T. ) ;
#1227 = FACE_OUTER_BOUND ( 'NONE', #2100, .T. ) ;
#1228 = LINE ( 'NONE', #3668, #1387 ) ;
#1229 = EDGE_CURVE ( 'NONE', #3399, #4745, #8181, .T. ) ;
#1230 = CARTESIAN_POINT ( 'NONE',  ( -14569.74851850929372, 1189.999999999998181, -1009.999999999997158 ) ) ;
#1231 = AXIS2_PLACEMENT_3D ( 'NONE', #5552, #5511, #4646 ) ;
#1232 = DIRECTION ( 'NONE',  ( -1.426102104458186769E-16, -1.000000000000000000, 0.000000000000000000 ) ) ;
#1233 = EDGE_LOOP ( 'NONE', ( #3486, #3871, #1562, #1664 ) ) ;
#1234 = VERTEX_POINT ( 'NONE', #9115 ) ;
#1235 = ORIENTED_EDGE ( 'NONE', *, *, #2014, .T. ) ;
#1236 = CARTESIAN_POINT ( 'NONE',  ( 588.6859966642593918, 875.0000000000000000, -980.0000000000001137 ) ) ;
#1237 = FACE_OUTER_BOUND ( 'NONE', #4736, .T. ) ;
#1238 = DIRECTION ( 'NONE',  ( -0.000000000000000000, -0.000000000000000000, -1.000000000000000000 ) ) ;
#1239 = AXIS2_PLACEMENT_3D ( 'NONE', #3731, #678, #9756 ) ;
#1240 = FACE_OUTER_BOUND ( 'NONE', #8589, .T. ) ;
#1241 = VECTOR ( 'NONE', #4757, 1000.000000000000000 ) ;
#1242 = CARTESIAN_POINT ( 'NONE',  ( -13250.00000000000000, -732.4719190560189190, -589.9999999999970441 ) ) ;
#1243 = ORIENTED_EDGE ( 'NONE', *, *, #2115, .T. ) ;
#1244 = DIRECTION ( 'NONE',  ( 6.162975822039157467E-33, -1.000000000000000000, -2.775557561563032360E-16 ) ) ;
#1245 = DIRECTION ( 'NONE',  ( 0.000000000000000000, 0.000000000000000000, -1.000000000000000000 ) ) ;
#1246 = ORIENTED_EDGE ( 'NONE', *, *, #8965, .T. ) ;
#1247 = VECTOR ( 'NONE', #878, 1000.000000000000114 ) ;
#1248 = AXIS2_PLACEMENT_3D ( 'NONE', #8815, #1269, #2864 ) ;
#1249 = VERTEX_POINT ( 'NONE', #6777 ) ;
#1250 = CARTESIAN_POINT ( 'NONE',  ( -14588.56810139493791, -1077.499998843224375, -637.0854464784594029 ) ) ;
#1251 = CIRCLE ( 'NONE', #441, 277.7941176470602045 ) ;
#1252 = AXIS2_PLACEMENT_3D ( 'NONE', #1374, #1476, #6022 ) ;
#1253 = AXIS2_PLACEMENT_3D ( 'NONE', #3333, #1091, #6258 ) ;
#1254 = ORIENTED_EDGE ( 'NONE', *, *, #3372, .F. ) ;
#1255 = CIRCLE ( 'NONE', #6383, 80.00000000000007105 ) ;
#1256 = EDGE_CURVE ( 'NONE', #7216, #1196, #667, .T. ) ;
#1257 = ADVANCED_FACE ( 'NONE', ( #9835 ), #5975, .F. ) ;
#1258 = VECTOR ( 'NONE', #3877, 1000.000000000000000 ) ;
#1259 = VERTEX_POINT ( 'NONE', #9019 ) ;
#1260 = EDGE_CURVE ( 'NONE', #6564, #7101, #4508, .T. ) ;
#1261 = VERTEX_POINT ( 'NONE', #5217 ) ;
#1262 = EDGE_LOOP ( 'NONE', ( #6457, #6902, #1856, #5195 ) ) ;
#1263 = CARTESIAN_POINT ( 'NONE',  ( -11611.43189860506391, 1077.499998843224375, -637.0854464784587208 ) ) ;
#1264 = DIRECTION ( 'NONE',  ( -6.162975822039151309E-33, 1.000000000000000000, -2.200304988219453538E-16 ) ) ;
#1265 = LINE ( 'NONE', #1499, #9577 ) ;
#1266 = VECTOR ( 'NONE', #322, 1000.000000000000000 ) ;
#1267 = AXIS2_PLACEMENT_3D ( 'NONE', #819, #3868, #242 ) ;
#1268 = PLANE ( 'NONE',  #5455 ) ;
#1269 = DIRECTION ( 'NONE',  ( 1.232595164407830672E-32, 2.775557561563032360E-16, -1.000000000000000000 ) ) ;
#1270 = VECTOR ( 'NONE', #7524, 1000.000000000000000 ) ;
#1271 = DIRECTION ( 'NONE',  ( 1.000000000000000000, 0.000000000000000000, 0.000000000000000000 ) ) ;
#1272 = AXIS2_PLACEMENT_3D ( 'NONE', #6261, #9306, #6205 ) ;
#1273 = VECTOR ( 'NONE', #7119, 1000.000000000000000 ) ;
#1274 = ORIENTED_EDGE ( 'NONE', *, *, #7086, .F. ) ;
#1275 = EDGE_CURVE ( 'NONE', #4483, #8645, #2544, .T. ) ;
#1276 = VERTEX_POINT ( 'NONE', #2228 ) ;
#1277 = CARTESIAN_POINT ( 'NONE',  ( -4885.798269505217831, 989.9999999999984084, -960.0000000000014779 ) ) ;
#1278 = AXIS2_PLACEMENT_3D ( 'NONE', #4375, #4427, #9852 ) ;
#1279 = DIRECTION ( 'NONE',  ( 6.162975822039157467E-33, -1.000000000000000000, -2.775557561563032360E-16 ) ) ;
#1280 = DIRECTION ( 'NONE',  ( 0.000000000000000000, -1.000000000000000000, 0.000000000000000000 ) ) ;
#1281 = VECTOR ( 'NONE', #6189, 1000.000000000000114 ) ;
#1282 = CARTESIAN_POINT ( 'NONE',  ( -12320.00000000000000, -814.9999999999974989, -239.9999999999984368 ) ) ;
#1283 = FACE_OUTER_BOUND ( 'NONE', #5185, .T. ) ;
#1284 = CARTESIAN_POINT ( 'NONE',  ( -15150.00000000000182, -1190.000000000002046, -960.0000000000002274 ) ) ;
#1285 = CARTESIAN_POINT ( 'NONE',  ( -15674.93198115551786, 1189.999999999998408, 5040.000000000000000 ) ) ;
#1286 = AXIS2_PLACEMENT_3D ( 'NONE', #9498, #477, #5026 ) ;
#1287 = EDGE_CURVE ( 'NONE', #8508, #780, #6829, .T. ) ;
#1288 = DIRECTION ( 'NONE',  ( 1.232595164407830672E-32, 2.775557561563032360E-16, -1.000000000000000000 ) ) ;
#1289 = VECTOR ( 'NONE', #4812, 1000.000000000000000 ) ;
#1290 = EDGE_CURVE ( 'NONE', #1090, #6609, #4323, .T. ) ;
#1291 = EDGE_CURVE ( 'NONE', #419, #3870, #9729, .T. ) ;
#1292 = VERTEX_POINT ( 'NONE', #9328 ) ;
#1293 = ORIENTED_EDGE ( 'NONE', *, *, #533, .T. ) ;
#1294 = LINE ( 'NONE', #6374, #5453 ) ;
#1295 = ORIENTED_EDGE ( 'NONE', *, *, #3899, .T. ) ;
#1296 = CARTESIAN_POINT ( 'NONE',  ( -12750.00000000000000, -1077.499998843224375, -589.9999999999971578 ) ) ;
#1297 = ORIENTED_EDGE ( 'NONE', *, *, #3753, .T. ) ;
#1298 = DIRECTION ( 'NONE',  ( 0.9632452974707709226, 0.2686233364777642074, -0.000000000000000000 ) ) ;
#1299 = CARTESIAN_POINT ( 'NONE',  ( -17903.58983848622665, -739.9999999999984084, -1135.000000000000227 ) ) ;
#1300 = VECTOR ( 'NONE', #4391, 1000.000000000000000 ) ;
#1301 = CARTESIAN_POINT ( 'NONE',  ( -11499.99999999997999, 699.9999999999986358, -749.6146185948541643 ) ) ;
#1302 = CARTESIAN_POINT ( 'NONE',  ( -8975.000000000000000, 989.9999999999984084, -960.0000000000002274 ) ) ;
#1303 = ORIENTED_EDGE ( 'NONE', *, *, #1865, .F. ) ;
#1304 = CARTESIAN_POINT ( 'NONE',  ( -14588.56810139493791, 295.9385695031826913, -504.9802145985045172 ) ) ;
#1305 = CARTESIAN_POINT ( 'NONE',  ( -18053.58983848622665, 311.4982215127146787, -1135.000000000000227 ) ) ;
#1306 = ORIENTED_EDGE ( 'NONE', *, *, #4668, .T. ) ;
#1307 = DIRECTION ( 'NONE',  ( 0.000000000000000000, -0.000000000000000000, 1.000000000000000000 ) ) ;
#1308 = ORIENTED_EDGE ( 'NONE', *, *, #5324, .F. ) ;
#1309 = DIRECTION ( 'NONE',  ( -0.9848077530122075762, 4.819705125750964784E-17, -0.1736481776669329402 ) ) ;
#1310 = ORIENTED_EDGE ( 'NONE', *, *, #7650, .F. ) ;
#1311 = ORIENTED_EDGE ( 'NONE', *, *, #2627, .F. ) ;
#1312 = CYLINDRICAL_SURFACE ( 'NONE', #969, 250.0000000000000000 ) ;
#1313 = CARTESIAN_POINT ( 'NONE',  ( -1849.999999999999545, -211.4982215127147072, -1135.000000000000227 ) ) ;
#1314 = CARTESIAN_POINT ( 'NONE',  ( -12143.40011953353496, 278.9021535255452022, -623.7872381793326895 ) ) ;
#1315 = FACE_OUTER_BOUND ( 'NONE', #294, .T. ) ;
#1316 = DIRECTION ( 'NONE',  ( 0.000000000000000000, -2.413528314402514090E-16, 1.000000000000000000 ) ) ;
#1317 = EDGE_CURVE ( 'NONE', #3278, #4487, #5093, .T. ) ;
#1318 = CARTESIAN_POINT ( 'NONE',  ( -18053.58983848622665, -211.4982215127146787, -960.0000000000002274 ) ) ;
#1319 = EDGE_CURVE ( 'NONE', #5941, #6392, #5895, .T. ) ;
#1320 = ORIENTED_EDGE ( 'NONE', *, *, #768, .F. ) ;
#1321 = CARTESIAN_POINT ( 'NONE',  ( -13000.00000000000000, 4.163336342343563943E-15, -725.0000000000050022 ) ) ;
#1322 = AXIS2_PLACEMENT_3D ( 'NONE', #2713, #5756, #3741 ) ;
#1323 = CARTESIAN_POINT ( 'NONE',  ( -12100.00000000000182, 679.9999999999979536, -379.9999999999980673 ) ) ;
#1324 = DIRECTION ( 'NONE',  ( 0.000000000000000000, -0.000000000000000000, -1.000000000000000000 ) ) ;
#1325 = CARTESIAN_POINT ( 'NONE',  ( 588.6859966642593918, 875.0000000000000000, -1060.000000000000000 ) ) ;
#1326 = DIRECTION ( 'NONE',  ( -1.000000000000000000, 0.000000000000000000, 0.000000000000000000 ) ) ;
#1327 = AXIS2_PLACEMENT_3D ( 'NONE', #8512, #7106, #1701 ) ;
#1328 = DIRECTION ( 'NONE',  ( -1.000000000000000000, 0.000000000000000000, -0.000000000000000000 ) ) ;
#1329 = EDGE_CURVE ( 'NONE', #1359, #1090, #5327, .T. ) ;
#1330 = DIRECTION ( 'NONE',  ( -0.9848077530122093526, -2.364013496699501219E-16, -0.1736481776669235033 ) ) ;
#1331 = EDGE_CURVE ( 'NONE', #293, #191, #1522, .T. ) ;
#1332 = DIRECTION ( 'NONE',  ( 0.000000000000000000, 0.000000000000000000, 1.000000000000000000 ) ) ;
#1333 = VECTOR ( 'NONE', #2918, 1000.000000000000000 ) ;
#1334 = ORIENTED_EDGE ( 'NONE', *, *, #9702, .F. ) ;
#1335 = EDGE_LOOP ( 'NONE', ( #6744, #4425, #6962, #8228 ) ) ;
#1336 = DIRECTION ( 'NONE',  ( -1.232595164407809051E-32, -3.530762810662500311E-14, 1.000000000000000000 ) ) ;
#1337 = CARTESIAN_POINT ( 'NONE',  ( -11411.43189860506209, 295.9385695031826913, -504.9802145985045172 ) ) ;
#1338 = EDGE_LOOP ( 'NONE', ( #3846, #702, #4472, #1695 ) ) ;
#1339 = DIRECTION ( 'NONE',  ( 1.000000000000000000, -0.000000000000000000, 0.000000000000000000 ) ) ;
#1340 = PLANE ( 'NONE',  #9639 ) ;
#1341 = CARTESIAN_POINT ( 'NONE',  ( -5949.999999999999091, -739.9999999999997726, -4241.944871367028099 ) ) ;
#1342 = CARTESIAN_POINT ( 'NONE',  ( -13499.99999999999818, -1970.627566330085983, -306.2059048389994587 ) ) ;
#1343 = EDGE_CURVE ( 'NONE', #3942, #2980, #3073, .T. ) ;
#1344 = EDGE_LOOP ( 'NONE', ( #1235, #4647, #4394, #7139 ) ) ;
#1345 = EDGE_CURVE ( 'NONE', #6887, #1986, #9743, .T. ) ;
#1346 = DIRECTION ( 'NONE',  ( 0.000000000000000000, 0.000000000000000000, 1.000000000000000000 ) ) ;
#1347 = CARTESIAN_POINT ( 'NONE',  ( -16550.00000000000000, -899.9999999999998863, -910.0000000000001137 ) ) ;
#1348 = ORIENTED_EDGE ( 'NONE', *, *, #4450, .F. ) ;
#1349 = CARTESIAN_POINT ( 'NONE',  ( -12244.99999999992906, 899.9999999999986358, -860.0000000000226237 ) ) ;
#1350 = DIRECTION ( 'NONE',  ( 0.9848077530122090195, 0.000000000000000000, -0.1736481776669255017 ) ) ;
#1351 = DIRECTION ( 'NONE',  ( -1.232595164407830672E-32, -2.775557561563032360E-16, 1.000000000000000000 ) ) ;
#1352 = CARTESIAN_POINT ( 'NONE',  ( -8975.000000000000000, -989.9999999999997726, -1135.000000000000227 ) ) ;
#1353 = EDGE_CURVE ( 'NONE', #8619, #4020, #3656, .T. ) ;
#1354 = ADVANCED_FACE ( 'NONE', ( #122 ), #7793, .T. ) ;
#1355 = VERTEX_POINT ( 'NONE', #179 ) ;
#1356 = DIRECTION ( 'NONE',  ( -1.432545838226008399E-17, -1.000000000000000000, 0.000000000000000000 ) ) ;
#1357 = CARTESIAN_POINT ( 'NONE',  ( -13614.20173049477307, -989.9999999999994316, -1135.000000000000227 ) ) ;
#1358 = ORIENTED_EDGE ( 'NONE', *, *, #9514, .F. ) ;
#1359 = VERTEX_POINT ( 'NONE', #2337 ) ;
#1360 = ORIENTED_EDGE ( 'NONE', *, *, #649, .F. ) ;
#1361 = FACE_OUTER_BOUND ( 'NONE', #2148, .T. ) ;
#1362 = DIRECTION ( 'NONE',  ( 0.000000000000000000, 0.000000000000000000, -1.000000000000000000 ) ) ;
#1363 = DIRECTION ( 'NONE',  ( -0.000000000000000000, 0.000000000000000000, 1.000000000000000000 ) ) ;
#1364 = ORIENTED_EDGE ( 'NONE', *, *, #2516, .T. ) ;
#1365 = LINE ( 'NONE', #606, #8292 ) ;
#1366 = DIRECTION ( 'NONE',  ( 0.000000000000000000, 1.000000000000000000, 0.000000000000000000 ) ) ;
#1367 = DIRECTION ( 'NONE',  ( -0.000000000000000000, 0.000000000000000000, 1.000000000000000000 ) ) ;
#1368 = AXIS2_PLACEMENT_3D ( 'NONE', #5295, #736, #8341 ) ;
#1369 = DIRECTION ( 'NONE',  ( -6.162975822039157467E-33, 1.000000000000000000, 3.301729611148415602E-16 ) ) ;
#1370 = DIRECTION ( 'NONE',  ( 1.000000000000000000, 6.162975822039151993E-33, 1.232595164407830946E-32 ) ) ;
#1371 = DIRECTION ( 'NONE',  ( 1.000000000000000000, -0.000000000000000000, -0.000000000000000000 ) ) ;
#1372 = DIRECTION ( 'NONE',  ( 1.000000000000000000, 6.162975822039151993E-33, 1.232595164407830946E-32 ) ) ;
#1373 = AXIS2_PLACEMENT_3D ( 'NONE', #9686, #6628, #7576 ) ;
#1374 = CARTESIAN_POINT ( 'NONE',  ( 0.000000000000000000, 0.000000000000000000, -1135.000000000000227 ) ) ;
#1375 = EDGE_CURVE ( 'NONE', #6608, #7810, #979, .T. ) ;
#1376 = EDGE_LOOP ( 'NONE', ( #1360, #2602, #2502, #4279 ) ) ;
#1377 = CARTESIAN_POINT ( 'NONE',  ( -15900.00000000000182, 989.9999999999984084, -1135.000000000001137 ) ) ;
#1378 = UNCERTAINTY_MEASURE_WITH_UNIT (LENGTH_MEASURE( 1.000000000000000082E-05 ), #5255, 'distance_accuracy_value', 'NONE');
#1379 = EDGE_CURVE ( 'NONE', #1249, #4483, #8426, .T. ) ;
#1380 = ORIENTED_EDGE ( 'NONE', *, *, #3726, .T. ) ;
#1381 = PLANE ( 'NONE',  #5910 ) ;
#1382 = LINE ( 'NONE', #5740, #5053 ) ;
#1383 = ORIENTED_EDGE ( 'NONE', *, *, #3585, .F. ) ;
#1384 = ADVANCED_FACE ( 'NONE', ( #4664 ), #883, .T. ) ;
#1385 = DIRECTION ( 'NONE',  ( 1.000000000000000000, 0.000000000000000000, -0.000000000000000000 ) ) ;
#1386 = CARTESIAN_POINT ( 'NONE',  ( -16150.00000000000182, 1189.999999999998408, -960.0000000000002274 ) ) ;
#1387 = VECTOR ( 'NONE', #7521, 1000.000000000000000 ) ;
#1388 = CARTESIAN_POINT ( 'NONE',  ( -13899.99999999999818, -679.9999999999976126, -919.9999999999984084 ) ) ;
#1389 = AXIS2_PLACEMENT_3D ( 'NONE', #1548, #3962, #5409 ) ;
#1390 = FACE_BOUND ( 'NONE', #9342, .T. ) ;
#1391 = VERTEX_POINT ( 'NONE', #6774 ) ;
#1392 = LINE ( 'NONE', #7538, #6353 ) ;
#1393 = VERTEX_POINT ( 'NONE', #2224 ) ;
#1394 = EDGE_CURVE ( 'NONE', #3455, #6550, #6863, .T. ) ;
#1395 = ADVANCED_FACE ( 'NONE', ( #7575 ), #3764, .F. ) ;
#1396 = CARTESIAN_POINT ( 'NONE',  ( -18500.00000000000000, -875.0000000000000000, -1210.000000000000000 ) ) ;
#1397 = DIRECTION ( 'NONE',  ( -1.000000000000000000, 0.000000000000000000, 0.000000000000000000 ) ) ;
#1398 = FACE_OUTER_BOUND ( 'NONE', #1878, .T. ) ;
#1399 = VECTOR ( 'NONE', #5209, 1000.000000000000000 ) ;
#1400 = VERTEX_POINT ( 'NONE', #1421 ) ;
#1401 = VECTOR ( 'NONE', #214, 1000.000000000000000 ) ;
#1402 = EDGE_CURVE ( 'NONE', #5991, #6056, #4456, .T. ) ;
#1403 = EDGE_CURVE ( 'NONE', #2457, #2481, #664, .T. ) ;
#1404 = VERTEX_POINT ( 'NONE', #2281 ) ;
#1405 = DIRECTION ( 'NONE',  ( -9.433912312161293108E-33, 0.9581400679044365098, 0.2862998607685335872 ) ) ;
#1406 = PLANE ( 'NONE',  #8905 ) ;
#1407 = CIRCLE ( 'NONE', #2703, 35.00000000000014211 ) ;
#1408 = CYLINDRICAL_SURFACE ( 'NONE', #1609, 79.99999999999995737 ) ;
#1409 = FACE_OUTER_BOUND ( 'NONE', #3751, .T. ) ;
#1410 = CARTESIAN_POINT ( 'NONE',  ( -13965.57253896063776, 1189.999999999998408, -751.1534819267449166 ) ) ;
#1411 = EDGE_LOOP ( 'NONE', ( #4005, #1513, #8447, #5081, #7395 ) ) ;
#1412 = ORIENTED_EDGE ( 'NONE', *, *, #285, .F. ) ;
#1413 = ORIENTED_EDGE ( 'NONE', *, *, #3923, .F. ) ;
#1414 = CIRCLE ( 'NONE', #2711, 99.99999999999997158 ) ;
#1415 = CARTESIAN_POINT ( 'NONE',  ( -19088.68599666425871, -875.0000000000000000, -1060.000000000000000 ) ) ;
#1416 = DIRECTION ( 'NONE',  ( 0.000000000000000000, 1.000000000000000000, 0.000000000000000000 ) ) ;
#1417 = DIRECTION ( 'NONE',  ( 1.000000000000000000, 0.000000000000000000, 0.000000000000000000 ) ) ;
#1418 = VECTOR ( 'NONE', #3615, 1000.000000000000000 ) ;
#1419 = CYLINDRICAL_SURFACE ( 'NONE', #8482, 250.0000000000000000 ) ;
#1420 = CARTESIAN_POINT ( 'NONE',  ( -15446.19114447246830, -96.32452974707666726, -960.0000000000000000 ) ) ;
#1421 = CARTESIAN_POINT ( 'NONE',  ( -13499.99999999999818, 1077.499998843224148, -306.2059048389985492 ) ) ;
#1422 = VECTOR ( 'NONE', #4955, 1000.000000000000114 ) ;
#1423 = VECTOR ( 'NONE', #823, 1000.000000000000114 ) ;
#1424 = VECTOR ( 'NONE', #797, 1000.000000000000000 ) ;
#1425 = CARTESIAN_POINT ( 'NONE',  ( -7062.500000000000000, 739.9999999999984084, -960.0000000000002274 ) ) ;
#1426 = CARTESIAN_POINT ( 'NONE',  ( 620.0000000000000000, 0.000000000000000000, -1060.000000000000000 ) ) ;
#1427 = ORIENTED_EDGE ( 'NONE', *, *, #229, .F. ) ;
#1428 = DIRECTION ( 'NONE',  ( 0.000000000000000000, -1.000000000000000000, 0.000000000000000000 ) ) ;
#1429 = ORIENTED_EDGE ( 'NONE', *, *, #9337, .T. ) ;
#1430 = VECTOR ( 'NONE', #3387, 1000.000000000000000 ) ;
#1431 = CARTESIAN_POINT ( 'NONE',  ( -11411.43189860506209, 295.9385695031826913, -504.9802145985045172 ) ) ;
#1432 = DIRECTION ( 'NONE',  ( -1.000000000000000000, 0.000000000000000000, 0.000000000000000000 ) ) ;
#1433 = CARTESIAN_POINT ( 'NONE',  ( -18153.58983848622665, -311.4982215127147924, -960.0000000000002274 ) ) ;
#1434 = DIRECTION ( 'NONE',  ( 1.000000000000000000, -0.000000000000000000, 0.000000000000000000 ) ) ;
#1435 = VECTOR ( 'NONE', #7968, 999.9999999999998863 ) ;
#1436 = EDGE_CURVE ( 'NONE', #8877, #7997, #5325, .T. ) ;
#1437 = ORIENTED_EDGE ( 'NONE', *, *, #8289, .T. ) ;
#1438 = DIRECTION ( 'NONE',  ( -1.000000000000000000, -0.000000000000000000, -0.000000000000000000 ) ) ;
#1439 = ADVANCED_FACE ( 'NONE', ( #1575 ), #9167, .T. ) ;
#1440 = AXIS2_PLACEMENT_3D ( 'NONE', #2532, #4711, #826 ) ;
#1441 = VERTEX_POINT ( 'NONE', #7690 ) ;
#1442 = ORIENTED_EDGE ( 'NONE', *, *, #3922, .F. ) ;
#1443 = CYLINDRICAL_SURFACE ( 'NONE', #5755, 5900.000000000000000 ) ;
#1444 = VERTEX_POINT ( 'NONE', #829 ) ;
#1445 = DIRECTION ( 'NONE',  ( 7.898214746966347525E-34, -0.9185881544472649374, 0.3952161465694030706 ) ) ;
#1446 = AXIS2_PLACEMENT_3D ( 'NONE', #7167, #8711, #1820 ) ;
#1447 = CARTESIAN_POINT ( 'NONE',  ( -12100.00000000000182, -190.0000000000007958, -459.9999999999982379 ) ) ;
#1448 = DIRECTION ( 'NONE',  ( 0.000000000000000000, 0.000000000000000000, 1.000000000000000000 ) ) ;
#1449 = CARTESIAN_POINT ( 'NONE',  ( -14578.43092739263921, 1189.999999999998181, -960.7596123493866571 ) ) ;
#1450 = AXIS2_PLACEMENT_3D ( 'NONE', #9626, #9524, #4169 ) ;
#1451 = VECTOR ( 'NONE', #7358, 1000.000000000000000 ) ;
#1452 = EDGE_CURVE ( 'NONE', #7903, #2670, #6697, .T. ) ;
#1453 = CARTESIAN_POINT ( 'NONE',  ( -13000.00000000000000, -899.9999999999986358, -860.0000000000231921 ) ) ;
#1454 = ORIENTED_EDGE ( 'NONE', *, *, #7131, .T. ) ;
#1455 = CARTESIAN_POINT ( 'NONE',  ( -2449.999999999999545, 343.2012612066359907, -1135.000000000000227 ) ) ;
#1456 = ORIENTED_EDGE ( 'NONE', *, *, #5161, .T. ) ;
#1457 = ORIENTED_EDGE ( 'NONE', *, *, #7828, .T. ) ;
#1458 = LINE ( 'NONE', #8468, #5487 ) ;
#1459 = CARTESIAN_POINT ( 'NONE',  ( -4551.792278806056856, -9753.686360283016256, -849.6342572279651222 ) ) ;
#1460 = DIRECTION ( 'NONE',  ( -6.162975822039157467E-33, 1.000000000000000000, 3.301729611148415602E-16 ) ) ;
#1461 = CARTESIAN_POINT ( 'NONE',  ( -16650.00000000000364, -311.4982215127146787, -960.0000000000000000 ) ) ;
#1462 = VERTEX_POINT ( 'NONE', #7891 ) ;
#1463 = ADVANCED_FACE ( 'NONE', ( #3262, #220 ), #1125, .F. ) ;
#1464 = VERTEX_POINT ( 'NONE', #3308 ) ;
#1465 = EDGE_CURVE ( 'NONE', #6915, #2091, #364, .T. ) ;
#1466 = ORIENTED_EDGE ( 'NONE', *, *, #8602, .F. ) ;
#1467 = DIRECTION ( 'NONE',  ( -6.162975822039157467E-33, 1.000000000000000000, 2.775557561563032360E-16 ) ) ;
#1468 = LINE ( 'NONE', #5371, #7631 ) ;
#1469 = FACE_OUTER_BOUND ( 'NONE', #2666, .T. ) ;
#1470 = CARTESIAN_POINT ( 'NONE',  ( -13899.99999999999818, 1054.999999999997272, -379.9999999999978968 ) ) ;
#1471 = DIRECTION ( 'NONE',  ( 1.000000000000000000, -0.000000000000000000, 0.000000000000000000 ) ) ;
#1472 = DIRECTION ( 'NONE',  ( -9.433912312161293108E-33, 0.9581400679044366209, 0.2862998607685335872 ) ) ;
#1473 = ADVANCED_FACE ( 'NONE', ( #4713 ), #7032, .F. ) ;
#1474 = AXIS2_PLACEMENT_3D ( 'NONE', #6964, #2904, #871 ) ;
#1475 = FACE_OUTER_BOUND ( 'NONE', #4959, .T. ) ;
#1476 = DIRECTION ( 'NONE',  ( -0.000000000000000000, 0.000000000000000000, 1.000000000000000000 ) ) ;
#1477 = ORIENTED_EDGE ( 'NONE', *, *, #7122, .T. ) ;
#1478 = CARTESIAN_POINT ( 'NONE',  ( -15674.93198115551786, 989.9999999999984084, -959.9999999999981810 ) ) ;
#1479 = ORIENTED_EDGE ( 'NONE', *, *, #3232, .F. ) ;
#1480 = DIRECTION ( 'NONE',  ( -0.000000000000000000, -0.000000000000000000, -1.000000000000000000 ) ) ;
#1481 = VERTEX_POINT ( 'NONE', #1727 ) ;
#1482 = CARTESIAN_POINT ( 'NONE',  ( 0.000000000000000000, -875.0000000000000000, -980.0000000000001137 ) ) ;
#1483 = VECTOR ( 'NONE', #4221, 1000.000000000000000 ) ;
#1484 = FACE_OUTER_BOUND ( 'NONE', #703, .T. ) ;
#1485 = CARTESIAN_POINT ( 'NONE',  ( -5576.316527040902656, 1089.999999999998181, -760.0000000000010232 ) ) ;
#1486 = FACE_OUTER_BOUND ( 'NONE', #697, .T. ) ;
#1487 = FACE_OUTER_BOUND ( 'NONE', #6933, .T. ) ;
#1488 = CARTESIAN_POINT ( 'NONE',  ( -596.4101615137747103, 739.9999999999984084, -1135.000000000000227 ) ) ;
#1489 = ORIENTED_EDGE ( 'NONE', *, *, #3539, .F. ) ;
#1490 = VECTOR ( 'NONE', #1800, 1000.000000000000114 ) ;
#1491 = VERTEX_POINT ( 'NONE', #9281 ) ;
#1492 = ORIENTED_EDGE ( 'NONE', *, *, #6821, .F. ) ;
#1493 = CARTESIAN_POINT ( 'NONE',  ( -1699.999999999999773, 739.9999999999984084, -960.0000000000002274 ) ) ;
#1494 = VERTEX_POINT ( 'NONE', #2443 ) ;
#1495 = FACE_OUTER_BOUND ( 'NONE', #9175, .T. ) ;
#1496 = PLANE ( 'NONE',  #6391 ) ;
#1497 = LINE ( 'NONE', #5893, #5373 ) ;
#1498 = CARTESIAN_POINT ( 'NONE',  ( -1949.999999999999773, 739.9999999999984084, -960.0000000000002274 ) ) ;
#1499 = CARTESIAN_POINT ( 'NONE',  ( -9525.000000000000000, 989.9999999999984084, -960.0000000000002274 ) ) ;
#1500 = ORIENTED_EDGE ( 'NONE', *, *, #5151, .T. ) ;
#1501 = ORIENTED_EDGE ( 'NONE', *, *, #731, .T. ) ;
#1502 = CARTESIAN_POINT ( 'NONE',  ( -13899.99999999999818, -679.9999999999979536, -459.9999999999982947 ) ) ;
#1503 = FACE_OUTER_BOUND ( 'NONE', #2554, .T. ) ;
#1504 = ORIENTED_EDGE ( 'NONE', *, *, #856, .T. ) ;
#1505 = CARTESIAN_POINT ( 'NONE',  ( -13614.20173049478399, 954.9999999999984084, -960.0000000000002274 ) ) ;
#1506 = EDGE_CURVE ( 'NONE', #7067, #496, #5526, .T. ) ;
#1507 = ORIENTED_EDGE ( 'NONE', *, *, #705, .T. ) ;
#1508 = ORIENTED_EDGE ( 'NONE', *, *, #554, .T. ) ;
#1509 = EDGE_CURVE ( 'NONE', #4523, #4483, #8577, .T. ) ;
#1510 = EDGE_CURVE ( 'NONE', #8074, #599, #306, .T. ) ;
#1511 = DIRECTION ( 'NONE',  ( -1.356114123142971669E-32, 0.2810131111882628874, 0.9597039290011754042 ) ) ;
#1512 = CARTESIAN_POINT ( 'NONE',  ( -13856.59988046646504, -295.9385695031828050, -504.9802145985046309 ) ) ;
#1513 = ORIENTED_EDGE ( 'NONE', *, *, #8214, .T. ) ;
#1514 = EDGE_LOOP ( 'NONE', ( #2552, #230, #5820, #5048, #8246 ) ) ;
#1515 = ORIENTED_EDGE ( 'NONE', *, *, #8616, .T. ) ;
#1516 = DIRECTION ( 'NONE',  ( 0.000000000000000000, -0.000000000000000000, -1.000000000000000000 ) ) ;
#1517 = ADVANCED_FACE ( 'NONE', ( #6281 ), #4762, .T. ) ;
#1518 = CARTESIAN_POINT ( 'NONE',  ( -4885.798269505219650, -954.9999999999996589, -1135.000000000000227 ) ) ;
#1519 = DIRECTION ( 'NONE',  ( 1.000000000000000000, 1.110223024625160485E-15, 0.000000000000000000 ) ) ;
#1520 = CARTESIAN_POINT ( 'NONE',  ( -14156.10001622140953, -732.4719190560189190, -589.9999999999970441 ) ) ;
#1521 = DIRECTION ( 'NONE',  ( -0.000000000000000000, 0.000000000000000000, 1.000000000000000000 ) ) ;
#1522 = LINE ( 'NONE', #4559, #791 ) ;
#1523 = ORIENTED_EDGE ( 'NONE', *, *, #1597, .T. ) ;
#1524 = DIRECTION ( 'NONE',  ( -1.000000000000000000, 0.000000000000000000, -0.000000000000000000 ) ) ;
#1525 = ORIENTED_EDGE ( 'NONE', *, *, #2311, .T. ) ;
#1526 = DIRECTION ( 'NONE',  ( -1.000000000000000000, 0.000000000000000000, 0.000000000000000000 ) ) ;
#1527 = ADVANCED_FACE ( 'NONE', ( #2488, #263 ), #7844, .F. ) ;
#1528 = CARTESIAN_POINT ( 'NONE',  ( -12100.00000000000182, 1054.999999999997272, -459.9999999999978400 ) ) ;
#1529 = DIRECTION ( 'NONE',  ( 0.000000000000000000, 0.000000000000000000, 1.000000000000000000 ) ) ;
#1530 = EDGE_CURVE ( 'NONE', #5038, #9, #2534, .T. ) ;
#1531 = DIRECTION ( 'NONE',  ( -1.000000000000000000, -6.162975822039151993E-33, -1.232595164407830946E-32 ) ) ;
#1532 = LINE ( 'NONE', #2346, #2423 ) ;
#1533 = ORIENTED_EDGE ( 'NONE', *, *, #8965, .F. ) ;
#1534 = CARTESIAN_POINT ( 'NONE',  ( -11699.99999999998181, -899.9999999999986358, -763.9017955139175911 ) ) ;
#1535 = AXIS2_PLACEMENT_3D ( 'NONE', #8424, #6930, #222 ) ;
#1536 = ORIENTED_EDGE ( 'NONE', *, *, #5120, .F. ) ;
#1537 = ORIENTED_EDGE ( 'NONE', *, *, #279, .F. ) ;
#1538 = CARTESIAN_POINT ( 'NONE',  ( -5576.316527040901747, 9753.686360283016256, -6660.000000000000909 ) ) ;
#1539 = EDGE_LOOP ( 'NONE', ( #36, #4563, #8400, #7668 ) ) ;
#1540 = LINE ( 'NONE', #2986, #5848 ) ;
#1541 = LINE ( 'NONE', #9911, #6868 ) ;
#1542 = DIRECTION ( 'NONE',  ( 0.000000000000000000, -1.000000000000000000, 0.000000000000000000 ) ) ;
#1543 = AXIS2_PLACEMENT_3D ( 'NONE', #6250, #2458, #3999 ) ;
#1544 = FACE_OUTER_BOUND ( 'NONE', #6004, .T. ) ;
#1545 = EDGE_LOOP ( 'NONE', ( #2984, #55, #5423, #1964 ) ) ;
#1546 = VERTEX_POINT ( 'NONE', #7176 ) ;
#1547 = DIRECTION ( 'NONE',  ( -1.232595164407830672E-32, -2.775557561563032360E-16, 1.000000000000000000 ) ) ;
#1548 = CARTESIAN_POINT ( 'NONE',  ( -1699.999999999999773, -739.9999999999984084, -4241.944871367028099 ) ) ;
#1549 = AXIS2_PLACEMENT_3D ( 'NONE', #1033, #7704, #4079 ) ;
#1550 = AXIS2_PLACEMENT_3D ( 'NONE', #6835, #9895, #3035 ) ;
#1551 = ORIENTED_EDGE ( 'NONE', *, *, #3354, .T. ) ;
#1552 = EDGE_LOOP ( 'NONE', ( #4191, #5806, #848, #9778, #2317, #3032, #8551, #2013, #3989, #4727, #4145, #6312 ) ) ;
#1553 = ORIENTED_EDGE ( 'NONE', *, *, #4723, .T. ) ;
#1554 = CARTESIAN_POINT ( 'NONE',  ( -13499.99999999999818, 814.9999999999972715, -637.0854464784588345 ) ) ;
#1555 =( NAMED_UNIT ( * ) PLANE_ANGLE_UNIT ( ) SI_UNIT ( $, .RADIAN. ) );
#1556 = VECTOR ( 'NONE', #8049, 1000.000000000000000 ) ;
#1557 = DIRECTION ( 'NONE',  ( -1.432545838226008399E-17, -1.000000000000000000, 0.000000000000000000 ) ) ;
#1558 = CARTESIAN_POINT ( 'NONE',  ( -13856.59988046646504, 725.0021062409357455, -757.0854464784598576 ) ) ;
#1559 = DIRECTION ( 'NONE',  ( 0.000000000000000000, -0.9901138386947148096, -0.1402661271484180183 ) ) ;
#1560 = VECTOR ( 'NONE', #2276, 1000.000000000000000 ) ;
#1561 = ORIENTED_EDGE ( 'NONE', *, *, #876, .T. ) ;
#1562 = ORIENTED_EDGE ( 'NONE', *, *, #4735, .F. ) ;
#1563 = EDGE_CURVE ( 'NONE', #1404, #5047, #4854, .T. ) ;
#1564 = AXIS2_PLACEMENT_3D ( 'NONE', #2546, #3320, #2597 ) ;
#1565 = EDGE_CURVE ( 'NONE', #893, #4924, #7927, .T. ) ;
#1566 = VERTEX_POINT ( 'NONE', #1071 ) ;
#1567 = DIRECTION ( 'NONE',  ( 0.9848077530122090195, 0.000000000000000000, 0.1736481776669255295 ) ) ;
#1568 = VECTOR ( 'NONE', #8356, 1000.000000000000000 ) ;
#1569 = CARTESIAN_POINT ( 'NONE',  ( -5141.597286494812579, 989.9999999999985221, -1135.000000000000227 ) ) ;
#1570 = DIRECTION ( 'NONE',  ( 6.162975822039157467E-33, -1.000000000000000000, -2.249385511977649118E-16 ) ) ;
#1571 = AXIS2_PLACEMENT_3D ( 'NONE', #4826, #7899, #277 ) ;
#1572 = PRODUCT_DEFINITION_SHAPE ( 'NONE', 'NONE',  #9921 ) ;
#1573 = DIRECTION ( 'NONE',  ( -1.000000000000000000, 0.000000000000000000, 0.000000000000000000 ) ) ;
#1574 = PLANE ( 'NONE',  #4903 ) ;
#1575 = FACE_OUTER_BOUND ( 'NONE', #7681, .T. ) ;
#1576 = AXIS2_PLACEMENT_3D ( 'NONE', #5166, #6730, #9790 ) ;
#1577 = AXIS2_PLACEMENT_3D ( 'NONE', #1799, #4731, #7105 ) ;
#1578 = EDGE_CURVE ( 'NONE', #9412, #8519, #4113, .T. ) ;
#1579 = FACE_OUTER_BOUND ( 'NONE', #5098, .T. ) ;
#1580 = CIRCLE ( 'NONE', #6052, 250.0000000000000000 ) ;
#1581 = ORIENTED_EDGE ( 'NONE', *, *, #7254, .T. ) ;
#1582 = DIRECTION ( 'NONE',  ( 0.000000000000000000, -0.000000000000000000, -1.000000000000000000 ) ) ;
#1583 = UNCERTAINTY_MEASURE_WITH_UNIT (LENGTH_MEASURE( 1.000000000000000082E-05 ), #6363, 'distance_accuracy_value', 'NONE');
#1584 = VERTEX_POINT ( 'NONE', #9629 ) ;
#1585 = VECTOR ( 'NONE', #5057, 1000.000000000000000 ) ;
#1586 = LINE ( 'NONE', #2341, #6068 ) ;
#1587 = ORIENTED_EDGE ( 'NONE', *, *, #93, .F. ) ;
#1588 = CARTESIAN_POINT ( 'NONE',  ( -292.6587287503931520, 989.9999999999984084, 1659.750127714602968 ) ) ;
#1589 = FACE_OUTER_BOUND ( 'NONE', #9365, .T. ) ;
#1590 = DIRECTION ( 'NONE',  ( -0.000000000000000000, -0.000000000000000000, -1.000000000000000000 ) ) ;
#1591 = CARTESIAN_POINT ( 'NONE',  ( -13614.20173049477307, -990.0000000000017053, -1135.000000000000227 ) ) ;
#1592 = LINE ( 'NONE', #228, #1759 ) ;
#1593 = VECTOR ( 'NONE', #6356, 1000.000000000000114 ) ;
#1594 = ORIENTED_EDGE ( 'NONE', *, *, #2937, .T. ) ;
#1595 = CARTESIAN_POINT ( 'NONE',  ( -10637.50000000000000, 739.9999999999984084, -960.0000000000000000 ) ) ;
#1596 = AXIS2_PLACEMENT_3D ( 'NONE', #3123, #4506, #5213 ) ;
#1597 = EDGE_CURVE ( 'NONE', #7723, #3131, #5717, .T. ) ;
#1598 = EDGE_CURVE ( 'NONE', #6834, #2722, #4211, .T. ) ;
#1599 = AXIS2_PLACEMENT_3D ( 'NONE', #5483, #8533, #7788 ) ;
#1600 = ORIENTED_EDGE ( 'NONE', *, *, #4942, .T. ) ;
#1601 = ORIENTED_EDGE ( 'NONE', *, *, #8444, .T. ) ;
#1602 = ORIENTED_EDGE ( 'NONE', *, *, #9295, .F. ) ;
#1603 = CARTESIAN_POINT ( 'NONE',  ( -18153.58983848622665, -989.9999999999984084, -4241.944871367028099 ) ) ;
#1604 = VERTEX_POINT ( 'NONE', #7267 ) ;
#1605 = PLANE ( 'NONE',  #1059 ) ;
#1606 = DIRECTION ( 'NONE',  ( -0.000000000000000000, 0.000000000000000000, 1.000000000000000000 ) ) ;
#1607 = CARTESIAN_POINT ( 'NONE',  ( -13899.99999999999818, 1054.999999999997272, -539.9999999999978400 ) ) ;
#1608 = LINE ( 'NONE', #6402, #9805 ) ;
#1609 = AXIS2_PLACEMENT_3D ( 'NONE', #5309, #5258, #7507 ) ;
#1610 = LINE ( 'NONE', #3600, #4613 ) ;
#1611 = AXIS2_PLACEMENT_3D ( 'NONE', #4416, #2977, #7476 ) ;
#1612 = ORIENTED_EDGE ( 'NONE', *, *, #6307, .F. ) ;
#1613 = ORIENTED_EDGE ( 'NONE', *, *, #9615, .F. ) ;
#1614 = CARTESIAN_POINT ( 'NONE',  ( -12750.00000000000000, -899.9999999999986358, -769.9999999999963620 ) ) ;
#1615 = AXIS2_PLACEMENT_3D ( 'NONE', #6590, #8736, #9649 ) ;
#1616 =( BOUNDED_CURVE ( )  B_SPLINE_CURVE ( 3, ( #9378, #2541, #7750, #1787 ),
 .UNSPECIFIED., .F., .F. ) 
 B_SPLINE_CURVE_WITH_KNOTS ( ( 4, 4 ),
 ( 1.376284916762130717, 1.570796326794896558 ),
 .UNSPECIFIED. ) 
 CURVE ( )  GEOMETRIC_REPRESENTATION_ITEM ( )  RATIONAL_B_SPLINE_CURVE ( ( 1.000000000000000000, 0.9968495936771430976, 0.9968495936771430976, 1.000000000000000000 ) ) 
 REPRESENTATION_ITEM ( '' )  );
#1617 = ORIENTED_EDGE ( 'NONE', *, *, #5787, .T. ) ;
#1618 = AXIS2_PLACEMENT_3D ( 'NONE', #6437, #5780, #7934 ) ;
#1619 = ORIENTED_EDGE ( 'NONE', *, *, #5672, .F. ) ;
#1620 = ORIENTED_EDGE ( 'NONE', *, *, #7854, .T. ) ;
#1621 = DIRECTION ( 'NONE',  ( -1.000000000000000000, 0.000000000000000000, 0.000000000000000000 ) ) ;
#1622 = CIRCLE ( 'NONE', #7210, 250.0000000000000000 ) ;
#1623 = DIRECTION ( 'NONE',  ( -6.162975822039157467E-33, 1.000000000000000000, 2.775557561563032360E-16 ) ) ;
#1624 = CARTESIAN_POINT ( 'NONE',  ( -13899.99999999999818, -814.9999999999974989, -459.9999999999983515 ) ) ;
#1625 = ORIENTED_EDGE ( 'NONE', *, *, #587, .F. ) ;
#1626 = VERTEX_POINT ( 'NONE', #8817 ) ;
#1627 = PLANE ( 'NONE',  #3995 ) ;
#1628 = CARTESIAN_POINT ( 'NONE',  ( -14500.00000000002001, 715.8858524671088617, -627.9459428346824552 ) ) ;
#1629 = EDGE_CURVE ( 'NONE', #9, #9892, #6516, .T. ) ;
#1630 = DIRECTION ( 'NONE',  ( 1.000000000000000000, 0.000000000000000000, 0.000000000000000000 ) ) ;
#1631 = FACE_OUTER_BOUND ( 'NONE', #3971, .T. ) ;
#1632 = DIRECTION ( 'NONE',  ( -6.162975822039157467E-33, 1.000000000000000000, 3.301729611148415602E-16 ) ) ;
#1633 = DIRECTION ( 'NONE',  ( 0.000000000000000000, 1.000000000000000000, 2.775557561562891351E-16 ) ) ;
#1634 = PLANE ( 'NONE',  #1535 ) ;
#1635 = DIRECTION ( 'NONE',  ( -0.000000000000000000, 0.000000000000000000, 1.000000000000000000 ) ) ;
#1636 = DIRECTION ( 'NONE',  ( 0.000000000000000000, -0.000000000000000000, -1.000000000000000000 ) ) ;
#1637 = LINE ( 'NONE', #2399, #4480 ) ;
#1638 = CARTESIAN_POINT ( 'NONE',  ( 0.000000000000000000, 0.000000000000000000, -1135.000000000000227 ) ) ;
#1639 = EDGE_CURVE ( 'NONE', #7189, #7376, #7175, .T. ) ;
#1640 = FACE_OUTER_BOUND ( 'NONE', #7542, .T. ) ;
#1641 = ADVANCED_FACE ( 'NONE', ( #9576 ), #9527, .F. ) ;
#1642 = AXIS2_PLACEMENT_3D ( 'NONE', #2873, #5158, #6017 ) ;
#1643 = EDGE_CURVE ( 'NONE', #4603, #6056, #5773, .T. ) ;
#1644 = CARTESIAN_POINT ( 'NONE',  ( 0.000000000000000000, -875.0000000000000000, -1060.000000000000000 ) ) ;
#1645 = CARTESIAN_POINT ( 'NONE',  ( -18053.58983848622665, 211.4982215127146787, -1135.000000000000227 ) ) ;
#1646 = CARTESIAN_POINT ( 'NONE',  ( -12100.00000000000182, 1054.999999999997272, -459.9999999999978400 ) ) ;
#1647 = ORIENTED_EDGE ( 'NONE', *, *, #9666, .F. ) ;
#1648 = ORIENTED_EDGE ( 'NONE', *, *, #2204, .F. ) ;
#1649 = AXIS2_PLACEMENT_3D ( 'NONE', #4429, #8237, #5298 ) ;
#1650 = ORIENTED_EDGE ( 'NONE', *, *, #2054, .F. ) ;
#1651 = VERTEX_POINT ( 'NONE', #1970 ) ;
#1652 = VERTEX_POINT ( 'NONE', #8068 ) ;
#1653 = CARTESIAN_POINT ( 'NONE',  ( -12550.00000000000000, -740.0000000000014779, -960.0000000000002274 ) ) ;
#1654 = CARTESIAN_POINT ( 'NONE',  ( -14633.04291515397927, 1189.999999999998408, -868.8465180732551971 ) ) ;
#1655 = CARTESIAN_POINT ( 'NONE',  ( -2.960028466111267173E-12, -989.9999999999984084, -660.0000000000017053 ) ) ;
#1656 = DIRECTION ( 'NONE',  ( 1.662153715850724780E-16, 2.381111388133851124E-33, 1.000000000000000000 ) ) ;
#1657 = DIRECTION ( 'NONE',  ( 1.000000000000000000, 0.000000000000000000, 0.000000000000000000 ) ) ;
#1658 = ADVANCED_FACE ( 'NONE', ( #4258 ), #8026, .T. ) ;
#1659 = EDGE_CURVE ( 'NONE', #936, #1852, #6856, .T. ) ;
#1660 = CARTESIAN_POINT ( 'NONE',  ( -13899.99999999999818, -814.9999999999976126, 1.776356839400250465E-12 ) ) ;
#1661 = EDGE_CURVE ( 'NONE', #732, #3213, #2128, .T. ) ;
#1662 = VECTOR ( 'NONE', #8189, 1000.000000000000000 ) ;
#1663 = ORIENTED_EDGE ( 'NONE', *, *, #9710, .T. ) ;
#1664 = ORIENTED_EDGE ( 'NONE', *, *, #8865, .F. ) ;
#1665 = DIRECTION ( 'NONE',  ( -1.432545838226008399E-17, 1.000000000000000000, -0.000000000000000000 ) ) ;
#1666 = CYLINDRICAL_SURFACE ( 'NONE', #1389, 250.0000000000000000 ) ;
#1667 = AXIS2_PLACEMENT_3D ( 'NONE', #7571, #9012, #6818 ) ;
#1668 = ORIENTED_EDGE ( 'NONE', *, *, #1693, .F. ) ;
#1669 = EDGE_CURVE ( 'NONE', #2694, #5038, #9254, .T. ) ;
#1670 = LINE ( 'NONE', #4703, #9914 ) ;
#1671 = ORIENTED_EDGE ( 'NONE', *, *, #6841, .F. ) ;
#1672 = ORIENTED_EDGE ( 'NONE', *, *, #9635, .T. ) ;
#1673 =( REPRESENTATION_RELATIONSHIP ('NONE','NONE', #2658, #9153 ) REPRESENTATION_RELATIONSHIP_WITH_TRANSFORMATION ( #8703 )SHAPE_REPRESENTATION_RELATIONSHIP( ) );
#1674 = ORIENTED_EDGE ( 'NONE', *, *, #808, .T. ) ;
#1675 = PLANE ( 'NONE',  #5256 ) ;
#1676 = DIRECTION ( 'NONE',  ( 6.162975822039157467E-33, -1.000000000000000000, -2.775557561563032360E-16 ) ) ;
#1677 = CARTESIAN_POINT ( 'NONE',  ( -13000.00000000000000, -454.0705533836912196, -860.0000000000230784 ) ) ;
#1678 = DIRECTION ( 'NONE',  ( 0.000000000000000000, 0.000000000000000000, 1.000000000000000000 ) ) ;
#1679 = CARTESIAN_POINT ( 'NONE',  ( 0.000000000000000000, 0.000000000000000000, -1135.000000000000227 ) ) ;
#1680 = DIRECTION ( 'NONE',  ( 0.000000000000000000, -0.000000000000000000, -1.000000000000000000 ) ) ;
#1681 = CARTESIAN_POINT ( 'NONE',  ( -12800.00000000000000, 739.9999999999984084, -960.0000000000002274 ) ) ;
#1682 = DIRECTION ( 'NONE',  ( 1.232595164407830672E-32, 2.775557561563032360E-16, -1.000000000000000000 ) ) ;
#1683 = CARTESIAN_POINT ( 'NONE',  ( -10637.50000000000000, -740.0000000000010232, -1135.000000000000227 ) ) ;
#1684 = DIRECTION ( 'NONE',  ( 0.000000000000000000, 0.000000000000000000, -1.000000000000000000 ) ) ;
#1685 = DIRECTION ( 'NONE',  ( -1.000000000000000000, 0.000000000000000000, 0.000000000000000000 ) ) ;
#1686 = PLANE ( 'NONE',  #2298 ) ;
#1687 = CARTESIAN_POINT ( 'NONE',  ( -11411.43189860506209, -747.0986934586336474, -637.0854464784592892 ) ) ;
#1688 = CARTESIAN_POINT ( 'NONE',  ( -16550.00000000000000, -989.9999999999984084, -4241.944871367028099 ) ) ;
#1689 = DIRECTION ( 'NONE',  ( 0.000000000000000000, 0.000000000000000000, -1.000000000000000000 ) ) ;
#1690 = VERTEX_POINT ( 'NONE', #4271 ) ;
#1691 = EDGE_CURVE ( 'NONE', #2056, #6398, #7322, .T. ) ;
#1692 = LINE ( 'NONE', #4630, #1068 ) ;
#1693 = EDGE_CURVE ( 'NONE', #2547, #2457, #302, .T. ) ;
#1694 = ORIENTED_EDGE ( 'NONE', *, *, #5516, .F. ) ;
#1695 = ORIENTED_EDGE ( 'NONE', *, *, #3703, .F. ) ;
#1696 = ORIENTED_EDGE ( 'NONE', *, *, #2088, .T. ) ;
#1697 = DIRECTION ( 'NONE',  ( -1.000000000000000000, -0.000000000000000000, -0.000000000000000000 ) ) ;
#1698 = ORIENTED_EDGE ( 'NONE', *, *, #6776, .T. ) ;
#1699 = LINE ( 'NONE', #7143, #3319 ) ;
#1700 = CARTESIAN_POINT ( 'NONE',  ( -13614.20173049477307, -955.0000000000015916, -4241.944871367028099 ) ) ;
#1701 = DIRECTION ( 'NONE',  ( 0.000000000000000000, 0.000000000000000000, 1.000000000000000000 ) ) ;
#1702 = CARTESIAN_POINT ( 'NONE',  ( -13755.00000000007094, -899.9999999999986358, -860.0000000000231921 ) ) ;
#1703 = VECTOR ( 'NONE', #776, 1000.000000000000000 ) ;
#1704 = ORIENTED_EDGE ( 'NONE', *, *, #5839, .F. ) ;
#1705 = CARTESIAN_POINT ( 'NONE',  ( -14156.10001622140953, 176.9719203373657592, -350.9999999999987494 ) ) ;
#1706 = LINE ( 'NONE', #2315, #9532 ) ;
#1707 = EDGE_CURVE ( 'NONE', #1462, #2624, #9588, .T. ) ;
#1708 = CIRCLE ( 'NONE', #7287, 79.99999999999995737 ) ;
#1709 = ORIENTED_EDGE ( 'NONE', *, *, #2803, .T. ) ;
#1710 = ORIENTED_EDGE ( 'NONE', *, *, #4642, .T. ) ;
#1711 = DIRECTION ( 'NONE',  ( -2.400482215405744004E-16, 1.000000000000000000, 0.000000000000000000 ) ) ;
#1712 = FILL_AREA_STYLE ('',( #9205 ) ) ;
#1713 = FACE_OUTER_BOUND ( 'NONE', #2505, .T. ) ;
#1714 = VECTOR ( 'NONE', #7009, 1000.000000000000114 ) ;
#1715 = EDGE_LOOP ( 'NONE', ( #432, #8097, #1872, #23 ) ) ;
#1716 = VERTEX_POINT ( 'NONE', #9642 ) ;
#1717 = EDGE_CURVE ( 'NONE', #3455, #4261, #6670, .T. ) ;
#1718 = ADVANCED_FACE ( 'NONE', ( #6728 ), #8827, .T. ) ;
#1719 = ORIENTED_EDGE ( 'NONE', *, *, #8100, .F. ) ;
#1720 = DIRECTION ( 'NONE',  ( 1.000000000000000000, 0.000000000000000000, 0.000000000000000000 ) ) ;
#1721 = AXIS2_PLACEMENT_3D ( 'NONE', #7249, #7911, #384 ) ;
#1722 = DIRECTION ( 'NONE',  ( -6.162975822039157467E-33, 1.000000000000000000, 2.775557561563032360E-16 ) ) ;
#1723 = FACE_OUTER_BOUND ( 'NONE', #5330, .T. ) ;
#1724 = VECTOR ( 'NONE', #3215, 1000.000000000000000 ) ;
#1725 = DIRECTION ( 'NONE',  ( 0.000000000000000000, -0.000000000000000000, -1.000000000000000000 ) ) ;
#1726 = CARTESIAN_POINT ( 'NONE',  ( -16150.00000000000182, -740.0000000000021600, -1135.000000000000227 ) ) ;
#1728 = AXIS2_PLACEMENT_3D ( 'NONE', #7644, #7703, #1689 ) ;
#1727 = CARTESIAN_POINT ( 'NONE',  ( -5399.999999999998181, 618.9114148497013730, -960.0000000000002274 ) ) ;
#1729 = PRODUCT_DEFINITION ( 'NON CONOSCIUTO', '', #1738, #669 ) ;
#1730 = AXIS2_PLACEMENT_3D ( 'NONE', #5856, #8404, #8208 ) ;
#1731 = DIRECTION ( 'NONE',  ( 0.000000000000000000, 0.000000000000000000, 1.000000000000000000 ) ) ;
#1732 = DIRECTION ( 'NONE',  ( 7.357587744054750412E-33, -0.9950481186486286322, -0.09939437395458936009 ) ) ;
#1733 = ORIENTED_EDGE ( 'NONE', *, *, #9214, .F. ) ;
#1734 = LINE ( 'NONE', #3371, #6995 ) ;
#1735 = ADVANCED_FACE ( 'NONE', ( #5020 ), #2745, .F. ) ;
#1736 = CARTESIAN_POINT ( 'NONE',  ( 588.6859966642593918, 875.0000000000000000, -1060.000000000000000 ) ) ;
#1737 = CARTESIAN_POINT ( 'NONE',  ( -12500.00000000000182, -1970.627566330085983, -306.2059048389994587 ) ) ;
#1738 = PRODUCT_DEFINITION_FORMATION_WITH_SPECIFIED_SOURCE ( 'TUTTO', '', #7551, .NOT_KNOWN. ) ;
#1739 = DIRECTION ( 'NONE',  ( 0.000000000000000000, -0.000000000000000000, 1.000000000000000000 ) ) ;
#1740 = AXIS2_PLACEMENT_3D ( 'NONE', #5375, #118, #9279 ) ;
#1741 = VECTOR ( 'NONE', #5545, 1000.000000000000114 ) ;
#1742 = DIRECTION ( 'NONE',  ( 1.000000000000000000, 0.000000000000000000, 0.000000000000000000 ) ) ;
#1743 = ORIENTED_EDGE ( 'NONE', *, *, #4312, .F. ) ;
#1744 = VECTOR ( 'NONE', #4201, 1000.000000000000000 ) ;
#1745 = CARTESIAN_POINT ( 'NONE',  ( -1849.999999999999545, 311.4982215127146787, -4241.944871367028099 ) ) ;
#1746 = ORIENTED_EDGE ( 'NONE', *, *, #7421, .F. ) ;
#1747 = DIRECTION ( 'NONE',  ( -0.000000000000000000, 1.000000000000000000, -0.000000000000000000 ) ) ;
#1748 = ORIENTED_EDGE ( 'NONE', *, *, #5180, .T. ) ;
#1749 = ORIENTED_EDGE ( 'NONE', *, *, #8413, .T. ) ;
#1750 = EDGE_LOOP ( 'NONE', ( #3044, #621, #8586, #8708, #210, #1297, #5663, #6136, #2355, #5689, #1696, #3273 ) ) ;
#1751 = ORIENTED_EDGE ( 'NONE', *, *, #1343, .T. ) ;
#1752 = DIRECTION ( 'NONE',  ( -0.000000000000000000, 0.000000000000000000, 1.000000000000000000 ) ) ;
#1753 = DIRECTION ( 'NONE',  ( -6.162975822039157467E-33, 1.000000000000000000, 2.775557561563032360E-16 ) ) ;
#1754 = CIRCLE ( 'NONE', #8121, 277.7941176470602045 ) ;
#1755 = CARTESIAN_POINT ( 'NONE',  ( -13000.00000000000000, -229.9999999211528348, -725.0000000000050022 ) ) ;
#1756 = CARTESIAN_POINT ( 'NONE',  ( -1949.999999999999773, 989.9999999999984084, -1135.000000000000227 ) ) ;
#1757 = EDGE_CURVE ( 'NONE', #2287, #3330, #4321, .T. ) ;
#1758 = EDGE_CURVE ( 'NONE', #8150, #1391, #9788, .T. ) ;
#1759 = VECTOR ( 'NONE', #80, 1000.000000000000000 ) ;
#1760 = ORIENTED_EDGE ( 'NONE', *, *, #7700, .T. ) ;
#1761 = ORIENTED_EDGE ( 'NONE', *, *, #7510, .T. ) ;
#1762 = DIRECTION ( 'NONE',  ( 0.000000000000000000, -0.9854601157443478865, 0.1699069165076472210 ) ) ;
#1763 = CIRCLE ( 'NONE', #3653, 199.9999999999999432 ) ;
#1764 = VERTEX_POINT ( 'NONE', #5164 ) ;
#1765 = ORIENTED_EDGE ( 'NONE', *, *, #3155, .T. ) ;
#1766 = AXIS2_PLACEMENT_3D ( 'NONE', #1493, #4475, #2101 ) ;
#1767 = CIRCLE ( 'NONE', #8629, 79.99999999999995737 ) ;
#1768 = DIRECTION ( 'NONE',  ( 1.000000000000000000, 0.000000000000000000, 0.000000000000000000 ) ) ;
#1769 = EDGE_CURVE ( 'NONE', #6601, #9081, #8973, .T. ) ;
#1770 = EDGE_CURVE ( 'NONE', #7361, #1444, #3567, .T. ) ;
#1771 = ORIENTED_EDGE ( 'NONE', *, *, #2590, .F. ) ;
#1772 = ORIENTED_EDGE ( 'NONE', *, *, #5631, .T. ) ;
#1773 = AXIS2_PLACEMENT_3D ( 'NONE', #3929, #2388, #6977 ) ;
#1774 = ORIENTED_EDGE ( 'NONE', *, *, #7393, .T. ) ;
#1775 = ORIENTED_EDGE ( 'NONE', *, *, #2802, .T. ) ;
#1776 = CARTESIAN_POINT ( 'NONE',  ( -16550.00000000000000, 0.000000000000000000, 0.000000000000000000 ) ) ;
#1777 = VECTOR ( 'NONE', #8816, 1000.000000000000000 ) ;
#1778 = FACE_OUTER_BOUND ( 'NONE', #4752, .T. ) ;
#1779 = DIRECTION ( 'NONE',  ( 0.000000000000000000, -1.000000000000000000, 0.000000000000000000 ) ) ;
#1780 = EDGE_CURVE ( 'NONE', #3030, #5562, #5576, .T. ) ;
#1781 = CARTESIAN_POINT ( 'NONE',  ( -12100.00000000000182, 1054.999999999997499, -919.9999999999979536 ) ) ;
#1782 = CIRCLE ( 'NONE', #3206, 460.0000000000000000 ) ;
#1783 = EDGE_CURVE ( 'NONE', #5024, #1546, #4969, .T. ) ;
#1784 = PLANE ( 'NONE',  #95 ) ;
#1785 = CARTESIAN_POINT ( 'NONE',  ( 0.000000000000000000, 0.000000000000000000, -960.0000000000002274 ) ) ;
#1786 = DIRECTION ( 'NONE',  ( 1.000000000000000000, 6.162975822039151993E-33, 1.232595164407830946E-32 ) ) ;
#1787 = CARTESIAN_POINT ( 'NONE',  ( -14300.00000000001819, -899.9999999999986358, -763.9017955139175911 ) ) ;
#1788 = EDGE_CURVE ( 'NONE', #7592, #5080, #1183, .T. ) ;
#1789 = CARTESIAN_POINT ( 'NONE',  ( -13856.59988046646504, -278.9021535255452022, -623.7872381793328032 ) ) ;
#1790 = DIRECTION ( 'NONE',  ( 0.000000000000000000, -1.000000000000000000, 0.000000000000000000 ) ) ;
#1791 = ORIENTED_EDGE ( 'NONE', *, *, #602, .T. ) ;
#1792 = CARTESIAN_POINT ( 'NONE',  ( -16550.00000000000000, -739.9999999999984084, -960.0000000000002274 ) ) ;
#1793 = CARTESIAN_POINT ( 'NONE',  ( -12750.00000000000000, 278.9021535255452022, -725.0000000000052296 ) ) ;
#1794 = ORIENTED_EDGE ( 'NONE', *, *, #705, .F. ) ;
#1795 = ORIENTED_EDGE ( 'NONE', *, *, #8240, .T. ) ;
#1796 = ORIENTED_EDGE ( 'NONE', *, *, #6122, .T. ) ;
#1797 = DIRECTION ( 'NONE',  ( 1.000000000000000000, 0.000000000000000000, 0.000000000000000000 ) ) ;
#1798 = ORIENTED_EDGE ( 'NONE', *, *, #3054, .T. ) ;
#1799 = CARTESIAN_POINT ( 'NONE',  ( -14119.99999999999818, -1077.499998843224375, -517.7941176470594655 ) ) ;
#1800 = DIRECTION ( 'NONE',  ( 0.000000000000000000, -0.9901138386947148096, 0.1402661271484180183 ) ) ;
#1801 = CARTESIAN_POINT ( 'NONE',  ( -14500.00000000002001, 899.9999999999986358, -350.9999999999985221 ) ) ;
#1802 = CARTESIAN_POINT ( 'NONE',  ( -17903.58983848622665, 739.9999999999984084, -4241.944871367028099 ) ) ;
#1803 = ORIENTED_EDGE ( 'NONE', *, *, #5849, .F. ) ;
#1804 = ORIENTED_EDGE ( 'NONE', *, *, #4, .T. ) ;
#1805 = VECTOR ( 'NONE', #4060, 1000.000000000000227 ) ;
#1806 = CARTESIAN_POINT ( 'NONE',  ( -13899.99999999999818, 679.9999999999979536, -539.9999999999979536 ) ) ;
#1807 = ADVANCED_FACE ( 'NONE', ( #7413 ), #414, .F. ) ;
#1808 = PLANE ( 'NONE',  #9632 ) ;
#1809 = AXIS2_PLACEMENT_3D ( 'NONE', #3429, #4930, #5743 ) ;
#1810 = VERTEX_POINT ( 'NONE', #3823 ) ;
#1811 = DIRECTION ( 'NONE',  ( -0.000000000000000000, 0.000000000000000000, 1.000000000000000000 ) ) ;
#1812 = VECTOR ( 'NONE', #1832, 1000.000000000000000 ) ;
#1813 = ADVANCED_FACE ( 'NONE', ( #70 ), #8487, .F. ) ;
#1814 = ADVANCED_FACE ( 'NONE', ( #6129 ), #2334, .F. ) ;
#1815 = ORIENTED_EDGE ( 'NONE', *, *, #2432, .T. ) ;
#1816 = EDGE_CURVE ( 'NONE', #6097, #2493, #17, .T. ) ;
#1817 = VERTEX_POINT ( 'NONE', #2280 ) ;
#1818 = VERTEX_POINT ( 'NONE', #5323 ) ;
#1819 = CARTESIAN_POINT ( 'NONE',  ( -14578.43092739263921, 1089.999999999998181, -960.7596123493866571 ) ) ;
#1820 = DIRECTION ( 'NONE',  ( 0.000000000000000000, -2.413528314402513597E-16, 1.000000000000000000 ) ) ;
#1821 = ORIENTED_EDGE ( 'NONE', *, *, #6093, .F. ) ;
#1822 = LINE ( 'NONE', #3927, #8587 ) ;
#1823 = LINE ( 'NONE', #7226, #7986 ) ;
#1824 = CARTESIAN_POINT ( 'NONE',  ( -13250.00000000000000, 190.0000000000006253, -350.9999999999987494 ) ) ;
#1825 = LINE ( 'NONE', #4853, #8439 ) ;
#1826 = CARTESIAN_POINT ( 'NONE',  ( -13899.99999999999818, 1054.999999999997272, -459.9999999999978400 ) ) ;
#1827 = EDGE_CURVE ( 'NONE', #3697, #2689, #770, .T. ) ;
#1828 = CARTESIAN_POINT ( 'NONE',  ( -11700.00000000000182, -814.9999999999974989, -306.2059048389990039 ) ) ;
#1829 = EDGE_CURVE ( 'NONE', #5519, #6036, #2220, .T. ) ;
#1830 = PLANE ( 'NONE',  #605 ) ;
#1831 = CARTESIAN_POINT ( 'NONE',  ( -16550.00000000000000, -1189.999999999998408, -960.0000000000002274 ) ) ;
#1832 = DIRECTION ( 'NONE',  ( 1.232595164407830672E-32, 2.775557561563032360E-16, -1.000000000000000000 ) ) ;
#1833 = CARTESIAN_POINT ( 'NONE',  ( -15900.00000000000182, 989.9999999999984084, -1135.000000000000227 ) ) ;
#1834 = DIRECTION ( 'NONE',  ( -1.232595164407830672E-32, -2.775557561563032360E-16, 1.000000000000000000 ) ) ;
#1835 = ORIENTED_EDGE ( 'NONE', *, *, #8316, .T. ) ;
#1836 = DIRECTION ( 'NONE',  ( 1.000000000000000000, -0.000000000000000000, 0.000000000000000000 ) ) ;
#1837 = CYLINDRICAL_SURFACE ( 'NONE', #2210, 100.0000000000000853 ) ;
#1838 = DIRECTION ( 'NONE',  ( 1.000000000000000000, 0.000000000000000000, 0.000000000000000000 ) ) ;
#1839 = EDGE_CURVE ( 'NONE', #4523, #9268, #828, .T. ) ;
#1840 = EDGE_CURVE ( 'NONE', #2363, #1404, #7627, .T. ) ;
#1841 = ORIENTED_EDGE ( 'NONE', *, *, #4545, .F. ) ;
#1842 = VERTEX_POINT ( 'NONE', #7094 ) ;
#1843 = CARTESIAN_POINT ( 'NONE',  ( -12923.68347295909734, -9753.686360283016256, -6660.000000000000000 ) ) ;
#1844 = ORIENTED_EDGE ( 'NONE', *, *, #5748, .F. ) ;
#1845 = DIRECTION ( 'NONE',  ( 0.9848077530122075762, 4.819705125750966016E-17, -0.1736481776669329402 ) ) ;
#1846 = DIRECTION ( 'NONE',  ( 1.000000000000000000, 0.000000000000000000, 0.000000000000000000 ) ) ;
#1847 = DIRECTION ( 'NONE',  ( 6.162975822039157467E-33, -1.000000000000000000, -2.775557561563032360E-16 ) ) ;
#1848 = DIRECTION ( 'NONE',  ( -0.9848077530122075762, 4.819705125750964784E-17, -0.1736481776669329402 ) ) ;
#1849 = VERTEX_POINT ( 'NONE', #1645 ) ;
#1850 = DIRECTION ( 'NONE',  ( -1.000000000000000000, -2.220446049250313081E-16, 0.000000000000000000 ) ) ;
#1851 = VERTEX_POINT ( 'NONE', #6940 ) ;
#1852 = VERTEX_POINT ( 'NONE', #7856 ) ;
#1853 = ORIENTED_EDGE ( 'NONE', *, *, #410, .F. ) ;
#1854 = CARTESIAN_POINT ( 'NONE',  ( -12143.40011953353496, 190.0000000000006821, -504.9802145985029256 ) ) ;
#1855 = ORIENTED_EDGE ( 'NONE', *, *, #9335, .T. ) ;
#1856 = ORIENTED_EDGE ( 'NONE', *, *, #7417, .T. ) ;
#1857 = ORIENTED_EDGE ( 'NONE', *, *, #9515, .T. ) ;
#1858 = LINE ( 'NONE', #4893, #7046 ) ;
#1859 = ORIENTED_EDGE ( 'NONE', *, *, #8978, .T. ) ;
#1860 = DIRECTION ( 'NONE',  ( -1.000000000000000000, -0.000000000000000000, -0.000000000000000000 ) ) ;
#1861 = CARTESIAN_POINT ( 'NONE',  ( -8725.000000000000000, -740.0000000000005684, -1135.000000000000227 ) ) ;
#1862 = CIRCLE ( 'NONE', #7135, 80.00000000000007105 ) ;
#1863 = CARTESIAN_POINT ( 'NONE',  ( -8725.000000000000000, 989.9999999999984084, -960.0000000000009095 ) ) ;
#1864 = CARTESIAN_POINT ( 'NONE',  ( -5576.316527040902656, 1189.999999999998408, -760.0000000000010232 ) ) ;
#1865 = EDGE_CURVE ( 'NONE', #8529, #2113, #1592, .T. ) ;
#1866 = EDGE_CURVE ( 'NONE', #7182, #244, #7752, .T. ) ;
#1867 = CARTESIAN_POINT ( 'NONE',  ( -12100.00000000000182, 814.9999999999974989, -909.9999999999982947 ) ) ;
#1868 = EDGE_CURVE ( 'NONE', #8412, #862, #3839, .T. ) ;
#1869 = AXIS2_PLACEMENT_3D ( 'NONE', #2242, #9183, #790 ) ;
#1870 = CARTESIAN_POINT ( 'NONE',  ( -9525.000000000000000, 739.9999999999984084, -1135.000000000000227 ) ) ;
#1871 = VECTOR ( 'NONE', #2736, 1000.000000000000000 ) ;
#1872 = ORIENTED_EDGE ( 'NONE', *, *, #3417, .F. ) ;
#1873 = DIRECTION ( 'NONE',  ( -1.232595164407830672E-32, -2.775557561563032360E-16, 1.000000000000000000 ) ) ;
#1874 = CARTESIAN_POINT ( 'NONE',  ( -18500.00000000000000, -875.0000000000000000, -910.0000000000001137 ) ) ;
#1875 = DIRECTION ( 'NONE',  ( -0.000000000000000000, 0.000000000000000000, 1.000000000000000000 ) ) ;
#1876 = CARTESIAN_POINT ( 'NONE',  ( -12143.40011953353496, 190.0000000000006821, -623.7872381793357590 ) ) ;
#1877 = EDGE_CURVE ( 'NONE', #2670, #2973, #3134, .T. ) ;
#1878 = EDGE_LOOP ( 'NONE', ( #5311, #1203, #3150, #4830 ) ) ;
#1879 = LINE ( 'NONE', #4920, #3683 ) ;
#1880 = AXIS2_PLACEMENT_3D ( 'NONE', #6579, #2077, #4317 ) ;
#1881 = LINE ( 'NONE', #7137, #7475 ) ;
#1882 = ORIENTED_EDGE ( 'NONE', *, *, #7620, .F. ) ;
#1883 = FACE_OUTER_BOUND ( 'NONE', #9483, .T. ) ;
#1884 = ORIENTED_EDGE ( 'NONE', *, *, #9015, .F. ) ;
#1885 = EDGE_LOOP ( 'NONE', ( #3514, #2792, #4057, #1794 ) ) ;
#1886 = LINE ( 'NONE', #144, #6376 ) ;
#1887 = DIRECTION ( 'NONE',  ( 0.000000000000000000, -0.000000000000000000, -1.000000000000000000 ) ) ;
#1888 = STYLED_ITEM ( 'NONE', ( #8660 ), #1079 ) ;
#1889 = VECTOR ( 'NONE', #3555, 1000.000000000000000 ) ;
#1890 = CARTESIAN_POINT ( 'NONE',  ( -11699.99999999998181, 899.9999999999986358, -763.9017955139171363 ) ) ;
#1891 = CARTESIAN_POINT ( 'NONE',  ( -13250.00000000000000, 729.4021522441533989, -769.9999999999959073 ) ) ;
#1892 = VECTOR ( 'NONE', #4569, 1000.000000000000000 ) ;
#1893 = DIRECTION ( 'NONE',  ( 0.000000000000000000, 0.000000000000000000, -1.000000000000000000 ) ) ;
#1894 = EDGE_CURVE ( 'NONE', #3213, #496, #9180, .T. ) ;
#1895 = EDGE_LOOP ( 'NONE', ( #7289, #2153 ) ) ;
#1896 = ADVANCED_FACE ( 'NONE', ( #2348 ), #9235, .T. ) ;
#1897 = CYLINDRICAL_SURFACE ( 'NONE', #9105, 250.0000000000000000 ) ;
#1898 = FACE_OUTER_BOUND ( 'NONE', #4655, .T. ) ;
#1899 = ORIENTED_EDGE ( 'NONE', *, *, #8050, .T. ) ;
#1900 = VECTOR ( 'NONE', #7465, 1000.000000000000000 ) ;
#1901 = AXIS2_PLACEMENT_3D ( 'NONE', #7931, #1073, #4669 ) ;
#1902 = VECTOR ( 'NONE', #3982, 1000.000000000000000 ) ;
#1903 = APPLICATION_PROTOCOL_DEFINITION ( 'draft international standard', 'automotive_design', 1998, #7460 ) ;
#1904 = ADVANCED_FACE ( 'NONE', ( #8546 ), #8499, .F. ) ;
#1905 = VECTOR ( 'NONE', #2629, 1000.000000000000000 ) ;
#1906 = AXIS2_PLACEMENT_3D ( 'NONE', #5156, #2161, #8259 ) ;
#1907 = ORIENTED_EDGE ( 'NONE', *, *, #6886, .T. ) ;
#1908 = DIRECTION ( 'NONE',  ( 0.1736481776669329680, 2.733390605558932128E-16, -0.9848077530122076872 ) ) ;
#1909 = AXIS2_PLACEMENT_3D ( 'NONE', #9224, #6985, #5489 ) ;
#1910 = ORIENTED_EDGE ( 'NONE', *, *, #8488, .F. ) ;
#1911 = VECTOR ( 'NONE', #7093, 1000.000000000000114 ) ;
#1912 = ORIENTED_EDGE ( 'NONE', *, *, #9824, .F. ) ;
#1913 = ORIENTED_EDGE ( 'NONE', *, *, #190, .F. ) ;
#1914 = PLANE ( 'NONE',  #6076 ) ;
#1915 = ORIENTED_EDGE ( 'NONE', *, *, #1661, .F. ) ;
#1916 = CARTESIAN_POINT ( 'NONE',  ( -1949.999999999999773, 1189.999999999998408, -960.0000000000002274 ) ) ;
#1917 = CARTESIAN_POINT ( 'NONE',  ( -12750.00000000000000, -190.0000000000007390, -623.7872381793328032 ) ) ;
#1918 = VECTOR ( 'NONE', #9133, 1000.000000000000000 ) ;
#1919 = DIRECTION ( 'NONE',  ( 0.000000000000000000, -1.000000000000000000, 0.000000000000000000 ) ) ;
#1920 = CARTESIAN_POINT ( 'NONE',  ( -11700.00000000000182, 1077.499998843224375, -637.0854464784587208 ) ) ;
#1921 = FACE_OUTER_BOUND ( 'NONE', #3915, .T. ) ;
#1922 = DIRECTION ( 'NONE',  ( 6.162975822039157467E-33, -1.000000000000000000, -2.775557561563032360E-16 ) ) ;
#1923 = CIRCLE ( 'NONE', #4000, 250.0000000000000000 ) ;
#1924 = ORIENTED_EDGE ( 'NONE', *, *, #35, .T. ) ;
#1925 = LINE ( 'NONE', #7268, #3799 ) ;
#1926 = AXIS2_PLACEMENT_3D ( 'NONE', #3238, #1752, #1041 ) ;
#1927 = ORIENTED_EDGE ( 'NONE', *, *, #5507, .T. ) ;
#1928 = DIRECTION ( 'NONE',  ( 1.000000000000000000, -0.000000000000000000, 0.000000000000000000 ) ) ;
#1929 = AXIS2_PLACEMENT_3D ( 'NONE', #8217, #9831, #1326 ) ;
#1930 = FACE_OUTER_BOUND ( 'NONE', #939, .T. ) ;
#1931 = DIRECTION ( 'NONE',  ( 1.000000000000000000, 6.162975822039154046E-33, 1.232595164407830946E-32 ) ) ;
#1932 = CARTESIAN_POINT ( 'NONE',  ( -13000.00000000000000, 229.9999999211528348, -725.0000000000050022 ) ) ;
#1933 = CARTESIAN_POINT ( 'NONE',  ( -1949.999999999999773, 311.4982215127146787, -960.0000000000002274 ) ) ;
#1934 = CIRCLE ( 'NONE', #4466, 79.99999999999995737 ) ;
#1935 = CARTESIAN_POINT ( 'NONE',  ( -12750.00000000000000, -1077.499998843224375, -637.0854464784594029 ) ) ;
#1936 = ORIENTED_EDGE ( 'NONE', *, *, #4560, .F. ) ;
#1937 = CARTESIAN_POINT ( 'NONE',  ( -18500.00000000000000, 989.9999999999984084, -960.0000000000002274 ) ) ;
#1938 = LINE ( 'NONE', #1141, #5416 ) ;
#1939 = ADVANCED_FACE ( 'NONE', ( #6291 ), #9380, .T. ) ;
#1940 = ORIENTED_EDGE ( 'NONE', *, *, #6648, .T. ) ;
#1941 = ADVANCED_FACE ( 'NONE', ( #4720 ), #7799, .F. ) ;
#1942 = ORIENTED_EDGE ( 'NONE', *, *, #7147, .T. ) ;
#1943 = ORIENTED_EDGE ( 'NONE', *, *, #6430, .F. ) ;
#1944 = CARTESIAN_POINT ( 'NONE',  ( -13680.00000000000000, -814.9999999999974989, -517.7941176470593518 ) ) ;
#1945 = EDGE_CURVE ( 'NONE', #9272, #8655, #5534, .T. ) ;
#1946 = CARTESIAN_POINT ( 'NONE',  ( -13856.59988046646504, 1077.499998843224375, -637.0854464784587208 ) ) ;
#1947 = CARTESIAN_POINT ( 'NONE',  ( -11661.34256363902387, 896.2284449665696684, -757.0854464784598576 ) ) ;
#1948 = LINE ( 'NONE', #6546, #4154 ) ;
#1949 = CIRCLE ( 'NONE', #4811, 149.9999999999999147 ) ;
#1950 = LINE ( 'NONE', #4984, #1556 ) ;
#1951 = ORIENTED_EDGE ( 'NONE', *, *, #3593, .F. ) ;
#1952 = DIRECTION ( 'NONE',  ( -6.162975822039589899E-33, 1.000000000000000000, 3.530762810662500311E-14 ) ) ;
#1953 = CARTESIAN_POINT ( 'NONE',  ( -12923.68347295909734, 9753.686360283016256, -6660.000000000000000 ) ) ;
#1954 = ORIENTED_EDGE ( 'NONE', *, *, #6093, .T. ) ;
#1955 = ADVANCED_FACE ( 'NONE', ( #8783, #4076 ), #5781, .F. ) ;
#1956 = AXIS2_PLACEMENT_3D ( 'NONE', #8625, #215, #7624 ) ;
#1957 = VERTEX_POINT ( 'NONE', #3317 ) ;
#1958 = LINE ( 'NONE', #1854, #3977 ) ;
#1959 = EDGE_CURVE ( 'NONE', #6804, #5078, #2053, .T. ) ;
#1960 = AXIS2_PLACEMENT_3D ( 'NONE', #8080, #4270, #7321 ) ;
#1961 = VERTEX_POINT ( 'NONE', #373 ) ;
#1962 = ADVANCED_FACE ( 'NONE', ( #1031 ), #327, .T. ) ;
#1963 = ORIENTED_EDGE ( 'NONE', *, *, #4942, .F. ) ;
#1964 = ORIENTED_EDGE ( 'NONE', *, *, #1530, .T. ) ;
#1965 = CARTESIAN_POINT ( 'NONE',  ( -7862.500000000000000, -990.0000000000003411, -960.0000000000010232 ) ) ;
#1966 = LINE ( 'NONE', #5668, #1422 ) ;
#1967 = DIRECTION ( 'NONE',  ( 0.000000000000000000, -0.000000000000000000, -1.000000000000000000 ) ) ;
#1968 = CARTESIAN_POINT ( 'NONE',  ( -12143.40011953353496, -1077.499998843224375, -637.0854464784594029 ) ) ;
#1969 = DIRECTION ( 'NONE',  ( 0.000000000000000000, -0.9854601157443478865, 0.1699069165076472210 ) ) ;
#1970 = CARTESIAN_POINT ( 'NONE',  ( -12500.00000000000182, -814.9999999999974989, -306.2059048389991176 ) ) ;
#1971 = ORIENTED_EDGE ( 'NONE', *, *, #3765, .F. ) ;
#1972 = VECTOR ( 'NONE', #5837, 1000.000000000000000 ) ;
#1973 = ORIENTED_EDGE ( 'NONE', *, *, #7843, .F. ) ;
#1974 = DIRECTION ( 'NONE',  ( -0.9848077530122075762, -4.819705125750966016E-17, 0.1736481776669329402 ) ) ;
#1975 = VERTEX_POINT ( 'NONE', #1933 ) ;
#1976 = DIRECTION ( 'NONE',  ( -1.000000000000000000, 1.193105140912903082E-16, 0.000000000000000000 ) ) ;
#1977 = CIRCLE ( 'NONE', #8202, 6000.000000000000000 ) ;
#1978 = DIRECTION ( 'NONE',  ( 0.000000000000000000, 1.000000000000000000, 5.551115123125782702E-16 ) ) ;
#1979 = FACE_OUTER_BOUND ( 'NONE', #6920, .T. ) ;
#1980 = LINE ( 'NONE', #1420, #9537 ) ;
#1981 = FACE_OUTER_BOUND ( 'NONE', #9630, .T. ) ;
#1982 = DIRECTION ( 'NONE',  ( 1.000000000000000000, 0.000000000000000000, 0.000000000000000000 ) ) ;
#1983 =( BOUNDED_CURVE ( )  B_SPLINE_CURVE ( 3, ( #114, #8480, #1628, #9423 ),
 .UNSPECIFIED., .F., .F. ) 
 B_SPLINE_CURVE_WITH_KNOTS ( ( 4, 4 ),
 ( 4.474662696288666197, 4.712388980384689674 ),
 .UNSPECIFIED. ) 
 CURVE ( )  GEOMETRIC_REPRESENTATION_ITEM ( )  RATIONAL_B_SPLINE_CURVE ( ( 1.000000000000000000, 0.9952960600157659821, 0.9952960600157659821, 1.000000000000000000 ) ) 
 REPRESENTATION_ITEM ( '' )  );
#1984 = FACE_OUTER_BOUND ( 'NONE', #9595, .T. ) ;
#1985 = ORIENTED_EDGE ( 'NONE', *, *, #7256, .T. ) ;
#1986 = VERTEX_POINT ( 'NONE', #2596 ) ;
#1987 = CARTESIAN_POINT ( 'NONE',  ( -5576.316527040902656, -1089.999999999998181, -760.0000000000010232 ) ) ;
#1988 = ORIENTED_EDGE ( 'NONE', *, *, #8570, .F. ) ;
#1989 = FACE_OUTER_BOUND ( 'NONE', #8601, .T. ) ;
#1990 = CARTESIAN_POINT ( 'NONE',  ( -11437.50000000000000, -740.0000000000009095, -960.0000000000002274 ) ) ;
#1991 = DIRECTION ( 'NONE',  ( 0.000000000000000000, 0.000000000000000000, 1.000000000000000000 ) ) ;
#1992 = CARTESIAN_POINT ( 'NONE',  ( -11880.00000000000182, 1970.627566330085756, -517.7941176470586697 ) ) ;
#1993 = CARTESIAN_POINT ( 'NONE',  ( -18500.00000000000000, -875.0000000000000000, -1060.000000000000000 ) ) ;
#1994 = EDGE_CURVE ( 'NONE', #4991, #3584, #451, .T. ) ;
#1995 = ORIENTED_EDGE ( 'NONE', *, *, #388, .T. ) ;
#1996 = LINE ( 'NONE', #1101, #6 ) ;
#1997 = ADVANCED_FACE ( 'NONE', ( #6390 ), #1182, .F. ) ;
#1998 = EDGE_CURVE ( 'NONE', #461, #6507, #6585, .T. ) ;
#1999 = ORIENTED_EDGE ( 'NONE', *, *, #7950, .F. ) ;
#2000 = DIRECTION ( 'NONE',  ( -1.000000000000000000, -0.000000000000000000, -0.000000000000000000 ) ) ;
#2001 = EDGE_CURVE ( 'NONE', #1400, #2136, #3420, .T. ) ;
#2002 = DIRECTION ( 'NONE',  ( -1.000000000000000000, -6.162975822039151993E-33, -1.232595164407830946E-32 ) ) ;
#2003 = LINE ( 'NONE', #5245, #2814 ) ;
#2004 = ORIENTED_EDGE ( 'NONE', *, *, #5439, .T. ) ;
#2005 = EDGE_LOOP ( 'NONE', ( #8467, #8591, #3143, #8568, #8014, #3237 ) ) ;
#2006 = ORIENTED_EDGE ( 'NONE', *, *, #4314, .F. ) ;
#2007 = CARTESIAN_POINT ( 'NONE',  ( -15674.93198115551786, 989.9999999999984084, 5040.000000000000000 ) ) ;
#2008 = DIRECTION ( 'NONE',  ( -1.000000000000000000, -0.000000000000000000, -0.000000000000000000 ) ) ;
#2009 = CARTESIAN_POINT ( 'NONE',  ( -11411.43189860506209, -877.4999988432243754, -637.0854464784592892 ) ) ;
#2010 = DIRECTION ( 'NONE',  ( -0.000000000000000000, -0.000000000000000000, -1.000000000000000000 ) ) ;
#2011 = CARTESIAN_POINT ( 'NONE',  ( -11411.43189860506209, 1077.499998843224375, -637.0854464784587208 ) ) ;
#2012 = EDGE_CURVE ( 'NONE', #5049, #836, #413, .T. ) ;
#2013 = ORIENTED_EDGE ( 'NONE', *, *, #6031, .T. ) ;
#2014 = EDGE_CURVE ( 'NONE', #7645, #444, #4916, .T. ) ;
#2015 = ORIENTED_EDGE ( 'NONE', *, *, #6627, .F. ) ;
#2016 = ORIENTED_EDGE ( 'NONE', *, *, #7299, .F. ) ;
#2017 = DIRECTION ( 'NONE',  ( -6.162975822039157467E-33, 1.000000000000000000, 2.775557561563032360E-16 ) ) ;
#2018 = CIRCLE ( 'NONE', #3290, 79.99999999999995737 ) ;
#2019 = FACE_OUTER_BOUND ( 'NONE', #4214, .T. ) ;
#2020 = CARTESIAN_POINT ( 'NONE',  ( -10887.50000000000000, -740.0000000000011369, -1135.000000000000227 ) ) ;
#2021 = DIRECTION ( 'NONE',  ( -0.000000000000000000, 0.000000000000000000, 1.000000000000000000 ) ) ;
#2022 = CARTESIAN_POINT ( 'NONE',  ( 0.000000000000000000, 0.000000000000000000, -1135.000000000000227 ) ) ;
#2023 = CARTESIAN_POINT ( 'NONE',  ( -13899.99999999999818, -1054.999999999997726, -459.9999999999984084 ) ) ;
#2024 = AXIS2_PLACEMENT_3D ( 'NONE', #2262, #1547, #5141 ) ;
#2025 = CIRCLE ( 'NONE', #8451, 250.0000000000000000 ) ;
#2026 = DIRECTION ( 'NONE',  ( 0.000000000000000000, -0.000000000000000000, -1.000000000000000000 ) ) ;
#2027 = VERTEX_POINT ( 'NONE', #7187 ) ;
#2028 = VERTEX_POINT ( 'NONE', #9641 ) ;
#2029 = CARTESIAN_POINT ( 'NONE',  ( -16050.00000000000000, 343.2012612066361044, -4241.944871367028099 ) ) ;
#2030 = VERTEX_POINT ( 'NONE', #6532 ) ;
#2031 = ORIENTED_EDGE ( 'NONE', *, *, #6479, .T. ) ;
#2032 = LINE ( 'NONE', #5836, #7654 ) ;
#2033 = DIRECTION ( 'NONE',  ( 1.000000000000000000, 0.000000000000000000, 0.000000000000000000 ) ) ;
#2034 = AXIS2_PLACEMENT_3D ( 'NONE', #4626, #6090, #1742 ) ;
#2035 = LINE ( 'NONE', #8841, #8149 ) ;
#2036 = AXIS2_PLACEMENT_3D ( 'NONE', #6817, #1366, #7623 ) ;
#2037 = LINE ( 'NONE', #1302, #4894 ) ;
#2038 = ORIENTED_EDGE ( 'NONE', *, *, #7495, .T. ) ;
#2039 = LINE ( 'NONE', #4336, #977 ) ;
#2040 = LINE ( 'NONE', #7290, #8009 ) ;
#2041 = APPLICATION_CONTEXT ( 'automotive_design' ) ;
#2042 = EDGE_LOOP ( 'NONE', ( #6357, #537, #1749, #7019 ) ) ;
#2043 = VECTOR ( 'NONE', #1471, 1000.000000000000000 ) ;
#2044 = CARTESIAN_POINT ( 'NONE',  ( -15419.32881082469248, 0.000000000000000000, -1135.000000000000227 ) ) ;
#2045 = EDGE_CURVE ( 'NONE', #1566, #247, #5680, .T. ) ;
#2046 = AXIS2_PLACEMENT_3D ( 'NONE', #9026, #9799, #3681 ) ;
#2047 = LINE ( 'NONE', #1155, #6594 ) ;
#2048 = ADVANCED_FACE ( 'NONE', ( #6482 ), #6439, .T. ) ;
#2049 = VECTOR ( 'NONE', #8040, 1000.000000000000000 ) ;
#2050 = VECTOR ( 'NONE', #3577, 1000.000000000000000 ) ;
#2051 = ORIENTED_EDGE ( 'NONE', *, *, #1597, .F. ) ;
#2052 = VECTOR ( 'NONE', #3883, 1000.000000000000000 ) ;
#2053 = CIRCLE ( 'NONE', #7661, 250.0000000000000000 ) ;
#2054 = EDGE_CURVE ( 'NONE', #6646, #4344, #5729, .T. ) ;
#2055 = VERTEX_POINT ( 'NONE', #7274 ) ;
#2056 = VERTEX_POINT ( 'NONE', #4824 ) ;
#2057 = DIRECTION ( 'NONE',  ( 1.000000000000000000, 0.000000000000000000, 0.000000000000000000 ) ) ;
#2058 = EDGE_CURVE ( 'NONE', #1626, #3986, #7897, .T. ) ;
#2059 = CARTESIAN_POINT ( 'NONE',  ( -11411.43189860506209, 877.4999988432243754, -757.0854464784598576 ) ) ;
#2060 = CARTESIAN_POINT ( 'NONE',  ( 0.000000000000000000, 0.000000000000000000, -960.0000000000002274 ) ) ;
#2061 = VECTOR ( 'NONE', #4354, 1000.000000000000000 ) ;
#2062 = ADVANCED_FACE ( 'NONE', ( #1981 ), #5019, .T. ) ;
#2063 = FACE_OUTER_BOUND ( 'NONE', #7115, .T. ) ;
#2064 = LINE ( 'NONE', #8066, #6210 ) ;
#2065 = CARTESIAN_POINT ( 'NONE',  ( -3053.808855527532160, -96.32452974707702253, -1135.000000000000227 ) ) ;
#2066 = AXIS2_PLACEMENT_3D ( 'NONE', #928, #832, #3222 ) ;
#2067 = ORIENTED_EDGE ( 'NONE', *, *, #1036, .T. ) ;
#2068 = CARTESIAN_POINT ( 'NONE',  ( -12750.00000000000000, 1077.499998843224375, -769.9999999999957936 ) ) ;
#2069 = VERTEX_POINT ( 'NONE', #469 ) ;
#2070 = AXIS2_PLACEMENT_3D ( 'NONE', #1861, #7171, #4852 ) ;
#2071 = VECTOR ( 'NONE', #3607, 1000.000000000000000 ) ;
#2072 = ORIENTED_EDGE ( 'NONE', *, *, #105, .T. ) ;
#2073 = ORIENTED_EDGE ( 'NONE', *, *, #9214, .T. ) ;
#2074 = DIRECTION ( 'NONE',  ( 0.000000000000000000, 0.000000000000000000, -1.000000000000000000 ) ) ;
#2075 = VECTOR ( 'NONE', #7488, 1000.000000000000000 ) ;
#2076 = EDGE_CURVE ( 'NONE', #2381, #8877, #9463, .T. ) ;
#2077 = DIRECTION ( 'NONE',  ( -6.162975822039157467E-33, 1.000000000000000000, 2.775557561563032360E-16 ) ) ;
#2078 = ADVANCED_FACE ( 'NONE', ( #9684 ), #2922, .F. ) ;
#2079 = FACE_OUTER_BOUND ( 'NONE', #4818, .T. ) ;
#2080 = AXIS2_PLACEMENT_3D ( 'NONE', #6389, #8684, #7751 ) ;
#2081 = DIRECTION ( 'NONE',  ( -1.232595164407840251E-32, 1.510372559762204329E-14, 1.000000000000000000 ) ) ;
#2082 = CARTESIAN_POINT ( 'NONE',  ( -12750.00000000000000, -899.9999999999986358, -637.0854464784594029 ) ) ;
#2083 = DIRECTION ( 'NONE',  ( -6.162975822039157467E-33, 1.000000000000000000, 2.775557561563032360E-16 ) ) ;
#2084 = PLANE ( 'NONE',  #5884 ) ;
#2085 = VECTOR ( 'NONE', #1369, 1000.000000000000000 ) ;
#2086 = ORIENTED_EDGE ( 'NONE', *, *, #1275, .T. ) ;
#2087 = ORIENTED_EDGE ( 'NONE', *, *, #5989, .F. ) ;
#2088 = EDGE_CURVE ( 'NONE', #8745, #8963, #3669, .T. ) ;
#2089 = DIRECTION ( 'NONE',  ( 6.162975822039589899E-33, -1.000000000000000000, -3.530762810662500311E-14 ) ) ;
#2090 = DIRECTION ( 'NONE',  ( -1.432545838226008399E-17, -1.000000000000000000, 0.000000000000000000 ) ) ;
#2091 = VERTEX_POINT ( 'NONE', #551 ) ;
#2092 = EDGE_CURVE ( 'NONE', #8443, #8106, #3546, .T. ) ;
#2093 = DIRECTION ( 'NONE',  ( -1.000000000000000000, 0.000000000000000000, 0.000000000000000000 ) ) ;
#2094 = DIRECTION ( 'NONE',  ( -9.378386130608760079E-33, 0.9597039290011751822, 0.2810131111882634425 ) ) ;
#2095 = AXIS2_PLACEMENT_3D ( 'NONE', #9156, #3706, #2323 ) ;
#2096 = CARTESIAN_POINT ( 'NONE',  ( -12100.00000000000182, -679.9999999999979536, -539.9999999999982947 ) ) ;
#2097 = ORIENTED_EDGE ( 'NONE', *, *, #1945, .T. ) ;
#2098 = DIRECTION ( 'NONE',  ( 0.000000000000000000, -0.000000000000000000, -1.000000000000000000 ) ) ;
#2099 = ORIENTED_EDGE ( 'NONE', *, *, #7980, .T. ) ;
#2100 = EDGE_LOOP ( 'NONE', ( #1060, #2325, #4471, #2476 ) ) ;
#2101 = DIRECTION ( 'NONE',  ( 1.000000000000000000, 0.000000000000000000, 0.000000000000000000 ) ) ;
#2102 = VERTEX_POINT ( 'NONE', #6727 ) ;
#2103 = LINE ( 'NONE', #4849, #2716 ) ;
#2104 = DIRECTION ( 'NONE',  ( 1.000000000000000000, 6.162975822039151993E-33, 1.232595164407830946E-32 ) ) ;
#2105 = EDGE_LOOP ( 'NONE', ( #6001, #9375, #9419, #7294, #949 ) ) ;
#2106 = ORIENTED_EDGE ( 'NONE', *, *, #2564, .T. ) ;
#2107 = EDGE_LOOP ( 'NONE', ( #4592, #3784, #2668, #5865 ) ) ;
#2108 = DIRECTION ( 'NONE',  ( -1.000000000000000000, -0.000000000000000000, -0.000000000000000000 ) ) ;
#2109 = SHAPE_REPRESENTATION_RELATIONSHIP ( 'NONE' , 'NONE' ,  #7778, #6325 ) ;
#2110 = LINE ( 'NONE', #7402, #8626 ) ;
#2111 = LINE ( 'NONE', #4257, #7960 ) ;
#2112 = LINE ( 'NONE', #5152, #7857 ) ;
#2113 = VERTEX_POINT ( 'NONE', #1284 ) ;
#2114 = ADVANCED_FACE ( 'NONE', ( #9738 ), #3614, .F. ) ;
#2115 = EDGE_CURVE ( 'NONE', #4999, #6931, #5800, .T. ) ;
#2116 = DIRECTION ( 'NONE',  ( -1.232595164407830809E-32, 4.930380657631323784E-32, 1.000000000000000000 ) ) ;
#2117 = VERTEX_POINT ( 'NONE', #7522 ) ;
#2118 = ADVANCED_FACE ( 'NONE', ( #663 ), #9060, .F. ) ;
#2119 = AXIS2_PLACEMENT_3D ( 'NONE', #7435, #9856, #6154 ) ;
#2120 = CARTESIAN_POINT ( 'NONE',  ( -12244.99999999992906, -454.0705533836912196, -860.0000000000230784 ) ) ;
#2121 = CARTESIAN_POINT ( 'NONE',  ( -15519.32881082469248, 0.000000000000000000, -960.0000000000000000 ) ) ;
#2122 = CARTESIAN_POINT ( 'NONE',  ( -5949.999999999999091, 989.9999999999984084, -1135.000000000000227 ) ) ;
#2123 = PRODUCT_DEFINITION_SHAPE ( 'NONE', 'NONE',  #1729 ) ;
#2124 = PLANE ( 'NONE',  #7509 ) ;
#2125 = CIRCLE ( 'NONE', #7733, 6000.000000000000000 ) ;
#2126 = CARTESIAN_POINT ( 'NONE',  ( 0.000000000000000000, -875.0000000000000000, -1060.000000000000000 ) ) ;
#2127 = CARTESIAN_POINT ( 'NONE',  ( -14300.00000000001819, 899.9999999999986358, -763.9017955139171363 ) ) ;
#2128 = LINE ( 'NONE', #5828, #8920 ) ;
#2129 = ADVANCED_FACE ( 'NONE', ( #6823 ), #9882, .F. ) ;
#2130 = EDGE_CURVE ( 'NONE', #5173, #3223, #5308, .T. ) ;
#2131 = VECTOR ( 'NONE', #3268, 1000.000000000000000 ) ;
#2132 = LINE ( 'NONE', #5168, #7478 ) ;
#2133 = ORIENTED_EDGE ( 'NONE', *, *, #7086, .T. ) ;
#2134 = FACE_OUTER_BOUND ( 'NONE', #1233, .T. ) ;
#2135 = DIRECTION ( 'NONE',  ( 6.162975822039157467E-33, -1.000000000000000000, -2.775557561563032360E-16 ) ) ;
#2136 = VERTEX_POINT ( 'NONE', #748 ) ;
#2137 = LINE ( 'NONE', #3623, #6355 ) ;
#2138 = CARTESIAN_POINT ( 'NONE',  ( -2825.068018844486232, 1189.999999999998408, 5040.000000000000000 ) ) ;
#2139 = CARTESIAN_POINT ( 'NONE',  ( -19120.00000000000000, -875.0000000000000000, -1060.000000000000000 ) ) ;
#2140 = CARTESIAN_POINT ( 'NONE',  ( -13000.00000000000000, 4.163336342343557632E-15, -825.0000000000000000 ) ) ;
#2141 = ORIENTED_EDGE ( 'NONE', *, *, #5631, .F. ) ;
#2142 = LINE ( 'NONE', #6689, #5858 ) ;
#2143 = EDGE_CURVE ( 'NONE', #5562, #9657, #648, .T. ) ;
#2144 = EDGE_CURVE ( 'NONE', #798, #2694, #2950, .T. ) ;
#2145 = ORIENTED_EDGE ( 'NONE', *, *, #7440, .F. ) ;
#2146 = ORIENTED_EDGE ( 'NONE', *, *, #5359, .F. ) ;
#2147 = CARTESIAN_POINT ( 'NONE',  ( -8725.000000000000000, 739.9999999999984084, -1135.000000000000227 ) ) ;
#2148 = EDGE_LOOP ( 'NONE', ( #1853, #2734, #4793, #5917, #8231 ) ) ;
#2149 = FACE_BOUND ( 'NONE', #1154, .T. ) ;
#2150 = DIRECTION ( 'NONE',  ( -6.162975822039157467E-33, 1.000000000000000000, 3.301729611148415602E-16 ) ) ;
#2151 = ORIENTED_EDGE ( 'NONE', *, *, #2709, .T. ) ;
#2152 = DIRECTION ( 'NONE',  ( 6.162975822039157467E-33, -1.000000000000000000, -2.775557561563032360E-16 ) ) ;
#2153 = ORIENTED_EDGE ( 'NONE', *, *, #7828, .F. ) ;
#2154 = DIRECTION ( 'NONE',  ( -0.000000000000000000, 0.000000000000000000, 1.000000000000000000 ) ) ;
#2155 = LINE ( 'NONE', #1459, #4150 ) ;
#2156 = CARTESIAN_POINT ( 'NONE',  ( -11499.99999999997999, 699.9999999999986358, -623.2943698956130447 ) ) ;
#2157 = CARTESIAN_POINT ( 'NONE',  ( -13680.00000000000000, 1970.627566330085529, -239.9999999999976694 ) ) ;
#2158 = VERTEX_POINT ( 'NONE', #8248 ) ;
#2159 = ORIENTED_EDGE ( 'NONE', *, *, #5041, .T. ) ;
#2160 = VERTEX_POINT ( 'NONE', #5414 ) ;
#2161 = DIRECTION ( 'NONE',  ( -1.232595164407830809E-32, 4.930380657631323784E-32, 1.000000000000000000 ) ) ;
#2162 = CARTESIAN_POINT ( 'NONE',  ( 0.000000000000000000, -875.0000000000000000, -1060.000000000000000 ) ) ;
#2163 = EDGE_CURVE ( 'NONE', #3399, #8508, #1458, .T. ) ;
#2164 = DIRECTION ( 'NONE',  ( 0.000000000000000000, 0.000000000000000000, 1.000000000000000000 ) ) ;
#2165 = EDGE_CURVE ( 'NONE', #852, #1276, #2373, .T. ) ;
#2166 = AXIS2_PLACEMENT_3D ( 'NONE', #4615, #7692, #9222 ) ;
#2167 = CARTESIAN_POINT ( 'NONE',  ( -11411.43189860506209, 1077.499998843224375, -757.0854464784597440 ) ) ;
#2168 = CYLINDRICAL_SURFACE ( 'NONE', #5699, 149.9999999999999147 ) ;
#2169 = CARTESIAN_POINT ( 'NONE',  ( -14312.98791175995575, 899.9999999999986358, -761.6116762475795667 ) ) ;
#2170 = VECTOR ( 'NONE', #2083, 1000.000000000000000 ) ;
#2171 = CARTESIAN_POINT ( 'NONE',  ( -12100.00000000000182, 1054.999999999997272, -539.9999999999978400 ) ) ;
#2172 = ORIENTED_EDGE ( 'NONE', *, *, #7194, .T. ) ;
#2173 = CARTESIAN_POINT ( 'NONE',  ( -18500.00000000000000, 875.0000000000000000, -1060.000000000000000 ) ) ;
#2174 = ORIENTED_EDGE ( 'NONE', *, *, #3817, .F. ) ;
#2175 = DIRECTION ( 'NONE',  ( -1.432545838226008399E-17, -1.000000000000000000, 0.000000000000000000 ) ) ;
#2176 = ORIENTED_EDGE ( 'NONE', *, *, #8658, .T. ) ;
#2177 = CARTESIAN_POINT ( 'NONE',  ( -14498.43108295709135, 725.0021062409357455, -757.0854464784598576 ) ) ;
#2178 = FACE_OUTER_BOUND ( 'NONE', #7833, .T. ) ;
#2179 = EDGE_CURVE ( 'NONE', #1818, #3421, #3803, .T. ) ;
#2180 = VECTOR ( 'NONE', #8130, 1000.000000000000000 ) ;
#2181 = ADVANCED_FACE ( 'NONE', ( #7724 ), #6114, .F. ) ;
#2182 = DIRECTION ( 'NONE',  ( -1.432545838226008399E-17, 1.000000000000000000, -0.000000000000000000 ) ) ;
#2183 = VECTOR ( 'NONE', #3796, 1000.000000000000000 ) ;
#2184 = CARTESIAN_POINT ( 'NONE',  ( -12750.00000000000000, 5.551115123125782702E-14, -909.9999999999985221 ) ) ;
#2185 = ORIENTED_EDGE ( 'NONE', *, *, #119, .T. ) ;
#2186 = DIRECTION ( 'NONE',  ( 0.000000000000000000, 0.000000000000000000, -1.000000000000000000 ) ) ;
#2187 = VERTEX_POINT ( 'NONE', #5955 ) ;
#2188 = VECTOR ( 'NONE', #424, 1000.000000000000114 ) ;
#2189 = EDGE_LOOP ( 'NONE', ( #6111, #8897, #7561, #4381 ) ) ;
#2190 = CARTESIAN_POINT ( 'NONE',  ( -346.4101615137745398, 989.9999999999984084, -4241.944871367028099 ) ) ;
#2191 = FACE_OUTER_BOUND ( 'NONE', #1262, .T. ) ;
#2192 = CARTESIAN_POINT ( 'NONE',  ( -13965.57253896064140, 989.9999999999984084, -751.1534819267453713 ) ) ;
#2193 = DIRECTION ( 'NONE',  ( 0.000000000000000000, 0.000000000000000000, 1.000000000000000000 ) ) ;
#2194 = DIRECTION ( 'NONE',  ( 1.000000000000000000, 0.000000000000000000, 0.000000000000000000 ) ) ;
#2195 = VECTOR ( 'NONE', #8777, 1000.000000000000000 ) ;
#2196 = EDGE_CURVE ( 'NONE', #495, #7486, #9004, .T. ) ;
#2197 = EDGE_CURVE ( 'NONE', #7764, #1464, #8524, .T. ) ;
#2198 = ORIENTED_EDGE ( 'NONE', *, *, #4388, .F. ) ;
#2199 = CARTESIAN_POINT ( 'NONE',  ( -346.4101615137745398, -989.9999999999984084, -4241.944871367028099 ) ) ;
#2200 = ORIENTED_EDGE ( 'NONE', *, *, #9064, .F. ) ;
#2201 = CARTESIAN_POINT ( 'NONE',  ( -14500.00000000002001, -708.3613705689267590, -752.1130625175202340 ) ) ;
#2202 = ORIENTED_EDGE ( 'NONE', *, *, #8179, .T. ) ;
#2203 = LINE ( 'NONE', #8308, #3234 ) ;
#2204 = EDGE_CURVE ( 'NONE', #2187, #391, #7504, .T. ) ;
#2205 = DIRECTION ( 'NONE',  ( 0.000000000000000000, 0.1699069165076472210, -0.9854601157443478865 ) ) ;
#2206 = AXIS2_PLACEMENT_3D ( 'NONE', #6215, #7671, #5475 ) ;
#2207 = AXIS2_PLACEMENT_3D ( 'NONE', #8628, #3307, #6381 ) ;
#2208 = DIRECTION ( 'NONE',  ( -1.189916929857710326E-16, 0.000000000000000000, -1.000000000000000000 ) ) ;
#2209 = CARTESIAN_POINT ( 'NONE',  ( -11499.99999999998181, 715.8858524671088617, -627.9459428346824552 ) ) ;
#2210 = AXIS2_PLACEMENT_3D ( 'NONE', #1745, #6340, #9383 ) ;
#2211 = CARTESIAN_POINT ( 'NONE',  ( 0.000000000000000000, 0.000000000000000000, -960.0000000000002274 ) ) ;
#2212 = ORIENTED_EDGE ( 'NONE', *, *, #1509, .F. ) ;
#2213 = ORIENTED_EDGE ( 'NONE', *, *, #9879, .T. ) ;
#2214 = ORIENTED_EDGE ( 'NONE', *, *, #2411, .F. ) ;
#2215 = AXIS2_PLACEMENT_3D ( 'NONE', #4618, #7694, #618 ) ;
#2216 = CARTESIAN_POINT ( 'NONE',  ( -4551.792278806056856, 1189.999999999998408, -849.6342572279651222 ) ) ;
#2217 = VECTOR ( 'NONE', #1848, 1000.000000000000114 ) ;
#2218 = LINE ( 'NONE', #1569, #1560 ) ;
#2219 = LINE ( 'NONE', #8970, #690 ) ;
#2220 = CIRCLE ( 'NONE', #8458, 99.99999999999964473 ) ;
#2221 = DIRECTION ( 'NONE',  ( 0.9848077530122075762, 4.819705125750966016E-17, -0.1736481776669329402 ) ) ;
#2222 = CARTESIAN_POINT ( 'NONE',  ( -5699.999999999999091, -739.9999999999997726, -1135.000000000000227 ) ) ;
#2223 = CARTESIAN_POINT ( 'NONE',  ( -3930.251481490694459, -9753.686360283016256, -1059.999999999999091 ) ) ;
#2224 = CARTESIAN_POINT ( 'NONE',  ( -8975.000000000000000, 739.9999999999984084, -1135.000000000000227 ) ) ;
#2225 = VECTOR ( 'NONE', #9194, 1000.000000000000000 ) ;
#2226 = AXIS2_PLACEMENT_3D ( 'NONE', #2436, #9211, #5430 ) ;
#2227 = VECTOR ( 'NONE', #8450, 1000.000000000000000 ) ;
#2228 = CARTESIAN_POINT ( 'NONE',  ( -11411.43189860506209, -278.9021535255452022, -623.7872381793328032 ) ) ;
#2229 = ORIENTED_EDGE ( 'NONE', *, *, #9773, .F. ) ;
#2230 = DIRECTION ( 'NONE',  ( -0.000000000000000000, 0.000000000000000000, 1.000000000000000000 ) ) ;
#2231 = ORIENTED_EDGE ( 'NONE', *, *, #7494, .T. ) ;
#2232 = FACE_OUTER_BOUND ( 'NONE', #7802, .T. ) ;
#2233 = ORIENTED_EDGE ( 'NONE', *, *, #4151, .F. ) ;
#2234 = CIRCLE ( 'NONE', #3034, 79.99999999999995737 ) ;
#2235 = DIRECTION ( 'NONE',  ( 6.162975822039157467E-33, -1.000000000000000000, -2.775557561563032360E-16 ) ) ;
#2236 = DIRECTION ( 'NONE',  ( 0.000000000000000000, -0.9854601157443478865, -0.1699069165076472210 ) ) ;
#2237 = LINE ( 'NONE', #4369, #366 ) ;
#2238 = DIRECTION ( 'NONE',  ( 1.232595164407830672E-32, 2.775557561563032360E-16, -1.000000000000000000 ) ) ;
#2239 = VECTOR ( 'NONE', #7530, 1000.000000000000000 ) ;
#2240 = PLANE ( 'NONE',  #7953 ) ;
#2241 = ORIENTED_EDGE ( 'NONE', *, *, #3251, .T. ) ;
#2242 = CARTESIAN_POINT ( 'NONE',  ( -13899.99999999999818, 679.9999999999979536, -459.9999999999979536 ) ) ;
#2244 = EDGE_LOOP ( 'NONE', ( #6751, #3591, #2214, #2462 ) ) ;
#2243 = CIRCLE ( 'NONE', #7852, 250.0000000000000000 ) ;
#2245 = ADVANCED_FACE ( 'NONE', ( #9818 ), #2267, .F. ) ;
#2246 = EDGE_CURVE ( 'NONE', #6539, #3857, #2203, .T. ) ;
#2247 = EDGE_CURVE ( 'NONE', #3057, #8644, #5357, .T. ) ;
#2248 = ORIENTED_EDGE ( 'NONE', *, *, #1158, .F. ) ;
#2249 = ORIENTED_EDGE ( 'NONE', *, *, #5283, .F. ) ;
#2250 = CARTESIAN_POINT ( 'NONE',  ( -13966.15723917057221, 190.0000000000006821, -504.9802145985029256 ) ) ;
#2251 = EDGE_LOOP ( 'NONE', ( #6676, #4137, #6300, #3965 ) ) ;
#2252 = DIRECTION ( 'NONE',  ( 1.000000000000000000, 6.162975822039151993E-33, 1.232595164407830946E-32 ) ) ;
#2253 = VECTOR ( 'NONE', #3652, 1000.000000000000000 ) ;
#2254 = FACE_OUTER_BOUND ( 'NONE', #212, .T. ) ;
#2255 = CARTESIAN_POINT ( 'NONE',  ( -13856.59988046646504, -1077.499998843224375, -637.0854464784594029 ) ) ;
#2256 = DIRECTION ( 'NONE',  ( 0.000000000000000000, -1.000000000000000000, 0.000000000000000000 ) ) ;
#2257 = VECTOR ( 'NONE', #3613, 1000.000000000000000 ) ;
#2258 = DIRECTION ( 'NONE',  ( -0.000000000000000000, 1.000000000000000000, -0.000000000000000000 ) ) ;
#2259 = ORIENTED_EDGE ( 'NONE', *, *, #7157, .F. ) ;
#2260 = VECTOR ( 'NONE', #3470, 1000.000000000000000 ) ;
#2261 = ORIENTED_EDGE ( 'NONE', *, *, #6309, .T. ) ;
#2262 = CARTESIAN_POINT ( 'NONE',  ( -14388.56810139493609, -877.4999988432243754, -637.0854464784592892 ) ) ;
#2263 = CARTESIAN_POINT ( 'NONE',  ( -13856.59988046646504, 278.9021535255452022, -623.7872381793326895 ) ) ;
#2264 = ADVANCED_FACE ( 'NONE', ( #3748 ), #6806, .F. ) ;
#2265 = EDGE_LOOP ( 'NONE', ( #7213, #2038, #8669, #8338, #9316, #3849, #3786, #8756, #9068, #4846, #3904, #8955 ) ) ;
#2266 = ORIENTED_EDGE ( 'NONE', *, *, #8795, .T. ) ;
#2267 = CYLINDRICAL_SURFACE ( 'NONE', #6283, 50.00000000000027001 ) ;
#2268 = CARTESIAN_POINT ( 'NONE',  ( -16650.00000000000364, -311.4982215127146787, -1135.000000000000227 ) ) ;
#2269 = CARTESIAN_POINT ( 'NONE',  ( -16650.00000000000364, 211.4982215127146787, -1135.000000000000227 ) ) ;
#2270 = VECTOR ( 'NONE', #4541, 1000.000000000000000 ) ;
#2271 = DIRECTION ( 'NONE',  ( 0.000000000000000000, -0.9854601157443478865, 0.1699069165076472210 ) ) ;
#2272 = ORIENTED_EDGE ( 'NONE', *, *, #2679, .F. ) ;
#2273 = EDGE_CURVE ( 'NONE', #7592, #5413, #2460, .T. ) ;
#2274 = EDGE_CURVE ( 'NONE', #3276, #3857, #4799, .T. ) ;
#2275 = CARTESIAN_POINT ( 'NONE',  ( -4551.792278806056856, -1189.999999999998408, -849.6342572279651222 ) ) ;
#2276 = DIRECTION ( 'NONE',  ( 1.000000000000000000, -3.977017136376344019E-17, 0.000000000000000000 ) ) ;
#2277 = DIRECTION ( 'NONE',  ( -0.000000000000000000, -0.000000000000000000, -1.000000000000000000 ) ) ;
#2278 = CARTESIAN_POINT ( 'NONE',  ( -13856.59988046646504, 295.9385695031826913, -504.9802145985045172 ) ) ;
#2279 = CARTESIAN_POINT ( 'NONE',  ( -17903.58983848622665, 989.9999999999984084, -960.0000000000002274 ) ) ;
#2280 = CARTESIAN_POINT ( 'NONE',  ( -11880.00000000000182, -1077.499998843224603, -239.9999999999985505 ) ) ;
#2281 = CARTESIAN_POINT ( 'NONE',  ( -2.914659381970696526E-13, 1189.999999999998408, -960.0000000000002274 ) ) ;
#2282 = VECTOR ( 'NONE', #2256, 1000.000000000000000 ) ;
#2283 = CARTESIAN_POINT ( 'NONE',  ( -11699.99999999998181, 899.9999999999986358, -637.0854464784587208 ) ) ;
#2284 = FACE_OUTER_BOUND ( 'NONE', #6310, .T. ) ;
#2285 = ORIENTED_EDGE ( 'NONE', *, *, #3754, .F. ) ;
#2286 = DIRECTION ( 'NONE',  ( 0.000000000000000000, 1.000000000000000000, 0.000000000000000000 ) ) ;
#2287 = VERTEX_POINT ( 'NONE', #4153 ) ;
#2288 = LINE ( 'NONE', #7375, #9092 ) ;
#2289 = CARTESIAN_POINT ( 'NONE',  ( -11880.00000000000182, 814.9999999999972715, -517.7941176470590108 ) ) ;
#2290 = CARTESIAN_POINT ( 'NONE',  ( -11880.00000000000182, -1970.627566330085756, -517.7941176470596929 ) ) ;
#2291 = AXIS2_PLACEMENT_3D ( 'NONE', #5794, #339, #1846 ) ;
#2292 = CARTESIAN_POINT ( 'NONE',  ( -2350.000000000001364, 1189.999999999998408, -960.0000000000002274 ) ) ;
#2293 = FACE_OUTER_BOUND ( 'NONE', #686, .T. ) ;
#2294 = DIRECTION ( 'NONE',  ( 0.000000000000000000, 0.9901138386947148096, -0.1402661271484179906 ) ) ;
#2295 = ORIENTED_EDGE ( 'NONE', *, *, #7230, .T. ) ;
#2296 = DIRECTION ( 'NONE',  ( -0.000000000000000000, 0.000000000000000000, 1.000000000000000000 ) ) ;
#2297 = EDGE_LOOP ( 'NONE', ( #7154, #205 ) ) ;
#2298 = AXIS2_PLACEMENT_3D ( 'NONE', #78, #6187, #8870 ) ;
#2299 = ORIENTED_EDGE ( 'NONE', *, *, #8699, .F. ) ;
#2300 = VERTEX_POINT ( 'NONE', #5558 ) ;
#2301 = ORIENTED_EDGE ( 'NONE', *, *, #554, .F. ) ;
#2302 = LINE ( 'NONE', #3848, #1918 ) ;
#2303 = ORIENTED_EDGE ( 'NONE', *, *, #3344, .F. ) ;
#2304 = DIRECTION ( 'NONE',  ( -1.000000000000000000, -6.162975822039154046E-33, -1.232595164407830946E-32 ) ) ;
#2305 = FACE_OUTER_BOUND ( 'NONE', #7719, .T. ) ;
#2306 = LINE ( 'NONE', #3690, #3608 ) ;
#2307 = LINE ( 'NONE', #43, #355 ) ;
#2308 = LINE ( 'NONE', #3148, #3993 ) ;
#2309 = EDGE_CURVE ( 'NONE', #996, #1491, #7776, .T. ) ;
#2310 = EDGE_CURVE ( 'NONE', #1851, #1961, #9357, .T. ) ;
#2311 = EDGE_CURVE ( 'NONE', #9836, #347, #8664, .T. ) ;
#2312 = VERTEX_POINT ( 'NONE', #1107 ) ;
#2313 = ORIENTED_EDGE ( 'NONE', *, *, #2915, .F. ) ;
#2314 = CARTESIAN_POINT ( 'NONE',  ( 588.6859966642593918, -875.0000000000000000, -980.0000000000001137 ) ) ;
#2315 = CARTESIAN_POINT ( 'NONE',  ( -11411.43189860506209, -1077.499998843224375, -637.0854464784594029 ) ) ;
#2316 = VERTEX_POINT ( 'NONE', #7068 ) ;
#2317 = ORIENTED_EDGE ( 'NONE', *, *, #4115, .F. ) ;
#2318 = ORIENTED_EDGE ( 'NONE', *, *, #8845, .T. ) ;
#2319 = CARTESIAN_POINT ( 'NONE',  ( -16150.00000000000182, 1189.999999999998408, -960.0000000000002274 ) ) ;
#2320 = EDGE_CURVE ( 'NONE', #7808, #4580, #4495, .T. ) ;
#2321 = CARTESIAN_POINT ( 'NONE',  ( -3930.251481490694459, 9753.686360283016256, -1059.999999999999091 ) ) ;
#2322 = DIRECTION ( 'NONE',  ( 0.000000000000000000, 0.000000000000000000, 1.000000000000000000 ) ) ;
#2323 = DIRECTION ( 'NONE',  ( 6.162975822039157467E-33, -1.000000000000000000, -2.775557561563032360E-16 ) ) ;
#2324 = ORIENTED_EDGE ( 'NONE', *, *, #2807, .F. ) ;
#2325 = ORIENTED_EDGE ( 'NONE', *, *, #6779, .F. ) ;
#2326 = ORIENTED_EDGE ( 'NONE', *, *, #96, .F. ) ;
#2327 = CARTESIAN_POINT ( 'NONE',  ( -4885.798269505219650, -954.9999999999996589, -960.0000000000002274 ) ) ;
#2328 = CARTESIAN_POINT ( 'NONE',  ( -16550.00000000000000, 800.0000000000000000, -910.0000000000001137 ) ) ;
#2329 = CARTESIAN_POINT ( 'NONE',  ( -18500.00000000000000, -875.0000000000000000, -1060.000000000000000 ) ) ;
#2330 = EDGE_CURVE ( 'NONE', #9646, #8070, #7957, .T. ) ;
#2331 = LINE ( 'NONE', #9323, #1 ) ;
#2332 = DIRECTION ( 'NONE',  ( -1.000000000000000000, 0.000000000000000000, 0.000000000000000000 ) ) ;
#2333 = ADVANCED_FACE ( 'NONE', ( #3253 ), #1808, .T. ) ;
#2334 = PLANE ( 'NONE',  #6536 ) ;
#2335 = CARTESIAN_POINT ( 'NONE',  ( -13856.59988046646504, 295.9385695031826913, -504.9802145985045172 ) ) ;
#2336 = CYLINDRICAL_SURFACE ( 'NONE', #2166, 99.99999999999964473 ) ;
#2337 = CARTESIAN_POINT ( 'NONE',  ( -12500.00000000000182, 899.9999999999986358, -637.0854464784587208 ) ) ;
#2338 = ORIENTED_EDGE ( 'NONE', *, *, #4808, .T. ) ;
#2339 = DIRECTION ( 'NONE',  ( 0.000000000000000000, -2.413528314402513597E-16, 1.000000000000000000 ) ) ;
#2340 = ORIENTED_EDGE ( 'NONE', *, *, #9651, .T. ) ;
#2341 = CARTESIAN_POINT ( 'NONE',  ( -13856.59988046646504, 190.0000000000006821, -504.9802145985029256 ) ) ;
#2342 = ORIENTED_EDGE ( 'NONE', *, *, #9041, .T. ) ;
#2343 = DIRECTION ( 'NONE',  ( -6.162975822039157467E-33, 1.000000000000000000, 3.301729611148415602E-16 ) ) ;
#2344 = DIRECTION ( 'NONE',  ( 1.232595164407830672E-32, 2.775557561563032360E-16, -1.000000000000000000 ) ) ;
#2345 = PLANE ( 'NONE',  #8997 ) ;
#2346 = CARTESIAN_POINT ( 'NONE',  ( -14588.56810139493791, -877.4999988432243754, -637.0854464784592892 ) ) ;
#2347 = DIRECTION ( 'NONE',  ( 1.000000000000000000, 6.162975822039154046E-33, 1.232595164407830946E-32 ) ) ;
#2348 = FACE_OUTER_BOUND ( 'NONE', #5929, .T. ) ;
#2349 = ORIENTED_EDGE ( 'NONE', *, *, #1827, .T. ) ;
#2350 = DIRECTION ( 'NONE',  ( -0.000000000000000000, 0.000000000000000000, -1.000000000000000000 ) ) ;
#2351 = AXIS2_PLACEMENT_3D ( 'NONE', #3072, #7087, #6131 ) ;
#2352 = DIRECTION ( 'NONE',  ( 0.000000000000000000, -0.000000000000000000, -1.000000000000000000 ) ) ;
#2353 = ORIENTED_EDGE ( 'NONE', *, *, #2432, .F. ) ;
#2354 = ORIENTED_EDGE ( 'NONE', *, *, #6626, .T. ) ;
#2355 = ORIENTED_EDGE ( 'NONE', *, *, #1139, .F. ) ;
#2356 = CARTESIAN_POINT ( 'NONE',  ( -4551.792278806056856, -1089.999999999998181, -849.6342572279651222 ) ) ;
#2357 = FACE_OUTER_BOUND ( 'NONE', #7597, .T. ) ;
#2358 = CARTESIAN_POINT ( 'NONE',  ( -2349.999999999999545, -343.2012612066354222, -960.0000000000002274 ) ) ;
#2359 = CYLINDRICAL_SURFACE ( 'NONE', #5529, 250.0000000000000000 ) ;
#2360 = DIRECTION ( 'NONE',  ( 1.232595164407830672E-32, 2.775557561563032360E-16, -1.000000000000000000 ) ) ;
#2361 = VECTOR ( 'NONE', #3048, 1000.000000000000000 ) ;
#2362 = CARTESIAN_POINT ( 'NONE',  ( 0.000000000000000000, -1189.999999999998408, -1160.000000000000227 ) ) ;
#2363 = VERTEX_POINT ( 'NONE', #8612 ) ;
#2364 = ORIENTED_EDGE ( 'NONE', *, *, #7428, .T. ) ;
#2365 = DIRECTION ( 'NONE',  ( 0.000000000000000000, 0.1699069165076472210, 0.9854601157443478865 ) ) ;
#2366 = CARTESIAN_POINT ( 'NONE',  ( -13948.20772119394496, -1189.999999999998181, -849.6342572279658043 ) ) ;
#2367 = CIRCLE ( 'NONE', #8741, 149.9999999999999147 ) ;
#2368 = EDGE_CURVE ( 'NONE', #4509, #9391, #2047, .T. ) ;
#2369 = CIRCLE ( 'NONE', #3616, 5999.999999999999091 ) ;
#2370 = ORIENTED_EDGE ( 'NONE', *, *, #4199, .F. ) ;
#2371 = ORIENTED_EDGE ( 'NONE', *, *, #3524, .F. ) ;
#2372 = ORIENTED_EDGE ( 'NONE', *, *, #4973, .F. ) ;
#2373 = LINE ( 'NONE', #7557, #6750 ) ;
#2374 =( NAMED_UNIT ( * ) SI_UNIT ( $, .STERADIAN. ) SOLID_ANGLE_UNIT ( ) );
#2375 = LINE ( 'NONE', #8471, #5261 ) ;
#2376 = DIRECTION ( 'NONE',  ( 1.000000000000000000, 0.000000000000000000, 0.000000000000000000 ) ) ;
#2377 = VECTOR ( 'NONE', #3975, 1000.000000000000000 ) ;
#2378 = ORIENTED_EDGE ( 'NONE', *, *, #8411, .F. ) ;
#2379 = ORIENTED_EDGE ( 'NONE', *, *, #8498, .F. ) ;
#2380 = EDGE_CURVE ( 'NONE', #8410, #8384, #9614, .T. ) ;
#2381 = VERTEX_POINT ( 'NONE', #8850 ) ;
#2382 = ADVANCED_FACE ( 'NONE', ( #4294 ), #9558, .T. ) ;
#2383 = FACE_OUTER_BOUND ( 'NONE', #7516, .T. ) ;
#2384 = AXIS2_PLACEMENT_3D ( 'NONE', #5006, #8209, #9627 ) ;
#2385 = DIRECTION ( 'NONE',  ( -1.000000000000000000, 0.000000000000000000, 0.000000000000000000 ) ) ;
#2386 = DIRECTION ( 'NONE',  ( -0.000000000000000000, 0.000000000000000000, 1.000000000000000000 ) ) ;
#2387 = VECTOR ( 'NONE', #4485, 1000.000000000000000 ) ;
#2388 = DIRECTION ( 'NONE',  ( 6.162975822039156098E-33, -1.000000000000000000, -2.775557561563032360E-16 ) ) ;
#2389 = DIRECTION ( 'NONE',  ( -0.000000000000000000, -0.000000000000000000, -1.000000000000000000 ) ) ;
#2390 =( GEOMETRIC_REPRESENTATION_CONTEXT ( 3 ) GLOBAL_UNCERTAINTY_ASSIGNED_CONTEXT ( ( #7468 ) ) GLOBAL_UNIT_ASSIGNED_CONTEXT ( ( #158, #9314, #4061 ) ) REPRESENTATION_CONTEXT ( 'NONE', 'WORKASPACE' ) );
#2391 = AXIS2_PLACEMENT_3D ( 'NONE', #4131, #3378, #7195 ) ;
#2392 = CARTESIAN_POINT ( 'NONE',  ( -18500.00000000000000, -1190.000000000002728, -960.0000000000002274 ) ) ;
#2393 = AXIS2_PLACEMENT_3D ( 'NONE', #4816, #224, #73 ) ;
#2394 = EDGE_CURVE ( 'NONE', #4868, #9000, #802, .T. ) ;
#2395 = ADVANCED_FACE ( 'NONE', ( #1398 ), #6046, .F. ) ;
#2396 = DIRECTION ( 'NONE',  ( -1.000000000000000000, 0.000000000000000000, 0.000000000000000000 ) ) ;
#2397 = AXIS2_PLACEMENT_3D ( 'NONE', #1688, #2543, #1739 ) ;
#2398 = LINE ( 'NONE', #6467, #811 ) ;
#2399 = CARTESIAN_POINT ( 'NONE',  ( -11611.43189860506391, 1077.499998843224375, -757.0854464784597440 ) ) ;
#2400 = DIRECTION ( 'NONE',  ( -0.000000000000000000, -0.000000000000000000, -1.000000000000000000 ) ) ;
#2401 = LINE ( 'NONE', #9232, #5500 ) ;
#2402 = LINE ( 'NONE', #2595, #2874 ) ;
#2403 = CARTESIAN_POINT ( 'NONE',  ( 0.000000000000000000, 875.0000000000000000, -1060.000000000000000 ) ) ;
#2404 = VECTOR ( 'NONE', #1720, 1000.000000000000000 ) ;
#2405 = PLANE ( 'NONE',  #4586 ) ;
#2406 = VERTEX_POINT ( 'NONE', #9085 ) ;
#2407 = AXIS2_PLACEMENT_3D ( 'NONE', #2632, #6429, #6326 ) ;
#2408 = ORIENTED_EDGE ( 'NONE', *, *, #1152, .T. ) ;
#2409 = EDGE_CURVE ( 'NONE', #1400, #8394, #7883, .T. ) ;
#2410 = VECTOR ( 'NONE', #2008, 1000.000000000000000 ) ;
#2411 = EDGE_CURVE ( 'NONE', #6589, #9401, #9468, .T. ) ;
#2412 = EDGE_LOOP ( 'NONE', ( #5253, #6651, #8222, #5183, #5651, #9142, #6499, #9690, #5520, #8751, #8032, #6183, #5002, #8051, #9442, #8307, #9510, #5422, #9361, #7663, #9353, #7995, #3926, #3687 ) ) ;
#2413 = ORIENTED_EDGE ( 'NONE', *, *, #6095, .T. ) ;
#2414 = ORIENTED_EDGE ( 'NONE', *, *, #2566, .F. ) ;
#2415 = ORIENTED_EDGE ( 'NONE', *, *, #8016, .T. ) ;
#2416 = LINE ( 'NONE', #7709, #2227 ) ;
#2417 = ORIENTED_EDGE ( 'NONE', *, *, #5041, .F. ) ;
#2418 = DIRECTION ( 'NONE',  ( -1.000000000000000000, 0.000000000000000000, 0.000000000000000000 ) ) ;
#2419 = DIRECTION ( 'NONE',  ( -1.000000000000000000, -6.162975822039152677E-33, -1.232595164407830946E-32 ) ) ;
#2420 = CARTESIAN_POINT ( 'NONE',  ( -8725.000000000000000, 739.9999999999984084, -4241.944871367028099 ) ) ;
#2421 = CIRCLE ( 'NONE', #9425, 172.2649730022416747 ) ;
#2422 = LINE ( 'NONE', #4837, #7033 ) ;
#2423 = VECTOR ( 'NONE', #5937, 1000.000000000000000 ) ;
#2424 = ORIENTED_EDGE ( 'NONE', *, *, #715, .F. ) ;
#2425 = VERTEX_POINT ( 'NONE', #9192 ) ;
#2426 = CARTESIAN_POINT ( 'NONE',  ( -12800.00000000000000, -740.0000000000011369, -960.0000000000002274 ) ) ;
#2427 = AXIS2_PLACEMENT_3D ( 'NONE', #837, #6988, #6934 ) ;
#2428 = VECTOR ( 'NONE', #7186, 1000.000000000000114 ) ;
#2429 = ORIENTED_EDGE ( 'NONE', *, *, #4819, .F. ) ;
#2430 = SURFACE_STYLE_USAGE ( .BOTH. , #5609 ) ;
#2431 = LINE ( 'NONE', #6918, #7991 ) ;
#2432 = EDGE_CURVE ( 'NONE', #1032, #9454, #2307, .T. ) ;
#2433 = EDGE_LOOP ( 'NONE', ( #6414, #7451, #5202, #2601 ) ) ;
#2434 = ORIENTED_EDGE ( 'NONE', *, *, #1023, .T. ) ;
#2435 = EDGE_LOOP ( 'NONE', ( #1175, #2146, #7913, #9674 ) ) ;
#2436 = CARTESIAN_POINT ( 'NONE',  ( -18500.00000000000000, 875.0000000000000000, -1060.000000000000000 ) ) ;
#2437 = CARTESIAN_POINT ( 'NONE',  ( -2349.999999999999545, 899.9999999999998863, -910.0000000000001137 ) ) ;
#2438 = PLANE ( 'NONE',  #5896 ) ;
#2439 = DIRECTION ( 'NONE',  ( -6.162975822039157467E-33, 1.000000000000000000, 2.775557561563032360E-16 ) ) ;
#2440 = FACE_OUTER_BOUND ( 'NONE', #253, .T. ) ;
#2441 = EDGE_CURVE ( 'NONE', #8829, #3088, #6696, .T. ) ;
#2442 = ADVANCED_FACE ( 'NONE', ( #3791 ), #5402, .F. ) ;
#2443 = CARTESIAN_POINT ( 'NONE',  ( -11499.99999999997999, -295.9385695031828050, -504.9802145985046309 ) ) ;
#2444 = EDGE_CURVE ( 'NONE', #6834, #2939, #8996, .T. ) ;
#2445 = CARTESIAN_POINT ( 'NONE',  ( -14338.65743636097613, -896.2284449665696684, -757.0854464784603124 ) ) ;
#2446 = DIRECTION ( 'NONE',  ( 1.000000000000000000, 0.000000000000000000, 6.245004513516500018E-15 ) ) ;
#2447 = VERTEX_POINT ( 'NONE', #9810 ) ;
#2448 = CARTESIAN_POINT ( 'NONE',  ( -13250.00000000000000, -278.9021535255452022, -725.0000000000053433 ) ) ;
#2449 = CARTESIAN_POINT ( 'NONE',  ( -10637.50000000000000, 739.9999999999984084, -4241.944871367028099 ) ) ;
#2450 = DIRECTION ( 'NONE',  ( -0.000000000000000000, 0.000000000000000000, 1.000000000000000000 ) ) ;
#2451 = CARTESIAN_POINT ( 'NONE',  ( -11661.34256363902023, 1077.499998843224375, -757.0854464784595166 ) ) ;
#2452 = CIRCLE ( 'NONE', #8028, 250.0000000000000000 ) ;
#2453 = DIRECTION ( 'NONE',  ( -6.162975822039157467E-33, 1.000000000000000000, 2.775557561563032360E-16 ) ) ;
#2454 = DIRECTION ( 'NONE',  ( 0.2686233364777642074, -0.9632452974707709226, 0.000000000000000000 ) ) ;
#2455 = CARTESIAN_POINT ( 'NONE',  ( -1949.999999999999773, -739.9999999999984084, -1135.000000000000227 ) ) ;
#2456 = EDGE_CURVE ( 'NONE', #619, #834, #6854, .T. ) ;
#2457 = VERTEX_POINT ( 'NONE', #4378 ) ;
#2458 = DIRECTION ( 'NONE',  ( -1.232595164407830672E-32, -2.775557561563032360E-16, 1.000000000000000000 ) ) ;
#2459 = ORIENTED_EDGE ( 'NONE', *, *, #1199, .T. ) ;
#2460 = CIRCLE ( 'NONE', #7728, 6000.000000000000000 ) ;
#2461 = VERTEX_POINT ( 'NONE', #1449 ) ;
#2462 = ORIENTED_EDGE ( 'NONE', *, *, #4801, .F. ) ;
#2463 = ORIENTED_EDGE ( 'NONE', *, *, #6110, .T. ) ;
#2464 = CARTESIAN_POINT ( 'NONE',  ( -17903.58983848622665, -989.9999999999984084, -960.0000000000000000 ) ) ;
#2465 = VERTEX_POINT ( 'NONE', #5347 ) ;
#2466 = PLANE ( 'NONE',  #2545 ) ;
#2467 = DIRECTION ( 'NONE',  ( 1.000000000000000000, 0.000000000000000000, 0.000000000000000000 ) ) ;
#2468 = CARTESIAN_POINT ( 'NONE',  ( -14299.99999999999818, -1970.627566330085756, -637.0854464784596303 ) ) ;
#2469 = FACE_OUTER_BOUND ( 'NONE', #5102, .T. ) ;
#2470 = ADVANCED_FACE ( 'NONE', ( #7547, #689 ), #8456, .T. ) ;
#2471 = VECTOR ( 'NONE', #2606, 1000.000000000000114 ) ;
#2472 = EDGE_LOOP ( 'NONE', ( #5898, #76, #5913, #745 ) ) ;
#2473 = EDGE_CURVE ( 'NONE', #7956, #1400, #8343, .T. ) ;
#2474 = LINE ( 'NONE', #3203, #1714 ) ;
#2475 = CARTESIAN_POINT ( 'NONE',  ( -12923.68347295909734, 989.9999999999984084, -6660.000000000000000 ) ) ;
#2476 = ORIENTED_EDGE ( 'NONE', *, *, #8906, .T. ) ;
#2477 = AXIS2_PLACEMENT_3D ( 'NONE', #6436, #4121, #7985 ) ;
#2478 = ORIENTED_EDGE ( 'NONE', *, *, #8288, .T. ) ;
#2479 = PLANE ( 'NONE',  #4301 ) ;
#2480 = ORIENTED_EDGE ( 'NONE', *, *, #3694, .F. ) ;
#2481 = VERTEX_POINT ( 'NONE', #1498 ) ;
#2482 = ORIENTED_EDGE ( 'NONE', *, *, #285, .T. ) ;
#2483 = LINE ( 'NONE', #4066, #1273 ) ;
#2484 = LINE ( 'NONE', #6321, #7959 ) ;
#2485 = FACE_OUTER_BOUND ( 'NONE', #4753, .T. ) ;
#2486 = CARTESIAN_POINT ( 'NONE',  ( -18500.00000000000000, -875.0000000000000000, -1060.000000000000000 ) ) ;
#2487 = DIRECTION ( 'NONE',  ( 0.000000000000000000, 0.000000000000000000, 1.000000000000000000 ) ) ;
#2488 = FACE_OUTER_BOUND ( 'NONE', #1895, .T. ) ;
#2489 = CARTESIAN_POINT ( 'NONE',  ( -13899.99999999999818, -1054.999999999997726, -919.9999999999985221 ) ) ;
#2490 = ADVANCED_FACE ( 'NONE', ( #9913, #7601 ), #8391, .F. ) ;
#2491 = DIRECTION ( 'NONE',  ( 0.000000000000000000, 0.000000000000000000, 1.000000000000000000 ) ) ;
#2492 = EDGE_CURVE ( 'NONE', #347, #9418, #7866, .T. ) ;
#2493 = VERTEX_POINT ( 'NONE', #5547 ) ;
#2494 = PLANE ( 'NONE',  #7454 ) ;
#2495 = CARTESIAN_POINT ( 'NONE',  ( -13856.59988046646504, 1077.499998843224375, -637.0854464784587208 ) ) ;
#2496 = DIRECTION ( 'NONE',  ( 0.000000000000000000, 0.000000000000000000, 1.000000000000000000 ) ) ;
#2497 = DIRECTION ( 'NONE',  ( -1.000000000000000000, 0.000000000000000000, 0.000000000000000000 ) ) ;
#2498 = DIRECTION ( 'NONE',  ( -0.9848077530122075762, 4.819705125750964784E-17, -0.1736481776669329402 ) ) ;
#2499 = ORIENTED_EDGE ( 'NONE', *, *, #3897, .F. ) ;
#2500 = ORIENTED_EDGE ( 'NONE', *, *, #1394, .F. ) ;
#2501 = EDGE_CURVE ( 'NONE', #5775, #7764, #287, .T. ) ;
#2502 = ORIENTED_EDGE ( 'NONE', *, *, #7926, .F. ) ;
#2503 = ORIENTED_EDGE ( 'NONE', *, *, #7840, .F. ) ;
#2504 = CARTESIAN_POINT ( 'NONE',  ( -13965.57253896063776, -1190.000000000002728, -751.1534819267449166 ) ) ;
#2505 = EDGE_LOOP ( 'NONE', ( #655, #6162, #8466, #5442 ) ) ;
#2506 = ADVANCED_FACE ( 'NONE', ( #4008 ), #4054, .F. ) ;
#2507 = CARTESIAN_POINT ( 'NONE',  ( 0.000000000000000000, 875.0000000000000000, -980.0000000000001137 ) ) ;
#2508 = DIRECTION ( 'NONE',  ( 1.000000000000000000, 6.162975822039151993E-33, 1.232595164407830946E-32 ) ) ;
#2509 = DIRECTION ( 'NONE',  ( -1.426102104458186769E-16, 1.000000000000000000, 0.000000000000000000 ) ) ;
#2510 = CARTESIAN_POINT ( 'NONE',  ( 588.6859966642593918, 875.0000000000000000, -1060.000000000000000 ) ) ;
#2511 = VECTOR ( 'NONE', #3095, 1000.000000000000000 ) ;
#2512 = VERTEX_POINT ( 'NONE', #5646 ) ;
#2513 = VERTEX_POINT ( 'NONE', #8651 ) ;
#2514 = CARTESIAN_POINT ( 'NONE',  ( -18153.58983848622665, -739.9999999999984084, -1135.000000000000227 ) ) ;
#2515 = VECTOR ( 'NONE', #1747, 1000.000000000000000 ) ;
#2516 = EDGE_CURVE ( 'NONE', #896, #6946, #9305, .T. ) ;
#2517 = EDGE_CURVE ( 'NONE', #8646, #3900, #1045, .T. ) ;
#2518 = ORIENTED_EDGE ( 'NONE', *, *, #8304, .F. ) ;
#2519 = DIRECTION ( 'NONE',  ( 1.000000000000000000, 0.000000000000000000, 0.000000000000000000 ) ) ;
#2520 = VECTOR ( 'NONE', #2090, 1000.000000000000000 ) ;
#2521 = ORIENTED_EDGE ( 'NONE', *, *, #4933, .T. ) ;
#2522 = ORIENTED_EDGE ( 'NONE', *, *, #6346, .T. ) ;
#2523 = EDGE_CURVE ( 'NONE', #6252, #4842, #1608, .T. ) ;
#2524 = ORIENTED_EDGE ( 'NONE', *, *, #9212, .T. ) ;
#2525 = ORIENTED_EDGE ( 'NONE', *, *, #7299, .T. ) ;
#2526 = DIRECTION ( 'NONE',  ( 0.000000000000000000, 0.000000000000000000, 1.000000000000000000 ) ) ;
#2527 = AXIS2_PLACEMENT_3D ( 'NONE', #2140, #2798, #7589 ) ;
#2528 = ORIENTED_EDGE ( 'NONE', *, *, #5537, .F. ) ;
#2529 = LINE ( 'NONE', #8532, #8437 ) ;
#2530 = DIRECTION ( 'NONE',  ( 1.000000000000000000, 0.000000000000000000, -0.000000000000000000 ) ) ;
#2531 = AXIS2_PLACEMENT_3D ( 'NONE', #6620, #9533, #4175 ) ;
#2532 = CARTESIAN_POINT ( 'NONE',  ( -1949.999999999999773, 989.9999999999984084, -4241.944871367028099 ) ) ;
#2533 = CARTESIAN_POINT ( 'NONE',  ( -13604.79991371806136, 921.2864145885208700, -960.0000000000002274 ) ) ;
#2534 = LINE ( 'NONE', #8537, #4143 ) ;
#2535 = CARTESIAN_POINT ( 'NONE',  ( -19088.68599666425871, 875.0000000000000000, -1060.000000000000000 ) ) ;
#2536 = AXIS2_PLACEMENT_3D ( 'NONE', #7403, #4209, #541 ) ;
#2537 = AXIS2_PLACEMENT_3D ( 'NONE', #8429, #1582, #5383 ) ;
#2538 = ORIENTED_EDGE ( 'NONE', *, *, #4800, .T. ) ;
#2539 = LINE ( 'NONE', #5723, #3322 ) ;
#2540 = CARTESIAN_POINT ( 'NONE',  ( -12750.00000000000000, 899.9999999999986358, -350.9999999999985221 ) ) ;
#2541 = CARTESIAN_POINT ( 'NONE',  ( -14325.91444772089744, -898.7388418281769873, -759.3323791905673943 ) ) ;
#2542 = DIRECTION ( 'NONE',  ( -0.9848077530122092416, 0.000000000000000000, 0.1736481776669237531 ) ) ;
#2543 = DIRECTION ( 'NONE',  ( 0.000000000000000000, 1.000000000000000000, 0.000000000000000000 ) ) ;
#2544 = CIRCLE ( 'NONE', #7168, 250.0000000000000000 ) ;
#2545 = AXIS2_PLACEMENT_3D ( 'NONE', #6303, #9446, #8557 ) ;
#2546 = CARTESIAN_POINT ( 'NONE',  ( 0.000000000000000000, 875.0000000000000000, -1060.000000000000000 ) ) ;
#2547 = VERTEX_POINT ( 'NONE', #7144 ) ;
#2548 = AXIS2_PLACEMENT_3D ( 'NONE', #8492, #1028, #5627 ) ;
#2549 = EDGE_CURVE ( 'NONE', #854, #8848, #6921, .T. ) ;
#2550 = CARTESIAN_POINT ( 'NONE',  ( -5576.316527040900837, 1189.999999999998408, -660.0000000000010232 ) ) ;
#2551 = VECTOR ( 'NONE', #1790, 1000.000000000000000 ) ;
#2552 = ORIENTED_EDGE ( 'NONE', *, *, #2473, .T. ) ;
#2553 = VERTEX_POINT ( 'NONE', #3198 ) ;
#2554 = EDGE_LOOP ( 'NONE', ( #5641, #3661, #2015, #1207 ) ) ;
#2555 = CARTESIAN_POINT ( 'NONE',  ( -19088.68599666425871, 875.0000000000000000, -1140.000000000000227 ) ) ;
#2556 = ORIENTED_EDGE ( 'NONE', *, *, #1994, .T. ) ;
#2557 = LINE ( 'NONE', #9347, #8914 ) ;
#2558 = AXIS2_PLACEMENT_3D ( 'NONE', #8362, #6124, #1467 ) ;
#2559 = LINE ( 'NONE', #947, #9140 ) ;
#2560 = AXIS2_PLACEMENT_3D ( 'NONE', #5033, #8654, #4936 ) ;
#2561 = DIRECTION ( 'NONE',  ( -0.000000000000000000, 0.000000000000000000, 1.000000000000000000 ) ) ;
#2562 = AXIS2_PLACEMENT_3D ( 'NONE', #8716, #5671, #4901 ) ;
#2563 = DIRECTION ( 'NONE',  ( -0.000000000000000000, -0.000000000000000000, -1.000000000000000000 ) ) ;
#2564 = EDGE_CURVE ( 'NONE', #1842, #3088, #6352, .T. ) ;
#2565 = EDGE_LOOP ( 'NONE', ( #9260, #2697, #74, #1533 ) ) ;
#2566 = EDGE_CURVE ( 'NONE', #4448, #461, #7005, .T. ) ;
#2567 = EDGE_CURVE ( 'NONE', #4858, #4787, #2559, .T. ) ;
#2569 = ORIENTED_EDGE ( 'NONE', *, *, #1012, .T. ) ;
#2568 = VECTOR ( 'NONE', #3097, 1000.000000000000000 ) ;
#2570 = DIRECTION ( 'NONE',  ( 1.232595164407830672E-32, 2.775557561563032360E-16, -1.000000000000000000 ) ) ;
#2571 = ORIENTED_EDGE ( 'NONE', *, *, #4598, .F. ) ;
#2572 = AXIS2_PLACEMENT_3D ( 'NONE', #6117, #5517, #106 ) ;
#2573 = AXIS2_PLACEMENT_3D ( 'NONE', #5838, #2797, #483 ) ;
#2574 = DIRECTION ( 'NONE',  ( 1.000000000000000000, 0.000000000000000000, 0.000000000000000000 ) ) ;
#2575 = APPLICATION_CONTEXT ( 'automotive_design' ) ;
#2576 = EDGE_CURVE ( 'NONE', #6318, #9047, #7813, .T. ) ;
#2577 = VECTOR ( 'NONE', #7809, 1000.000000000000000 ) ;
#2578 = ADVANCED_FACE ( 'NONE', ( #7060 ), #9395, .F. ) ;
#2579 = ORIENTED_EDGE ( 'NONE', *, *, #6942, .T. ) ;
#2580 = CIRCLE ( 'NONE', #7207, 250.0000000000000000 ) ;
#2581 = ORIENTED_EDGE ( 'NONE', *, *, #6582, .F. ) ;
#2582 = EDGE_LOOP ( 'NONE', ( #1553, #3050, #9312, #2303 ) ) ;
#2583 = ORIENTED_EDGE ( 'NONE', *, *, #2915, .T. ) ;
#2584 = DIRECTION ( 'NONE',  ( -1.232595164407830672E-32, -2.775557561563032360E-16, 1.000000000000000000 ) ) ;
#2585 = FACE_OUTER_BOUND ( 'NONE', #7054, .T. ) ;
#2586 = DIRECTION ( 'NONE',  ( 1.000000000000000000, 0.000000000000000000, 0.000000000000000000 ) ) ;
#2587 = DIRECTION ( 'NONE',  ( 1.000000000000000000, 0.000000000000000000, 0.000000000000000000 ) ) ;
#2588 = DIRECTION ( 'NONE',  ( -6.162975822039157467E-33, 1.000000000000000000, 2.775557561563032360E-16 ) ) ;
#2589 = CARTESIAN_POINT ( 'NONE',  ( -2349.999999999999545, 739.9999999999984084, -960.0000000000002274 ) ) ;
#2590 = EDGE_CURVE ( 'NONE', #6763, #5540, #5467, .T. ) ;
#2591 = ADVANCED_FACE ( 'NONE', ( #7767 ), #900, .T. ) ;
#2592 = CARTESIAN_POINT ( 'NONE',  ( -14299.99999999999818, -814.9999999999974989, -306.2059048389990039 ) ) ;
#2593 = FACE_OUTER_BOUND ( 'NONE', #6147, .T. ) ;
#2594 = PLANE ( 'NONE',  #3384 ) ;
#2595 = CARTESIAN_POINT ( 'NONE',  ( -11411.43189860506209, 747.0986934586334201, -637.0854464784588345 ) ) ;
#2596 = CARTESIAN_POINT ( 'NONE',  ( -14588.56810139493791, -877.4999988432243754, -757.0854464784603124 ) ) ;
#2597 = DIRECTION ( 'NONE',  ( 0.000000000000000000, 0.000000000000000000, 1.000000000000000000 ) ) ;
#2598 = VERTEX_POINT ( 'NONE', #198 ) ;
#2599 = DIRECTION ( 'NONE',  ( 0.000000000000000000, 0.000000000000000000, -1.000000000000000000 ) ) ;
#2600 = DIRECTION ( 'NONE',  ( 2.376075833082705998E-33, -0.9581400679044367319, 0.2862998607685330321 ) ) ;
#2601 = ORIENTED_EDGE ( 'NONE', *, *, #3660, .T. ) ;
#2602 = ORIENTED_EDGE ( 'NONE', *, *, #8659, .T. ) ;
#2603 = DIRECTION ( 'NONE',  ( -0.000000000000000000, -0.000000000000000000, -1.000000000000000000 ) ) ;
#2604 = ORIENTED_EDGE ( 'NONE', *, *, #1110, .F. ) ;
#2605 = DIRECTION ( 'NONE',  ( -1.000000000000000000, -6.162975822039152677E-33, -1.232595164407830946E-32 ) ) ;
#2606 = DIRECTION ( 'NONE',  ( -9.433912312161293108E-33, 0.9581400679044365098, 0.2862998607685335872 ) ) ;
#2607 = CARTESIAN_POINT ( 'NONE',  ( -14156.10001622140953, -732.4719190560189190, -589.9999999999970441 ) ) ;
#2608 = FACE_OUTER_BOUND ( 'NONE', #8197, .T. ) ;
#2609 = CARTESIAN_POINT ( 'NONE',  ( -16150.00000000000182, -800.0000000000000000, -910.0000000000001137 ) ) ;
#2610 = ORIENTED_EDGE ( 'NONE', *, *, #5440, .F. ) ;
#2611 = DIRECTION ( 'NONE',  ( 0.000000000000000000, -1.000000000000000000, 0.000000000000000000 ) ) ;
#2612 = ORIENTED_EDGE ( 'NONE', *, *, #5068, .T. ) ;
#2613 = VERTEX_POINT ( 'NONE', #5598 ) ;
#2614 = EDGE_CURVE ( 'NONE', #943, #3785, #4789, .T. ) ;
#2615 = EDGE_CURVE ( 'NONE', #1441, #2809, #4836, .T. ) ;
#2616 = EDGE_CURVE ( 'NONE', #5231, #4991, #239, .T. ) ;
#2617 = CONTEXT_DEPENDENT_SHAPE_REPRESENTATION ( #9002, #1572 ) ;
#2618 = VECTOR ( 'NONE', #2509, 1000.000000000000000 ) ;
#2619 = EDGE_LOOP ( 'NONE', ( #374, #4059, #267, #1118 ) ) ;
#2620 = CARTESIAN_POINT ( 'NONE',  ( 588.6859966642593918, 875.0000000000000000, -1210.000000000000000 ) ) ;
#2621 = VECTOR ( 'NONE', #3416, 1000.000000000000000 ) ;
#2622 = ORIENTED_EDGE ( 'NONE', *, *, #5314, .F. ) ;
#2623 = ORIENTED_EDGE ( 'NONE', *, *, #772, .T. ) ;
#2624 = VERTEX_POINT ( 'NONE', #8002 ) ;
#2625 = DIRECTION ( 'NONE',  ( -0.2686233364777642629, 0.9632452974707709226, 0.000000000000000000 ) ) ;
#2626 = EDGE_CURVE ( 'NONE', #1817, #3723, #4197, .T. ) ;
#2627 = EDGE_CURVE ( 'NONE', #5664, #6801, #9694, .T. ) ;
#2628 = CARTESIAN_POINT ( 'NONE',  ( -11499.99999999997999, -699.9999999999986358, -623.2943698956134995 ) ) ;
#2629 = DIRECTION ( 'NONE',  ( -0.000000000000000000, 1.000000000000000000, -0.000000000000000000 ) ) ;
#2630 = DIRECTION ( 'NONE',  ( 1.000000000000000000, 6.162975822039151993E-33, 1.232595164407830946E-32 ) ) ;
#2631 = DIRECTION ( 'NONE',  ( 1.000000000000000000, 6.162975822039151993E-33, 1.232595164407830946E-32 ) ) ;
#2632 = CARTESIAN_POINT ( 'NONE',  ( -12100.00000000000182, -814.9999999999972715, -909.9999999999987494 ) ) ;
#2633 = CARTESIAN_POINT ( 'NONE',  ( -16650.00000000000364, 211.4982215127146787, -960.0000000000002274 ) ) ;
#2634 = VERTEX_POINT ( 'NONE', #4140 ) ;
#2635 = DIRECTION ( 'NONE',  ( -1.000000000000000000, -6.162975822039151993E-33, -1.232595164407830946E-32 ) ) ;
#2636 = EDGE_CURVE ( 'NONE', #9261, #7531, #7203, .T. ) ;
#2637 = CARTESIAN_POINT ( 'NONE',  ( -16550.00000000000000, 311.4982215127146787, -960.0000000000002274 ) ) ;
#2638 = ADVANCED_FACE ( 'NONE', ( #3386 ), #8089, .F. ) ;
#2639 = CARTESIAN_POINT ( 'NONE',  ( -5399.999999999998181, 750.6144545436229691, -960.0000000000002274 ) ) ;
#2640 = DIRECTION ( 'NONE',  ( -0.000000000000000000, 0.000000000000000000, 1.000000000000000000 ) ) ;
#2641 = DIRECTION ( 'NONE',  ( -1.432545838226008399E-17, 1.000000000000000000, 0.000000000000000000 ) ) ;
#2642 = ORIENTED_EDGE ( 'NONE', *, *, #5097, .T. ) ;
#2643 = DIRECTION ( 'NONE',  ( -0.2686233364777637633, 0.9632452974707710336, 0.000000000000000000 ) ) ;
#2644 = ORIENTED_EDGE ( 'NONE', *, *, #1035, .F. ) ;
#2645 = ORIENTED_EDGE ( 'NONE', *, *, #4546, .T. ) ;
#2646 = EDGE_CURVE ( 'NONE', #299, #3156, #8884, .T. ) ;
#2647 = ORIENTED_EDGE ( 'NONE', *, *, #8501, .T. ) ;
#2648 = FACE_BOUND ( 'NONE', #4494, .T. ) ;
#2649 = DIRECTION ( 'NONE',  ( -0.000000000000000000, 0.000000000000000000, 1.000000000000000000 ) ) ;
#2650 = DIRECTION ( 'NONE',  ( 1.000000000000000000, 0.000000000000000000, 0.000000000000000000 ) ) ;
#2651 = CARTESIAN_POINT ( 'NONE',  ( -14500.00000000002001, 190.0000000000006821, -623.7872381793342811 ) ) ;
#2652 = EDGE_CURVE ( 'NONE', #3131, #778, #3888, .T. ) ;
#2653 = ORIENTED_EDGE ( 'NONE', *, *, #8367, .F. ) ;
#2654 = CARTESIAN_POINT ( 'NONE',  ( -12320.00000000000000, -1077.499998843224603, -239.9999999999985505 ) ) ;
#2655 = DIRECTION ( 'NONE',  ( 1.426102104458186769E-16, 1.000000000000000000, 0.000000000000000000 ) ) ;
#2656 = ORIENTED_EDGE ( 'NONE', *, *, #4115, .T. ) ;
#2657 = DIRECTION ( 'NONE',  ( 0.000000000000000000, -0.000000000000000000, -1.000000000000000000 ) ) ;
#2658 = SHAPE_REPRESENTATION ( 'FlatWagon_60ft_MoreDetailed', ( #1102, #8912, #6216, #130 ), #2390 ) ;
#2659 = EDGE_LOOP ( 'NONE', ( #6948, #2415, #6845, #7635, #6691, #8933, #5145, #2622 ) ) ;
#2660 = ORIENTED_EDGE ( 'NONE', *, *, #7717, .F. ) ;
#2661 = AXIS2_PLACEMENT_3D ( 'NONE', #5807, #7396, #8853 ) ;
#2662 = CONTEXT_DEPENDENT_SHAPE_REPRESENTATION ( #7877, #8351 ) ;
#2663 = ORIENTED_EDGE ( 'NONE', *, *, #1465, .T. ) ;
#2664 = CARTESIAN_POINT ( 'NONE',  ( -14156.10001622140953, 176.9719203373657592, -350.9999999999987494 ) ) ;
#2665 = AXIS2_PLACEMENT_3D ( 'NONE', #6674, #5926, #3126 ) ;
#2666 = EDGE_LOOP ( 'NONE', ( #60, #1515, #2326, #3051 ) ) ;
#2667 = ORIENTED_EDGE ( 'NONE', *, *, #5623, .T. ) ;
#2668 = ORIENTED_EDGE ( 'NONE', *, *, #8288, .F. ) ;
#2669 = DIRECTION ( 'NONE',  ( -0.000000000000000000, -0.000000000000000000, -1.000000000000000000 ) ) ;
#2670 = VERTEX_POINT ( 'NONE', #1947 ) ;
#2671 = VECTOR ( 'NONE', #6623, 1000.000000000000114 ) ;
#2672 = CARTESIAN_POINT ( 'NONE',  ( -14619.74851850929372, -1189.999999999998181, -1009.999999999997158 ) ) ;
#2673 = DIRECTION ( 'NONE',  ( 1.000000000000000000, 0.000000000000000000, 0.000000000000000000 ) ) ;
#2674 = VECTOR ( 'NONE', #4574, 1000.000000000000000 ) ;
#2675 = CARTESIAN_POINT ( 'NONE',  ( -11411.43189860506209, 877.4999988432243754, -637.0854464784588345 ) ) ;
#2676 = DIRECTION ( 'NONE',  ( -0.000000000000000000, 0.000000000000000000, 1.000000000000000000 ) ) ;
#2677 = DIRECTION ( 'NONE',  ( -1.232595164407830672E-32, -2.775557561563032360E-16, 1.000000000000000000 ) ) ;
#2678 = EDGE_CURVE ( 'NONE', #8982, #7244, #8990, .T. ) ;
#2679 = EDGE_CURVE ( 'NONE', #1852, #3192, #3536, .T. ) ;
#2680 = CARTESIAN_POINT ( 'NONE',  ( -3866.957084846028920, 1189.999999999998408, -868.8465180732547424 ) ) ;
#2681 = AXIS2_PLACEMENT_3D ( 'NONE', #9354, #99, #3151 ) ;
#2682 = ORIENTED_EDGE ( 'NONE', *, *, #9710, .F. ) ;
#2683 = DIRECTION ( 'NONE',  ( 1.000000000000000000, 6.162975822039151993E-33, 1.232595164407830946E-32 ) ) ;
#2684 = DIRECTION ( 'NONE',  ( 1.232595164407830672E-32, 2.775557561563032360E-16, -1.000000000000000000 ) ) ;
#2685 = CARTESIAN_POINT ( 'NONE',  ( -11687.50000000000000, 989.9999999999984084, -960.0000000000002274 ) ) ;
#2686 = CARTESIAN_POINT ( 'NONE',  ( -13499.99999999999818, 899.9999999999986358, -637.0854464784587208 ) ) ;
#2687 = DIRECTION ( 'NONE',  ( 6.162975822039156098E-33, -1.000000000000000000, -2.775557561563032360E-16 ) ) ;
#2688 = CARTESIAN_POINT ( 'NONE',  ( 0.000000000000000000, 0.000000000000000000, -960.0000000000002274 ) ) ;
#2689 = VERTEX_POINT ( 'NONE', #5691 ) ;
#2690 = LINE ( 'NONE', #375, #9611 ) ;
#2691 = AXIS2_PLACEMENT_3D ( 'NONE', #7972, #446, #9568 ) ;
#2692 = EDGE_CURVE ( 'NONE', #2722, #742, #4828, .T. ) ;
#2693 = CARTESIAN_POINT ( 'NONE',  ( -18053.58983848622665, -311.4982215127147924, -960.0000000000000000 ) ) ;
#2694 = VERTEX_POINT ( 'NONE', #1147 ) ;
#2695 = ORIENTED_EDGE ( 'NONE', *, *, #7685, .F. ) ;
#2696 = PLANE ( 'NONE',  #963 ) ;
#2697 = ORIENTED_EDGE ( 'NONE', *, *, #3912, .F. ) ;
#2698 = LINE ( 'NONE', #1337, #3777 ) ;
#2699 = ORIENTED_EDGE ( 'NONE', *, *, #9745, .T. ) ;
#2700 = DIRECTION ( 'NONE',  ( 0.9632452974707709226, -0.2686233364777642074, 0.000000000000000000 ) ) ;
#2701 = CARTESIAN_POINT ( 'NONE',  ( -16550.00000000000000, -211.4982215127146787, -960.0000000000002274 ) ) ;
#2702 =( GEOMETRIC_REPRESENTATION_CONTEXT ( 3 ) GLOBAL_UNCERTAINTY_ASSIGNED_CONTEXT ( ( #3076 ) ) GLOBAL_UNIT_ASSIGNED_CONTEXT ( ( #8470, #8613, #104 ) ) REPRESENTATION_CONTEXT ( 'NONE', 'WORKASPACE' ) );
#2703 = AXIS2_PLACEMENT_3D ( 'NONE', #3602, #7266, #6514 ) ;
#2704 = DIRECTION ( 'NONE',  ( 1.000000000000000000, 0.000000000000000000, 0.000000000000000000 ) ) ;
#2705 = VECTOR ( 'NONE', #4215, 1000.000000000000000 ) ;
#2706 = LINE ( 'NONE', #1048, #2217 ) ;
#2707 = ORIENTED_EDGE ( 'NONE', *, *, #754, .T. ) ;
#2708 = CARTESIAN_POINT ( 'NONE',  ( -11880.00000000000182, 1970.627566330085529, -239.9999999999976694 ) ) ;
#2709 = EDGE_CURVE ( 'NONE', #496, #9509, #4187, .T. ) ;
#2710 = EDGE_LOOP ( 'NONE', ( #9467, #1899, #4525, #3383, #8561, #1009, #1710, #5700 ) ) ;
#2711 = AXIS2_PLACEMENT_3D ( 'NONE', #4316, #9484, #7982 ) ;
#2712 = VECTOR ( 'NONE', #5648, 1000.000000000000000 ) ;
#2713 = CARTESIAN_POINT ( 'NONE',  ( -14388.56810139493609, 877.4999988432243754, -909.9999999999982947 ) ) ;
#2714 = VECTOR ( 'NONE', #9220, 1000.000000000000000 ) ;
#2715 = AXIS2_PLACEMENT_3D ( 'NONE', #9625, #4810, #7888 ) ;
#2716 = VECTOR ( 'NONE', #8153, 1000.000000000000000 ) ;
#2717 = ORIENTED_EDGE ( 'NONE', *, *, #8907, .F. ) ;
#2718 = AXIS2_PLACEMENT_3D ( 'NONE', #4051, #3091, #6255 ) ;
#2719 = ORIENTED_EDGE ( 'NONE', *, *, #6224, .F. ) ;
#2720 = AXIS2_PLACEMENT_3D ( 'NONE', #6089, #5985, #2889 ) ;
#2721 = ORIENTED_EDGE ( 'NONE', *, *, #983, .T. ) ;
#2722 = VERTEX_POINT ( 'NONE', #6491 ) ;
#2723 = DIRECTION ( 'NONE',  ( -6.162975822039157467E-33, 1.000000000000000000, 3.301729611148415602E-16 ) ) ;
#2724 = ORIENTED_EDGE ( 'NONE', *, *, #3444, .F. ) ;
#2725 = FACE_OUTER_BOUND ( 'NONE', #7820, .T. ) ;
#2726 = DIRECTION ( 'NONE',  ( 0.000000000000000000, -0.9854601157443478865, -0.1699069165076472210 ) ) ;
#2727 = AXIS2_PLACEMENT_3D ( 'NONE', #7261, #8107, #7353 ) ;
#2728 = CARTESIAN_POINT ( 'NONE',  ( -1949.999999999999773, 800.0000000000000000, -910.0000000000001137 ) ) ;
#2729 = LINE ( 'NONE', #5772, #3208 ) ;
#2730 = CARTESIAN_POINT ( 'NONE',  ( -18153.58983848622665, 989.9999999999984084, -960.0000000000002274 ) ) ;
#2731 = VECTOR ( 'NONE', #216, 1000.000000000000000 ) ;
#2732 = DIRECTION ( 'NONE',  ( -6.162975822039157467E-33, 1.000000000000000000, 3.301729611148415602E-16 ) ) ;
#2733 = AXIS2_PLACEMENT_3D ( 'NONE', #8942, #3377, #4864 ) ;
#2734 = ORIENTED_EDGE ( 'NONE', *, *, #1157, .T. ) ;
#2735 = CARTESIAN_POINT ( 'NONE',  ( -12143.40011953353496, 1077.499998843224375, -637.0854464784587208 ) ) ;
#2736 = DIRECTION ( 'NONE',  ( 0.9632452974707709226, -0.2686233364777642629, -0.000000000000000000 ) ) ;
#2737 = EDGE_CURVE ( 'NONE', #870, #982, #8793, .T. ) ;
#2738 = CARTESIAN_POINT ( 'NONE',  ( -13899.99999999999818, 1054.999999999997272, -539.9999999999978400 ) ) ;
#2739 = EDGE_CURVE ( 'NONE', #4335, #7997, #1192, .T. ) ;
#2740 = EDGE_CURVE ( 'NONE', #4127, #3531, #9318, .T. ) ;
#2741 = CARTESIAN_POINT ( 'NONE',  ( -15900.00000000000182, 989.9999999999984084, -960.0000000000002274 ) ) ;
#2742 = CARTESIAN_POINT ( 'NONE',  ( -10887.50000000000000, 989.9999999999984084, -960.0000000000002274 ) ) ;
#2743 = DIRECTION ( 'NONE',  ( 0.000000000000000000, -0.000000000000000000, -1.000000000000000000 ) ) ;
#2745 = CYLINDRICAL_SURFACE ( 'NONE', #2854, 6000.000000000000000 ) ;
#2744 = CIRCLE ( 'NONE', #2733, 5999.999999999999091 ) ;
#2746 = EDGE_LOOP ( 'NONE', ( #8385, #545, #7179, #4078 ) ) ;
#2747 = CARTESIAN_POINT ( 'NONE',  ( -5141.597286494812579, -989.9999999999994316, -960.0000000000002274 ) ) ;
#2748 = ORIENTED_EDGE ( 'NONE', *, *, #5425, .T. ) ;
#2749 = ORIENTED_EDGE ( 'NONE', *, *, #2179, .F. ) ;
#2750 = LINE ( 'NONE', #1987, #2239 ) ;
#2751 = ORIENTED_EDGE ( 'NONE', *, *, #3899, .F. ) ;
#2752 = ORIENTED_EDGE ( 'NONE', *, *, #3632, .T. ) ;
#2753 = LINE ( 'NONE', #4514, #4126 ) ;
#2754 = CARTESIAN_POINT ( 'NONE',  ( -19120.00000000000000, -875.0000000000000000, -1060.000000000000000 ) ) ;
#2755 = EDGE_CURVE ( 'NONE', #4705, #8646, #7389, .T. ) ;
#2756 = CARTESIAN_POINT ( 'NONE',  ( -11499.99999999998181, 708.3613705689267590, -752.1130625175197792 ) ) ;
#2757 = LINE ( 'NONE', #9452, #2712 ) ;
#2758 = EDGE_LOOP ( 'NONE', ( #3165, #9067, #9485, #4182 ) ) ;
#2759 = DIRECTION ( 'NONE',  ( -0.000000000000000000, 0.000000000000000000, -1.000000000000000000 ) ) ;
#2760 = LINE ( 'NONE', #2708, #6719 ) ;
#2761 = EDGE_LOOP ( 'NONE', ( #7198, #5760, #6830, #6782, #5981, #7511 ) ) ;
#2762 = CARTESIAN_POINT ( 'NONE',  ( -13899.99999999999818, -814.9999999999972715, -909.9999999999987494 ) ) ;
#2763 = EDGE_LOOP ( 'NONE', ( #2717, #4782, #8158, #5393 ) ) ;
#2764 = ADVANCED_FACE ( 'NONE', ( #481 ), #3481, .F. ) ;
#2765 = EDGE_CURVE ( 'NONE', #8994, #88, #5144, .T. ) ;
#2766 = ORIENTED_EDGE ( 'NONE', *, *, #5286, .F. ) ;
#2767 = CARTESIAN_POINT ( 'NONE',  ( -265.1845289799109651, -1190.000000000002728, -1503.936198047713560 ) ) ;
#2768 = ORIENTED_EDGE ( 'NONE', *, *, #8795, .F. ) ;
#2769 = ORIENTED_EDGE ( 'NONE', *, *, #4535, .T. ) ;
#2770 = LINE ( 'NONE', #8902, #2253 ) ;
#2771 = LINE ( 'NONE', #9669, #761 ) ;
#2772 = DIRECTION ( 'NONE',  ( 0.000000000000000000, 0.000000000000000000, 1.000000000000000000 ) ) ;
#2773 = CARTESIAN_POINT ( 'NONE',  ( -14619.74851850929372, 1089.999999999998181, -1009.999999999997158 ) ) ;
#2774 = DIRECTION ( 'NONE',  ( 1.000000000000000000, 6.162975822039151993E-33, 1.232595164407830946E-32 ) ) ;
#2775 = DIRECTION ( 'NONE',  ( 0.000000000000000000, 0.000000000000000000, -1.000000000000000000 ) ) ;
#2776 = DIRECTION ( 'NONE',  ( 0.000000000000000000, -2.413528314402514090E-16, 1.000000000000000000 ) ) ;
#2777 = ORIENTED_EDGE ( 'NONE', *, *, #7218, .F. ) ;
#2778 = VECTOR ( 'NONE', #4232, 1000.000000000000000 ) ;
#2779 = ORIENTED_EDGE ( 'NONE', *, *, #3395, .T. ) ;
#2780 = DIRECTION ( 'NONE',  ( -0.000000000000000000, 0.000000000000000000, 1.000000000000000000 ) ) ;
#2781 = FACE_BOUND ( 'NONE', #2005, .T. ) ;
#2782 = LINE ( 'NONE', #5629, #5649 ) ;
#2783 = FACE_OUTER_BOUND ( 'NONE', #9001, .T. ) ;
#2784 = CARTESIAN_POINT ( 'NONE',  ( -11700.00000000000182, 1970.627566330085756, -637.0854464784586071 ) ) ;
#2785 = DIRECTION ( 'NONE',  ( -1.232595164407830672E-32, -2.775557561563032360E-16, 1.000000000000000000 ) ) ;
#2786 = EDGE_CURVE ( 'NONE', #7418, #4103, #2796, .T. ) ;
#2787 = EDGE_CURVE ( 'NONE', #7056, #8074, #2835, .T. ) ;
#2788 = FACE_OUTER_BOUND ( 'NONE', #2758, .T. ) ;
#2789 = VERTEX_POINT ( 'NONE', #6681 ) ;
#2790 = ORIENTED_EDGE ( 'NONE', *, *, #9475, .T. ) ;
#2791 = DIRECTION ( 'NONE',  ( 1.000000000000000000, 0.000000000000000000, 0.000000000000000000 ) ) ;
#2792 = ORIENTED_EDGE ( 'NONE', *, *, #2567, .F. ) ;
#2793 = CARTESIAN_POINT ( 'NONE',  ( -12100.00000000000182, 814.9999999999973852, -919.9999999999980673 ) ) ;
#2794 = ORIENTED_EDGE ( 'NONE', *, *, #8250, .T. ) ;
#2795 = LINE ( 'NONE', #8088, #7313 ) ;
#2796 = LINE ( 'NONE', #5083, #6288 ) ;
#2797 = DIRECTION ( 'NONE',  ( -6.162975822039157467E-33, 1.000000000000000000, 3.301729611148415602E-16 ) ) ;
#2798 = DIRECTION ( 'NONE',  ( -1.232595164407830809E-32, 4.930380657631323784E-32, 1.000000000000000000 ) ) ;
#2799 = VERTEX_POINT ( 'NONE', #1386 ) ;
#2800 = CARTESIAN_POINT ( 'NONE',  ( -13899.99999999999818, -1054.999999999997726, -459.9999999999984084 ) ) ;
#2801 = CARTESIAN_POINT ( 'NONE',  ( -12143.40011953353496, 295.9385695031826913, -504.9802145985045172 ) ) ;
#2802 = EDGE_CURVE ( 'NONE', #3421, #8661, #2125, .T. ) ;
#2803 = EDGE_CURVE ( 'NONE', #5789, #6256, #9072, .T. ) ;
#2804 = CARTESIAN_POINT ( 'NONE',  ( -16150.00000000000182, -1190.000000000002274, -960.0000000000002274 ) ) ;
#2805 = ORIENTED_EDGE ( 'NONE', *, *, #3593, .T. ) ;
#2806 = ADVANCED_FACE ( 'NONE', ( #7473 ), #2934, .T. ) ;
#2807 = EDGE_CURVE ( 'NONE', #7067, #7831, #9753, .T. ) ;
#2808 = ORIENTED_EDGE ( 'NONE', *, *, #9917, .T. ) ;
#2809 = VERTEX_POINT ( 'NONE', #1433 ) ;
#2810 = PLANE ( 'NONE',  #1730 ) ;
#2811 = FACE_OUTER_BOUND ( 'NONE', #8805, .T. ) ;
#2812 = PLANE ( 'NONE',  #5589 ) ;
#2813 = DIRECTION ( 'NONE',  ( 0.000000000000000000, 0.000000000000000000, -1.000000000000000000 ) ) ;
#2814 = VECTOR ( 'NONE', #4299, 1000.000000000000000 ) ;
#2815 = EDGE_LOOP ( 'NONE', ( #6083, #915, #9770, #204 ) ) ;
#2816 = EDGE_CURVE ( 'NONE', #7951, #1234, #5280, .T. ) ;
#2817 = EDGE_CURVE ( 'NONE', #5764, #5941, #2237, .T. ) ;
#2818 = ORIENTED_EDGE ( 'NONE', *, *, #2627, .T. ) ;
#2819 = CARTESIAN_POINT ( 'NONE',  ( -12100.00000000000182, 190.0000000000006537, -459.9999999999981242 ) ) ;
#2820 = AXIS2_PLACEMENT_3D ( 'NONE', #137, #4683, #9240 ) ;
#2821 = CARTESIAN_POINT ( 'NONE',  ( -4895.200086281939548, 921.2864145885215521, -1135.000000000000227 ) ) ;
#2822 = CARTESIAN_POINT ( 'NONE',  ( -14588.56810139493791, 295.9385695031826913, -504.9802145985045172 ) ) ;
#2823 = FACE_OUTER_BOUND ( 'NONE', #4686, .T. ) ;
#2824 = DIRECTION ( 'NONE',  ( 1.000000000000000000, 0.000000000000000000, 0.000000000000000000 ) ) ;
#2825 = CARTESIAN_POINT ( 'NONE',  ( -19088.68599666425871, 875.0000000000000000, -1060.000000000000000 ) ) ;
#2826 = CARTESIAN_POINT ( 'NONE',  ( -11699.99999999998181, -699.9999999999986358, -637.0854464784592892 ) ) ;
#2827 = AXIS2_PLACEMENT_3D ( 'NONE', #1705, #4697, #151 ) ;
#2828 = VECTOR ( 'NONE', #1298, 1000.000000000000114 ) ;
#2829 = ORIENTED_EDGE ( 'NONE', *, *, #3569, .T. ) ;
#2830 = VERTEX_POINT ( 'NONE', #6030 ) ;
#2831 = CARTESIAN_POINT ( 'NONE',  ( -11700.00000000000182, 1077.499998843224375, -637.0854464784587208 ) ) ;
#2832 = PLANE ( 'NONE',  #3963 ) ;
#2833 = ORIENTED_EDGE ( 'NONE', *, *, #8104, .T. ) ;
#2834 = FACE_OUTER_BOUND ( 'NONE', #6057, .T. ) ;
#2835 = LINE ( 'NONE', #8696, #3081 ) ;
#2836 = LINE ( 'NONE', #5693, #320 ) ;
#2837 = ORIENTED_EDGE ( 'NONE', *, *, #5894, .F. ) ;
#2838 = CARTESIAN_POINT ( 'NONE',  ( -11411.43189860506209, -877.4999988432243754, -757.0854464784603124 ) ) ;
#2839 = VERTEX_POINT ( 'NONE', #2292 ) ;
#2840 = VECTOR ( 'NONE', #9275, 1000.000000000000000 ) ;
#2841 = VECTOR ( 'NONE', #3018, 1000.000000000000114 ) ;
#2842 = PLANE ( 'NONE',  #7676 ) ;
#2843 = ORIENTED_EDGE ( 'NONE', *, *, #2130, .F. ) ;
#2844 = PLANE ( 'NONE',  #152 ) ;
#2845 = CARTESIAN_POINT ( 'NONE',  ( -12500.00000000000182, -1077.499998843224603, -306.2059048389992313 ) ) ;
#2846 = AXIS2_PLACEMENT_3D ( 'NONE', #1113, #6463, #3352 ) ;
#2847 = EDGE_CURVE ( 'NONE', #8952, #5337, #5335, .T. ) ;
#2848 = EDGE_CURVE ( 'NONE', #8582, #9521, #563, .T. ) ;
#2849 = ADVANCED_FACE ( 'NONE', ( #7587, #3775 ), #3835, .F. ) ;
#2850 = VECTOR ( 'NONE', #1288, 1000.000000000000000 ) ;
#2851 = AXIS2_PLACEMENT_3D ( 'NONE', #9547, #5742, #3480 ) ;
#2852 = EDGE_LOOP ( 'NONE', ( #6038, #679, #8332, #5502, #7481 ) ) ;
#2853 = CIRCLE ( 'NONE', #4292, 6000.000000000000000 ) ;
#2854 = AXIS2_PLACEMENT_3D ( 'NONE', #1285, #5782, #8081 ) ;
#2855 = VERTEX_POINT ( 'NONE', #8329 ) ;
#2856 = VERTEX_POINT ( 'NONE', #5984 ) ;
#2857 = DIRECTION ( 'NONE',  ( -1.000000000000000000, -6.162975822039151993E-33, -1.232595164407830946E-32 ) ) ;
#2858 = LINE ( 'NONE', #5148, #1568 ) ;
#2859 = FACE_OUTER_BOUND ( 'NONE', #8808, .T. ) ;
#2860 = VECTOR ( 'NONE', #1606, 1000.000000000000000 ) ;
#2861 = AXIS2_PLACEMENT_3D ( 'NONE', #8092, #1195, #9504 ) ;
#2862 = EDGE_CURVE ( 'NONE', #8443, #852, #4516, .T. ) ;
#2863 = DIRECTION ( 'NONE',  ( 0.000000000000000000, 0.000000000000000000, 1.000000000000000000 ) ) ;
#2864 = DIRECTION ( 'NONE',  ( 0.000000000000000000, -1.000000000000000000, -5.551115123125784674E-16 ) ) ;
#2865 = PLANE ( 'NONE',  #6412 ) ;
#2866 = ORIENTED_EDGE ( 'NONE', *, *, #1717, .F. ) ;
#2867 = LINE ( 'NONE', #2068, #3638 ) ;
#2868 = AXIS2_PLACEMENT_3D ( 'NONE', #499, #2258, #8457 ) ;
#2869 = ORIENTED_EDGE ( 'NONE', *, *, #5921, .F. ) ;
#2870 = DIRECTION ( 'NONE',  ( -1.432545838226008399E-17, 1.000000000000000000, -0.000000000000000000 ) ) ;
#2871 = AXIS2_PLACEMENT_3D ( 'NONE', #3060, #6745, #8993 ) ;
#2872 = CARTESIAN_POINT ( 'NONE',  ( -18500.00000000000000, -875.0000000000000000, -1140.000000000000227 ) ) ;
#2873 = CARTESIAN_POINT ( 'NONE',  ( 0.000000000000000000, 0.000000000000000000, -960.0000000000002274 ) ) ;
#2874 = VECTOR ( 'NONE', #5632, 1000.000000000000114 ) ;
#2875 = EDGE_CURVE ( 'NONE', #2381, #293, #9027, .T. ) ;
#2876 = DIRECTION ( 'NONE',  ( -1.000000000000000000, -6.162975822039151993E-33, -1.232595164407830946E-32 ) ) ;
#2877 = CARTESIAN_POINT ( 'NONE',  ( -13250.00000000000000, -278.9021535255452022, -725.0000000000053433 ) ) ;
#2878 = ADVANCED_FACE ( 'NONE', ( #2178 ), #1340, .T. ) ;
#2879 = DIRECTION ( 'NONE',  ( 6.162975822039157467E-33, -1.000000000000000000, -2.249385511977649118E-16 ) ) ;
#2880 = AXIS2_PLACEMENT_3D ( 'NONE', #3359, #7636, #9520 ) ;
#2881 = CARTESIAN_POINT ( 'NONE',  ( -12143.40011953353496, 295.9385695031826913, -504.9802145985045172 ) ) ;
#2882 = VECTOR ( 'NONE', #6481, 1000.000000000000000 ) ;
#2883 = FACE_OUTER_BOUND ( 'NONE', #3164, .T. ) ;
#2884 = VERTEX_POINT ( 'NONE', #8280 ) ;
#2885 = CARTESIAN_POINT ( 'NONE',  ( -12500.00000000000182, -1970.627566330085756, -637.0854464784596303 ) ) ;
#2886 = DIRECTION ( 'NONE',  ( 0.000000000000000000, 0.000000000000000000, 1.000000000000000000 ) ) ;
#2887 = CARTESIAN_POINT ( 'NONE',  ( -12143.40011953353496, 747.0986934586334201, -637.0854464784588345 ) ) ;
#2888 = VECTOR ( 'NONE', #591, 1000.000000000000000 ) ;
#2889 = DIRECTION ( 'NONE',  ( -1.000000000000000000, 0.000000000000000000, 0.000000000000000000 ) ) ;
#2890 = EDGE_LOOP ( 'NONE', ( #1187, #759, #7938, #9561 ) ) ;
#2891 = LINE ( 'NONE', #5939, #112 ) ;
#2892 = EDGE_LOOP ( 'NONE', ( #7224, #3586, #8334, #7008 ) ) ;
#2893 = CARTESIAN_POINT ( 'NONE',  ( -10637.50000000000000, -740.0000000000010232, -960.0000000000002274 ) ) ;
#2894 = ORIENTED_EDGE ( 'NONE', *, *, #2901, .F. ) ;
#2895 = CARTESIAN_POINT ( 'NONE',  ( -4534.427461039359514, -989.9999999999994316, -751.1534819267461671 ) ) ;
#2896 = CARTESIAN_POINT ( 'NONE',  ( -13499.99999999999818, 1077.499998843224148, -306.2059048389983218 ) ) ;
#2897 = ORIENTED_EDGE ( 'NONE', *, *, #3854, .F. ) ;
#2898 = PLANE ( 'NONE',  #4099 ) ;
#2899 = FACE_OUTER_BOUND ( 'NONE', #2659, .T. ) ;
#2900 = EDGE_CURVE ( 'NONE', #6434, #1234, #724, .T. ) ;
#2901 = EDGE_CURVE ( 'NONE', #822, #6195, #6837, .T. ) ;
#2902 = ORIENTED_EDGE ( 'NONE', *, *, #4213, .F. ) ;
#2903 = ORIENTED_EDGE ( 'NONE', *, *, #9654, .F. ) ;
#2904 = DIRECTION ( 'NONE',  ( -1.232595164407830672E-32, -2.775557561563032360E-16, 1.000000000000000000 ) ) ;
#2905 = AXIS2_PLACEMENT_3D ( 'NONE', #3563, #9877, #5319 ) ;
#2906 = LINE ( 'NONE', #2319, #9873 ) ;
#2907 = DIRECTION ( 'NONE',  ( -1.432545838226008399E-17, 1.000000000000000000, -0.000000000000000000 ) ) ;
#2908 = LINE ( 'NONE', #1968, #9721 ) ;
#2909 = PLANE ( 'NONE',  #9602 ) ;
#2910 = ORIENTED_EDGE ( 'NONE', *, *, #906, .T. ) ;
#2911 = ORIENTED_EDGE ( 'NONE', *, *, #9203, .T. ) ;
#2912 = ORIENTED_EDGE ( 'NONE', *, *, #9166, .T. ) ;
#2913 = VECTOR ( 'NONE', #8298, 1000.000000000000114 ) ;
#2914 = EDGE_CURVE ( 'NONE', #8199, #3288, #4465, .T. ) ;
#2915 = EDGE_CURVE ( 'NONE', #7819, #1584, #1008, .T. ) ;
#2916 = DIRECTION ( 'NONE',  ( 1.000000000000000000, -0.000000000000000000, -0.000000000000000000 ) ) ;
#2917 = LINE ( 'NONE', #9783, #5706 ) ;
#2918 = DIRECTION ( 'NONE',  ( -6.162975822039157467E-33, 1.000000000000000000, 3.301729611148415602E-16 ) ) ;
#2919 = CARTESIAN_POINT ( 'NONE',  ( -13250.00000000000000, -176.9719203373659866, -350.9999999999987494 ) ) ;
#2920 = VECTOR ( 'NONE', #381, 1000.000000000000114 ) ;
#2921 = FACE_OUTER_BOUND ( 'NONE', #6347, .T. ) ;
#2922 = PLANE ( 'NONE',  #6917 ) ;
#2923 = CARTESIAN_POINT ( 'NONE',  ( -11437.50000000000000, 989.9999999999984084, -1135.000000000000227 ) ) ;
#2924 = CARTESIAN_POINT ( 'NONE',  ( -2350.000000000001364, -739.9999999999990905, -1135.000000000000227 ) ) ;
#2925 = EDGE_CURVE ( 'NONE', #4304, #7439, #7640, .T. ) ;
#2926 = EDGE_CURVE ( 'NONE', #6706, #5332, #1616, .T. ) ;
#2927 = ORIENTED_EDGE ( 'NONE', *, *, #2678, .T. ) ;
#2928 = DIRECTION ( 'NONE',  ( 1.000000000000000000, 0.000000000000000000, 0.000000000000000000 ) ) ;
#2929 = VERTEX_POINT ( 'NONE', #4772 ) ;
#2930 = CARTESIAN_POINT ( 'NONE',  ( -12143.40011953353496, 278.9021535255452022, -623.7872381793326895 ) ) ;
#2931 = ORIENTED_EDGE ( 'NONE', *, *, #2054, .T. ) ;
#2932 = CARTESIAN_POINT ( 'NONE',  ( -13948.20772119394496, 1189.999999999998181, -849.6342572279658043 ) ) ;
#2933 = DIRECTION ( 'NONE',  ( 0.9848077530122090195, -0.000000000000000000, -0.1736481776669255017 ) ) ;
#2934 = PLANE ( 'NONE',  #8347 ) ;
#2935 = LINE ( 'NONE', #6032, #9271 ) ;
#2936 = DIRECTION ( 'NONE',  ( 1.000000000000000000, 0.000000000000000000, 0.000000000000000000 ) ) ;
#2937 = EDGE_CURVE ( 'NONE', #5664, #653, #2401, .T. ) ;
#2938 = EDGE_LOOP ( 'NONE', ( #5131, #2087, #9046, #475, #9389, #1671 ) ) ;
#2939 = VERTEX_POINT ( 'NONE', #5450 ) ;
#2940 = CYLINDRICAL_SURFACE ( 'NONE', #160, 200.0000000000000000 ) ;
#2941 = VERTEX_POINT ( 'NONE', #7797 ) ;
#2942 = DIRECTION ( 'NONE',  ( -6.162975822038967936E-33, 1.000000000000000000, -1.510372559762204329E-14 ) ) ;
#2943 = FACE_OUTER_BOUND ( 'NONE', #4892, .T. ) ;
#2944 = EDGE_CURVE ( 'NONE', #7439, #7390, #5321, .T. ) ;
#2945 = EDGE_LOOP ( 'NONE', ( #4364, #8712 ) ) ;
#2946 = CARTESIAN_POINT ( 'NONE',  ( -12750.00000000000000, -278.9021535255452022, -725.0000000000053433 ) ) ;
#2947 = LINE ( 'NONE', #6002, #7011 ) ;
#2948 = ORIENTED_EDGE ( 'NONE', *, *, #8659, .F. ) ;
#2949 = VERTEX_POINT ( 'NONE', #4037 ) ;
#2950 = LINE ( 'NONE', #56, #7083 ) ;
#2951 = CARTESIAN_POINT ( 'NONE',  ( -346.4101615137744261, 311.4982215127147924, -1135.000000000000227 ) ) ;
#2952 = DIRECTION ( 'NONE',  ( 2.450878090891695175E-33, -0.9597039290011752932, 0.2810131111882628319 ) ) ;
#2953 = CARTESIAN_POINT ( 'NONE',  ( -2825.068018844486232, -1189.999999999999091, 5040.000000000000000 ) ) ;
#2954 = CARTESIAN_POINT ( 'NONE',  ( -1699.999999999999773, 989.9999999999984084, -960.0000000000002274 ) ) ;
#2955 = ADVANCED_FACE ( 'NONE', ( #3227, #3890 ), #184, .T. ) ;
#2956 = VERTEX_POINT ( 'NONE', #888 ) ;
#2957 = EDGE_LOOP ( 'NONE', ( #2249, #617, #7655, #3629 ) ) ;
#2958 = DIRECTION ( 'NONE',  ( -6.162975822039157467E-33, 1.000000000000000000, 2.775557561563032360E-16 ) ) ;
#2959 = DIRECTION ( 'NONE',  ( -0.000000000000000000, 1.000000000000000000, -0.000000000000000000 ) ) ;
#2960 = LINE ( 'NONE', #3610, #5961 ) ;
#2961 = LINE ( 'NONE', #6019, #9094 ) ;
#2962 = PRESENTATION_STYLE_ASSIGNMENT (( #7741 ) ) ;
#2963 = EDGE_CURVE ( 'NONE', #7731, #8588, #1977, .T. ) ;
#2964 = EDGE_CURVE ( 'NONE', #783, #7221, #7092, .T. ) ;
#2965 = CARTESIAN_POINT ( 'NONE',  ( -2349.999999999999545, 1189.999999999998408, -960.0000000000002274 ) ) ;
#2966 = EDGE_CURVE ( 'NONE', #3725, #7074, #127, .T. ) ;
#2967 = EDGE_CURVE ( 'NONE', #2113, #5146, #6334, .T. ) ;
#2968 = CONICAL_SURFACE ( 'NONE', #5380, 229.9999999211528348, 0.5235987755979351066 ) ;
#2969 = CARTESIAN_POINT ( 'NONE',  ( -15674.93198115551786, 1189.999999999998408, 5040.000000000000000 ) ) ;
#2970 = LINE ( 'NONE', #7634, #7172 ) ;
#2971 = ORIENTED_EDGE ( 'NONE', *, *, #2739, .T. ) ;
#2972 = CARTESIAN_POINT ( 'NONE',  ( -16149.99999999999818, -343.2012612066350812, -1135.000000000000227 ) ) ;
#2973 = VERTEX_POINT ( 'NONE', #2451 ) ;
#2974 = DIRECTION ( 'NONE',  ( -6.162975822039157467E-33, 1.000000000000000000, 2.775557561563032360E-16 ) ) ;
#2975 = CARTESIAN_POINT ( 'NONE',  ( -18053.58983848622665, -311.4982215127147924, -4241.944871367028099 ) ) ;
#2976 = CARTESIAN_POINT ( 'NONE',  ( -13250.00000000000000, 732.4719190560189190, -589.9999999999965894 ) ) ;
#2977 = DIRECTION ( 'NONE',  ( 1.000000000000000000, 0.000000000000000000, -0.000000000000000000 ) ) ;
#2978 = VECTOR ( 'NONE', #6453, 1000.000000000000000 ) ;
#2979 = ADVANCED_FACE ( 'NONE', ( #1640 ), #2345, .T. ) ;
#2980 = VERTEX_POINT ( 'NONE', #5391 ) ;
#2981 = LINE ( 'NONE', #3843, #914 ) ;
#2982 = ORIENTED_EDGE ( 'NONE', *, *, #9360, .T. ) ;
#2983 = EDGE_LOOP ( 'NONE', ( #2159, #3916, #6199, #3742 ) ) ;
#2984 = ORIENTED_EDGE ( 'NONE', *, *, #1629, .T. ) ;
#2985 = FACE_OUTER_BOUND ( 'NONE', #5657, .T. ) ;
#2986 = CARTESIAN_POINT ( 'NONE',  ( -16550.00000000000000, 899.9999999999998863, -910.0000000000001137 ) ) ;
#2987 = DIRECTION ( 'NONE',  ( -1.000000000000000000, 0.000000000000000000, 6.245004513516500018E-15 ) ) ;
#2988 = CARTESIAN_POINT ( 'NONE',  ( -11700.00000000000182, -1970.627566330085983, -306.2059048389993450 ) ) ;
#2989 = AXIS2_PLACEMENT_3D ( 'NONE', #6666, #4355, #8822 ) ;
#2990 = EDGE_CURVE ( 'NONE', #293, #6794, #4623, .T. ) ;
#2991 = ADVANCED_FACE ( 'NONE', ( #5532, #842, #6938 ), #1686, .F. ) ;
#2992 = VERTEX_POINT ( 'NONE', #2020 ) ;
#2993 = CARTESIAN_POINT ( 'NONE',  ( -3930.251481490694459, 1189.999999999998408, -1059.999999999999091 ) ) ;
#2994 =( GEOMETRIC_REPRESENTATION_CONTEXT ( 3 ) GLOBAL_UNCERTAINTY_ASSIGNED_CONTEXT ( ( #6987 ) ) GLOBAL_UNIT_ASSIGNED_CONTEXT ( ( #6115, #9819, #749 ) ) REPRESENTATION_CONTEXT ( 'NONE', 'WORKASPACE' ) );
#2995 = DIRECTION ( 'NONE',  ( -1.232595164407830672E-32, -2.775557561563032360E-16, 1.000000000000000000 ) ) ;
#2996 =( BOUNDED_CURVE ( )  B_SPLINE_CURVE ( 3, ( #9045, #2201, #6055, #695 ),
 .UNSPECIFIED., .F., .F. ) 
 B_SPLINE_CURVE_WITH_KNOTS ( ( 4, 4 ),
 ( 1.570796326794896558, 1.696134772426670656 ),
 .UNSPECIFIED. ) 
 CURVE ( )  GEOMETRIC_REPRESENTATION_ITEM ( )  RATIONAL_B_SPLINE_CURVE ( ( 1.000000000000000000, 0.9986912845788542548, 0.9986912845788542548, 1.000000000000000000 ) ) 
 REPRESENTATION_ITEM ( '' )  );
#2997 = VECTOR ( 'NONE', #6101, 1000.000000000000000 ) ;
#2998 = PRODUCT ( 'FlatWagon_60ft_MoreDetailed', 'FlatWagon_60ft_MoreDetailed', '', ( #303 ) ) ;
#2999 = EDGE_LOOP ( 'NONE', ( #5783, #4045 ) ) ;
#3000 = DIRECTION ( 'NONE',  ( -0.9848077530122092416, -2.364013496699500726E-16, 0.1736481776669237531 ) ) ;
#3001 = ORIENTED_EDGE ( 'NONE', *, *, #1275, .F. ) ;
#3002 = ORIENTED_EDGE ( 'NONE', *, *, #7024, .F. ) ;
#3003 = DIRECTION ( 'NONE',  ( 0.000000000000000000, 1.000000000000000000, 5.551115123125782702E-16 ) ) ;
#3004 = VECTOR ( 'NONE', #472, 1000.000000000000000 ) ;
#3005 = AXIS2_PLACEMENT_3D ( 'NONE', #673, #6785, #3727 ) ;
#3006 = CARTESIAN_POINT ( 'NONE',  ( -3930.251481490694459, -9753.686360283016256, -1059.999999999999091 ) ) ;
#3007 = DIRECTION ( 'NONE',  ( 0.000000000000000000, 0.000000000000000000, 1.000000000000000000 ) ) ;
#3008 = VECTOR ( 'NONE', #3498, 1000.000000000000000 ) ;
#3009 = ORIENTED_EDGE ( 'NONE', *, *, #1565, .T. ) ;
#3010 = VERTEX_POINT ( 'NONE', #1077 ) ;
#3011 = ORIENTED_EDGE ( 'NONE', *, *, #2875, .T. ) ;
#3012 = VECTOR ( 'NONE', #3677, 1000.000000000000000 ) ;
#3013 = DIRECTION ( 'NONE',  ( -1.432545838226008399E-17, 1.000000000000000000, -0.000000000000000000 ) ) ;
#3014 = LINE ( 'NONE', #4498, #3461 ) ;
#3015 = CARTESIAN_POINT ( 'NONE',  ( -5299.999999999999091, 618.9114148497013730, -960.0000000000000000 ) ) ;
#3016 = VECTOR ( 'NONE', #1834, 1000.000000000000000 ) ;
#3017 = CARTESIAN_POINT ( 'NONE',  ( -2599.999999999999545, 739.9999999999984084, -1135.000000000000227 ) ) ;
#3018 = DIRECTION ( 'NONE',  ( 2.450878090891695175E-33, -0.9597039290011752932, 0.2810131111882628319 ) ) ;
#3019 = DIRECTION ( 'NONE',  ( 1.000000000000000000, 0.000000000000000000, 1.040834085586083310E-14 ) ) ;
#3020 = CARTESIAN_POINT ( 'NONE',  ( -1949.999999999999773, 739.9999999999984084, -960.0000000000002274 ) ) ;
#3021 = VECTOR ( 'NONE', #2726, 1000.000000000000114 ) ;
#3022 = CIRCLE ( 'NONE', #8623, 80.00000000000007105 ) ;
#3023 = CARTESIAN_POINT ( 'NONE',  ( -11700.00000000000182, -1970.627566330085756, -637.0854464784596303 ) ) ;
#3024 = CARTESIAN_POINT ( 'NONE',  ( -2349.999999999999545, -1189.999999999998408, -960.0000000000002274 ) ) ;
#3025 = CIRCLE ( 'NONE', #8473, 79.99999999999995737 ) ;
#3026 = DIRECTION ( 'NONE',  ( 1.000000000000000000, 0.000000000000000000, 0.000000000000000000 ) ) ;
#3027 = EDGE_CURVE ( 'NONE', #6377, #9839, #867, .T. ) ;
#3028 = ORIENTED_EDGE ( 'NONE', *, *, #3854, .T. ) ;
#3029 = LINE ( 'NONE', #3075, #3012 ) ;
#3030 = VERTEX_POINT ( 'NONE', #6480 ) ;
#3031 = CARTESIAN_POINT ( 'NONE',  ( -13856.59988046646504, 1077.499998843224375, -757.0854464784597440 ) ) ;
#3032 = ORIENTED_EDGE ( 'NONE', *, *, #7255, .T. ) ;
#3033 = EDGE_CURVE ( 'NONE', #4726, #5478, #9149, .T. ) ;
#3034 = AXIS2_PLACEMENT_3D ( 'NONE', #7286, #1434, #626 ) ;
#3035 = DIRECTION ( 'NONE',  ( 1.000000000000000000, 0.000000000000000000, 0.000000000000000000 ) ) ;
#3036 = CARTESIAN_POINT ( 'NONE',  ( -11687.50000000000000, -990.0000000000012506, -960.0000000000006821 ) ) ;
#3037 = CARTESIAN_POINT ( 'NONE',  ( -15419.32881082469248, 0.000000000000000000, -1135.000000000000227 ) ) ;
#3038 = LINE ( 'NONE', #9028, #9918 ) ;
#3039 = VECTOR ( 'NONE', #236, 1000.000000000000000 ) ;
#3040 = ORIENTED_EDGE ( 'NONE', *, *, #7935, .T. ) ;
#3041 = DIRECTION ( 'NONE',  ( -0.9632452974707710336, 0.2686233364777637633, 0.000000000000000000 ) ) ;
#3042 = ORIENTED_EDGE ( 'NONE', *, *, #2914, .F. ) ;
#3043 = CARTESIAN_POINT ( 'NONE',  ( -16149.99999999999818, -740.0000000000021600, -1135.000000000000227 ) ) ;
#3044 = ORIENTED_EDGE ( 'NONE', *, *, #2803, .F. ) ;
#3045 = AXIS2_PLACEMENT_3D ( 'NONE', #6454, #9658, #1245 ) ;
#3046 = ADVANCED_FACE ( 'NONE', ( #5066 ), #5823, .T. ) ;
#3047 = DIRECTION ( 'NONE',  ( 1.000000000000000000, 6.162975822039151993E-33, 1.232595164407830946E-32 ) ) ;
#3048 = DIRECTION ( 'NONE',  ( -0.000000000000000000, -0.000000000000000000, -1.000000000000000000 ) ) ;
#3049 = DIRECTION ( 'NONE',  ( -1.000000000000000000, -6.162975822039151993E-33, -1.232595164407830946E-32 ) ) ;
#3050 = ORIENTED_EDGE ( 'NONE', *, *, #6282, .T. ) ;
#3051 = ORIENTED_EDGE ( 'NONE', *, *, #3103, .F. ) ;
#3052 = FACE_OUTER_BOUND ( 'NONE', #3801, .T. ) ;
#3053 = VERTEX_POINT ( 'NONE', #3463 ) ;
#3054 = EDGE_CURVE ( 'NONE', #3619, #6706, #9811, .T. ) ;
#3055 = ORIENTED_EDGE ( 'NONE', *, *, #8138, .F. ) ;
#3056 = EDGE_CURVE ( 'NONE', #1481, #957, #9534, .T. ) ;
#3057 = VERTEX_POINT ( 'NONE', #4860 ) ;
#3058 = DIRECTION ( 'NONE',  ( 0.9848077530122092416, 0.000000000000000000, -0.1736481776669237531 ) ) ;
#3059 = DIRECTION ( 'NONE',  ( 0.000000000000000000, 0.000000000000000000, 1.000000000000000000 ) ) ;
#3060 = CARTESIAN_POINT ( 'NONE',  ( -8975.000000000000000, 989.9999999999984084, -4241.944871367028099 ) ) ;
#3061 = DIRECTION ( 'NONE',  ( 0.000000000000000000, 0.000000000000000000, 1.000000000000000000 ) ) ;
#3062 = DIRECTION ( 'NONE',  ( -0.000000000000000000, 0.000000000000000000, 1.000000000000000000 ) ) ;
#3063 = VERTEX_POINT ( 'NONE', #7184 ) ;
#3064 = ORIENTED_EDGE ( 'NONE', *, *, #7428, .F. ) ;
#3065 = CARTESIAN_POINT ( 'NONE',  ( -12100.00000000000182, 190.0000000000006537, -459.9999999999981242 ) ) ;
#3066 = LINE ( 'NONE', #7570, #7803 ) ;
#3067 = CARTESIAN_POINT ( 'NONE',  ( -16150.00000000000182, 200.0000000000000000, -825.0000000000001137 ) ) ;
#3068 = CARTESIAN_POINT ( 'NONE',  ( -14588.56810139493791, -747.0986934586336474, -637.0854464784592892 ) ) ;
#3069 =( LENGTH_UNIT ( ) NAMED_UNIT ( * ) SI_UNIT ( .MILLI., .METRE. ) );
#3070 = CARTESIAN_POINT ( 'NONE',  ( -265.1845289799109651, 1189.999999999998408, -1503.936198047713560 ) ) ;
#3071 = AXIS2_PLACEMENT_3D ( 'NONE', #7369, #514, #6624 ) ;
#3072 = CARTESIAN_POINT ( 'NONE',  ( -2599.999999999999545, -739.9999999999990905, 0.000000000000000000 ) ) ;
#3073 = LINE ( 'NONE', #2489, #6385 ) ;
#3074 = ORIENTED_EDGE ( 'NONE', *, *, #533, .F. ) ;
#3075 = CARTESIAN_POINT ( 'NONE',  ( -12750.00000000000000, -190.0000000000008242, -350.9999999999987494 ) ) ;
#3076 = UNCERTAINTY_MEASURE_WITH_UNIT (LENGTH_MEASURE( 1.000000000000000082E-05 ), #8470, 'distance_accuracy_value', 'NONE');
#3077 = ORIENTED_EDGE ( 'NONE', *, *, #3571, .F. ) ;
#3078 = PLANE ( 'NONE',  #2427 ) ;
#3079 = DIRECTION ( 'NONE',  ( -6.162975822039157467E-33, 1.000000000000000000, 2.775557561563032360E-16 ) ) ;
#3080 = DIRECTION ( 'NONE',  ( 6.162975822039157467E-33, -1.000000000000000000, -2.775557561563032360E-16 ) ) ;
#3081 = VECTOR ( 'NONE', #1092, 1000.000000000000000 ) ;
#3082 = FACE_BOUND ( 'NONE', #3946, .T. ) ;
#3083 = EDGE_CURVE ( 'NONE', #3476, #3697, #9324, .T. ) ;
#3084 = ORIENTED_EDGE ( 'NONE', *, *, #662, .T. ) ;
#3085 = DIRECTION ( 'NONE',  ( 0.000000000000000000, -0.000000000000000000, -1.000000000000000000 ) ) ;
#3086 = EDGE_CURVE ( 'NONE', #2465, #8058, #4318, .T. ) ;
#3087 = AXIS2_PLACEMENT_3D ( 'NONE', #4453, #8919, #509 ) ;
#3088 = VERTEX_POINT ( 'NONE', #6529 ) ;
#3089 = VERTEX_POINT ( 'NONE', #325 ) ;
#3090 = VERTEX_POINT ( 'NONE', #8034 ) ;
#3091 = DIRECTION ( 'NONE',  ( 0.000000000000000000, -0.000000000000000000, -1.000000000000000000 ) ) ;
#3092 = VERTEX_POINT ( 'NONE', #7933 ) ;
#3093 = LINE ( 'NONE', #9135, #7127 ) ;
#3094 = DIRECTION ( 'NONE',  ( 0.2686233364777639299, -0.9632452974707710336, 0.000000000000000000 ) ) ;
#3095 = DIRECTION ( 'NONE',  ( -1.000000000000000000, -1.193105140912903329E-16, 0.000000000000000000 ) ) ;
#3096 = CARTESIAN_POINT ( 'NONE',  ( -13680.00000000000000, 1077.499998843224375, -517.7941176470588971 ) ) ;
#3097 = DIRECTION ( 'NONE',  ( -0.000000000000000000, 1.000000000000000000, -0.000000000000000000 ) ) ;
#3098 = EDGE_CURVE ( 'NONE', #4580, #4020, #8725, .T. ) ;
#3099 = ORIENTED_EDGE ( 'NONE', *, *, #6280, .F. ) ;
#3100 = EDGE_CURVE ( 'NONE', #4448, #6462, #9584, .T. ) ;
#3101 = ORIENTED_EDGE ( 'NONE', *, *, #7371, .T. ) ;
#3102 = DIRECTION ( 'NONE',  ( 6.162975822039157467E-33, -1.000000000000000000, -3.301729611148415602E-16 ) ) ;
#3103 = EDGE_CURVE ( 'NONE', #8994, #7707, #8077, .T. ) ;
#3104 = ORIENTED_EDGE ( 'NONE', *, *, #2076, .F. ) ;
#3105 = ORIENTED_EDGE ( 'NONE', *, *, #8749, .T. ) ;
#3106 = ORIENTED_EDGE ( 'NONE', *, *, #2900, .T. ) ;
#3107 = DIRECTION ( 'NONE',  ( 0.000000000000000000, -0.000000000000000000, 1.000000000000000000 ) ) ;
#3108 = CARTESIAN_POINT ( 'NONE',  ( -5949.999999999999091, -989.9999999999998863, -960.0000000000012506 ) ) ;
#3109 = DIRECTION ( 'NONE',  ( 1.000000000000000000, 6.162975822039151993E-33, 1.232595164407830946E-32 ) ) ;
#3110 = DIRECTION ( 'NONE',  ( 1.000000000000000000, 0.000000000000000000, 0.000000000000000000 ) ) ;
#3111 = VERTEX_POINT ( 'NONE', #7234 ) ;
#3112 = ADVANCED_FACE ( 'NONE', ( #4911 ), #371, .F. ) ;
#3113 = ORIENTED_EDGE ( 'NONE', *, *, #3183, .T. ) ;
#3114 = EDGE_CURVE ( 'NONE', #8232, #1084, #4839, .T. ) ;
#3115 = ORIENTED_EDGE ( 'NONE', *, *, #3231, .F. ) ;
#3116 = CYLINDRICAL_SURFACE ( 'NONE', #2226, 149.9999999999999147 ) ;
#3117 = LINE ( 'NONE', #4108, #4263 ) ;
#3118 = DIRECTION ( 'NONE',  ( 0.000000000000000000, 0.000000000000000000, 1.000000000000000000 ) ) ;
#3119 = CARTESIAN_POINT ( 'NONE',  ( 588.6859966642593918, -875.0000000000000000, -1210.000000000000000 ) ) ;
#3120 = DIRECTION ( 'NONE',  ( 0.000000000000000000, -0.000000000000000000, 1.000000000000000000 ) ) ;
#3121 = CARTESIAN_POINT ( 'NONE',  ( -2350.000000000001364, -989.9999999999990905, -960.0000000000002274 ) ) ;
#3122 = EDGE_CURVE ( 'NONE', #5153, #2425, #7318, .T. ) ;
#3123 = CARTESIAN_POINT ( 'NONE',  ( 588.6859966642593918, 875.0000000000000000, -1060.000000000000000 ) ) ;
#3124 = ADVANCED_FACE ( 'NONE', ( #9436 ), #2594, .F. ) ;
#3125 = CYLINDRICAL_SURFACE ( 'NONE', #2351, 250.0000000000000000 ) ;
#3126 = DIRECTION ( 'NONE',  ( 1.000000000000000000, 0.000000000000000000, 0.000000000000000000 ) ) ;
#3127 = ORIENTED_EDGE ( 'NONE', *, *, #8413, .F. ) ;
#3128 = FACE_OUTER_BOUND ( 'NONE', #9330, .T. ) ;
#3129 = ORIENTED_EDGE ( 'NONE', *, *, #1840, .T. ) ;
#3130 = CARTESIAN_POINT ( 'NONE',  ( -5141.597286494812579, -989.9999999999994316, -4241.944871367028099 ) ) ;
#3131 = VERTEX_POINT ( 'NONE', #6581 ) ;
#3132 = DIRECTION ( 'NONE',  ( 0.000000000000000000, -0.000000000000000000, -1.000000000000000000 ) ) ;
#3133 = CYLINDRICAL_SURFACE ( 'NONE', #5100, 79.99999999999995737 ) ;
#3134 = LINE ( 'NONE', #6142, #3812 ) ;
#3135 = CARTESIAN_POINT ( 'NONE',  ( -13250.00000000000000, -190.0000000000007674, -504.9802145985023003 ) ) ;
#3136 = EDGE_LOOP ( 'NONE', ( #5206, #9496, #8531, #1042 ) ) ;
#3137 = DIRECTION ( 'NONE',  ( 1.000000000000000000, 0.000000000000000000, 0.000000000000000000 ) ) ;
#3138 = CIRCLE ( 'NONE', #7436, 79.99999999999995737 ) ;
#3139 = ORIENTED_EDGE ( 'NONE', *, *, #4560, .T. ) ;
#3140 = ORIENTED_EDGE ( 'NONE', *, *, #956, .F. ) ;
#3141 = ORIENTED_EDGE ( 'NONE', *, *, #9168, .T. ) ;
#3142 = DIRECTION ( 'NONE',  ( 1.000000000000000000, 6.162975822039151993E-33, 1.232595164407830946E-32 ) ) ;
#3143 = ORIENTED_EDGE ( 'NONE', *, *, #2247, .T. ) ;
#3144 = DIRECTION ( 'NONE',  ( 1.000000000000000000, 6.162975822039151993E-33, 1.232595164407830946E-32 ) ) ;
#3145 = PLANE ( 'NONE',  #796 ) ;
#3146 = DIRECTION ( 'NONE',  ( 1.232595164407830672E-32, 2.775557561563032360E-16, -1.000000000000000000 ) ) ;
#3147 = AXIS2_PLACEMENT_3D ( 'NONE', #9147, #2995, #5512 ) ;
#3148 = CARTESIAN_POINT ( 'NONE',  ( -346.4101615137744830, -311.4982215127146787, -1135.000000000000227 ) ) ;
#3149 = VERTEX_POINT ( 'NONE', #9637 ) ;
#3150 = ORIENTED_EDGE ( 'NONE', *, *, #5602, .F. ) ;
#3151 = DIRECTION ( 'NONE',  ( 1.224646799147353207E-16, -1.000000000000000000, 0.000000000000000000 ) ) ;
#3152 = AXIS2_PLACEMENT_3D ( 'NONE', #1595, #568, #9846 ) ;
#3153 = VECTOR ( 'NONE', #9289, 1000.000000000000000 ) ;
#3154 = ORIENTED_EDGE ( 'NONE', *, *, #5390, .F. ) ;
#3155 = EDGE_CURVE ( 'NONE', #9412, #3389, #2782, .T. ) ;
#3156 = VERTEX_POINT ( 'NONE', #2122 ) ;
#3157 = ORIENTED_EDGE ( 'NONE', *, *, #5792, .T. ) ;
#3158 = EDGE_CURVE ( 'NONE', #3870, #5644, #9735, .T. ) ;
#3159 = EDGE_CURVE ( 'NONE', #8058, #8027, #9785, .T. ) ;
#3160 = SHAPE_REPRESENTATION_RELATIONSHIP ( 'NONE' , 'NONE' ,  #9153, #1079 ) ;
#3161 = AXIS2_PLACEMENT_3D ( 'NONE', #6739, #9802, #8940 ) ;
#3162 = LINE ( 'NONE', #872, #9755 ) ;
#3163 = ORIENTED_EDGE ( 'NONE', *, *, #4138, .F. ) ;
#3164 = EDGE_LOOP ( 'NONE', ( #2719, #9823 ) ) ;
#3165 = ORIENTED_EDGE ( 'NONE', *, *, #7583, .F. ) ;
#3166 = CARTESIAN_POINT ( 'NONE',  ( -8975.000000000000000, 989.9999999999984084, -1135.000000000000227 ) ) ;
#3167 = VECTOR ( 'NONE', #6611, 1000.000000000000000 ) ;
#3168 = AXIS2_PLACEMENT_3D ( 'NONE', #6278, #2676, #8767 ) ;
#3169 = EDGE_CURVE ( 'NONE', #742, #4726, #2960, .T. ) ;
#3170 = CARTESIAN_POINT ( 'NONE',  ( -11880.00000000000182, -814.9999999999974989, -517.7941176470593518 ) ) ;
#3171 = CYLINDRICAL_SURFACE ( 'NONE', #3185, 149.9999999999999147 ) ;
#3172 = CARTESIAN_POINT ( 'NONE',  ( -19088.68599666425871, -875.0000000000000000, -1140.000000000000227 ) ) ;
#3173 = DIRECTION ( 'NONE',  ( 0.000000000000000000, 0.000000000000000000, -1.000000000000000000 ) ) ;
#3174 = VECTOR ( 'NONE', #278, 1000.000000000000000 ) ;
#3175 = DIRECTION ( 'NONE',  ( -1.000000000000000000, -0.000000000000000000, -0.000000000000000000 ) ) ;
#3176 = AXIS2_PLACEMENT_3D ( 'NONE', #9531, #7316, #406 ) ;
#3177 = LINE ( 'NONE', #6132, #6976 ) ;
#3178 = DIRECTION ( 'NONE',  ( 1.000000000000000000, 6.162975822039151993E-33, 1.232595164407830946E-32 ) ) ;
#3179 = AXIS2_PLACEMENT_3D ( 'NONE', #3070, #9165, #6929 ) ;
#3180 = ORIENTED_EDGE ( 'NONE', *, *, #8570, .T. ) ;
#3181 = ADVANCED_FACE ( 'NONE', ( #2079 ), #7365, .T. ) ;
#3182 = CARTESIAN_POINT ( 'NONE',  ( -13250.00000000000000, 295.9385695031826913, -504.9802145985045172 ) ) ;
#3183 = EDGE_CURVE ( 'NONE', #7282, #1957, #6128, .T. ) ;
#3184 = CARTESIAN_POINT ( 'NONE',  ( -13250.00000000000000, 5.551115123125782702E-14, -909.9999999999985221 ) ) ;
#3185 = AXIS2_PLACEMENT_3D ( 'NONE', #2329, #2530, #3118 ) ;
#3186 = CARTESIAN_POINT ( 'NONE',  ( -265.1845289799109651, 989.9999999999984084, -1503.936198047713560 ) ) ;
#3187 = AXIS2_PLACEMENT_3D ( 'NONE', #4659, #4754, #5521 ) ;
#3188 = ORIENTED_EDGE ( 'NONE', *, *, #2816, .F. ) ;
#3189 = CARTESIAN_POINT ( 'NONE',  ( -596.4101615137744830, -739.9999999999984084, -960.0000000000000000 ) ) ;
#3190 = VECTOR ( 'NONE', #9550, 1000.000000000000000 ) ;
#3191 = ORIENTED_EDGE ( 'NONE', *, *, #4817, .F. ) ;
#3192 = VERTEX_POINT ( 'NONE', #5922 ) ;
#3193 = ORIENTED_EDGE ( 'NONE', *, *, #94, .T. ) ;
#3194 = CARTESIAN_POINT ( 'NONE',  ( -11687.50000000000000, 989.9999999999984084, -1135.000000000000227 ) ) ;
#3195 = DIRECTION ( 'NONE',  ( -6.162975822039157467E-33, 1.000000000000000000, 2.775557561563032360E-16 ) ) ;
#3196 = DIRECTION ( 'NONE',  ( 9.378386130608760079E-33, -0.9597039290011751822, -0.2810131111882634425 ) ) ;
#3197 = CARTESIAN_POINT ( 'NONE',  ( -12550.00000000000000, 739.9999999999984084, -4241.944871367028099 ) ) ;
#3198 = CARTESIAN_POINT ( 'NONE',  ( -14500.00000000002001, -278.9021535255452022, -623.7872381793328032 ) ) ;
#3199 = CIRCLE ( 'NONE', #1766, 250.0000000000000000 ) ;
#3200 = CARTESIAN_POINT ( 'NONE',  ( -2825.068018844486232, -989.9999999999992042, -959.9999999999981810 ) ) ;
#3201 = AXIS2_PLACEMENT_3D ( 'NONE', #1520, #4553, #7625 ) ;
#3202 = ORIENTED_EDGE ( 'NONE', *, *, #7901, .F. ) ;
#3203 = CARTESIAN_POINT ( 'NONE',  ( -11411.43189860506209, 725.0021062409357455, -757.0854464784598576 ) ) ;
#3204 = AXIS2_PLACEMENT_3D ( 'NONE', #3532, #7943, #7242 ) ;
#3205 = VECTOR ( 'NONE', #3611, 1000.000000000000000 ) ;
#3206 = AXIS2_PLACEMENT_3D ( 'NONE', #5587, #1149, #6547 ) ;
#3207 = EDGE_LOOP ( 'NONE', ( #3734, #1751, #8045, #7770 ) ) ;
#3208 = VECTOR ( 'NONE', #1969, 1000.000000000000114 ) ;
#3209 = CARTESIAN_POINT ( 'NONE',  ( -18500.00000000000000, -1190.000000000002728, -960.0000000000002274 ) ) ;
#3210 = VERTEX_POINT ( 'NONE', #5869 ) ;
#3211 = EDGE_CURVE ( 'NONE', #3149, #7385, #3896, .T. ) ;
#3212 = EDGE_CURVE ( 'NONE', #5878, #1716, #370, .T. ) ;
#3213 = VERTEX_POINT ( 'NONE', #7519 ) ;
#3214 = DIRECTION ( 'NONE',  ( 0.000000000000000000, -2.413528314402514090E-16, 1.000000000000000000 ) ) ;
#3215 = DIRECTION ( 'NONE',  ( 0.000000000000000000, -1.000000000000000000, 0.000000000000000000 ) ) ;
#3216 = CARTESIAN_POINT ( 'NONE',  ( -9775.000000000000000, -989.9999999999997726, -1135.000000000000227 ) ) ;
#3217 = VECTOR ( 'NONE', #9102, 1000.000000000000000 ) ;
#3218 = CARTESIAN_POINT ( 'NONE',  ( -13250.00000000000000, 278.9021535255452022, -725.0000000000052296 ) ) ;
#3219 = CARTESIAN_POINT ( 'NONE',  ( 0.000000000000000000, -875.0000000000000000, -1140.000000000000227 ) ) ;
#3220 = ADVANCED_FACE ( 'NONE', ( #8321 ), #3714, .T. ) ;
#3221 = DIRECTION ( 'NONE',  ( 1.000000000000000000, -0.000000000000000000, 0.000000000000000000 ) ) ;
#3222 = DIRECTION ( 'NONE',  ( 6.162975822039157467E-33, -1.000000000000000000, -2.775557561563032360E-16 ) ) ;
#3223 = VERTEX_POINT ( 'NONE', #8174 ) ;
#3224 = CYLINDRICAL_SURFACE ( 'NONE', #2548, 460.0000000000000568 ) ;
#3225 = ORIENTED_EDGE ( 'NONE', *, *, #8652, .T. ) ;
#3226 = LINE ( 'NONE', #324, #6041 ) ;
#3227 = FACE_OUTER_BOUND ( 'NONE', #6945, .T. ) ;
#3228 = CARTESIAN_POINT ( 'NONE',  ( -13856.59988046646504, -747.0986934586336474, -637.0854464784592892 ) ) ;
#3229 = CARTESIAN_POINT ( 'NONE',  ( -13499.99999999999818, -1077.499998843224603, -306.2059048389990039 ) ) ;
#3230 = ORIENTED_EDGE ( 'NONE', *, *, #6956, .T. ) ;
#3231 = EDGE_CURVE ( 'NONE', #8106, #4001, #2219, .T. ) ;
#3232 = EDGE_CURVE ( 'NONE', #7390, #7439, #8681, .T. ) ;
#3233 = ORIENTED_EDGE ( 'NONE', *, *, #9384, .F. ) ;
#3234 = VECTOR ( 'NONE', #9152, 1000.000000000000000 ) ;
#3235 = ORIENTED_EDGE ( 'NONE', *, *, #3056, .T. ) ;
#3236 = ORIENTED_EDGE ( 'NONE', *, *, #3027, .F. ) ;
#3237 = ORIENTED_EDGE ( 'NONE', *, *, #8854, .T. ) ;
#3238 = CARTESIAN_POINT ( 'NONE',  ( -2599.999999999999545, -739.9999999999990905, -1135.000000000000227 ) ) ;
#3239 = DIRECTION ( 'NONE',  ( 0.000000000000000000, -1.000000000000000000, 0.000000000000000000 ) ) ;
#3240 = DIRECTION ( 'NONE',  ( -6.162975822039157467E-33, 1.000000000000000000, 2.775557561563032360E-16 ) ) ;
#3241 = CARTESIAN_POINT ( 'NONE',  ( -1949.999999999999773, 200.0000000000000000, -825.0000000000001137 ) ) ;
#3242 = CARTESIAN_POINT ( 'NONE',  ( -14156.10001622140953, -278.9021535255452022, -725.0000000000053433 ) ) ;
#3243 = DIRECTION ( 'NONE',  ( -1.432545838226008399E-17, 1.000000000000000000, -0.000000000000000000 ) ) ;
#3244 = AXIS2_PLACEMENT_3D ( 'NONE', #2420, #6203, #1657 ) ;
#3245 = ORIENTED_EDGE ( 'NONE', *, *, #8699, .T. ) ;
#3246 = EDGE_CURVE ( 'NONE', #2287, #996, #8215, .T. ) ;
#3247 = ORIENTED_EDGE ( 'NONE', *, *, #1201, .T. ) ;
#3248 = DIRECTION ( 'NONE',  ( 1.000000000000000000, 0.000000000000000000, 0.000000000000000000 ) ) ;
#3249 = CARTESIAN_POINT ( 'NONE',  ( -5949.999999999999091, 739.9999999999984084, -960.0000000000002274 ) ) ;
#3250 = ORIENTED_EDGE ( 'NONE', *, *, #3756, .T. ) ;
#3251 = EDGE_CURVE ( 'NONE', #732, #7067, #7456, .T. ) ;
#3252 = EDGE_LOOP ( 'NONE', ( #3001, #9003, #7912, #520 ) ) ;
#3253 = FACE_OUTER_BOUND ( 'NONE', #6123, .T. ) ;
#3254 = EDGE_LOOP ( 'NONE', ( #5501, #2912, #1151, #2073 ) ) ;
#3255 = VERTEX_POINT ( 'NONE', #658 ) ;
#3256 = ORIENTED_EDGE ( 'NONE', *, *, #5189, .F. ) ;
#3257 = DIRECTION ( 'NONE',  ( -0.000000000000000000, 1.000000000000000000, -0.000000000000000000 ) ) ;
#3258 = ORIENTED_EDGE ( 'NONE', *, *, #3056, .F. ) ;
#3259 = CARTESIAN_POINT ( 'NONE',  ( -5949.999999999999091, -739.9999999999997726, -1135.000000000000227 ) ) ;
#3260 = DIRECTION ( 'NONE',  ( 1.000000000000000000, 0.000000000000000000, -0.000000000000000000 ) ) ;
#3261 = CARTESIAN_POINT ( 'NONE',  ( -4895.200086281940457, -921.2864145885224616, -960.0000000000002274 ) ) ;
#3262 = FACE_OUTER_BOUND ( 'NONE', #8550, .T. ) ;
#3263 = CARTESIAN_POINT ( 'NONE',  ( -12500.00000000000182, 1077.499998843224148, -306.2059048389985492 ) ) ;
#3264 = LINE ( 'NONE', #6328, #3767 ) ;
#3265 = CARTESIAN_POINT ( 'NONE',  ( -5576.316527040902656, 9753.686360283016256, -760.0000000000010232 ) ) ;
#3266 = DIRECTION ( 'NONE',  ( 0.000000000000000000, 0.000000000000000000, -1.000000000000000000 ) ) ;
#3267 = EDGE_CURVE ( 'NONE', #8690, #2300, #6070, .T. ) ;
#3268 = DIRECTION ( 'NONE',  ( 6.162975822039157467E-33, -1.000000000000000000, -2.775557561563032360E-16 ) ) ;
#3269 = ADVANCED_FACE ( 'NONE', ( #1469 ), #548, .T. ) ;
#3270 = EDGE_CURVE ( 'NONE', #3584, #2461, #7231, .T. ) ;
#3271 = CARTESIAN_POINT ( 'NONE',  ( -16149.99999999999818, 211.4982215127146787, -960.0000000000002274 ) ) ;
#3272 = CARTESIAN_POINT ( 'NONE',  ( -1949.999999999999773, -899.9999999999998863, -910.0000000000001137 ) ) ;
#3273 = ORIENTED_EDGE ( 'NONE', *, *, #4699, .T. ) ;
#3274 = PLANE ( 'NONE',  #1549 ) ;
#3275 = DIRECTION ( 'NONE',  ( -1.000000000000000000, -6.162975822039154046E-33, -1.232595164407830946E-32 ) ) ;
#3276 = VERTEX_POINT ( 'NONE', #6621 ) ;
#3277 = ORIENTED_EDGE ( 'NONE', *, *, #6723, .F. ) ;
#3278 = VERTEX_POINT ( 'NONE', #9680 ) ;
#3279 = ORIENTED_EDGE ( 'NONE', *, *, #3511, .F. ) ;
#3280 = CARTESIAN_POINT ( 'NONE',  ( -13499.99999999999818, -1970.627566330085756, -637.0854464784596303 ) ) ;
#3281 = ORIENTED_EDGE ( 'NONE', *, *, #5919, .F. ) ;
#3282 = CARTESIAN_POINT ( 'NONE',  ( -13755.00000000007094, 454.0705533836913332, -860.0000000000227374 ) ) ;
#3283 = DIRECTION ( 'NONE',  ( -0.000000000000000000, 0.000000000000000000, 1.000000000000000000 ) ) ;
#3284 = EDGE_CURVE ( 'NONE', #1481, #4872, #53, .T. ) ;
#3285 = CARTESIAN_POINT ( 'NONE',  ( -5949.999999999999091, -739.9999999999997726, -960.0000000000000000 ) ) ;
#3286 = AXIS2_PLACEMENT_3D ( 'NONE', #799, #4636, #40 ) ;
#3287 = CARTESIAN_POINT ( 'NONE',  ( -13250.00000000000000, 278.9021535255452022, -725.0000000000052296 ) ) ;
#3288 = VERTEX_POINT ( 'NONE', #2822 ) ;
#3289 = ORIENTED_EDGE ( 'NONE', *, *, #2862, .F. ) ;
#3290 = AXIS2_PLACEMENT_3D ( 'NONE', #4843, #8662, #9617 ) ;
#3291 = VERTEX_POINT ( 'NONE', #6126 ) ;
#3292 = EDGE_CURVE ( 'NONE', #4787, #3, #4661, .T. ) ;
#3293 = EDGE_CURVE ( 'NONE', #6842, #6679, #8418, .T. ) ;
#3294 = VECTOR ( 'NONE', #3961, 1000.000000000000000 ) ;
#3295 = EDGE_LOOP ( 'NONE', ( #6957, #4496, #1005, #8981, #4119, #9851 ) ) ;
#3296 = ORIENTED_EDGE ( 'NONE', *, *, #8250, .F. ) ;
#3297 = ORIENTED_EDGE ( 'NONE', *, *, #3528, .T. ) ;
#3298 = ORIENTED_EDGE ( 'NONE', *, *, #5161, .F. ) ;
#3299 = ORIENTED_EDGE ( 'NONE', *, *, #2847, .T. ) ;
#3300 = LINE ( 'NONE', #9420, #1423 ) ;
#3301 = FACE_OUTER_BOUND ( 'NONE', #2472, .T. ) ;
#3302 = EDGE_LOOP ( 'NONE', ( #3099, #7961, #2295, #7063, #1489, #4104, #1796, #254 ) ) ;
#3303 = CARTESIAN_POINT ( 'NONE',  ( -16150.00000000000182, 800.0000000000000000, -910.0000000000001137 ) ) ;
#3304 = CARTESIAN_POINT ( 'NONE',  ( -12100.00000000000182, -814.9999999999974989, -459.9999999999983515 ) ) ;
#3305 = VECTOR ( 'NONE', #8213, 1000.000000000000000 ) ;
#3306 = DIRECTION ( 'NONE',  ( 0.000000000000000000, 0.000000000000000000, 1.000000000000000000 ) ) ;
#3307 = DIRECTION ( 'NONE',  ( 0.000000000000000000, 0.000000000000000000, -1.000000000000000000 ) ) ;
#3308 = CARTESIAN_POINT ( 'NONE',  ( -14494.37518636517598, -747.0986934586336474, -637.0854464784592892 ) ) ;
#3309 = AXIS2_PLACEMENT_3D ( 'NONE', #7887, #1018, #7120 ) ;
#3310 = CIRCLE ( 'NONE', #1740, 250.0000000000000000 ) ;
#3311 = CARTESIAN_POINT ( 'NONE',  ( -11880.00000000000182, -1970.627566330085983, -239.9999999999987779 ) ) ;
#3312 = CIRCLE ( 'NONE', #291, 100.0000000000014211 ) ;
#3313 = CARTESIAN_POINT ( 'NONE',  ( -13499.99999999999818, 1077.499998843224375, -637.0854464784587208 ) ) ;
#3314 = LINE ( 'NONE', #7183, #3153 ) ;
#3315 = CARTESIAN_POINT ( 'NONE',  ( -12923.68347295909734, 1189.999999999998408, -6660.000000000000000 ) ) ;
#3316 = CARTESIAN_POINT ( 'NONE',  ( -16800.00000000000000, 989.9999999999984084, -4241.944871367028099 ) ) ;
#3317 = CARTESIAN_POINT ( 'NONE',  ( -13604.79991371805227, -921.2864145885243943, -1135.000000000000227 ) ) ;
#3318 = VECTOR ( 'NONE', #7415, 1000.000000000000000 ) ;
#3319 = VECTOR ( 'NONE', #8739, 1000.000000000000000 ) ;
#3320 = DIRECTION ( 'NONE',  ( -1.000000000000000000, -0.000000000000000000, -0.000000000000000000 ) ) ;
#3321 = ORIENTED_EDGE ( 'NONE', *, *, #6520, .T. ) ;
#3322 = VECTOR ( 'NONE', #1222, 1000.000000000000227 ) ;
#3323 = DIRECTION ( 'NONE',  ( -6.162975822039157467E-33, 1.000000000000000000, 2.775557561563032360E-16 ) ) ;
#3324 = ADVANCED_FACE ( 'NONE', ( #7738, #879 ), #6879, .T. ) ;
#3325 = CARTESIAN_POINT ( 'NONE',  ( -13680.00000000000000, -1970.627566330085983, -239.9999999999987779 ) ) ;
#3326 = AXIS2_PLACEMENT_3D ( 'NONE', #5818, #2677, #8863 ) ;
#3327 = EDGE_CURVE ( 'NONE', #5146, #7592, #6231, .T. ) ;
#3328 = LINE ( 'NONE', #8787, #2049 ) ;
#3329 = VERTEX_POINT ( 'NONE', #6925 ) ;
#3330 = VERTEX_POINT ( 'NONE', #3067 ) ;
#3331 = ORIENTED_EDGE ( 'NONE', *, *, #9666, .T. ) ;
#3332 = ORIENTED_EDGE ( 'NONE', *, *, #9350, .F. ) ;
#3333 = CARTESIAN_POINT ( 'NONE',  ( -7.853451737060908274E-14, 1189.999999999998408, -660.0000000000017053 ) ) ;
#3334 = VECTOR ( 'NONE', #2958, 1000.000000000000000 ) ;
#3335 = DIRECTION ( 'NONE',  ( 6.162975822039157467E-33, -1.000000000000000000, -2.775557561563032360E-16 ) ) ;
#3336 = CARTESIAN_POINT ( 'NONE',  ( -13000.00000000000000, -229.9999999211528348, -725.0000000000050022 ) ) ;
#3337 = VECTOR ( 'NONE', #4767, 1000.000000000000000 ) ;
#3338 = FACE_OUTER_BOUND ( 'NONE', #4728, .T. ) ;
#3339 = ORIENTED_EDGE ( 'NONE', *, *, #1194, .F. ) ;
#3341 = VERTEX_POINT ( 'NONE', #3216 ) ;
#3340 = AXIS2_PLACEMENT_3D ( 'NONE', #8022, #1166, #7973 ) ;
#3342 = EDGE_CURVE ( 'NONE', #4787, #684, #9644, .T. ) ;
#3343 = CIRCLE ( 'NONE', #4284, 460.0000000000000000 ) ;
#3344 = EDGE_CURVE ( 'NONE', #8348, #5231, #6975, .T. ) ;
#3345 = ORIENTED_EDGE ( 'NONE', *, *, #1403, .T. ) ;
#3346 = AXIS2_PLACEMENT_3D ( 'NONE', #5399, #8592, #1797 ) ;
#3347 = DIRECTION ( 'NONE',  ( 1.000000000000000000, 0.000000000000000000, -1.189916929857710326E-16 ) ) ;
#3348 = AXIS2_PLACEMENT_3D ( 'NONE', #9801, #9843, #677 ) ;
#3349 = SHAPE_DEFINITION_REPRESENTATION ( #5067, #2658 ) ;
#3350 = AXIS2_PLACEMENT_3D ( 'NONE', #7920, #1636, #75 ) ;
#3351 = ORIENTED_EDGE ( 'NONE', *, *, #7384, .F. ) ;
#3352 = DIRECTION ( 'NONE',  ( -6.162975822039157467E-33, 1.000000000000000000, 2.775557561563032360E-16 ) ) ;
#3353 = CIRCLE ( 'NONE', #8950, 250.0000000000000000 ) ;
#3354 = EDGE_CURVE ( 'NONE', #1196, #719, #2452, .T. ) ;
#3355 = ADVANCED_FACE ( 'NONE', ( #9322 ), #67, .T. ) ;
#3356 = EDGE_LOOP ( 'NONE', ( #5808, #7603, #6575, #6026 ) ) ;
#3357 = EDGE_LOOP ( 'NONE', ( #7941, #8504, #154, #1507 ) ) ;
#3358 = ORIENTED_EDGE ( 'NONE', *, *, #8600, .T. ) ;
#3359 = CARTESIAN_POINT ( 'NONE',  ( -16800.00000000000000, -739.9999999999984084, -960.0000000000002274 ) ) ;
#3360 = EDGE_LOOP ( 'NONE', ( #1454, #672, #2910, #4052 ) ) ;
#3361 = VECTOR ( 'NONE', #1197, 1000.000000000000000 ) ;
#3362 = DIRECTION ( 'NONE',  ( 0.000000000000000000, -1.000000000000000000, -5.551115123125782702E-16 ) ) ;
#3363 = LINE ( 'NONE', #8764, #8290 ) ;
#3364 = FACE_OUTER_BOUND ( 'NONE', #7466, .T. ) ;
#3365 = LINE ( 'NONE', #7031, #3635 ) ;
#3366 = DIRECTION ( 'NONE',  ( -6.162975822039157467E-33, 1.000000000000000000, 3.301729611148415602E-16 ) ) ;
#3367 = ADVANCED_FACE ( 'NONE', ( #2485 ), #4551, .F. ) ;
#3368 = ORIENTED_EDGE ( 'NONE', *, *, #4339, .T. ) ;
#3369 = DIRECTION ( 'NONE',  ( -1.000000000000000000, 0.000000000000000000, 1.040834085586083310E-14 ) ) ;
#3370 = ORIENTED_EDGE ( 'NONE', *, *, #35, .F. ) ;
#3371 = CARTESIAN_POINT ( 'NONE',  ( -12143.40011953353496, -278.9021535255452022, -623.7872381793328032 ) ) ;
#3372 = EDGE_CURVE ( 'NONE', #1143, #5024, #665, .T. ) ;
#3373 = DIRECTION ( 'NONE',  ( -1.000000000000000000, -2.405483220021172340E-16, 0.000000000000000000 ) ) ;
#3374 = CARTESIAN_POINT ( 'NONE',  ( -13499.99999999999818, -814.9999999999974989, -637.0854464784592892 ) ) ;
#3375 = DIRECTION ( 'NONE',  ( 1.000000000000000000, 6.162975822039151993E-33, 1.232595164407830946E-32 ) ) ;
#3376 = ORIENTED_EDGE ( 'NONE', *, *, #9478, .T. ) ;
#3377 = DIRECTION ( 'NONE',  ( -0.000000000000000000, 1.000000000000000000, -0.000000000000000000 ) ) ;
#3378 = DIRECTION ( 'NONE',  ( 0.000000000000000000, -0.000000000000000000, -1.000000000000000000 ) ) ;
#3379 = ORIENTED_EDGE ( 'NONE', *, *, #7357, .F. ) ;
#3380 = ORIENTED_EDGE ( 'NONE', *, *, #9769, .F. ) ;
#3381 = ORIENTED_EDGE ( 'NONE', *, *, #6282, .F. ) ;
#3382 = CARTESIAN_POINT ( 'NONE',  ( -2349.999999999999545, 1189.999999999998408, -960.0000000000002274 ) ) ;
#3383 = ORIENTED_EDGE ( 'NONE', *, *, #6857, .T. ) ;
#3384 = AXIS2_PLACEMENT_3D ( 'NONE', #8779, #1931, #465 ) ;
#3385 = CARTESIAN_POINT ( 'NONE',  ( -18153.58983848622665, -311.4982215127147924, -1135.000000000000227 ) ) ;
#3386 = FACE_OUTER_BOUND ( 'NONE', #7732, .T. ) ;
#3387 = DIRECTION ( 'NONE',  ( -0.000000000000000000, -0.000000000000000000, -1.000000000000000000 ) ) ;
#3388 = ADVANCED_FACE ( 'NONE', ( #1723 ), #5523, .T. ) ;
#3389 = VERTEX_POINT ( 'NONE', #7686 ) ;
#3390 = FACE_OUTER_BOUND ( 'NONE', #4242, .T. ) ;
#3391 = VECTOR ( 'NONE', #2743, 1000.000000000000000 ) ;
#3392 = DIRECTION ( 'NONE',  ( 1.000000000000000000, 6.162975822039151993E-33, 1.232595164407830946E-32 ) ) ;
#3393 = ORIENTED_EDGE ( 'NONE', *, *, #2564, .F. ) ;
#3394 = VECTOR ( 'NONE', #5883, 1000.000000000000114 ) ;
#3395 = EDGE_CURVE ( 'NONE', #3619, #1842, #4758, .T. ) ;
#3396 = ADVANCED_FACE ( 'NONE', ( #14 ), #3171, .T. ) ;
#3397 = ADVANCED_FACE ( 'NONE', ( #9276 ), #2438, .T. ) ;
#3398 = EDGE_CURVE ( 'NONE', #391, #6915, #3662, .T. ) ;
#3399 = VERTEX_POINT ( 'NONE', #972 ) ;
#3400 = FACE_OUTER_BOUND ( 'NONE', #7165, .T. ) ;
#3401 = VECTOR ( 'NONE', #2164, 1000.000000000000000 ) ;
#3402 = EDGE_LOOP ( 'NONE', ( #7051, #5990, #6134, #8459 ) ) ;
#3403 = ORIENTED_EDGE ( 'NONE', *, *, #3612, .T. ) ;
#3404 = ORIENTED_EDGE ( 'NONE', *, *, #7618, .T. ) ;
#3405 = DIRECTION ( 'NONE',  ( 0.000000000000000000, -0.9901138386947148096, 0.1402661271484180183 ) ) ;
#3406 = DIRECTION ( 'NONE',  ( 0.000000000000000000, 0.000000000000000000, -1.000000000000000000 ) ) ;
#3407 = CARTESIAN_POINT ( 'NONE',  ( -16650.00000000000364, 311.4982215127146787, -1135.000000000000227 ) ) ;
#3408 = EDGE_CURVE ( 'NONE', #108, #4523, #1116, .T. ) ;
#3409 = DIRECTION ( 'NONE',  ( 1.000000000000000000, 6.162975822039151993E-33, 1.232595164407830946E-32 ) ) ;
#3410 = LINE ( 'NONE', #3980, #5561 ) ;
#3411 = ADVANCED_FACE ( 'NONE', ( #5814 ), #4896, .F. ) ;
#3412 = CARTESIAN_POINT ( 'NONE',  ( -16550.00000000000000, 989.9999999999984084, -1135.000000000000227 ) ) ;
#3413 = ORIENTED_EDGE ( 'NONE', *, *, #3726, .F. ) ;
#3414 = LINE ( 'NONE', #2735, #4129 ) ;
#3415 = LINE ( 'NONE', #5822, #6204 ) ;
#3416 = DIRECTION ( 'NONE',  ( 0.000000000000000000, 0.000000000000000000, 1.000000000000000000 ) ) ;
#3417 = EDGE_CURVE ( 'NONE', #8519, #1626, #6227, .T. ) ;
#3418 = EDGE_CURVE ( 'NONE', #6846, #2028, #3450, .T. ) ;
#3419 = DIRECTION ( 'NONE',  ( -0.000000000000000000, 0.000000000000000000, 1.000000000000000000 ) ) ;
#3420 = LINE ( 'NONE', #4178, #9798 ) ;
#3421 = VERTEX_POINT ( 'NONE', #8672 ) ;
#3422 = DIRECTION ( 'NONE',  ( -0.000000000000000000, 0.000000000000000000, 1.000000000000000000 ) ) ;
#3423 = DIRECTION ( 'NONE',  ( -0.9632452974707709226, -0.2686233364777642629, -0.000000000000000000 ) ) ;
#3424 = EDGE_LOOP ( 'NONE', ( #4083, #9440, #3445, #5367 ) ) ;
#3425 = CARTESIAN_POINT ( 'NONE',  ( -16023.13766635222419, -246.8767314595582434, -1135.000000000001137 ) ) ;
#3426 = ORIENTED_EDGE ( 'NONE', *, *, #7618, .F. ) ;
#3427 = CARTESIAN_POINT ( 'NONE',  ( -11499.99999999997999, 747.0986934586334201, -637.0854464784588345 ) ) ;
#3428 = CARTESIAN_POINT ( 'NONE',  ( -19120.00000000000000, 875.0000000000000000, -1060.000000000000000 ) ) ;
#3429 = CARTESIAN_POINT ( 'NONE',  ( -17903.58983848622665, 739.9999999999984084, -960.0000000000000000 ) ) ;
#3430 = DIRECTION ( 'NONE',  ( 0.9848077530122090195, 0.000000000000000000, 0.1736481776669255295 ) ) ;
#3431 = CARTESIAN_POINT ( 'NONE',  ( -14338.65743636097977, 1077.499998843224375, -757.0854464784595166 ) ) ;
#3432 = EDGE_LOOP ( 'NONE', ( #3678, #1999, #7014, #4439 ) ) ;
#3433 = CARTESIAN_POINT ( 'NONE',  ( -11499.99999999997999, 278.9021535255452022, -623.7872381793326895 ) ) ;
#3434 = CARTESIAN_POINT ( 'NONE',  ( -14156.10001622140953, -176.9719203373659866, -350.9999999999987494 ) ) ;
#3435 = EDGE_LOOP ( 'NONE', ( #8151, #8553, #9455, #7138 ) ) ;
#3436 = ORIENTED_EDGE ( 'NONE', *, *, #218, .T. ) ;
#3437 = CIRCLE ( 'NONE', #6645, 200.0000000000000000 ) ;
#3438 = ORIENTED_EDGE ( 'NONE', *, *, #8011, .F. ) ;
#3439 = LINE ( 'NONE', #4946, #5241 ) ;
#3440 = VECTOR ( 'NONE', #6944, 1000.000000000000000 ) ;
#3441 = EDGE_CURVE ( 'NONE', #7111, #5540, #9569, .T. ) ;
#3442 = ADVANCED_FACE ( 'NONE', ( #5769 ), #9523, .F. ) ;
#3443 = ORIENTED_EDGE ( 'NONE', *, *, #5162, .T. ) ;
#3444 = EDGE_CURVE ( 'NONE', #7826, #6262, #1823, .T. ) ;
#3445 = ORIENTED_EDGE ( 'NONE', *, *, #7194, .F. ) ;
#3446 = ORIENTED_EDGE ( 'NONE', *, *, #4998, .F. ) ;
#3447 = FACE_OUTER_BOUND ( 'NONE', #917, .T. ) ;
#3448 = VERTEX_POINT ( 'NONE', #9473 ) ;
#3449 = DIRECTION ( 'NONE',  ( 1.509903313490212895E-14, 0.000000000000000000, -1.000000000000000000 ) ) ;
#3450 = LINE ( 'NONE', #5621, #4296 ) ;
#3451 = AXIS2_PLACEMENT_3D ( 'NONE', #692, #6910, #7664 ) ;
#3452 = PLANE ( 'NONE',  #8313 ) ;
#3453 = CARTESIAN_POINT ( 'NONE',  ( -13899.99999999999818, 814.9999999999973852, -919.9999999999980673 ) ) ;
#3454 = DIRECTION ( 'NONE',  ( -1.000000000000000000, 0.000000000000000000, 0.000000000000000000 ) ) ;
#3455 = VERTEX_POINT ( 'NONE', #5712 ) ;
#3456 = FACE_OUTER_BOUND ( 'NONE', #8979, .T. ) ;
#3457 = CIRCLE ( 'NONE', #7800, 277.7941176470602045 ) ;
#3458 = EDGE_CURVE ( 'NONE', #6679, #442, #7834, .T. ) ;
#3459 = ORIENTED_EDGE ( 'NONE', *, *, #6164, .T. ) ;
#3460 = LINE ( 'NONE', #7363, #8282 ) ;
#3461 = VECTOR ( 'NONE', #3664, 1000.000000000000000 ) ;
#3462 = CYLINDRICAL_SURFACE ( 'NONE', #1880, 277.7941176470602045 ) ;
#3463 = CARTESIAN_POINT ( 'NONE',  ( -12320.00000000000000, 814.9999999999972715, -239.9999999999979821 ) ) ;
#3464 = FACE_OUTER_BOUND ( 'NONE', #4739, .T. ) ;
#3465 = PLANE ( 'NONE',  #4882 ) ;
#3466 = CARTESIAN_POINT ( 'NONE',  ( -2349.999999999999545, -899.9999999999998863, -910.0000000000001137 ) ) ;
#3467 = DIRECTION ( 'NONE',  ( 1.000000000000000000, 6.162975822039151993E-33, 1.232595164407830946E-32 ) ) ;
#3468 = DIRECTION ( 'NONE',  ( 1.000000000000000000, 0.000000000000000000, 0.000000000000000000 ) ) ;
#3469 = EDGE_LOOP ( 'NONE', ( #6212, #4964, #5170, #5854 ) ) ;
#3470 = DIRECTION ( 'NONE',  ( -6.162975822038967936E-33, 1.000000000000000000, -1.510372559762204329E-14 ) ) ;
#3471 = VECTOR ( 'NONE', #1860, 1000.000000000000000 ) ;
#3472 = CARTESIAN_POINT ( 'NONE',  ( -16149.99999999999818, 211.4982215127146787, -4241.944871367028099 ) ) ;
#3473 = EDGE_CURVE ( 'NONE', #3192, #8384, #5741, .T. ) ;
#3474 = EDGE_CURVE ( 'NONE', #1464, #485, #8513, .T. ) ;
#3475 = ORIENTED_EDGE ( 'NONE', *, *, #94, .F. ) ;
#3476 = VERTEX_POINT ( 'NONE', #4254 ) ;
#3477 = LINE ( 'NONE', #7141, #7506 ) ;
#3478 = ORIENTED_EDGE ( 'NONE', *, *, #2967, .T. ) ;
#3479 = CARTESIAN_POINT ( 'NONE',  ( -12500.00000000000182, -899.9999999999986358, -637.0854464784594029 ) ) ;
#3480 = DIRECTION ( 'NONE',  ( -0.000000000000000000, 0.000000000000000000, 1.000000000000000000 ) ) ;
#3481 = CYLINDRICAL_SURFACE ( 'NONE', #3549, 100.0000000000000853 ) ;
#3482 = PRESENTATION_LAYER_ASSIGNMENT (  '', '', ( #9396 ) ) ;
#3483 = CARTESIAN_POINT ( 'NONE',  ( -12750.00000000000000, 899.9999999999986358, -769.9999999999959073 ) ) ;
#3484 = VECTOR ( 'NONE', #9513, 1000.000000000000000 ) ;
#3485 = CARTESIAN_POINT ( 'NONE',  ( -15150.00000000000182, 1189.999999999998408, -960.0000000000002274 ) ) ;
#3486 = ORIENTED_EDGE ( 'NONE', *, *, #7073, .T. ) ;
#3487 = DIRECTION ( 'NONE',  ( -1.000000000000000000, 0.000000000000000000, 0.000000000000000000 ) ) ;
#3488 = DIRECTION ( 'NONE',  ( 0.000000000000000000, -1.000000000000000000, 0.000000000000000000 ) ) ;
#3489 = PRODUCT_RELATED_PRODUCT_CATEGORY ( 'part', '', ( #2998 ) ) ;
#3490 = VECTOR ( 'NONE', #1732, 1000.000000000000114 ) ;
#3491 = EDGE_LOOP ( 'NONE', ( #6397, #4547, #5179, #7954 ) ) ;
#3492 = CIRCLE ( 'NONE', #9075, 250.0000000000000000 ) ;
#3493 = CARTESIAN_POINT ( 'NONE',  ( -1949.999999999999773, 211.4982215127146787, -4241.944871367028099 ) ) ;
#3494 = AXIS2_PLACEMENT_3D ( 'NONE', #8826, #2687, #3375 ) ;
#3495 = CIRCLE ( 'NONE', #3340, 250.0000000000000000 ) ;
#3496 = AXIS2_PLACEMENT_3D ( 'NONE', #9808, #491, #5945 ) ;
#3497 = ORIENTED_EDGE ( 'NONE', *, *, #2409, .T. ) ;
#3498 = DIRECTION ( 'NONE',  ( 1.000000000000000000, 6.162975822039151993E-33, 1.232595164407830946E-32 ) ) ;
#3499 = CARTESIAN_POINT ( 'NONE',  ( -13226.86233364777581, 715.2359445967783813, -960.0000000000000000 ) ) ;
#3500 = AXIS2_PLACEMENT_3D ( 'NONE', #9866, #1511, #2952 ) ;
#3501 = ORIENTED_EDGE ( 'NONE', *, *, #9556, .T. ) ;
#3502 = VERTEX_POINT ( 'NONE', #1917 ) ;
#3503 = LINE ( 'NONE', #6566, #2888 ) ;
#3504 = LINE ( 'NONE', #315, #288 ) ;
#3505 = FACE_OUTER_BOUND ( 'NONE', #8093, .T. ) ;
#3506 = AXIS2_PLACEMENT_3D ( 'NONE', #1843, #4085, #4227 ) ;
#3507 = LINE ( 'NONE', #4899, #9766 ) ;
#3508 = DIRECTION ( 'NONE',  ( 6.162975822039157467E-33, -1.000000000000000000, -3.301729611148415602E-16 ) ) ;
#3509 = EDGE_CURVE ( 'NONE', #6036, #9715, #3363, .T. ) ;
#3510 = DIRECTION ( 'NONE',  ( -6.162975822039156098E-33, 1.000000000000000000, 2.775557561563032360E-16 ) ) ;
#3511 = EDGE_CURVE ( 'NONE', #2481, #5047, #6426, .T. ) ;
#3512 = CARTESIAN_POINT ( 'NONE',  ( -8725.000000000000000, -740.0000000000005684, -960.0000000000002274 ) ) ;
#3513 = VECTOR ( 'NONE', #68, 1000.000000000000000 ) ;
#3514 = ORIENTED_EDGE ( 'NONE', *, *, #3342, .F. ) ;
#3515 = CARTESIAN_POINT ( 'NONE',  ( -14119.99999999999818, -1077.499998843224603, -239.9999999999985505 ) ) ;
#3516 = CIRCLE ( 'NONE', #328, 100.0000000000014211 ) ;
#3517 = ORIENTED_EDGE ( 'NONE', *, *, #5178, .F. ) ;
#3518 = CARTESIAN_POINT ( 'NONE',  ( -11687.01208824004425, 899.9999999999986358, -761.6116762475795667 ) ) ;
#3519 = AXIS2_PLACEMENT_3D ( 'NONE', #2126, #1328, #4361 ) ;
#3520 = FACE_OUTER_BOUND ( 'NONE', #389, .T. ) ;
#3521 = DIRECTION ( 'NONE',  ( -1.000000000000000000, 0.000000000000000000, 0.000000000000000000 ) ) ;
#3522 = CARTESIAN_POINT ( 'NONE',  ( -7612.500000000000000, 739.9999999999984084, -1135.000000000000227 ) ) ;
#3523 = CARTESIAN_POINT ( 'NONE',  ( -12923.68347295909734, -1189.999999999998181, -6660.000000000000000 ) ) ;
#3524 = EDGE_CURVE ( 'NONE', #9505, #2789, #1966, .T. ) ;
#3525 = DIRECTION ( 'NONE',  ( -1.000000000000000000, 0.000000000000000000, 0.000000000000000000 ) ) ;
#3527 = CARTESIAN_POINT ( 'NONE',  ( -13856.59988046646504, 278.9021535255452022, -623.7872381793326895 ) ) ;
#3526 = AXIS2_PLACEMENT_3D ( 'NONE', #8192, #3542, #1346 ) ;
#3528 = EDGE_CURVE ( 'NONE', #9000, #7607, #3495, .T. ) ;
#3529 = DIRECTION ( 'NONE',  ( 0.000000000000000000, -0.000000000000000000, -1.000000000000000000 ) ) ;
#3530 = VERTEX_POINT ( 'NONE', #4168 ) ;
#3531 = VERTEX_POINT ( 'NONE', #4207 ) ;
#3532 = CARTESIAN_POINT ( 'NONE',  ( -16550.00000000000000, 989.9999999999984084, -4241.944871367028099 ) ) ;
#3533 = ORIENTED_EDGE ( 'NONE', *, *, #5785, .T. ) ;
#3534 = DIRECTION ( 'NONE',  ( 6.162975822038967936E-33, -1.000000000000000000, 1.510372559762204329E-14 ) ) ;
#3535 = PLANE ( 'NONE',  #6683 ) ;
#3536 = LINE ( 'NONE', #9653, #4345 ) ;
#3537 = DIRECTION ( 'NONE',  ( -0.000000000000000000, 0.000000000000000000, 1.000000000000000000 ) ) ;
#3538 = FACE_BOUND ( 'NONE', #8318, .T. ) ;
#3539 = EDGE_CURVE ( 'NONE', #6931, #6659, #8934, .T. ) ;
#3540 = ORIENTED_EDGE ( 'NONE', *, *, #8747, .F. ) ;
#3541 = ADVANCED_FACE ( 'NONE', ( #3505 ), #6569, .F. ) ;
#3542 = DIRECTION ( 'NONE',  ( 1.000000000000000000, -0.000000000000000000, -0.000000000000000000 ) ) ;
#3543 = VERTEX_POINT ( 'NONE', #1019 ) ;
#3544 = DIRECTION ( 'NONE',  ( 1.232595164407830672E-32, 2.775557561563032360E-16, -1.000000000000000000 ) ) ;
#3545 = EDGE_CURVE ( 'NONE', #2461, #9145, #7355, .T. ) ;
#3546 = CIRCLE ( 'NONE', #1003, 200.0000000000000000 ) ;
#3547 = VERTEX_POINT ( 'NONE', #2362 ) ;
#3548 = ORIENTED_EDGE ( 'NONE', *, *, #9701, .T. ) ;
#3549 = AXIS2_PLACEMENT_3D ( 'NONE', #6544, #9601, #4331 ) ;
#3550 = ORIENTED_EDGE ( 'NONE', *, *, #1816, .T. ) ;
#3551 = ORIENTED_EDGE ( 'NONE', *, *, #9204, .T. ) ;
#3552 = CARTESIAN_POINT ( 'NONE',  ( -13899.99999999999818, 1054.999999999997044, 2.220446049250313081E-12 ) ) ;
#3553 = CARTESIAN_POINT ( 'NONE',  ( -7862.500000000000909, 739.9999999999984084, -1135.000000000000227 ) ) ;
#3554 = DIRECTION ( 'NONE',  ( 1.000000000000000000, 6.162975822039151993E-33, 1.232595164407830946E-32 ) ) ;
#3555 = DIRECTION ( 'NONE',  ( -6.162975822039157467E-33, 1.000000000000000000, 2.775557561563032360E-16 ) ) ;
#3556 = ORIENTED_EDGE ( 'NONE', *, *, #1659, .F. ) ;
#3557 = AXIS2_PLACEMENT_3D ( 'NONE', #9488, #411, #1225 ) ;
#3558 = DIRECTION ( 'NONE',  ( -1.432545838226008399E-17, -1.000000000000000000, 0.000000000000000000 ) ) ;
#3559 = ORIENTED_EDGE ( 'NONE', *, *, #9387, .F. ) ;
#3560 = CARTESIAN_POINT ( 'NONE',  ( -11499.99999999997999, -190.0000000000008242, -350.9999999999987494 ) ) ;
#3561 = EDGE_CURVE ( 'NONE', #5413, #2069, #9670, .T. ) ;
#3562 = LINE ( 'NONE', #8724, #584 ) ;
#3563 = CARTESIAN_POINT ( 'NONE',  ( -14569.74851850929372, 1189.999999999998181, -1009.999999999997158 ) ) ;
#3564 = CARTESIAN_POINT ( 'NONE',  ( -2825.068018844486232, 0.000000000000000000, -960.0000000000002274 ) ) ;
#3565 = DIRECTION ( 'NONE',  ( 0.000000000000000000, 1.000000000000000000, 0.000000000000000000 ) ) ;
#3566 = DIRECTION ( 'NONE',  ( 6.162975822039157467E-33, -1.000000000000000000, -2.775557561563032360E-16 ) ) ;
#3567 = LINE ( 'NONE', #6625, #9409 ) ;
#3568 = CYLINDRICAL_SURFACE ( 'NONE', #3641, 149.9999999999999147 ) ;
#3569 = EDGE_CURVE ( 'NONE', #7486, #7221, #7185, .T. ) ;
#3570 = VERTEX_POINT ( 'NONE', #9087 ) ;
#3571 = EDGE_CURVE ( 'NONE', #6577, #8829, #7716, .T. ) ;
#3572 = ORIENTED_EDGE ( 'NONE', *, *, #3561, .F. ) ;
#3573 = ORIENTED_EDGE ( 'NONE', *, *, #7015, .F. ) ;
#3574 = CARTESIAN_POINT ( 'NONE',  ( -12750.00000000000000, 729.4021522441533989, -769.9999999999959073 ) ) ;
#3575 = ORIENTED_EDGE ( 'NONE', *, *, #1669, .T. ) ;
#3576 = EDGE_CURVE ( 'NONE', #5764, #8348, #4440, .T. ) ;
#3577 = DIRECTION ( 'NONE',  ( 6.162975822039157467E-33, -1.000000000000000000, -2.775557561563032360E-16 ) ) ;
#3578 = CARTESIAN_POINT ( 'NONE',  ( -5576.316527040901747, -9753.686360283016256, -6660.000000000000909 ) ) ;
#3579 = CARTESIAN_POINT ( 'NONE',  ( -596.4101615137744830, -989.9999999999984084, -1135.000000000001137 ) ) ;
#3580 = CARTESIAN_POINT ( 'NONE',  ( -14388.56810139493609, -877.4999988432243754, -909.9999999999987494 ) ) ;
#3581 = ORIENTED_EDGE ( 'NONE', *, *, #249, .T. ) ;
#3582 = LINE ( 'NONE', #1304, #6567 ) ;
#3583 = DIRECTION ( 'NONE',  ( 6.162975822038967936E-33, -1.000000000000000000, 1.510372559762204329E-14 ) ) ;
#3584 = VERTEX_POINT ( 'NONE', #4350 ) ;
#3585 = EDGE_CURVE ( 'NONE', #4617, #854, #2308, .T. ) ;
#3586 = ORIENTED_EDGE ( 'NONE', *, *, #3509, .T. ) ;
#3587 = EDGE_LOOP ( 'NONE', ( #7881, #5338, #7201, #6875 ) ) ;
#3588 = EDGE_CURVE ( 'NONE', #557, #6338, #1610, .T. ) ;
#3589 = FACE_OUTER_BOUND ( 'NONE', #8834, .T. ) ;
#3590 = DIRECTION ( 'NONE',  ( -6.162975822039157467E-33, 1.000000000000000000, 2.775557561563032360E-16 ) ) ;
#3591 = ORIENTED_EDGE ( 'NONE', *, *, #7416, .F. ) ;
#3592 = CARTESIAN_POINT ( 'NONE',  ( -14119.99999999999818, -1970.627566330085983, -239.9999999999987779 ) ) ;
#3593 = EDGE_CURVE ( 'NONE', #6468, #4924, #4641, .T. ) ;
#3594 = ADVANCED_FACE ( 'NONE', ( #2811 ), #9916, .T. ) ;
#3595 = ORIENTED_EDGE ( 'NONE', *, *, #4865, .F. ) ;
#3596 = EDGE_CURVE ( 'NONE', #6421, #3278, #8162, .T. ) ;
#3597 = EDGE_LOOP ( 'NONE', ( #2749, #1429, #282, #8256 ) ) ;
#3598 = FACE_OUTER_BOUND ( 'NONE', #2244, .T. ) ;
#3599 = CARTESIAN_POINT ( 'NONE',  ( 0.000000000000000000, 0.000000000000000000, 0.000000000000000000 ) ) ;
#3600 = CARTESIAN_POINT ( 'NONE',  ( -14156.10001622140953, -278.9021535255452022, -725.0000000000053433 ) ) ;
#3601 = CARTESIAN_POINT ( 'NONE',  ( -13899.99999999999818, -679.9999999999978400, 1.720845688168992638E-12 ) ) ;
#3602 = CARTESIAN_POINT ( 'NONE',  ( -13614.20173049477307, -955.0000000000015916, -960.0000000000000000 ) ) ;
#3603 = DIRECTION ( 'NONE',  ( -1.000000000000000000, -6.162975822039151993E-33, -1.232595164407830946E-32 ) ) ;
#3604 = AXIS2_PLACEMENT_3D ( 'NONE', #9248, #9910, #5400 ) ;
#3605 = VERTEX_POINT ( 'NONE', #8344 ) ;
#3606 = VERTEX_POINT ( 'NONE', #3793 ) ;
#3607 = DIRECTION ( 'NONE',  ( 6.162975822039157467E-33, -1.000000000000000000, -2.775557561563032360E-16 ) ) ;
#3608 = VECTOR ( 'NONE', #8297, 1000.000000000000000 ) ;
#3609 = DIRECTION ( 'NONE',  ( 7.993605777301127091E-15, 0.000000000000000000, -1.000000000000000000 ) ) ;
#3610 = CARTESIAN_POINT ( 'NONE',  ( -17903.58983848622665, 989.9999999999984084, -1135.000000000001137 ) ) ;
#3611 = DIRECTION ( 'NONE',  ( -1.000000000000000000, -6.162975822039151993E-33, -1.232595164407830946E-32 ) ) ;
#3612 = EDGE_CURVE ( 'NONE', #2512, #442, #7401, .T. ) ;
#3613 = DIRECTION ( 'NONE',  ( -1.000000000000000000, 0.000000000000000000, -0.000000000000000000 ) ) ;
#3614 = PLANE ( 'NONE',  #8336 ) ;
#3615 = DIRECTION ( 'NONE',  ( 1.000000000000000000, 6.162975822039151993E-33, 1.232595164407830946E-32 ) ) ;
#3616 = AXIS2_PLACEMENT_3D ( 'NONE', #3887, #77, #4074 ) ;
#3617 = CARTESIAN_POINT ( 'NONE',  ( -7062.500000000000000, 739.9999999999984084, -1135.000000000000227 ) ) ;
#3618 = ORIENTED_EDGE ( 'NONE', *, *, #1780, .T. ) ;
#3619 = VERTEX_POINT ( 'NONE', #8110 ) ;
#3620 = CARTESIAN_POINT ( 'NONE',  ( -18500.00000000000000, -875.0000000000000000, -1060.000000000000000 ) ) ;
#3621 = CARTESIAN_POINT ( 'NONE',  ( -1949.999999999999773, -989.9999999999984084, -1135.000000000000227 ) ) ;
#3622 = ORIENTED_EDGE ( 'NONE', *, *, #116, .F. ) ;
#3623 = CARTESIAN_POINT ( 'NONE',  ( -4895.200086281940457, -921.2864145885224616, -4241.944871367028099 ) ) ;
#3624 = DIRECTION ( 'NONE',  ( -6.162975822039157467E-33, 1.000000000000000000, 3.301729611148415602E-16 ) ) ;
#3625 = VECTOR ( 'NONE', #6033, 1000.000000000000000 ) ;
#3626 = PLANE ( 'NONE',  #9428 ) ;
#3627 = VECTOR ( 'NONE', #171, 1000.000000000000114 ) ;
#3628 = EDGE_CURVE ( 'NONE', #1716, #1355, #1265, .T. ) ;
#3629 = ORIENTED_EDGE ( 'NONE', *, *, #7950, .T. ) ;
#3630 = CARTESIAN_POINT ( 'NONE',  ( -13499.99999999999818, -1077.499998843224375, -637.0854464784594029 ) ) ;
#3631 = CIRCLE ( 'NONE', #9714, 460.0000000000000000 ) ;
#3632 = EDGE_CURVE ( 'NONE', #4680, #3010, #9264, .T. ) ;
#3633 = ORIENTED_EDGE ( 'NONE', *, *, #8195, .T. ) ;
#3634 = EDGE_LOOP ( 'NONE', ( #9850, #8790, #3650, #5328, #4831, #6759, #5454 ) ) ;
#3635 = VECTOR ( 'NONE', #7174, 1000.000000000000000 ) ;
#3636 = CARTESIAN_POINT ( 'NONE',  ( -13250.00000000000000, -732.4719190560189190, -589.9999999999970441 ) ) ;
#3637 = LINE ( 'NONE', #1396, #4141 ) ;
#3638 = VECTOR ( 'NONE', #5914, 1000.000000000000000 ) ;
#3639 = DIRECTION ( 'NONE',  ( -1.000000000000000000, 0.000000000000000000, 0.000000000000000000 ) ) ;
#3640 = ADVANCED_FACE ( 'NONE', ( #1544 ), #3855, .T. ) ;
#3641 = AXIS2_PLACEMENT_3D ( 'NONE', #9688, #8220, #714 ) ;
#3642 = VECTOR ( 'NONE', #2400, 1000.000000000000000 ) ;
#3643 = EDGE_CURVE ( 'NONE', #3010, #3421, #9139, .T. ) ;
#3644 = ORIENTED_EDGE ( 'NONE', *, *, #7893, .F. ) ;
#3645 = CARTESIAN_POINT ( 'NONE',  ( -16550.00000000000000, -200.0000000000000000, -825.0000000000001137 ) ) ;
#3646 = VECTOR ( 'NONE', #2286, 1000.000000000000000 ) ;
#3647 = LINE ( 'NONE', #6561, #6339 ) ;
#3648 = AXIS2_PLACEMENT_3D ( 'NONE', #1217, #1170, #2776 ) ;
#3649 = ORIENTED_EDGE ( 'NONE', *, *, #6496, .T. ) ;
#3650 = ORIENTED_EDGE ( 'NONE', *, *, #1287, .T. ) ;
#3651 = ORIENTED_EDGE ( 'NONE', *, *, #3881, .F. ) ;
#3652 = DIRECTION ( 'NONE',  ( 6.162975822038725719E-33, -1.000000000000000000, 3.475251659431239960E-14 ) ) ;
#3653 = AXIS2_PLACEMENT_3D ( 'NONE', #6373, #2584, #256 ) ;
#3654 = LINE ( 'NONE', #8114, #9061 ) ;
#3655 = DIRECTION ( 'NONE',  ( 1.232595164407830672E-32, 2.775557561563032360E-16, -1.000000000000000000 ) ) ;
#3656 = CIRCLE ( 'NONE', #7492, 80.00000000000007105 ) ;
#3657 = ORIENTED_EDGE ( 'NONE', *, *, #8050, .F. ) ;
#3658 = ADVANCED_FACE ( 'NONE', ( #2859 ), #5909, .F. ) ;
#3659 = ORIENTED_EDGE ( 'NONE', *, *, #455, .T. ) ;
#3660 = EDGE_CURVE ( 'NONE', #9746, #9816, #6855, .T. ) ;
#3661 = ORIENTED_EDGE ( 'NONE', *, *, #8855, .F. ) ;
#3662 = CIRCLE ( 'NONE', #1599, 250.0000000000000000 ) ;
#3663 = CARTESIAN_POINT ( 'NONE',  ( -12550.00000000000000, 989.9999999999984084, -1135.000000000001137 ) ) ;
#3664 = DIRECTION ( 'NONE',  ( -0.000000000000000000, -0.000000000000000000, -1.000000000000000000 ) ) ;
#3665 = DIRECTION ( 'NONE',  ( 0.000000000000000000, -0.000000000000000000, -1.000000000000000000 ) ) ;
#3666 = VECTOR ( 'NONE', #1030, 1000.000000000000000 ) ;
#3667 = CARTESIAN_POINT ( 'NONE',  ( -5949.999999999999091, 739.9999999999984084, -960.0000000000002274 ) ) ;
#3668 = CARTESIAN_POINT ( 'NONE',  ( -13965.57253896063776, 1189.999999999998408, -751.1534819267453713 ) ) ;
#3669 = LINE ( 'NONE', #2965, #849 ) ;
#3670 = ADVANCED_FACE ( 'NONE', ( #859 ), #5600, .F. ) ;
#3671 = DIRECTION ( 'NONE',  ( 0.000000000000000000, -0.000000000000000000, -1.000000000000000000 ) ) ;
#3672 = PRODUCT_RELATED_PRODUCT_CATEGORY ( 'part', '', ( #4987 ) ) ;
#3673 = CARTESIAN_POINT ( 'NONE',  ( -16550.00000000000000, -739.9999999999984084, -1135.000000000000227 ) ) ;
#3674 = DIRECTION ( 'NONE',  ( -6.162975822039157467E-33, 1.000000000000000000, 3.301729611148415602E-16 ) ) ;
#3675 = ADVANCED_FACE ( 'NONE', ( #7768 ), #8697, .F. ) ;
#3676 = ORIENTED_EDGE ( 'NONE', *, *, #4138, .T. ) ;
#3677 = DIRECTION ( 'NONE',  ( 1.232595164407830672E-32, 2.775557561563032360E-16, -1.000000000000000000 ) ) ;
#3678 = ORIENTED_EDGE ( 'NONE', *, *, #7510, .F. ) ;
#3679 = ORIENTED_EDGE ( 'NONE', *, *, #7440, .T. ) ;
#3680 = FACE_OUTER_BOUND ( 'NONE', #5942, .T. ) ;
#3681 = DIRECTION ( 'NONE',  ( 1.000000000000000000, 0.000000000000000000, 0.000000000000000000 ) ) ;
#3682 = DIRECTION ( 'NONE',  ( 1.000000000000000000, 6.162975822039151993E-33, 1.232595164407830946E-32 ) ) ;
#3683 = VECTOR ( 'NONE', #7990, 1000.000000000000000 ) ;
#3684 = CARTESIAN_POINT ( 'NONE',  ( -13226.86233364777581, -715.2359445967795182, -1135.000000000000227 ) ) ;
#3685 = DIRECTION ( 'NONE',  ( 0.000000000000000000, -1.000000000000000000, 0.000000000000000000 ) ) ;
#3686 = ORIENTED_EDGE ( 'NONE', *, *, #3027, .T. ) ;
#3687 = ORIENTED_EDGE ( 'NONE', *, *, #2492, .F. ) ;
#3688 = DIRECTION ( 'NONE',  ( 1.000000000000000000, 0.000000000000000000, 0.000000000000000000 ) ) ;
#3689 = CARTESIAN_POINT ( 'NONE',  ( -13499.99999999999818, 814.9999999999972715, -637.0854464784588345 ) ) ;
#3690 = CARTESIAN_POINT ( 'NONE',  ( -5141.597286494812579, 989.9999999999985221, -960.0000000000002274 ) ) ;
#3691 = DIRECTION ( 'NONE',  ( 0.000000000000000000, 0.000000000000000000, 1.000000000000000000 ) ) ;
#3692 = LINE ( 'NONE', #7550, #1072 ) ;
#3693 = CARTESIAN_POINT ( 'NONE',  ( -4885.798269505219650, -954.9999999999996589, -960.0000000000002274 ) ) ;
#3694 = EDGE_CURVE ( 'NONE', #2547, #798, #3956, .T. ) ;
#3695 = DIRECTION ( 'NONE',  ( 1.000000000000000000, -3.552713678800513551E-15, 0.000000000000000000 ) ) ;
#3696 = ADVANCED_FACE ( 'NONE', ( #9448 ), #147, .T. ) ;
#3697 = VERTEX_POINT ( 'NONE', #3200 ) ;
#3698 = EDGE_LOOP ( 'NONE', ( #3191, #6563, #9150, #993 ) ) ;
#3699 = DIRECTION ( 'NONE',  ( -0.000000000000000000, 0.000000000000000000, -1.000000000000000000 ) ) ;
#3700 = EDGE_CURVE ( 'NONE', #2512, #6842, #8620, .T. ) ;
#3701 = AXIS2_PLACEMENT_3D ( 'NONE', #1677, #3874, #3976 ) ;
#3702 = ADVANCED_FACE ( 'NONE', ( #2469 ), #1097, .T. ) ;
#3703 = EDGE_CURVE ( 'NONE', #5812, #6804, #948, .T. ) ;
#3704 = DIRECTION ( 'NONE',  ( 1.000000000000000000, 0.000000000000000000, -0.000000000000000000 ) ) ;
#3705 = CARTESIAN_POINT ( 'NONE',  ( -5399.999999999998181, 618.9114148497013730, -960.0000000000000000 ) ) ;
#3706 = DIRECTION ( 'NONE',  ( 1.000000000000000000, 6.162975822039154046E-33, 1.232595164407830946E-32 ) ) ;
#3707 = EDGE_LOOP ( 'NONE', ( #2261, #9099, #4469, #4082 ) ) ;
#3708 = VERTEX_POINT ( 'NONE', #4875 ) ;
#3709 = AXIS2_PLACEMENT_3D ( 'NONE', #6800, #739, #9765 ) ;
#3710 = ORIENTED_EDGE ( 'NONE', *, *, #876, .F. ) ;
#3711 = LINE ( 'NONE', #4549, #2061 ) ;
#3712 = ADVANCED_FACE ( 'NONE', ( #999 ), #4791, .F. ) ;
#3713 = LINE ( 'NONE', #6770, #430 ) ;
#3714 = PLANE ( 'NONE',  #3087 ) ;
#3715 = FACE_OUTER_BOUND ( 'NONE', #5398, .T. ) ;
#3716 = VECTOR ( 'NONE', #8143, 1000.000000000000114 ) ;
#3717 = CARTESIAN_POINT ( 'NONE',  ( -14588.56810139493791, 747.0986934586334201, -637.0854464784588345 ) ) ;
#3718 = CARTESIAN_POINT ( 'NONE',  ( -18500.00000000000000, -1190.000000000002728, -960.0000000000002274 ) ) ;
#3719 = CARTESIAN_POINT ( 'NONE',  ( -7062.500000000000000, 739.9999999999984084, -4241.944871367028099 ) ) ;
#3720 = VECTOR ( 'NONE', #226, 1000.000000000000000 ) ;
#3721 = ORIENTED_EDGE ( 'NONE', *, *, #985, .F. ) ;
#3722 = CARTESIAN_POINT ( 'NONE',  ( -6812.500000000000000, -740.0000000000001137, -1135.000000000000227 ) ) ;
#3723 = VERTEX_POINT ( 'NONE', #4142 ) ;
#3724 = CARTESIAN_POINT ( 'NONE',  ( -10637.50000000000000, 989.9999999999984084, -960.0000000000007958 ) ) ;
#3725 = VERTEX_POINT ( 'NONE', #1702 ) ;
#3726 = EDGE_CURVE ( 'NONE', #3111, #4373, #4734, .T. ) ;
#3727 = DIRECTION ( 'NONE',  ( 0.000000000000000000, -0.9901138386947148096, 0.1402661271484179906 ) ) ;
#3728 = CYLINDRICAL_SURFACE ( 'NONE', #8910, 100.0000000000014211 ) ;
#3729 = DIRECTION ( 'NONE',  ( 0.000000000000000000, 0.000000000000000000, -1.000000000000000000 ) ) ;
#3730 = DIRECTION ( 'NONE',  ( -6.162975822039157467E-33, 1.000000000000000000, 2.775557561563032360E-16 ) ) ;
#3731 = CARTESIAN_POINT ( 'NONE',  ( -12143.40011953353496, 747.0986934586334201, -637.0854464784588345 ) ) ;
#3732 = ORIENTED_EDGE ( 'NONE', *, *, #8100, .T. ) ;
#3733 = LINE ( 'NONE', #680, #8891 ) ;
#3734 = ORIENTED_EDGE ( 'NONE', *, *, #8486, .T. ) ;
#3735 = ORIENTED_EDGE ( 'NONE', *, *, #3211, .T. ) ;
#3736 = LINE ( 'NONE', #6795, #8299 ) ;
#3737 = ORIENTED_EDGE ( 'NONE', *, *, #3344, .T. ) ;
#3738 = FACE_OUTER_BOUND ( 'NONE', #3252, .T. ) ;
#3739 = DIRECTION ( 'NONE',  ( -6.162975822039157467E-33, 1.000000000000000000, 2.775557561563032360E-16 ) ) ;
#3740 = CARTESIAN_POINT ( 'NONE',  ( -13358.40271350518742, -989.9999999999994316, -1135.000000000000227 ) ) ;
#3741 = DIRECTION ( 'NONE',  ( 0.000000000000000000, 1.000000000000000000, 5.551115123125784674E-16 ) ) ;
#3742 = ORIENTED_EDGE ( 'NONE', *, *, #9204, .F. ) ;
#3743 = VERTEX_POINT ( 'NONE', #240 ) ;
#3744 = CARTESIAN_POINT ( 'NONE',  ( -11700.00000000000182, -1077.499998843224375, -637.0854464784594029 ) ) ;
#3745 = ORIENTED_EDGE ( 'NONE', *, *, #8977, .F. ) ;
#3746 = DIRECTION ( 'NONE',  ( 1.000000000000000000, 9.516197353929874662E-15, 0.000000000000000000 ) ) ;
#3747 = ORIENTED_EDGE ( 'NONE', *, *, #2755, .T. ) ;
#3748 = FACE_OUTER_BOUND ( 'NONE', #891, .T. ) ;
#3749 =( NAMED_UNIT ( * ) SI_UNIT ( $, .STERADIAN. ) SOLID_ANGLE_UNIT ( ) );
#3750 = DIRECTION ( 'NONE',  ( -2.400482215405744004E-16, 1.000000000000000000, 0.000000000000000000 ) ) ;
#3751 = EDGE_LOOP ( 'NONE', ( #3478, #8809, #4430, #5251 ) ) ;
#3752 = ORIENTED_EDGE ( 'NONE', *, *, #4627, .T. ) ;
#3753 = EDGE_CURVE ( 'NONE', #5563, #4858, #3824, .T. ) ;
#3754 = EDGE_CURVE ( 'NONE', #3900, #9145, #199, .T. ) ;
#3755 = ORIENTED_EDGE ( 'NONE', *, *, #1691, .T. ) ;
#3756 = EDGE_CURVE ( 'NONE', #6550, #3455, #6701, .T. ) ;
#3757 = VERTEX_POINT ( 'NONE', #8653 ) ;
#3758 = DIRECTION ( 'NONE',  ( 1.000000000000000000, 0.000000000000000000, 0.000000000000000000 ) ) ;
#3759 = LINE ( 'NONE', #4452, #3305 ) ;
#3760 = DIRECTION ( 'NONE',  ( 0.000000000000000000, 0.000000000000000000, 1.000000000000000000 ) ) ;
#3761 = CIRCLE ( 'NONE', #3286, 35.00000000000014211 ) ;
#3762 = CARTESIAN_POINT ( 'NONE',  ( -12143.40011953353496, 190.0000000000006821, -504.9802145985029256 ) ) ;
#3763 = CARTESIAN_POINT ( 'NONE',  ( -1949.999999999999773, -1189.999999999998408, -960.0000000000002274 ) ) ;
#3764 = PLANE ( 'NONE',  #8775 ) ;
#3765 = EDGE_CURVE ( 'NONE', #5356, #8232, #2422, .T. ) ;
#3766 = DIRECTION ( 'NONE',  ( 6.162975822039157467E-33, -1.000000000000000000, -2.775557561563032360E-16 ) ) ;
#3767 = VECTOR ( 'NONE', #5579, 1000.000000000000000 ) ;
#3768 = LINE ( 'NONE', #7577, #3805 ) ;
#3769 = CARTESIAN_POINT ( 'NONE',  ( -10887.50000000000000, -740.0000000000011369, -960.0000000000002274 ) ) ;
#3770 = ORIENTED_EDGE ( 'NONE', *, *, #4751, .T. ) ;
#3771 = CARTESIAN_POINT ( 'NONE',  ( -16150.00000000000182, 739.9999999999984084, -960.0000000000002274 ) ) ;
#3772 = ORIENTED_EDGE ( 'NONE', *, *, #3293, .T. ) ;
#3773 = LINE ( 'NONE', #623, #9404 ) ;
#3774 = DIRECTION ( 'NONE',  ( -6.162975822039157467E-33, 1.000000000000000000, 3.301729611148415602E-16 ) ) ;
#3775 = FACE_BOUND ( 'NONE', #4264, .T. ) ;
#3776 = CARTESIAN_POINT ( 'NONE',  ( -7862.500000000000909, 739.9999999999984084, -960.0000000000002274 ) ) ;
#3777 = VECTOR ( 'NONE', #3534, 1000.000000000000000 ) ;
#3778 = FACE_OUTER_BOUND ( 'NONE', #2433, .T. ) ;
#3779 = EDGE_LOOP ( 'NONE', ( #4620, #9793, #7679, #8693 ) ) ;
#3780 = CARTESIAN_POINT ( 'NONE',  ( -14588.56810139493791, 725.0021062409357455, -757.0854464784598576 ) ) ;
#3781 = EDGE_CURVE ( 'NONE', #195, #9261, #4089, .T. ) ;
#3782 = EDGE_CURVE ( 'NONE', #6096, #2030, #290, .T. ) ;
#3783 = ORIENTED_EDGE ( 'NONE', *, *, #241, .F. ) ;
#3784 = ORIENTED_EDGE ( 'NONE', *, *, #4673, .T. ) ;
#3785 = VERTEX_POINT ( 'NONE', #3336 ) ;
#3786 = ORIENTED_EDGE ( 'NONE', *, *, #7326, .F. ) ;
#3787 = LINE ( 'NONE', #3636, #803 ) ;
#3788 = ORIENTED_EDGE ( 'NONE', *, *, #8907, .T. ) ;
#3789 = CARTESIAN_POINT ( 'NONE',  ( -12500.00000000000182, 814.9999999999970441, -306.2059048389986629 ) ) ;
#3790 = DIRECTION ( 'NONE',  ( -6.162975822039157467E-33, 1.000000000000000000, 2.775557561563032360E-16 ) ) ;
#3791 = FACE_OUTER_BOUND ( 'NONE', #6466, .T. ) ;
#3792 = AXIS2_PLACEMENT_3D ( 'NONE', #4965, #2684, #1279 ) ;
#3793 = CARTESIAN_POINT ( 'NONE',  ( -2825.068018844486687, -1189.999999999999091, -960.0000000000002274 ) ) ;
#3794 = VERTEX_POINT ( 'NONE', #340 ) ;
#3795 = ORIENTED_EDGE ( 'NONE', *, *, #7145, .T. ) ;
#3796 = DIRECTION ( 'NONE',  ( -1.000000000000000000, 2.086984038366278648E-17, 1.669587230693022918E-16 ) ) ;
#3797 = AXIS2_PLACEMENT_3D ( 'NONE', #3599, #3804, #698 ) ;
#3798 = VECTOR ( 'NONE', #7890, 1000.000000000000000 ) ;
#3799 = VECTOR ( 'NONE', #1174, 1000.000000000000000 ) ;
#3800 = VERTEX_POINT ( 'NONE', #1660 ) ;
#3801 = EDGE_LOOP ( 'NONE', ( #7761, #8166, #5194, #543 ) ) ;
#3802 = ORIENTED_EDGE ( 'NONE', *, *, #9269, .F. ) ;
#3803 = LINE ( 'NONE', #816, #5139 ) ;
#3804 = DIRECTION ( 'NONE',  ( 0.000000000000000000, 0.000000000000000000, 1.000000000000000000 ) ) ;
#3805 = VECTOR ( 'NONE', #3674, 1000.000000000000000 ) ;
#3806 = CIRCLE ( 'NONE', #5395, 149.9999999999999147 ) ;
#3807 = DIRECTION ( 'NONE',  ( -1.000000000000000000, 0.000000000000000000, 1.669587230693022918E-16 ) ) ;
#3808 = DIRECTION ( 'NONE',  ( -1.232595164407830672E-32, -2.775557561563032360E-16, 1.000000000000000000 ) ) ;
#3809 = AXIS2_PLACEMENT_3D ( 'NONE', #4073, #2491, #5445 ) ;
#3810 = FACE_OUTER_BOUND ( 'NONE', #4950, .T. ) ;
#3811 = VERTEX_POINT ( 'NONE', #4694 ) ;
#3812 = VECTOR ( 'NONE', #6336, 1000.000000000000000 ) ;
#3813 = ORIENTED_EDGE ( 'NONE', *, *, #2115, .F. ) ;
#3814 = AXIS2_PLACEMENT_3D ( 'NONE', #1415, #656, #4451 ) ;
#3815 = LINE ( 'NONE', #2120, #3334 ) ;
#3816 = LINE ( 'NONE', #6878, #9868 ) ;
#3817 = EDGE_CURVE ( 'NONE', #4103, #8140, #9088, .T. ) ;
#3818 = CARTESIAN_POINT ( 'NONE',  ( 0.000000000000000000, 0.000000000000000000, -1135.000000000000227 ) ) ;
#3819 = EDGE_CURVE ( 'NONE', #5049, #8242, #2836, .T. ) ;
#3820 = AXIS2_PLACEMENT_3D ( 'NONE', #3878, #7977, #7082 ) ;
#3821 = CYLINDRICAL_SURFACE ( 'NONE', #7346, 99.99999999999964473 ) ;
#3822 = SURFACE_SIDE_STYLE ('',( #661 ) ) ;
#3823 = CARTESIAN_POINT ( 'NONE',  ( -13948.20772119394496, -1089.999999999998181, -849.6342572279656906 ) ) ;
#3824 = CIRCLE ( 'NONE', #9417, 250.0000000000000000 ) ;
#3825 = AXIS2_PLACEMENT_3D ( 'NONE', #4691, #4477, #9854 ) ;
#3826 = CARTESIAN_POINT ( 'NONE',  ( -13856.59988046646504, -1077.499998843224375, -757.0854464784604261 ) ) ;
#3827 = ORIENTED_EDGE ( 'NONE', *, *, #1343, .F. ) ;
#3828 = CARTESIAN_POINT ( 'NONE',  ( -12100.00000000000182, -814.9999999999974989, -459.9999999999983515 ) ) ;
#3829 = VERTEX_POINT ( 'NONE', #2096 ) ;
#3830 = DIRECTION ( 'NONE',  ( -1.000000000000000000, 0.000000000000000000, 0.000000000000000000 ) ) ;
#3831 = VERTEX_POINT ( 'NONE', #4332 ) ;
#3832 = AXIS2_PLACEMENT_3D ( 'NONE', #3776, #6838, #786 ) ;
#3833 = CARTESIAN_POINT ( 'NONE',  ( -12750.00000000000000, 176.9719203373657592, -350.9999999999987494 ) ) ;
#3834 = ADVANCED_FACE ( 'NONE', ( #1240 ), #5795, .T. ) ;
#3835 = PLANE ( 'NONE',  #4993 ) ;
#3836 = ADVANCED_FACE ( 'NONE', ( #7382 ), #429, .T. ) ;
#3837 = FACE_OUTER_BOUND ( 'NONE', #4135, .T. ) ;
#3838 = EDGE_CURVE ( 'NONE', #3210, #7903, #5692, .T. ) ;
#3839 = LINE ( 'NONE', #3272, #4130 ) ;
#3840 = AXIS2_PLACEMENT_3D ( 'NONE', #1653, #9392, #4687 ) ;
#3841 = PLANE ( 'NONE',  #7805 ) ;
#3842 = EDGE_LOOP ( 'NONE', ( #2248, #7425, #8721, #7860, #9307, #9416 ) ) ;
#3843 = CARTESIAN_POINT ( 'NONE',  ( -14300.00000000001819, -899.9999999999986358, -637.0854464784594029 ) ) ;
#3845 = ORIENTED_EDGE ( 'NONE', *, *, #188, .F. ) ;
#3844 = AXIS2_PLACEMENT_3D ( 'NONE', #9491, #2640, #9535 ) ;
#3846 = ORIENTED_EDGE ( 'NONE', *, *, #9541, .F. ) ;
#3847 = EDGE_LOOP ( 'NONE', ( #2424, #2499, #2259, #251 ) ) ;
#3848 = CARTESIAN_POINT ( 'NONE',  ( -11437.50000000000000, -740.0000000000013642, -960.0000000000000000 ) ) ;
#3849 = ORIENTED_EDGE ( 'NONE', *, *, #4152, .F. ) ;
#3850 = DIRECTION ( 'NONE',  ( -1.232595164407830672E-32, -2.775557561563032360E-16, 1.000000000000000000 ) ) ;
#3851 = VECTOR ( 'NONE', #4290, 1000.000000000000000 ) ;
#3852 = CARTESIAN_POINT ( 'NONE',  ( -13100.00000000000182, 750.6144545436229691, -4241.944871367028099 ) ) ;
#3853 = CARTESIAN_POINT ( 'NONE',  ( -12500.00000000000182, -814.9999999999974989, -637.0854464784592892 ) ) ;
#3854 = EDGE_CURVE ( 'NONE', #9839, #8410, #9655, .T. ) ;
#3855 = PLANE ( 'NONE',  #950 ) ;
#3856 = EDGE_CURVE ( 'NONE', #8242, #2929, #1193, .T. ) ;
#3857 = VERTEX_POINT ( 'NONE', #3483 ) ;
#3858 = ORIENTED_EDGE ( 'NONE', *, *, #63, .T. ) ;
#3859 = DIRECTION ( 'NONE',  ( 0.000000000000000000, -2.413528314402513597E-16, 1.000000000000000000 ) ) ;
#3860 = CYLINDRICAL_SURFACE ( 'NONE', #3147, 200.0000000000000000 ) ;
#3861 = ORIENTED_EDGE ( 'NONE', *, *, #5662, .T. ) ;
#3862 = ORIENTED_EDGE ( 'NONE', *, *, #4134, .T. ) ;
#3863 = CARTESIAN_POINT ( 'NONE',  ( -16800.00000000000000, -989.9999999999984084, -4241.944871367028099 ) ) ;
#3864 = ADVANCED_FACE ( 'NONE', ( #4372 ), #4285, .T. ) ;
#3866 = ADVANCED_FACE ( 'NONE', ( #8796 ), #5128, .F. ) ;
#3865 = DIRECTION ( 'NONE',  ( 0.000000000000000000, 0.000000000000000000, 1.000000000000000000 ) ) ;
#3867 = CARTESIAN_POINT ( 'NONE',  ( -16150.00000000000182, 899.9999999999998863, -910.0000000000001137 ) ) ;
#3868 = DIRECTION ( 'NONE',  ( -1.000000000000000000, 0.000000000000000000, 0.000000000000000000 ) ) ;
#3869 = PLANE ( 'NONE',  #2095 ) ;
#3870 = VERTEX_POINT ( 'NONE', #8885 ) ;
#3871 = ORIENTED_EDGE ( 'NONE', *, *, #2368, .T. ) ;
#3872 = CARTESIAN_POINT ( 'NONE',  ( -11499.99999999997999, 190.0000000000006821, -504.9802145985036077 ) ) ;
#3873 = DIRECTION ( 'NONE',  ( 1.000000000000000000, 0.000000000000000000, 0.000000000000000000 ) ) ;
#3874 = DIRECTION ( 'NONE',  ( 1.232595164407830672E-32, 2.775557561563032360E-16, -1.000000000000000000 ) ) ;
#3875 = CARTESIAN_POINT ( 'NONE',  ( -11700.00000000000182, 1970.627566330085756, -637.0854464784586071 ) ) ;
#3876 = DIRECTION ( 'NONE',  ( 1.000000000000000000, 0.000000000000000000, -0.000000000000000000 ) ) ;
#3877 = DIRECTION ( 'NONE',  ( 1.000000000000000000, 1.193105140912903082E-16, -0.000000000000000000 ) ) ;
#3878 = CARTESIAN_POINT ( 'NONE',  ( -11699.99999999998181, 699.9999999999986358, -757.0854464784598576 ) ) ;
#3879 = VECTOR ( 'NONE', #5827, 1000.000000000000000 ) ;
#3880 = CARTESIAN_POINT ( 'NONE',  ( -7862.500000000000909, 739.9999999999984084, -960.0000000000002274 ) ) ;
#3881 = EDGE_CURVE ( 'NONE', #9148, #9444, #2035, .T. ) ;
#3882 = DIRECTION ( 'NONE',  ( -0.000000000000000000, -0.000000000000000000, -1.000000000000000000 ) ) ;
#3883 = DIRECTION ( 'NONE',  ( 1.232595164407830672E-32, 2.775557561563032360E-16, -1.000000000000000000 ) ) ;
#3884 = EDGE_LOOP ( 'NONE', ( #5695, #5277, #189, #8642 ) ) ;
#3885 = FACE_OUTER_BOUND ( 'NONE', #8944, .T. ) ;
#3886 = ORIENTED_EDGE ( 'NONE', *, *, #3628, .T. ) ;
#3887 = CARTESIAN_POINT ( 'NONE',  ( -5576.316527040901747, 989.9999999999984084, -6660.000000000000909 ) ) ;
#3888 = CIRCLE ( 'NONE', #8676, 250.0000000000000000 ) ;
#3889 = FACE_OUTER_BOUND ( 'NONE', #1344, .T. ) ;
#3890 = FACE_BOUND ( 'NONE', #2983, .T. ) ;
#3891 = CARTESIAN_POINT ( 'NONE',  ( -12800.00000000000000, -740.0000000000015916, -1135.000000000000227 ) ) ;
#3892 = CARTESIAN_POINT ( 'NONE',  ( -16800.00000000000000, -989.9999999999984084, -1135.000000000000227 ) ) ;
#3893 = VERTEX_POINT ( 'NONE', #4934 ) ;
#3894 = CYLINDRICAL_SURFACE ( 'NONE', #7146, 250.0000000000000000 ) ;
#3895 = ORIENTED_EDGE ( 'NONE', *, *, #2144, .T. ) ;
#3896 = CIRCLE ( 'NONE', #7392, 79.99999999999990052 ) ;
#3897 = EDGE_CURVE ( 'NONE', #5044, #2117, #6449, .T. ) ;
#3898 = EDGE_CURVE ( 'NONE', #6642, #7315, #7424, .T. ) ;
#3899 = EDGE_CURVE ( 'NONE', #3192, #1393, #1948, .T. ) ;
#3900 = VERTEX_POINT ( 'NONE', #8742 ) ;
#3901 = ORIENTED_EDGE ( 'NONE', *, *, #7569, .T. ) ;
#3902 = ORIENTED_EDGE ( 'NONE', *, *, #9490, .F. ) ;
#3903 = FACE_OUTER_BOUND ( 'NONE', #8761, .T. ) ;
#3904 = ORIENTED_EDGE ( 'NONE', *, *, #9573, .F. ) ;
#3905 = DIRECTION ( 'NONE',  ( -1.432545838226008399E-17, -1.000000000000000000, 0.000000000000000000 ) ) ;
#3906 = CARTESIAN_POINT ( 'NONE',  ( -12100.00000000000182, 814.9999999999972715, -459.9999999999978968 ) ) ;
#3907 = DIRECTION ( 'NONE',  ( -0.000000000000000000, -0.000000000000000000, -1.000000000000000000 ) ) ;
#3908 = DIRECTION ( 'NONE',  ( 0.9848077530122090195, -0.000000000000000000, 0.1736481776669255295 ) ) ;
#3909 = VERTEX_POINT ( 'NONE', #1890 ) ;
#3910 = ORIENTED_EDGE ( 'NONE', *, *, #2576, .T. ) ;
#3911 = PLANE ( 'NONE',  #2681 ) ;
#3912 = EDGE_CURVE ( 'NONE', #1716, #8074, #7247, .T. ) ;
#3913 = EDGE_CURVE ( 'NONE', #4924, #7645, #8938, .T. ) ;
#3914 = ORIENTED_EDGE ( 'NONE', *, *, #1025, .T. ) ;
#3915 = EDGE_LOOP ( 'NONE', ( #5509, #1804, #5474, #8548, #3368, #9528, #7527, #6629, #9807, #7785, #8516, #988, #9317, #682, #6081, #3960, #311, #941, #2931, #9054, #2318, #6858, #7095, #9512 ) ) ;
#3916 = ORIENTED_EDGE ( 'NONE', *, *, #9474, .T. ) ;
#3917 = CARTESIAN_POINT ( 'NONE',  ( -13856.59988046646504, -747.0986934586336474, -637.0854464784592892 ) ) ;
#3918 = CARTESIAN_POINT ( 'NONE',  ( -1949.999999999999773, -989.9999999999984084, -1135.000000000000227 ) ) ;
#3919 = CARTESIAN_POINT ( 'NONE',  ( -19088.68599666425871, -875.0000000000000000, -1060.000000000000000 ) ) ;
#3920 = VERTEX_POINT ( 'NONE', #8048 ) ;
#3921 = ORIENTED_EDGE ( 'NONE', *, *, #7756, .T. ) ;
#3922 = EDGE_CURVE ( 'NONE', #2884, #6318, #2234, .T. ) ;
#3923 = EDGE_CURVE ( 'NONE', #5810, #852, #9179, .T. ) ;
#3924 = ORIENTED_EDGE ( 'NONE', *, *, #4954, .T. ) ;
#3925 = CARTESIAN_POINT ( 'NONE',  ( -16050.00000000000000, -343.2012612066350812, -1135.000000000000227 ) ) ;
#3926 = ORIENTED_EDGE ( 'NONE', *, *, #6981, .T. ) ;
#3927 = CARTESIAN_POINT ( 'NONE',  ( -14388.56810139493609, 1077.499998843224375, -757.0854464784597440 ) ) ;
#3928 = DIRECTION ( 'NONE',  ( 1.000000000000000000, 0.000000000000000000, 0.000000000000000000 ) ) ;
#3929 = CARTESIAN_POINT ( 'NONE',  ( -12750.00000000000000, 190.0000000000006253, -350.9999999999987494 ) ) ;
#3930 = LINE ( 'NONE', #3763, #9874 ) ;
#3931 = CARTESIAN_POINT ( 'NONE',  ( -13680.00000000000000, -1970.627566330085756, -517.7941176470596929 ) ) ;
#3932 = LINE ( 'NONE', #120, #6000 ) ;
#3933 = DIRECTION ( 'NONE',  ( 1.000000000000000000, -0.000000000000000000, 0.000000000000000000 ) ) ;
#3934 = LINE ( 'NONE', #8581, #9406 ) ;
#3935 = AXIS2_PLACEMENT_3D ( 'NONE', #926, #7034, #178 ) ;
#3936 = ORIENTED_EDGE ( 'NONE', *, *, #229, .T. ) ;
#3937 = FACE_OUTER_BOUND ( 'NONE', #6358, .T. ) ;
#3938 = DIRECTION ( 'NONE',  ( -1.000000000000000000, -2.405483220021172340E-16, 0.000000000000000000 ) ) ;
#3939 = DIRECTION ( 'NONE',  ( 1.000000000000000000, 6.162975822039151993E-33, 1.232595164407830946E-32 ) ) ;
#3940 = ORIENTED_EDGE ( 'NONE', *, *, #6959, .F. ) ;
#3941 = VECTOR ( 'NONE', #6044, 1000.000000000000000 ) ;
#3942 = VERTEX_POINT ( 'NONE', #1388 ) ;
#3943 = LINE ( 'NONE', #847, #3440 ) ;
#3944 = ORIENTED_EDGE ( 'NONE', *, *, #241, .T. ) ;
#3945 = ORIENTED_EDGE ( 'NONE', *, *, #4490, .F. ) ;
#3946 = EDGE_LOOP ( 'NONE', ( #7568, #3381, #9906, #6969, #954, #9591, #7966, #6607, #439 ) ) ;
#3947 = ORIENTED_EDGE ( 'NONE', *, *, #6535, .F. ) ;
#3948 = DIRECTION ( 'NONE',  ( 0.000000000000000000, -0.000000000000000000, -1.000000000000000000 ) ) ;
#3949 = ORIENTED_EDGE ( 'NONE', *, *, #2058, .T. ) ;
#3950 = DIRECTION ( 'NONE',  ( 0.000000000000000000, -1.000000000000000000, -5.551115123125782702E-16 ) ) ;
#3951 = AXIS2_PLACEMENT_3D ( 'NONE', #8923, #8264, #5970 ) ;
#3952 = DIRECTION ( 'NONE',  ( -6.162975822039157467E-33, 1.000000000000000000, 3.301729611148415602E-16 ) ) ;
#3953 = FACE_OUTER_BOUND ( 'NONE', #1338, .T. ) ;
#3954 = CARTESIAN_POINT ( 'NONE',  ( -14588.56810139493791, -725.0021062409357455, -757.0854464784603124 ) ) ;
#3955 = VECTOR ( 'NONE', #1438, 1000.000000000000000 ) ;
#3956 = LINE ( 'NONE', #1756, #6060 ) ;
#3957 = EDGE_CURVE ( 'NONE', #88, #8994, #157, .T. ) ;
#3958 = ADVANCED_FACE ( 'NONE', ( #7535 ), #9124, .F. ) ;
#3959 = ORIENTED_EDGE ( 'NONE', *, *, #9698, .F. ) ;
#3960 = ORIENTED_EDGE ( 'NONE', *, *, #5496, .T. ) ;
#3961 = DIRECTION ( 'NONE',  ( 0.000000000000000000, -0.000000000000000000, -1.000000000000000000 ) ) ;
#3962 = DIRECTION ( 'NONE',  ( 0.000000000000000000, 0.000000000000000000, -1.000000000000000000 ) ) ;
#3963 = AXIS2_PLACEMENT_3D ( 'NONE', #8375, #6797, #3195 ) ;
#3964 = VECTOR ( 'NONE', #4266, 1000.000000000000000 ) ;
#3965 = ORIENTED_EDGE ( 'NONE', *, *, #6409, .T. ) ;
#3966 = DIRECTION ( 'NONE',  ( 0.000000000000000000, 0.000000000000000000, 1.000000000000000000 ) ) ;
#3967 = EDGE_CURVE ( 'NONE', #1986, #4105, #1532, .T. ) ;
#3968 = EDGE_CURVE ( 'NONE', #9817, #6887, #5282, .T. ) ;
#3969 = DIRECTION ( 'NONE',  ( -6.162975822039157467E-33, 1.000000000000000000, 2.775557561563032360E-16 ) ) ;
#3970 = COLOUR_RGB ( '',0.7921568627450980005, 0.8196078431372548767, 0.9333333333333333481 ) ;
#3971 = EDGE_LOOP ( 'NONE', ( #3861, #6464, #2172, #8376, #1057 ) ) ;
#3972 = ORIENTED_EDGE ( 'NONE', *, *, #3700, .F. ) ;
#3973 = LINE ( 'NONE', #8622, #953 ) ;
#3974 = AXIS2_PLACEMENT_3D ( 'NONE', #7124, #9431, #1027 ) ;
#3975 = DIRECTION ( 'NONE',  ( -1.432545838226008399E-17, -1.000000000000000000, 0.000000000000000000 ) ) ;
#3976 = DIRECTION ( 'NONE',  ( -6.162975822039157467E-33, 1.000000000000000000, 2.775557561563032360E-16 ) ) ;
#3977 = VECTOR ( 'NONE', #2002, 1000.000000000000000 ) ;
#3978 = EDGE_CURVE ( 'NONE', #5034, #567, #7845, .T. ) ;
#3979 = CARTESIAN_POINT ( 'NONE',  ( -16550.00000000000000, 311.4982215127146787, -1135.000000000000227 ) ) ;
#3980 = CARTESIAN_POINT ( 'NONE',  ( -14156.10001622140953, -729.4021522441533989, -769.9999999999963620 ) ) ;
#3981 = ADVANCED_FACE ( 'NONE', ( #2293 ), #5176, .F. ) ;
#3982 = DIRECTION ( 'NONE',  ( -1.000000000000000000, -0.000000000000000000, -0.000000000000000000 ) ) ;
#3983 = DIRECTION ( 'NONE',  ( 6.162975822039157467E-33, -1.000000000000000000, -2.775557561563032360E-16 ) ) ;
#3984 = AXIS2_PLACEMENT_3D ( 'NONE', #5014, #2780, #3758 ) ;
#3985 = CARTESIAN_POINT ( 'NONE',  ( -17903.58983848622665, -989.9999999999984084, -1135.000000000000227 ) ) ;
#3986 = VERTEX_POINT ( 'NONE', #3684 ) ;
#3987 = FACE_OUTER_BOUND ( 'NONE', #4325, .T. ) ;
#3988 = AXIS2_PLACEMENT_3D ( 'NONE', #4678, #2454, #186 ) ;
#3989 = ORIENTED_EDGE ( 'NONE', *, *, #3100, .F. ) ;
#3990 = CARTESIAN_POINT ( 'NONE',  ( -12923.68347295909734, 1189.999999999998408, -660.0000000000001137 ) ) ;
#3991 = DIRECTION ( 'NONE',  ( 0.000000000000000000, 0.000000000000000000, 1.000000000000000000 ) ) ;
#3992 = EDGE_CURVE ( 'NONE', #1355, #2160, #1923, .T. ) ;
#3993 = VECTOR ( 'NONE', #8859, 1000.000000000000000 ) ;
#3994 = CARTESIAN_POINT ( 'NONE',  ( -14588.56810139493791, -877.4999988432243754, -637.0854464784592892 ) ) ;
#3995 = AXIS2_PLACEMENT_3D ( 'NONE', #877, #8530, #7786 ) ;
#3996 = CIRCLE ( 'NONE', #4443, 50.00000000000004263 ) ;
#3997 = EDGE_LOOP ( 'NONE', ( #5037, #280, #5167, #8615 ) ) ;
#3998 = VECTOR ( 'NONE', #194, 1000.000000000000000 ) ;
#3999 = DIRECTION ( 'NONE',  ( 6.162975822039157467E-33, -1.000000000000000000, -2.775557561563032360E-16 ) ) ;
#4000 = AXIS2_PLACEMENT_3D ( 'NONE', #564, #7641, #5392 ) ;
#4001 = VERTEX_POINT ( 'NONE', #6684 ) ;
#4002 = ORIENTED_EDGE ( 'NONE', *, *, #1290, .T. ) ;
#4003 = VERTEX_POINT ( 'NONE', #8227 ) ;
#4004 = DIRECTION ( 'NONE',  ( 1.000000000000000000, -3.552713678800513551E-15, 0.000000000000000000 ) ) ;
#4005 = ORIENTED_EDGE ( 'NONE', *, *, #1877, .F. ) ;
#4006 = LINE ( 'NONE', #9303, #1741 ) ;
#4007 = CARTESIAN_POINT ( 'NONE',  ( -13100.00000000000182, 750.6144545436229691, -4241.944871367028099 ) ) ;
#4008 = FACE_OUTER_BOUND ( 'NONE', #2945, .T. ) ;
#4009 = VECTOR ( 'NONE', #4786, 999.9999999999998863 ) ;
#4010 = CARTESIAN_POINT ( 'NONE',  ( -1949.999999999999773, 211.4982215127146787, -960.0000000000002274 ) ) ;
#4011 = AXIS2_PLACEMENT_3D ( 'NONE', #9164, #5374, #1573 ) ;
#4012 = ORIENTED_EDGE ( 'NONE', *, *, #3819, .F. ) ;
#4013 = LINE ( 'NONE', #908, #5548 ) ;
#4014 = AXIS2_PLACEMENT_3D ( 'NONE', #8025, #3510, #1169 ) ;
#4015 = EDGE_LOOP ( 'NONE', ( #7441, #5461, #3074, #4084 ) ) ;
#4016 = AXIS2_PLACEMENT_3D ( 'NONE', #9571, #1967, #5005 ) ;
#4017 = CIRCLE ( 'NONE', #9607, 100.0000000000000853 ) ;
#4018 = ORIENTED_EDGE ( 'NONE', *, *, #2523, .T. ) ;
#4019 = AXIS2_PLACEMENT_3D ( 'NONE', #2800, #8052, #7387 ) ;
#4020 = VERTEX_POINT ( 'NONE', #7588 ) ;
#4021 = EDGE_LOOP ( 'NONE', ( #5294, #4062, #6214, #308 ) ) ;
#4022 = EDGE_CURVE ( 'NONE', #6452, #7282, #6738, .T. ) ;
#4023 = EDGE_CURVE ( 'NONE', #8122, #6834, #1126, .T. ) ;
#4024 = ORIENTED_EDGE ( 'NONE', *, *, #351, .F. ) ;
#4025 = EDGE_CURVE ( 'NONE', #7607, #1143, #2935, .T. ) ;
#4026 = LINE ( 'NONE', #213, #9740 ) ;
#4027 = VERTEX_POINT ( 'NONE', #9073 ) ;
#4028 = LINE ( 'NONE', #7078, #1401 ) ;
#4029 = DIRECTION ( 'NONE',  ( -1.000000000000000000, 0.000000000000000000, 1.669587230693022918E-16 ) ) ;
#4030 = CARTESIAN_POINT ( 'NONE',  ( -13604.79991371805227, -921.2864145885245080, -960.0000000000000000 ) ) ;
#4031 = FACE_OUTER_BOUND ( 'NONE', #9508, .T. ) ;
#4032 =( BOUNDED_CURVE ( )  B_SPLINE_CURVE ( 3, ( #8161, #7262, #8064, #2628 ),
 .UNSPECIFIED., .F., .F. ) 
 B_SPLINE_CURVE_WITH_KNOTS ( ( 4, 4 ),
 ( 4.474662696288665309, 4.712388980384689674 ),
 .UNSPECIFIED. ) 
 CURVE ( )  GEOMETRIC_REPRESENTATION_ITEM ( )  RATIONAL_B_SPLINE_CURVE ( ( 1.000000000000000000, 0.9952960600157659821, 0.9952960600157659821, 1.000000000000000000 ) ) 
 REPRESENTATION_ITEM ( '' )  );
#4033 = EDGE_CURVE ( 'NONE', #8952, #3329, #3038, .T. ) ;
#4034 = PLANE ( 'NONE',  #1901 ) ;
#4035 = ORIENTED_EDGE ( 'NONE', *, *, #8138, .T. ) ;
#4036 = DIRECTION ( 'NONE',  ( 0.000000000000000000, -0.000000000000000000, -1.000000000000000000 ) ) ;
#4037 = CARTESIAN_POINT ( 'NONE',  ( -11880.00000000000182, -814.9999999999974989, -239.9999999999984368 ) ) ;
#4038 = DIRECTION ( 'NONE',  ( -9.378386130608760079E-33, 0.9597039290011751822, 0.2810131111882634425 ) ) ;
#4039 = VECTOR ( 'NONE', #3347, 1000.000000000000000 ) ;
#4040 = DIRECTION ( 'NONE',  ( -1.000000000000000000, -0.000000000000000000, -0.000000000000000000 ) ) ;
#4041 = ORIENTED_EDGE ( 'NONE', *, *, #7843, .T. ) ;
#4042 = ORIENTED_EDGE ( 'NONE', *, *, #1452, .F. ) ;
#4043 = DIRECTION ( 'NONE',  ( 0.000000000000000000, -1.000000000000000000, -5.551115123125784674E-16 ) ) ;
#4044 = ADVANCED_FACE ( 'NONE', ( #3082, #8330 ), #3626, .F. ) ;
#4045 = ORIENTED_EDGE ( 'NONE', *, *, #9782, .F. ) ;
#4046 = VECTOR ( 'NONE', #4732, 1000.000000000000000 ) ;
#4047 = EDGE_CURVE ( 'NONE', #9715, #957, #6705, .T. ) ;
#4048 = ORIENTED_EDGE ( 'NONE', *, *, #8012, .T. ) ;
#4049 = ORIENTED_EDGE ( 'NONE', *, *, #2848, .F. ) ;
#4050 = EDGE_LOOP ( 'NONE', ( #1668, #7301, #5904, #9677 ) ) ;
#4051 = CARTESIAN_POINT ( 'NONE',  ( -1849.999999999999545, -311.4982215127146787, -960.0000000000002274 ) ) ;
#4052 = ORIENTED_EDGE ( 'NONE', *, *, #9645, .T. ) ;
#4053 = CARTESIAN_POINT ( 'NONE',  ( -12320.00000000000000, 1077.499998843224375, -517.7941176470588971 ) ) ;
#4054 = PLANE ( 'NONE',  #1327 ) ;
#4055 = DIRECTION ( 'NONE',  ( 1.000000000000000000, 0.000000000000000000, 0.000000000000000000 ) ) ;
#4056 = AXIS2_PLACEMENT_3D ( 'NONE', #825, #5433, #764 ) ;
#4057 = ORIENTED_EDGE ( 'NONE', *, *, #3753, .F. ) ;
#4058 = DIRECTION ( 'NONE',  ( -0.000000000000000000, 0.000000000000000000, 1.000000000000000000 ) ) ;
#4059 = ORIENTED_EDGE ( 'NONE', *, *, #6825, .T. ) ;
#4060 = DIRECTION ( 'NONE',  ( 0.9632452974707709226, 0.2686233364777639299, 0.000000000000000000 ) ) ;
#4061 =( NAMED_UNIT ( * ) SI_UNIT ( $, .STERADIAN. ) SOLID_ANGLE_UNIT ( ) );
#4062 = ORIENTED_EDGE ( 'NONE', *, *, #3585, .T. ) ;
#4063 = EDGE_LOOP ( 'NONE', ( #6989, #1971, #5291, #5593 ) ) ;
#4064 = ORIENTED_EDGE ( 'NONE', *, *, #3967, .T. ) ;
#4065 = ORIENTED_EDGE ( 'NONE', *, *, #3596, .T. ) ;
#4066 = CARTESIAN_POINT ( 'NONE',  ( -14299.99999999999818, -1077.499998843224375, -637.0854464784594029 ) ) ;
#4067 = LINE ( 'NONE', #6230, #1247 ) ;
#4068 = CARTESIAN_POINT ( 'NONE',  ( -14494.37518636517598, -747.0986934586336474, -637.0854464784592892 ) ) ;
#4069 = CARTESIAN_POINT ( 'NONE',  ( -13000.00000000000000, 229.9999999211528348, -725.0000000000050022 ) ) ;
#4070 = ADVANCED_FACE ( 'NONE', ( #1486 ), #4517, .F. ) ;
#4071 = DIRECTION ( 'NONE',  ( 1.000000000000000000, 0.000000000000000000, 0.000000000000000000 ) ) ;
#4072 = ADVANCED_FACE ( 'NONE', ( #3837 ), #3133, .T. ) ;
#4073 = CARTESIAN_POINT ( 'NONE',  ( -16650.00000000000364, -311.4982215127146787, -4241.944871367028099 ) ) ;
#4074 = DIRECTION ( 'NONE',  ( 0.000000000000000000, 0.000000000000000000, -1.000000000000000000 ) ) ;
#4075 = LINE ( 'NONE', #1737, #805 ) ;
#4076 = FACE_BOUND ( 'NONE', #9196, .T. ) ;
#4077 = EDGE_CURVE ( 'NONE', #7012, #1651, #4075, .T. ) ;
#4078 = ORIENTED_EDGE ( 'NONE', *, *, #6047, .T. ) ;
#4079 = DIRECTION ( 'NONE',  ( 0.000000000000000000, 0.000000000000000000, 1.000000000000000000 ) ) ;
#4080 = CYLINDRICAL_SURFACE ( 'NONE', #8269, 250.0000000000000000 ) ;
#4081 = FACE_OUTER_BOUND ( 'NONE', #6169, .T. ) ;
#4082 = ORIENTED_EDGE ( 'NONE', *, *, #7555, .T. ) ;
#4083 = ORIENTED_EDGE ( 'NONE', *, *, #5249, .T. ) ;
#4084 = ORIENTED_EDGE ( 'NONE', *, *, #7495, .F. ) ;
#4085 = DIRECTION ( 'NONE',  ( -1.432545838226008399E-17, 1.000000000000000000, -0.000000000000000000 ) ) ;
#4086 = ORIENTED_EDGE ( 'NONE', *, *, #8486, .F. ) ;
#4087 = CARTESIAN_POINT ( 'NONE',  ( -14300.00000000001819, 899.9999999999986358, -763.9017955139171363 ) ) ;
#4088 = DIRECTION ( 'NONE',  ( 0.9848077530122090195, 0.000000000000000000, 0.1736481776669255295 ) ) ;
#4089 = LINE ( 'NONE', #2607, #4781 ) ;
#4090 = CARTESIAN_POINT ( 'NONE',  ( -16650.00000000000364, -211.4982215127146787, -4241.944871367028099 ) ) ;
#4091 = VECTOR ( 'NONE', #9037, 1000.000000000000000 ) ;
#4092 = LINE ( 'NONE', #9400, #8464 ) ;
#4093 = EDGE_CURVE ( 'NONE', #8645, #3811, #933, .T. ) ;
#4094 = ORIENTED_EDGE ( 'NONE', *, *, #6407, .T. ) ;
#4095 = EDGE_CURVE ( 'NONE', #822, #6317, #4719, .T. ) ;
#4096 = CIRCLE ( 'NONE', #7614, 250.0000000000000000 ) ;
#4097 = VERTEX_POINT ( 'NONE', #3891 ) ;
#4098 = APPLICATION_PROTOCOL_DEFINITION ( 'draft international standard', 'automotive_design', 1998, #2575 ) ;
#4099 = AXIS2_PLACEMENT_3D ( 'NONE', #2199, #4431, #8243 ) ;
#4100 = ORIENTED_EDGE ( 'NONE', *, *, #9199, .T. ) ;
#4101 = DIRECTION ( 'NONE',  ( 1.000000000000000000, 0.000000000000000000, 0.000000000000000000 ) ) ;
#4102 = VECTOR ( 'NONE', #3196, 1000.000000000000000 ) ;
#4103 = VERTEX_POINT ( 'NONE', #1833 ) ;
#4104 = ORIENTED_EDGE ( 'NONE', *, *, #6959, .T. ) ;
#4105 = VERTEX_POINT ( 'NONE', #3994 ) ;
#4106 = CARTESIAN_POINT ( 'NONE',  ( -13100.00000000000182, -618.9114148497025099, -960.0000000000002274 ) ) ;
#4107 = CARTESIAN_POINT ( 'NONE',  ( -2349.999999999999545, 800.0000000000000000, -910.0000000000001137 ) ) ;
#4108 = CARTESIAN_POINT ( 'NONE',  ( -16150.00000000000182, 899.9999999999998863, -910.0000000000001137 ) ) ;
#4109 = DIRECTION ( 'NONE',  ( -6.162975822039157467E-33, 1.000000000000000000, 2.249385511977649118E-16 ) ) ;
#4110 = AXIS2_PLACEMENT_3D ( 'NONE', #1638, #4674, #7749 ) ;
#4111 = DIRECTION ( 'NONE',  ( 1.000000000000000000, 0.000000000000000000, 0.000000000000000000 ) ) ;
#4112 = CARTESIAN_POINT ( 'NONE',  ( -3053.808855527531705, 96.32452974707683779, -1135.000000000000227 ) ) ;
#4113 = LINE ( 'NONE', #8116, #9893 ) ;
#4114 = VECTOR ( 'NONE', #8024, 1000.000000000000000 ) ;
#4115 = EDGE_CURVE ( 'NONE', #8277, #7764, #6335, .T. ) ;
#4116 = VECTOR ( 'NONE', #1529, 1000.000000000000000 ) ;
#4117 = VERTEX_POINT ( 'NONE', #6991 ) ;
#4118 = CARTESIAN_POINT ( 'NONE',  ( -13856.59988046646504, -1077.499998843224375, -637.0854464784594029 ) ) ;
#4119 = ORIENTED_EDGE ( 'NONE', *, *, #1866, .F. ) ;
#4120 = DIRECTION ( 'NONE',  ( -1.000000000000000000, 0.000000000000000000, 0.000000000000000000 ) ) ;
#4121 = DIRECTION ( 'NONE',  ( 0.000000000000000000, -0.000000000000000000, -1.000000000000000000 ) ) ;
#4122 = LINE ( 'NONE', #1932, #2428 ) ;
#4123 = DIRECTION ( 'NONE',  ( -0.000000000000000000, 0.000000000000000000, 1.000000000000000000 ) ) ;
#4124 = DIRECTION ( 'NONE',  ( -1.000000000000000000, -0.000000000000000000, -0.000000000000000000 ) ) ;
#4125 = VECTOR ( 'NONE', #5381, 1000.000000000000000 ) ;
#4126 = VECTOR ( 'NONE', #5982, 1000.000000000000000 ) ;
#4127 = VERTEX_POINT ( 'NONE', #7855 ) ;
#4128 = CARTESIAN_POINT ( 'NONE',  ( -16023.13766635222419, -246.8767314595583571, -1135.000000000000227 ) ) ;
#4129 = VECTOR ( 'NONE', #2635, 1000.000000000000000 ) ;
#4130 = VECTOR ( 'NONE', #890, 1000.000000000000000 ) ;
#4131 = CARTESIAN_POINT ( 'NONE',  ( -3080.671189175308427, -1.110223024625156540E-13, -960.0000000000000000 ) ) ;
#4132 = ADVANCED_FACE ( 'NONE', ( #129 ), #9379, .T. ) ;
#4133 = EDGE_LOOP ( 'NONE', ( #9173, #7615, #2, #4048, #2724, #6497 ) ) ;
#4134 = EDGE_CURVE ( 'NONE', #3010, #4890, #8545, .T. ) ;
#4135 = EDGE_LOOP ( 'NONE', ( #1442, #1508, #5840, #8636 ) ) ;
#4136 = ORIENTED_EDGE ( 'NONE', *, *, #1783, .F. ) ;
#4137 = ORIENTED_EDGE ( 'NONE', *, *, #6178, .T. ) ;
#4138 = EDGE_CURVE ( 'NONE', #9047, #792, #1767, .T. ) ;
#4139 = DIRECTION ( 'NONE',  ( 1.000000000000000000, 0.000000000000000000, -0.000000000000000000 ) ) ;
#4140 = CARTESIAN_POINT ( 'NONE',  ( -346.4101615137744830, -739.9999999999984084, -960.0000000000002274 ) ) ;
#4141 = VECTOR ( 'NONE', #313, 1000.000000000000000 ) ;
#4142 = CARTESIAN_POINT ( 'NONE',  ( -11700.00000000000182, -1077.499998843224603, -306.2059048389991176 ) ) ;
#4143 = VECTOR ( 'NONE', #1680, 1000.000000000000000 ) ;
#4144 = CYLINDRICAL_SURFACE ( 'NONE', #153, 250.0000000000000000 ) ;
#4145 = ORIENTED_EDGE ( 'NONE', *, *, #600, .T. ) ;
#4146 = CARTESIAN_POINT ( 'NONE',  ( -14119.99999999999818, 814.9999999999972715, -517.7941176470590108 ) ) ;
#4147 = VECTOR ( 'NONE', #5404, 1000.000000000000000 ) ;
#4148 = ORIENTED_EDGE ( 'NONE', *, *, #1080, .F. ) ;
#4149 = ORIENTED_EDGE ( 'NONE', *, *, #2967, .F. ) ;
#4150 = VECTOR ( 'NONE', #9101, 1000.000000000000000 ) ;
#4151 = EDGE_CURVE ( 'NONE', #8015, #7074, #6939, .T. ) ;
#4152 = EDGE_CURVE ( 'NONE', #9657, #2027, #9291, .T. ) ;
#4153 = CARTESIAN_POINT ( 'NONE',  ( -16550.00000000000000, 200.0000000000000000, -825.0000000000001137 ) ) ;
#4154 = VECTOR ( 'NONE', #4233, 1000.000000000000000 ) ;
#4155 = AXIS2_PLACEMENT_3D ( 'NONE', #9345, #3948, #4004 ) ;
#4156 = EDGE_LOOP ( 'NONE', ( #2174, #3644, #2571, #9106 ) ) ;
#4157 = DIRECTION ( 'NONE',  ( -9.378386130608760079E-33, 0.9597039290011751822, 0.2810131111882634425 ) ) ;
#4158 = AXIS2_PLACEMENT_3D ( 'NONE', #501, #2588, #4111 ) ;
#4159 = ADVANCED_FACE ( 'NONE', ( #5585 ), #7798, .F. ) ;
#4160 = EDGE_LOOP ( 'NONE', ( #1613, #746, #9388, #6458 ) ) ;
#4161 = EDGE_CURVE ( 'NONE', #6056, #9081, #2402, .T. ) ;
#4162 = EDGE_LOOP ( 'NONE', ( #5567, #3331, #5469, #1835, #2372, #4785, #517, #8677, #4945, #1246, #9858, #7540, #572, #2790, #3298, #4303, #4730, #2808, #8060, #1855, #3376, #1523, #7407, #2752, #3862, #3141, #21, #2525, #6313, #1089, #8186, #4635 ) ) ;
#4163 = ORIENTED_EDGE ( 'NONE', *, *, #1643, .F. ) ;
#4164 = CARTESIAN_POINT ( 'NONE',  ( -14578.43092739263921, 9753.686360283016256, -960.7596123493866571 ) ) ;
#4165 = ORIENTED_EDGE ( 'NONE', *, *, #5071, .F. ) ;
#4166 = AXIS2_PLACEMENT_3D ( 'NONE', #4205, #445, #7444 ) ;
#4167 = CARTESIAN_POINT ( 'NONE',  ( -12923.68347295909916, -1089.999999999998181, -760.0000000000006821 ) ) ;
#4168 = CARTESIAN_POINT ( 'NONE',  ( -10887.50000000000000, 739.9999999999984084, -960.0000000000002274 ) ) ;
#4169 = DIRECTION ( 'NONE',  ( -1.000000000000000000, 0.000000000000000000, 0.000000000000000000 ) ) ;
#4170 = PLANE ( 'NONE',  #3168 ) ;
#4171 = DIRECTION ( 'NONE',  ( 6.162975822039157467E-33, -1.000000000000000000, -3.301729611148415602E-16 ) ) ;
#4172 = VERTEX_POINT ( 'NONE', #6290 ) ;
#4173 = DIRECTION ( 'NONE',  ( -1.000000000000000000, 0.000000000000000000, 0.000000000000000000 ) ) ;
#4174 = ORIENTED_EDGE ( 'NONE', *, *, #7964, .T. ) ;
#4175 = DIRECTION ( 'NONE',  ( 0.000000000000000000, -0.000000000000000000, 1.000000000000000000 ) ) ;
#4176 = CARTESIAN_POINT ( 'NONE',  ( -446.4101615137743693, 311.4982215127147924, -4241.944871367028099 ) ) ;
#4177 = DIRECTION ( 'NONE',  ( -0.000000000000000000, 0.000000000000000000, 1.000000000000000000 ) ) ;
#4178 = CARTESIAN_POINT ( 'NONE',  ( -13499.99999999999818, 1970.627566330085529, -306.2059048389983218 ) ) ;
#4179 = FACE_BOUND ( 'NONE', #47, .T. ) ;
#4180 = EDGE_LOOP ( 'NONE', ( #420, #2897, #3236, #2653 ) ) ;
#4181 = CARTESIAN_POINT ( 'NONE',  ( -13226.86233364777581, 715.2359445967786087, -1135.000000000000227 ) ) ;
#4182 = ORIENTED_EDGE ( 'NONE', *, *, #7145, .F. ) ;
#4183 = ORIENTED_EDGE ( 'NONE', *, *, #8606, .F. ) ;
#4184 = DIRECTION ( 'NONE',  ( 6.162975822039157467E-33, -1.000000000000000000, -2.775557561563032360E-16 ) ) ;
#4185 = AXIS2_PLACEMENT_3D ( 'NONE', #3015, #3665, #1519 ) ;
#4186 = FACE_OUTER_BOUND ( 'NONE', #5617, .T. ) ;
#4187 = LINE ( 'NONE', #7246, #2920 ) ;
#4188 = CARTESIAN_POINT ( 'NONE',  ( -14156.10001622140953, 1077.499998843224375, -589.9999999999964757 ) ) ;
#4189 = CARTESIAN_POINT ( 'NONE',  ( -11687.50000000000000, 739.9999999999984084, -1135.000000000000227 ) ) ;
#4190 = EDGE_CURVE ( 'NONE', #379, #2513, #7701, .T. ) ;
#4191 = ORIENTED_EDGE ( 'NONE', *, *, #8415, .F. ) ;
#4192 = CARTESIAN_POINT ( 'NONE',  ( -11505.62481363482402, 747.0986934586334201, -637.0854464784588345 ) ) ;
#4193 = LINE ( 'NONE', #487, #5915 ) ;
#4194 = ADVANCED_FACE ( 'NONE', ( #8640 ), #7044, .T. ) ;
#4195 = EDGE_CURVE ( 'NONE', #8690, #1276, #8584, .T. ) ;
#4196 = AXIS2_PLACEMENT_3D ( 'NONE', #958, #6362, #1055 ) ;
#4197 = CIRCLE ( 'NONE', #2291, 277.7941176470602045 ) ;
#4198 = EDGE_CURVE ( 'NONE', #2839, #8661, #4774, .T. ) ;
#4199 = EDGE_CURVE ( 'NONE', #379, #3053, #79, .T. ) ;
#4200 = VERTEX_POINT ( 'NONE', #3374 ) ;
#4201 = DIRECTION ( 'NONE',  ( 0.9848077530122092416, 0.000000000000000000, -0.1736481776669237531 ) ) ;
#4202 = AXIS2_PLACEMENT_3D ( 'NONE', #3037, #5127, #6088 ) ;
#4203 = ORIENTED_EDGE ( 'NONE', *, *, #8556, .F. ) ;
#4204 = ORIENTED_EDGE ( 'NONE', *, *, #7783, .T. ) ;
#4205 = CARTESIAN_POINT ( 'NONE',  ( -13499.99999999999818, -1970.627566330085983, -306.2059048389992313 ) ) ;
#4206 = CARTESIAN_POINT ( 'NONE',  ( -14300.00000000001819, 699.9999999999986358, -757.0854464784598576 ) ) ;
#4207 = CARTESIAN_POINT ( 'NONE',  ( -16023.13766635222419, 246.8767314595589824, -1135.000000000000227 ) ) ;
#4208 = LINE ( 'NONE', #362, #5762 ) ;
#4209 = DIRECTION ( 'NONE',  ( 0.000000000000000000, 0.000000000000000000, -1.000000000000000000 ) ) ;
#4210 = CARTESIAN_POINT ( 'NONE',  ( -13200.00000000000182, 618.9114148497016004, -4241.944871367028099 ) ) ;
#4211 = LINE ( 'NONE', #2730, #8286 ) ;
#4212 = ADVANCED_FACE ( 'NONE', ( #4319 ), #4967, .T. ) ;
#4213 = EDGE_CURVE ( 'NONE', #3697, #3606, #5679, .T. ) ;
#4214 = EDGE_LOOP ( 'NONE', ( #2695, #6420, #5831, #103 ) ) ;
#4215 = DIRECTION ( 'NONE',  ( -6.162975822039157467E-33, 1.000000000000000000, 2.775557561563032360E-16 ) ) ;
#4216 = ORIENTED_EDGE ( 'NONE', *, *, #4844, .T. ) ;
#4217 = CARTESIAN_POINT ( 'NONE',  ( -12320.00000000000000, 1970.627566330085756, -517.7941176470586697 ) ) ;
#4218 = FACE_OUTER_BOUND ( 'NONE', #4374, .T. ) ;
#4219 = DIRECTION ( 'NONE',  ( -1.232595164407830672E-32, -2.775557561563032360E-16, 1.000000000000000000 ) ) ;
#4220 = LINE ( 'NONE', #7273, #9434 ) ;
#4221 = DIRECTION ( 'NONE',  ( 1.000000000000000000, 6.162975822039151993E-33, 1.232595164407830946E-32 ) ) ;
#4222 = DIRECTION ( 'NONE',  ( 0.000000000000000000, 0.000000000000000000, 1.000000000000000000 ) ) ;
#4223 = DIRECTION ( 'NONE',  ( 0.000000000000000000, 0.000000000000000000, 1.000000000000000000 ) ) ;
#4224 = CARTESIAN_POINT ( 'NONE',  ( -11499.99999999997999, -190.0000000000007674, -504.9802145985038351 ) ) ;
#4225 = ORIENTED_EDGE ( 'NONE', *, *, #3838, .F. ) ;
#4226 = VERTEX_POINT ( 'NONE', #1134 ) ;
#4227 = DIRECTION ( 'NONE',  ( -1.000000000000000000, 0.000000000000000000, 0.000000000000000000 ) ) ;
#4228 = ORIENTED_EDGE ( 'NONE', *, *, #3267, .T. ) ;
#4229 = DIRECTION ( 'NONE',  ( -1.000000000000000000, 0.000000000000000000, 0.000000000000000000 ) ) ;
#4230 = VERTEX_POINT ( 'NONE', #9681 ) ;
#4231 = CARTESIAN_POINT ( 'NONE',  ( -18153.58983848622665, -739.9999999999984084, -1135.000000000000227 ) ) ;
#4232 = DIRECTION ( 'NONE',  ( -1.000000000000000000, -6.162975822039151993E-33, -1.232595164407830946E-32 ) ) ;
#4233 = DIRECTION ( 'NONE',  ( 0.000000000000000000, 1.000000000000000000, 0.000000000000000000 ) ) ;
#4234 = DIRECTION ( 'NONE',  ( -0.000000000000000000, 0.000000000000000000, 1.000000000000000000 ) ) ;
#4235 = ORIENTED_EDGE ( 'NONE', *, *, #4358, .T. ) ;
#4236 = CARTESIAN_POINT ( 'NONE',  ( -2599.999999999999545, -739.9999999999990905, -960.0000000000002274 ) ) ;
#4237 = EDGE_LOOP ( 'NONE', ( #3235, #6268, #8701, #113 ) ) ;
#4238 = ADVANCED_FACE ( 'NONE', ( #2823 ), #6530, .T. ) ;
#4239 = DIRECTION ( 'NONE',  ( 1.000000000000000000, 0.000000000000000000, -0.000000000000000000 ) ) ;
#4240 = EDGE_CURVE ( 'NONE', #9892, #6446, #5871, .T. ) ;
#4241 = AXIS2_PLACEMENT_3D ( 'NONE', #1953, #4989, #5974 ) ;
#4242 = EDGE_LOOP ( 'NONE', ( #5965, #8656, #201, #5661, #1602, #7362, #5396, #7280 ) ) ;
#4243 = FACE_OUTER_BOUND ( 'NONE', #8580, .T. ) ;
#4244 = CARTESIAN_POINT ( 'NONE',  ( -14500.00000000002001, 699.9999999999986358, -757.0854464784598576 ) ) ;
#4245 = VECTOR ( 'NONE', #4743, 1000.000000000000000 ) ;
#4246 = ORIENTED_EDGE ( 'NONE', *, *, #2411, .T. ) ;
#4247 = VERTEX_POINT ( 'NONE', #2741 ) ;
#4248 = ORIENTED_EDGE ( 'NONE', *, *, #3992, .F. ) ;
#4249 = CARTESIAN_POINT ( 'NONE',  ( -1949.999999999999773, 800.0000000000000000, -910.0000000000001137 ) ) ;
#4250 = ADVANCED_FACE ( 'NONE', ( #1227 ), #4269, .T. ) ;
#4251 = VERTEX_POINT ( 'NONE', #1282 ) ;
#4252 = EDGE_CURVE ( 'NONE', #5736, #7997, #467, .T. ) ;
#4253 = CARTESIAN_POINT ( 'NONE',  ( -11411.43189860506209, -877.4999988432243754, -637.0854464784592892 ) ) ;
#4254 = CARTESIAN_POINT ( 'NONE',  ( -3866.957084846028920, -989.9999999999993179, -868.8465180732548561 ) ) ;
#4255 = CIRCLE ( 'NONE', #5703, 460.0000000000001137 ) ;
#4256 = DIRECTION ( 'NONE',  ( 6.162975822039157467E-33, -1.000000000000000000, -2.249385511977649118E-16 ) ) ;
#4257 = CARTESIAN_POINT ( 'NONE',  ( -7612.500000000000000, 739.9999999999984084, -4241.944871367028099 ) ) ;
#4258 = FACE_OUTER_BOUND ( 'NONE', #534, .T. ) ;
#4259 = ORIENTED_EDGE ( 'NONE', *, *, #4998, .T. ) ;
#4260 = LINE ( 'NONE', #9578, #1098 ) ;
#4261 = VERTEX_POINT ( 'NONE', #9585 ) ;
#4262 = LINE ( 'NONE', #5821, #8915 ) ;
#4263 = VECTOR ( 'NONE', #7787, 1000.000000000000000 ) ;
#4264 = EDGE_LOOP ( 'NONE', ( #2185, #10 ) ) ;
#4265 = ADVANCED_FACE ( 'NONE', ( #3464 ), #8824, .F. ) ;
#4266 = DIRECTION ( 'NONE',  ( -1.000000000000000000, 0.000000000000000000, 0.000000000000000000 ) ) ;
#4267 = EDGE_CURVE ( 'NONE', #7197, #1566, #4220, .T. ) ;
#4268 = DIRECTION ( 'NONE',  ( -0.000000000000000000, 0.000000000000000000, 1.000000000000000000 ) ) ;
#4269 = CYLINDRICAL_SURFACE ( 'NONE', #639, 79.99999999999995737 ) ;
#4270 = DIRECTION ( 'NONE',  ( 1.232595164407830672E-32, 2.775557561563032360E-16, -1.000000000000000000 ) ) ;
#4271 = CARTESIAN_POINT ( 'NONE',  ( -13680.00000000000000, 814.9999999999972715, -239.9999999999979821 ) ) ;
#4272 = AXIS2_PLACEMENT_3D ( 'NONE', #2007, #5768, #3449 ) ;
#4273 = VECTOR ( 'NONE', #7842, 1000.000000000000000 ) ;
#4274 = AXIS2_PLACEMENT_3D ( 'NONE', #1321, #2116, #5155 ) ;
#4275 = CARTESIAN_POINT ( 'NONE',  ( -12500.00000000000182, 814.9999999999972715, -637.0854464784588345 ) ) ;
#4276 = ORIENTED_EDGE ( 'NONE', *, *, #165, .T. ) ;
#4277 = ORIENTED_EDGE ( 'NONE', *, *, #2966, .T. ) ;
#4278 = EDGE_CURVE ( 'NONE', #299, #7216, #6406, .T. ) ;
#4279 = ORIENTED_EDGE ( 'NONE', *, *, #5988, .T. ) ;
#4280 = DIRECTION ( 'NONE',  ( 8.129090620984199047E-15, 0.000000000000000000, -1.000000000000000000 ) ) ;
#4281 = DIRECTION ( 'NONE',  ( -1.000000000000000000, 0.000000000000000000, 0.000000000000000000 ) ) ;
#4282 = CARTESIAN_POINT ( 'NONE',  ( -12750.00000000000000, 190.0000000000006253, -350.9999999999987494 ) ) ;
#4283 = AXIS2_PLACEMENT_3D ( 'NONE', #1679, #7573, #9219 ) ;
#4284 = AXIS2_PLACEMENT_3D ( 'NONE', #9249, #4638, #5465 ) ;
#4285 = CYLINDRICAL_SURFACE ( 'NONE', #466, 277.7941176470602045 ) ;
#4286 = AXIS2_PLACEMENT_3D ( 'NONE', #4622, #5719, #5012 ) ;
#4287 = DIRECTION ( 'NONE',  ( 1.000000000000000000, 0.000000000000000000, -0.000000000000000000 ) ) ;
#4288 = ORIENTED_EDGE ( 'NONE', *, *, #773, .F. ) ;
#4289 = FACE_OUTER_BOUND ( 'NONE', #5101, .T. ) ;
#4290 = DIRECTION ( 'NONE',  ( 1.232595164407830672E-32, 2.775557561563032360E-16, -1.000000000000000000 ) ) ;
#4291 = ORIENTED_EDGE ( 'NONE', *, *, #2196, .T. ) ;
#4292 = AXIS2_PLACEMENT_3D ( 'NONE', #9225, #4857, #6384 ) ;
#4293 = CARTESIAN_POINT ( 'NONE',  ( -13250.00000000000000, 899.9999999999986358, -350.9999999999985221 ) ) ;
#4294 = FACE_OUTER_BOUND ( 'NONE', #3360, .T. ) ;
#4295 = VECTOR ( 'NONE', #515, 1000.000000000000000 ) ;
#4296 = VECTOR ( 'NONE', #6511, 1000.000000000000000 ) ;
#4297 = AXIS2_PLACEMENT_3D ( 'NONE', #6905, #899, #7003 ) ;
#4298 = ORIENTED_EDGE ( 'NONE', *, *, #4576, .T. ) ;
#4299 = DIRECTION ( 'NONE',  ( 1.000000000000000000, -0.000000000000000000, -0.000000000000000000 ) ) ;
#4300 = EDGE_CURVE ( 'NONE', #1462, #3210, #4914, .T. ) ;
#4301 = AXIS2_PLACEMENT_3D ( 'NONE', #3209, #9154, #6266 ) ;
#4302 = VECTOR ( 'NONE', #4038, 1000.000000000000000 ) ;
#4303 = ORIENTED_EDGE ( 'NONE', *, *, #5495, .T. ) ;
#4304 = VERTEX_POINT ( 'NONE', #7987 ) ;
#4305 = DIRECTION ( 'NONE',  ( 0.9632452974707710336, 0.2686233364777637633, 0.000000000000000000 ) ) ;
#4306 = CARTESIAN_POINT ( 'NONE',  ( -2825.068018844486232, 989.9999999999984084, 5040.000000000000000 ) ) ;
#4307 = DIRECTION ( 'NONE',  ( 0.000000000000000000, -0.000000000000000000, -1.000000000000000000 ) ) ;
#4308 = CARTESIAN_POINT ( 'NONE',  ( -13000.00000000000000, -172.2649730022416747, -825.0000000000000000 ) ) ;
#4309 = DIRECTION ( 'NONE',  ( 1.000000000000000000, 0.000000000000000000, 0.000000000000000000 ) ) ;
#4310 = AXIS2_PLACEMENT_3D ( 'NONE', #4608, #117, #9218 ) ;
#4311 = ADVANCED_FACE ( 'NONE', ( #1979 ), #5017, .F. ) ;
#4312 = EDGE_CURVE ( 'NONE', #9616, #4521, #4122, .T. ) ;
#4313 = VERTEX_POINT ( 'NONE', #3522 ) ;
#4314 = EDGE_CURVE ( 'NONE', #4027, #6659, #326, .T. ) ;
#4315 = VECTOR ( 'NONE', #8762, 1000.000000000000000 ) ;
#4316 = CARTESIAN_POINT ( 'NONE',  ( -446.4101615137745398, -311.4982215127146787, -960.0000000000000000 ) ) ;
#4317 = DIRECTION ( 'NONE',  ( 1.000000000000000000, 0.000000000000000000, 0.000000000000000000 ) ) ;
#4318 = LINE ( 'NONE', #5016, #6927 ) ;
#4319 = FACE_OUTER_BOUND ( 'NONE', #8147, .T. ) ;
#4320 = CARTESIAN_POINT ( 'NONE',  ( -12750.00000000000000, -278.9021535255452022, -725.0000000000053433 ) ) ;
#4321 = LINE ( 'NONE', #7370, #7020 ) ;
#4322 = ADVANCED_FACE ( 'NONE', ( #2783 ), #5824, .T. ) ;
#4323 = LINE ( 'NONE', #7372, #4125 ) ;
#4324 = ORIENTED_EDGE ( 'NONE', *, *, #9784, .F. ) ;
#4325 = EDGE_LOOP ( 'NONE', ( #9457, #7108, #8856, #7222, #8082 ) ) ;
#4326 = DIRECTION ( 'NONE',  ( -1.232595164407830672E-32, -2.775557561563032360E-16, 1.000000000000000000 ) ) ;
#4327 = ORIENTED_EDGE ( 'NONE', *, *, #9168, .F. ) ;
#4328 = DIRECTION ( 'NONE',  ( 6.162975822039157467E-33, -1.000000000000000000, -2.775557561563032360E-16 ) ) ;
#4329 = ORIENTED_EDGE ( 'NONE', *, *, #1402, .T. ) ;
#4330 = LINE ( 'NONE', #6490, #604 ) ;
#4331 = DIRECTION ( 'NONE',  ( 1.000000000000000000, 0.000000000000000000, 0.000000000000000000 ) ) ;
#4332 = CARTESIAN_POINT ( 'NONE',  ( -13250.00000000000000, 899.9999999999986358, -769.9999999999959073 ) ) ;
#4333 = OPEN_SHELL ( 'NONE', ( #9144, #7675, #7098, #3696, #3836, #5369, #6018, #346, #4974, #365, #8830, #1473, #1384, #5566, #5758, #9451, #2181, #1955, #1718, #8718, #7727, #2878, #8000, #2078, #8540, #8270, #1962, #9590, #2382, #4356, #1395, #6953, #4489, #4482, #1658, #1814, #2490, #1517, #7586, #4698, #3712, #5188, #342, #5312, #8953, #7158, #1226, #5844, #9359, #7109, #6711, #2955, #1813, #2062, #9415, #394, #2442, #4194, #7272, #6605, #9141, #6596, #4577, #7996, #1997, #3541, #3124, #2591, #7483, #4434, #4132, #2114, #4159, #6904, #1527, #3594, #7072, #6360, #7314, #7559, #8056, #3355, #7386, #6603, #8170, #7085, #573, #3864, #1641, #2849, #454, #8631, #9284, #4500, #510, #3324, #1153, #3834, #6618, #6417, #9876, #4798, #7298, #1172, #5358, #5714, #1439, #4424, #1463, #1354, #2979, #8804, #310 ) ) ;
#4334 = FACE_OUTER_BOUND ( 'NONE', #3402, .T. ) ;
#4335 = VERTEX_POINT ( 'NONE', #2686 ) ;
#4336 = CARTESIAN_POINT ( 'NONE',  ( -12750.00000000000000, -729.4021522441533989, -769.9999999999963620 ) ) ;
#4337 = DIRECTION ( 'NONE',  ( 1.000000000000000000, 0.000000000000000000, 0.000000000000000000 ) ) ;
#4338 = EDGE_CURVE ( 'NONE', #9157, #4949, #5726, .T. ) ;
#4339 = EDGE_CURVE ( 'NONE', #9869, #191, #4454, .T. ) ;
#4340 = ORIENTED_EDGE ( 'NONE', *, *, #9541, .T. ) ;
#4341 = CARTESIAN_POINT ( 'NONE',  ( -14299.99999999999818, -1970.627566330085756, -637.0854464784596303 ) ) ;
#4342 = VECTOR ( 'NONE', #3699, 1000.000000000000000 ) ;
#4343 = VERTEX_POINT ( 'NONE', #2919 ) ;
#4344 = VERTEX_POINT ( 'NONE', #6772 ) ;
#4345 = VECTOR ( 'NONE', #1238, 1000.000000000000000 ) ;
#4346 = ORIENTED_EDGE ( 'NONE', *, *, #2614, .T. ) ;
#4347 = ORIENTED_EDGE ( 'NONE', *, *, #4022, .F. ) ;
#4348 = CARTESIAN_POINT ( 'NONE',  ( -6812.500000000000000, -740.0000000000001137, -960.0000000000002274 ) ) ;
#4349 = DIRECTION ( 'NONE',  ( -1.000000000000000000, 0.000000000000000000, -0.000000000000000000 ) ) ;
#4350 = CARTESIAN_POINT ( 'NONE',  ( -14619.74851850929372, 1189.999999999998181, -1009.999999999997158 ) ) ;
#4351 = DIRECTION ( 'NONE',  ( -1.000000000000000000, 0.000000000000000000, 1.223127061027714532E-16 ) ) ;
#4352 = EDGE_LOOP ( 'NONE', ( #9760, #6832, #453, #758 ) ) ;
#4353 = VECTOR ( 'NONE', #4499, 1000.000000000000000 ) ;
#4354 = DIRECTION ( 'NONE',  ( -1.000000000000000000, 0.000000000000000000, 0.000000000000000000 ) ) ;
#4355 = DIRECTION ( 'NONE',  ( 6.162975822039157467E-33, -1.000000000000000000, -3.301729611148415602E-16 ) ) ;
#4356 = ADVANCED_FACE ( 'NONE', ( #766 ), #2124, .T. ) ;
#4357 = DIRECTION ( 'NONE',  ( 0.000000000000000000, 0.000000000000000000, 1.000000000000000000 ) ) ;
#4358 = EDGE_CURVE ( 'NONE', #7808, #3149, #6668, .T. ) ;
#4359 = ADVANCED_FACE ( 'NONE', ( #7411 ), #3821, .F. ) ;
#4360 = CYLINDRICAL_SURFACE ( 'NONE', #1929, 250.0000000000000000 ) ;
#4361 = DIRECTION ( 'NONE',  ( 0.000000000000000000, 0.000000000000000000, 1.000000000000000000 ) ) ;
#4362 = CARTESIAN_POINT ( 'NONE',  ( -1949.999999999999773, -1189.999999999998408, -960.0000000000002274 ) ) ;
#4363 = EDGE_LOOP ( 'NONE', ( #6488, #6161 ) ) ;
#4364 = ORIENTED_EDGE ( 'NONE', *, *, #6723, .T. ) ;
#4365 = DIRECTION ( 'NONE',  ( 1.000000000000000000, -1.426102104458186769E-16, 0.000000000000000000 ) ) ;
#4366 = DIRECTION ( 'NONE',  ( -0.000000000000000000, 1.000000000000000000, -0.000000000000000000 ) ) ;
#4367 = ORIENTED_EDGE ( 'NONE', *, *, #6369, .F. ) ;
#4368 = DIRECTION ( 'NONE',  ( 0.000000000000000000, 0.000000000000000000, 1.000000000000000000 ) ) ;
#4369 = CARTESIAN_POINT ( 'NONE',  ( -3921.569072607348517, -9753.686360283016256, -960.7596123493884761 ) ) ;
#4370 = EDGE_CURVE ( 'NONE', #9757, #2316, #6881, .T. ) ;
#4371 = ADVANCED_FACE ( 'NONE', ( #5969 ), #1419, .F. ) ;
#4372 = FACE_OUTER_BOUND ( 'NONE', #3698, .T. ) ;
#4373 = VERTEX_POINT ( 'NONE', #8263 ) ;
#4374 = EDGE_LOOP ( 'NONE', ( #5853, #6049, #4367, #5835, #3559, #8257, #9300, #561, #6743, #6042, #354, #2349, #3459, #3230, #7257, #4100, #8911, #7113, #8611, #5544, #3028, #1161, #1601, #6541, #2645, #4725, #2707, #5688, #140, #7637, #3755 ) ) ;
#4375 = CARTESIAN_POINT ( 'NONE',  ( -13358.40271350518742, -989.9999999999994316, -4241.944871367028099 ) ) ;
#4376 = LINE ( 'NONE', #5803, #9258 ) ;
#4377 = DIRECTION ( 'NONE',  ( 1.000000000000000000, 0.000000000000000000, -0.000000000000000000 ) ) ;
#4378 = CARTESIAN_POINT ( 'NONE',  ( -1949.999999999999773, 739.9999999999984084, -1135.000000000000227 ) ) ;
#4379 = EDGE_CURVE ( 'NONE', #8857, #8982, #7520, .T. ) ;
#4380 = ADVANCED_FACE ( 'NONE', ( #3715 ), #4360, .F. ) ;
#4381 = ORIENTED_EDGE ( 'NONE', *, *, #2944, .F. ) ;
#4382 = DIRECTION ( 'NONE',  ( 0.000000000000000000, 0.000000000000000000, -1.000000000000000000 ) ) ;
#4383 = VECTOR ( 'NONE', #4814, 1000.000000000000000 ) ;
#4384 = ORIENTED_EDGE ( 'NONE', *, *, #5178, .T. ) ;
#4385 = ORIENTED_EDGE ( 'NONE', *, *, #925, .F. ) ;
#4386 = ORIENTED_EDGE ( 'NONE', *, *, #9664, .F. ) ;
#4387 = CARTESIAN_POINT ( 'NONE',  ( -12923.68347295909916, -1189.999999999998181, -760.0000000000006821 ) ) ;
#4388 = EDGE_CURVE ( 'NONE', #778, #2839, #2961, .T. ) ;
#4389 = CARTESIAN_POINT ( 'NONE',  ( -14569.74851850929372, -9753.686360283016256, -1009.999999999997158 ) ) ;
#4390 = LINE ( 'NONE', #5958, #6039 ) ;
#4391 = DIRECTION ( 'NONE',  ( 1.232595164407830672E-32, 2.775557561563032360E-16, -1.000000000000000000 ) ) ;
#4392 = VECTOR ( 'NONE', #7296, 1000.000000000000000 ) ;
#4393 = ORIENTED_EDGE ( 'NONE', *, *, #1769, .F. ) ;
#4394 = ORIENTED_EDGE ( 'NONE', *, *, #1868, .F. ) ;
#4395 = VERTEX_POINT ( 'NONE', #4400 ) ;
#4396 = FACE_OUTER_BOUND ( 'NONE', #4423, .T. ) ;
#4397 = VECTOR ( 'NONE', #3392, 1000.000000000000000 ) ;
#4398 = DIRECTION ( 'NONE',  ( 0.000000000000000000, 0.000000000000000000, 1.000000000000000000 ) ) ;
#4399 = CARTESIAN_POINT ( 'NONE',  ( -16550.00000000000000, -200.0000000000000000, -825.0000000000001137 ) ) ;
#4400 = CARTESIAN_POINT ( 'NONE',  ( -16550.00000000000000, 1189.999999999998408, -960.0000000000002274 ) ) ;
#4401 = LINE ( 'NONE', #8218, #4561 ) ;
#4402 = DIRECTION ( 'NONE',  ( 0.000000000000000000, 1.000000000000000000, 5.551115123125782702E-16 ) ) ;
#4403 = AXIS2_PLACEMENT_3D ( 'NONE', #5987, #2186, #5232 ) ;
#4404 = FACE_OUTER_BOUND ( 'NONE', #7118, .T. ) ;
#4405 = AXIS2_PLACEMENT_3D ( 'NONE', #6243, #2450, #7853 ) ;
#4406 = FACE_OUTER_BOUND ( 'NONE', #6107, .T. ) ;
#4407 = ORIENTED_EDGE ( 'NONE', *, *, #3817, .T. ) ;
#4408 = CARTESIAN_POINT ( 'NONE',  ( -14633.04291515398290, 989.9999999999984084, -868.8465180732556519 ) ) ;
#4409 = ORIENTED_EDGE ( 'NONE', *, *, #5973, .F. ) ;
#4410 = PLANE ( 'NONE',  #170 ) ;
#4411 = LINE ( 'NONE', #3427, #919 ) ;
#4412 = ORIENTED_EDGE ( 'NONE', *, *, #5601, .F. ) ;
#4413 = DIRECTION ( 'NONE',  ( -1.000000000000000000, 0.000000000000000000, 0.000000000000000000 ) ) ;
#4414 = CARTESIAN_POINT ( 'NONE',  ( -14588.56810139493791, 1077.499998843224375, -637.0854464784587208 ) ) ;
#4415 = CIRCLE ( 'NONE', #1728, 50.00000000000004263 ) ;
#4416 = CARTESIAN_POINT ( 'NONE',  ( -19120.00000000000000, 0.000000000000000000, -1060.000000000000000 ) ) ;
#4417 = CARTESIAN_POINT ( 'NONE',  ( 588.6859966642593918, 0.000000000000000000, -1060.000000000000000 ) ) ;
#4418 = ORIENTED_EDGE ( 'NONE', *, *, #1256, .T. ) ;
#4419 = LINE ( 'NONE', #8989, #2674 ) ;
#4420 = EDGE_CURVE ( 'NONE', #3811, #1249, #2243, .T. ) ;
#4421 = EDGE_CURVE ( 'NONE', #4999, #3893, #710, .T. ) ;
#4422 = EDGE_CURVE ( 'NONE', #7182, #7723, #3353, .T. ) ;
#4423 = EDGE_LOOP ( 'NONE', ( #4524, #980, #1492, #9822 ) ) ;
#4424 = ADVANCED_FACE ( 'NONE', ( #6072 ), #9110, .T. ) ;
#4425 = ORIENTED_EDGE ( 'NONE', *, *, #8365, .F. ) ;
#4426 = VECTOR ( 'NONE', #1070, 1000.000000000000000 ) ;
#4427 = DIRECTION ( 'NONE',  ( -0.2686233364777642629, -0.9632452974707709226, 0.000000000000000000 ) ) ;
#4428 = DIRECTION ( 'NONE',  ( 1.232595164407830672E-32, 2.249385511977649118E-16, -1.000000000000000000 ) ) ;
#4429 = CARTESIAN_POINT ( 'NONE',  ( -11880.00000000000182, -1970.627566330085983, -239.9999999999987779 ) ) ;
#4430 = ORIENTED_EDGE ( 'NONE', *, *, #1788, .T. ) ;
#4431 = DIRECTION ( 'NONE',  ( 1.000000000000000000, -1.426102104458186769E-16, 0.000000000000000000 ) ) ;
#4432 = CIRCLE ( 'NONE', #3984, 250.0000000000000000 ) ;
#4433 = VECTOR ( 'NONE', #5603, 1000.000000000000000 ) ;
#4434 = ADVANCED_FACE ( 'NONE', ( #5320 ), #8366, .T. ) ;
#4435 = VECTOR ( 'NONE', #402, 1000.000000000000000 ) ;
#4436 = VERTEX_POINT ( 'NONE', #15 ) ;
#4437 = DIRECTION ( 'NONE',  ( 0.000000000000000000, -0.000000000000000000, -1.000000000000000000 ) ) ;
#4438 = VERTEX_POINT ( 'NONE', #3068 ) ;
#4439 = ORIENTED_EDGE ( 'NONE', *, *, #7874, .T. ) ;
#4440 = CIRCLE ( 'NONE', #2868, 50.00000000000004263 ) ;
#4441 = DIRECTION ( 'NONE',  ( -0.000000000000000000, 0.000000000000000000, 1.000000000000000000 ) ) ;
#4442 = VECTOR ( 'NONE', #6320, 1000.000000000000114 ) ;
#4443 = AXIS2_PLACEMENT_3D ( 'NONE', #5747, #341, #1893 ) ;
#4444 = CARTESIAN_POINT ( 'NONE',  ( -15674.93198115551786, 0.000000000000000000, -960.0000000000002274 ) ) ;
#4445 = AXIS2_PLACEMENT_3D ( 'NONE', #8675, #924, #4071 ) ;
#4446 = VERTEX_POINT ( 'NONE', #6127 ) ;
#4447 = ORIENTED_EDGE ( 'NONE', *, *, #6893, .F. ) ;
#4448 = VERTEX_POINT ( 'NONE', #5115 ) ;
#4449 = VECTOR ( 'NONE', #526, 999.9999999999998863 ) ;
#4450 = EDGE_CURVE ( 'NONE', #1957, #134, #8534, .T. ) ;
#4451 = DIRECTION ( 'NONE',  ( 0.000000000000000000, 0.000000000000000000, 1.000000000000000000 ) ) ;
#4452 = CARTESIAN_POINT ( 'NONE',  ( -2349.999999999999545, 739.9999999999984084, -1135.000000000001137 ) ) ;
#4453 = CARTESIAN_POINT ( 'NONE',  ( 0.000000000000000000, 0.000000000000000000, -1135.000000000000227 ) ) ;
#4454 = LINE ( 'NONE', #6819, #6558 ) ;
#4455 = CARTESIAN_POINT ( 'NONE',  ( -13899.99999999999818, 190.0000000000006537, -459.9999999999981242 ) ) ;
#4456 = LINE ( 'NONE', #9883, #1270 ) ;
#4457 = CIRCLE ( 'NONE', #6710, 79.99999999999990052 ) ;
#4458 = DIRECTION ( 'NONE',  ( 0.000000000000000000, -1.000000000000000000, 0.000000000000000000 ) ) ;
#4459 = VECTOR ( 'NONE', #2630, 1000.000000000000000 ) ;
#4460 = DIRECTION ( 'NONE',  ( -0.000000000000000000, -0.000000000000000000, -1.000000000000000000 ) ) ;
#4461 = ORIENTED_EDGE ( 'NONE', *, *, #5151, .F. ) ;
#4462 = VERTEX_POINT ( 'NONE', #7789 ) ;
#4463 = DIRECTION ( 'NONE',  ( -0.9848077530122092416, 0.000000000000000000, -0.1736481776669234756 ) ) ;
#4464 = DIRECTION ( 'NONE',  ( -0.000000000000000000, -0.000000000000000000, -1.000000000000000000 ) ) ;
#4465 = LINE ( 'NONE', #9898, #5315 ) ;
#4466 = AXIS2_PLACEMENT_3D ( 'NONE', #7239, #1836, #4223 ) ;
#4467 = CARTESIAN_POINT ( 'NONE',  ( -11411.43189860506209, -1077.499998843224375, -757.0854464784604261 ) ) ;
#4468 = LINE ( 'NONE', #1342, #6196 ) ;
#4469 = ORIENTED_EDGE ( 'NONE', *, *, #1840, .F. ) ;
#4470 = CARTESIAN_POINT ( 'NONE',  ( -18500.00000000000000, 1189.999999999998408, -960.0000000000002274 ) ) ;
#4471 = ORIENTED_EDGE ( 'NONE', *, *, #5630, .T. ) ;
#4472 = ORIENTED_EDGE ( 'NONE', *, *, #1959, .F. ) ;
#4473 = ORIENTED_EDGE ( 'NONE', *, *, #7192, .T. ) ;
#4474 = VERTEX_POINT ( 'NONE', #9369 ) ;
#4475 = DIRECTION ( 'NONE',  ( 0.000000000000000000, -0.000000000000000000, -1.000000000000000000 ) ) ;
#4476 = CARTESIAN_POINT ( 'NONE',  ( -14156.10001622140953, 732.4719190560189190, -589.9999999999965894 ) ) ;
#4477 = DIRECTION ( 'NONE',  ( -1.000000000000000000, 0.000000000000000000, -0.000000000000000000 ) ) ;
#4478 = PLANE ( 'NONE',  #6181 ) ;
#4480 = VECTOR ( 'NONE', #9120, 1000.000000000000000 ) ;
#4479 = DIRECTION ( 'NONE',  ( 6.162975822039589899E-33, -1.000000000000000000, -3.530762810662500311E-14 ) ) ;
#4481 = EDGE_CURVE ( 'NONE', #4344, #6765, #1020, .T. ) ;
#4482 = ADVANCED_FACE ( 'NONE', ( #1631 ), #5524, .F. ) ;
#4483 = VERTEX_POINT ( 'NONE', #5574 ) ;
#4484 = LINE ( 'NONE', #6521, #7622 ) ;
#4485 = DIRECTION ( 'NONE',  ( -1.000000000000000000, 0.000000000000000000, 0.000000000000000000 ) ) ;
#4486 = EDGE_LOOP ( 'NONE', ( #9256, #5306, #6715, #9870 ) ) ;
#4487 = VERTEX_POINT ( 'NONE', #3119 ) ;
#4488 = DIRECTION ( 'NONE',  ( 1.000000000000000000, 6.162975822039151993E-33, 1.232595164407830946E-32 ) ) ;
#4489 = ADVANCED_FACE ( 'NONE', ( #880 ), #7739, .F. ) ;
#4490 = EDGE_CURVE ( 'NONE', #3606, #2941, #4760, .T. ) ;
#4491 = CARTESIAN_POINT ( 'NONE',  ( -13250.00000000000000, -899.9999999999986358, -637.0854464784594029 ) ) ;
#4492 = DIRECTION ( 'NONE',  ( -1.000000000000000000, 0.000000000000000000, 0.000000000000000000 ) ) ;
#4493 = DIRECTION ( 'NONE',  ( 0.000000000000000000, -1.000000000000000000, 0.000000000000000000 ) ) ;
#4494 = EDGE_LOOP ( 'NONE', ( #5718, #4565 ) ) ;
#4495 = CIRCLE ( 'NONE', #8984, 79.99999999999990052 ) ;
#4496 = ORIENTED_EDGE ( 'NONE', *, *, #6660, .T. ) ;
#4497 = CARTESIAN_POINT ( 'NONE',  ( -14338.65743636097613, -1077.499998843224375, -757.0854464784604261 ) ) ;
#4498 = CARTESIAN_POINT ( 'NONE',  ( -11437.50000000000000, 739.9999999999984084, -1135.000000000000227 ) ) ;
#4499 = DIRECTION ( 'NONE',  ( 0.000000000000000000, -1.000000000000000000, -0.000000000000000000 ) ) ;
#4500 = ADVANCED_FACE ( 'NONE', ( #6176 ), #7030, .F. ) ;
#4501 = DIRECTION ( 'NONE',  ( 1.426102104458186769E-16, -1.000000000000000000, 0.000000000000000000 ) ) ;
#4502 = AXIS2_PLACEMENT_3D ( 'NONE', #1299, #2649, #4982 ) ;
#4503 = DIRECTION ( 'NONE',  ( 0.000000000000000000, -0.000000000000000000, 1.000000000000000000 ) ) ;
#4504 = ADVANCED_FACE ( 'NONE', ( #7841 ), #9278, .F. ) ;
#4505 = DIRECTION ( 'NONE',  ( -1.669587230693022918E-16, -2.391760238884576807E-33, -1.000000000000000000 ) ) ;
#4506 = DIRECTION ( 'NONE',  ( -1.000000000000000000, -0.000000000000000000, -0.000000000000000000 ) ) ;
#4507 = PLANE ( 'NONE',  #1373 ) ;
#4508 = LINE ( 'NONE', #2171, #6847 ) ;
#4509 = VERTEX_POINT ( 'NONE', #3172 ) ;
#4510 = DIRECTION ( 'NONE',  ( 1.000000000000000000, -0.000000000000000000, -0.000000000000000000 ) ) ;
#4511 = ORIENTED_EDGE ( 'NONE', *, *, #508, .F. ) ;
#4512 = FACE_OUTER_BOUND ( 'NONE', #8475, .T. ) ;
#4513 = ORIENTED_EDGE ( 'NONE', *, *, #8895, .F. ) ;
#4514 = CARTESIAN_POINT ( 'NONE',  ( -12143.40011953353496, 1077.499998843224375, -637.0854464784587208 ) ) ;
#4515 = LINE ( 'NONE', #6937, #4759 ) ;
#4516 = LINE ( 'NONE', #7534, #1171 ) ;
#4517 = CYLINDRICAL_SURFACE ( 'NONE', #3832, 250.0000000000000000 ) ;
#4518 = PLANE ( 'NONE',  #2527 ) ;
#4519 = ORIENTED_EDGE ( 'NONE', *, *, #1076, .F. ) ;
#4520 = CARTESIAN_POINT ( 'NONE',  ( -13604.79991371806136, 921.2864145885208700, -1135.000000000000227 ) ) ;
#4521 = VERTEX_POINT ( 'NONE', #4069 ) ;
#4522 = EDGE_CURVE ( 'NONE', #3893, #247, #974, .T. ) ;
#4523 = VERTEX_POINT ( 'NONE', #3979 ) ;
#4524 = ORIENTED_EDGE ( 'NONE', *, *, #9542, .F. ) ;
#4525 = ORIENTED_EDGE ( 'NONE', *, *, #5674, .T. ) ;
#4526 = DIRECTION ( 'NONE',  ( -0.000000000000000000, 0.000000000000000000, 1.000000000000000000 ) ) ;
#4527 = CARTESIAN_POINT ( 'NONE',  ( -12500.00000000000182, 1970.627566330085756, -637.0854464784586071 ) ) ;
#4528 = DIRECTION ( 'NONE',  ( -6.162975822039156098E-33, 1.000000000000000000, 2.775557561563032360E-16 ) ) ;
#4529 = DIRECTION ( 'NONE',  ( -1.000000000000000000, 0.000000000000000000, 0.000000000000000000 ) ) ;
#4530 = CARTESIAN_POINT ( 'NONE',  ( -4885.798269505217831, 954.9999999999984084, -4241.944871367028099 ) ) ;
#4531 = DIRECTION ( 'NONE',  ( 1.000000000000000000, 0.000000000000000000, 0.000000000000000000 ) ) ;
#4532 = ORIENTED_EDGE ( 'NONE', *, *, #8357, .T. ) ;
#4533 = DIRECTION ( 'NONE',  ( 0.000000000000000000, 0.000000000000000000, 1.000000000000000000 ) ) ;
#4534 = EDGE_CURVE ( 'NONE', #7437, #6997, #323, .T. ) ;
#4535 = EDGE_CURVE ( 'NONE', #9443, #5789, #174, .T. ) ;
#4536 = CARTESIAN_POINT ( 'NONE',  ( -4534.427461039359514, -1190.000000000002728, -751.1534819267461671 ) ) ;
#4537 = VERTEX_POINT ( 'NONE', #3218 ) ;
#4538 = ORIENTED_EDGE ( 'NONE', *, *, #7629, .T. ) ;
#4539 = CARTESIAN_POINT ( 'NONE',  ( -18500.00000000000000, 875.0000000000000000, -1210.000000000000000 ) ) ;
#4540 = CARTESIAN_POINT ( 'NONE',  ( -2476.862333647775813, -246.8767314595582434, -960.0000000000002274 ) ) ;
#4541 = DIRECTION ( 'NONE',  ( 1.000000000000000000, 6.162975822039152677E-33, 1.232595164407830946E-32 ) ) ;
#4542 = LINE ( 'NONE', #4654, #8802 ) ;
#4543 = VERTEX_POINT ( 'NONE', #6277 ) ;
#4544 = ORIENTED_EDGE ( 'NONE', *, *, #2380, .F. ) ;
#4545 = EDGE_CURVE ( 'NONE', #6502, #6999, #7123, .T. ) ;
#4546 = EDGE_CURVE ( 'NONE', #2160, #3341, #2331, .T. ) ;
#4547 = ORIENTED_EDGE ( 'NONE', *, *, #3588, .F. ) ;
#4548 = EDGE_CURVE ( 'NONE', #9391, #1040, #5604, .T. ) ;
#4549 = CARTESIAN_POINT ( 'NONE',  ( -16550.00000000000000, -989.9999999999984084, -960.0000000000002274 ) ) ;
#4550 = DIRECTION ( 'NONE',  ( -1.232595164407830672E-32, -2.775557561563032360E-16, 1.000000000000000000 ) ) ;
#4551 = CYLINDRICAL_SURFACE ( 'NONE', #4980, 100.0000000000000853 ) ;
#4552 = CIRCLE ( 'NONE', #2661, 250.0000000000000000 ) ;
#4553 = DIRECTION ( 'NONE',  ( -8.886765616753403147E-33, -0.3952161465694035702, 0.9185881544472646043 ) ) ;
#4554 = LINE ( 'NONE', #9427, #8607 ) ;
#4555 = DIRECTION ( 'NONE',  ( 1.000000000000000000, 0.000000000000000000, 0.000000000000000000 ) ) ;
#4556 = DIRECTION ( 'NONE',  ( -1.232595164407830672E-32, -2.775557561563032360E-16, 1.000000000000000000 ) ) ;
#4557 = FACE_OUTER_BOUND ( 'NONE', #2412, .T. ) ;
#4558 = AXIS2_PLACEMENT_3D ( 'NONE', #5761, #1811, #4101 ) ;
#4559 = CARTESIAN_POINT ( 'NONE',  ( -13755.00000000007094, 1077.499998843224375, -860.0000000000226237 ) ) ;
#4560 = EDGE_CURVE ( 'NONE', #5687, #6565, #8575, .T. ) ;
#4561 = VECTOR ( 'NONE', #7459, 1000.000000000000000 ) ;
#4562 = EDGE_CURVE ( 'NONE', #9838, #6642, #8305, .T. ) ;
#4563 = ORIENTED_EDGE ( 'NONE', *, *, #9016, .F. ) ;
#4564 = DIRECTION ( 'NONE',  ( 1.000000000000000000, 0.000000000000000000, 0.000000000000000000 ) ) ;
#4565 = ORIENTED_EDGE ( 'NONE', *, *, #7393, .F. ) ;
#4566 = DIRECTION ( 'NONE',  ( -0.9848077530122075762, -4.819705125750966016E-17, 0.1736481776669329402 ) ) ;
#4567 = ORIENTED_EDGE ( 'NONE', *, *, #3398, .F. ) ;
#4568 = DIRECTION ( 'NONE',  ( 0.000000000000000000, 0.000000000000000000, 1.000000000000000000 ) ) ;
#4569 = DIRECTION ( 'NONE',  ( 1.000000000000000000, 6.162975822039151993E-33, 1.232595164407830946E-32 ) ) ;
#4570 = DIRECTION ( 'NONE',  ( 6.162975822039157467E-33, -1.000000000000000000, -2.775557561563032360E-16 ) ) ;
#4571 = CIRCLE ( 'NONE', #3152, 250.0000000000000000 ) ;
#4572 = FACE_OUTER_BOUND ( 'NONE', #2105, .T. ) ;
#4573 = ORIENTED_EDGE ( 'NONE', *, *, #6224, .T. ) ;
#4574 = DIRECTION ( 'NONE',  ( -1.000000000000000000, -0.000000000000000000, -0.000000000000000000 ) ) ;
#4575 = AXIS2_PLACEMENT_3D ( 'NONE', #1528, #2343, #4568 ) ;
#4576 = EDGE_CURVE ( 'NONE', #809, #2956, #8420, .T. ) ;
#4577 = ADVANCED_FACE ( 'NONE', ( #7307, #4956 ), #1268, .F. ) ;
#4578 = ORIENTED_EDGE ( 'NONE', *, *, #5825, .F. ) ;
#4579 = ORIENTED_EDGE ( 'NONE', *, *, #7442, .F. ) ;
#4580 = VERTEX_POINT ( 'NONE', #5669 ) ;
#4581 = CARTESIAN_POINT ( 'NONE',  ( -16550.00000000000000, 1189.999999999998408, -960.0000000000002274 ) ) ;
#4582 = CARTESIAN_POINT ( 'NONE',  ( -16150.00000000000182, -200.0000000000000000, -825.0000000000001137 ) ) ;
#4583 = FACE_OUTER_BOUND ( 'NONE', #6591, .T. ) ;
#4584 = VECTOR ( 'NONE', #1324, 1000.000000000000000 ) ;
#4585 = CARTESIAN_POINT ( 'NONE',  ( -13948.20772119394496, 1189.999999999998181, -849.6342572279658043 ) ) ;
#4586 = AXIS2_PLACEMENT_3D ( 'NONE', #4777, #6292, #2498 ) ;
#4587 = VERTEX_POINT ( 'NONE', #1069 ) ;
#4588 = ORIENTED_EDGE ( 'NONE', *, *, #2678, .F. ) ;
#4589 = DIRECTION ( 'NONE',  ( 1.000000000000000000, 0.000000000000000000, -0.000000000000000000 ) ) ;
#4590 = AXIS2_PLACEMENT_3D ( 'NONE', #4206, #4895, #3362 ) ;
#4591 = ORIENTED_EDGE ( 'NONE', *, *, #3660, .F. ) ;
#4592 = ORIENTED_EDGE ( 'NONE', *, *, #4033, .T. ) ;
#4593 = DIRECTION ( 'NONE',  ( 0.000000000000000000, 0.000000000000000000, 1.000000000000000000 ) ) ;
#4594 = AXIS2_PLACEMENT_3D ( 'NONE', #7334, #5029, #5174 ) ;
#4595 = DIRECTION ( 'NONE',  ( -1.000000000000000000, 0.000000000000000000, 0.000000000000000000 ) ) ;
#4596 = CARTESIAN_POINT ( 'NONE',  ( -12550.00000000000000, 989.9999999999984084, -1135.000000000000227 ) ) ;
#4597 = AXIS2_PLACEMENT_3D ( 'NONE', #7232, #5776, #6578 ) ;
#4598 = EDGE_CURVE ( 'NONE', #5339, #4247, #2580, .T. ) ;
#4599 = VERTEX_POINT ( 'NONE', #1863 ) ;
#4600 = ORIENTED_EDGE ( 'NONE', *, *, #5032, .F. ) ;
#4601 = AXIS2_PLACEMENT_3D ( 'NONE', #3512, #5073, #8178 ) ;
#4602 = ORIENTED_EDGE ( 'NONE', *, *, #9490, .T. ) ;
#4603 = VERTEX_POINT ( 'NONE', #2675 ) ;
#4604 = LINE ( 'NONE', #7076, #4442 ) ;
#4605 = LINE ( 'NONE', #6125, #9382 ) ;
#4606 = CARTESIAN_POINT ( 'NONE',  ( -6812.500000000000000, 739.9999999999984084, -960.0000000000000000 ) ) ;
#4607 = AXIS2_PLACEMENT_3D ( 'NONE', #4667, #1682, #7633 ) ;
#4608 = CARTESIAN_POINT ( 'NONE',  ( -13499.99999999999818, 1970.627566330085529, -306.2059048389980944 ) ) ;
#4609 =( NAMED_UNIT ( * ) PLANE_ANGLE_UNIT ( ) SI_UNIT ( $, .RADIAN. ) );
#4610 = EDGE_CURVE ( 'NONE', #1651, #4251, #8154, .T. ) ;
#4611 = DIRECTION ( 'NONE',  ( 6.162975822038967936E-33, -1.000000000000000000, 1.510372559762204329E-14 ) ) ;
#4612 = EDGE_CURVE ( 'NONE', #8588, #7708, #3507, .T. ) ;
#4613 = VECTOR ( 'NONE', #3554, 1000.000000000000000 ) ;
#4614 = VECTOR ( 'NONE', #4708, 1000.000000000000000 ) ;
#4615 = CARTESIAN_POINT ( 'NONE',  ( -15419.32881082469248, 0.000000000000000000, -4241.944871367028099 ) ) ;
#4616 = CARTESIAN_POINT ( 'NONE',  ( -16550.00000000000000, 739.9999999999984084, 0.000000000000000000 ) ) ;
#4617 = VERTEX_POINT ( 'NONE', #6513 ) ;
#4618 = CARTESIAN_POINT ( 'NONE',  ( -16050.00000000000000, 343.2012612066361044, -960.0000000000000000 ) ) ;
#4619 = ORIENTED_EDGE ( 'NONE', *, *, #3246, .F. ) ;
#4620 = ORIENTED_EDGE ( 'NONE', *, *, #4278, .F. ) ;
#4621 = AXIS2_PLACEMENT_3D ( 'NONE', #5031, #3537, #2704 ) ;
#4622 = CARTESIAN_POINT ( 'NONE',  ( -2449.999999999999545, -343.2012612066354222, -4241.944871367028099 ) ) ;
#4623 = LINE ( 'NONE', #9333, #349 ) ;
#4624 = DIRECTION ( 'NONE',  ( 0.000000000000000000, -0.000000000000000000, -1.000000000000000000 ) ) ;
#4625 = VECTOR ( 'NONE', #2108, 1000.000000000000000 ) ;
#4626 = CARTESIAN_POINT ( 'NONE',  ( -7862.500000000000000, -740.0000000000002274, -1135.000000000000227 ) ) ;
#4627 = EDGE_CURVE ( 'NONE', #4172, #3605, #1131, .T. ) ;
#4628 = ORIENTED_EDGE ( 'NONE', *, *, #7097, .T. ) ;
#4629 = AXIS2_PLACEMENT_3D ( 'NONE', #8078, #8922, #4861 ) ;
#4630 = CARTESIAN_POINT ( 'NONE',  ( -18500.00000000000000, 1189.999999999998408, -960.0000000000002274 ) ) ;
#4631 = VERTEX_POINT ( 'NONE', #7173 ) ;
#4632 = ORIENTED_EDGE ( 'NONE', *, *, #8552, .F. ) ;
#4633 = ORIENTED_EDGE ( 'NONE', *, *, #8069, .F. ) ;
#4634 = CARTESIAN_POINT ( 'NONE',  ( -14569.74851850929372, -1189.999999999998181, -1059.999999999997499 ) ) ;
#4635 = ORIENTED_EDGE ( 'NONE', *, *, #7893, .T. ) ;
#4636 = DIRECTION ( 'NONE',  ( -0.000000000000000000, 0.000000000000000000, 1.000000000000000000 ) ) ;
#4637 = VECTOR ( 'NONE', #1363, 1000.000000000000000 ) ;
#4638 = DIRECTION ( 'NONE',  ( -6.162975822039157467E-33, 1.000000000000000000, 3.301729611148415602E-16 ) ) ;
#4639 = LINE ( 'NONE', #9191, #2511 ) ;
#4640 = CARTESIAN_POINT ( 'NONE',  ( 0.000000000000000000, -875.0000000000000000, -980.0000000000001137 ) ) ;
#4641 = LINE ( 'NONE', #7660, #2410 ) ;
#4642 = EDGE_CURVE ( 'NONE', #599, #8232, #7975, .T. ) ;
#4643 = EDGE_LOOP ( 'NONE', ( #3233, #7420, #1412, #7116 ) ) ;
#4644 = EDGE_CURVE ( 'NONE', #2973, #3920, #8673, .T. ) ;
#4645 = EDGE_LOOP ( 'NONE', ( #8930, #3737, #1995, #3747, #7071, #5343, #3299, #8890, #7332 ) ) ;
#4646 = DIRECTION ( 'NONE',  ( -1.000000000000000000, 0.000000000000000000, 0.000000000000000000 ) ) ;
#4647 = ORIENTED_EDGE ( 'NONE', *, *, #6226, .F. ) ;
#4648 = ORIENTED_EDGE ( 'NONE', *, *, #243, .F. ) ;
#4649 = EDGE_LOOP ( 'NONE', ( #3710, #3752, #2581, #6588, #356, #7352, #8702, #5640 ) ) ;
#4650 = DIRECTION ( 'NONE',  ( 1.000000000000000000, 6.162975822039151993E-33, 1.232595164407830946E-32 ) ) ;
#4651 = CARTESIAN_POINT ( 'NONE',  ( -11880.00000000000182, 1077.499998843224375, -517.7941176470588971 ) ) ;
#4652 = DIRECTION ( 'NONE',  ( 1.000000000000000000, 0.000000000000000000, -0.000000000000000000 ) ) ;
#4653 = AXIS2_PLACEMENT_3D ( 'NONE', #2449, #1684, #1526 ) ;
#4654 = CARTESIAN_POINT ( 'NONE',  ( -18500.00000000000000, 1189.999999999998408, -960.0000000000002274 ) ) ;
#4655 = EDGE_LOOP ( 'NONE', ( #4685, #9097, #2016, #1733 ) ) ;
#4656 = ORIENTED_EDGE ( 'NONE', *, *, #3700, .T. ) ;
#4657 = ORIENTED_EDGE ( 'NONE', *, *, #5565, .T. ) ;
#4658 = VECTOR ( 'NONE', #9178, 1000.000000000000000 ) ;
#4659 = CARTESIAN_POINT ( 'NONE',  ( -2825.068018844486232, 0.000000000000000000, 5040.000000000000000 ) ) ;
#4660 = LINE ( 'NONE', #9321, #5408 ) ;
#4661 = LINE ( 'NONE', #4710, #8974 ) ;
#4662 = CARTESIAN_POINT ( 'NONE',  ( -14299.99999999999818, 1970.627566330085756, -637.0854464784586071 ) ) ;
#4663 = CARTESIAN_POINT ( 'NONE',  ( -5699.999999999999091, -739.9999999999997726, -4241.944871367028099 ) ) ;
#4664 = FACE_OUTER_BOUND ( 'NONE', #5479, .T. ) ;
#4665 = VECTOR ( 'NONE', #6760, 1000.000000000000000 ) ;
#4666 = CARTESIAN_POINT ( 'NONE',  ( -15900.00000000000182, -990.0000000000021600, -960.0000000000002274 ) ) ;
#4667 = CARTESIAN_POINT ( 'NONE',  ( -14388.56810139493609, -877.4999988432243754, -757.0854464784603124 ) ) ;
#4668 = EDGE_CURVE ( 'NONE', #5810, #9836, #8023, .T. ) ;
#4669 = DIRECTION ( 'NONE',  ( -9.433912312161293108E-33, 0.9581400679044366209, 0.2862998607685335872 ) ) ;
#4670 = ADVANCED_FACE ( 'NONE', ( #3364 ), #1123, .F. ) ;
#4671 = CARTESIAN_POINT ( 'NONE',  ( -19088.68599666425871, -875.0000000000000000, -1210.000000000000000 ) ) ;
#4672 = CARTESIAN_POINT ( 'NONE',  ( -346.4101615137744830, 739.9999999999984084, -1135.000000000000227 ) ) ;
#4673 = EDGE_CURVE ( 'NONE', #3329, #821, #7227, .T. ) ;
#4674 = DIRECTION ( 'NONE',  ( -0.000000000000000000, 0.000000000000000000, 1.000000000000000000 ) ) ;
#4675 = VECTOR ( 'NONE', #6787, 1000.000000000000000 ) ;
#4676 = DIRECTION ( 'NONE',  ( 6.162975822039157467E-33, -1.000000000000000000, -2.775557561563032360E-16 ) ) ;
#4677 = CARTESIAN_POINT ( 'NONE',  ( -13755.00000000007094, -1077.499998843224375, -860.0000000000231921 ) ) ;
#4678 = CARTESIAN_POINT ( 'NONE',  ( -2708.402713505185147, 0.000000000000000000, -4241.944871367028099 ) ) ;
#4679 = DIRECTION ( 'NONE',  ( -6.162975822039157467E-33, 1.000000000000000000, 3.301729611148415602E-16 ) ) ;
#4680 = VERTEX_POINT ( 'NONE', #6472 ) ;
#4681 = ORIENTED_EDGE ( 'NONE', *, *, #3838, .T. ) ;
#4682 = VECTOR ( 'NONE', #5267, 1000.000000000000000 ) ;
#4683 = DIRECTION ( 'NONE',  ( -1.232595164407830672E-32, -2.775557561563032360E-16, 1.000000000000000000 ) ) ;
#4684 = EDGE_LOOP ( 'NONE', ( #9093, #4978, #3772, #8735 ) ) ;
#4685 = ORIENTED_EDGE ( 'NONE', *, *, #9334, .F. ) ;
#4686 = EDGE_LOOP ( 'NONE', ( #4544, #102, #9008, #5850, #2378, #1600, #2751, #415 ) ) ;
#4687 = DIRECTION ( 'NONE',  ( 1.000000000000000000, 0.000000000000000000, 0.000000000000000000 ) ) ;
#4688 = EDGE_LOOP ( 'NONE', ( #9309, #6298, #32, #4511 ) ) ;
#4689 = CARTESIAN_POINT ( 'NONE',  ( -13899.99999999999818, 814.9999999999971578, 2.220446049250313081E-12 ) ) ;
#4690 = EDGE_CURVE ( 'NONE', #6589, #9839, #4208, .T. ) ;
#4691 = CARTESIAN_POINT ( 'NONE',  ( -11437.50000000000000, 989.9999999999984084, -4241.944871367028099 ) ) ;
#4692 = DIRECTION ( 'NONE',  ( 1.000000000000000000, 0.000000000000000000, -1.662153715850724780E-16 ) ) ;
#4693 = CARTESIAN_POINT ( 'NONE',  ( -18500.00000000000000, -1190.000000000002728, -960.0000000000002274 ) ) ;
#4694 = CARTESIAN_POINT ( 'NONE',  ( -16800.00000000000000, 989.9999999999984084, -960.0000000000002274 ) ) ;
#4695 = ORIENTED_EDGE ( 'NONE', *, *, #5802, .F. ) ;
#4696 = ORIENTED_EDGE ( 'NONE', *, *, #1329, .F. ) ;
#4697 = DIRECTION ( 'NONE',  ( -1.232595164407830672E-32, -2.775557561563032360E-16, 1.000000000000000000 ) ) ;
#4698 = ADVANCED_FACE ( 'NONE', ( #399 ), #3452, .F. ) ;
#4699 = EDGE_CURVE ( 'NONE', #8963, #6256, #5273, .T. ) ;
#4700 = EDGE_LOOP ( 'NONE', ( #6734, #7103, #9201, #7163, #4778, #2682, #8103 ) ) ;
#4701 = CARTESIAN_POINT ( 'NONE',  ( -12750.00000000000000, 899.9999999999986358, -350.9999999999985221 ) ) ;
#4702 = DIRECTION ( 'NONE',  ( 1.000000000000000000, 0.000000000000000000, 0.000000000000000000 ) ) ;
#4703 = CARTESIAN_POINT ( 'NONE',  ( -12750.00000000000000, -1077.499998843224375, -589.9999999999971578 ) ) ;
#4704 = ORIENTED_EDGE ( 'NONE', *, *, #1659, .T. ) ;
#4705 = VERTEX_POINT ( 'NONE', #2773 ) ;
#4706 = ADVANCED_FACE ( 'NONE', ( #5815 ), #8860, .F. ) ;
#4707 = ORIENTED_EDGE ( 'NONE', *, *, #1959, .T. ) ;
#4708 = DIRECTION ( 'NONE',  ( 0.000000000000000000, -0.000000000000000000, 1.000000000000000000 ) ) ;
#4709 = CARTESIAN_POINT ( 'NONE',  ( -16150.00000000000182, -343.2012612066350812, -960.0000000000002274 ) ) ;
#4710 = CARTESIAN_POINT ( 'NONE',  ( -7062.500000000000000, -989.9999999999990905, -1135.000000000000227 ) ) ;
#4711 = DIRECTION ( 'NONE',  ( -0.000000000000000000, 1.000000000000000000, 0.000000000000000000 ) ) ;
#4712 = DIRECTION ( 'NONE',  ( 0.000000000000000000, 0.000000000000000000, 1.000000000000000000 ) ) ;
#4713 = FACE_OUTER_BOUND ( 'NONE', #6465, .T. ) ;
#4714 = LINE ( 'NONE', #5441, #6971 ) ;
#4715 = LINE ( 'NONE', #929, #5733 ) ;
#4716 = AXIS2_PLACEMENT_3D ( 'NONE', #3693, #6753, #5998 ) ;
#4717 = ORIENTED_EDGE ( 'NONE', *, *, #4751, .F. ) ;
#4718 = PLANE ( 'NONE',  #8898 ) ;
#4719 = LINE ( 'NONE', #3271, #1281 ) ;
#4720 = FACE_OUTER_BOUND ( 'NONE', #8811, .T. ) ;
#4721 = LINE ( 'NONE', #3229, #4748 ) ;
#4722 = ORIENTED_EDGE ( 'NONE', *, *, #5802, .T. ) ;
#4723 = EDGE_CURVE ( 'NONE', #8348, #6392, #7611, .T. ) ;
#4724 = VECTOR ( 'NONE', #8335, 1000.000000000000000 ) ;
#4725 = ORIENTED_EDGE ( 'NONE', *, *, #5674, .F. ) ;
#4726 = VERTEX_POINT ( 'NONE', #9722 ) ;
#4727 = ORIENTED_EDGE ( 'NONE', *, *, #905, .F. ) ;
#4728 = EDGE_LOOP ( 'NONE', ( #865, #5123, #2200, #5292 ) ) ;
#4729 = LINE ( 'NONE', #2464, #2577 ) ;
#4730 = ORIENTED_EDGE ( 'NONE', *, *, #2646, .T. ) ;
#4731 = DIRECTION ( 'NONE',  ( 6.162975822039157467E-33, -1.000000000000000000, -2.775557561563032360E-16 ) ) ;
#4732 = DIRECTION ( 'NONE',  ( -6.162975822039157467E-33, 1.000000000000000000, 2.775557561563032360E-16 ) ) ;
#4733 = CIRCLE ( 'NONE', #9213, 79.99999999999990052 ) ;
#4734 = LINE ( 'NONE', #4010, #8141 ) ;
#4735 = EDGE_CURVE ( 'NONE', #1040, #9391, #3025, .T. ) ;
#4736 = EDGE_LOOP ( 'NONE', ( #1254, #5766, #894, #6185 ) ) ;
#4737 = ADVANCED_FACE ( 'NONE', ( #8252 ), #5149, .T. ) ;
#4738 = ADVANCED_FACE ( 'NONE', ( #1315 ), #1408, .T. ) ;
#4739 = EDGE_LOOP ( 'NONE', ( #588, #3380, #5382, #187 ) ) ;
#4740 = FACE_OUTER_BOUND ( 'NONE', #1335, .T. ) ;
#4741 = DIRECTION ( 'NONE',  ( 1.000000000000000000, -0.000000000000000000, -0.000000000000000000 ) ) ;
#4742 = AXIS2_PLACEMENT_3D ( 'NONE', #5028, #7283, #4280 ) ;
#4743 = DIRECTION ( 'NONE',  ( 1.000000000000000000, 6.162975822039151993E-33, 1.232595164407830946E-32 ) ) ;
#4744 = AXIS2_PLACEMENT_3D ( 'NONE', #66, #5920, #8417 ) ;
#4745 = VERTEX_POINT ( 'NONE', #8908 ) ;
#4746 = ORIENTED_EDGE ( 'NONE', *, *, #8365, .T. ) ;
#4747 = DIRECTION ( 'NONE',  ( 0.000000000000000000, -0.9901138386947148096, -0.1402661271484180183 ) ) ;
#4748 = VECTOR ( 'NONE', #6143, 1000.000000000000000 ) ;
#4749 = CARTESIAN_POINT ( 'NONE',  ( -5273.137666352222368, 715.2359445967783813, -960.0000000000002274 ) ) ;
#4750 = PRESENTATION_LAYER_ASSIGNMENT (  '', '', ( #121 ) ) ;
#4751 = EDGE_CURVE ( 'NONE', #8312, #7216, #2110, .T. ) ;
#4752 = EDGE_LOOP ( 'NONE', ( #1694, #4384, #5224, #237 ) ) ;
#4753 = EDGE_LOOP ( 'NONE', ( #8355, #5608, #7469, #1619 ) ) ;
#4754 = DIRECTION ( 'NONE',  ( 0.000000000000000000, -1.000000000000000000, 0.000000000000000000 ) ) ;
#4755 = CIRCLE ( 'NONE', #1248, 199.9999999999999432 ) ;
#4756 = EDGE_LOOP ( 'NONE', ( #6066, #1310, #6372, #2902 ) ) ;
#4757 = DIRECTION ( 'NONE',  ( -0.000000000000000000, 0.000000000000000000, 1.000000000000000000 ) ) ;
#4758 = LINE ( 'NONE', #6322, #5480 ) ;
#4759 = VECTOR ( 'NONE', #2933, 999.9999999999998863 ) ;
#4760 = LINE ( 'NONE', #6926, #5757 ) ;
#4761 = DIRECTION ( 'NONE',  ( 0.000000000000000000, -0.000000000000000000, -1.000000000000000000 ) ) ;
#4762 = CYLINDRICAL_SURFACE ( 'NONE', #8465, 460.0000000000000568 ) ;
#4763 = ADVANCED_FACE ( 'NONE', ( #8358 ), #6712, .F. ) ;
#4764 = ADVANCED_FACE ( 'NONE', ( #2063 ), #2812, .T. ) ;
#4765 = PLANE ( 'NONE',  #902 ) ;
#4766 = AXIS2_PLACEMENT_3D ( 'NONE', #5112, #4908, #1130 ) ;
#4767 = DIRECTION ( 'NONE',  ( 6.162975822039157467E-33, -1.000000000000000000, -2.775557561563032360E-16 ) ) ;
#4768 = LINE ( 'NONE', #9287, #7017 ) ;
#4769 = VECTOR ( 'NONE', #8926, 1000.000000000000000 ) ;
#4770 = ORIENTED_EDGE ( 'NONE', *, *, #1331, .T. ) ;
#4771 = CARTESIAN_POINT ( 'NONE',  ( -16550.00000000000000, -800.0000000000000000, -910.0000000000001137 ) ) ;
#4772 = CARTESIAN_POINT ( 'NONE',  ( -3921.569072607348517, -1189.999999999997726, -960.7596123493885898 ) ) ;
#4773 = AXIS2_PLACEMENT_3D ( 'NONE', #5468, #7107, #6306 ) ;
#4774 = LINE ( 'NONE', #987, #8943 ) ;
#4775 = VECTOR ( 'NONE', #3544, 1000.000000000000000 ) ;
#4776 = VECTOR ( 'NONE', #1150, 1000.000000000000000 ) ;
#4777 = CARTESIAN_POINT ( 'NONE',  ( -12244.99999999992906, 454.0705533836913332, -860.0000000000227374 ) ) ;
#4778 = ORIENTED_EDGE ( 'NONE', *, *, #7702, .F. ) ;
#4779 = VECTOR ( 'NONE', #4832, 1000.000000000000000 ) ;
#4780 = ORIENTED_EDGE ( 'NONE', *, *, #6361, .T. ) ;
#4781 = VECTOR ( 'NONE', #7148, 1000.000000000000000 ) ;
#4782 = ORIENTED_EDGE ( 'NONE', *, *, #1639, .F. ) ;
#4783 = ORIENTED_EDGE ( 'NONE', *, *, #6095, .F. ) ;
#4784 = ORIENTED_EDGE ( 'NONE', *, *, #4077, .T. ) ;
#4785 = ORIENTED_EDGE ( 'NONE', *, *, #3122, .T. ) ;
#4786 = DIRECTION ( 'NONE',  ( 0.9848077530122090195, 0.000000000000000000, 0.1736481776669255295 ) ) ;
#4787 = VERTEX_POINT ( 'NONE', #6062 ) ;
#4788 = FACE_OUTER_BOUND ( 'NONE', #2957, .T. ) ;
#4789 = LINE ( 'NONE', #1755, #6442 ) ;
#4790 = AXIS2_PLACEMENT_3D ( 'NONE', #7581, #8184, #519 ) ;
#4791 = PLANE ( 'NONE',  #5438 ) ;
#4792 = AXIS2_PLACEMENT_3D ( 'NONE', #2486, #3260, #3306 ) ;
#4793 = ORIENTED_EDGE ( 'NONE', *, *, #5099, .T. ) ;
#4794 = CARTESIAN_POINT ( 'NONE',  ( -14569.74851850929372, -9753.686360283016256, -1009.999999999997158 ) ) ;
#4795 = VECTOR ( 'NONE', #3488, 1000.000000000000000 ) ;
#4796 = ORIENTED_EDGE ( 'NONE', *, *, #570, .T. ) ;
#4797 = VERTEX_POINT ( 'NONE', #3601 ) ;
#4798 = ADVANCED_FACE ( 'NONE', ( #7447 ), #8163, .T. ) ;
#4799 = LINE ( 'NONE', #4701, #37 ) ;
#4800 = EDGE_CURVE ( 'NONE', #1208, #3743, #594, .T. ) ;
#4801 = EDGE_CURVE ( 'NONE', #3, #6589, #5957, .T. ) ;
#4802 = VECTOR ( 'NONE', #2759, 1000.000000000000000 ) ;
#4803 = ORIENTED_EDGE ( 'NONE', *, *, #7013, .T. ) ;
#4804 = VERTEX_POINT ( 'NONE', #4491 ) ;
#4805 = ORIENTED_EDGE ( 'NONE', *, *, #301, .F. ) ;
#4806 = ORIENTED_EDGE ( 'NONE', *, *, #5494, .F. ) ;
#4807 = CARTESIAN_POINT ( 'NONE',  ( -8725.000000000000000, -989.9999999999997726, -1135.000000000000227 ) ) ;
#4808 = EDGE_CURVE ( 'NONE', #8207, #8337, #2155, .T. ) ;
#4809 = PLANE ( 'NONE',  #3309 ) ;
#4810 = DIRECTION ( 'NONE',  ( -6.162975822039156098E-33, 1.000000000000000000, 2.775557561563032360E-16 ) ) ;
#4811 = AXIS2_PLACEMENT_3D ( 'NONE', #6063, #4492, #9155 ) ;
#4812 = DIRECTION ( 'NONE',  ( -6.162975822039157467E-33, 1.000000000000000000, 3.301729611148415602E-16 ) ) ;
#4813 = LINE ( 'NONE', #9477, #3798 ) ;
#4814 = DIRECTION ( 'NONE',  ( -6.162975822039157467E-33, 1.000000000000000000, 2.775557561563032360E-16 ) ) ;
#4815 = DIRECTION ( 'NONE',  ( 0.000000000000000000, -0.000000000000000000, -1.000000000000000000 ) ) ;
#4816 = CARTESIAN_POINT ( 'NONE',  ( -13000.00000000000000, 4.163336342343563943E-15, -725.0000000000050022 ) ) ;
#4817 = EDGE_CURVE ( 'NONE', #2513, #7593, #5900, .T. ) ;
#4818 = EDGE_LOOP ( 'NONE', ( #61, #2521, #8647, #5686, #2623, #8020, #5242, #3297 ) ) ;
#4819 = EDGE_CURVE ( 'NONE', #8848, #9272, #3162, .T. ) ;
#4820 = LINE ( 'NONE', #9435, #6504 ) ;
#4821 = EDGE_CURVE ( 'NONE', #2117, #3870, #6165, .T. ) ;
#4822 = CARTESIAN_POINT ( 'NONE',  ( 0.000000000000000000, 875.0000000000000000, -1210.000000000000000 ) ) ;
#4823 = CARTESIAN_POINT ( 'NONE',  ( -11880.00000000000182, 1077.499998843224148, -239.9999999999978684 ) ) ;
#4824 = CARTESIAN_POINT ( 'NONE',  ( -12550.00000000000000, -989.9999999999990905, -1135.000000000000227 ) ) ;
#4825 = ORIENTED_EDGE ( 'NONE', *, *, #571, .T. ) ;
#4826 = CARTESIAN_POINT ( 'NONE',  ( 0.000000000000000000, 0.000000000000000000, -960.0000000000002274 ) ) ;
#4827 = CARTESIAN_POINT ( 'NONE',  ( 620.0000000000000000, -875.0000000000000000, -1210.000000000000000 ) ) ;
#4828 = CIRCLE ( 'NONE', #1809, 250.0000000000000000 ) ;
#4829 = EDGE_LOOP ( 'NONE', ( #4696, #2911, #4985, #5863 ) ) ;
#4830 = ORIENTED_EDGE ( 'NONE', *, *, #4535, .F. ) ;
#4831 = ORIENTED_EDGE ( 'NONE', *, *, #2737, .F. ) ;
#4832 = DIRECTION ( 'NONE',  ( -6.162975822039157467E-33, 1.000000000000000000, 2.775557561563032360E-16 ) ) ;
#4833 = EDGE_LOOP ( 'NONE', ( #9827, #2894, #2660, #1647 ) ) ;
#4834 = CARTESIAN_POINT ( 'NONE',  ( -2825.068018844486232, 0.000000000000000000, -960.0000000000002274 ) ) ;
#4835 = LINE ( 'NONE', #7908, #4918 ) ;
#4836 = LINE ( 'NONE', #6305, #2618 ) ;
#4837 = CARTESIAN_POINT ( 'NONE',  ( -10637.50000000000000, 989.9999999999984084, -1135.000000000001137 ) ) ;
#4838 = LINE ( 'NONE', #8005, #4776 ) ;
#4839 = CIRCLE ( 'NONE', #516, 250.0000000000000000 ) ;
#4840 = ORIENTED_EDGE ( 'NONE', *, *, #7421, .T. ) ;
#4841 = VERTEX_POINT ( 'NONE', #3867 ) ;
#4842 = VERTEX_POINT ( 'NONE', #6965 ) ;
#4843 = CARTESIAN_POINT ( 'NONE',  ( -19088.68599666425871, -875.0000000000000000, -1060.000000000000000 ) ) ;
#4844 = EDGE_CURVE ( 'NONE', #8394, #6096, #2375, .T. ) ;
#4845 = EDGE_CURVE ( 'NONE', #4304, #5596, #8146, .T. ) ;
#4846 = ORIENTED_EDGE ( 'NONE', *, *, #2165, .T. ) ;
#4847 = ORIENTED_EDGE ( 'NONE', *, *, #9384, .T. ) ;
#4848 = ORIENTED_EDGE ( 'NONE', *, *, #5843, .F. ) ;
#4849 = CARTESIAN_POINT ( 'NONE',  ( -16550.00000000000000, -739.9999999999984084, 0.000000000000000000 ) ) ;
#4850 = LINE ( 'NONE', #4164, #7035 ) ;
#4851 = LINE ( 'NONE', #3303, #3627 ) ;
#4852 = DIRECTION ( 'NONE',  ( 1.000000000000000000, 0.000000000000000000, 0.000000000000000000 ) ) ;
#4853 = CARTESIAN_POINT ( 'NONE',  ( -1949.999999999999773, -211.4982215127146787, -1135.000000000000227 ) ) ;
#4854 = LINE ( 'NONE', #9371, #1902 ) ;
#4855 = EDGE_CURVE ( 'NONE', #9616, #943, #2421, .T. ) ;
#4856 = EDGE_CURVE ( 'NONE', #7048, #3057, #2431, .T. ) ;
#4857 = DIRECTION ( 'NONE',  ( 2.400482215405744004E-16, -1.000000000000000000, -0.000000000000000000 ) ) ;
#4858 = VERTEX_POINT ( 'NONE', #3108 ) ;
#4859 = DIRECTION ( 'NONE',  ( 0.000000000000000000, -0.9854601157443478865, -0.1699069165076472210 ) ) ;
#4860 = CARTESIAN_POINT ( 'NONE',  ( -14299.99999999999818, 814.9999999999972715, -637.0854464784588345 ) ) ;
#4861 = DIRECTION ( 'NONE',  ( 0.000000000000000000, -0.9901138386947148096, -0.1402661271484179906 ) ) ;
#4862 = DIRECTION ( 'NONE',  ( 0.9848077530122090195, 0.000000000000000000, -0.1736481776669255017 ) ) ;
#4863 = ORIENTED_EDGE ( 'NONE', *, *, #7772, .T. ) ;
#4864 = DIRECTION ( 'NONE',  ( 0.000000000000000000, 0.000000000000000000, -1.000000000000000000 ) ) ;
#4865 = EDGE_CURVE ( 'NONE', #6507, #9261, #1670, .T. ) ;
#4866 = EDGE_CURVE ( 'NONE', #7594, #9545, #7779, .T. ) ;
#4867 = DIRECTION ( 'NONE',  ( 0.000000000000000000, 0.000000000000000000, 1.000000000000000000 ) ) ;
#4868 = VERTEX_POINT ( 'NONE', #5418 ) ;
#4869 = ORIENTED_EDGE ( 'NONE', *, *, #6517, .F. ) ;
#4870 = ORIENTED_EDGE ( 'NONE', *, *, #6553, .F. ) ;
#4871 = LINE ( 'NONE', #3425, #5265 ) ;
#4872 = VERTEX_POINT ( 'NONE', #4749 ) ;
#4873 = CARTESIAN_POINT ( 'NONE',  ( -5576.316527040901747, -1089.999999999998181, -6660.000000000000909 ) ) ;
#4874 = DIRECTION ( 'NONE',  ( 1.000000000000000000, 0.000000000000000000, 0.000000000000000000 ) ) ;
#4875 = CARTESIAN_POINT ( 'NONE',  ( -14588.56810139493791, -295.9385695031828050, -504.9802145985046309 ) ) ;
#4876 = AXIS2_PLACEMENT_3D ( 'NONE', #3880, #9373, #6180 ) ;
#4877 = DIRECTION ( 'NONE',  ( 0.000000000000000000, 0.000000000000000000, -1.000000000000000000 ) ) ;
#4878 = ORIENTED_EDGE ( 'NONE', *, *, #7130, .T. ) ;
#4879 = DIRECTION ( 'NONE',  ( -1.232595164407830672E-32, -2.775557561563032360E-16, 1.000000000000000000 ) ) ;
#4880 = ADVANCED_FACE ( 'NONE', ( #913, #159 ), #2479, .F. ) ;
#4881 = ADVANCED_FACE ( 'NONE', ( #1713 ), #5361, .F. ) ;
#4882 = AXIS2_PLACEMENT_3D ( 'NONE', #2022, #6669, #2824 ) ;
#4883 = ORIENTED_EDGE ( 'NONE', *, *, #6430, .T. ) ;
#4884 = VECTOR ( 'NONE', #1309, 1000.000000000000114 ) ;
#4885 = DIRECTION ( 'NONE',  ( 6.162975822039157467E-33, -1.000000000000000000, -2.249385511977649118E-16 ) ) ;
#4886 = AXIS2_PLACEMENT_3D ( 'NONE', #6803, #8302, #2152 ) ;
#4887 = EDGE_LOOP ( 'NONE', ( #4519, #5477, #951, #8748 ) ) ;
#4888 = CARTESIAN_POINT ( 'NONE',  ( -1949.999999999999773, 989.9999999999984084, -1135.000000000000227 ) ) ;
#4889 = AXIS2_PLACEMENT_3D ( 'NONE', #7865, #338, #1753 ) ;
#4890 = VERTEX_POINT ( 'NONE', #9315 ) ;
#4891 = ORIENTED_EDGE ( 'NONE', *, *, #3183, .F. ) ;
#4892 = EDGE_LOOP ( 'NONE', ( #5737, #8430, #6371, #6294, #9596, #9319 ) ) ;
#4893 = CARTESIAN_POINT ( 'NONE',  ( -13250.00000000000000, 1077.499998843224375, -769.9999999999957936 ) ) ;
#4894 = VECTOR ( 'NONE', #3685, 1000.000000000000000 ) ;
#4895 = DIRECTION ( 'NONE',  ( 1.232595164407830672E-32, 2.775557561563032360E-16, -1.000000000000000000 ) ) ;
#4896 = CYLINDRICAL_SURFACE ( 'NONE', #8771, 6000.000000000000000 ) ;
#4897 = AXIS2_PLACEMENT_3D ( 'NONE', #5724, #7317, #3609 ) ;
#4898 = EDGE_CURVE ( 'NONE', #4745, #8255, #9582, .T. ) ;
#4899 = CARTESIAN_POINT ( 'NONE',  ( -4534.427461039359514, 1189.999999999998408, -751.1534819267461671 ) ) ;
#4900 = CARTESIAN_POINT ( 'NONE',  ( -11411.43189860506209, -725.0021062409357455, -757.0854464784603124 ) ) ;
#4902 = CIRCLE ( 'NONE', #1564, 79.99999999999995737 ) ;
#4901 = DIRECTION ( 'NONE',  ( 6.162975822039157467E-33, -1.000000000000000000, -2.775557561563032360E-16 ) ) ;
#4903 = AXIS2_PLACEMENT_3D ( 'NONE', #767, #3876, #4712 ) ;
#4904 = AXIS2_PLACEMENT_3D ( 'NONE', #1007, #6315, #2574 ) ;
#4905 = VECTOR ( 'NONE', #2010, 1000.000000000000000 ) ;
#4906 = CARTESIAN_POINT ( 'NONE',  ( -13250.00000000000000, -729.4021522441533989, -769.9999999999963620 ) ) ;
#4907 = CIRCLE ( 'NONE', #596, 79.99999999999995737 ) ;
#4908 = DIRECTION ( 'NONE',  ( 1.232595164407830672E-32, 2.775557561563032360E-16, -1.000000000000000000 ) ) ;
#4909 = CARTESIAN_POINT ( 'NONE',  ( -16150.00000000000182, 343.2012612066361044, -1135.000000000000227 ) ) ;
#4910 = EDGE_CURVE ( 'NONE', #7594, #9340, #7829, .T. ) ;
#4911 = FACE_OUTER_BOUND ( 'NONE', #2435, .T. ) ;
#4912 = ADVANCED_FACE ( 'NONE', ( #8405 ), #7, .F. ) ;
#4913 = EDGE_CURVE ( 'NONE', #5024, #9000, #2302, .T. ) ;
#4914 = LINE ( 'NONE', #7319, #5268 ) ;
#4915 = DIRECTION ( 'NONE',  ( 1.000000000000000000, 0.000000000000000000, 0.000000000000000000 ) ) ;
#4916 = LINE ( 'NONE', #3466, #505 ) ;
#4917 = AXIS2_PLACEMENT_3D ( 'NONE', #8688, #5829, #1087 ) ;
#4918 = VECTOR ( 'NONE', #4139, 1000.000000000000000 ) ;
#4919 = ORIENTED_EDGE ( 'NONE', *, *, #219, .T. ) ;
#4920 = CARTESIAN_POINT ( 'NONE',  ( -346.4101615137745966, -739.9999999999984084, -960.0000000000000000 ) ) ;
#4921 = CIRCLE ( 'NONE', #946, 277.7941176470602045 ) ;
#4922 = AXIS2_PLACEMENT_3D ( 'NONE', #2023, #2879, #4222 ) ;
#4923 = LINE ( 'NONE', #7279, #9403 ) ;
#4924 = VERTEX_POINT ( 'NONE', #5184 ) ;
#4925 = ORIENTED_EDGE ( 'NONE', *, *, #4278, .T. ) ;
#4926 = CARTESIAN_POINT ( 'NONE',  ( -14569.74851850929372, 1089.999999999998181, -1059.999999999997499 ) ) ;
#4927 = ORIENTED_EDGE ( 'NONE', *, *, #8978, .F. ) ;
#4928 = AXIS2_PLACEMENT_3D ( 'NONE', #6952, #8392, #6908 ) ;
#4929 = DIRECTION ( 'NONE',  ( 0.000000000000000000, 0.000000000000000000, -1.000000000000000000 ) ) ;
#4930 = DIRECTION ( 'NONE',  ( 0.000000000000000000, -0.000000000000000000, -1.000000000000000000 ) ) ;
#4931 = EDGE_CURVE ( 'NONE', #2481, #5739, #3199, .T. ) ;
#4932 = AXIS2_PLACEMENT_3D ( 'NONE', #2044, #5039, #5618 ) ;
#4933 = EDGE_CURVE ( 'NONE', #4230, #7870, #463, .T. ) ;
#4934 = CARTESIAN_POINT ( 'NONE',  ( -14500.00000000002001, 190.0000000000006821, -504.9802145985036077 ) ) ;
#4935 = AXIS2_PLACEMENT_3D ( 'NONE', #1867, #4171, #7229 ) ;
#4936 = DIRECTION ( 'NONE',  ( 0.000000000000000000, -2.413528314402513597E-16, 1.000000000000000000 ) ) ;
#4937 = ORIENTED_EDGE ( 'NONE', *, *, #6857, .F. ) ;
#4938 = AXIS2_PLACEMENT_3D ( 'NONE', #2510, #6354, #9397 ) ;
#4939 = ORIENTED_EDGE ( 'NONE', *, *, #2456, .T. ) ;
#4940 = AXIS2_PLACEMENT_3D ( 'NONE', #7673, #6869, #4595 ) ;
#4941 = AXIS2_PLACEMENT_3D ( 'NONE', #1341, #5086, #2650 ) ;
#4942 = EDGE_CURVE ( 'NONE', #1065, #1393, #5443, .T. ) ;
#4943 = ADVANCED_FACE ( 'NONE', ( #8233 ), #8945, .T. ) ;
#4944 = VECTOR ( 'NONE', #897, 1000.000000000000000 ) ;
#4945 = ORIENTED_EDGE ( 'NONE', *, *, #4642, .F. ) ;
#4946 = CARTESIAN_POINT ( 'NONE',  ( -14588.56810139493791, -747.0986934586336474, -637.0854464784592892 ) ) ;
#4947 = AXIS2_PLACEMENT_3D ( 'NONE', #1081, #4177, #412 ) ;
#4948 = ORIENTED_EDGE ( 'NONE', *, *, #8485, .F. ) ;
#4949 = VERTEX_POINT ( 'NONE', #1349 ) ;
#4950 = EDGE_LOOP ( 'NONE', ( #5405, #8649, #6901, #4041, #9151, #6890, #6158, #2569, #5134, #1500, #7942, #4707 ) ) ;
#4951 = DIRECTION ( 'NONE',  ( 1.000000000000000000, 0.000000000000000000, 0.000000000000000000 ) ) ;
#4952 = VECTOR ( 'NONE', #8039, 1000.000000000000000 ) ;
#4953 = LINE ( 'NONE', #1313, #3167 ) ;
#4954 = EDGE_CURVE ( 'NONE', #2056, #1143, #9806, .T. ) ;
#4955 = DIRECTION ( 'NONE',  ( 0.9632452974707709226, 0.2686233364777642629, 0.000000000000000000 ) ) ;
#4956 = FACE_BOUND ( 'NONE', #2999, .T. ) ;
#4957 = PLANE ( 'NONE',  #4014 ) ;
#4958 = DIRECTION ( 'NONE',  ( 0.000000000000000000, 0.000000000000000000, 1.000000000000000000 ) ) ;
#4959 = EDGE_LOOP ( 'NONE', ( #5996, #6099, #5551, #6994 ) ) ;
#4960 = LINE ( 'NONE', #6576, #2705 ) ;
#4961 = ORIENTED_EDGE ( 'NONE', *, *, #1578, .T. ) ;
#4962 = LINE ( 'NONE', #6476, #7974 ) ;
#4963 = AXIS2_PLACEMENT_3D ( 'NONE', #2289, #3079, #5491 ) ;
#4964 = ORIENTED_EDGE ( 'NONE', *, *, #9158, .F. ) ;
#4965 = CARTESIAN_POINT ( 'NONE',  ( -13000.00000000000000, 454.0705533836913332, -860.0000000000227374 ) ) ;
#4966 = DIRECTION ( 'NONE',  ( -6.162975822039157467E-33, 1.000000000000000000, 3.301729611148415602E-16 ) ) ;
#4967 = PLANE ( 'NONE',  #4629 ) ;
#4968 = CARTESIAN_POINT ( 'NONE',  ( -13856.59988046646504, 1077.499998843224375, -637.0854464784587208 ) ) ;
#4969 = LINE ( 'NONE', #2923, #4769 ) ;
#4970 = CARTESIAN_POINT ( 'NONE',  ( -11700.00000000000182, 814.9999999999972715, -306.2059048389985492 ) ) ;
#4971 = ORIENTED_EDGE ( 'NONE', *, *, #7650, .T. ) ;
#4972 = CARTESIAN_POINT ( 'NONE',  ( -12500.00000000000182, -1077.499998843224603, -306.2059048389990039 ) ) ;
#4973 = EDGE_CURVE ( 'NONE', #5153, #162, #9761, .T. ) ;
#4974 = ADVANCED_FACE ( 'NONE', ( #7430 ), #2940, .F. ) ;
#4975 = CARTESIAN_POINT ( 'NONE',  ( -14156.10001622140953, 278.9021535255452022, -725.0000000000052296 ) ) ;
#4976 = EDGE_LOOP ( 'NONE', ( #6874, #3949, #9009, #8402 ) ) ;
#4977 = ORIENTED_EDGE ( 'NONE', *, *, #9041, .F. ) ;
#4978 = ORIENTED_EDGE ( 'NONE', *, *, #489, .F. ) ;
#4979 = CARTESIAN_POINT ( 'NONE',  ( -14119.99999999999818, -814.9999999999974989, -517.7941176470593518 ) ) ;
#4980 = AXIS2_PLACEMENT_3D ( 'NONE', #8574, #9367, #7028 ) ;
#4981 = DIRECTION ( 'NONE',  ( 0.000000000000000000, 0.000000000000000000, 1.000000000000000000 ) ) ;
#4982 = DIRECTION ( 'NONE',  ( 1.000000000000000000, 0.000000000000000000, 0.000000000000000000 ) ) ;
#4983 = CARTESIAN_POINT ( 'NONE',  ( -2349.999999999999545, -800.0000000000000000, -910.0000000000001137 ) ) ;
#4984 = CARTESIAN_POINT ( 'NONE',  ( -2349.999999999999545, 343.2012612066359907, 0.000000000000000000 ) ) ;
#4985 = ORIENTED_EDGE ( 'NONE', *, *, #6350, .T. ) ;
#4986 = CARTESIAN_POINT ( 'NONE',  ( -346.4101615137745398, 989.9999999999984084, -960.0000000000002274 ) ) ;
#4987 = PRODUCT ( 'Y25_BackwardBogies_MoreDetailed', 'Y25_BackwardBogies_MoreDetailed', '', ( #7958 ) ) ;
#4988 = VECTOR ( 'NONE', #5187, 1000.000000000000000 ) ;
#4989 = DIRECTION ( 'NONE',  ( -1.432545838226008399E-17, -1.000000000000000000, 0.000000000000000000 ) ) ;
#4990 = ADVANCED_FACE ( 'NONE', ( #2985 ), #1443, .F. ) ;
#4991 = VERTEX_POINT ( 'NONE', #5136 ) ;
#4992 = ORIENTED_EDGE ( 'NONE', *, *, #8289, .F. ) ;
#4993 = AXIS2_PLACEMENT_3D ( 'NONE', #5228, #5936, #8985 ) ;
#4994 = ORIENTED_EDGE ( 'NONE', *, *, #7442, .T. ) ;
#4995 = CARTESIAN_POINT ( 'NONE',  ( -13614.20173049478399, 989.9999999999985221, -1135.000000000000227 ) ) ;
#4996 = ADVANCED_FACE ( 'NONE', ( #5992 ), #9036, .F. ) ;
#4997 = VECTOR ( 'NONE', #6387, 1000.000000000000000 ) ;
#4998 = EDGE_CURVE ( 'NONE', #1359, #3276, #3736, .T. ) ;
#4999 = VERTEX_POINT ( 'NONE', #2250 ) ;
#5000 = ORIENTED_EDGE ( 'NONE', *, *, #128, .F. ) ;
#5001 = ORIENTED_EDGE ( 'NONE', *, *, #532, .T. ) ;
#5002 = ORIENTED_EDGE ( 'NONE', *, *, #7901, .T. ) ;
#5003 = FACE_OUTER_BOUND ( 'NONE', #9726, .T. ) ;
#5004 = CARTESIAN_POINT ( 'NONE',  ( -13899.99999999999818, 190.0000000000006537, -459.9999999999981242 ) ) ;
#5005 = DIRECTION ( 'NONE',  ( 1.000000000000000000, 0.000000000000000000, 0.000000000000000000 ) ) ;
#5006 = CARTESIAN_POINT ( 'NONE',  ( -13899.99999999999818, -679.9999999999977263, -459.9999999999982947 ) ) ;
#5007 = LINE ( 'NONE', #9052, #8155 ) ;
#5008 = DIRECTION ( 'NONE',  ( 1.426102104458186769E-16, -1.000000000000000000, 0.000000000000000000 ) ) ;
#5009 = ORIENTED_EDGE ( 'NONE', *, *, #2163, .F. ) ;
#5010 = EDGE_CURVE ( 'NONE', #2956, #5991, #155, .T. ) ;
#5011 = ORIENTED_EDGE ( 'NONE', *, *, #1877, .T. ) ;
#5012 = DIRECTION ( 'NONE',  ( 1.000000000000000000, 0.000000000000000000, 0.000000000000000000 ) ) ;
#5013 = ORIENTED_EDGE ( 'NONE', *, *, #7292, .F. ) ;
#5014 = CARTESIAN_POINT ( 'NONE',  ( -12550.00000000000000, -740.0000000000014779, -1135.000000000000227 ) ) ;
#5015 = FACE_OUTER_BOUND ( 'NONE', #9497, .T. ) ;
#5016 = CARTESIAN_POINT ( 'NONE',  ( -13856.59988046646504, -190.0000000000007674, -504.9802145985029256 ) ) ;
#5017 = PLANE ( 'NONE',  #4947 ) ;
#5018 = CARTESIAN_POINT ( 'NONE',  ( 0.000000000000000000, -875.0000000000000000, -1140.000000000000227 ) ) ;
#5019 = CYLINDRICAL_SURFACE ( 'NONE', #1960, 199.9999999999999432 ) ;
#5020 = FACE_OUTER_BOUND ( 'NONE', #7590, .T. ) ;
#5021 = CARTESIAN_POINT ( 'NONE',  ( 0.000000000000000000, 875.0000000000000000, -1060.000000000000000 ) ) ;
#5022 = ORIENTED_EDGE ( 'NONE', *, *, #7416, .T. ) ;
#5023 = CARTESIAN_POINT ( 'NONE',  ( -11687.50000000000000, -989.9999999999990905, -1135.000000000000227 ) ) ;
#5024 = VERTEX_POINT ( 'NONE', #8339 ) ;
#5025 = ORIENTED_EDGE ( 'NONE', *, *, #1394, .T. ) ;
#5026 = DIRECTION ( 'NONE',  ( -6.162975822039157467E-33, 1.000000000000000000, 2.775557561563032360E-16 ) ) ;
#5027 = EDGE_LOOP ( 'NONE', ( #3379, #4600, #5616, #8361 ) ) ;
#5028 = CARTESIAN_POINT ( 'NONE',  ( -12923.68347295909734, 1089.999999999998181, -6660.000000000000000 ) ) ;
#5029 = DIRECTION ( 'NONE',  ( 0.000000000000000000, 0.000000000000000000, -1.000000000000000000 ) ) ;
#5030 = CARTESIAN_POINT ( 'NONE',  ( -2599.999999999999545, 739.9999999999984084, -960.0000000000002274 ) ) ;
#5031 = CARTESIAN_POINT ( 'NONE',  ( -15900.00000000000182, 739.9999999999984084, -1135.000000000000227 ) ) ;
#5032 = EDGE_CURVE ( 'NONE', #195, #4343, #3787, .T. ) ;
#5033 = CARTESIAN_POINT ( 'NONE',  ( -12100.00000000000182, 814.9999999999972715, -459.9999999999978968 ) ) ;
#5034 = VERTEX_POINT ( 'NONE', #3043 ) ;
#5035 = CARTESIAN_POINT ( 'NONE',  ( -14156.10001622140953, -899.9999999999986358, -769.9999999999963620 ) ) ;
#5036 = DIRECTION ( 'NONE',  ( 6.162975822039157467E-33, -1.000000000000000000, -2.775557561563032360E-16 ) ) ;
#5037 = ORIENTED_EDGE ( 'NONE', *, *, #3408, .F. ) ;
#5038 = VERTEX_POINT ( 'NONE', #6098 ) ;
#5039 = DIRECTION ( 'NONE',  ( -0.000000000000000000, 0.000000000000000000, 1.000000000000000000 ) ) ;
#5040 = VECTOR ( 'NONE', #5488, 1000.000000000000000 ) ;
#5041 = EDGE_CURVE ( 'NONE', #423, #5222, #5342, .T. ) ;
#5042 = ADVANCED_FACE ( 'NONE', ( #9704 ), #2842, .T. ) ;
#5043 = EDGE_CURVE ( 'NONE', #2312, #8655, #7029, .T. ) ;
#5044 = VERTEX_POINT ( 'NONE', #8507 ) ;
#5045 = LINE ( 'NONE', #4888, #7162 ) ;
#5046 = AXIS2_PLACEMENT_3D ( 'NONE', #2475, #8521, #6109 ) ;
#5047 = VERTEX_POINT ( 'NONE', #39 ) ;
#5048 = ORIENTED_EDGE ( 'NONE', *, *, #5249, .F. ) ;
#5049 = VERTEX_POINT ( 'NONE', #2356 ) ;
#5050 = LINE ( 'NONE', #6509, #4625 ) ;
#5051 = DIRECTION ( 'NONE',  ( 0.000000000000000000, 0.9854601157443478865, -0.1699069165076472210 ) ) ;
#5052 = DIRECTION ( 'NONE',  ( -6.162975822039157467E-33, 1.000000000000000000, 2.775557561563032360E-16 ) ) ;
#5053 = VECTOR ( 'NONE', #4328, 1000.000000000000000 ) ;
#5054 = EDGE_CURVE ( 'NONE', #6446, #4373, #6548, .T. ) ;
#5055 = DIRECTION ( 'NONE',  ( 6.162975822039157467E-33, -1.000000000000000000, -2.775557561563032360E-16 ) ) ;
#5056 = LINE ( 'NONE', #401, #1451 ) ;
#5057 = DIRECTION ( 'NONE',  ( 0.000000000000000000, 0.000000000000000000, 1.000000000000000000 ) ) ;
#5058 = ORIENTED_EDGE ( 'NONE', *, *, #532, .F. ) ;
#5059 = LINE ( 'NONE', #544, #7647 ) ;
#5060 = ORIENTED_EDGE ( 'NONE', *, *, #50, .T. ) ;
#5061 = CIRCLE ( 'NONE', #3161, 229.9999999211528348 ) ;
#5062 = ORIENTED_EDGE ( 'NONE', *, *, #7157, .T. ) ;
#5063 = CARTESIAN_POINT ( 'NONE',  ( -11661.34256363902387, -896.2284449665696684, -757.0854464784603124 ) ) ;
#5064 = CIRCLE ( 'NONE', #2036, 50.00000000000004263 ) ;
#5065 = CARTESIAN_POINT ( 'NONE',  ( -7062.500000000000000, -739.9999999999997726, -960.0000000000002274 ) ) ;
#5066 = FACE_OUTER_BOUND ( 'NONE', #9237, .T. ) ;
#5067 = PRODUCT_DEFINITION_SHAPE ( 'NONE', 'NONE',  #5701 ) ;
#5068 = EDGE_CURVE ( 'NONE', #5592, #3547, #5595, .T. ) ;
#5069 = DIRECTION ( 'NONE',  ( 1.000000000000000000, -0.000000000000000000, -0.000000000000000000 ) ) ;
#5070 = PLANE ( 'NONE',  #8241 ) ;
#5071 = EDGE_CURVE ( 'NONE', #3089, #653, #2416, .T. ) ;
#5072 = CARTESIAN_POINT ( 'NONE',  ( -11699.99999999998181, -699.9999999999986358, -757.0854464784603124 ) ) ;
#5073 = DIRECTION ( 'NONE',  ( 0.000000000000000000, -0.000000000000000000, -1.000000000000000000 ) ) ;
#5074 = COLOUR_RGB ( '',0.7921568627450980005, 0.8196078431372548767, 0.9333333333333333481 ) ;
#5075 = VECTOR ( 'NONE', #3120, 1000.000000000000000 ) ;
#5076 = CIRCLE ( 'NONE', #7963, 35.00000000000014211 ) ;
#5077 = CARTESIAN_POINT ( 'NONE',  ( -13966.15723917056312, 1054.999999999996589, -504.9802145985159427 ) ) ;
#5078 = VERTEX_POINT ( 'NONE', #8554 ) ;
#5079 = ORIENTED_EDGE ( 'NONE', *, *, #6942, .F. ) ;
#5080 = VERTEX_POINT ( 'NONE', #142 ) ;
#5081 = ORIENTED_EDGE ( 'NONE', *, *, #8304, .T. ) ;
#5082 = DIRECTION ( 'NONE',  ( 0.000000000000000000, 0.000000000000000000, 1.000000000000000000 ) ) ;
#5083 = CARTESIAN_POINT ( 'NONE',  ( -13358.40271350518742, 989.9999999999985221, -1135.000000000000227 ) ) ;
#5084 = AXIS2_PLACEMENT_3D ( 'NONE', #2693, #3529, #6441 ) ;
#5085 = CIRCLE ( 'NONE', #9885, 277.7941176470602045 ) ;
#5086 = DIRECTION ( 'NONE',  ( 0.000000000000000000, -0.000000000000000000, 1.000000000000000000 ) ) ;
#5087 = AXIS2_PLACEMENT_3D ( 'NONE', #9837, #2230, #2928 ) ;
#5088 = DIRECTION ( 'NONE',  ( 0.000000000000000000, 0.000000000000000000, -1.000000000000000000 ) ) ;
#5089 = DIRECTION ( 'NONE',  ( -1.000000000000000000, -0.000000000000000000, -0.000000000000000000 ) ) ;
#5090 = VECTOR ( 'NONE', #5008, 1000.000000000000000 ) ;
#5091 = VECTOR ( 'NONE', #2870, 1000.000000000000000 ) ;
#5092 = CARTESIAN_POINT ( 'NONE',  ( -1949.999999999999773, 989.9999999999984084, -960.0000000000002274 ) ) ;
#5093 = CIRCLE ( 'NONE', #8928, 149.9999999999999147 ) ;
#5094 = AXIS2_PLACEMENT_3D ( 'NONE', #7602, #741, #6155 ) ;
#5095 = VECTOR ( 'NONE', #2419, 1000.000000000000000 ) ;
#5096 = ORIENTED_EDGE ( 'NONE', *, *, #4723, .F. ) ;
#5097 = EDGE_CURVE ( 'NONE', #8015, #6887, #6149, .T. ) ;
#5098 = EDGE_LOOP ( 'NONE', ( #9243, #6163, #1625, #2313 ) ) ;
#5099 = EDGE_CURVE ( 'NONE', #8277, #4200, #9187, .T. ) ;
#5100 = AXIS2_PLACEMENT_3D ( 'NONE', #273, #9336, #7132 ) ;
#5101 = EDGE_LOOP ( 'NONE', ( #2843, #3101, #8941, #6034 ) ) ;
#5102 = EDGE_LOOP ( 'NONE', ( #7471, #5949, #4327, #6297 ) ) ;
#5103 = DIRECTION ( 'NONE',  ( 0.000000000000000000, 0.000000000000000000, -1.000000000000000000 ) ) ;
#5104 = DIRECTION ( 'NONE',  ( 0.000000000000000000, 0.000000000000000000, 1.000000000000000000 ) ) ;
#5105 = CARTESIAN_POINT ( 'NONE',  ( 0.000000000000000000, -875.0000000000000000, -910.0000000000001137 ) ) ;
#5106 = VECTOR ( 'NONE', #6631, 1000.000000000000000 ) ;
#5107 = CARTESIAN_POINT ( 'NONE',  ( -16550.00000000000000, -200.0000000000000000, -825.0000000000001137 ) ) ;
#5108 = VERTEX_POINT ( 'NONE', #5462 ) ;
#5109 = VERTEX_POINT ( 'NONE', #4634 ) ;
#5110 = AXIS2_PLACEMENT_3D ( 'NONE', #529, #6639, #1850 ) ;
#5111 = ADVANCED_FACE ( 'NONE', ( #3903 ), #6947, .T. ) ;
#5112 = CARTESIAN_POINT ( 'NONE',  ( -11611.43189860506391, 877.4999988432243754, -757.0854464784598576 ) ) ;
#5113 = CARTESIAN_POINT ( 'NONE',  ( -4534.427461039359514, 1189.999999999998408, -751.1534819267461671 ) ) ;
#5114 = DIRECTION ( 'NONE',  ( 9.433912312161293108E-33, -0.9581400679044365098, -0.2862998607685335317 ) ) ;
#5115 = CARTESIAN_POINT ( 'NONE',  ( -12750.00000000000000, -899.9999999999986358, -637.0854464784594029 ) ) ;
#5116 = DIRECTION ( 'NONE',  ( 0.000000000000000000, -1.000000000000000000, -5.551115123125784674E-16 ) ) ;
#5117 = DIRECTION ( 'NONE',  ( -0.000000000000000000, 1.000000000000000000, -0.000000000000000000 ) ) ;
#5118 = CARTESIAN_POINT ( 'NONE',  ( -292.6587287503959374, -989.9999999999984084, 1659.750127714602513 ) ) ;
#5119 = DIRECTION ( 'NONE',  ( -1.232595164407840251E-32, 1.510372559762204329E-14, 1.000000000000000000 ) ) ;
#5120 = EDGE_CURVE ( 'NONE', #4446, #1208, #7338, .T. ) ;
#5121 = EDGE_CURVE ( 'NONE', #490, #6539, #6903, .T. ) ;
#5122 = ORIENTED_EDGE ( 'NONE', *, *, #1563, .T. ) ;
#5123 = ORIENTED_EDGE ( 'NONE', *, *, #9515, .F. ) ;
#5124 = CYLINDRICAL_SURFACE ( 'NONE', #4790, 460.0000000000000568 ) ;
#5125 = ORIENTED_EDGE ( 'NONE', *, *, #1669, .F. ) ;
#5126 = CARTESIAN_POINT ( 'NONE',  ( 620.0000000000000000, -875.0000000000000000, -1060.000000000000000 ) ) ;
#5127 = DIRECTION ( 'NONE',  ( -0.000000000000000000, 0.000000000000000000, 1.000000000000000000 ) ) ;
#5128 = CYLINDRICAL_SURFACE ( 'NONE', #4941, 250.0000000000000000 ) ;
#5129 = VECTOR ( 'NONE', #3109, 1000.000000000000000 ) ;
#5130 = DIRECTION ( 'NONE',  ( 1.000000000000000000, 6.162975822039154046E-33, 1.232595164407830946E-32 ) ) ;
#5131 = ORIENTED_EDGE ( 'NONE', *, *, #8954, .F. ) ;
#5132 = CARTESIAN_POINT ( 'NONE',  ( -15900.00000000000182, 739.9999999999984084, 0.000000000000000000 ) ) ;
#5133 = DIRECTION ( 'NONE',  ( 1.000000000000000000, 0.000000000000000000, 0.000000000000000000 ) ) ;
#5134 = ORIENTED_EDGE ( 'NONE', *, *, #833, .F. ) ;
#5135 = EDGE_CURVE ( 'NONE', #8646, #2461, #7864, .T. ) ;
#5136 = CARTESIAN_POINT ( 'NONE',  ( -14569.74851850929372, 1189.999999999998181, -1059.999999999997499 ) ) ;
#5137 = EDGE_LOOP ( 'NONE', ( #2097, #647, #1561, #6860 ) ) ;
#5138 = CYLINDRICAL_SURFACE ( 'NONE', #7336, 79.99999999999995737 ) ;
#5139 = VECTOR ( 'NONE', #3058, 1000.000000000000000 ) ;
#5140 = ORIENTED_EDGE ( 'NONE', *, *, #4252, .F. ) ;
#5141 = DIRECTION ( 'NONE',  ( 0.000000000000000000, 1.000000000000000000, 5.551115123125784674E-16 ) ) ;
#5142 = PRODUCT_DEFINITION_SHAPE ( 'NONE', 'NONE',  #9922 ) ;
#5143 = ORIENTED_EDGE ( 'NONE', *, *, #5809, .F. ) ;
#5144 = CIRCLE ( 'NONE', #860, 149.9999999999999147 ) ;
#5145 = ORIENTED_EDGE ( 'NONE', *, *, #5610, .F. ) ;
#5146 = VERTEX_POINT ( 'NONE', #2504 ) ;
#5147 = DIRECTION ( 'NONE',  ( -1.000000000000000000, -0.000000000000000000, -0.000000000000000000 ) ) ;
#5148 = CARTESIAN_POINT ( 'NONE',  ( -13899.99999999999818, -1054.999999999997726, 1.665334536937734811E-12 ) ) ;
#5149 = PLANE ( 'NONE',  #7498 ) ;
#5150 = LINE ( 'NONE', #8861, #4905 ) ;
#5151 = EDGE_CURVE ( 'NONE', #6398, #6432, #6403, .T. ) ;
#5152 = CARTESIAN_POINT ( 'NONE',  ( -11700.00000000000182, 814.9999999999972715, -637.0854464784588345 ) ) ;
#5153 = VERTEX_POINT ( 'NONE', #3194 ) ;
#5154 = VECTOR ( 'NONE', #5114, 1000.000000000000227 ) ;
#5155 = DIRECTION ( 'NONE',  ( 0.000000000000000000, -1.000000000000000000, 0.000000000000000000 ) ) ;
#5156 = CARTESIAN_POINT ( 'NONE',  ( -13000.00000000000000, 4.163336342343557632E-15, -825.0000000000000000 ) ) ;
#5157 = LINE ( 'NONE', #7518, #1399 ) ;
#5158 = DIRECTION ( 'NONE',  ( -0.000000000000000000, 0.000000000000000000, 1.000000000000000000 ) ) ;
#5159 = DIRECTION ( 'NONE',  ( -0.000000000000000000, 0.000000000000000000, 1.000000000000000000 ) ) ;
#5160 = DIRECTION ( 'NONE',  ( 0.000000000000000000, 0.000000000000000000, 1.000000000000000000 ) ) ;
#5161 = EDGE_CURVE ( 'NONE', #719, #7499, #7763, .T. ) ;
#5162 = EDGE_CURVE ( 'NONE', #9464, #1851, #9592, .T. ) ;
#5163 = CARTESIAN_POINT ( 'NONE',  ( -12143.40011953353496, -1077.499998843224375, -757.0854464784604261 ) ) ;
#5164 = CARTESIAN_POINT ( 'NONE',  ( -14299.99999999999818, -814.9999999999974989, -637.0854464784592892 ) ) ;
#5165 = EDGE_CURVE ( 'NONE', #7244, #5514, #4729, .T. ) ;
#5166 = CARTESIAN_POINT ( 'NONE',  ( -265.1845289799109651, 1189.999999999998408, -1503.936198047713560 ) ) ;
#5167 = ORIENTED_EDGE ( 'NONE', *, *, #5425, .F. ) ;
#5168 = CARTESIAN_POINT ( 'NONE',  ( -16149.99999999999818, 989.9999999999984084, -1135.000000000000227 ) ) ;
#5169 = UNCERTAINTY_MEASURE_WITH_UNIT (LENGTH_MEASURE( 1.000000000000000082E-05 ), #3069, 'distance_accuracy_value', 'NONE');
#5170 = ORIENTED_EDGE ( 'NONE', *, *, #7417, .F. ) ;
#5171 = LINE ( 'NONE', #8326, #635 ) ;
#5172 = DIRECTION ( 'NONE',  ( 6.162975822039157467E-33, -1.000000000000000000, -2.775557561563032360E-16 ) ) ;
#5173 = VERTEX_POINT ( 'NONE', #2555 ) ;
#5174 = DIRECTION ( 'NONE',  ( -1.000000000000000000, 0.000000000000000000, 0.000000000000000000 ) ) ;
#5175 = CARTESIAN_POINT ( 'NONE',  ( -12100.00000000000182, 1054.999999999997044, 2.220446049250313081E-12 ) ) ;
#5176 = PLANE ( 'NONE',  #1611 ) ;
#5177 = FACE_OUTER_BOUND ( 'NONE', #7648, .T. ) ;
#5178 = EDGE_CURVE ( 'NONE', #182, #1810, #5503, .T. ) ;
#5179 = ORIENTED_EDGE ( 'NONE', *, *, #9834, .T. ) ;
#5180 = EDGE_CURVE ( 'NONE', #3605, #2312, #995, .T. ) ;
#5181 = CARTESIAN_POINT ( 'NONE',  ( -11661.34256363902387, -896.2284449665696684, -757.0854464784603124 ) ) ;
#5182 = ORIENTED_EDGE ( 'NONE', *, *, #2566, .T. ) ;
#5183 = ORIENTED_EDGE ( 'NONE', *, *, #6662, .F. ) ;
#5184 = CARTESIAN_POINT ( 'NONE',  ( -2349.999999999999545, -200.0000000000000000, -825.0000000000001137 ) ) ;
#5185 = EDGE_LOOP ( 'NONE', ( #5499, #6606, #8503, #2086, #6148, #7710, #2667, #4722 ) ) ;
#5186 = CARTESIAN_POINT ( 'NONE',  ( -12100.00000000000182, 1054.999999999997272, -459.9999999999978400 ) ) ;
#5187 = DIRECTION ( 'NONE',  ( -1.232595164407830672E-32, -2.775557561563032360E-16, 1.000000000000000000 ) ) ;
#5188 = ADVANCED_FACE ( 'NONE', ( #6348 ), #7330, .F. ) ;
#5189 = EDGE_CURVE ( 'NONE', #8571, #5938, #4871, .T. ) ;
#5190 = ORIENTED_EDGE ( 'NONE', *, *, #960, .T. ) ;
#5191 = DIRECTION ( 'NONE',  ( 1.000000000000000000, 6.162975822039151993E-33, 1.232595164407830946E-32 ) ) ;
#5192 = CIRCLE ( 'NONE', #8569, 5900.000000000000909 ) ;
#5193 = ORIENTED_EDGE ( 'NONE', *, *, #1260, .T. ) ;
#5194 = ORIENTED_EDGE ( 'NONE', *, *, #9661, .F. ) ;
#5195 = ORIENTED_EDGE ( 'NONE', *, *, #2709, .F. ) ;
#5196 = CARTESIAN_POINT ( 'NONE',  ( -14300.00000000001819, -699.9999999999986358, -637.0854464784592892 ) ) ;
#5197 = LINE ( 'NONE', #7505, #7306 ) ;
#5198 = CARTESIAN_POINT ( 'NONE',  ( -18500.00000000000000, -875.0000000000000000, -1060.000000000000000 ) ) ;
#5199 = LINE ( 'NONE', #4444, #6220 ) ;
#5200 = DIRECTION ( 'NONE',  ( 0.000000000000000000, -0.000000000000000000, -1.000000000000000000 ) ) ;
#5201 = AXIS2_PLACEMENT_3D ( 'NONE', #5995, #579, #4529 ) ;
#5202 = ORIENTED_EDGE ( 'NONE', *, *, #5252, .F. ) ;
#5203 = EDGE_LOOP ( 'NONE', ( #1006, #5058, #4035, #5340, #4228, #4927 ) ) ;
#5204 = ORIENTED_EDGE ( 'NONE', *, *, #6460, .F. ) ;
#5205 = VECTOR ( 'NONE', #1370, 1000.000000000000000 ) ;
#5206 = ORIENTED_EDGE ( 'NONE', *, *, #8345, .T. ) ;
#5207 = CARTESIAN_POINT ( 'NONE',  ( -3930.251481490694459, 1089.999999999998181, -1059.999999999999091 ) ) ;
#5208 = VECTOR ( 'NONE', #3041, 1000.000000000000114 ) ;
#5209 = DIRECTION ( 'NONE',  ( -6.162975822039589899E-33, 1.000000000000000000, 3.530762810662500311E-14 ) ) ;
#5210 = CARTESIAN_POINT ( 'NONE',  ( -12166.15723917056675, 1054.999999999996589, -504.9802145985159427 ) ) ;
#5211 = DIRECTION ( 'NONE',  ( 0.000000000000000000, 0.000000000000000000, -1.000000000000000000 ) ) ;
#5212 = LINE ( 'NONE', #4320, #2671 ) ;
#5213 = DIRECTION ( 'NONE',  ( 0.000000000000000000, 0.000000000000000000, 1.000000000000000000 ) ) ;
#5214 = AXIS2_PLACEMENT_3D ( 'NONE', #4979, #2135, #4229 ) ;
#5215 = CARTESIAN_POINT ( 'NONE',  ( -14388.56810139493609, -1077.499998843224375, -757.0854464784604261 ) ) ;
#5216 = VECTOR ( 'NONE', #6386, 1000.000000000000000 ) ;
#5217 = CARTESIAN_POINT ( 'NONE',  ( -16150.00000000000182, -200.0000000000000000, -825.0000000000001137 ) ) ;
#5218 = ADVANCED_FACE ( 'NONE', ( #8880 ), #5738, .T. ) ;
#5219 = ORIENTED_EDGE ( 'NONE', *, *, #3913, .F. ) ;
#5220 = CARTESIAN_POINT ( 'NONE',  ( -14588.56810139493791, 877.4999988432243754, -757.0854464784598576 ) ) ;
#5221 = EDGE_CURVE ( 'NONE', #821, #8337, #321, .T. ) ;
#5222 = VERTEX_POINT ( 'NONE', #9544 ) ;
#5223 = CARTESIAN_POINT ( 'NONE',  ( -5576.316527040902656, 1089.999999999998181, -760.0000000000010232 ) ) ;
#5224 = ORIENTED_EDGE ( 'NONE', *, *, #5324, .T. ) ;
#5225 = ADVANCED_FACE ( 'NONE', ( #1883 ), #5643, .F. ) ;
#5226 = FACE_OUTER_BOUND ( 'NONE', #3997, .T. ) ;
#5227 = CARTESIAN_POINT ( 'NONE',  ( 0.000000000000000000, -1189.999999999998408, -960.0000000000002274 ) ) ;
#5228 = CARTESIAN_POINT ( 'NONE',  ( -12100.00000000000182, 679.9999999999979536, -909.9999999999979536 ) ) ;
#5229 = DIRECTION ( 'NONE',  ( 0.000000000000000000, -0.000000000000000000, -1.000000000000000000 ) ) ;
#5230 = AXIS2_PLACEMENT_3D ( 'NONE', #6275, #5522, #2385 ) ;
#5231 = VERTEX_POINT ( 'NONE', #4926 ) ;
#5232 = DIRECTION ( 'NONE',  ( -1.000000000000000000, 0.000000000000000000, 0.000000000000000000 ) ) ;
#5233 = ORIENTED_EDGE ( 'NONE', *, *, #8167, .T. ) ;
#5234 = ADVANCED_FACE ( 'NONE', ( #7998 ), #2696, .T. ) ;
#5235 = CIRCLE ( 'NONE', #3974, 99.99999999999964473 ) ;
#5236 = DIRECTION ( 'NONE',  ( 0.000000000000000000, -0.000000000000000000, -1.000000000000000000 ) ) ;
#5237 = CARTESIAN_POINT ( 'NONE',  ( -14300.00000000001819, 699.9999999999986358, -637.0854464784588345 ) ) ;
#5238 = ADVANCED_FACE ( 'NONE', ( #1188 ), #1144, .F. ) ;
#5239 = CARTESIAN_POINT ( 'NONE',  ( -13250.00000000000000, -190.0000000000008242, -350.9999999999987494 ) ) ;
#5240 = LINE ( 'NONE', #8236, #6811 ) ;
#5241 = VECTOR ( 'NONE', #4157, 1000.000000000000000 ) ;
#5242 = ORIENTED_EDGE ( 'NONE', *, *, #2394, .T. ) ;
#5243 = DIRECTION ( 'NONE',  ( 0.000000000000000000, 0.000000000000000000, 1.000000000000000000 ) ) ;
#5244 = AXIS2_PLACEMENT_3D ( 'NONE', #1426, #1524, #5329 ) ;
#5245 = CARTESIAN_POINT ( 'NONE',  ( -16550.00000000000000, 989.9999999999984084, -960.0000000000002274 ) ) ;
#5246 = DIRECTION ( 'NONE',  ( 1.000000000000000000, 6.162975822039154046E-33, 1.232595164407830946E-32 ) ) ;
#5247 = AXIS2_PLACEMENT_3D ( 'NONE', #1230, #2641, #3525 ) ;
#5248 = EDGE_LOOP ( 'NONE', ( #2408, #5594, #5233, #1674 ) ) ;
#5249 = EDGE_CURVE ( 'NONE', #4335, #8644, #422, .T. ) ;
#5250 = CARTESIAN_POINT ( 'NONE',  ( -19088.68599666425871, -875.0000000000000000, -910.0000000000001137 ) ) ;
#5251 = ORIENTED_EDGE ( 'NONE', *, *, #301, .T. ) ;
#5252 = EDGE_CURVE ( 'NONE', #9746, #896, #3477, .T. ) ;
#5253 = ORIENTED_EDGE ( 'NONE', *, *, #345, .F. ) ;
#5254 = AXIS2_PLACEMENT_3D ( 'NONE', #4306, #8904, #6653 ) ;
#5255 =( LENGTH_UNIT ( ) NAMED_UNIT ( * ) SI_UNIT ( .MILLI., .METRE. ) );
#5256 = AXIS2_PLACEMENT_3D ( 'NONE', #1776, #6274, #918 ) ;
#5257 = CIRCLE ( 'NONE', #1721, 100.0000000000000853 ) ;
#5258 = DIRECTION ( 'NONE',  ( -1.000000000000000000, -0.000000000000000000, -0.000000000000000000 ) ) ;
#5259 = CARTESIAN_POINT ( 'NONE',  ( -292.6587287503931520, 1189.999999999998408, 1659.750127714602968 ) ) ;
#5260 = DIRECTION ( 'NONE',  ( 6.162975822039157467E-33, -1.000000000000000000, -2.775557561563032360E-16 ) ) ;
#5261 = VECTOR ( 'NONE', #751, 1000.000000000000000 ) ;
#5262 = VERTEX_POINT ( 'NONE', #335 ) ;
#5263 = AXIS2_PLACEMENT_3D ( 'NONE', #3228, #9233, #9437 ) ;
#5264 = DIRECTION ( 'NONE',  ( 0.000000000000000000, 0.000000000000000000, 1.000000000000000000 ) ) ;
#5265 = VECTOR ( 'NONE', #2603, 1000.000000000000000 ) ;
#5266 = CARTESIAN_POINT ( 'NONE',  ( -3930.251481490694459, -1189.999999999999545, -1059.999999999999091 ) ) ;
#5267 = DIRECTION ( 'NONE',  ( 6.162975822039157467E-33, -1.000000000000000000, -2.775557561563032360E-16 ) ) ;
#5268 = VECTOR ( 'NONE', #7235, 1000.000000000000000 ) ;
#5269 = DIRECTION ( 'NONE',  ( 6.162975822039157467E-33, -1.000000000000000000, -2.775557561563032360E-16 ) ) ;
#5270 = DIRECTION ( 'NONE',  ( -0.9632452974707709226, 0.2686233364777638744, 0.000000000000000000 ) ) ;
#5271 = AXIS2_PLACEMENT_3D ( 'NONE', #1461, #5200, #2376 ) ;
#5272 = CARTESIAN_POINT ( 'NONE',  ( -3053.808855527532614, 96.32452974707695148, -960.0000000000002274 ) ) ;
#5273 = CIRCLE ( 'NONE', #4016, 100.0000000000000853 ) ;
#5274 = VECTOR ( 'NONE', #8782, 1000.000000000000000 ) ;
#5275 = CARTESIAN_POINT ( 'NONE',  ( -15519.32881082469248, 0.000000000000000000, -4241.944871367028099 ) ) ;
#5276 = EDGE_LOOP ( 'NONE', ( #6961, #5412 ) ) ;
#5277 = ORIENTED_EDGE ( 'NONE', *, *, #7130, .F. ) ;
#5278 = DIRECTION ( 'NONE',  ( -1.000000000000000000, 0.000000000000000000, 0.000000000000000000 ) ) ;
#5279 = CYLINDRICAL_SURFACE ( 'NONE', #9062, 79.99999999999995737 ) ;
#5280 = LINE ( 'NONE', #2887, #4675 ) ;
#5281 = VECTOR ( 'NONE', #8094, 1000.000000000000000 ) ;
#5282 = LINE ( 'NONE', #8281, #7341 ) ;
#5283 = EDGE_CURVE ( 'NONE', #233, #2447, #6444, .T. ) ;
#5284 = ORIENTED_EDGE ( 'NONE', *, *, #1839, .T. ) ;
#5285 = DIRECTION ( 'NONE',  ( -1.000000000000000000, 0.000000000000000000, 0.000000000000000000 ) ) ;
#5286 = EDGE_CURVE ( 'NONE', #9751, #6112, #2750, .T. ) ;
#5287 = CARTESIAN_POINT ( 'NONE',  ( -1949.999999999999773, 200.0000000000000000, -825.0000000000001137 ) ) ;
#5288 = ORIENTED_EDGE ( 'NONE', *, *, #4610, .T. ) ;
#5289 = CARTESIAN_POINT ( 'NONE',  ( -12500.00000000000182, -814.9999999999974989, -306.2059048389988902 ) ) ;
#5290 = ORIENTED_EDGE ( 'NONE', *, *, #9387, .T. ) ;
#5291 = ORIENTED_EDGE ( 'NONE', *, *, #6238, .F. ) ;
#5292 = ORIENTED_EDGE ( 'NONE', *, *, #3122, .F. ) ;
#5293 = CARTESIAN_POINT ( 'NONE',  ( -11699.99999999998181, 699.9999999999986358, -637.0854464784588345 ) ) ;
#5294 = ORIENTED_EDGE ( 'NONE', *, *, #5809, .T. ) ;
#5295 = CARTESIAN_POINT ( 'NONE',  ( -1699.999999999999773, -739.9999999999984084, -960.0000000000000000 ) ) ;
#5296 = DIRECTION ( 'NONE',  ( 0.000000000000000000, 1.000000000000000000, 0.000000000000000000 ) ) ;
#5297 = DIRECTION ( 'NONE',  ( 1.000000000000000000, 6.162975822039154046E-33, 1.232595164407830946E-32 ) ) ;
#5298 = DIRECTION ( 'NONE',  ( 6.162975822039157467E-33, -1.000000000000000000, -2.775557561563032360E-16 ) ) ;
#5299 = CARTESIAN_POINT ( 'NONE',  ( -13856.59988046646504, -1077.499998843224375, -637.0854464784594029 ) ) ;
#5300 = ADVANCED_FACE ( 'NONE', ( #9794 ), #1381, .T. ) ;
#5301 = ORIENTED_EDGE ( 'NONE', *, *, #5043, .T. ) ;
#5302 = ADVANCED_FACE ( 'NONE', ( #2134 ), #8276, .T. ) ;
#5303 = ORIENTED_EDGE ( 'NONE', *, *, #768, .T. ) ;
#5304 = DIRECTION ( 'NONE',  ( 6.162975822039157467E-33, -1.000000000000000000, -2.249385511977649118E-16 ) ) ;
#5305 = CARTESIAN_POINT ( 'NONE',  ( -15419.32881082469248, 0.000000000000000000, -960.0000000000000000 ) ) ;
#5306 = ORIENTED_EDGE ( 'NONE', *, *, #7024, .T. ) ;
#5307 = ORIENTED_EDGE ( 'NONE', *, *, #9193, .T. ) ;
#5308 = CIRCLE ( 'NONE', #1160, 79.99999999999995737 ) ;
#5309 = CARTESIAN_POINT ( 'NONE',  ( 0.000000000000000000, 875.0000000000000000, -1060.000000000000000 ) ) ;
#5310 = CARTESIAN_POINT ( 'NONE',  ( -12100.00000000000182, 679.9999999999979536, -459.9999999999979536 ) ) ;
#5311 = ORIENTED_EDGE ( 'NONE', *, *, #6660, .F. ) ;
#5312 = ADVANCED_FACE ( 'NONE', ( #2232 ), #4410, .F. ) ;
#5313 = ORIENTED_EDGE ( 'NONE', *, *, #3098, .F. ) ;
#5314 = EDGE_CURVE ( 'NONE', #3502, #794, #9691, .T. ) ;
#5315 = VECTOR ( 'NONE', #1531, 1000.000000000000000 ) ;
#5316 = ORIENTED_EDGE ( 'NONE', *, *, #525, .F. ) ;
#5317 = CARTESIAN_POINT ( 'NONE',  ( -12100.00000000000182, -190.0000000000007674, -539.9999999999981810 ) ) ;
#5318 = CYLINDRICAL_SURFACE ( 'NONE', #6665, 149.9999999999999147 ) ;
#5319 = DIRECTION ( 'NONE',  ( -1.000000000000000000, 0.000000000000000000, 0.000000000000000000 ) ) ;
#5320 = FACE_OUTER_BOUND ( 'NONE', #5027, .T. ) ;
#5321 = CIRCLE ( 'NONE', #6451, 149.9999999999999147 ) ;
#5322 = CARTESIAN_POINT ( 'NONE',  ( -10637.50000000000000, -990.0000000000010232, -960.0000000000007958 ) ) ;
#5323 = CARTESIAN_POINT ( 'NONE',  ( -4534.427461039359514, 1189.999999999998408, -751.1534819267461671 ) ) ;
#5324 = EDGE_CURVE ( 'NONE', #1810, #7315, #9023, .T. ) ;
#5325 = LINE ( 'NONE', #6130, #1114 ) ;
#5326 = CARTESIAN_POINT ( 'NONE',  ( -5576.316527040901747, 1089.999999999998181, -6660.000000000000909 ) ) ;
#5327 = LINE ( 'NONE', #8371, #3337 ) ;
#5328 = ORIENTED_EDGE ( 'NONE', *, *, #8016, .F. ) ;
#5329 = DIRECTION ( 'NONE',  ( -0.000000000000000000, 0.000000000000000000, 1.000000000000000000 ) ) ;
#5330 = EDGE_LOOP ( 'NONE', ( #9748, #4340, #875, #5539, #3924, #6597, #9456, #3581 ) ) ;
#5331 = PLANE ( 'NONE',  #7683 ) ;
#5332 = VERTEX_POINT ( 'NONE', #6084 ) ;
#5333 = LINE ( 'NONE', #5449, #9217 ) ;
#5334 = FACE_OUTER_BOUND ( 'NONE', #4015, .T. ) ;
#5335 = LINE ( 'NONE', #1485, #5805 ) ;
#5336 = DIRECTION ( 'NONE',  ( -0.000000000000000000, 0.000000000000000000, -1.000000000000000000 ) ) ;
#5337 = VERTEX_POINT ( 'NONE', #5223 ) ;
#5338 = ORIENTED_EDGE ( 'NONE', *, *, #3957, .T. ) ;
#5339 = VERTEX_POINT ( 'NONE', #8932 ) ;
#5340 = ORIENTED_EDGE ( 'NONE', *, *, #5610, .T. ) ;
#5341 = EDGE_LOOP ( 'NONE', ( #9239, #7537 ) ) ;
#5342 = LINE ( 'NONE', #8387, #1424 ) ;
#5343 = ORIENTED_EDGE ( 'NONE', *, *, #6553, .T. ) ;
#5344 = CARTESIAN_POINT ( 'NONE',  ( -14156.10001622140953, 899.9999999999986358, -769.9999999999959073 ) ) ;
#5345 = LINE ( 'NONE', #7712, #9422 ) ;
#5346 = CARTESIAN_POINT ( 'NONE',  ( -13000.00000000000000, 4.163336342343563943E-15, -725.0000000000050022 ) ) ;
#5347 = CARTESIAN_POINT ( 'NONE',  ( -12750.00000000000000, -190.0000000000007674, -504.9802145985023003 ) ) ;
#5348 = EDGE_CURVE ( 'NONE', #7593, #809, #5931, .T. ) ;
#5349 = DIRECTION ( 'NONE',  ( -1.232595164407830672E-32, -2.775557561563032360E-16, 1.000000000000000000 ) ) ;
#5350 = ORIENTED_EDGE ( 'NONE', *, *, #7480, .T. ) ;
#5351 = ORIENTED_EDGE ( 'NONE', *, *, #7209, .T. ) ;
#5352 = LINE ( 'NONE', #8350, #8416 ) ;
#5353 = VERTEX_POINT ( 'NONE', #2972 ) ;
#5354 = EDGE_CURVE ( 'NONE', #4313, #5708, #2288, .T. ) ;
#5355 = ORIENTED_EDGE ( 'NONE', *, *, #9203, .F. ) ;
#5356 = VERTEX_POINT ( 'NONE', #3724 ) ;
#5357 = LINE ( 'NONE', #1554, #7075 ) ;
#5358 = ADVANCED_FACE ( 'NONE', ( #6025 ), #5331, .F. ) ;
#5359 = EDGE_CURVE ( 'NONE', #4373, #9148, #5171, .T. ) ;
#5360 = DIRECTION ( 'NONE',  ( 0.000000000000000000, -0.9854601157443478865, 0.1699069165076472210 ) ) ;
#5361 = CYLINDRICAL_SURFACE ( 'NONE', #4940, 250.0000000000000000 ) ;
#5362 = DIRECTION ( 'NONE',  ( -1.432545838226008399E-17, -1.000000000000000000, 0.000000000000000000 ) ) ;
#5363 = CARTESIAN_POINT ( 'NONE',  ( -14299.99999999999818, -1077.499998843224375, -637.0854464784594029 ) ) ;
#5364 = ORIENTED_EDGE ( 'NONE', *, *, #4598, .T. ) ;
#5365 = EDGE_LOOP ( 'NONE', ( #7238, #5704, #8017, #2556 ) ) ;
#5366 = ORIENTED_EDGE ( 'NONE', *, *, #5730, .F. ) ;
#5367 = ORIENTED_EDGE ( 'NONE', *, *, #2739, .F. ) ;
#5368 = DIRECTION ( 'NONE',  ( 1.000000000000000000, 0.000000000000000000, 0.000000000000000000 ) ) ;
#5369 = ADVANCED_FACE ( 'NONE', ( #4512 ), #5124, .T. ) ;
#5370 = EDGE_CURVE ( 'NONE', #8140, #5339, #720, .T. ) ;
#5371 = CARTESIAN_POINT ( 'NONE',  ( -13856.59988046646504, -190.0000000000007674, -504.9802145985029256 ) ) ;
#5372 = DIRECTION ( 'NONE',  ( -1.000000000000000000, 0.000000000000000000, 0.000000000000000000 ) ) ;
#5373 = VECTOR ( 'NONE', #2104, 1000.000000000000000 ) ;
#5374 = DIRECTION ( 'NONE',  ( 1.432545838226008399E-17, 1.000000000000000000, -0.000000000000000000 ) ) ;
#5375 = CARTESIAN_POINT ( 'NONE',  ( -596.4101615137744830, -739.9999999999984084, -1135.000000000000227 ) ) ;
#5376 = CARTESIAN_POINT ( 'NONE',  ( -18500.00000000000000, 1189.999999999998408, -960.0000000000002274 ) ) ;
#5377 = DIRECTION ( 'NONE',  ( -1.232595164407840251E-32, 1.510372559762204329E-14, 1.000000000000000000 ) ) ;
#5378 = CARTESIAN_POINT ( 'NONE',  ( 620.0000000000000000, -875.0000000000000000, -1060.000000000000000 ) ) ;
#5379 = DIRECTION ( 'NONE',  ( 6.162975822039157467E-33, -1.000000000000000000, -2.775557561563032360E-16 ) ) ;
#5380 = AXIS2_PLACEMENT_3D ( 'NONE', #5346, #8390, #1542 ) ;
#5381 = DIRECTION ( 'NONE',  ( -1.232595164407830672E-32, -2.775557561563032360E-16, 1.000000000000000000 ) ) ;
#5382 = ORIENTED_EDGE ( 'NONE', *, *, #5043, .F. ) ;
#5383 = DIRECTION ( 'NONE',  ( 1.000000000000000000, 0.000000000000000000, 0.000000000000000000 ) ) ;
#5384 = ORIENTED_EDGE ( 'NONE', *, *, #956, .T. ) ;
#5385 = DIRECTION ( 'NONE',  ( 1.000000000000000000, 6.162975822039151993E-33, 1.232595164407830946E-32 ) ) ;
#5386 = ORIENTED_EDGE ( 'NONE', *, *, #8749, .F. ) ;
#5387 = EDGE_CURVE ( 'NONE', #3725, #5332, #1294, .T. ) ;
#5388 = LINE ( 'NONE', #7697, #6658 ) ;
#5389 = FACE_OUTER_BOUND ( 'NONE', #7905, .T. ) ;
#5390 = EDGE_CURVE ( 'NONE', #3757, #893, #6891, .T. ) ;
#5391 = CARTESIAN_POINT ( 'NONE',  ( -13899.99999999999818, -814.9999999999973852, -919.9999999999985221 ) ) ;
#5392 = DIRECTION ( 'NONE',  ( 1.000000000000000000, 0.000000000000000000, 0.000000000000000000 ) ) ;
#5393 = ORIENTED_EDGE ( 'NONE', *, *, #5494, .T. ) ;
#5394 = DIRECTION ( 'NONE',  ( 1.232595164407830672E-32, 2.775557561563032360E-16, -1.000000000000000000 ) ) ;
#5395 = AXIS2_PLACEMENT_3D ( 'NONE', #5126, #1339, #2886 ) ;
#5396 = ORIENTED_EDGE ( 'NONE', *, *, #662, .F. ) ;
#5397 = ORIENTED_EDGE ( 'NONE', *, *, #8855, .T. ) ;
#5398 = EDGE_LOOP ( 'NONE', ( #9580, #8900, #5125, #8759 ) ) ;
#5399 = CARTESIAN_POINT ( 'NONE',  ( -446.4101615137743693, 311.4982215127147924, -960.0000000000000000 ) ) ;
#5400 = DIRECTION ( 'NONE',  ( 1.000000000000000000, 0.000000000000000000, 0.000000000000000000 ) ) ;
#5401 = LINE ( 'NONE', #8454, #2860 ) ;
#5402 = PLANE ( 'NONE',  #1649 ) ;
#5403 = VECTOR ( 'NONE', #5482, 1000.000000000000000 ) ;
#5404 = DIRECTION ( 'NONE',  ( 0.000000000000000000, -1.000000000000000000, 0.000000000000000000 ) ) ;
#5405 = ORIENTED_EDGE ( 'NONE', *, *, #1000, .T. ) ;
#5406 = ORIENTED_EDGE ( 'NONE', *, *, #7874, .F. ) ;
#5407 = LINE ( 'NONE', #8520, #9861 ) ;
#5408 = VECTOR ( 'NONE', #9366, 1000.000000000000000 ) ;
#5409 = DIRECTION ( 'NONE',  ( -1.000000000000000000, 0.000000000000000000, 0.000000000000000000 ) ) ;
#5410 = VECTOR ( 'NONE', #175, 1000.000000000000000 ) ;
#5411 = CIRCLE ( 'NONE', #4274, 229.9999999211528348 ) ;
#5412 = ORIENTED_EDGE ( 'NONE', *, *, #7758, .T. ) ;
#5413 = VERTEX_POINT ( 'NONE', #5665 ) ;
#5414 = CARTESIAN_POINT ( 'NONE',  ( -9775.000000000000000, -990.0000000000007958, -960.0000000000009095 ) ) ;
#5415 = SURFACE_STYLE_FILL_AREA ( #1712 ) ;
#5416 = VECTOR ( 'NONE', #418, 1000.000000000000000 ) ;
#5417 = VECTOR ( 'NONE', #4463, 1000.000000000000114 ) ;
#5418 = CARTESIAN_POINT ( 'NONE',  ( -11437.50000000000000, 739.9999999999984084, -960.0000000000002274 ) ) ;
#5419 = LINE ( 'NONE', #1558, #3217 ) ;
#5420 = VECTOR ( 'NONE', #6330, 1000.000000000000000 ) ;
#5421 = CARTESIAN_POINT ( 'NONE',  ( -14299.99999999999818, 1077.499998843224375, -637.0854464784587208 ) ) ;
#5422 = ORIENTED_EDGE ( 'NONE', *, *, #3968, .T. ) ;
#5423 = ORIENTED_EDGE ( 'NONE', *, *, #5919, .T. ) ;
#5424 = EDGE_CURVE ( 'NONE', #1810, #9751, #470, .T. ) ;
#5425 = EDGE_CURVE ( 'NONE', #9268, #1049, #8947, .T. ) ;
#5426 = VECTOR ( 'NONE', #8438, 1000.000000000000000 ) ;
#5427 = ORIENTED_EDGE ( 'NONE', *, *, #5964, .T. ) ;
#5428 = EDGE_CURVE ( 'NONE', #7736, #2187, #8794, .T. ) ;
#5429 = ORIENTED_EDGE ( 'NONE', *, *, #6251, .F. ) ;
#5430 = DIRECTION ( 'NONE',  ( 0.000000000000000000, 0.000000000000000000, 1.000000000000000000 ) ) ;
#5431 = VECTOR ( 'NONE', #5847, 1000.000000000000000 ) ;
#5432 = LINE ( 'NONE', #4709, #1241 ) ;
#5433 = DIRECTION ( 'NONE',  ( 1.232595164407830946E-32, -2.200304988219453538E-16, -1.000000000000000000 ) ) ;
#5434 = AXIS2_PLACEMENT_3D ( 'NONE', #3931, #6824, #6980 ) ;
#5435 = DIRECTION ( 'NONE',  ( 1.232595164407830672E-32, 2.775557561563032360E-16, -1.000000000000000000 ) ) ;
#5436 = FACE_OUTER_BOUND ( 'NONE', #2297, .T. ) ;
#5437 = DIRECTION ( 'NONE',  ( -1.232595164407830672E-32, -2.775557561563032360E-16, 1.000000000000000000 ) ) ;
#5438 = AXIS2_PLACEMENT_3D ( 'NONE', #1801, #7948, #1847 ) ;
#5439 = EDGE_CURVE ( 'NONE', #3570, #3829, #4457, .T. ) ;
#5440 = EDGE_CURVE ( 'NONE', #870, #8027, #1586, .T. ) ;
#5441 = CARTESIAN_POINT ( 'NONE',  ( -13100.00000000000182, 750.6144545436229691, -1135.000000000000227 ) ) ;
#5442 = ORIENTED_EDGE ( 'NONE', *, *, #6778, .F. ) ;
#5443 = CIRCLE ( 'NONE', #1122, 250.0000000000000000 ) ;
#5444 =( BOUNDED_CURVE ( )  B_SPLINE_CURVE ( 3, ( #8311, #700, #2209, #2156 ),
 .UNSPECIFIED., .F., .F. ) 
 B_SPLINE_CURVE_WITH_KNOTS ( ( 4, 4 ),
 ( 4.474662696288666197, 4.712388980384689674 ),
 .UNSPECIFIED. ) 
 CURVE ( )  GEOMETRIC_REPRESENTATION_ITEM ( )  RATIONAL_B_SPLINE_CURVE ( ( 1.000000000000000000, 0.9952960600157659821, 0.9952960600157659821, 1.000000000000000000 ) ) 
 REPRESENTATION_ITEM ( '' )  );
#5445 = DIRECTION ( 'NONE',  ( 1.000000000000000000, 0.000000000000000000, 0.000000000000000000 ) ) ;
#5446 = LINE ( 'NONE', #8493, #1435 ) ;
#5447 = ORIENTED_EDGE ( 'NONE', *, *, #3978, .T. ) ;
#5448 = VECTOR ( 'NONE', #6897, 1000.000000000000000 ) ;
#5449 = CARTESIAN_POINT ( 'NONE',  ( -2708.402713505185147, 0.000000000000000000, -1135.000000000000227 ) ) ;
#5450 = CARTESIAN_POINT ( 'NONE',  ( -18153.58983848622665, 311.4982215127146787, -1135.000000000000227 ) ) ;
#5451 = DIRECTION ( 'NONE',  ( 6.162975822039157467E-33, -1.000000000000000000, -2.775557561563032360E-16 ) ) ;
#5452 = DIRECTION ( 'NONE',  ( 0.000000000000000000, 0.000000000000000000, 1.000000000000000000 ) ) ;
#5453 = VECTOR ( 'NONE', #4566, 1000.000000000000114 ) ;
#5454 = ORIENTED_EDGE ( 'NONE', *, *, #8240, .F. ) ;
#5456 = ORIENTED_EDGE ( 'NONE', *, *, #2692, .T. ) ;
#5455 = AXIS2_PLACEMENT_3D ( 'NONE', #5770, #4256, #7923 ) ;
#5457 = ADVANCED_FACE ( 'NONE', ( #3885 ), #358, .F. ) ;
#5458 = ADVANCED_FACE ( 'NONE', ( #8431 ), #3078, .T. ) ;
#5459 = ORIENTED_EDGE ( 'NONE', *, *, #2652, .T. ) ;
#5460 = ORIENTED_EDGE ( 'NONE', *, *, #6518, .F. ) ;
#5461 = ORIENTED_EDGE ( 'NONE', *, *, #4, .F. ) ;
#5462 = CARTESIAN_POINT ( 'NONE',  ( -14299.99999999999818, -1077.499998843224603, -306.2059048389991176 ) ) ;
#5463 = LINE ( 'NONE', #8509, #7278 ) ;
#5464 = CIRCLE ( 'NONE', #9283, 35.00000000000014211 ) ;
#5465 = DIRECTION ( 'NONE',  ( 0.000000000000000000, -2.413528314402514090E-16, 1.000000000000000000 ) ) ;
#5466 = DIRECTION ( 'NONE',  ( -6.162975822039157467E-33, 1.000000000000000000, 3.301729611148415602E-16 ) ) ;
#5467 = LINE ( 'NONE', #4693, #5952 ) ;
#5468 = CARTESIAN_POINT ( 'NONE',  ( -19120.00000000000000, 0.000000000000000000, -1060.000000000000000 ) ) ;
#5469 = ORIENTED_EDGE ( 'NONE', *, *, #1000, .F. ) ;
#5470 = ADVANCED_FACE ( 'NONE', ( #3301 ), #124, .F. ) ;
#5471 = ORIENTED_EDGE ( 'NONE', *, *, #4095, .F. ) ;
#5472 = CARTESIAN_POINT ( 'NONE',  ( -16550.00000000000000, 1189.999999999998408, -960.0000000000002274 ) ) ;
#5473 = ADVANCED_FACE ( 'NONE', ( #2585 ), #9421, .T. ) ;
#5474 = ORIENTED_EDGE ( 'NONE', *, *, #4644, .F. ) ;
#5475 = DIRECTION ( 'NONE',  ( 1.000000000000000000, 0.000000000000000000, 0.000000000000000000 ) ) ;
#5476 = DIRECTION ( 'NONE',  ( 1.232595164407830672E-32, 2.775557561563032360E-16, -1.000000000000000000 ) ) ;
#5477 = ORIENTED_EDGE ( 'NONE', *, *, #9128, .F. ) ;
#5478 = VERTEX_POINT ( 'NONE', #9227 ) ;
#5479 = EDGE_LOOP ( 'NONE', ( #3202, #1088, #3321, #6814 ) ) ;
#5480 = VECTOR ( 'NONE', #7838, 1000.000000000000000 ) ;
#5481 = CARTESIAN_POINT ( 'NONE',  ( -8725.000000000000000, -990.0000000000005684, -960.0000000000002274 ) ) ;
#5482 = DIRECTION ( 'NONE',  ( 0.000000000000000000, -1.000000000000000000, 0.000000000000000000 ) ) ;
#5483 = CARTESIAN_POINT ( 'NONE',  ( -16800.00000000000000, -739.9999999999984084, -1135.000000000000227 ) ) ;
#5484 = DIRECTION ( 'NONE',  ( 1.000000000000000000, 0.000000000000000000, 0.000000000000000000 ) ) ;
#5485 = FACE_OUTER_BOUND ( 'NONE', #4050, .T. ) ;
#5486 = DIRECTION ( 'NONE',  ( 0.000000000000000000, 1.000000000000000000, 0.000000000000000000 ) ) ;
#5487 = VECTOR ( 'NONE', #4650, 1000.000000000000000 ) ;
#5488 = DIRECTION ( 'NONE',  ( 0.000000000000000000, -0.000000000000000000, 1.000000000000000000 ) ) ;
#5489 = DIRECTION ( 'NONE',  ( 1.000000000000000000, 0.000000000000000000, 0.000000000000000000 ) ) ;
#5490 = FACE_OUTER_BOUND ( 'NONE', #4684, .T. ) ;
#5491 = DIRECTION ( 'NONE',  ( 1.000000000000000000, 0.000000000000000000, 0.000000000000000000 ) ) ;
#5492 = DIRECTION ( 'NONE',  ( -6.162975822038967936E-33, 1.000000000000000000, -1.510372559762204329E-14 ) ) ;
#5493 = VECTOR ( 'NONE', #3624, 1000.000000000000000 ) ;
#5494 = EDGE_CURVE ( 'NONE', #6688, #968, #6877, .T. ) ;
#5495 = EDGE_CURVE ( 'NONE', #719, #299, #2398, .T. ) ;
#5496 = EDGE_CURVE ( 'NONE', #5642, #732, #1858, .T. ) ;
#5497 = DIRECTION ( 'NONE',  ( 1.000000000000000000, -0.000000000000000000, 0.000000000000000000 ) ) ;
#5498 = CARTESIAN_POINT ( 'NONE',  ( -3930.251481490694459, -1189.999999999998408, -1009.999999999999091 ) ) ;
#5499 = ORIENTED_EDGE ( 'NONE', *, *, #716, .T. ) ;
#5500 = VECTOR ( 'NONE', #1590, 1000.000000000000000 ) ;
#5501 = ORIENTED_EDGE ( 'NONE', *, *, #851, .F. ) ;
#5502 = ORIENTED_EDGE ( 'NONE', *, *, #4152, .T. ) ;
#5503 = LINE ( 'NONE', #5543, #4009 ) ;
#5504 = EDGE_LOOP ( 'NONE', ( #3657, #2948, #7311, #8306 ) ) ;
#5505 = PLANE ( 'NONE',  #1253 ) ;
#5506 = DIRECTION ( 'NONE',  ( 1.000000000000000000, 2.400482215405744004E-16, 0.000000000000000000 ) ) ;
#5507 = EDGE_CURVE ( 'NONE', #6608, #5801, #5446, .T. ) ;
#5508 = DIRECTION ( 'NONE',  ( 0.000000000000000000, 0.000000000000000000, 1.000000000000000000 ) ) ;
#5509 = ORIENTED_EDGE ( 'NONE', *, *, #8977, .T. ) ;
#5510 = EDGE_LOOP ( 'NONE', ( #5754, #6766 ) ) ;
#5511 = DIRECTION ( 'NONE',  ( 0.000000000000000000, 0.000000000000000000, -1.000000000000000000 ) ) ;
#5512 = DIRECTION ( 'NONE',  ( 0.000000000000000000, -1.000000000000000000, -2.775557561562891351E-16 ) ) ;
#5513 = VERTEX_POINT ( 'NONE', #4671 ) ;
#5514 = VERTEX_POINT ( 'NONE', #7747 ) ;
#5515 = CARTESIAN_POINT ( 'NONE',  ( -12923.68347295909734, -990.0000000000018190, -6660.000000000000000 ) ) ;
#5516 = EDGE_CURVE ( 'NONE', #182, #6642, #4850, .T. ) ;
#5517 = DIRECTION ( 'NONE',  ( -1.000000000000000000, -0.000000000000000000, -0.000000000000000000 ) ) ;
#5518 = VERTEX_POINT ( 'NONE', #4387 ) ;
#5519 = VERTEX_POINT ( 'NONE', #9567 ) ;
#5520 = ORIENTED_EDGE ( 'NONE', *, *, #7013, .F. ) ;
#5521 = DIRECTION ( 'NONE',  ( 0.000000000000000000, 0.000000000000000000, -1.000000000000000000 ) ) ;
#5522 = DIRECTION ( 'NONE',  ( 1.432545838226008399E-17, 1.000000000000000000, -0.000000000000000000 ) ) ;
#5523 = PLANE ( 'NONE',  #6273 ) ;
#5524 = PLANE ( 'NONE',  #8788 ) ;
#5525 = CARTESIAN_POINT ( 'NONE',  ( -13499.99999999999818, 1970.627566330085756, -637.0854464784586071 ) ) ;
#5526 = LINE ( 'NONE', #976, #7181 ) ;
#5527 = FACE_OUTER_BOUND ( 'NONE', #9519, .T. ) ;
#5528 = CARTESIAN_POINT ( 'NONE',  ( -13680.00000000000000, 814.9999999999972715, -517.7941176470590108 ) ) ;
#5529 = AXIS2_PLACEMENT_3D ( 'NONE', #3197, #7004, #8558 ) ;
#5530 = CARTESIAN_POINT ( 'NONE',  ( -16550.00000000000000, 1189.999999999998408, -960.0000000000002274 ) ) ;
#5531 = DIRECTION ( 'NONE',  ( 0.000000000000000000, -0.1699069165076472210, 0.9854601157443478865 ) ) ;
#5532 = FACE_BOUND ( 'NONE', #9118, .T. ) ;
#5533 = DIRECTION ( 'NONE',  ( -1.000000000000000000, 0.000000000000000000, 0.000000000000000000 ) ) ;
#5534 = LINE ( 'NONE', #8641, #609 ) ;
#5535 = ORIENTED_EDGE ( 'NONE', *, *, #243, .T. ) ;
#5536 = ADVANCED_FACE ( 'NONE', ( #3447 ), #8160, .F. ) ;
#5537 = EDGE_CURVE ( 'NONE', #5222, #9494, #8810, .T. ) ;
#5538 = EDGE_CURVE ( 'NONE', #5596, #7390, #5050, .T. ) ;
#5539 = ORIENTED_EDGE ( 'NONE', *, *, #8216, .T. ) ;
#5540 = VERTEX_POINT ( 'NONE', #497 ) ;
#5541 = ORIENTED_EDGE ( 'NONE', *, *, #4910, .T. ) ;
#5542 = ORIENTED_EDGE ( 'NONE', *, *, #7854, .F. ) ;
#5543 = CARTESIAN_POINT ( 'NONE',  ( -13948.20772119394496, -1089.999999999998181, -849.6342572279658043 ) ) ;
#5544 = ORIENTED_EDGE ( 'NONE', *, *, #4690, .T. ) ;
#5545 = DIRECTION ( 'NONE',  ( -0.000000000000000000, -0.9901138386947148096, -0.1402661271484180183 ) ) ;
#5546 = CARTESIAN_POINT ( 'NONE',  ( -16150.00000000000182, -740.0000000000021600, -960.0000000000002274 ) ) ;
#5547 = CARTESIAN_POINT ( 'NONE',  ( -18500.00000000000000, 1189.999999999998408, -1160.000000000000227 ) ) ;
#5548 = VECTOR ( 'NONE', #952, 1000.000000000000000 ) ;
#5549 = CARTESIAN_POINT ( 'NONE',  ( -12100.00000000000182, -679.9999999999977263, -459.9999999999982947 ) ) ;
#5550 = VERTEX_POINT ( 'NONE', #1263 ) ;
#5551 = ORIENTED_EDGE ( 'NONE', *, *, #8124, .T. ) ;
#5552 = CARTESIAN_POINT ( 'NONE',  ( -12550.00000000000000, -740.0000000000014779, -960.0000000000002274 ) ) ;
#5553 = CARTESIAN_POINT ( 'NONE',  ( -11499.99999999997999, 699.9999999999986358, -757.0854464784598576 ) ) ;
#5554 = EDGE_CURVE ( 'NONE', #7189, #6688, #538, .T. ) ;
#5555 = CIRCLE ( 'NONE', #1085, 35.00000000000014211 ) ;
#5556 = ORIENTED_EDGE ( 'NONE', *, *, #1329, .T. ) ;
#5557 = ORIENTED_EDGE ( 'NONE', *, *, #925, .T. ) ;
#5558 = CARTESIAN_POINT ( 'NONE',  ( -11499.99999999997999, -699.9999999999986358, -749.6146185948546190 ) ) ;
#5559 = AXIS2_PLACEMENT_3D ( 'NONE', #6993, #8382, #2294 ) ;
#5560 = AXIS2_PLACEMENT_3D ( 'NONE', #3553, #1210, #5711 ) ;
#5561 = VECTOR ( 'NONE', #2631, 1000.000000000000000 ) ;
#5562 = VERTEX_POINT ( 'NONE', #8063 ) ;
#5563 = VERTEX_POINT ( 'NONE', #393 ) ;
#5564 = VECTOR ( 'NONE', #728, 1000.000000000000000 ) ;
#5565 = EDGE_CURVE ( 'NONE', #896, #3757, #1209, .T. ) ;
#5566 = ADVANCED_FACE ( 'NONE', ( #1361 ), #7303, .F. ) ;
#5567 = ORIENTED_EDGE ( 'NONE', *, *, #2786, .F. ) ;
#5568 = ORIENTED_EDGE ( 'NONE', *, *, #7935, .F. ) ;
#5569 = FACE_OUTER_BOUND ( 'NONE', #169, .T. ) ;
#5570 = CIRCLE ( 'NONE', #6682, 99.99999999999964473 ) ;
#5571 = AXIS2_PLACEMENT_3D ( 'NONE', #8695, #997, #196 ) ;
#5572 = LINE ( 'NONE', #7837, #7814 ) ;
#5573 = DIRECTION ( 'NONE',  ( -0.000000000000000000, 0.000000000000000000, 1.000000000000000000 ) ) ;
#5574 = CARTESIAN_POINT ( 'NONE',  ( -16550.00000000000000, 739.9999999999984084, -1135.000000000000227 ) ) ;
#5575 = CYLINDRICAL_SURFACE ( 'NONE', #2207, 100.0000000000014211 ) ;
#5576 = CIRCLE ( 'NONE', #7832, 200.0000000000000000 ) ;
#5577 = DIRECTION ( 'NONE',  ( -1.000000000000000000, 0.000000000000000000, 0.000000000000000000 ) ) ;
#5578 = AXIS2_PLACEMENT_3D ( 'NONE', #2819, #2017, #3369 ) ;
#5579 = DIRECTION ( 'NONE',  ( 6.162975822038725719E-33, -1.000000000000000000, 3.475251659431239960E-14 ) ) ;
#5580 = DIRECTION ( 'NONE',  ( 1.000000000000000000, -1.665334536937733430E-15, 0.000000000000000000 ) ) ;
#5581 = DIRECTION ( 'NONE',  ( 2.376075833082705656E-33, -0.9581400679044367319, 0.2862998607685330876 ) ) ;
#5582 = VECTOR ( 'NONE', #612, 1000.000000000000000 ) ;
#5583 = DIRECTION ( 'NONE',  ( -6.162975822039156098E-33, 1.000000000000000000, 2.775557561563032360E-16 ) ) ;
#5584 = CARTESIAN_POINT ( 'NONE',  ( -292.6587287503931520, -1190.000000000002728, 1659.750127714602968 ) ) ;
#5585 = FACE_OUTER_BOUND ( 'NONE', #8062, .T. ) ;
#5586 = DIRECTION ( 'NONE',  ( -1.000000000000000000, -0.000000000000000000, -0.000000000000000000 ) ) ;
#5587 = CARTESIAN_POINT ( 'NONE',  ( -12100.00000000000182, -679.9999999999977263, -459.9999999999982947 ) ) ;
#5588 = ORIENTED_EDGE ( 'NONE', *, *, #4690, .F. ) ;
#5589 = AXIS2_PLACEMENT_3D ( 'NONE', #9775, #699, #5859 ) ;
#5590 = FACE_OUTER_BOUND ( 'NONE', #5504, .T. ) ;
#5591 = ORIENTED_EDGE ( 'NONE', *, *, #4199, .T. ) ;
#5592 = VERTEX_POINT ( 'NONE', #6610 ) ;
#5593 = ORIENTED_EDGE ( 'NONE', *, *, #5988, .F. ) ;
#5594 = ORIENTED_EDGE ( 'NONE', *, *, #6700, .T. ) ;
#5595 = LINE ( 'NONE', #7001, #3998 ) ;
#5596 = VERTEX_POINT ( 'NONE', #9623 ) ;
#5597 = LINE ( 'NONE', #8650, #6849 ) ;
#5598 = CARTESIAN_POINT ( 'NONE',  ( -2350.000000000001364, -343.2012612066354222, -1135.000000000000227 ) ) ;
#5599 = AXIS2_PLACEMENT_3D ( 'NONE', #5619, #8668, #6184 ) ;
#5600 = PLANE ( 'NONE',  #4773 ) ;
#5601 = EDGE_CURVE ( 'NONE', #6252, #6213, #3503, .T. ) ;
#5602 = EDGE_CURVE ( 'NONE', #5789, #8150, #5464, .T. ) ;
#5603 = DIRECTION ( 'NONE',  ( -6.162975822039157467E-33, 1.000000000000000000, 2.775557561563032360E-16 ) ) ;
#5604 = CIRCLE ( 'NONE', #4792, 79.99999999999995737 ) ;
#5605 = ORIENTED_EDGE ( 'NONE', *, *, #7523, .T. ) ;
#5606 = ORIENTED_EDGE ( 'NONE', *, *, #9654, .T. ) ;
#5607 = VECTOR ( 'NONE', #2723, 1000.000000000000000 ) ;
#5608 = ORIENTED_EDGE ( 'NONE', *, *, #5660, .F. ) ;
#5609 = SURFACE_SIDE_STYLE ('',( #5415 ) ) ;
#5610 = EDGE_CURVE ( 'NONE', #794, #8690, #2770, .T. ) ;
#5611 = ADVANCED_FACE ( 'NONE', ( #6708 ), #1914, .F. ) ;
#5612 = ADVANCED_FACE ( 'NONE', ( #3598 ), #1312, .F. ) ;
#5613 = ORIENTED_EDGE ( 'NONE', *, *, #9915, .T. ) ;
#5614 = CARTESIAN_POINT ( 'NONE',  ( 0.000000000000000000, 0.000000000000000000, -960.0000000000002274 ) ) ;
#5615 = ORIENTED_EDGE ( 'NONE', *, *, #1693, .T. ) ;
#5616 = ORIENTED_EDGE ( 'NONE', *, *, #3781, .T. ) ;
#5617 = EDGE_LOOP ( 'NONE', ( #3225, #6677, #5535, #4878 ) ) ;
#5618 = DIRECTION ( 'NONE',  ( 1.000000000000000000, 0.000000000000000000, 0.000000000000000000 ) ) ;
#5619 = CARTESIAN_POINT ( 'NONE',  ( 0.000000000000000000, 0.000000000000000000, -1135.000000000000227 ) ) ;
#5620 = CARTESIAN_POINT ( 'NONE',  ( -16550.00000000000000, 899.9999999999998863, -910.0000000000001137 ) ) ;
#5621 = CARTESIAN_POINT ( 'NONE',  ( -16150.00000000000182, 1189.999999999998408, -960.0000000000002274 ) ) ;
#5622 = CLOSED_SHELL ( 'NONE', ( #5457, #6293, #6461, #5302, #3269, #4072, #9460, #6048, #8398, #5111, #1896, #3181, #9095, #7725, #5750, #7432, #3640, #457, #7994, #7567, #1807, #1257, #6754, #164, #4706, #8846, #4322, #2991, #4880, #6477, #4044, #2333, #4311, #9848, #408, #396, #3442, #3675, #7558, #9899, #9308, #180, #6459, #9231, #8831, #4212, #6331, #9069, #8966, #8445, #6267, #5962, #9449, #3046, #3702, #6810, #8381, #3411, #5811, #1735, #7882, #569, #2470, #4738, #3670, #8346, #681, #4250, #2506, #1200, #350, #659, #3981, #3396, #8847, #307, #9270, #2118, #4763, #8397, #5238, #6970, #2638, #2264, #2245, #8717, #5536, #6698, #9725, #6913, #6726, #4990, #8427, #1941, #586, #5611, #806, #5470, #769, #4912, #2129, #4238, #5659, #3220, #8515, #6343, #7193, #2806, #4504, #4996, #8517, #8670, #693, #1904, #9018, #2048, #706, #7300, #6225, #4380, #4670, #6709, #4371, #3866, #5612, #1052, #5625, #4070, #167, #2578, #7744, #4265, #9282, #3112, #4359, #2764, #7617, #9826, #3367, #8315, #2395, #3397, #8657, #3388, #4943, #5473, #8108, #4764, #7327, #1096, #1212, #4737, #5042, #1939, #5234, #5218, #5300, #9414, #641, #5458, #6979, #8733, #9332, #6640, #1109, #3958, #266, #6029, #4881, #6955, #6431, #8924, #221, #7755, #33, #3658, #6279, #9098, #7937, #7512, #869, #1011, #5225, #6505, #5716, #6767, #6968, #7026 ) ) ;
#5623 = EDGE_CURVE ( 'NONE', #5478, #2939, #9772, .T. ) ;
#5624 = DIRECTION ( 'NONE',  ( -1.000000000000000000, 0.000000000000000000, 0.000000000000000000 ) ) ;
#5625 = ADVANCED_FACE ( 'NONE', ( #8210 ), #8067, .F. ) ;
#5626 = DIRECTION ( 'NONE',  ( 1.000000000000000000, 6.162975822039151993E-33, 1.232595164407830946E-32 ) ) ;
#5627 = DIRECTION ( 'NONE',  ( 0.000000000000000000, 0.000000000000000000, 1.000000000000000000 ) ) ;
#5628 = PLANE ( 'NONE',  #6827 ) ;
#5629 = CARTESIAN_POINT ( 'NONE',  ( -13100.00000000000182, 750.6144545436229691, -1135.000000000000227 ) ) ;
#5630 = EDGE_CURVE ( 'NONE', #3223, #7989, #5056, .T. ) ;
#5631 = EDGE_CURVE ( 'NONE', #423, #4027, #6515, .T. ) ;
#5632 = DIRECTION ( 'NONE',  ( 2.450878090891695175E-33, -0.9597039290011752932, 0.2810131111882628319 ) ) ;
#5633 = AXIS2_PLACEMENT_3D ( 'NONE', #4530, #3691, #2194 ) ;
#5634 = CARTESIAN_POINT ( 'NONE',  ( -12750.00000000000000, -1077.499998843224375, -769.9999999999964757 ) ) ;
#5635 = FACE_OUTER_BOUND ( 'NONE', #1750, .T. ) ;
#5636 = ORIENTED_EDGE ( 'NONE', *, *, #8057, .T. ) ;
#5637 = CARTESIAN_POINT ( 'NONE',  ( -5576.316527040900837, -989.9999999999997726, -660.0000000000010232 ) ) ;
#5638 = CARTESIAN_POINT ( 'NONE',  ( -1949.999999999999318, -1189.999999999998863, -960.0000000000002274 ) ) ;
#5639 = AXIS2_PLACEMENT_3D ( 'NONE', #5947, #2150, #6749 ) ;
#5640 = ORIENTED_EDGE ( 'NONE', *, *, #2549, .T. ) ;
#5641 = ORIENTED_EDGE ( 'NONE', *, *, #1291, .F. ) ;
#5642 = VERTEX_POINT ( 'NONE', #7309 ) ;
#5643 = CYLINDRICAL_SURFACE ( 'NONE', #8152, 100.0000000000014211 ) ;
#5644 = VERTEX_POINT ( 'NONE', #6616 ) ;
#5645 = CARTESIAN_POINT ( 'NONE',  ( -12500.00000000000182, -1077.499998843224375, -637.0854464784594029 ) ) ;
#5646 = CARTESIAN_POINT ( 'NONE',  ( -12100.00000000000182, -679.9999999999976126, -919.9999999999984084 ) ) ;
#5647 = DIRECTION ( 'NONE',  ( 0.000000000000000000, 0.1402661271484180183, -0.9901138386947149206 ) ) ;
#5648 = DIRECTION ( 'NONE',  ( 1.000000000000000000, 0.000000000000000000, -1.189916929857710326E-16 ) ) ;
#5649 = VECTOR ( 'NONE', #6722, 1000.000000000000000 ) ;
#5650 = ORIENTED_EDGE ( 'NONE', *, *, #6226, .T. ) ;
#5651 = ORIENTED_EDGE ( 'NONE', *, *, #7784, .F. ) ;
#5652 = CARTESIAN_POINT ( 'NONE',  ( -16550.00000000000000, 800.0000000000000000, -910.0000000000001137 ) ) ;
#5653 = ORIENTED_EDGE ( 'NONE', *, *, #2309, .F. ) ;
#5654 = ORIENTED_EDGE ( 'NONE', *, *, #5538, .F. ) ;
#5655 = ORIENTED_EDGE ( 'NONE', *, *, #7879, .F. ) ;
#5656 = APPLICATION_PROTOCOL_DEFINITION ( 'draft international standard', 'automotive_design', 1998, #7342 ) ;
#5657 = EDGE_LOOP ( 'NONE', ( #8206, #6954, #6718, #1054 ) ) ;
#5658 = LINE ( 'NONE', #2767, #1744 ) ;
#5659 = ADVANCED_FACE ( 'NONE', ( #5860 ), #2865, .F. ) ;
#5660 = EDGE_CURVE ( 'NONE', #6222, #7496, #597, .T. ) ;
#5661 = ORIENTED_EDGE ( 'NONE', *, *, #6059, .T. ) ;
#5662 = EDGE_CURVE ( 'NONE', #5765, #5736, #7449, .T. ) ;
#5663 = ORIENTED_EDGE ( 'NONE', *, *, #9199, .F. ) ;
#5664 = VERTEX_POINT ( 'NONE', #1318 ) ;
#5665 = CARTESIAN_POINT ( 'NONE',  ( -12923.68347295909734, -990.0000000000015916, -660.0000000000001137 ) ) ;
#5666 = EDGE_LOOP ( 'NONE', ( #6241, #1884, #7580, #3858 ) ) ;
#5667 = CARTESIAN_POINT ( 'NONE',  ( -5299.999999999999091, 618.9114148497013730, -4241.944871367028099 ) ) ;
#5668 = CARTESIAN_POINT ( 'NONE',  ( -5141.597286494812579, -989.9999999999994316, -1135.000000000000227 ) ) ;
#5669 = CARTESIAN_POINT ( 'NONE',  ( -13899.99999999999818, -679.9999999999979536, -539.9999999999982947 ) ) ;
#5670 = CARTESIAN_POINT ( 'NONE',  ( -11499.99999999997999, -190.0000000000007390, -623.7872381793343948 ) ) ;
#5671 = DIRECTION ( 'NONE',  ( 1.232595164407830672E-32, 2.775557561563032360E-16, -1.000000000000000000 ) ) ;
#5672 = EDGE_CURVE ( 'NONE', #834, #1206, #8165, .T. ) ;
#5673 = DIRECTION ( 'NONE',  ( 0.000000000000000000, -1.000000000000000000, 0.000000000000000000 ) ) ;
#5674 = EDGE_CURVE ( 'NONE', #2158, #3341, #1215, .T. ) ;
#5675 = CARTESIAN_POINT ( 'NONE',  ( -18053.58983848622665, 211.4982215127146787, -960.0000000000002274 ) ) ;
#5676 = VERTEX_POINT ( 'NONE', #8962 ) ;
#5677 = PLANE ( 'NONE',  #4110 ) ;
#5678 = CARTESIAN_POINT ( 'NONE',  ( -2825.068018844486232, -989.9999999999990905, 5040.000000000000000 ) ) ;
#5679 = LINE ( 'NONE', #3564, #5912 ) ;
#5680 = LINE ( 'NONE', #1876, #3879 ) ;
#5681 = ORIENTED_EDGE ( 'NONE', *, *, #8719, .F. ) ;
#5682 = VECTOR ( 'NONE', #5851, 1000.000000000000000 ) ;
#5683 = DIRECTION ( 'NONE',  ( 1.000000000000000000, 0.000000000000000000, 0.000000000000000000 ) ) ;
#5684 = EDGE_CURVE ( 'NONE', #478, #5676, #2112, .T. ) ;
#5685 = EDGE_CURVE ( 'NONE', #3723, #6319, #5817, .T. ) ;
#5686 = ORIENTED_EDGE ( 'NONE', *, *, #6238, .T. ) ;
#5687 = VERTEX_POINT ( 'NONE', #5715 ) ;
#5688 = ORIENTED_EDGE ( 'NONE', *, *, #8239, .T. ) ;
#5689 = ORIENTED_EDGE ( 'NONE', *, *, #1035, .T. ) ;
#5690 = DIRECTION ( 'NONE',  ( -0.000000000000000000, 0.000000000000000000, -1.000000000000000000 ) ) ;
#5691 = CARTESIAN_POINT ( 'NONE',  ( -2599.999999999999545, -989.9999999999990905, -960.0000000000002274 ) ) ;
#5692 =( BOUNDED_CURVE ( )  B_SPLINE_CURVE ( 3, ( #1301, #2756, #9603, #8090 ),
 .UNSPECIFIED., .F., .F. ) 
 B_SPLINE_CURVE_WITH_KNOTS ( ( 4, 4 ),
 ( 1.570796326794896558, 1.696134772426670434 ),
 .UNSPECIFIED. ) 
 CURVE ( )  GEOMETRIC_REPRESENTATION_ITEM ( )  RATIONAL_B_SPLINE_CURVE ( ( 1.000000000000000000, 0.9986912845788542548, 0.9986912845788542548, 1.000000000000000000 ) ) 
 REPRESENTATION_ITEM ( '' )  );
#5693 = CARTESIAN_POINT ( 'NONE',  ( -4551.792278806056856, 9753.686360283016256, -849.6342572279651222 ) ) ;
#5694 = VECTOR ( 'NONE', #2570, 1000.000000000000000 ) ;
#5695 = ORIENTED_EDGE ( 'NONE', *, *, #2963, .F. ) ;
#5696 = CARTESIAN_POINT ( 'NONE',  ( -5273.137666352223277, -715.2359445967792908, -1135.000000000000227 ) ) ;
#5697 = DIRECTION ( 'NONE',  ( 1.000000000000000000, -0.000000000000000000, 0.000000000000000000 ) ) ;
#5698 = EDGE_LOOP ( 'NONE', ( #235, #352, #5096, #9620 ) ) ;
#5699 = AXIS2_PLACEMENT_3D ( 'NONE', #9787, #7412, #5160 ) ;
#5700 = ORIENTED_EDGE ( 'NONE', *, *, #3114, .T. ) ;
#5701 = PRODUCT_DEFINITION ( 'NON CONOSCIUTO', '', #9559, #5978 ) ;
#5702 = VECTOR ( 'NONE', #637, 1000.000000000000000 ) ;
#5703 = AXIS2_PLACEMENT_3D ( 'NONE', #6703, #3102, #3859 ) ;
#5704 = ORIENTED_EDGE ( 'NONE', *, *, #388, .F. ) ;
#5705 = PLANE ( 'NONE',  #9563 ) ;
#5706 = VECTOR ( 'NONE', #8320, 1000.000000000000000 ) ;
#5707 = ORIENTED_EDGE ( 'NONE', *, *, #2636, .F. ) ;
#5708 = VERTEX_POINT ( 'NONE', #8768 ) ;
#5709 = ORIENTED_EDGE ( 'NONE', *, *, #8658, .F. ) ;
#5710 = CARTESIAN_POINT ( 'NONE',  ( -18153.58983848622665, 989.9999999999984084, -1135.000000000000227 ) ) ;
#5711 = DIRECTION ( 'NONE',  ( 1.000000000000000000, 0.000000000000000000, 0.000000000000000000 ) ) ;
#5712 = CARTESIAN_POINT ( 'NONE',  ( 588.6859966642593918, 875.0000000000000000, -1140.000000000000227 ) ) ;
#5713 = CIRCLE ( 'NONE', #4272, 6000.000000000000000 ) ;
#5714 = ADVANCED_FACE ( 'NONE', ( #1921 ), #4957, .T. ) ;
#5715 = CARTESIAN_POINT ( 'NONE',  ( -12100.00000000000182, 679.9999999999978400, -919.9999999999980673 ) ) ;
#5716 = ADVANCED_FACE ( 'NONE', ( #6572 ), #9628, .F. ) ;
#5717 = LINE ( 'NONE', #7310, #1585 ) ;
#5718 = ORIENTED_EDGE ( 'NONE', *, *, #7073, .F. ) ;
#5719 = DIRECTION ( 'NONE',  ( 0.000000000000000000, 0.000000000000000000, 1.000000000000000000 ) ) ;
#5720 = AXIS2_PLACEMENT_3D ( 'NONE', #6615, #9672, #2813 ) ;
#5721 = AXIS2_PLACEMENT_3D ( 'NONE', #7312, #2732, #459 ) ;
#5722 = ORIENTED_EDGE ( 'NONE', *, *, #640, .F. ) ;
#5723 = CARTESIAN_POINT ( 'NONE',  ( -5399.999999999998181, 750.6144545436229691, -960.0000000000002274 ) ) ;
#5724 = CARTESIAN_POINT ( 'NONE',  ( -12923.68347295909734, 1189.999999999998408, -6660.000000000000000 ) ) ;
#5725 = DIRECTION ( 'NONE',  ( 0.000000000000000000, -1.000000000000000000, 0.000000000000000000 ) ) ;
#5726 = LINE ( 'NONE', #8971, #9594 ) ;
#5727 = CARTESIAN_POINT ( 'NONE',  ( -11499.99999999997999, -295.9385695031828050, -504.9802145985046309 ) ) ;
#5728 = EDGE_CURVE ( 'NONE', #4395, #7718, #2729, .T. ) ;
#5729 = LINE ( 'NONE', #4968, #1483 ) ;
#5730 = EDGE_CURVE ( 'NONE', #2839, #9816, #5007, .T. ) ;
#5731 = ORIENTED_EDGE ( 'NONE', *, *, #5684, .T. ) ;
#5732 = LINE ( 'NONE', #7277, #2260 ) ;
#5733 = VECTOR ( 'NONE', #7126, 1000.000000000000000 ) ;
#5734 = AXIS2_PLACEMENT_3D ( 'NONE', #8368, #7742, #1633 ) ;
#5735 = DIRECTION ( 'NONE',  ( -0.000000000000000000, 0.000000000000000000, -1.000000000000000000 ) ) ;
#5736 = VERTEX_POINT ( 'NONE', #5421 ) ;
#5737 = ORIENTED_EDGE ( 'NONE', *, *, #7326, .T. ) ;
#5738 = PLANE ( 'NONE',  #3204 ) ;
#5739 = VERTEX_POINT ( 'NONE', #2954 ) ;
#5740 = CARTESIAN_POINT ( 'NONE',  ( -13250.00000000000000, -1077.499998843224375, -637.0854464784594029 ) ) ;
#5741 = CIRCLE ( 'NONE', #2070, 250.0000000000000000 ) ;
#5742 = DIRECTION ( 'NONE',  ( -1.000000000000000000, 0.000000000000000000, -0.000000000000000000 ) ) ;
#5743 = DIRECTION ( 'NONE',  ( 1.000000000000000000, 0.000000000000000000, 0.000000000000000000 ) ) ;
#5744 = CIRCLE ( 'NONE', #7978, 99.99999999999964473 ) ;
#5745 = CARTESIAN_POINT ( 'NONE',  ( -3921.569072607348517, -1189.999999999998408, -960.7596123493884761 ) ) ;
#5746 = AXIS2_PLACEMENT_3D ( 'NONE', #5293, #8198, #576 ) ;
#5747 = CARTESIAN_POINT ( 'NONE',  ( -3930.251481490694459, -1089.999999999998181, -1009.999999999999091 ) ) ;
#5748 = EDGE_CURVE ( 'NONE', #6097, #6763, #4542, .T. ) ;
#5749 = ORIENTED_EDGE ( 'NONE', *, *, #6047, .F. ) ;
#5750 = ADVANCED_FACE ( 'NONE', ( #7613, #3810 ), #2909, .T. ) ;
#5751 = LINE ( 'NONE', #4986, #3361 ) ;
#5752 = CYLINDRICAL_SURFACE ( 'NONE', #4241, 5899.999999999998181 ) ;
#5753 = CARTESIAN_POINT ( 'NONE',  ( -18500.00000000000000, 875.0000000000000000, -1140.000000000000227 ) ) ;
#5754 = ORIENTED_EDGE ( 'NONE', *, *, #6779, .T. ) ;
#5755 = AXIS2_PLACEMENT_3D ( 'NONE', #1538, #7596, #7543 ) ;
#5756 = DIRECTION ( 'NONE',  ( 1.232595164407830672E-32, 2.775557561563032360E-16, -1.000000000000000000 ) ) ;
#5757 = VECTOR ( 'NONE', #7689, 1000.000000000000000 ) ;
#5758 = ADVANCED_FACE ( 'NONE', ( #6119 ), #3869, .F. ) ;
#5759 = AXIS2_PLACEMENT_3D ( 'NONE', #7223, #6423, #3830 ) ;
#5760 = ORIENTED_EDGE ( 'NONE', *, *, #8780, .F. ) ;
#5761 = CARTESIAN_POINT ( 'NONE',  ( -13200.00000000000182, -618.9114148497025099, -1135.000000000000227 ) ) ;
#5762 = VECTOR ( 'NONE', #7265, 1000.000000000000000 ) ;
#5763 = AXIS2_PLACEMENT_3D ( 'NONE', #9029, #2347, #8727 ) ;
#5764 = VERTEX_POINT ( 'NONE', #5959 ) ;
#5765 = VERTEX_POINT ( 'NONE', #9007 ) ;
#5766 = ORIENTED_EDGE ( 'NONE', *, *, #4025, .F. ) ;
#5767 = VECTOR ( 'NONE', #3603, 1000.000000000000000 ) ;
#5768 = DIRECTION ( 'NONE',  ( -0.000000000000000000, 1.000000000000000000, -0.000000000000000000 ) ) ;
#5769 = FACE_OUTER_BOUND ( 'NONE', #6732, .T. ) ;
#5770 = CARTESIAN_POINT ( 'NONE',  ( -12100.00000000000182, -679.9999999999977263, -909.9999999999982947 ) ) ;
#5771 = DIRECTION ( 'NONE',  ( 1.000000000000000000, -0.000000000000000000, -0.000000000000000000 ) ) ;
#5772 = CARTESIAN_POINT ( 'NONE',  ( -16550.00000000000000, 1189.999999999998408, -960.0000000000002274 ) ) ;
#5773 = LINE ( 'NONE', #2011, #4435 ) ;
#5774 = LINE ( 'NONE', #8818, #2387 ) ;
#5775 = VERTEX_POINT ( 'NONE', #5363 ) ;
#5776 = DIRECTION ( 'NONE',  ( 6.162975822039157467E-33, -1.000000000000000000, -2.249385511977649118E-16 ) ) ;
#5777 = VECTOR ( 'NONE', #6138, 1000.000000000000000 ) ;
#5778 = CARTESIAN_POINT ( 'NONE',  ( -4885.798269505217831, 989.9999999999984084, -960.0000000000002274 ) ) ;
#5779 = DIRECTION ( 'NONE',  ( 2.400482215405744004E-16, -1.000000000000000000, -0.000000000000000000 ) ) ;
#5780 = DIRECTION ( 'NONE',  ( 0.000000000000000000, 0.000000000000000000, -1.000000000000000000 ) ) ;
#5781 = PLANE ( 'NONE',  #7324 ) ;
#5782 = DIRECTION ( 'NONE',  ( 0.000000000000000000, -1.000000000000000000, 0.000000000000000000 ) ) ;
#5783 = ORIENTED_EDGE ( 'NONE', *, *, #5439, .F. ) ;
#5784 = LINE ( 'NONE', #8876, #3174 ) ;
#5785 = EDGE_CURVE ( 'NONE', #8394, #1690, #6167, .T. ) ;
#5786 = ORIENTED_EDGE ( 'NONE', *, *, #8071, .F. ) ;
#5787 = EDGE_CURVE ( 'NONE', #1261, #233, #6809, .T. ) ;
#5788 = ORIENTED_EDGE ( 'NONE', *, *, #8179, .F. ) ;
#5789 = VERTEX_POINT ( 'NONE', #59 ) ;
#5790 = CARTESIAN_POINT ( 'NONE',  ( -16050.00000000000000, -343.2012612066350812, 0.000000000000000000 ) ) ;
#5791 = ORIENTED_EDGE ( 'NONE', *, *, #6552, .F. ) ;
#5792 = EDGE_CURVE ( 'NONE', #6801, #6286, #817, .T. ) ;
#5793 = CARTESIAN_POINT ( 'NONE',  ( -16550.00000000000000, 899.9999999999998863, -910.0000000000001137 ) ) ;
#5794 = CARTESIAN_POINT ( 'NONE',  ( -11880.00000000000182, -1077.499998843224375, -517.7941176470594655 ) ) ;
#5795 = PLANE ( 'NONE',  #5902 ) ;
#5796 = FACE_OUTER_BOUND ( 'NONE', #8506, .T. ) ;
#5797 = ORIENTED_EDGE ( 'NONE', *, *, #3033, .F. ) ;
#5798 = LINE ( 'NONE', #5035, #5281 ) ;
#5799 = CARTESIAN_POINT ( 'NONE',  ( 588.6859966642593918, -875.0000000000000000, -1060.000000000000000 ) ) ;
#5800 = CIRCLE ( 'NONE', #7548, 80.00000000000007105 ) ;
#5801 = VERTEX_POINT ( 'NONE', #1410 ) ;
#5802 = EDGE_CURVE ( 'NONE', #2939, #1849, #3516, .T. ) ;
#5803 = CARTESIAN_POINT ( 'NONE',  ( -14500.00000000002001, -295.9385695031828050, -504.9802145985046309 ) ) ;
#5804 = CONTEXT_DEPENDENT_SHAPE_REPRESENTATION ( #1673, #5142 ) ;
#5805 = VECTOR ( 'NONE', #28, 1000.000000000000000 ) ;
#5806 = ORIENTED_EDGE ( 'NONE', *, *, #6361, .F. ) ;
#5807 = CARTESIAN_POINT ( 'NONE',  ( -9775.000000000000000, -740.0000000000009095, -1135.000000000000227 ) ) ;
#5808 = ORIENTED_EDGE ( 'NONE', *, *, #1598, .F. ) ;
#5809 = EDGE_CURVE ( 'NONE', #2634, #4617, #8746, .T. ) ;
#5810 = VERTEX_POINT ( 'NONE', #2838 ) ;
#5811 = ADVANCED_FACE ( 'NONE', ( #1898 ), #344, .T. ) ;
#5812 = VERTEX_POINT ( 'NONE', #8800 ) ;
#5813 = CARTESIAN_POINT ( 'NONE',  ( -1949.999999999999773, 899.9999999999998863, -910.0000000000001137 ) ) ;
#5814 = FACE_OUTER_BOUND ( 'NONE', #8689, .T. ) ;
#5815 = FACE_OUTER_BOUND ( 'NONE', #3254, .T. ) ;
#5816 = CARTESIAN_POINT ( 'NONE',  ( -11499.99999999997999, 699.9999999999986358, -623.2943698956130447 ) ) ;
#5817 = LINE ( 'NONE', #6714, #7057 ) ;
#5818 = CARTESIAN_POINT ( 'NONE',  ( -12500.00000000000182, 1970.627566330085756, -637.0854464784586071 ) ) ;
#5819 = ORIENTED_EDGE ( 'NONE', *, *, #4913, .T. ) ;
#5820 = ORIENTED_EDGE ( 'NONE', *, *, #7698, .F. ) ;
#5821 = CARTESIAN_POINT ( 'NONE',  ( -13250.00000000000000, 729.4021522441533989, -769.9999999999959073 ) ) ;
#5822 = CARTESIAN_POINT ( 'NONE',  ( -13358.40271350518742, 989.9999999999985221, -960.0000000000002274 ) ) ;
#5823 = CYLINDRICAL_SURFACE ( 'NONE', #5940, 6000.000000000000000 ) ;
#5824 = PLANE ( 'NONE',  #3844 ) ;
#5825 = EDGE_CURVE ( 'NONE', #494, #684, #6598, .T. ) ;
#5826 = CARTESIAN_POINT ( 'NONE',  ( -11611.43189860506391, 877.4999988432243754, -637.0854464784588345 ) ) ;
#5827 = DIRECTION ( 'NONE',  ( -1.000000000000000000, -6.162975822039151993E-33, -1.232595164407830946E-32 ) ) ;
#5828 = CARTESIAN_POINT ( 'NONE',  ( -14156.10001622140953, 1077.499998843224375, -589.9999999999964757 ) ) ;
#5829 = DIRECTION ( 'NONE',  ( 0.000000000000000000, 0.000000000000000000, 1.000000000000000000 ) ) ;
#5830 = ORIENTED_EDGE ( 'NONE', *, *, #9709, .T. ) ;
#5831 = ORIENTED_EDGE ( 'NONE', *, *, #716, .F. ) ;
#5832 = DIRECTION ( 'NONE',  ( -0.000000000000000000, 0.000000000000000000, 1.000000000000000000 ) ) ;
#5833 = ORIENTED_EDGE ( 'NONE', *, *, #2692, .F. ) ;
#5834 = PLANE ( 'NONE',  #428 ) ;
#5835 = ORIENTED_EDGE ( 'NONE', *, *, #6778, .T. ) ;
#5836 = CARTESIAN_POINT ( 'NONE',  ( -15791.59728649481440, 0.000000000000000000, -1135.000000000000227 ) ) ;
#5837 = DIRECTION ( 'NONE',  ( 1.000000000000000000, -0.000000000000000000, -0.000000000000000000 ) ) ;
#5838 = CARTESIAN_POINT ( 'NONE',  ( -13899.99999999999818, 1054.999999999997272, -459.9999999999978400 ) ) ;
#5839 = EDGE_CURVE ( 'NONE', #4804, #3063, #9610, .T. ) ;
#5840 = ORIENTED_EDGE ( 'NONE', *, *, #5973, .T. ) ;
#5841 = FACE_OUTER_BOUND ( 'NONE', #3207, .T. ) ;
#5842 = DIRECTION ( 'NONE',  ( 0.000000000000000000, 0.000000000000000000, 1.000000000000000000 ) ) ;
#5843 = EDGE_CURVE ( 'NONE', #3502, #982, #4193, .T. ) ;
#5844 = ADVANCED_FACE ( 'NONE', ( #3390 ), #8095, .T. ) ;
#5845 = ORIENTED_EDGE ( 'NONE', *, *, #9849, .T. ) ;
#5846 = ORIENTED_EDGE ( 'NONE', *, *, #8732, .F. ) ;
#5847 = DIRECTION ( 'NONE',  ( -6.162975822039157467E-33, 1.000000000000000000, 2.775557561563032360E-16 ) ) ;
#5848 = VECTOR ( 'NONE', #7711, 1000.000000000000000 ) ;
#5849 = EDGE_CURVE ( 'NONE', #2069, #5146, #7691, .T. ) ;
#5850 = ORIENTED_EDGE ( 'NONE', *, *, #9824, .T. ) ;
#5851 = DIRECTION ( 'NONE',  ( 0.000000000000000000, 0.000000000000000000, 1.000000000000000000 ) ) ;
#5852 = AXIS2_PLACEMENT_3D ( 'NONE', #9184, #1037, #4043 ) ;
#5853 = ORIENTED_EDGE ( 'NONE', *, *, #833, .T. ) ;
#5854 = ORIENTED_EDGE ( 'NONE', *, *, #8485, .T. ) ;
#5855 = DIRECTION ( 'NONE',  ( 0.000000000000000000, -0.000000000000000000, -1.000000000000000000 ) ) ;
#5856 = CARTESIAN_POINT ( 'NONE',  ( -11411.43189860506209, 5.551115123125783964E-14, -909.9999999999985221 ) ) ;
#5857 = DIRECTION ( 'NONE',  ( 6.162975822039157467E-33, -1.000000000000000000, -2.249385511977649118E-16 ) ) ;
#5858 = VECTOR ( 'NONE', #6035, 1000.000000000000000 ) ;
#5859 = DIRECTION ( 'NONE',  ( -0.000000000000000000, 0.000000000000000000, 1.000000000000000000 ) ) ;
#5860 = FACE_OUTER_BOUND ( 'NONE', #577, .T. ) ;
#5861 = AXIS2_PLACEMENT_3D ( 'NONE', #8495, #2235, #5278 ) ;
#5862 = EDGE_CURVE ( 'NONE', #7826, #6434, #1996, .T. ) ;
#5863 = ORIENTED_EDGE ( 'NONE', *, *, #31, .T. ) ;
#5864 = EDGE_CURVE ( 'NONE', #2513, #8211, #2760, .T. ) ;
#5865 = ORIENTED_EDGE ( 'NONE', *, *, #2847, .F. ) ;
#5866 = LINE ( 'NONE', #4118, #8765 ) ;
#5867 = AXIS2_PLACEMENT_3D ( 'NONE', #7455, #708, #3873 ) ;
#5868 = CARTESIAN_POINT ( 'NONE',  ( -16149.99999999999818, -989.9999999999990905, -960.0000000000002274 ) ) ;
#5869 = CARTESIAN_POINT ( 'NONE',  ( -11499.99999999997999, 699.9999999999986358, -749.6146185948541643 ) ) ;
#5870 = AXIS2_PLACEMENT_3D ( 'NONE', #2688, #9589, #3468 ) ;
#5871 = LINE ( 'NONE', #8781, #6716 ) ;
#5872 = FACE_OUTER_BOUND ( 'NONE', #6600, .T. ) ;
#5873 = CARTESIAN_POINT ( 'NONE',  ( -14325.91444772089744, 898.7388418281769873, -759.3323791905669395 ) ) ;
#5874 = DIRECTION ( 'NONE',  ( -1.232595164407830672E-32, -2.775557561563032360E-16, 1.000000000000000000 ) ) ;
#5875 = CIRCLE ( 'NONE', #4590, 200.0000000000000000 ) ;
#5876 = VECTOR ( 'NONE', #1021, 1000.000000000000000 ) ;
#5877 = CARTESIAN_POINT ( 'NONE',  ( -15446.19114447246830, 96.32452974707652515, -1135.000000000000227 ) ) ;
#5878 = VERTEX_POINT ( 'NONE', #7340 ) ;
#5879 = ORIENTED_EDGE ( 'NONE', *, *, #421, .F. ) ;
#5880 = DIRECTION ( 'NONE',  ( 0.000000000000000000, 0.000000000000000000, -1.000000000000000000 ) ) ;
#5881 = ORIENTED_EDGE ( 'NONE', *, *, #1436, .T. ) ;
#5882 = CARTESIAN_POINT ( 'NONE',  ( -2708.402713505185147, 0.000000000000000000, -960.0000000000002274 ) ) ;
#5883 = DIRECTION ( 'NONE',  ( 0.9632452974707710336, -0.2686233364777637633, -0.000000000000000000 ) ) ;
#5884 = AXIS2_PLACEMENT_3D ( 'NONE', #2881, #5119, #8976 ) ;
#5885 = VECTOR ( 'NONE', #8142, 1000.000000000000000 ) ;
#5886 = DIRECTION ( 'NONE',  ( -1.232595164407830672E-32, -2.775557561563032360E-16, 1.000000000000000000 ) ) ;
#5887 = CIRCLE ( 'NONE', #4597, 460.0000000000001137 ) ;
#5888 = LINE ( 'NONE', #1347, #6257 ) ;
#5889 = AXIS2_PLACEMENT_3D ( 'NONE', #6586, #6533, #1982 ) ;
#5890 = DIRECTION ( 'NONE',  ( 1.000000000000000000, 0.000000000000000000, 0.000000000000000000 ) ) ;
#5891 = AXIS2_PLACEMENT_3D ( 'NONE', #7612, #3061, #752 ) ;
#5892 = DIRECTION ( 'NONE',  ( -0.000000000000000000, 0.000000000000000000, -1.000000000000000000 ) ) ;
#5893 = CARTESIAN_POINT ( 'NONE',  ( -14156.10001622140953, -1077.499998843224375, -589.9999999999971578 ) ) ;
#5894 = EDGE_CURVE ( 'NONE', #6318, #2884, #7515, .T. ) ;
#5895 = CIRCLE ( 'NONE', #1909, 50.00000000000027001 ) ;
#5896 = AXIS2_PLACEMENT_3D ( 'NONE', #7079, #6173, #9216 ) ;
#5897 = VECTOR ( 'NONE', #578, 1000.000000000000000 ) ;
#5898 = ORIENTED_EDGE ( 'NONE', *, *, #1139, .T. ) ;
#5899 = PLANE ( 'NONE',  #565 ) ;
#5900 = CIRCLE ( 'NONE', #6704, 277.7941176470602045 ) ;
#5901 = ORIENTED_EDGE ( 'NONE', *, *, #4562, .F. ) ;
#5902 = AXIS2_PLACEMENT_3D ( 'NONE', #4188, #5886, #9695 ) ;
#5903 = EDGE_CURVE ( 'NONE', #2030, #7048, #177, .T. ) ;
#5904 = ORIENTED_EDGE ( 'NONE', *, *, #4931, .F. ) ;
#5905 = EDGE_LOOP ( 'NONE', ( #8061, #1791, #5731, #8203, #492 ) ) ;
#5906 = EDGE_CURVE ( 'NONE', #3255, #2493, #2040, .T. ) ;
#5907 = EDGE_CURVE ( 'NONE', #780, #1462, #6498, .T. ) ;
#5908 = DIRECTION ( 'NONE',  ( 1.000000000000000000, 0.000000000000000000, 0.000000000000000000 ) ) ;
#5909 = CYLINDRICAL_SURFACE ( 'NONE', #5094, 250.0000000000000000 ) ;
#5910 = AXIS2_PLACEMENT_3D ( 'NONE', #559, #4365, #6733 ) ;
#5911 = CARTESIAN_POINT ( 'NONE',  ( -14299.99999999999818, 1077.499998843224375, -637.0854464784587208 ) ) ;
#5912 = VECTOR ( 'NONE', #8726, 1000.000000000000000 ) ;
#5913 = ORIENTED_EDGE ( 'NONE', *, *, #3524, .T. ) ;
#5914 = DIRECTION ( 'NONE',  ( -1.232595164407830672E-32, -2.775557561563032360E-16, 1.000000000000000000 ) ) ;
#5915 = VECTOR ( 'NONE', #1952, 1000.000000000000000 ) ;
#5916 = ORIENTED_EDGE ( 'NONE', *, *, #3632, .F. ) ;
#5917 = ORIENTED_EDGE ( 'NONE', *, *, #9405, .T. ) ;
#5918 = DIRECTION ( 'NONE',  ( 1.000000000000000000, 0.000000000000000000, 0.000000000000000000 ) ) ;
#5919 = EDGE_CURVE ( 'NONE', #6446, #5038, #5751, .T. ) ;
#5920 = DIRECTION ( 'NONE',  ( -0.000000000000000000, 0.000000000000000000, 1.000000000000000000 ) ) ;
#5921 = EDGE_CURVE ( 'NONE', #3743, #2689, #1622, .T. ) ;
#5922 = CARTESIAN_POINT ( 'NONE',  ( -8975.000000000000000, -740.0000000000006821, -1135.000000000000227 ) ) ;
#5923 = DIRECTION ( 'NONE',  ( -0.1736481776669329680, 2.733390605558932128E-16, -0.9848077530122076872 ) ) ;
#5924 = LINE ( 'NONE', #9586, #2180 ) ;
#5925 = DIRECTION ( 'NONE',  ( 0.000000000000000000, -0.000000000000000000, 1.000000000000000000 ) ) ;
#5926 = DIRECTION ( 'NONE',  ( 0.000000000000000000, -0.000000000000000000, -1.000000000000000000 ) ) ;
#5927 = PLANE ( 'NONE',  #1252 ) ;
#5928 = CARTESIAN_POINT ( 'NONE',  ( -13250.00000000000000, 176.9719203373657592, -350.9999999999987494 ) ) ;
#5929 = EDGE_LOOP ( 'NONE', ( #4573, #9864, #1479, #5654 ) ) ;
#5930 = EDGE_CURVE ( 'NONE', #1491, #7111, #5888, .T. ) ;
#5931 = LINE ( 'NONE', #2831, #5106 ) ;
#5932 = CARTESIAN_POINT ( 'NONE',  ( -11499.99999999997999, 295.9385695031826913, -504.9802145985045172 ) ) ;
#5933 = ORIENTED_EDGE ( 'NONE', *, *, #3898, .T. ) ;
#5934 = EDGE_CURVE ( 'NONE', #8070, #1818, #2744, .T. ) ;
#5935 = DIRECTION ( 'NONE',  ( 1.232595164407830672E-32, 2.775557561563032360E-16, -1.000000000000000000 ) ) ;
#5936 = DIRECTION ( 'NONE',  ( -6.162975822039157467E-33, 1.000000000000000000, 3.301729611148415602E-16 ) ) ;
#5937 = DIRECTION ( 'NONE',  ( -1.232595164407830672E-32, -2.775557561563032360E-16, 1.000000000000000000 ) ) ;
#5938 = VERTEX_POINT ( 'NONE', #4128 ) ;
#5939 = CARTESIAN_POINT ( 'NONE',  ( -2599.999999999999545, -989.9999999999990905, -1135.000000000000227 ) ) ;
#5940 = AXIS2_PLACEMENT_3D ( 'NONE', #3315, #5725, #8127 ) ;
#5941 = VERTEX_POINT ( 'NONE', #8785 ) ;
#5942 = EDGE_LOOP ( 'NONE', ( #7595, #8878, #3886, #9667, #8892, #4704, #4024, #1437 ) ) ;
#5943 = CARTESIAN_POINT ( 'NONE',  ( -11437.50000000000000, 989.9999999999984084, -1135.000000000000227 ) ) ;
#5944 = VERTEX_POINT ( 'NONE', #4181 ) ;
#5945 = DIRECTION ( 'NONE',  ( 1.000000000000000000, 0.000000000000000000, 0.000000000000000000 ) ) ;
#5946 = CARTESIAN_POINT ( 'NONE',  ( -13614.20173049478399, 954.9999999999984084, -960.0000000000002274 ) ) ;
#5947 = CARTESIAN_POINT ( 'NONE',  ( -13899.99999999999818, 679.9999999999979536, -909.9999999999979536 ) ) ;
#5948 = VECTOR ( 'NONE', #4479, 1000.000000000000000 ) ;
#5949 = ORIENTED_EDGE ( 'NONE', *, *, #9166, .F. ) ;
#5950 = FACE_OUTER_BOUND ( 'NONE', #2746, .T. ) ;
#5951 = CARTESIAN_POINT ( 'NONE',  ( -12500.00000000000182, -1970.627566330085983, -306.2059048389992313 ) ) ;
#5952 = VECTOR ( 'NONE', #5506, 1000.000000000000000 ) ;
#5953 = ORIENTED_EDGE ( 'NONE', *, *, #7928, .T. ) ;
#5954 = ORIENTED_EDGE ( 'NONE', *, *, #7925, .F. ) ;
#5955 = CARTESIAN_POINT ( 'NONE',  ( -16800.00000000000000, -989.9999999999984084, -960.0000000000002274 ) ) ;
#5956 = PRESENTATION_STYLE_ASSIGNMENT (( #6807 ) ) ;
#5957 = LINE ( 'NONE', #8310, #8786 ) ;
#5958 = CARTESIAN_POINT ( 'NONE',  ( -1.174201978586608096E-13, 989.9999999999984084, -960.0000000000020464 ) ) ;
#5959 = CARTESIAN_POINT ( 'NONE',  ( -3921.569072607348517, 1089.999999999998181, -960.7596123493884761 ) ) ;
#5960 = ORIENTED_EDGE ( 'NONE', *, *, #5162, .F. ) ;
#5961 = VECTOR ( 'NONE', #2277, 1000.000000000000000 ) ;
#5962 = ADVANCED_FACE ( 'NONE', ( #7190 ), #9538, .T. ) ;
#5963 = EDGE_CURVE ( 'NONE', #4003, #2634, #1879, .T. ) ;
#5964 = EDGE_CURVE ( 'NONE', #8881, #7012, #416, .T. ) ;
#5965 = ORIENTED_EDGE ( 'NONE', *, *, #4421, .T. ) ;
#5966 = LINE ( 'NONE', #6171, #4614 ) ;
#5967 = LINE ( 'NONE', #9011, #9053 ) ;
#5968 = DIRECTION ( 'NONE',  ( -1.000000000000000000, -0.000000000000000000, -0.000000000000000000 ) ) ;
#5969 = FACE_OUTER_BOUND ( 'NONE', #1539, .T. ) ;
#5970 = DIRECTION ( 'NONE',  ( -0.000000000000000000, 0.000000000000000000, 1.000000000000000000 ) ) ;
#5971 = DIRECTION ( 'NONE',  ( -1.004552902547434720E-32, -0.2862998607685335872, 0.9581400679044366209 ) ) ;
#5972 = DIRECTION ( 'NONE',  ( -1.000000000000000000, -0.000000000000000000, -0.000000000000000000 ) ) ;
#5973 = EDGE_CURVE ( 'NONE', #792, #9047, #1934, .T. ) ;
#5974 = DIRECTION ( 'NONE',  ( -1.000000000000000000, 0.000000000000000000, 0.000000000000000000 ) ) ;
#5975 = PLANE ( 'NONE',  #1576 ) ;
#5976 = ORIENTED_EDGE ( 'NONE', *, *, #9372, .F. ) ;
#5977 = CARTESIAN_POINT ( 'NONE',  ( -1849.999999999999545, 211.4982215127147072, -960.0000000000000000 ) ) ;
#5978 = PRODUCT_DEFINITION_CONTEXT ( 'detailed design', #2041, 'design' ) ;
#5979 = ORIENTED_EDGE ( 'NONE', *, *, #7649, .F. ) ;
#5980 = DIRECTION ( 'NONE',  ( 1.000000000000000000, 6.162975822039151993E-33, 1.232595164407830946E-32 ) ) ;
#5981 = ORIENTED_EDGE ( 'NONE', *, *, #31, .F. ) ;
#5982 = DIRECTION ( 'NONE',  ( -1.000000000000000000, -6.162975822039151993E-33, -1.232595164407830946E-32 ) ) ;
#5983 = DIRECTION ( 'NONE',  ( 0.000000000000000000, 0.000000000000000000, -1.000000000000000000 ) ) ;
#5984 = CARTESIAN_POINT ( 'NONE',  ( -4885.798269505217831, 989.9999999999985221, -1135.000000000000227 ) ) ;
#5985 = DIRECTION ( 'NONE',  ( 0.000000000000000000, 0.000000000000000000, -1.000000000000000000 ) ) ;
#5986 = EDGE_LOOP ( 'NONE', ( #3127, #3686, #5588, #4246, #9390, #1551, #1456, #1698 ) ) ;
#5987 = CARTESIAN_POINT ( 'NONE',  ( -596.4101615137744830, -739.9999999999984084, -4241.944871367028099 ) ) ;
#5988 = EDGE_CURVE ( 'NONE', #1084, #3530, #2690, .T. ) ;
#5989 = EDGE_CURVE ( 'NONE', #3893, #8199, #5732, .T. ) ;
#5990 = ORIENTED_EDGE ( 'NONE', *, *, #3968, .F. ) ;
#5991 = VERTEX_POINT ( 'NONE', #4192 ) ;
#5992 = FACE_OUTER_BOUND ( 'NONE', #1545, .T. ) ;
#5993 = EDGE_LOOP ( 'NONE', ( #4216, #7552, #6998, #8360 ) ) ;
#5994 = CARTESIAN_POINT ( 'NONE',  ( -14119.99999999999818, -814.9999999999974989, -239.9999999999984368 ) ) ;
#5995 = CARTESIAN_POINT ( 'NONE',  ( -5576.316527040901747, -1189.999999999998408, -6660.000000000000909 ) ) ;
#5996 = ORIENTED_EDGE ( 'NONE', *, *, #4821, .T. ) ;
#5997 = CARTESIAN_POINT ( 'NONE',  ( -16149.99999999999818, -989.9999999999990905, -1135.000000000000227 ) ) ;
#5998 = DIRECTION ( 'NONE',  ( 1.000000000000000000, 0.000000000000000000, 0.000000000000000000 ) ) ;
#5999 = DIRECTION ( 'NONE',  ( -6.162975822039157467E-33, 1.000000000000000000, 2.775557561563032360E-16 ) ) ;
#6000 = VECTOR ( 'NONE', #3175, 1000.000000000000000 ) ;
#6001 = ORIENTED_EDGE ( 'NONE', *, *, #3231, .T. ) ;
#6002 = CARTESIAN_POINT ( 'NONE',  ( -13499.99999999999818, 814.9999999999972715, -306.2059048389984355 ) ) ;
#6003 = ORIENTED_EDGE ( 'NONE', *, *, #8428, .T. ) ;
#6004 = EDGE_LOOP ( 'NONE', ( #6554, #7485, #7002, #5456, #7662, #206, #3501, #1477, #435, #815, #1940, #904, #2794, #9186, #7373, #6269, #2818, #3157, #1924, #2748 ) ) ;
#6005 = DIRECTION ( 'NONE',  ( -1.432545838226008399E-17, 1.000000000000000000, -0.000000000000000000 ) ) ;
#6006 = DIRECTION ( 'NONE',  ( 0.000000000000000000, 0.9854601157443478865, 0.1699069165076472210 ) ) ;
#6007 = CARTESIAN_POINT ( 'NONE',  ( -2349.999999999999545, -739.9999999999990905, -960.0000000000002274 ) ) ;
#6008 = CARTESIAN_POINT ( 'NONE',  ( -11880.00000000000182, -814.9999999999974989, -239.9999999999984368 ) ) ;
#6009 = AXIS2_PLACEMENT_3D ( 'NONE', #3249, #2657, #9555 ) ;
#6010 = ORIENTED_EDGE ( 'NONE', *, *, #9517, .T. ) ;
#6011 = ORIENTED_EDGE ( 'NONE', *, *, #4033, .F. ) ;
#6012 = ORIENTED_EDGE ( 'NONE', *, *, #8126, .T. ) ;
#6013 = DIRECTION ( 'NONE',  ( -1.000000000000000000, 0.000000000000000000, 1.179611963664227720E-14 ) ) ;
#6014 = AXIS2_PLACEMENT_3D ( 'NONE', #7438, #1356, #810 ) ;
#6015 = DIRECTION ( 'NONE',  ( -1.000000000000000000, 0.000000000000000000, -0.000000000000000000 ) ) ;
#6016 = EDGE_CURVE ( 'NONE', #1049, #108, #8844, .T. ) ;
#6017 = DIRECTION ( 'NONE',  ( 1.000000000000000000, 0.000000000000000000, 0.000000000000000000 ) ) ;
#6018 = ADVANCED_FACE ( 'NONE', ( #5841 ), #486, .T. ) ;
#6019 = CARTESIAN_POINT ( 'NONE',  ( -2349.999999999999545, 1189.999999999998408, -960.0000000000002274 ) ) ;
#6020 = CARTESIAN_POINT ( 'NONE',  ( -1699.999999999999773, 739.9999999999984084, 0.000000000000000000 ) ) ;
#6021 = AXIS2_PLACEMENT_3D ( 'NONE', #8363, #4550, #763 ) ;
#6022 = DIRECTION ( 'NONE',  ( 1.000000000000000000, 0.000000000000000000, 0.000000000000000000 ) ) ;
#6023 = DIRECTION ( 'NONE',  ( 0.000000000000000000, -1.000000000000000000, 0.000000000000000000 ) ) ;
#6024 = ORIENTED_EDGE ( 'NONE', *, *, #5314, .T. ) ;
#6025 = FACE_OUTER_BOUND ( 'NONE', #9699, .T. ) ;
#6026 = ORIENTED_EDGE ( 'NONE', *, *, #7649, .T. ) ;
#6027 = CARTESIAN_POINT ( 'NONE',  ( -446.4101615137743124, 211.4982215127146787, -1135.000000000000227 ) ) ;
#6029 = ADVANCED_FACE ( 'NONE', ( #433 ), #1897, .F. ) ;
#6028 = DIRECTION ( 'NONE',  ( 0.000000000000000000, 1.000000000000000000, 5.551115123125784674E-16 ) ) ;
#6030 = CARTESIAN_POINT ( 'NONE',  ( -15674.93198115551786, 1189.999999999998408, -960.0000000000002274 ) ) ;
#6031 = EDGE_CURVE ( 'NONE', #3063, #6462, #5798, .T. ) ;
#6032 = CARTESIAN_POINT ( 'NONE',  ( -11687.50000000000000, -990.0000000000012506, -1135.000000000000227 ) ) ;
#6033 = DIRECTION ( 'NONE',  ( 1.000000000000000000, 6.162975822039151993E-33, 1.232595164407830946E-32 ) ) ;
#6034 = ORIENTED_EDGE ( 'NONE', *, *, #5630, .F. ) ;
#6035 = DIRECTION ( 'NONE',  ( -6.162975822039157467E-33, 1.000000000000000000, 2.775557561563032360E-16 ) ) ;
#6036 = VERTEX_POINT ( 'NONE', #5696 ) ;
#6037 = ORIENTED_EDGE ( 'NONE', *, *, #9814, .T. ) ;
#6038 = ORIENTED_EDGE ( 'NONE', *, *, #8803, .T. ) ;
#6039 = VECTOR ( 'NONE', #4351, 1000.000000000000000 ) ;
#6040 = DIRECTION ( 'NONE',  ( 0.000000000000000000, 1.000000000000000000, 2.775557561562891351E-16 ) ) ;
#6041 = VECTOR ( 'NONE', #6287, 1000.000000000000000 ) ;
#6042 = ORIENTED_EDGE ( 'NONE', *, *, #7700, .F. ) ;
#6043 = LINE ( 'NONE', #5994, #5095 ) ;
#6044 = DIRECTION ( 'NONE',  ( -6.162975822039157467E-33, 1.000000000000000000, 2.775557561563032360E-16 ) ) ;
#6045 = AXIS2_PLACEMENT_3D ( 'NONE', #1455, #9815, #9096 ) ;
#6046 = CYLINDRICAL_SURFACE ( 'NONE', #5633, 35.00000000000014211 ) ;
#6047 = EDGE_CURVE ( 'NONE', #7916, #6462, #2039, .T. ) ;
#6048 = ADVANCED_FACE ( 'NONE', ( #4289 ), #7339, .T. ) ;
#6049 = ORIENTED_EDGE ( 'NONE', *, *, #4022, .T. ) ;
#6050 = VERTEX_POINT ( 'NONE', #2654 ) ;
#6051 = CARTESIAN_POINT ( 'NONE',  ( -12550.00000000000000, -990.0000000000014779, -960.0000000000005684 ) ) ;
#6052 = AXIS2_PLACEMENT_3D ( 'NONE', #3722, #8372, #4564 ) ;
#6053 = VECTOR ( 'NONE', #1022, 1000.000000000000000 ) ;
#6054 = ORIENTED_EDGE ( 'NONE', *, *, #6479, .F. ) ;
#6055 = CARTESIAN_POINT ( 'NONE',  ( -14499.47634233351164, -716.7063271559467239, -754.6066018120500303 ) ) ;
#6056 = VERTEX_POINT ( 'NONE', #8148 ) ;
#6057 = EDGE_LOOP ( 'NONE', ( #456, #3959, #98, #8477 ) ) ;
#6058 = DIRECTION ( 'NONE',  ( 0.1736481776669255017, 2.487589742322846264E-18, 0.9848077530122090195 ) ) ;
#6059 = EDGE_CURVE ( 'NONE', #3288, #3708, #3582, .T. ) ;
#6060 = VECTOR ( 'NONE', #7910, 1000.000000000000000 ) ;
#6061 = VECTOR ( 'NONE', #5892, 1000.000000000000000 ) ;
#6062 = CARTESIAN_POINT ( 'NONE',  ( -5949.999999999999091, -989.9999999999990905, -1135.000000000000227 ) ) ;
#6063 = CARTESIAN_POINT ( 'NONE',  ( -19088.68599666425871, 875.0000000000000000, -1060.000000000000000 ) ) ;
#6064 = ORIENTED_EDGE ( 'NONE', *, *, #3643, .F. ) ;
#6065 = ORIENTED_EDGE ( 'NONE', *, *, #2786, .T. ) ;
#6066 = ORIENTED_EDGE ( 'NONE', *, *, #3083, .F. ) ;
#6067 = DIRECTION ( 'NONE',  ( -6.162975822039157467E-33, 1.000000000000000000, 2.775557561563032360E-16 ) ) ;
#6068 = VECTOR ( 'NONE', #5385, 1000.000000000000000 ) ;
#6069 = CYLINDRICAL_SURFACE ( 'NONE', #6021, 200.0000000000000000 ) ;
#6070 = LINE ( 'NONE', #7410, #5154 ) ;
#6071 = VECTOR ( 'NONE', #7889, 1000.000000000000000 ) ;
#6072 = FACE_OUTER_BOUND ( 'NONE', #756, .T. ) ;
#6073 = LINE ( 'NONE', #16, #7010 ) ;
#6074 = DIRECTION ( 'NONE',  ( -6.162975822039157467E-33, 1.000000000000000000, 2.775557561563032360E-16 ) ) ;
#6075 = DIRECTION ( 'NONE',  ( 0.000000000000000000, -0.000000000000000000, 1.000000000000000000 ) ) ;
#6076 = AXIS2_PLACEMENT_3D ( 'NONE', #9668, #2057, #5103 ) ;
#6077 = CARTESIAN_POINT ( 'NONE',  ( -11499.99999999997999, -699.9999999999986358, -749.6146185948546190 ) ) ;
#6078 = LINE ( 'NONE', #2283, #9368 ) ;
#6079 = CARTESIAN_POINT ( 'NONE',  ( -11499.99999999997999, 190.0000000000006253, -350.9999999999987494 ) ) ;
#6080 = VECTOR ( 'NONE', #383, 1000.000000000000000 ) ;
#6081 = ORIENTED_EDGE ( 'NONE', *, *, #8167, .F. ) ;
#6082 = DIRECTION ( 'NONE',  ( -1.000000000000000000, 0.000000000000000000, 0.000000000000000000 ) ) ;
#6083 = ORIENTED_EDGE ( 'NONE', *, *, #9017, .F. ) ;
#6084 = CARTESIAN_POINT ( 'NONE',  ( -14300.00000000001819, -899.9999999999986358, -763.9017955139175911 ) ) ;
#6085 = CARTESIAN_POINT ( 'NONE',  ( -6812.500000000000000, -989.9999999999990905, -1135.000000000000227 ) ) ;
#6086 = CARTESIAN_POINT ( 'NONE',  ( -13250.00000000000000, 899.9999999999986358, -637.0854464784587208 ) ) ;
#6087 = CYLINDRICAL_SURFACE ( 'NONE', #4286, 100.0000000000000853 ) ;
#6088 = DIRECTION ( 'NONE',  ( 1.000000000000000000, 0.000000000000000000, 0.000000000000000000 ) ) ;
#6089 = CARTESIAN_POINT ( 'NONE',  ( -17903.58983848622665, -739.9999999999984084, -4241.944871367028099 ) ) ;
#6090 = DIRECTION ( 'NONE',  ( -0.000000000000000000, 0.000000000000000000, 1.000000000000000000 ) ) ;
#6091 = ORIENTED_EDGE ( 'NONE', *, *, #7147, .F. ) ;
#6092 = CARTESIAN_POINT ( 'NONE',  ( -14119.99999999999818, 1077.499998843224148, -239.9999999999978684 ) ) ;
#6093 = EDGE_CURVE ( 'NONE', #4842, #195, #6638, .T. ) ;
#6094 = LINE ( 'NONE', #9713, #4884 ) ;
#6095 = EDGE_CURVE ( 'NONE', #6550, #8784, #4419, .T. ) ;
#6096 = VERTEX_POINT ( 'NONE', #6092 ) ;
#6097 = VERTEX_POINT ( 'NONE', #4470 ) ;
#6098 = CARTESIAN_POINT ( 'NONE',  ( -346.4101615137744830, 739.9999999999984084, -960.0000000000002274 ) ) ;
#6099 = ORIENTED_EDGE ( 'NONE', *, *, #3158, .T. ) ;
#6100 = LINE ( 'NONE', #4581, #8230 ) ;
#6101 = DIRECTION ( 'NONE',  ( -0.000000000000000000, -0.000000000000000000, -1.000000000000000000 ) ) ;
#6102 = FACE_OUTER_BOUND ( 'NONE', #3136, .T. ) ;
#6104 = AXIS2_PLACEMENT_3D ( 'NONE', #3919, #4652, #6966 ) ;
#6103 = DIRECTION ( 'NONE',  ( 6.162975822039157467E-33, -1.000000000000000000, -2.775557561563032360E-16 ) ) ;
#6105 = CARTESIAN_POINT ( 'NONE',  ( -1949.999999999999773, 899.9999999999998863, -910.0000000000001137 ) ) ;
#6106 = ORIENTED_EDGE ( 'NONE', *, *, #62, .T. ) ;
#6107 = EDGE_LOOP ( 'NONE', ( #2006, #2141, #3551, #2364 ) ) ;
#6108 = DIRECTION ( 'NONE',  ( -1.224646799147353207E-16, 1.000000000000000000, -0.000000000000000000 ) ) ;
#6109 = DIRECTION ( 'NONE',  ( 0.000000000000000000, 0.000000000000000000, -1.000000000000000000 ) ) ;
#6110 = EDGE_CURVE ( 'NONE', #9, #798, #417, .T. ) ;
#6111 = ORIENTED_EDGE ( 'NONE', *, *, #2925, .F. ) ;
#6112 = VERTEX_POINT ( 'NONE', #6144 ) ;
#6113 = ORIENTED_EDGE ( 'NONE', *, *, #4300, .T. ) ;
#6114 = PLANE ( 'NONE',  #1474 ) ;
#6115 =( LENGTH_UNIT ( ) NAMED_UNIT ( * ) SI_UNIT ( .MILLI., .METRE. ) );
#6116 = AXIS2_PLACEMENT_3D ( 'NONE', #9865, #6058, #7609 ) ;
#6117 = CARTESIAN_POINT ( 'NONE',  ( 620.0000000000000000, 875.0000000000000000, -1060.000000000000000 ) ) ;
#6118 = FACE_OUTER_BOUND ( 'NONE', #683, .T. ) ;
#6119 = FACE_OUTER_BOUND ( 'NONE', #348, .T. ) ;
#6120 = EDGE_CURVE ( 'NONE', #4872, #619, #3733, .T. ) ;
#6121 = VECTOR ( 'NONE', #9502, 1000.000000000000000 ) ;
#6122 = EDGE_CURVE ( 'NONE', #7385, #3149, #8244, .T. ) ;
#6123 = EDGE_LOOP ( 'NONE', ( #912, #3575, #3281, #337, #3413, #2482, #3902, #5301, #7397, #9762, #5143, #5062, #6440, #7965, #329, #2579, #3129, #5122, #3279, #6805 ) ) ;
#6124 = DIRECTION ( 'NONE',  ( -1.232595164407830672E-32, -2.775557561563032360E-16, 1.000000000000000000 ) ) ;
#6125 = CARTESIAN_POINT ( 'NONE',  ( -1949.999999999999773, 1189.999999999998408, -960.0000000000002274 ) ) ;
#6126 = CARTESIAN_POINT ( 'NONE',  ( -12244.99999999992906, -899.9999999999986358, -860.0000000000231921 ) ) ;
#6127 = CARTESIAN_POINT ( 'NONE',  ( -2599.999999999999545, -989.9999999999990905, -1135.000000000000227 ) ) ;
#6128 = CIRCLE ( 'NONE', #1013, 35.00000000000014211 ) ;
#6129 = FACE_OUTER_BOUND ( 'NONE', #3424, .T. ) ;
#6130 = CARTESIAN_POINT ( 'NONE',  ( -14300.00000000001819, 899.9999999999986358, -637.0854464784587208 ) ) ;
#6131 = DIRECTION ( 'NONE',  ( -1.000000000000000000, 0.000000000000000000, 0.000000000000000000 ) ) ;
#6132 = CARTESIAN_POINT ( 'NONE',  ( -4885.798269505219650, -989.9999999999996589, -960.0000000000002274 ) ) ;
#6133 = DIRECTION ( 'NONE',  ( 6.162975822039157467E-33, -1.000000000000000000, -2.775557561563032360E-16 ) ) ;
#6134 = ORIENTED_EDGE ( 'NONE', *, *, #6407, .F. ) ;
#6135 = LINE ( 'NONE', #5977, #9238 ) ;
#6136 = ORIENTED_EDGE ( 'NONE', *, *, #6821, .T. ) ;
#6137 = DIRECTION ( 'NONE',  ( -0.9632452974707709226, -0.2686233364777642629, 0.000000000000000000 ) ) ;
#6138 = DIRECTION ( 'NONE',  ( 0.000000000000000000, 1.000000000000000000, 0.000000000000000000 ) ) ;
#6139 = CARTESIAN_POINT ( 'NONE',  ( 0.000000000000000000, 0.000000000000000000, -960.0000000000002274 ) ) ;
#6140 = DIRECTION ( 'NONE',  ( 0.000000000000000000, 0.000000000000000000, 1.000000000000000000 ) ) ;
#6141 = CARTESIAN_POINT ( 'NONE',  ( -5299.999999999999091, -618.9114148497021688, -960.0000000000000000 ) ) ;
#6142 = CARTESIAN_POINT ( 'NONE',  ( -11661.34256363902387, 1077.499998843224375, -757.0854464784597440 ) ) ;
#6143 = DIRECTION ( 'NONE',  ( -1.232595164407830672E-32, -2.775557561563032360E-16, 1.000000000000000000 ) ) ;
#6144 = CARTESIAN_POINT ( 'NONE',  ( -5576.316527040902656, -1089.999999999998181, -760.0000000000010232 ) ) ;
#6145 = EDGE_LOOP ( 'NONE', ( #7806, #2272, #3556, #248 ) ) ;
#6146 = DIRECTION ( 'NONE',  ( 1.000000000000000000, 0.000000000000000000, 0.000000000000000000 ) ) ;
#6147 = EDGE_LOOP ( 'NONE', ( #4602, #9470, #4840, #3345, #1062, #9241, #6892, #1364, #2342, #2266, #9863, #9022, #6037, #5397, #6508, #1748 ) ) ;
#6148 = ORIENTED_EDGE ( 'NONE', *, *, #9372, .T. ) ;
#6149 = LINE ( 'NONE', #853, #8939 ) ;
#6150 = ORIENTED_EDGE ( 'NONE', *, *, #6157, .T. ) ;
#6151 = CARTESIAN_POINT ( 'NONE',  ( -12100.00000000000182, -814.9999999999976126, 1.776356839400250465E-12 ) ) ;
#6152 = DIRECTION ( 'NONE',  ( 0.9632452974707709226, 0.2686233364777638744, 0.000000000000000000 ) ) ;
#6153 = FACE_OUTER_BOUND ( 'NONE', #2107, .T. ) ;
#6154 = DIRECTION ( 'NONE',  ( 1.000000000000000000, 0.000000000000000000, 0.000000000000000000 ) ) ;
#6155 = DIRECTION ( 'NONE',  ( -1.000000000000000000, 0.000000000000000000, 0.000000000000000000 ) ) ;
#6156 = EDGE_CURVE ( 'NONE', #9157, #191, #2142, .T. ) ;
#6157 = EDGE_CURVE ( 'NONE', #8106, #5262, #8112, .T. ) ;
#6158 = ORIENTED_EDGE ( 'NONE', *, *, #9385, .T. ) ;
#6159 = ORIENTED_EDGE ( 'NONE', *, *, #4195, .T. ) ;
#6160 = DIRECTION ( 'NONE',  ( -1.000000000000000000, 0.000000000000000000, 0.000000000000000000 ) ) ;
#6161 = ORIENTED_EDGE ( 'NONE', *, *, #6251, .T. ) ;
#6162 = ORIENTED_EDGE ( 'NONE', *, *, #866, .F. ) ;
#6163 = ORIENTED_EDGE ( 'NONE', *, *, #7687, .F. ) ;
#6164 = EDGE_CURVE ( 'NONE', #2689, #4446, #2891, .T. ) ;
#6165 = LINE ( 'NONE', #3918, #6393 ) ;
#6166 = CYLINDRICAL_SURFACE ( 'NONE', #5891, 250.0000000000000000 ) ;
#6167 = LINE ( 'NONE', #2157, #6883 ) ;
#6168 = ORIENTED_EDGE ( 'NONE', *, *, #2394, .F. ) ;
#6169 = EDGE_LOOP ( 'NONE', ( #4567, #1648, #701, #4183 ) ) ;
#6170 = ORIENTED_EDGE ( 'NONE', *, *, #7555, .F. ) ;
#6171 = CARTESIAN_POINT ( 'NONE',  ( -7612.500000000000000, -740.0000000000002274, -4241.944871367028099 ) ) ;
#6172 = LINE ( 'NONE', #258, #1724 ) ;
#6173 = DIRECTION ( 'NONE',  ( 1.000000000000000000, -0.000000000000000000, 0.000000000000000000 ) ) ;
#6174 = AXIS2_PLACEMENT_3D ( 'NONE', #5378, #3221, #978 ) ;
#6175 = EDGE_CURVE ( 'NONE', #3543, #9443, #8229, .T. ) ;
#6176 = FACE_OUTER_BOUND ( 'NONE', #3634, .T. ) ;
#6177 = PLANE ( 'NONE',  #6365 ) ;
#6178 = EDGE_CURVE ( 'NONE', #8857, #2809, #1392, .T. ) ;
#6179 = CARTESIAN_POINT ( 'NONE',  ( -16550.00000000000000, 311.4982215127146787, 0.000000000000000000 ) ) ;
#6180 = DIRECTION ( 'NONE',  ( 1.000000000000000000, 0.000000000000000000, 0.000000000000000000 ) ) ;
#6181 = AXIS2_PLACEMENT_3D ( 'NONE', #6695, #5297, #7546 ) ;
#6182 = FACE_OUTER_BOUND ( 'NONE', #4688, .T. ) ;
#6183 = ORIENTED_EDGE ( 'NONE', *, *, #410, .T. ) ;
#6184 = DIRECTION ( 'NONE',  ( 1.000000000000000000, 0.000000000000000000, 0.000000000000000000 ) ) ;
#6185 = ORIENTED_EDGE ( 'NONE', *, *, #4913, .F. ) ;
#6186 = CARTESIAN_POINT ( 'NONE',  ( -14500.00000000002001, 708.3613705689267590, -752.1130625175197792 ) ) ;
#6187 = DIRECTION ( 'NONE',  ( 1.000000000000000000, 0.000000000000000000, -0.000000000000000000 ) ) ;
#6188 = EDGE_CURVE ( 'NONE', #8055, #1764, #7482, .T. ) ;
#6189 = DIRECTION ( 'NONE',  ( -0.9632452974707710336, -0.2686233364777637633, 0.000000000000000000 ) ) ;
#6190 = CARTESIAN_POINT ( 'NONE',  ( -12750.00000000000000, 1077.499998843224375, -589.9999999999964757 ) ) ;
#6191 = AXIS2_PLACEMENT_3D ( 'NONE', #4794, #1665, #7871 ) ;
#6192 = CYLINDRICAL_SURFACE ( 'NONE', #1086, 460.0000000000000568 ) ;
#6193 = VECTOR ( 'NONE', #887, 1000.000000000000000 ) ;
#6194 = ORIENTED_EDGE ( 'NONE', *, *, #9606, .T. ) ;
#6195 = VERTEX_POINT ( 'NONE', #4520 ) ;
#6196 = VECTOR ( 'NONE', #8987, 1000.000000000000000 ) ;
#6197 = EDGE_LOOP ( 'NONE', ( #4276, #3732 ) ) ;
#6198 = DIRECTION ( 'NONE',  ( 1.000000000000000000, 1.426102104458186769E-16, 0.000000000000000000 ) ) ;
#6199 = ORIENTED_EDGE ( 'NONE', *, *, #4267, .F. ) ;
#6200 = DIRECTION ( 'NONE',  ( 6.162975822039157467E-33, -1.000000000000000000, -2.775557561563032360E-16 ) ) ;
#6201 = FACE_OUTER_BOUND ( 'NONE', #2619, .T. ) ;
#6202 = CYLINDRICAL_SURFACE ( 'NONE', #729, 277.7941176470602045 ) ;
#6203 = DIRECTION ( 'NONE',  ( 0.000000000000000000, 0.000000000000000000, 1.000000000000000000 ) ) ;
#6204 = VECTOR ( 'NONE', #6528, 1000.000000000000000 ) ;
#6205 = DIRECTION ( 'NONE',  ( 0.000000000000000000, 0.000000000000000000, -1.000000000000000000 ) ) ;
#6206 = ORIENTED_EDGE ( 'NONE', *, *, #3155, .F. ) ;
#6207 = LINE ( 'NONE', #4834, #6983 ) ;
#6208 = CIRCLE ( 'NONE', #6671, 100.0000000000014211 ) ;
#6209 = DIRECTION ( 'NONE',  ( 1.000000000000000000, 0.000000000000000000, 0.000000000000000000 ) ) ;
#6210 = VECTOR ( 'NONE', #2774, 1000.000000000000000 ) ;
#6211 = CIRCLE ( 'NONE', #7464, 460.0000000000001137 ) ;
#6212 = ORIENTED_EDGE ( 'NONE', *, *, #7357, .T. ) ;
#6213 = VERTEX_POINT ( 'NONE', #3630 ) ;
#6214 = ORIENTED_EDGE ( 'NONE', *, *, #1094, .T. ) ;
#6215 = CARTESIAN_POINT ( 'NONE',  ( 0.000000000000000000, 0.000000000000000000, 0.000000000000000000 ) ) ;
#6216 = AXIS2_PLACEMENT_3D ( 'NONE', #7827, #7069, #6916 ) ;
#6217 = VECTOR ( 'NONE', #8135, 1000.000000000000114 ) ;
#6218 = CARTESIAN_POINT ( 'NONE',  ( -13000.00000000000000, 4.163336342343557632E-15, -825.0000000000000000 ) ) ;
#6219 = CIRCLE ( 'NONE', #3176, 5899.999999999998181 ) ;
#6220 = VECTOR ( 'NONE', #6450, 1000.000000000000000 ) ;
#6221 = ORIENTED_EDGE ( 'NONE', *, *, #6641, .F. ) ;
#6222 = VERTEX_POINT ( 'NONE', #8383 ) ;
#6223 = AXIS2_PLACEMENT_3D ( 'NONE', #7133, #2785, #9438 ) ;
#6224 = EDGE_CURVE ( 'NONE', #5596, #4304, #7446, .T. ) ;
#6225 = ADVANCED_FACE ( 'NONE', ( #8441 ), #9032, .F. ) ;
#6226 = EDGE_CURVE ( 'NONE', #862, #444, #8285, .T. ) ;
#6227 = CIRCLE ( 'NONE', #7333, 99.99999999999964473 ) ;
#6228 = DIRECTION ( 'NONE',  ( 1.000000000000000000, 0.000000000000000000, 0.000000000000000000 ) ) ;
#6229 = CIRCLE ( 'NONE', #1906, 172.2649730022416747 ) ;
#6230 = CARTESIAN_POINT ( 'NONE',  ( -1949.999999999999773, 1189.999999999998408, -960.0000000000002274 ) ) ;
#6231 = LINE ( 'NONE', #921, #8535 ) ;
#6232 = VECTOR ( 'NONE', #5486, 1000.000000000000000 ) ;
#6233 = CARTESIAN_POINT ( 'NONE',  ( -14500.00000000002001, 190.0000000000006253, -350.9999999999987494 ) ) ;
#6234 = CARTESIAN_POINT ( 'NONE',  ( -13250.00000000000000, 1077.499998843224375, -589.9999999999964757 ) ) ;
#6235 = VECTOR ( 'NONE', #3430, 999.9999999999998863 ) ;
#6236 = CARTESIAN_POINT ( 'NONE',  ( -14388.56810139493609, 1077.499998843224375, -757.0854464784597440 ) ) ;
#6237 = AXIS2_PLACEMENT_3D ( 'NONE', #4389, #6761, #9820 ) ;
#6238 = EDGE_CURVE ( 'NONE', #3530, #5356, #4571, .T. ) ;
#6239 = EDGE_CURVE ( 'NONE', #5332, #7764, #2981, .T. ) ;
#6240 = CARTESIAN_POINT ( 'NONE',  ( -12166.15723917057585, 190.0000000000006821, -504.9802145985029256 ) ) ;
#6241 = ORIENTED_EDGE ( 'NONE', *, *, #2196, .F. ) ;
#6242 = VECTOR ( 'NONE', #2542, 1000.000000000000114 ) ;
#6243 = CARTESIAN_POINT ( 'NONE',  ( -13614.20173049478399, 954.9999999999984084, -1135.000000000000227 ) ) ;
#6244 = DIRECTION ( 'NONE',  ( 0.000000000000000000, 0.000000000000000000, 1.000000000000000000 ) ) ;
#6245 = CARTESIAN_POINT ( 'NONE',  ( -2.914659381970696526E-13, 1189.999999999998408, -960.0000000000002274 ) ) ;
#6246 = AXIS2_PLACEMENT_3D ( 'NONE', #3130, #2625, #6137 ) ;
#6247 = EDGE_LOOP ( 'NONE', ( #4086, #4385 ) ) ;
#6248 = VECTOR ( 'NONE', #9638, 1000.000000000000000 ) ;
#6249 = VECTOR ( 'NONE', #9450, 1000.000000000000000 ) ;
#6250 = CARTESIAN_POINT ( 'NONE',  ( -12143.40011953353496, 1077.499998843224375, -757.0854464784597440 ) ) ;
#6251 = EDGE_CURVE ( 'NONE', #495, #783, #2367, .T. ) ;
#6252 = VERTEX_POINT ( 'NONE', #7591 ) ;
#6253 = ORIENTED_EDGE ( 'NONE', *, *, #1076, .T. ) ;
#6254 = ORIENTED_EDGE ( 'NONE', *, *, #1317, .F. ) ;
#6255 = DIRECTION ( 'NONE',  ( 1.000000000000000000, 0.000000000000000000, 0.000000000000000000 ) ) ;
#6256 = VERTEX_POINT ( 'NONE', #727 ) ;
#6257 = VECTOR ( 'NONE', #8193, 1000.000000000000000 ) ;
#6258 = DIRECTION ( 'NONE',  ( -1.000000000000000000, 0.000000000000000000, 1.189916929857710326E-16 ) ) ;
#6259 = DIRECTION ( 'NONE',  ( 6.162975822039157467E-33, -1.000000000000000000, -2.775557561563032360E-16 ) ) ;
#6260 = DIRECTION ( 'NONE',  ( -1.000000000000000000, 0.000000000000000000, -0.000000000000000000 ) ) ;
#6261 = CARTESIAN_POINT ( 'NONE',  ( -5576.316527040901747, 1189.999999999998408, -6660.000000000000909 ) ) ;
#6262 = VERTEX_POINT ( 'NONE', #3780 ) ;
#6263 = CARTESIAN_POINT ( 'NONE',  ( 620.0000000000000000, -875.0000000000000000, -910.0000000000001137 ) ) ;
#6264 = FACE_OUTER_BOUND ( 'NONE', #6758, .T. ) ;
#6265 = EDGE_LOOP ( 'NONE', ( #1186, #1017, #8010, #3895 ) ) ;
#6266 = DIRECTION ( 'NONE',  ( -1.000000000000000000, -2.400482215405744004E-16, 0.000000000000000000 ) ) ;
#6267 = ADVANCED_FACE ( 'NONE', ( #6843 ), #3274, .T. ) ;
#6268 = ORIENTED_EDGE ( 'NONE', *, *, #970, .T. ) ;
#6269 = ORIENTED_EDGE ( 'NONE', *, *, #1080, .T. ) ;
#6270 = ORIENTED_EDGE ( 'NONE', *, *, #9159, .T. ) ;
#6271 = APPLICATION_CONTEXT ( 'automotive_design' ) ;
#6272 = ORIENTED_EDGE ( 'NONE', *, *, #1379, .T. ) ;
#6273 = AXIS2_PLACEMENT_3D ( 'NONE', #3818, #5573, #115 ) ;
#6274 = DIRECTION ( 'NONE',  ( 1.000000000000000000, 0.000000000000000000, -0.000000000000000000 ) ) ;
#6275 = CARTESIAN_POINT ( 'NONE',  ( -14569.74851850929372, -1189.999999999998181, -1009.999999999997158 ) ) ;
#6276 = DIRECTION ( 'NONE',  ( -0.000000000000000000, 1.000000000000000000, -0.000000000000000000 ) ) ;
#6277 = CARTESIAN_POINT ( 'NONE',  ( -3866.957084846028465, -1190.000000000002728, -868.8465180732548561 ) ) ;
#6278 = CARTESIAN_POINT ( 'NONE',  ( 0.000000000000000000, 0.000000000000000000, -1135.000000000000227 ) ) ;
#6279 = ADVANCED_FACE ( 'NONE', ( #845 ), #3894, .F. ) ;
#6280 = EDGE_CURVE ( 'NONE', #4580, #7808, #4733, .T. ) ;
#6281 = FACE_OUTER_BOUND ( 'NONE', #2763, .T. ) ;
#6282 = EDGE_CURVE ( 'NONE', #6392, #4991, #4484, .T. ) ;
#6283 = AXIS2_PLACEMENT_3D ( 'NONE', #8403, #6005, #9048 ) ;
#6284 = FACE_OUTER_BOUND ( 'NONE', #3884, .T. ) ;
#6285 = CARTESIAN_POINT ( 'NONE',  ( -14494.37518636517598, 747.0986934586334201, -637.0854464784588345 ) ) ;
#6286 = VERTEX_POINT ( 'NONE', #644 ) ;
#6287 = DIRECTION ( 'NONE',  ( 1.000000000000000000, 6.162975822039151993E-33, 1.232595164407830946E-32 ) ) ;
#6288 = VECTOR ( 'NONE', #6635, 1000.000000000000000 ) ;
#6289 = DIRECTION ( 'NONE',  ( -1.000000000000000000, -6.162975822039154046E-33, -1.232595164407830946E-32 ) ) ;
#6290 = CARTESIAN_POINT ( 'NONE',  ( -1849.999999999999545, -211.4982215127146787, -1135.000000000000227 ) ) ;
#6291 = FACE_OUTER_BOUND ( 'NONE', #8030, .T. ) ;
#6292 = DIRECTION ( 'NONE',  ( 0.1736481776669329680, 2.733390605558932128E-16, -0.9848077530122076872 ) ) ;
#6293 = ADVANCED_FACE ( 'NONE', ( #3052 ), #7605, .F. ) ;
#6294 = ORIENTED_EDGE ( 'NONE', *, *, #6889, .F. ) ;
#6295 = EDGE_LOOP ( 'NONE', ( #2004, #9352, #7259, #8446, #2833, #5193, #443, #7329 ) ) ;
#6296 = AXIS2_PLACEMENT_3D ( 'NONE', #1325, #5968, #4357 ) ;
#6297 = ORIENTED_EDGE ( 'NONE', *, *, #9337, .F. ) ;
#6298 = ORIENTED_EDGE ( 'NONE', *, *, #7097, .F. ) ;
#6299 = ORIENTED_EDGE ( 'NONE', *, *, #2274, .F. ) ;
#6300 = ORIENTED_EDGE ( 'NONE', *, *, #2615, .F. ) ;
#6301 = CARTESIAN_POINT ( 'NONE',  ( -14156.10001622140953, 729.4021522441533989, -769.9999999999959073 ) ) ;
#6302 = LINE ( 'NONE', #3382, #6816 ) ;
#6303 = CARTESIAN_POINT ( 'NONE',  ( -19088.68599666425871, 0.000000000000000000, -1060.000000000000000 ) ) ;
#6304 = LINE ( 'NONE', #9348, #9687 ) ;
#6305 = CARTESIAN_POINT ( 'NONE',  ( -18153.58983848622665, -989.9999999999984084, -960.0000000000002274 ) ) ;
#6306 = DIRECTION ( 'NONE',  ( 0.000000000000000000, 0.000000000000000000, 1.000000000000000000 ) ) ;
#6307 = EDGE_CURVE ( 'NONE', #4487, #3278, #6500, .T. ) ;
#6308 = ORIENTED_EDGE ( 'NONE', *, *, #4338, .T. ) ;
#6309 = EDGE_CURVE ( 'NONE', #3547, #3255, #3692, .T. ) ;
#6310 = EDGE_LOOP ( 'NONE', ( #5845, #2524, #6065, #4407, #7427, #1014 ) ) ;
#6311 = FACE_OUTER_BOUND ( 'NONE', #3707, .T. ) ;
#6312 = ORIENTED_EDGE ( 'NONE', *, *, #62, .F. ) ;
#6313 = ORIENTED_EDGE ( 'NONE', *, *, #9066, .T. ) ;
#6314 = DIRECTION ( 'NONE',  ( -0.000000000000000000, 0.000000000000000000, 1.000000000000000000 ) ) ;
#6315 = DIRECTION ( 'NONE',  ( 0.000000000000000000, 0.000000000000000000, 1.000000000000000000 ) ) ;
#6316 = PRODUCT_DEFINITION ( 'NON CONOSCIUTO', '', #7474, #8274 ) ;
#6317 = VERTEX_POINT ( 'NONE', #744 ) ;
#6318 = VERTEX_POINT ( 'NONE', #2314 ) ;
#6319 = VERTEX_POINT ( 'NONE', #3744 ) ;
#6320 = DIRECTION ( 'NONE',  ( 0.9848077530122075762, -4.819705125750964784E-17, 0.1736481776669329402 ) ) ;
#6321 = CARTESIAN_POINT ( 'NONE',  ( -14299.99999999999818, -1970.627566330085983, -306.2059048389993450 ) ) ;
#6322 = CARTESIAN_POINT ( 'NONE',  ( -12143.40011953353496, -725.0021062409357455, -757.0854464784603124 ) ) ;
#6323 = DIRECTION ( 'NONE',  ( 1.000000000000000000, 6.162975822039154046E-33, 1.232595164407830946E-32 ) ) ;
#6324 = FACE_OUTER_BOUND ( 'NONE', #7981, .T. ) ;
#6325 = ADVANCED_BREP_SHAPE_REPRESENTATION ( '', ( #771, #3797 ), #7159 ) ;
#6326 = DIRECTION ( 'NONE',  ( 1.232595164407830672E-32, 2.249385511977649118E-16, -1.000000000000000000 ) ) ;
#6327 = DIRECTION ( 'NONE',  ( -1.232595164407830672E-32, -2.775557561563032360E-16, 1.000000000000000000 ) ) ;
#6328 = CARTESIAN_POINT ( 'NONE',  ( -14500.00000000002001, -278.9021535255452022, -623.7872381793328032 ) ) ;
#6329 = EDGE_CURVE ( 'NONE', #9545, #5109, #9813, .T. ) ;
#6330 = DIRECTION ( 'NONE',  ( -1.432545838226008399E-17, -1.000000000000000000, 0.000000000000000000 ) ) ;
#6331 = ADVANCED_FACE ( 'NONE', ( #7497 ), #583, .T. ) ;
#6332 = VECTOR ( 'NONE', #5466, 1000.000000000000000 ) ;
#6333 = CARTESIAN_POINT ( 'NONE',  ( -2.998914146599318900E-12, -989.9999999999984084, -960.0000000000020464 ) ) ;
#6334 = LINE ( 'NONE', #5584, #6604 ) ;
#6335 = LINE ( 'NONE', #8497, #3666 ) ;
#6336 = DIRECTION ( 'NONE',  ( -6.162975822039157467E-33, 1.000000000000000000, 2.775557561563032360E-16 ) ) ;
#6337 = DIRECTION ( 'NONE',  ( 0.000000000000000000, 0.000000000000000000, 1.000000000000000000 ) ) ;
#6338 = VERTEX_POINT ( 'NONE', #2946 ) ;
#6339 = VECTOR ( 'NONE', #585, 1000.000000000000000 ) ;
#6340 = DIRECTION ( 'NONE',  ( 0.000000000000000000, 0.000000000000000000, -1.000000000000000000 ) ) ;
#6341 = CARTESIAN_POINT ( 'NONE',  ( -16550.00000000000000, -899.9999999999998863, -910.0000000000001137 ) ) ;
#6342 = ORIENTED_EDGE ( 'NONE', *, *, #1998, .F. ) ;
#6343 = ADVANCED_FACE ( 'NONE', ( #9146 ), #2898, .F. ) ;
#6344 = ORIENTED_EDGE ( 'NONE', *, *, #866, .T. ) ;
#6345 = ORIENTED_EDGE ( 'NONE', *, *, #3782, .F. ) ;
#6346 = EDGE_CURVE ( 'NONE', #968, #6688, #4255, .T. ) ;
#6347 = EDGE_LOOP ( 'NONE', ( #8354, #5022, #3770, #4418 ) ) ;
#6348 = FACE_OUTER_BOUND ( 'NONE', #8327, .T. ) ;
#6349 = ORIENTED_EDGE ( 'NONE', *, *, #4910, .F. ) ;
#6350 = EDGE_CURVE ( 'NONE', #2956, #5676, #5352, .T. ) ;
#6351 = PLANE ( 'NONE',  #8894 ) ;
#6352 = LINE ( 'NONE', #3954, #2471 ) ;
#6353 = VECTOR ( 'NONE', #2296, 1000.000000000000000 ) ;
#6354 = DIRECTION ( 'NONE',  ( -1.000000000000000000, -0.000000000000000000, -0.000000000000000000 ) ) ;
#6355 = VECTOR ( 'NONE', #6634, 1000.000000000000000 ) ;
#6356 = DIRECTION ( 'NONE',  ( -4.907327249939348575E-33, 0.9950481186486286322, -0.09939437395458880498 ) ) ;
#6357 = ORIENTED_EDGE ( 'NONE', *, *, #5354, .T. ) ;
#6358 = EDGE_LOOP ( 'NONE', ( #8196, #1383, #8710, #2429 ) ) ;
#6359 = CIRCLE ( 'NONE', #5867, 250.0000000000000000 ) ;
#6360 = ADVANCED_FACE ( 'NONE', ( #5950 ), #8999, .T. ) ;
#6361 = EDGE_CURVE ( 'NONE', #3725, #3291, #8395, .T. ) ;
#6362 = DIRECTION ( 'NONE',  ( 1.232595164407830672E-32, 2.775557561563032360E-16, -1.000000000000000000 ) ) ;
#6363 =( LENGTH_UNIT ( ) NAMED_UNIT ( * ) SI_UNIT ( .MILLI., .METRE. ) );
#6364 = PRESENTATION_LAYER_ASSIGNMENT (  '', '', ( #1888 ) ) ;
#6365 = AXIS2_PLACEMENT_3D ( 'NONE', #711, #8421, #5270 ) ;
#6366 = EDGE_LOOP ( 'NONE', ( #4324, #3277, #4065, #8776 ) ) ;
#6367 = ORIENTED_EDGE ( 'NONE', *, *, #9897, .T. ) ;
#6368 = VECTOR ( 'NONE', #390, 1000.000000000000000 ) ;
#6369 = EDGE_CURVE ( 'NONE', #567, #7282, #9197, .T. ) ;
#6370 = ORIENTED_EDGE ( 'NONE', *, *, #2966, .F. ) ;
#6371 = ORIENTED_EDGE ( 'NONE', *, *, #1780, .F. ) ;
#6372 = ORIENTED_EDGE ( 'NONE', *, *, #105, .F. ) ;
#6373 = CARTESIAN_POINT ( 'NONE',  ( -11611.43189860506391, -877.4999988432243754, -757.0854464784603124 ) ) ;
#6374 = CARTESIAN_POINT ( 'NONE',  ( -13755.00000000007094, -899.9999999999986358, -860.0000000000231921 ) ) ;
#6375 = AXIS2_PLACEMENT_3D ( 'NONE', #6395, #9441, #2600 ) ;
#6376 = VECTOR ( 'NONE', #6447, 1000.000000000000000 ) ;
#6377 = VERTEX_POINT ( 'NONE', #9860 ) ;
#6378 = DIRECTION ( 'NONE',  ( -6.162975822039157467E-33, 1.000000000000000000, 2.775557561563032360E-16 ) ) ;
#6379 = CARTESIAN_POINT ( 'NONE',  ( -1949.999999999999773, -200.0000000000000000, -825.0000000000001137 ) ) ;
#6380 = DIRECTION ( 'NONE',  ( -0.000000000000000000, 0.000000000000000000, 1.000000000000000000 ) ) ;
#6381 = DIRECTION ( 'NONE',  ( -1.000000000000000000, 0.000000000000000000, 0.000000000000000000 ) ) ;
#6382 = AXIS2_PLACEMENT_3D ( 'NONE', #934, #9338, #2497 ) ;
#6383 = AXIS2_PLACEMENT_3D ( 'NONE', #3065, #6067, #6013 ) ;
#6384 = DIRECTION ( 'NONE',  ( -1.000000000000000000, -2.220446049250313081E-16, -1.154631945610162802E-14 ) ) ;
#6385 = VECTOR ( 'NONE', #9170, 1000.000000000000000 ) ;
#6386 = DIRECTION ( 'NONE',  ( -6.162975822039589899E-33, 1.000000000000000000, 3.530762810662500311E-14 ) ) ;
#6387 = DIRECTION ( 'NONE',  ( 1.000000000000000000, 0.000000000000000000, -0.000000000000000000 ) ) ;
#6388 = VECTOR ( 'NONE', #6613, 1000.000000000000000 ) ;
#6389 = CARTESIAN_POINT ( 'NONE',  ( -13856.59988046646504, -1077.499998843224375, -757.0854464784604261 ) ) ;
#6390 = FACE_OUTER_BOUND ( 'NONE', #1552, .T. ) ;
#6391 = AXIS2_PLACEMENT_3D ( 'NONE', #5239, #4528, #3047 ) ;
#6392 = VERTEX_POINT ( 'NONE', #2993 ) ;
#6393 = VECTOR ( 'NONE', #8525, 1000.000000000000000 ) ;
#6394 = FACE_OUTER_BOUND ( 'NONE', #4643, .T. ) ;
#6395 = CARTESIAN_POINT ( 'NONE',  ( -13856.59988046646504, 725.0021062409357455, -757.0854464784598576 ) ) ;
#6396 = VECTOR ( 'NONE', #6636, 1000.000000000000000 ) ;
#6397 = ORIENTED_EDGE ( 'NONE', *, *, #9606, .F. ) ;
#6398 = VERTEX_POINT ( 'NONE', #6051 ) ;
#6399 = ORIENTED_EDGE ( 'NONE', *, *, #421, .T. ) ;
#6400 = DIRECTION ( 'NONE',  ( 0.000000000000000000, -1.000000000000000000, 0.000000000000000000 ) ) ;
#6401 = PLANE ( 'NONE',  #5571 ) ;
#6402 = CARTESIAN_POINT ( 'NONE',  ( -13250.00000000000000, -1077.499998843224375, -769.9999999999964757 ) ) ;
#6403 = CIRCLE ( 'NONE', #3840, 250.0000000000000000 ) ;
#6404 = DIRECTION ( 'NONE',  ( 0.000000000000000000, -0.000000000000000000, -1.000000000000000000 ) ) ;
#6405 = DIRECTION ( 'NONE',  ( -1.000000000000000000, 0.000000000000000000, 0.000000000000000000 ) ) ;
#6406 = CIRCLE ( 'NONE', #7688, 250.0000000000000000 ) ;
#6407 = EDGE_CURVE ( 'NONE', #4105, #9817, #7792, .T. ) ;
#6408 = ORIENTED_EDGE ( 'NONE', *, *, #2246, .F. ) ;
#6409 = EDGE_CURVE ( 'NONE', #1441, #8982, #8204, .T. ) ;
#6410 = EDGE_CURVE ( 'NONE', #2316, #2624, #2474, .T. ) ;
#6411 = ORIENTED_EDGE ( 'NONE', *, *, #3957, .F. ) ;
#6412 = AXIS2_PLACEMENT_3D ( 'NONE', #6657, #9673, #9574 ) ;
#6413 = ORIENTED_EDGE ( 'NONE', *, *, #4522, .F. ) ;
#6414 = ORIENTED_EDGE ( 'NONE', *, *, #9609, .T. ) ;
#6415 = DIRECTION ( 'NONE',  ( 1.232595164407830672E-32, 2.775557561563032360E-16, -1.000000000000000000 ) ) ;
#6416 = APPLICATION_PROTOCOL_DEFINITION ( 'draft international standard', 'automotive_design', 1998, #9716 ) ;
#6417 = ADVANCED_FACE ( 'NONE', ( #8605 ), #6958, .T. ) ;
#6418 = EDGE_LOOP ( 'NONE', ( #3827, #5557, #5613, #1719 ) ) ;
#6419 = CARTESIAN_POINT ( 'NONE',  ( -19088.68599666425871, 875.0000000000000000, -1210.000000000000000 ) ) ;
#6420 = ORIENTED_EDGE ( 'NONE', *, *, #6016, .T. ) ;
#6421 = VERTEX_POINT ( 'NONE', #6263 ) ;
#6422 = ORIENTED_EDGE ( 'NONE', *, *, #3327, .F. ) ;
#6423 = DIRECTION ( 'NONE',  ( 0.000000000000000000, 0.000000000000000000, -1.000000000000000000 ) ) ;
#6424 = ORIENTED_EDGE ( 'NONE', *, *, #8428, .F. ) ;
#6425 = CARTESIAN_POINT ( 'NONE',  ( -5576.316527040902656, -1189.999999999998408, -760.0000000000010232 ) ) ;
#6426 = LINE ( 'NONE', #447, #1905 ) ;
#6427 = CIRCLE ( 'NONE', #8968, 79.99999999999990052 ) ;
#6428 = CARTESIAN_POINT ( 'NONE',  ( -1849.999999999999545, -311.4982215127146787, -1135.000000000000227 ) ) ;
#6429 = DIRECTION ( 'NONE',  ( -6.162975822039157467E-33, 1.000000000000000000, 2.249385511977649118E-16 ) ) ;
#6430 = EDGE_CURVE ( 'NONE', #8508, #6601, #5407, .T. ) ;
#6431 = ADVANCED_FACE ( 'NONE', ( #8461 ), #9310, .F. ) ;
#6432 = VERTEX_POINT ( 'NONE', #2426 ) ;
#6433 = CARTESIAN_POINT ( 'NONE',  ( -16149.99999999999818, 739.9999999999984084, -1135.000000000000227 ) ) ;
#6434 = VERTEX_POINT ( 'NONE', #8563 ) ;
#6435 = DIRECTION ( 'NONE',  ( 0.000000000000000000, 0.000000000000000000, 1.000000000000000000 ) ) ;
#6436 = CARTESIAN_POINT ( 'NONE',  ( -7862.500000000000000, -740.0000000000002274, -960.0000000000000000 ) ) ;
#6437 = CARTESIAN_POINT ( 'NONE',  ( -1849.999999999999545, -311.4982215127146787, 0.000000000000000000 ) ) ;
#6438 = AXIS2_PLACEMENT_3D ( 'NONE', #2223, #4505, #7574 ) ;
#6439 = PLANE ( 'NONE',  #7380 ) ;
#6440 = ORIENTED_EDGE ( 'NONE', *, *, #8124, .F. ) ;
#6441 = DIRECTION ( 'NONE',  ( 1.000000000000000000, 0.000000000000000000, 0.000000000000000000 ) ) ;
#6442 = VECTOR ( 'NONE', #9349, 1000.000000000000114 ) ;
#6443 = ORIENTED_EDGE ( 'NONE', *, *, #1260, .F. ) ;
#6444 = LINE ( 'NONE', #9597, #8633 ) ;
#6445 = ORIENTED_EDGE ( 'NONE', *, *, #4699, .F. ) ;
#6446 = VERTEX_POINT ( 'NONE', #7771 ) ;
#6447 = DIRECTION ( 'NONE',  ( 1.000000000000000000, 6.162975822039152677E-33, 1.232595164407830946E-32 ) ) ;
#6448 = DIRECTION ( 'NONE',  ( -1.432545838226008399E-17, 1.000000000000000000, -0.000000000000000000 ) ) ;
#6449 = LINE ( 'NONE', #3579, #3190 ) ;
#6450 = DIRECTION ( 'NONE',  ( -0.000000000000000000, 1.000000000000000000, -0.000000000000000000 ) ) ;
#6451 = AXIS2_PLACEMENT_3D ( 'NONE', #1736, #986, #3991 ) ;
#6452 = VERTEX_POINT ( 'NONE', #7821 ) ;
#6453 = DIRECTION ( 'NONE',  ( -6.162975822039157467E-33, 1.000000000000000000, 2.775557561563032360E-16 ) ) ;
#6454 = CARTESIAN_POINT ( 'NONE',  ( -12923.68347295909734, 1189.999999999998408, -6660.000000000000000 ) ) ;
#6455 = ORIENTED_EDGE ( 'NONE', *, *, #2310, .T. ) ;
#6456 = CARTESIAN_POINT ( 'NONE',  ( -7062.500000000000000, 989.9999999999984084, -960.0000000000002274 ) ) ;
#6457 = ORIENTED_EDGE ( 'NONE', *, *, #1506, .F. ) ;
#6458 = ORIENTED_EDGE ( 'NONE', *, *, #1110, .T. ) ;
#6459 = ADVANCED_FACE ( 'NONE', ( #4740 ), #863, .T. ) ;
#6460 = EDGE_CURVE ( 'NONE', #1464, #4438, #4013, .T. ) ;
#6461 = ADVANCED_FACE ( 'NONE', ( #246 ), #7064, .F. ) ;
#6462 = VERTEX_POINT ( 'NONE', #1614 ) ;
#6463 = DIRECTION ( 'NONE',  ( -1.232595164407830672E-32, -2.775557561563032360E-16, 1.000000000000000000 ) ) ;
#6464 = ORIENTED_EDGE ( 'NONE', *, *, #4252, .T. ) ;
#6465 = EDGE_LOOP ( 'NONE', ( #8566, #4473, #8555, #9393 ) ) ;
#6466 = EDGE_LOOP ( 'NONE', ( #874, #3914, #7276, #6740 ) ) ;
#6467 = CARTESIAN_POINT ( 'NONE',  ( -6812.500000000000000, 989.9999999999984084, -960.0000000000002274 ) ) ;
#6468 = VERTEX_POINT ( 'NONE', #1002 ) ;
#6469 = EDGE_CURVE ( 'NONE', #619, #85, #264, .T. ) ;
#6470 = LINE ( 'NONE', #7304, #6839 ) ;
#6471 = CARTESIAN_POINT ( 'NONE',  ( -2825.068018844486232, 0.000000000000000000, 5040.000000000000000 ) ) ;
#6472 = CARTESIAN_POINT ( 'NONE',  ( -2825.068018844486232, 989.9999999999984084, -960.0000000000017053 ) ) ;
#6473 = LINE ( 'NONE', #7924, #5876 ) ;
#6474 = CARTESIAN_POINT ( 'NONE',  ( -346.4101615137745398, 989.9999999999984084, -1135.000000000000227 ) ) ;
#6475 = ORIENTED_EDGE ( 'NONE', *, *, #7687, .T. ) ;
#6476 = CARTESIAN_POINT ( 'NONE',  ( -18500.00000000000000, -1190.000000000002728, -960.0000000000002274 ) ) ;
#6477 = ADVANCED_FACE ( 'NONE', ( #7110, #7720, #6311 ), #3911, .F. ) ;
#6478 = DIRECTION ( 'NONE',  ( 1.000000000000000000, 0.000000000000000000, 0.000000000000000000 ) ) ;
#6479 = EDGE_CURVE ( 'NONE', #8661, #4680, #6207, .T. ) ;
#6480 = CARTESIAN_POINT ( 'NONE',  ( -11700.00000000000182, -899.9999999999986358, -637.0854464784594029 ) ) ;
#6481 = DIRECTION ( 'NONE',  ( 6.162975822039157467E-33, -1.000000000000000000, -2.775557561563032360E-16 ) ) ;
#6482 = FACE_OUTER_BOUND ( 'NONE', #3842, .T. ) ;
#6483 = ORIENTED_EDGE ( 'NONE', *, *, #5135, .T. ) ;
#6484 = CIRCLE ( 'NONE', #1368, 250.0000000000000000 ) ;
#6485 = DIRECTION ( 'NONE',  ( 1.287748011752294209E-32, -0.09939437395458883273, -0.9950481186486287433 ) ) ;
#6486 = ORIENTED_EDGE ( 'NONE', *, *, #6309, .F. ) ;
#6487 = EDGE_CURVE ( 'NONE', #2941, #3743, #6302, .T. ) ;
#6488 = ORIENTED_EDGE ( 'NONE', *, *, #9015, .T. ) ;
#6489 = DIRECTION ( 'NONE',  ( -1.232595164407830672E-32, -2.775557561563032360E-16, 1.000000000000000000 ) ) ;
#6490 = CARTESIAN_POINT ( 'NONE',  ( -5699.999999999999091, 739.9999999999984084, -4241.944871367028099 ) ) ;
#6491 = CARTESIAN_POINT ( 'NONE',  ( -18153.58983848622665, 739.9999999999984084, -960.0000000000002274 ) ) ;
#6492 = DIRECTION ( 'NONE',  ( -0.000000000000000000, -0.9901138386947148096, -0.1402661271484180183 ) ) ;
#6493 = CARTESIAN_POINT ( 'NONE',  ( -5699.999999999999091, 739.9999999999984084, -1135.000000000000227 ) ) ;
#6494 = CIRCLE ( 'NONE', #5046, 6000.000000000000000 ) ;
#6495 = CARTESIAN_POINT ( 'NONE',  ( -12750.00000000000000, 1077.499998843224375, -637.0854464784587208 ) ) ;
#6496 = EDGE_CURVE ( 'NONE', #9340, #5109, #8087, .T. ) ;
#6497 = ORIENTED_EDGE ( 'NONE', *, *, #7131, .F. ) ;
#6498 = LINE ( 'NONE', #3433, #8951 ) ;
#6499 = ORIENTED_EDGE ( 'NONE', *, *, #8195, .F. ) ;
#6500 = CIRCLE ( 'NONE', #3451, 149.9999999999999147 ) ;
#6501 = CIRCLE ( 'NONE', #4742, 5899.999999999998181 ) ;
#6502 = VERTEX_POINT ( 'NONE', #3479 ) ;
#6503 = CARTESIAN_POINT ( 'NONE',  ( -7062.500000000000000, -740.0000000000002274, -4241.944871367028099 ) ) ;
#6504 = VECTOR ( 'NONE', #1029, 1000.000000000000000 ) ;
#6505 = ADVANCED_FACE ( 'NONE', ( #9546 ), #1190, .F. ) ;
#6506 = EDGE_LOOP ( 'NONE', ( #4588, #8998, #2777, #7070 ) ) ;
#6507 = VERTEX_POINT ( 'NONE', #1296 ) ;
#6508 = ORIENTED_EDGE ( 'NONE', *, *, #6582, .T. ) ;
#6509 = CARTESIAN_POINT ( 'NONE',  ( 0.000000000000000000, 875.0000000000000000, -910.0000000000001137 ) ) ;
#6510 = LINE ( 'NONE', #8109, #3471 ) ;
#6511 = DIRECTION ( 'NONE',  ( 0.000000000000000000, 1.000000000000000000, 0.000000000000000000 ) ) ;
#6512 = AXIS2_PLACEMENT_3D ( 'NONE', #5667, #3406, #9522 ) ;
#6513 = CARTESIAN_POINT ( 'NONE',  ( -346.4101615137744261, -311.4982215127146787, -960.0000000000002274 ) ) ;
#6514 = DIRECTION ( 'NONE',  ( 1.000000000000000000, 3.172065784643291554E-15, 0.000000000000000000 ) ) ;
#6515 = LINE ( 'NONE', #503, #5767 ) ;
#6516 = LINE ( 'NONE', #6474, #5090 ) ;
#6517 = EDGE_CURVE ( 'NONE', #9081, #2027, #2698, .T. ) ;
#6518 = EDGE_CURVE ( 'NONE', #4804, #6252, #1382, .T. ) ;
#6519 = ORIENTED_EDGE ( 'NONE', *, *, #2179, .T. ) ;
#6520 = EDGE_CURVE ( 'NONE', #9665, #4474, #3457, .T. ) ;
#6521 = CARTESIAN_POINT ( 'NONE',  ( -3930.251481490694459, 1189.999999999998408, -1059.999999999999091 ) ) ;
#6522 = CARTESIAN_POINT ( 'NONE',  ( -2349.999999999999545, -800.0000000000000000, -910.0000000000001137 ) ) ;
#6523 = VECTOR ( 'NONE', #5673, 1000.000000000000000 ) ;
#6524 = CIRCLE ( 'NONE', #6045, 100.0000000000000853 ) ;
#6525 = ORIENTED_EDGE ( 'NONE', *, *, #4370, .T. ) ;
#6526 = CARTESIAN_POINT ( 'NONE',  ( -1949.999999999999773, -989.9999999999984084, -960.0000000000002274 ) ) ;
#6527 = ORIENTED_EDGE ( 'NONE', *, *, #9530, .F. ) ;
#6528 = DIRECTION ( 'NONE',  ( 1.000000000000000000, 3.977017136376343403E-17, 0.000000000000000000 ) ) ;
#6529 = CARTESIAN_POINT ( 'NONE',  ( -14588.56810139493791, -278.9021535255452022, -623.7872381793328032 ) ) ;
#6530 = PLANE ( 'NONE',  #9277 ) ;
#6531 = PLANE ( 'NONE',  #3951 ) ;
#6532 = CARTESIAN_POINT ( 'NONE',  ( -14119.99999999999818, 814.9999999999972715, -239.9999999999979821 ) ) ;
#6533 = DIRECTION ( 'NONE',  ( -0.000000000000000000, 0.000000000000000000, 1.000000000000000000 ) ) ;
#6534 = VECTOR ( 'NONE', #7566, 1000.000000000000000 ) ;
#6535 = EDGE_CURVE ( 'NONE', #8760, #8055, #8251, .T. ) ;
#6536 = AXIS2_PLACEMENT_3D ( 'NONE', #882, #5437, #9112 ) ;
#6537 = DIRECTION ( 'NONE',  ( -0.9632452974707710336, -0.2686233364777637633, 0.000000000000000000 ) ) ;
#6538 = EDGE_LOOP ( 'NONE', ( #4632, #4094, #9598, #1218, #7405, #7140 ) ) ;
#6539 = VERTEX_POINT ( 'NONE', #3574 ) ;
#6540 = CARTESIAN_POINT ( 'NONE',  ( -13499.99999999999818, 1970.627566330085756, -637.0854464784586071 ) ) ;
#6541 = ORIENTED_EDGE ( 'NONE', *, *, #788, .T. ) ;
#6542 = VECTOR ( 'NONE', #3908, 999.9999999999998863 ) ;
#6543 = LINE ( 'NONE', #1946, #5885 ) ;
#6544 = CARTESIAN_POINT ( 'NONE',  ( -2449.999999999999545, 343.2012612066359907, 0.000000000000000000 ) ) ;
#6545 = CIRCLE ( 'NONE', #614, 460.0000000000000000 ) ;
#6546 = CARTESIAN_POINT ( 'NONE',  ( -8975.000000000000000, 989.9999999999984084, -1135.000000000000227 ) ) ;
#6547 = DIRECTION ( 'NONE',  ( 0.000000000000000000, -2.413528314402514090E-16, 1.000000000000000000 ) ) ;
#6548 = CIRCLE ( 'NONE', #3346, 100.0000000000000284 ) ;
#6549 = DIRECTION ( 'NONE',  ( -0.000000000000000000, -1.000000000000000000, -0.000000000000000000 ) ) ;
#6550 = VERTEX_POINT ( 'NONE', #1236 ) ;
#6551 = VECTOR ( 'NONE', #3939, 1000.000000000000000 ) ;
#6552 = EDGE_CURVE ( 'NONE', #6601, #966, #4411, .T. ) ;
#6553 = EDGE_CURVE ( 'NONE', #3900, #8952, #6501, .T. ) ;
#6554 = ORIENTED_EDGE ( 'NONE', *, *, #7685, .T. ) ;
#6555 = ORIENTED_EDGE ( 'NONE', *, *, #351, .T. ) ;
#6556 = VECTOR ( 'NONE', #5980, 1000.000000000000000 ) ;
#6557 = CARTESIAN_POINT ( 'NONE',  ( -19088.68599666425871, -875.0000000000000000, -980.0000000000001137 ) ) ;
#6558 = VECTOR ( 'NONE', #2876, 1000.000000000000000 ) ;
#6559 = LINE ( 'NONE', #7161, #6673 ) ;
#6560 = CARTESIAN_POINT ( 'NONE',  ( -12100.00000000000182, -679.9999999999978400, 1.720845688168992638E-12 ) ) ;
#6561 = CARTESIAN_POINT ( 'NONE',  ( -16550.00000000000000, -989.9999999999984084, -1135.000000000000227 ) ) ;
#6562 = AXIS2_PLACEMENT_3D ( 'NONE', #5826, #9640, #5116 ) ;
#6563 = ORIENTED_EDGE ( 'NONE', *, *, #5864, .T. ) ;
#6564 = VERTEX_POINT ( 'NONE', #7419 ) ;
#6565 = VERTEX_POINT ( 'NONE', #2793 ) ;
#6566 = CARTESIAN_POINT ( 'NONE',  ( -12143.40011953353496, -1077.499998843224375, -637.0854464784594029 ) ) ;
#6567 = VECTOR ( 'NONE', #528, 1000.000000000000000 ) ;
#6568 = PLANE ( 'NONE',  #8752 ) ;
#6569 = PLANE ( 'NONE',  #2715 ) ;
#6570 = DIRECTION ( 'NONE',  ( 1.000000000000000000, 0.000000000000000000, 0.000000000000000000 ) ) ;
#6571 = CARTESIAN_POINT ( 'NONE',  ( -13899.99999999999818, 679.9999999999977263, -459.9999999999979536 ) ) ;
#6572 = FACE_OUTER_BOUND ( 'NONE', #4887, .T. ) ;
#6573 = DIRECTION ( 'NONE',  ( 1.426102104458186769E-16, 1.000000000000000000, 0.000000000000000000 ) ) ;
#6574 = ORIENTED_EDGE ( 'NONE', *, *, #455, .F. ) ;
#6575 = ORIENTED_EDGE ( 'NONE', *, *, #5623, .F. ) ;
#6576 = CARTESIAN_POINT ( 'NONE',  ( -12500.00000000000182, -1970.627566330085756, -637.0854464784596303 ) ) ;
#6577 = VERTEX_POINT ( 'NONE', #8838 ) ;
#6578 = DIRECTION ( 'NONE',  ( 0.000000000000000000, -2.413528314402513597E-16, 1.000000000000000000 ) ) ;
#6579 = CARTESIAN_POINT ( 'NONE',  ( -14119.99999999999818, -1970.627566330085756, -517.7941176470596929 ) ) ;
#6580 = EDGE_CURVE ( 'NONE', #1626, #3090, #560, .T. ) ;
#6581 = CARTESIAN_POINT ( 'NONE',  ( -2599.999999999999545, 989.9999999999984084, -960.0000000000002274 ) ) ;
#6582 = EDGE_CURVE ( 'NONE', #419, #3605, #9599, .T. ) ;
#6583 = CARTESIAN_POINT ( 'NONE',  ( -13833.84276082943325, 1054.999999999996589, -504.9802145985159427 ) ) ;
#6584 = FACE_OUTER_BOUND ( 'NONE', #2189, .T. ) ;
#6585 = LINE ( 'NONE', #5634, #3016 ) ;
#6586 = CARTESIAN_POINT ( 'NONE',  ( -1699.999999999999773, 739.9999999999984084, -1135.000000000000227 ) ) ;
#6587 = CARTESIAN_POINT ( 'NONE',  ( -16800.00000000000000, -739.9999999999984084, 0.000000000000000000 ) ) ;
#6588 = ORIENTED_EDGE ( 'NONE', *, *, #1291, .T. ) ;
#6589 = VERTEX_POINT ( 'NONE', #7470 ) ;
#6590 = CARTESIAN_POINT ( 'NONE',  ( -5576.316527040901747, 1189.999999999998408, -6660.000000000000909 ) ) ;
#6591 = EDGE_LOOP ( 'NONE', ( #9297, #9862, #5556, #4002, #392 ) ) ;
#6592 = DIRECTION ( 'NONE',  ( 0.000000000000000000, 1.000000000000000000, 0.000000000000000000 ) ) ;
#6593 = DIRECTION ( 'NONE',  ( -6.162975822039157467E-33, 1.000000000000000000, 3.301729611148415602E-16 ) ) ;
#6594 = VECTOR ( 'NONE', #4239, 1000.000000000000000 ) ;
#6595 = DIRECTION ( 'NONE',  ( -0.000000000000000000, 0.000000000000000000, 1.000000000000000000 ) ) ;
#6596 = ADVANCED_FACE ( 'NONE', ( #1989 ), #5834, .F. ) ;
#6597 = ORIENTED_EDGE ( 'NONE', *, *, #3372, .T. ) ;
#6598 = LINE ( 'NONE', #8008, #4795 ) ;
#6599 = VECTOR ( 'NONE', #3335, 1000.000000000000000 ) ;
#6600 = EDGE_LOOP ( 'NONE', ( #2301, #2837, #3910, #3676 ) ) ;
#6601 = VERTEX_POINT ( 'NONE', #5932 ) ;
#6602 = CARTESIAN_POINT ( 'NONE',  ( -12100.00000000000182, 679.9999999999976126, 2.053912595556539600E-12 ) ) ;
#6603 = ADVANCED_FACE ( 'NONE', ( #6632 ), #2832, .F. ) ;
#6604 = VECTOR ( 'NONE', #8639, 999.9999999999998863 ) ;
#6605 = ADVANCED_FACE ( 'NONE', ( #1495 ), #8295, .F. ) ;
#6606 = ORIENTED_EDGE ( 'NONE', *, *, #3408, .T. ) ;
#6607 = ORIENTED_EDGE ( 'NONE', *, *, #3545, .F. ) ;
#6608 = VERTEX_POINT ( 'NONE', #1654 ) ;
#6609 = VERTEX_POINT ( 'NONE', #3789 ) ;
#6610 = CARTESIAN_POINT ( 'NONE',  ( -18500.00000000000000, -1190.000000000002728, -1160.000000000000227 ) ) ;
#6611 = DIRECTION ( 'NONE',  ( -0.000000000000000000, 0.000000000000000000, -1.000000000000000000 ) ) ;
#6612 = EDGE_CURVE ( 'NONE', #4344, #1359, #855, .T. ) ;
#6613 = DIRECTION ( 'NONE',  ( -1.000000000000000000, 0.000000000000000000, -0.000000000000000000 ) ) ;
#6614 = CARTESIAN_POINT ( 'NONE',  ( -7.853451737060908274E-14, 1189.999999999998408, -660.0000000000017053 ) ) ;
#6615 = CARTESIAN_POINT ( 'NONE',  ( -14569.74851850929372, -1089.999999999998181, -1009.999999999997158 ) ) ;
#6616 = CARTESIAN_POINT ( 'NONE',  ( -1699.999999999999773, -989.9999999999984084, -960.0000000000002274 ) ) ;
#6617 = VERTEX_POINT ( 'NONE', #89 ) ;
#6618 = ADVANCED_FACE ( 'NONE', ( #2191 ), #1605, .T. ) ;
#6619 = FACE_OUTER_BOUND ( 'NONE', #895, .T. ) ;
#6620 = CARTESIAN_POINT ( 'NONE',  ( -16550.00000000000000, 211.4982215127146787, -4241.944871367028099 ) ) ;
#6621 = CARTESIAN_POINT ( 'NONE',  ( -12750.00000000000000, 899.9999999999986358, -637.0854464784587208 ) ) ;
#6622 = DIRECTION ( 'NONE',  ( 1.000000000000000000, 0.000000000000000000, 0.000000000000000000 ) ) ;
#6623 = DIRECTION ( 'NONE',  ( 7.357587744054750412E-33, -0.9950481186486286322, -0.09939437395458936009 ) ) ;
#6624 = DIRECTION ( 'NONE',  ( 0.000000000000000000, 0.000000000000000000, -1.000000000000000000 ) ) ;
#6625 = CARTESIAN_POINT ( 'NONE',  ( -16550.00000000000000, 800.0000000000000000, -910.0000000000001137 ) ) ;
#6626 = EDGE_CURVE ( 'NONE', #3831, #3857, #7598, .T. ) ;
#6627 = EDGE_CURVE ( 'NONE', #5644, #2855, #6484, .T. ) ;
#6628 = DIRECTION ( 'NONE',  ( 0.000000000000000000, -1.000000000000000000, 0.000000000000000000 ) ) ;
#6629 = ORIENTED_EDGE ( 'NONE', *, *, #9645, .F. ) ;
#6630 = ORIENTED_EDGE ( 'NONE', *, *, #2964, .F. ) ;
#6631 = DIRECTION ( 'NONE',  ( 1.232595164407830672E-32, 2.775557561563032360E-16, -1.000000000000000000 ) ) ;
#6632 = FACE_OUTER_BOUND ( 'NONE', #7651, .T. ) ;
#6633 = ORIENTED_EDGE ( 'NONE', *, *, #7230, .F. ) ;
#6634 = DIRECTION ( 'NONE',  ( -0.000000000000000000, -0.000000000000000000, -1.000000000000000000 ) ) ;
#6635 = DIRECTION ( 'NONE',  ( -1.000000000000000000, -3.977017136376344019E-17, 0.000000000000000000 ) ) ;
#6636 = DIRECTION ( 'NONE',  ( -0.000000000000000000, -0.000000000000000000, -1.000000000000000000 ) ) ;
#6637 = ORIENTED_EDGE ( 'NONE', *, *, #500, .T. ) ;
#6638 = LINE ( 'NONE', #9506, #2978 ) ;
#6639 = DIRECTION ( 'NONE',  ( 2.400482215405744004E-16, -1.000000000000000000, -0.000000000000000000 ) ) ;
#6640 = ADVANCED_FACE ( 'NONE', ( #3738 ), #8388, .F. ) ;
#6641 = EDGE_CURVE ( 'NONE', #7718, #7361, #1540, .T. ) ;
#6642 = VERTEX_POINT ( 'NONE', #898 ) ;
#6643 = DIRECTION ( 'NONE',  ( -6.162975822039157467E-33, 1.000000000000000000, 2.249385511977649118E-16 ) ) ;
#6644 = CARTESIAN_POINT ( 'NONE',  ( -12100.00000000000182, 679.9999999999979536, -539.9999999999979536 ) ) ;
#6645 = AXIS2_PLACEMENT_3D ( 'NONE', #5237, #3850, #3950 ) ;
#6646 = VERTEX_POINT ( 'NONE', #9853 ) ;
#6647 = AXIS2_PLACEMENT_3D ( 'NONE', #2263, #49, #9198 ) ;
#6648 = EDGE_CURVE ( 'NONE', #5540, #7736, #6100, .T. ) ;
#6649 = EDGE_CURVE ( 'NONE', #7997, #7951, #3437, .T. ) ;
#6650 = ORIENTED_EDGE ( 'NONE', *, *, #6822, .F. ) ;
#6651 = ORIENTED_EDGE ( 'NONE', *, *, #5685, .F. ) ;
#6652 = FILL_AREA_STYLE_COLOUR ( '', #3970 ) ;
#6653 = DIRECTION ( 'NONE',  ( 0.000000000000000000, 0.000000000000000000, -1.000000000000000000 ) ) ;
#6654 = VECTOR ( 'NONE', #9043, 1000.000000000000000 ) ;
#6655 = DIRECTION ( 'NONE',  ( 0.000000000000000000, -0.000000000000000000, 1.000000000000000000 ) ) ;
#6656 = LINE ( 'NONE', #4906, #8267 ) ;
#6657 = CARTESIAN_POINT ( 'NONE',  ( -2350.000000000001364, 211.4982215127146787, -4241.944871367028099 ) ) ;
#6658 = VECTOR ( 'NONE', #840, 1000.000000000000000 ) ;
#6659 = VERTEX_POINT ( 'NONE', #6949 ) ;
#6660 = EDGE_CURVE ( 'NONE', #2856, #9443, #3761, .T. ) ;
#6661 = CARTESIAN_POINT ( 'NONE',  ( -18053.58983848622665, -311.4982215127147924, -1135.000000000000227 ) ) ;
#6662 = EDGE_CURVE ( 'NONE', #6050, #1817, #3093, .T. ) ;
#6663 = VECTOR ( 'NONE', #6549, 1000.000000000000000 ) ;
#6664 = PLANE ( 'NONE',  #2558 ) ;
#6665 = AXIS2_PLACEMENT_3D ( 'NONE', #2162, #6015, #4398 ) ;
#6666 = CARTESIAN_POINT ( 'NONE',  ( -13899.99999999999818, 814.9999999999974989, -909.9999999999982947 ) ) ;
#6667 = CARTESIAN_POINT ( 'NONE',  ( -13614.20173049477307, -955.0000000000015916, -1135.000000000000227 ) ) ;
#6668 = LINE ( 'NONE', #1470, #2085 ) ;
#6669 = DIRECTION ( 'NONE',  ( -0.000000000000000000, 0.000000000000000000, 1.000000000000000000 ) ) ;
#6670 = LINE ( 'NONE', #8874, #9575 ) ;
#6671 = AXIS2_PLACEMENT_3D ( 'NONE', #2268, #4441, #5908 ) ;
#6672 = CIRCLE ( 'NONE', #2384, 460.0000000000000000 ) ;
#6673 = VECTOR ( 'NONE', #305, 1000.000000000000227 ) ;
#6674 = CARTESIAN_POINT ( 'NONE',  ( -17903.58983848622665, -739.9999999999984084, -960.0000000000000000 ) ) ;
#6675 = LINE ( 'NONE', #4362, #6217 ) ;
#6676 = ORIENTED_EDGE ( 'NONE', *, *, #4379, .F. ) ;
#6677 = ORIENTED_EDGE ( 'NONE', *, *, #3561, .T. ) ;
#6678 = DIRECTION ( 'NONE',  ( 0.000000000000000000, 0.000000000000000000, 1.000000000000000000 ) ) ;
#6679 = VERTEX_POINT ( 'NONE', #6151 ) ;
#6680 = CARTESIAN_POINT ( 'NONE',  ( -18500.00000000000000, 875.0000000000000000, -1060.000000000000000 ) ) ;
#6681 = CARTESIAN_POINT ( 'NONE',  ( -2476.862333647775358, -246.8767314595582434, -1135.000000000000227 ) ) ;
#6682 = AXIS2_PLACEMENT_3D ( 'NONE', #8734, #376, #1838 ) ;
#6683 = AXIS2_PLACEMENT_3D ( 'NONE', #9652, #9693, #380 ) ;
#6684 = CARTESIAN_POINT ( 'NONE',  ( -11661.34256363902023, -1077.499998843224375, -757.0854464784600850 ) ) ;
#6685 = AXIS2_PLACEMENT_3D ( 'NONE', #4217, #8820, #4173 ) ;
#6686 = AXIS2_PLACEMENT_3D ( 'NONE', #1624, #8359, #7730 ) ;
#6687 = FACE_OUTER_BOUND ( 'NONE', #8610, .T. ) ;
#6688 = VERTEX_POINT ( 'NONE', #4689 ) ;
#6689 = CARTESIAN_POINT ( 'NONE',  ( -13755.00000000007094, -454.0705533836912196, -860.0000000000230784 ) ) ;
#6690 = VECTOR ( 'NONE', #131, 1000.000000000000000 ) ;
#6691 = ORIENTED_EDGE ( 'NONE', *, *, #9573, .T. ) ;
#6692 = AXIS2_PLACEMENT_3D ( 'NONE', #8572, #65, #1567 ) ;
#6693 = DIRECTION ( 'NONE',  ( -1.053265169784349329E-32, 0.9185881544472646043, 0.3952161465694035702 ) ) ;
#6694 = DIRECTION ( 'NONE',  ( 0.000000000000000000, -0.000000000000000000, -1.000000000000000000 ) ) ;
#6695 = CARTESIAN_POINT ( 'NONE',  ( -12500.00000000000182, 1970.627566330085529, -306.2059048389980944 ) ) ;
#6696 = LINE ( 'NONE', #638, #5948 ) ;
#6697 = CIRCLE ( 'NONE', #3820, 200.0000000000000000 ) ;
#6698 = ADVANCED_FACE ( 'NONE', ( #2357 ), #7544, .F. ) ;
#6699 = EDGE_CURVE ( 'NONE', #4599, #5878, #5463, .T. ) ;
#6700 = EDGE_CURVE ( 'NONE', #9080, #5642, #18, .T. ) ;
#6701 = CIRCLE ( 'NONE', #4938, 79.99999999999995737 ) ;
#6702 = ORIENTED_EDGE ( 'NONE', *, *, #9475, .F. ) ;
#6703 = CARTESIAN_POINT ( 'NONE',  ( -13899.99999999999818, 814.9999999999972715, -459.9999999999978968 ) ) ;
#6704 = AXIS2_PLACEMENT_3D ( 'NONE', #4651, #3969, #7729 ) ;
#6705 = CIRCLE ( 'NONE', #7993, 99.99999999999964473 ) ;
#6706 = VERTEX_POINT ( 'NONE', #2445 ) ;
#6707 = EDGE_LOOP ( 'NONE', ( #8686, #1159, #9631, #4277, #2233 ) ) ;
#6708 = FACE_OUTER_BOUND ( 'NONE', #3357, .T. ) ;
#6709 = ADVANCED_FACE ( 'NONE', ( #830 ), #3125, .F. ) ;
#6710 = AXIS2_PLACEMENT_3D ( 'NONE', #782, #9174, #885 ) ;
#6711 = ADVANCED_FACE ( 'NONE', ( #5527 ), #1784, .T. ) ;
#6712 = CYLINDRICAL_SURFACE ( 'NONE', #6237, 50.00000000000071054 ) ;
#6713 = DIRECTION ( 'NONE',  ( 1.000000000000000000, 0.000000000000000000, 0.000000000000000000 ) ) ;
#6714 = CARTESIAN_POINT ( 'NONE',  ( -11700.00000000000182, -1077.499998843224375, -637.0854464784594029 ) ) ;
#6715 = ORIENTED_EDGE ( 'NONE', *, *, #9685, .F. ) ;
#6716 = VECTOR ( 'NONE', #2021, 1000.000000000000000 ) ;
#6717 = ORIENTED_EDGE ( 'NONE', *, *, #4735, .T. ) ;
#6718 = ORIENTED_EDGE ( 'NONE', *, *, #3819, .T. ) ;
#6719 = VECTOR ( 'NONE', #5036, 1000.000000000000000 ) ;
#6720 = CARTESIAN_POINT ( 'NONE',  ( -18500.00000000000000, 875.0000000000000000, -1060.000000000000000 ) ) ;
#6721 = DIRECTION ( 'NONE',  ( 1.000000000000000000, 0.000000000000000000, 0.000000000000000000 ) ) ;
#6722 = DIRECTION ( 'NONE',  ( 0.000000000000000000, 1.000000000000000000, 0.000000000000000000 ) ) ;
#6723 = EDGE_CURVE ( 'NONE', #6421, #7117, #101, .T. ) ;
#6724 = DIRECTION ( 'NONE',  ( 1.000000000000000000, 6.162975822039151993E-33, 1.232595164407830946E-32 ) ) ;
#6725 = CARTESIAN_POINT ( 'NONE',  ( -9775.000000000000000, 989.9999999999984084, -1135.000000000000227 ) ) ;
#6726 = ADVANCED_FACE ( 'NONE', ( #4031 ), #4765, .F. ) ;
#6727 = CARTESIAN_POINT ( 'NONE',  ( -4885.798269505219650, -989.9999999999994316, -1135.000000000000227 ) ) ;
#6728 = FACE_OUTER_BOUND ( 'NONE', #6418, .T. ) ;
#6729 = LINE ( 'NONE', #3718, #252 ) ;
#6730 = DIRECTION ( 'NONE',  ( -0.1736481776669237531, 0.000000000000000000, -0.9848077530122092416 ) ) ;
#6731 = DIRECTION ( 'NONE',  ( 6.162975822039157467E-33, -1.000000000000000000, -2.775557561563032360E-16 ) ) ;
#6732 = EDGE_LOOP ( 'NONE', ( #3009, #1951, #4977, #4204 ) ) ;
#6733 = DIRECTION ( 'NONE',  ( 1.426102104458186769E-16, 1.000000000000000000, 0.000000000000000000 ) ) ;
#6734 = ORIENTED_EDGE ( 'NONE', *, *, #2197, .F. ) ;
#6735 = DIRECTION ( 'NONE',  ( 1.000000000000000000, 0.000000000000000000, 0.000000000000000000 ) ) ;
#6736 = FACE_OUTER_BOUND ( 'NONE', #5986, .T. ) ;
#6737 = DIRECTION ( 'NONE',  ( 7.898214746966345814E-34, -0.9185881544472648264, 0.3952161465694030151 ) ) ;
#6738 = LINE ( 'NONE', #1591, #5448 ) ;
#6739 = CARTESIAN_POINT ( 'NONE',  ( -13000.00000000000000, 4.163336342343563943E-15, -725.0000000000050022 ) ) ;
#6740 = ORIENTED_EDGE ( 'NONE', *, *, #8682, .F. ) ;
#6741 = DIRECTION ( 'NONE',  ( 0.000000000000000000, 0.000000000000000000, 1.000000000000000000 ) ) ;
#6742 = AXIS2_PLACEMENT_3D ( 'NONE', #3259, #2386, #3928 ) ;
#6743 = ORIENTED_EDGE ( 'NONE', *, *, #2963, .T. ) ;
#6744 = ORIENTED_EDGE ( 'NONE', *, *, #9897, .F. ) ;
#6745 = DIRECTION ( 'NONE',  ( -1.000000000000000000, 0.000000000000000000, -0.000000000000000000 ) ) ;
#6746 = ORIENTED_EDGE ( 'NONE', *, *, #9702, .T. ) ;
#6747 = CARTESIAN_POINT ( 'NONE',  ( -16800.00000000000000, 989.9999999999984084, -1135.000000000000227 ) ) ;
#6748 = CARTESIAN_POINT ( 'NONE',  ( -14299.99999999999818, 814.9999999999972715, -306.2059048389985492 ) ) ;
#6749 = DIRECTION ( 'NONE',  ( -1.232595164407830672E-32, -3.301729611148415602E-16, 1.000000000000000000 ) ) ;
#6750 = VECTOR ( 'NONE', #1405, 1000.000000000000114 ) ;
#6751 = ORIENTED_EDGE ( 'NONE', *, *, #7902, .F. ) ;
#6752 = DIRECTION ( 'NONE',  ( -1.000000000000000000, -2.086984038366278648E-17, 1.669587230693022918E-16 ) ) ;
#6753 = DIRECTION ( 'NONE',  ( 0.000000000000000000, -0.000000000000000000, -1.000000000000000000 ) ) ;
#6754 = ADVANCED_FACE ( 'NONE', ( #9327 ), #1634, .F. ) ;
#6755 = EDGE_CURVE ( 'NONE', #5944, #6943, #4714, .T. ) ;
#6756 = VECTOR ( 'NONE', #4570, 1000.000000000000000 ) ;
#6757 = LINE ( 'NONE', #7554, #8115 ) ;
#6758 = EDGE_LOOP ( 'NONE', ( #9020, #9302, #9516, #4042, #4225, #3351, #3475 ) ) ;
#6759 = ORIENTED_EDGE ( 'NONE', *, *, #5440, .T. ) ;
#6760 = DIRECTION ( 'NONE',  ( 1.000000000000000000, -0.000000000000000000, -0.000000000000000000 ) ) ;
#6761 = DIRECTION ( 'NONE',  ( -1.432545838226008399E-17, 1.000000000000000000, -0.000000000000000000 ) ) ;
#6762 = LINE ( 'NONE', #3705, #7873 ) ;
#6763 = VERTEX_POINT ( 'NONE', #2392 ) ;
#6764 = AXIS2_PLACEMENT_3D ( 'NONE', #9109, #9057, #1417 ) ;
#6765 = VERTEX_POINT ( 'NONE', #3263 ) ;
#6766 = ORIENTED_EDGE ( 'NONE', *, *, #2130, .T. ) ;
#6767 = ADVANCED_FACE ( 'NONE', ( #1579 ), #2336, .F. ) ;
#6768 = CARTESIAN_POINT ( 'NONE',  ( -14619.74851850929372, -9753.686360283016256, -1009.999999999997158 ) ) ;
#6769 =( BOUNDED_CURVE ( )  B_SPLINE_CURVE ( 3, ( #8075, #462, #3518, #9634 ),
 .UNSPECIFIED., .F., .F. ) 
 B_SPLINE_CURVE_WITH_KNOTS ( ( 4, 4 ),
 ( 1.376284916762130717, 1.570796326794896558 ),
 .UNSPECIFIED. ) 
 CURVE ( )  GEOMETRIC_REPRESENTATION_ITEM ( )  RATIONAL_B_SPLINE_CURVE ( ( 1.000000000000000000, 0.9968495936771430976, 0.9968495936771430976, 1.000000000000000000 ) ) 
 REPRESENTATION_ITEM ( '' )  );
#6770 = CARTESIAN_POINT ( 'NONE',  ( -11411.43189860506209, 278.9021535255452022, -623.7872381793326895 ) ) ;
#6771 = DIRECTION ( 'NONE',  ( 1.000000000000000000, 0.000000000000000000, 0.000000000000000000 ) ) ;
#6772 = CARTESIAN_POINT ( 'NONE',  ( -12500.00000000000182, 1077.499998843224375, -637.0854464784587208 ) ) ;
#6773 = LINE ( 'NONE', #9881, #7463 ) ;
#6774 = CARTESIAN_POINT ( 'NONE',  ( -5949.999999999999091, 989.9999999999984084, -960.0000000000012506 ) ) ;
#6775 = DIRECTION ( 'NONE',  ( 1.000000000000000000, 2.400482215405744004E-16, 0.000000000000000000 ) ) ;
#6776 = EDGE_CURVE ( 'NONE', #7499, #3448, #9033, .T. ) ;
#6777 = CARTESIAN_POINT ( 'NONE',  ( -16550.00000000000000, 739.9999999999984084, -960.0000000000002274 ) ) ;
#6778 = EDGE_CURVE ( 'NONE', #567, #7437, #8490, .T. ) ;
#6779 = EDGE_CURVE ( 'NONE', #3223, #5173, #3138, .T. ) ;
#6780 = ORIENTED_EDGE ( 'NONE', *, *, #8345, .F. ) ;
#6781 = CARTESIAN_POINT ( 'NONE',  ( -11501.56891704290865, 725.0021062409357455, -757.0854464784598576 ) ) ;
#6782 = ORIENTED_EDGE ( 'NONE', *, *, #1290, .F. ) ;
#6783 = DIRECTION ( 'NONE',  ( 6.162975822039157467E-33, -1.000000000000000000, -2.775557561563032360E-16 ) ) ;
#6784 = ORIENTED_EDGE ( 'NONE', *, *, #4548, .F. ) ;
#6785 = DIRECTION ( 'NONE',  ( 0.000000000000000000, 0.1402661271484180183, 0.9901138386947149206 ) ) ;
#6786 = CARTESIAN_POINT ( 'NONE',  ( -12750.00000000000000, -176.9719203373659866, -350.9999999999987494 ) ) ;
#6787 = DIRECTION ( 'NONE',  ( -1.000000000000000000, -6.162975822039151993E-33, -1.232595164407830946E-32 ) ) ;
#6788 = DIRECTION ( 'NONE',  ( 1.000000000000000000, -1.110223024625160485E-15, 0.000000000000000000 ) ) ;
#6789 = ORIENTED_EDGE ( 'NONE', *, *, #3267, .F. ) ;
#6790 = CARTESIAN_POINT ( 'NONE',  ( 620.0000000000000000, 875.0000000000000000, -1060.000000000000000 ) ) ;
#6791 = EDGE_CURVE ( 'NONE', #8412, #7645, #3932, .T. ) ;
#6792 = ORIENTED_EDGE ( 'NONE', *, *, #5903, .F. ) ;
#6793 = ORIENTED_EDGE ( 'NONE', *, *, #5189, .T. ) ;
#6794 = VERTEX_POINT ( 'NONE', #6236 ) ;
#6795 = CARTESIAN_POINT ( 'NONE',  ( -13856.59988046646504, 899.9999999999986358, -637.0854464784587208 ) ) ;
#6796 = ORIENTED_EDGE ( 'NONE', *, *, #8896, .T. ) ;
#6797 = DIRECTION ( 'NONE',  ( 1.232595164407830672E-32, 2.775557561563032360E-16, -1.000000000000000000 ) ) ;
#6798 = CARTESIAN_POINT ( 'NONE',  ( -12750.00000000000000, 295.9385695031826913, -504.9802145985045172 ) ) ;
#6799 = CARTESIAN_POINT ( 'NONE',  ( -19088.68599666425871, -875.0000000000000000, -1060.000000000000000 ) ) ;
#6800 = CARTESIAN_POINT ( 'NONE',  ( 588.6859966642593918, 0.000000000000000000, -1060.000000000000000 ) ) ;
#6801 = VERTEX_POINT ( 'NONE', #8538 ) ;
#6802 = EDGE_LOOP ( 'NONE', ( #7565, #8291 ) ) ;
#6803 = CARTESIAN_POINT ( 'NONE',  ( -14156.10001622140953, -729.4021522441533989, -769.9999999999963620 ) ) ;
#6804 = VERTEX_POINT ( 'NONE', #1681 ) ;
#6805 = ORIENTED_EDGE ( 'NONE', *, *, #4931, .T. ) ;
#6806 = PLANE ( 'NONE',  #6116 ) ;
#6807 = SURFACE_STYLE_USAGE ( .BOTH. , #9719 ) ;
#6808 = LINE ( 'NONE', #7674, #831 ) ;
#6809 = LINE ( 'NONE', #8407, #642 ) ;
#6810 = ADVANCED_FACE ( 'NONE', ( #6284 ), #7791, .T. ) ;
#6811 = VECTOR ( 'NONE', #2193, 1000.000000000000000 ) ;
#6812 = ORIENTED_EDGE ( 'NONE', *, *, #5849, .T. ) ;
#6813 = ORIENTED_EDGE ( 'NONE', *, *, #7384, .T. ) ;
#6814 = ORIENTED_EDGE ( 'NONE', *, *, #7192, .F. ) ;
#6815 = DIRECTION ( 'NONE',  ( -0.000000000000000000, -0.000000000000000000, -1.000000000000000000 ) ) ;
#6816 = VECTOR ( 'NONE', #4366, 1000.000000000000000 ) ;
#6817 = CARTESIAN_POINT ( 'NONE',  ( -14569.74851850929372, -1089.999999999998181, -1009.999999999997158 ) ) ;
#6818 = DIRECTION ( 'NONE',  ( 0.000000000000000000, 0.000000000000000000, 1.000000000000000000 ) ) ;
#6819 = CARTESIAN_POINT ( 'NONE',  ( -13000.00000000000000, 1077.499998843224375, -860.0000000000226237 ) ) ;
#6820 = DIRECTION ( 'NONE',  ( -1.000000000000000000, -0.000000000000000000, -0.000000000000000000 ) ) ;
#6821 = EDGE_CURVE ( 'NONE', #9845, #812, #8723, .T. ) ;
#6822 = EDGE_CURVE ( 'NONE', #742, #3811, #2003, .T. ) ;
#6823 = FACE_OUTER_BOUND ( 'NONE', #2042, .T. ) ;
#6824 = DIRECTION ( 'NONE',  ( -6.162975822039157467E-33, 1.000000000000000000, 2.775557561563032360E-16 ) ) ;
#6825 = EDGE_CURVE ( 'NONE', #5944, #1961, #7349, .T. ) ;
#6826 = AXIS2_PLACEMENT_3D ( 'NONE', #1993, #4287, #484 ) ;
#6827 = AXIS2_PLACEMENT_3D ( 'NONE', #1075, #4120, #6435 ) ;
#6828 = LINE ( 'NONE', #3024, #7939 ) ;
#6829 = LINE ( 'NONE', #6079, #2850 ) ;
#6830 = ORIENTED_EDGE ( 'NONE', *, *, #8600, .F. ) ;
#6831 = CARTESIAN_POINT ( 'NONE',  ( -13899.99999999999818, -679.9999999999979536, -379.9999999999984084 ) ) ;
#6832 = ORIENTED_EDGE ( 'NONE', *, *, #8682, .T. ) ;
#6833 = AXIS2_PLACEMENT_3D ( 'NONE', #5498, #8547, #7801 ) ;
#6834 = VERTEX_POINT ( 'NONE', #1205 ) ;
#6835 = CARTESIAN_POINT ( 'NONE',  ( -16650.00000000000364, 311.4982215127146787, 0.000000000000000000 ) ) ;
#6836 = CARTESIAN_POINT ( 'NONE',  ( -13899.99999999999818, 1054.999999999997272, -459.9999999999978400 ) ) ;
#6837 = LINE ( 'NONE', #6896, #8041 ) ;
#6838 = DIRECTION ( 'NONE',  ( -0.000000000000000000, 0.000000000000000000, 1.000000000000000000 ) ) ;
#6839 = VECTOR ( 'NONE', #1264, 1000.000000000000000 ) ;
#6840 = CIRCLE ( 'NONE', #5720, 50.00000000000004263 ) ;
#6841 = EDGE_CURVE ( 'NONE', #8738, #2598, #8157, .T. ) ;
#6842 = VERTEX_POINT ( 'NONE', #6560 ) ;
#6843 = FACE_OUTER_BOUND ( 'NONE', #7443, .T. ) ;
#6844 = CIRCLE ( 'NONE', #2537, 99.99999999999964473 ) ;
#6845 = ORIENTED_EDGE ( 'NONE', *, *, #5907, .T. ) ;
#6846 = VERTEX_POINT ( 'NONE', #9619 ) ;
#6847 = VECTOR ( 'NONE', #9889, 1000.000000000000000 ) ;
#6848 = CARTESIAN_POINT ( 'NONE',  ( -14300.00000000001819, -699.9999999999986358, -350.9999999999989768 ) ) ;
#6849 = VECTOR ( 'NONE', #5690, 1000.000000000000000 ) ;
#6850 = ORIENTED_EDGE ( 'NONE', *, *, #4865, .T. ) ;
#6851 = CARTESIAN_POINT ( 'NONE',  ( -11499.99999999997999, -278.9021535255452022, -623.7872381793328032 ) ) ;
#6852 = PLANE ( 'NONE',  #8408 ) ;
#6853 = VECTOR ( 'NONE', #8324, 1000.000000000000000 ) ;
#6854 = LINE ( 'NONE', #580, #2913 ) ;
#6855 = LINE ( 'NONE', #6105, #2225 ) ;
#6856 = CIRCLE ( 'NONE', #4601, 250.0000000000000000 ) ;
#6857 = EDGE_CURVE ( 'NONE', #3341, #7056, #4552, .T. ) ;
#6858 = ORIENTED_EDGE ( 'NONE', *, *, #4190, .T. ) ;
#6859 = EDGE_CURVE ( 'NONE', #7678, #8760, #535, .T. ) ;
#6860 = ORIENTED_EDGE ( 'NONE', *, *, #4819, .T. ) ;
#6861 = CARTESIAN_POINT ( 'NONE',  ( -9775.000000000000000, 739.9999999999984084, -960.0000000000002274 ) ) ;
#6862 = VECTOR ( 'NONE', #6815, 1000.000000000000000 ) ;
#6863 = CIRCLE ( 'NONE', #1596, 79.99999999999995737 ) ;
#6864 = ORIENTED_EDGE ( 'NONE', *, *, #6369, .T. ) ;
#6865 = ORIENTED_EDGE ( 'NONE', *, *, #4339, .F. ) ;
#6866 = DIRECTION ( 'NONE',  ( 1.232595164407830672E-32, 2.775557561563032360E-16, -1.000000000000000000 ) ) ;
#6867 = VECTOR ( 'NONE', #2561, 1000.000000000000000 ) ;
#6868 = VECTOR ( 'NONE', #7545, 1000.000000000000000 ) ;
#6869 = DIRECTION ( 'NONE',  ( 0.000000000000000000, 0.000000000000000000, -1.000000000000000000 ) ) ;
#6870 = LINE ( 'NONE', #9867, #9114 ) ;
#6871 = VECTOR ( 'NONE', #735, 1000.000000000000000 ) ;
#6872 = VERTEX_POINT ( 'NONE', #712 ) ;
#6873 = ORIENTED_EDGE ( 'NONE', *, *, #5537, .T. ) ;
#6874 = ORIENTED_EDGE ( 'NONE', *, *, #6580, .F. ) ;
#6875 = ORIENTED_EDGE ( 'NONE', *, *, #8249, .F. ) ;
#6876 = CARTESIAN_POINT ( 'NONE',  ( -7062.500000000000000, -740.0000000000002274, -1135.000000000000227 ) ) ;
#6877 = CIRCLE ( 'NONE', #1446, 460.0000000000001137 ) ;
#6878 = CARTESIAN_POINT ( 'NONE',  ( -12750.00000000000000, 4.163336342343563943E-15, -725.0000000000051159 ) ) ;
#6879 = PLANE ( 'NONE',  #4056 ) ;
#6880 = VECTOR ( 'NONE', #5055, 1000.000000000000000 ) ;
#6881 = LINE ( 'NONE', #2167, #8006 ) ;
#6882 = CYLINDRICAL_SURFACE ( 'NONE', #1095, 250.0000000000000000 ) ;
#6883 = VECTOR ( 'NONE', #5260, 1000.000000000000000 ) ;
#6884 = DIRECTION ( 'NONE',  ( 6.162975822039156098E-33, -1.000000000000000000, -2.775557561563032360E-16 ) ) ;
#6885 = CARTESIAN_POINT ( 'NONE',  ( -13899.99999999999818, -190.0000000000007958, -459.9999999999982379 ) ) ;
#6886 = EDGE_CURVE ( 'NONE', #2300, #8443, #7815, .T. ) ;
#6887 = VERTEX_POINT ( 'NONE', #5215 ) ;
#6888 = LINE ( 'NONE', #835, #2052 ) ;
#6889 = EDGE_CURVE ( 'NONE', #6319, #3030, #553, .T. ) ;
#6890 = ORIENTED_EDGE ( 'NONE', *, *, #7840, .T. ) ;
#6891 = LINE ( 'NONE', #4107, #603 ) ;
#6892 = ORIENTED_EDGE ( 'NONE', *, *, #5252, .T. ) ;
#6893 = EDGE_CURVE ( 'NONE', #5337, #8207, #5192, .T. ) ;
#6894 = FACE_OUTER_BOUND ( 'NONE', #6295, .T. ) ;
#6895 = CARTESIAN_POINT ( 'NONE',  ( -11700.00000000000182, 1077.499998843224148, -306.2059048389984355 ) ) ;
#6896 = CARTESIAN_POINT ( 'NONE',  ( -13604.79991371806318, 921.2864145885208700, -1135.000000000000227 ) ) ;
#6897 = DIRECTION ( 'NONE',  ( -0.000000000000000000, 0.000000000000000000, -1.000000000000000000 ) ) ;
#6898 = CARTESIAN_POINT ( 'NONE',  ( -1949.999999999999773, 899.9999999999998863, -910.0000000000001137 ) ) ;
#6899 = ORIENTED_EDGE ( 'NONE', *, *, #8865, .T. ) ;
#6900 = DIRECTION ( 'NONE',  ( -1.232595164407830672E-32, -2.775557561563032360E-16, 1.000000000000000000 ) ) ;
#6901 = ORIENTED_EDGE ( 'NONE', *, *, #4095, .T. ) ;
#6902 = ORIENTED_EDGE ( 'NONE', *, *, #2807, .T. ) ;
#6903 = LINE ( 'NONE', #6301, #8303 ) ;
#6904 = ADVANCED_FACE ( 'NONE', ( #4557 ), #9742, .T. ) ;
#6905 = CARTESIAN_POINT ( 'NONE',  ( 0.000000000000000000, 0.000000000000000000, -1135.000000000000227 ) ) ;
#6907 = VECTOR ( 'NONE', #886, 1000.000000000000000 ) ;
#6906 = CARTESIAN_POINT ( 'NONE',  ( -11437.50000000000000, 989.9999999999984084, -960.0000000000002274 ) ) ;
#6908 = DIRECTION ( 'NONE',  ( 0.000000000000000000, 0.000000000000000000, 1.000000000000000000 ) ) ;
#6909 = ORIENTED_EDGE ( 'NONE', *, *, #8552, .T. ) ;
#6910 = DIRECTION ( 'NONE',  ( 1.000000000000000000, -0.000000000000000000, 0.000000000000000000 ) ) ;
#6911 = FACE_OUTER_BOUND ( 'NONE', #2710, .T. ) ;
#6912 = ORIENTED_EDGE ( 'NONE', *, *, #2246, .T. ) ;
#6913 = ADVANCED_FACE ( 'NONE', ( #4404 ), #5752, .F. ) ;
#6914 = EDGE_CURVE ( 'NONE', #6765, #6609, #615, .T. ) ;
#6915 = VERTEX_POINT ( 'NONE', #3673 ) ;
#6916 = DIRECTION ( 'NONE',  ( 1.000000000000000000, 0.000000000000000000, 0.000000000000000000 ) ) ;
#6917 = AXIS2_PLACEMENT_3D ( 'NONE', #5163, #8265, #6074 ) ;
#6918 = CARTESIAN_POINT ( 'NONE',  ( -14299.99999999999818, 814.9999999999972715, -637.0854464784588345 ) ) ;
#6919 = CARTESIAN_POINT ( 'NONE',  ( -14578.43092739263921, -1089.999999999998181, -960.7596123493866571 ) ) ;
#6920 = EDGE_LOOP ( 'NONE', ( #6091, #7582, #6486, #9024 ) ) ;
#6921 = CIRCLE ( 'NONE', #7553, 99.99999999999997158 ) ;
#6922 = ORIENTED_EDGE ( 'NONE', *, *, #600, .F. ) ;
#6923 = FACE_OUTER_BOUND ( 'NONE', #5137, .T. ) ;
#6924 = LINE ( 'NONE', #2328, #7153 ) ;
#6925 = CARTESIAN_POINT ( 'NONE',  ( -12923.68347295909916, 1189.999999999998181, -760.0000000000006821 ) ) ;
#6926 = CARTESIAN_POINT ( 'NONE',  ( -18500.00000000000000, -1190.000000000002728, -960.0000000000002274 ) ) ;
#6927 = VECTOR ( 'NONE', #272, 1000.000000000000000 ) ;
#6928 = LINE ( 'NONE', #9059, #2043 ) ;
#6929 = DIRECTION ( 'NONE',  ( -0.9848077530122092416, 0.000000000000000000, 0.1736481776669237531 ) ) ;
#6930 = DIRECTION ( 'NONE',  ( 0.1736481776669235033, 0.000000000000000000, -0.9848077530122092416 ) ) ;
#6931 = VERTEX_POINT ( 'NONE', #666 ) ;
#6932 = LINE ( 'NONE', #7088, #7323 ) ;
#6933 = EDGE_LOOP ( 'NONE', ( #6780, #8393 ) ) ;
#6934 = DIRECTION ( 'NONE',  ( -0.9632452974707709226, 0.2686233364777642074, 0.000000000000000000 ) ) ;
#6935 = ORIENTED_EDGE ( 'NONE', *, *, #2274, .T. ) ;
#6936 = CARTESIAN_POINT ( 'NONE',  ( -14499.47634233351164, 716.7063271559467239, -754.6066018120496892 ) ) ;
#6937 = CARTESIAN_POINT ( 'NONE',  ( -3921.569072607348517, 1189.999999999998408, -960.7596123493884761 ) ) ;
#6938 = FACE_OUTER_BOUND ( 'NONE', #8609, .T. ) ;
#6939 = LINE ( 'NONE', #4677, #1911 ) ;
#6940 = CARTESIAN_POINT ( 'NONE',  ( -15446.19114447246830, 96.32452974707683779, -960.0000000000002274 ) ) ;
#6941 = CARTESIAN_POINT ( 'NONE',  ( -2349.999999999999545, -899.9999999999998863, -910.0000000000001137 ) ) ;
#6942 = EDGE_CURVE ( 'NONE', #1061, #2363, #6729, .T. ) ;
#6943 = VERTEX_POINT ( 'NONE', #42 ) ;
#6944 = DIRECTION ( 'NONE',  ( 0.000000000000000000, -1.000000000000000000, 0.000000000000000000 ) ) ;
#6945 = EDGE_LOOP ( 'NONE', ( #9771, #2099, #2434, #1704, #8234, #4018, #1954, #7769, #4948, #2324, #9894, #8957, #8621, #8182, #5786, #3845 ) ) ;
#6946 = VERTEX_POINT ( 'NONE', #3241 ) ;
#6947 = CYLINDRICAL_SURFACE ( 'NONE', #8003, 79.99999999999995737 ) ;
#6948 = ORIENTED_EDGE ( 'NONE', *, *, #5843, .T. ) ;
#6949 = CARTESIAN_POINT ( 'NONE',  ( -13833.84276082942415, 190.0000000000006821, -504.9802145985029256 ) ) ;
#6950 = CARTESIAN_POINT ( 'NONE',  ( -8725.000000000000000, 989.9999999999984084, -960.0000000000002274 ) ) ;
#6951 = CARTESIAN_POINT ( 'NONE',  ( -12750.00000000000000, -1077.499998843224375, -637.0854464784594029 ) ) ;
#6952 = CARTESIAN_POINT ( 'NONE',  ( -19088.68599666425871, 875.0000000000000000, -1060.000000000000000 ) ) ;
#6953 = ADVANCED_FACE ( 'NONE', ( #9304 ), #6202, .T. ) ;
#6954 = ORIENTED_EDGE ( 'NONE', *, *, #8895, .T. ) ;
#6955 = ADVANCED_FACE ( 'NONE', ( #3953 ), #2359, .F. ) ;
#6956 = EDGE_CURVE ( 'NONE', #4446, #2102, #4639, .T. ) ;
#6957 = ORIENTED_EDGE ( 'NONE', *, *, #9478, .F. ) ;
#6958 = PLANE ( 'NONE',  #2827 ) ;
#6959 = EDGE_CURVE ( 'NONE', #6931, #7385, #8455, .T. ) ;
#6960 = DIRECTION ( 'NONE',  ( -0.000000000000000000, 0.000000000000000000, 1.000000000000000000 ) ) ;
#6961 = ORIENTED_EDGE ( 'NONE', *, *, #367, .T. ) ;
#6962 = ORIENTED_EDGE ( 'NONE', *, *, #5728, .T. ) ;
#6963 = ORIENTED_EDGE ( 'NONE', *, *, #1078, .T. ) ;
#6964 = CARTESIAN_POINT ( 'NONE',  ( -13499.99999999999818, -1970.627566330085756, -637.0854464784596303 ) ) ;
#6965 = CARTESIAN_POINT ( 'NONE',  ( -13250.00000000000000, -1077.499998843224375, -589.9999999999971578 ) ) ;
#6966 = DIRECTION ( 'NONE',  ( 0.000000000000000000, 0.000000000000000000, 1.000000000000000000 ) ) ;
#6967 = ORIENTED_EDGE ( 'NONE', *, *, #2045, .F. ) ;
#6968 = ADVANCED_FACE ( 'NONE', ( #801 ), #145, .F. ) ;
#6969 = ORIENTED_EDGE ( 'NONE', *, *, #7523, .F. ) ;
#6970 = ADVANCED_FACE ( 'NONE', ( #6153 ), #7713, .F. ) ;
#6971 = VECTOR ( 'NONE', #6982, 1000.000000000000114 ) ;
#6972 = ORIENTED_EDGE ( 'NONE', *, *, #9296, .F. ) ;
#6973 = DIRECTION ( 'NONE',  ( -0.000000000000000000, 0.000000000000000000, 1.000000000000000000 ) ) ;
#6974 = CARTESIAN_POINT ( 'NONE',  ( -12923.68347295909734, 1189.999999999998408, -660.0000000000001137 ) ) ;
#6975 = LINE ( 'NONE', #172, #7539 ) ;
#6976 = VECTOR ( 'NONE', #1731, 1000.000000000000000 ) ;
#6977 = DIRECTION ( 'NONE',  ( -1.000000000000000000, -6.162975822039151993E-33, -1.232595164407830946E-32 ) ) ;
#6978 = CARTESIAN_POINT ( 'NONE',  ( -6812.500000000000000, 989.9999999999984084, -960.0000000000011369 ) ) ;
#6979 = ADVANCED_FACE ( 'NONE', ( #7766 ), #7658, .T. ) ;
#6980 = DIRECTION ( 'NONE',  ( 1.000000000000000000, 0.000000000000000000, 0.000000000000000000 ) ) ;
#6981 = EDGE_CURVE ( 'NONE', #4001, #9418, #6304, .T. ) ;
#6982 = DIRECTION ( 'NONE',  ( -0.9632452974707709226, -0.2686233364777638744, 0.000000000000000000 ) ) ;
#6983 = VECTOR ( 'NONE', #3239, 1000.000000000000000 ) ;
#6984 = ORIENTED_EDGE ( 'NONE', *, *, #6329, .T. ) ;
#6985 = DIRECTION ( 'NONE',  ( -1.432545838226008399E-17, 1.000000000000000000, -0.000000000000000000 ) ) ;
#6986 = CARTESIAN_POINT ( 'NONE',  ( -14338.65743636097977, -1077.499998843224375, -757.0854464784600850 ) ) ;
#6987 = UNCERTAINTY_MEASURE_WITH_UNIT (LENGTH_MEASURE( 1.000000000000000082E-05 ), #6115, 'distance_accuracy_value', 'NONE');
#6988 = DIRECTION ( 'NONE',  ( 0.2686233364777642074, 0.9632452974707709226, 0.000000000000000000 ) ) ;
#6989 = ORIENTED_EDGE ( 'NONE', *, *, #3114, .F. ) ;
#6990 = PLANE ( 'NONE',  #7297 ) ;
#6991 = CARTESIAN_POINT ( 'NONE',  ( -14498.43108295709135, 725.0021062409357455, -757.0854464784598576 ) ) ;
#6992 = AXIS2_PLACEMENT_3D ( 'NONE', #202, #4058, #3248 ) ;
#6993 = CARTESIAN_POINT ( 'NONE',  ( -1949.999999999999773, 800.0000000000000000, -910.0000000000001137 ) ) ;
#6994 = ORIENTED_EDGE ( 'NONE', *, *, #3897, .T. ) ;
#6995 = VECTOR ( 'NONE', #8638, 1000.000000000000000 ) ;
#6996 = EDGE_LOOP ( 'NONE', ( #6206, #4961, #8452, #1129 ) ) ;
#6997 = VERTEX_POINT ( 'NONE', #5546 ) ;
#6998 = ORIENTED_EDGE ( 'NONE', *, *, #8854, .F. ) ;
#6999 = VERTEX_POINT ( 'NONE', #3853 ) ;
#7000 = ORIENTED_EDGE ( 'NONE', *, *, #8603, .F. ) ;
#7001 = CARTESIAN_POINT ( 'NONE',  ( -18500.00000000000000, -1190.000000000002728, -1160.000000000000227 ) ) ;
#7002 = ORIENTED_EDGE ( 'NONE', *, *, #1598, .T. ) ;
#7003 = DIRECTION ( 'NONE',  ( 1.000000000000000000, 0.000000000000000000, 0.000000000000000000 ) ) ;
#7004 = DIRECTION ( 'NONE',  ( 0.000000000000000000, 0.000000000000000000, -1.000000000000000000 ) ) ;
#7005 = LINE ( 'NONE', #6951, #6599 ) ;
#7006 = CIRCLE ( 'NONE', #7642, 277.7941176470602045 ) ;
#7007 = DIRECTION ( 'NONE',  ( 0.000000000000000000, 0.9901138386947148096, 0.1402661271484179906 ) ) ;
#7008 = ORIENTED_EDGE ( 'NONE', *, *, #5660, .T. ) ;
#7009 = DIRECTION ( 'NONE',  ( 2.376075833082705656E-33, -0.9581400679044367319, 0.2862998607685330876 ) ) ;
#7010 = VECTOR ( 'NONE', #1632, 1000.000000000000000 ) ;
#7011 = VECTOR ( 'NONE', #645, 1000.000000000000000 ) ;
#7012 = VERTEX_POINT ( 'NONE', #2845 ) ;
#7013 = EDGE_CURVE ( 'NONE', #4842, #6507, #1497, .T. ) ;
#7014 = ORIENTED_EDGE ( 'NONE', *, *, #3441, .T. ) ;
#7015 = EDGE_CURVE ( 'NONE', #1393, #4226, #5240, .T. ) ;
#7016 = DIRECTION ( 'NONE',  ( 0.000000000000000000, -0.000000000000000000, 1.000000000000000000 ) ) ;
#7017 = VECTOR ( 'NONE', #181, 1000.000000000000000 ) ;
#7018 = ORIENTED_EDGE ( 'NONE', *, *, #731, .F. ) ;
#7019 = ORIENTED_EDGE ( 'NONE', *, *, #959, .T. ) ;
#7020 = VECTOR ( 'NONE', #9739, 1000.000000000000000 ) ;
#7021 = EDGE_LOOP ( 'NONE', ( #7781, #2604, #4461, #9453 ) ) ;
#7022 = AXIS2_PLACEMENT_3D ( 'NONE', #5004, #8065, #361 ) ;
#7023 = FACE_OUTER_BOUND ( 'NONE', #4756, .T. ) ;
#7024 = EDGE_CURVE ( 'NONE', #3723, #1032, #8201, .T. ) ;
#7025 = CIRCLE ( 'NONE', #3496, 277.7941176470602045 ) ;
#7026 = ADVANCED_FACE ( 'NONE', ( #531 ), #7600, .F. ) ;
#7027 = LINE ( 'NONE', #5620, #2840 ) ;
#7028 = DIRECTION ( 'NONE',  ( -1.000000000000000000, 0.000000000000000000, 0.000000000000000000 ) ) ;
#7029 = CIRCLE ( 'NONE', #2718, 100.0000000000000853 ) ;
#7030 = PLANE ( 'NONE',  #1773 ) ;
#7031 = CARTESIAN_POINT ( 'NONE',  ( -7.853451737060908274E-14, 989.9999999999984084, -660.0000000000017053 ) ) ;
#7032 = PLANE ( 'NONE',  #2562 ) ;
#7033 = VECTOR ( 'NONE', #1046, 1000.000000000000000 ) ;
#7034 = DIRECTION ( 'NONE',  ( 0.000000000000000000, -1.000000000000000000, 0.000000000000000000 ) ) ;
#7035 = VECTOR ( 'NONE', #8374, 1000.000000000000000 ) ;
#7036 = DIRECTION ( 'NONE',  ( 0.000000000000000000, 0.000000000000000000, 1.000000000000000000 ) ) ;
#7037 = VERTEX_POINT ( 'NONE', #9137 ) ;
#7038 = CYLINDRICAL_SURFACE ( 'NONE', #3809, 100.0000000000014211 ) ;
#7039 = ORIENTED_EDGE ( 'NONE', *, *, #6612, .F. ) ;
#7040 = VECTOR ( 'NONE', #1678, 1000.000000000000000 ) ;
#7041 = EDGE_CURVE ( 'NONE', #8529, #6997, #7490, .T. ) ;
#7042 = DIRECTION ( 'NONE',  ( -1.000000000000000000, -2.400482215405744004E-16, 1.223127061027714285E-16 ) ) ;
#7043 = EDGE_CURVE ( 'NONE', #3131, #4680, #2306, .T. ) ;
#7044 = CYLINDRICAL_SURFACE ( 'NONE', #7680, 277.7941176470602045 ) ;
#7045 = CARTESIAN_POINT ( 'NONE',  ( -2350.000000000001364, 989.9999999999984084, -1135.000000000000227 ) ) ;
#7046 = VECTOR ( 'NONE', #1119, 1000.000000000000000 ) ;
#7047 = DIRECTION ( 'NONE',  ( 0.000000000000000000, -4.827056628805028179E-16, 1.000000000000000000 ) ) ;
#7048 = VERTEX_POINT ( 'NONE', #6748 ) ;
#7049 = VECTOR ( 'NONE', #5624, 1000.000000000000000 ) ;
#7050 = CARTESIAN_POINT ( 'NONE',  ( -2350.000000000001364, 739.9999999999984084, -1135.000000000000227 ) ) ;
#7051 = ORIENTED_EDGE ( 'NONE', *, *, #1345, .F. ) ;
#7052 = ORIENTED_EDGE ( 'NONE', *, *, #3246, .T. ) ;
#7053 = ORIENTED_EDGE ( 'NONE', *, *, #8906, .F. ) ;
#7054 = EDGE_LOOP ( 'NONE', ( #6864, #3113, #2133, #6003, #2067, #5447 ) ) ;
#7055 = DIRECTION ( 'NONE',  ( -1.426102104458186769E-16, 1.000000000000000000, 0.000000000000000000 ) ) ;
#7056 = VERTEX_POINT ( 'NONE', #9039 ) ;
#7057 = VECTOR ( 'NONE', #9777, 1000.000000000000000 ) ;
#7058 = CARTESIAN_POINT ( 'NONE',  ( -11499.99999999997999, -747.0986934586336474, -637.0854464784592892 ) ) ;
#7059 = DIRECTION ( 'NONE',  ( -1.000000000000000000, 0.000000000000000000, -0.000000000000000000 ) ) ;
#7060 = FACE_OUTER_BOUND ( 'NONE', #9182, .T. ) ;
#7061 = DIRECTION ( 'NONE',  ( 1.000000000000000000, 0.000000000000000000, 0.000000000000000000 ) ) ;
#7062 = ORIENTED_EDGE ( 'NONE', *, *, #9664, .T. ) ;
#7063 = ORIENTED_EDGE ( 'NONE', *, *, #4314, .T. ) ;
#7064 = CYLINDRICAL_SURFACE ( 'NONE', #6191, 50.00000000000071054 ) ;
#7065 = LINE ( 'NONE', #5553, #5694 ) ;
#7066 = EDGE_LOOP ( 'NONE', ( #3446, #7039, #1650, #7619 ) ) ;
#7067 = VERTEX_POINT ( 'NONE', #9809 ) ;
#7068 = CARTESIAN_POINT ( 'NONE',  ( -11411.43189860506209, 725.0021062409357455, -757.0854464784598576 ) ) ;
#7069 = DIRECTION ( 'NONE',  ( 0.000000000000000000, 0.000000000000000000, 1.000000000000000000 ) ) ;
#7070 = ORIENTED_EDGE ( 'NONE', *, *, #5165, .F. ) ;
#7071 = ORIENTED_EDGE ( 'NONE', *, *, #2517, .T. ) ;
#7072 = ADVANCED_FACE ( 'NONE', ( #2943 ), #6852, .T. ) ;
#7073 = EDGE_CURVE ( 'NONE', #8523, #4509, #1708, .T. ) ;
#7074 = VERTEX_POINT ( 'NONE', #7434 ) ;
#7075 = VECTOR ( 'NONE', #4488, 1000.000000000000000 ) ;
#7076 = CARTESIAN_POINT ( 'NONE',  ( -12244.99999999992906, -899.9999999999986358, -860.0000000000231921 ) ) ;
#7077 = ORIENTED_EDGE ( 'NONE', *, *, #6981, .F. ) ;
#7078 = CARTESIAN_POINT ( 'NONE',  ( -14500.00000000002001, -699.9999999999986358, -757.0854464784603124 ) ) ;
#7079 = CARTESIAN_POINT ( 'NONE',  ( -12800.00000000000000, 989.9999999999984084, -4241.944871367028099 ) ) ;
#7080 = CARTESIAN_POINT ( 'NONE',  ( -12500.00000000000182, 1077.499998843224148, -306.2059048389983218 ) ) ;
#7081 = CARTESIAN_POINT ( 'NONE',  ( -596.4101615137747103, 989.9999999999984084, -1135.000000000000227 ) ) ;
#7082 = DIRECTION ( 'NONE',  ( 0.000000000000000000, -1.000000000000000000, -5.551115123125782702E-16 ) ) ;
#7083 = VECTOR ( 'NONE', #3107, 1000.000000000000000 ) ;
#7084 = EDGE_CURVE ( 'NONE', #1604, #8242, #407, .T. ) ;
#7085 = ADVANCED_FACE ( 'NONE', ( #4583 ), #4478, .F. ) ;
#7086 = EDGE_CURVE ( 'NONE', #1957, #5938, #688, .T. ) ;
#7087 = DIRECTION ( 'NONE',  ( 0.000000000000000000, 0.000000000000000000, -1.000000000000000000 ) ) ;
#7088 = CARTESIAN_POINT ( 'NONE',  ( -13856.59988046646504, 190.0000000000006821, -623.7872381793357590 ) ) ;
#7089 = EDGE_LOOP ( 'NONE', ( #3618, #2699, #1859, #1907, #11, #6150, #6106 ) ) ;
#7090 = CARTESIAN_POINT ( 'NONE',  ( -446.4101615137745398, -211.4982215127146787, -960.0000000000002274 ) ) ;
#7091 = VECTOR ( 'NONE', #4088, 999.9999999999998863 ) ;
#7092 = LINE ( 'NONE', #932, #4658 ) ;
#7093 = DIRECTION ( 'NONE',  ( 0.9848077530122075762, 4.819705125750966016E-17, -0.1736481776669329402 ) ) ;
#7094 = CARTESIAN_POINT ( 'NONE',  ( -14588.56810139493791, -725.0021062409357455, -757.0854464784603124 ) ) ;
#7095 = ORIENTED_EDGE ( 'NONE', *, *, #4817, .T. ) ;
#7096 = PLANE ( 'NONE',  #1571 ) ;
#7097 = EDGE_CURVE ( 'NONE', #6286, #2091, #738, .T. ) ;
#7098 = ADVANCED_FACE ( 'NONE', ( #6102 ), #2968, .T. ) ;
#7099 = DIRECTION ( 'NONE',  ( -4.907327249939348575E-33, 0.9950481186486286322, -0.09939437395458880498 ) ) ;
#7100 = ORIENTED_EDGE ( 'NONE', *, *, #5286, .T. ) ;
#7101 = VERTEX_POINT ( 'NONE', #6644 ) ;
#7102 = ORIENTED_EDGE ( 'NONE', *, *, #9462, .T. ) ;
#7103 = ORIENTED_EDGE ( 'NONE', *, *, #6239, .F. ) ;
#7104 = CARTESIAN_POINT ( 'NONE',  ( -1949.999999999999773, -311.4982215127146787, -960.0000000000002274 ) ) ;
#7105 = DIRECTION ( 'NONE',  ( -1.000000000000000000, 0.000000000000000000, 0.000000000000000000 ) ) ;
#7106 = DIRECTION ( 'NONE',  ( -1.000000000000000000, 0.000000000000000000, 0.000000000000000000 ) ) ;
#7107 = DIRECTION ( 'NONE',  ( 1.000000000000000000, 0.000000000000000000, -0.000000000000000000 ) ) ;
#7108 = ORIENTED_EDGE ( 'NONE', *, *, #4213, .T. ) ;
#7109 = ADVANCED_FACE ( 'NONE', ( #991 ), #7706, .T. ) ;
#7110 = FACE_BOUND ( 'NONE', #9608, .T. ) ;
#7111 = VERTEX_POINT ( 'NONE', #6341 ) ;
#7112 = ORIENTED_EDGE ( 'NONE', *, *, #2516, .F. ) ;
#7113 = ORIENTED_EDGE ( 'NONE', *, *, #3292, .T. ) ;
#7114 = CARTESIAN_POINT ( 'NONE',  ( -13100.00000000000182, 750.6144545436229691, -960.0000000000002274 ) ) ;
#7115 = EDGE_LOOP ( 'NONE', ( #7696, #3901, #255, #7399 ) ) ;
#7116 = ORIENTED_EDGE ( 'NONE', *, *, #7817, .F. ) ;
#7117 = VERTEX_POINT ( 'NONE', #4827 ) ;
#7118 = EDGE_LOOP ( 'NONE', ( #1308, #8992, #1672, #5722 ) ) ;
#7119 = DIRECTION ( 'NONE',  ( 1.232595164407830672E-32, 2.775557561563032360E-16, -1.000000000000000000 ) ) ;
#7120 = DIRECTION ( 'NONE',  ( 0.9848077530122090195, 0.000000000000000000, 0.1736481776669255295 ) ) ;
#7121 = CARTESIAN_POINT ( 'NONE',  ( -14498.11620084356400, -731.6596157893138752, -632.5646946938458086 ) ) ;
#7122 = EDGE_CURVE ( 'NONE', #4395, #6097, #1692, .T. ) ;
#7123 = LINE ( 'NONE', #8627, #2731 ) ;
#7124 = CARTESIAN_POINT ( 'NONE',  ( -13200.00000000000182, 618.9114148497016004, -960.0000000000000000 ) ) ;
#7125 = ORIENTED_EDGE ( 'NONE', *, *, #525, .T. ) ;
#7126 = DIRECTION ( 'NONE',  ( -1.000000000000000000, -6.162975822039151993E-33, -1.232595164407830946E-32 ) ) ;
#7127 = VECTOR ( 'NONE', #2252, 1000.000000000000000 ) ;
#7128 = LINE ( 'NONE', #4771, #6193 ) ;
#7129 = DIRECTION ( 'NONE',  ( 6.162975822039157467E-33, -1.000000000000000000, -2.775557561563032360E-16 ) ) ;
#7130 = EDGE_CURVE ( 'NONE', #7807, #7731, #938, .T. ) ;
#7131 = EDGE_CURVE ( 'NONE', #6794, #7826, #9696, .T. ) ;
#7132 = DIRECTION ( 'NONE',  ( 0.000000000000000000, 0.000000000000000000, 1.000000000000000000 ) ) ;
#7133 = CARTESIAN_POINT ( 'NONE',  ( -12143.40011953353496, -1077.499998843224375, -637.0854464784594029 ) ) ;
#7134 = ORIENTED_EDGE ( 'NONE', *, *, #3293, .F. ) ;
#7135 = AXIS2_PLACEMENT_3D ( 'NONE', #6885, #5379, #2446 ) ;
#7136 = FACE_OUTER_BOUND ( 'NONE', #9871, .T. ) ;
#7137 = CARTESIAN_POINT ( 'NONE',  ( -346.4101615137745398, -989.9999999999984084, -1135.000000000000227 ) ) ;
#7138 = ORIENTED_EDGE ( 'NONE', *, *, #1757, .T. ) ;
#7139 = ORIENTED_EDGE ( 'NONE', *, *, #6791, .T. ) ;
#7140 = ORIENTED_EDGE ( 'NONE', *, *, #6460, .T. ) ;
#7141 = CARTESIAN_POINT ( 'NONE',  ( -1949.999999999999773, 899.9999999999998863, -910.0000000000001137 ) ) ;
#7142 = EDGE_LOOP ( 'NONE', ( #1274, #7302, #1142, #6793 ) ) ;
#7143 = CARTESIAN_POINT ( 'NONE',  ( -5699.999999999999091, 989.9999999999984084, -960.0000000000002274 ) ) ;
#7144 = CARTESIAN_POINT ( 'NONE',  ( -1699.999999999999773, 989.9999999999984084, -1135.000000000000227 ) ) ;
#7145 = EDGE_CURVE ( 'NONE', #2406, #6539, #7757, .T. ) ;
#7146 = AXIS2_PLACEMENT_3D ( 'NONE', #6861, #4382, #6160 ) ;
#7147 = EDGE_CURVE ( 'NONE', #2493, #5592, #3943, .T. ) ;
#7148 = DIRECTION ( 'NONE',  ( 1.000000000000000000, 6.162975822039151993E-33, 1.232595164407830946E-32 ) ) ;
#7149 = VECTOR ( 'NONE', #6593, 1000.000000000000000 ) ;
#7150 = CARTESIAN_POINT ( 'NONE',  ( -2350.000000000001364, 343.2012612066359907, -1135.000000000000227 ) ) ;
#7151 = ORIENTED_EDGE ( 'NONE', *, *, #6841, .T. ) ;
#7152 = ORIENTED_EDGE ( 'NONE', *, *, #8012, .F. ) ;
#7153 = VECTOR ( 'NONE', #9056, 1000.000000000000114 ) ;
#7154 = ORIENTED_EDGE ( 'NONE', *, *, #63, .F. ) ;
#7155 = CIRCLE ( 'NONE', #8314, 79.99999999999995737 ) ;
#7157 = EDGE_CURVE ( 'NONE', #2634, #5044, #4096, .T. ) ;
#7156 = PRODUCT_CONTEXT ( 'NONE', #7342, 'mechanical' ) ;
#7158 = ADVANCED_FACE ( 'NONE', ( #7804 ), #83, .F. ) ;
#7159 =( GEOMETRIC_REPRESENTATION_CONTEXT ( 3 ) GLOBAL_UNCERTAINTY_ASSIGNED_CONTEXT ( ( #1378 ) ) GLOBAL_UNIT_ASSIGNED_CONTEXT ( ( #5255, #1555, #3749 ) ) REPRESENTATION_CONTEXT ( 'NONE', 'WORKASPACE' ) );
#7160 = ORIENTED_EDGE ( 'NONE', *, *, #2320, .T. ) ;
#7161 = CARTESIAN_POINT ( 'NONE',  ( -14500.00000000002001, -725.0021062409357455, -757.0854464784603124 ) ) ;
#7162 = VECTOR ( 'NONE', #8705, 1000.000000000000000 ) ;
#7163 = ORIENTED_EDGE ( 'NONE', *, *, #3054, .F. ) ;
#7164 = EDGE_LOOP ( 'NONE', ( #4136, #5819, #6168, #1857 ) ) ;
#7165 = EDGE_LOOP ( 'NONE', ( #7291, #1821, #4803, #6850 ) ) ;
#7166 = DIRECTION ( 'NONE',  ( 6.162975822039347682E-33, -1.000000000000000000, -1.565883710993464680E-14 ) ) ;
#7167 = CARTESIAN_POINT ( 'NONE',  ( -13899.99999999999818, 814.9999999999972715, -459.9999999999978968 ) ) ;
#7168 = AXIS2_PLACEMENT_3D ( 'NONE', #9063, #8271, #3026 ) ;
#7169 = AXIS2_PLACEMENT_3D ( 'NONE', #3428, #2093, #426 ) ;
#7170 = CARTESIAN_POINT ( 'NONE',  ( -11411.43189860506209, -747.0986934586336474, -637.0854464784592892 ) ) ;
#7171 = DIRECTION ( 'NONE',  ( -0.000000000000000000, 0.000000000000000000, 1.000000000000000000 ) ) ;
#7172 = VECTOR ( 'NONE', #6023, 1000.000000000000000 ) ;
#7173 = CARTESIAN_POINT ( 'NONE',  ( -12923.68347295909734, 989.9999999999984084, -660.0000000000001137 ) ) ;
#7174 = DIRECTION ( 'NONE',  ( -1.000000000000000000, 0.000000000000000000, 1.189916929857710326E-16 ) ) ;
#7175 = CIRCLE ( 'NONE', #3648, 460.0000000000000000 ) ;
#7176 = CARTESIAN_POINT ( 'NONE',  ( -11437.50000000000000, 739.9999999999984084, -1135.000000000000227 ) ) ;
#7177 = CIRCLE ( 'NONE', #2861, 100.0000000000000284 ) ;
#7178 = LINE ( 'NONE', #9482, #6523 ) ;
#7179 = ORIENTED_EDGE ( 'NONE', *, *, #839, .T. ) ;
#7180 = DIRECTION ( 'NONE',  ( -6.162975822039157467E-33, 1.000000000000000000, 2.775557561563032360E-16 ) ) ;
#7181 = VECTOR ( 'NONE', #5626, 1000.000000000000000 ) ;
#7182 = VERTEX_POINT ( 'NONE', #7050 ) ;
#7183 = CARTESIAN_POINT ( 'NONE',  ( -12800.00000000000000, 989.9999999999984084, -960.0000000000002274 ) ) ;
#7184 = CARTESIAN_POINT ( 'NONE',  ( -13250.00000000000000, -899.9999999999986358, -769.9999999999963620 ) ) ;
#7185 = CIRCLE ( 'NONE', #4928, 149.9999999999999147 ) ;
#7186 = DIRECTION ( 'NONE',  ( 6.123233995732905548E-17, 0.4999999999996849187, 0.8660254037846205621 ) ) ;
#7187 = CARTESIAN_POINT ( 'NONE',  ( -11411.43189860506209, -295.9385695031828050, -504.9802145985046309 ) ) ;
#7188 = VECTOR ( 'NONE', #2942, 1000.000000000000000 ) ;
#7189 = VERTEX_POINT ( 'NONE', #232 ) ;
#7190 = FACE_OUTER_BOUND ( 'NONE', #4162, .T. ) ;
#7191 = VECTOR ( 'NONE', #3807, 1000.000000000000000 ) ;
#7192 = EDGE_CURVE ( 'NONE', #4587, #4474, #9386, .T. ) ;
#7193 = ADVANCED_FACE ( 'NONE', ( #1475 ), #4507, .F. ) ;
#7194 = EDGE_CURVE ( 'NONE', #7997, #3057, #713, .T. ) ;
#7195 = DIRECTION ( 'NONE',  ( 1.000000000000000000, -3.552713678800497774E-15, 0.000000000000000000 ) ) ;
#7196 = VECTOR ( 'NONE', #2496, 1000.000000000000000 ) ;
#7197 = VERTEX_POINT ( 'NONE', #9888 ) ;
#7198 = ORIENTED_EDGE ( 'NONE', *, *, #34, .F. ) ;
#7199 = DIRECTION ( 'NONE',  ( -1.000000000000000000, 0.000000000000000000, 0.000000000000000000 ) ) ;
#7200 = EDGE_LOOP ( 'NONE', ( #4648, #6812, #4149, #1303, #5406, #1771, #2202, #2612, #6170, #5079, #7753, #3945, #2072, #4579, #4174 ) ) ;
#7201 = ORIENTED_EDGE ( 'NONE', *, *, #3103, .T. ) ;
#7202 = DIRECTION ( 'NONE',  ( 0.000000000000000000, 1.000000000000000000, 0.000000000000000000 ) ) ;
#7203 = LINE ( 'NONE', #7381, #3716 ) ;
#7204 = CARTESIAN_POINT ( 'NONE',  ( -13948.20772119394496, -9753.686360283016256, -849.6342572279658043 ) ) ;
#7205 = CARTESIAN_POINT ( 'NONE',  ( -19120.00000000000000, 875.0000000000000000, -1210.000000000000000 ) ) ;
#7206 = DIRECTION ( 'NONE',  ( -1.000000000000000000, 0.000000000000000000, 0.000000000000000000 ) ) ;
#7207 = AXIS2_PLACEMENT_3D ( 'NONE', #8113, #4307, #1213 ) ;
#7208 = ORIENTED_EDGE ( 'NONE', *, *, #8287, .F. ) ;
#7209 = EDGE_CURVE ( 'NONE', #444, #2941, #6828, .T. ) ;
#7210 = AXIS2_PLACEMENT_3D ( 'NONE', #4236, #2098, #5133 ) ;
#7211 = EDGE_CURVE ( 'NONE', #3909, #2956, #6078, .T. ) ;
#7212 = ORIENTED_EDGE ( 'NONE', *, *, #2092, .F. ) ;
#7213 = ORIENTED_EDGE ( 'NONE', *, *, #4370, .F. ) ;
#7214 = DIRECTION ( 'NONE',  ( -1.000000000000000000, 0.000000000000000000, 0.000000000000000000 ) ) ;
#7215 = ITEM_DEFINED_TRANSFORMATION ( 'NONE', 'NONE', #6216,  #4904 ) ;
#7216 = VERTEX_POINT ( 'NONE', #3617 ) ;
#7217 = LINE ( 'NONE', #353, #3484 ) ;
#7218 = EDGE_CURVE ( 'NONE', #5514, #1441, #9040, .T. ) ;
#7219 = EDGE_CURVE ( 'NONE', #2102, #9845, #3177, .T. ) ;
#7220 = EDGE_LOOP ( 'NONE', ( #1184, #8988, #1765, #6253, #9919, #3180, #2583 ) ) ;
#7221 = VERTEX_POINT ( 'NONE', #7847 ) ;
#7222 = ORIENTED_EDGE ( 'NONE', *, *, #6487, .T. ) ;
#7223 = CARTESIAN_POINT ( 'NONE',  ( -15419.32881082469248, 0.000000000000000000, -4241.944871367028099 ) ) ;
#7224 = ORIENTED_EDGE ( 'NONE', *, *, #9143, .T. ) ;
#7225 = CARTESIAN_POINT ( 'NONE',  ( -12100.00000000000182, 679.9999999999979536, -459.9999999999979536 ) ) ;
#7226 = CARTESIAN_POINT ( 'NONE',  ( -14588.56810139493791, 1077.499998843224375, -757.0854464784597440 ) ) ;
#7227 = LINE ( 'NONE', #1167, #9605 ) ;
#7228 = CARTESIAN_POINT ( 'NONE',  ( -346.4101615137744261, -311.4982215127146787, -1135.000000000000227 ) ) ;
#7229 = DIRECTION ( 'NONE',  ( 1.232595164407830672E-32, 3.301729611148415602E-16, -1.000000000000000000 ) ) ;
#7230 = EDGE_CURVE ( 'NONE', #4020, #4027, #1862, .T. ) ;
#7231 = CIRCLE ( 'NONE', #2905, 50.00000000000071054 ) ;
#7232 = CARTESIAN_POINT ( 'NONE',  ( -13899.99999999999818, -814.9999999999974989, -459.9999999999983515 ) ) ;
#7233 = PLANE ( 'NONE',  #3792 ) ;
#7234 = CARTESIAN_POINT ( 'NONE',  ( -1849.999999999999545, 211.4982215127146787, -960.0000000000002274 ) ) ;
#7235 = DIRECTION ( 'NONE',  ( -2.376075833082705998E-33, 0.9581400679044367319, -0.2862998607685330321 ) ) ;
#7236 = VECTOR ( 'NONE', #9138, 1000.000000000000000 ) ;
#7237 = DIRECTION ( 'NONE',  ( 1.000000000000000000, 0.000000000000000000, 0.000000000000000000 ) ) ;
#7238 = ORIENTED_EDGE ( 'NONE', *, *, #8226, .F. ) ;
#7239 = CARTESIAN_POINT ( 'NONE',  ( 0.000000000000000000, -875.0000000000000000, -1060.000000000000000 ) ) ;
#7240 = LINE ( 'NONE', #9643, #1103 ) ;
#7241 = VECTOR ( 'NONE', #8047, 1000.000000000000000 ) ;
#7242 = DIRECTION ( 'NONE',  ( 0.000000000000000000, 0.000000000000000000, -1.000000000000000000 ) ) ;
#7243 = ORIENTED_EDGE ( 'NONE', *, *, #9774, .T. ) ;
#7244 = VERTEX_POINT ( 'NONE', #3985 ) ;
#7245 = CARTESIAN_POINT ( 'NONE',  ( -19120.00000000000000, -875.0000000000000000, -910.0000000000001137 ) ) ;
#7246 = CARTESIAN_POINT ( 'NONE',  ( -12750.00000000000000, 732.4719190560189190, -589.9999999999965894 ) ) ;
#7247 = LINE ( 'NONE', #382, #6396 ) ;
#7248 = CARTESIAN_POINT ( 'NONE',  ( -13100.00000000000182, 750.6144545436229691, -960.0000000000002274 ) ) ;
#7249 = CARTESIAN_POINT ( 'NONE',  ( -1849.999999999999545, 311.4982215127146787, -960.0000000000000000 ) ) ;
#7250 = AXIS2_PLACEMENT_3D ( 'NONE', #5678, #5779, #3373 ) ;
#7251 = ORIENTED_EDGE ( 'NONE', *, *, #9661, .T. ) ;
#7252 = DIRECTION ( 'NONE',  ( 6.162975822039157467E-33, -1.000000000000000000, -2.775557561563032360E-16 ) ) ;
#7253 = ORIENTED_EDGE ( 'NONE', *, *, #8126, .F. ) ;
#7254 = EDGE_CURVE ( 'NONE', #9494, #2553, #3264, .T. ) ;
#7255 = EDGE_CURVE ( 'NONE', #8277, #4804, #7632, .T. ) ;
#7256 = EDGE_CURVE ( 'NONE', #6999, #1651, #9676, .T. ) ;
#7257 = ORIENTED_EDGE ( 'NONE', *, *, #7219, .T. ) ;
#7258 = CARTESIAN_POINT ( 'NONE',  ( -2.914659381970696526E-13, 1189.999999999998408, -960.0000000000002274 ) ) ;
#7259 = ORIENTED_EDGE ( 'NONE', *, *, #4898, .F. ) ;
#7260 = ORIENTED_EDGE ( 'NONE', *, *, #8845, .F. ) ;
#7261 = CARTESIAN_POINT ( 'NONE',  ( -3930.251481490694459, 9753.686360283016256, -1059.999999999999091 ) ) ;
#7262 = CARTESIAN_POINT ( 'NONE',  ( -11501.88379915643600, -731.6596157893138752, -632.5646946938458086 ) ) ;
#7263 = CARTESIAN_POINT ( 'NONE',  ( -13200.00000000000182, -618.9114148497025099, -960.0000000000000000 ) ) ;
#7264 = EDGE_CURVE ( 'NONE', #4001, #1652, #6094, .T. ) ;
#7265 = DIRECTION ( 'NONE',  ( -1.000000000000000000, -2.400482215405744004E-16, 1.223127061027714285E-16 ) ) ;
#7266 = DIRECTION ( 'NONE',  ( 0.000000000000000000, -0.000000000000000000, -1.000000000000000000 ) ) ;
#7267 = CARTESIAN_POINT ( 'NONE',  ( -5576.316527040902656, -1189.999999999998408, -760.0000000000010232 ) ) ;
#7268 = CARTESIAN_POINT ( 'NONE',  ( -14500.00000000002001, -747.0986934586336474, -637.0854464784592892 ) ) ;
#7269 = CARTESIAN_POINT ( 'NONE',  ( -11880.00000000000182, 814.9999999999972715, -239.9999999999979821 ) ) ;
#7270 = CARTESIAN_POINT ( 'NONE',  ( -13100.00000000000182, -618.9114148497025099, -1135.000000000000227 ) ) ;
#7271 = DIRECTION ( 'NONE',  ( 1.000000000000000000, 0.000000000000000000, 0.000000000000000000 ) ) ;
#7272 = ADVANCED_FACE ( 'NONE', ( #8205 ), #5899, .F. ) ;
#7273 = CARTESIAN_POINT ( 'NONE',  ( -13250.00000000000000, 190.0000000000006253, -350.9999999999987494 ) ) ;
#7274 = CARTESIAN_POINT ( 'NONE',  ( -1949.999999999999773, 311.4982215127146787, -1135.000000000000227 ) ) ;
#7275 = CARTESIAN_POINT ( 'NONE',  ( -1.174201978586608096E-13, 989.9999999999984084, -960.0000000000020464 ) ) ;
#7276 = ORIENTED_EDGE ( 'NONE', *, *, #51, .F. ) ;
#7277 = CARTESIAN_POINT ( 'NONE',  ( -14500.00000000002001, 295.9385695031826913, -504.9802145985045172 ) ) ;
#7278 = VECTOR ( 'NONE', #8632, 1000.000000000000000 ) ;
#7279 = CARTESIAN_POINT ( 'NONE',  ( -12800.00000000000000, -740.0000000000014779, -1135.000000000000227 ) ) ;
#7280 = ORIENTED_EDGE ( 'NONE', *, *, #1050, .F. ) ;
#7281 = ORIENTED_EDGE ( 'NONE', *, *, #916, .F. ) ;
#7282 = VERTEX_POINT ( 'NONE', #1357 ) ;
#7283 = DIRECTION ( 'NONE',  ( -0.000000000000000000, 1.000000000000000000, -0.000000000000000000 ) ) ;
#7284 = LINE ( 'NONE', #5882, #2828 ) ;
#7285 = CARTESIAN_POINT ( 'NONE',  ( -14569.74851850929372, 1089.999999999998181, -1009.999999999997158 ) ) ;
#7286 = CARTESIAN_POINT ( 'NONE',  ( 588.6859966642593918, -875.0000000000000000, -1060.000000000000000 ) ) ;
#7287 = AXIS2_PLACEMENT_3D ( 'NONE', #6799, #4377, #1448 ) ;
#7288 = LINE ( 'NONE', #3485, #6663 ) ;
#7289 = ORIENTED_EDGE ( 'NONE', *, *, #3458, .F. ) ;
#7290 = CARTESIAN_POINT ( 'NONE',  ( -18500.00000000000000, 1189.999999999998408, -1160.000000000000227 ) ) ;
#7291 = ORIENTED_EDGE ( 'NONE', *, *, #3781, .F. ) ;
#7292 = EDGE_CURVE ( 'NONE', #7244, #391, #3647, .T. ) ;
#7293 = VECTOR ( 'NONE', #5191, 1000.000000000000000 ) ;
#7294 = ORIENTED_EDGE ( 'NONE', *, *, #8415, .T. ) ;
#7295 = DIRECTION ( 'NONE',  ( 1.000000000000000000, 0.000000000000000000, 0.000000000000000000 ) ) ;
#7296 = DIRECTION ( 'NONE',  ( 1.232595164407830672E-32, 2.775557561563032360E-16, -1.000000000000000000 ) ) ;
#7297 = AXIS2_PLACEMENT_3D ( 'NONE', #126, #984, #4036 ) ;
#7298 = ADVANCED_FACE ( 'NONE', ( #2899 ), #100, .F. ) ;
#7299 = EDGE_CURVE ( 'NONE', #4631, #8709, #6494, .T. ) ;
#7300 = ADVANCED_FACE ( 'NONE', ( #1503 ), #1666, .F. ) ;
#7301 = ORIENTED_EDGE ( 'NONE', *, *, #1140, .F. ) ;
#7302 = ORIENTED_EDGE ( 'NONE', *, *, #4450, .T. ) ;
#7303 = PLANE ( 'NONE',  #4166 ) ;
#7304 = CARTESIAN_POINT ( 'NONE',  ( -13250.00000000000000, 4.163336342343563943E-15, -725.0000000000051159 ) ) ;
#7305 = DIRECTION ( 'NONE',  ( 0.000000000000000000, 0.000000000000000000, -1.000000000000000000 ) ) ;
#7306 = VECTOR ( 'NONE', #2154, 1000.000000000000000 ) ;
#7307 = FACE_OUTER_BOUND ( 'NONE', #52, .T. ) ;
#7308 = DIRECTION ( 'NONE',  ( 0.000000000000000000, -0.000000000000000000, -1.000000000000000000 ) ) ;
#7309 = CARTESIAN_POINT ( 'NONE',  ( -13250.00000000000000, 1077.499998843224375, -637.0854464784587208 ) ) ;
#7310 = CARTESIAN_POINT ( 'NONE',  ( -2599.999999999999545, 989.9999999999984084, -960.0000000000002274 ) ) ;
#7311 = ORIENTED_EDGE ( 'NONE', *, *, #4933, .F. ) ;
#7312 = CARTESIAN_POINT ( 'NONE',  ( -12100.00000000000182, 1054.999999999997272, -459.9999999999978400 ) ) ;
#7313 = VECTOR ( 'NONE', #8935, 1000.000000000000114 ) ;
#7314 = ADVANCED_FACE ( 'NONE', ( #6264 ), #3860, .F. ) ;
#7315 = VERTEX_POINT ( 'NONE', #2366 ) ;
#7316 = DIRECTION ( 'NONE',  ( -1.432545838226008399E-17, 1.000000000000000000, 0.000000000000000000 ) ) ;
#7317 = DIRECTION ( 'NONE',  ( -0.000000000000000000, 1.000000000000000000, -0.000000000000000000 ) ) ;
#7318 = LINE ( 'NONE', #2685, #2621 ) ;
#7319 = CARTESIAN_POINT ( 'NONE',  ( -11499.99999999997999, 725.0021062409357455, -757.0854464784598576 ) ) ;
#7320 = FACE_OUTER_BOUND ( 'NONE', #5905, .T. ) ;
#7321 = DIRECTION ( 'NONE',  ( 0.000000000000000000, -1.000000000000000000, -5.551115123125784674E-16 ) ) ;
#7322 = LINE ( 'NONE', #8132, #8618 ) ;
#7323 = VECTOR ( 'NONE', #3178, 1000.000000000000000 ) ;
#7324 = AXIS2_PLACEMENT_3D ( 'NONE', #8873, #274, #8037 ) ;
#7325 = PLANE ( 'NONE',  #7652 ) ;
#7326 = EDGE_CURVE ( 'NONE', #9836, #9657, #1706, .T. ) ;
#7327 = ADVANCED_FACE ( 'NONE', ( #6911 ), #8462, .T. ) ;
#7328 = ORIENTED_EDGE ( 'NONE', *, *, #7773, .F. ) ;
#7329 = ORIENTED_EDGE ( 'NONE', *, *, #1199, .F. ) ;
#7330 = PLANE ( 'NONE',  #1286 ) ;
#7331 = EDGE_LOOP ( 'NONE', ( #1760, #7999, #4994, #4971 ) ) ;
#7332 = ORIENTED_EDGE ( 'NONE', *, *, #8556, .T. ) ;
#7333 = AXIS2_PLACEMENT_3D ( 'NONE', #7263, #398, #2673 ) ;
#7334 = CARTESIAN_POINT ( 'NONE',  ( -11687.50000000000000, -740.0000000000013642, -4241.944871367028099 ) ) ;
#7335 = DIRECTION ( 'NONE',  ( 0.000000000000000000, 0.000000000000000000, -1.000000000000000000 ) ) ;
#7336 = AXIS2_PLACEMENT_3D ( 'NONE', #5186, #7489, #636 ) ;
#7337 = DIRECTION ( 'NONE',  ( 6.162975822039157467E-33, -1.000000000000000000, -2.775557561563032360E-16 ) ) ;
#7338 = CIRCLE ( 'NONE', #1926, 250.0000000000000000 ) ;
#7339 = CYLINDRICAL_SURFACE ( 'NONE', #3526, 79.99999999999995737 ) ;
#7340 = CARTESIAN_POINT ( 'NONE',  ( -9775.000000000000000, 989.9999999999984084, -960.0000000000009095 ) ) ;
#7341 = VECTOR ( 'NONE', #2238, 1000.000000000000000 ) ;
#7342 = APPLICATION_CONTEXT ( 'automotive_design' ) ;
#7343 = ORIENTED_EDGE ( 'NONE', *, *, #3881, .T. ) ;
#7344 = VECTOR ( 'NONE', #2857, 1000.000000000000000 ) ;
#7345 = LINE ( 'NONE', #4341, #5897 ) ;
#7346 = AXIS2_PLACEMENT_3D ( 'NONE', #9786, #5211, #9736 ) ;
#7347 = VECTOR ( 'NONE', #2655, 1000.000000000000000 ) ;
#7348 = ORIENTED_EDGE ( 'NONE', *, *, #6469, .F. ) ;
#7349 = LINE ( 'NONE', #3499, #5682 ) ;
#7350 = ORIENTED_EDGE ( 'NONE', *, *, #8194, .T. ) ;
#7351 = ORIENTED_EDGE ( 'NONE', *, *, #128, .T. ) ;
#7352 = ORIENTED_EDGE ( 'NONE', *, *, #715, .T. ) ;
#7353 = DIRECTION ( 'NONE',  ( -1.000000000000000000, 0.000000000000000000, 1.669587230693022918E-16 ) ) ;
#7354 = CARTESIAN_POINT ( 'NONE',  ( -12244.99999999992906, 1077.499998843224375, -860.0000000000226237 ) ) ;
#7355 = LINE ( 'NONE', #4585, #6542 ) ;
#7356 = CARTESIAN_POINT ( 'NONE',  ( -12750.00000000000000, 190.0000000000006821, -623.7872381793326895 ) ) ;
#7357 = EDGE_CURVE ( 'NONE', #4343, #7531, #7872, .T. ) ;
#7358 = DIRECTION ( 'NONE',  ( 1.000000000000000000, -0.000000000000000000, -0.000000000000000000 ) ) ;
#7359 = EDGE_CURVE ( 'NONE', #1196, #9401, #203, .T. ) ;
#7360 = ORIENTED_EDGE ( 'NONE', *, *, #6520, .F. ) ;
#7361 = VERTEX_POINT ( 'NONE', #5652 ) ;
#7362 = ORIENTED_EDGE ( 'NONE', *, *, #8564, .F. ) ;
#7363 = CARTESIAN_POINT ( 'NONE',  ( -14588.56810139493791, -1077.499998843224375, -757.0854464784604261 ) ) ;
#7364 = DIRECTION ( 'NONE',  ( 0.000000000000000000, -1.000000000000000000, 0.000000000000000000 ) ) ;
#7365 = PLANE ( 'NONE',  #1642 ) ;
#7366 = CARTESIAN_POINT ( 'NONE',  ( 0.000000000000000000, 0.000000000000000000, -1135.000000000000227 ) ) ;
#7367 = DIRECTION ( 'NONE',  ( -0.000000000000000000, 0.000000000000000000, 1.000000000000000000 ) ) ;
#7368 = EDGE_CURVE ( 'NONE', #1391, #275, #740, .T. ) ;
#7369 = CARTESIAN_POINT ( 'NONE',  ( -7612.500000000000000, 989.9999999999984084, -4241.944871367028099 ) ) ;
#7370 = CARTESIAN_POINT ( 'NONE',  ( -16550.00000000000000, 200.0000000000000000, -825.0000000000001137 ) ) ;
#7371 = EDGE_CURVE ( 'NONE', #5173, #3092, #1004, .T. ) ;
#7372 = CARTESIAN_POINT ( 'NONE',  ( -12500.00000000000182, 814.9999999999972715, -306.2059048389984355 ) ) ;
#7373 = ORIENTED_EDGE ( 'NONE', *, *, #2615, .T. ) ;
#7374 = ORIENTED_EDGE ( 'NONE', *, *, #2441, .F. ) ;
#7375 = CARTESIAN_POINT ( 'NONE',  ( -7612.500000000000000, 989.9999999999984084, -1135.000000000000227 ) ) ;
#7376 = VERTEX_POINT ( 'NONE', #7822 ) ;
#7377 = CARTESIAN_POINT ( 'NONE',  ( -14569.74851850929372, 9753.686360283016256, -1059.999999999997499 ) ) ;
#7378 = ORIENTED_EDGE ( 'NONE', *, *, #3086, .T. ) ;
#7379 = DIRECTION ( 'NONE',  ( 0.000000000000000000, -0.000000000000000000, -1.000000000000000000 ) ) ;
#7380 = AXIS2_PLACEMENT_3D ( 'NONE', #7988, #1136, #7237 ) ;
#7381 = CARTESIAN_POINT ( 'NONE',  ( -12750.00000000000000, -732.4719190560189190, -589.9999999999970441 ) ) ;
#7382 = FACE_OUTER_BOUND ( 'NONE', #3302, .T. ) ;
#7383 = CYLINDRICAL_SURFACE ( 'NONE', #750, 199.9999999999999432 ) ;
#7384 = EDGE_CURVE ( 'NONE', #966, #3210, #7065, .T. ) ;
#7385 = VERTEX_POINT ( 'NONE', #1806 ) ;
#7386 = ADVANCED_FACE ( 'NONE', ( #295 ), #8707, .T. ) ;
#7387 = DIRECTION ( 'NONE',  ( 0.000000000000000000, 0.000000000000000000, 1.000000000000000000 ) ) ;
#7388 = CARTESIAN_POINT ( 'NONE',  ( -13250.00000000000000, -899.9999999999986358, -350.9999999999989768 ) ) ;
#7389 = CIRCLE ( 'NONE', #9480, 50.00000000000004263 ) ;
#7390 = VERTEX_POINT ( 'NONE', #8806 ) ;
#7391 = FACE_OUTER_BOUND ( 'NONE', #9293, .T. ) ;
#7392 = AXIS2_PLACEMENT_3D ( 'NONE', #8262, #709, #3760 ) ;
#7393 = EDGE_CURVE ( 'NONE', #4509, #8523, #2018, .T. ) ;
#7394 = EDGE_CURVE ( 'NONE', #3986, #9412, #8886, .T. ) ;
#7395 = ORIENTED_EDGE ( 'NONE', *, *, #245, .F. ) ;
#7396 = DIRECTION ( 'NONE',  ( -0.000000000000000000, 0.000000000000000000, 1.000000000000000000 ) ) ;
#7397 = ORIENTED_EDGE ( 'NONE', *, *, #1945, .F. ) ;
#7398 = ORIENTED_EDGE ( 'NONE', *, *, #270, .F. ) ;
#7399 = ORIENTED_EDGE ( 'NONE', *, *, #3912, .T. ) ;
#7400 = DIRECTION ( 'NONE',  ( 1.000000000000000000, 0.000000000000000000, 0.000000000000000000 ) ) ;
#7401 = LINE ( 'NONE', #539, #309 ) ;
#7402 = CARTESIAN_POINT ( 'NONE',  ( -7062.500000000000000, 989.9999999999984084, -1135.000000000000227 ) ) ;
#7403 = CARTESIAN_POINT ( 'NONE',  ( -13200.00000000000182, -618.9114148497025099, -4241.944871367028099 ) ) ;
#7404 = CARTESIAN_POINT ( 'NONE',  ( -9525.000000000000000, -989.9999999999997726, -1135.000000000000227 ) ) ;
#7405 = ORIENTED_EDGE ( 'NONE', *, *, #2197, .T. ) ;
#7406 = CARTESIAN_POINT ( 'NONE',  ( -14299.99999999999818, -899.9999999999986358, -637.0854464784594029 ) ) ;
#7407 = ORIENTED_EDGE ( 'NONE', *, *, #7043, .T. ) ;
#7408 = FACE_OUTER_BOUND ( 'NONE', #5666, .T. ) ;
#7409 = CARTESIAN_POINT ( 'NONE',  ( -1849.999999999999545, 311.4982215127146787, -1135.000000000000227 ) ) ;
#7410 = CARTESIAN_POINT ( 'NONE',  ( -11499.99999999997999, -725.0021062409357455, -757.0854464784603124 ) ) ;
#7411 = FACE_OUTER_BOUND ( 'NONE', #8665, .T. ) ;
#7412 = DIRECTION ( 'NONE',  ( -1.000000000000000000, -0.000000000000000000, -0.000000000000000000 ) ) ;
#7413 = FACE_OUTER_BOUND ( 'NONE', #3597, .T. ) ;
#7414 = CARTESIAN_POINT ( 'NONE',  ( -11500.52365766649018, -716.7063271559467239, -754.6066018120500303 ) ) ;
#7415 = DIRECTION ( 'NONE',  ( -0.000000000000000000, -0.000000000000000000, -1.000000000000000000 ) ) ;
#7416 = EDGE_CURVE ( 'NONE', #9401, #8312, #1204, .T. ) ;
#7417 = EDGE_CURVE ( 'NONE', #7831, #9509, #8059, .T. ) ;
#7418 = VERTEX_POINT ( 'NONE', #4995 ) ;
#7419 = CARTESIAN_POINT ( 'NONE',  ( -12100.00000000000182, 190.0000000000006821, -539.9999999999980673 ) ) ;
#7420 = ORIENTED_EDGE ( 'NONE', *, *, #8630, .F. ) ;
#7421 = EDGE_CURVE ( 'NONE', #2055, #2457, #5045, .T. ) ;
#7422 = FACE_OUTER_BOUND ( 'NONE', #4237, .T. ) ;
#7423 = DIRECTION ( 'NONE',  ( -1.432545838226008399E-17, 1.000000000000000000, -0.000000000000000000 ) ) ;
#7424 = LINE ( 'NONE', #9503, #6235 ) ;
#7425 = ORIENTED_EDGE ( 'NONE', *, *, #1829, .T. ) ;
#7426 = CARTESIAN_POINT ( 'NONE',  ( -11687.01208824004425, -899.9999999999986358, -761.6116762475800215 ) ) ;
#7427 = ORIENTED_EDGE ( 'NONE', *, *, #7925, .T. ) ;
#7428 = EDGE_CURVE ( 'NONE', #7197, #6659, #1958, .T. ) ;
#7429 = ORIENTED_EDGE ( 'NONE', *, *, #6178, .F. ) ;
#7430 = FACE_OUTER_BOUND ( 'NONE', #4700, .T. ) ;
#7431 = ORIENTED_EDGE ( 'NONE', *, *, #8732, .T. ) ;
#7432 = ADVANCED_FACE ( 'NONE', ( #4243 ), #5705, .T. ) ;
#7433 = CARTESIAN_POINT ( 'NONE',  ( -16023.13766635222419, -246.8767314595583571, -960.0000000000002274 ) ) ;
#7434 = CARTESIAN_POINT ( 'NONE',  ( -13755.00000000007094, -1077.499998843224375, -860.0000000000231921 ) ) ;
#7435 = CARTESIAN_POINT ( 'NONE',  ( -6812.500000000000000, -740.0000000000001137, -960.0000000000002274 ) ) ;
#7436 = AXIS2_PLACEMENT_3D ( 'NONE', #2535, #5577, #7743 ) ;
#7437 = VERTEX_POINT ( 'NONE', #1058 ) ;
#7438 = CARTESIAN_POINT ( 'NONE',  ( -14569.74851850929372, 9753.686360283016256, -1009.999999999997158 ) ) ;
#7439 = VERTEX_POINT ( 'NONE', #2620 ) ;
#7440 = EDGE_CURVE ( 'NONE', #2553, #6617, #6559, .T. ) ;
#7441 = ORIENTED_EDGE ( 'NONE', *, *, #8099, .F. ) ;
#7442 = EDGE_CURVE ( 'NONE', #7708, #4543, #5658, .T. ) ;
#7443 = EDGE_LOOP ( 'NONE', ( #109, #7863, #5954, #8562, #3040, #6367, #2340, #7677, #7431, #1617, #9200, #1761, #518, #6344, #403, #5606 ) ) ;
#7444 = DIRECTION ( 'NONE',  ( -6.162975822039157467E-33, 1.000000000000000000, 2.775557561563032360E-16 ) ) ;
#7445 = FILL_AREA_STYLE ('',( #6652 ) ) ;
#7446 = CIRCLE ( 'NONE', #9539, 149.9999999999999147 ) ;
#7447 = FACE_OUTER_BOUND ( 'NONE', #9433, .T. ) ;
#7448 = LINE ( 'NONE', #502, #1889 ) ;
#7449 = LINE ( 'NONE', #5911, #1300 ) ;
#7450 = CIRCLE ( 'NONE', #4405, 35.00000000000014211 ) ;
#7451 = ORIENTED_EDGE ( 'NONE', *, *, #5565, .F. ) ;
#7452 = ORIENTED_EDGE ( 'NONE', *, *, #9727, .F. ) ;
#7453 = LINE ( 'NONE', #9828, #5091 ) ;
#7454 = AXIS2_PLACEMENT_3D ( 'NONE', #1831, #5531, #4859 ) ;
#7455 = CARTESIAN_POINT ( 'NONE',  ( -5949.999999999999091, 739.9999999999984084, -1135.000000000000227 ) ) ;
#7456 = LINE ( 'NONE', #608, #4682 ) ;
#7457 = PRODUCT_DEFINITION_SHAPE ( 'NONE', 'NONE',  #6316 ) ;
#7458 = DIRECTION ( 'NONE',  ( 1.000000000000000000, 0.000000000000000000, 0.000000000000000000 ) ) ;
#7459 = DIRECTION ( 'NONE',  ( -1.000000000000000000, -6.162975822039151993E-33, -1.232595164407830946E-32 ) ) ;
#7460 = APPLICATION_CONTEXT ( 'automotive_design' ) ;
#7461 = DIRECTION ( 'NONE',  ( 1.000000000000000000, 0.000000000000000000, 0.000000000000000000 ) ) ;
#7462 = MECHANICAL_DESIGN_GEOMETRIC_PRESENTATION_REPRESENTATION (  '', ( #1888 ), #2702 ) ;
#7463 = VECTOR ( 'NONE', #827, 1000.000000000000000 ) ;
#7464 = AXIS2_PLACEMENT_3D ( 'NONE', #3828, #779, #2339 ) ;
#7465 = DIRECTION ( 'NONE',  ( 6.162975822039157467E-33, -1.000000000000000000, -3.301729611148415602E-16 ) ) ;
#7466 = EDGE_LOOP ( 'NONE', ( #334, #1358, #9703, #2051 ) ) ;
#7467 = DIRECTION ( 'NONE',  ( 0.000000000000000000, 0.000000000000000000, 1.000000000000000000 ) ) ;
#7468 = UNCERTAINTY_MEASURE_WITH_UNIT (LENGTH_MEASURE( 1.000000000000000082E-05 ), #158, 'distance_accuracy_value', 'NONE');
#7469 = ORIENTED_EDGE ( 'NONE', *, *, #1078, .F. ) ;
#7470 = CARTESIAN_POINT ( 'NONE',  ( -6812.500000000000000, -990.0000000000001137, -960.0000000000011369 ) ) ;
#7471 = ORIENTED_EDGE ( 'NONE', *, *, #5934, .F. ) ;
#7472 = LINE ( 'NONE', #7532, #3642 ) ;
#7473 = FACE_OUTER_BOUND ( 'NONE', #4649, .T. ) ;
#7474 = PRODUCT_DEFINITION_FORMATION_WITH_SPECIFIED_SOURCE ( 'TUTTO', '', #4987, .NOT_KNOWN. ) ;
#7475 = VECTOR ( 'NONE', #1232, 1000.000000000000000 ) ;
#7476 = DIRECTION ( 'NONE',  ( 0.000000000000000000, 0.000000000000000000, 1.000000000000000000 ) ) ;
#7477 = PLANE ( 'NONE',  #5763 ) ;
#7478 = VECTOR ( 'NONE', #8221, 1000.000000000000000 ) ;
#7479 = DIRECTION ( 'NONE',  ( -1.000000000000000000, 0.000000000000000000, 0.000000000000000000 ) ) ;
#7480 = EDGE_CURVE ( 'NONE', #1404, #3255, #7962, .T. ) ;
#7481 = ORIENTED_EDGE ( 'NONE', *, *, #50, .F. ) ;
#7482 = LINE ( 'NONE', #9127, #8578 ) ;
#7483 = ADVANCED_FACE ( 'NONE', ( #3400 ), #9465, .T. ) ;
#7484 = AXIS2_PLACEMENT_3D ( 'NONE', #7816, #901, #5508 ) ;
#7485 = ORIENTED_EDGE ( 'NONE', *, *, #4023, .T. ) ;
#7486 = VERTEX_POINT ( 'NONE', #6419 ) ;
#7487 = CIRCLE ( 'NONE', #4932, 99.99999999999964473 ) ;
#7488 = DIRECTION ( 'NONE',  ( -1.000000000000000000, 0.000000000000000000, 0.000000000000000000 ) ) ;
#7489 = DIRECTION ( 'NONE',  ( -6.162975822039157467E-33, 1.000000000000000000, 3.301729611148415602E-16 ) ) ;
#7490 = LINE ( 'NONE', #9707, #5702 ) ;
#7491 = CARTESIAN_POINT ( 'NONE',  ( -18153.58983848622665, 311.4982215127146787, -1135.000000000000227 ) ) ;
#7492 = AXIS2_PLACEMENT_3D ( 'NONE', #7745, #6133, #7693 ) ;
#7493 = VECTOR ( 'NONE', #3730, 1000.000000000000000 ) ;
#7494 = EDGE_CURVE ( 'NONE', #4438, #3708, #3439, .T. ) ;
#7495 = EDGE_CURVE ( 'NONE', #9757, #4603, #7217, .T. ) ;
#7496 = VERTEX_POINT ( 'NONE', #9562 ) ;
#7497 = FACE_OUTER_BOUND ( 'NONE', #1015, .T. ) ;
#7498 = AXIS2_PLACEMENT_3D ( 'NONE', #9671, #8960, #1362 ) ;
#7499 = VERTEX_POINT ( 'NONE', #8757 ) ;
#7500 = AXIS2_PLACEMENT_3D ( 'NONE', #2278, #2081, #610 ) ;
#7501 = CARTESIAN_POINT ( 'NONE',  ( -16550.00000000000000, 899.9999999999998863, -910.0000000000001137 ) ) ;
#7502 = EDGE_LOOP ( 'NONE', ( #5351, #161, #343, #5650 ) ) ;
#7503 = ORIENTED_EDGE ( 'NONE', *, *, #1717, .T. ) ;
#7504 = LINE ( 'NONE', #3863, #4342 ) ;
#7505 = CARTESIAN_POINT ( 'NONE',  ( -5949.999999999999091, 989.9999999999984084, -960.0000000000002274 ) ) ;
#7506 = VECTOR ( 'NONE', #6400, 1000.000000000000000 ) ;
#7507 = DIRECTION ( 'NONE',  ( 0.000000000000000000, 0.000000000000000000, 1.000000000000000000 ) ) ;
#7508 = CARTESIAN_POINT ( 'NONE',  ( -13604.79991371805227, -921.2864145885243943, -960.0000000000002274 ) ) ;
#7509 = AXIS2_PLACEMENT_3D ( 'NONE', #8175, #5923, #2221 ) ;
#7510 = EDGE_CURVE ( 'NONE', #2447, #8529, #8279, .T. ) ;
#7511 = ORIENTED_EDGE ( 'NONE', *, *, #5684, .F. ) ;
#7512 = ADVANCED_FACE ( 'NONE', ( #1484 ), #3728, .F. ) ;
#7513 = AXIS2_PLACEMENT_3D ( 'NONE', #3523, #9683, #8872 ) ;
#7514 = ORIENTED_EDGE ( 'NONE', *, *, #51, .T. ) ;
#7515 = CIRCLE ( 'NONE', #9439, 79.99999999999995737 ) ;
#7516 = EDGE_LOOP ( 'NONE', ( #6483, #8223, #2285, #8007 ) ) ;
#7517 = CARTESIAN_POINT ( 'NONE',  ( -2350.000000000001364, -211.4982215127141671, -1135.000000000000227 ) ) ;
#7518 = CARTESIAN_POINT ( 'NONE',  ( -13250.00000000000000, 278.9021535255452022, -623.7872381793326895 ) ) ;
#7519 = CARTESIAN_POINT ( 'NONE',  ( -12750.00000000000000, 1077.499998843224375, -589.9999999999964757 ) ) ;
#7520 = LINE ( 'NONE', #660, #813 ) ;
#7521 = DIRECTION ( 'NONE',  ( -0.000000000000000000, 1.000000000000000000, -0.000000000000000000 ) ) ;
#7522 = CARTESIAN_POINT ( 'NONE',  ( -596.4101615137744830, -989.9999999999984084, -1135.000000000000227 ) ) ;
#7523 = EDGE_CURVE ( 'NONE', #8337, #5941, #4515, .T. ) ;
#7524 = DIRECTION ( 'NONE',  ( 1.000000000000000000, 6.162975822039151993E-33, 1.232595164407830946E-32 ) ) ;
#7525 = AXIS2_PLACEMENT_3D ( 'NONE', #2953, #3750, #9821 ) ;
#7526 = CARTESIAN_POINT ( 'NONE',  ( -12033.84276082943688, 1054.999999999996589, -504.9802145985159427 ) ) ;
#7527 = ORIENTED_EDGE ( 'NONE', *, *, #2990, .T. ) ;
#7528 = CARTESIAN_POINT ( 'NONE',  ( -13680.00000000000000, -1077.499998843224375, -517.7941176470594655 ) ) ;
#7529 = ORIENTED_EDGE ( 'NONE', *, *, #4545, .T. ) ;
#7530 = DIRECTION ( 'NONE',  ( 1.000000000000000000, 0.000000000000000000, -1.662153715850724780E-16 ) ) ;
#7531 = VERTEX_POINT ( 'NONE', #6786 ) ;
#7532 = CARTESIAN_POINT ( 'NONE',  ( -13100.00000000000182, 618.9114148497016004, -1135.000000000000227 ) ) ;
#7533 = DIRECTION ( 'NONE',  ( 0.000000000000000000, 0.000000000000000000, -1.000000000000000000 ) ) ;
#7534 = CARTESIAN_POINT ( 'NONE',  ( -13856.59988046646504, -725.0021062409357455, -757.0854464784603124 ) ) ;
#7535 = FACE_OUTER_BOUND ( 'NONE', #6506, .T. ) ;
#7536 = PLANE ( 'NONE',  #1239 ) ;
#7537 = ORIENTED_EDGE ( 'NONE', *, *, #8249, .T. ) ;
#7538 = CARTESIAN_POINT ( 'NONE',  ( -18153.58983848622665, -311.4982215127147924, -960.0000000000000000 ) ) ;
#7539 = VECTOR ( 'NONE', #4029, 1000.000000000000000 ) ;
#7540 = ORIENTED_EDGE ( 'NONE', *, *, #8719, .T. ) ;
#7541 = ORIENTED_EDGE ( 'NONE', *, *, #471, .F. ) ;
#7542 = EDGE_LOOP ( 'NONE', ( #4163, #1293, #3745, #4298, #8835, #4329 ) ) ;
#7543 = DIRECTION ( 'NONE',  ( -1.000000000000000000, 0.000000000000000000, 0.000000000000000000 ) ) ;
#7544 = CYLINDRICAL_SURFACE ( 'NONE', #555, 50.00000000000071054 ) ;
#7545 = DIRECTION ( 'NONE',  ( 0.000000000000000000, -0.000000000000000000, -1.000000000000000000 ) ) ;
#7546 = DIRECTION ( 'NONE',  ( 6.162975822039157467E-33, -1.000000000000000000, -2.775557561563032360E-16 ) ) ;
#7547 = FACE_OUTER_BOUND ( 'NONE', #9210, .T. ) ;
#7548 = AXIS2_PLACEMENT_3D ( 'NONE', #4455, #3566, #3019 ) ;
#7549 = ORIENTED_EDGE ( 'NONE', *, *, #7084, .T. ) ;
#7550 = CARTESIAN_POINT ( 'NONE',  ( -2.914659381970696526E-13, 1189.999999999998408, -1160.000000000000227 ) ) ;
#7551 = PRODUCT ( 'WagonPlane_60ft_MoreDetailed', 'WagonPlane_60ft_MoreDetailed', '', ( #7156 ) ) ;
#7552 = ORIENTED_EDGE ( 'NONE', *, *, #3782, .T. ) ;
#7553 = AXIS2_PLACEMENT_3D ( 'NONE', #8595, #3283, #9447 ) ;
#7554 = CARTESIAN_POINT ( 'NONE',  ( -265.1845289799137504, -989.9999999999984084, -1503.936198047713106 ) ) ;
#7555 = EDGE_CURVE ( 'NONE', #2363, #3547, #841, .T. ) ;
#7556 = ORIENTED_EDGE ( 'NONE', *, *, #903, .F. ) ;
#7557 = CARTESIAN_POINT ( 'NONE',  ( -11411.43189860506209, -725.0021062409357455, -757.0854464784603124 ) ) ;
#7558 = ADVANCED_FACE ( 'NONE', ( #3889 ), #7585, .F. ) ;
#7559 = ADVANCED_FACE ( 'NONE', ( #5334 ), #624, .T. ) ;
#7560 = LINE ( 'NONE', #1512, #5129 ) ;
#7561 = ORIENTED_EDGE ( 'NONE', *, *, #5538, .T. ) ;
#7562 = ORIENTED_EDGE ( 'NONE', *, *, #5930, .F. ) ;
#7563 = AXIS2_PLACEMENT_3D ( 'NONE', #1133, #4219, #1978 ) ;
#7564 = ORIENTED_EDGE ( 'NONE', *, *, #1769, .T. ) ;
#7565 = ORIENTED_EDGE ( 'NONE', *, *, #471, .T. ) ;
#7566 = DIRECTION ( 'NONE',  ( -1.000000000000000000, -2.400482215405744004E-16, 1.223127061027714285E-16 ) ) ;
#7567 = ADVANCED_FACE ( 'NONE', ( #6736 ), #7639, .T. ) ;
#7568 = ORIENTED_EDGE ( 'NONE', *, *, #1994, .F. ) ;
#7569 = EDGE_CURVE ( 'NONE', #7056, #1355, #675, .T. ) ;
#7570 = CARTESIAN_POINT ( 'NONE',  ( -13000.00000000000000, -1077.499998843224375, -860.0000000000231921 ) ) ;
#7571 = CARTESIAN_POINT ( 'NONE',  ( -18500.00000000000000, -875.0000000000000000, -1060.000000000000000 ) ) ;
#7572 = DIRECTION ( 'NONE',  ( 0.000000000000000000, -0.000000000000000000, -1.000000000000000000 ) ) ;
#7573 = DIRECTION ( 'NONE',  ( -0.000000000000000000, 0.000000000000000000, 1.000000000000000000 ) ) ;
#7574 = DIRECTION ( 'NONE',  ( -1.000000000000000000, 0.000000000000000000, 1.669587230693022918E-16 ) ) ;
#7575 = FACE_OUTER_BOUND ( 'NONE', #5993, .T. ) ;
#7576 = DIRECTION ( 'NONE',  ( 0.000000000000000000, -0.000000000000000000, -1.000000000000000000 ) ) ;
#7577 = CARTESIAN_POINT ( 'NONE',  ( -12100.00000000000182, 1054.999999999997272, -379.9999999999978968 ) ) ;
#7578 = ORIENTED_EDGE ( 'NONE', *, *, #5165, .T. ) ;
#7579 = LINE ( 'NONE', #718, #3646 ) ;
#7580 = ORIENTED_EDGE ( 'NONE', *, *, #2964, .T. ) ;
#7581 = CARTESIAN_POINT ( 'NONE',  ( -13899.99999999999818, 1054.999999999997272, -459.9999999999978400 ) ) ;
#7582 = ORIENTED_EDGE ( 'NONE', *, *, #5906, .F. ) ;
#7583 = EDGE_CURVE ( 'NONE', #4537, #2406, #27, .T. ) ;
#7584 = CYLINDRICAL_SURFACE ( 'NONE', #1550, 100.0000000000014211 ) ;
#7585 = PLANE ( 'NONE',  #8758 ) ;
#7586 = ADVANCED_FACE ( 'NONE', ( #5389 ), #5279, .T. ) ;
#7587 = FACE_OUTER_BOUND ( 'NONE', #9209, .T. ) ;
#7588 = CARTESIAN_POINT ( 'NONE',  ( -13899.99999999999818, -190.0000000000007674, -539.9999999999981810 ) ) ;
#7589 = DIRECTION ( 'NONE',  ( 0.000000000000000000, -1.000000000000000000, 4.930380657631323784E-32 ) ) ;
#7590 = EDGE_LOOP ( 'NONE', ( #476, #1913, #7898, #9355 ) ) ;
#7591 = CARTESIAN_POINT ( 'NONE',  ( -13250.00000000000000, -1077.499998843224375, -637.0854464784594029 ) ) ;
#7592 = VERTEX_POINT ( 'NONE', #9177 ) ;
#7593 = VERTEX_POINT ( 'NONE', #6895 ) ;
#7594 = VERTEX_POINT ( 'NONE', #8434 ) ;
#7595 = ORIENTED_EDGE ( 'NONE', *, *, #6699, .T. ) ;
#7596 = DIRECTION ( 'NONE',  ( -1.432545838226008399E-17, -1.000000000000000000, 0.000000000000000000 ) ) ;
#7597 = EDGE_LOOP ( 'NONE', ( #3622, #6010, #9543, #5901 ) ) ;
#7598 = LINE ( 'NONE', #5344, #7782 ) ;
#7599 = LINE ( 'NONE', #6950, #2997 ) ;
#7600 = CYLINDRICAL_SURFACE ( 'NONE', #9857, 35.00000000000014211 ) ;
#7601 = FACE_BOUND ( 'NONE', #9909, .T. ) ;
#7602 = CARTESIAN_POINT ( 'NONE',  ( -9775.000000000000000, -740.0000000000009095, -4241.944871367028099 ) ) ;
#7603 = ORIENTED_EDGE ( 'NONE', *, *, #2444, .T. ) ;
#7604 = ORIENTED_EDGE ( 'NONE', *, *, #8954, .T. ) ;
#7605 = CYLINDRICAL_SURFACE ( 'NONE', #6014, 50.00000000000071054 ) ;
#7606 = AXIS2_PLACEMENT_3D ( 'NONE', #1700, #8511, #7812 ) ;
#7607 = VERTEX_POINT ( 'NONE', #3036 ) ;
#7608 = EDGE_LOOP ( 'NONE', ( #6424, #3256, #2503, #2903 ) ) ;
#7609 = DIRECTION ( 'NONE',  ( 0.9848077530122090195, 0.000000000000000000, -0.1736481776669255017 ) ) ;
#7610 = VECTOR ( 'NONE', #3565, 1000.000000000000000 ) ;
#7611 = LINE ( 'NONE', #3006, #9267 ) ;
#7612 = CARTESIAN_POINT ( 'NONE',  ( -8725.000000000000000, -740.0000000000005684, -960.0000000000002274 ) ) ;
#7613 = FACE_BOUND ( 'NONE', #911, .T. ) ;
#7614 = AXIS2_PLACEMENT_3D ( 'NONE', #3189, #2352, #6146 ) ;
#7615 = ORIENTED_EDGE ( 'NONE', *, *, #2875, .F. ) ;
#7616 = ORIENTED_EDGE ( 'NONE', *, *, #9083, .F. ) ;
#7617 = ADVANCED_FACE ( 'NONE', ( #1589 ), #6087, .F. ) ;
#7618 = EDGE_CURVE ( 'NONE', #9157, #8877, #9529, .T. ) ;
#7619 = ORIENTED_EDGE ( 'NONE', *, *, #219, .F. ) ;
#7620 = EDGE_CURVE ( 'NONE', #4436, #485, #1925, .T. ) ;
#7621 = CARTESIAN_POINT ( 'NONE',  ( -8725.000000000000000, 739.9999999999984084, -960.0000000000000000 ) ) ;
#7622 = VECTOR ( 'NONE', #6752, 1000.000000000000000 ) ;
#7623 = DIRECTION ( 'NONE',  ( 0.000000000000000000, 0.000000000000000000, -1.000000000000000000 ) ) ;
#7624 = DIRECTION ( 'NONE',  ( 1.000000000000000000, 0.000000000000000000, 0.000000000000000000 ) ) ;
#7625 = DIRECTION ( 'NONE',  ( -1.053265169784349329E-32, 0.9185881544472646043, 0.3952161465694035702 ) ) ;
#7626 = LINE ( 'NONE', #5322, #5075 ) ;
#7627 = LINE ( 'NONE', #6245, #5426 ) ;
#7628 = DIRECTION ( 'NONE',  ( -6.162975822039157467E-33, 1.000000000000000000, 2.775557561563032360E-16 ) ) ;
#7629 = EDGE_CURVE ( 'NONE', #8881, #6502, #4960, .T. ) ;
#7630 = CARTESIAN_POINT ( 'NONE',  ( -11501.56891704290865, -725.0021062409357455, -757.0854464784603124 ) ) ;
#7631 = VECTOR ( 'NONE', #824, 1000.000000000000000 ) ;
#7632 = LINE ( 'NONE', #19, #4245 ) ;
#7633 = DIRECTION ( 'NONE',  ( 0.000000000000000000, 1.000000000000000000, 5.551115123125784674E-16 ) ) ;
#7634 = CARTESIAN_POINT ( 'NONE',  ( -10887.50000000000000, 989.9999999999984084, -1135.000000000000227 ) ) ;
#7635 = ORIENTED_EDGE ( 'NONE', *, *, #1707, .T. ) ;
#7636 = DIRECTION ( 'NONE',  ( 0.000000000000000000, -0.000000000000000000, -1.000000000000000000 ) ) ;
#7637 = ORIENTED_EDGE ( 'NONE', *, *, #4954, .F. ) ;
#7638 = CARTESIAN_POINT ( 'NONE',  ( -13755.00000000007094, 899.9999999999986358, -860.0000000000226237 ) ) ;
#7639 = PLANE ( 'NONE',  #2046 ) ;
#7640 = LINE ( 'NONE', #4822, #3720 ) ;
#7641 = DIRECTION ( 'NONE',  ( 0.000000000000000000, -0.000000000000000000, -1.000000000000000000 ) ) ;
#7642 = AXIS2_PLACEMENT_3D ( 'NONE', #3170, #6378, #2586 ) ;
#7643 = COLOUR_RGB ( '',0.7921568627450980005, 0.8196078431372548767, 0.9333333333333333481 ) ;
#7644 = CARTESIAN_POINT ( 'NONE',  ( -14569.74851850929372, 1089.999999999998181, -1009.999999999997158 ) ) ;
#7645 = VERTEX_POINT ( 'NONE', #6522 ) ;
#7646 = DIRECTION ( 'NONE',  ( -0.000000000000000000, 0.000000000000000000, 1.000000000000000000 ) ) ;
#7647 = VECTOR ( 'NONE', #3558, 1000.000000000000000 ) ;
#7648 = EDGE_LOOP ( 'NONE', ( #6254, #1612 ) ) ;
#7649 = EDGE_CURVE ( 'NONE', #5478, #2722, #4260, .T. ) ;
#7650 = EDGE_CURVE ( 'NONE', #4543, #3476, #8073, .T. ) ;
#7651 = EDGE_LOOP ( 'NONE', ( #8275, #5591, #733, #9160 ) ) ;
#7652 = AXIS2_PLACEMENT_3D ( 'NONE', #4975, #6485, #9540 ) ;
#7653 = CARTESIAN_POINT ( 'NONE',  ( -11437.50000000000000, -989.9999999999990905, -1135.000000000000227 ) ) ;
#7654 = VECTOR ( 'NONE', #2700, 1000.000000000000000 ) ;
#7655 = ORIENTED_EDGE ( 'NONE', *, *, #5930, .T. ) ;
#7656 = DIRECTION ( 'NONE',  ( 0.000000000000000000, 1.000000000000000000, 0.000000000000000000 ) ) ;
#7657 = DIRECTION ( 'NONE',  ( 0.000000000000000000, -1.000000000000000000, -0.000000000000000000 ) ) ;
#7658 = PLANE ( 'NONE',  #8399 ) ;
#7659 = CONICAL_SURFACE ( 'NONE', #2393, 229.9999999211528348, 0.5235987755979351066 ) ;
#7660 = CARTESIAN_POINT ( 'NONE',  ( -1949.999999999999773, -200.0000000000000000, -825.0000000000001137 ) ) ;
#7661 = AXIS2_PLACEMENT_3D ( 'NONE', #9492, #8685, #8728 ) ;
#7662 = ORIENTED_EDGE ( 'NONE', *, *, #6822, .T. ) ;
#7663 = ORIENTED_EDGE ( 'NONE', *, *, #4151, .T. ) ;
#7664 = DIRECTION ( 'NONE',  ( 0.000000000000000000, 0.000000000000000000, 1.000000000000000000 ) ) ;
#7665 = AXIS2_PLACEMENT_3D ( 'NONE', #7621, #1516, #5368 ) ;
#7666 = AXIS2_PLACEMENT_3D ( 'NONE', #223, #8491, #72 ) ;
#7667 = ORIENTED_EDGE ( 'NONE', *, *, #1829, .F. ) ;
#7668 = ORIENTED_EDGE ( 'NONE', *, *, #9917, .F. ) ;
#7669 = EDGE_LOOP ( 'NONE', ( #4012, #8819, #4863, #9034 ) ) ;
#7670 = AXIS2_PLACEMENT_3D ( 'NONE', #6379, #8714, #1067 ) ;
#7671 = DIRECTION ( 'NONE',  ( 0.000000000000000000, 0.000000000000000000, 1.000000000000000000 ) ) ;
#7672 = AXIS2_PLACEMENT_3D ( 'NONE', #3852, #3094, #6152 ) ;
#7673 = CARTESIAN_POINT ( 'NONE',  ( -15900.00000000000182, -740.0000000000021600, -960.0000000000002274 ) ) ;
#7674 = CARTESIAN_POINT ( 'NONE',  ( -14619.74851850929372, 9753.686360283016256, -1009.999999999997158 ) ) ;
#7675 = ADVANCED_FACE ( 'NONE', ( #3456 ), #1220, .T. ) ;
#7676 = AXIS2_PLACEMENT_3D ( 'NONE', #1603, #6198, #7055 ) ;
#7677 = ORIENTED_EDGE ( 'NONE', *, *, #9647, .T. ) ;
#7678 = VERTEX_POINT ( 'NONE', #3515 ) ;
#7679 = ORIENTED_EDGE ( 'NONE', *, *, #3354, .F. ) ;
#7680 = AXIS2_PLACEMENT_3D ( 'NONE', #889, #185, #5533 ) ;
#7681 = EDGE_LOOP ( 'NONE', ( #2299, #7378, #8043, #2610 ) ) ;
#7682 = DIRECTION ( 'NONE',  ( 6.162975822039157467E-33, -1.000000000000000000, -2.775557561563032360E-16 ) ) ;
#7683 = AXIS2_PLACEMENT_3D ( 'NONE', #3031, #4326, #6783 ) ;
#7684 = CARTESIAN_POINT ( 'NONE',  ( -4895.200086281940457, -921.2864145885224616, -1135.000000000000227 ) ) ;
#7685 = EDGE_CURVE ( 'NONE', #1049, #8122, #5774, .T. ) ;
#7686 = CARTESIAN_POINT ( 'NONE',  ( -13100.00000000000182, 618.9114148497016004, -1135.000000000000227 ) ) ;
#7687 = EDGE_CURVE ( 'NONE', #3090, #9464, #937, .T. ) ;
#7688 = AXIS2_PLACEMENT_3D ( 'NONE', #8129, #3419, #6622 ) ;
#7689 = DIRECTION ( 'NONE',  ( 1.000000000000000000, 2.400482215405744004E-16, 0.000000000000000000 ) ) ;
#7690 = CARTESIAN_POINT ( 'NONE',  ( -18153.58983848622665, -739.9999999999984084, -960.0000000000002274 ) ) ;
#7691 = CIRCLE ( 'NONE', #5110, 6000.000000000000000 ) ;
#7692 = DIRECTION ( 'NONE',  ( 0.000000000000000000, 0.000000000000000000, -1.000000000000000000 ) ) ;
#7693 = DIRECTION ( 'NONE',  ( 1.000000000000000000, 0.000000000000000000, 6.245004513516500018E-15 ) ) ;
#7694 = DIRECTION ( 'NONE',  ( 0.000000000000000000, -0.000000000000000000, -1.000000000000000000 ) ) ;
#7695 = ORIENTED_EDGE ( 'NONE', *, *, #9514, .T. ) ;
#7696 = ORIENTED_EDGE ( 'NONE', *, *, #2787, .F. ) ;
#7697 = CARTESIAN_POINT ( 'NONE',  ( -5576.316527040900837, 1189.999999999998408, -660.0000000000010232 ) ) ;
#7698 = EDGE_CURVE ( 'NONE', #8644, #2136, #2947, .T. ) ;
#7699 = DIRECTION ( 'NONE',  ( -1.000000000000000000, -6.162975822039151993E-33, -1.232595164407830946E-32 ) ) ;
#7700 = EDGE_CURVE ( 'NONE', #3476, #8588, #6757, .T. ) ;
#7701 = LINE ( 'NONE', #4823, #961 ) ;
#7702 = EDGE_CURVE ( 'NONE', #6617, #3619, #2996, .T. ) ;
#7703 = DIRECTION ( 'NONE',  ( -0.000000000000000000, 1.000000000000000000, -0.000000000000000000 ) ) ;
#7704 = DIRECTION ( 'NONE',  ( 1.000000000000000000, 0.000000000000000000, -0.000000000000000000 ) ) ;
#7705 = CARTESIAN_POINT ( 'NONE',  ( -12320.00000000000000, -1077.499998843224375, -517.7941176470594655 ) ) ;
#7706 = PLANE ( 'NONE',  #2820 ) ;
#7707 = VERTEX_POINT ( 'NONE', #5250 ) ;
#7708 = VERTEX_POINT ( 'NONE', #4536 ) ;
#7709 = CARTESIAN_POINT ( 'NONE',  ( -16550.00000000000000, -211.4982215127146787, -1135.000000000000227 ) ) ;
#7710 = ORIENTED_EDGE ( 'NONE', *, *, #3033, .T. ) ;
#7711 = DIRECTION ( 'NONE',  ( 0.000000000000000000, -1.000000000000000000, 0.000000000000000000 ) ) ;
#7712 = CARTESIAN_POINT ( 'NONE',  ( -12320.00000000000000, -1970.627566330085983, -239.9999999999987779 ) ) ;
#7713 = PLANE ( 'NONE',  #8875 ) ;
#7714 = CARTESIAN_POINT ( 'NONE',  ( -1949.999999999999773, 800.0000000000000000, -910.0000000000001137 ) ) ;
#7715 = EDGE_CURVE ( 'NONE', #3543, #244, #6524, .T. ) ;
#7716 = LINE ( 'NONE', #1314, #9079 ) ;
#7717 = EDGE_CURVE ( 'NONE', #4462, #822, #5076, .T. ) ;
#7718 = VERTEX_POINT ( 'NONE', #7501 ) ;
#7719 = EDGE_LOOP ( 'NONE', ( #7398, #9780, #4513, #2766, #601, #3517, #9247, #3721, #6349 ) ) ;
#7720 = FACE_BOUND ( 'NONE', #6802, .T. ) ;
#7721 = SHELL_BASED_SURFACE_MODEL ( 'NONE', ( #4333 ) );
#7722 = ORIENTED_EDGE ( 'NONE', *, *, #300, .F. ) ;
#7723 = VERTEX_POINT ( 'NONE', #8643 ) ;
#7724 = FACE_OUTER_BOUND ( 'NONE', #8604, .T. ) ;
#7725 = ADVANCED_FACE ( 'NONE', ( #7136 ), #7096, .T. ) ;
#7727 = ADVANCED_FACE ( 'NONE', ( #7859 ), #8687, .F. ) ;
#7726 =( NAMED_UNIT ( * ) PLANE_ANGLE_UNIT ( ) SI_UNIT ( $, .RADIAN. ) );
#7728 = AXIS2_PLACEMENT_3D ( 'NONE', #5515, #1711, #9313 ) ;
#7729 = DIRECTION ( 'NONE',  ( 1.000000000000000000, 0.000000000000000000, 0.000000000000000000 ) ) ;
#7730 = DIRECTION ( 'NONE',  ( 0.000000000000000000, -2.413528314402513597E-16, 1.000000000000000000 ) ) ;
#7731 = VERTEX_POINT ( 'NONE', #5637 ) ;
#7732 = EDGE_LOOP ( 'NONE', ( #2478, #377, #9518, #4447 ) ) ;
#7733 = AXIS2_PLACEMENT_3D ( 'NONE', #2138, #9842, #3729 ) ;
#7734 = ORIENTED_EDGE ( 'NONE', *, *, #7952, .F. ) ;
#7735 = LINE ( 'NONE', #3166, #2404 ) ;
#7736 = VERTEX_POINT ( 'NONE', #1792 ) ;
#7737 = DIRECTION ( 'NONE',  ( 1.232595164407830672E-32, 2.775557561563032360E-16, -1.000000000000000000 ) ) ;
#7738 = FACE_OUTER_BOUND ( 'NONE', #3491, .T. ) ;
#7739 = PLANE ( 'NONE',  #4310 ) ;
#7740 = VECTOR ( 'NONE', #4966, 1000.000000000000000 ) ;
#7741 = SURFACE_STYLE_USAGE ( .BOTH. , #3822 ) ;
#7742 = DIRECTION ( 'NONE',  ( -1.232595164407830672E-32, -2.775557561563032360E-16, 1.000000000000000000 ) ) ;
#7743 = DIRECTION ( 'NONE',  ( 0.000000000000000000, 0.000000000000000000, 1.000000000000000000 ) ) ;
#7744 = ADVANCED_FACE ( 'NONE', ( #6394 ), #1837, .F. ) ;
#7745 = CARTESIAN_POINT ( 'NONE',  ( -13899.99999999999818, -190.0000000000007958, -459.9999999999982379 ) ) ;
#7746 = LINE ( 'NONE', #7850, #777 ) ;
#7747 = CARTESIAN_POINT ( 'NONE',  ( -17903.58983848622665, -989.9999999999984084, -960.0000000000002274 ) ) ;
#7748 = CARTESIAN_POINT ( 'NONE',  ( -12500.00000000000182, 814.9999999999972715, -637.0854464784588345 ) ) ;
#7749 = DIRECTION ( 'NONE',  ( 1.000000000000000000, 0.000000000000000000, 0.000000000000000000 ) ) ;
#7750 = CARTESIAN_POINT ( 'NONE',  ( -14312.98791175995575, -899.9999999999986358, -761.6116762475800215 ) ) ;
#7751 = DIRECTION ( 'NONE',  ( -6.162975822039157467E-33, 1.000000000000000000, 2.775557561563032360E-16 ) ) ;
#7752 = LINE ( 'NONE', #7045, #2551 ) ;
#7753 = ORIENTED_EDGE ( 'NONE', *, *, #694, .T. ) ;
#7754 = ORIENTED_EDGE ( 'NONE', *, *, #6156, .T. ) ;
#7755 = ADVANCED_FACE ( 'NONE', ( #5590 ), #4080, .F. ) ;
#7756 = EDGE_CURVE ( 'NONE', #6646, #3213, #2867, .T. ) ;
#7757 = LINE ( 'NONE', #1793, #910 ) ;
#7758 = EDGE_CURVE ( 'NONE', #4521, #3785, #5411, .T. ) ;
#7759 = ORIENTED_EDGE ( 'NONE', *, *, #2001, .F. ) ;
#7760 = ORIENTED_EDGE ( 'NONE', *, *, #1866, .T. ) ;
#7761 = ORIENTED_EDGE ( 'NONE', *, *, #985, .T. ) ;
#7762 = ORIENTED_EDGE ( 'NONE', *, *, #1629, .F. ) ;
#7763 = LINE ( 'NONE', #942, #4944 ) ;
#7764 = VERTEX_POINT ( 'NONE', #7406 ) ;
#7765 = FACE_OUTER_BOUND ( 'NONE', #9362, .T. ) ;
#7766 = FACE_OUTER_BOUND ( 'NONE', #6996, .T. ) ;
#7767 = FACE_OUTER_BOUND ( 'NONE', #9103, .T. ) ;
#7768 = FACE_OUTER_BOUND ( 'NONE', #125, .T. ) ;
#7769 = ORIENTED_EDGE ( 'NONE', *, *, #5032, .T. ) ;
#7770 = ORIENTED_EDGE ( 'NONE', *, *, #9915, .F. ) ;
#7771 = CARTESIAN_POINT ( 'NONE',  ( -346.4101615137744261, 311.4982215127147924, -960.0000000000002274 ) ) ;
#7772 = EDGE_CURVE ( 'NONE', #836, #2929, #5059, .T. ) ;
#7773 = EDGE_CURVE ( 'NONE', #653, #8857, #3312, .T. ) ;
#7774 = ORIENTED_EDGE ( 'NONE', *, *, #570, .F. ) ;
#7775 = ORIENTED_EDGE ( 'NONE', *, *, #2501, .F. ) ;
#7776 = LINE ( 'NONE', #7876, #8825 ) ;
#7777 = CARTESIAN_POINT ( 'NONE',  ( -3350.000000000008640, 0.000000000000000000, -1.110223024625156540E-13 ) ) ;
#7778 = SHAPE_REPRESENTATION ( 'WagonPlane_60ft_MoreDetailed', ( #3797 ), #7159 ) ;
#7779 = LINE ( 'NONE', #2321, #7839 ) ;
#7780 = ORIENTED_EDGE ( 'NONE', *, *, #3441, .F. ) ;
#7781 = ORIENTED_EDGE ( 'NONE', *, *, #8216, .F. ) ;
#7782 = VECTOR ( 'NONE', #3144, 1000.000000000000000 ) ;
#7783 = EDGE_CURVE ( 'NONE', #6946, #893, #9675, .T. ) ;
#7784 = EDGE_CURVE ( 'NONE', #7012, #6050, #1251, .T. ) ;
#7785 = ORIENTED_EDGE ( 'NONE', *, *, #5662, .F. ) ;
#7786 = DIRECTION ( 'NONE',  ( 0.9848077530122090195, 0.000000000000000000, -0.1736481776669255017 ) ) ;
#7787 = DIRECTION ( 'NONE',  ( 0.000000000000000000, -1.000000000000000000, 0.000000000000000000 ) ) ;
#7788 = DIRECTION ( 'NONE',  ( 1.000000000000000000, 0.000000000000000000, 0.000000000000000000 ) ) ;
#7789 = CARTESIAN_POINT ( 'NONE',  ( -13614.20173049478399, 989.9999999999984084, -960.0000000000004547 ) ) ;
#7790 = LINE ( 'NONE', #923, #4273 ) ;
#7791 = CYLINDRICAL_SURFACE ( 'NONE', #3935, 5999.999999999999091 ) ;
#7792 = CIRCLE ( 'NONE', #2024, 199.9999999999999432 ) ;
#7793 = PLANE ( 'NONE',  #2066 ) ;
#7794 = DIRECTION ( 'NONE',  ( 1.000000000000000000, 0.000000000000000000, 0.000000000000000000 ) ) ;
#7795 = ORIENTED_EDGE ( 'NONE', *, *, #3100, .T. ) ;
#7796 = LINE ( 'NONE', #3182, #9551 ) ;
#7797 = CARTESIAN_POINT ( 'NONE',  ( -2350.000000000001364, -1189.999999999999091, -960.0000000000002274 ) ) ;
#7798 = PLANE ( 'NONE',  #2080 ) ;
#7799 = CYLINDRICAL_SURFACE ( 'NONE', #6382, 50.00000000000027001 ) ;
#7800 = AXIS2_PLACEMENT_3D ( 'NONE', #1944, #5172, #8185 ) ;
#7801 = DIRECTION ( 'NONE',  ( 1.000000000000000000, 0.000000000000000000, 0.000000000000000000 ) ) ;
#7802 = EDGE_LOOP ( 'NONE', ( #7862, #6873, #1581, #9705, #7374, #3077, #6972, #6967 ) ) ;
#7803 = VECTOR ( 'NONE', #9108, 1000.000000000000000 ) ;
#7804 = FACE_OUTER_BOUND ( 'NONE', #4133, .T. ) ;
#7805 = AXIS2_PLACEMENT_3D ( 'NONE', #6898, #30, #9292 ) ;
#7806 = ORIENTED_EDGE ( 'NONE', *, *, #3473, .F. ) ;
#7807 = VERTEX_POINT ( 'NONE', #9021 ) ;
#7808 = VERTEX_POINT ( 'NONE', #6831 ) ;
#7809 = DIRECTION ( 'NONE',  ( -0.000000000000000000, 0.000000000000000000, 1.000000000000000000 ) ) ;
#7810 = VERTEX_POINT ( 'NONE', #4408 ) ;
#7811 = PLANE ( 'NONE',  #4889 ) ;
#7812 = DIRECTION ( 'NONE',  ( -1.000000000000000000, 0.000000000000000000, 0.000000000000000000 ) ) ;
#7813 = LINE ( 'NONE', #4640, #8833 ) ;
#7814 = VECTOR ( 'NONE', #971, 1000.000000000000000 ) ;
#7815 =( BOUNDED_CURVE ( )  B_SPLINE_CURVE ( 3, ( #6077, #9113, #7414, #7630 ),
 .UNSPECIFIED., .F., .F. ) 
 B_SPLINE_CURVE_WITH_KNOTS ( ( 4, 4 ),
 ( 1.570796326794896558, 1.696134772426670656 ),
 .UNSPECIFIED. ) 
 CURVE ( )  GEOMETRIC_REPRESENTATION_ITEM ( )  RATIONAL_B_SPLINE_CURVE ( ( 1.000000000000000000, 0.9986912845788542548, 0.9986912845788542548, 1.000000000000000000 ) ) 
 REPRESENTATION_ITEM ( '' )  );
#7816 = CARTESIAN_POINT ( 'NONE',  ( -12100.00000000000182, -1054.999999999997726, -459.9999999999984084 ) ) ;
#7817 = EDGE_CURVE ( 'NONE', #9444, #3111, #6135, .T. ) ;
#7818 = EDGE_CURVE ( 'NONE', #3092, #7989, #4907, .T. ) ;
#7819 = VERTEX_POINT ( 'NONE', #9172 ) ;
#7820 = EDGE_LOOP ( 'NONE', ( #7348, #9553, #192, #1587 ) ) ;
#7821 = CARTESIAN_POINT ( 'NONE',  ( -13614.20173049477307, -990.0000000000017053, -960.0000000000004547 ) ) ;
#7822 = CARTESIAN_POINT ( 'NONE',  ( -13899.99999999999818, 679.9999999999978400, -919.9999999999980673 ) ) ;
#7823 = CIRCLE ( 'NONE', #935, 100.0000000000000853 ) ;
#7824 = VECTOR ( 'NONE', #2236, 1000.000000000000114 ) ;
#7825 = EDGE_LOOP ( 'NONE', ( #807, #994, #6519, #1775, #9356, #1112, #8136, #5350, #9294, #136, #9469, #4746, #2229, #3247, #1927, #9402 ) ) ;
#7826 = VERTEX_POINT ( 'NONE', #5220 ) ;
#7827 = CARTESIAN_POINT ( 'NONE',  ( 10850.00000000000182, -4.440892098500626162E-13, -1.665334536937734811E-13 ) ) ;
#7828 = EDGE_CURVE ( 'NONE', #442, #6679, #6211, .T. ) ;
#7829 = LINE ( 'NONE', #962, #7191 ) ;
#7830 = VECTOR ( 'NONE', #4460, 1000.000000000000000 ) ;
#7831 = VERTEX_POINT ( 'NONE', #5928 ) ;
#7832 = AXIS2_PLACEMENT_3D ( 'NONE', #2826, #5874, #4402 ) ;
#7833 = EDGE_LOOP ( 'NONE', ( #1882, #148, #150, #5204, #1219 ) ) ;
#7834 = CIRCLE ( 'NONE', #149, 460.0000000000001137 ) ;
#7835 = PLANE ( 'NONE',  #6692 ) ;
#7836 = VECTOR ( 'NONE', #2000, 1000.000000000000000 ) ;
#7837 = CARTESIAN_POINT ( 'NONE',  ( -16023.13766635222419, 246.8767314595587266, -960.0000000000000000 ) ) ;
#7838 = DIRECTION ( 'NONE',  ( -1.000000000000000000, -6.162975822039151993E-33, -1.232595164407830946E-32 ) ) ;
#7839 = VECTOR ( 'NONE', #1557, 1000.000000000000000 ) ;
#7840 = EDGE_CURVE ( 'NONE', #6846, #8571, #6844, .T. ) ;
#7841 = FACE_OUTER_BOUND ( 'NONE', #6265, .T. ) ;
#7842 = DIRECTION ( 'NONE',  ( -1.000000000000000000, -2.400482215405744004E-16, 1.223127061027714285E-16 ) ) ;
#7843 = EDGE_CURVE ( 'NONE', #6317, #2028, #765, .T. ) ;
#7844 = PLANE ( 'NONE',  #2407 ) ;
#7845 = CIRCLE ( 'NONE', #630, 250.0000000000000000 ) ;
#7846 = DIRECTION ( 'NONE',  ( 1.662153715850724780E-16, -2.381111388133851124E-33, 1.000000000000000000 ) ) ;
#7847 = CARTESIAN_POINT ( 'NONE',  ( -19088.68599666425871, 875.0000000000000000, -910.0000000000001137 ) ) ;
#7848 = VECTOR ( 'NONE', #9245, 1000.000000000000000 ) ;
#7849 = DIRECTION ( 'NONE',  ( 0.000000000000000000, -1.000000000000000000, 0.000000000000000000 ) ) ;
#7850 = CARTESIAN_POINT ( 'NONE',  ( -14588.56810139493791, 725.0021062409357455, -757.0854464784598576 ) ) ;
#7851 = VERTEX_POINT ( 'NONE', #8273 ) ;
#7852 = AXIS2_PLACEMENT_3D ( 'NONE', #9058, #7572, #8322 ) ;
#7853 = DIRECTION ( 'NONE',  ( 1.000000000000000000, 0.000000000000000000, 0.000000000000000000 ) ) ;
#7854 = EDGE_CURVE ( 'NONE', #9566, #9494, #6888, .T. ) ;
#7855 = CARTESIAN_POINT ( 'NONE',  ( -16149.99999999999818, 343.2012612066361044, -1135.000000000000227 ) ) ;
#7856 = CARTESIAN_POINT ( 'NONE',  ( -8975.000000000000000, -740.0000000000006821, -960.0000000000002274 ) ) ;
#7857 = VECTOR ( 'NONE', #3655, 1000.000000000000000 ) ;
#7858 = ORIENTED_EDGE ( 'NONE', *, *, #6649, .F. ) ;
#7859 = FACE_OUTER_BOUND ( 'NONE', #8159, .T. ) ;
#7860 = ORIENTED_EDGE ( 'NONE', *, *, #7880, .T. ) ;
#7861 = ORIENTED_EDGE ( 'NONE', *, *, #3211, .F. ) ;
#7862 = ORIENTED_EDGE ( 'NONE', *, *, #9474, .F. ) ;
#7863 = ORIENTED_EDGE ( 'NONE', *, *, #9350, .T. ) ;
#7864 = LINE ( 'NONE', #9301, #7848 ) ;
#7865 = CARTESIAN_POINT ( 'NONE',  ( -14156.10001622140953, 729.4021522441533989, -769.9999999999959073 ) ) ;
#7866 = LINE ( 'NONE', #91, #512 ) ;
#7867 = CARTESIAN_POINT ( 'NONE',  ( -1949.999999999999773, -800.0000000000000000, -910.0000000000001137 ) ) ;
#7868 = LINE ( 'NONE', #4090, #6249 ) ;
#7869 = ORIENTED_EDGE ( 'NONE', *, *, #9405, .F. ) ;
#7870 = VERTEX_POINT ( 'NONE', #3769 ) ;
#7871 = DIRECTION ( 'NONE',  ( -1.000000000000000000, 0.000000000000000000, 0.000000000000000000 ) ) ;
#7872 = LINE ( 'NONE', #3434, #4397 ) ;
#7873 = VECTOR ( 'NONE', #2322, 1000.000000000000000 ) ;
#7874 = EDGE_CURVE ( 'NONE', #5540, #8529, #9792, .T. ) ;
#7875 = ORIENTED_EDGE ( 'NONE', *, *, #2900, .F. ) ;
#7876 = CARTESIAN_POINT ( 'NONE',  ( -16550.00000000000000, -800.0000000000000000, -910.0000000000001137 ) ) ;
#7877 =( REPRESENTATION_RELATIONSHIP ('NONE','NONE', #2658, #7778 ) REPRESENTATION_RELATIONSHIP_WITH_TRANSFORMATION ( #8013 )SHAPE_REPRESENTATION_RELATIONSHIP( ) );
#7878 = ORIENTED_EDGE ( 'NONE', *, *, #9796, .F. ) ;
#7879 = EDGE_CURVE ( 'NONE', #2465, #3502, #3029, .T. ) ;
#7880 = EDGE_CURVE ( 'NONE', #7496, #834, #9251, .T. ) ;
#7881 = ORIENTED_EDGE ( 'NONE', *, *, #8616, .F. ) ;
#7882 = ADVANCED_FACE ( 'NONE', ( #2883 ), #9117, .F. ) ;
#7883 = CIRCLE ( 'NONE', #8188, 277.7941176470602045 ) ;
#7884 = EDGE_LOOP ( 'NONE', ( #1536, #654, #2869, #9711 ) ) ;
#7885 = CARTESIAN_POINT ( 'NONE',  ( -1949.999999999999773, -800.0000000000000000, -910.0000000000001137 ) ) ;
#7886 = ORIENTED_EDGE ( 'NONE', *, *, #2309, .T. ) ;
#7887 = CARTESIAN_POINT ( 'NONE',  ( -13948.20772119394496, 9753.686360283016256, -849.6342572279658043 ) ) ;
#7888 = DIRECTION ( 'NONE',  ( -1.000000000000000000, -6.162975822039151993E-33, -1.232595164407830946E-32 ) ) ;
#7889 = DIRECTION ( 'NONE',  ( -1.232595164407830672E-32, -2.775557561563032360E-16, 1.000000000000000000 ) ) ;
#7890 = DIRECTION ( 'NONE',  ( -1.000000000000000000, 0.000000000000000000, 1.223127061027714532E-16 ) ) ;
#7891 = CARTESIAN_POINT ( 'NONE',  ( -11499.99999999997999, 278.9021535255452022, -623.7872381793326895 ) ) ;
#7892 = AXIS2_PLACEMENT_3D ( 'NONE', #524, #6595, #2033 ) ;
#7893 = EDGE_CURVE ( 'NONE', #4247, #4103, #8980, .T. ) ;
#7894 = CARTESIAN_POINT ( 'NONE',  ( -18500.00000000000000, 875.0000000000000000, -980.0000000000001137 ) ) ;
#7895 = DIRECTION ( 'NONE',  ( 0.000000000000000000, -1.000000000000000000, 0.000000000000000000 ) ) ;
#7896 = DIRECTION ( 'NONE',  ( -1.000000000000000000, -0.000000000000000000, -0.000000000000000000 ) ) ;
#7897 = LINE ( 'NONE', #9587, #3391 ) ;
#7898 = ORIENTED_EDGE ( 'NONE', *, *, #9825, .F. ) ;
#7899 = DIRECTION ( 'NONE',  ( -0.000000000000000000, 0.000000000000000000, 1.000000000000000000 ) ) ;
#7900 = DIRECTION ( 'NONE',  ( -1.000000000000000000, -0.000000000000000000, -0.000000000000000000 ) ) ;
#7901 = EDGE_CURVE ( 'NONE', #8038, #4587, #4921, .T. ) ;
#7902 = EDGE_CURVE ( 'NONE', #8312, #3, #1580, .T. ) ;
#7903 = VERTEX_POINT ( 'NONE', #6781 ) ;
#7904 = EDGE_LOOP ( 'NONE', ( #861, #6113, #4681, #7351, #9082 ) ) ;
#7905 = EDGE_LOOP ( 'NONE', ( #5313, #8526, #4235, #3735, #3940, #3813, #9499, #868 ) ) ;
#7906 = DIRECTION ( 'NONE',  ( 0.000000000000000000, 0.000000000000000000, 1.000000000000000000 ) ) ;
#7907 = ORIENTED_EDGE ( 'NONE', *, *, #1375, .T. ) ;
#7908 = CARTESIAN_POINT ( 'NONE',  ( -18500.00000000000000, -875.0000000000000000, -980.0000000000001137 ) ) ;
#7909 = DIRECTION ( 'NONE',  ( -1.432545838226008399E-17, 1.000000000000000000, -0.000000000000000000 ) ) ;
#7910 = DIRECTION ( 'NONE',  ( 1.000000000000000000, 0.000000000000000000, 0.000000000000000000 ) ) ;
#7911 = DIRECTION ( 'NONE',  ( 0.000000000000000000, -0.000000000000000000, -1.000000000000000000 ) ) ;
#7912 = ORIENTED_EDGE ( 'NONE', *, *, #4420, .F. ) ;
#7913 = ORIENTED_EDGE ( 'NONE', *, *, #5054, .F. ) ;
#7914 = ORIENTED_EDGE ( 'NONE', *, *, #640, .T. ) ;
#7915 = DIRECTION ( 'NONE',  ( -0.000000000000000000, -0.000000000000000000, -1.000000000000000000 ) ) ;
#7916 = VERTEX_POINT ( 'NONE', #9747 ) ;
#7917 = ORIENTED_EDGE ( 'NONE', *, *, #6535, .T. ) ;
#7918 = ORIENTED_EDGE ( 'NONE', *, *, #6889, .T. ) ;
#7919 = CARTESIAN_POINT ( 'NONE',  ( -1949.999999999999773, -211.4982215127146787, -4241.944871367028099 ) ) ;
#7920 = CARTESIAN_POINT ( 'NONE',  ( -16650.00000000000364, 311.4982215127146787, -960.0000000000002274 ) ) ;
#7921 = CARTESIAN_POINT ( 'NONE',  ( -13000.00000000000000, 172.2649730022416747, -825.0000000000000000 ) ) ;
#7922 = CARTESIAN_POINT ( 'NONE',  ( -14500.00000000002001, -715.8858524671089754, -627.9459428346829100 ) ) ;
#7923 = DIRECTION ( 'NONE',  ( -1.232595164407830672E-32, -2.249385511977649118E-16, 1.000000000000000000 ) ) ;
#7924 = CARTESIAN_POINT ( 'NONE',  ( -2.998914146599318900E-12, -989.9999999999984084, -960.0000000000020464 ) ) ;
#7925 = EDGE_CURVE ( 'NONE', #8140, #4127, #2132, .T. ) ;
#7926 = EDGE_CURVE ( 'NONE', #1084, #2992, #2970, .T. ) ;
#7927 = LINE ( 'NONE', #176, #6053 ) ;
#7928 = EDGE_CURVE ( 'NONE', #9464, #7819, #9065, .T. ) ;
#7929 = DIRECTION ( 'NONE',  ( -6.162975822039157467E-33, 1.000000000000000000, 2.775557561563032360E-16 ) ) ;
#7930 = VERTEX_POINT ( 'NONE', #1478 ) ;
#7931 = CARTESIAN_POINT ( 'NONE',  ( -12143.40011953353496, -725.0021062409357455, -757.0854464784603124 ) ) ;
#7932 = LINE ( 'NONE', #271, #5216 ) ;
#7933 = CARTESIAN_POINT ( 'NONE',  ( -18500.00000000000000, 875.0000000000000000, -1140.000000000000227 ) ) ;
#7934 = DIRECTION ( 'NONE',  ( -1.000000000000000000, 0.000000000000000000, 0.000000000000000000 ) ) ;
#7935 = EDGE_CURVE ( 'NONE', #5339, #2799, #7579, .T. ) ;
#7936 = DIRECTION ( 'NONE',  ( -0.000000000000000000, -1.000000000000000000, -0.000000000000000000 ) ) ;
#7937 = ADVANCED_FACE ( 'NONE', ( #6182 ), #7038, .F. ) ;
#7938 = ORIENTED_EDGE ( 'NONE', *, *, #3270, .T. ) ;
#7939 = VECTOR ( 'NONE', #8975, 1000.000000000000114 ) ;
#7940 = CARTESIAN_POINT ( 'NONE',  ( -8725.000000000000000, 989.9999999999984084, -1135.000000000000227 ) ) ;
#7941 = ORIENTED_EDGE ( 'NONE', *, *, #8766, .T. ) ;
#7942 = ORIENTED_EDGE ( 'NONE', *, *, #9229, .T. ) ;
#7943 = DIRECTION ( 'NONE',  ( 0.000000000000000000, -1.000000000000000000, -0.000000000000000000 ) ) ;
#7944 = EDGE_LOOP ( 'NONE', ( #8085, #7734, #7152, #7616, #1537 ) ) ;
#7945 = DIRECTION ( 'NONE',  ( 1.000000000000000000, 0.000000000000000000, 0.000000000000000000 ) ) ;
#7946 = CARTESIAN_POINT ( 'NONE',  ( -13250.00000000000000, 899.9999999999986358, -637.0854464784587208 ) ) ;
#7947 = AXIS2_PLACEMENT_3D ( 'NONE', #3645, #5243, #4589 ) ;
#7948 = DIRECTION ( 'NONE',  ( -1.000000000000000000, -6.162975822039154046E-33, -1.232595164407830946E-32 ) ) ;
#7949 = CARTESIAN_POINT ( 'NONE',  ( -5699.999999999999091, 739.9999999999984084, -960.0000000000002274 ) ) ;
#7950 = EDGE_CURVE ( 'NONE', #7111, #2447, #4768, .T. ) ;
#7951 = VERTEX_POINT ( 'NONE', #6285 ) ;
#7952 = EDGE_CURVE ( 'NONE', #6262, #8829, #7746, .T. ) ;
#7953 = AXIS2_PLACEMENT_3D ( 'NONE', #2184, #5130, #8191 ) ;
#7954 = ORIENTED_EDGE ( 'NONE', *, *, #7583, .T. ) ;
#7955 = CIRCLE ( 'NONE', #4744, 250.0000000000000000 ) ;
#7956 = VERTEX_POINT ( 'NONE', #3313 ) ;
#7957 = LINE ( 'NONE', #9408, #4039 ) ;
#7958 = PRODUCT_CONTEXT ( 'NONE', #2575, 'mechanical' ) ;
#7959 = VECTOR ( 'NONE', #1722, 1000.000000000000000 ) ;
#7960 = VECTOR ( 'NONE', #7308, 1000.000000000000000 ) ;
#7961 = ORIENTED_EDGE ( 'NONE', *, *, #3098, .T. ) ;
#7962 = LINE ( 'NONE', #7258, #6368 ) ;
#7963 = AXIS2_PLACEMENT_3D ( 'NONE', #1505, #4437, #3746 ) ;
#7964 = EDGE_CURVE ( 'NONE', #7708, #7807, #2853, .T. ) ;
#7965 = ORIENTED_EDGE ( 'NONE', *, *, #6627, .T. ) ;
#7966 = ORIENTED_EDGE ( 'NONE', *, *, #8194, .F. ) ;
#7967 = ORIENTED_EDGE ( 'NONE', *, *, #2646, .F. ) ;
#7968 = DIRECTION ( 'NONE',  ( 0.9848077530122093526, 0.000000000000000000, 0.1736481776669235033 ) ) ;
#7969 = ORIENTED_EDGE ( 'NONE', *, *, #1402, .F. ) ;
#7970 = VECTOR ( 'NONE', #3423, 1000.000000000000000 ) ;
#7971 = AXIS2_PLACEMENT_3D ( 'NONE', #6680, #4281, #4981 ) ;
#7972 = CARTESIAN_POINT ( 'NONE',  ( -12100.00000000000182, -679.9999999999979536, -459.9999999999982947 ) ) ;
#7973 = DIRECTION ( 'NONE',  ( 1.000000000000000000, 0.000000000000000000, 0.000000000000000000 ) ) ;
#7974 = VECTOR ( 'NONE', #9678, 1000.000000000000000 ) ;
#7975 = LINE ( 'NONE', #9426, #7049 ) ;
#7976 = CARTESIAN_POINT ( 'NONE',  ( -1949.999999999999773, 1189.999999999998408, -960.0000000000002274 ) ) ;
#7977 = DIRECTION ( 'NONE',  ( -1.232595164407830672E-32, -2.775557561563032360E-16, 1.000000000000000000 ) ) ;
#7978 = AXIS2_PLACEMENT_3D ( 'NONE', #3925, #6973, #6228 ) ;
#7979 = DIRECTION ( 'NONE',  ( 6.162975822039157467E-33, -1.000000000000000000, -2.775557561563032360E-16 ) ) ;
#7980 = EDGE_CURVE ( 'NONE', #557, #3794, #8678, .T. ) ;
#7981 = EDGE_LOOP ( 'NONE', ( #4695, #590, #730, #3540 ) ) ;
#7982 = DIRECTION ( 'NONE',  ( 1.000000000000000000, 0.000000000000000000, 0.000000000000000000 ) ) ;
#7983 = AXIS2_PLACEMENT_3D ( 'NONE', #2335, #5377, #4611 ) ;
#7984 = PLANE ( 'NONE',  #2989 ) ;
#7985 = DIRECTION ( 'NONE',  ( 1.000000000000000000, 0.000000000000000000, 0.000000000000000000 ) ) ;
#7986 = VECTOR ( 'NONE', #8813, 1000.000000000000000 ) ;
#7987 = CARTESIAN_POINT ( 'NONE',  ( 620.0000000000000000, 875.0000000000000000, -1210.000000000000000 ) ) ;
#7988 = CARTESIAN_POINT ( 'NONE',  ( 0.000000000000000000, 0.000000000000000000, -1135.000000000000227 ) ) ;
#7989 = VERTEX_POINT ( 'NONE', #7894 ) ;
#7990 = DIRECTION ( 'NONE',  ( 0.000000000000000000, 0.000000000000000000, 1.000000000000000000 ) ) ;
#7991 = VECTOR ( 'NONE', #5476, 1000.000000000000000 ) ;
#7992 = LINE ( 'NONE', #2747, #7970 ) ;
#7993 = AXIS2_PLACEMENT_3D ( 'NONE', #6141, #4624, #6788 ) ;
#7994 = ADVANCED_FACE ( 'NONE', ( #3987 ), #1830, .T. ) ;
#7995 = ORIENTED_EDGE ( 'NONE', *, *, #7264, .F. ) ;
#7996 = ADVANCED_FACE ( 'NONE', ( #5490 ), #3224, .T. ) ;
#7997 = VERTEX_POINT ( 'NONE', #9329 ) ;
#7998 = FACE_OUTER_BOUND ( 'NONE', #304, .T. ) ;
#7999 = ORIENTED_EDGE ( 'NONE', *, *, #4612, .T. ) ;
#8000 = ADVANCED_FACE ( 'NONE', ( #9432 ), #4034, .F. ) ;
#8001 = LINE ( 'NONE', #1146, #2050 ) ;
#8002 = CARTESIAN_POINT ( 'NONE',  ( -11411.43189860506209, 278.9021535255452022, -623.7872381793326895 ) ) ;
#8003 = AXIS2_PLACEMENT_3D ( 'NONE', #87, #1697, #7906 ) ;
#8004 = DIRECTION ( 'NONE',  ( -1.000000000000000000, 0.000000000000000000, 0.000000000000000000 ) ) ;
#8005 = CARTESIAN_POINT ( 'NONE',  ( -14500.00000000002001, 725.0021062409357455, -757.0854464784598576 ) ) ;
#8006 = VECTOR ( 'NONE', #5269, 1000.000000000000000 ) ;
#8007 = ORIENTED_EDGE ( 'NONE', *, *, #2517, .F. ) ;
#8008 = CARTESIAN_POINT ( 'NONE',  ( -5699.999999999999091, 989.9999999999984084, -1135.000000000000227 ) ) ;
#8009 = VECTOR ( 'NONE', #5089, 1000.000000000000000 ) ;
#8010 = ORIENTED_EDGE ( 'NONE', *, *, #3694, .T. ) ;
#8011 = EDGE_CURVE ( 'NONE', #2136, #1690, #1754, .T. ) ;
#8012 = EDGE_CURVE ( 'NONE', #4117, #6262, #3934, .T. ) ;
#8013 = ITEM_DEFINED_TRANSFORMATION ( 'NONE', 'NONE', #8912,  #3797 ) ;
#8014 = ORIENTED_EDGE ( 'NONE', *, *, #8011, .T. ) ;
#8015 = VERTEX_POINT ( 'NONE', #6986 ) ;
#8016 = EDGE_CURVE ( 'NONE', #982, #780, #6932, .T. ) ;
#8017 = ORIENTED_EDGE ( 'NONE', *, *, #2616, .T. ) ;
#8018 = ORIENTED_EDGE ( 'NONE', *, *, #2273, .F. ) ;
#8019 = DIRECTION ( 'NONE',  ( 0.000000000000000000, 0.000000000000000000, 1.000000000000000000 ) ) ;
#8020 = ORIENTED_EDGE ( 'NONE', *, *, #9064, .T. ) ;
#8021 = LINE ( 'NONE', #1165, #1093 ) ;
#8022 = CARTESIAN_POINT ( 'NONE',  ( -11687.50000000000000, -740.0000000000013642, -960.0000000000000000 ) ) ;
#8023 = LINE ( 'NONE', #2009, #173 ) ;
#8024 = DIRECTION ( 'NONE',  ( -1.000000000000000000, -6.162975822039151993E-33, -1.232595164407830946E-32 ) ) ;
#8025 = CARTESIAN_POINT ( 'NONE',  ( -13856.59988046646504, 1077.499998843224375, -757.0854464784597440 ) ) ;
#8026 = CYLINDRICAL_SURFACE ( 'NONE', #781, 277.7941176470602045 ) ;
#8027 = VERTEX_POINT ( 'NONE', #6240 ) ;
#8028 = AXIS2_PLACEMENT_3D ( 'NONE', #4606, #8481, #1630 ) ;
#8029 = CARTESIAN_POINT ( 'NONE',  ( -13755.00000000007094, 899.9999999999986358, -860.0000000000226237 ) ) ;
#8030 = EDGE_LOOP ( 'NONE', ( #3296, #9344, #5013, #7578 ) ) ;
#8031 = CARTESIAN_POINT ( 'NONE',  ( -4551.792278806056856, 1089.999999999998181, -849.6342572279651222 ) ) ;
#8032 = ORIENTED_EDGE ( 'NONE', *, *, #5601, .T. ) ;
#8033 = CARTESIAN_POINT ( 'NONE',  ( -1849.999999999999545, 211.4982215127146787, -1135.000000000000227 ) ) ;
#8034 = CARTESIAN_POINT ( 'NONE',  ( -15446.19114447246830, -96.32452974707685200, -960.0000000000002274 ) ) ;
#8035 = DIRECTION ( 'NONE',  ( 1.000000000000000000, 0.000000000000000000, 0.000000000000000000 ) ) ;
#8036 = VECTOR ( 'NONE', #7214, 1000.000000000000000 ) ;
#8037 = DIRECTION ( 'NONE',  ( -1.232595164407830672E-32, -2.249385511977649118E-16, 1.000000000000000000 ) ) ;
#8038 = VERTEX_POINT ( 'NONE', #8541 ) ;
#8039 = DIRECTION ( 'NONE',  ( -1.232595164407830672E-32, -2.775557561563032360E-16, 1.000000000000000000 ) ) ;
#8040 = DIRECTION ( 'NONE',  ( 0.000000000000000000, 1.000000000000000000, 0.000000000000000000 ) ) ;
#8041 = VECTOR ( 'NONE', #8936, 1000.000000000000000 ) ;
#8042 = ORIENTED_EDGE ( 'NONE', *, *, #6859, .T. ) ;
#8043 = ORIENTED_EDGE ( 'NONE', *, *, #3159, .T. ) ;
#8044 = ORIENTED_EDGE ( 'NONE', *, *, #2088, .F. ) ;
#8045 = ORIENTED_EDGE ( 'NONE', *, *, #165, .F. ) ;
#8046 = LINE ( 'NONE', #523, #7149 ) ;
#8047 = DIRECTION ( 'NONE',  ( 1.232595164407830672E-32, 2.775557561563032360E-16, -1.000000000000000000 ) ) ;
#8048 = CARTESIAN_POINT ( 'NONE',  ( -11611.43189860506391, 1077.499998843224375, -757.0854464784597440 ) ) ;
#8049 = DIRECTION ( 'NONE',  ( 0.000000000000000000, 0.000000000000000000, 1.000000000000000000 ) ) ;
#8050 = EDGE_CURVE ( 'NONE', #2992, #2158, #9074, .T. ) ;
#8051 = ORIENTED_EDGE ( 'NONE', *, *, #8053, .T. ) ;
#8052 = DIRECTION ( 'NONE',  ( 6.162975822039157467E-33, -1.000000000000000000, -2.249385511977649118E-16 ) ) ;
#8053 = EDGE_CURVE ( 'NONE', #4587, #7678, #4715, .T. ) ;
#8054 = DIRECTION ( 'NONE',  ( 6.162975822039157467E-33, -1.000000000000000000, -2.775557561563032360E-16 ) ) ;
#8055 = VERTEX_POINT ( 'NONE', #2592 ) ;
#8056 = ADVANCED_FACE ( 'NONE', ( #3128 ), #7659, .T. ) ;
#8057 = EDGE_CURVE ( 'NONE', #6112, #1604, #268, .T. ) ;
#8058 = VERTEX_POINT ( 'NONE', #9376 ) ;
#8059 = LINE ( 'NONE', #2664, #3008 ) ;
#8060 = ORIENTED_EDGE ( 'NONE', *, *, #1758, .F. ) ;
#8061 = ORIENTED_EDGE ( 'NONE', *, *, #5348, .F. ) ;
#8062 = EDGE_LOOP ( 'NONE', ( #7077, #3115, #7212, #8502, #1413, #2379 ) ) ;
#8063 = CARTESIAN_POINT ( 'NONE',  ( -11505.62481363482402, -747.0986934586336474, -637.0854464784592892 ) ) ;
#8064 = CARTESIAN_POINT ( 'NONE',  ( -11499.99999999998181, -715.8858524671089754, -627.9459428346829100 ) ) ;
#8065 = DIRECTION ( 'NONE',  ( 6.162975822039157467E-33, -1.000000000000000000, -2.775557561563032360E-16 ) ) ;
#8066 = CARTESIAN_POINT ( 'NONE',  ( -13499.99999999999818, -814.9999999999974989, -637.0854464784592892 ) ) ;
#8067 = CYLINDRICAL_SURFACE ( 'NONE', #1137, 250.0000000000000000 ) ;
#8068 = CARTESIAN_POINT ( 'NONE',  ( -12244.99999999992906, -1077.499998843224375, -860.0000000000231921 ) ) ;
#8069 = EDGE_CURVE ( 'NONE', #1206, #4872, #2539, .T. ) ;
#8070 = VERTEX_POINT ( 'NONE', #506 ) ;
#8071 = EDGE_CURVE ( 'NONE', #490, #3831, #4262, .T. ) ;
#8072 = ORIENTED_EDGE ( 'NONE', *, *, #3588, .T. ) ;
#8073 = LINE ( 'NONE', #2680, #9399 ) ;
#8074 = VERTEX_POINT ( 'NONE', #1870 ) ;
#8075 = CARTESIAN_POINT ( 'NONE',  ( -11661.34256363902387, 896.2284449665696684, -757.0854464784598576 ) ) ;
#8076 = CARTESIAN_POINT ( 'NONE',  ( -11611.43189860506391, -1077.499998843224375, -757.0854464784604261 ) ) ;
#8077 = LINE ( 'NONE', #1874, #4997 ) ;
#8078 = CARTESIAN_POINT ( 'NONE',  ( -16550.00000000000000, -800.0000000000000000, -910.0000000000001137 ) ) ;
#8079 = LINE ( 'NONE', #5018, #2257 ) ;
#8080 = CARTESIAN_POINT ( 'NONE',  ( -11611.43189860506391, -877.4999988432243754, -909.9999999999987494 ) ) ;
#8081 = DIRECTION ( 'NONE',  ( 0.000000000000000000, 0.000000000000000000, -1.000000000000000000 ) ) ;
#8082 = ORIENTED_EDGE ( 'NONE', *, *, #5921, .T. ) ;
#8083 = VECTOR ( 'NONE', #8054, 1000.000000000000000 ) ;
#8084 = FACE_OUTER_BOUND ( 'NONE', #7904, .T. ) ;
#8085 = ORIENTED_EDGE ( 'NONE', *, *, #3571, .T. ) ;
#8086 = ORIENTED_EDGE ( 'NONE', *, *, #8679, .F. ) ;
#8087 = LINE ( 'NONE', #7377, #2520 ) ;
#8088 = CARTESIAN_POINT ( 'NONE',  ( -14500.00000000002001, 747.0986934586334201, -637.0854464784588345 ) ) ;
#8089 = CYLINDRICAL_SURFACE ( 'NONE', #8528, 5900.000000000000000 ) ;
#8090 = CARTESIAN_POINT ( 'NONE',  ( -11501.56891704290865, 725.0021062409357455, -757.0854464784598576 ) ) ;
#8091 = VECTOR ( 'NONE', #3766, 1000.000000000000000 ) ;
#8092 = CARTESIAN_POINT ( 'NONE',  ( -446.4101615137743693, 311.4982215127147924, -1135.000000000000227 ) ) ;
#8093 = EDGE_LOOP ( 'NONE', ( #9663, #2176, #9090, #139, #6024, #3055, #1162 ) ) ;
#8094 = DIRECTION ( 'NONE',  ( 1.000000000000000000, 6.162975822039151993E-33, 1.232595164407830946E-32 ) ) ;
#8095 = PLANE ( 'NONE',  #482 ) ;
#8096 = EDGE_LOOP ( 'NONE', ( #1145, #5190 ) ) ;
#8097 = ORIENTED_EDGE ( 'NONE', *, *, #2058, .F. ) ;
#8098 = LINE ( 'NONE', #4293, #4775 ) ;
#8099 = EDGE_CURVE ( 'NONE', #3920, #9757, #9901, .T. ) ;
#8100 = EDGE_CURVE ( 'NONE', #2980, #3800, #5887, .T. ) ;
#8101 = ORIENTED_EDGE ( 'NONE', *, *, #3913, .T. ) ;
#8102 = VECTOR ( 'NONE', #1976, 1000.000000000000000 ) ;
#8103 = ORIENTED_EDGE ( 'NONE', *, *, #3474, .F. ) ;
#8104 = EDGE_CURVE ( 'NONE', #3399, #6564, #8614, .T. ) ;
#8105 = ORIENTED_EDGE ( 'NONE', *, *, #6580, .T. ) ;
#8106 = VERTEX_POINT ( 'NONE', #5063 ) ;
#8107 = DIRECTION ( 'NONE',  ( -1.669587230693022918E-16, 2.391760238884576807E-33, -1.000000000000000000 ) ) ;
#8108 = ADVANCED_FACE ( 'NONE', ( #8171 ), #8123, .T. ) ;
#8109 = CARTESIAN_POINT ( 'NONE',  ( -18500.00000000000000, 1189.999999999998408, -960.0000000000002274 ) ) ;
#8110 = CARTESIAN_POINT ( 'NONE',  ( -14498.43108295709135, -725.0021062409357455, -757.0854464784603124 ) ) ;
#8111 =( GEOMETRIC_REPRESENTATION_CONTEXT ( 3 ) GLOBAL_UNCERTAINTY_ASSIGNED_CONTEXT ( ( #1583 ) ) GLOBAL_UNIT_ASSIGNED_CONTEXT ( ( #6363, #7726, #2374 ) ) REPRESENTATION_CONTEXT ( 'NONE', 'WORKASPACE' ) );
#8112 =( BOUNDED_CURVE ( )  B_SPLINE_CURVE ( 3, ( #5181, #9804, #7426, #1534 ),
 .UNSPECIFIED., .F., .F. ) 
 B_SPLINE_CURVE_WITH_KNOTS ( ( 4, 4 ),
 ( 1.376284916762130717, 1.570796326794896558 ),
 .UNSPECIFIED. ) 
 CURVE ( )  GEOMETRIC_REPRESENTATION_ITEM ( )  RATIONAL_B_SPLINE_CURVE ( ( 1.000000000000000000, 0.9968495936771430976, 0.9968495936771430976, 1.000000000000000000 ) ) 
 REPRESENTATION_ITEM ( '' )  );
#8113 = CARTESIAN_POINT ( 'NONE',  ( -15900.00000000000182, 739.9999999999984084, -960.0000000000002274 ) ) ;
#8114 = CARTESIAN_POINT ( 'NONE',  ( -16550.00000000000000, -200.0000000000000000, -825.0000000000001137 ) ) ;
#8115 = VECTOR ( 'NONE', #3000, 1000.000000000000000 ) ;
#8116 = CARTESIAN_POINT ( 'NONE',  ( -13100.00000000000182, -618.9114148497025099, -960.0000000000000000 ) ) ;
#8117 = ORIENTED_EDGE ( 'NONE', *, *, #6487, .F. ) ;
#8118 = DIRECTION ( 'NONE',  ( -0.000000000000000000, 0.000000000000000000, 1.000000000000000000 ) ) ;
#8119 = AXIS2_PLACEMENT_3D ( 'NONE', #3472, #2643, #6537 ) ;
#8120 = CIRCLE ( 'NONE', #7169, 149.9999999999999147 ) ;
#8121 = AXIS2_PLACEMENT_3D ( 'NONE', #5528, #884, #2396 ) ;
#8122 = VERTEX_POINT ( 'NONE', #5675 ) ;
#8123 = PLANE ( 'NONE',  #1106 ) ;
#8124 = EDGE_CURVE ( 'NONE', #5644, #5044, #8917, .T. ) ;
#8125 = LINE ( 'NONE', #5778, #2195 ) ;
#8126 = EDGE_CURVE ( 'NONE', #1986, #1842, #3460, .T. ) ;
#8127 = DIRECTION ( 'NONE',  ( 0.000000000000000000, 0.000000000000000000, -1.000000000000000000 ) ) ;
#8128 = AXIS2_PLACEMENT_3D ( 'NONE', #2403, #5586, #5452 ) ;
#8129 = CARTESIAN_POINT ( 'NONE',  ( -6812.500000000000000, 739.9999999999984084, -1135.000000000000227 ) ) ;
#8130 = DIRECTION ( 'NONE',  ( 6.162975822039157467E-33, -1.000000000000000000, -2.775557561563032360E-16 ) ) ;
#8131 = CARTESIAN_POINT ( 'NONE',  ( -14338.65743636097613, 896.2284449665696684, -757.0854464784598576 ) ) ;
#8132 = CARTESIAN_POINT ( 'NONE',  ( -12550.00000000000000, -990.0000000000014779, -960.0000000000005684 ) ) ;
#8133 = CIRCLE ( 'NONE', #3814, 149.9999999999999147 ) ;
#8134 = VECTOR ( 'NONE', #6075, 1000.000000000000000 ) ;
#8135 = DIRECTION ( 'NONE',  ( -0.000000000000000000, -0.9854601157443478865, -0.1699069165076472210 ) ) ;
#8136 = ORIENTED_EDGE ( 'NONE', *, *, #1563, .F. ) ;
#8137 = ORIENTED_EDGE ( 'NONE', *, *, #7255, .F. ) ;
#8138 = EDGE_CURVE ( 'NONE', #1100, #794, #8722, .T. ) ;
#8139 = EDGE_LOOP ( 'NONE', ( #8946, #1815, #5384, #1985, #5288, #7514 ) ) ;
#8140 = VERTEX_POINT ( 'NONE', #6433 ) ;
#8141 = VECTOR ( 'NONE', #4055, 1000.000000000000000 ) ;
#8142 = DIRECTION ( 'NONE',  ( 1.000000000000000000, 6.162975822039151993E-33, 1.232595164407830946E-32 ) ) ;
#8143 = DIRECTION ( 'NONE',  ( -1.053265169784349329E-32, 0.9185881544472646043, 0.3952161465694035702 ) ) ;
#8144 = AXIS2_PLACEMENT_3D ( 'NONE', #3906, #3952, #9038 ) ;
#8145 = DIRECTION ( 'NONE',  ( -1.000000000000000000, 0.000000000000000000, 0.000000000000000000 ) ) ;
#8146 = CIRCLE ( 'NONE', #2572, 149.9999999999999147 ) ;
#8147 = EDGE_LOOP ( 'NONE', ( #250, #7556, #7886, #5307 ) ) ;
#8148 = CARTESIAN_POINT ( 'NONE',  ( -11411.43189860506209, 747.0986934586334201, -637.0854464784588345 ) ) ;
#8149 = VECTOR ( 'NONE', #8145, 1000.000000000000000 ) ;
#8150 = VERTEX_POINT ( 'NONE', #1277 ) ;
#8151 = ORIENTED_EDGE ( 'NONE', *, *, #9647, .F. ) ;
#8152 = AXIS2_PLACEMENT_3D ( 'NONE', #2029, #8836, #7199 ) ;
#8153 = DIRECTION ( 'NONE',  ( 0.000000000000000000, 0.000000000000000000, 1.000000000000000000 ) ) ;
#8154 = CIRCLE ( 'NONE', #4158, 277.7941176470602045 ) ;
#8155 = VECTOR ( 'NONE', #2271, 1000.000000000000114 ) ;
#8156 = ORIENTED_EDGE ( 'NONE', *, *, #7043, .F. ) ;
#8157 = LINE ( 'NONE', #4244, #4392 ) ;
#8158 = ORIENTED_EDGE ( 'NONE', *, *, #5554, .T. ) ;
#8159 = EDGE_LOOP ( 'NONE', ( #8899, #1663, #2145, #9346, #5542, #1173 ) ) ;
#8160 = PLANE ( 'NONE',  #2727 ) ;
#8161 = CARTESIAN_POINT ( 'NONE',  ( -11505.62481363482402, -747.0986934586336474, -637.0854464784592892 ) ) ;
#8162 = LINE ( 'NONE', #5105, #6388 ) ;
#8163 = PLANE ( 'NONE',  #3500 ) ;
#8164 = LINE ( 'NONE', #9776, #4114 ) ;
#8165 = LINE ( 'NONE', #8862, #4637 ) ;
#8166 = ORIENTED_EDGE ( 'NONE', *, *, #116, .T. ) ;
#8167 = EDGE_CURVE ( 'NONE', #5642, #7956, #3414, .T. ) ;
#8168 = EDGE_CURVE ( 'NONE', #9272, #4617, #1414, .T. ) ;
#8169 = ORIENTED_EDGE ( 'NONE', *, *, #9083, .T. ) ;
#8170 = ADVANCED_FACE ( 'NONE', ( #6619 ), #9581, .T. ) ;
#8171 = FACE_OUTER_BOUND ( 'NONE', #1376, .T. ) ;
#8172 = CIRCLE ( 'NONE', #6104, 149.9999999999999147 ) ;
#8173 = LINE ( 'NONE', #4909, #4584 ) ;
#8174 = CARTESIAN_POINT ( 'NONE',  ( -19088.68599666425871, 875.0000000000000000, -980.0000000000001137 ) ) ;
#8175 = CARTESIAN_POINT ( 'NONE',  ( -13755.00000000007094, -454.0705533836912196, -860.0000000000230784 ) ) ;
#8176 = CYLINDRICAL_SURFACE ( 'NONE', #3519, 79.99999999999995737 ) ;
#8177 = DIRECTION ( 'NONE',  ( 0.000000000000000000, 1.000000000000000000, 5.551115123125782702E-16 ) ) ;
#8178 = DIRECTION ( 'NONE',  ( 1.000000000000000000, 0.000000000000000000, 0.000000000000000000 ) ) ;
#8179 = EDGE_CURVE ( 'NONE', #6763, #5592, #4962, .T. ) ;
#8180 = DIRECTION ( 'NONE',  ( -1.232595164407830672E-32, -2.775557561563032360E-16, 1.000000000000000000 ) ) ;
#8181 = LINE ( 'NONE', #7526, #1900 ) ;
#8182 = ORIENTED_EDGE ( 'NONE', *, *, #8602, .T. ) ;
#8183 = ORIENTED_EDGE ( 'NONE', *, *, #5390, .T. ) ;
#8184 = DIRECTION ( 'NONE',  ( -6.162975822039157467E-33, 1.000000000000000000, 3.301729611148415602E-16 ) ) ;
#8185 = DIRECTION ( 'NONE',  ( -1.000000000000000000, 0.000000000000000000, 0.000000000000000000 ) ) ;
#8186 = ORIENTED_EDGE ( 'NONE', *, *, #9360, .F. ) ;
#8187 = CYLINDRICAL_SURFACE ( 'NONE', #4594, 250.0000000000000000 ) ;
#8188 = AXIS2_PLACEMENT_3D ( 'NONE', #3096, #6103, #3639 ) ;
#8189 = DIRECTION ( 'NONE',  ( -6.162975822039157467E-33, 1.000000000000000000, 2.775557561563032360E-16 ) ) ;
#8190 = CARTESIAN_POINT ( 'NONE',  ( -7862.500000000000909, -990.0000000000003411, -960.0000000000002274 ) ) ;
#8191 = DIRECTION ( 'NONE',  ( 6.162975822039157467E-33, -1.000000000000000000, -2.775557561563032360E-16 ) ) ;
#8192 = CARTESIAN_POINT ( 'NONE',  ( -18500.00000000000000, 875.0000000000000000, -1060.000000000000000 ) ) ;
#8193 = DIRECTION ( 'NONE',  ( 0.000000000000000000, -1.000000000000000000, -0.000000000000000000 ) ) ;
#8194 = EDGE_CURVE ( 'NONE', #9145, #3329, #6219, .T. ) ;
#8195 = EDGE_CURVE ( 'NONE', #461, #8881, #5866, .T. ) ;
#8196 = ORIENTED_EDGE ( 'NONE', *, *, #2549, .F. ) ;
#8197 = EDGE_LOOP ( 'NONE', ( #8349, #6813, #691, #743, #964, #4883 ) ) ;
#8198 = DIRECTION ( 'NONE',  ( 1.232595164407830672E-32, 2.775557561563032360E-16, -1.000000000000000000 ) ) ;
#8199 = VERTEX_POINT ( 'NONE', #8774 ) ;
#8200 = PLANE ( 'NONE',  #8463 ) ;
#8201 = LINE ( 'NONE', #2988, #3941 ) ;
#8202 = AXIS2_PLACEMENT_3D ( 'NONE', #8496, #8435, #3938 ) ;
#8203 = ORIENTED_EDGE ( 'NONE', *, *, #6350, .F. ) ;
#8204 = LINE ( 'NONE', #2514, #3294 ) ;
#8205 = FACE_OUTER_BOUND ( 'NONE', #281, .T. ) ;
#8206 = ORIENTED_EDGE ( 'NONE', *, *, #8057, .F. ) ;
#8207 = VERTEX_POINT ( 'NONE', #8031 ) ;
#8208 = DIRECTION ( 'NONE',  ( -6.162975822039157467E-33, 1.000000000000000000, 2.775557561563032360E-16 ) ) ;
#8209 = DIRECTION ( 'NONE',  ( 6.162975822039157467E-33, -1.000000000000000000, -2.249385511977649118E-16 ) ) ;
#8210 = FACE_OUTER_BOUND ( 'NONE', #4180, .T. ) ;
#8211 = VERTEX_POINT ( 'NONE', #7269 ) ;
#8212 = DIRECTION ( 'NONE',  ( 0.000000000000000000, 0.000000000000000000, 1.000000000000000000 ) ) ;
#8213 = DIRECTION ( 'NONE',  ( -0.000000000000000000, 0.000000000000000000, -1.000000000000000000 ) ) ;
#8214 = EDGE_CURVE ( 'NONE', #2670, #3909, #6769, .T. ) ;
#8215 = LINE ( 'NONE', #4399, #4353 ) ;
#8216 = EDGE_CURVE ( 'NONE', #4097, #2056, #4432, .T. ) ;
#8217 = CARTESIAN_POINT ( 'NONE',  ( -596.4101615137747103, 739.9999999999984084, -4241.944871367028099 ) ) ;
#8218 = CARTESIAN_POINT ( 'NONE',  ( -12143.40011953353496, -190.0000000000007674, -504.9802145985029256 ) ) ;
#8219 = CARTESIAN_POINT ( 'NONE',  ( -13856.59988046646504, 295.9385695031826913, -504.9802145985045172 ) ) ;
#8220 = DIRECTION ( 'NONE',  ( -1.000000000000000000, 0.000000000000000000, -0.000000000000000000 ) ) ;
#8221 = DIRECTION ( 'NONE',  ( 0.000000000000000000, -1.000000000000000000, 0.000000000000000000 ) ) ;
#8222 = ORIENTED_EDGE ( 'NONE', *, *, #2626, .F. ) ;
#8223 = ORIENTED_EDGE ( 'NONE', *, *, #3545, .T. ) ;
#8224 = LINE ( 'NONE', #8883, #9708 ) ;
#8225 = CARTESIAN_POINT ( 'NONE',  ( -12143.40011953353496, -747.0986934586336474, -637.0854464784592892 ) ) ;
#8226 = EDGE_CURVE ( 'NONE', #4705, #3584, #8967, .T. ) ;
#8227 = CARTESIAN_POINT ( 'NONE',  ( -346.4101615137744830, -739.9999999999984084, -1135.000000000000227 ) ) ;
#8228 = ORIENTED_EDGE ( 'NONE', *, *, #9698, .T. ) ;
#8229 = LINE ( 'NONE', #9903, #5208 ) ;
#8230 = VECTOR ( 'NONE', #7656, 1000.000000000000000 ) ;
#8231 = ORIENTED_EDGE ( 'NONE', *, *, #331, .F. ) ;
#8232 = VERTEX_POINT ( 'NONE', #12 ) ;
#8233 = FACE_OUTER_BOUND ( 'NONE', #7142, .T. ) ;
#8234 = ORIENTED_EDGE ( 'NONE', *, *, #6518, .T. ) ;
#8235 = PLANE ( 'NONE',  #1111 ) ;
#8236 = CARTESIAN_POINT ( 'NONE',  ( -8975.000000000000000, 739.9999999999984084, -4241.944871367028099 ) ) ;
#8237 = DIRECTION ( 'NONE',  ( 1.232595164407830672E-32, 2.775557561563032360E-16, -1.000000000000000000 ) ) ;
#8238 = VECTOR ( 'NONE', #2611, 1000.000000000000000 ) ;
#8239 = EDGE_CURVE ( 'NONE', #4230, #7607, #9107, .T. ) ;
#8240 = EDGE_CURVE ( 'NONE', #6564, #8027, #1255, .T. ) ;
#8241 = AXIS2_PLACEMENT_3D ( 'NONE', #2784, #9737, #550 ) ;
#8242 = VERTEX_POINT ( 'NONE', #2275 ) ;
#8243 = DIRECTION ( 'NONE',  ( 1.426102104458186769E-16, 1.000000000000000000, 0.000000000000000000 ) ) ;
#8244 = CIRCLE ( 'NONE', #1869, 79.99999999999990052 ) ;
#8245 = ORIENTED_EDGE ( 'NONE', *, *, #3284, .T. ) ;
#8246 = ORIENTED_EDGE ( 'NONE', *, *, #808, .F. ) ;
#8247 = ORIENTED_EDGE ( 'NONE', *, *, #190, .T. ) ;
#8248 = CARTESIAN_POINT ( 'NONE',  ( -10637.50000000000000, -989.9999999999997726, -1135.000000000000227 ) ) ;
#8249 = EDGE_CURVE ( 'NONE', #5513, #7707, #8133, .T. ) ;
#8250 = EDGE_CURVE ( 'NONE', #2187, #5514, #3711, .T. ) ;
#8251 = CIRCLE ( 'NONE', #5214, 277.7941176470602045 ) ;
#8252 = FACE_OUTER_BOUND ( 'NONE', #1117, .T. ) ;
#8253 = FACE_OUTER_BOUND ( 'NONE', #6145, .T. ) ;
#8254 = CIRCLE ( 'NONE', #4897, 6000.000000000000000 ) ;
#8255 = VERTEX_POINT ( 'NONE', #5317 ) ;
#8256 = ORIENTED_EDGE ( 'NONE', *, *, #3643, .T. ) ;
#8257 = ORIENTED_EDGE ( 'NONE', *, *, #1788, .F. ) ;
#8258 = ORIENTED_EDGE ( 'NONE', *, *, #7209, .F. ) ;
#8259 = DIRECTION ( 'NONE',  ( 0.000000000000000000, -1.000000000000000000, 0.000000000000000000 ) ) ;
#8260 = VECTOR ( 'NONE', #360, 1000.000000000000000 ) ;
#8261 = CARTESIAN_POINT ( 'NONE',  ( -12750.00000000000000, 176.9719203373657592, -350.9999999999987494 ) ) ;
#8262 = CARTESIAN_POINT ( 'NONE',  ( -13899.99999999999818, 679.9999999999979536, -459.9999999999979536 ) ) ;
#8263 = CARTESIAN_POINT ( 'NONE',  ( -446.4101615137743124, 211.4982215127146787, -960.0000000000002274 ) ) ;
#8264 = DIRECTION ( 'NONE',  ( -1.000000000000000000, 0.000000000000000000, -0.000000000000000000 ) ) ;
#8265 = DIRECTION ( 'NONE',  ( -1.232595164407830672E-32, -2.775557561563032360E-16, 1.000000000000000000 ) ) ;
#8266 = DIRECTION ( 'NONE',  ( 1.232595164407830672E-32, 2.775557561563032360E-16, -1.000000000000000000 ) ) ;
#8267 = VECTOR ( 'NONE', #7979, 1000.000000000000000 ) ;
#8268 = CARTESIAN_POINT ( 'NONE',  ( -12500.00000000000182, 1970.627566330085529, -306.2059048389983218 ) ) ;
#8269 = AXIS2_PLACEMENT_3D ( 'NONE', #231, #2599, #989 ) ;
#8270 = ADVANCED_FACE ( 'NONE', ( #707 ), #6664, .T. ) ;
#8271 = DIRECTION ( 'NONE',  ( -0.000000000000000000, 0.000000000000000000, 1.000000000000000000 ) ) ;
#8272 = ORIENTED_EDGE ( 'NONE', *, *, #9030, .T. ) ;
#8273 = CARTESIAN_POINT ( 'NONE',  ( -7862.500000000000909, 989.9999999999984084, -1135.000000000000227 ) ) ;
#8274 = PRODUCT_DEFINITION_CONTEXT ( 'detailed design', #6271, 'design' ) ;
#8275 = ORIENTED_EDGE ( 'NONE', *, *, #4190, .F. ) ;
#8276 = CYLINDRICAL_SURFACE ( 'NONE', #9430, 79.99999999999995737 ) ;
#8277 = VERTEX_POINT ( 'NONE', #9010 ) ;
#8278 = PLANE ( 'NONE',  #3005 ) ;
#8279 = LINE ( 'NONE', #9122, #7824 ) ;
#8280 = CARTESIAN_POINT ( 'NONE',  ( 588.6859966642593918, -875.0000000000000000, -1140.000000000000227 ) ) ;
#8281 = CARTESIAN_POINT ( 'NONE',  ( -14388.56810139493609, -1077.499998843224375, -757.0854464784604261 ) ) ;
#8282 = VECTOR ( 'NONE', #7180, 1000.000000000000000 ) ;
#8283 = AXIS2_PLACEMENT_3D ( 'NONE', #9552, #431, #6405 ) ;
#8284 = ORIENTED_EDGE ( 'NONE', *, *, #2901, .T. ) ;
#8285 = LINE ( 'NONE', #9758, #3955 ) ;
#8286 = VECTOR ( 'NONE', #6573, 1000.000000000000000 ) ;
#8287 = EDGE_CURVE ( 'NONE', #2613, #1208, #9055, .T. ) ;
#8288 = EDGE_CURVE ( 'NONE', #5337, #821, #7453, .T. ) ;
#8289 = EDGE_CURVE ( 'NONE', #4226, #4599, #787, .T. ) ;
#8290 = VECTOR ( 'NONE', #2772, 1000.000000000000000 ) ;
#8291 = ORIENTED_EDGE ( 'NONE', *, *, #488, .T. ) ;
#8292 = VECTOR ( 'NONE', #2916, 1000.000000000000000 ) ;
#8293 = DIRECTION ( 'NONE',  ( 1.000000000000000000, 1.426102104458186769E-16, 0.000000000000000000 ) ) ;
#8294 = EDGE_LOOP ( 'NONE', ( #3802, #3679, #9363, #2779, #2106 ) ) ;
#8295 = PLANE ( 'NONE',  #9549 ) ;
#8296 = DIRECTION ( 'NONE',  ( -1.000000000000000000, -2.400482215405744004E-16, 1.189916929857710326E-16 ) ) ;
#8297 = DIRECTION ( 'NONE',  ( -1.000000000000000000, 3.977017136376343403E-17, -0.000000000000000000 ) ) ;
#8298 = DIRECTION ( 'NONE',  ( 0.9632452974707709226, -0.2686233364777638744, 0.000000000000000000 ) ) ;
#8299 = VECTOR ( 'NONE', #9908, 1000.000000000000000 ) ;
#8300 = AXIS2_PLACEMENT_3D ( 'NONE', #2139, #9900, #9754 ) ;
#8301 = ORIENTED_EDGE ( 'NONE', *, *, #5728, .F. ) ;
#8302 = DIRECTION ( 'NONE',  ( 1.232595164407830672E-32, 2.775557561563032360E-16, -1.000000000000000000 ) ) ;
#8303 = VECTOR ( 'NONE', #3142, 1000.000000000000000 ) ;
#8304 = EDGE_CURVE ( 'NONE', #4949, #9869, #3815, .T. ) ;
#8305 = CIRCLE ( 'NONE', #4011, 50.00000000000071054 ) ;
#8306 = ORIENTED_EDGE ( 'NONE', *, *, #754, .F. ) ;
#8307 = ORIENTED_EDGE ( 'NONE', *, *, #8488, .T. ) ;
#8308 = CARTESIAN_POINT ( 'NONE',  ( -12750.00000000000000, 729.4021522441533989, -769.9999999999959073 ) ) ;
#8309 = VECTOR ( 'NONE', #5147, 1000.000000000000000 ) ;
#8310 = CARTESIAN_POINT ( 'NONE',  ( -6812.500000000000000, -990.0000000000001137, -960.0000000000002274 ) ) ;
#8311 = CARTESIAN_POINT ( 'NONE',  ( -11505.62481363482402, 747.0986934586334201, -637.0854464784588345 ) ) ;
#8312 = VERTEX_POINT ( 'NONE', #6876 ) ;
#8313 = AXIS2_PLACEMENT_3D ( 'NONE', #1824, #9476, #3409 ) ;
#8314 = AXIS2_PLACEMENT_3D ( 'NONE', #5021, #4040, #6337 ) ;
#8315 = ADVANCED_FACE ( 'NONE', ( #4396 ), #9161, .F. ) ;
#8316 = EDGE_CURVE ( 'NONE', #5078, #162, #9781, .T. ) ;
#8317 = AXIS2_PLACEMENT_3D ( 'NONE', #4146, #7252, #8889 ) ;
#8318 = EDGE_LOOP ( 'NONE', ( #5655, #3245, #8593, #4848 ) ) ;
#8319 = LINE ( 'NONE', #4497, #2071 ) ;
#8320 = DIRECTION ( 'NONE',  ( -0.000000000000000000, 0.000000000000000000, 1.000000000000000000 ) ) ;
#8321 = FACE_OUTER_BOUND ( 'NONE', #3295, .T. ) ;
#8322 = DIRECTION ( 'NONE',  ( 1.000000000000000000, 0.000000000000000000, 0.000000000000000000 ) ) ;
#8323 = LINE ( 'NONE', #4663, #762 ) ;
#8324 = DIRECTION ( 'NONE',  ( 0.000000000000000000, 0.000000000000000000, -1.000000000000000000 ) ) ;
#8325 = ORIENTED_EDGE ( 'NONE', *, *, #9796, .T. ) ;
#8326 = CARTESIAN_POINT ( 'NONE',  ( -446.4101615137743693, 211.4982215127147072, -1135.000000000001137 ) ) ;
#8327 = EDGE_LOOP ( 'NONE', ( #9311, #9660, #9717, #3393, #7253, #4064, #6909, #2231, #8409, #1320, #7875, #8821 ) ) ;
#8328 = FACE_OUTER_BOUND ( 'NONE', #3435, .T. ) ;
#8329 = CARTESIAN_POINT ( 'NONE',  ( -1949.999999999999773, -739.9999999999984084, -960.0000000000002274 ) ) ;
#8330 = FACE_OUTER_BOUND ( 'NONE', #7825, .T. ) ;
#8331 = LINE ( 'NONE', #9656, #3625 ) ;
#8332 = ORIENTED_EDGE ( 'NONE', *, *, #2143, .T. ) ;
#8333 = DIRECTION ( 'NONE',  ( 0.000000000000000000, 0.000000000000000000, 1.000000000000000000 ) ) ;
#8334 = ORIENTED_EDGE ( 'NONE', *, *, #8991, .T. ) ;
#8335 = DIRECTION ( 'NONE',  ( -1.232595164407830672E-32, -2.775557561563032360E-16, 1.000000000000000000 ) ) ;
#8336 = AXIS2_PLACEMENT_3D ( 'NONE', #9833, #5971, #1472 ) ;
#8337 = VERTEX_POINT ( 'NONE', #2216 ) ;
#8338 = ORIENTED_EDGE ( 'NONE', *, *, #4161, .T. ) ;
#8339 = CARTESIAN_POINT ( 'NONE',  ( -11437.50000000000000, -740.0000000000013642, -1135.000000000000227 ) ) ;
#8340 = VERTEX_POINT ( 'NONE', #1323 ) ;
#8341 = DIRECTION ( 'NONE',  ( 1.000000000000000000, 0.000000000000000000, 0.000000000000000000 ) ) ;
#8342 = CARTESIAN_POINT ( 'NONE',  ( -1849.999999999999545, -211.4982215127146787, -960.0000000000002274 ) ) ;
#8343 = LINE ( 'NONE', #2896, #4988 ) ;
#8344 = CARTESIAN_POINT ( 'NONE',  ( -1949.999999999999773, -311.4982215127146787, -1135.000000000000227 ) ) ;
#8345 = EDGE_CURVE ( 'NONE', #943, #9616, #6229, .T. ) ;
#8346 = ADVANCED_FACE ( 'NONE', ( #7408 ), #546, .T. ) ;
#8347 = AXIS2_PLACEMENT_3D ( 'NONE', #625, #676, #9123 ) ;
#8348 = VERTEX_POINT ( 'NONE', #5207 ) ;
#8349 = ORIENTED_EDGE ( 'NONE', *, *, #6552, .T. ) ;
#8350 = CARTESIAN_POINT ( 'NONE',  ( -11700.00000000000182, 1970.627566330085756, -637.0854464784586071 ) ) ;
#8351 = PRODUCT_DEFINITION_SHAPE ( 'NONE', 'NONE',  #9920 ) ;
#8352 = AXIS2_PLACEMENT_3D ( 'NONE', #3242, #146, #8559 ) ;
#8353 = DIRECTION ( 'NONE',  ( 0.000000000000000000, -0.000000000000000000, -1.000000000000000000 ) ) ;
#8354 = ORIENTED_EDGE ( 'NONE', *, *, #7359, .T. ) ;
#8355 = ORIENTED_EDGE ( 'NONE', *, *, #7880, .F. ) ;
#8356 = DIRECTION ( 'NONE',  ( 6.162975822039157467E-33, -1.000000000000000000, -2.249385511977649118E-16 ) ) ;
#8357 = EDGE_CURVE ( 'NONE', #6706, #8015, #8319, .T. ) ;
#8358 = FACE_OUTER_BOUND ( 'NONE', #5365, .T. ) ;
#8359 = DIRECTION ( 'NONE',  ( 6.162975822039157467E-33, -1.000000000000000000, -2.249385511977649118E-16 ) ) ;
#8360 = ORIENTED_EDGE ( 'NONE', *, *, #5785, .F. ) ;
#8361 = ORIENTED_EDGE ( 'NONE', *, *, #2636, .T. ) ;
#8362 = CARTESIAN_POINT ( 'NONE',  ( -12143.40011953353496, -1077.499998843224375, -637.0854464784594029 ) ) ;
#8363 = CARTESIAN_POINT ( 'NONE',  ( -14300.00000000001819, 699.9999999999986358, -350.9999999999985221 ) ) ;
#8364 = DIRECTION ( 'NONE',  ( 6.162975822039157467E-33, -1.000000000000000000, -2.775557561563032360E-16 ) ) ;
#8365 = EDGE_CURVE ( 'NONE', #4395, #2799, #1365, .T. ) ;
#8366 = PLANE ( 'NONE',  #3201 ) ;
#8367 = EDGE_CURVE ( 'NONE', #5708, #6377, #5966, .T. ) ;
#8368 = CARTESIAN_POINT ( 'NONE',  ( -11699.99999999998181, -699.9999999999986358, -350.9999999999989768 ) ) ;
#8369 = DIRECTION ( 'NONE',  ( -0.000000000000000000, 1.000000000000000000, -0.000000000000000000 ) ) ;
#8370 = CARTESIAN_POINT ( 'NONE',  ( -14299.99999999999818, 1970.627566330085756, -637.0854464784586071 ) ) ;
#8371 = CARTESIAN_POINT ( 'NONE',  ( -12500.00000000000182, 1970.627566330085756, -637.0854464784586071 ) ) ;
#8372 = DIRECTION ( 'NONE',  ( -0.000000000000000000, 0.000000000000000000, 1.000000000000000000 ) ) ;
#8373 = EDGE_LOOP ( 'NONE', ( #3011, #4770, #8691, #3404, #3104 ) ) ;
#8374 = DIRECTION ( 'NONE',  ( -1.432545838226008399E-17, -1.000000000000000000, 0.000000000000000000 ) ) ;
#8375 = CARTESIAN_POINT ( 'NONE',  ( -11880.00000000000182, 1970.627566330085529, -239.9999999999976694 ) ) ;
#8376 = ORIENTED_EDGE ( 'NONE', *, *, #4856, .F. ) ;
#8377 = DIRECTION ( 'NONE',  ( -0.9632452974707709226, -0.2686233364777642074, 0.000000000000000000 ) ) ;
#8378 = CARTESIAN_POINT ( 'NONE',  ( -9525.000000000000000, -740.0000000000009095, -960.0000000000000000 ) ) ;
#8379 = CARTESIAN_POINT ( 'NONE',  ( -14338.65743636097613, 1077.499998843224375, -757.0854464784597440 ) ) ;
#8380 = CARTESIAN_POINT ( 'NONE',  ( -18500.00000000000000, 1189.999999999998408, -960.0000000000002274 ) ) ;
#8381 = ADVANCED_FACE ( 'NONE', ( #7023 ), #111, .F. ) ;
#8382 = DIRECTION ( 'NONE',  ( 0.000000000000000000, -0.1402661271484180183, -0.9901138386947149206 ) ) ;
#8383 = CARTESIAN_POINT ( 'NONE',  ( -3053.808855527532160, -96.32452974707697990, -960.0000000000002274 ) ) ;
#8384 = VERTEX_POINT ( 'NONE', #4807 ) ;
#8385 = ORIENTED_EDGE ( 'NONE', *, *, #6031, .F. ) ;
#8386 = ORIENTED_EDGE ( 'NONE', *, *, #4866, .T. ) ;
#8387 = CARTESIAN_POINT ( 'NONE',  ( -13250.00000000000000, -190.0000000000008242, -350.9999999999987494 ) ) ;
#8388 = CYLINDRICAL_SURFACE ( 'NONE', #3604, 250.0000000000000000 ) ;
#8389 = CARTESIAN_POINT ( 'NONE',  ( -2825.068018844486687, 1189.999999999998408, -960.0000000000002274 ) ) ;
#8390 = DIRECTION ( 'NONE',  ( -1.232595164407830809E-32, 4.930380657631323784E-32, 1.000000000000000000 ) ) ;
#8391 = PLANE ( 'NONE',  #5639 ) ;
#8392 = DIRECTION ( 'NONE',  ( -1.000000000000000000, 0.000000000000000000, 0.000000000000000000 ) ) ;
#8393 = ORIENTED_EDGE ( 'NONE', *, *, #4855, .F. ) ;
#8394 = VERTEX_POINT ( 'NONE', #8414 ) ;
#8395 = LINE ( 'NONE', #1453, #7293 ) ;
#8396 = DIRECTION ( 'NONE',  ( -6.162975822039157467E-33, 1.000000000000000000, 2.775557561563032360E-16 ) ) ;
#8397 = ADVANCED_FACE ( 'NONE', ( #2383 ), #7835, .F. ) ;
#8398 = ADVANCED_FACE ( 'NONE', ( #967 ), #3116, .T. ) ;
#8399 = AXIS2_PLACEMENT_3D ( 'NONE', #4007, #7059, #197 ) ;
#8400 = ORIENTED_EDGE ( 'NONE', *, *, #7368, .F. ) ;
#8401 = ORIENTED_EDGE ( 'NONE', *, *, #7256, .F. ) ;
#8402 = ORIENTED_EDGE ( 'NONE', *, *, #587, .T. ) ;
#8403 = CARTESIAN_POINT ( 'NONE',  ( -3930.251481490694459, -9753.686360283016256, -1009.999999999999091 ) ) ;
#8404 = DIRECTION ( 'NONE',  ( -1.000000000000000000, -6.162975822039154046E-33, -1.232595164407830946E-32 ) ) ;
#8405 = FACE_OUTER_BOUND ( 'NONE', #990, .T. ) ;
#8406 = PLANE ( 'NONE',  #1267 ) ;
#8407 = CARTESIAN_POINT ( 'NONE',  ( -16150.00000000000182, -800.0000000000000000, -910.0000000000001137 ) ) ;
#8408 = AXIS2_PLACEMENT_3D ( 'NONE', #2255, #1351, #3590 ) ;
#8409 = ORIENTED_EDGE ( 'NONE', *, *, #6059, .F. ) ;
#8410 = VERTEX_POINT ( 'NONE', #9320 ) ;
#8411 = EDGE_CURVE ( 'NONE', #1065, #7851, #7735, .T. ) ;
#8412 = VERTEX_POINT ( 'NONE', #7885 ) ;
#8413 = EDGE_CURVE ( 'NONE', #6377, #3448, #4026, .T. ) ;
#8414 = CARTESIAN_POINT ( 'NONE',  ( -13680.00000000000000, 1077.499998843224148, -239.9999999999978684 ) ) ;
#8415 = EDGE_CURVE ( 'NONE', #3291, #5262, #4604, .T. ) ;
#8416 = VECTOR ( 'NONE', #48, 1000.000000000000000 ) ;
#8417 = DIRECTION ( 'NONE',  ( 1.000000000000000000, 0.000000000000000000, 0.000000000000000000 ) ) ;
#8418 = LINE ( 'NONE', #9163, #9789 ) ;
#8419 = CIRCLE ( 'NONE', #297, 5900.000000000000909 ) ;
#8420 = LINE ( 'NONE', #3875, #6880 ) ;
#8421 = DIRECTION ( 'NONE',  ( 0.2686233364777639299, 0.9632452974707710336, 0.000000000000000000 ) ) ;
#8422 = CARTESIAN_POINT ( 'NONE',  ( -5299.999999999999091, -618.9114148497021688, -1135.000000000000227 ) ) ;
#8423 = CARTESIAN_POINT ( 'NONE',  ( -14119.99999999999818, 1970.627566330085529, -239.9999999999976694 ) ) ;
#8424 = CARTESIAN_POINT ( 'NONE',  ( -292.6587287503931520, 1189.999999999998408, 1659.750127714602968 ) ) ;
#8425 = AXIS2_PLACEMENT_3D ( 'NONE', #7409, #547, #6478 ) ;
#8426 = LINE ( 'NONE', #4616, #9259 ) ;
#8427 = ADVANCED_FACE ( 'NONE', ( #8478 ), #1627, .F. ) ;
#8428 = EDGE_CURVE ( 'NONE', #5938, #5353, #5744, .T. ) ;
#8429 = CARTESIAN_POINT ( 'NONE',  ( -16050.00000000000000, -343.2012612066350812, -960.0000000000002274 ) ) ;
#8430 = ORIENTED_EDGE ( 'NONE', *, *, #2143, .F. ) ;
#8431 = FACE_OUTER_BOUND ( 'NONE', #4976, .T. ) ;
#8432 = ORIENTED_EDGE ( 'NONE', *, *, #6956, .F. ) ;
#8433 = DIRECTION ( 'NONE',  ( -0.000000000000000000, -1.000000000000000000, -0.000000000000000000 ) ) ;
#8434 = CARTESIAN_POINT ( 'NONE',  ( -3930.251481490694459, -1089.999999999998181, -1059.999999999999091 ) ) ;
#8435 = DIRECTION ( 'NONE',  ( -2.400482215405744004E-16, 1.000000000000000000, 0.000000000000000000 ) ) ;
#8436 = DIRECTION ( 'NONE',  ( -0.000000000000000000, 0.000000000000000000, 1.000000000000000000 ) ) ;
#8437 = VECTOR ( 'NONE', #1676, 1000.000000000000000 ) ;
#8438 = DIRECTION ( 'NONE',  ( -1.224646799147353207E-16, 1.000000000000000000, -0.000000000000000000 ) ) ;
#8439 = VECTOR ( 'NONE', #6713, 1000.000000000000000 ) ;
#8440 = DIRECTION ( 'NONE',  ( 0.000000000000000000, -2.413528314402514090E-16, 1.000000000000000000 ) ) ;
#8441 = FACE_OUTER_BOUND ( 'NONE', #3847, .T. ) ;
#8442 = VECTOR ( 'NONE', #4464, 1000.000000000000000 ) ;
#8443 = VERTEX_POINT ( 'NONE', #9273 ) ;
#8444 = EDGE_CURVE ( 'NONE', #8384, #936, #9364, .T. ) ;
#8445 = ADVANCED_FACE ( 'NONE', ( #5569 ), #1675, .F. ) ;
#8446 = ORIENTED_EDGE ( 'NONE', *, *, #1229, .F. ) ;
#8447 = ORIENTED_EDGE ( 'NONE', *, *, #8501, .F. ) ;
#8448 = ORIENTED_EDGE ( 'NONE', *, *, #7758, .F. ) ;
#8449 = CIRCLE ( 'NONE', #2391, 100.0000000000000853 ) ;
#8450 = DIRECTION ( 'NONE',  ( -1.000000000000000000, 0.000000000000000000, 0.000000000000000000 ) ) ;
#8451 = AXIS2_PLACEMENT_3D ( 'NONE', #722, #3132, #9025 ) ;
#8452 = ORIENTED_EDGE ( 'NONE', *, *, #500, .F. ) ;
#8453 = CARTESIAN_POINT ( 'NONE',  ( -14569.74851850929372, 9753.686360283016256, -1009.999999999997158 ) ) ;
#8454 = CARTESIAN_POINT ( 'NONE',  ( -18053.58983848622665, 211.4982215127147072, -960.0000000000000000 ) ) ;
#8455 = LINE ( 'NONE', #1607, #6332 ) ;
#8456 = PLANE ( 'NONE',  #3709 ) ;
#8457 = DIRECTION ( 'NONE',  ( 0.000000000000000000, 0.000000000000000000, -1.000000000000000000 ) ) ;
#8458 = AXIS2_PLACEMENT_3D ( 'NONE', #8422, #1521, #4555 ) ;
#8459 = ORIENTED_EDGE ( 'NONE', *, *, #3967, .F. ) ;
#8460 = ORIENTED_EDGE ( 'NONE', *, *, #7783, .F. ) ;
#8461 = FACE_OUTER_BOUND ( 'NONE', #7021, .T. ) ;
#8462 = PLANE ( 'NONE',  #8731 ) ;
#8463 = AXIS2_PLACEMENT_3D ( 'NONE', #7919, #8667, #1307 ) ;
#8464 = VECTOR ( 'NONE', #2563, 1000.000000000000000 ) ;
#8465 = AXIS2_PLACEMENT_3D ( 'NONE', #1826, #3366, #9326 ) ;
#8466 = ORIENTED_EDGE ( 'NONE', *, *, #4534, .F. ) ;
#8467 = ORIENTED_EDGE ( 'NONE', *, *, #5903, .T. ) ;
#8468 = CARTESIAN_POINT ( 'NONE',  ( -13856.59988046646504, 190.0000000000006821, -504.9802145985029256 ) ) ;
#8469 = AXIS2_PLACEMENT_3D ( 'NONE', #5549, #9351, #8598 ) ;
#8470 =( LENGTH_UNIT ( ) NAMED_UNIT ( * ) SI_UNIT ( .MILLI., .METRE. ) );
#8471 = CARTESIAN_POINT ( 'NONE',  ( -14119.99999999999818, 1077.499998843224148, -239.9999999999978684 ) ) ;
#8472 = DIRECTION ( 'NONE',  ( 0.1736481776669235033, 0.000000000000000000, -0.9848077530122092416 ) ) ;
#8473 = AXIS2_PLACEMENT_3D ( 'NONE', #5198, #3704, #2863 ) ;
#8474 = ORIENTED_EDGE ( 'NONE', *, *, #9709, .F. ) ;
#8475 = EDGE_LOOP ( 'NONE', ( #405, #3788, #2522, #634 ) ) ;
#8476 = VECTOR ( 'NONE', #8514, 1000.000000000000000 ) ;
#8477 = ORIENTED_EDGE ( 'NONE', *, *, #1770, .T. ) ;
#8478 = FACE_OUTER_BOUND ( 'NONE', #7669, .T. ) ;
#8479 = VECTOR ( 'NONE', #4184, 1000.000000000000000 ) ;
#8480 = CARTESIAN_POINT ( 'NONE',  ( -14498.11620084356400, 731.6596157893137615, -632.5646946938452402 ) ) ;
#8481 = DIRECTION ( 'NONE',  ( 0.000000000000000000, -0.000000000000000000, -1.000000000000000000 ) ) ;
#8482 = AXIS2_PLACEMENT_3D ( 'NONE', #3667, #5159, #9013 ) ;
#8483 = CARTESIAN_POINT ( 'NONE',  ( -15900.00000000000182, -740.0000000000021600, -960.0000000000002274 ) ) ;
#8484 = FILL_AREA_STYLE_COLOUR ( '', #7643 ) ;
#8485 = EDGE_CURVE ( 'NONE', #7831, #4343, #3973, .T. ) ;
#8486 = EDGE_CURVE ( 'NONE', #4797, #3942, #6545, .T. ) ;
#8487 = CYLINDRICAL_SURFACE ( 'NONE', #5734, 200.0000000000000000 ) ;
#8488 = EDGE_CURVE ( 'NONE', #5108, #5775, #2483, .T. ) ;
#8489 = AXIS2_PLACEMENT_3D ( 'NONE', #1937, #330, #8730 ) ;
#8490 = LINE ( 'NONE', #4666, #5040 ) ;
#8491 = DIRECTION ( 'NONE',  ( -0.000000000000000000, 0.000000000000000000, 1.000000000000000000 ) ) ;
#8492 = CARTESIAN_POINT ( 'NONE',  ( -12100.00000000000182, -1054.999999999997726, -459.9999999999984084 ) ) ;
#8493 = CARTESIAN_POINT ( 'NONE',  ( -292.6587287503931520, 1189.999999999998408, 1659.750127714602968 ) ) ;
#8494 = ORIENTED_EDGE ( 'NONE', *, *, #1152, .F. ) ;
#8495 = CARTESIAN_POINT ( 'NONE',  ( -14119.99999999999818, 1077.499998843224375, -517.7941176470588971 ) ) ;
#8496 = CARTESIAN_POINT ( 'NONE',  ( -5576.316527040901747, -990.0000000000000000, -6660.000000000000909 ) ) ;
#8497 = CARTESIAN_POINT ( 'NONE',  ( -13250.00000000000000, -899.9999999999986358, -637.0854464784594029 ) ) ;
#8498 = EDGE_CURVE ( 'NONE', #9418, #5810, #1763, .T. ) ;
#8499 = PLANE ( 'NONE',  #3988 ) ;
#8500 = CARTESIAN_POINT ( 'NONE',  ( -12100.00000000000182, 679.9999999999977263, -459.9999999999979536 ) ) ;
#8501 = EDGE_CURVE ( 'NONE', #4949, #3909, #3300, .T. ) ;
#8502 = ORIENTED_EDGE ( 'NONE', *, *, #2862, .T. ) ;
#8503 = ORIENTED_EDGE ( 'NONE', *, *, #1509, .T. ) ;
#8504 = ORIENTED_EDGE ( 'NONE', *, *, #9016, .T. ) ;
#8505 = ORIENTED_EDGE ( 'NONE', *, *, #488, .F. ) ;
#8506 = EDGE_LOOP ( 'NONE', ( #86, #1774, #6899, #6784 ) ) ;
#8507 = CARTESIAN_POINT ( 'NONE',  ( -596.4101615137744830, -989.9999999999984084, -960.0000000000002274 ) ) ;
#8508 = VERTEX_POINT ( 'NONE', #3872 ) ;
#8509 = CARTESIAN_POINT ( 'NONE',  ( -1.174201978586608096E-13, 989.9999999999984084, -960.0000000000020464 ) ) ;
#8510 = CARTESIAN_POINT ( 'NONE',  ( -14119.99999999999818, -814.9999999999974989, -239.9999999999984368 ) ) ;
#8511 = DIRECTION ( 'NONE',  ( 0.000000000000000000, 0.000000000000000000, -1.000000000000000000 ) ) ;
#8512 = CARTESIAN_POINT ( 'NONE',  ( 620.0000000000000000, 0.000000000000000000, -1060.000000000000000 ) ) ;
#8513 =( BOUNDED_CURVE ( )  B_SPLINE_CURVE ( 3, ( #4068, #7121, #7922, #1121 ),
 .UNSPECIFIED., .F., .F. ) 
 B_SPLINE_CURVE_WITH_KNOTS ( ( 4, 4 ),
 ( 4.474662696288665309, 4.712388980384689674 ),
 .UNSPECIFIED. ) 
 CURVE ( )  GEOMETRIC_REPRESENTATION_ITEM ( )  RATIONAL_B_SPLINE_CURVE ( ( 1.000000000000000000, 0.9952960600157659821, 0.9952960600157659821, 1.000000000000000000 ) ) 
 REPRESENTATION_ITEM ( '' )  );
#8514 = DIRECTION ( 'NONE',  ( 6.162975822039157467E-33, -1.000000000000000000, -2.775557561563032360E-16 ) ) ;
#8515 = ADVANCED_FACE ( 'NONE', ( #6923 ), #8200, .F. ) ;
#8516 = ORIENTED_EDGE ( 'NONE', *, *, #9159, .F. ) ;
#8517 = ADVANCED_FACE ( 'NONE', ( #3589 ), #8235, .F. ) ;
#8518 = AXIS2_PLACEMENT_3D ( 'NONE', #4176, #1180, #3521 ) ;
#8519 = VERTEX_POINT ( 'NONE', #4106 ) ;
#8520 = CARTESIAN_POINT ( 'NONE',  ( -11499.99999999997999, 295.9385695031826913, -504.9802145985045172 ) ) ;
#8521 = DIRECTION ( 'NONE',  ( 0.000000000000000000, -1.000000000000000000, 0.000000000000000000 ) ) ;
#8522 = ORIENTED_EDGE ( 'NONE', *, *, #9461, .T. ) ;
#8523 = VERTEX_POINT ( 'NONE', #6557 ) ;
#8524 = CIRCLE ( 'NONE', #9131, 200.0000000000000000 ) ;
#8525 = DIRECTION ( 'NONE',  ( -1.000000000000000000, 0.000000000000000000, 0.000000000000000000 ) ) ;
#8526 = ORIENTED_EDGE ( 'NONE', *, *, #2320, .F. ) ;
#8527 = ORIENTED_EDGE ( 'NONE', *, *, #3342, .T. ) ;
#8528 = AXIS2_PLACEMENT_3D ( 'NONE', #3578, #6448, #8740 ) ;
#8529 = VERTEX_POINT ( 'NONE', #2804 ) ;
#8530 = DIRECTION ( 'NONE',  ( 0.1736481776669255017, -2.487589742322846264E-18, 0.9848077530122090195 ) ) ;
#8531 = ORIENTED_EDGE ( 'NONE', *, *, #367, .F. ) ;
#8532 = CARTESIAN_POINT ( 'NONE',  ( -14299.99999999999818, 1970.627566330085529, -306.2059048389982081 ) ) ;
#8533 = DIRECTION ( 'NONE',  ( -0.000000000000000000, 0.000000000000000000, 1.000000000000000000 ) ) ;
#8534 = LINE ( 'NONE', #4030, #3513 ) ;
#8535 = VECTOR ( 'NONE', #6276, 1000.000000000000000 ) ;
#8536 = PLANE ( 'NONE',  #4283 ) ;
#8537 = CARTESIAN_POINT ( 'NONE',  ( -346.4101615137745966, 739.9999999999984084, -1135.000000000000227 ) ) ;
#8538 = CARTESIAN_POINT ( 'NONE',  ( -16650.00000000000364, -211.4982215127146787, -960.0000000000002274 ) ) ;
#8539 = DIRECTION ( 'NONE',  ( 0.9848077530122075762, 4.819705125750966016E-17, -0.1736481776669329402 ) ) ;
#8540 = ADVANCED_FACE ( 'NONE', ( #9613, #2149 ), #2844, .F. ) ;
#8541 = CARTESIAN_POINT ( 'NONE',  ( -13499.99999999999818, -1077.499998843224603, -306.2059048389992313 ) ) ;
#8542 = LINE ( 'NONE', #5530, #5777 ) ;
#8543 = CARTESIAN_POINT ( 'NONE',  ( -446.4101615137745398, -311.4982215127146787, -4241.944871367028099 ) ) ;
#8544 = DIRECTION ( 'NONE',  ( -1.232595164407830672E-32, -2.775557561563032360E-16, 1.000000000000000000 ) ) ;
#8545 = LINE ( 'NONE', #3186, #6242 ) ;
#8546 = FACE_OUTER_BOUND ( 'NONE', #2892, .T. ) ;
#8547 = DIRECTION ( 'NONE',  ( 1.432545838226008399E-17, 1.000000000000000000, -0.000000000000000000 ) ) ;
#8548 = ORIENTED_EDGE ( 'NONE', *, *, #245, .T. ) ;
#8549 = ORIENTED_EDGE ( 'NONE', *, *, #5507, .F. ) ;
#8550 = EDGE_LOOP ( 'NONE', ( #3944, #696 ) ) ;
#8551 = ORIENTED_EDGE ( 'NONE', *, *, #5839, .T. ) ;
#8552 = EDGE_CURVE ( 'NONE', #4105, #4438, #530, .T. ) ;
#8553 = ORIENTED_EDGE ( 'NONE', *, *, #1770, .F. ) ;
#8554 = CARTESIAN_POINT ( 'NONE',  ( -12550.00000000000000, 989.9999999999984084, -960.0000000000005684 ) ) ;
#8555 = ORIENTED_EDGE ( 'NONE', *, *, #8706, .T. ) ;
#8556 = EDGE_CURVE ( 'NONE', #8207, #5764, #8849, .T. ) ;
#8557 = DIRECTION ( 'NONE',  ( 0.000000000000000000, 0.000000000000000000, 1.000000000000000000 ) ) ;
#8558 = DIRECTION ( 'NONE',  ( -1.000000000000000000, 0.000000000000000000, 0.000000000000000000 ) ) ;
#8559 = DIRECTION ( 'NONE',  ( 7.357587744054751780E-33, -0.9950481186486286322, -0.09939437395458937397 ) ) ;
#8560 = CARTESIAN_POINT ( 'NONE',  ( -12800.00000000000000, 739.9999999999984084, -960.0000000000000000 ) ) ;
#8561 = ORIENTED_EDGE ( 'NONE', *, *, #2787, .T. ) ;
#8562 = ORIENTED_EDGE ( 'NONE', *, *, #5370, .T. ) ;
#8563 = CARTESIAN_POINT ( 'NONE',  ( -14588.56810139493791, 877.4999988432243754, -637.0854464784588345 ) ) ;
#8564 = EDGE_CURVE ( 'NONE', #9566, #4436, #4376, .T. ) ;
#8565 = EDGE_CURVE ( 'NONE', #2694, #5739, #9764, .T. ) ;
#8566 = ORIENTED_EDGE ( 'NONE', *, *, #8053, .F. ) ;
#8567 = DIRECTION ( 'NONE',  ( -1.000000000000000000, 0.000000000000000000, 6.245004513516500018E-15 ) ) ;
#8568 = ORIENTED_EDGE ( 'NONE', *, *, #7698, .T. ) ;
#8569 = AXIS2_PLACEMENT_3D ( 'NONE', #5326, #8369, #8801 ) ;
#8570 = EDGE_CURVE ( 'NONE', #6943, #7819, #7487, .T. ) ;
#8571 = VERTEX_POINT ( 'NONE', #7433 ) ;
#8572 = CARTESIAN_POINT ( 'NONE',  ( -13948.20772119394496, -9753.686360283016256, -849.6342572279658043 ) ) ;
#8573 = CARTESIAN_POINT ( 'NONE',  ( -13499.99999999999818, -814.9999999999974989, -306.2059048389991176 ) ) ;
#8574 = CARTESIAN_POINT ( 'NONE',  ( -3080.671189175308427, -1.110223024625156540E-13, -4241.944871367028099 ) ) ;
#8575 = LINE ( 'NONE', #1781, #1289 ) ;
#8576 = LINE ( 'NONE', #1726, #437 ) ;
#8577 = LINE ( 'NONE', #3412, #6232 ) ;
#8578 = VECTOR ( 'NONE', #5394, 1000.000000000000000 ) ;
#8579 = CARTESIAN_POINT ( 'NONE',  ( -14633.04291515397927, 1189.999999999998408, -868.8465180732556519 ) ) ;
#8580 = EDGE_LOOP ( 'NONE', ( #4805, #5290, #8617, #9728, #789 ) ) ;
#8581 = CARTESIAN_POINT ( 'NONE',  ( -12143.40011953353496, 725.0021062409357455, -757.0854464784598576 ) ) ;
#8582 = VERTEX_POINT ( 'NONE', #6602 ) ;
#8583 = CARTESIAN_POINT ( 'NONE',  ( -12750.00000000000000, -732.4719190560189190, -589.9999999999970441 ) ) ;
#8584 = LINE ( 'NONE', #1789, #6551 ) ;
#8585 = CARTESIAN_POINT ( 'NONE',  ( -12320.00000000000000, 1077.499998843224148, -239.9999999999978684 ) ) ;
#8586 = ORIENTED_EDGE ( 'NONE', *, *, #1758, .T. ) ;
#8587 = VECTOR ( 'NONE', #7737, 1000.000000000000000 ) ;
#8588 = VERTEX_POINT ( 'NONE', #2895 ) ;
#8589 = EDGE_LOOP ( 'NONE', ( #1915, #2241, #575, #8901 ) ) ;
#8590 = ORIENTED_EDGE ( 'NONE', *, *, #6791, .F. ) ;
#8591 = ORIENTED_EDGE ( 'NONE', *, *, #4856, .T. ) ;
#8592 = DIRECTION ( 'NONE',  ( 0.000000000000000000, -0.000000000000000000, -1.000000000000000000 ) ) ;
#8593 = ORIENTED_EDGE ( 'NONE', *, *, #2737, .T. ) ;
#8594 = FACE_OUTER_BOUND ( 'NONE', #8931, .T. ) ;
#8595 = CARTESIAN_POINT ( 'NONE',  ( -446.4101615137745398, -311.4982215127146787, -1135.000000000000227 ) ) ;
#8596 = CIRCLE ( 'NONE', #5560, 250.0000000000000000 ) ;
#8597 = MECHANICAL_DESIGN_GEOMETRIC_PRESENTATION_REPRESENTATION (  '', ( #9396 ), #289 ) ;
#8598 = DIRECTION ( 'NONE',  ( 0.000000000000000000, -2.413528314402514090E-16, 1.000000000000000000 ) ) ;
#8599 = VECTOR ( 'NONE', #7657, 1000.000000000000000 ) ;
#8600 = EDGE_CURVE ( 'NONE', #6609, #3053, #7025, .T. ) ;
#8601 = EDGE_LOOP ( 'NONE', ( #7529, #3140, #9648, #6922 ) ) ;
#8602 = EDGE_CURVE ( 'NONE', #9080, #3831, #8098, .T. ) ;
#8603 = EDGE_CURVE ( 'NONE', #7764, #1764, #7345, .T. ) ;
#8604 = EDGE_LOOP ( 'NONE', ( #1221, #2656, #1156, #9134 ) ) ;
#8605 = FACE_OUTER_BOUND ( 'NONE', #3469, .T. ) ;
#8606 = EDGE_CURVE ( 'NONE', #6915, #7736, #2103, .T. ) ;
#8607 = VECTOR ( 'NONE', #2487, 1000.000000000000000 ) ;
#8608 = VECTOR ( 'NONE', #7042, 1000.000000000000000 ) ;
#8609 = EDGE_LOOP ( 'NONE', ( #1942, #5788, #1844, #3550 ) ) ;
#8610 = EDGE_LOOP ( 'NONE', ( #6912, #6299, #4919, #3921, #9650, #2151, #9621, #5707, #3595, #6342, #2414, #7795, #5749, #7774, #6194, #3795 ) ) ;
#8611 = ORIENTED_EDGE ( 'NONE', *, *, #4801, .T. ) ;
#8612 = CARTESIAN_POINT ( 'NONE',  ( 0.000000000000000000, -1189.999999999998408, -960.0000000000002274 ) ) ;
#8613 =( NAMED_UNIT ( * ) PLANE_ANGLE_UNIT ( ) SI_UNIT ( $, .RADIAN. ) );
#8614 = CIRCLE ( 'NONE', #5578, 80.00000000000007105 ) ;
#8615 = ORIENTED_EDGE ( 'NONE', *, *, #1839, .F. ) ;
#8616 = EDGE_CURVE ( 'NONE', #88, #5513, #3637, .T. ) ;
#8617 = ORIENTED_EDGE ( 'NONE', *, *, #4534, .T. ) ;
#8618 = VECTOR ( 'NONE', #5925, 1000.000000000000000 ) ;
#8619 = VERTEX_POINT ( 'NONE', #9662 ) ;
#8620 = CIRCLE ( 'NONE', #8469, 460.0000000000000000 ) ;
#8621 = ORIENTED_EDGE ( 'NONE', *, *, #6700, .F. ) ;
#8622 = CARTESIAN_POINT ( 'NONE',  ( -13250.00000000000000, 176.9719203373657592, -350.9999999999987494 ) ) ;
#8623 = AXIS2_PLACEMENT_3D ( 'NONE', #1447, #3790, #2987 ) ;
#8624 = CARTESIAN_POINT ( 'NONE',  ( -5273.137666352221459, -715.2359445967790634, -960.0000000000002274 ) ) ;
#8625 = CARTESIAN_POINT ( 'NONE',  ( -11687.50000000000000, -740.0000000000013642, -1135.000000000000227 ) ) ;
#8626 = VECTOR ( 'NONE', #540, 1000.000000000000000 ) ;
#8627 = CARTESIAN_POINT ( 'NONE',  ( -12500.00000000000182, -1970.627566330085756, -637.0854464784596303 ) ) ;
#8628 = CARTESIAN_POINT ( 'NONE',  ( -18053.58983848622665, 311.4982215127146787, -4241.944871367028099 ) ) ;
#8629 = AXIS2_PLACEMENT_3D ( 'NONE', #1644, #5497, #6244 ) ;
#8630 = EDGE_CURVE ( 'NONE', #1975, #2055, #8995, .T. ) ;
#8631 = ADVANCED_FACE ( 'NONE', ( #7391 ), #5138, .T. ) ;
#8632 = DIRECTION ( 'NONE',  ( -1.000000000000000000, 0.000000000000000000, 1.223127061027714532E-16 ) ) ;
#8633 = VECTOR ( 'NONE', #283, 1000.000000000000000 ) ;
#8634 = CARTESIAN_POINT ( 'NONE',  ( -18500.00000000000000, -875.0000000000000000, -980.0000000000001137 ) ) ;
#8635 = DIRECTION ( 'NONE',  ( -1.000000000000000000, -6.162975822039151993E-33, -1.232595164407830946E-32 ) ) ;
#8636 = ORIENTED_EDGE ( 'NONE', *, *, #2576, .F. ) ;
#8637 = AXIS2_PLACEMENT_3D ( 'NONE', #8483, #1725, #5484 ) ;
#8638 = DIRECTION ( 'NONE',  ( -1.000000000000000000, -6.162975822039151993E-33, -1.232595164407830946E-32 ) ) ;
#8639 = DIRECTION ( 'NONE',  ( 0.9848077530122093526, 0.000000000000000000, 0.1736481776669235033 ) ) ;
#8640 = FACE_OUTER_BOUND ( 'NONE', #4352, .T. ) ;
#8641 = CARTESIAN_POINT ( 'NONE',  ( -1949.999999999999773, -211.4982215127146787, -960.0000000000002274 ) ) ;
#8642 = ORIENTED_EDGE ( 'NONE', *, *, #4612, .F. ) ;
#8643 = CARTESIAN_POINT ( 'NONE',  ( -2599.999999999999545, 989.9999999999984084, -1135.000000000000227 ) ) ;
#8644 = VERTEX_POINT ( 'NONE', #3689 ) ;
#8645 = VERTEX_POINT ( 'NONE', #6747 ) ;
#8646 = VERTEX_POINT ( 'NONE', #1819 ) ;
#8647 = ORIENTED_EDGE ( 'NONE', *, *, #649, .T. ) ;
#8648 = DIRECTION ( 'NONE',  ( -1.000000000000000000, -6.162975822039151993E-33, -1.232595164407830946E-32 ) ) ;
#8649 = ORIENTED_EDGE ( 'NONE', *, *, #7717, .T. ) ;
#8650 = CARTESIAN_POINT ( 'NONE',  ( -1949.999999999999773, -739.9999999999984084, -1135.000000000000227 ) ) ;
#8651 = CARTESIAN_POINT ( 'NONE',  ( -11880.00000000000182, 1077.499998843224148, -239.9999999999978684 ) ) ;
#8652 = EDGE_CURVE ( 'NONE', #7731, #5413, #1063, .T. ) ;
#8653 = CARTESIAN_POINT ( 'NONE',  ( -2349.999999999999545, 800.0000000000000000, -910.0000000000001137 ) ) ;
#8654 = DIRECTION ( 'NONE',  ( -6.162975822039157467E-33, 1.000000000000000000, 3.301729611148415602E-16 ) ) ;
#8655 = VERTEX_POINT ( 'NONE', #8342 ) ;
#8656 = ORIENTED_EDGE ( 'NONE', *, *, #5989, .T. ) ;
#8657 = ADVANCED_FACE ( 'NONE', ( #41 ), #9136, .T. ) ;
#8658 = EDGE_CURVE ( 'NONE', #8255, #8058, #3022, .T. ) ;
#8659 = EDGE_CURVE ( 'NONE', #7870, #2992, #1541, .T. ) ;
#8660 = PRESENTATION_STYLE_ASSIGNMENT (( #2430 ) ) ;
#8661 = VERTEX_POINT ( 'NONE', #8389 ) ;
#8662 = DIRECTION ( 'NONE',  ( 1.000000000000000000, 0.000000000000000000, -0.000000000000000000 ) ) ;
#8663 = ORIENTED_EDGE ( 'NONE', *, *, #9609, .F. ) ;
#8664 = CIRCLE ( 'NONE', #4196, 199.9999999999999432 ) ;
#8665 = EDGE_LOOP ( 'NONE', ( #7667, #385, #9859, #1053 ) ) ;
#8666 = ORIENTED_EDGE ( 'NONE', *, *, #4421, .F. ) ;
#8667 = DIRECTION ( 'NONE',  ( -0.000000000000000000, 1.000000000000000000, 0.000000000000000000 ) ) ;
#8668 = DIRECTION ( 'NONE',  ( -0.000000000000000000, 0.000000000000000000, 1.000000000000000000 ) ) ;
#8669 = ORIENTED_EDGE ( 'NONE', *, *, #1643, .T. ) ;
#8670 = ADVANCED_FACE ( 'NONE', ( #7765 ), #857, .T. ) ;
#8671 = LINE ( 'NONE', #2437, #5403 ) ;
#8672 = CARTESIAN_POINT ( 'NONE',  ( -3866.957084846028465, 1189.999999999998408, -868.8465180732548561 ) ) ;
#8673 = LINE ( 'NONE', #8814, #4459 ) ;
#8674 = CARTESIAN_POINT ( 'NONE',  ( -12750.00000000000000, 190.0000000000006821, -504.9802145985023003 ) ) ;
#8675 = CARTESIAN_POINT ( 'NONE',  ( -9775.000000000000000, 739.9999999999984084, -1135.000000000000227 ) ) ;
#8676 = AXIS2_PLACEMENT_3D ( 'NONE', #5030, #1887, #4874 ) ;
#8677 = ORIENTED_EDGE ( 'NONE', *, *, #3765, .T. ) ;
#8678 = LINE ( 'NONE', #2448, #3490 ) ;
#8679 = EDGE_CURVE ( 'NONE', #6565, #9521, #9907, .T. ) ;
#8680 = LINE ( 'NONE', #6333, #8608 ) ;
#8681 = CIRCLE ( 'NONE', #6296, 149.9999999999999147 ) ;
#8682 = EDGE_CURVE ( 'NONE', #6050, #4251, #5345, .T. ) ;
#8683 = CARTESIAN_POINT ( 'NONE',  ( -12750.00000000000000, -899.9999999999986358, -350.9999999999989768 ) ) ;
#8684 = DIRECTION ( 'NONE',  ( -1.232595164407830672E-32, -2.775557561563032360E-16, 1.000000000000000000 ) ) ;
#8685 = DIRECTION ( 'NONE',  ( 0.000000000000000000, -0.000000000000000000, -1.000000000000000000 ) ) ;
#8686 = ORIENTED_EDGE ( 'NONE', *, *, #8357, .F. ) ;
#8687 = PLANE ( 'NONE',  #9887 ) ;
#8688 = CARTESIAN_POINT ( 'NONE',  ( -6812.500000000000000, 739.9999999999984084, -4241.944871367028099 ) ) ;
#8689 = EDGE_LOOP ( 'NONE', ( #598, #6064, #5916, #6054 ) ) ;
#8690 = VERTEX_POINT ( 'NONE', #6851 ) ;
#8691 = ORIENTED_EDGE ( 'NONE', *, *, #6156, .F. ) ;
#8692 = CARTESIAN_POINT ( 'NONE',  ( 0.000000000000000000, 0.000000000000000000, -1135.000000000000227 ) ) ;
#8693 = ORIENTED_EDGE ( 'NONE', *, *, #1256, .F. ) ;
#8694 = ORIENTED_EDGE ( 'NONE', *, *, #7817, .T. ) ;
#8695 = CARTESIAN_POINT ( 'NONE',  ( -16550.00000000000000, -899.9999999999998863, -910.0000000000001137 ) ) ;
#8696 = CARTESIAN_POINT ( 'NONE',  ( -9525.000000000000000, 989.9999999999984084, -1135.000000000000227 ) ) ;
#8697 = PLANE ( 'NONE',  #613 ) ;
#8698 = CYLINDRICAL_SURFACE ( 'NONE', #8283, 250.0000000000000000 ) ;
#8699 = EDGE_CURVE ( 'NONE', #2465, #870, #687, .T. ) ;
#8700 = ORIENTED_EDGE ( 'NONE', *, *, #3159, .F. ) ;
#8701 = ORIENTED_EDGE ( 'NONE', *, *, #1158, .T. ) ;
#8702 = ORIENTED_EDGE ( 'NONE', *, *, #1094, .F. ) ;
#8703 = ITEM_DEFINED_TRANSFORMATION ( 'NONE', 'NONE', #130,  #4904 ) ;
#8704 = EDGE_LOOP ( 'NONE', ( #3497, #3533, #3438, #7759 ) ) ;
#8705 = DIRECTION ( 'NONE',  ( 0.000000000000000000, 1.000000000000000000, 0.000000000000000000 ) ) ;
#8706 = EDGE_CURVE ( 'NONE', #4474, #8760, #6043, .T. ) ;
#8707 = PLANE ( 'NONE',  #1223 ) ;
#8708 = ORIENTED_EDGE ( 'NONE', *, *, #7368, .T. ) ;
#8709 = VERTEX_POINT ( 'NONE', #2192 ) ;
#8710 = ORIENTED_EDGE ( 'NONE', *, *, #8168, .F. ) ;
#8711 = DIRECTION ( 'NONE',  ( 6.162975822039157467E-33, -1.000000000000000000, -3.301729611148415602E-16 ) ) ;
#8712 = ORIENTED_EDGE ( 'NONE', *, *, #9017, .T. ) ;
#8713 = CARTESIAN_POINT ( 'NONE',  ( -2349.999999999999545, 899.9999999999998863, -910.0000000000001137 ) ) ;
#8714 = DIRECTION ( 'NONE',  ( 0.000000000000000000, 0.000000000000000000, -1.000000000000000000 ) ) ;
#8715 = DIRECTION ( 'NONE',  ( 1.000000000000000000, 3.022097665183135851E-17, -1.662153715850724780E-16 ) ) ;
#8716 = CARTESIAN_POINT ( 'NONE',  ( -14119.99999999999818, -1970.627566330085983, -239.9999999999987779 ) ) ;
#8717 = ADVANCED_FACE ( 'NONE', ( #2305 ), #3145, .F. ) ;
#8718 = ADVANCED_FACE ( 'NONE', ( #2254 ), #1496, .F. ) ;
#8719 = EDGE_CURVE ( 'NONE', #4599, #1065, #7599, .T. ) ;
#8720 = LINE ( 'NONE', #5077, #3004 ) ;
#8721 = ORIENTED_EDGE ( 'NONE', *, *, #9143, .F. ) ;
#8722 = LINE ( 'NONE', #3560, #1266 ) ;
#8723 = CIRCLE ( 'NONE', #4716, 35.00000000000014211 ) ;
#8724 = CARTESIAN_POINT ( 'NONE',  ( -13499.99999999999818, -814.9999999999974989, -306.2059048389988902 ) ) ;
#8725 = LINE ( 'NONE', #2738, #7740 ) ;
#8726 = DIRECTION ( 'NONE',  ( 0.000000000000000000, -1.000000000000000000, 0.000000000000000000 ) ) ;
#8727 = DIRECTION ( 'NONE',  ( 6.162975822039157467E-33, -1.000000000000000000, -2.775557561563032360E-16 ) ) ;
#8728 = DIRECTION ( 'NONE',  ( 1.000000000000000000, 0.000000000000000000, 0.000000000000000000 ) ) ;
#8729 = ORIENTED_EDGE ( 'NONE', *, *, #8706, .F. ) ;
#8730 = DIRECTION ( 'NONE',  ( 0.000000000000000000, -0.000000000000000000, -1.000000000000000000 ) ) ;
#8731 = AXIS2_PLACEMENT_3D ( 'NONE', #864, #6960, #6209 ) ;
#8732 = EDGE_CURVE ( 'NONE', #3330, #1261, #737, .T. ) ;
#8733 = ADVANCED_FACE ( 'NONE', ( #6201 ), #800, .T. ) ;
#8734 = CARTESIAN_POINT ( 'NONE',  ( -13200.00000000000182, 618.9114148497016004, -1135.000000000000227 ) ) ;
#8735 = ORIENTED_EDGE ( 'NONE', *, *, #3458, .T. ) ;
#8736 = DIRECTION ( 'NONE',  ( -1.432545838226008399E-17, 1.000000000000000000, 0.000000000000000000 ) ) ;
#8737 = ORIENTED_EDGE ( 'NONE', *, *, #5120, .T. ) ;
#8738 = VERTEX_POINT ( 'NONE', #9190 ) ;
#8739 = DIRECTION ( 'NONE',  ( -0.000000000000000000, 1.000000000000000000, -0.000000000000000000 ) ) ;
#8740 = DIRECTION ( 'NONE',  ( -1.000000000000000000, 0.000000000000000000, 0.000000000000000000 ) ) ;
#8741 = AXIS2_PLACEMENT_3D ( 'NONE', #9076, #5285, #8333 ) ;
#8742 = CARTESIAN_POINT ( 'NONE',  ( -13948.20772119394496, 1089.999999999998181, -849.6342572279656906 ) ) ;
#8743 = VECTOR ( 'NONE', #7895, 1000.000000000000000 ) ;
#8744 = CARTESIAN_POINT ( 'NONE',  ( -13755.00000000007094, 1077.499998843224375, -860.0000000000226237 ) ) ;
#8745 = VERTEX_POINT ( 'NONE', #2358 ) ;
#8746 = LINE ( 'NONE', #9700, #7347 ) ;
#8747 = EDGE_CURVE ( 'NONE', #1849, #8122, #5401, .T. ) ;
#8748 = ORIENTED_EDGE ( 'NONE', *, *, #6825, .F. ) ;
#8749 = EDGE_CURVE ( 'NONE', #5687, #8582, #3343, .T. ) ;
#8750 = CIRCLE ( 'NONE', #2034, 250.0000000000000000 ) ;
#8751 = ORIENTED_EDGE ( 'NONE', *, *, #2523, .F. ) ;
#8752 = AXIS2_PLACEMENT_3D ( 'NONE', #1916, #9624, #5051 ) ;
#8753 = EDGE_LOOP ( 'NONE', ( #504, #2500 ) ) ;
#8754 = SHAPE_DEFINITION_REPRESENTATION ( #7457, #9153 ) ;
#8755 = VECTOR ( 'NONE', #8961, 1000.000000000000000 ) ;
#8756 = ORIENTED_EDGE ( 'NONE', *, *, #4668, .F. ) ;
#8757 = CARTESIAN_POINT ( 'NONE',  ( -7862.500000000000909, 989.9999999999984084, -960.0000000000010232 ) ) ;
#8758 = AXIS2_PLACEMENT_3D ( 'NONE', #9841, #7533, #9896 ) ;
#8759 = ORIENTED_EDGE ( 'NONE', *, *, #2144, .F. ) ;
#8760 = VERTEX_POINT ( 'NONE', #8510 ) ;
#8761 = EDGE_LOOP ( 'NONE', ( #3250, #7503, #7541, #4783 ) ) ;
#8762 = DIRECTION ( 'NONE',  ( -1.426102104458186769E-16, -1.000000000000000000, 0.000000000000000000 ) ) ;
#8763 = CARTESIAN_POINT ( 'NONE',  ( -4885.798269505219650, -989.9999999999996589, -960.0000000000014779 ) ) ;
#8764 = CARTESIAN_POINT ( 'NONE',  ( -5273.137666352222368, -715.2359445967791771, -960.0000000000000000 ) ) ;
#8765 = VECTOR ( 'NONE', #2683, 1000.000000000000000 ) ;
#8766 = EDGE_CURVE ( 'NONE', #5563, #275, #1699, .T. ) ;
#8767 = DIRECTION ( 'NONE',  ( 1.000000000000000000, 0.000000000000000000, 0.000000000000000000 ) ) ;
#8768 = CARTESIAN_POINT ( 'NONE',  ( -7612.500000000000000, -740.0000000000002274, -1135.000000000000227 ) ) ;
#8769 = VECTOR ( 'NONE', #1330, 999.9999999999998863 ) ;
#8770 = CARTESIAN_POINT ( 'NONE',  ( -14119.99999999999818, 1970.627566330085756, -517.7941176470586697 ) ) ;
#8771 = AXIS2_PLACEMENT_3D ( 'NONE', #6471, #1779, #7305 ) ;
#8772 = AXIS2_PLACEMENT_3D ( 'NONE', #2327, #5264, #5918 ) ;
#8773 = ORIENTED_EDGE ( 'NONE', *, *, #3922, .T. ) ;
#8774 = CARTESIAN_POINT ( 'NONE',  ( -14500.00000000002001, 295.9385695031826913, -504.9802145985045172 ) ) ;
#8775 = AXIS2_PLACEMENT_3D ( 'NONE', #8423, #8266, #7628 ) ;
#8776 = ORIENTED_EDGE ( 'NONE', *, *, #1317, .T. ) ;
#8777 = DIRECTION ( 'NONE',  ( -0.000000000000000000, -0.000000000000000000, -1.000000000000000000 ) ) ;
#8778 = EDGE_CURVE ( 'NONE', #7678, #5108, #1104, .T. ) ;
#8779 = CARTESIAN_POINT ( 'NONE',  ( -11499.99999999997999, -899.9999999999986358, -350.9999999999989768 ) ) ;
#8780 = EDGE_CURVE ( 'NONE', #3053, #8211, #1886, .T. ) ;
#8781 = CARTESIAN_POINT ( 'NONE',  ( -346.4101615137744830, 311.4982215127147924, -960.0000000000000000 ) ) ;
#8782 = DIRECTION ( 'NONE',  ( 6.162975822039347682E-33, -1.000000000000000000, -1.565883710993464680E-14 ) ) ;
#8783 = FACE_OUTER_BOUND ( 'NONE', #6247, .T. ) ;
#8784 = VERTEX_POINT ( 'NONE', #2507 ) ;
#8785 = CARTESIAN_POINT ( 'NONE',  ( -3921.569072607348517, 1189.999999999997726, -960.7596123493885898 ) ) ;
#8786 = VECTOR ( 'NONE', #9005, 1000.000000000000000 ) ;
#8787 = CARTESIAN_POINT ( 'NONE',  ( -5399.999999999998181, 750.6144545436229691, -1135.000000000000227 ) ) ;
#8788 = AXIS2_PLACEMENT_3D ( 'NONE', #4662, #6323, #2439 ) ;
#8789 = ORIENTED_EDGE ( 'NONE', *, *, #6122, .F. ) ;
#8790 = ORIENTED_EDGE ( 'NONE', *, *, #2163, .T. ) ;
#8791 = DIRECTION ( 'NONE',  ( -1.000000000000000000, 0.000000000000000000, 0.000000000000000000 ) ) ;
#8792 = PLANE ( 'NONE',  #775 ) ;
#8793 = LINE ( 'NONE', #4282, #7241 ) ;
#8794 = CIRCLE ( 'NONE', #2880, 250.0000000000000000 ) ;
#8795 = EDGE_CURVE ( 'NONE', #6468, #8412, #4006, .T. ) ;
#8796 = FACE_OUTER_BOUND ( 'NONE', #1885, .T. ) ;
#8797 = CARTESIAN_POINT ( 'NONE',  ( -6812.500000000000000, 989.9999999999984084, -1135.000000000000227 ) ) ;
#8798 = AXIS2_PLACEMENT_3D ( 'NONE', #6428, #6380, #6570 ) ;
#8799 = CARTESIAN_POINT ( 'NONE',  ( -16650.00000000000364, 211.4982215127146787, -4241.944871367028099 ) ) ;
#8800 = CARTESIAN_POINT ( 'NONE',  ( -12800.00000000000000, 739.9999999999984084, -1135.000000000000227 ) ) ;
#8801 = DIRECTION ( 'NONE',  ( 0.000000000000000000, 0.000000000000000000, -1.000000000000000000 ) ) ;
#8802 = VECTOR ( 'NONE', #4493, 1000.000000000000000 ) ;
#8803 = EDGE_CURVE ( 'NONE', #1494, #7037, #286, .T. ) ;
#8804 = ADVANCED_FACE ( 'NONE', ( #8594 ), #7811, .T. ) ;
#8805 = EDGE_LOOP ( 'NONE', ( #166, #5182, #3633, #4538 ) ) ;
#8806 = CARTESIAN_POINT ( 'NONE',  ( 588.6859966642593918, 875.0000000000000000, -910.0000000000001137 ) ) ;
#8807 = AXIS2_PLACEMENT_3D ( 'NONE', #5259, #8472, #9207 ) ;
#8808 = EDGE_LOOP ( 'NONE', ( #4937, #333, #4248, #234 ) ) ;
#8809 = ORIENTED_EDGE ( 'NONE', *, *, #3327, .T. ) ;
#8810 = LINE ( 'NONE', #9718, #7344 ) ;
#8811 = EDGE_LOOP ( 'NONE', ( #589, #64, #8386, #6574 ) ) ;
#8812 = DIRECTION ( 'NONE',  ( -6.162975822039157467E-33, 1.000000000000000000, 3.301729611148415602E-16 ) ) ;
#8813 = DIRECTION ( 'NONE',  ( 6.162975822039157467E-33, -1.000000000000000000, -2.775557561563032360E-16 ) ) ;
#8814 = CARTESIAN_POINT ( 'NONE',  ( -13856.59988046646504, 1077.499998843224375, -757.0854464784597440 ) ) ;
#8815 = CARTESIAN_POINT ( 'NONE',  ( -14388.56810139493609, 877.4999988432243754, -637.0854464784588345 ) ) ;
#8816 = DIRECTION ( 'NONE',  ( -0.000000000000000000, -0.000000000000000000, -1.000000000000000000 ) ) ;
#8817 = CARTESIAN_POINT ( 'NONE',  ( -13226.86233364777581, -715.2359445967792908, -960.0000000000002274 ) ) ;
#8818 = CARTESIAN_POINT ( 'NONE',  ( -16550.00000000000000, 211.4982215127146787, -960.0000000000002274 ) ) ;
#8819 = ORIENTED_EDGE ( 'NONE', *, *, #2012, .T. ) ;
#8820 = DIRECTION ( 'NONE',  ( 6.162975822039157467E-33, -1.000000000000000000, -2.775557561563032360E-16 ) ) ;
#8821 = ORIENTED_EDGE ( 'NONE', *, *, #5862, .F. ) ;
#8822 = DIRECTION ( 'NONE',  ( 1.232595164407830672E-32, 3.301729611148415602E-16, -1.000000000000000000 ) ) ;
#8823 = CARTESIAN_POINT ( 'NONE',  ( -10637.50000000000000, 739.9999999999984084, -1135.000000000000227 ) ) ;
#8824 = CYLINDRICAL_SURFACE ( 'NONE', #1618, 100.0000000000000853 ) ;
#8825 = VECTOR ( 'NONE', #4747, 1000.000000000000114 ) ;
#8826 = CARTESIAN_POINT ( 'NONE',  ( -12750.00000000000000, -899.9999999999986358, -350.9999999999989768 ) ) ;
#8827 = CYLINDRICAL_SURFACE ( 'NONE', #4922, 460.0000000000000568 ) ;
#8828 = CARTESIAN_POINT ( 'NONE',  ( -14500.00000000002001, -699.9999999999986358, -623.2943698956134995 ) ) ;
#8829 = VERTEX_POINT ( 'NONE', #1044 ) ;
#8830 = ADVANCED_FACE ( 'NONE', ( #944 ), #6351, .T. ) ;
#8831 = ADVANCED_FACE ( 'NONE', ( #4788 ), #6401, .T. ) ;
#8832 = CYLINDRICAL_SURFACE ( 'NONE', #4917, 250.0000000000000000 ) ;
#8833 = VECTOR ( 'NONE', #6260, 1000.000000000000000 ) ;
#8834 = EDGE_LOOP ( 'NONE', ( #7343, #8694, #1380, #795 ) ) ;
#8835 = ORIENTED_EDGE ( 'NONE', *, *, #5010, .T. ) ;
#8836 = DIRECTION ( 'NONE',  ( 0.000000000000000000, 0.000000000000000000, -1.000000000000000000 ) ) ;
#8837 = ORIENTED_EDGE ( 'NONE', *, *, #8071, .T. ) ;
#8838 = CARTESIAN_POINT ( 'NONE',  ( -14500.00000000002001, 278.9021535255452022, -623.7872381793326895 ) ) ;
#8839 = CARTESIAN_POINT ( 'NONE',  ( -11499.99999999997999, -699.9999999999986358, -757.0854464784603124 ) ) ;
#8840 = DIRECTION ( 'NONE',  ( 1.000000000000000000, 0.000000000000000000, -0.000000000000000000 ) ) ;
#8841 = CARTESIAN_POINT ( 'NONE',  ( -1949.999999999999773, 211.4982215127146787, -1135.000000000000227 ) ) ;
#8842 = CYLINDRICAL_SURFACE ( 'NONE', #6826, 79.99999999999995737 ) ;
#8843 = ORIENTED_EDGE ( 'NONE', *, *, #7629, .F. ) ;
#8844 = LINE ( 'NONE', #8799, #4802 ) ;
#8845 = EDGE_CURVE ( 'NONE', #6765, #379, #5085, .T. ) ;
#8846 = ADVANCED_FACE ( 'NONE', ( #4186 ), #5505, .F. ) ;
#8847 = ADVANCED_FACE ( 'NONE', ( #238, #2648 ), #2466, .T. ) ;
#8848 = VERTEX_POINT ( 'NONE', #9394 ) ;
#8849 = LINE ( 'NONE', #9706, #314 ) ;
#8850 = CARTESIAN_POINT ( 'NONE',  ( -14338.65743636097613, 896.2284449665696684, -757.0854464784598576 ) ) ;
#8851 = ORIENTED_EDGE ( 'NONE', *, *, #9782, .T. ) ;
#8852 = DIRECTION ( 'NONE',  ( -0.000000000000000000, 0.000000000000000000, 1.000000000000000000 ) ) ;
#8853 = DIRECTION ( 'NONE',  ( 1.000000000000000000, 0.000000000000000000, 0.000000000000000000 ) ) ;
#8854 = EDGE_CURVE ( 'NONE', #1690, #2030, #2557, .T. ) ;
#8855 = EDGE_CURVE ( 'NONE', #2855, #419, #5597, .T. ) ;
#8856 = ORIENTED_EDGE ( 'NONE', *, *, #4490, .T. ) ;
#8857 = VERTEX_POINT ( 'NONE', #3385 ) ;
#8858 = ORIENTED_EDGE ( 'NONE', *, *, #4562, .T. ) ;
#8859 = DIRECTION ( 'NONE',  ( -0.000000000000000000, -0.000000000000000000, -1.000000000000000000 ) ) ;
#8860 = PLANE ( 'NONE',  #973 ) ;
#8861 = CARTESIAN_POINT ( 'NONE',  ( -5399.999999999998181, -618.9114148497021688, -1135.000000000001137 ) ) ;
#8862 = CARTESIAN_POINT ( 'NONE',  ( -3053.808855527532160, 96.32452974707683779, -960.0000000000000000 ) ) ;
#8863 = DIRECTION ( 'NONE',  ( 6.162975822039157467E-33, -1.000000000000000000, -2.775557561563032360E-16 ) ) ;
#8864 = ORIENTED_EDGE ( 'NONE', *, *, #2944, .T. ) ;
#8865 = EDGE_CURVE ( 'NONE', #8523, #1040, #4835, .T. ) ;
#8866 = ORIENTED_EDGE ( 'NONE', *, *, #9066, .F. ) ;
#8867 = ORIENTED_EDGE ( 'NONE', *, *, #8991, .F. ) ;
#8868 = DIRECTION ( 'NONE',  ( -6.162975822039157467E-33, 1.000000000000000000, 2.775557561563032360E-16 ) ) ;
#8869 = PLANE ( 'NONE',  #2531 ) ;
#8870 = DIRECTION ( 'NONE',  ( -0.000000000000000000, 0.000000000000000000, -1.000000000000000000 ) ) ;
#8871 = CARTESIAN_POINT ( 'NONE',  ( -14299.99999999999818, 1970.627566330085756, -637.0854464784586071 ) ) ;
#8872 = DIRECTION ( 'NONE',  ( -1.000000000000000000, 0.000000000000000000, 0.000000000000000000 ) ) ;
#8873 = CARTESIAN_POINT ( 'NONE',  ( -13899.99999999999818, -679.9999999999977263, -909.9999999999982947 ) ) ;
#8874 = CARTESIAN_POINT ( 'NONE',  ( 0.000000000000000000, 875.0000000000000000, -1140.000000000000227 ) ) ;
#8875 = AXIS2_PLACEMENT_3D ( 'NONE', #945, #1656, #4692 ) ;
#8876 = CARTESIAN_POINT ( 'NONE',  ( -13499.99999999999818, -1970.627566330085756, -637.0854464784596303 ) ) ;
#8877 = VERTEX_POINT ( 'NONE', #4087 ) ;
#8878 = ORIENTED_EDGE ( 'NONE', *, *, #3212, .T. ) ;
#8879 = ORIENTED_EDGE ( 'NONE', *, *, #2817, .F. ) ;
#8880 = FACE_OUTER_BOUND ( 'NONE', #9612, .T. ) ;
#8881 = VERTEX_POINT ( 'NONE', #5645 ) ;
#8882 = ORIENTED_EDGE ( 'NONE', *, *, #5071, .T. ) ;
#8883 = CARTESIAN_POINT ( 'NONE',  ( -9775.000000000000000, 989.9999999999984084, -960.0000000000002274 ) ) ;
#8884 = LINE ( 'NONE', #9548, #6121 ) ;
#8885 = CARTESIAN_POINT ( 'NONE',  ( -1699.999999999999773, -989.9999999999984084, -1135.000000000000227 ) ) ;
#8886 = CIRCLE ( 'NONE', #4558, 99.99999999999964473 ) ;
#8887 = PLANE ( 'NONE',  #9221 ) ;
#8888 = EDGE_LOOP ( 'NONE', ( #1936, #3105, #9299, #8086 ) ) ;
#8889 = DIRECTION ( 'NONE',  ( -1.000000000000000000, 0.000000000000000000, 0.000000000000000000 ) ) ;
#8890 = ORIENTED_EDGE ( 'NONE', *, *, #6893, .T. ) ;
#8891 = VECTOR ( 'NONE', #3085, 1000.000000000000000 ) ;
#8892 = ORIENTED_EDGE ( 'NONE', *, *, #788, .F. ) ;
#8893 = CARTESIAN_POINT ( 'NONE',  ( -1949.999999999999773, 311.4982215127146787, -1135.000000000000227 ) ) ;
#8894 = AXIS2_PLACEMENT_3D ( 'NONE', #3282, #9501, #1845 ) ;
#8895 = EDGE_CURVE ( 'NONE', #6112, #5049, #8419, .T. ) ;
#8896 = EDGE_CURVE ( 'NONE', #3291, #1652, #8001, .T. ) ;
#8897 = ORIENTED_EDGE ( 'NONE', *, *, #4845, .T. ) ;
#8898 = AXIS2_PLACEMENT_3D ( 'NONE', #2540, #5583, #1786 ) ;
#8899 = ORIENTED_EDGE ( 'NONE', *, *, #7620, .T. ) ;
#8900 = ORIENTED_EDGE ( 'NONE', *, *, #1530, .F. ) ;
#8901 = ORIENTED_EDGE ( 'NONE', *, *, #1894, .F. ) ;
#8902 = CARTESIAN_POINT ( 'NONE',  ( -11499.99999999997999, -278.9021535255452022, -623.7872381793328032 ) ) ;
#8903 = CYLINDRICAL_SURFACE ( 'NONE', #6512, 99.99999999999964473 ) ;
#8904 = DIRECTION ( 'NONE',  ( -0.000000000000000000, 1.000000000000000000, -0.000000000000000000 ) ) ;
#8905 = AXIS2_PLACEMENT_3D ( 'NONE', #592, #2205, #6006 ) ;
#8906 = EDGE_CURVE ( 'NONE', #7989, #3092, #581, .T. ) ;
#8907 = EDGE_CURVE ( 'NONE', #7376, #968, #8046, .T. ) ;
#8908 = CARTESIAN_POINT ( 'NONE',  ( -12033.84276082942779, -190.0000000000007674, -504.9802145985029256 ) ) ;
#8909 = CARTESIAN_POINT ( 'NONE',  ( -2349.999999999999545, 200.0000000000000000, -825.0000000000001137 ) ) ;
#8910 = AXIS2_PLACEMENT_3D ( 'NONE', #2975, #5983, #1432 ) ;
#8911 = ORIENTED_EDGE ( 'NONE', *, *, #2567, .T. ) ;
#8912 = AXIS2_PLACEMENT_3D ( 'NONE', #9265, #3865, #4702 ) ;
#8913 = AXIS2_PLACEMENT_3D ( 'NONE', #2969, #4458, #8929 ) ;
#8914 = VECTOR ( 'NONE', #2605, 1000.000000000000000 ) ;
#8915 = VECTOR ( 'NONE', #8868, 1000.000000000000000 ) ;
#8916 = ORIENTED_EDGE ( 'NONE', *, *, #4379, .T. ) ;
#8917 = LINE ( 'NONE', #6526, #298 ) ;
#8918 = DIRECTION ( 'NONE',  ( -1.000000000000000000, -2.400482215405744004E-16, 0.000000000000000000 ) ) ;
#8919 = DIRECTION ( 'NONE',  ( -0.000000000000000000, 0.000000000000000000, 1.000000000000000000 ) ) ;
#8920 = VECTOR ( 'NONE', #3467, 1000.000000000000000 ) ;
#8921 = EDGE_CURVE ( 'NONE', #812, #9505, #2137, .T. ) ;
#8922 = DIRECTION ( 'NONE',  ( 0.000000000000000000, -0.1402661271484180183, 0.9901138386947149206 ) ) ;
#8923 = CARTESIAN_POINT ( 'NONE',  ( -7062.500000000000000, 989.9999999999984084, -4241.944871367028099 ) ) ;
#8924 = ADVANCED_FACE ( 'NONE', ( #1237 ), #8187, .F. ) ;
#8925 = DIRECTION ( 'NONE',  ( 1.232595164407830672E-32, 2.775557561563032360E-16, -1.000000000000000000 ) ) ;
#8926 = DIRECTION ( 'NONE',  ( 0.000000000000000000, 1.000000000000000000, 0.000000000000000000 ) ) ;
#8927 = CIRCLE ( 'NONE', #6686, 460.0000000000001137 ) ;
#8928 = AXIS2_PLACEMENT_3D ( 'NONE', #20, #3933, #7036 ) ;
#8929 = DIRECTION ( 'NONE',  ( 0.000000000000000000, 0.000000000000000000, -1.000000000000000000 ) ) ;
#8930 = ORIENTED_EDGE ( 'NONE', *, *, #3576, .T. ) ;
#8931 = EDGE_LOOP ( 'NONE', ( #652, #8837, #2354, #6408 ) ) ;
#8932 = CARTESIAN_POINT ( 'NONE',  ( -16150.00000000000182, 739.9999999999984084, -960.0000000000002274 ) ) ;
#8933 = ORIENTED_EDGE ( 'NONE', *, *, #4195, .F. ) ;
#8934 = CIRCLE ( 'NONE', #7022, 80.00000000000007105 ) ;
#8935 = DIRECTION ( 'NONE',  ( -2.450878090891695175E-33, 0.9597039290011752932, -0.2810131111882628319 ) ) ;
#8936 = DIRECTION ( 'NONE',  ( -0.000000000000000000, 0.000000000000000000, -1.000000000000000000 ) ) ;
#8937 = VECTOR ( 'NONE', #8296, 1000.000000000000000 ) ;
#8938 = LINE ( 'NONE', #4983, #9759 ) ;
#8939 = VECTOR ( 'NONE', #8648, 1000.000000000000000 ) ;
#8940 = DIRECTION ( 'NONE',  ( 0.000000000000000000, -1.000000000000000000, 0.000000000000000000 ) ) ;
#8941 = ORIENTED_EDGE ( 'NONE', *, *, #7818, .T. ) ;
#8942 = CARTESIAN_POINT ( 'NONE',  ( -5576.316527040901747, 1189.999999999998408, -6660.000000000000909 ) ) ;
#8943 = VECTOR ( 'NONE', #7896, 1000.000000000000000 ) ;
#8944 = EDGE_LOOP ( 'NONE', ( #5960, #5953, #1988, #3339 ) ) ;
#8945 = PLANE ( 'NONE',  #1278 ) ;
#8946 = ORIENTED_EDGE ( 'NONE', *, *, #9685, .T. ) ;
#8947 = CIRCLE ( 'NONE', #3350, 100.0000000000014211 ) ;
#8948 = DIRECTION ( 'NONE',  ( 0.000000000000000000, -1.000000000000000000, 0.000000000000000000 ) ) ;
#8949 = DIRECTION ( 'NONE',  ( 0.000000000000000000, 0.000000000000000000, -1.000000000000000000 ) ) ;
#8950 = AXIS2_PLACEMENT_3D ( 'NONE', #3017, #9880, #7458 ) ;
#8951 = VECTOR ( 'NONE', #9554, 1000.000000000000000 ) ;
#8952 = VERTEX_POINT ( 'NONE', #480 ) ;
#8953 = ADVANCED_FACE ( 'NONE', ( #1191 ), #3535, .F. ) ;
#8954 = EDGE_CURVE ( 'NONE', #8199, #8738, #2795, .T. ) ;
#8955 = ORIENTED_EDGE ( 'NONE', *, *, #6410, .F. ) ;
#8956 = EDGE_CURVE ( 'NONE', #1584, #3986, #2032, .T. ) ;
#8957 = ORIENTED_EDGE ( 'NONE', *, *, #5496, .F. ) ;
#8958 = VERTEX_POINT ( 'NONE', #8983 ) ;
#8959 = SURFACE_STYLE_FILL_AREA ( #7445 ) ;
#8960 = DIRECTION ( 'NONE',  ( 0.000000000000000000, -1.000000000000000000, -0.000000000000000000 ) ) ;
#8961 = DIRECTION ( 'NONE',  ( -1.000000000000000000, -6.162975822039151993E-33, -1.232595164407830946E-32 ) ) ;
#8962 = CARTESIAN_POINT ( 'NONE',  ( -11700.00000000000182, 814.9999999999972715, -637.0854464784588345 ) ) ;
#8963 = VERTEX_POINT ( 'NONE', #9600 ) ;
#8964 = ORIENTED_EDGE ( 'NONE', *, *, #4855, .T. ) ;
#8965 = EDGE_CURVE ( 'NONE', #599, #5878, #8224, .T. ) ;
#8966 = ADVANCED_FACE ( 'NONE', ( #2834 ), #8792, .T. ) ;
#8967 = LINE ( 'NONE', #6768, #9570 ) ;
#8968 = AXIS2_PLACEMENT_3D ( 'NONE', #5310, #1460, #3007 ) ;
#8969 = DIRECTION ( 'NONE',  ( -0.000000000000000000, 0.000000000000000000, 1.000000000000000000 ) ) ;
#8970 = CARTESIAN_POINT ( 'NONE',  ( -11661.34256363902387, -1077.499998843224375, -757.0854464784604261 ) ) ;
#8971 = CARTESIAN_POINT ( 'NONE',  ( -13000.00000000000000, 899.9999999999986358, -860.0000000000226237 ) ) ;
#8972 = CARTESIAN_POINT ( 'NONE',  ( -5273.137666352222368, 715.2359445967783813, -1135.000000000000227 ) ) ;
#8973 = LINE ( 'NONE', #8219, #5582 ) ;
#8974 = VECTOR ( 'NONE', #5372, 1000.000000000000000 ) ;
#8975 = DIRECTION ( 'NONE',  ( -0.000000000000000000, -0.9854601157443478865, -0.1699069165076472210 ) ) ;
#8976 = DIRECTION ( 'NONE',  ( 6.162975822038967936E-33, -1.000000000000000000, 1.510372559762204329E-14 ) ) ;
#8977 = EDGE_CURVE ( 'NONE', #809, #5550, #6543, .T. ) ;
#8978 = EDGE_CURVE ( 'NONE', #7037, #2300, #9752, .T. ) ;
#8979 = EDGE_LOOP ( 'NONE', ( #6399, #3139, #3783, #4049 ) ) ;
#8980 = LINE ( 'NONE', #1377, #7830 ) ;
#8981 = ORIENTED_EDGE ( 'NONE', *, *, #7715, .T. ) ;
#8982 = VERTEX_POINT ( 'NONE', #4231 ) ;
#8983 = CARTESIAN_POINT ( 'NONE',  ( -14388.56810139493609, 1077.499998843224375, -637.0854464784587208 ) ) ;
#8984 = AXIS2_PLACEMENT_3D ( 'NONE', #207, #4885, #9263 ) ;
#8985 = DIRECTION ( 'NONE',  ( -1.232595164407830672E-32, -3.301729611148415602E-16, 1.000000000000000000 ) ) ;
#8986 = CARTESIAN_POINT ( 'NONE',  ( -15900.00000000000182, -740.0000000000021600, -1135.000000000000227 ) ) ;
#8987 = DIRECTION ( 'NONE',  ( -6.162975822039157467E-33, 1.000000000000000000, 2.775557561563032360E-16 ) ) ;
#8988 = ORIENTED_EDGE ( 'NONE', *, *, #7394, .T. ) ;
#8989 = CARTESIAN_POINT ( 'NONE',  ( 0.000000000000000000, 875.0000000000000000, -980.0000000000001137 ) ) ;
#8990 = CIRCLE ( 'NONE', #4502, 250.0000000000000000 ) ;
#8991 = EDGE_CURVE ( 'NONE', #9715, #6222, #7284, .T. ) ;
#8992 = ORIENTED_EDGE ( 'NONE', *, *, #5424, .T. ) ;
#8993 = DIRECTION ( 'NONE',  ( -0.000000000000000000, 0.000000000000000000, 1.000000000000000000 ) ) ;
#8994 = VERTEX_POINT ( 'NONE', #7245 ) ;
#8995 = LINE ( 'NONE', #8893, #6061 ) ;
#8996 = LINE ( 'NONE', #7491, #7236 ) ;
#8997 = AXIS2_PLACEMENT_3D ( 'NONE', #2495, #8544, #4676 ) ;
#8998 = ORIENTED_EDGE ( 'NONE', *, *, #6409, .F. ) ;
#8999 = PLANE ( 'NONE',  #4886 ) ;
#9000 = VERTEX_POINT ( 'NONE', #1990 ) ;
#9001 = EDGE_LOOP ( 'NONE', ( #8156, #5459, #9565, #9185, #2031 ) ) ;
#9002 =( REPRESENTATION_RELATIONSHIP ('NONE','NONE', #2658, #9153 ) REPRESENTATION_RELATIONSHIP_WITH_TRANSFORMATION ( #7215 )SHAPE_REPRESENTATION_RELATIONSHIP( ) );
#9003 = ORIENTED_EDGE ( 'NONE', *, *, #1379, .F. ) ;
#9004 = LINE ( 'NONE', #4539, #4665 ) ;
#9005 = DIRECTION ( 'NONE',  ( 0.000000000000000000, 0.000000000000000000, 1.000000000000000000 ) ) ;
#9006 = FACE_OUTER_BOUND ( 'NONE', #1715, .T. ) ;
#9007 = CARTESIAN_POINT ( 'NONE',  ( -14299.99999999999818, 1077.499998843224148, -306.2059048389984355 ) ) ;
#9008 = ORIENTED_EDGE ( 'NONE', *, *, #5354, .F. ) ;
#9009 = ORIENTED_EDGE ( 'NONE', *, *, #8956, .F. ) ;
#9010 = CARTESIAN_POINT ( 'NONE',  ( -13499.99999999999818, -899.9999999999986358, -637.0854464784594029 ) ) ;
#9011 = CARTESIAN_POINT ( 'NONE',  ( -16550.00000000000000, 1189.999999999998408, -960.0000000000002274 ) ) ;
#9012 = DIRECTION ( 'NONE',  ( 1.000000000000000000, 0.000000000000000000, -0.000000000000000000 ) ) ;
#9013 = DIRECTION ( 'NONE',  ( 1.000000000000000000, 0.000000000000000000, 0.000000000000000000 ) ) ;
#9014 = CARTESIAN_POINT ( 'NONE',  ( -15900.00000000000182, -989.9999999999990905, -1135.000000000000227 ) ) ;
#9015 = EDGE_CURVE ( 'NONE', #783, #495, #8120, .T. ) ;
#9016 = EDGE_CURVE ( 'NONE', #275, #494, #4330, .T. ) ;
#9017 = EDGE_CURVE ( 'NONE', #7117, #6421, #3806, .T. ) ;
#9018 = ADVANCED_FACE ( 'NONE', ( #7422 ), #562, .F. ) ;
#9019 = CARTESIAN_POINT ( 'NONE',  ( -5576.316527040900837, 989.9999999999984084, -660.0000000000010232 ) ) ;
#9020 = ORIENTED_EDGE ( 'NONE', *, *, #5010, .F. ) ;
#9021 = CARTESIAN_POINT ( 'NONE',  ( -5576.316527040900837, -1190.000000000002728, -660.0000000000010232 ) ) ;
#9022 = ORIENTED_EDGE ( 'NONE', *, *, #1202, .T. ) ;
#9023 = LINE ( 'NONE', #9749, #9274 ) ;
#9024 = ORIENTED_EDGE ( 'NONE', *, *, #5068, .F. ) ;
#9025 = DIRECTION ( 'NONE',  ( 1.000000000000000000, 0.000000000000000000, 0.000000000000000000 ) ) ;
#9026 = CARTESIAN_POINT ( 'NONE',  ( 0.000000000000000000, 0.000000000000000000, -960.0000000000002274 ) ) ;
#9027 = LINE ( 'NONE', #8379, #1662 ) ;
#9028 = CARTESIAN_POINT ( 'NONE',  ( -12923.68347295909916, -9753.686360283016256, -760.0000000000006821 ) ) ;
#9029 = CARTESIAN_POINT ( 'NONE',  ( -11499.99999999997999, 899.9999999999986358, -350.9999999999985221 ) ) ;
#9030 = EDGE_CURVE ( 'NONE', #5736, #8958, #2753, .T. ) ;
#9031 = ORIENTED_EDGE ( 'NONE', *, *, #1465, .F. ) ;
#9032 = CYLINDRICAL_SURFACE ( 'NONE', #4403, 250.0000000000000000 ) ;
#9033 = CIRCLE ( 'NONE', #4876, 250.0000000000000000 ) ;
#9034 = ORIENTED_EDGE ( 'NONE', *, *, #3856, .F. ) ;
#9035 = ORIENTED_EDGE ( 'NONE', *, *, #2045, .T. ) ;
#9036 = PLANE ( 'NONE',  #955 ) ;
#9037 = DIRECTION ( 'NONE',  ( 6.162975822039157467E-33, -1.000000000000000000, -2.775557561563032360E-16 ) ) ;
#9038 = DIRECTION ( 'NONE',  ( 0.000000000000000000, -2.413528314402513597E-16, 1.000000000000000000 ) ) ;
#9039 = CARTESIAN_POINT ( 'NONE',  ( -9525.000000000000000, -740.0000000000009095, -1135.000000000000227 ) ) ;
#9040 = CIRCLE ( 'NONE', #2665, 250.0000000000000000 ) ;
#9041 = EDGE_CURVE ( 'NONE', #6946, #6468, #3773, .T. ) ;
#9042 = ORIENTED_EDGE ( 'NONE', *, *, #3539, .T. ) ;
#9043 = DIRECTION ( 'NONE',  ( 1.000000000000000000, -1.193105140912903329E-16, 0.000000000000000000 ) ) ;
#9044 = AXIS2_PLACEMENT_3D ( 'NONE', #1488, #7646, #2936 ) ;
#9045 = CARTESIAN_POINT ( 'NONE',  ( -14500.00000000002001, -699.9999999999986358, -749.6146185948546190 ) ) ;
#9046 = ORIENTED_EDGE ( 'NONE', *, *, #4522, .T. ) ;
#9047 = VERTEX_POINT ( 'NONE', #1482 ) ;
#9048 = DIRECTION ( 'NONE',  ( -1.000000000000000000, 0.000000000000000000, 0.000000000000000000 ) ) ;
#9049 = FACE_OUTER_BOUND ( 'NONE', #7502, .T. ) ;
#9050 = VECTOR ( 'NONE', #6592, 1000.000000000000000 ) ;
#9051 = LINE ( 'NONE', #6008, #2270 ) ;
#9052 = CARTESIAN_POINT ( 'NONE',  ( -2349.999999999999545, 1189.999999999998408, -960.0000000000002274 ) ) ;
#9053 = VECTOR ( 'NONE', #1416, 1000.000000000000000 ) ;
#9054 = ORIENTED_EDGE ( 'NONE', *, *, #4481, .T. ) ;
#9055 = LINE ( 'NONE', #7517, #9410 ) ;
#9056 = DIRECTION ( 'NONE',  ( 0.000000000000000000, -0.9901138386947148096, 0.1402661271484180183 ) ) ;
#9057 = DIRECTION ( 'NONE',  ( 0.000000000000000000, -0.000000000000000000, -1.000000000000000000 ) ) ;
#9058 = CARTESIAN_POINT ( 'NONE',  ( -16800.00000000000000, 739.9999999999984084, -960.0000000000000000 ) ) ;
#9059 = CARTESIAN_POINT ( 'NONE',  ( -16550.00000000000000, 211.4982215127146787, -1135.000000000000227 ) ) ;
#9060 = PLANE ( 'NONE',  #6438 ) ;
#9061 = VECTOR ( 'NONE', #5771, 1000.000000000000000 ) ;
#9062 = AXIS2_PLACEMENT_3D ( 'NONE', #6836, #3774, #6140 ) ;
#9063 = CARTESIAN_POINT ( 'NONE',  ( -16800.00000000000000, 739.9999999999984084, -1135.000000000000227 ) ) ;
#9064 = EDGE_CURVE ( 'NONE', #2425, #4868, #2025, .T. ) ;
#9065 = LINE ( 'NONE', #5275, #6853 ) ;
#9066 = EDGE_CURVE ( 'NONE', #8709, #7810, #9797, .T. ) ;
#9067 = ORIENTED_EDGE ( 'NONE', *, *, #188, .T. ) ;
#9068 = ORIENTED_EDGE ( 'NONE', *, *, #3923, .T. ) ;
#9069 = ADVANCED_FACE ( 'NONE', ( #8328 ), #8278, .T. ) ;
#9070 = LINE ( 'NONE', #3833, #269 ) ;
#9071 = CARTESIAN_POINT ( 'NONE',  ( -14156.10001622140953, 278.9021535255452022, -725.0000000000052296 ) ) ;
#9072 = LINE ( 'NONE', #785, #3394 ) ;
#9073 = CARTESIAN_POINT ( 'NONE',  ( -13833.84276082942415, -190.0000000000007674, -504.9802145985029256 ) ) ;
#9074 = CIRCLE ( 'NONE', #9732, 250.0000000000000000 ) ;
#9075 = AXIS2_PLACEMENT_3D ( 'NONE', #4189, #4234, #1099 ) ;
#9076 = CARTESIAN_POINT ( 'NONE',  ( -19120.00000000000000, 875.0000000000000000, -1060.000000000000000 ) ) ;
#9077 = AXIS2_PLACEMENT_3D ( 'NONE', #552, #3671, #7461 ) ;
#9078 = ORIENTED_EDGE ( 'NONE', *, *, #9556, .F. ) ;
#9079 = VECTOR ( 'NONE', #3049, 1000.000000000000000 ) ;
#9080 = VERTEX_POINT ( 'NONE', #6086 ) ;
#9081 = VERTEX_POINT ( 'NONE', #1431 ) ;
#9082 = ORIENTED_EDGE ( 'NONE', *, *, #6410, .T. ) ;
#9083 = EDGE_CURVE ( 'NONE', #2598, #4117, #965, .T. ) ;
#9084 = DIRECTION ( 'NONE',  ( 0.000000000000000000, 0.000000000000000000, -1.000000000000000000 ) ) ;
#9085 = CARTESIAN_POINT ( 'NONE',  ( -12750.00000000000000, 278.9021535255452022, -725.0000000000052296 ) ) ;
#9086 = AXIS2_PLACEMENT_3D ( 'NONE', #2893, #5236, #5890 ) ;
#9087 = CARTESIAN_POINT ( 'NONE',  ( -12100.00000000000182, -679.9999999999979536, -379.9999999999984084 ) ) ;
#9088 = CIRCLE ( 'NONE', #4621, 250.0000000000000000 ) ;
#9089 = EDGE_LOOP ( 'NONE', ( #2642, #141, #6012, #9195, #1798, #4532 ) ) ;
#9090 = ORIENTED_EDGE ( 'NONE', *, *, #3086, .F. ) ;
#9091 = CARTESIAN_POINT ( 'NONE',  ( -3930.251481490694459, -1189.999999999998408, -1059.999999999999091 ) ) ;
#9092 = VECTOR ( 'NONE', #1428, 1000.000000000000000 ) ;
#9093 = ORIENTED_EDGE ( 'NONE', *, *, #3612, .F. ) ;
#9094 = VECTOR ( 'NONE', #549, 1000.000000000000000 ) ;
#9095 = ADVANCED_FACE ( 'NONE', ( #3680 ), #9230, .T. ) ;
#9096 = DIRECTION ( 'NONE',  ( 1.000000000000000000, 0.000000000000000000, 0.000000000000000000 ) ) ;
#9097 = ORIENTED_EDGE ( 'NONE', *, *, #571, .F. ) ;
#9098 = ADVANCED_FACE ( 'NONE', ( #5226 ), #7584, .F. ) ;
#9099 = ORIENTED_EDGE ( 'NONE', *, *, #7480, .F. ) ;
#9100 = VECTOR ( 'NONE', #450, 1000.000000000000000 ) ;
#9101 = DIRECTION ( 'NONE',  ( -1.432545838226008399E-17, 1.000000000000000000, -0.000000000000000000 ) ) ;
#9102 = DIRECTION ( 'NONE',  ( 1.000000000000000000, 6.162975822039151993E-33, 1.232595164407830946E-32 ) ) ;
#9103 = EDGE_LOOP ( 'NONE', ( #386, #9411, #8072, #4796 ) ) ;
#9104 = ORIENTED_EDGE ( 'NONE', *, *, #6648, .F. ) ;
#9105 = AXIS2_PLACEMENT_3D ( 'NONE', #5132, #5088, #3487 ) ;
#9106 = ORIENTED_EDGE ( 'NONE', *, *, #5370, .F. ) ;
#9107 = LINE ( 'NONE', #760, #6534 ) ;
#9108 = DIRECTION ( 'NONE',  ( -1.000000000000000000, -6.162975822039151993E-33, -1.232595164407830946E-32 ) ) ;
#9109 = CARTESIAN_POINT ( 'NONE',  ( -9775.000000000000000, 739.9999999999984084, -960.0000000000002274 ) ) ;
#9110 = PLANE ( 'NONE',  #7500 ) ;
#9111 = FILL_AREA_STYLE ('',( #8484 ) ) ;
#9112 = DIRECTION ( 'NONE',  ( 6.162975822039157467E-33, -1.000000000000000000, -2.775557561563032360E-16 ) ) ;
#9113 = CARTESIAN_POINT ( 'NONE',  ( -11499.99999999998181, -708.3613705689267590, -752.1130625175202340 ) ) ;
#9114 = VECTOR ( 'NONE', #3808, 1000.000000000000000 ) ;
#9115 = CARTESIAN_POINT ( 'NONE',  ( -14588.56810139493791, 747.0986934586334201, -637.0854464784588345 ) ) ;
#9116 = EDGE_LOOP ( 'NONE', ( #5797, #9812, #5833, #5979 ) ) ;
#9117 = PLANE ( 'NONE',  #5244 ) ;
#9118 = EDGE_LOOP ( 'NONE', ( #6717, #9298 ) ) ;
#9119 = DIRECTION ( 'NONE',  ( -0.000000000000000000, 0.000000000000000000, 1.000000000000000000 ) ) ;
#9120 = DIRECTION ( 'NONE',  ( 1.232595164407830672E-32, 2.775557561563032360E-16, -1.000000000000000000 ) ) ;
#9121 = DIRECTION ( 'NONE',  ( -0.000000000000000000, 0.000000000000000000, 1.000000000000000000 ) ) ;
#9122 = CARTESIAN_POINT ( 'NONE',  ( -16150.00000000000182, -1189.999999999998408, -960.0000000000002274 ) ) ;
#9123 = DIRECTION ( 'NONE',  ( 1.000000000000000000, 0.000000000000000000, 0.000000000000000000 ) ) ;
#9124 = CYLINDRICAL_SURFACE ( 'NONE', #2720, 250.0000000000000000 ) ;
#9125 = FACE_OUTER_BOUND ( 'NONE', #84, .T. ) ;
#9126 = EDGE_LOOP ( 'NONE', ( #312, #7062, #7151, #8169, #7243, #1039, #5881 ) ) ;
#9127 = CARTESIAN_POINT ( 'NONE',  ( -14299.99999999999818, -814.9999999999974989, -637.0854464784592892 ) ) ;
#9128 = EDGE_CURVE ( 'NONE', #1292, #3389, #7472, .T. ) ;
#9129 = DIRECTION ( 'NONE',  ( -6.162975822039157467E-33, 1.000000000000000000, 2.775557561563032360E-16 ) ) ;
#9130 = ORIENTED_EDGE ( 'NONE', *, *, #6188, .T. ) ;
#9131 = AXIS2_PLACEMENT_3D ( 'NONE', #5196, #6866, #3003 ) ;
#9132 = ORIENTED_EDGE ( 'NONE', *, *, #3398, .T. ) ;
#9133 = DIRECTION ( 'NONE',  ( 0.000000000000000000, 0.000000000000000000, 1.000000000000000000 ) ) ;
#9134 = ORIENTED_EDGE ( 'NONE', *, *, #916, .T. ) ;
#9135 = CARTESIAN_POINT ( 'NONE',  ( -11880.00000000000182, -1077.499998843224603, -239.9999999999985505 ) ) ;
#9136 = PLANE ( 'NONE',  #3825 ) ;
#9137 = CARTESIAN_POINT ( 'NONE',  ( -11499.99999999997999, -699.9999999999986358, -623.2943698956134995 ) ) ;
#9138 = DIRECTION ( 'NONE',  ( -0.000000000000000000, -0.000000000000000000, -1.000000000000000000 ) ) ;
#9139 = LINE ( 'NONE', #44, #2568 ) ;
#9140 = VECTOR ( 'NONE', #3907, 1000.000000000000000 ) ;
#9141 = ADVANCED_FACE ( 'NONE', ( #9176 ), #9840, .T. ) ;
#9142 = ORIENTED_EDGE ( 'NONE', *, *, #5964, .F. ) ;
#9143 = EDGE_CURVE ( 'NONE', #7496, #6036, #5333, .T. ) ;
#9144 = ADVANCED_FACE ( 'NONE', ( #6894 ), #784, .T. ) ;
#9145 = VERTEX_POINT ( 'NONE', #2932 ) ;
#9146 = FACE_OUTER_BOUND ( 'NONE', #4021, .T. ) ;
#9147 = CARTESIAN_POINT ( 'NONE',  ( -11699.99999999998181, 699.9999999999986358, -350.9999999999985221 ) ) ;
#9148 = VERTEX_POINT ( 'NONE', #6027 ) ;
#9149 = CIRCLE ( 'NONE', #3557, 250.0000000000000000 ) ;
#9150 = ORIENTED_EDGE ( 'NONE', *, *, #34, .T. ) ;
#9151 = ORIENTED_EDGE ( 'NONE', *, *, #3418, .F. ) ;
#9152 = DIRECTION ( 'NONE',  ( -6.162975822039157467E-33, 1.000000000000000000, 2.775557561563032360E-16 ) ) ;
#9153 = SHAPE_REPRESENTATION ( 'Y25_BackwardBogies_MoreDetailed', ( #4904 ), #8111 ) ;
#9154 = DIRECTION ( 'NONE',  ( -2.400482215405744004E-16, 1.000000000000000000, 0.000000000000000000 ) ) ;
#9155 = DIRECTION ( 'NONE',  ( 0.000000000000000000, 0.000000000000000000, 1.000000000000000000 ) ) ;
#9156 = CARTESIAN_POINT ( 'NONE',  ( -14299.99999999999818, -1970.627566330085756, -637.0854464784596303 ) ) ;
#9157 = VERTEX_POINT ( 'NONE', #7638 ) ;
#9158 = EDGE_CURVE ( 'NONE', #9509, #7531, #9070, .T. ) ;
#9159 = EDGE_CURVE ( 'NONE', #6096, #5765, #1074, .T. ) ;
#9160 = ORIENTED_EDGE ( 'NONE', *, *, #5864, .F. ) ;
#9161 = CYLINDRICAL_SURFACE ( 'NONE', #8772, 35.00000000000014211 ) ;
#9162 = CARTESIAN_POINT ( 'NONE',  ( -14500.00000000002001, -190.0000000000007390, -623.7872381793343948 ) ) ;
#9163 = CARTESIAN_POINT ( 'NONE',  ( -12100.00000000000182, -1054.999999999997726, 1.665334536937734811E-12 ) ) ;
#9164 = CARTESIAN_POINT ( 'NONE',  ( -14569.74851850929372, -1189.999999999998181, -1009.999999999997158 ) ) ;
#9165 = DIRECTION ( 'NONE',  ( -0.1736481776669237531, 0.000000000000000000, -0.9848077530122092416 ) ) ;
#9166 = EDGE_CURVE ( 'NONE', #1259, #8070, #5388, .T. ) ;
#9167 = PLANE ( 'NONE',  #7983 ) ;
#9168 = EDGE_CURVE ( 'NONE', #4890, #1259, #2369, .T. ) ;
#9169 = CARTESIAN_POINT ( 'NONE',  ( -5576.316527040902656, 9753.686360283016256, -760.0000000000010232 ) ) ;
#9170 = DIRECTION ( 'NONE',  ( 6.162975822039157467E-33, -1.000000000000000000, -2.249385511977649118E-16 ) ) ;
#9171 = ORIENTED_EDGE ( 'NONE', *, *, #1157, .F. ) ;
#9172 = CARTESIAN_POINT ( 'NONE',  ( -15519.32881082469248, 0.000000000000000000, -1135.000000000000227 ) ) ;
#9173 = ORIENTED_EDGE ( 'NONE', *, *, #2990, .F. ) ;
#9174 = DIRECTION ( 'NONE',  ( -6.162975822039157467E-33, 1.000000000000000000, 2.249385511977649118E-16 ) ) ;
#9175 = EDGE_LOOP ( 'NONE', ( #9622, #7918, #2721, #2353, #3002 ) ) ;
#9176 = FACE_OUTER_BOUND ( 'NONE', #4486, .T. ) ;
#9177 = CARTESIAN_POINT ( 'NONE',  ( -13965.57253896063776, -990.0000000000018190, -751.1534819267449166 ) ) ;
#9178 = DIRECTION ( 'NONE',  ( 1.000000000000000000, -0.000000000000000000, -0.000000000000000000 ) ) ;
#9179 = LINE ( 'NONE', #4467, #7493 ) ;
#9180 = LINE ( 'NONE', #6190, #6690 ) ;
#9181 = DIRECTION ( 'NONE',  ( -6.162975822039157467E-33, 1.000000000000000000, 3.301729611148415602E-16 ) ) ;
#9182 = EDGE_LOOP ( 'NONE', ( #1963, #5681, #4992, #3573 ) ) ;
#9183 = DIRECTION ( 'NONE',  ( 6.162975822039157467E-33, -1.000000000000000000, -3.301729611148415602E-16 ) ) ;
#9184 = CARTESIAN_POINT ( 'NONE',  ( -14388.56810139493609, 877.4999988432243754, -757.0854464784598576 ) ) ;
#9185 = ORIENTED_EDGE ( 'NONE', *, *, #4198, .T. ) ;
#9186 = ORIENTED_EDGE ( 'NONE', *, *, #7218, .T. ) ;
#9187 = LINE ( 'NONE', #3280, #4779 ) ;
#9188 = ORIENTED_EDGE ( 'NONE', *, *, #9773, .T. ) ;
#9189 = DIRECTION ( 'NONE',  ( -1.375818072832683515E-32, 0.3952161465694030706, 0.9185881544472649374 ) ) ;
#9190 = CARTESIAN_POINT ( 'NONE',  ( -14500.00000000002001, 699.9999999999986358, -623.2943698956130447 ) ) ;
#9191 = CARTESIAN_POINT ( 'NONE',  ( -2350.000000000001364, -989.9999999999990905, -1135.000000000000227 ) ) ;
#9192 = CARTESIAN_POINT ( 'NONE',  ( -11687.50000000000000, 989.9999999999984084, -960.0000000000006821 ) ) ;
#9193 = EDGE_CURVE ( 'NONE', #1491, #233, #7128, .T. ) ;
#9194 = DIRECTION ( 'NONE',  ( -1.000000000000000000, -0.000000000000000000, -0.000000000000000000 ) ) ;
#9195 = ORIENTED_EDGE ( 'NONE', *, *, #3395, .F. ) ;
#9196 = EDGE_LOOP ( 'NONE', ( #7160, #9262 ) ) ;
#9197 = LINE ( 'NONE', #5997, #6654 ) ;
#9198 = DIRECTION ( 'NONE',  ( 6.162975822039589899E-33, -1.000000000000000000, -3.530762810662500311E-14 ) ) ;
#9199 = EDGE_CURVE ( 'NONE', #9845, #4858, #8680, .T. ) ;
#9200 = ORIENTED_EDGE ( 'NONE', *, *, #5283, .T. ) ;
#9201 = ORIENTED_EDGE ( 'NONE', *, *, #2926, .F. ) ;
#9202 = DIRECTION ( 'NONE',  ( 1.000000000000000000, 6.162975822039151993E-33, 1.232595164407830946E-32 ) ) ;
#9203 = EDGE_CURVE ( 'NONE', #1359, #2956, #3226, .T. ) ;
#9204 = EDGE_CURVE ( 'NONE', #423, #7197, #7796, .T. ) ;
#9205 = FILL_AREA_STYLE_COLOUR ( '', #5074 ) ;
#9206 = DIRECTION ( 'NONE',  ( -6.162975822039157467E-33, 1.000000000000000000, 2.775557561563032360E-16 ) ) ;
#9207 = DIRECTION ( 'NONE',  ( -0.9848077530122092416, 0.000000000000000000, -0.1736481776669235033 ) ) ;
#9208 = VECTOR ( 'NONE', #9855, 1000.000000000000114 ) ;
#9209 = EDGE_LOOP ( 'NONE', ( #5879, #5386 ) ) ;
#9210 = EDGE_LOOP ( 'NONE', ( #646, #8864 ) ) ;
#9211 = DIRECTION ( 'NONE',  ( 1.000000000000000000, -0.000000000000000000, -0.000000000000000000 ) ) ;
#9212 = EDGE_CURVE ( 'NONE', #6195, #7418, #7450, .T. ) ;
#9213 = AXIS2_PLACEMENT_3D ( 'NONE', #1502, #5304, #4533 ) ;
#9214 = EDGE_CURVE ( 'NONE', #9646, #4631, #183, .T. ) ;
#9215 = DIRECTION ( 'NONE',  ( -6.162975822039151309E-33, 1.000000000000000000, -2.200304988219453538E-16 ) ) ;
#9216 = DIRECTION ( 'NONE',  ( 0.000000000000000000, 0.000000000000000000, -1.000000000000000000 ) ) ;
#9217 = VECTOR ( 'NONE', #8377, 1000.000000000000000 ) ;
#9218 = DIRECTION ( 'NONE',  ( 6.162975822039157467E-33, -1.000000000000000000, -2.775557561563032360E-16 ) ) ;
#9219 = DIRECTION ( 'NONE',  ( 1.000000000000000000, 0.000000000000000000, 0.000000000000000000 ) ) ;
#9220 = DIRECTION ( 'NONE',  ( 0.000000000000000000, 0.000000000000000000, 1.000000000000000000 ) ) ;
#9221 = AXIS2_PLACEMENT_3D ( 'NONE', #4417, #7479, #9844 ) ;
#9222 = DIRECTION ( 'NONE',  ( -1.000000000000000000, 0.000000000000000000, 0.000000000000000000 ) ) ;
#9223 = AXIS2_PLACEMENT_3D ( 'NONE', #8543, #3266, #1685 ) ;
#9224 = CARTESIAN_POINT ( 'NONE',  ( -3930.251481490694459, 1189.999999999998408, -1009.999999999999091 ) ) ;
#9225 = CARTESIAN_POINT ( 'NONE',  ( -5576.316527040901747, -1189.999999999999773, -6660.000000000000909 ) ) ;
#9226 = ORIENTED_EDGE ( 'NONE', *, *, #5672, .T. ) ;
#9227 = CARTESIAN_POINT ( 'NONE',  ( -18153.58983848622665, 739.9999999999984084, -1135.000000000000227 ) ) ;
#9228 = LINE ( 'NONE', #7748, #6907 ) ;
#9229 = EDGE_CURVE ( 'NONE', #6432, #6804, #3314, .T. ) ;
#9230 = PLANE ( 'NONE',  #9730 ) ;
#9231 = ADVANCED_FACE ( 'NONE', ( #9331 ), #2494, .T. ) ;
#9232 = CARTESIAN_POINT ( 'NONE',  ( -18053.58983848622665, -211.4982215127147072, -1135.000000000001137 ) ) ;
#9233 = DIRECTION ( 'NONE',  ( -1.009738721157118013E-32, -0.2810131111882634425, 0.9597039290011751822 ) ) ;
#9234 = CIRCLE ( 'NONE', #2691, 79.99999999999990052 ) ;
#9235 = CYLINDRICAL_SURFACE ( 'NONE', #8128, 149.9999999999999147 ) ;
#9236 = CIRCLE ( 'NONE', #132, 460.0000000000000000 ) ;
#9237 = EDGE_LOOP ( 'NONE', ( #8018, #6422, #1803, #3572 ) ) ;
#9238 = VECTOR ( 'NONE', #7467, 1000.000000000000000 ) ;
#9239 = ORIENTED_EDGE ( 'NONE', *, *, #96, .T. ) ;
#9240 = DIRECTION ( 'NONE',  ( 6.162975822039157467E-33, -1.000000000000000000, -2.775557561563032360E-16 ) ) ;
#9241 = ORIENTED_EDGE ( 'NONE', *, *, #9682, .T. ) ;
#9242 = EDGE_LOOP ( 'NONE', ( #5429, #4291, #2829, #6630 ) ) ;
#9243 = ORIENTED_EDGE ( 'NONE', *, *, #7928, .F. ) ;
#9244 = CIRCLE ( 'NONE', #8913, 6000.000000000000000 ) ;
#9245 = DIRECTION ( 'NONE',  ( -1.432545838226008399E-17, 1.000000000000000000, -0.000000000000000000 ) ) ;
#9246 = AXIS2_PLACEMENT_3D ( 'NONE', #2290, #2974, #4413 ) ;
#9247 = ORIENTED_EDGE ( 'NONE', *, *, #9517, .F. ) ;
#9248 = CARTESIAN_POINT ( 'NONE',  ( -16800.00000000000000, 739.9999999999984084, -4241.944871367028099 ) ) ;
#9249 = CARTESIAN_POINT ( 'NONE',  ( -12100.00000000000182, 679.9999999999977263, -459.9999999999979536 ) ) ;
#9250 = CARTESIAN_POINT ( 'NONE',  ( -13680.00000000000000, 1970.627566330085756, -517.7941176470586697 ) ) ;
#9251 = CIRCLE ( 'NONE', #5087, 100.0000000000000853 ) ;
#9252 = CARTESIAN_POINT ( 'NONE',  ( -13948.20772119394496, 1089.999999999998181, -849.6342572279658043 ) ) ;
#9253 = CARTESIAN_POINT ( 'NONE',  ( -14119.99999999999818, 1970.627566330085529, -239.9999999999976694 ) ) ;
#9254 = CIRCLE ( 'NONE', #9077, 250.0000000000000000 ) ;
#9255 = ORIENTED_EDGE ( 'NONE', *, *, #3754, .T. ) ;
#9256 = ORIENTED_EDGE ( 'NONE', *, *, #2626, .T. ) ;
#9257 = DIRECTION ( 'NONE',  ( -6.162975822038967936E-33, 1.000000000000000000, -1.510372559762204329E-14 ) ) ;
#9258 = VECTOR ( 'NONE', #7166, 1000.000000000000000 ) ;
#9259 = VECTOR ( 'NONE', #3882, 1000.000000000000000 ) ;
#9260 = ORIENTED_EDGE ( 'NONE', *, *, #1510, .F. ) ;
#9261 = VERTEX_POINT ( 'NONE', #8583 ) ;
#9262 = ORIENTED_EDGE ( 'NONE', *, *, #6280, .T. ) ;
#9263 = DIRECTION ( 'NONE',  ( 0.000000000000000000, 0.000000000000000000, 1.000000000000000000 ) ) ;
#9264 = CIRCLE ( 'NONE', #5254, 6000.000000000000000 ) ;
#9265 = CARTESIAN_POINT ( 'NONE',  ( 0.000000000000000000, 0.000000000000000000, 0.000000000000000000 ) ) ;
#9266 = DIRECTION ( 'NONE',  ( 0.000000000000000000, -1.000000000000000000, 0.000000000000000000 ) ) ;
#9267 = VECTOR ( 'NONE', #2907, 1000.000000000000000 ) ;
#9268 = VERTEX_POINT ( 'NONE', #2637 ) ;
#9269 = EDGE_CURVE ( 'NONE', #2553, #3088, #1734, .T. ) ;
#9270 = ADVANCED_FACE ( 'NONE', ( #931 ), #6990, .F. ) ;
#9271 = VECTOR ( 'NONE', #5336, 1000.000000000000000 ) ;
#9272 = VERTEX_POINT ( 'NONE', #7090 ) ;
#9273 = CARTESIAN_POINT ( 'NONE',  ( -11501.56891704290865, -725.0021062409357455, -757.0854464784603124 ) ) ;
#9274 = VECTOR ( 'NONE', #2175, 1000.000000000000000 ) ;
#9275 = DIRECTION ( 'NONE',  ( 1.000000000000000000, -0.000000000000000000, -0.000000000000000000 ) ) ;
#9276 = FACE_OUTER_BOUND ( 'NONE', #4160, .T. ) ;
#9277 = AXIS2_PLACEMENT_3D ( 'NONE', #7366, #1875, #8035 ) ;
#9278 = PLANE ( 'NONE',  #1440 ) ;
#9279 = DIRECTION ( 'NONE',  ( 1.000000000000000000, 0.000000000000000000, 0.000000000000000000 ) ) ;
#9280 = CIRCLE ( 'NONE', #7513, 5899.999999999998181 ) ;
#9281 = CARTESIAN_POINT ( 'NONE',  ( -16550.00000000000000, -800.0000000000000000, -910.0000000000001137 ) ) ;
#9282 = ADVANCED_FACE ( 'NONE', ( #3937 ), #225, .F. ) ;
#9283 = AXIS2_PLACEMENT_3D ( 'NONE', #1163, #5855, #4951 ) ;
#9284 = ADVANCED_FACE ( 'NONE', ( #9377 ), #4718, .F. ) ;
#9285 = DIRECTION ( 'NONE',  ( 1.000000000000000000, 0.000000000000000000, -1.662153715850724780E-16 ) ) ;
#9286 = ORIENTED_EDGE ( 'NONE', *, *, #1436, .F. ) ;
#9287 = CARTESIAN_POINT ( 'NONE',  ( -16550.00000000000000, -899.9999999999998863, -910.0000000000001137 ) ) ;
#9288 = CYLINDRICAL_SURFACE ( 'NONE', #4653, 250.0000000000000000 ) ;
#9289 = DIRECTION ( 'NONE',  ( 0.000000000000000000, 1.000000000000000000, 0.000000000000000000 ) ) ;
#9290 = CARTESIAN_POINT ( 'NONE',  ( -13755.00000000007094, 454.0705533836913332, -860.0000000000227374 ) ) ;
#9291 = LINE ( 'NONE', #1687, #4302 ) ;
#9292 = DIRECTION ( 'NONE',  ( -1.000000000000000000, 0.000000000000000000, -0.000000000000000000 ) ) ;
#9293 = EDGE_LOOP ( 'NONE', ( #721, #8851, #2459, #7452, #6443, #1795, #8700, #5709 ) ) ;
#9294 = ORIENTED_EDGE ( 'NONE', *, *, #5906, .T. ) ;
#9295 = EDGE_CURVE ( 'NONE', #4436, #3708, #4820, .T. ) ;
#9296 = EDGE_CURVE ( 'NONE', #247, #6577, #7932, .T. ) ;
#9297 = ORIENTED_EDGE ( 'NONE', *, *, #4481, .F. ) ;
#9298 = ORIENTED_EDGE ( 'NONE', *, *, #4548, .T. ) ;
#9299 = ORIENTED_EDGE ( 'NONE', *, *, #2848, .T. ) ;
#9300 = ORIENTED_EDGE ( 'NONE', *, *, #2273, .T. ) ;
#9301 = CARTESIAN_POINT ( 'NONE',  ( -14578.43092739263921, -9753.686360283016256, -960.7596123493866571 ) ) ;
#9302 = ORIENTED_EDGE ( 'NONE', *, *, #7211, .F. ) ;
#9303 = CARTESIAN_POINT ( 'NONE',  ( -1949.999999999999773, -800.0000000000000000, -910.0000000000001137 ) ) ;
#9304 = FACE_OUTER_BOUND ( 'NONE', #8704, .T. ) ;
#9305 = LINE ( 'NONE', #7714, #1490 ) ;
#9306 = DIRECTION ( 'NONE',  ( 0.000000000000000000, -1.000000000000000000, 0.000000000000000000 ) ) ;
#9307 = ORIENTED_EDGE ( 'NONE', *, *, #2456, .F. ) ;
#9308 = ADVANCED_FACE ( 'NONE', ( #2593 ), #5628, .F. ) ;
#9309 = ORIENTED_EDGE ( 'NONE', *, *, #9879, .F. ) ;
#9310 = CYLINDRICAL_SURFACE ( 'NONE', #1231, 250.0000000000000000 ) ;
#9311 = ORIENTED_EDGE ( 'NONE', *, *, #3444, .T. ) ;
#9312 = ORIENTED_EDGE ( 'NONE', *, *, #2616, .F. ) ;
#9313 = DIRECTION ( 'NONE',  ( -1.000000000000000000, -2.405483220021172340E-16, 0.000000000000000000 ) ) ;
#9314 =( NAMED_UNIT ( * ) PLANE_ANGLE_UNIT ( ) SI_UNIT ( $, .RADIAN. ) );
#9315 = CARTESIAN_POINT ( 'NONE',  ( -4534.427461039360423, 989.9999999999984084, -751.1534819267460534 ) ) ;
#9316 = ORIENTED_EDGE ( 'NONE', *, *, #6517, .T. ) ;
#9317 = ORIENTED_EDGE ( 'NONE', *, *, #2409, .F. ) ;
#9318 = CIRCLE ( 'NONE', #7892, 99.99999999999964473 ) ;
#9319 = ORIENTED_EDGE ( 'NONE', *, *, #2311, .F. ) ;
#9320 = CARTESIAN_POINT ( 'NONE',  ( -7862.500000000000000, -989.9999999999997726, -1135.000000000000227 ) ) ;
#9321 = CARTESIAN_POINT ( 'NONE',  ( -13614.20173049478399, 989.9999999999984084, -960.0000000000004547 ) ) ;
#9322 = FACE_OUTER_BOUND ( 'NONE', #9481, .T. ) ;
#9323 = CARTESIAN_POINT ( 'NONE',  ( -9775.000000000000000, -990.0000000000007958, -1135.000000000000227 ) ) ;
#9324 = CIRCLE ( 'NONE', #7250, 6000.000000000000000 ) ;
#9325 =( NAMED_UNIT ( * ) SI_UNIT ( $, .STERADIAN. ) SOLID_ANGLE_UNIT ( ) );
#9326 = DIRECTION ( 'NONE',  ( 0.000000000000000000, -4.827056628805028179E-16, 1.000000000000000000 ) ) ;
#9327 = FACE_OUTER_BOUND ( 'NONE', #582, .T. ) ;
#9328 = CARTESIAN_POINT ( 'NONE',  ( -13100.00000000000182, 618.9114148497016004, -960.0000000000002274 ) ) ;
#9329 = CARTESIAN_POINT ( 'NONE',  ( -14299.99999999999818, 899.9999999999986358, -637.0854464784587208 ) ) ;
#9330 = EDGE_LOOP ( 'NONE', ( #1743, #8964, #4346, #8448 ) ) ;
#9331 = FACE_OUTER_BOUND ( 'NONE', #3432, .T. ) ;
#9332 = ADVANCED_FACE ( 'NONE', ( #9486 ), #5677, .T. ) ;
#9333 = CARTESIAN_POINT ( 'NONE',  ( -12143.40011953353496, 1077.499998843224375, -757.0854464784597440 ) ) ;
#9334 = EDGE_CURVE ( 'NONE', #5801, #9646, #8254, .T. ) ;
#9335 = EDGE_CURVE ( 'NONE', #8150, #2856, #8125, .T. ) ;
#9336 = DIRECTION ( 'NONE',  ( -1.000000000000000000, 0.000000000000000000, -0.000000000000000000 ) ) ;
#9337 = EDGE_CURVE ( 'NONE', #1818, #4890, #1178, .T. ) ;
#9338 = DIRECTION ( 'NONE',  ( -1.432545838226008399E-17, -1.000000000000000000, 0.000000000000000000 ) ) ;
#9339 = CARTESIAN_POINT ( 'NONE',  ( -12100.00000000000182, -814.9999999999973852, -919.9999999999985221 ) ) ;
#9340 = VERTEX_POINT ( 'NONE', #1132 ) ;
#9341 = ORIENTED_EDGE ( 'NONE', *, *, #1229, .T. ) ;
#9342 = EDGE_LOOP ( 'NONE', ( #209, #8773 ) ) ;
#9343 = ORIENTED_EDGE ( 'NONE', *, *, #6776, .F. ) ;
#9344 = ORIENTED_EDGE ( 'NONE', *, *, #2204, .T. ) ;
#9345 = CARTESIAN_POINT ( 'NONE',  ( -15419.32881082469248, 0.000000000000000000, -960.0000000000000000 ) ) ;
#9346 = ORIENTED_EDGE ( 'NONE', *, *, #7254, .F. ) ;
#9347 = CARTESIAN_POINT ( 'NONE',  ( -14119.99999999999818, 814.9999999999972715, -239.9999999999979821 ) ) ;
#9348 = CARTESIAN_POINT ( 'NONE',  ( -13856.59988046646504, -1077.499998843224375, -757.0854464784604261 ) ) ;
#9349 = DIRECTION ( 'NONE',  ( -7.593099338574987358E-33, -0.4999999999996849187, 0.8660254037846205621 ) ) ;
#9350 = EDGE_CURVE ( 'NONE', #2028, #4127, #8173, .T. ) ;
#9351 = DIRECTION ( 'NONE',  ( -6.162975822039157467E-33, 1.000000000000000000, 2.249385511977649118E-16 ) ) ;
#9352 = ORIENTED_EDGE ( 'NONE', *, *, #704, .T. ) ;
#9353 = ORIENTED_EDGE ( 'NONE', *, *, #9489, .F. ) ;
#9354 = CARTESIAN_POINT ( 'NONE',  ( -2.914659381970696526E-13, 1189.999999999998408, -960.0000000000002274 ) ) ;
#9355 = ORIENTED_EDGE ( 'NONE', *, *, #1375, .F. ) ;
#9356 = ORIENTED_EDGE ( 'NONE', *, *, #4198, .F. ) ;
#9357 = LINE ( 'NONE', #7114, #1805 ) ;
#9359 = ADVANCED_FACE ( 'NONE', ( #1930, #2781 ), #7984, .F. ) ;
#9358 = DIRECTION ( 'NONE',  ( 1.000000000000000000, 0.000000000000000000, 0.000000000000000000 ) ) ;
#9360 = EDGE_CURVE ( 'NONE', #4247, #7930, #3415, .T. ) ;
#9361 = ORIENTED_EDGE ( 'NONE', *, *, #5097, .F. ) ;
#9362 = EDGE_LOOP ( 'NONE', ( #1746, #4847, #3651, #3436, #7762, #2463, #2480, #5615 ) ) ;
#9363 = ORIENTED_EDGE ( 'NONE', *, *, #7702, .T. ) ;
#9364 = LINE ( 'NONE', #5481, #9579 ) ;
#9365 = EDGE_LOOP ( 'NONE', ( #5316, #1427, #2644, #4288 ) ) ;
#9366 = DIRECTION ( 'NONE',  ( 0.000000000000000000, 0.000000000000000000, 1.000000000000000000 ) ) ;
#9367 = DIRECTION ( 'NONE',  ( 0.000000000000000000, 0.000000000000000000, -1.000000000000000000 ) ) ;
#9368 = VECTOR ( 'NONE', #8180, 1000.000000000000000 ) ;
#9369 = CARTESIAN_POINT ( 'NONE',  ( -13680.00000000000000, -814.9999999999974989, -239.9999999999984368 ) ) ;
#9370 = FACE_OUTER_BOUND ( 'NONE', #9902, .T. ) ;
#9371 = CARTESIAN_POINT ( 'NONE',  ( -18500.00000000000000, 1189.999999999998408, -960.0000000000002274 ) ) ;
#9372 = EDGE_CURVE ( 'NONE', #8645, #4726, #369, .T. ) ;
#9373 = DIRECTION ( 'NONE',  ( 0.000000000000000000, -0.000000000000000000, -1.000000000000000000 ) ) ;
#9374 = AXIS2_PLACEMENT_3D ( 'NONE', #5790, #5880, #8791 ) ;
#9375 = ORIENTED_EDGE ( 'NONE', *, *, #7264, .T. ) ;
#9376 = CARTESIAN_POINT ( 'NONE',  ( -12166.15723917057585, -190.0000000000007674, -504.9802145985029256 ) ) ;
#9377 = FACE_OUTER_BOUND ( 'NONE', #820, .T. ) ;
#9378 = CARTESIAN_POINT ( 'NONE',  ( -14338.65743636097613, -896.2284449665696684, -757.0854464784603124 ) ) ;
#9379 = PLANE ( 'NONE',  #5263 ) ;
#9380 = PLANE ( 'NONE',  #2397 ) ;
#9381 = ORIENTED_EDGE ( 'NONE', *, *, #4866, .F. ) ;
#9382 = VECTOR ( 'NONE', #2959, 1000.000000000000000 ) ;
#9383 = DIRECTION ( 'NONE',  ( -1.000000000000000000, 0.000000000000000000, 0.000000000000000000 ) ) ;
#9384 = EDGE_CURVE ( 'NONE', #2055, #9444, #276, .T. ) ;
#9385 = EDGE_CURVE ( 'NONE', #8571, #134, #9679, .T. ) ;
#9386 = LINE ( 'NONE', #3325, #2170 ) ;
#9387 = EDGE_CURVE ( 'NONE', #5080, #7437, #9734, .T. ) ;
#9388 = ORIENTED_EDGE ( 'NONE', *, *, #9229, .F. ) ;
#9389 = ORIENTED_EDGE ( 'NONE', *, *, #279, .T. ) ;
#9390 = ORIENTED_EDGE ( 'NONE', *, *, #7359, .F. ) ;
#9391 = VERTEX_POINT ( 'NONE', #2872 ) ;
#9392 = DIRECTION ( 'NONE',  ( 0.000000000000000000, -0.000000000000000000, -1.000000000000000000 ) ) ;
#9393 = ORIENTED_EDGE ( 'NONE', *, *, #6859, .F. ) ;
#9394 = CARTESIAN_POINT ( 'NONE',  ( -446.4101615137745398, -211.4982215127146787, -1135.000000000000227 ) ) ;
#9395 = CYLINDRICAL_SURFACE ( 'NONE', #3244, 250.0000000000000000 ) ;
#9396 = STYLED_ITEM ( 'NONE', ( #2962 ), #771 ) ;
#9397 = DIRECTION ( 'NONE',  ( 0.000000000000000000, 0.000000000000000000, 1.000000000000000000 ) ) ;
#9398 = LINE ( 'NONE', #7248, #6080 ) ;
#9399 = VECTOR ( 'NONE', #404, 1000.000000000000000 ) ;
#9400 = CARTESIAN_POINT ( 'NONE',  ( -2349.999999999999545, -343.2012612066354222, 0.000000000000000000 ) ) ;
#9401 = VERTEX_POINT ( 'NONE', #5065 ) ;
#9402 = ORIENTED_EDGE ( 'NONE', *, *, #9334, .T. ) ;
#9403 = VECTOR ( 'NONE', #2026, 1000.000000000000000 ) ;
#9404 = VECTOR ( 'NONE', #8433, 1000.000000000000000 ) ;
#9405 = EDGE_CURVE ( 'NONE', #4200, #9665, #3562, .T. ) ;
#9406 = VECTOR ( 'NONE', #8635, 1000.000000000000000 ) ;
#9407 = ORIENTED_EDGE ( 'NONE', *, *, #7211, .T. ) ;
#9408 = CARTESIAN_POINT ( 'NONE',  ( -7.853451737060908274E-14, 1189.999999999998408, -660.0000000000017053 ) ) ;
#9409 = VECTOR ( 'NONE', #1371, 1000.000000000000000 ) ;
#9410 = VECTOR ( 'NONE', #9733, 1000.000000000000000 ) ;
#9411 = ORIENTED_EDGE ( 'NONE', *, *, #7980, .F. ) ;
#9412 = VERTEX_POINT ( 'NONE', #7270 ) ;
#9413 = VECTOR ( 'NONE', #7849, 1000.000000000000000 ) ;
#9414 = ADVANCED_FACE ( 'NONE', ( #2019 ), #8869, .T. ) ;
#9415 = ADVANCED_FACE ( 'NONE', ( #5015 ), #7233, .T. ) ;
#9416 = ORIENTED_EDGE ( 'NONE', *, *, #6469, .T. ) ;
#9417 = AXIS2_PLACEMENT_3D ( 'NONE', #3285, #6404, #7061 ) ;
#9418 = VERTEX_POINT ( 'NONE', #8076 ) ;
#9419 = ORIENTED_EDGE ( 'NONE', *, *, #8896, .F. ) ;
#9420 = CARTESIAN_POINT ( 'NONE',  ( -12244.99999999992906, 899.9999999999986358, -860.0000000000226237 ) ) ;
#9421 = PLANE ( 'NONE',  #5599 ) ;
#9422 = VECTOR ( 'NONE', #3739, 1000.000000000000000 ) ;
#9423 = CARTESIAN_POINT ( 'NONE',  ( -14500.00000000002001, 699.9999999999986358, -623.2943698956130447 ) ) ;
#9424 = DIRECTION ( 'NONE',  ( 0.000000000000000000, -2.413528314402513597E-16, 1.000000000000000000 ) ) ;
#9425 = AXIS2_PLACEMENT_3D ( 'NONE', #6218, #57, #9266 ) ;
#9426 = CARTESIAN_POINT ( 'NONE',  ( -9525.000000000000000, 989.9999999999984084, -1135.000000000000227 ) ) ;
#9427 = CARTESIAN_POINT ( 'NONE',  ( -2476.862333647776268, -246.8767314595583571, -4241.944871367028099 ) ) ;
#9428 = AXIS2_PLACEMENT_3D ( 'NONE', #8380, #725, #5229 ) ;
#9429 = PRODUCT_RELATED_PRODUCT_CATEGORY ( 'part', '', ( #7551 ) ) ;
#9430 = AXIS2_PLACEMENT_3D ( 'NONE', #3620, #671, #6678 ) ;
#9431 = DIRECTION ( 'NONE',  ( 0.000000000000000000, -0.000000000000000000, -1.000000000000000000 ) ) ;
#9432 = FACE_OUTER_BOUND ( 'NONE', #8294, .T. ) ;
#9433 = EDGE_LOOP ( 'NONE', ( #5791, #7564, #9564, #7969, #3193 ) ) ;
#9434 = VECTOR ( 'NONE', #511, 1000.000000000000000 ) ;
#9435 = CARTESIAN_POINT ( 'NONE',  ( -12143.40011953353496, -295.9385695031828050, -504.9802145985046309 ) ) ;
#9436 = FACE_OUTER_BOUND ( 'NONE', #5203, .T. ) ;
#9437 = DIRECTION ( 'NONE',  ( -9.378386130608760079E-33, 0.9597039290011751822, 0.2810131111882634425 ) ) ;
#9438 = DIRECTION ( 'NONE',  ( -6.162975822039157467E-33, 1.000000000000000000, 2.775557561563032360E-16 ) ) ;
#9439 = AXIS2_PLACEMENT_3D ( 'NONE', #5799, #5697, #5842 ) ;
#9440 = ORIENTED_EDGE ( 'NONE', *, *, #2247, .F. ) ;
#9441 = DIRECTION ( 'NONE',  ( -1.357444726501364007E-32, 0.2862998607685330321, 0.9581400679044367319 ) ) ;
#9442 = ORIENTED_EDGE ( 'NONE', *, *, #8778, .T. ) ;
#9443 = VERTEX_POINT ( 'NONE', #2821 ) ;
#9444 = VERTEX_POINT ( 'NONE', #8033 ) ;
#9445 = ORIENTED_EDGE ( 'NONE', *, *, #489, .T. ) ;
#9446 = DIRECTION ( 'NONE',  ( 1.000000000000000000, 0.000000000000000000, -0.000000000000000000 ) ) ;
#9447 = DIRECTION ( 'NONE',  ( 1.000000000000000000, 0.000000000000000000, 0.000000000000000000 ) ) ;
#9448 = FACE_OUTER_BOUND ( 'NONE', #425, .T. ) ;
#9449 = ADVANCED_FACE ( 'NONE', ( #4218 ), #409, .T. ) ;
#9450 = DIRECTION ( 'NONE',  ( 0.000000000000000000, 0.000000000000000000, 1.000000000000000000 ) ) ;
#9451 = ADVANCED_FACE ( 'NONE', ( #3520 ), #3462, .T. ) ;
#9452 = CARTESIAN_POINT ( 'NONE',  ( -7.853451737060908274E-14, -1190.000000000002728, -660.0000000000017053 ) ) ;
#9453 = ORIENTED_EDGE ( 'NONE', *, *, #1691, .F. ) ;
#9454 = VERTEX_POINT ( 'NONE', #507 ) ;
#9455 = ORIENTED_EDGE ( 'NONE', *, *, #9530, .T. ) ;
#9456 = ORIENTED_EDGE ( 'NONE', *, *, #1783, .T. ) ;
#9457 = ORIENTED_EDGE ( 'NONE', *, *, #1827, .F. ) ;
#9458 = CARTESIAN_POINT ( 'NONE',  ( 0.000000000000000000, 0.000000000000000000, -960.0000000000002274 ) ) ;
#9459 = SHAPE_DEFINITION_REPRESENTATION ( #2123, #7778 ) ;
#9460 = ADVANCED_FACE ( 'NONE', ( #13 ), #5318, .T. ) ;
#9461 = EDGE_CURVE ( 'NONE', #4745, #1100, #1468, .T. ) ;
#9462 = EDGE_CURVE ( 'NONE', #494, #3156, #6359, .T. ) ;
#9463 =( BOUNDED_CURVE ( )  B_SPLINE_CURVE ( 3, ( #8131, #5873, #2169, #2127 ),
 .UNSPECIFIED., .F., .F. ) 
 B_SPLINE_CURVE_WITH_KNOTS ( ( 4, 4 ),
 ( 1.376284916762130717, 1.570796326794896558 ),
 .UNSPECIFIED. ) 
 CURVE ( )  GEOMETRIC_REPRESENTATION_ITEM ( )  RATIONAL_B_SPLINE_CURVE ( ( 1.000000000000000000, 0.9968495936771430976, 0.9968495936771430976, 1.000000000000000000 ) ) 
 REPRESENTATION_ITEM ( '' )  );
#9464 = VERTEX_POINT ( 'NONE', #2121 ) ;
#9465 = PLANE ( 'NONE',  #2846 ) ;
#9466 = CARTESIAN_POINT ( 'NONE',  ( -12244.99999999992906, -454.0705533836912196, -860.0000000000230784 ) ) ;
#9467 = ORIENTED_EDGE ( 'NONE', *, *, #7926, .T. ) ;
#9468 = CIRCLE ( 'NONE', #2119, 250.0000000000000000 ) ;
#9469 = ORIENTED_EDGE ( 'NONE', *, *, #7122, .F. ) ;
#9470 = ORIENTED_EDGE ( 'NONE', *, *, #8630, .T. ) ;
#9471 = CARTESIAN_POINT ( 'NONE',  ( -12923.68347295909734, -1089.999999999998181, -6660.000000000000000 ) ) ;
#9472 = CARTESIAN_POINT ( 'NONE',  ( -14388.56810139493609, -1077.499998843224375, -637.0854464784594029 ) ) ;
#9473 = CARTESIAN_POINT ( 'NONE',  ( -7612.500000000000000, 739.9999999999984084, -960.0000000000002274 ) ) ;
#9474 = EDGE_CURVE ( 'NONE', #5222, #1566, #5157, .T. ) ;
#9475 = EDGE_CURVE ( 'NONE', #7851, #7499, #2917, .T. ) ;
#9476 = DIRECTION ( 'NONE',  ( 6.162975822039156098E-33, -1.000000000000000000, -2.775557561563032360E-16 ) ) ;
#9477 = CARTESIAN_POINT ( 'NONE',  ( -1.174201978586608096E-13, 989.9999999999984084, -960.0000000000020464 ) ) ;
#9478 = EDGE_CURVE ( 'NONE', #2856, #7723, #2218, .T. ) ;
#9479 = CARTESIAN_POINT ( 'NONE',  ( -16550.00000000000000, -989.9999999999984084, -1135.000000000000227 ) ) ;
#9480 = AXIS2_PLACEMENT_3D ( 'NONE', #7285, #427, #7335 ) ;
#9481 = EDGE_LOOP ( 'NONE', ( #9795, #7754, #6865, #2518 ) ) ;
#9482 = CARTESIAN_POINT ( 'NONE',  ( -16149.99999999999818, -211.4982215127141671, -1135.000000000000227 ) ) ;
#9483 = EDGE_LOOP ( 'NONE', ( #257, #3332, #1973, #8474 ) ) ;
#9484 = DIRECTION ( 'NONE',  ( 0.000000000000000000, -0.000000000000000000, -1.000000000000000000 ) ) ;
#9485 = ORIENTED_EDGE ( 'NONE', *, *, #5121, .T. ) ;
#9486 = FACE_OUTER_BOUND ( 'NONE', #7220, .T. ) ;
#9487 = AXIS2_PLACEMENT_3D ( 'NONE', #3184, #6289, #7129 ) ;
#9488 = CARTESIAN_POINT ( 'NONE',  ( -17903.58983848622665, 739.9999999999984084, -1135.000000000000227 ) ) ;
#9489 = EDGE_CURVE ( 'NONE', #1652, #7074, #3066, .T. ) ;
#9490 = EDGE_CURVE ( 'NONE', #2312, #1975, #4605, .T. ) ;
#9491 = CARTESIAN_POINT ( 'NONE',  ( 0.000000000000000000, 0.000000000000000000, -960.0000000000002274 ) ) ;
#9492 = CARTESIAN_POINT ( 'NONE',  ( -12550.00000000000000, 739.9999999999984084, -960.0000000000000000 ) ) ;
#9493 = PLANE ( 'NONE',  #5870 ) ;
#9494 = VERTEX_POINT ( 'NONE', #9162 ) ;
#9495 = PLANE ( 'NONE',  #8119 ) ;
#9496 = ORIENTED_EDGE ( 'NONE', *, *, #4312, .T. ) ;
#9497 = EDGE_LOOP ( 'NONE', ( #4780, #6796, #907, #6370 ) ) ;
#9498 = CARTESIAN_POINT ( 'NONE',  ( -14588.56810139493791, 5.551115123125781440E-14, -909.9999999999985221 ) ) ;
#9499 = ORIENTED_EDGE ( 'NONE', *, *, #1050, .T. ) ;
#9500 = ORIENTED_EDGE ( 'NONE', *, *, #6346, .F. ) ;
#9501 = DIRECTION ( 'NONE',  ( -0.1736481776669329680, 2.733390605558932128E-16, -0.9848077530122076872 ) ) ;
#9502 = DIRECTION ( 'NONE',  ( 1.000000000000000000, 0.000000000000000000, 0.000000000000000000 ) ) ;
#9503 = CARTESIAN_POINT ( 'NONE',  ( -13948.20772119394496, -1189.999999999998181, -849.6342572279658043 ) ) ;
#9504 = DIRECTION ( 'NONE',  ( 1.000000000000000000, 0.000000000000000000, 0.000000000000000000 ) ) ;
#9505 = VERTEX_POINT ( 'NONE', #7684 ) ;
#9506 = CARTESIAN_POINT ( 'NONE',  ( -13250.00000000000000, -1077.499998843224375, -589.9999999999971578 ) ) ;
#9507 = DIRECTION ( 'NONE',  ( -1.232595164407840251E-32, 1.510372559762204329E-14, 1.000000000000000000 ) ) ;
#9508 = EDGE_LOOP ( 'NONE', ( #1189, #7100, #5636, #7878 ) ) ;
#9509 = VERTEX_POINT ( 'NONE', #8261 ) ;
#9510 = ORIENTED_EDGE ( 'NONE', *, *, #909, .T. ) ;
#9511 = ORIENTED_EDGE ( 'NONE', *, *, #6188, .F. ) ;
#9512 = ORIENTED_EDGE ( 'NONE', *, *, #5348, .T. ) ;
#9513 = DIRECTION ( 'NONE',  ( -1.232595164407830672E-32, -2.775557561563032360E-16, 1.000000000000000000 ) ) ;
#9514 = EDGE_CURVE ( 'NONE', #778, #7182, #3759, .T. ) ;
#9515 = EDGE_CURVE ( 'NONE', #4868, #1546, #3014, .T. ) ;
#9516 = ORIENTED_EDGE ( 'NONE', *, *, #8214, .F. ) ;
#9517 = EDGE_CURVE ( 'NONE', #6872, #182, #5064, .T. ) ;
#9518 = ORIENTED_EDGE ( 'NONE', *, *, #4808, .F. ) ;
#9519 = EDGE_LOOP ( 'NONE', ( #3106, #3188, #7858, #5140, #8272, #9847 ) ) ;
#9520 = DIRECTION ( 'NONE',  ( 1.000000000000000000, 0.000000000000000000, 0.000000000000000000 ) ) ;
#9521 = VERTEX_POINT ( 'NONE', #607 ) ;
#9522 = DIRECTION ( 'NONE',  ( -1.000000000000000000, 0.000000000000000000, 0.000000000000000000 ) ) ;
#9523 = PLANE ( 'NONE',  #7670 ) ;
#9524 = DIRECTION ( 'NONE',  ( 0.000000000000000000, 0.000000000000000000, -1.000000000000000000 ) ) ;
#9525 = CARTESIAN_POINT ( 'NONE',  ( -11499.99999999997999, 190.0000000000006821, -623.7872381793342811 ) ) ;
#9526 = VECTOR ( 'NONE', #9886, 1000.000000000000000 ) ;
#9527 = PLANE ( 'NONE',  #3326 ) ;
#9528 = ORIENTED_EDGE ( 'NONE', *, *, #1331, .F. ) ;
#9529 = LINE ( 'NONE', #8029, #135 ) ;
#9530 = EDGE_CURVE ( 'NONE', #7361, #2287, #6924, .T. ) ;
#9531 = CARTESIAN_POINT ( 'NONE',  ( -12923.68347295909734, 1189.999999999998181, -6660.000000000000000 ) ) ;
#9532 = VECTOR ( 'NONE', #8396, 1000.000000000000000 ) ;
#9533 = DIRECTION ( 'NONE',  ( 0.000000000000000000, 1.000000000000000000, 0.000000000000000000 ) ) ;
#9534 = LINE ( 'NONE', #2639, #1179 ) ;
#9535 = DIRECTION ( 'NONE',  ( 1.000000000000000000, 0.000000000000000000, 0.000000000000000000 ) ) ;
#9536 = CARTESIAN_POINT ( 'NONE',  ( -3921.569072607348517, -1089.999999999998181, -960.7596123493884761 ) ) ;
#9537 = VECTOR ( 'NONE', #7367, 1000.000000000000000 ) ;
#9538 = PLANE ( 'NONE',  #8489 ) ;
#9539 = AXIS2_PLACEMENT_3D ( 'NONE', #6790, #629, #6741 ) ;
#9540 = DIRECTION ( 'NONE',  ( -4.907327249939348575E-33, 0.9950481186486287433, -0.09939437395458883273 ) ) ;
#9541 = EDGE_CURVE ( 'NONE', #162, #5812, #7955, .T. ) ;
#9542 = EDGE_CURVE ( 'NONE', #9505, #2102, #5555, .T. ) ;
#9543 = ORIENTED_EDGE ( 'NONE', *, *, #5516, .T. ) ;
#9544 = CARTESIAN_POINT ( 'NONE',  ( -13250.00000000000000, -190.0000000000007390, -623.7872381793328032 ) ) ;
#9545 = VERTEX_POINT ( 'NONE', #5266 ) ;
#9546 = FACE_OUTER_BOUND ( 'NONE', #7608, .T. ) ;
#9547 = CARTESIAN_POINT ( 'NONE',  ( -5399.999999999998181, 750.6144545436229691, -4241.944871367028099 ) ) ;
#9548 = CARTESIAN_POINT ( 'NONE',  ( -7062.500000000000000, 989.9999999999984084, -1135.000000000000227 ) ) ;
#9549 = AXIS2_PLACEMENT_3D ( 'NONE', #143, #2304, #6200 ) ;
#9550 = DIRECTION ( 'NONE',  ( -0.000000000000000000, -0.000000000000000000, -1.000000000000000000 ) ) ;
#9551 = VECTOR ( 'NONE', #5492, 1000.000000000000000 ) ;
#9552 = CARTESIAN_POINT ( 'NONE',  ( -11687.50000000000000, 739.9999999999984084, -960.0000000000002274 ) ) ;
#9553 = ORIENTED_EDGE ( 'NONE', *, *, #6120, .F. ) ;
#9554 = DIRECTION ( 'NONE',  ( -6.162975822039589899E-33, 1.000000000000000000, 3.530762810662500311E-14 ) ) ;
#9555 = DIRECTION ( 'NONE',  ( 1.000000000000000000, 0.000000000000000000, 0.000000000000000000 ) ) ;
#9556 = EDGE_CURVE ( 'NONE', #1249, #4395, #5967, .T. ) ;
#9557 = CIRCLE ( 'NONE', #593, 79.99999999999990052 ) ;
#9558 = CYLINDRICAL_SURFACE ( 'NONE', #1322, 199.9999999999999432 ) ;
#9559 = PRODUCT_DEFINITION_FORMATION_WITH_SPECIFIED_SOURCE ( 'TUTTO', '', #2998, .NOT_KNOWN. ) ;
#9560 = VECTOR ( 'NONE', #7929, 1000.000000000000000 ) ;
#9561 = ORIENTED_EDGE ( 'NONE', *, *, #5135, .F. ) ;
#9562 = CARTESIAN_POINT ( 'NONE',  ( -3053.808855527532160, -96.32452974707700832, -1135.000000000000227 ) ) ;
#9563 = AXIS2_PLACEMENT_3D ( 'NONE', #5614, #8852, #7295 ) ;
#9564 = ORIENTED_EDGE ( 'NONE', *, *, #4161, .F. ) ;
#9565 = ORIENTED_EDGE ( 'NONE', *, *, #4388, .T. ) ;
#9566 = VERTEX_POINT ( 'NONE', #657 ) ;
#9567 = CARTESIAN_POINT ( 'NONE',  ( -5399.999999999998181, -618.9114148497022825, -1135.000000000000227 ) ) ;
#9568 = DIRECTION ( 'NONE',  ( 0.000000000000000000, 0.000000000000000000, 1.000000000000000000 ) ) ;
#9569 = LINE ( 'NONE', #259, #3021 ) ;
#9570 = VECTOR ( 'NONE', #3013, 1000.000000000000000 ) ;
#9571 = CARTESIAN_POINT ( 'NONE',  ( -2449.999999999999545, 343.2012612066359907, -960.0000000000002274 ) ) ;
#9572 = DIRECTION ( 'NONE',  ( -1.000000000000000000, -6.162975822039151993E-33, -1.232595164407830946E-32 ) ) ;
#9573 = EDGE_CURVE ( 'NONE', #2624, #1276, #3713, .T. ) ;
#9574 = DIRECTION ( 'NONE',  ( 0.9632452974707710336, -0.2686233364777637633, 0.000000000000000000 ) ) ;
#9575 = VECTOR ( 'NONE', #5972, 1000.000000000000000 ) ;
#9576 = FACE_OUTER_BOUND ( 'NONE', #4829, .T. ) ;
#9577 = VECTOR ( 'NONE', #804, 1000.000000000000000 ) ;
#9578 = CARTESIAN_POINT ( 'NONE',  ( -18153.58983848622665, 739.9999999999984084, -960.0000000000000000 ) ) ;
#9579 = VECTOR ( 'NONE', #2526, 1000.000000000000000 ) ;
#9580 = ORIENTED_EDGE ( 'NONE', *, *, #6110, .F. ) ;
#9581 = CYLINDRICAL_SURFACE ( 'NONE', #6685, 277.7941176470602045 ) ;
#9582 = CIRCLE ( 'NONE', #627, 80.00000000000007105 ) ;
#9583 = CARTESIAN_POINT ( 'NONE',  ( -13358.40271350518742, -989.9999999999994316, -960.0000000000002274 ) ) ;
#9584 = LINE ( 'NONE', #8683, #1812 ) ;
#9585 = CARTESIAN_POINT ( 'NONE',  ( 0.000000000000000000, 875.0000000000000000, -1140.000000000000227 ) ) ;
#9586 = CARTESIAN_POINT ( 'NONE',  ( -11700.00000000000182, 1970.627566330085529, -306.2059048389982081 ) ) ;
#9587 = CARTESIAN_POINT ( 'NONE',  ( -13226.86233364777581, -715.2359445967791771, -1135.000000000001137 ) ) ;
#9588 = LINE ( 'NONE', #3527, #1418 ) ;
#9589 = DIRECTION ( 'NONE',  ( -0.000000000000000000, 0.000000000000000000, 1.000000000000000000 ) ) ;
#9590 = ADVANCED_FACE ( 'NONE', ( #9875 ), #6069, .F. ) ;
#9591 = ORIENTED_EDGE ( 'NONE', *, *, #4673, .F. ) ;
#9592 = CIRCLE ( 'NONE', #4155, 99.99999999999964473 ) ;
#9593 = CYLINDRICAL_SURFACE ( 'NONE', #774, 250.0000000000000000 ) ;
#9594 = VECTOR ( 'NONE', #6724, 1000.000000000000000 ) ;
#9595 = EDGE_LOOP ( 'NONE', ( #5471, #8284, #110, #5830 ) ) ;
#9596 = ORIENTED_EDGE ( 'NONE', *, *, #345, .T. ) ;
#9597 = CARTESIAN_POINT ( 'NONE',  ( -16150.00000000000182, -899.9999999999998863, -910.0000000000001137 ) ) ;
#9598 = ORIENTED_EDGE ( 'NONE', *, *, #909, .F. ) ;
#9599 = LINE ( 'NONE', #3621, #9050 ) ;
#9600 = CARTESIAN_POINT ( 'NONE',  ( -2349.999999999999545, 343.2012612066359907, -960.0000000000002274 ) ) ;
#9601 = DIRECTION ( 'NONE',  ( 0.000000000000000000, 0.000000000000000000, 1.000000000000000000 ) ) ;
#9602 = AXIS2_PLACEMENT_3D ( 'NONE', #2211, #3062, #3110 ) ;
#9603 = CARTESIAN_POINT ( 'NONE',  ( -11500.52365766649018, 716.7063271559467239, -754.6066018120496892 ) ) ;
#9604 = LINE ( 'NONE', #6495, #4433 ) ;
#9605 = VECTOR ( 'NONE', #8715, 1000.000000000000000 ) ;
#9606 = EDGE_CURVE ( 'NONE', #6338, #2406, #3816, .T. ) ;
#9607 = AXIS2_PLACEMENT_3D ( 'NONE', #1082, #4123, #4915 ) ;
#9608 = EDGE_LOOP ( 'NONE', ( #3163, #4409 ) ) ;
#9609 = EDGE_CURVE ( 'NONE', #9816, #3757, #8671, .T. ) ;
#9610 = LINE ( 'NONE', #7388, #3851 ) ;
#9611 = VECTOR ( 'NONE', #3422, 1000.000000000000000 ) ;
#9612 = EDGE_LOOP ( 'NONE', ( #5976, #631, #6650, #200 ) ) ;
#9613 = FACE_OUTER_BOUND ( 'NONE', #6197, .T. ) ;
#9614 = LINE ( 'NONE', #1352, #8036 ) ;
#9615 = EDGE_CURVE ( 'NONE', #5812, #4097, #6172, .T. ) ;
#9616 = VERTEX_POINT ( 'NONE', #7921 ) ;
#9617 = DIRECTION ( 'NONE',  ( 0.000000000000000000, 0.000000000000000000, 1.000000000000000000 ) ) ;
#9618 = CIRCLE ( 'NONE', #4963, 277.7941176470602045 ) ;
#9619 = CARTESIAN_POINT ( 'NONE',  ( -16150.00000000000182, -343.2012612066350812, -960.0000000000002274 ) ) ;
#9620 = ORIENTED_EDGE ( 'NONE', *, *, #3576, .F. ) ;
#9621 = ORIENTED_EDGE ( 'NONE', *, *, #9158, .T. ) ;
#9622 = ORIENTED_EDGE ( 'NONE', *, *, #5685, .T. ) ;
#9623 = CARTESIAN_POINT ( 'NONE',  ( 620.0000000000000000, 875.0000000000000000, -910.0000000000001137 ) ) ;
#9624 = DIRECTION ( 'NONE',  ( 0.000000000000000000, -0.1699069165076472210, -0.9854601157443478865 ) ) ;
#9625 = CARTESIAN_POINT ( 'NONE',  ( -12750.00000000000000, -190.0000000000008242, -350.9999999999987494 ) ) ;
#9626 = CARTESIAN_POINT ( 'NONE',  ( -2599.999999999999545, 739.9999999999984084, -960.0000000000002274 ) ) ;
#9627 = DIRECTION ( 'NONE',  ( 0.000000000000000000, -2.413528314402514090E-16, 1.000000000000000000 ) ) ;
#9628 = CYLINDRICAL_SURFACE ( 'NONE', #9767, 99.99999999999964473 ) ;
#9629 = CARTESIAN_POINT ( 'NONE',  ( -15446.19114447246830, -96.32452974707688043, -1135.000000000000227 ) ) ;
#9630 = EDGE_LOOP ( 'NONE', ( #1115, #1306, #1525, #38 ) ) ;
#9631 = ORIENTED_EDGE ( 'NONE', *, *, #5387, .F. ) ;
#9632 = AXIS2_PLACEMENT_3D ( 'NONE', #9458, #6314, #2519 ) ;
#9633 = DIRECTION ( 'NONE',  ( 0.000000000000000000, 0.000000000000000000, 1.000000000000000000 ) ) ;
#9634 = CARTESIAN_POINT ( 'NONE',  ( -11699.99999999998181, 899.9999999999986358, -763.9017955139171363 ) ) ;
#9635 = EDGE_CURVE ( 'NONE', #9751, #5518, #1066, .T. ) ;
#9636 = CARTESIAN_POINT ( 'NONE',  ( -16550.00000000000000, 989.9999999999984084, -1135.000000000000227 ) ) ;
#9637 = CARTESIAN_POINT ( 'NONE',  ( -13899.99999999999818, 679.9999999999979536, -379.9999999999980673 ) ) ;
#9638 = DIRECTION ( 'NONE',  ( -6.162975822039157467E-33, 1.000000000000000000, 3.301729611148415602E-16 ) ) ;
#9639 = AXIS2_PLACEMENT_3D ( 'NONE', #8225, #9800, #2094 ) ;
#9640 = DIRECTION ( 'NONE',  ( -1.232595164407830672E-32, -2.775557561563032360E-16, 1.000000000000000000 ) ) ;
#9641 = CARTESIAN_POINT ( 'NONE',  ( -16150.00000000000182, 343.2012612066361044, -960.0000000000002274 ) ) ;
#9642 = CARTESIAN_POINT ( 'NONE',  ( -9525.000000000000000, 739.9999999999984084, -960.0000000000002274 ) ) ;
#9643 = CARTESIAN_POINT ( 'NONE',  ( -1699.999999999999773, 989.9999999999984084, -1135.000000000000227 ) ) ;
#9644 = CIRCLE ( 'NONE', #6742, 250.0000000000000000 ) ;
#9645 = EDGE_CURVE ( 'NONE', #8958, #6794, #1822, .T. ) ;
#9646 = VERTEX_POINT ( 'NONE', #6974 ) ;
#9647 = EDGE_CURVE ( 'NONE', #1444, #3330, #4851, .T. ) ;
#9648 = ORIENTED_EDGE ( 'NONE', *, *, #983, .F. ) ;
#9649 = DIRECTION ( 'NONE',  ( -1.000000000000000000, 0.000000000000000000, 0.000000000000000000 ) ) ;
#9650 = ORIENTED_EDGE ( 'NONE', *, *, #1894, .T. ) ;
#9651 = EDGE_CURVE ( 'NONE', #4841, #1444, #3117, .T. ) ;
#9652 = CARTESIAN_POINT ( 'NONE',  ( -12143.40011953353496, 725.0021062409357455, -757.0854464784598576 ) ) ;
#9653 = CARTESIAN_POINT ( 'NONE',  ( -8975.000000000000000, -740.0000000000006821, -4241.944871367028099 ) ) ;
#9654 = EDGE_CURVE ( 'NONE', #5353, #6846, #5432, .T. ) ;
#9655 = LINE ( 'NONE', #8190, #1430 ) ;
#9656 = CARTESIAN_POINT ( 'NONE',  ( -13856.59988046646504, -1077.499998843224375, -637.0854464784594029 ) ) ;
#9657 = VERTEX_POINT ( 'NONE', #7170 ) ;
#9658 = DIRECTION ( 'NONE',  ( 0.000000000000000000, -1.000000000000000000, 0.000000000000000000 ) ) ;
#9659 = ORIENTED_EDGE ( 'NONE', *, *, #8606, .T. ) ;
#9660 = ORIENTED_EDGE ( 'NONE', *, *, #7952, .T. ) ;
#9661 = EDGE_CURVE ( 'NONE', #5109, #9838, #927, .T. ) ;
#9662 = CARTESIAN_POINT ( 'NONE',  ( -13966.15723917057221, -190.0000000000007674, -504.9802145985029256 ) ) ;
#9663 = ORIENTED_EDGE ( 'NONE', *, *, #4898, .T. ) ;
#9664 = EDGE_CURVE ( 'NONE', #7951, #8738, #1983, .T. ) ;
#9665 = VERTEX_POINT ( 'NONE', #8573 ) ;
#9666 = EDGE_CURVE ( 'NONE', #7418, #4462, #4660, .T. ) ;
#9667 = ORIENTED_EDGE ( 'NONE', *, *, #3992, .T. ) ;
#9668 = CARTESIAN_POINT ( 'NONE',  ( -5699.999999999999091, 989.9999999999984084, -4241.944871367028099 ) ) ;
#9669 = CARTESIAN_POINT ( 'NONE',  ( -16149.99999999999818, 211.4982215127146787, -1135.000000000000227 ) ) ;
#9670 = LINE ( 'NONE', #92, #4147 ) ;
#9671 = CARTESIAN_POINT ( 'NONE',  ( -16550.00000000000000, -211.4982215127146787, -4241.944871367028099 ) ) ;
#9672 = DIRECTION ( 'NONE',  ( 0.000000000000000000, 1.000000000000000000, 0.000000000000000000 ) ) ;
#9673 = DIRECTION ( 'NONE',  ( -0.2686233364777637633, -0.9632452974707710336, 0.000000000000000000 ) ) ;
#9674 = ORIENTED_EDGE ( 'NONE', *, *, #4240, .F. ) ;
#9675 = LINE ( 'NONE', #5287, #5564 ) ;
#9676 = LINE ( 'NONE', #5289, #4724 ) ;
#9677 = ORIENTED_EDGE ( 'NONE', *, *, #1403, .F. ) ;
#9678 = DIRECTION ( 'NONE',  ( -0.000000000000000000, -0.000000000000000000, -1.000000000000000000 ) ) ;
#9679 = LINE ( 'NONE', #9583, #1871 ) ;
#9680 = CARTESIAN_POINT ( 'NONE',  ( 588.6859966642593918, -875.0000000000000000, -910.0000000000001137 ) ) ;
#9681 = CARTESIAN_POINT ( 'NONE',  ( -10637.50000000000000, -990.0000000000010232, -960.0000000000007958 ) ) ;
#9682 = EDGE_CURVE ( 'NONE', #5047, #9746, #4067, .T. ) ;
#9683 = DIRECTION ( 'NONE',  ( 1.432545838226008399E-17, 1.000000000000000000, -0.000000000000000000 ) ) ;
#9684 = FACE_OUTER_BOUND ( 'NONE', #9089, .T. ) ;
#9685 = EDGE_CURVE ( 'NONE', #2949, #1032, #7006, .T. ) ;
#9686 = CARTESIAN_POINT ( 'NONE',  ( -1949.999999999999773, -989.9999999999984084, -4241.944871367028099 ) ) ;
#9687 = VECTOR ( 'NONE', #2508, 1000.000000000000000 ) ;
#9688 = CARTESIAN_POINT ( 'NONE',  ( 0.000000000000000000, -875.0000000000000000, -1060.000000000000000 ) ) ;
#9689 = ORIENTED_EDGE ( 'NONE', *, *, #4047, .T. ) ;
#9690 = ORIENTED_EDGE ( 'NONE', *, *, #1998, .T. ) ;
#9691 = LINE ( 'NONE', #620, #6556 ) ;
#9692 = EDGE_LOOP ( 'NONE', ( #4891, #4347, #643, #1348 ) ) ;
#9693 = DIRECTION ( 'NONE',  ( -1.357444726501364007E-32, 0.2862998607685330321, 0.9581400679044367319 ) ) ;
#9694 = LINE ( 'NONE', #2701, #1972 ) ;
#9695 = DIRECTION ( 'NONE',  ( 6.162975822039157467E-33, -1.000000000000000000, -2.775557561563032360E-16 ) ) ;
#9696 = CIRCLE ( 'NONE', #5852, 199.9999999999999432 ) ;
#9697 = DIRECTION ( 'NONE',  ( 0.000000000000000000, -1.000000000000000000, -5.551115123125784674E-16 ) ) ;
#9698 = EDGE_CURVE ( 'NONE', #7718, #4841, #7027, .T. ) ;
#9699 = EDGE_LOOP ( 'NONE', ( #747, #284, #6525, #5000, #82, #5011 ) ) ;
#9700 = CARTESIAN_POINT ( 'NONE',  ( -346.4101615137745398, -989.9999999999984084, -960.0000000000002274 ) ) ;
#9701 = EDGE_CURVE ( 'NONE', #5765, #7048, #2529, .T. ) ;
#9702 = EDGE_CURVE ( 'NONE', #5108, #8055, #2484, .T. ) ;
#9703 = ORIENTED_EDGE ( 'NONE', *, *, #2652, .F. ) ;
#9704 = FACE_OUTER_BOUND ( 'NONE', #2251, .T. ) ;
#9705 = ORIENTED_EDGE ( 'NONE', *, *, #9269, .T. ) ;
#9706 = CARTESIAN_POINT ( 'NONE',  ( -3921.569072607348517, 1089.999999999998181, -960.7596123493884761 ) ) ;
#9707 = CARTESIAN_POINT ( 'NONE',  ( -16150.00000000000182, 1189.999999999998408, -960.0000000000002274 ) ) ;
#9708 = VECTOR ( 'NONE', #4368, 1000.000000000000000 ) ;
#9709 = EDGE_CURVE ( 'NONE', #3531, #6317, #5572, .T. ) ;
#9710 = EDGE_CURVE ( 'NONE', #485, #6617, #4028, .T. ) ;
#9711 = ORIENTED_EDGE ( 'NONE', *, *, #4800, .F. ) ;
#9712 = AXIS2_PLACEMENT_3D ( 'NONE', #1224, #464, #8918 ) ;
#9713 = CARTESIAN_POINT ( 'NONE',  ( -12244.99999999992906, -1077.499998843224375, -860.0000000000231921 ) ) ;
#9714 = AXIS2_PLACEMENT_3D ( 'NONE', #8500, #9181, #8440 ) ;
#9715 = VERTEX_POINT ( 'NONE', #8624 ) ;
#9716 = APPLICATION_CONTEXT ( 'automotive_design' ) ;
#9717 = ORIENTED_EDGE ( 'NONE', *, *, #2441, .T. ) ;
#9718 = CARTESIAN_POINT ( 'NONE',  ( -12143.40011953353496, -190.0000000000007390, -623.7872381793358727 ) ) ;
#9719 = SURFACE_SIDE_STYLE ('',( #8959 ) ) ;
#9720 = DIRECTION ( 'NONE',  ( -0.000000000000000000, 0.000000000000000000, 1.000000000000000000 ) ) ;
#9721 = VECTOR ( 'NONE', #9572, 1000.000000000000000 ) ;
#9722 = CARTESIAN_POINT ( 'NONE',  ( -17903.58983848622665, 989.9999999999984084, -1135.000000000000227 ) ) ;
#9723 = AXIS2_PLACEMENT_3D ( 'NONE', #723, #2344, #6028 ) ;
#9724 = CARTESIAN_POINT ( 'NONE',  ( -7862.500000000000000, -740.0000000000002274, -4241.944871367028099 ) ) ;
#9725 = ADVANCED_FACE ( 'NONE', ( #1778 ), #4809, .F. ) ;
#9726 = EDGE_LOOP ( 'NONE', ( #138, #4591, #558, #1504 ) ) ;
#9727 = EDGE_CURVE ( 'NONE', #7101, #8340, #9557, .T. ) ;
#9728 = ORIENTED_EDGE ( 'NONE', *, *, #7041, .F. ) ;
#9729 = CIRCLE ( 'NONE', #7666, 250.0000000000000000 ) ;
#9730 = AXIS2_PLACEMENT_3D ( 'NONE', #6139, #9121, #6735 ) ;
#9731 = EDGE_LOOP ( 'NONE', ( #7604, #4386, #838, #5303, #3042 ) ) ;
#9732 = AXIS2_PLACEMENT_3D ( 'NONE', #1683, #1635, #7794 ) ;
#9733 = DIRECTION ( 'NONE',  ( 0.000000000000000000, -1.000000000000000000, 0.000000000000000000 ) ) ;
#9734 = LINE ( 'NONE', #5868, #8102 ) ;
#9735 = LINE ( 'NONE', #9830, #3401 ) ;
#9736 = DIRECTION ( 'NONE',  ( -1.000000000000000000, 0.000000000000000000, 0.000000000000000000 ) ) ;
#9737 = DIRECTION ( 'NONE',  ( -1.000000000000000000, -6.162975822039154046E-33, -1.232595164407830946E-32 ) ) ;
#9738 = FACE_OUTER_BOUND ( 'NONE', #670, .T. ) ;
#9739 = DIRECTION ( 'NONE',  ( 1.000000000000000000, -0.000000000000000000, -0.000000000000000000 ) ) ;
#9740 = VECTOR ( 'NONE', #3257, 1000.000000000000000 ) ;
#9741 = CIRCLE ( 'NONE', #2560, 460.0000000000001137 ) ;
#9742 = PLANE ( 'NONE',  #1216 ) ;
#9743 = CIRCLE ( 'NONE', #4607, 199.9999999999999432 ) ;
#9744 = LINE ( 'NONE', #5877, #3318 ) ;
#9745 = EDGE_CURVE ( 'NONE', #5562, #7037, #4032, .T. ) ;
#9746 = VERTEX_POINT ( 'NONE', #5813 ) ;
#9747 = CARTESIAN_POINT ( 'NONE',  ( -12750.00000000000000, -729.4021522441533989, -769.9999999999963620 ) ) ;
#9748 = ORIENTED_EDGE ( 'NONE', *, *, #4973, .T. ) ;
#9749 = CARTESIAN_POINT ( 'NONE',  ( -13948.20772119394496, 9753.686360283016256, -849.6342572279658043 ) ) ;
#9750 = DIRECTION ( 'NONE',  ( -2.450878090891695175E-33, 0.9597039290011752932, -0.2810131111882628319 ) ) ;
#9751 = VERTEX_POINT ( 'NONE', #4167 ) ;
#9752 = LINE ( 'NONE', #8839, #438 ) ;
#9753 = LINE ( 'NONE', #2976, #211 ) ;
#9754 = DIRECTION ( 'NONE',  ( 0.000000000000000000, 0.000000000000000000, 1.000000000000000000 ) ) ;
#9755 = VECTOR ( 'NONE', #7016, 1000.000000000000000 ) ;
#9756 = DIRECTION ( 'NONE',  ( 2.450878090891695175E-33, -0.9597039290011752932, 0.2810131111882628319 ) ) ;
#9757 = VERTEX_POINT ( 'NONE', #2059 ) ;
#9758 = CARTESIAN_POINT ( 'NONE',  ( -1949.999999999999773, -899.9999999999998863, -910.0000000000001137 ) ) ;
#9759 = VECTOR ( 'NONE', #6492, 1000.000000000000114 ) ;
#9760 = ORIENTED_EDGE ( 'NONE', *, *, #7784, .T. ) ;
#9761 = LINE ( 'NONE', #5943, #2075 ) ;
#9762 = ORIENTED_EDGE ( 'NONE', *, *, #8168, .T. ) ;
#9763 = VECTOR ( 'NONE', #9119, 1000.000000000000000 ) ;
#9764 = LINE ( 'NONE', #5092, #7836 ) ;
#9765 = DIRECTION ( 'NONE',  ( -0.000000000000000000, 0.000000000000000000, 1.000000000000000000 ) ) ;
#9766 = VECTOR ( 'NONE', #1919, 1000.000000000000000 ) ;
#9767 = AXIS2_PLACEMENT_3D ( 'NONE', #4210, #2775, #3454 ) ;
#9768 = ORIENTED_EDGE ( 'NONE', *, *, #1565, .F. ) ;
#9769 = EDGE_CURVE ( 'NONE', #8655, #4172, #4953, .T. ) ;
#9770 = ORIENTED_EDGE ( 'NONE', *, *, #6307, .T. ) ;
#9771 = ORIENTED_EDGE ( 'NONE', *, *, #9834, .F. ) ;
#9772 = LINE ( 'NONE', #5710, #4315 ) ;
#9773 = EDGE_CURVE ( 'NONE', #2830, #2799, #6510, .T. ) ;
#9774 = EDGE_CURVE ( 'NONE', #4117, #2381, #5875, .T. ) ;
#9775 = CARTESIAN_POINT ( 'NONE',  ( -9525.000000000000000, 989.9999999999984084, -4241.944871367028099 ) ) ;
#9776 = CARTESIAN_POINT ( 'NONE',  ( -13856.59988046646504, -899.9999999999986358, -637.0854464784594029 ) ) ;
#9777 = DIRECTION ( 'NONE',  ( 1.232595164407830672E-32, 2.775557561563032360E-16, -1.000000000000000000 ) ) ;
#9778 = ORIENTED_EDGE ( 'NONE', *, *, #6239, .T. ) ;
#9779 = ORIENTED_EDGE ( 'NONE', *, *, #8287, .T. ) ;
#9780 = ORIENTED_EDGE ( 'NONE', *, *, #2012, .F. ) ;
#9781 = LINE ( 'NONE', #3663, #6862 ) ;
#9782 = EDGE_CURVE ( 'NONE', #3829, #3570, #9234, .T. ) ;
#9783 = CARTESIAN_POINT ( 'NONE',  ( -7862.500000000000909, 989.9999999999984084, -960.0000000000002274 ) ) ;
#9784 = EDGE_CURVE ( 'NONE', #7117, #4487, #8021, .T. ) ;
#9785 = LINE ( 'NONE', #5210, #1333 ) ;
#9786 = CARTESIAN_POINT ( 'NONE',  ( -5299.999999999999091, -618.9114148497021688, -4241.944871367028099 ) ) ;
#9787 = CARTESIAN_POINT ( 'NONE',  ( 0.000000000000000000, 875.0000000000000000, -1060.000000000000000 ) ) ;
#9788 = LINE ( 'NONE', #7275, #4295 ) ;
#9789 = VECTOR ( 'NONE', #1570, 1000.000000000000000 ) ;
#9790 = DIRECTION ( 'NONE',  ( -0.9848077530122092416, 0.000000000000000000, 0.1736481776669237531 ) ) ;
#9791 = ORIENTED_EDGE ( 'NONE', *, *, #6886, .F. ) ;
#9792 = LINE ( 'NONE', #22, #448 ) ;
#9793 = ORIENTED_EDGE ( 'NONE', *, *, #5495, .F. ) ;
#9794 = FACE_OUTER_BOUND ( 'NONE', #3356, .T. ) ;
#9795 = ORIENTED_EDGE ( 'NONE', *, *, #4338, .F. ) ;
#9796 = EDGE_CURVE ( 'NONE', #5518, #1604, #1120, .T. ) ;
#9797 = LINE ( 'NONE', #1588, #5417 ) ;
#9798 = VECTOR ( 'NONE', #1083, 1000.000000000000000 ) ;
#9799 = DIRECTION ( 'NONE',  ( -0.000000000000000000, 0.000000000000000000, 1.000000000000000000 ) ) ;
#9800 = DIRECTION ( 'NONE',  ( -1.009738721157118013E-32, -0.2810131111882634425, 0.9597039290011751822 ) ) ;
#9801 = CARTESIAN_POINT ( 'NONE',  ( -18053.58983848622665, 311.4982215127146787, -960.0000000000000000 ) ) ;
#9802 = DIRECTION ( 'NONE',  ( -1.232595164407830809E-32, 4.930380657631323784E-32, 1.000000000000000000 ) ) ;
#9803 = ORIENTED_EDGE ( 'NONE', *, *, #2014, .F. ) ;
#9804 = CARTESIAN_POINT ( 'NONE',  ( -11674.08555227910256, -898.7388418281769873, -759.3323791905673943 ) ) ;
#9805 = VECTOR ( 'NONE', #858, 1000.000000000000000 ) ;
#9806 = LINE ( 'NONE', #7653, #6871 ) ;
#9807 = ORIENTED_EDGE ( 'NONE', *, *, #9030, .F. ) ;
#9808 = CARTESIAN_POINT ( 'NONE',  ( -12320.00000000000000, 814.9999999999972715, -517.7941176470590108 ) ) ;
#9809 = CARTESIAN_POINT ( 'NONE',  ( -13250.00000000000000, 732.4719190560189190, -589.9999999999965894 ) ) ;
#9810 = CARTESIAN_POINT ( 'NONE',  ( -16150.00000000000182, -899.9999999999998863, -910.0000000000001137 ) ) ;
#9811 = CIRCLE ( 'NONE', #7563, 200.0000000000000000 ) ;
#9812 = ORIENTED_EDGE ( 'NONE', *, *, #3169, .F. ) ;
#9813 = LINE ( 'NONE', #9091, #2183 ) ;
#9814 = EDGE_CURVE ( 'NONE', #1061, #2855, #3504, .T. ) ;
#9815 = DIRECTION ( 'NONE',  ( -0.000000000000000000, 0.000000000000000000, 1.000000000000000000 ) ) ;
#9816 = VERTEX_POINT ( 'NONE', #8713 ) ;
#9817 = VERTEX_POINT ( 'NONE', #9472 ) ;
#9818 = FACE_OUTER_BOUND ( 'NONE', #5698, .T. ) ;
#9819 =( NAMED_UNIT ( * ) PLANE_ANGLE_UNIT ( ) SI_UNIT ( $, .RADIAN. ) );
#9820 = DIRECTION ( 'NONE',  ( -1.000000000000000000, 0.000000000000000000, 0.000000000000000000 ) ) ;
#9821 = DIRECTION ( 'NONE',  ( -1.000000000000000000, -2.220446049250313081E-16, 0.000000000000000000 ) ) ;
#9822 = ORIENTED_EDGE ( 'NONE', *, *, #7219, .F. ) ;
#9823 = ORIENTED_EDGE ( 'NONE', *, *, #4845, .F. ) ;
#9824 = EDGE_CURVE ( 'NONE', #4313, #7851, #8596, .T. ) ;
#9825 = EDGE_CURVE ( 'NONE', #7810, #7930, #5713, .T. ) ;
#9826 = ADVANCED_FACE ( 'NONE', ( #2725 ), #8903, .F. ) ;
#9827 = ORIENTED_EDGE ( 'NONE', *, *, #9212, .F. ) ;
#9828 = CARTESIAN_POINT ( 'NONE',  ( -5576.316527040902656, -9753.686360283016256, -760.0000000000010232 ) ) ;
#9829 = DIRECTION ( 'NONE',  ( 6.162975822039589899E-33, -1.000000000000000000, -3.530762810662500311E-14 ) ) ;
#9830 = CARTESIAN_POINT ( 'NONE',  ( -1699.999999999999773, -989.9999999999984084, -960.0000000000000000 ) ) ;
#9831 = DIRECTION ( 'NONE',  ( 0.000000000000000000, 0.000000000000000000, -1.000000000000000000 ) ) ;
#9832 = FACE_BOUND ( 'NONE', #5510, .T. ) ;
#9833 = CARTESIAN_POINT ( 'NONE',  ( -13856.59988046646504, -725.0021062409357455, -757.0854464784603124 ) ) ;
#9834 = EDGE_CURVE ( 'NONE', #557, #4537, #6470, .T. ) ;
#9835 = FACE_OUTER_BOUND ( 'NONE', #7331, .T. ) ;
#9836 = VERTEX_POINT ( 'NONE', #4253 ) ;
#9837 = CARTESIAN_POINT ( 'NONE',  ( -3080.671189175308427, -1.110223024625156540E-13, -1135.000000000000227 ) ) ;
#9838 = VERTEX_POINT ( 'NONE', #2672 ) ;
#9839 = VERTEX_POINT ( 'NONE', #1965 ) ;
#9840 = CYLINDRICAL_SURFACE ( 'NONE', #9246, 277.7941176470602045 ) ;
#9841 = CARTESIAN_POINT ( 'NONE',  ( -1949.999999999999773, -899.9999999999998863, -910.0000000000001137 ) ) ;
#9842 = DIRECTION ( 'NONE',  ( 0.000000000000000000, -1.000000000000000000, 0.000000000000000000 ) ) ;
#9843 = DIRECTION ( 'NONE',  ( 0.000000000000000000, -0.000000000000000000, -1.000000000000000000 ) ) ;
#9844 = DIRECTION ( 'NONE',  ( 0.000000000000000000, 0.000000000000000000, 1.000000000000000000 ) ) ;
#9845 = VERTEX_POINT ( 'NONE', #8763 ) ;
#9846 = DIRECTION ( 'NONE',  ( 1.000000000000000000, 0.000000000000000000, 0.000000000000000000 ) ) ;
#9847 = ORIENTED_EDGE ( 'NONE', *, *, #906, .F. ) ;
#9848 = ADVANCED_FACE ( 'NONE', ( #5003 ), #6568, .F. ) ;
#9849 = EDGE_CURVE ( 'NONE', #3531, #6195, #2771, .T. ) ;
#9850 = ORIENTED_EDGE ( 'NONE', *, *, #8104, .F. ) ;
#9851 = ORIENTED_EDGE ( 'NONE', *, *, #4422, .T. ) ;
#9852 = DIRECTION ( 'NONE',  ( 0.9632452974707709226, -0.2686233364777642629, 0.000000000000000000 ) ) ;
#9853 = CARTESIAN_POINT ( 'NONE',  ( -12750.00000000000000, 1077.499998843224375, -637.0854464784587208 ) ) ;
#9854 = DIRECTION ( 'NONE',  ( -0.000000000000000000, 0.000000000000000000, 1.000000000000000000 ) ) ;
#9855 = DIRECTION ( 'NONE',  ( -0.9632452974707709226, 0.2686233364777642629, 0.000000000000000000 ) ) ;
#9856 = DIRECTION ( 'NONE',  ( 0.000000000000000000, -0.000000000000000000, -1.000000000000000000 ) ) ;
#9857 = AXIS2_PLACEMENT_3D ( 'NONE', #5946, #8949, #1397 ) ;
#9858 = ORIENTED_EDGE ( 'NONE', *, *, #6699, .F. ) ;
#9859 = ORIENTED_EDGE ( 'NONE', *, *, #4047, .F. ) ;
#9860 = CARTESIAN_POINT ( 'NONE',  ( -7612.500000000000000, -740.0000000000002274, -960.0000000000002274 ) ) ;
#9861 = VECTOR ( 'NONE', #9257, 1000.000000000000000 ) ;
#9862 = ORIENTED_EDGE ( 'NONE', *, *, #6612, .T. ) ;
#9863 = ORIENTED_EDGE ( 'NONE', *, *, #1868, .T. ) ;
#9864 = ORIENTED_EDGE ( 'NONE', *, *, #2925, .T. ) ;
#9865 = CARTESIAN_POINT ( 'NONE',  ( -3921.569072607348517, -9753.686360283016256, -960.7596123493884761 ) ) ;
#9866 = CARTESIAN_POINT ( 'NONE',  ( -13856.59988046646504, 747.0986934586334201, -637.0854464784588345 ) ) ;
#9867 = CARTESIAN_POINT ( 'NONE',  ( -11699.99999999998181, -899.9999999999986358, -637.0854464784594029 ) ) ;
#9868 = VECTOR ( 'NONE', #9215, 1000.000000000000000 ) ;
#9869 = VERTEX_POINT ( 'NONE', #7354 ) ;
#9870 = ORIENTED_EDGE ( 'NONE', *, *, #1025, .F. ) ;
#9871 = EDGE_LOOP ( 'NONE', ( #5568, #5364, #2982, #8247, #9188 ) ) ;
#9872 = DIRECTION ( 'NONE',  ( 1.000000000000000000, -0.000000000000000000, -0.000000000000000000 ) ) ;
#9873 = VECTOR ( 'NONE', #5360, 1000.000000000000114 ) ;
#9874 = VECTOR ( 'NONE', #6820, 1000.000000000000000 ) ;
#9875 = FACE_OUTER_BOUND ( 'NONE', #9126, .T. ) ;
#9876 = ADVANCED_FACE ( 'NONE', ( #498 ), #2810, .F. ) ;
#9877 = DIRECTION ( 'NONE',  ( -1.432545838226008399E-17, 1.000000000000000000, 0.000000000000000000 ) ) ;
#9878 = AXIS2_PLACEMENT_3D ( 'NONE', #5305, #8353, #3695 ) ;
#9879 = EDGE_CURVE ( 'NONE', #2091, #3089, #6208, .T. ) ;
#9880 = DIRECTION ( 'NONE',  ( -0.000000000000000000, 0.000000000000000000, 1.000000000000000000 ) ) ;
#9881 = CARTESIAN_POINT ( 'NONE',  ( -2476.862333647776268, 246.8767314595588402, -4241.944871367028099 ) ) ;
#9882 = PLANE ( 'NONE',  #3071 ) ;
#9883 = CARTESIAN_POINT ( 'NONE',  ( -13856.59988046646504, 747.0986934586334201, -637.0854464784588345 ) ) ;
#9884 = VECTOR ( 'NONE', #1332, 1000.000000000000000 ) ;
#9885 = AXIS2_PLACEMENT_3D ( 'NONE', #4053, #3240, #7945 ) ;
#9886 = DIRECTION ( 'NONE',  ( -6.162975822039157467E-33, 1.000000000000000000, 2.775557561563032360E-16 ) ) ;
#9887 = AXIS2_PLACEMENT_3D ( 'NONE', #1034, #3275, #3323 ) ;
#9888 = CARTESIAN_POINT ( 'NONE',  ( -13250.00000000000000, 190.0000000000006821, -504.9802145985023003 ) ) ;
#9889 = DIRECTION ( 'NONE',  ( -6.162975822039157467E-33, 1.000000000000000000, 3.301729611148415602E-16 ) ) ;
#9890 = VERTEX_POINT ( 'NONE', #4540 ) ;
#9891 = DIRECTION ( 'NONE',  ( 0.000000000000000000, 0.000000000000000000, 1.000000000000000000 ) ) ;
#9892 = VERTEX_POINT ( 'NONE', #2951 ) ;
#9893 = VECTOR ( 'NONE', #4958, 1000.000000000000000 ) ;
#9894 = ORIENTED_EDGE ( 'NONE', *, *, #3251, .F. ) ;
#9895 = DIRECTION ( 'NONE',  ( 0.000000000000000000, 0.000000000000000000, 1.000000000000000000 ) ) ;
#9897 = EDGE_CURVE ( 'NONE', #2799, #4841, #2906, .T. ) ;
#9896 = DIRECTION ( 'NONE',  ( -1.000000000000000000, 0.000000000000000000, -0.000000000000000000 ) ) ;
#9898 = CARTESIAN_POINT ( 'NONE',  ( -12143.40011953353496, 295.9385695031826913, -504.9802145985045172 ) ) ;
#9899 = ADVANCED_FACE ( 'NONE', ( #9049 ), #1406, .F. ) ;
#9900 = DIRECTION ( 'NONE',  ( 1.000000000000000000, 0.000000000000000000, -0.000000000000000000 ) ) ;
#9901 = CIRCLE ( 'NONE', #4766, 199.9999999999999432 ) ;
#9902 = EDGE_LOOP ( 'NONE', ( #4578, #7102, #7967, #4925, #4717, #930, #54, #8527 ) ) ;
#9903 = CARTESIAN_POINT ( 'NONE',  ( -2350.000000000001364, 211.4982215127146787, -1135.000000000000227 ) ) ;
#9904 = VECTOR ( 'NONE', #2389, 1000.000000000000000 ) ;
#9905 = ORIENTED_EDGE ( 'NONE', *, *, #7292, .T. ) ;
#9906 = ORIENTED_EDGE ( 'NONE', *, *, #1319, .F. ) ;
#9907 = CIRCLE ( 'NONE', #8144, 460.0000000000001137 ) ;
#9908 = DIRECTION ( 'NONE',  ( -1.000000000000000000, -6.162975822039151993E-33, -1.232595164407830946E-32 ) ) ;
#9909 = EDGE_LOOP ( 'NONE', ( #7861, #8789 ) ) ;
#9910 = DIRECTION ( 'NONE',  ( 0.000000000000000000, 0.000000000000000000, 1.000000000000000000 ) ) ;
#9911 = CARTESIAN_POINT ( 'NONE',  ( -10887.50000000000000, -740.0000000000010232, -1135.000000000000227 ) ) ;
#9912 = CARTESIAN_POINT ( 'NONE',  ( -16550.00000000000000, -311.4982215127146787, 0.000000000000000000 ) ) ;
#9913 = FACE_OUTER_BOUND ( 'NONE', #8096, .T. ) ;
#9914 = VECTOR ( 'NONE', #9206, 1000.000000000000000 ) ;
#9915 = EDGE_CURVE ( 'NONE', #4797, #3800, #2858, .T. ) ;
#9916 = PLANE ( 'NONE',  #458 ) ;
#9917 = EDGE_CURVE ( 'NONE', #3156, #1391, #5197, .T. ) ;
#9918 = VECTOR ( 'NONE', #2182, 1000.000000000000000 ) ;
#9919 = ORIENTED_EDGE ( 'NONE', *, *, #6755, .T. ) ;
#9920 = NEXT_ASSEMBLY_USAGE_OCCURRENCE ( 'NAUO1', ' ', ' ', #5701, #1729, $ ) ;
#9921 = NEXT_ASSEMBLY_USAGE_OCCURRENCE ( 'NAUO2', ' ', ' ', #5701, #6316, $ ) ;
#9922 = NEXT_ASSEMBLY_USAGE_OCCURRENCE ( 'NAUO3', ' ', ' ', #5701, #6316, $ ) ;
ENDSEC;
END-ISO-10303-21;
