ISO-10303-21;
HEADER;
FILE_DESCRIPTION (( 'STEP AP214' ),
    '1' );
FILE_NAME ('FlatWagon_60ft_MediumDetailed.STEP',
    '2026-02-24T11:12:15',
    ( '' ),
    ( '' ),
    'SwSTEP 2.0',
    'SolidWorks 2022',
    '' );
FILE_SCHEMA (( 'AUTOMOTIVE_DESIGN' ));
ENDSEC;

DATA;
#1 = DIRECTION ( 'NONE',  ( 0.000000000000000000, -1.000000000000000000, -2.775557561563032853E-16 ) ) ;
#2 = LINE ( 'NONE', #360, #3094 ) ;
#3 = EDGE_LOOP ( 'NONE', ( #3092, #395 ) ) ;
#4 = DIRECTION ( 'NONE',  ( 0.000000000000000000, 0.000000000000000000, 1.000000000000000000 ) ) ;
#5 = EDGE_CURVE ( 'NONE', #3133, #1757, #1255, .T. ) ;
#6 = AXIS2_PLACEMENT_3D ( 'NONE', #2660, #1281, #1633 ) ;
#7 = VERTEX_POINT ( 'NONE', #3899 ) ;
#8 = CARTESIAN_POINT ( 'NONE',  ( -11700.00000000000182, 814.9999999999972715, -589.9999999999965894 ) ) ;
#9 = EDGE_CURVE ( 'NONE', #1948, #614, #3986, .T. ) ;
#10 = CARTESIAN_POINT ( 'NONE',  ( -12100.00000000000182, -679.9999999999977263, -909.9999999999982947 ) ) ;
#11 = CARTESIAN_POINT ( 'NONE',  ( -14299.99999999999818, -1950.712458671872810, -589.9999999999973852 ) ) ;
#12 = EDGE_CURVE ( 'NONE', #2947, #1784, #2313, .T. ) ;
#13 = EDGE_LOOP ( 'NONE', ( #775, #2593 ) ) ;
#14 = LINE ( 'NONE', #3988, #3126 ) ;
#15 = AXIS2_PLACEMENT_3D ( 'NONE', #831, #1162, #3785 ) ;
#16 = CARTESIAN_POINT ( 'NONE',  ( -13899.99999999999818, 1054.999999999997272, -459.9999999999978400 ) ) ;
#17 = VERTEX_POINT ( 'NONE', #660 ) ;
#18 = DIRECTION ( 'NONE',  ( 1.000000000000000000, 0.000000000000000000, 0.000000000000000000 ) ) ;
#19 = ORIENTED_EDGE ( 'NONE', *, *, #452, .T. ) ;
#20 = CARTESIAN_POINT ( 'NONE',  ( 0.000000000000000000, 875.0000000000000000, -1060.000000000000000 ) ) ;
#21 = LINE ( 'NONE', #1736, #2616 ) ;
#22 = CARTESIAN_POINT ( 'NONE',  ( 0.000000000000000000, -1189.999999999998408, -960.0000000000002274 ) ) ;
#23 = VECTOR ( 'NONE', #2360, 1000.000000000000000 ) ;
#24 = DIRECTION ( 'NONE',  ( -1.189916929857710326E-16, 0.000000000000000000, -1.000000000000000000 ) ) ;
#25 = EDGE_LOOP ( 'NONE', ( #879, #2120 ) ) ;
#26 = AXIS2_PLACEMENT_3D ( 'NONE', #1423, #3999, #755 ) ;
#27 = EDGE_CURVE ( 'NONE', #1892, #28, #3614, .T. ) ;
#28 = VERTEX_POINT ( 'NONE', #1038 ) ;
#29 = EDGE_CURVE ( 'NONE', #667, #3606, #2636, .T. ) ;
#30 = EDGE_CURVE ( 'NONE', #87, #440, #3245, .T. ) ;
#31 = DIRECTION ( 'NONE',  ( -1.000000000000000000, 0.000000000000000000, 1.189916929857710326E-16 ) ) ;
#32 = LINE ( 'NONE', #4004, #4054 ) ;
#33 = VERTEX_POINT ( 'NONE', #1013 ) ;
#34 = AXIS2_PLACEMENT_3D ( 'NONE', #3668, #3361, #2715 ) ;
#35 = EDGE_CURVE ( 'NONE', #361, #2629, #2332, .T. ) ;
#36 = EDGE_LOOP ( 'NONE', ( #2554, #3809, #3314, #2275, #1803, #3715, #99, #1812, #1119, #470, #1378, #3950 ) ) ;
#37 = AXIS2_PLACEMENT_3D ( 'NONE', #2227, #3175, #2274 ) ;
#38 = ORIENTED_EDGE ( 'NONE', *, *, #2181, .F. ) ;
#39 = CARTESIAN_POINT ( 'NONE',  ( -10255.33188238365256, -814.9999999999972715, -769.9999999999963620 ) ) ;
#40 = CARTESIAN_POINT ( 'NONE',  ( -13680.00000000000000, -814.9999999999974989, -517.7941176470593518 ) ) ;
#41 = VERTEX_POINT ( 'NONE', #2000 ) ;
#42 = EDGE_CURVE ( 'NONE', #3119, #398, #1939, .T. ) ;
#43 = PLANE ( 'NONE',  #2701 ) ;
#44 = DIRECTION ( 'NONE',  ( -0.000000000000000000, 2.775557561563032853E-16, -1.000000000000000000 ) ) ;
#45 = DIRECTION ( 'NONE',  ( 0.000000000000000000, -1.000000000000000000, 0.000000000000000000 ) ) ;
#46 = LINE ( 'NONE', #3997, #2268 ) ;
#47 = DIRECTION ( 'NONE',  ( 1.000000000000000000, 0.000000000000000000, 0.000000000000000000 ) ) ;
#48 = VERTEX_POINT ( 'NONE', #253 ) ;
#49 = EDGE_LOOP ( 'NONE', ( #2081, #836, #709, #2118, #2244, #3373, #3194, #2157 ) ) ;
#50 = CIRCLE ( 'NONE', #615, 79.99999999999995737 ) ;
#51 = EDGE_CURVE ( 'NONE', #925, #555, #316, .T. ) ;
#52 = DIRECTION ( 'NONE',  ( 0.000000000000000000, -1.000000000000000000, -5.551115123125784674E-16 ) ) ;
#53 = DIRECTION ( 'NONE',  ( 0.000000000000000000, 1.000000000000000000, 2.775557561563032853E-16 ) ) ;
#54 = LINE ( 'NONE', #3411, #1434 ) ;
#55 = ORIENTED_EDGE ( 'NONE', *, *, #1472, .T. ) ;
#56 = EDGE_CURVE ( 'NONE', #176, #1341, #388, .T. ) ;
#57 = VECTOR ( 'NONE', #3638, 1000.000000000000000 ) ;
#58 = VERTEX_POINT ( 'NONE', #2291 ) ;
#59 = VECTOR ( 'NONE', #1885, 1000.000000000000000 ) ;
#60 = ORIENTED_EDGE ( 'NONE', *, *, #1589, .F. ) ;
#61 = DIRECTION ( 'NONE',  ( -1.000000000000000000, -0.000000000000000000, -0.000000000000000000 ) ) ;
#62 = LINE ( 'NONE', #2068, #410 ) ;
#63 = ORIENTED_EDGE ( 'NONE', *, *, #1199, .T. ) ;
#64 = LINE ( 'NONE', #2645, #1724 ) ;
#65 = EDGE_CURVE ( 'NONE', #618, #826, #4274, .T. ) ;
#66 = VERTEX_POINT ( 'NONE', #3598 ) ;
#67 = CARTESIAN_POINT ( 'NONE',  ( -13456.54998713038003, -715.1018965907420579, -582.5266689850967623 ) ) ;
#68 = DIRECTION ( 'NONE',  ( 0.000000000000000000, 0.000000000000000000, 1.000000000000000000 ) ) ;
#69 = CYLINDRICAL_SURFACE ( 'NONE', #26, 79.99999999999995737 ) ;
#70 = ORIENTED_EDGE ( 'NONE', *, *, #481, .T. ) ;
#71 = ORIENTED_EDGE ( 'NONE', *, *, #1520, .T. ) ;
#72 = CARTESIAN_POINT ( 'NONE',  ( -14299.99999999999818, 1077.499998843224375, -589.9999999999964757 ) ) ;
#73 = CARTESIAN_POINT ( 'NONE',  ( -11880.00000000000182, -1950.712458671873037, -239.9999999999987779 ) ) ;
#74 = ORIENTED_EDGE ( 'NONE', *, *, #206, .F. ) ;
#75 = AXIS2_PLACEMENT_3D ( 'NONE', #3010, #45, #1383 ) ;
#76 = EDGE_CURVE ( 'NONE', #1493, #2700, #328, .T. ) ;
#77 = ADVANCED_FACE ( 'NONE', ( #1657 ), #4296, .F. ) ;
#78 = ORIENTED_EDGE ( 'NONE', *, *, #3949, .T. ) ;
#79 = LINE ( 'NONE', #413, #2013 ) ;
#80 = VERTEX_POINT ( 'NONE', #3962 ) ;
#81 = DIRECTION ( 'NONE',  ( 1.000000000000000000, 2.400482215405744004E-16, 0.000000000000000000 ) ) ;
#82 = DIRECTION ( 'NONE',  ( 0.000000000000000000, 1.000000000000000000, 3.301729611148416588E-16 ) ) ;
#83 = AXIS2_PLACEMENT_3D ( 'NONE', #3208, #3873, #919 ) ;
#84 = ORIENTED_EDGE ( 'NONE', *, *, #805, .F. ) ;
#85 = CARTESIAN_POINT ( 'NONE',  ( -10255.33188238365256, 814.9999999999972715, -589.9999999999965894 ) ) ;
#86 = LINE ( 'NONE', #1404, #158 ) ;
#87 = VERTEX_POINT ( 'NONE', #2703 ) ;
#88 = ORIENTED_EDGE ( 'NONE', *, *, #3285, .T. ) ;
#89 = CARTESIAN_POINT ( 'NONE',  ( -13558.65641272664834, 713.0416965694201963, -768.3657702387152995 ) ) ;
#90 = CIRCLE ( 'NONE', #3080, 460.0000000000001137 ) ;
#91 = EDGE_CURVE ( 'NONE', #1314, #717, #1496, .T. ) ;
#92 = AXIS2_PLACEMENT_3D ( 'NONE', #100, #1140, #115 ) ;
#93 = AXIS2_PLACEMENT_3D ( 'NONE', #4192, #1897, #3839 ) ;
#94 = ORIENTED_EDGE ( 'NONE', *, *, #12, .T. ) ;
#95 = CIRCLE ( 'NONE', #3227, 79.99999999999995737 ) ;
#96 = EDGE_CURVE ( 'NONE', #3589, #911, #1115, .T. ) ;
#97 = AXIS2_PLACEMENT_3D ( 'NONE', #1431, #1154, #2476 ) ;
#98 = CARTESIAN_POINT ( 'NONE',  ( -10255.33188238365256, -732.4719190560189190, -589.9999999999970441 ) ) ;
#99 = ORIENTED_EDGE ( 'NONE', *, *, #823, .T. ) ;
#100 = CARTESIAN_POINT ( 'NONE',  ( -15674.93198115551786, 1189.999999999998408, 5040.000000000000000 ) ) ;
#101 = VERTEX_POINT ( 'NONE', #2773 ) ;
#102 = CARTESIAN_POINT ( 'NONE',  ( -10255.33188238365256, -679.9999999999979536, -567.4243228023079837 ) ) ;
#103 = DIRECTION ( 'NONE',  ( 0.000000000000000000, -2.413528314402514090E-16, 1.000000000000000000 ) ) ;
#104 = VERTEX_POINT ( 'NONE', #1794 ) ;
#105 = VERTEX_POINT ( 'NONE', #2036 ) ;
#106 = DIRECTION ( 'NONE',  ( 0.000000000000000000, 1.000000000000000000, 2.249385511977649118E-16 ) ) ;
#107 = CARTESIAN_POINT ( 'NONE',  ( -7.853451737060908274E-14, 1189.999999999998408, -660.0000000000017053 ) ) ;
#108 = ORIENTED_EDGE ( 'NONE', *, *, #2196, .F. ) ;
#109 = FACE_OUTER_BOUND ( 'NONE', #3365, .T. ) ;
#110 = EDGE_CURVE ( 'NONE', #3442, #105, #3058, .T. ) ;
#111 = ADVANCED_FACE ( 'NONE', ( #4025 ), #3693, .F. ) ;
#112 = DIRECTION ( 'NONE',  ( 1.000000000000000000, -0.000000000000000000, -0.000000000000000000 ) ) ;
#113 = VERTEX_POINT ( 'NONE', #3446 ) ;
#114 = ORIENTED_EDGE ( 'NONE', *, *, #3833, .F. ) ;
#115 = DIRECTION ( 'NONE',  ( 0.000000000000000000, 0.000000000000000000, -1.000000000000000000 ) ) ;
#116 = EDGE_CURVE ( 'NONE', #1464, #1986, #593, .T. ) ;
#117 = ORIENTED_EDGE ( 'NONE', *, *, #2834, .T. ) ;
#118 = DIRECTION ( 'NONE',  ( -0.000000000000000000, -2.775557561563032853E-16, 1.000000000000000000 ) ) ;
#119 = VECTOR ( 'NONE', #375, 1000.000000000000000 ) ;
#120 = DIRECTION ( 'NONE',  ( -0.000000000000000000, 0.000000000000000000, -1.000000000000000000 ) ) ;
#121 = ORIENTED_EDGE ( 'NONE', *, *, #2506, .T. ) ;
#122 = ORIENTED_EDGE ( 'NONE', *, *, #116, .T. ) ;
#123 = EDGE_CURVE ( 'NONE', #1895, #1314, #407, .T. ) ;
#124 = CARTESIAN_POINT ( 'NONE',  ( -12100.00000000000182, -1054.999999999997726, 1.665334536937734811E-12 ) ) ;
#125 =( LENGTH_UNIT ( ) NAMED_UNIT ( * ) SI_UNIT ( .MILLI., .METRE. ) );
#126 = CARTESIAN_POINT ( 'NONE',  ( -2825.068018844486687, 1189.999999999998408, -960.0000000000002274 ) ) ;
#127 = CARTESIAN_POINT ( 'NONE',  ( -2.998914146599318900E-12, -989.9999999999984084, -960.0000000000020464 ) ) ;
#128 = ORIENTED_EDGE ( 'NONE', *, *, #3162, .T. ) ;
#129 = CARTESIAN_POINT ( 'NONE',  ( -14347.28068913207608, -679.9999999999977263, -567.4243228023080974 ) ) ;
#130 = ORIENTED_EDGE ( 'NONE', *, *, #3553, .F. ) ;
#131 = CARTESIAN_POINT ( 'NONE',  ( -11880.00000000000182, 814.9999999999972715, -239.9999999999979821 ) ) ;
#132 = SPHERICAL_SURFACE ( 'NONE', #3368, 1000.000000000000000 ) ;
#133 = EDGE_CURVE ( 'NONE', #4145, #1784, #1074, .T. ) ;
#134 = AXIS2_PLACEMENT_3D ( 'NONE', #2067, #3064, #1416 ) ;
#135 = CARTESIAN_POINT ( 'NONE',  ( -19116.79486355016707, 875.0000000000000000, -1060.000000000000000 ) ) ;
#136 = VERTEX_POINT ( 'NONE', #1053 ) ;
#137 = FACE_OUTER_BOUND ( 'NONE', #414, .T. ) ;
#138 = DIRECTION ( 'NONE',  ( -1.000000000000000000, 0.000000000000000000, 0.000000000000000000 ) ) ;
#139 = VERTEX_POINT ( 'NONE', #1741 ) ;
#140 = ORIENTED_EDGE ( 'NONE', *, *, #2796, .F. ) ;
#141 = CARTESIAN_POINT ( 'NONE',  ( -12923.68347295909734, 1189.999999999998408, -6660.000000000000000 ) ) ;
#142 = FACE_OUTER_BOUND ( 'NONE', #1421, .T. ) ;
#143 = ORIENTED_EDGE ( 'NONE', *, *, #3179, .F. ) ;
#144 = AXIS2_PLACEMENT_3D ( 'NONE', #3303, #3985, #2680 ) ;
#145 = ORIENTED_EDGE ( 'NONE', *, *, #2098, .T. ) ;
#146 = DIRECTION ( 'NONE',  ( 0.000000000000000000, -1.000000000000000000, 0.000000000000000000 ) ) ;
#147 = PRESENTATION_STYLE_ASSIGNMENT (( #489 ) ) ;
#148 = CARTESIAN_POINT ( 'NONE',  ( -18500.00000000000000, -875.0000000000000000, -1060.000000000000000 ) ) ;
#149 = EDGE_CURVE ( 'NONE', #486, #1757, #3367, .T. ) ;
#150 = EDGE_CURVE ( 'NONE', #1549, #2231, #1636, .T. ) ;
#151 = ORIENTED_EDGE ( 'NONE', *, *, #3162, .F. ) ;
#152 = ORIENTED_EDGE ( 'NONE', *, *, #1998, .F. ) ;
#153 = DIRECTION ( 'NONE',  ( 0.000000000000000000, 0.000000000000000000, 1.000000000000000000 ) ) ;
#154 = ORIENTED_EDGE ( 'NONE', *, *, #2243, .T. ) ;
#155 = CARTESIAN_POINT ( 'NONE',  ( -18500.00000000000000, 875.0000000000000000, -1060.000000000000000 ) ) ;
#156 = EDGE_CURVE ( 'NONE', #41, #2859, #159, .T. ) ;
#157 = VECTOR ( 'NONE', #3830, 1000.000000000000000 ) ;
#158 = VECTOR ( 'NONE', #1363, 1000.000000000000000 ) ;
#159 = CIRCLE ( 'NONE', #2114, 229.9999999211528348 ) ;
#160 = ORIENTED_EDGE ( 'NONE', *, *, #1135, .F. ) ;
#161 = LINE ( 'NONE', #3787, #4188 ) ;
#162 = AXIS2_PLACEMENT_3D ( 'NONE', #1647, #2011, #1951 ) ;
#163 = ORIENTED_EDGE ( 'NONE', *, *, #2913, .T. ) ;
#164 = EDGE_CURVE ( 'NONE', #3144, #3916, #754, .T. ) ;
#165 = CYLINDRICAL_SURFACE ( 'NONE', #6, 6000.000000000000000 ) ;
#166 = AXIS2_PLACEMENT_3D ( 'NONE', #2333, #2911, #2269 ) ;
#167 = EDGE_CURVE ( 'NONE', #1784, #1192, #4264, .T. ) ;
#168 = VECTOR ( 'NONE', #1880, 1000.000000000000000 ) ;
#169 = CARTESIAN_POINT ( 'NONE',  ( -14299.99999999999818, -1950.712458671872810, -589.9999999999973852 ) ) ;
#170 = ORIENTED_EDGE ( 'NONE', *, *, #976, .F. ) ;
#171 = EDGE_LOOP ( 'NONE', ( #892, #3414, #3864, #2267, #2273, #1928, #1219, #1168, #4170, #3885, #1764, #2948 ) ) ;
#172 = CARTESIAN_POINT ( 'NONE',  ( -15744.66811761634744, 814.9999999999974989, -769.9999999999959073 ) ) ;
#173 = LINE ( 'NONE', #2819, #1121 ) ;
#174 = APPLICATION_CONTEXT ( 'automotive_design' ) ;
#175 = EDGE_LOOP ( 'NONE', ( #1797, #114, #1813, #3406, #317, #74, #4042, #1704 ) ) ;
#176 = VERTEX_POINT ( 'NONE', #426 ) ;
#177 = CARTESIAN_POINT ( 'NONE',  ( -14299.99999999999818, -1077.499998843224375, -589.9999999999971578 ) ) ;
#178 = ADVANCED_FACE ( 'NONE', ( #1450 ), #796, .F. ) ;
#179 = CARTESIAN_POINT ( 'NONE',  ( -13965.57253896064140, 989.9999999999984084, -751.1534819267453713 ) ) ;
#180 = DIRECTION ( 'NONE',  ( 0.000000000000000000, 1.000000000000000000, 0.000000000000000000 ) ) ;
#181 = CARTESIAN_POINT ( 'NONE',  ( -12100.00000000000182, 679.9999999999977263, -459.9999999999979536 ) ) ;
#182 = EDGE_CURVE ( 'NONE', #1058, #1061, #1429, .T. ) ;
#183 = CIRCLE ( 'NONE', #1306, 199.9999999999999432 ) ;
#184 = DIRECTION ( 'NONE',  ( 1.000000000000000000, 0.000000000000000000, 0.000000000000000000 ) ) ;
#185 = DIRECTION ( 'NONE',  ( 0.000000000000000000, 1.000000000000000000, 2.775557561563032853E-16 ) ) ;
#186 = ORIENTED_EDGE ( 'NONE', *, *, #1486, .T. ) ;
#187 = ORIENTED_EDGE ( 'NONE', *, *, #3889, .F. ) ;
#188 = CARTESIAN_POINT ( 'NONE',  ( 0.000000000000000000, 0.000000000000000000, 0.000000000000000000 ) ) ;
#189 = FACE_OUTER_BOUND ( 'NONE', #670, .T. ) ;
#190 = ORIENTED_EDGE ( 'NONE', *, *, #4205, .F. ) ;
#191 = EDGE_CURVE ( 'NONE', #1788, #708, #3837, .T. ) ;
#192 = CARTESIAN_POINT ( 'NONE',  ( -14588.56810139493791, 877.4999988432243754, -589.9999999999965894 ) ) ;
#193 = LINE ( 'NONE', #3624, #1033 ) ;
#194 = VECTOR ( 'NONE', #605, 1000.000000000000000 ) ;
#195 = SURFACE_STYLE_FILL_AREA ( #512 ) ;
#196 = CARTESIAN_POINT ( 'NONE',  ( -15674.93198115551786, 1189.999999999998408, 5040.000000000000000 ) ) ;
#197 = CARTESIAN_POINT ( 'NONE',  ( -14341.24822945820415, -814.9999999999974989, -589.9999999999970441 ) ) ;
#198 = DIRECTION ( 'NONE',  ( 0.000000000000000000, 1.000000000000000000, 2.249385511977649118E-16 ) ) ;
#199 = VECTOR ( 'NONE', #3252, 1000.000000000000000 ) ;
#200 = ORIENTED_EDGE ( 'NONE', *, *, #2723, .T. ) ;
#201 = ORIENTED_EDGE ( 'NONE', *, *, #2577, .T. ) ;
#202 = ADVANCED_FACE ( 'NONE', ( #1133 ), #2452, .F. ) ;
#203 = LINE ( 'NONE', #872, #349 ) ;
#204 = DIRECTION ( 'NONE',  ( 1.000000000000000000, 0.000000000000000000, -0.000000000000000000 ) ) ;
#205 = DIRECTION ( 'NONE',  ( -1.000000000000000000, -2.405483220021172340E-16, 0.000000000000000000 ) ) ;
#206 = EDGE_CURVE ( 'NONE', #1478, #1051, #2821, .T. ) ;
#207 = ORIENTED_EDGE ( 'NONE', *, *, #2409, .T. ) ;
#208 = ORIENTED_EDGE ( 'NONE', *, *, #4094, .T. ) ;
#209 = DIRECTION ( 'NONE',  ( 1.000000000000000000, 0.000000000000000000, 0.000000000000000000 ) ) ;
#210 = CARTESIAN_POINT ( 'NONE',  ( -16150.00000000000182, -1190.000000000002274, -960.0000000000002274 ) ) ;
#211 = ORIENTED_EDGE ( 'NONE', *, *, #850, .F. ) ;
#212 = CARTESIAN_POINT ( 'NONE',  ( -16550.00000000000000, 899.9999999999998863, -910.0000000000001137 ) ) ;
#213 = LINE ( 'NONE', #2573, #3316 ) ;
#214 =( NAMED_UNIT ( * ) SI_UNIT ( $, .STERADIAN. ) SOLID_ANGLE_UNIT ( ) );
#215 = DIRECTION ( 'NONE',  ( -0.000000000000000000, 1.000000000000000000, -0.000000000000000000 ) ) ;
#216 = ORIENTED_EDGE ( 'NONE', *, *, #1867, .T. ) ;
#217 = EDGE_LOOP ( 'NONE', ( #3778, #2217, #526, #1903 ) ) ;
#218 = CIRCLE ( 'NONE', #1970, 277.7941176470602045 ) ;
#219 = CARTESIAN_POINT ( 'NONE',  ( -7.853451737060908274E-14, -1190.000000000002728, -660.0000000000017053 ) ) ;
#220 = EDGE_CURVE ( 'NONE', #3943, #2176, #1901, .T. ) ;
#221 = DIRECTION ( 'NONE',  ( -1.000000000000000000, 0.000000000000000000, 0.000000000000000000 ) ) ;
#222 = LINE ( 'NONE', #4207, #909 ) ;
#223 = DIRECTION ( 'NONE',  ( -0.000000000000000000, 1.000000000000000000, 2.249385511977649118E-16 ) ) ;
#224 = DIRECTION ( 'NONE',  ( -0.000000000000000000, 1.000000000000000000, -0.000000000000000000 ) ) ;
#225 = CYLINDRICAL_SURFACE ( 'NONE', #788, 79.99999999999995737 ) ;
#226 = VECTOR ( 'NONE', #3517, 1000.000000000000000 ) ;
#227 = LINE ( 'NONE', #3305, #1550 ) ;
#228 = VERTEX_POINT ( 'NONE', #625 ) ;
#229 = VERTEX_POINT ( 'NONE', #2575 ) ;
#230 = EDGE_CURVE ( 'NONE', #2729, #3513, #2255, .T. ) ;
#231 = CARTESIAN_POINT ( 'NONE',  ( -1949.999999999999773, 899.9999999999998863, -910.0000000000001137 ) ) ;
#232 = CARTESIAN_POINT ( 'NONE',  ( -10255.33188238365256, 1077.499998843224375, -589.9999999999964757 ) ) ;
#233 = VECTOR ( 'NONE', #4035, 1000.000000000000000 ) ;
#234 = ORIENTED_EDGE ( 'NONE', *, *, #2902, .T. ) ;
#235 = AXIS2_PLACEMENT_3D ( 'NONE', #73, #3737, #2394 ) ;
#236 = LINE ( 'NONE', #3199, #1371 ) ;
#237 = ORIENTED_EDGE ( 'NONE', *, *, #91, .T. ) ;
#238 = AXIS2_PLACEMENT_3D ( 'NONE', #2772, #4087, #1132 ) ;
#239 = ADVANCED_FACE ( 'NONE', ( #3271 ), #2671, .F. ) ;
#240 = DIRECTION ( 'NONE',  ( 0.000000000000000000, 0.000000000000000000, -1.000000000000000000 ) ) ;
#241 = VECTOR ( 'NONE', #1638, 1000.000000000000000 ) ;
#242 = DIRECTION ( 'NONE',  ( 0.000000000000000000, -1.000000000000000000, -2.775557561563032853E-16 ) ) ;
#243 = CIRCLE ( 'NONE', #3599, 460.0000000000001137 ) ;
#244 = ORIENTED_EDGE ( 'NONE', *, *, #2155, .T. ) ;
#245 = ORIENTED_EDGE ( 'NONE', *, *, #2243, .F. ) ;
#246 = CARTESIAN_POINT ( 'NONE',  ( -11411.43189860506209, 1.251372518897804489E-14, -755.0854464784850961 ) ) ;
#247 = PLANE ( 'NONE',  #4225 ) ;
#248 = VECTOR ( 'NONE', #367, 1000.000000000000000 ) ;
#249 = ADVANCED_FACE ( 'NONE', ( #601 ), #3321, .T. ) ;
#250 = CARTESIAN_POINT ( 'NONE',  ( -15744.66811761634744, -729.4021522441533989, -769.9999999999963620 ) ) ;
#251 = FACE_OUTER_BOUND ( 'NONE', #2293, .T. ) ;
#252 = DIRECTION ( 'NONE',  ( -1.000000000000000000, 0.000000000000000000, 0.000000000000000000 ) ) ;
#253 = CARTESIAN_POINT ( 'NONE',  ( -14588.56810139493791, 877.4999988432243754, -589.9999999999965894 ) ) ;
#254 = PLANE ( 'NONE',  #881 ) ;
#255 = ORIENTED_EDGE ( 'NONE', *, *, #1081, .F. ) ;
#256 = DIRECTION ( 'NONE',  ( -0.000000000000000000, -1.000000000000000000, -3.301729611148416588E-16 ) ) ;
#257 = DIRECTION ( 'NONE',  ( 3.912072321290969847E-16, -2.775557561563032853E-16, 1.000000000000000000 ) ) ;
#258 = CARTESIAN_POINT ( 'NONE',  ( -2825.068018844486687, -1189.999999999999091, -960.0000000000002274 ) ) ;
#259 = ORIENTED_EDGE ( 'NONE', *, *, #110, .T. ) ;
#260 = EDGE_CURVE ( 'NONE', #2418, #1091, #1777, .T. ) ;
#261 = CARTESIAN_POINT ( 'NONE',  ( -11652.71931086792392, 679.9999999999977263, -567.4243228023077563 ) ) ;
#262 = ORIENTED_EDGE ( 'NONE', *, *, #1145, .F. ) ;
#263 = DIRECTION ( 'NONE',  ( 0.000000000000000000, -2.413528314402514090E-16, 1.000000000000000000 ) ) ;
#264 =( NAMED_UNIT ( * ) PLANE_ANGLE_UNIT ( ) SI_UNIT ( $, .RADIAN. ) );
#265 = CARTESIAN_POINT ( 'NONE',  ( -14241.34358727334438, -713.0416965694219016, -768.3657702387157542 ) ) ;
#266 = ORIENTED_EDGE ( 'NONE', *, *, #442, .F. ) ;
#267 = VERTEX_POINT ( 'NONE', #3890 ) ;
#268 = CARTESIAN_POINT ( 'NONE',  ( -19116.79486355016707, 875.0000000000000000, -1060.000000000000000 ) ) ;
#269 = AXIS2_PLACEMENT_3D ( 'NONE', #1868, #1554, #2093 ) ;
#270 = DIRECTION ( 'NONE',  ( -1.000000000000000000, 0.000000000000000000, 0.000000000000000000 ) ) ;
#271 = DIRECTION ( 'NONE',  ( 1.000000000000000000, 0.000000000000000000, 0.000000000000000000 ) ) ;
#272 = DIRECTION ( 'NONE',  ( 1.224646799147353207E-16, -1.000000000000000000, 0.000000000000000000 ) ) ;
#273 = CARTESIAN_POINT ( 'NONE',  ( -292.6587287503931520, 1189.999999999998408, 1659.750127714602968 ) ) ;
#274 = DIRECTION ( 'NONE',  ( 0.000000000000000000, 0.000000000000000000, 1.000000000000000000 ) ) ;
#275 = DIRECTION ( 'NONE',  ( 0.000000000000000000, -4.827056628805028179E-16, 1.000000000000000000 ) ) ;
#276 = ORIENTED_EDGE ( 'NONE', *, *, #2702, .T. ) ;
#277 = ADVANCED_FACE ( 'NONE', ( #3974 ), #695, .F. ) ;
#278 = CARTESIAN_POINT ( 'NONE',  ( -1949.999999999999773, 0.000000000000000000, 0.000000000000000000 ) ) ;
#279 = CYLINDRICAL_SURFACE ( 'NONE', #3333, 277.7941176470602045 ) ;
#280 = ORIENTED_EDGE ( 'NONE', *, *, #1465, .F. ) ;
#281 = DIRECTION ( 'NONE',  ( 0.000000000000000000, -1.000000000000000000, -5.551115123125784674E-16 ) ) ;
#282 = VECTOR ( 'NONE', #2478, 1000.000000000000000 ) ;
#283 = VECTOR ( 'NONE', #2696, 1000.000000000000114 ) ;
#284 = DIRECTION ( 'NONE',  ( -0.000000000000000000, -1.000000000000000000, -2.249385511977649118E-16 ) ) ;
#285 = ORIENTED_EDGE ( 'NONE', *, *, #2780, .T. ) ;
#286 = CARTESIAN_POINT ( 'NONE',  ( -12100.00000000000182, -814.9999999999974989, -459.9999999999983515 ) ) ;
#287 = DIRECTION ( 'NONE',  ( 1.000000000000000000, 0.000000000000000000, 0.000000000000000000 ) ) ;
#288 = FILL_AREA_STYLE_COLOUR ( '', #4052 ) ;
#289 = ORIENTED_EDGE ( 'NONE', *, *, #3884, .T. ) ;
#290 = ORIENTED_EDGE ( 'NONE', *, *, #1145, .T. ) ;
#291 = MANIFOLD_SOLID_BREP ( 'Specchia2', #1843 ) ;
#292 = CARTESIAN_POINT ( 'NONE',  ( -14341.24822945820415, 814.9999999999972715, -589.9999999999965894 ) ) ;
#293 = EDGE_CURVE ( 'NONE', #987, #307, #455, .T. ) ;
#294 = EDGE_CURVE ( 'NONE', #101, #3450, #1499, .T. ) ;
#295 = FACE_OUTER_BOUND ( 'NONE', #1577, .T. ) ;
#296 = CARTESIAN_POINT ( 'NONE',  ( -11760.14709064067210, 729.4021522441533989, -769.9999999999959073 ) ) ;
#297 = CIRCLE ( 'NONE', #1150, 6000.000000000000000 ) ;
#298 = DIRECTION ( 'NONE',  ( 0.000000000000000000, -0.9950481186486286322, -0.09939437395458934621 ) ) ;
#299 = ADVANCED_FACE ( 'NONE', ( #315 ), #4286, .T. ) ;
#300 = CARTESIAN_POINT ( 'NONE',  ( -14588.56810139493791, 729.4021522441533989, -769.9999999999959073 ) ) ;
#301 = PLANE ( 'NONE',  #1668 ) ;
#302 = CARTESIAN_POINT ( 'NONE',  ( -15744.66811761634744, -679.9999999999977263, -765.0652677973106393 ) ) ;
#303 = DIRECTION ( 'NONE',  ( 0.000000000000000000, -1.000000000000000000, -3.301729611148416588E-16 ) ) ;
#304 = ORIENTED_EDGE ( 'NONE', *, *, #3515, .F. ) ;
#305 = DIRECTION ( 'NONE',  ( 0.000000000000000000, 0.000000000000000000, -1.000000000000000000 ) ) ;
#306 = CARTESIAN_POINT ( 'NONE',  ( 0.000000000000000000, 875.0000000000000000, -980.0000000000001137 ) ) ;
#307 = VERTEX_POINT ( 'NONE', #1006 ) ;
#308 = EDGE_CURVE ( 'NONE', #3679, #139, #3627, .T. ) ;
#309 = CARTESIAN_POINT ( 'NONE',  ( -14633.04291515398290, 989.9999999999984084, -868.8465180732556519 ) ) ;
#310 = EDGE_CURVE ( 'NONE', #476, #2848, #737, .T. ) ;
#311 = ORIENTED_EDGE ( 'NONE', *, *, #4029, .T. ) ;
#312 = CARTESIAN_POINT ( 'NONE',  ( -13965.57253896063776, 1189.999999999998408, -751.1534819267449166 ) ) ;
#313 = FILL_AREA_STYLE ('',( #3292 ) ) ;
#314 = AXIS2_PLACEMENT_3D ( 'NONE', #1382, #2711, #3644 ) ;
#315 = FACE_OUTER_BOUND ( 'NONE', #1223, .T. ) ;
#316 = CIRCLE ( 'NONE', #3223, 199.9999999999999432 ) ;
#317 = ORIENTED_EDGE ( 'NONE', *, *, #2149, .F. ) ;
#318 = VECTOR ( 'NONE', #2836, 1000.000000000000114 ) ;
#319 = VECTOR ( 'NONE', #4212, 1000.000000000000114 ) ;
#320 = VECTOR ( 'NONE', #2823, 1000.000000000000114 ) ;
#321 = DIRECTION ( 'NONE',  ( 0.000000000000000000, -2.413528314402513597E-16, 1.000000000000000000 ) ) ;
#322 = CARTESIAN_POINT ( 'NONE',  ( -16550.00000000000000, 899.9999999999998863, -910.0000000000001137 ) ) ;
#323 = EDGE_CURVE ( 'NONE', #498, #3739, #3421, .T. ) ;
#324 = FACE_OUTER_BOUND ( 'NONE', #2396, .T. ) ;
#325 = VECTOR ( 'NONE', #598, 1000.000000000000114 ) ;
#326 = VECTOR ( 'NONE', #1358, 1000.000000000000000 ) ;
#327 = DIRECTION ( 'NONE',  ( 0.000000000000000000, -2.413528314402513597E-16, 1.000000000000000000 ) ) ;
#328 = LINE ( 'NONE', #1677, #1909 ) ;
#329 = DIRECTION ( 'NONE',  ( 0.9848077530122093526, 0.000000000000000000, 0.1736481776669235033 ) ) ;
#330 = CARTESIAN_POINT ( 'NONE',  ( -11611.43189860506391, -1077.499998843224375, -769.9999999999964757 ) ) ;
#331 = ADVANCED_FACE ( 'NONE', ( #3341 ), #1691, .F. ) ;
#332 = ORIENTED_EDGE ( 'NONE', *, *, #2797, .F. ) ;
#333 = CARTESIAN_POINT ( 'NONE',  ( -12100.00000000000182, -1054.999999999997726, -459.9999999999984084 ) ) ;
#334 = CARTESIAN_POINT ( 'NONE',  ( -3866.957084846028465, 1189.999999999998408, -868.8465180732548561 ) ) ;
#335 = LINE ( 'NONE', #1311, #4080 ) ;
#336 = VERTEX_POINT ( 'NONE', #4081 ) ;
#337 = LINE ( 'NONE', #3007, #1101 ) ;
#338 = ORIENTED_EDGE ( 'NONE', *, *, #4033, .T. ) ;
#339 = DIRECTION ( 'NONE',  ( 0.000000000000000000, 0.000000000000000000, 1.000000000000000000 ) ) ;
#340 = CARTESIAN_POINT ( 'NONE',  ( -14588.56810139493791, -729.4021522441533989, -769.9999999999963620 ) ) ;
#341 = DIRECTION ( 'NONE',  ( 3.912072321290969353E-16, 2.775557561563032853E-16, -1.000000000000000000 ) ) ;
#342 = EDGE_CURVE ( 'NONE', #4159, #2518, #86, .T. ) ;
#343 = ORIENTED_EDGE ( 'NONE', *, *, #1465, .T. ) ;
#344 = VERTEX_POINT ( 'NONE', #2732 ) ;
#345 = CARTESIAN_POINT ( 'NONE',  ( -10255.33188238365256, -729.4021522441533989, -769.9999999999963620 ) ) ;
#346 = EDGE_CURVE ( 'NONE', #66, #2975, #3428, .T. ) ;
#347 = DIRECTION ( 'NONE',  ( 1.000000000000000000, -0.000000000000000000, -0.000000000000000000 ) ) ;
#348 = CARTESIAN_POINT ( 'NONE',  ( -18500.00000000000000, 1189.999999999998408, -960.0000000000002274 ) ) ;
#349 = VECTOR ( 'NONE', #2503, 1000.000000000000000 ) ;
#350 = DIRECTION ( 'NONE',  ( 0.000000000000000000, -0.9854601157443478865, 0.1699069165076472210 ) ) ;
#351 = AXIS2_PLACEMENT_3D ( 'NONE', #3716, #1694, #385 ) ;
#352 = DIRECTION ( 'NONE',  ( -1.000000000000000000, 0.000000000000000000, -0.000000000000000000 ) ) ;
#353 = ORIENTED_EDGE ( 'NONE', *, *, #2553, .T. ) ;
#354 = CARTESIAN_POINT ( 'NONE',  ( -12100.00000000000182, 679.9999999999977263, -459.9999999999979536 ) ) ;
#355 = ADVANCED_FACE ( 'NONE', ( #2751 ), #1090, .T. ) ;
#356 = ADVANCED_FACE ( 'NONE', ( #3731 ), #2092, .F. ) ;
#357 = DIRECTION ( 'NONE',  ( 0.000000000000000000, -0.000000000000000000, 1.000000000000000000 ) ) ;
#358 = ORIENTED_EDGE ( 'NONE', *, *, #976, .T. ) ;
#359 = CARTESIAN_POINT ( 'NONE',  ( -18120.00000000000000, -875.0000000000000000, -1060.000000000000000 ) ) ;
#360 = CARTESIAN_POINT ( 'NONE',  ( -12500.00000000000182, -814.9999999999974989, -306.2059048389988902 ) ) ;
#361 = VERTEX_POINT ( 'NONE', #2410 ) ;
#362 = LINE ( 'NONE', #1665, #3675 ) ;
#363 = DIRECTION ( 'NONE',  ( -1.000000000000000000, 0.000000000000000000, 0.000000000000000000 ) ) ;
#364 = ORIENTED_EDGE ( 'NONE', *, *, #96, .T. ) ;
#365 = SPHERICAL_SURFACE ( 'NONE', #2082, 1000.000000000000000 ) ;
#366 = DIRECTION ( 'NONE',  ( 0.000000000000000000, 0.9950481186486286322, 0.09939437395458934621 ) ) ;
#367 = DIRECTION ( 'NONE',  ( 0.000000000000000000, -1.000000000000000000, 0.000000000000000000 ) ) ;
#368 = PLANE ( 'NONE',  #2122 ) ;
#369 = ORIENTED_EDGE ( 'NONE', *, *, #2052, .F. ) ;
#370 = LINE ( 'NONE', #1703, #381 ) ;
#371 = EDGE_CURVE ( 'NONE', #925, #1549, #1737, .T. ) ;
#372 = AXIS2_PLACEMENT_3D ( 'NONE', #993, #659, #1436 ) ;
#373 = ORIENTED_EDGE ( 'NONE', *, *, #1611, .F. ) ;
#374 = CARTESIAN_POINT ( 'NONE',  ( -13899.99999999999818, 679.9999999999976126, 2.053912595556539600E-12 ) ) ;
#375 = DIRECTION ( 'NONE',  ( 0.000000000000000000, -1.000000000000000000, 0.000000000000000000 ) ) ;
#376 = CARTESIAN_POINT ( 'NONE',  ( -12444.28938755610034, -679.9999999999974989, -765.0652677973106393 ) ) ;
#377 = CARTESIAN_POINT ( 'NONE',  ( -14299.99999999999818, 1077.499998843224375, -589.9999999999964757 ) ) ;
#378 = ADVANCED_FACE ( 'NONE', ( #3746 ), #69, .T. ) ;
#379 = ORIENTED_EDGE ( 'NONE', *, *, #4165, .F. ) ;
#380 = CARTESIAN_POINT ( 'NONE',  ( -18500.00000000000000, -1190.000000000002728, -960.0000000000002274 ) ) ;
#381 = VECTOR ( 'NONE', #3142, 1000.000000000000000 ) ;
#382 = CARTESIAN_POINT ( 'NONE',  ( -13899.99999999999818, 679.9999999999977263, -459.9999999999979536 ) ) ;
#383 = ORIENTED_EDGE ( 'NONE', *, *, #1224, .T. ) ;
#384 = AXIS2_PLACEMENT_3D ( 'NONE', #1790, #3107, #120 ) ;
#385 = DIRECTION ( 'NONE',  ( -1.000000000000000000, -2.220446049250313081E-16, 0.000000000000000000 ) ) ;
#386 = CARTESIAN_POINT ( 'NONE',  ( 616.7948635501689978, 954.9999999999998863, -1060.000000000000000 ) ) ;
#387 = DIRECTION ( 'NONE',  ( 1.000000000000000000, 0.000000000000000000, 0.000000000000000000 ) ) ;
#388 = CIRCLE ( 'NONE', #1364, 79.99999999999995737 ) ;
#389 = DIRECTION ( 'NONE',  ( 0.000000000000000000, -2.249385511977649118E-16, 1.000000000000000000 ) ) ;
#390 = VERTEX_POINT ( 'NONE', #1050 ) ;
#391 = VECTOR ( 'NONE', #2852, 1000.000000000000000 ) ;
#392 = EDGE_CURVE ( 'NONE', #1716, #3236, #2031, .T. ) ;
#393 = ORIENTED_EDGE ( 'NONE', *, *, #2945, .F. ) ;
#394 = PRODUCT_RELATED_PRODUCT_CATEGORY ( 'part', '', ( #736 ) ) ;
#395 = ORIENTED_EDGE ( 'NONE', *, *, #27, .T. ) ;
#396 = FACE_OUTER_BOUND ( 'NONE', #2800, .T. ) ;
#397 = CARTESIAN_POINT ( 'NONE',  ( -18120.00000000000000, 875.0000000000000000, -1060.000000000000000 ) ) ;
#398 = VERTEX_POINT ( 'NONE', #421 ) ;
#399 = DIRECTION ( 'NONE',  ( 0.000000000000000000, -0.000000000000000000, -1.000000000000000000 ) ) ;
#400 = CARTESIAN_POINT ( 'NONE',  ( -2350.000000000001364, -1189.999999999999091, -960.0000000000002274 ) ) ;
#401 = EDGE_LOOP ( 'NONE', ( #1198, #1139, #454, #654 ) ) ;
#402 = FACE_OUTER_BOUND ( 'NONE', #792, .T. ) ;
#403 = CARTESIAN_POINT ( 'NONE',  ( 616.7948635501689978, -875.0000000000000000, -1060.000000000000000 ) ) ;
#404 = CARTESIAN_POINT ( 'NONE',  ( -380.0000000000000000, 875.0000000000000000, -1060.000000000000000 ) ) ;
#405 = ORIENTED_EDGE ( 'NONE', *, *, #3447, .F. ) ;
#406 = FACE_OUTER_BOUND ( 'NONE', #3331, .T. ) ;
#407 = LINE ( 'NONE', #2417, #3372 ) ;
#408 = EDGE_CURVE ( 'NONE', #2681, #440, #1756, .T. ) ;
#409 = ORIENTED_EDGE ( 'NONE', *, *, #2145, .T. ) ;
#410 = VECTOR ( 'NONE', #1763, 1000.000000000000114 ) ;
#411 = VERTEX_POINT ( 'NONE', #3070 ) ;
#412 = AXIS2_PLACEMENT_3D ( 'NONE', #2794, #3424, #1426 ) ;
#413 = CARTESIAN_POINT ( 'NONE',  ( -13499.99999999999818, 1950.712458671872810, -589.9999999999963620 ) ) ;
#414 = EDGE_LOOP ( 'NONE', ( #1296, #71, #3173, #1952, #2142, #2020, #1872 ) ) ;
#415 = FACE_OUTER_BOUND ( 'NONE', #1095, .T. ) ;
#416 = CARTESIAN_POINT ( 'NONE',  ( -12500.00000000000182, 814.9999999999972715, -589.9999999999965894 ) ) ;
#417 = EDGE_LOOP ( 'NONE', ( #2622, #2661, #4167, #4111 ) ) ;
#418 = CARTESIAN_POINT ( 'NONE',  ( -13965.57253896063776, 1189.999999999998408, -751.1534819267453713 ) ) ;
#419 = DIRECTION ( 'NONE',  ( 1.000000000000000000, -0.000000000000000000, 0.000000000000000000 ) ) ;
#420 = ADVANCED_FACE ( 'NONE', ( #4063 ), #1109, .F. ) ;
#421 = CARTESIAN_POINT ( 'NONE',  ( -2349.999999999999545, 899.9999999999998863, -910.0000000000001137 ) ) ;
#422 = ORIENTED_EDGE ( 'NONE', *, *, #2352, .T. ) ;
#423 = ORIENTED_EDGE ( 'NONE', *, *, #1407, .T. ) ;
#424 = CARTESIAN_POINT ( 'NONE',  ( -13560.14709064066847, 729.4021522441533989, -769.9999999999959073 ) ) ;
#425 = VECTOR ( 'NONE', #2814, 1000.000000000000000 ) ;
#426 = CARTESIAN_POINT ( 'NONE',  ( -19116.79486355016707, 875.0000000000000000, -1140.000000000000227 ) ) ;
#427 = VERTEX_POINT ( 'NONE', #715 ) ;
#428 = CARTESIAN_POINT ( 'NONE',  ( -11652.71931086792392, -679.9999999999977263, -567.4243228023080974 ) ) ;
#429 = VERTEX_POINT ( 'NONE', #1769 ) ;
#430 = EDGE_CURVE ( 'NONE', #3022, #1493, #3629, .T. ) ;
#431 = ORIENTED_EDGE ( 'NONE', *, *, #2074, .F. ) ;
#432 = DIRECTION ( 'NONE',  ( 0.000000000000000000, -1.000000000000000000, -2.775557561563032853E-16 ) ) ;
#433 = ORIENTED_EDGE ( 'NONE', *, *, #4193, .T. ) ;
#434 = LINE ( 'NONE', #3086, #1284 ) ;
#435 = AXIS2_PLACEMENT_3D ( 'NONE', #196, #2856, #240 ) ;
#436 = ORIENTED_EDGE ( 'NONE', *, *, #3515, .T. ) ;
#437 = CARTESIAN_POINT ( 'NONE',  ( 616.7948635501689978, 875.0000000000000000, -1060.000000000000000 ) ) ;
#438 =( BOUNDED_CURVE ( )  B_SPLINE_CURVE ( 3, ( #4106, #822, #89, #424 ),
 .UNSPECIFIED., .F., .T. ) 
 B_SPLINE_CURVE_WITH_KNOTS ( ( 4, 4 ),
 ( 5.437455678617205024, 5.451881468827075139 ),
 .UNSPECIFIED. ) 
 CURVE ( )  GEOMETRIC_REPRESENTATION_ITEM ( )  RATIONAL_B_SPLINE_CURVE ( ( 1.000000000000000000, 0.9999826581232540423, 0.9999826581232540423, 1.000000000000000000 ) ) 
 REPRESENTATION_ITEM ( '' )  );
#439 = DIRECTION ( 'NONE',  ( -1.000000000000000000, 0.000000000000000000, 1.189916929857710326E-16 ) ) ;
#440 = VERTEX_POINT ( 'NONE', #1445 ) ;
#441 = EDGE_CURVE ( 'NONE', #4103, #2624, #2768, .T. ) ;
#442 = EDGE_CURVE ( 'NONE', #1471, #2407, #4114, .T. ) ;
#443 = EDGE_LOOP ( 'NONE', ( #2436, #4034, #332, #2075 ) ) ;
#444 = PRODUCT_DEFINITION ( 'NON CONOSCIUTO', '', #1609, #620 ) ;
#445 = FACE_OUTER_BOUND ( 'NONE', #3427, .T. ) ;
#446 = CARTESIAN_POINT ( 'NONE',  ( 0.000000000000000000, 875.0000000000000000, -1060.000000000000000 ) ) ;
#447 = CIRCLE ( 'NONE', #2105, 79.99999999999995737 ) ;
#448 = ORIENTED_EDGE ( 'NONE', *, *, #3253, .T. ) ;
#449 = CARTESIAN_POINT ( 'NONE',  ( -12100.00000000000182, 814.9999999999972715, -459.9999999999978968 ) ) ;
#450 = VECTOR ( 'NONE', #3492, 1000.000000000000000 ) ;
#451 = VECTOR ( 'NONE', #3261, 1000.000000000000000 ) ;
#452 = EDGE_CURVE ( 'NONE', #3743, #3131, #90, .T. ) ;
#453 = AXIS2_PLACEMENT_3D ( 'NONE', #3605, #3905, #281 ) ;
#454 = ORIENTED_EDGE ( 'NONE', *, *, #3164, .T. ) ;
#455 = CIRCLE ( 'NONE', #2539, 79.99999999999995737 ) ;
#456 = VECTOR ( 'NONE', #3631, 1000.000000000000114 ) ;
#457 = AXIS2_PLACEMENT_3D ( 'NONE', #3049, #1643, #4282 ) ;
#458 = EDGE_LOOP ( 'NONE', ( #2903, #2430, #2306, #3786 ) ) ;
#459 = PLANE ( 'NONE',  #3152 ) ;
#460 = CARTESIAN_POINT ( 'NONE',  ( -1949.999999999999773, 1189.999999999998408, -960.0000000000002274 ) ) ;
#461 = ORIENTED_EDGE ( 'NONE', *, *, #1300, .T. ) ;
#462 = PLANE ( 'NONE',  #873 ) ;
#463 = DIRECTION ( 'NONE',  ( 7.824144642581933777E-16, -2.775557561563032853E-16, 1.000000000000000000 ) ) ;
#464 = ORIENTED_EDGE ( 'NONE', *, *, #2783, .T. ) ;
#465 = AXIS2_PLACEMENT_3D ( 'NONE', #1076, #53, #1389 ) ;
#466 = ORIENTED_EDGE ( 'NONE', *, *, #548, .F. ) ;
#467 = CYLINDRICAL_SURFACE ( 'NONE', #4048, 277.7941176470602045 ) ;
#468 = LINE ( 'NONE', #72, #2302 ) ;
#469 = DIRECTION ( 'NONE',  ( -0.000000000000000000, 1.000000000000000000, -0.000000000000000000 ) ) ;
#470 = ORIENTED_EDGE ( 'NONE', *, *, #2506, .F. ) ;
#471 = EDGE_LOOP ( 'NONE', ( #2033, #1408, #713, #2851, #1302, #1227, #690, #1750 ) ) ;
#472 = VERTEX_POINT ( 'NONE', #3835 ) ;
#473 = ORIENTED_EDGE ( 'NONE', *, *, #2391, .T. ) ;
#474 = EDGE_CURVE ( 'NONE', #3793, #4073, #4126, .T. ) ;
#475 = DIRECTION ( 'NONE',  ( 0.000000000000000000, 1.000000000000000000, 3.301729611148416588E-16 ) ) ;
#476 = VERTEX_POINT ( 'NONE', #3477 ) ;
#477 = CARTESIAN_POINT ( 'NONE',  ( -2.960028466111267173E-12, -989.9999999999984084, -660.0000000000017053 ) ) ;
#478 = PLANE ( 'NONE',  #597 ) ;
#479 = VERTEX_POINT ( 'NONE', #3129 ) ;
#480 = LINE ( 'NONE', #3149, #778 ) ;
#481 = EDGE_CURVE ( 'NONE', #3006, #2766, #1167, .T. ) ;
#482 = ADVANCED_FACE ( 'NONE', ( #189 ), #1506, .F. ) ;
#483 = AXIS2_PLACEMENT_3D ( 'NONE', #951, #2592, #1944 ) ;
#484 = CONTEXT_DEPENDENT_SHAPE_REPRESENTATION ( #3233, #4049 ) ;
#485 = DIRECTION ( 'NONE',  ( 0.000000000000000000, 1.000000000000000000, 3.301729611148416588E-16 ) ) ;
#486 = VERTEX_POINT ( 'NONE', #210 ) ;
#487 = ORIENTED_EDGE ( 'NONE', *, *, #2665, .T. ) ;
#488 = EDGE_CURVE ( 'NONE', #4203, #3006, #3858, .T. ) ;
#489 = SURFACE_STYLE_USAGE ( .BOTH. , #1535 ) ;
#490 = DIRECTION ( 'NONE',  ( 0.000000000000000000, 1.000000000000000000, 2.775557561563032853E-16 ) ) ;
#491 = EDGE_LOOP ( 'NONE', ( #1066, #703, #2069, #2131, #338, #393, #3059, #749, #546, #2453, #2770, #1415 ) ) ;
#492 = CARTESIAN_POINT ( 'NONE',  ( -3866.957084846028465, -1190.000000000002728, -868.8465180732548561 ) ) ;
#493 = EDGE_LOOP ( 'NONE', ( #3100, #766, #2734, #19, #3023, #3674, #3103, #1706, #304 ) ) ;
#494 = LINE ( 'NONE', #131, #889 ) ;
#495 = CARTESIAN_POINT ( 'NONE',  ( -380.0000000000000000, -875.0000000000000000, -1060.000000000000000 ) ) ;
#496 = AXIS2_PLACEMENT_3D ( 'NONE', #286, #981, #3586 ) ;
#497 = ADVANCED_FACE ( 'NONE', ( #2179 ), #1831, .T. ) ;
#498 = VERTEX_POINT ( 'NONE', #2490 ) ;
#499 = PRESENTATION_LAYER_ASSIGNMENT (  '', '', ( #3677 ) ) ;
#500 = CARTESIAN_POINT ( 'NONE',  ( -13680.00000000000000, -1077.499998843224603, -239.9999999999985505 ) ) ;
#501 = ORIENTED_EDGE ( 'NONE', *, *, #3008, .F. ) ;
#502 = CARTESIAN_POINT ( 'NONE',  ( -12100.00000000000182, 679.9999999999976126, 2.053912595556539600E-12 ) ) ;
#503 = ORIENTED_EDGE ( 'NONE', *, *, #4134, .T. ) ;
#504 = CARTESIAN_POINT ( 'NONE',  ( -1949.999999999999773, 1189.999999999998408, -960.0000000000002274 ) ) ;
#505 = CARTESIAN_POINT ( 'NONE',  ( -2349.999999999999545, -1189.999999999998408, -960.0000000000002274 ) ) ;
#506 = ORIENTED_EDGE ( 'NONE', *, *, #2868, .T. ) ;
#507 = ADVANCED_FACE ( 'NONE', ( #1146, #840 ), #1222, .F. ) ;
#508 = VECTOR ( 'NONE', #2029, 1000.000000000000000 ) ;
#509 = VERTEX_POINT ( 'NONE', #817 ) ;
#510 = CARTESIAN_POINT ( 'NONE',  ( -14388.56810139493609, 1077.499998843224375, -769.9999999999957936 ) ) ;
#511 = DIRECTION ( 'NONE',  ( 0.000000000000000000, 0.000000000000000000, 1.000000000000000000 ) ) ;
#512 = FILL_AREA_STYLE ('',( #3177 ) ) ;
#513 = DIRECTION ( 'NONE',  ( 0.000000000000000000, 1.000000000000000000, 2.775557561563032853E-16 ) ) ;
#514 = CARTESIAN_POINT ( 'NONE',  ( -12541.24822945820415, -732.4719190560189190, -589.9999999999970441 ) ) ;
#515 = ORIENTED_EDGE ( 'NONE', *, *, #323, .T. ) ;
#516 = ORIENTED_EDGE ( 'NONE', *, *, #3772, .F. ) ;
#517 = CARTESIAN_POINT ( 'NONE',  ( -14119.99999999999818, 1077.499998843224148, -239.9999999999978684 ) ) ;
#518 = LINE ( 'NONE', #3205, #194 ) ;
#519 = VECTOR ( 'NONE', #3000, 1000.000000000000114 ) ;
#520 = VECTOR ( 'NONE', #2073, 1000.000000000000000 ) ;
#521 = CARTESIAN_POINT ( 'NONE',  ( -11700.00000000000182, -814.9999999999974989, -589.9999999999970441 ) ) ;
#522 = FACE_OUTER_BOUND ( 'NONE', #2673, .T. ) ;
#523 = AXIS2_PLACEMENT_3D ( 'NONE', #1334, #1712, #2666 ) ;
#524 = AXIS2_PLACEMENT_3D ( 'NONE', #3329, #1326, #2659 ) ;
#525 = ORIENTED_EDGE ( 'NONE', *, *, #346, .F. ) ;
#526 = ORIENTED_EDGE ( 'NONE', *, *, #3670, .F. ) ;
#527 = CIRCLE ( 'NONE', #3304, 1000.000000000000000 ) ;
#528 = VECTOR ( 'NONE', #661, 1000.000000000000000 ) ;
#529 = VECTOR ( 'NONE', #2792, 1000.000000000000000 ) ;
#530 = LINE ( 'NONE', #884, #3148 ) ;
#531 = ORIENTED_EDGE ( 'NONE', *, *, #914, .T. ) ;
#532 = FACE_OUTER_BOUND ( 'NONE', #3282, .T. ) ;
#533 = PRODUCT_DEFINITION_CONTEXT ( 'detailed design', #4116, 'design' ) ;
#534 = CARTESIAN_POINT ( 'NONE',  ( -13555.71061244389966, -679.9999999999974989, -765.0652677973106393 ) ) ;
#535 = CARTESIAN_POINT ( 'NONE',  ( -14242.82243898500201, -696.5740269077375615, -766.7208309781532307 ) ) ;
#536 = DIRECTION ( 'NONE',  ( 0.000000000000000000, 1.000000000000000000, 2.775557561563032853E-16 ) ) ;
#537 = EDGE_CURVE ( 'NONE', #1893, #876, #530, .T. ) ;
#538 = VECTOR ( 'NONE', #2144, 1000.000000000000000 ) ;
#539 = ORIENTED_EDGE ( 'NONE', *, *, #2110, .F. ) ;
#540 = CARTESIAN_POINT ( 'NONE',  ( -2349.999999999999545, -200.0000000000000000, -825.0000000000001137 ) ) ;
#541 = CARTESIAN_POINT ( 'NONE',  ( -19116.79486355016707, -875.0000000000000000, -1060.000000000000000 ) ) ;
#542 = CARTESIAN_POINT ( 'NONE',  ( -12545.46126534801260, 697.6074941491500567, -574.9998243529004185 ) ) ;
#543 = VERTEX_POINT ( 'NONE', #1463 ) ;
#544 = ORIENTED_EDGE ( 'NONE', *, *, #825, .T. ) ;
#545 = CARTESIAN_POINT ( 'NONE',  ( -11411.43189860506209, -877.4999988432243754, -769.9999999999963620 ) ) ;
#546 = ORIENTED_EDGE ( 'NONE', *, *, #1867, .F. ) ;
#547 = DIRECTION ( 'NONE',  ( 0.000000000000000000, 1.000000000000000000, 3.301729611148416588E-16 ) ) ;
#548 = EDGE_CURVE ( 'NONE', #2877, #1341, #584, .T. ) ;
#549 = VECTOR ( 'NONE', #252, 1000.000000000000000 ) ;
#550 = CARTESIAN_POINT ( 'NONE',  ( -13557.17756101499617, -696.5740269077365383, -766.7208309781531170 ) ) ;
#551 = CARTESIAN_POINT ( 'NONE',  ( 0.000000000000000000, 0.000000000000000000, -960.0000000000002274 ) ) ;
#552 = VECTOR ( 'NONE', #3959, 1000.000000000000000 ) ;
#553 = CIRCLE ( 'NONE', #3529, 460.0000000000000000 ) ;
#554 = ORIENTED_EDGE ( 'NONE', *, *, #3833, .T. ) ;
#555 = VERTEX_POINT ( 'NONE', #545 ) ;
#556 = CARTESIAN_POINT ( 'NONE',  ( -14119.99999999999818, -1950.712458671873037, -239.9999999999987779 ) ) ;
#557 = CARTESIAN_POINT ( 'NONE',  ( -12444.28938755610034, -679.9999999999974989, -765.0652677973106393 ) ) ;
#558 = ADVANCED_FACE ( 'NONE', ( #1877 ), #3196, .F. ) ;
#559 = CARTESIAN_POINT ( 'NONE',  ( -14119.99999999999818, -1950.712458671872810, -517.7941176470596929 ) ) ;
#560 = AXIS2_PLACEMENT_3D ( 'NONE', #1658, #3926, #275 ) ;
#561 = ORIENTED_EDGE ( 'NONE', *, *, #3630, .F. ) ;
#562 =( GEOMETRIC_REPRESENTATION_CONTEXT ( 3 ) GLOBAL_UNCERTAINTY_ASSIGNED_CONTEXT ( ( #3481 ) ) GLOBAL_UNIT_ASSIGNED_CONTEXT ( ( #125, #1815, #3462 ) ) REPRESENTATION_CONTEXT ( 'NONE', 'WORKASPACE' ) );
#563 = EDGE_LOOP ( 'NONE', ( #4109, #858, #4149, #2668, #2064, #3931, #2108, #473 ) ) ;
#564 = DIRECTION ( 'NONE',  ( 2.400482215405744004E-16, -1.000000000000000000, -0.000000000000000000 ) ) ;
#565 = ORIENTED_EDGE ( 'NONE', *, *, #4195, .T. ) ;
#566 = CARTESIAN_POINT ( 'NONE',  ( -18500.00000000000000, -875.0000000000000000, -1140.000000000000227 ) ) ;
#567 = CARTESIAN_POINT ( 'NONE',  ( -12100.00000000000182, 1054.999999999997272, -459.9999999999978400 ) ) ;
#568 = ORIENTED_EDGE ( 'NONE', *, *, #1785, .F. ) ;
#569 = CARTESIAN_POINT ( 'NONE',  ( -14343.45001286961815, -715.1018965907406937, -582.5266689850961939 ) ) ;
#570 = DIRECTION ( 'NONE',  ( 0.000000000000000000, -1.000000000000000000, -2.249385511977649118E-16 ) ) ;
#571 = EDGE_CURVE ( 'NONE', #2975, #2087, #447, .T. ) ;
#572 = ADVANCED_FACE ( 'NONE', ( #1857, #2548, #142 ), #3813, .F. ) ;
#573 = ORIENTED_EDGE ( 'NONE', *, *, #3882, .T. ) ;
#574 = PRODUCT_DEFINITION_FORMATION_WITH_SPECIFIED_SOURCE ( 'TUTTO', '', #3802, .NOT_KNOWN. ) ;
#575 = ORIENTED_EDGE ( 'NONE', *, *, #3038, .T. ) ;
#576 = LINE ( 'NONE', #556, #3113 ) ;
#577 =( BOUNDED_CURVE ( )  B_SPLINE_CURVE ( 3, ( #3502, #265, #535, #2254 ),
 .UNSPECIFIED., .F., .F. ) 
 B_SPLINE_CURVE_WITH_KNOTS ( ( 4, 4 ),
 ( 0.8313038383525108710, 0.8457296285623810972 ),
 .UNSPECIFIED. ) 
 CURVE ( )  GEOMETRIC_REPRESENTATION_ITEM ( )  RATIONAL_B_SPLINE_CURVE ( ( 1.000000000000000000, 0.9999826581232540423, 0.9999826581232540423, 1.000000000000000000 ) ) 
 REPRESENTATION_ITEM ( '' )  );
#578 = CARTESIAN_POINT ( 'NONE',  ( -16550.00000000000000, 1189.999999999998408, -960.0000000000002274 ) ) ;
#579 = LINE ( 'NONE', #1542, #1390 ) ;
#580 = FACE_OUTER_BOUND ( 'NONE', #1064, .T. ) ;
#581 = LINE ( 'NONE', #2239, #2099 ) ;
#582 = AXIS2_PLACEMENT_3D ( 'NONE', #3595, #635, #4271 ) ;
#583 = EDGE_CURVE ( 'NONE', #717, #2467, #2789, .T. ) ;
#584 = CIRCLE ( 'NONE', #4184, 1000.000000000000000 ) ;
#585 = CARTESIAN_POINT ( 'NONE',  ( -16150.00000000000182, -200.0000000000000000, -825.0000000000001137 ) ) ;
#586 = CYLINDRICAL_SURFACE ( 'NONE', #3919, 6000.000000000000000 ) ;
#587 = EDGE_LOOP ( 'NONE', ( #364, #1475, #2474, #953 ) ) ;
#588 = CARTESIAN_POINT ( 'NONE',  ( -12541.24822945820597, 1054.999999999997499, -589.9999999999964757 ) ) ;
#589 = EDGE_CURVE ( 'NONE', #2468, #3016, #1278, .T. ) ;
#590 = LINE ( 'NONE', #2316, #2958 ) ;
#591 = FACE_OUTER_BOUND ( 'NONE', #2059, .T. ) ;
#592 = ORIENTED_EDGE ( 'NONE', *, *, #3818, .F. ) ;
#593 = CIRCLE ( 'NONE', #3499, 460.0000000000001137 ) ;
#594 = DIRECTION ( 'NONE',  ( 1.000000000000000000, 0.000000000000000000, -0.000000000000000000 ) ) ;
#595 = CARTESIAN_POINT ( 'NONE',  ( -11760.14709064067210, -729.4021522441533989, -769.9999999999963620 ) ) ;
#596 = VERTEX_POINT ( 'NONE', #3878 ) ;
#597 = AXIS2_PLACEMENT_3D ( 'NONE', #4098, #1807, #3124 ) ;
#598 = DIRECTION ( 'NONE',  ( 0.000000000000000000, -0.9854601157443478865, 0.1699069165076472210 ) ) ;
#599 =( NAMED_UNIT ( * ) PLANE_ANGLE_UNIT ( ) SI_UNIT ( $, .RADIAN. ) );
#600 = DIRECTION ( 'NONE',  ( -7.824144642581933777E-16, 2.775557561563032853E-16, -1.000000000000000000 ) ) ;
#601 = FACE_OUTER_BOUND ( 'NONE', #417, .T. ) ;
#602 = ORIENTED_EDGE ( 'NONE', *, *, #1199, .F. ) ;
#603 = EDGE_LOOP ( 'NONE', ( #2351, #289, #4131, #3539, #2912, #1711 ) ) ;
#604 = DIRECTION ( 'NONE',  ( 0.000000000000000000, -2.413528314402513597E-16, 1.000000000000000000 ) ) ;
#605 = DIRECTION ( 'NONE',  ( -1.000000000000000000, -0.000000000000000000, -0.000000000000000000 ) ) ;
#606 = CARTESIAN_POINT ( 'NONE',  ( -12500.00000000000182, 1950.712458671872810, -589.9999999999963620 ) ) ;
#607 = AXIS2_PLACEMENT_3D ( 'NONE', #2954, #4270, #1274 ) ;
#608 = DIRECTION ( 'NONE',  ( 0.000000000000000000, 0.000000000000000000, -1.000000000000000000 ) ) ;
#609 =( BOUNDED_CURVE ( )  B_SPLINE_CURVE ( 3, ( #296, #1626, #2979, #1035 ),
 .UNSPECIFIED., .F., .T. ) 
 B_SPLINE_CURVE_WITH_KNOTS ( ( 4, 4 ),
 ( 0.8313038383525110930, 0.8457296285623812082 ),
 .UNSPECIFIED. ) 
 CURVE ( )  GEOMETRIC_REPRESENTATION_ITEM ( )  RATIONAL_B_SPLINE_CURVE ( ( 1.000000000000000000, 0.9999826581232540423, 0.9999826581232540423, 1.000000000000000000 ) ) 
 REPRESENTATION_ITEM ( '' )  );
#610 = CARTESIAN_POINT ( 'NONE',  ( -14299.99999999999818, -814.9999999999974989, -306.2059048389986629 ) ) ;
#611 = CARTESIAN_POINT ( 'NONE',  ( -13899.99999999999818, -814.9999999999972715, -909.9999999999987494 ) ) ;
#612 = DIRECTION ( 'NONE',  ( -0.000000000000000000, -2.775557561563032853E-16, 1.000000000000000000 ) ) ;
#613 = EDGE_CURVE ( 'NONE', #1305, #1058, #1354, .T. ) ;
#614 = VERTEX_POINT ( 'NONE', #334 ) ;
#615 = AXIS2_PLACEMENT_3D ( 'NONE', #1964, #3284, #2709 ) ;
#616 = CARTESIAN_POINT ( 'NONE',  ( -14588.56810139493791, -176.9719203373659866, -350.9999999999987494 ) ) ;
#617 = DIRECTION ( 'NONE',  ( 1.000000000000000000, 0.000000000000000000, -0.000000000000000000 ) ) ;
#618 = VERTEX_POINT ( 'NONE', #923 ) ;
#619 = LINE ( 'NONE', #1289, #3920 ) ;
#620 = PRODUCT_DEFINITION_CONTEXT ( 'detailed design', #1821, 'design' ) ;
#621 = EDGE_CURVE ( 'NONE', #1941, #1731, #3562, .T. ) ;
#622 = EDGE_CURVE ( 'NONE', #2859, #41, #1492, .T. ) ;
#623 = DIRECTION ( 'NONE',  ( 0.000000000000000000, 1.000000000000000000, 2.775557561563032853E-16 ) ) ;
#624 = DIRECTION ( 'NONE',  ( -1.000000000000000000, -2.405483220021172340E-16, 0.000000000000000000 ) ) ;
#625 = CARTESIAN_POINT ( 'NONE',  ( -11760.14709064067210, 729.4021522441533989, -769.9999999999959073 ) ) ;
#626 = ORIENTED_EDGE ( 'NONE', *, *, #260, .F. ) ;
#627 = ORIENTED_EDGE ( 'NONE', *, *, #2804, .T. ) ;
#628 = AXIS2_PLACEMENT_3D ( 'NONE', #1537, #3821, #1862 ) ;
#629 = EDGE_CURVE ( 'NONE', #1025, #826, #1661, .T. ) ;
#630 = VECTOR ( 'NONE', #4115, 1000.000000000000000 ) ;
#631 = FACE_OUTER_BOUND ( 'NONE', #1762, .T. ) ;
#632 = AXIS2_PLACEMENT_3D ( 'NONE', #3296, #699, #3274 ) ;
#633 = DIRECTION ( 'NONE',  ( 0.000000000000000000, -1.000000000000000000, -2.249385511977649118E-16 ) ) ;
#634 = PLANE ( 'NONE',  #3036 ) ;
#635 = DIRECTION ( 'NONE',  ( 0.000000000000000000, 1.000000000000000000, 2.775557561563032853E-16 ) ) ;
#636 = ADVANCED_FACE ( 'NONE', ( #1310 ), #2223, .T. ) ;
#637 = LINE ( 'NONE', #1824, #2672 ) ;
#638 = EDGE_CURVE ( 'NONE', #3735, #2787, #2591, .T. ) ;
#639 = CARTESIAN_POINT ( 'NONE',  ( -3866.957084846028920, 1189.999999999998408, -868.8465180732547424 ) ) ;
#640 = CARTESIAN_POINT ( 'NONE',  ( -13899.99999999999818, 814.9999999999974989, -909.9999999999982947 ) ) ;
#641 = CARTESIAN_POINT ( 'NONE',  ( -380.0000000000000000, -875.0000000000000000, -1060.000000000000000 ) ) ;
#642 = VERTEX_POINT ( 'NONE', #902 ) ;
#643 = CYLINDRICAL_SURFACE ( 'NONE', #3881, 460.0000000000000568 ) ;
#644 = LINE ( 'NONE', #1965, #241 ) ;
#645 = CARTESIAN_POINT ( 'NONE',  ( -14299.99999999999818, 1077.499998843224148, -306.2059048389980376 ) ) ;
#646 = EDGE_CURVE ( 'NONE', #1725, #398, #1566, .T. ) ;
#647 = ORIENTED_EDGE ( 'NONE', *, *, #1519, .T. ) ;
#648 = CARTESIAN_POINT ( 'NONE',  ( 0.000000000000000000, -875.0000000000000000, -1140.000000000000227 ) ) ;
#649 = CARTESIAN_POINT ( 'NONE',  ( -13680.00000000000000, -1950.712458671873037, -239.9999999999987779 ) ) ;
#650 = DIRECTION ( 'NONE',  ( 0.000000000000000000, 0.000000000000000000, 1.000000000000000000 ) ) ;
#651 = LINE ( 'NONE', #694, #2245 ) ;
#652 = DIRECTION ( 'NONE',  ( 0.000000000000000000, -1.000000000000000000, -5.551115123125784674E-16 ) ) ;
#653 = EDGE_CURVE ( 'NONE', #2007, #1622, #3945, .T. ) ;
#654 = ORIENTED_EDGE ( 'NONE', *, *, #3998, .T. ) ;
#655 = DIRECTION ( 'NONE',  ( -1.000000000000000000, 0.000000000000000000, -0.000000000000000000 ) ) ;
#656 = EDGE_CURVE ( 'NONE', #498, #2378, #2963, .T. ) ;
#657 = LINE ( 'NONE', #1343, #248 ) ;
#658 = CIRCLE ( 'NONE', #1700, 6000.000000000000000 ) ;
#659 = DIRECTION ( 'NONE',  ( 0.000000000000000000, 1.000000000000000000, 3.301729611148416588E-16 ) ) ;
#660 = CARTESIAN_POINT ( 'NONE',  ( 616.7948635501689978, 795.0000000000001137, -1060.000000000000000 ) ) ;
#661 = DIRECTION ( 'NONE',  ( 1.000000000000000000, -0.000000000000000000, -0.000000000000000000 ) ) ;
#662 = VERTEX_POINT ( 'NONE', #998 ) ;
#663 = DIRECTION ( 'NONE',  ( -0.000000000000000000, -1.000000000000000000, -2.775557561563032853E-16 ) ) ;
#664 = VECTOR ( 'NONE', #3712, 1000.000000000000000 ) ;
#665 = DIRECTION ( 'NONE',  ( 0.000000000000000000, 1.000000000000000000, 3.301729611148416588E-16 ) ) ;
#666 = DIRECTION ( 'NONE',  ( 0.000000000000000000, 0.9185881544472648264, -0.3952161465694030151 ) ) ;
#667 = VERTEX_POINT ( 'NONE', #2246 ) ;
#668 = CARTESIAN_POINT ( 'NONE',  ( -10255.33188238365256, 679.9999999999979536, -765.0652677973102982 ) ) ;
#669 = CARTESIAN_POINT ( 'NONE',  ( -13899.99999999999818, 814.9999999999972715, -459.9999999999978968 ) ) ;
#670 = EDGE_LOOP ( 'NONE', ( #808, #1368, #751, #2499 ) ) ;
#671 = AXIS2_PLACEMENT_3D ( 'NONE', #3767, #118, #1108 ) ;
#672 = LINE ( 'NONE', #1735, #1605 ) ;
#673 = EDGE_CURVE ( 'NONE', #1927, #2624, #590, .T. ) ;
#674 = CARTESIAN_POINT ( 'NONE',  ( -12500.00000000000182, 1077.499998843224148, -306.2059048389983218 ) ) ;
#675 = EDGE_LOOP ( 'NONE', ( #409, #4096, #2940, #200 ) ) ;
#676 = ORIENTED_EDGE ( 'NONE', *, *, #3772, .T. ) ;
#677 = CIRCLE ( 'NONE', #1369, 999.9999999999998863 ) ;
#678 = AXIS2_PLACEMENT_3D ( 'NONE', #4216, #2570, #2251 ) ;
#679 = CARTESIAN_POINT ( 'NONE',  ( -11700.00000000000182, -814.9999999999974989, -306.2059048389986629 ) ) ;
#680 = DIRECTION ( 'NONE',  ( 0.000000000000000000, -0.1699069165076472210, 0.9854601157443478865 ) ) ;
#681 = CARTESIAN_POINT ( 'NONE',  ( -11654.53873465198922, -697.6074941491493746, -574.9998243529005322 ) ) ;
#682 = CARTESIAN_POINT ( 'NONE',  ( -2.914659381970696526E-13, 1189.999999999998408, -960.0000000000002274 ) ) ;
#683 = AXIS2_PLACEMENT_3D ( 'NONE', #359, #399, #691 ) ;
#684 = DIRECTION ( 'NONE',  ( 1.000000000000000000, -0.000000000000000000, -0.000000000000000000 ) ) ;
#685 = FACE_OUTER_BOUND ( 'NONE', #2398, .T. ) ;
#686 = EDGE_LOOP ( 'NONE', ( #3211, #2866, #2463, #531, #3182 ) ) ;
#687 = DIRECTION ( 'NONE',  ( 0.000000000000000000, 0.000000000000000000, 1.000000000000000000 ) ) ;
#688 = CARTESIAN_POINT ( 'NONE',  ( -1949.999999999999773, -800.0000000000000000, -910.0000000000001137 ) ) ;
#689 = DIRECTION ( 'NONE',  ( 3.912072321290969353E-16, 2.775557561563032853E-16, -1.000000000000000000 ) ) ;
#690 = ORIENTED_EDGE ( 'NONE', *, *, #2370, .F. ) ;
#691 = DIRECTION ( 'NONE',  ( 0.000000000000000000, -1.000000000000000000, 0.000000000000000000 ) ) ;
#692 = ORIENTED_EDGE ( 'NONE', *, *, #156, .F. ) ;
#693 = LINE ( 'NONE', #3667, #4028 ) ;
#694 = CARTESIAN_POINT ( 'NONE',  ( -16550.00000000000000, 800.0000000000000000, -910.0000000000001137 ) ) ;
#695 = PLANE ( 'NONE',  #162 ) ;
#696 = ORIENTED_EDGE ( 'NONE', *, *, #2913, .F. ) ;
#697 = ADVANCED_FACE ( 'NONE', ( #4233 ), #3620, .F. ) ;
#698 = VERTEX_POINT ( 'NONE', #616 ) ;
#699 = DIRECTION ( 'NONE',  ( 0.000000000000000000, 2.775557561563032853E-16, -1.000000000000000000 ) ) ;
#700 = CARTESIAN_POINT ( 'NONE',  ( -12100.00000000000182, 814.9999999999972715, -459.9999999999978968 ) ) ;
#701 = PLANE ( 'NONE',  #3851 ) ;
#702 = CARTESIAN_POINT ( 'NONE',  ( -16550.00000000000000, 200.0000000000000000, -825.0000000000001137 ) ) ;
#703 = ORIENTED_EDGE ( 'NONE', *, *, #583, .T. ) ;
#704 = AXIS2_PLACEMENT_3D ( 'NONE', #3558, #1662, #666 ) ;
#705 = PLANE ( 'NONE',  #3286 ) ;
#706 = VECTOR ( 'NONE', #2996, 1000.000000000000000 ) ;
#707 = ADVANCED_FACE ( 'NONE', ( #1943 ), #3265, .F. ) ;
#708 = VERTEX_POINT ( 'NONE', #306 ) ;
#709 = ORIENTED_EDGE ( 'NONE', *, *, #3504, .T. ) ;
#710 = DIRECTION ( 'NONE',  ( 0.000000000000000000, -1.000000000000000000, 0.000000000000000000 ) ) ;
#711 = LINE ( 'NONE', #2727, #233 ) ;
#712 = DIRECTION ( 'NONE',  ( 0.000000000000000000, 1.000000000000000000, 3.301729611148416588E-16 ) ) ;
#713 = ORIENTED_EDGE ( 'NONE', *, *, #3283, .T. ) ;
#714 = CARTESIAN_POINT ( 'NONE',  ( -14239.85290935932790, 814.9999999999974989, -769.9999999999959073 ) ) ;
#715 = CARTESIAN_POINT ( 'NONE',  ( -18500.00000000000000, -1190.000000000002728, -960.0000000000002274 ) ) ;
#716 = VECTOR ( 'NONE', #4249, 1000.000000000000000 ) ;
#717 = VERTEX_POINT ( 'NONE', #1285 ) ;
#718 = AXIS2_PLACEMENT_3D ( 'NONE', #2279, #1619, #2944 ) ;
#719 = EDGE_CURVE ( 'NONE', #1748, #3442, #3930, .T. ) ;
#720 = DIRECTION ( 'NONE',  ( 0.000000000000000000, 1.000000000000000000, 2.775557561563032853E-16 ) ) ;
#721 = CARTESIAN_POINT ( 'NONE',  ( -380.0000000000000000, 875.0000000000000000, -1060.000000000000000 ) ) ;
#722 = LINE ( 'NONE', #2454, #1781 ) ;
#723 = ORIENTED_EDGE ( 'NONE', *, *, #1563, .T. ) ;
#724 = APPLICATION_CONTEXT ( 'automotive_design' ) ;
#725 = AXIS2_PLACEMENT_3D ( 'NONE', #3489, #1522, #1214 ) ;
#726 = ORIENTED_EDGE ( 'NONE', *, *, #3345, .F. ) ;
#727 = CARTESIAN_POINT ( 'NONE',  ( -15674.93198115551786, 989.9999999999984084, -960.0000000000002274 ) ) ;
#728 = ORIENTED_EDGE ( 'NONE', *, *, #149, .F. ) ;
#729 = DIRECTION ( 'NONE',  ( -1.000000000000000000, 0.000000000000000000, 0.000000000000000000 ) ) ;
#730 = ORIENTED_EDGE ( 'NONE', *, *, #1248, .F. ) ;
#731 = DIRECTION ( 'NONE',  ( 0.000000000000000000, -2.249385511977649118E-16, 1.000000000000000000 ) ) ;
#732 = FACE_OUTER_BOUND ( 'NONE', #2901, .T. ) ;
#733 = CARTESIAN_POINT ( 'NONE',  ( -13680.00000000000000, -814.9999999999974989, -239.9999999999984368 ) ) ;
#734 = FACE_OUTER_BOUND ( 'NONE', #869, .T. ) ;
#735 = AXIS2_PLACEMENT_3D ( 'NONE', #551, #3110, #3444 ) ;
#736 = PRODUCT ( 'FlatWagon_60ft_MediumDetailed', 'FlatWagon_60ft_MediumDetailed', '', ( #3496 ) ) ;
#737 = LINE ( 'NONE', #1128, #2871 ) ;
#738 = ORIENTED_EDGE ( 'NONE', *, *, #30, .F. ) ;
#739 = VECTOR ( 'NONE', #47, 1000.000000000000000 ) ;
#740 = VECTOR ( 'NONE', #1443, 1000.000000000000000 ) ;
#741 = DIRECTION ( 'NONE',  ( 0.000000000000000000, -1.000000000000000000, -2.775557561563032853E-16 ) ) ;
#742 = DIRECTION ( 'NONE',  ( -0.000000000000000000, -1.000000000000000000, -2.249385511977649118E-16 ) ) ;
#743 = VERTEX_POINT ( 'NONE', #3603 ) ;
#744 = VECTOR ( 'NONE', #242, 1000.000000000000000 ) ;
#745 = AXIS2_PLACEMENT_3D ( 'NONE', #2055, #3385, #68 ) ;
#746 = ORIENTED_EDGE ( 'NONE', *, *, #1798, .F. ) ;
#747 = AXIS2_PLACEMENT_3D ( 'NONE', #2596, #2899, #263 ) ;
#748 = CARTESIAN_POINT ( 'NONE',  ( -11658.75177054179585, 732.4719190560189190, -589.9999999999965894 ) ) ;
#749 = ORIENTED_EDGE ( 'NONE', *, *, #1348, .F. ) ;
#750 = CARTESIAN_POINT ( 'NONE',  ( -16550.00000000000000, -200.0000000000000000, -825.0000000000001137 ) ) ;
#751 = ORIENTED_EDGE ( 'NONE', *, *, #1308, .T. ) ;
#752 = DIRECTION ( 'NONE',  ( 0.000000000000000000, 0.000000000000000000, 1.000000000000000000 ) ) ;
#753 = PLANE ( 'NONE',  #3090 ) ;
#754 =( BOUNDED_CURVE ( )  B_SPLINE_CURVE ( 3, ( #761, #3037, #2078, #3410 ),
 .UNSPECIFIED., .F., .F. ) 
 B_SPLINE_CURVE_WITH_KNOTS ( ( 4, 4 ),
 ( 1.284283745212837724, 1.335088666923594625 ),
 .UNSPECIFIED. ) 
 CURVE ( )  GEOMETRIC_REPRESENTATION_ITEM ( )  RATIONAL_B_SPLINE_CURVE ( ( 1.000000000000000000, 0.9997849165603801547, 0.9997849165603801547, 1.000000000000000000 ) ) 
 REPRESENTATION_ITEM ( '' )  );
#755 = DIRECTION ( 'NONE',  ( 0.000000000000000000, 0.000000000000000000, 1.000000000000000000 ) ) ;
#756 = EDGE_LOOP ( 'NONE', ( #1424, #3108, #1136, #3628 ) ) ;
#757 = EDGE_CURVE ( 'NONE', #3119, #3078, #644, .T. ) ;
#758 = ORIENTED_EDGE ( 'NONE', *, *, #757, .F. ) ;
#759 = EDGE_CURVE ( 'NONE', #1863, #1770, #4278, .T. ) ;
#760 = CARTESIAN_POINT ( 'NONE',  ( -13499.99999999999818, -814.9999999999974989, -589.9999999999970441 ) ) ;
#761 = CARTESIAN_POINT ( 'NONE',  ( -12541.24822945820415, -732.4719190560189190, -589.9999999999970441 ) ) ;
#762 = VERTEX_POINT ( 'NONE', #3641 ) ;
#763 = ORIENTED_EDGE ( 'NONE', *, *, #3975, .T. ) ;
#764 = LINE ( 'NONE', #3081, #3404 ) ;
#765 = AXIS2_PLACEMENT_3D ( 'NONE', #2904, #2579, #2861 ) ;
#766 = ORIENTED_EDGE ( 'NONE', *, *, #1934, .T. ) ;
#767 = AXIS2_PLACEMENT_3D ( 'NONE', #3923, #1723, #1654 ) ;
#768 = ADVANCED_FACE ( 'NONE', ( #3967 ), #2338, .F. ) ;
#769 = VECTOR ( 'NONE', #3718, 1000.000000000000000 ) ;
#770 = CARTESIAN_POINT ( 'NONE',  ( -12100.00000000000182, 679.9999999999977263, -459.9999999999979536 ) ) ;
#771 = ORIENTED_EDGE ( 'NONE', *, *, #2797, .T. ) ;
#772 = ORIENTED_EDGE ( 'NONE', *, *, #1670, .T. ) ;
#773 = CARTESIAN_POINT ( 'NONE',  ( -18500.00000000000000, 875.0000000000000000, -980.0000000000001137 ) ) ;
#774 = DIRECTION ( 'NONE',  ( -0.000000000000000000, 0.000000000000000000, 1.000000000000000000 ) ) ;
#775 = ORIENTED_EDGE ( 'NONE', *, *, #983, .F. ) ;
#776 = EDGE_LOOP ( 'NONE', ( #4110, #3569, #2034, #145 ) ) ;
#777 = EDGE_CURVE ( 'NONE', #3832, #3063, #2412, .T. ) ;
#778 = VECTOR ( 'NONE', #1810, 1000.000000000000000 ) ;
#779 = DIRECTION ( 'NONE',  ( 0.000000000000000000, -1.000000000000000000, 0.000000000000000000 ) ) ;
#780 = DIRECTION ( 'NONE',  ( 0.000000000000000000, -1.000000000000000000, 0.000000000000000000 ) ) ;
#781 = ORIENTED_EDGE ( 'NONE', *, *, #3272, .T. ) ;
#782 = ADVANCED_FACE ( 'NONE', ( #2631 ), #1696, .F. ) ;
#783 = ORIENTED_EDGE ( 'NONE', *, *, #2301, .F. ) ;
#784 = FACE_OUTER_BOUND ( 'NONE', #3578, .T. ) ;
#785 = ORIENTED_EDGE ( 'NONE', *, *, #230, .T. ) ;
#786 = DIRECTION ( 'NONE',  ( 0.000000000000000000, -1.000000000000000000, 0.000000000000000000 ) ) ;
#787 = CARTESIAN_POINT ( 'NONE',  ( -1949.999999999999773, -800.0000000000000000, -910.0000000000001137 ) ) ;
#788 = AXIS2_PLACEMENT_3D ( 'NONE', #2864, #2544, #3853 ) ;
#789 = VERTEX_POINT ( 'NONE', #2655 ) ;
#790 = DIRECTION ( 'NONE',  ( 0.000000000000000000, -2.413528314402514090E-16, 1.000000000000000000 ) ) ;
#791 = CARTESIAN_POINT ( 'NONE',  ( -11658.75177054179585, -1054.999999999997499, -589.9999999999971578 ) ) ;
#792 = EDGE_LOOP ( 'NONE', ( #2628, #3714, #1178, #1792, #758, #3264, #2482, #3498, #2300, #3535, #2649, #1191, #2085, #3964, #771, #1552 ) ) ;
#793 = ORIENTED_EDGE ( 'NONE', *, *, #3838, .F. ) ;
#794 = LINE ( 'NONE', #124, #529 ) ;
#795 = DIRECTION ( 'NONE',  ( -0.000000000000000000, 2.775557561563032853E-16, -1.000000000000000000 ) ) ;
#796 = PLANE ( 'NONE',  #1427 ) ;
#797 = AXIS2_PLACEMENT_3D ( 'NONE', #2619, #564, #2663 ) ;
#798 = ORIENTED_EDGE ( 'NONE', *, *, #1021, .F. ) ;
#799 = VERTEX_POINT ( 'NONE', #2263 ) ;
#800 = DIRECTION ( 'NONE',  ( 7.824144642581933777E-16, -2.775557561563032853E-16, 1.000000000000000000 ) ) ;
#801 = ORIENTED_EDGE ( 'NONE', *, *, #4062, .T. ) ;
#802 = FACE_OUTER_BOUND ( 'NONE', #2791, .T. ) ;
#803 = VECTOR ( 'NONE', #256, 1000.000000000000000 ) ;
#804 = CARTESIAN_POINT ( 'NONE',  ( -16150.00000000000182, 899.9999999999998863, -910.0000000000001137 ) ) ;
#805 = EDGE_CURVE ( 'NONE', #2877, #1456, #527, .T. ) ;
#806 = EDGE_CURVE ( 'NONE', #58, #4103, #1975, .T. ) ;
#807 = VECTOR ( 'NONE', #1460, 1000.000000000000000 ) ;
#808 = ORIENTED_EDGE ( 'NONE', *, *, #29, .F. ) ;
#809 = CARTESIAN_POINT ( 'NONE',  ( -13499.99999999999818, 814.9999999999970441, -306.2059048389986629 ) ) ;
#810 = DIRECTION ( 'NONE',  ( -1.000000000000000000, 0.000000000000000000, 0.000000000000000000 ) ) ;
#811 = VECTOR ( 'NONE', #44, 1000.000000000000000 ) ;
#812 = ORIENTED_EDGE ( 'NONE', *, *, #1123, .T. ) ;
#813 = CARTESIAN_POINT ( 'NONE',  ( -13680.00000000000000, -1077.499998843224375, -517.7941176470594655 ) ) ;
#814 = EDGE_LOOP ( 'NONE', ( #3857, #2683, #3779, #3590, #3437 ) ) ;
#815 = LINE ( 'NONE', #504, #2088 ) ;
#816 = PRODUCT_CONTEXT ( 'NONE', #724, 'mechanical' ) ;
#817 = CARTESIAN_POINT ( 'NONE',  ( -12541.24822945820597, -814.9999999999974989, -589.9999999999970441 ) ) ;
#818 = ORIENTED_EDGE ( 'NONE', *, *, #3854, .F. ) ;
#819 = ORIENTED_EDGE ( 'NONE', *, *, #3697, .T. ) ;
#820 = DIRECTION ( 'NONE',  ( 3.912072321290969353E-16, 2.775557561563032853E-16, -1.000000000000000000 ) ) ;
#821 = CYLINDRICAL_SURFACE ( 'NONE', #3695, 460.0000000000000568 ) ;
#822 = CARTESIAN_POINT ( 'NONE',  ( -13557.17756101499617, 696.5740269077365383, -766.7208309781527760 ) ) ;
#823 = EDGE_CURVE ( 'NONE', #2624, #543, #4292, .T. ) ;
#824 = ORIENTED_EDGE ( 'NONE', *, *, #2613, .T. ) ;
#825 = EDGE_CURVE ( 'NONE', #139, #2369, #965, .T. ) ;
#826 = VERTEX_POINT ( 'NONE', #8 ) ;
#827 = CARTESIAN_POINT ( 'NONE',  ( 620.0000000000000000, -875.0000000000001137, -1060.000000000000000 ) ) ;
#828 = DIRECTION ( 'NONE',  ( 0.000000000000000000, -2.775557561563032853E-16, 1.000000000000000000 ) ) ;
#829 = VERTEX_POINT ( 'NONE', #1342 ) ;
#830 = DIRECTION ( 'NONE',  ( 0.000000000000000000, 0.000000000000000000, 1.000000000000000000 ) ) ;
#831 = CARTESIAN_POINT ( 'NONE',  ( -7.853451737060908274E-14, 1189.999999999998408, -660.0000000000017053 ) ) ;
#832 = ADVANCED_FACE ( 'NONE', ( #295 ), #1372, .T. ) ;
#833 = VERTEX_POINT ( 'NONE', #3893 ) ;
#834 = CARTESIAN_POINT ( 'NONE',  ( -16550.00000000000000, 0.000000000000000000, 0.000000000000000000 ) ) ;
#835 = AXIS2_PLACEMENT_3D ( 'NONE', #1231, #608, #1935 ) ;
#836 = ORIENTED_EDGE ( 'NONE', *, *, #3389, .T. ) ;
#837 = CARTESIAN_POINT ( 'NONE',  ( -16550.00000000000000, -800.0000000000000000, -910.0000000000001137 ) ) ;
#838 = AXIS2_PLACEMENT_3D ( 'NONE', #3526, #2234, #1601 ) ;
#839 =( NAMED_UNIT ( * ) PLANE_ANGLE_UNIT ( ) SI_UNIT ( $, .RADIAN. ) );
#840 = FACE_OUTER_BOUND ( 'NONE', #4127, .T. ) ;
#841 = ORIENTED_EDGE ( 'NONE', *, *, #3895, .T. ) ;
#842 = ORIENTED_EDGE ( 'NONE', *, *, #653, .F. ) ;
#843 = CARTESIAN_POINT ( 'NONE',  ( -15744.66811761634744, 1077.499998843224375, -589.9999999999964757 ) ) ;
#844 = DIRECTION ( 'NONE',  ( 1.000000000000000000, 2.171636382548118065E-31, -7.824144642581933777E-16 ) ) ;
#845 = DIRECTION ( 'NONE',  ( -1.000000000000000000, 0.000000000000000000, 0.000000000000000000 ) ) ;
#846 = LINE ( 'NONE', #2160, #1481 ) ;
#847 = DIRECTION ( 'NONE',  ( -0.000000000000000000, -1.000000000000000000, -2.249385511977649118E-16 ) ) ;
#848 = ORIENTED_EDGE ( 'NONE', *, *, #3201, .T. ) ;
#849 = ORIENTED_EDGE ( 'NONE', *, *, #1539, .T. ) ;
#850 = EDGE_CURVE ( 'NONE', #2087, #17, #95, .T. ) ;
#851 = DIRECTION ( 'NONE',  ( 0.000000000000000000, -0.000000000000000000, 1.000000000000000000 ) ) ;
#852 = VECTOR ( 'NONE', #1067, 1000.000000000000000 ) ;
#853 = LINE ( 'NONE', #250, #2991 ) ;
#854 =( GEOMETRIC_REPRESENTATION_CONTEXT ( 3 ) GLOBAL_UNCERTAINTY_ASSIGNED_CONTEXT ( ( #2138 ) ) GLOBAL_UNIT_ASSIGNED_CONTEXT ( ( #4262, #264, #2626 ) ) REPRESENTATION_CONTEXT ( 'NONE', 'WORKASPACE' ) );
#855 = FACE_OUTER_BOUND ( 'NONE', #1312, .T. ) ;
#856 = ORIENTED_EDGE ( 'NONE', *, *, #1563, .F. ) ;
#857 = DIRECTION ( 'NONE',  ( -1.000000000000000000, 0.000000000000000000, 0.000000000000000000 ) ) ;
#858 = ORIENTED_EDGE ( 'NONE', *, *, #944, .T. ) ;
#859 = DIRECTION ( 'NONE',  ( 0.000000000000000000, 0.000000000000000000, 1.000000000000000000 ) ) ;
#860 = CARTESIAN_POINT ( 'NONE',  ( -2.914659381970696526E-13, 1189.999999999998408, -1160.000000000000227 ) ) ;
#861 = ORIENTED_EDGE ( 'NONE', *, *, #938, .T. ) ;
#862 = VECTOR ( 'NONE', #3649, 1000.000000000000000 ) ;
#863 = CARTESIAN_POINT ( 'NONE',  ( -5576.316527040900837, 1189.999999999998408, -660.0000000000010232 ) ) ;
#864 = ADVANCED_FACE ( 'NONE', ( #937 ), #2604, .T. ) ;
#865 = EDGE_CURVE ( 'NONE', #2307, #2518, #2354, .T. ) ;
#866 = DIRECTION ( 'NONE',  ( 0.000000000000000000, 0.000000000000000000, 1.000000000000000000 ) ) ;
#867 = LINE ( 'NONE', #1208, #4152 ) ;
#868 = CARTESIAN_POINT ( 'NONE',  ( -12100.00000000000182, -814.9999999999972715, -909.9999999999987494 ) ) ;
#869 = EDGE_LOOP ( 'NONE', ( #1576, #1693, #234, #1852, #140 ) ) ;
#870 = ORIENTED_EDGE ( 'NONE', *, *, #1717, .F. ) ;
#871 = CARTESIAN_POINT ( 'NONE',  ( -11658.75177054179585, -814.9999999999974989, -589.9999999999970441 ) ) ;
#872 = CARTESIAN_POINT ( 'NONE',  ( -1949.999999999999773, -200.0000000000000000, -825.0000000000001137 ) ) ;
#873 = AXIS2_PLACEMENT_3D ( 'NONE', #2749, #1183, #1789 ) ;
#874 = PLANE ( 'NONE',  #15 ) ;
#875 = EDGE_CURVE ( 'NONE', #1225, #708, #4269, .T. ) ;
#876 = VERTEX_POINT ( 'NONE', #3921 ) ;
#877 = CIRCLE ( 'NONE', #1913, 277.7941176470602045 ) ;
#878 = AXIS2_PLACEMENT_3D ( 'NONE', #2349, #1926, #2281 ) ;
#879 = ORIENTED_EDGE ( 'NONE', *, *, #2462, .F. ) ;
#880 = AXIS2_PLACEMENT_3D ( 'NONE', #278, #1612, #4255 ) ;
#881 = AXIS2_PLACEMENT_3D ( 'NONE', #640, #303, #2983 ) ;
#882 = AXIS2_PLACEMENT_3D ( 'NONE', #4133, #4204, #1228 ) ;
#883 = SHAPE_DEFINITION_REPRESENTATION ( #4161, #1775 ) ;
#884 = CARTESIAN_POINT ( 'NONE',  ( -1949.999999999999773, 800.0000000000000000, -910.0000000000001137 ) ) ;
#885 = ORIENTED_EDGE ( 'NONE', *, *, #2301, .T. ) ;
#886 = DIRECTION ( 'NONE',  ( 0.000000000000000000, 0.000000000000000000, 1.000000000000000000 ) ) ;
#887 = CARTESIAN_POINT ( 'NONE',  ( -11880.00000000000182, -1077.499998843224375, -517.7941176470594655 ) ) ;
#888 = CARTESIAN_POINT ( 'NONE',  ( -2350.000000000001364, 1189.999999999998408, -960.0000000000002274 ) ) ;
#889 = VECTOR ( 'NONE', #1923, 1000.000000000000000 ) ;
#890 = EDGE_CURVE ( 'NONE', #1091, #1731, #3611, .T. ) ;
#891 = ORIENTED_EDGE ( 'NONE', *, *, #1294, .F. ) ;
#892 = ORIENTED_EDGE ( 'NONE', *, *, #3756, .F. ) ;
#893 = DIRECTION ( 'NONE',  ( -0.000000000000000000, -3.301729611148416588E-16, 1.000000000000000000 ) ) ;
#894 = DIRECTION ( 'NONE',  ( 0.000000000000000000, -1.000000000000000000, -2.775557561563032853E-16 ) ) ;
#895 = CARTESIAN_POINT ( 'NONE',  ( -18500.00000000000000, 875.0000000000000000, -980.0000000000001137 ) ) ;
#896 = CARTESIAN_POINT ( 'NONE',  ( 0.000000000000000000, -1189.999999999998408, -1160.000000000000227 ) ) ;
#897 = CARTESIAN_POINT ( 'NONE',  ( -2825.068018844486232, 1189.999999999998408, 5040.000000000000000 ) ) ;
#898 = ORIENTED_EDGE ( 'NONE', *, *, #943, .F. ) ;
#899 = ORIENTED_EDGE ( 'NONE', *, *, #2497, .T. ) ;
#900 = EDGE_CURVE ( 'NONE', #3943, #3524, #3298, .T. ) ;
#901 = EDGE_CURVE ( 'NONE', #1757, #3976, #4290, .T. ) ;
#902 = CARTESIAN_POINT ( 'NONE',  ( -13680.00000000000000, 814.9999999999972715, -239.9999999999979821 ) ) ;
#903 = ORIENTED_EDGE ( 'NONE', *, *, #2171, .T. ) ;
#904 = PLANE ( 'NONE',  #93 ) ;
#905 = AXIS2_PLACEMENT_3D ( 'NONE', #268, #2602, #4162 ) ;
#906 = CARTESIAN_POINT ( 'NONE',  ( -14347.28068913207608, -679.9999999999977263, -567.4243228023080974 ) ) ;
#907 =( LENGTH_UNIT ( ) NAMED_UNIT ( * ) SI_UNIT ( .MILLI., .METRE. ) );
#908 = CARTESIAN_POINT ( 'NONE',  ( -13454.53873465198922, 697.6074941491500567, -574.9998243529004185 ) ) ;
#909 = VECTOR ( 'NONE', #3829, 1000.000000000000000 ) ;
#910 = CIRCLE ( 'NONE', #351, 6000.000000000000000 ) ;
#911 = VERTEX_POINT ( 'NONE', #679 ) ;
#912 = EDGE_LOOP ( 'NONE', ( #1979, #2298, #3643, #2158, #818, #1283, #2638 ) ) ;
#913 = PLANE ( 'NONE',  #1747 ) ;
#914 = EDGE_CURVE ( 'NONE', #2847, #3131, #1996, .T. ) ;
#915 = DIRECTION ( 'NONE',  ( -1.000000000000000000, -0.000000000000000000, -0.000000000000000000 ) ) ;
#916 = DIRECTION ( 'NONE',  ( 1.000000000000000000, 0.000000000000000000, 0.000000000000000000 ) ) ;
#917 = ADVANCED_FACE ( 'NONE', ( #3980 ), #2219, .T. ) ;
#918 =( BOUNDED_CURVE ( )  B_SPLINE_CURVE ( 3, ( #906, #2229, #569, #1899 ),
 .UNSPECIFIED., .F., .T. ) 
 B_SPLINE_CURVE_WITH_KNOTS ( ( 4, 4 ),
 ( 4.948096640255991829, 4.998901561966746954 ),
 .UNSPECIFIED. ) 
 CURVE ( )  GEOMETRIC_REPRESENTATION_ITEM ( )  RATIONAL_B_SPLINE_CURVE ( ( 1.000000000000000000, 0.9997849165603801547, 0.9997849165603801547, 1.000000000000000000 ) ) 
 REPRESENTATION_ITEM ( '' )  );
#919 = DIRECTION ( 'NONE',  ( 0.000000000000000000, -2.413528314402513597E-16, 1.000000000000000000 ) ) ;
#920 = ORIENTED_EDGE ( 'NONE', *, *, #2584, .T. ) ;
#921 = AXIS2_PLACEMENT_3D ( 'NONE', #3195, #859, #209 ) ;
#922 = ORIENTED_EDGE ( 'NONE', *, *, #4029, .F. ) ;
#923 = CARTESIAN_POINT ( 'NONE',  ( -11700.00000000000182, 814.9999999999972715, -306.2059048389982081 ) ) ;
#924 = DIRECTION ( 'NONE',  ( -1.000000000000000000, -0.000000000000000000, 0.000000000000000000 ) ) ;
#925 = VERTEX_POINT ( 'NONE', #330 ) ;
#926 = EDGE_CURVE ( 'NONE', #2232, #486, #2021, .T. ) ;
#927 = FACE_OUTER_BOUND ( 'NONE', #3666, .T. ) ;
#928 = CARTESIAN_POINT ( 'NONE',  ( -18500.00000000000000, 1189.999999999998408, -960.0000000000002274 ) ) ;
#929 = UNCERTAINTY_MEASURE_WITH_UNIT (LENGTH_MEASURE( 1.000000000000000082E-05 ), #4174, 'distance_accuracy_value', 'NONE');
#930 = CARTESIAN_POINT ( 'NONE',  ( -13452.71931086792210, 679.9999999999977263, -567.4243228023077563 ) ) ;
#931 = CARTESIAN_POINT ( 'NONE',  ( 616.7948635501689978, -875.0000000000000000, -1060.000000000000000 ) ) ;
#932 = VECTOR ( 'NONE', #1517, 1000.000000000000114 ) ;
#933 = VERTEX_POINT ( 'NONE', #727 ) ;
#934 = ORIENTED_EDGE ( 'NONE', *, *, #646, .F. ) ;
#935 = CIRCLE ( 'NONE', #83, 460.0000000000001137 ) ;
#936 = CARTESIAN_POINT ( 'NONE',  ( -13000.00000000000000, 4.163336342343557632E-15, -825.0000000000000000 ) ) ;
#937 = FACE_OUTER_BOUND ( 'NONE', #603, .T. ) ;
#938 = EDGE_CURVE ( 'NONE', #3904, #7, #1801, .T. ) ;
#939 = CARTESIAN_POINT ( 'NONE',  ( -12100.00000000000182, -679.9999999999977263, -459.9999999999982947 ) ) ;
#940 = DIRECTION ( 'NONE',  ( -1.000000000000000000, -1.224646799147353207E-16, 0.000000000000000000 ) ) ;
#941 = VECTOR ( 'NONE', #4214, 1000.000000000000000 ) ;
#942 = DIRECTION ( 'NONE',  ( 0.000000000000000000, 1.000000000000000000, 2.249385511977649118E-16 ) ) ;
#943 = EDGE_CURVE ( 'NONE', #3639, #829, #764, .T. ) ;
#944 = EDGE_CURVE ( 'NONE', #1725, #1893, #4138, .T. ) ;
#945 = CIRCLE ( 'NONE', #671, 199.9999999999999432 ) ;
#946 = CARTESIAN_POINT ( 'NONE',  ( -2349.999999999999545, 1189.999999999998408, -960.0000000000002274 ) ) ;
#947 = LINE ( 'NONE', #3577, #2286 ) ;
#948 = VERTEX_POINT ( 'NONE', #1783 ) ;
#949 = VECTOR ( 'NONE', #684, 1000.000000000000000 ) ;
#950 = CARTESIAN_POINT ( 'NONE',  ( 0.000000000000000000, -875.0000000000000000, -1060.000000000000000 ) ) ;
#951 = CARTESIAN_POINT ( 'NONE',  ( -12100.00000000000182, -679.9999999999977263, -459.9999999999982947 ) ) ;
#952 = EDGE_CURVE ( 'NONE', #3976, #1351, #3759, .T. ) ;
#953 = ORIENTED_EDGE ( 'NONE', *, *, #2451, .F. ) ;
#954 = VECTOR ( 'NONE', #387, 1000.000000000000000 ) ;
#955 = AXIS2_PLACEMENT_3D ( 'NONE', #1940, #4253, #3308 ) ;
#956 = SPHERICAL_SURFACE ( 'NONE', #1430, 1000.000000000000000 ) ;
#957 = ORIENTED_EDGE ( 'NONE', *, *, #2675, .T. ) ;
#958 = AXIS2_PLACEMENT_3D ( 'NONE', #641, #3002, #1350 ) ;
#959 = FACE_OUTER_BOUND ( 'NONE', #2995, .T. ) ;
#960 = DIRECTION ( 'NONE',  ( 0.000000000000000000, 0.000000000000000000, 1.000000000000000000 ) ) ;
#961 = CARTESIAN_POINT ( 'NONE',  ( -16550.00000000000000, 1189.999999999998408, -960.0000000000002274 ) ) ;
#962 = ORIENTED_EDGE ( 'NONE', *, *, #3388, .T. ) ;
#963 = ORIENTED_EDGE ( 'NONE', *, *, #3062, .F. ) ;
#964 = EDGE_CURVE ( 'NONE', #1169, #1456, #2220, .T. ) ;
#965 = LINE ( 'NONE', #606, #2343 ) ;
#966 = ADVANCED_FACE ( 'NONE', ( #4226 ), #3510, .T. ) ;
#967 = CARTESIAN_POINT ( 'NONE',  ( -16550.00000000000000, -899.9999999999998863, -910.0000000000001137 ) ) ;
#968 = LINE ( 'NONE', #3300, #3317 ) ;
#969 = CARTESIAN_POINT ( 'NONE',  ( -10255.33188238365256, 729.4021522441533989, -769.9999999999959073 ) ) ;
#970 = CARTESIAN_POINT ( 'NONE',  ( -265.1845289799109651, 1189.999999999998408, -1503.936198047713560 ) ) ;
#971 = DIRECTION ( 'NONE',  ( 0.000000000000000000, -1.000000000000000000, -0.000000000000000000 ) ) ;
#972 = DIRECTION ( 'NONE',  ( 0.000000000000000000, 0.000000000000000000, -1.000000000000000000 ) ) ;
#973 = CARTESIAN_POINT ( 'NONE',  ( 616.7948635501689978, -954.9999999999998863, -1060.000000000000000 ) ) ;
#974 = ORIENTED_EDGE ( 'NONE', *, *, #2197, .F. ) ;
#975 = CARTESIAN_POINT ( 'NONE',  ( -11880.00000000000182, 814.9999999999972715, -517.7941176470590108 ) ) ;
#976 = EDGE_CURVE ( 'NONE', #948, #1051, #203, .T. ) ;
#977 = CARTESIAN_POINT ( 'NONE',  ( -2825.068018844486232, -989.9999999999990905, 5040.000000000000000 ) ) ;
#978 = DIRECTION ( 'NONE',  ( -0.000000000000000000, 1.000000000000000000, 2.249385511977649118E-16 ) ) ;
#979 = VERTEX_POINT ( 'NONE', #2521 ) ;
#980 = CARTESIAN_POINT ( 'NONE',  ( -14119.99999999999818, -814.9999999999974989, -517.7941176470593518 ) ) ;
#981 = DIRECTION ( 'NONE',  ( 0.000000000000000000, 1.000000000000000000, 2.249385511977649118E-16 ) ) ;
#982 = DIRECTION ( 'NONE',  ( 0.000000000000000000, -2.413528314402513597E-16, 1.000000000000000000 ) ) ;
#983 = EDGE_CURVE ( 'NONE', #3041, #3661, #2564, .T. ) ;
#984 = LINE ( 'NONE', #2598, #1267 ) ;
#985 = DIRECTION ( 'NONE',  ( 0.000000000000000000, 0.000000000000000000, 1.000000000000000000 ) ) ;
#986 = ORIENTED_EDGE ( 'NONE', *, *, #2487, .T. ) ;
#987 = VERTEX_POINT ( 'NONE', #4163 ) ;
#988 = CIRCLE ( 'NONE', #3938, 460.0000000000000000 ) ;
#989 = CARTESIAN_POINT ( 'NONE',  ( -12439.85290935933153, 729.4021522441533989, -769.9999999999959073 ) ) ;
#990 = AXIS2_PLACEMENT_3D ( 'NONE', #1114, #106, #1449 ) ;
#991 = CARTESIAN_POINT ( 'NONE',  ( -14239.85290935932790, 729.4021522441533989, -769.9999999999959073 ) ) ;
#992 = CARTESIAN_POINT ( 'NONE',  ( -11700.00000000000182, -1077.499998843224375, -589.9999999999971578 ) ) ;
#993 = CARTESIAN_POINT ( 'NONE',  ( -13899.99999999999818, 1054.999999999997272, -459.9999999999978400 ) ) ;
#994 = CARTESIAN_POINT ( 'NONE',  ( -14345.46126534801260, 697.6074941491493746, -574.9998243529000774 ) ) ;
#995 = CARTESIAN_POINT ( 'NONE',  ( -10255.33188238365256, 278.9021535255452022, -725.0000000000052296 ) ) ;
#996 = ORIENTED_EDGE ( 'NONE', *, *, #621, .F. ) ;
#997 = PLANE ( 'NONE',  #3172 ) ;
#998 = CARTESIAN_POINT ( 'NONE',  ( -11755.71061244390148, -679.9999999999977263, -765.0652677973105256 ) ) ;
#999 = DIRECTION ( 'NONE',  ( 0.000000000000000000, 3.301729611148416588E-16, -1.000000000000000000 ) ) ;
#1000 = ORIENTED_EDGE ( 'NONE', *, *, #1916, .T. ) ;
#1001 = EDGE_CURVE ( 'NONE', #3082, #2083, #1518, .T. ) ;
#1002 = LINE ( 'NONE', #3623, #2759 ) ;
#1003 = ORIENTED_EDGE ( 'NONE', *, *, #4165, .T. ) ;
#1004 = CARTESIAN_POINT ( 'NONE',  ( -380.0000000000000000, -875.0000000000000000, -1060.000000000000000 ) ) ;
#1005 = CARTESIAN_POINT ( 'NONE',  ( -14119.99999999999818, -1077.499998843224603, -239.9999999999985505 ) ) ;
#1006 = CARTESIAN_POINT ( 'NONE',  ( 616.7948635501689978, -875.0000000000000000, -980.0000000000001137 ) ) ;
#1007 = ORIENTED_EDGE ( 'NONE', *, *, #3867, .F. ) ;
#1008 = EDGE_LOOP ( 'NONE', ( #2860, #3760, #2833, #2721, #2761, #1504, #4299, #3269, #1357, #647, #4222, #1688, #216, #3441 ) ) ;
#1009 = CARTESIAN_POINT ( 'NONE',  ( -12100.00000000000182, -814.9999999999974989, -459.9999999999983515 ) ) ;
#1010 = DIRECTION ( 'NONE',  ( 0.000000000000000000, 0.000000000000000000, -1.000000000000000000 ) ) ;
#1011 = VECTOR ( 'NONE', #2290, 1000.000000000000000 ) ;
#1012 = CYLINDRICAL_SURFACE ( 'NONE', #144, 79.99999999999995737 ) ;
#1013 = CARTESIAN_POINT ( 'NONE',  ( -13965.57253896063776, -1190.000000000002728, -751.1534819267449166 ) ) ;
#1014 = DIRECTION ( 'NONE',  ( 0.000000000000000000, 0.000000000000000000, -1.000000000000000000 ) ) ;
#1015 = ORIENTED_EDGE ( 'NONE', *, *, #230, .F. ) ;
#1016 = LINE ( 'NONE', #3025, #2491 ) ;
#1017 = AXIS2_PLACEMENT_3D ( 'NONE', #3151, #4148, #2528 ) ;
#1018 = EDGE_CURVE ( 'NONE', #2708, #3006, #222, .T. ) ;
#1019 = DIRECTION ( 'NONE',  ( -1.000000000000000000, 0.000000000000000000, 0.000000000000000000 ) ) ;
#1020 = FACE_OUTER_BOUND ( 'NONE', #1684, .T. ) ;
#1021 = EDGE_CURVE ( 'NONE', #3022, #87, #1249, .T. ) ;
#1022 = ORIENTED_EDGE ( 'NONE', *, *, #2451, .T. ) ;
#1023 = LINE ( 'NONE', #668, #3451 ) ;
#1024 = DIRECTION ( 'NONE',  ( 0.000000000000000000, -2.413528314402513597E-16, 1.000000000000000000 ) ) ;
#1025 = VERTEX_POINT ( 'NONE', #3256 ) ;
#1026 = CARTESIAN_POINT ( 'NONE',  ( -15744.66811761634744, -814.9999999999974989, -589.9999999999970441 ) ) ;
#1027 = FACE_OUTER_BOUND ( 'NONE', #1461, .T. ) ;
#1028 = DIRECTION ( 'NONE',  ( 0.000000000000000000, -0.9185881544472648264, 0.3952161465694030151 ) ) ;
#1029 = ORIENTED_EDGE ( 'NONE', *, *, #2999, .F. ) ;
#1030 = VECTOR ( 'NONE', #298, 1000.000000000000000 ) ;
#1031 = FACE_OUTER_BOUND ( 'NONE', #2726, .T. ) ;
#1032 = ADVANCED_FACE ( 'NONE', ( #3228 ), #1212, .F. ) ;
#1033 = VECTOR ( 'NONE', #712, 1000.000000000000000 ) ;
#1034 = CARTESIAN_POINT ( 'NONE',  ( -14242.82243898500201, 696.5740269077374478, -766.7208309781528897 ) ) ;
#1035 = CARTESIAN_POINT ( 'NONE',  ( -11755.71061244390148, 679.9999999999977263, -765.0652677973101845 ) ) ;
#1036 = EDGE_CURVE ( 'NONE', #1471, #618, #579, .T. ) ;
#1037 = FACE_BOUND ( 'NONE', #2458, .T. ) ;
#1038 = CARTESIAN_POINT ( 'NONE',  ( -13555.71061244389966, -679.9999999999974989, -765.0652677973106393 ) ) ;
#1039 = ORIENTED_EDGE ( 'NONE', *, *, #1538, .F. ) ;
#1040 = DIRECTION ( 'NONE',  ( 6.123233995732906780E-17, 0.4999999999996849187, 0.8660254037846205621 ) ) ;
#1041 = DIRECTION ( 'NONE',  ( 1.000000000000000000, -1.085818191274059690E-31, 3.912072321290969353E-16 ) ) ;
#1042 = ORIENTED_EDGE ( 'NONE', *, *, #294, .T. ) ;
#1043 = CARTESIAN_POINT ( 'NONE',  ( -11411.43189860506209, -877.4999988432243754, -589.9999999999970441 ) ) ;
#1044 = EDGE_CURVE ( 'NONE', #3003, #3513, #2558, .T. ) ;
#1045 = ADVANCED_FACE ( 'NONE', ( #1603 ), #2583, .F. ) ;
#1046 = VERTEX_POINT ( 'NONE', #3574 ) ;
#1047 = CARTESIAN_POINT ( 'NONE',  ( -18500.00000000000000, -875.0000000000000000, -1060.000000000000000 ) ) ;
#1048 = DIRECTION ( 'NONE',  ( 1.000000000000000000, -1.085818191274059690E-31, 3.912072321290969353E-16 ) ) ;
#1049 = CARTESIAN_POINT ( 'NONE',  ( -3866.957084846028920, 1189.999999999998408, -868.8465180732547424 ) ) ;
#1050 = CARTESIAN_POINT ( 'NONE',  ( -13560.14709064066847, 814.9999999999974989, -769.9999999999960210 ) ) ;
#1051 = VERTEX_POINT ( 'NONE', #540 ) ;
#1052 = ORIENTED_EDGE ( 'NONE', *, *, #2052, .T. ) ;
#1053 = CARTESIAN_POINT ( 'NONE',  ( -18500.00000000000000, -875.0000000000000000, -980.0000000000001137 ) ) ;
#1054 = DIRECTION ( 'NONE',  ( 0.000000000000000000, -0.9950481186486286322, -0.09939437395458934621 ) ) ;
#1055 = DIRECTION ( 'NONE',  ( -1.000000000000000000, 0.000000000000000000, 0.000000000000000000 ) ) ;
#1056 = EDGE_CURVE ( 'NONE', #2509, #2065, #853, .T. ) ;
#1057 = DIRECTION ( 'NONE',  ( 0.000000000000000000, -1.000000000000000000, -2.775557561563032853E-16 ) ) ;
#1058 = VERTEX_POINT ( 'NONE', #1176 ) ;
#1059 = VECTOR ( 'NONE', #3732, 1000.000000000000000 ) ;
#1060 = EDGE_LOOP ( 'NONE', ( #2345, #237, #143, #2095, #746, #2753, #2984, #121, #3684, #3694, #1718, #4194, #3147, #1075 ) ) ;
#1061 = VERTEX_POINT ( 'NONE', #3894 ) ;
#1062 = CARTESIAN_POINT ( 'NONE',  ( -14388.56810139493609, -1077.499998843224375, -769.9999999999964757 ) ) ;
#1063 = DIRECTION ( 'NONE',  ( -1.000000000000000000, 0.000000000000000000, 0.000000000000000000 ) ) ;
#1064 = EDGE_LOOP ( 'NONE', ( #539, #1587, #1667, #3473 ) ) ;
#1065 = CARTESIAN_POINT ( 'NONE',  ( -12439.85290935933153, -729.4021522441533989, -769.9999999999963620 ) ) ;
#1066 = ORIENTED_EDGE ( 'NONE', *, *, #3179, .T. ) ;
#1067 = DIRECTION ( 'NONE',  ( 1.000000000000000000, 0.000000000000000000, 0.000000000000000000 ) ) ;
#1068 = DIRECTION ( 'NONE',  ( -1.000000000000000000, 0.000000000000000000, 0.000000000000000000 ) ) ;
#1069 = CARTESIAN_POINT ( 'NONE',  ( -10255.33188238365256, -1077.499998843224375, -589.9999999999971578 ) ) ;
#1070 = VECTOR ( 'NONE', #223, 1000.000000000000000 ) ;
#1071 = ORIENTED_EDGE ( 'NONE', *, *, #3033, .T. ) ;
#1072 = AXIS2_PLACEMENT_3D ( 'NONE', #1004, #2366, #1338 ) ;
#1073 = DIRECTION ( 'NONE',  ( -1.000000000000000000, 0.000000000000000000, -0.000000000000000000 ) ) ;
#1074 = LINE ( 'NONE', #107, #2050 ) ;
#1075 = ORIENTED_EDGE ( 'NONE', *, *, #2145, .F. ) ;
#1076 = CARTESIAN_POINT ( 'NONE',  ( -11880.00000000000182, -814.9999999999974989, -517.7941176470593518 ) ) ;
#1077 = ORIENTED_EDGE ( 'NONE', *, *, #1511, .F. ) ;
#1078 = VECTOR ( 'NONE', #2483, 1000.000000000000000 ) ;
#1079 = VERTEX_POINT ( 'NONE', #2930 ) ;
#1080 = ORIENTED_EDGE ( 'NONE', *, *, #2226, .T. ) ;
#1081 = EDGE_CURVE ( 'NONE', #427, #2232, #2170, .T. ) ;
#1082 = EDGE_CURVE ( 'NONE', #1111, #698, #1869, .T. ) ;
#1083 = CARTESIAN_POINT ( 'NONE',  ( -12923.68347295909734, 1189.999999999998408, -6660.000000000000000 ) ) ;
#1084 = VERTEX_POINT ( 'NONE', #521 ) ;
#1085 = DIRECTION ( 'NONE',  ( 1.000000000000000000, -0.000000000000000000, -0.000000000000000000 ) ) ;
#1086 = DIRECTION ( 'NONE',  ( 0.000000000000000000, -1.000000000000000000, 0.000000000000000000 ) ) ;
#1087 = ORIENTED_EDGE ( 'NONE', *, *, #2931, .F. ) ;
#1088 = DIRECTION ( 'NONE',  ( 0.000000000000000000, -1.000000000000000000, 0.000000000000000000 ) ) ;
#1089 = EDGE_CURVE ( 'NONE', #662, #1100, #1744, .T. ) ;
#1090 = PLANE ( 'NONE',  #2530 ) ;
#1091 = VERTEX_POINT ( 'NONE', #2863 ) ;
#1092 = ORIENTED_EDGE ( 'NONE', *, *, #3008, .T. ) ;
#1093 = CARTESIAN_POINT ( 'NONE',  ( -10255.33188238365256, -1077.499998843224375, -769.9999999999964757 ) ) ;
#1094 = CIRCLE ( 'NONE', #1500, 79.99999999999995737 ) ;
#1095 = EDGE_LOOP ( 'NONE', ( #4091, #1592, #369 ) ) ;
#1096 = MECHANICAL_DESIGN_GEOMETRIC_PRESENTATION_REPRESENTATION (  '', ( #2341 ), #3844 ) ;
#1097 = CARTESIAN_POINT ( 'NONE',  ( -11880.00000000000182, -814.9999999999974989, -239.9999999999984368 ) ) ;
#1098 = EDGE_CURVE ( 'NONE', #2733, #3679, #4295, .T. ) ;
#1099 = CIRCLE ( 'NONE', #958, 1000.000000000000000 ) ;
#1100 = VERTEX_POINT ( 'NONE', #557 ) ;
#1101 = VECTOR ( 'NONE', #18, 1000.000000000000000 ) ;
#1102 = DIRECTION ( 'NONE',  ( 0.000000000000000000, -4.827056628805028179E-16, 1.000000000000000000 ) ) ;
#1103 = ORIENTED_EDGE ( 'NONE', *, *, #1089, .T. ) ;
#1104 = CARTESIAN_POINT ( 'NONE',  ( -2825.068018844486232, 0.000000000000000000, -960.0000000000002274 ) ) ;
#1105 = CARTESIAN_POINT ( 'NONE',  ( -12500.00000000000182, -814.9999999999974989, -589.9999999999970441 ) ) ;
#1106 = ADVANCED_FACE ( 'NONE', ( #1956 ), #1675, .F. ) ;
#1107 = ORIENTED_EDGE ( 'NONE', *, *, #2945, .T. ) ;
#1108 = DIRECTION ( 'NONE',  ( 0.000000000000000000, -1.000000000000000000, -5.551115123125784674E-16 ) ) ;
#1109 = PLANE ( 'NONE',  #3216 ) ;
#1110 = ORIENTED_EDGE ( 'NONE', *, *, #182, .T. ) ;
#1111 = VERTEX_POINT ( 'NONE', #2997 ) ;
#1112 = EDGE_CURVE ( 'NONE', #66, #17, #1319, .T. ) ;
#1113 = EDGE_CURVE ( 'NONE', #4099, #3606, #3369, .T. ) ;
#1114 = CARTESIAN_POINT ( 'NONE',  ( -12100.00000000000182, -814.9999999999972715, -909.9999999999987494 ) ) ;
#1115 = LINE ( 'NONE', #2757, #2953 ) ;
#1116 = ORIENTED_EDGE ( 'NONE', *, *, #2187, .F. ) ;
#1117 = EDGE_CURVE ( 'NONE', #228, #3041, #609, .T. ) ;
#1118 = CIRCLE ( 'NONE', #3527, 6000.000000000000000 ) ;
#1119 = ORIENTED_EDGE ( 'NONE', *, *, #3062, .T. ) ;
#1120 = DIRECTION ( 'NONE',  ( 0.000000000000000000, -1.224646799147353207E-16, -1.000000000000000000 ) ) ;
#1121 = VECTOR ( 'NONE', #2185, 1000.000000000000000 ) ;
#1122 = DIRECTION ( 'NONE',  ( 0.000000000000000000, 1.000000000000000000, 3.301729611148416588E-16 ) ) ;
#1123 = EDGE_CURVE ( 'NONE', #1264, #3589, #3937, .T. ) ;
#1124 = VERTEX_POINT ( 'NONE', #2017 ) ;
#1125 = DIRECTION ( 'NONE',  ( 7.824144642581933777E-16, 2.775557561563032853E-16, -1.000000000000000000 ) ) ;
#1126 = ORIENTED_EDGE ( 'NONE', *, *, #2098, .F. ) ;
#1127 = CARTESIAN_POINT ( 'NONE',  ( -13899.99999999999818, -679.9999999999977263, -459.9999999999982947 ) ) ;
#1128 = CARTESIAN_POINT ( 'NONE',  ( -15744.66811761634744, -679.9999999999979536, -567.4243228023079837 ) ) ;
#1129 = LINE ( 'NONE', #1365, #2373 ) ;
#1130 = ORIENTED_EDGE ( 'NONE', *, *, #2002, .T. ) ;
#1131 = ORIENTED_EDGE ( 'NONE', *, *, #3132, .F. ) ;
#1132 = DIRECTION ( 'NONE',  ( -0.9848077530122092416, 0.000000000000000000, 0.1736481776669237531 ) ) ;
#1133 = FACE_OUTER_BOUND ( 'NONE', #3755, .T. ) ;
#1134 = ADVANCED_FACE ( 'NONE', ( #3347 ), #4291, .F. ) ;
#1135 = EDGE_CURVE ( 'NONE', #2257, #3976, #3654, .T. ) ;
#1136 = ORIENTED_EDGE ( 'NONE', *, *, #4062, .F. ) ;
#1137 = ORIENTED_EDGE ( 'NONE', *, *, #3323, .T. ) ;
#1138 = CARTESIAN_POINT ( 'NONE',  ( -13499.99999999999818, -814.9999999999974989, -306.2059048389988902 ) ) ;
#1139 = ORIENTED_EDGE ( 'NONE', *, *, #2359, .T. ) ;
#1140 = DIRECTION ( 'NONE',  ( 0.000000000000000000, -1.000000000000000000, 0.000000000000000000 ) ) ;
#1141 = AXIS2_PLACEMENT_3D ( 'NONE', #1233, #1585, #2959 ) ;
#1142 = ORIENTED_EDGE ( 'NONE', *, *, #1123, .F. ) ;
#1143 = EDGE_CURVE ( 'NONE', #48, #1124, #3994, .T. ) ;
#1144 = DIRECTION ( 'NONE',  ( 0.000000000000000000, 0.000000000000000000, -1.000000000000000000 ) ) ;
#1145 = EDGE_CURVE ( 'NONE', #1192, #4084, #657, .T. ) ;
#1146 = FACE_BOUND ( 'NONE', #1829, .T. ) ;
#1147 = ORIENTED_EDGE ( 'NONE', *, *, #673, .F. ) ;
#1148 = ORIENTED_EDGE ( 'NONE', *, *, #1798, .T. ) ;
#1149 = FACE_OUTER_BOUND ( 'NONE', #2357, .T. ) ;
#1150 = AXIS2_PLACEMENT_3D ( 'NONE', #3530, #224, #1557 ) ;
#1151 = DIRECTION ( 'NONE',  ( 7.824144642581933777E-16, -2.775557561563032853E-16, 1.000000000000000000 ) ) ;
#1152 = AXIS2_PLACEMENT_3D ( 'NONE', #2323, #2652, #3953 ) ;
#1153 = VERTEX_POINT ( 'NONE', #1298 ) ;
#1154 = DIRECTION ( 'NONE',  ( -0.000000000000000000, 1.000000000000000000, -0.000000000000000000 ) ) ;
#1155 = ADVANCED_FACE ( 'NONE', ( #1698 ), #2309, .F. ) ;
#1156 = CARTESIAN_POINT ( 'NONE',  ( -5576.316527040900837, 1189.999999999998408, -660.0000000000010232 ) ) ;
#1157 = OPEN_SHELL ( 'NONE', ( #2124, #2168, #2532, #4182, #2771, #3224, #3681, #4009, #482, #2640, #3202, #2973, #864, #2169, #3619, #77, #178, #2024, #3117, #2040, #917, #2567, #1045, #3374, #3717, #3453, #3187, #331, #2159, #3258, #1336, #2688, #2264, #2358, #4289, #1155, #2526, #3868, #111, #2974, #1134, #3084, #202, #1282, #1586, #1236, #3079, #782, #1347, #1953, #3567, #249, #4209, #1624, #4022, #3559, #832, #420, #2605, #558, #3409, #1497, #4139, #4248, #2907, #1275, #3397, #3061, #3209, #507, #1263, #1627, #4157 ) ) ;
#1158 = AXIS2_PLACEMENT_3D ( 'NONE', #2449, #3749, #982 ) ;
#1159 = ORIENTED_EDGE ( 'NONE', *, *, #3867, .T. ) ;
#1160 = CARTESIAN_POINT ( 'NONE',  ( -10255.33188238365256, 1077.499998843224375, -589.9999999999964757 ) ) ;
#1161 = CARTESIAN_POINT ( 'NONE',  ( -1949.999999999999773, 800.0000000000000000, -910.0000000000001137 ) ) ;
#1162 = DIRECTION ( 'NONE',  ( -1.189916929857710326E-16, 0.000000000000000000, -1.000000000000000000 ) ) ;
#1163 = ORIENTED_EDGE ( 'NONE', *, *, #613, .F. ) ;
#1164 = DIRECTION ( 'NONE',  ( 0.000000000000000000, -1.000000000000000000, 0.000000000000000000 ) ) ;
#1165 = ORIENTED_EDGE ( 'NONE', *, *, #150, .F. ) ;
#1166 = CARTESIAN_POINT ( 'NONE',  ( -11411.43189860506209, -176.9719203373659866, -350.9999999999987494 ) ) ;
#1167 = LINE ( 'NONE', #505, #3977 ) ;
#1168 = ORIENTED_EDGE ( 'NONE', *, *, #2928, .F. ) ;
#1169 = VERTEX_POINT ( 'NONE', #1323 ) ;
#1170 = DIRECTION ( 'NONE',  ( 1.000000000000000000, 0.000000000000000000, 0.000000000000000000 ) ) ;
#1171 =( BOUNDED_CURVE ( )  B_SPLINE_CURVE ( 3, ( #534, #550, #1881, #1860 ),
 .UNSPECIFIED., .F., .T. ) 
 B_SPLINE_CURVE_WITH_KNOTS ( ( 4, 4 ),
 ( 5.437455678617205024, 5.451881468827075139 ),
 .UNSPECIFIED. ) 
 CURVE ( )  GEOMETRIC_REPRESENTATION_ITEM ( )  RATIONAL_B_SPLINE_CURVE ( ( 1.000000000000000000, 0.9999826581232540423, 0.9999826581232540423, 1.000000000000000000 ) ) 
 REPRESENTATION_ITEM ( '' )  );
#1172 = EDGE_LOOP ( 'NONE', ( #285, #922, #2572, #2828 ) ) ;
#1173 = VERTEX_POINT ( 'NONE', #2608 ) ;
#1174 = AXIS2_PLACEMENT_3D ( 'NONE', #975, #1353, #3376 ) ;
#1175 = CARTESIAN_POINT ( 'NONE',  ( -18500.00000000000000, 875.0000000000000000, -1140.000000000000227 ) ) ;
#1176 = CARTESIAN_POINT ( 'NONE',  ( -2825.068018844486232, -989.9999999999990905, -960.0000000000017053 ) ) ;
#1177 = CARTESIAN_POINT ( 'NONE',  ( -13680.00000000000000, 814.9999999999972715, -517.7941176470590108 ) ) ;
#1178 = ORIENTED_EDGE ( 'NONE', *, *, #3682, .T. ) ;
#1179 = CIRCLE ( 'NONE', #2295, 277.7941176470602045 ) ;
#1180 = DIRECTION ( 'NONE',  ( 0.000000000000000000, -1.000000000000000000, 0.000000000000000000 ) ) ;
#1181 = VECTOR ( 'NONE', #3488, 1000.000000000000000 ) ;
#1182 = ORIENTED_EDGE ( 'NONE', *, *, #952, .F. ) ;
#1183 = DIRECTION ( 'NONE',  ( 0.000000000000000000, 0.1699069165076472210, -0.9854601157443478865 ) ) ;
#1184 = AXIS2_PLACEMENT_3D ( 'NONE', #2756, #3074, #1073 ) ;
#1185 = DIRECTION ( 'NONE',  ( 1.000000000000000000, 0.000000000000000000, 0.000000000000000000 ) ) ;
#1186 = DIRECTION ( 'NONE',  ( 0.000000000000000000, 1.224646799147353207E-16, 1.000000000000000000 ) ) ;
#1187 = ORIENTED_EDGE ( 'NONE', *, *, #926, .T. ) ;
#1188 = CARTESIAN_POINT ( 'NONE',  ( -13456.54998713038003, 715.1018965907419442, -582.5266689850964212 ) ) ;
#1189 = PLANE ( 'NONE',  #628 ) ;
#1190 = EDGE_CURVE ( 'NONE', #2378, #509, #968, .T. ) ;
#1191 = ORIENTED_EDGE ( 'NONE', *, *, #5, .T. ) ;
#1192 = VERTEX_POINT ( 'NONE', #2288 ) ;
#1193 = DIRECTION ( 'NONE',  ( 0.000000000000000000, -0.9950481186486287433, 0.09939437395458879110 ) ) ;
#1194 = DIRECTION ( 'NONE',  ( -1.000000000000000000, 0.000000000000000000, 0.000000000000000000 ) ) ;
#1195 = PLANE ( 'NONE',  #725 ) ;
#1196 = CARTESIAN_POINT ( 'NONE',  ( -12320.00000000000000, -814.9999999999974989, -239.9999999999984368 ) ) ;
#1197 = EDGE_LOOP ( 'NONE', ( #4000, #2129, #431 ) ) ;
#1198 = ORIENTED_EDGE ( 'NONE', *, *, #3343, .T. ) ;
#1199 = EDGE_CURVE ( 'NONE', #2947, #1268, #2633, .T. ) ;
#1200 = CARTESIAN_POINT ( 'NONE',  ( 10850.00000000000182, -1.665334536937734811E-13, -2.220446049250313081E-13 ) ) ;
#1201 = CARTESIAN_POINT ( 'NONE',  ( -16550.00000000000000, 899.9999999999998863, -910.0000000000001137 ) ) ;
#1202 = ORIENTED_EDGE ( 'NONE', *, *, #1393, .F. ) ;
#1203 = AXIS2_PLACEMENT_3D ( 'NONE', #4208, #1215, #185 ) ;
#1204 = CARTESIAN_POINT ( 'NONE',  ( -292.6587287503931520, 989.9999999999984084, 1659.750127714602968 ) ) ;
#1205 = CARTESIAN_POINT ( 'NONE',  ( -11658.75177054179585, 732.4719190560189190, -589.9999999999965894 ) ) ;
#1206 = PLANE ( 'NONE',  #238 ) ;
#1207 = DIRECTION ( 'NONE',  ( -0.000000000000000000, -0.9901138386947148096, -0.1402661271484180183 ) ) ;
#1208 = CARTESIAN_POINT ( 'NONE',  ( -12500.00000000000182, 1950.712458671872582, -306.2059048389983218 ) ) ;
#1209 = VERTEX_POINT ( 'NONE', #3593 ) ;
#1210 = ORIENTED_EDGE ( 'NONE', *, *, #1453, .F. ) ;
#1211 = ADVANCED_FACE ( 'NONE', ( #1374 ), #634, .T. ) ;
#1212 = PLANE ( 'NONE',  #835 ) ;
#1213 = PRODUCT_RELATED_PRODUCT_CATEGORY ( 'part', '', ( #3802 ) ) ;
#1214 = DIRECTION ( 'NONE',  ( -7.824144642581933777E-16, -2.775557561563032853E-16, 1.000000000000000000 ) ) ;
#1215 = DIRECTION ( 'NONE',  ( 0.000000000000000000, 2.775557561563032853E-16, -1.000000000000000000 ) ) ;
#1216 = CARTESIAN_POINT ( 'NONE',  ( -14299.99999999999818, -814.9999999999974989, -589.9999999999970441 ) ) ;
#1217 = ORIENTED_EDGE ( 'NONE', *, *, #1544, .F. ) ;
#1218 = AXIS2_PLACEMENT_3D ( 'NONE', #4151, #844, #4086 ) ;
#1219 = ORIENTED_EDGE ( 'NONE', *, *, #3018, .T. ) ;
#1220 = VECTOR ( 'NONE', #4245, 1000.000000000000000 ) ;
#1221 = VECTOR ( 'NONE', #3021, 1000.000000000000000 ) ;
#1222 = PLANE ( 'NONE',  #1017 ) ;
#1223 = EDGE_LOOP ( 'NONE', ( #3792, #516, #3460, #2438 ) ) ;
#1224 = EDGE_CURVE ( 'NONE', #2083, #2509, #3326, .T. ) ;
#1225 = VERTEX_POINT ( 'NONE', #3983 ) ;
#1226 = VECTOR ( 'NONE', #1054, 1000.000000000000000 ) ;
#1227 = ORIENTED_EDGE ( 'NONE', *, *, #1934, .F. ) ;
#1228 = DIRECTION ( 'NONE',  ( 0.000000000000000000, 0.000000000000000000, -1.000000000000000000 ) ) ;
#1229 = DIRECTION ( 'NONE',  ( 1.000000000000000000, 0.000000000000000000, -0.000000000000000000 ) ) ;
#1230 = CARTESIAN_POINT ( 'NONE',  ( -12439.85290935933153, -1054.999999999997499, -769.9999999999964757 ) ) ;
#1231 = CARTESIAN_POINT ( 'NONE',  ( -1949.999999999999773, -899.9999999999998863, -910.0000000000001137 ) ) ;
#1232 = LINE ( 'NONE', #3512, #3966 ) ;
#1233 = CARTESIAN_POINT ( 'NONE',  ( -12923.68347295909734, -1190.000000000001592, -6660.000000000000000 ) ) ;
#1234 = ORIENTED_EDGE ( 'NONE', *, *, #1098, .T. ) ;
#1235 = EDGE_LOOP ( 'NONE', ( #2535, #2097, #1482, #2498, #2565 ) ) ;
#1236 = ADVANCED_FACE ( 'NONE', ( #2355 ), #701, .F. ) ;
#1237 = DIRECTION ( 'NONE',  ( -1.000000000000000000, -2.405483220021172340E-16, 0.000000000000000000 ) ) ;
#1238 = ORIENTED_EDGE ( 'NONE', *, *, #1519, .F. ) ;
#1239 = CARTESIAN_POINT ( 'NONE',  ( -14588.56810139493791, 732.4719190560189190, -589.9999999999965894 ) ) ;
#1240 = VECTOR ( 'NONE', #2247, 1000.000000000000000 ) ;
#1241 = DIRECTION ( 'NONE',  ( 1.000000000000000000, 0.000000000000000000, 0.000000000000000000 ) ) ;
#1242 = DIRECTION ( 'NONE',  ( 1.000000000000000000, 0.000000000000000000, 0.000000000000000000 ) ) ;
#1243 = EDGE_CURVE ( 'NONE', #2787, #911, #1652, .T. ) ;
#1244 = SURFACE_SIDE_STYLE ('',( #3249 ) ) ;
#1245 = ORIENTED_EDGE ( 'NONE', *, *, #294, .F. ) ;
#1246 = DIRECTION ( 'NONE',  ( 1.000000000000000000, 0.000000000000000000, 0.000000000000000000 ) ) ;
#1247 = ADVANCED_FACE ( 'NONE', ( #3039 ), #3707, .T. ) ;
#1248 = EDGE_CURVE ( 'NONE', #336, #2629, #3030, .T. ) ;
#1249 = LINE ( 'NONE', #1556, #3054 ) ;
#1250 = EDGE_CURVE ( 'NONE', #3041, #3661, #1023, .T. ) ;
#1251 = CARTESIAN_POINT ( 'NONE',  ( -19116.79486355016707, -794.9999999999924967, -1060.000000000000000 ) ) ;
#1252 = AXIS2_PLACEMENT_3D ( 'NONE', #1397, #3432, #2782 ) ;
#1253 = CIRCLE ( 'NONE', #3275, 79.99999999999995737 ) ;
#1254 = DIRECTION ( 'NONE',  ( 0.000000000000000000, -1.000000000000000000, -3.301729611148416588E-16 ) ) ;
#1255 = LINE ( 'NONE', #1349, #949 ) ;
#1256 = DIRECTION ( 'NONE',  ( -1.000000000000000000, -0.000000000000000000, 0.000000000000000000 ) ) ;
#1257 = ORIENTED_EDGE ( 'NONE', *, *, #3516, .F. ) ;
#1258 = DIRECTION ( 'NONE',  ( -2.400482215405744004E-16, 1.000000000000000000, 0.000000000000000000 ) ) ;
#1259 = CARTESIAN_POINT ( 'NONE',  ( -12541.24822945820415, 732.4719190560189190, -589.9999999999965894 ) ) ;
#1260 = EDGE_LOOP ( 'NONE', ( #2529, #2615 ) ) ;
#1261 = DIRECTION ( 'NONE',  ( 0.000000000000000000, 0.000000000000000000, 1.000000000000000000 ) ) ;
#1262 = LINE ( 'NONE', #863, #2061 ) ;
#1263 = ADVANCED_FACE ( 'NONE', ( #4281 ), #43, .F. ) ;
#1264 = VERTEX_POINT ( 'NONE', #3685 ) ;
#1265 = DIRECTION ( 'NONE',  ( 0.000000000000000000, 1.000000000000000000, -2.200304988219453045E-16 ) ) ;
#1266 = LINE ( 'NONE', #22, #508 ) ;
#1267 = VECTOR ( 'NONE', #2971, 1000.000000000000000 ) ;
#1268 = VERTEX_POINT ( 'NONE', #2319 ) ;
#1269 = ORIENTED_EDGE ( 'NONE', *, *, #3553, .T. ) ;
#1270 = CARTESIAN_POINT ( 'NONE',  ( -10255.33188238365256, 176.9719203373657592, -350.9999999999987494 ) ) ;
#1271 = DIRECTION ( 'NONE',  ( 0.000000000000000000, 1.000000000000000000, -2.200304988219453045E-16 ) ) ;
#1272 = CARTESIAN_POINT ( 'NONE',  ( -10255.33188238365256, -278.9021535255452022, -725.0000000000053433 ) ) ;
#1273 = CARTESIAN_POINT ( 'NONE',  ( -1949.999999999999773, -1189.999999999998408, -960.0000000000002274 ) ) ;
#1274 = DIRECTION ( 'NONE',  ( 0.000000000000000000, 1.000000000000000000, 5.551115123125784674E-16 ) ) ;
#1275 = ADVANCED_FACE ( 'NONE', ( #2008 ), #3315, .F. ) ;
#1276 = CARTESIAN_POINT ( 'NONE',  ( -12547.28068913207790, 679.9999999999977263, -567.4243228023077563 ) ) ;
#1277 = CIRCLE ( 'NONE', #2259, 460.0000000000001137 ) ;
#1278 = CIRCLE ( 'NONE', #797, 6000.000000000000000 ) ;
#1279 = FACE_OUTER_BOUND ( 'NONE', #4231, .T. ) ;
#1280 = CARTESIAN_POINT ( 'NONE',  ( -5576.316527040900837, 1189.999999999998408, -660.0000000000010232 ) ) ;
#1281 = DIRECTION ( 'NONE',  ( 0.000000000000000000, -1.000000000000000000, 0.000000000000000000 ) ) ;
#1282 = ADVANCED_FACE ( 'NONE', ( #415 ), #1664, .F. ) ;
#1283 = ORIENTED_EDGE ( 'NONE', *, *, #914, .F. ) ;
#1284 = VECTOR ( 'NONE', #1419, 1000.000000000000000 ) ;
#1285 = CARTESIAN_POINT ( 'NONE',  ( -11411.43189860506209, 877.4999988432243754, -769.9999999999959073 ) ) ;
#1286 = DIRECTION ( 'NONE',  ( 0.000000000000000000, 0.000000000000000000, 1.000000000000000000 ) ) ;
#1287 = ORIENTED_EDGE ( 'NONE', *, *, #3389, .F. ) ;
#1288 = VECTOR ( 'NONE', #3213, 1000.000000000000000 ) ;
#1289 = CARTESIAN_POINT ( 'NONE',  ( -16550.00000000000000, 1189.999999999998408, -960.0000000000002274 ) ) ;
#1290 = ORIENTED_EDGE ( 'NONE', *, *, #3105, .F. ) ;
#1291 = AXIS2_PLACEMENT_3D ( 'NONE', #843, #2250, #4191 ) ;
#1292 = CARTESIAN_POINT ( 'NONE',  ( -15744.66811761634744, 679.9999999999979536, -765.0652677973102982 ) ) ;
#1293 = CARTESIAN_POINT ( 'NONE',  ( -5576.316527040901747, -990.0000000000000000, -6660.000000000000909 ) ) ;
#1294 = EDGE_CURVE ( 'NONE', #3636, #1622, #64, .T. ) ;
#1295 = ORIENTED_EDGE ( 'NONE', *, *, #3345, .T. ) ;
#1296 = ORIENTED_EDGE ( 'NONE', *, *, #2431, .F. ) ;
#1297 = AXIS2_PLACEMENT_3D ( 'NONE', #3141, #3908, #1241 ) ;
#1298 = CARTESIAN_POINT ( 'NONE',  ( -15674.93198115551786, 1189.999999999998408, -960.0000000000002274 ) ) ;
#1299 = CARTESIAN_POINT ( 'NONE',  ( -11760.14709064067210, -814.9999999999972715, -769.9999999999963620 ) ) ;
#1300 = EDGE_CURVE ( 'NONE', #1046, #2847, #337, .T. ) ;
#1301 = CARTESIAN_POINT ( 'NONE',  ( -12500.00000000000182, 1077.499998843224148, -306.2059048389985492 ) ) ;
#1302 = ORIENTED_EDGE ( 'NONE', *, *, #1656, .F. ) ;
#1303 = DIRECTION ( 'NONE',  ( -0.000000000000000000, -1.000000000000000000, -2.775557561563032853E-16 ) ) ;
#1304 = DIRECTION ( 'NONE',  ( 0.000000000000000000, -1.000000000000000000, -2.775557561563032853E-16 ) ) ;
#1305 = VERTEX_POINT ( 'NONE', #1732 ) ;
#1306 = AXIS2_PLACEMENT_3D ( 'NONE', #3928, #2004, #1307 ) ;
#1307 = DIRECTION ( 'NONE',  ( 0.000000000000000000, 1.000000000000000000, 5.551115123125784674E-16 ) ) ;
#1308 = EDGE_CURVE ( 'NONE', #3763, #4099, #3048, .T. ) ;
#1309 = EDGE_CURVE ( 'NONE', #4103, #4150, #1002, .T. ) ;
#1310 = FACE_OUTER_BOUND ( 'NONE', #2724, .T. ) ;
#1311 = CARTESIAN_POINT ( 'NONE',  ( -14239.85290935932790, -1054.999999999997499, -769.9999999999964757 ) ) ;
#1312 = EDGE_LOOP ( 'NONE', ( #1376, #3290, #88, #3740 ) ) ;
#1313 = DIRECTION ( 'NONE',  ( 0.000000000000000000, -1.000000000000000000, -2.249385511977649118E-16 ) ) ;
#1314 = VERTEX_POINT ( 'NONE', #2364 ) ;
#1315 = DIRECTION ( 'NONE',  ( -0.000000000000000000, -1.000000000000000000, -3.301729611148416588E-16 ) ) ;
#1316 = CARTESIAN_POINT ( 'NONE',  ( 616.7948635501689978, -875.0000000000000000, -1060.000000000000000 ) ) ;
#1317 = ORIENTED_EDGE ( 'NONE', *, *, #1373, .T. ) ;
#1318 = CIRCLE ( 'NONE', #2218, 6000.000000000000000 ) ;
#1319 = CIRCLE ( 'NONE', #3733, 1000.000000000000000 ) ;
#1320 = LINE ( 'NONE', #1651, #3736 ) ;
#1321 = AXIS2_PLACEMENT_3D ( 'NONE', #2283, #1600, #2924 ) ;
#1322 = CARTESIAN_POINT ( 'NONE',  ( -16150.00000000000182, 1189.999999999998408, -960.0000000000002274 ) ) ;
#1323 = CARTESIAN_POINT ( 'NONE',  ( -19116.79486355016707, 875.0000000000000000, -980.0000000000001137 ) ) ;
#1324 = DIRECTION ( 'NONE',  ( -0.1736481776669237531, 0.000000000000000000, -0.9848077530122092416 ) ) ;
#1325 = LINE ( 'NONE', #1937, #2589 ) ;
#1326 = DIRECTION ( 'NONE',  ( 0.000000000000000000, 1.000000000000000000, 2.249385511977649118E-16 ) ) ;
#1327 = CARTESIAN_POINT ( 'NONE',  ( -292.6587287503931520, -1190.000000000002728, 1659.750127714602968 ) ) ;
#1328 = ORIENTED_EDGE ( 'NONE', *, *, #56, .F. ) ;
#1329 = DIRECTION ( 'NONE',  ( -0.000000000000000000, -1.000000000000000000, -0.000000000000000000 ) ) ;
#1330 =( BOUNDED_CURVE ( )  B_SPLINE_CURVE ( 3, ( #2172, #3143, #542, #3470 ),
 .UNSPECIFIED., .F., .T. ) 
 B_SPLINE_CURVE_WITH_KNOTS ( ( 4, 4 ),
 ( 1.284283745212837724, 1.335088666923594625 ),
 .UNSPECIFIED. ) 
 CURVE ( )  GEOMETRIC_REPRESENTATION_ITEM ( )  RATIONAL_B_SPLINE_CURVE ( ( 1.000000000000000000, 0.9997849165603801547, 0.9997849165603801547, 1.000000000000000000 ) ) 
 REPRESENTATION_ITEM ( '' )  );
#1331 = CARTESIAN_POINT ( 'NONE',  ( -11880.00000000000182, -814.9999999999974989, -239.9999999999984368 ) ) ;
#1332 = FACE_OUTER_BOUND ( 'NONE', #3987, .T. ) ;
#1333 = ORIENTED_EDGE ( 'NONE', *, *, #4023, .T. ) ;
#1334 = CARTESIAN_POINT ( 'NONE',  ( -13899.99999999999818, 1054.999999999997272, -459.9999999999978400 ) ) ;
#1335 = FACE_OUTER_BOUND ( 'NONE', #2117, .T. ) ;
#1336 = ADVANCED_FACE ( 'NONE', ( #2385 ), #2692, .T. ) ;
#1337 = ORIENTED_EDGE ( 'NONE', *, *, #2884, .F. ) ;
#1338 = DIRECTION ( 'NONE',  ( 0.000000000000000000, -1.000000000000000000, 0.000000000000000000 ) ) ;
#1339 = LINE ( 'NONE', #1005, #3686 ) ;
#1340 = CARTESIAN_POINT ( 'NONE',  ( -14299.99999999999818, 1950.712458671872810, -589.9999999999963620 ) ) ;
#1341 = VERTEX_POINT ( 'NONE', #3970 ) ;
#1342 = CARTESIAN_POINT ( 'NONE',  ( -16150.00000000000182, -899.9999999999998863, -910.0000000000001137 ) ) ;
#1343 = CARTESIAN_POINT ( 'NONE',  ( -4534.427461039359514, 1189.999999999998408, -751.1534819267461671 ) ) ;
#1344 = CARTESIAN_POINT ( 'NONE',  ( -18500.00000000000000, -875.0000000000000000, -1060.000000000000000 ) ) ;
#1345 = VECTOR ( 'NONE', #3178, 1000.000000000000000 ) ;
#1346 = CARTESIAN_POINT ( 'NONE',  ( -12923.68347295909734, 1189.999999999998408, -660.0000000000001137 ) ) ;
#1347 = ADVANCED_FACE ( 'NONE', ( #2342 ), #3356, .F. ) ;
#1348 = EDGE_CURVE ( 'NONE', #555, #101, #3992, .T. ) ;
#1349 = CARTESIAN_POINT ( 'NONE',  ( -16550.00000000000000, 1189.999999999998408, -960.0000000000002274 ) ) ;
#1350 = DIRECTION ( 'NONE',  ( 0.000000000000000000, -1.000000000000000000, -2.220446049250313081E-16 ) ) ;
#1351 = VERTEX_POINT ( 'NONE', #3664 ) ;
#1352 = AXIS2_PLACEMENT_3D ( 'NONE', #961, #2367, #2280 ) ;
#1353 = DIRECTION ( 'NONE',  ( 0.000000000000000000, 1.000000000000000000, 2.775557561563032853E-16 ) ) ;
#1354 = CIRCLE ( 'NONE', #3758, 6000.000000000000000 ) ;
#1355 = SPHERICAL_SURFACE ( 'NONE', #2842, 1000.000000000000000 ) ;
#1356 = EDGE_CURVE ( 'NONE', #1100, #3836, #2976, .T. ) ;
#1357 = ORIENTED_EDGE ( 'NONE', *, *, #2197, .T. ) ;
#1358 = DIRECTION ( 'NONE',  ( 0.000000000000000000, 1.000000000000000000, 2.775557561563032853E-16 ) ) ;
#1359 = ORIENTED_EDGE ( 'NONE', *, *, #1348, .T. ) ;
#1360 = DIRECTION ( 'NONE',  ( -1.000000000000000000, 0.000000000000000000, 0.000000000000000000 ) ) ;
#1361 = CARTESIAN_POINT ( 'NONE',  ( -18500.00000000000000, 1189.999999999998408, -960.0000000000002274 ) ) ;
#1362 = VECTOR ( 'NONE', #857, 1000.000000000000000 ) ;
#1363 = DIRECTION ( 'NONE',  ( -0.000000000000000000, 1.000000000000000000, 2.249385511977649118E-16 ) ) ;
#1364 = AXIS2_PLACEMENT_3D ( 'NONE', #3925, #4252, #274 ) ;
#1365 = CARTESIAN_POINT ( 'NONE',  ( -16550.00000000000000, -200.0000000000000000, -825.0000000000001137 ) ) ;
#1366 = EDGE_CURVE ( 'NONE', #176, #4241, #711, .T. ) ;
#1367 = EDGE_LOOP ( 'NONE', ( #1328, #1702, #422, #2525, #3753 ) ) ;
#1368 = ORIENTED_EDGE ( 'NONE', *, *, #2862, .T. ) ;
#1369 = AXIS2_PLACEMENT_3D ( 'NONE', #495, #2656, #221 ) ;
#1370 = CARTESIAN_POINT ( 'NONE',  ( -13452.71931086792210, 679.9999999999977263, -567.4243228023077563 ) ) ;
#1371 = VECTOR ( 'NONE', #3585, 1000.000000000000000 ) ;
#1372 = CYLINDRICAL_SURFACE ( 'NONE', #1988, 277.7941176470602045 ) ;
#1373 = EDGE_CURVE ( 'NONE', #2027, #698, #1459, .T. ) ;
#1374 = FACE_OUTER_BOUND ( 'NONE', #2340, .T. ) ;
#1375 = DIRECTION ( 'NONE',  ( 0.000000000000000000, 0.000000000000000000, 1.000000000000000000 ) ) ;
#1376 = ORIENTED_EDGE ( 'NONE', *, *, #1444, .T. ) ;
#1377 = AXIS2_PLACEMENT_3D ( 'NONE', #3336, #1686, #3380 ) ;
#1378 = ORIENTED_EDGE ( 'NONE', *, *, #2955, .F. ) ;
#1379 = CARTESIAN_POINT ( 'NONE',  ( -14119.99999999999818, 1950.712458671872582, -239.9999999999976694 ) ) ;
#1380 = LINE ( 'NONE', #3005, #3869 ) ;
#1381 = ORIENTED_EDGE ( 'NONE', *, *, #1089, .F. ) ;
#1382 = CARTESIAN_POINT ( 'NONE',  ( -10255.33188238365256, -729.4021522441533989, -769.9999999999963620 ) ) ;
#1383 = DIRECTION ( 'NONE',  ( 0.000000000000000000, -0.000000000000000000, -1.000000000000000000 ) ) ;
#1384 = EDGE_CURVE ( 'NONE', #789, #2744, #434, .T. ) ;
#1385 = CARTESIAN_POINT ( 'NONE',  ( -11880.00000000000182, 1077.499998843224375, -517.7941176470588971 ) ) ;
#1386 = ORIENTED_EDGE ( 'NONE', *, *, #2665, .F. ) ;
#1387 = ADVANCED_FACE ( 'NONE', ( #2103 ), #4076, .F. ) ;
#1388 = CARTESIAN_POINT ( 'NONE',  ( -5576.316527040901747, 1189.999999999998408, -6660.000000000000909 ) ) ;
#1389 = DIRECTION ( 'NONE',  ( 1.000000000000000000, 0.000000000000000000, 0.000000000000000000 ) ) ;
#1390 = VECTOR ( 'NONE', #2885, 1000.000000000000000 ) ;
#1391 = VERTEX_POINT ( 'NONE', #502 ) ;
#1392 = EDGE_CURVE ( 'NONE', #911, #1084, #1441, .T. ) ;
#1393 = EDGE_CURVE ( 'NONE', #1058, #3416, #3742, .T. ) ;
#1394 = VECTOR ( 'NONE', #3161, 1000.000000000000000 ) ;
#1395 = EDGE_CURVE ( 'NONE', #596, #667, #3145, .T. ) ;
#1396 = EDGE_LOOP ( 'NONE', ( #2475, #290, #1507, #2350 ) ) ;
#1397 = CARTESIAN_POINT ( 'NONE',  ( -11880.00000000000182, 1950.712458671872810, -517.7941176470586697 ) ) ;
#1398 = CARTESIAN_POINT ( 'NONE',  ( -12500.00000000000182, 1950.712458671872582, -306.2059048389980944 ) ) ;
#1399 = ORIENTED_EDGE ( 'NONE', *, *, #2383, .T. ) ;
#1400 = CARTESIAN_POINT ( 'NONE',  ( -12441.34358727334984, -713.0416965694201963, -768.3657702387155268 ) ) ;
#1401 = ORIENTED_EDGE ( 'NONE', *, *, #133, .F. ) ;
#1402 = DIRECTION ( 'NONE',  ( 0.000000000000000000, -1.000000000000000000, -2.775557561563032853E-16 ) ) ;
#1403 = CARTESIAN_POINT ( 'NONE',  ( -18500.00000000000000, -1190.000000000002728, -1160.000000000000227 ) ) ;
#1404 = CARTESIAN_POINT ( 'NONE',  ( -11760.14709064067210, -1054.999999999997499, -769.9999999999964757 ) ) ;
#1405 = ORIENTED_EDGE ( 'NONE', *, *, #430, .F. ) ;
#1406 = AXIS2_PLACEMENT_3D ( 'NONE', #20, #2054, #339 ) ;
#1407 = EDGE_CURVE ( 'NONE', #3078, #2318, #161, .T. ) ;
#1408 = ORIENTED_EDGE ( 'NONE', *, *, #1190, .T. ) ;
#1409 = AXIS2_PLACEMENT_3D ( 'NONE', #3910, #960, #287 ) ;
#1410 = DIRECTION ( 'NONE',  ( 0.000000000000000000, 1.000000000000000000, 0.000000000000000000 ) ) ;
#1411 = ORIENTED_EDGE ( 'NONE', *, *, #3525, .F. ) ;
#1412 = ORIENTED_EDGE ( 'NONE', *, *, #621, .T. ) ;
#1413 = EDGE_CURVE ( 'NONE', #2629, #411, #3123, .T. ) ;
#1414 = VECTOR ( 'NONE', #2658, 1000.000000000000000 ) ;
#1415 = ORIENTED_EDGE ( 'NONE', *, *, #2480, .T. ) ;
#1416 = DIRECTION ( 'NONE',  ( 1.000000000000000000, 0.000000000000000000, -0.000000000000000000 ) ) ;
#1417 = LINE ( 'NONE', #4055, #119 ) ;
#1418 = ORIENTED_EDGE ( 'NONE', *, *, #2324, .T. ) ;
#1419 = DIRECTION ( 'NONE',  ( 0.000000000000000000, -1.000000000000000000, 0.000000000000000000 ) ) ;
#1420 = LINE ( 'NONE', #2746, #3302 ) ;
#1421 = EDGE_LOOP ( 'NONE', ( #3322, #1217, #1126, #2209 ) ) ;
#1422 = CARTESIAN_POINT ( 'NONE',  ( -14388.56810139493609, 877.4999988432243754, -755.0854464784847551 ) ) ;
#1423 = CARTESIAN_POINT ( 'NONE',  ( -18500.00000000000000, -875.0000000000000000, -1060.000000000000000 ) ) ;
#1424 = ORIENTED_EDGE ( 'NONE', *, *, #3828, .F. ) ;
#1425 = ORIENTED_EDGE ( 'NONE', *, *, #293, .F. ) ;
#1426 = DIRECTION ( 'NONE',  ( 0.000000000000000000, 0.000000000000000000, 1.000000000000000000 ) ) ;
#1427 = AXIS2_PLACEMENT_3D ( 'NONE', #2719, #4046, #3076 ) ;
#1428 = ADVANCED_FACE ( 'NONE', ( #2442 ), #2827, .T. ) ;
#1429 = LINE ( 'NONE', #127, #2607 ) ;
#1430 = AXIS2_PLACEMENT_3D ( 'NONE', #3883, #886, #2182 ) ;
#1431 = CARTESIAN_POINT ( 'NONE',  ( -2825.068018844486232, 989.9999999999984084, 5040.000000000000000 ) ) ;
#1432 = ORIENTED_EDGE ( 'NONE', *, *, #1454, .T. ) ;
#1433 = VECTOR ( 'NONE', #3573, 999.9999999999998863 ) ;
#1434 = VECTOR ( 'NONE', #1760, 999.9999999999998863 ) ;
#1435 = ADVANCED_FACE ( 'NONE', ( #1828 ), #459, .F. ) ;
#1436 = DIRECTION ( 'NONE',  ( 0.000000000000000000, -4.827056628805028179E-16, 1.000000000000000000 ) ) ;
#1437 = ORIENTED_EDGE ( 'NONE', *, *, #2497, .F. ) ;
#1438 = CARTESIAN_POINT ( 'NONE',  ( -18120.00000000000000, -875.0000000000000000, -1060.000000000000000 ) ) ;
#1439 = CARTESIAN_POINT ( 'NONE',  ( -10255.33188238365256, -679.9999999999977263, -765.0652677973106393 ) ) ;
#1440 = VERTEX_POINT ( 'NONE', #1787 ) ;
#1441 = LINE ( 'NONE', #3434, #3981 ) ;
#1442 = ORIENTED_EDGE ( 'NONE', *, *, #1974, .T. ) ;
#1443 = DIRECTION ( 'NONE',  ( -0.000000000000000000, 1.000000000000000000, -0.000000000000000000 ) ) ;
#1444 = EDGE_CURVE ( 'NONE', #429, #1209, #3764, .T. ) ;
#1445 = CARTESIAN_POINT ( 'NONE',  ( -14341.24822945820415, 732.4719190560189190, -589.9999999999965894 ) ) ;
#1446 = ORIENTED_EDGE ( 'NONE', *, *, #308, .T. ) ;
#1447 = VERTEX_POINT ( 'NONE', #4121 ) ;
#1448 = PLANE ( 'NONE',  #1218 ) ;
#1449 = DIRECTION ( 'NONE',  ( 0.000000000000000000, 2.249385511977649118E-16, -1.000000000000000000 ) ) ;
#1450 = FACE_OUTER_BOUND ( 'NONE', #1197, .T. ) ;
#1451 = ORIENTED_EDGE ( 'NONE', *, *, #2584, .F. ) ;
#1452 = ORIENTED_EDGE ( 'NONE', *, *, #342, .F. ) ;
#1453 = EDGE_CURVE ( 'NONE', #267, #2221, #2811, .T. ) ;
#1454 = EDGE_CURVE ( 'NONE', #1623, #1809, #2684, .T. ) ;
#1455 = AXIS2_PLACEMENT_3D ( 'NONE', #3239, #617, #1286 ) ;
#1456 = VERTEX_POINT ( 'NONE', #2425 ) ;
#1457 = VECTOR ( 'NONE', #3057, 1000.000000000000000 ) ;
#1458 = ORIENTED_EDGE ( 'NONE', *, *, #1082, .T. ) ;
#1459 = LINE ( 'NONE', #2785, #1362 ) ;
#1460 = DIRECTION ( 'NONE',  ( -0.000000000000000000, 1.000000000000000000, -0.000000000000000000 ) ) ;
#1461 = EDGE_LOOP ( 'NONE', ( #3691, #4185, #824, #2547 ) ) ;
#1462 = FACE_OUTER_BOUND ( 'NONE', #675, .T. ) ;
#1463 = CARTESIAN_POINT ( 'NONE',  ( -14244.28938755609852, 679.9999999999977263, -765.0652677973101845 ) ) ;
#1464 = VERTEX_POINT ( 'NONE', #3472 ) ;
#1465 = EDGE_CURVE ( 'NONE', #3416, #2766, #1503, .T. ) ;
#1466 = ORIENTED_EDGE ( 'NONE', *, *, #51, .T. ) ;
#1467 = LINE ( 'NONE', #2471, #3146 ) ;
#1468 = CARTESIAN_POINT ( 'NONE',  ( -13680.00000000000000, 1950.712458671872582, -239.9999999999976694 ) ) ;
#1469 = AXIS2_PLACEMENT_3D ( 'NONE', #1438, #1120, #3469 ) ;
#1470 =( BOUNDED_CURVE ( )  B_SPLINE_CURVE ( 3, ( #2284, #2950, #3591, #989 ),
 .UNSPECIFIED., .F., .T. ) 
 B_SPLINE_CURVE_WITH_KNOTS ( ( 4, 4 ),
 ( 5.437455678617205024, 5.451881468827075139 ),
 .UNSPECIFIED. ) 
 CURVE ( )  GEOMETRIC_REPRESENTATION_ITEM ( )  RATIONAL_B_SPLINE_CURVE ( ( 1.000000000000000000, 0.9999826581232540423, 0.9999826581232540423, 1.000000000000000000 ) ) 
 REPRESENTATION_ITEM ( '' )  );
#1471 = VERTEX_POINT ( 'NONE', #2745 ) ;
#1472 = EDGE_CURVE ( 'NONE', #3832, #3418, #4057, .T. ) ;
#1473 = ORIENTED_EDGE ( 'NONE', *, *, #890, .T. ) ;
#1474 = MECHANICAL_DESIGN_GEOMETRIC_PRESENTATION_REPRESENTATION (  '', ( #3541 ), #2581 ) ;
#1475 = ORIENTED_EDGE ( 'NONE', *, *, #1243, .F. ) ;
#1476 = CARTESIAN_POINT ( 'NONE',  ( -12439.85290935933153, 729.4021522441533989, -769.9999999999959073 ) ) ;
#1477 = CARTESIAN_POINT ( 'NONE',  ( -11652.71931086792392, 679.9999999999977263, -567.4243228023077563 ) ) ;
#1478 = VERTEX_POINT ( 'NONE', #2177 ) ;
#1479 = FACE_OUTER_BOUND ( 'NONE', #458, .T. ) ;
#1480 = DIRECTION ( 'NONE',  ( -1.000000000000000000, 0.000000000000000000, 0.000000000000000000 ) ) ;
#1481 = VECTOR ( 'NONE', #600, 1000.000000000000000 ) ;
#1482 = ORIENTED_EDGE ( 'NONE', *, *, #164, .F. ) ;
#1483 = DIRECTION ( 'NONE',  ( 0.000000000000000000, 0.000000000000000000, 1.000000000000000000 ) ) ;
#1484 = ORIENTED_EDGE ( 'NONE', *, *, #2090, .T. ) ;
#1485 = CARTESIAN_POINT ( 'NONE',  ( -18500.00000000000000, 1189.999999999998408, -960.0000000000002274 ) ) ;
#1486 = EDGE_CURVE ( 'NONE', #4084, #2947, #3393, .T. ) ;
#1487 = EDGE_LOOP ( 'NONE', ( #861, #1488, #2992, #1451 ) ) ;
#1488 = ORIENTED_EDGE ( 'NONE', *, *, #2742, .F. ) ;
#1489 = CARTESIAN_POINT ( 'NONE',  ( -11411.43189860506209, 877.4999988432243754, -589.9999999999965894 ) ) ;
#1490 = AXIS2_PLACEMENT_3D ( 'NONE', #155, #1799, #4136 ) ;
#1491 = DIRECTION ( 'NONE',  ( 1.000000000000000000, 0.000000000000000000, -0.000000000000000000 ) ) ;
#1492 = CIRCLE ( 'NONE', #2611, 229.9999999211528348 ) ;
#1493 = VERTEX_POINT ( 'NONE', #374 ) ;
#1494 = ORIENTED_EDGE ( 'NONE', *, *, #3343, .F. ) ;
#1495 = DIRECTION ( 'NONE',  ( 1.000000000000000000, 0.000000000000000000, 0.000000000000000000 ) ) ;
#1496 = CIRCLE ( 'NONE', #2880, 199.9999999999999432 ) ;
#1497 = ADVANCED_FACE ( 'NONE', ( #396 ), #997, .F. ) ;
#1498 = FACE_OUTER_BOUND ( 'NONE', #1827, .T. ) ;
#1499 = CIRCLE ( 'NONE', #2610, 199.9999999999999432 ) ;
#1500 = AXIS2_PLACEMENT_3D ( 'NONE', #403, #419, #3480 ) ;
#1501 = DIRECTION ( 'NONE',  ( 0.000000000000000000, -0.1699069165076472210, -0.9854601157443478865 ) ) ;
#1502 = ORIENTED_EDGE ( 'NONE', *, *, #4195, .F. ) ;
#1503 = LINE ( 'NONE', #3067, #1559 ) ;
#1504 = ORIENTED_EDGE ( 'NONE', *, *, #2519, .F. ) ;
#1505 = CYLINDRICAL_SURFACE ( 'NONE', #3699, 6000.000000000000000 ) ;
#1506 = PLANE ( 'NONE',  #2331 ) ;
#1507 = ORIENTED_EDGE ( 'NONE', *, *, #4243, .F. ) ;
#1508 = AXIS2_PLACEMENT_3D ( 'NONE', #10, #2037, #389 ) ;
#1509 = ORIENTED_EDGE ( 'NONE', *, *, #3246, .F. ) ;
#1510 = CARTESIAN_POINT ( 'NONE',  ( -12100.00000000000182, -679.9999999999978400, 1.720845688168992638E-12 ) ) ;
#1511 = EDGE_CURVE ( 'NONE', #876, #948, #1635, .T. ) ;
#1512 = DIRECTION ( 'NONE',  ( -1.000000000000000000, 0.000000000000000000, 0.000000000000000000 ) ) ;
#1513 = ORIENTED_EDGE ( 'NONE', *, *, #3391, .F. ) ;
#1514 = ORIENTED_EDGE ( 'NONE', *, *, #1785, .T. ) ;
#1515 = CARTESIAN_POINT ( 'NONE',  ( -18120.00000000000000, -875.0000000000000000, -1060.000000000000000 ) ) ;
#1516 = DIRECTION ( 'NONE',  ( 0.000000000000000000, 0.000000000000000000, 1.000000000000000000 ) ) ;
#1517 = DIRECTION ( 'NONE',  ( -0.9848077530122092416, 0.000000000000000000, 0.1736481776669237531 ) ) ;
#1518 = LINE ( 'NONE', #1582, #2777 ) ;
#1519 = EDGE_CURVE ( 'NONE', #479, #4159, #4277, .T. ) ;
#1520 = EDGE_CURVE ( 'NONE', #2467, #1895, #183, .T. ) ;
#1521 = APPLICATION_CONTEXT ( 'automotive_design' ) ;
#1522 = DIRECTION ( 'NONE',  ( -1.000000000000000000, 2.171636382548118065E-31, -7.824144642581933777E-16 ) ) ;
#1523 = LINE ( 'NONE', #4164, #2865 ) ;
#1524 = EDGE_LOOP ( 'NONE', ( #501, #1238 ) ) ;
#1525 = AXIS2_PLACEMENT_3D ( 'NONE', #1398, #1041, #689 ) ;
#1526 = AXIS2_PLACEMENT_3D ( 'NONE', #181, #3206, #3804 ) ;
#1527 = ORIENTED_EDGE ( 'NONE', *, *, #392, .T. ) ;
#1528 = AXIS2_PLACEMENT_3D ( 'NONE', #4176, #2534, #2839 ) ;
#1529 = APPLICATION_PROTOCOL_DEFINITION ( 'draft international standard', 'automotive_design', 1998, #3297 ) ;
#1530 = DIRECTION ( 'NONE',  ( 1.000000000000000000, 2.171636382548118065E-31, -7.824144642581933777E-16 ) ) ;
#1531 = VERTEX_POINT ( 'NONE', #1708 ) ;
#1532 = DIRECTION ( 'NONE',  ( 0.000000000000000000, -2.775557561563032853E-16, 1.000000000000000000 ) ) ;
#1533 = CARTESIAN_POINT ( 'NONE',  ( -11757.17756101499617, -696.5740269077375615, -766.7208309781532307 ) ) ;
#1534 = CARTESIAN_POINT ( 'NONE',  ( -11411.43189860506209, 278.9021535255452022, -725.0000000000052296 ) ) ;
#1535 = SURFACE_SIDE_STYLE ('',( #195 ) ) ;
#1536 = CARTESIAN_POINT ( 'NONE',  ( -12541.24822945820597, 814.9999999999972715, -589.9999999999965894 ) ) ;
#1537 = CARTESIAN_POINT ( 'NONE',  ( -13899.99999999999818, 679.9999999999979536, -909.9999999999979536 ) ) ;
#1538 = EDGE_CURVE ( 'NONE', #1531, #618, #4140, .T. ) ;
#1539 = EDGE_CURVE ( 'NONE', #833, #4122, #50, .T. ) ;
#1540 = ORIENTED_EDGE ( 'NONE', *, *, #3956, .F. ) ;
#1541 = CARTESIAN_POINT ( 'NONE',  ( -15744.66811761634744, 814.9999999999972715, -589.9999999999965894 ) ) ;
#1542 = CARTESIAN_POINT ( 'NONE',  ( -11700.00000000000182, 1950.712458671872582, -306.2059048389979239 ) ) ;
#1543 = CARTESIAN_POINT ( 'NONE',  ( -11411.43189860506209, 176.9719203373657592, -350.9999999999987494 ) ) ;
#1544 = EDGE_CURVE ( 'NONE', #427, #2549, #1016, .T. ) ;
#1545 = EDGE_LOOP ( 'NONE', ( #1337, #2960, #4102, #2909 ) ) ;
#1546 = ORIENTED_EDGE ( 'NONE', *, *, #1486, .F. ) ;
#1547 =( NAMED_UNIT ( * ) SI_UNIT ( $, .STERADIAN. ) SOLID_ANGLE_UNIT ( ) );
#1548 = DIRECTION ( 'NONE',  ( -0.000000000000000000, -0.9854601157443478865, -0.1699069165076472210 ) ) ;
#1549 = VERTEX_POINT ( 'NONE', #1062 ) ;
#1550 = VECTOR ( 'NONE', #1889, 1000.000000000000000 ) ;
#1551 = CARTESIAN_POINT ( 'NONE',  ( -14239.85290935932790, 729.4021522441533989, -769.9999999999959073 ) ) ;
#1552 = ORIENTED_EDGE ( 'NONE', *, *, #3570, .T. ) ;
#1553 = ORIENTED_EDGE ( 'NONE', *, *, #1356, .F. ) ;
#1554 = DIRECTION ( 'NONE',  ( -0.000000000000000000, 0.000000000000000000, 1.000000000000000000 ) ) ;
#1555 = AXIS2_PLACEMENT_3D ( 'NONE', #3459, #485, #1811 ) ;
#1556 = CARTESIAN_POINT ( 'NONE',  ( -15744.66811761634744, 679.9999999999977263, -567.4243228023077563 ) ) ;
#1557 = DIRECTION ( 'NONE',  ( 1.509903313490212895E-14, 0.000000000000000000, -1.000000000000000000 ) ) ;
#1558 = PLANE ( 'NONE',  #3825 ) ;
#1559 = VECTOR ( 'NONE', #81, 1000.000000000000000 ) ;
#1560 = CARTESIAN_POINT ( 'NONE',  ( -16550.00000000000000, -899.9999999999998863, -910.0000000000001137 ) ) ;
#1561 = EDGE_LOOP ( 'NONE', ( #1738, #3696, #343, #554, #3153, #423, #3160, #3706, #2258, #728, #3050, #2968 ) ) ;
#1562 = AXIS2_PLACEMENT_3D ( 'NONE', #2130, #3455, #2086 ) ;
#1563 = EDGE_CURVE ( 'NONE', #4287, #344, #1660, .T. ) ;
#1564 = ORIENTED_EDGE ( 'NONE', *, *, #964, .F. ) ;
#1565 = CIRCLE ( 'NONE', #3307, 460.0000000000001137 ) ;
#1566 = LINE ( 'NONE', #231, #1847 ) ;
#1567 = CARTESIAN_POINT ( 'NONE',  ( -1949.999999999999773, 200.0000000000000000, -825.0000000000001137 ) ) ;
#1568 = EDGE_LOOP ( 'NONE', ( #602, #94, #1401, #2763 ) ) ;
#1569 = EDGE_CURVE ( 'NONE', #3063, #1025, #1866, .T. ) ;
#1570 = ORIENTED_EDGE ( 'NONE', *, *, #76, .F. ) ;
#1571 = EDGE_CURVE ( 'NONE', #1153, #1757, #3944, .T. ) ;
#1572 = CARTESIAN_POINT ( 'NONE',  ( -1949.999999999999773, -899.9999999999998863, -910.0000000000001137 ) ) ;
#1573 = SHAPE_REPRESENTATION_RELATIONSHIP ( 'NONE' , 'NONE' ,  #1775, #4137 ) ;
#1574 = CARTESIAN_POINT ( 'NONE',  ( -16150.00000000000182, -1189.999999999998408, -960.0000000000002274 ) ) ;
#1575 = DIRECTION ( 'NONE',  ( 0.000000000000000000, 0.9901138386947148096, -0.1402661271484179906 ) ) ;
#1576 = ORIENTED_EDGE ( 'NONE', *, *, #1729, .F. ) ;
#1577 = EDGE_LOOP ( 'NONE', ( #3907, #1234, #848, #3875 ) ) ;
#1578 = LINE ( 'NONE', #4223, #199 ) ;
#1579 = FACE_OUTER_BOUND ( 'NONE', #25, .T. ) ;
#1580 = EDGE_CURVE ( 'NONE', #2407, #1531, #2618, .T. ) ;
#1581 = DIRECTION ( 'NONE',  ( 0.000000000000000000, 1.000000000000000000, 0.000000000000000000 ) ) ;
#1582 = CARTESIAN_POINT ( 'NONE',  ( -10255.33188238365256, -278.9021535255452022, -725.0000000000053433 ) ) ;
#1583 = DIRECTION ( 'NONE',  ( -0.000000000000000000, 1.000000000000000000, -0.000000000000000000 ) ) ;
#1584 = EDGE_CURVE ( 'NONE', #1447, #41, #3617, .T. ) ;
#1585 = DIRECTION ( 'NONE',  ( 2.400482215405744004E-16, -1.000000000000000000, -0.000000000000000000 ) ) ;
#1586 = ADVANCED_FACE ( 'NONE', ( #3312 ), #643, .T. ) ;
#1587 = ORIENTED_EDGE ( 'NONE', *, *, #1989, .T. ) ;
#1588 = FACE_OUTER_BOUND ( 'NONE', #1644, .T. ) ;
#1589 = EDGE_CURVE ( 'NONE', #1391, #4240, #4027, .T. ) ;
#1590 = ORIENTED_EDGE ( 'NONE', *, *, #719, .T. ) ;
#1591 = DIRECTION ( 'NONE',  ( 0.000000000000000000, 0.000000000000000000, 1.000000000000000000 ) ) ;
#1592 = ORIENTED_EDGE ( 'NONE', *, *, #1729, .T. ) ;
#1593 = FACE_OUTER_BOUND ( 'NONE', #3348, .T. ) ;
#1594 = ORIENTED_EDGE ( 'NONE', *, *, #3295, .F. ) ;
#1595 = VECTOR ( 'NONE', #1271, 1000.000000000000000 ) ;
#1596 = DIRECTION ( 'NONE',  ( 0.000000000000000000, 1.000000000000000000, 2.775557561563032853E-16 ) ) ;
#1597 = CARTESIAN_POINT ( 'NONE',  ( -13458.75177054179585, 732.4719190560189190, -589.9999999999965894 ) ) ;
#1598 = EDGE_CURVE ( 'NONE', #4128, #2859, #14, .T. ) ;
#1599 = ORIENTED_EDGE ( 'NONE', *, *, #1356, .T. ) ;
#1600 = DIRECTION ( 'NONE',  ( 1.000000000000000000, -0.000000000000000000, 0.000000000000000000 ) ) ;
#1601 = DIRECTION ( 'NONE',  ( 0.000000000000000000, 0.000000000000000000, 1.000000000000000000 ) ) ;
#1602 = DIRECTION ( 'NONE',  ( 0.000000000000000000, 1.000000000000000000, 3.301729611148416588E-16 ) ) ;
#1603 = FACE_OUTER_BOUND ( 'NONE', #2513, .T. ) ;
#1604 = CARTESIAN_POINT ( 'NONE',  ( -10255.33188238365256, 1077.499998843224375, -589.9999999999964757 ) ) ;
#1605 = VECTOR ( 'NONE', #1402, 1000.000000000000000 ) ;
#1606 = CYLINDRICAL_SURFACE ( 'NONE', #2805, 199.9999999999999432 ) ;
#1607 = EDGE_LOOP ( 'NONE', ( #2816, #3449, #2738, #4089, #1494, #4276, #1110 ) ) ;
#1608 = CARTESIAN_POINT ( 'NONE',  ( -2825.068018844486232, 0.000000000000000000, 5040.000000000000000 ) ) ;
#1609 = PRODUCT_DEFINITION_FORMATION_WITH_SPECIFIED_SOURCE ( 'TUTTO', '', #3761, .NOT_KNOWN. ) ;
#1610 = ORIENTED_EDGE ( 'NONE', *, *, #2439, .T. ) ;
#1611 = EDGE_CURVE ( 'NONE', #3678, #4122, #2578, .T. ) ;
#1612 = DIRECTION ( 'NONE',  ( -1.000000000000000000, 0.000000000000000000, 0.000000000000000000 ) ) ;
#1613 = PLANE ( 'NONE',  #2501 ) ;
#1614 = ORIENTED_EDGE ( 'NONE', *, *, #2016, .F. ) ;
#1615 = FACE_OUTER_BOUND ( 'NONE', #3771, .T. ) ;
#1616 = UNCERTAINTY_MEASURE_WITH_UNIT (LENGTH_MEASURE( 1.000000000000000082E-05 ), #2627, 'distance_accuracy_value', 'NONE');
#1617 = ORIENTED_EDGE ( 'NONE', *, *, #2041, .T. ) ;
#1618 = DIRECTION ( 'NONE',  ( 0.000000000000000000, 0.9185881544472646043, 0.3952161465694035702 ) ) ;
#1619 = DIRECTION ( 'NONE',  ( 0.000000000000000000, 0.000000000000000000, 1.000000000000000000 ) ) ;
#1620 = CARTESIAN_POINT ( 'NONE',  ( -18500.00000000000000, 875.0000000000000000, -1060.000000000000000 ) ) ;
#1621 = VECTOR ( 'NONE', #1999, 1000.000000000000000 ) ;
#1622 = VERTEX_POINT ( 'NONE', #809 ) ;
#1623 = VERTEX_POINT ( 'NONE', #500 ) ;
#1624 = ADVANCED_FACE ( 'NONE', ( #784 ), #2101, .T. ) ;
#1625 = DIRECTION ( 'NONE',  ( 0.000000000000000000, -0.09939437395458934621, 0.9950481186486286322 ) ) ;
#1626 = CARTESIAN_POINT ( 'NONE',  ( -11758.65641272665380, 713.0416965694206510, -768.3657702387152995 ) ) ;
#1627 = ADVANCED_FACE ( 'NONE', ( #137 ), #1804, .F. ) ;
#1628 = LINE ( 'NONE', #348, #4113 ) ;
#1629 = AXIS2_PLACEMENT_3D ( 'NONE', #2139, #4129, #2874 ) ;
#1630 = DIRECTION ( 'NONE',  ( 0.000000000000000000, 1.000000000000000000, 2.775557561563032853E-16 ) ) ;
#1631 = VECTOR ( 'NONE', #4079, 1000.000000000000000 ) ;
#1632 = DIRECTION ( 'NONE',  ( 0.000000000000000000, 1.000000000000000000, 3.301729611148416588E-16 ) ) ;
#1633 = DIRECTION ( 'NONE',  ( 0.000000000000000000, 0.000000000000000000, -1.000000000000000000 ) ) ;
#1634 = ORIENTED_EDGE ( 'NONE', *, *, #2687, .T. ) ;
#1635 = LINE ( 'NONE', #4104, #3933 ) ;
#1636 = CIRCLE ( 'NONE', #3913, 199.9999999999999432 ) ;
#1637 = AXIS2_PLACEMENT_3D ( 'NONE', #567, #547, #2594 ) ;
#1638 = DIRECTION ( 'NONE',  ( -1.000000000000000000, -0.000000000000000000, -0.000000000000000000 ) ) ;
#1639 = DIRECTION ( 'NONE',  ( -1.000000000000000000, 0.000000000000000000, 0.000000000000000000 ) ) ;
#1640 = ORIENTED_EDGE ( 'NONE', *, *, #1001, .T. ) ;
#1641 = LINE ( 'NONE', #2647, #3840 ) ;
#1642 = AXIS2_PLACEMENT_3D ( 'NONE', #1985, #1258, #2271 ) ;
#1643 = DIRECTION ( 'NONE',  ( 0.000000000000000000, -1.000000000000000000, -2.249385511977649118E-16 ) ) ;
#1644 = EDGE_LOOP ( 'NONE', ( #3741, #819, #962, #3822, #841, #3901, #3311, #3392, #1509 ) ) ;
#1645 = PLANE ( 'NONE',  #1958 ) ;
#1646 = SURFACE_STYLE_FILL_AREA ( #313 ) ;
#1647 = CARTESIAN_POINT ( 'NONE',  ( 0.000000000000000000, 0.000000000000000000, -1160.000000000000227 ) ) ;
#1648 = EDGE_LOOP ( 'NONE', ( #464, #4300, #2769, #1210 ) ) ;
#1649 = EDGE_CURVE ( 'NONE', #3068, #3085, #2400, .T. ) ;
#1650 = ADVANCED_FACE ( 'NONE', ( #1479 ), #2741, .T. ) ;
#1651 = CARTESIAN_POINT ( 'NONE',  ( -11611.43189860506391, -1077.499998843224375, -769.9999999999964757 ) ) ;
#1652 = CIRCLE ( 'NONE', #465, 277.7941176470602045 ) ;
#1653 = DIRECTION ( 'NONE',  ( -1.000000000000000000, -0.000000000000000000, 0.000000000000000000 ) ) ;
#1654 = DIRECTION ( 'NONE',  ( -1.000000000000000000, 0.000000000000000000, -0.000000000000000000 ) ) ;
#1655 = CARTESIAN_POINT ( 'NONE',  ( -12100.00000000000182, 679.9999999999979536, -909.9999999999979536 ) ) ;
#1656 = EDGE_CURVE ( 'NONE', #113, #2022, #2212, .T. ) ;
#1657 = FACE_OUTER_BOUND ( 'NONE', #493, .T. ) ;
#1658 = CARTESIAN_POINT ( 'NONE',  ( -12100.00000000000182, 1054.999999999997272, -459.9999999999978400 ) ) ;
#1659 = ORIENTED_EDGE ( 'NONE', *, *, #2091, .F. ) ;
#1660 = LINE ( 'NONE', #1379, #3721 ) ;
#1661 = LINE ( 'NONE', #2938, #3702 ) ;
#1662 = DIRECTION ( 'NONE',  ( 0.000000000000000000, -0.3952161465694030706, -0.9185881544472649374 ) ) ;
#1663 = ORIENTED_EDGE ( 'NONE', *, *, #167, .F. ) ;
#1664 = PLANE ( 'NONE',  #4135 ) ;
#1665 = CARTESIAN_POINT ( 'NONE',  ( -10255.33188238365256, -1077.499998843224375, -589.9999999999971578 ) ) ;
#1666 = DIRECTION ( 'NONE',  ( 0.000000000000000000, -0.9901138386947148096, 0.1402661271484180183 ) ) ;
#1667 = ORIENTED_EDGE ( 'NONE', *, *, #1036, .T. ) ;
#1668 = AXIS2_PLACEMENT_3D ( 'NONE', #611, #942, #3552 ) ;
#1669 = AXIS2_PLACEMENT_3D ( 'NONE', #135, #2905, #1848 ) ;
#1670 = EDGE_CURVE ( 'NONE', #2549, #3793, #2887, .T. ) ;
#1671 = EDGE_CURVE ( 'NONE', #509, #2694, #4236, .T. ) ;
#1672 = AXIS2_PLACEMENT_3D ( 'NONE', #1093, #490, #3408 ) ;
#1673 = DIRECTION ( 'NONE',  ( -0.000000000000000000, -1.000000000000000000, -2.775557561563032853E-16 ) ) ;
#1674 = PRODUCT_DEFINITION ( 'NON CONOSCIUTO', '', #3277, #533 ) ;
#1675 = PLANE ( 'NONE',  #767 ) ;
#1676 = DIRECTION ( 'NONE',  ( 0.000000000000000000, -1.000000000000000000, 0.000000000000000000 ) ) ;
#1677 = CARTESIAN_POINT ( 'NONE',  ( -13899.99999999999818, 1054.999999999997044, 2.220446049250313081E-12 ) ) ;
#1678 = CARTESIAN_POINT ( 'NONE',  ( -14388.56810139493609, 877.4999988432243754, -769.9999999999959073 ) ) ;
#1679 = ORIENTED_EDGE ( 'NONE', *, *, #1413, .F. ) ;
#1680 = DIRECTION ( 'NONE',  ( 0.000000000000000000, 1.000000000000000000, 3.301729611148416588E-16 ) ) ;
#1681 = EDGE_CURVE ( 'NONE', #1046, #698, #1819, .T. ) ;
#1682 = CIRCLE ( 'NONE', #3954, 460.0000000000000000 ) ;
#1683 = LINE ( 'NONE', #2006, #3402 ) ;
#1684 = EDGE_LOOP ( 'NONE', ( #575, #3800, #891, #1386 ) ) ;
#1685 = DIRECTION ( 'NONE',  ( 0.000000000000000000, 0.000000000000000000, 1.000000000000000000 ) ) ;
#1686 = DIRECTION ( 'NONE',  ( 0.000000000000000000, 2.775557561563032853E-16, -1.000000000000000000 ) ) ;
#1687 = FACE_OUTER_BOUND ( 'NONE', #4117, .T. ) ;
#1688 = ORIENTED_EDGE ( 'NONE', *, *, #865, .F. ) ;
#1689 = PLANE ( 'NONE',  #75 ) ;
#1690 = CARTESIAN_POINT ( 'NONE',  ( -13965.57253896063776, -990.0000000000018190, -751.1534819267449166 ) ) ;
#1691 = PLANE ( 'NONE',  #1906 ) ;
#1692 = ORIENTED_EDGE ( 'NONE', *, *, #2674, .T. ) ;
#1693 = ORIENTED_EDGE ( 'NONE', *, *, #2440, .T. ) ;
#1694 = DIRECTION ( 'NONE',  ( -2.400482215405744004E-16, 1.000000000000000000, 0.000000000000000000 ) ) ;
#1695 = FACE_OUTER_BOUND ( 'NONE', #2362, .T. ) ;
#1696 = PLANE ( 'NONE',  #2693 ) ;
#1697 = EDGE_CURVE ( 'NONE', #1809, #3085, #2253, .T. ) ;
#1698 = FACE_OUTER_BOUND ( 'NONE', #3071, .T. ) ;
#1699 = CARTESIAN_POINT ( 'NONE',  ( -18500.00000000000000, -1190.000000000002728, -960.0000000000002274 ) ) ;
#1700 = AXIS2_PLACEMENT_3D ( 'NONE', #4119, #2484, #205 ) ;
#1701 = CARTESIAN_POINT ( 'NONE',  ( -11411.43189860506209, 1077.499998843224375, -589.9999999999964757 ) ) ;
#1702 = ORIENTED_EDGE ( 'NONE', *, *, #1366, .T. ) ;
#1703 = CARTESIAN_POINT ( 'NONE',  ( -12500.00000000000182, 814.9999999999972715, -306.2059048389984355 ) ) ;
#1704 = ORIENTED_EDGE ( 'NONE', *, *, #2780, .F. ) ;
#1705 = DIRECTION ( 'NONE',  ( 1.000000000000000000, -0.000000000000000000, -0.000000000000000000 ) ) ;
#1706 = ORIENTED_EDGE ( 'NONE', *, *, #759, .F. ) ;
#1707 = CIRCLE ( 'NONE', #1904, 79.99999999999995737 ) ;
#1708 = CARTESIAN_POINT ( 'NONE',  ( -11880.00000000000182, 814.9999999999970441, -239.9999999999979821 ) ) ;
#1709 = VECTOR ( 'NONE', #341, 1000.000000000000000 ) ;
#1710 = CYLINDRICAL_SURFACE ( 'NONE', #2434, 460.0000000000000568 ) ;
#1711 = ORIENTED_EDGE ( 'NONE', *, *, #116, .F. ) ;
#1712 = DIRECTION ( 'NONE',  ( 0.000000000000000000, 1.000000000000000000, 3.301729611148416588E-16 ) ) ;
#1713 = ORIENTED_EDGE ( 'NONE', *, *, #3038, .F. ) ;
#1714 = CARTESIAN_POINT ( 'NONE',  ( -1949.999999999999773, 800.0000000000000000, -910.0000000000001137 ) ) ;
#1715 = DIRECTION ( 'NONE',  ( 0.000000000000000000, 2.775557561563032853E-16, -1.000000000000000000 ) ) ;
#1716 = VERTEX_POINT ( 'NONE', #3540 ) ;
#1717 = EDGE_CURVE ( 'NONE', #2379, #4203, #2943, .T. ) ;
#1718 = ORIENTED_EDGE ( 'NONE', *, *, #673, .T. ) ;
#1719 = EDGE_CURVE ( 'NONE', #2379, #2708, #1950, .T. ) ;
#1720 = VECTOR ( 'NONE', #82, 1000.000000000000000 ) ;
#1721 = DIRECTION ( 'NONE',  ( -0.000000000000000000, 2.775557561563032853E-16, -1.000000000000000000 ) ) ;
#1722 = EDGE_CURVE ( 'NONE', #1351, #361, #4261, .T. ) ;
#1723 = DIRECTION ( 'NONE',  ( 0.000000000000000000, 0.000000000000000000, -1.000000000000000000 ) ) ;
#1724 = VECTOR ( 'NONE', #1, 1000.000000000000000 ) ;
#1725 = VERTEX_POINT ( 'NONE', #2625 ) ;
#1726 = ORIENTED_EDGE ( 'NONE', *, *, #1224, .F. ) ;
#1727 = DIRECTION ( 'NONE',  ( 0.000000000000000000, -1.000000000000000000, 0.000000000000000000 ) ) ;
#1728 = EDGE_CURVE ( 'NONE', #543, #799, #3247, .T. ) ;
#1729 = EDGE_CURVE ( 'NONE', #2270, #3122, #2623, .T. ) ;
#1730 = DIRECTION ( 'NONE',  ( 0.000000000000000000, 1.000000000000000000, 0.000000000000000000 ) ) ;
#1731 = VERTEX_POINT ( 'NONE', #648 ) ;
#1732 = CARTESIAN_POINT ( 'NONE',  ( -3866.957084846028920, -989.9999999999993179, -868.8465180732548561 ) ) ;
#1733 = CYLINDRICAL_SURFACE ( 'NONE', #457, 460.0000000000000568 ) ;
#1734 = ORIENTED_EDGE ( 'NONE', *, *, #3106, .T. ) ;
#1735 = CARTESIAN_POINT ( 'NONE',  ( -11411.43189860506209, -729.4021522441533989, -769.9999999999963620 ) ) ;
#1736 = CARTESIAN_POINT ( 'NONE',  ( -15744.66811761634744, -814.9999999999972715, -769.9999999999963620 ) ) ;
#1737 = LINE ( 'NONE', #2445, #664 ) ;
#1738 = ORIENTED_EDGE ( 'NONE', *, *, #182, .F. ) ;
#1739 = CARTESIAN_POINT ( 'NONE',  ( -19116.79486355016707, -875.0000000000000000, -980.0000000000001137 ) ) ;
#1740 = EDGE_CURVE ( 'NONE', #2817, #1531, #494, .T. ) ;
#1741 = CARTESIAN_POINT ( 'NONE',  ( -12500.00000000000182, 1077.499998843224375, -589.9999999999964757 ) ) ;
#1742 = CIRCLE ( 'NONE', #905, 79.99999999999995737 ) ;
#1743 = PRODUCT_DEFINITION_SHAPE ( 'NONE', 'NONE',  #4301 ) ;
#1744 = CIRCLE ( 'NONE', #4156, 460.0000000000000000 ) ;
#1745 = LINE ( 'NONE', #3301, #1030 ) ;
#1746 = ORIENTED_EDGE ( 'NONE', *, *, #4033, .F. ) ;
#1747 = AXIS2_PLACEMENT_3D ( 'NONE', #246, #1929, #2233 ) ;
#1748 = VERTEX_POINT ( 'NONE', #1476 ) ;
#1749 = CYLINDRICAL_SURFACE ( 'NONE', #2986, 6000.000000000000000 ) ;
#1750 = ORIENTED_EDGE ( 'NONE', *, *, #323, .F. ) ;
#1751 = DIRECTION ( 'NONE',  ( 0.000000000000000000, 1.000000000000000000, 2.775557561563032853E-16 ) ) ;
#1752 = EDGE_CURVE ( 'NONE', #229, #2817, #3165, .T. ) ;
#1753 = EDGE_LOOP ( 'NONE', ( #1864, #3203, #4283, #2527 ) ) ;
#1754 = VECTOR ( 'NONE', #1256, 1000.000000000000000 ) ;
#1755 = DIRECTION ( 'NONE',  ( 0.000000000000000000, -1.000000000000000000, -2.249385511977649118E-16 ) ) ;
#1756 = LINE ( 'NONE', #2368, #2464 ) ;
#1757 = VERTEX_POINT ( 'NONE', #4112 ) ;
#1758 = EDGE_LOOP ( 'NONE', ( #2224, #3431, #793, #358 ) ) ;
#1759 = CARTESIAN_POINT ( 'NONE',  ( -13899.99999999999818, -814.9999999999974989, -459.9999999999983515 ) ) ;
#1760 = DIRECTION ( 'NONE',  ( 0.9848077530122093526, 0.000000000000000000, 0.1736481776669235033 ) ) ;
#1761 = ORIENTED_EDGE ( 'NONE', *, *, #35, .T. ) ;
#1762 = EDGE_LOOP ( 'NONE', ( #1452, #1092, #974, #1553, #1381, #1796 ) ) ;
#1763 = DIRECTION ( 'NONE',  ( 0.000000000000000000, -0.9901138386947148096, -0.1402661271484180183 ) ) ;
#1764 = ORIENTED_EDGE ( 'NONE', *, *, #2712, .F. ) ;
#1765 = CARTESIAN_POINT ( 'NONE',  ( -11880.00000000000182, 1077.499998843224148, -239.9999999999978684 ) ) ;
#1766 = ORIENTED_EDGE ( 'NONE', *, *, #2614, .F. ) ;
#1767 = VECTOR ( 'NONE', #3171, 1000.000000000000000 ) ;
#1768 = LINE ( 'NONE', #85, #2262 ) ;
#1769 = CARTESIAN_POINT ( 'NONE',  ( -5576.316527040900837, -989.9999999999997726, -660.0000000000010232 ) ) ;
#1770 = VERTEX_POINT ( 'NONE', #3781 ) ;
#1771 = EDGE_LOOP ( 'NONE', ( #2186, #849, #448, #4030, #2798 ) ) ;
#1772 = VECTOR ( 'NONE', #2151, 1000.000000000000000 ) ;
#1773 = PLANE ( 'NONE',  #1184 ) ;
#1774 = DIRECTION ( 'NONE',  ( -1.000000000000000000, -0.000000000000000000, -0.000000000000000000 ) ) ;
#1775 = SHAPE_REPRESENTATION ( 'Y25_BackwardBogies_MediumDetailed', ( #3130 ), #854 ) ;
#1776 = VECTOR ( 'NONE', #2287, 1000.000000000000000 ) ;
#1777 = CIRCLE ( 'NONE', #2057, 79.99999999999995737 ) ;
#1778 = CARTESIAN_POINT ( 'NONE',  ( -1949.999999999999773, -1189.999999999998408, -960.0000000000002274 ) ) ;
#1779 = ORIENTED_EDGE ( 'NONE', *, *, #1453, .T. ) ;
#1780 = VECTOR ( 'NONE', #1653, 1000.000000000000000 ) ;
#1781 = VECTOR ( 'NONE', #1865, 1000.000000000000000 ) ;
#1782 = DIRECTION ( 'NONE',  ( 0.000000000000000000, 1.000000000000000000, 3.301729611148416588E-16 ) ) ;
#1783 = CARTESIAN_POINT ( 'NONE',  ( -1949.999999999999773, -200.0000000000000000, -825.0000000000001137 ) ) ;
#1784 = VERTEX_POINT ( 'NONE', #1156 ) ;
#1785 = EDGE_CURVE ( 'NONE', #7, #3735, #3509, .T. ) ;
#1786 = VERTEX_POINT ( 'NONE', #827 ) ;
#1787 = CARTESIAN_POINT ( 'NONE',  ( 0.000000000000000000, -1189.999999999998408, -960.0000000000002274 ) ) ;
#1788 = VERTEX_POINT ( 'NONE', #3565 ) ;
#1789 = DIRECTION ( 'NONE',  ( 0.000000000000000000, 0.9854601157443478865, 0.1699069165076472210 ) ) ;
#1790 = CARTESIAN_POINT ( 'NONE',  ( -18500.00000000000000, 1189.999999999998408, -960.0000000000002274 ) ) ;
#1791 = ORIENTED_EDGE ( 'NONE', *, *, #4205, .T. ) ;
#1792 = ORIENTED_EDGE ( 'NONE', *, *, #3610, .T. ) ;
#1793 = FACE_OUTER_BOUND ( 'NONE', #912, .T. ) ;
#1794 = CARTESIAN_POINT ( 'NONE',  ( -11700.00000000000182, 1077.499998843224375, -589.9999999999964757 ) ) ;
#1795 = ORIENTED_EDGE ( 'NONE', *, *, #3260, .F. ) ;
#1796 = ORIENTED_EDGE ( 'NONE', *, *, #2702, .F. ) ;
#1797 = ORIENTED_EDGE ( 'NONE', *, *, #42, .F. ) ;
#1798 = EDGE_CURVE ( 'NONE', #105, #228, #213, .T. ) ;
#1799 = DIRECTION ( 'NONE',  ( 1.000000000000000000, -0.000000000000000000, -0.000000000000000000 ) ) ;
#1800 =( BOUNDED_CURVE ( )  B_SPLINE_CURVE ( 3, ( #595, #2941, #1533, #3816 ),
 .UNSPECIFIED., .F., .T. ) 
 B_SPLINE_CURVE_WITH_KNOTS ( ( 4, 4 ),
 ( 0.8313038383525108710, 0.8457296285623810972 ),
 .UNSPECIFIED. ) 
 CURVE ( )  GEOMETRIC_REPRESENTATION_ITEM ( )  RATIONAL_B_SPLINE_CURVE ( ( 1.000000000000000000, 0.9999826581232540423, 0.9999826581232540423, 1.000000000000000000 ) ) 
 REPRESENTATION_ITEM ( '' )  );
#1801 = LINE ( 'NONE', #3724, #630 ) ;
#1802 = CIRCLE ( 'NONE', #838, 79.99999999999995737 ) ;
#1803 = ORIENTED_EDGE ( 'NONE', *, *, #806, .T. ) ;
#1804 = PLANE ( 'NONE',  #2381 ) ;
#1805 = CARTESIAN_POINT ( 'NONE',  ( -13899.99999999999818, -814.9999999999976126, 1.831867990631508292E-12 ) ) ;
#1806 = ORIENTED_EDGE ( 'NONE', *, *, #3645, .T. ) ;
#1807 = DIRECTION ( 'NONE',  ( 0.1736481776669235033, 0.000000000000000000, -0.9848077530122092416 ) ) ;
#1808 = EDGE_CURVE ( 'NONE', #2042, #1725, #3886, .T. ) ;
#1809 = VERTEX_POINT ( 'NONE', #4197 ) ;
#1810 = DIRECTION ( 'NONE',  ( 1.000000000000000000, 0.000000000000000000, -0.000000000000000000 ) ) ;
#1811 = DIRECTION ( 'NONE',  ( 0.000000000000000000, -3.301729611148416588E-16, 1.000000000000000000 ) ) ;
#1812 = ORIENTED_EDGE ( 'NONE', *, *, #1728, .T. ) ;
#1813 = ORIENTED_EDGE ( 'NONE', *, *, #481, .F. ) ;
#1814 = DIRECTION ( 'NONE',  ( -1.000000000000000000, 0.000000000000000000, 0.000000000000000000 ) ) ;
#1815 =( NAMED_UNIT ( * ) PLANE_ANGLE_UNIT ( ) SI_UNIT ( $, .RADIAN. ) );
#1816 = PLANE ( 'NONE',  #1672 ) ;
#1817 = AXIS2_PLACEMENT_3D ( 'NONE', #1200, #2849, #1185 ) ;
#1818 = CARTESIAN_POINT ( 'NONE',  ( -19120.00000000000000, 875.0000000000001137, -1060.000000000000000 ) ) ;
#1819 = LINE ( 'NONE', #3220, #2925 ) ;
#1820 = FACE_OUTER_BOUND ( 'NONE', #1367, .T. ) ;
#1821 = APPLICATION_CONTEXT ( 'automotive_design' ) ;
#1822 = DIRECTION ( 'NONE',  ( 0.000000000000000000, 2.775557561563032853E-16, -1.000000000000000000 ) ) ;
#1823 = CARTESIAN_POINT ( 'NONE',  ( -11411.43189860506209, -1077.499998843224375, -589.9999999999971578 ) ) ;
#1824 = CARTESIAN_POINT ( 'NONE',  ( -10255.33188238365256, -729.4021522441533989, -769.9999999999963620 ) ) ;
#1825 = AXIS2_PLACEMENT_3D ( 'NONE', #2875, #2574, #1512 ) ;
#1826 = EDGE_CURVE ( 'NONE', #2848, #2847, #918, .T. ) ;
#1827 = EDGE_LOOP ( 'NONE', ( #466, #2918, #4059, #3788 ) ) ;
#1828 = FACE_OUTER_BOUND ( 'NONE', #4026, .T. ) ;
#1829 = EDGE_LOOP ( 'NONE', ( #4065, #3024 ) ) ;
#1830 = DIRECTION ( 'NONE',  ( 1.000000000000000000, -0.000000000000000000, -0.000000000000000000 ) ) ;
#1831 = PLANE ( 'NONE',  #2603 ) ;
#1832 = ORIENTED_EDGE ( 'NONE', *, *, #2409, .F. ) ;
#1833 = ORIENTED_EDGE ( 'NONE', *, *, #3448, .T. ) ;
#1834 = DIRECTION ( 'NONE',  ( 0.000000000000000000, 0.000000000000000000, 1.000000000000000000 ) ) ;
#1835 = DIRECTION ( 'NONE',  ( 0.000000000000000000, 1.000000000000000000, 2.775557561563032853E-16 ) ) ;
#1836 = CARTESIAN_POINT ( 'NONE',  ( -292.6587287503959374, -989.9999999999984084, 1659.750127714602513 ) ) ;
#1837 = DIRECTION ( 'NONE',  ( 0.000000000000000000, 1.000000000000000000, 2.775557561563032853E-16 ) ) ;
#1838 = AXIS2_PLACEMENT_3D ( 'NONE', #2698, #24, #439 ) ;
#1839 = EDGE_CURVE ( 'NONE', #3082, #3766, #2551, .T. ) ;
#1840 = ADVANCED_FACE ( 'NONE', ( #959 ), #2277, .T. ) ;
#1841 = VECTOR ( 'NONE', #1830, 1000.000000000000000 ) ;
#1842 = ORIENTED_EDGE ( 'NONE', *, *, #2796, .T. ) ;
#1843 = CLOSED_SHELL ( 'NONE', ( #1840, #1428, #636, #2621, #4221, #3536, #4083, #2590, #2481, #2815, #2408, #3656, #356, #3745, #3328, #966, #572, #697, #4072, #1846, #4266, #277, #3709, #1106, #239, #2128, #768, #1032, #2001, #707, #3722, #4001, #1211, #355, #2256, #1650, #299, #497, #1435, #3354, #1977, #3263, #2030, #2511, #2896, #2154, #2109, #3580, #1387, #2981, #3060, #4232, #3783, #1855, #2760, #1247, #378 ) ) ;
#1844 = PLANE ( 'NONE',  #765 ) ;
#1845 = CARTESIAN_POINT ( 'NONE',  ( -14588.56810139493791, -877.4999988432243754, -589.9999999999970441 ) ) ;
#1846 = ADVANCED_FACE ( 'NONE', ( #402 ), #3996, .F. ) ;
#1847 = VECTOR ( 'NONE', #2894, 1000.000000000000000 ) ;
#1848 = DIRECTION ( 'NONE',  ( 0.000000000000000000, 0.000000000000000000, 1.000000000000000000 ) ) ;
#1849 = VECTOR ( 'NONE', #1532, 1000.000000000000000 ) ;
#1850 = CARTESIAN_POINT ( 'NONE',  ( -14299.99999999999818, -1077.499998843224603, -306.2059048389986629 ) ) ;
#1851 = EDGE_LOOP ( 'NONE', ( #627, #1734 ) ) ;
#1852 = ORIENTED_EDGE ( 'NONE', *, *, #392, .F. ) ;
#1853 = AXIS2_PLACEMENT_3D ( 'NONE', #2347, #1088, #3952 ) ;
#1854 = EDGE_CURVE ( 'NONE', #2493, #4073, #4018, .T. ) ;
#1855 = ADVANCED_FACE ( 'NONE', ( #2651 ), #3626, .T. ) ;
#1856 = APPLICATION_PROTOCOL_DEFINITION ( 'draft international standard', 'automotive_design', 1998, #174 ) ;
#1857 = FACE_BOUND ( 'NONE', #1851, .T. ) ;
#1858 = ORIENTED_EDGE ( 'NONE', *, *, #2706, .T. ) ;
#1859 = DIRECTION ( 'NONE',  ( 0.000000000000000000, -0.9901138386947148096, -0.1402661271484179906 ) ) ;
#1860 = CARTESIAN_POINT ( 'NONE',  ( -13560.14709064066847, -729.4021522441533989, -769.9999999999963620 ) ) ;
#1861 = DIRECTION ( 'NONE',  ( 0.000000000000000000, 0.000000000000000000, 1.000000000000000000 ) ) ;
#1862 = DIRECTION ( 'NONE',  ( -0.000000000000000000, -3.301729611148416588E-16, 1.000000000000000000 ) ) ;
#1863 = VERTEX_POINT ( 'NONE', #733 ) ;
#1864 = ORIENTED_EDGE ( 'NONE', *, *, #2893, .F. ) ;
#1865 = DIRECTION ( 'NONE',  ( -0.000000000000000000, -1.000000000000000000, -2.775557561563032853E-16 ) ) ;
#1866 = CIRCLE ( 'NONE', #4285, 460.0000000000001137 ) ;
#1867 = EDGE_CURVE ( 'NONE', #2307, #555, #672, .T. ) ;
#1868 = CARTESIAN_POINT ( 'NONE',  ( 0.000000000000000000, 0.000000000000000000, -960.0000000000002274 ) ) ;
#1869 = LINE ( 'NONE', #2236, #3596 ) ;
#1870 = CARTESIAN_POINT ( 'NONE',  ( -10255.33188238365256, 679.9999999999977263, -567.4243228023077563 ) ) ;
#1871 = CARTESIAN_POINT ( 'NONE',  ( -11411.43189860506209, 729.4021522441533989, -769.9999999999959073 ) ) ;
#1872 = ORIENTED_EDGE ( 'NONE', *, *, #900, .F. ) ;
#1873 = AXIS2_PLACEMENT_3D ( 'NONE', #2988, #1919, #999 ) ;
#1874 = AXIS2_PLACEMENT_3D ( 'NONE', #3235, #1304, #3309 ) ;
#1875 = ORIENTED_EDGE ( 'NONE', *, *, #4144, .T. ) ;
#1876 = CIRCLE ( 'NONE', #3407, 79.99999999999995737 ) ;
#1877 = FACE_OUTER_BOUND ( 'NONE', #13, .T. ) ;
#1878 = ORIENTED_EDGE ( 'NONE', *, *, #3543, .F. ) ;
#1879 = EDGE_CURVE ( 'NONE', #762, #1440, #3360, .T. ) ;
#1880 = DIRECTION ( 'NONE',  ( -0.000000000000000000, -0.000000000000000000, -1.000000000000000000 ) ) ;
#1881 = CARTESIAN_POINT ( 'NONE',  ( -13558.65641272664834, -713.0416965694201963, -768.3657702387155268 ) ) ;
#1882 = CYLINDRICAL_SURFACE ( 'NONE', #1825, 277.7941176470602045 ) ;
#1883 = EDGE_LOOP ( 'NONE', ( #1333, #3784, #1527, #117, #561, #3625, #1245 ) ) ;
#1884 = CIRCLE ( 'NONE', #3703, 199.9999999999999432 ) ;
#1885 = DIRECTION ( 'NONE',  ( -0.000000000000000000, 1.000000000000000000, 2.249385511977649118E-16 ) ) ;
#1886 = DIRECTION ( 'NONE',  ( 1.000000000000000000, 0.000000000000000000, 0.000000000000000000 ) ) ;
#1887 = DIRECTION ( 'NONE',  ( 0.000000000000000000, 1.000000000000000000, 2.775557561563032853E-16 ) ) ;
#1888 = CARTESIAN_POINT ( 'NONE',  ( -18500.00000000000000, -875.0000000000000000, -1140.000000000000227 ) ) ;
#1889 = DIRECTION ( 'NONE',  ( -3.912072321290969353E-16, 2.775557561563032853E-16, -1.000000000000000000 ) ) ;
#1890 = EDGE_CURVE ( 'NONE', #3396, #3969, #3648, .T. ) ;
#1891 = EDGE_CURVE ( 'NONE', #2022, #476, #2395, .T. ) ;
#1892 = VERTEX_POINT ( 'NONE', #3319 ) ;
#1893 = VERTEX_POINT ( 'NONE', #1714 ) ;
#1894 = CARTESIAN_POINT ( 'NONE',  ( 0.000000000000000000, -875.0000000000000000, -1060.000000000000000 ) ) ;
#1895 = VERTEX_POINT ( 'NONE', #4040 ) ;
#1896 = CIRCLE ( 'NONE', #1141, 6000.000000000000000 ) ;
#1897 = DIRECTION ( 'NONE',  ( -1.000000000000000000, -1.085818191274059690E-31, 3.912072321290969353E-16 ) ) ;
#1898 = ORIENTED_EDGE ( 'NONE', *, *, #983, .T. ) ;
#1899 = CARTESIAN_POINT ( 'NONE',  ( -14341.24822945820415, -732.4719190560189190, -589.9999999999970441 ) ) ;
#1900 = SURFACE_SIDE_STYLE ('',( #1646 ) ) ;
#1901 = LINE ( 'NONE', #2795, #3918 ) ;
#1902 = ORIENTED_EDGE ( 'NONE', *, *, #96, .F. ) ;
#1903 = ORIENTED_EDGE ( 'NONE', *, *, #4273, .F. ) ;
#1904 = AXIS2_PLACEMENT_3D ( 'NONE', #3575, #2906, #3939 ) ;
#1905 = EDGE_CURVE ( 'NONE', #4021, #1478, #1991, .T. ) ;
#1906 = AXIS2_PLACEMENT_3D ( 'NONE', #4041, #3690, #3053 ) ;
#1907 = EDGE_CURVE ( 'NONE', #2822, #361, #693, .T. ) ;
#1908 = DIRECTION ( 'NONE',  ( -1.000000000000000000, -1.085818191274059690E-31, 3.912072321290969353E-16 ) ) ;
#1909 = VECTOR ( 'NONE', #1632, 1000.000000000000000 ) ;
#1910 = PLANE ( 'NONE',  #3751 ) ;
#1911 =( BOUNDED_CURVE ( )  B_SPLINE_CURVE ( 3, ( #1597, #1188, #908, #930 ),
 .UNSPECIFIED., .F., .T. ) 
 B_SPLINE_CURVE_WITH_KNOTS ( ( 4, 4 ),
 ( 1.284283745212837724, 1.335088666923594625 ),
 .UNSPECIFIED. ) 
 CURVE ( )  GEOMETRIC_REPRESENTATION_ITEM ( )  RATIONAL_B_SPLINE_CURVE ( ( 1.000000000000000000, 0.9997849165603801547, 0.9997849165603801547, 1.000000000000000000 ) ) 
 REPRESENTATION_ITEM ( '' )  );
#1912 = CARTESIAN_POINT ( 'NONE',  ( -14341.24822945820415, 732.4719190560189190, -589.9999999999965894 ) ) ;
#1913 = AXIS2_PLACEMENT_3D ( 'NONE', #887, #3520, #1814 ) ;
#1914 = DIRECTION ( 'NONE',  ( 0.000000000000000000, -1.000000000000000000, 0.000000000000000000 ) ) ;
#1915 = ORIENTED_EDGE ( 'NONE', *, *, #2927, .F. ) ;
#1916 = EDGE_CURVE ( 'NONE', #708, #1788, #3810, .T. ) ;
#1917 = AXIS2_PLACEMENT_3D ( 'NONE', #3217, #284, #3906 ) ;
#1918 = CARTESIAN_POINT ( 'NONE',  ( -13499.99999999999818, 814.9999999999972715, -306.2059048389984355 ) ) ;
#1919 = DIRECTION ( 'NONE',  ( 0.000000000000000000, -1.000000000000000000, -3.301729611148416588E-16 ) ) ;
#1920 = EDGE_LOOP ( 'NONE', ( #1832, #2653, #4186, #353 ) ) ;
#1921 = CARTESIAN_POINT ( 'NONE',  ( -2825.068018844486232, 989.9999999999984084, -960.0000000000017053 ) ) ;
#1922 = DIRECTION ( 'NONE',  ( -1.000000000000000000, -0.000000000000000000, -0.000000000000000000 ) ) ;
#1923 = DIRECTION ( 'NONE',  ( 1.000000000000000000, 0.000000000000000000, 0.000000000000000000 ) ) ;
#1924 = CARTESIAN_POINT ( 'NONE',  ( -2.914659381970696526E-13, 1189.999999999998408, -960.0000000000002274 ) ) ;
#1925 = CARTESIAN_POINT ( 'NONE',  ( -12500.00000000000182, -1077.499998843224603, -306.2059048389992313 ) ) ;
#1926 = DIRECTION ( 'NONE',  ( 0.000000000000000000, 2.775557561563032853E-16, -1.000000000000000000 ) ) ;
#1927 = VERTEX_POINT ( 'NONE', #714 ) ;
#1928 = ORIENTED_EDGE ( 'NONE', *, *, #408, .F. ) ;
#1929 = DIRECTION ( 'NONE',  ( 1.000000000000000000, 0.000000000000000000, 0.000000000000000000 ) ) ;
#1930 = CARTESIAN_POINT ( 'NONE',  ( -15150.00000000000182, 1189.999999999998408, -960.0000000000002274 ) ) ;
#1931 = CARTESIAN_POINT ( 'NONE',  ( -13899.99999999999818, -1054.999999999997726, -459.9999999999984084 ) ) ;
#1932 = VECTOR ( 'NONE', #61, 1000.000000000000000 ) ;
#1933 = DIRECTION ( 'NONE',  ( 0.000000000000000000, -1.000000000000000000, -2.249385511977649118E-16 ) ) ;
#1934 = EDGE_CURVE ( 'NONE', #3068, #113, #2669, .T. ) ;
#1935 = DIRECTION ( 'NONE',  ( -1.000000000000000000, 0.000000000000000000, -0.000000000000000000 ) ) ;
#1936 = PRODUCT_RELATED_PRODUCT_CATEGORY ( 'part', '', ( #3761 ) ) ;
#1937 = CARTESIAN_POINT ( 'NONE',  ( -16550.00000000000000, 899.9999999999998863, -910.0000000000001137 ) ) ;
#1938 = DIRECTION ( 'NONE',  ( -0.9848077530122092416, 0.000000000000000000, -0.1736481776669235033 ) ) ;
#1939 = LINE ( 'NONE', #946, #3982 ) ;
#1940 = CARTESIAN_POINT ( 'NONE',  ( -13899.99999999999818, -679.9999999999977263, -909.9999999999982947 ) ) ;
#1941 = VERTEX_POINT ( 'NONE', #3291 ) ;
#1942 = CIRCLE ( 'NONE', #2562, 6000.000000000000000 ) ;
#1943 = FACE_OUTER_BOUND ( 'NONE', #563, .T. ) ;
#1944 = DIRECTION ( 'NONE',  ( 0.000000000000000000, -2.413528314402514090E-16, 1.000000000000000000 ) ) ;
#1945 = VERTEX_POINT ( 'NONE', #312 ) ;
#1946 = AXIS2_PLACEMENT_3D ( 'NONE', #2192, #1908, #3871 ) ;
#1947 = CARTESIAN_POINT ( 'NONE',  ( 616.7948635501689978, 875.0000000000000000, -1060.000000000000000 ) ) ;
#1948 = VERTEX_POINT ( 'NONE', #3972 ) ;
#1949 = CIRCLE ( 'NONE', #1455, 79.99999999999995737 ) ;
#1950 = LINE ( 'NONE', #3607, #282 ) ;
#1951 = DIRECTION ( 'NONE',  ( 1.000000000000000000, 0.000000000000000000, 0.000000000000000000 ) ) ;
#1952 = ORIENTED_EDGE ( 'NONE', *, *, #2110, .T. ) ;
#1953 = ADVANCED_FACE ( 'NONE', ( #2010 ), #1645, .F. ) ;
#1954 = DIRECTION ( 'NONE',  ( 0.000000000000000000, 0.000000000000000000, 1.000000000000000000 ) ) ;
#1955 = DIRECTION ( 'NONE',  ( -1.000000000000000000, 0.000000000000000000, 0.000000000000000000 ) ) ;
#1956 = FACE_OUTER_BOUND ( 'NONE', #1172, .T. ) ;
#1957 = PLANE ( 'NONE',  #2736 ) ;
#1958 = AXIS2_PLACEMENT_3D ( 'NONE', #2387, #4284, #3339 ) ;
#1959 = EDGE_LOOP ( 'NONE', ( #1570, #1405, #3251, #3747, #986 ) ) ;
#1960 = LINE ( 'NONE', #3555, #319 ) ;
#1961 = CARTESIAN_POINT ( 'NONE',  ( -13899.99999999999818, 679.9999999999977263, -459.9999999999979536 ) ) ;
#1962 = AXIS2_PLACEMENT_3D ( 'NONE', #188, #2178, #3128 ) ;
#1963 = EDGE_LOOP ( 'NONE', ( #3181, #1513, #2691, #311 ) ) ;
#1964 = CARTESIAN_POINT ( 'NONE',  ( -19116.79486355016707, -875.0000000000000000, -1060.000000000000000 ) ) ;
#1965 = CARTESIAN_POINT ( 'NONE',  ( -18500.00000000000000, 1189.999999999998408, -960.0000000000002274 ) ) ;
#1966 = CARTESIAN_POINT ( 'NONE',  ( -10255.33188238365256, -732.4719190560189190, -589.9999999999970441 ) ) ;
#1967 = ORIENTED_EDGE ( 'NONE', *, *, #123, .T. ) ;
#1968 = CARTESIAN_POINT ( 'NONE',  ( -13452.71931086792210, -679.9999999999977263, -567.4243228023079837 ) ) ;
#1969 = DIRECTION ( 'NONE',  ( -2.400482215405744004E-16, 1.000000000000000000, 0.000000000000000000 ) ) ;
#1970 = AXIS2_PLACEMENT_3D ( 'NONE', #1177, #2825, #810 ) ;
#1971 = ORIENTED_EDGE ( 'NONE', *, *, #1697, .F. ) ;
#1972 = CARTESIAN_POINT ( 'NONE',  ( -5576.316527040900837, 989.9999999999984084, -660.0000000000010232 ) ) ;
#1973 = CARTESIAN_POINT ( 'NONE',  ( -12100.00000000000182, -1054.999999999997726, -459.9999999999984084 ) ) ;
#1974 = EDGE_CURVE ( 'NONE', #3450, #1264, #362, .T. ) ;
#1975 = LINE ( 'NONE', #3936, #1433 ) ;
#1976 = DIRECTION ( 'NONE',  ( -7.824144642581933777E-16, -2.775557561563032853E-16, 1.000000000000000000 ) ) ;
#1977 = ADVANCED_FACE ( 'NONE', ( #3031 ), #1689, .T. ) ;
#1978 = PLANE ( 'NONE',  #2399 ) ;
#1979 = ORIENTED_EDGE ( 'NONE', *, *, #3914, .F. ) ;
#1980 = FACE_OUTER_BOUND ( 'NONE', #3471, .T. ) ;
#1981 = ORIENTED_EDGE ( 'NONE', *, *, #2226, .F. ) ;
#1982 = VECTOR ( 'NONE', #2047, 1000.000000000000000 ) ;
#1983 = AXIS2_PLACEMENT_3D ( 'NONE', #446, #1774, #3095 ) ;
#1984 = CIRCLE ( 'NONE', #1158, 460.0000000000001137 ) ;
#1985 = CARTESIAN_POINT ( 'NONE',  ( -18500.00000000000000, -1190.000000000002728, -960.0000000000002274 ) ) ;
#1986 = VERTEX_POINT ( 'NONE', #2444 ) ;
#1987 = DIRECTION ( 'NONE',  ( -1.000000000000000000, 0.000000000000000000, -0.000000000000000000 ) ) ;
#1988 = AXIS2_PLACEMENT_3D ( 'NONE', #3346, #1673, #2015 ) ;
#1989 = EDGE_CURVE ( 'NONE', #104, #1471, #3744, .T. ) ;
#1990 = VECTOR ( 'NONE', #1086, 1000.000000000000000 ) ;
#1991 = LINE ( 'NONE', #3687, #283 ) ;
#1992 = DIRECTION ( 'NONE',  ( 0.000000000000000000, 0.000000000000000000, 1.000000000000000000 ) ) ;
#1993 = DIRECTION ( 'NONE',  ( 0.000000000000000000, 2.775557561563032853E-16, -1.000000000000000000 ) ) ;
#1994 = ORIENTED_EDGE ( 'NONE', *, *, #4061, .T. ) ;
#1995 = CARTESIAN_POINT ( 'NONE',  ( -5576.316527040900837, -1190.000000000002728, -660.0000000000010232 ) ) ;
#1996 = LINE ( 'NONE', #3325, #706 ) ;
#1997 = DIRECTION ( 'NONE',  ( 0.000000000000000000, -0.9854601157443478865, -0.1699069165076472210 ) ) ;
#1998 = EDGE_CURVE ( 'NONE', #1225, #2975, #1253, .T. ) ;
#1999 = DIRECTION ( 'NONE',  ( -1.000000000000000000, -0.000000000000000000, 0.000000000000000000 ) ) ;
#2000 = CARTESIAN_POINT ( 'NONE',  ( -13000.00000000000000, -229.9999999211528348, -725.0000000000050022 ) ) ;
#2001 = ADVANCED_FACE ( 'NONE', ( #2829 ), #462, .F. ) ;
#2002 = EDGE_CURVE ( 'NONE', #2369, #3832, #1768, .T. ) ;
#2003 = ORIENTED_EDGE ( 'NONE', *, *, #1366, .F. ) ;
#2004 = DIRECTION ( 'NONE',  ( -0.000000000000000000, -2.775557561563032853E-16, 1.000000000000000000 ) ) ;
#2005 = DIRECTION ( 'NONE',  ( 0.000000000000000000, 0.1402661271484180183, -0.9901138386947149206 ) ) ;
#2006 = CARTESIAN_POINT ( 'NONE',  ( -15744.66811761634744, 1077.499998843224375, -589.9999999999964757 ) ) ;
#2007 = VERTEX_POINT ( 'NONE', #2489 ) ;
#2008 = FACE_OUTER_BOUND ( 'NONE', #2152, .T. ) ;
#2009 = CARTESIAN_POINT ( 'NONE',  ( -12320.00000000000000, 1077.499998843224148, -239.9999999999978684 ) ) ;
#2010 = FACE_OUTER_BOUND ( 'NONE', #1883, .T. ) ;
#2011 = DIRECTION ( 'NONE',  ( -0.000000000000000000, 0.000000000000000000, 1.000000000000000000 ) ) ;
#2012 = ORIENTED_EDGE ( 'NONE', *, *, #65, .F. ) ;
#2013 = VECTOR ( 'NONE', #2046, 1000.000000000000000 ) ;
#2014 = CARTESIAN_POINT ( 'NONE',  ( -14588.56810139493791, 732.4719190560189190, -589.9999999999965894 ) ) ;
#2015 = DIRECTION ( 'NONE',  ( -1.000000000000000000, 0.000000000000000000, 0.000000000000000000 ) ) ;
#2016 = EDGE_CURVE ( 'NONE', #2241, #596, #945, .T. ) ;
#2017 = CARTESIAN_POINT ( 'NONE',  ( -14388.56810139493609, 1077.499998843224375, -589.9999999999964757 ) ) ;
#2018 = LINE ( 'NONE', #1699, #1221 ) ;
#2019 = ORIENTED_EDGE ( 'NONE', *, *, #191, .T. ) ;
#2020 = ORIENTED_EDGE ( 'NONE', *, *, #4007, .F. ) ;
#2021 = LINE ( 'NONE', #2682, #3665 ) ;
#2022 = VERTEX_POINT ( 'NONE', #2428 ) ;
#2023 = VECTOR ( 'NONE', #3762, 1000.000000000000000 ) ;
#2024 = ADVANCED_FACE ( 'NONE', ( #3089 ), #2153, .T. ) ;
#2025 = EDGE_CURVE ( 'NONE', #3318, #1945, #2510, .T. ) ;
#2026 = CARTESIAN_POINT ( 'NONE',  ( -14299.99999999999818, 814.9999999999972715, -589.9999999999965894 ) ) ;
#2027 = VERTEX_POINT ( 'NONE', #1166 ) ;
#2028 = CARTESIAN_POINT ( 'NONE',  ( -2.914659381970696526E-13, 1189.999999999998408, -960.0000000000002274 ) ) ;
#2029 = DIRECTION ( 'NONE',  ( -0.000000000000000000, -0.000000000000000000, -1.000000000000000000 ) ) ;
#2030 = ADVANCED_FACE ( 'NONE', ( #3789 ), #1505, .T. ) ;
#2031 = LINE ( 'NONE', #791, #520 ) ;
#2032 = DIRECTION ( 'NONE',  ( 0.000000000000000000, -1.000000000000000000, 0.000000000000000000 ) ) ;
#2033 = ORIENTED_EDGE ( 'NONE', *, *, #656, .T. ) ;
#2034 = ORIENTED_EDGE ( 'NONE', *, *, #4107, .T. ) ;
#2035 = PLANE ( 'NONE',  #632 ) ;
#2036 = CARTESIAN_POINT ( 'NONE',  ( -11760.14709064067210, 814.9999999999974989, -769.9999999999959073 ) ) ;
#2037 = DIRECTION ( 'NONE',  ( 0.000000000000000000, -1.000000000000000000, -2.249385511977649118E-16 ) ) ;
#2038 = CARTESIAN_POINT ( 'NONE',  ( -11656.54998713038367, -715.1018965907406937, -582.5266689850961939 ) ) ;
#2039 = VERTEX_POINT ( 'NONE', #837 ) ;
#2040 = ADVANCED_FACE ( 'NONE', ( #1462 ), #3069, .T. ) ;
#2041 = EDGE_CURVE ( 'NONE', #1169, #4051, #3730, .T. ) ;
#2042 = VERTEX_POINT ( 'NONE', #2089 ) ;
#2043 = ORIENTED_EDGE ( 'NONE', *, *, #1826, .F. ) ;
#2044 = AXIS2_PLACEMENT_3D ( 'NONE', #559, #1887, #184 ) ;
#2045 = VECTOR ( 'NONE', #2389, 1000.000000000000000 ) ;
#2046 = DIRECTION ( 'NONE',  ( 0.000000000000000000, -1.000000000000000000, -2.775557561563032853E-16 ) ) ;
#2047 = DIRECTION ( 'NONE',  ( 0.000000000000000000, -2.775557561563032853E-16, 1.000000000000000000 ) ) ;
#2048 = CARTESIAN_POINT ( 'NONE',  ( -16550.00000000000000, 800.0000000000000000, -910.0000000000001137 ) ) ;
#2049 = VECTOR ( 'NONE', #3102, 1000.000000000000000 ) ;
#2050 = VECTOR ( 'NONE', #4068, 1000.000000000000000 ) ;
#2051 = DIRECTION ( 'NONE',  ( 0.000000000000000000, 0.000000000000000000, 1.000000000000000000 ) ) ;
#2052 = EDGE_CURVE ( 'NONE', #3916, #3122, #3419, .T. ) ;
#2053 = ORIENTED_EDGE ( 'NONE', *, *, #1395, .F. ) ;
#2054 = DIRECTION ( 'NONE',  ( -1.000000000000000000, -0.000000000000000000, -0.000000000000000000 ) ) ;
#2055 = CARTESIAN_POINT ( 'NONE',  ( -12100.00000000000182, -1054.999999999997726, -459.9999999999984084 ) ) ;
#2056 = CARTESIAN_POINT ( 'NONE',  ( -16550.00000000000000, -899.9999999999998863, -910.0000000000001137 ) ) ;
#2057 = AXIS2_PLACEMENT_3D ( 'NONE', #931, #3650, #4220 ) ;
#2058 = LINE ( 'NONE', #2411, #1059 ) ;
#2059 = EDGE_LOOP ( 'NONE', ( #433, #259 ) ) ;
#2060 = CONICAL_SURFACE ( 'NONE', #166, 229.9999999211528348, 0.5235987755979351066 ) ;
#2061 = VECTOR ( 'NONE', #3861, 1000.000000000000000 ) ;
#2062 = CARTESIAN_POINT ( 'NONE',  ( -13899.99999999999818, -679.9999999999977263, -459.9999999999982947 ) ) ;
#2063 = DIRECTION ( 'NONE',  ( 0.000000000000000000, -2.413528314402513597E-16, 1.000000000000000000 ) ) ;
#2064 = ORIENTED_EDGE ( 'NONE', *, *, #3838, .T. ) ;
#2065 = VERTEX_POINT ( 'NONE', #2106 ) ;
#2066 = ORIENTED_EDGE ( 'NONE', *, *, #1190, .F. ) ;
#2067 = CARTESIAN_POINT ( 'NONE',  ( -16550.00000000000000, -200.0000000000000000, -825.0000000000001137 ) ) ;
#2068 = CARTESIAN_POINT ( 'NONE',  ( -16550.00000000000000, -800.0000000000000000, -910.0000000000001137 ) ) ;
#2069 = ORIENTED_EDGE ( 'NONE', *, *, #2431, .T. ) ;
#2070 = CARTESIAN_POINT ( 'NONE',  ( -10255.33188238365256, 729.4021522441533989, -769.9999999999959073 ) ) ;
#2071 = ORIENTED_EDGE ( 'NONE', *, *, #1243, .T. ) ;
#2072 = DIRECTION ( 'NONE',  ( -1.000000000000000000, 0.000000000000000000, 0.000000000000000000 ) ) ;
#2073 = DIRECTION ( 'NONE',  ( 0.000000000000000000, -1.000000000000000000, -2.249385511977649118E-16 ) ) ;
#2074 = EDGE_CURVE ( 'NONE', #4017, #2848, #1682, .T. ) ;
#2075 = ORIENTED_EDGE ( 'NONE', *, *, #1384, .T. ) ;
#2076 = ORIENTED_EDGE ( 'NONE', *, *, #4006, .F. ) ;
#2077 = DIRECTION ( 'NONE',  ( 0.000000000000000000, -1.000000000000000000, 0.000000000000000000 ) ) ;
#2078 = CARTESIAN_POINT ( 'NONE',  ( -12545.46126534801260, -697.6074941491500567, -574.9998243529007595 ) ) ;
#2079 = VECTOR ( 'NONE', #536, 1000.000000000000000 ) ;
#2080 = VECTOR ( 'NONE', #2125, 1000.000000000000000 ) ;
#2081 = ORIENTED_EDGE ( 'NONE', *, *, #825, .F. ) ;
#2082 = AXIS2_PLACEMENT_3D ( 'NONE', #2977, #2676, #2353 ) ;
#2083 = VERTEX_POINT ( 'NONE', #3438 ) ;
#2084 = CARTESIAN_POINT ( 'NONE',  ( -11700.00000000000182, -1077.499998843224603, -306.2059048389986629 ) ) ;
#2085 = ORIENTED_EDGE ( 'NONE', *, *, #1571, .F. ) ;
#2086 = DIRECTION ( 'NONE',  ( -1.000000000000000000, 0.000000000000000000, 0.000000000000000000 ) ) ;
#2087 = VERTEX_POINT ( 'NONE', #3457 ) ;
#2088 = VECTOR ( 'NONE', #2132, 1000.000000000000000 ) ;
#2089 = CARTESIAN_POINT ( 'NONE',  ( -1949.999999999999773, 1189.999999999998408, -960.0000000000002274 ) ) ;
#2090 = EDGE_CURVE ( 'NONE', #2042, #3119, #815, .T. ) ;
#2091 = EDGE_CURVE ( 'NONE', #3098, #136, #480, .T. ) ;
#2092 = PLANE ( 'NONE',  #1838 ) ;
#2093 = DIRECTION ( 'NONE',  ( 1.000000000000000000, 0.000000000000000000, 0.000000000000000000 ) ) ;
#2094 = ORIENTED_EDGE ( 'NONE', *, *, #2706, .F. ) ;
#2095 = ORIENTED_EDGE ( 'NONE', *, *, #4160, .T. ) ;
#2096 = DIRECTION ( 'NONE',  ( -1.000000000000000000, -2.400482215405744004E-16, 1.223127061027714285E-16 ) ) ;
#2097 = ORIENTED_EDGE ( 'NONE', *, *, #3430, .F. ) ;
#2098 = EDGE_CURVE ( 'NONE', #3955, #427, #3127, .T. ) ;
#2099 = VECTOR ( 'NONE', #3550, 1000.000000000000000 ) ;
#2100 = ORIENTED_EDGE ( 'NONE', *, *, #1018, .T. ) ;
#2101 = CYLINDRICAL_SURFACE ( 'NONE', #1252, 277.7941176470602045 ) ;
#2102 = EDGE_LOOP ( 'NONE', ( #996, #2891 ) ) ;
#2103 = FACE_OUTER_BOUND ( 'NONE', #756, .T. ) ;
#2104 = ORIENTED_EDGE ( 'NONE', *, *, #3670, .T. ) ;
#2105 = AXIS2_PLACEMENT_3D ( 'NONE', #2134, #4187, #3497 ) ;
#2106 = CARTESIAN_POINT ( 'NONE',  ( -14239.85290935932790, -729.4021522441533989, -769.9999999999963620 ) ) ;
#2107 = DIRECTION ( 'NONE',  ( -0.000000000000000000, -1.000000000000000000, -2.249385511977649118E-16 ) ) ;
#2108 = ORIENTED_EDGE ( 'NONE', *, *, #2883, .T. ) ;
#2109 = ADVANCED_FACE ( 'NONE', ( #4123 ), #165, .F. ) ;
#2110 = EDGE_CURVE ( 'NONE', #104, #826, #4275, .T. ) ;
#2111 = ORIENTED_EDGE ( 'NONE', *, *, #1580, .T. ) ;
#2112 = FACE_OUTER_BOUND ( 'NONE', #814, .T. ) ;
#2113 = DIRECTION ( 'NONE',  ( 0.000000000000000000, 0.000000000000000000, 1.000000000000000000 ) ) ;
#2114 = AXIS2_PLACEMENT_3D ( 'NONE', #2737, #2115, #779 ) ;
#2115 = DIRECTION ( 'NONE',  ( 0.000000000000000000, 0.000000000000000000, 1.000000000000000000 ) ) ;
#2116 = AXIS2_PLACEMENT_3D ( 'NONE', #1961, #3942, #3310 ) ;
#2117 = EDGE_LOOP ( 'NONE', ( #1466, #1359, #1042, #3009 ) ) ;
#2118 = ORIENTED_EDGE ( 'NONE', *, *, #3246, .T. ) ;
#2119 = CARTESIAN_POINT ( 'NONE',  ( -14119.99999999999818, -1077.499998843224603, -239.9999999999985505 ) ) ;
#2120 = ORIENTED_EDGE ( 'NONE', *, *, #2577, .F. ) ;
#2121 = VECTOR ( 'NONE', #257, 1000.000000000000000 ) ;
#2122 = AXIS2_PLACEMENT_3D ( 'NONE', #3040, #1324, #2679 ) ;
#2123 = LINE ( 'NONE', #1845, #2812 ) ;
#2124 = ADVANCED_FACE ( 'NONE', ( #2314 ), #2637, .T. ) ;
#2125 = DIRECTION ( 'NONE',  ( 0.000000000000000000, -1.000000000000000000, 0.000000000000000000 ) ) ;
#2126 = ORIENTED_EDGE ( 'NONE', *, *, #4095, .T. ) ;
#2127 = PLANE ( 'NONE',  #1203 ) ;
#2128 = ADVANCED_FACE ( 'NONE', ( #2242 ), #3234, .F. ) ;
#2129 = ORIENTED_EDGE ( 'NONE', *, *, #310, .T. ) ;
#2130 = CARTESIAN_POINT ( 'NONE',  ( -12320.00000000000000, -1077.499998843224375, -517.7941176470594655 ) ) ;
#2131 = ORIENTED_EDGE ( 'NONE', *, *, #220, .T. ) ;
#2132 = DIRECTION ( 'NONE',  ( -1.000000000000000000, -0.000000000000000000, -0.000000000000000000 ) ) ;
#2133 = PRODUCT_CONTEXT ( 'NONE', #3297, 'mechanical' ) ;
#2134 = CARTESIAN_POINT ( 'NONE',  ( 616.7948635501689978, 875.0000000000000000, -1060.000000000000000 ) ) ;
#2135 = ORIENTED_EDGE ( 'NONE', *, *, #2359, .F. ) ;
#2136 = ORIENTED_EDGE ( 'NONE', *, *, #1671, .F. ) ;
#2137 = FACE_OUTER_BOUND ( 'NONE', #3531, .T. ) ;
#2138 = UNCERTAINTY_MEASURE_WITH_UNIT (LENGTH_MEASURE( 1.000000000000000082E-05 ), #4262, 'distance_accuracy_value', 'NONE');
#2139 = CARTESIAN_POINT ( 'NONE',  ( -380.0000000000000000, 875.0000000000000000, -1060.000000000000000 ) ) ;
#2140 = CARTESIAN_POINT ( 'NONE',  ( -11411.43189860506209, -278.9021535255452022, -725.0000000000053433 ) ) ;
#2141 = EDGE_CURVE ( 'NONE', #3766, #58, #3281, .T. ) ;
#2142 = ORIENTED_EDGE ( 'NONE', *, *, #629, .F. ) ;
#2143 = ORIENTED_EDGE ( 'NONE', *, *, #2722, .T. ) ;
#2144 = DIRECTION ( 'NONE',  ( 1.000000000000000000, 0.000000000000000000, 0.000000000000000000 ) ) ;
#2145 = EDGE_CURVE ( 'NONE', #2576, #4150, #1884, .T. ) ;
#2146 = CARTESIAN_POINT ( 'NONE',  ( -13000.00000000000000, 4.163336342343557632E-15, -725.0000000000050022 ) ) ;
#2147 = VECTOR ( 'NONE', #2841, 1000.000000000000000 ) ;
#2148 = ORIENTED_EDGE ( 'NONE', *, *, #3243, .F. ) ;
#2149 = EDGE_CURVE ( 'NONE', #1051, #2708, #1960, .T. ) ;
#2150 = ORIENTED_EDGE ( 'NONE', *, *, #310, .F. ) ;
#2151 = DIRECTION ( 'NONE',  ( 1.000000000000000000, 0.000000000000000000, 0.000000000000000000 ) ) ;
#2152 = EDGE_LOOP ( 'NONE', ( #1746, #2507, #1458, #2424 ) ) ;
#2153 = CYLINDRICAL_SURFACE ( 'NONE', #3495, 460.0000000000000568 ) ;
#2154 = ADVANCED_FACE ( 'NONE', ( #685 ), #586, .F. ) ;
#2155 = EDGE_CURVE ( 'NONE', #2039, #411, #3615, .T. ) ;
#2156 = CONTEXT_DEPENDENT_SHAPE_REPRESENTATION ( #2276, #2435 ) ;
#2157 = ORIENTED_EDGE ( 'NONE', *, *, #2002, .F. ) ;
#2158 = ORIENTED_EDGE ( 'NONE', *, *, #29, .T. ) ;
#2159 = ADVANCED_FACE ( 'NONE', ( #1588 ), #254, .F. ) ;
#2160 = CARTESIAN_POINT ( 'NONE',  ( -14299.99999999999818, 814.9999999999972715, -589.9999999999965894 ) ) ;
#2161 = DIRECTION ( 'NONE',  ( 0.000000000000000000, -2.413528314402514090E-16, 1.000000000000000000 ) ) ;
#2162 = VECTOR ( 'NONE', #3116, 1000.000000000000000 ) ;
#2163 = EDGE_LOOP ( 'NONE', ( #3583, #170, #1077, #3066 ) ) ;
#2164 = ORIENTED_EDGE ( 'NONE', *, *, #3201, .F. ) ;
#2165 = AXIS2_PLACEMENT_3D ( 'NONE', #2793, #1861, #3819 ) ;
#2166 = LINE ( 'NONE', #2189, #59 ) ;
#2167 = LINE ( 'NONE', #3487, #932 ) ;
#2168 = ADVANCED_FACE ( 'NONE', ( #1980 ), #2060, .T. ) ;
#2169 = ADVANCED_FACE ( 'NONE', ( #2935 ), #4230, .F. ) ;
#2170 = LINE ( 'NONE', #2541, #1181 ) ;
#2171 = EDGE_CURVE ( 'NONE', #1079, #33, #2587, .T. ) ;
#2172 = CARTESIAN_POINT ( 'NONE',  ( -12541.24822945820415, 732.4719190560189190, -589.9999999999965894 ) ) ;
#2173 = AXIS2_PLACEMENT_3D ( 'NONE', #541, #204, #830 ) ;
#2174 = ORIENTED_EDGE ( 'NONE', *, *, #2187, .T. ) ;
#2175 = CARTESIAN_POINT ( 'NONE',  ( -15744.66811761634744, -1077.499998843224375, -589.9999999999971578 ) ) ;
#2176 = VERTEX_POINT ( 'NONE', #4298 ) ;
#2177 = CARTESIAN_POINT ( 'NONE',  ( -2349.999999999999545, 200.0000000000000000, -825.0000000000001137 ) ) ;
#2178 = DIRECTION ( 'NONE',  ( 0.000000000000000000, 0.000000000000000000, 1.000000000000000000 ) ) ;
#2179 = FACE_OUTER_BOUND ( 'NONE', #4178, .T. ) ;
#2180 = ORIENTED_EDGE ( 'NONE', *, *, #1598, .F. ) ;
#2181 = EDGE_CURVE ( 'NONE', #3412, #979, #3963, .T. ) ;
#2182 = DIRECTION ( 'NONE',  ( 0.000000000000000000, -1.000000000000000000, 0.000000000000000000 ) ) ;
#2183 = DIRECTION ( 'NONE',  ( 0.000000000000000000, -1.000000000000000000, 0.000000000000000000 ) ) ;
#2184 = LINE ( 'NONE', #2552, #2249 ) ;
#2185 = DIRECTION ( 'NONE',  ( -1.000000000000000000, 0.000000000000000000, 0.000000000000000000 ) ) ;
#2186 = ORIENTED_EDGE ( 'NONE', *, *, #2312, .F. ) ;
#2187 = EDGE_CURVE ( 'NONE', #48, #2681, #947, .T. ) ;
#2188 = ORIENTED_EDGE ( 'NONE', *, *, #9, .F. ) ;
#2189 = CARTESIAN_POINT ( 'NONE',  ( -12541.24822945820597, -1054.999999999997499, -589.9999999999971578 ) ) ;
#2190 = CIRCLE ( 'NONE', #3439, 172.2649730022416747 ) ;
#2191 = VECTOR ( 'NONE', #1019, 1000.000000000000000 ) ;
#2192 = CARTESIAN_POINT ( 'NONE',  ( -13499.99999999999818, 1950.712458671872582, -306.2059048389980944 ) ) ;
#2193 = VECTOR ( 'NONE', #3096, 1000.000000000000000 ) ;
#2194 = LINE ( 'NONE', #1543, #3757 ) ;
#2195 = DIRECTION ( 'NONE',  ( 1.000000000000000000, -0.000000000000000000, -0.000000000000000000 ) ) ;
#2196 = EDGE_CURVE ( 'NONE', #1786, #2418, #677, .T. ) ;
#2197 = EDGE_CURVE ( 'NONE', #3836, #479, #3958, .T. ) ;
#2198 = ORIENTED_EDGE ( 'NONE', *, *, #638, .T. ) ;
#2199 = ORIENTED_EDGE ( 'NONE', *, *, #2834, .F. ) ;
#2200 = VECTOR ( 'NONE', #1265, 1000.000000000000000 ) ;
#2201 = APPLICATION_PROTOCOL_DEFINITION ( 'draft international standard', 'automotive_design', 1998, #1821 ) ;
#2202 = DIRECTION ( 'NONE',  ( 0.000000000000000000, -0.9901138386947148096, 0.1402661271484180183 ) ) ;
#2203 = ORIENTED_EDGE ( 'NONE', *, *, #1697, .T. ) ;
#2204 = CARTESIAN_POINT ( 'NONE',  ( -13899.99999999999818, 814.9999999999971578, 2.275957200481570908E-12 ) ) ;
#2205 =( NAMED_UNIT ( * ) PLANE_ANGLE_UNIT ( ) SI_UNIT ( $, .RADIAN. ) );
#2206 = CARTESIAN_POINT ( 'NONE',  ( -2349.999999999999545, 1189.999999999998408, -960.0000000000002274 ) ) ;
#2207 = CYLINDRICAL_SURFACE ( 'NONE', #3799, 277.7941176470602045 ) ;
#2208 = DIRECTION ( 'NONE',  ( 0.000000000000000000, 2.249385511977649118E-16, -1.000000000000000000 ) ) ;
#2209 = ORIENTED_EDGE ( 'NONE', *, *, #2630, .T. ) ;
#2210 = DIRECTION ( 'NONE',  ( 0.000000000000000000, 1.000000000000000000, 2.775557561563032853E-16 ) ) ;
#2211 = CARTESIAN_POINT ( 'NONE',  ( -15744.66811761634744, 814.9999999999972715, -589.9999999999965894 ) ) ;
#2212 = LINE ( 'NONE', #3190, #1070 ) ;
#2213 = DIRECTION ( 'NONE',  ( 1.000000000000000000, 0.000000000000000000, 0.000000000000000000 ) ) ;
#2214 = PLANE ( 'NONE',  #4108 ) ;
#2215 = CARTESIAN_POINT ( 'NONE',  ( -13499.99999999999818, 1077.499998843224148, -306.2059048389985492 ) ) ;
#2216 =( BOUNDED_CURVE ( )  B_SPLINE_CURVE ( 3, ( #428, #681, #2038, #2998 ),
 .UNSPECIFIED., .F., .F. ) 
 B_SPLINE_CURVE_WITH_KNOTS ( ( 4, 4 ),
 ( 4.948096640255991829, 4.998901561966746954 ),
 .UNSPECIFIED. ) 
 CURVE ( )  GEOMETRIC_REPRESENTATION_ITEM ( )  RATIONAL_B_SPLINE_CURVE ( ( 1.000000000000000000, 0.9997849165603801547, 0.9997849165603801547, 1.000000000000000000 ) ) 
 REPRESENTATION_ITEM ( '' )  );
#2217 = ORIENTED_EDGE ( 'NONE', *, *, #2675, .F. ) ;
#2218 = AXIS2_PLACEMENT_3D ( 'NONE', #1083, #2402, #3395 ) ;
#2219 = CYLINDRICAL_SURFACE ( 'NONE', #1874, 277.7941176470602045 ) ;
#2220 = CIRCLE ( 'NONE', #1669, 79.99999999999995737 ) ;
#2221 = VERTEX_POINT ( 'NONE', #3870 ) ;
#2222 = CIRCLE ( 'NONE', #1528, 460.0000000000000000 ) ;
#2223 = CYLINDRICAL_SURFACE ( 'NONE', #3157, 79.99999999999995737 ) ;
#2224 = ORIENTED_EDGE ( 'NONE', *, *, #2149, .T. ) ;
#2225 = PLANE ( 'NONE',  #1291 ) ;
#2226 = EDGE_CURVE ( 'NONE', #762, #2766, #2329, .T. ) ;
#2227 = CARTESIAN_POINT ( 'NONE',  ( -13680.00000000000000, 1077.499998843224375, -517.7941176470588971 ) ) ;
#2228 = ORIENTED_EDGE ( 'NONE', *, *, #3884, .F. ) ;
#2229 = CARTESIAN_POINT ( 'NONE',  ( -14345.46126534801260, -697.6074941491493746, -574.9998243529005322 ) ) ;
#2230 = SHAPE_REPRESENTATION_RELATIONSHIP ( 'NONE' , 'NONE' ,  #2806, #2803 ) ;
#2231 = VERTEX_POINT ( 'NONE', #2235 ) ;
#2232 = VERTEX_POINT ( 'NONE', #2582 ) ;
#2233 = DIRECTION ( 'NONE',  ( 0.000000000000000000, -1.000000000000000000, -2.775557561563032853E-16 ) ) ;
#2234 = DIRECTION ( 'NONE',  ( 1.000000000000000000, 0.000000000000000000, -0.000000000000000000 ) ) ;
#2235 = CARTESIAN_POINT ( 'NONE',  ( -14588.56810139493791, -877.4999988432243754, -769.9999999999963620 ) ) ;
#2236 = CARTESIAN_POINT ( 'NONE',  ( -14588.56810139493791, 176.9719203373657592, -350.9999999999987494 ) ) ;
#2237 = EDGE_CURVE ( 'NONE', #2232, #3133, #3546, .T. ) ;
#2238 = CARTESIAN_POINT ( 'NONE',  ( -11658.75177054179585, 1054.999999999997499, -589.9999999999964757 ) ) ;
#2239 = CARTESIAN_POINT ( 'NONE',  ( -10255.33188238365256, 732.4719190560189190, -589.9999999999965894 ) ) ;
#2240 = FACE_OUTER_BOUND ( 'NONE', #4014, .T. ) ;
#2241 = VERTEX_POINT ( 'NONE', #2606 ) ;
#2242 = FACE_OUTER_BOUND ( 'NONE', #2163, .T. ) ;
#2243 = EDGE_CURVE ( 'NONE', #2039, #3639, #3922, .T. ) ;
#2244 = ORIENTED_EDGE ( 'NONE', *, *, #1890, .T. ) ;
#2245 = VECTOR ( 'NONE', #1666, 1000.000000000000114 ) ;
#2246 = CARTESIAN_POINT ( 'NONE',  ( -14299.99999999999818, -1077.499998843224375, -589.9999999999971578 ) ) ;
#2247 = DIRECTION ( 'NONE',  ( -1.000000000000000000, -0.000000000000000000, -0.000000000000000000 ) ) ;
#2248 = ORIENTED_EDGE ( 'NONE', *, *, #3895, .F. ) ;
#2249 = VECTOR ( 'NONE', #570, 1000.000000000000000 ) ;
#2250 = DIRECTION ( 'NONE',  ( 0.000000000000000000, 2.775557561563032853E-16, -1.000000000000000000 ) ) ;
#2251 = DIRECTION ( 'NONE',  ( 0.000000000000000000, -1.000000000000000000, -2.775557561563032853E-16 ) ) ;
#2252 = ORIENTED_EDGE ( 'NONE', *, *, #3504, .F. ) ;
#2253 = LINE ( 'NONE', #3466, #3474 ) ;
#2254 = CARTESIAN_POINT ( 'NONE',  ( -14244.28938755609852, -679.9999999999977263, -765.0652677973105256 ) ) ;
#2255 = LINE ( 'NONE', #1340, #744 ) ;
#2256 = ADVANCED_FACE ( 'NONE', ( #3815 ), #3860, .T. ) ;
#2257 = VERTEX_POINT ( 'NONE', #212 ) ;
#2258 = ORIENTED_EDGE ( 'NONE', *, *, #1571, .T. ) ;
#2259 = AXIS2_PLACEMENT_3D ( 'NONE', #449, #1782, #3350 ) ;
#2260 = LINE ( 'NONE', #1930, #2147 ) ;
#2261 = AXIS2_PLACEMENT_3D ( 'NONE', #382, #3091, #103 ) ;
#2262 = VECTOR ( 'NONE', #2072, 1000.000000000000000 ) ;
#2263 = CARTESIAN_POINT ( 'NONE',  ( -13555.71061244389966, 679.9999999999977263, -765.0652677973102982 ) ) ;
#2264 = ADVANCED_FACE ( 'NONE', ( #927 ), #2225, .F. ) ;
#2265 = CARTESIAN_POINT ( 'NONE',  ( 0.000000000000000000, 0.000000000000000000, -960.0000000000002274 ) ) ;
#2266 = FACE_OUTER_BOUND ( 'NONE', #4217, .T. ) ;
#2267 = ORIENTED_EDGE ( 'NONE', *, *, #1021, .T. ) ;
#2268 = VECTOR ( 'NONE', #3401, 1000.000000000000000 ) ;
#2269 = DIRECTION ( 'NONE',  ( 0.000000000000000000, -1.000000000000000000, 0.000000000000000000 ) ) ;
#2270 = VERTEX_POINT ( 'NONE', #1510 ) ;
#2271 = DIRECTION ( 'NONE',  ( -1.000000000000000000, -2.400482215405744004E-16, 0.000000000000000000 ) ) ;
#2272 = DIRECTION ( 'NONE',  ( 0.000000000000000000, 0.000000000000000000, 1.000000000000000000 ) ) ;
#2273 = ORIENTED_EDGE ( 'NONE', *, *, #30, .T. ) ;
#2274 = DIRECTION ( 'NONE',  ( 1.000000000000000000, 0.000000000000000000, 0.000000000000000000 ) ) ;
#2275 = ORIENTED_EDGE ( 'NONE', *, *, #2141, .T. ) ;
#2276 =( REPRESENTATION_RELATIONSHIP ('NONE','NONE', #3676, #1775 ) REPRESENTATION_RELATIONSHIP_WITH_TRANSFORMATION ( #4125 )SHAPE_REPRESENTATION_RELATIONSHIP( ) );
#2277 = CYLINDRICAL_SURFACE ( 'NONE', #3713, 79.99999999999995737 ) ;
#2278 = DIRECTION ( 'NONE',  ( 0.000000000000000000, 1.000000000000000000, 2.775557561563032853E-16 ) ) ;
#2279 = CARTESIAN_POINT ( 'NONE',  ( 0.000000000000000000, 0.000000000000000000, 0.000000000000000000 ) ) ;
#2280 = DIRECTION ( 'NONE',  ( 0.000000000000000000, -0.9854601157443478865, 0.1699069165076472210 ) ) ;
#2281 = DIRECTION ( 'NONE',  ( 0.000000000000000000, 1.000000000000000000, 5.551115123125784674E-16 ) ) ;
#2282 = ORIENTED_EDGE ( 'NONE', *, *, #1112, .F. ) ;
#2283 = CARTESIAN_POINT ( 'NONE',  ( 616.7948635501689978, -875.0000000000000000, -1060.000000000000000 ) ) ;
#2284 = CARTESIAN_POINT ( 'NONE',  ( -12444.28938755610034, 679.9999999999977263, -765.0652677973102982 ) ) ;
#2285 = DIRECTION ( 'NONE',  ( -0.000000000000000000, -1.000000000000000000, -2.775557561563032853E-16 ) ) ;
#2286 = VECTOR ( 'NONE', #3262, 1000.000000000000000 ) ;
#2287 = DIRECTION ( 'NONE',  ( 0.000000000000000000, -1.000000000000000000, -0.000000000000000000 ) ) ;
#2288 = CARTESIAN_POINT ( 'NONE',  ( -4534.427461039359514, 1189.999999999998408, -751.1534819267461671 ) ) ;
#2289 = DIRECTION ( 'NONE',  ( 0.000000000000000000, -3.301729611148416588E-16, 1.000000000000000000 ) ) ;
#2290 = DIRECTION ( 'NONE',  ( 0.9848077530122092416, 0.000000000000000000, -0.1736481776669237531 ) ) ;
#2291 = CARTESIAN_POINT ( 'NONE',  ( -14588.56810139493791, 278.9021535255452022, -725.0000000000052296 ) ) ;
#2292 = CARTESIAN_POINT ( 'NONE',  ( -16550.00000000000000, -800.0000000000000000, -910.0000000000001137 ) ) ;
#2293 = EDGE_LOOP ( 'NONE', ( #4043, #4254, #3055, #3927, #3465 ) ) ;
#2294 = CARTESIAN_POINT ( 'NONE',  ( -11880.00000000000182, 1950.712458671872582, -239.9999999999976694 ) ) ;
#2295 = AXIS2_PLACEMENT_3D ( 'NONE', #4074, #2710, #1063 ) ;
#2296 = CARTESIAN_POINT ( 'NONE',  ( -12439.85290935933153, 1054.999999999997499, -769.9999999999957936 ) ) ;
#2297 = LINE ( 'NONE', #1567, #1240 ) ;
#2298 = ORIENTED_EDGE ( 'NONE', *, *, #2016, .T. ) ;
#2299 = EDGE_CURVE ( 'NONE', #3318, #2744, #2916, .T. ) ;
#2300 = ORIENTED_EDGE ( 'NONE', *, *, #3961, .T. ) ;
#2301 = EDGE_CURVE ( 'NONE', #307, #1941, #4235, .T. ) ;
#2302 = VECTOR ( 'NONE', #1151, 1000.000000000000000 ) ;
#2303 = CARTESIAN_POINT ( 'NONE',  ( -12923.68347295909734, -1190.000000000002728, -660.0000000000001137 ) ) ;
#2304 = CARTESIAN_POINT ( 'NONE',  ( -13458.75177054179585, 732.4719190560189190, -589.9999999999965894 ) ) ;
#2305 = CARTESIAN_POINT ( 'NONE',  ( -11611.43189860506391, -877.4999988432243754, -589.9999999999970441 ) ) ;
#2306 = ORIENTED_EDGE ( 'NONE', *, *, #3335, .T. ) ;
#2307 = VERTEX_POINT ( 'NONE', #4171 ) ;
#2308 = CARTESIAN_POINT ( 'NONE',  ( 616.7948635501689978, 875.0000000000000000, -1060.000000000000000 ) ) ;
#2309 = PLANE ( 'NONE',  #3237 ) ;
#2310 = CARTESIAN_POINT ( 'NONE',  ( -16550.00000000000000, -1189.999999999998408, -960.0000000000002274 ) ) ;
#2311 = EDGE_CURVE ( 'NONE', #4150, #48, #3174, .T. ) ;
#2312 = EDGE_CURVE ( 'NONE', #833, #3801, #3537, .T. ) ;
#2313 = LINE ( 'NONE', #1280, #451 ) ;
#2314 = FACE_OUTER_BOUND ( 'NONE', #3856, .T. ) ;
#2315 = EDGE_LOOP ( 'NONE', ( #785, #2248, #38, #2595 ) ) ;
#2316 = CARTESIAN_POINT ( 'NONE',  ( -14239.85290935932790, 1054.999999999997499, -769.9999999999957936 ) ) ;
#2317 = CARTESIAN_POINT ( 'NONE',  ( -12439.85290935933153, 814.9999999999974989, -769.9999999999960210 ) ) ;
#2318 = VERTEX_POINT ( 'NONE', #1921 ) ;
#2319 = CARTESIAN_POINT ( 'NONE',  ( -12923.68347295909734, 989.9999999999984084, -660.0000000000001137 ) ) ;
#2320 = CARTESIAN_POINT ( 'NONE',  ( -14388.56810139493609, 1077.499998843224375, -769.9999999999957936 ) ) ;
#2321 = ORIENTED_EDGE ( 'NONE', *, *, #548, .T. ) ;
#2322 = CARTESIAN_POINT ( 'NONE',  ( -13458.75177054179403, 1054.999999999997499, -589.9999999999964757 ) ) ;
#2323 = CARTESIAN_POINT ( 'NONE',  ( -16550.00000000000000, 800.0000000000000000, -910.0000000000001137 ) ) ;
#2324 = EDGE_CURVE ( 'NONE', #1770, #4099, #4050, .T. ) ;
#2325 = VECTOR ( 'NONE', #2495, 999.9999999999998863 ) ;
#2326 = ORIENTED_EDGE ( 'NONE', *, *, #1392, .T. ) ;
#2327 = DIRECTION ( 'NONE',  ( 0.000000000000000000, -2.413528314402513597E-16, 1.000000000000000000 ) ) ;
#2328 = CARTESIAN_POINT ( 'NONE',  ( -14244.28938755609852, 679.9999999999977263, -765.0652677973101845 ) ) ;
#2329 = LINE ( 'NONE', #1273, #2473 ) ;
#2330 = DIRECTION ( 'NONE',  ( -7.824144642581933777E-16, -2.775557561563032853E-16, 1.000000000000000000 ) ) ;
#2331 = AXIS2_PLACEMENT_3D ( 'NONE', #169, #1530, #463 ) ;
#2332 = LINE ( 'NONE', #585, #4190 ) ;
#2333 = CARTESIAN_POINT ( 'NONE',  ( -13000.00000000000000, 4.163336342343557632E-15, -725.0000000000050022 ) ) ;
#2334 = ORIENTED_EDGE ( 'NONE', *, *, #1407, .F. ) ;
#2335 = AXIS2_PLACEMENT_3D ( 'NONE', #4143, #3728, #786 ) ;
#2336 = DIRECTION ( 'NONE',  ( 0.000000000000000000, -1.000000000000000000, -2.249385511977649118E-16 ) ) ;
#2337 = CIRCLE ( 'NONE', #2116, 460.0000000000000000 ) ;
#2338 = PLANE ( 'NONE',  #2752 ) ;
#2339 = LINE ( 'NONE', #3879, #3052 ) ;
#2340 = EDGE_LOOP ( 'NONE', ( #1007, #898, #1875, #1187 ) ) ;
#2341 = STYLED_ITEM ( 'NONE', ( #3293 ), #291 ) ;
#2342 = FACE_OUTER_BOUND ( 'NONE', #1008, .T. ) ;
#2343 = VECTOR ( 'NONE', #2285, 1000.000000000000000 ) ;
#2344 = LINE ( 'NONE', #2320, #811 ) ;
#2345 = ORIENTED_EDGE ( 'NONE', *, *, #3033, .F. ) ;
#2346 = CIRCLE ( 'NONE', #97, 6000.000000000000000 ) ;
#2347 = CARTESIAN_POINT ( 'NONE',  ( -18500.00000000000000, 1189.999999999998408, -960.0000000000002274 ) ) ;
#2348 = PLANE ( 'NONE',  #1352 ) ;
#2349 = CARTESIAN_POINT ( 'NONE',  ( -11611.43189860506391, 877.4999988432243754, -755.0854464784847551 ) ) ;
#2350 = ORIENTED_EDGE ( 'NONE', *, *, #9, .T. ) ;
#2351 = ORIENTED_EDGE ( 'NONE', *, *, #3363, .T. ) ;
#2352 = EDGE_CURVE ( 'NONE', #4241, #4051, #3572, .T. ) ;
#2353 = DIRECTION ( 'NONE',  ( 0.000000000000000000, 1.000000000000000000, 0.000000000000000000 ) ) ;
#2354 = LINE ( 'NONE', #345, #2540 ) ;
#2355 = FACE_OUTER_BOUND ( 'NONE', #3485, .T. ) ;
#2356 = DIRECTION ( 'NONE',  ( 1.000000000000000000, 0.000000000000000000, -0.000000000000000000 ) ) ;
#2357 = EDGE_LOOP ( 'NONE', ( #4047, #3139, #163, #1634 ) ) ;
#2358 = ADVANCED_FACE ( 'NONE', ( #1335 ), #3584, .T. ) ;
#2359 = EDGE_CURVE ( 'NONE', #3394, #2468, #1641, .T. ) ;
#2360 = DIRECTION ( 'NONE',  ( 0.000000000000000000, 1.000000000000000000, 2.775557561563032853E-16 ) ) ;
#2361 = VERTEX_POINT ( 'NONE', #2048 ) ;
#2362 = EDGE_LOOP ( 'NONE', ( #3375, #3423, #899, #3043 ) ) ;
#2363 = DIRECTION ( 'NONE',  ( -1.000000000000000000, 0.000000000000000000, 0.000000000000000000 ) ) ;
#2364 = CARTESIAN_POINT ( 'NONE',  ( -11611.43189860506391, 1077.499998843224375, -769.9999999999957936 ) ) ;
#2365 = CARTESIAN_POINT ( 'NONE',  ( -18500.00000000000000, 875.0000000000000000, -1060.000000000000000 ) ) ;
#2366 = DIRECTION ( 'NONE',  ( 0.000000000000000000, 0.000000000000000000, 1.000000000000000000 ) ) ;
#2367 = DIRECTION ( 'NONE',  ( 0.000000000000000000, 0.1699069165076472210, 0.9854601157443478865 ) ) ;
#2368 = CARTESIAN_POINT ( 'NONE',  ( -15744.66811761634744, 732.4719190560189190, -589.9999999999965894 ) ) ;
#2369 = VERTEX_POINT ( 'NONE', #416 ) ;
#2370 = EDGE_CURVE ( 'NONE', #3739, #3068, #3381, .T. ) ;
#2371 = EDGE_CURVE ( 'NONE', #80, #390, #2405, .T. ) ;
#2372 =( BOUNDED_CURVE ( )  B_SPLINE_CURVE ( 3, ( #261, #2853, #4172, #1205 ),
 .UNSPECIFIED., .F., .T. ) 
 B_SPLINE_CURVE_WITH_KNOTS ( ( 4, 4 ),
 ( 4.948096640255991829, 4.998901561966746954 ),
 .UNSPECIFIED. ) 
 CURVE ( )  GEOMETRIC_REPRESENTATION_ITEM ( )  RATIONAL_B_SPLINE_CURVE ( ( 1.000000000000000000, 0.9997849165603801547, 0.9997849165603801547, 1.000000000000000000 ) ) 
 REPRESENTATION_ITEM ( '' )  );
#2373 = VECTOR ( 'NONE', #4064, 1000.000000000000000 ) ;
#2374 = DIRECTION ( 'NONE',  ( -0.000000000000000000, 2.775557561563032853E-16, -1.000000000000000000 ) ) ;
#2375 = DIRECTION ( 'NONE',  ( 0.000000000000000000, 1.000000000000000000, 2.220446049250313081E-16 ) ) ;
#2376 = EDGE_LOOP ( 'NONE', ( #3564, #186, #63, #1295, #3710, #801, #3204, #506 ) ) ;
#2377 = EDGE_CURVE ( 'NONE', #3221, #1986, #1420, .T. ) ;
#2378 = VERTEX_POINT ( 'NONE', #1105 ) ;
#2379 = VERTEX_POINT ( 'NONE', #787 ) ;
#2380 = CARTESIAN_POINT ( 'NONE',  ( -12100.00000000000182, 814.9999999999972715, -459.9999999999978968 ) ) ;
#2381 = AXIS2_PLACEMENT_3D ( 'NONE', #1160, #1822, #3121 ) ;
#2382 = VECTOR ( 'NONE', #3104, 1000.000000000000000 ) ;
#2383 = EDGE_CURVE ( 'NONE', #2221, #3904, #2415, .T. ) ;
#2384 =( GEOMETRIC_REPRESENTATION_CONTEXT ( 3 ) GLOBAL_UNCERTAINTY_ASSIGNED_CONTEXT ( ( #3218 ) ) GLOBAL_UNIT_ASSIGNED_CONTEXT ( ( #3150, #839, #1547 ) ) REPRESENTATION_CONTEXT ( 'NONE', 'WORKASPACE' ) );
#2385 = FACE_OUTER_BOUND ( 'NONE', #1959, .T. ) ;
#2386 = DIRECTION ( 'NONE',  ( -3.912072321290969847E-16, -2.775557561563032853E-16, 1.000000000000000000 ) ) ;
#2387 = CARTESIAN_POINT ( 'NONE',  ( -10255.33188238365256, -1077.499998843224375, -589.9999999999971578 ) ) ;
#2388 = FACE_OUTER_BOUND ( 'NONE', #1487, .T. ) ;
#2389 = DIRECTION ( 'NONE',  ( -1.000000000000000000, 0.000000000000000000, 0.000000000000000000 ) ) ;
#2390 = VERTEX_POINT ( 'NONE', #2426 ) ;
#2391 = EDGE_CURVE ( 'NONE', #762, #2042, #3417, .T. ) ;
#2392 = DIRECTION ( 'NONE',  ( 0.000000000000000000, 2.775557561563032853E-16, -1.000000000000000000 ) ) ;
#2393 = AXIS2_PLACEMENT_3D ( 'NONE', #2515, #3820, #866 ) ;
#2394 = DIRECTION ( 'NONE',  ( 0.000000000000000000, -1.000000000000000000, -2.775557561563032853E-16 ) ) ;
#2395 =( BOUNDED_CURVE ( )  B_SPLINE_CURVE ( 3, ( #3384, #67, #2969, #1968 ),
 .UNSPECIFIED., .F., .F. ) 
 B_SPLINE_CURVE_WITH_KNOTS ( ( 4, 4 ),
 ( 1.284283745212837724, 1.335088666923594625 ),
 .UNSPECIFIED. ) 
 CURVE ( )  GEOMETRIC_REPRESENTATION_ITEM ( )  RATIONAL_B_SPLINE_CURVE ( ( 1.000000000000000000, 0.9997849165603801547, 0.9997849165603801547, 1.000000000000000000 ) ) 
 REPRESENTATION_ITEM ( '' )  );
#2396 = EDGE_LOOP ( 'NONE', ( #1878, #1994, #60 ) ) ;
#2397 = ORIENTED_EDGE ( 'NONE', *, *, #2237, .F. ) ;
#2398 = EDGE_LOOP ( 'NONE', ( #1163, #2923, #1087, #1202 ) ) ;
#2399 = AXIS2_PLACEMENT_3D ( 'NONE', #682, #940, #272 ) ;
#2400 = LINE ( 'NONE', #1138, #2023 ) ;
#2401 = AXIS2_PLACEMENT_3D ( 'NONE', #404, #774, #4020 ) ;
#2402 = DIRECTION ( 'NONE',  ( -0.000000000000000000, 1.000000000000000000, -0.000000000000000000 ) ) ;
#2403 = ORIENTED_EDGE ( 'NONE', *, *, #474, .T. ) ;
#2404 = DIRECTION ( 'NONE',  ( 0.000000000000000000, -2.775557561563032853E-16, 1.000000000000000000 ) ) ;
#2405 = LINE ( 'NONE', #4077, #1720 ) ;
#2406 = CARTESIAN_POINT ( 'NONE',  ( -11880.00000000000182, -1950.712458671873037, -239.9999999999987779 ) ) ;
#2407 = VERTEX_POINT ( 'NONE', #1765 ) ;
#2408 = ADVANCED_FACE ( 'NONE', ( #2786 ), #478, .F. ) ;
#2409 = EDGE_CURVE ( 'NONE', #1786, #987, #1099, .T. ) ;
#2410 = CARTESIAN_POINT ( 'NONE',  ( -16150.00000000000182, 200.0000000000000000, -825.0000000000001137 ) ) ;
#2411 = CARTESIAN_POINT ( 'NONE',  ( -265.1845289799137504, -989.9999999999984084, -1503.936198047713106 ) ) ;
#2412 = CIRCLE ( 'NONE', #4268, 460.0000000000001137 ) ;
#2413 = ORIENTED_EDGE ( 'NONE', *, *, #3645, .F. ) ;
#2414 = EDGE_LOOP ( 'NONE', ( #1103, #3532 ) ) ;
#2415 = CIRCLE ( 'NONE', #1562, 277.7941176470602045 ) ;
#2416 = CARTESIAN_POINT ( 'NONE',  ( -13499.99999999999818, -814.9999999999974989, -306.2059048389991176 ) ) ;
#2417 = CARTESIAN_POINT ( 'NONE',  ( -11611.43189860506391, 1077.499998843224375, -769.9999999999957936 ) ) ;
#2418 = VERTEX_POINT ( 'NONE', #973 ) ;
#2419 = ORIENTED_EDGE ( 'NONE', *, *, #943, .T. ) ;
#2420 = VECTOR ( 'NONE', #3863, 1000.000000000000114 ) ;
#2421 = EDGE_CURVE ( 'NONE', #543, #799, #2337, .T. ) ;
#2422 = ORIENTED_EDGE ( 'NONE', *, *, #1891, .F. ) ;
#2423 = FACE_OUTER_BOUND ( 'NONE', #3657, .T. ) ;
#2424 = ORIENTED_EDGE ( 'NONE', *, *, #1373, .F. ) ;
#2425 = CARTESIAN_POINT ( 'NONE',  ( -19116.79486355016707, 955.0000000000075033, -1060.000000000000000 ) ) ;
#2426 = CARTESIAN_POINT ( 'NONE',  ( -18500.00000000000000, 1189.999999999998408, -1160.000000000000227 ) ) ;
#2427 = ORIENTED_EDGE ( 'NONE', *, *, #1112, .T. ) ;
#2428 = CARTESIAN_POINT ( 'NONE',  ( -13458.75177054179585, -732.4719190560189190, -589.9999999999970441 ) ) ;
#2429 = DIRECTION ( 'NONE',  ( 0.000000000000000000, 1.000000000000000000, 2.775557561563032853E-16 ) ) ;
#2430 = ORIENTED_EDGE ( 'NONE', *, *, #1907, .F. ) ;
#2431 = EDGE_CURVE ( 'NONE', #2467, #3943, #3097, .T. ) ;
#2432 = EDGE_LOOP ( 'NONE', ( #3556, #3125, #154, #2419 ) ) ;
#2433 = CARTESIAN_POINT ( 'NONE',  ( -14388.56810139493609, -877.4999988432243754, -769.9999999999963620 ) ) ;
#2434 = AXIS2_PLACEMENT_3D ( 'NONE', #16, #3705, #1102 ) ;
#2435 = PRODUCT_DEFINITION_SHAPE ( 'NONE', 'NONE',  #4303 ) ;
#2436 = ORIENTED_EDGE ( 'NONE', *, *, #2299, .F. ) ;
#2437 = AXIS2_PLACEMENT_3D ( 'NONE', #3797, #1837, #1170 ) ;
#2438 = ORIENTED_EDGE ( 'NONE', *, *, #1907, .T. ) ;
#2439 = EDGE_CURVE ( 'NONE', #3082, #2307, #1745, .T. ) ;
#2440 = EDGE_CURVE ( 'NONE', #2270, #2694, #794, .T. ) ;
#2441 = EDGE_LOOP ( 'NONE', ( #70, #1981, #3848, #2962 ) ) ;
#2442 = FACE_OUTER_BOUND ( 'NONE', #1753, .T. ) ;
#2443 = EDGE_LOOP ( 'NONE', ( #2100, #2447, #870, #3093 ) ) ;
#2444 = CARTESIAN_POINT ( 'NONE',  ( -13560.14709064066847, -814.9999999999972715, -769.9999999999964757 ) ) ;
#2445 = CARTESIAN_POINT ( 'NONE',  ( -10255.33188238365256, -1077.499998843224375, -769.9999999999964757 ) ) ;
#2446 = MECHANICAL_DESIGN_GEOMETRIC_PRESENTATION_REPRESENTATION (  '', ( #3677 ), #3548 ) ;
#2447 = ORIENTED_EDGE ( 'NONE', *, *, #488, .F. ) ;
#2448 = ORIENTED_EDGE ( 'NONE', *, *, #2383, .F. ) ;
#2449 = CARTESIAN_POINT ( 'NONE',  ( -13899.99999999999818, 814.9999999999972715, -459.9999999999978968 ) ) ;
#2450 = LINE ( 'NONE', #3750, #3188 ) ;
#2451 = EDGE_CURVE ( 'NONE', #3589, #267, #877, .T. ) ;
#2452 = PLANE ( 'NONE',  #3436 ) ;
#2453 = ORIENTED_EDGE ( 'NONE', *, *, #2439, .F. ) ;
#2454 = CARTESIAN_POINT ( 'NONE',  ( -12320.00000000000000, 1950.712458671872582, -239.9999999999976694 ) ) ;
#2455 = EDGE_LOOP ( 'NONE', ( #276, #3659, #1599, #3383, #3047, #3461, #2228, #4071, #1726, #3115, #1610, #3479 ) ) ;
#2456 = VECTOR ( 'NONE', #215, 1000.000000000000000 ) ;
#2457 = CARTESIAN_POINT ( 'NONE',  ( -1949.999999999999773, 899.9999999999998863, -910.0000000000001137 ) ) ;
#2458 = EDGE_LOOP ( 'NONE', ( #1000, #2019 ) ) ;
#2459 = ORIENTED_EDGE ( 'NONE', *, *, #1544, .T. ) ;
#2460 = DIRECTION ( 'NONE',  ( 1.000000000000000000, 0.000000000000000000, -0.000000000000000000 ) ) ;
#2461 = CIRCLE ( 'NONE', #582, 277.7941176470602045 ) ;
#2462 = EDGE_CURVE ( 'NONE', #1447, #4128, #2190, .T. ) ;
#2463 = ORIENTED_EDGE ( 'NONE', *, *, #1826, .T. ) ;
#2464 = VECTOR ( 'NONE', #3669, 1000.000000000000000 ) ;
#2465 = DIRECTION ( 'NONE',  ( 0.000000000000000000, 1.000000000000000000, 5.551115123125784674E-16 ) ) ;
#2466 = CARTESIAN_POINT ( 'NONE',  ( -11411.43189860506209, 877.4999988432243754, -589.9999999999965894 ) ) ;
#2467 = VERTEX_POINT ( 'NONE', #1489 ) ;
#2468 = VERTEX_POINT ( 'NONE', #3482 ) ;
#2469 = LINE ( 'NONE', #3775, #4124 ) ;
#2470 = EDGE_CURVE ( 'NONE', #28, #3221, #1171, .T. ) ;
#2471 = CARTESIAN_POINT ( 'NONE',  ( -12923.68347295909734, 1189.999999999998408, -660.0000000000001137 ) ) ;
#2472 = PLANE ( 'NONE',  #990 ) ;
#2473 = VECTOR ( 'NONE', #915, 1000.000000000000000 ) ;
#2474 = ORIENTED_EDGE ( 'NONE', *, *, #2783, .F. ) ;
#2475 = ORIENTED_EDGE ( 'NONE', *, *, #3682, .F. ) ;
#2476 = DIRECTION ( 'NONE',  ( 0.000000000000000000, 0.000000000000000000, -1.000000000000000000 ) ) ;
#2477 = ORIENTED_EDGE ( 'NONE', *, *, #1098, .F. ) ;
#2478 = DIRECTION ( 'NONE',  ( -1.000000000000000000, -0.000000000000000000, -0.000000000000000000 ) ) ;
#2479 = VECTOR ( 'NONE', #3538, 1000.000000000000000 ) ;
#2480 = EDGE_CURVE ( 'NONE', #3766, #3780, #3176, .T. ) ;
#2481 = ADVANCED_FACE ( 'NONE', ( #4173 ), #1206, .F. ) ;
#2482 = ORIENTED_EDGE ( 'NONE', *, *, #2687, .F. ) ;
#2483 = DIRECTION ( 'NONE',  ( -1.000000000000000000, -0.000000000000000000, -0.000000000000000000 ) ) ;
#2484 = DIRECTION ( 'NONE',  ( -2.400482215405744004E-16, 1.000000000000000000, 0.000000000000000000 ) ) ;
#2485 = VECTOR ( 'NONE', #347, 1000.000000000000000 ) ;
#2486 = ORIENTED_EDGE ( 'NONE', *, *, #938, .F. ) ;
#2487 = EDGE_CURVE ( 'NONE', #3396, #2700, #1984, .T. ) ;
#2488 = VERTEX_POINT ( 'NONE', #2303 ) ;
#2489 = CARTESIAN_POINT ( 'NONE',  ( -13499.99999999999818, 814.9999999999972715, -589.9999999999965894 ) ) ;
#2490 = CARTESIAN_POINT ( 'NONE',  ( -12500.00000000000182, -1077.499998843224375, -589.9999999999971578 ) ) ;
#2491 = VECTOR ( 'NONE', #2639, 1000.000000000000000 ) ;
#2492 = ORIENTED_EDGE ( 'NONE', *, *, #3164, .F. ) ;
#2493 = VERTEX_POINT ( 'NONE', #1924 ) ;
#2494 = CARTESIAN_POINT ( 'NONE',  ( 0.000000000000000000, -875.0000000000000000, -980.0000000000001137 ) ) ;
#2495 = DIRECTION ( 'NONE',  ( -0.9848077530122093526, -2.364013496699501219E-16, -0.1736481776669235033 ) ) ;
#2496 = CARTESIAN_POINT ( 'NONE',  ( -265.1845289799109651, -1190.000000000002728, -1503.936198047713560 ) ) ;
#2497 = EDGE_CURVE ( 'NONE', #1623, #1863, #3909, .T. ) ;
#2498 = ORIENTED_EDGE ( 'NONE', *, *, #3283, .F. ) ;
#2499 = ORIENTED_EDGE ( 'NONE', *, *, #1113, .T. ) ;
#2500 = DIRECTION ( 'NONE',  ( 0.000000000000000000, 0.000000000000000000, 1.000000000000000000 ) ) ;
#2501 = AXIS2_PLACEMENT_3D ( 'NONE', #3968, #3621, #2272 ) ;
#2502 = AXIS2_PLACEMENT_3D ( 'NONE', #2265, #3166, #1886 ) ;
#2503 = DIRECTION ( 'NONE',  ( -1.000000000000000000, -0.000000000000000000, -0.000000000000000000 ) ) ;
#2504 = VECTOR ( 'NONE', #3522, 1000.000000000000000 ) ;
#2505 = DIRECTION ( 'NONE',  ( 0.000000000000000000, 0.000000000000000000, 1.000000000000000000 ) ) ;
#2506 = EDGE_CURVE ( 'NONE', #1748, #80, #46, .T. ) ;
#2507 = ORIENTED_EDGE ( 'NONE', *, *, #2928, .T. ) ;
#2508 = DIRECTION ( 'NONE',  ( 0.000000000000000000, -0.9901138386947148096, -0.1402661271484180183 ) ) ;
#2509 = VERTEX_POINT ( 'NONE', #340 ) ;
#2510 = LINE ( 'NONE', #418, #740 ) ;
#2511 = ADVANCED_FACE ( 'NONE', ( #3340 ), #3011, .T. ) ;
#2512 = DIRECTION ( 'NONE',  ( 0.000000000000000000, -1.000000000000000000, 2.220446049250313081E-16 ) ) ;
#2513 = EDGE_LOOP ( 'NONE', ( #3518, #842, #2252, #187 ) ) ;
#2514 = CARTESIAN_POINT ( 'NONE',  ( -13000.00000000000000, 4.163336342343557632E-15, -825.0000000000000000 ) ) ;
#2515 = CARTESIAN_POINT ( 'NONE',  ( 0.000000000000000000, -875.0000000000000000, -1060.000000000000000 ) ) ;
#2516 = CARTESIAN_POINT ( 'NONE',  ( -11652.71931086792392, -679.9999999999977263, -567.4243228023080974 ) ) ;
#2517 = ORIENTED_EDGE ( 'NONE', *, *, #2723, .F. ) ;
#2518 = VERTEX_POINT ( 'NONE', #4019 ) ;
#2519 = EDGE_CURVE ( 'NONE', #1986, #1464, #21, .T. ) ;
#2520 = CARTESIAN_POINT ( 'NONE',  ( -13899.99999999999818, 679.9999999999979536, -909.9999999999979536 ) ) ;
#2521 = CARTESIAN_POINT ( 'NONE',  ( -14299.99999999999818, 814.9999999999972715, -306.2059048389982081 ) ) ;
#2522 = LINE ( 'NONE', #1823, #157 ) ;
#2523 = FACE_OUTER_BOUND ( 'NONE', #175, .T. ) ;
#2524 = VECTOR ( 'NONE', #1630, 1000.000000000000000 ) ;
#2525 = ORIENTED_EDGE ( 'NONE', *, *, #2041, .F. ) ;
#2526 = ADVANCED_FACE ( 'NONE', ( #2388 ), #753, .F. ) ;
#2527 = ORIENTED_EDGE ( 'NONE', *, *, #4045, .F. ) ;
#2528 = DIRECTION ( 'NONE',  ( 0.000000000000000000, -1.000000000000000000, 2.200304988219453045E-16 ) ) ;
#2529 = ORIENTED_EDGE ( 'NONE', *, *, #2421, .T. ) ;
#2530 = AXIS2_PLACEMENT_3D ( 'NONE', #2056, #3386, #3013 ) ;
#2531 = DIRECTION ( 'NONE',  ( 0.000000000000000000, -0.9854601157443478865, 0.1699069165076472210 ) ) ;
#2532 = ADVANCED_FACE ( 'NONE', ( #734 ), #2731, .T. ) ;
#2533 = LINE ( 'NONE', #2900, #4179 ) ;
#2534 = DIRECTION ( 'NONE',  ( 0.000000000000000000, -1.000000000000000000, -3.301729611148416588E-16 ) ) ;
#2535 = ORIENTED_EDGE ( 'NONE', *, *, #2440, .F. ) ;
#2536 = VECTOR ( 'NONE', #4200, 1000.000000000000000 ) ;
#2537 = CARTESIAN_POINT ( 'NONE',  ( -10255.33188238365256, 278.9021535255452022, -725.0000000000052296 ) ) ;
#2538 = AXIS2_PLACEMENT_3D ( 'NONE', #3155, #3241, #1859 ) ;
#2539 = AXIS2_PLACEMENT_3D ( 'NONE', #1316, #4263, #985 ) ;
#2540 = VECTOR ( 'NONE', #270, 1000.000000000000000 ) ;
#2541 = CARTESIAN_POINT ( 'NONE',  ( -18500.00000000000000, -1190.000000000002728, -960.0000000000002274 ) ) ;
#2542 = CIRCLE ( 'NONE', #3774, 79.99999999999995737 ) ;
#2543 = LINE ( 'NONE', #1870, #3486 ) ;
#2544 = DIRECTION ( 'NONE',  ( 1.000000000000000000, -0.000000000000000000, -0.000000000000000000 ) ) ;
#2545 = DIRECTION ( 'NONE',  ( 0.000000000000000000, -1.000000000000000000, 0.000000000000000000 ) ) ;
#2546 = ORIENTED_EDGE ( 'NONE', *, *, #2765, .T. ) ;
#2547 = ORIENTED_EDGE ( 'NONE', *, *, #1135, .T. ) ;
#2548 = FACE_BOUND ( 'NONE', #4177, .T. ) ;
#2549 = VERTEX_POINT ( 'NONE', #1403 ) ;
#2550 = CYLINDRICAL_SURFACE ( 'NONE', #1637, 460.0000000000000568 ) ;
#2551 = LINE ( 'NONE', #4238, #2200 ) ;
#2552 = CARTESIAN_POINT ( 'NONE',  ( -13899.99999999999818, -1054.999999999997726, 1.665334536937734811E-12 ) ) ;
#2553 = EDGE_CURVE ( 'NONE', #1091, #987, #1094, .T. ) ;
#2554 = ORIENTED_EDGE ( 'NONE', *, *, #1117, .F. ) ;
#2555 = ORIENTED_EDGE ( 'NONE', *, *, #42, .T. ) ;
#2556 = CARTESIAN_POINT ( 'NONE',  ( -12100.00000000000182, -814.9999999999974989, -459.9999999999983515 ) ) ;
#2557 = LINE ( 'NONE', #4224, #1595 ) ;
#2558 = LINE ( 'NONE', #2211, #3798 ) ;
#2559 = LINE ( 'NONE', #172, #1345 ) ;
#2560 = LINE ( 'NONE', #2890, #3210 ) ;
#2561 = ORIENTED_EDGE ( 'NONE', *, *, #3570, .F. ) ;
#2562 = AXIS2_PLACEMENT_3D ( 'NONE', #2699, #2032, #2664 ) ;
#2563 = DIRECTION ( 'NONE',  ( 0.000000000000000000, -1.000000000000000000, -5.551115123125784674E-16 ) ) ;
#2564 = CIRCLE ( 'NONE', #1526, 460.0000000000000000 ) ;
#2565 = ORIENTED_EDGE ( 'NONE', *, *, #1671, .T. ) ;
#2566 = EDGE_CURVE ( 'NONE', #2318, #933, #3794, .T. ) ;
#2567 = ADVANCED_FACE ( 'NONE', ( #2818 ), #1448, .F. ) ;
#2568 = DIRECTION ( 'NONE',  ( -1.000000000000000000, 0.000000000000000000, -0.000000000000000000 ) ) ;
#2569 = ORIENTED_EDGE ( 'NONE', *, *, #371, .F. ) ;
#2570 = DIRECTION ( 'NONE',  ( -1.000000000000000000, -0.000000000000000000, 0.000000000000000000 ) ) ;
#2571 = UNCERTAINTY_MEASURE_WITH_UNIT (LENGTH_MEASURE( 1.000000000000000082E-05 ), #907, 'distance_accuracy_value', 'NONE');
#2572 = ORIENTED_EDGE ( 'NONE', *, *, #944, .F. ) ;
#2573 = CARTESIAN_POINT ( 'NONE',  ( -11760.14709064067210, 1054.999999999997499, -769.9999999999957936 ) ) ;
#2574 = DIRECTION ( 'NONE',  ( 0.000000000000000000, 1.000000000000000000, 2.775557561563032853E-16 ) ) ;
#2575 = CARTESIAN_POINT ( 'NONE',  ( -12500.00000000000182, 814.9999999999970441, -306.2059048389986629 ) ) ;
#2576 = VERTEX_POINT ( 'NONE', #510 ) ;
#2577 = EDGE_CURVE ( 'NONE', #4128, #1447, #3501, .T. ) ;
#2578 = CIRCLE ( 'NONE', #1469, 1000.000000000000000 ) ;
#2579 = DIRECTION ( 'NONE',  ( -2.400482215405744004E-16, 1.000000000000000000, 0.000000000000000000 ) ) ;
#2580 = VECTOR ( 'NONE', #2714, 1000.000000000000000 ) ;
#2581 =( GEOMETRIC_REPRESENTATION_CONTEXT ( 3 ) GLOBAL_UNCERTAINTY_ASSIGNED_CONTEXT ( ( #929 ) ) GLOBAL_UNIT_ASSIGNED_CONTEXT ( ( #4174, #2205, #214 ) ) REPRESENTATION_CONTEXT ( 'NONE', 'WORKASPACE' ) );
#2582 = CARTESIAN_POINT ( 'NONE',  ( -16550.00000000000000, -1190.000000000002501, -960.0000000000002274 ) ) ;
#2583 = PLANE ( 'NONE',  #1946 ) ;
#2584 = EDGE_CURVE ( 'NONE', #3904, #498, #2469, .T. ) ;
#2585 = CARTESIAN_POINT ( 'NONE',  ( -14588.56810139493791, 877.4999988432243754, -769.9999999999959073 ) ) ;
#2586 = DIRECTION ( 'NONE',  ( 0.000000000000000000, 1.000000000000000000, 2.775557561563032853E-16 ) ) ;
#2587 = LINE ( 'NONE', #1327, #3790 ) ;
#2588 = ORIENTED_EDGE ( 'NONE', *, *, #2141, .F. ) ;
#2589 = VECTOR ( 'NONE', #1676, 1000.000000000000000 ) ;
#2590 = ADVANCED_FACE ( 'NONE', ( #3776 ), #4198, .T. ) ;
#2591 = LINE ( 'NONE', #1331, #1288 ) ;
#2592 = DIRECTION ( 'NONE',  ( 0.000000000000000000, 1.000000000000000000, 2.249385511977649118E-16 ) ) ;
#2593 = ORIENTED_EDGE ( 'NONE', *, *, #1250, .T. ) ;
#2594 = DIRECTION ( 'NONE',  ( 0.000000000000000000, -4.827056628805028179E-16, 1.000000000000000000 ) ) ;
#2595 = ORIENTED_EDGE ( 'NONE', *, *, #3072, .F. ) ;
#2596 = CARTESIAN_POINT ( 'NONE',  ( -12100.00000000000182, -679.9999999999977263, -459.9999999999982947 ) ) ;
#2597 = DIRECTION ( 'NONE',  ( 1.000000000000000000, 0.000000000000000000, 0.000000000000000000 ) ) ;
#2598 = CARTESIAN_POINT ( 'NONE',  ( -18500.00000000000000, 1189.999999999998408, -1160.000000000000227 ) ) ;
#2599 = DIRECTION ( 'NONE',  ( 0.000000000000000000, -0.1402661271484180183, -0.9901138386947149206 ) ) ;
#2600 = ORIENTED_EDGE ( 'NONE', *, *, #629, .T. ) ;
#2601 = ORIENTED_EDGE ( 'NONE', *, *, #3660, .T. ) ;
#2602 = DIRECTION ( 'NONE',  ( -1.000000000000000000, 0.000000000000000000, 0.000000000000000000 ) ) ;
#2603 = AXIS2_PLACEMENT_3D ( 'NONE', #1201, #2850, #2831 ) ;
#2604 = CYLINDRICAL_SURFACE ( 'NONE', #2820, 460.0000000000000568 ) ;
#2605 = ADVANCED_FACE ( 'NONE', ( #2137 ), #2550, .T. ) ;
#2606 = CARTESIAN_POINT ( 'NONE',  ( -14588.56810139493791, -877.4999988432243754, -589.9999999999970441 ) ) ;
#2607 = VECTOR ( 'NONE', #2096, 1000.000000000000000 ) ;
#2608 = CARTESIAN_POINT ( 'NONE',  ( -11411.43189860506209, -732.4719190560189190, -589.9999999999970441 ) ) ;
#2609 = DIRECTION ( 'NONE',  ( 0.000000000000000000, 1.000000000000000000, 2.775557561563032853E-16 ) ) ;
#2610 = AXIS2_PLACEMENT_3D ( 'NONE', #2305, #1993, #652 ) ;
#2611 = AXIS2_PLACEMENT_3D ( 'NONE', #2642, #2914, #3287 ) ;
#2612 = CARTESIAN_POINT ( 'NONE',  ( -12444.28938755610034, 679.9999999999977263, -765.0652677973102982 ) ) ;
#2613 = EDGE_CURVE ( 'NONE', #3133, #2257, #619, .T. ) ;
#2614 = EDGE_CURVE ( 'NONE', #3016, #429, #1262, .T. ) ;
#2615 = ORIENTED_EDGE ( 'NONE', *, *, #1728, .F. ) ;
#2616 = VECTOR ( 'NONE', #1068, 1000.000000000000000 ) ;
#2617 = ORIENTED_EDGE ( 'NONE', *, *, #1839, .F. ) ;
#2618 = LINE ( 'NONE', #2294, #3042 ) ;
#2619 = CARTESIAN_POINT ( 'NONE',  ( -5576.316527040901747, -1189.999999999999773, -6660.000000000000909 ) ) ;
#2620 = LINE ( 'NONE', #232, #4293 ) ;
#2621 = ADVANCED_FACE ( 'NONE', ( #1593 ), #956, .T. ) ;
#2622 = ORIENTED_EDGE ( 'NONE', *, *, #91, .F. ) ;
#2623 = CIRCLE ( 'NONE', #747, 460.0000000000000000 ) ;
#2624 = VERTEX_POINT ( 'NONE', #1551 ) ;
#2625 = CARTESIAN_POINT ( 'NONE',  ( -1949.999999999999773, 899.9999999999998863, -910.0000000000001137 ) ) ;
#2626 =( NAMED_UNIT ( * ) SI_UNIT ( $, .STERADIAN. ) SOLID_ANGLE_UNIT ( ) );
#2627 =( LENGTH_UNIT ( ) NAMED_UNIT ( * ) SI_UNIT ( .MILLI., .METRE. ) );
#2628 = ORIENTED_EDGE ( 'NONE', *, *, #133, .T. ) ;
#2629 = VERTEX_POINT ( 'NONE', #3268 ) ;
#2630 = EDGE_CURVE ( 'NONE', #3955, #2390, #3519, .T. ) ;
#2631 = FACE_OUTER_BOUND ( 'NONE', #2455, .T. ) ;
#2632 = AXIS2_PLACEMENT_3D ( 'NONE', #2985, #1727, #305 ) ;
#2633 = LINE ( 'NONE', #3633, #4206 ) ;
#2634 = CYLINDRICAL_SURFACE ( 'NONE', #372, 460.0000000000000568 ) ;
#2635 = DIRECTION ( 'NONE',  ( 0.000000000000000000, -1.000000000000000000, -5.551115123125784674E-16 ) ) ;
#2636 = LINE ( 'NONE', #11, #3299 ) ;
#2637 = CYLINDRICAL_SURFACE ( 'NONE', #560, 460.0000000000000568 ) ;
#2638 = ORIENTED_EDGE ( 'NONE', *, *, #1300, .F. ) ;
#2639 = DIRECTION ( 'NONE',  ( -0.000000000000000000, -0.000000000000000000, -1.000000000000000000 ) ) ;
#2640 = ADVANCED_FACE ( 'NONE', ( #1615 ), #904, .F. ) ;
#2641 = CIRCLE ( 'NONE', #2718, 277.7941176470602045 ) ;
#2642 = CARTESIAN_POINT ( 'NONE',  ( -13000.00000000000000, 4.163336342343557632E-15, -725.0000000000050022 ) ) ;
#2643 = PLANE ( 'NONE',  #704 ) ;
#2644 = EDGE_LOOP ( 'NONE', ( #1437, #1432, #2203, #436 ) ) ;
#2645 = CARTESIAN_POINT ( 'NONE',  ( -13499.99999999999818, 1950.712458671872582, -306.2059048389983218 ) ) ;
#2646 = AXIS2_PLACEMENT_3D ( 'NONE', #4181, #894, #3528 ) ;
#2647 = CARTESIAN_POINT ( 'NONE',  ( -4534.427461039359514, 1189.999999999998408, -751.1534819267461671 ) ) ;
#2648 = LINE ( 'NONE', #4037, #1990 ) ;
#2649 = ORIENTED_EDGE ( 'NONE', *, *, #4107, .F. ) ;
#2650 = AXIS2_PLACEMENT_3D ( 'NONE', #1973, #3324, #1954 ) ;
#2651 = FACE_OUTER_BOUND ( 'NONE', #1920, .T. ) ;
#2652 = DIRECTION ( 'NONE',  ( 0.000000000000000000, 0.1402661271484180183, 0.9901138386947149206 ) ) ;
#2653 = ORIENTED_EDGE ( 'NONE', *, *, #2196, .T. ) ;
#2654 = DIRECTION ( 'NONE',  ( 0.000000000000000000, 1.000000000000000000, 2.249385511977649118E-16 ) ) ;
#2655 = CARTESIAN_POINT ( 'NONE',  ( -14633.04291515397927, 1189.999999999998408, -868.8465180732551971 ) ) ;
#2656 = DIRECTION ( 'NONE',  ( 0.000000000000000000, 0.000000000000000000, -1.000000000000000000 ) ) ;
#2657 = CARTESIAN_POINT ( 'NONE',  ( -16550.00000000000000, -1189.999999999998408, -960.0000000000002274 ) ) ;
#2658 = DIRECTION ( 'NONE',  ( -1.000000000000000000, -0.000000000000000000, 0.000000000000000000 ) ) ;
#2659 = DIRECTION ( 'NONE',  ( 0.000000000000000000, 2.249385511977649118E-16, -1.000000000000000000 ) ) ;
#2660 = CARTESIAN_POINT ( 'NONE',  ( -2825.068018844486232, 0.000000000000000000, 5040.000000000000000 ) ) ;
#2661 = ORIENTED_EDGE ( 'NONE', *, *, #123, .F. ) ;
#2662 = CARTESIAN_POINT ( 'NONE',  ( -13000.00000000000000, -229.9999999211528348, -725.0000000000050022 ) ) ;
#2663 = DIRECTION ( 'NONE',  ( -1.000000000000000000, -2.220446049250313081E-16, -1.154631945610162802E-14 ) ) ;
#2664 = DIRECTION ( 'NONE',  ( 0.000000000000000000, 0.000000000000000000, -1.000000000000000000 ) ) ;
#2665 = EDGE_CURVE ( 'NONE', #743, #3636, #3158, .T. ) ;
#2666 = DIRECTION ( 'NONE',  ( 0.000000000000000000, -4.827056628805028179E-16, 1.000000000000000000 ) ) ;
#2667 = DIRECTION ( 'NONE',  ( 0.000000000000000000, -1.000000000000000000, -3.301729611148416588E-16 ) ) ;
#2668 = ORIENTED_EDGE ( 'NONE', *, *, #1511, .T. ) ;
#2669 = LINE ( 'NONE', #1026, #852 ) ;
#2670 = DIRECTION ( 'NONE',  ( 1.000000000000000000, 0.000000000000000000, 0.000000000000000000 ) ) ;
#2671 = PLANE ( 'NONE',  #2957 ) ;
#2672 = VECTOR ( 'NONE', #138, 1000.000000000000000 ) ;
#2673 = EDGE_LOOP ( 'NONE', ( #2555, #934, #4257, #1484 ) ) ;
#2674 = EDGE_CURVE ( 'NONE', #476, #4017, #3845, .T. ) ;
#2675 = EDGE_CURVE ( 'NONE', #33, #3947, #236, .T. ) ;
#2676 = DIRECTION ( 'NONE',  ( -0.000000000000000000, 0.000000000000000000, -1.000000000000000000 ) ) ;
#2677 = DIRECTION ( 'NONE',  ( -1.000000000000000000, -0.000000000000000000, -0.000000000000000000 ) ) ;
#2678 = CARTESIAN_POINT ( 'NONE',  ( -14588.56810139493791, -278.9021535255452022, -725.0000000000053433 ) ) ;
#2679 = DIRECTION ( 'NONE',  ( -0.9848077530122092416, 0.000000000000000000, 0.1736481776669237531 ) ) ;
#2680 = DIRECTION ( 'NONE',  ( 0.000000000000000000, 0.000000000000000000, 1.000000000000000000 ) ) ;
#2681 = VERTEX_POINT ( 'NONE', #1239 ) ;
#2682 = CARTESIAN_POINT ( 'NONE',  ( -16550.00000000000000, -1189.999999999998408, -960.0000000000002274 ) ) ;
#2683 = ORIENTED_EDGE ( 'NONE', *, *, #1589, .T. ) ;
#2684 = CIRCLE ( 'NONE', #2879, 277.7941176470602045 ) ;
#2685 = CARTESIAN_POINT ( 'NONE',  ( -12100.00000000000182, 814.9999999999974989, -909.9999999999982947 ) ) ;
#2686 = VECTOR ( 'NONE', #3001, 1000.000000000000000 ) ;
#2687 = EDGE_CURVE ( 'NONE', #2493, #2042, #2897, .T. ) ;
#2688 = ADVANCED_FACE ( 'NONE', ( #532 ), #3242, .T. ) ;
#2689 = VECTOR ( 'NONE', #3134, 1000.000000000000000 ) ;
#2690 = FACE_OUTER_BOUND ( 'NONE', #471, .T. ) ;
#2691 = ORIENTED_EDGE ( 'NONE', *, *, #537, .F. ) ;
#2692 = CYLINDRICAL_SURFACE ( 'NONE', #523, 460.0000000000000568 ) ;
#2693 = AXIS2_PLACEMENT_3D ( 'NONE', #1272, #1625, #366 ) ;
#2694 = VERTEX_POINT ( 'NONE', #3563 ) ;
#2695 = VECTOR ( 'NONE', #3708, 1000.000000000000000 ) ;
#2696 = DIRECTION ( 'NONE',  ( 0.000000000000000000, -0.9901138386947148096, 0.1402661271484180183 ) ) ;
#2697 = CARTESIAN_POINT ( 'NONE',  ( -16150.00000000000182, 899.9999999999998863, -910.0000000000001137 ) ) ;
#2698 = CARTESIAN_POINT ( 'NONE',  ( -7.853451737060908274E-14, 1189.999999999998408, -660.0000000000017053 ) ) ;
#2699 = CARTESIAN_POINT ( 'NONE',  ( -12923.68347295909734, 989.9999999999984084, -6660.000000000000000 ) ) ;
#2700 = VERTEX_POINT ( 'NONE', #2204 ) ;
#2701 = AXIS2_PLACEMENT_3D ( 'NONE', #2070, #2404, #3398 ) ;
#2702 = EDGE_CURVE ( 'NONE', #2518, #662, #1800, .T. ) ;
#2703 = CARTESIAN_POINT ( 'NONE',  ( -14347.28068913207608, 679.9999999999977263, -567.4243228023077563 ) ) ;
#2704 = CARTESIAN_POINT ( 'NONE',  ( -10255.33188238365256, -732.4719190560189190, -589.9999999999970441 ) ) ;
#2705 = ORIENTED_EDGE ( 'NONE', *, *, #2931, .T. ) ;
#2706 = EDGE_CURVE ( 'NONE', #17, #1225, #2542, .T. ) ;
#2707 = ORIENTED_EDGE ( 'NONE', *, *, #1309, .F. ) ;
#2708 = VERTEX_POINT ( 'NONE', #4258 ) ;
#2709 = DIRECTION ( 'NONE',  ( 0.000000000000000000, 0.000000000000000000, 1.000000000000000000 ) ) ;
#2710 = DIRECTION ( 'NONE',  ( -0.000000000000000000, -1.000000000000000000, -2.775557561563032853E-16 ) ) ;
#2711 = DIRECTION ( 'NONE',  ( 0.000000000000000000, -2.775557561563032853E-16, 1.000000000000000000 ) ) ;
#2712 = EDGE_CURVE ( 'NONE', #4240, #3524, #2372, .T. ) ;
#2713 = CYLINDRICAL_SURFACE ( 'NONE', #3505, 79.99999999999995737 ) ;
#2714 = DIRECTION ( 'NONE',  ( 1.000000000000000000, 2.400482215405744004E-16, 0.000000000000000000 ) ) ;
#2715 = DIRECTION ( 'NONE',  ( 0.000000000000000000, 0.000000000000000000, -1.000000000000000000 ) ) ;
#2716 = DIRECTION ( 'NONE',  ( 0.000000000000000000, -1.000000000000000000, -2.775557561563032853E-16 ) ) ;
#2717 = ORIENTED_EDGE ( 'NONE', *, *, #1036, .F. ) ;
#2718 = AXIS2_PLACEMENT_3D ( 'NONE', #40, #432, #729 ) ;
#2719 = CARTESIAN_POINT ( 'NONE',  ( -13899.99999999999818, -679.9999999999977263, -909.9999999999982947 ) ) ;
#2720 = DIRECTION ( 'NONE',  ( 0.000000000000000000, -0.9185881544472646043, -0.3952161465694035702 ) ) ;
#2721 = ORIENTED_EDGE ( 'NONE', *, *, #1056, .T. ) ;
#2722 = EDGE_CURVE ( 'NONE', #1391, #3063, #193, .T. ) ;
#2723 = EDGE_CURVE ( 'NONE', #1124, #2576, #2344, .T. ) ;
#2724 = EDGE_LOOP ( 'NONE', ( #3088, #1473, #3807, #783, #1425 ) ) ;
#2725 = PLANE ( 'NONE',  #3185 ) ;
#2726 = EDGE_LOOP ( 'NONE', ( #2282, #4142, #152, #2094 ) ) ;
#2727 = CARTESIAN_POINT ( 'NONE',  ( -18500.00000000000000, 875.0000000000000000, -1140.000000000000227 ) ) ;
#2728 = LINE ( 'NONE', #2406, #2695 ) ;
#2729 = VERTEX_POINT ( 'NONE', #377 ) ;
#2730 = DIRECTION ( 'NONE',  ( -0.000000000000000000, -0.000000000000000000, -1.000000000000000000 ) ) ;
#2731 = CYLINDRICAL_SURFACE ( 'NONE', #745, 460.0000000000000568 ) ;
#2732 = CARTESIAN_POINT ( 'NONE',  ( -14119.99999999999818, 814.9999999999970441, -239.9999999999979821 ) ) ;
#2733 = VERTEX_POINT ( 'NONE', #2009 ) ;
#2734 = ORIENTED_EDGE ( 'NONE', *, *, #3811, .T. ) ;
#2735 = CARTESIAN_POINT ( 'NONE',  ( -10255.33188238365256, 1077.499998843224375, -769.9999999999957936 ) ) ;
#2736 = AXIS2_PLACEMENT_3D ( 'NONE', #1655, #3257, #2289 ) ;
#2737 = CARTESIAN_POINT ( 'NONE',  ( -13000.00000000000000, 4.163336342343557632E-15, -725.0000000000050022 ) ) ;
#2738 = ORIENTED_EDGE ( 'NONE', *, *, #1444, .F. ) ;
#2739 = EDGE_LOOP ( 'NONE', ( #2003, #1594, #1564, #1617, #763 ) ) ;
#2740 = ORIENTED_EDGE ( 'NONE', *, *, #3646, .T. ) ;
#2741 = PLANE ( 'NONE',  #134 ) ;
#2742 = EDGE_CURVE ( 'NONE', #2378, #7, #2, .T. ) ;
#2743 = CARTESIAN_POINT ( 'NONE',  ( -12923.68347295909734, 1189.999999999998408, -6660.000000000000000 ) ) ;
#2744 = VERTEX_POINT ( 'NONE', #309 ) ;
#2745 = CARTESIAN_POINT ( 'NONE',  ( -11700.00000000000182, 1077.499998843224148, -306.2059048389980376 ) ) ;
#2746 = CARTESIAN_POINT ( 'NONE',  ( -13560.14709064066847, -1054.999999999997499, -769.9999999999964757 ) ) ;
#2747 = AXIS2_PLACEMENT_3D ( 'NONE', #1388, #469, #3112 ) ;
#2748 = ORIENTED_EDGE ( 'NONE', *, *, #901, .T. ) ;
#2749 = CARTESIAN_POINT ( 'NONE',  ( -1949.999999999999773, -1189.999999999998408, -960.0000000000002274 ) ) ;
#2750 = AXIS2_PLACEMENT_3D ( 'NONE', #980, #3289, #3993 ) ;
#2751 = FACE_OUTER_BOUND ( 'NONE', #2432, .T. ) ;
#2752 = AXIS2_PLACEMENT_3D ( 'NONE', #688, #2005, #3957 ) ;
#2753 = ORIENTED_EDGE ( 'NONE', *, *, #110, .F. ) ;
#2754 = ORIENTED_EDGE ( 'NONE', *, *, #1854, .F. ) ;
#2755 = AXIS2_PLACEMENT_3D ( 'NONE', #1515, #153, #1495 ) ;
#2756 = CARTESIAN_POINT ( 'NONE',  ( -10255.33188238365256, 1077.499998843224375, -769.9999999999957936 ) ) ;
#2757 = CARTESIAN_POINT ( 'NONE',  ( -11700.00000000000182, -1950.712458671873037, -306.2059048389990039 ) ) ;
#2758 = LINE ( 'NONE', #1778, #320 ) ;
#2759 = VECTOR ( 'NONE', #2990, 1000.000000000000000 ) ;
#2760 = ADVANCED_FACE ( 'NONE', ( #732 ), #2713, .T. ) ;
#2761 = ORIENTED_EDGE ( 'NONE', *, *, #3363, .F. ) ;
#2762 = LINE ( 'NONE', #1439, #2910 ) ;
#2763 = ORIENTED_EDGE ( 'NONE', *, *, #3554, .T. ) ;
#2764 = DIRECTION ( 'NONE',  ( 0.000000000000000000, 1.000000000000000000, 2.775557561563032853E-16 ) ) ;
#2765 = EDGE_CURVE ( 'NONE', #2700, #3003, #1565, .T. ) ;
#2766 = VERTEX_POINT ( 'NONE', #400 ) ;
#2767 = DIRECTION ( 'NONE',  ( 0.000000000000000000, -1.000000000000000000, 0.000000000000000000 ) ) ;
#2768 = LINE ( 'NONE', #3032, #739 ) ;
#2769 = ORIENTED_EDGE ( 'NONE', *, *, #4095, .F. ) ;
#2770 = ORIENTED_EDGE ( 'NONE', *, *, #1839, .T. ) ;
#2771 = ADVANCED_FACE ( 'NONE', ( #1687 ), #1733, .T. ) ;
#2772 = CARTESIAN_POINT ( 'NONE',  ( -265.1845289799109651, 1189.999999999998408, -1503.936198047713560 ) ) ;
#2773 = CARTESIAN_POINT ( 'NONE',  ( -11411.43189860506209, -877.4999988432243754, -589.9999999999970441 ) ) ;
#2774 = AXIS2_PLACEMENT_3D ( 'NONE', #2520, #3849, #893 ) ;
#2775 = ORIENTED_EDGE ( 'NONE', *, *, #2311, .F. ) ;
#2776 = CYLINDRICAL_SURFACE ( 'NONE', #882, 5999.999999999999091 ) ;
#2777 = VECTOR ( 'NONE', #2844, 1000.000000000000000 ) ;
#2778 = ORIENTED_EDGE ( 'NONE', *, *, #3132, .T. ) ;
#2779 = CIRCLE ( 'NONE', #2437, 277.7941176470602045 ) ;
#2780 = EDGE_CURVE ( 'NONE', #398, #4021, #2648, .T. ) ;
#2781 = ORIENTED_EDGE ( 'NONE', *, *, #2181, .T. ) ;
#2782 = DIRECTION ( 'NONE',  ( -1.000000000000000000, 0.000000000000000000, 0.000000000000000000 ) ) ;
#2783 = EDGE_CURVE ( 'NONE', #267, #2787, #2728, .T. ) ;
#2784 = ORIENTED_EDGE ( 'NONE', *, *, #2804, .F. ) ;
#2785 = CARTESIAN_POINT ( 'NONE',  ( -10255.33188238365256, -176.9719203373659866, -350.9999999999987494 ) ) ;
#2786 = FACE_OUTER_BOUND ( 'NONE', #443, .T. ) ;
#2787 = VERTEX_POINT ( 'NONE', #1097 ) ;
#2788 = DIRECTION ( 'NONE',  ( 0.000000000000000000, 2.775557561563032853E-16, -1.000000000000000000 ) ) ;
#2789 = LINE ( 'NONE', #2466, #941 ) ;
#2790 = ORIENTED_EDGE ( 'NONE', *, *, #3756, .T. ) ;
#2791 = EDGE_LOOP ( 'NONE', ( #2180, #201, #3700, #3101 ) ) ;
#2792 = DIRECTION ( 'NONE',  ( 0.000000000000000000, -1.000000000000000000, -2.249385511977649118E-16 ) ) ;
#2793 = CARTESIAN_POINT ( 'NONE',  ( 0.000000000000000000, 0.000000000000000000, 0.000000000000000000 ) ) ;
#2794 = CARTESIAN_POINT ( 'NONE',  ( 0.000000000000000000, 875.0000000000000000, -1060.000000000000000 ) ) ;
#2795 = CARTESIAN_POINT ( 'NONE',  ( -11411.43189860506209, 732.4719190560189190, -589.9999999999965894 ) ) ;
#2796 = EDGE_CURVE ( 'NONE', #3122, #1716, #2216, .T. ) ;
#2797 = EDGE_CURVE ( 'NONE', #789, #1945, #54, .T. ) ;
#2798 = ORIENTED_EDGE ( 'NONE', *, *, #3106, .F. ) ;
#2799 = CARTESIAN_POINT ( 'NONE',  ( -13000.00000000000000, 229.9999999211528348, -725.0000000000050022 ) ) ;
#2800 = EDGE_LOOP ( 'NONE', ( #1502, #1130, #3073, #3044, #2600, #2012, #1039, #3240, #4005 ) ) ;
#2801 = CONICAL_SURFACE ( 'NONE', #3493, 229.9999999211528348, 0.5235987755979351066 ) ;
#2802 = DIRECTION ( 'NONE',  ( 1.000000000000000000, 0.000000000000000000, 0.000000000000000000 ) ) ;
#2803 = ADVANCED_BREP_SHAPE_REPRESENTATION ( '', ( #291, #2165 ), #562 ) ;
#2804 = EDGE_CURVE ( 'NONE', #136, #3801, #3229, .T. ) ;
#2805 = AXIS2_PLACEMENT_3D ( 'NONE', #3597, #2933, #2635 ) ;
#2806 = SHAPE_REPRESENTATION ( 'WagonPlane_60ft_MediumDetailed', ( #2165 ), #562 ) ;
#2807 = ORIENTED_EDGE ( 'NONE', *, *, #3989, .F. ) ;
#2808 = LINE ( 'NONE', #1161, #1078 ) ;
#2809 = CARTESIAN_POINT ( 'NONE',  ( -2349.999999999999545, 0.000000000000000000, 0.000000000000000000 ) ) ;
#2810 = ORIENTED_EDGE ( 'NONE', *, *, #1879, .F. ) ;
#2811 = LINE ( 'NONE', #3808, #450 ) ;
#2812 = VECTOR ( 'NONE', #828, 1000.000000000000000 ) ;
#2813 = ORIENTED_EDGE ( 'NONE', *, *, #2858, .T. ) ;
#2814 = DIRECTION ( 'NONE',  ( 0.000000000000000000, -1.000000000000000000, 0.000000000000000000 ) ) ;
#2815 = ADVANCED_FACE ( 'NONE', ( #3077 ), #368, .F. ) ;
#2816 = ORIENTED_EDGE ( 'NONE', *, *, #3827, .F. ) ;
#2817 = VERTEX_POINT ( 'NONE', #3655 ) ;
#2818 = FACE_OUTER_BOUND ( 'NONE', #2315, .T. ) ;
#2819 = CARTESIAN_POINT ( 'NONE',  ( -11880.00000000000182, 1077.499998843224148, -239.9999999999978684 ) ) ;
#2820 = AXIS2_PLACEMENT_3D ( 'NONE', #1931, #633, #2929 ) ;
#2821 = LINE ( 'NONE', #2876, #2536 ) ;
#2822 = VERTEX_POINT ( 'NONE', #702 ) ;
#2823 = DIRECTION ( 'NONE',  ( -0.000000000000000000, -0.9854601157443478865, -0.1699069165076472210 ) ) ;
#2824 = EDGE_CURVE ( 'NONE', #486, #1079, #2018, .T. ) ;
#2825 = DIRECTION ( 'NONE',  ( -0.000000000000000000, -1.000000000000000000, -2.775557561563032853E-16 ) ) ;
#2826 = ORIENTED_EDGE ( 'NONE', *, *, #875, .T. ) ;
#2827 = SPHERICAL_SURFACE ( 'NONE', #2335, 1000.000000000000000 ) ;
#2828 = ORIENTED_EDGE ( 'NONE', *, *, #646, .T. ) ;
#2829 = FACE_OUTER_BOUND ( 'NONE', #2441, .T. ) ;
#2830 = SHAPE_DEFINITION_REPRESENTATION ( #3189, #3676 ) ;
#2831 = DIRECTION ( 'NONE',  ( 1.000000000000000000, 0.000000000000000000, -0.000000000000000000 ) ) ;
#2832 = VECTOR ( 'NONE', #3332, 1000.000000000000000 ) ;
#2833 = ORIENTED_EDGE ( 'NONE', *, *, #3660, .F. ) ;
#2834 = EDGE_CURVE ( 'NONE', #3236, #1084, #32, .T. ) ;
#2835 = ORIENTED_EDGE ( 'NONE', *, *, #3554, .F. ) ;
#2836 = DIRECTION ( 'NONE',  ( -0.9848077530122092416, 0.000000000000000000, -0.1736481776669234756 ) ) ;
#2837 = FACE_OUTER_BOUND ( 'NONE', #587, .T. ) ;
#2838 = LINE ( 'NONE', #3483, #3358 ) ;
#2839 = DIRECTION ( 'NONE',  ( 0.000000000000000000, -2.413528314402514090E-16, 1.000000000000000000 ) ) ;
#2840 = EDGE_LOOP ( 'NONE', ( #2781, #1257, #856, #379 ) ) ;
#2841 = DIRECTION ( 'NONE',  ( -0.000000000000000000, -1.000000000000000000, -0.000000000000000000 ) ) ;
#2842 = AXIS2_PLACEMENT_3D ( 'NONE', #397, #357, #1730 ) ;
#2843 = VECTOR ( 'NONE', #3429, 1000.000000000000000 ) ;
#2844 = DIRECTION ( 'NONE',  ( -1.000000000000000000, 0.000000000000000000, 0.000000000000000000 ) ) ;
#2845 = VECTOR ( 'NONE', #3978, 1000.000000000000114 ) ;
#2846 = EDGE_CURVE ( 'NONE', #2733, #2817, #722, .T. ) ;
#2847 = VERTEX_POINT ( 'NONE', #3738 ) ;
#2848 = VERTEX_POINT ( 'NONE', #129 ) ;
#2849 = DIRECTION ( 'NONE',  ( 0.000000000000000000, 0.000000000000000000, 1.000000000000000000 ) ) ;
#2850 = DIRECTION ( 'NONE',  ( 0.000000000000000000, 0.000000000000000000, 1.000000000000000000 ) ) ;
#2851 = ORIENTED_EDGE ( 'NONE', *, *, #3447, .T. ) ;
#2852 = DIRECTION ( 'NONE',  ( -1.000000000000000000, 0.000000000000000000, -0.000000000000000000 ) ) ;
#2853 = CARTESIAN_POINT ( 'NONE',  ( -11654.53873465198922, 697.6074941491493746, -574.9998243529000774 ) ) ;
#2854 = DIRECTION ( 'NONE',  ( 0.000000000000000000, 0.9950481186486287433, -0.09939437395458879110 ) ) ;
#2855 = CARTESIAN_POINT ( 'NONE',  ( -12100.00000000000182, 1054.999999999997272, -459.9999999999978400 ) ) ;
#2856 = DIRECTION ( 'NONE',  ( 0.000000000000000000, -1.000000000000000000, 0.000000000000000000 ) ) ;
#2857 = DIRECTION ( 'NONE',  ( -0.000000000000000000, -1.000000000000000000, -2.775557561563032853E-16 ) ) ;
#2858 = EDGE_CURVE ( 'NONE', #4287, #743, #3754, .T. ) ;
#2859 = VERTEX_POINT ( 'NONE', #2799 ) ;
#2860 = ORIENTED_EDGE ( 'NONE', *, *, #371, .T. ) ;
#2861 = DIRECTION ( 'NONE',  ( -1.000000000000000000, -2.400482215405744004E-16, 0.000000000000000000 ) ) ;
#2862 = EDGE_CURVE ( 'NONE', #667, #3763, #3824, .T. ) ;
#2863 = CARTESIAN_POINT ( 'NONE',  ( 616.7948635501689978, -875.0000000000000000, -1140.000000000000227 ) ) ;
#2864 = CARTESIAN_POINT ( 'NONE',  ( -18500.00000000000000, 875.0000000000000000, -1060.000000000000000 ) ) ;
#2865 = VECTOR ( 'NONE', #2195, 1000.000000000000000 ) ;
#2866 = ORIENTED_EDGE ( 'NONE', *, *, #2074, .T. ) ;
#2867 = VERTEX_POINT ( 'NONE', #2119 ) ;
#2868 = EDGE_CURVE ( 'NONE', #2318, #1948, #2346, .T. ) ;
#2869 = CARTESIAN_POINT ( 'NONE',  ( -18120.00000000000000, 875.0000000000000000, -1060.000000000000000 ) ) ;
#2870 = ORIENTED_EDGE ( 'NONE', *, *, #1656, .T. ) ;
#2871 = VECTOR ( 'NONE', #363, 1000.000000000000000 ) ;
#2872 = VERTEX_POINT ( 'NONE', #492 ) ;
#2873 = DIRECTION ( 'NONE',  ( -0.000000000000000000, -1.000000000000000000, -3.301729611148416588E-16 ) ) ;
#2874 = DIRECTION ( 'NONE',  ( 0.000000000000000000, 1.000000000000000000, 0.000000000000000000 ) ) ;
#2875 = CARTESIAN_POINT ( 'NONE',  ( -12320.00000000000000, -1950.712458671872810, -517.7941176470596929 ) ) ;
#2876 = CARTESIAN_POINT ( 'NONE',  ( -2349.999999999999545, -200.0000000000000000, -825.0000000000001137 ) ) ;
#2877 = VERTEX_POINT ( 'NONE', #1818 ) ;
#2878 = ORIENTED_EDGE ( 'NONE', *, *, #890, .F. ) ;
#2879 = AXIS2_PLACEMENT_3D ( 'NONE', #813, #1751, #3454 ) ;
#2880 = AXIS2_PLACEMENT_3D ( 'NONE', #4002, #3672, #52 ) ;
#2881 = CARTESIAN_POINT ( 'NONE',  ( -13560.14709064066847, -729.4021522441533989, -769.9999999999963620 ) ) ;
#2882 = VECTOR ( 'NONE', #1057, 1000.000000000000000 ) ;
#2883 = EDGE_CURVE ( 'NONE', #4203, #762, #2758, .T. ) ;
#2884 = EDGE_CURVE ( 'NONE', #2390, #2549, #3138, .T. ) ;
#2885 = DIRECTION ( 'NONE',  ( -0.000000000000000000, -1.000000000000000000, -2.775557561563032853E-16 ) ) ;
#2886 = VECTOR ( 'NONE', #780, 1000.000000000000000 ) ;
#2887 = LINE ( 'NONE', #3897, #716 ) ;
#2888 = LINE ( 'NONE', #3230, #1621 ) ;
#2889 = CARTESIAN_POINT ( 'NONE',  ( -1949.999999999999773, 1189.999999999998408, -960.0000000000002274 ) ) ;
#2890 = CARTESIAN_POINT ( 'NONE',  ( -14588.56810139493791, -729.4021522441533989, -769.9999999999963620 ) ) ;
#2891 = ORIENTED_EDGE ( 'NONE', *, *, #3929, .F. ) ;
#2892 = ORIENTED_EDGE ( 'NONE', *, *, #3072, .T. ) ;
#2893 = EDGE_CURVE ( 'NONE', #3678, #472, #3443, .T. ) ;
#2894 = DIRECTION ( 'NONE',  ( -1.000000000000000000, -0.000000000000000000, -0.000000000000000000 ) ) ;
#2895 = ORIENTED_EDGE ( 'NONE', *, *, #430, .T. ) ;
#2896 = ADVANCED_FACE ( 'NONE', ( #109 ), #2776, .T. ) ;
#2897 = LINE ( 'NONE', #3500, #2479 ) ;
#2898 = ORIENTED_EDGE ( 'NONE', *, *, #2171, .F. ) ;
#2899 = DIRECTION ( 'NONE',  ( 0.000000000000000000, 1.000000000000000000, 2.249385511977649118E-16 ) ) ;
#2900 = CARTESIAN_POINT ( 'NONE',  ( -15744.66811761634744, -814.9999999999974989, -589.9999999999970441 ) ) ;
#2901 = EDGE_LOOP ( 'NONE', ( #2878, #626, #1915, #885, #1412 ) ) ;
#2902 = EDGE_CURVE ( 'NONE', #2694, #3236, #243, .T. ) ;
#2903 = ORIENTED_EDGE ( 'NONE', *, *, #35, .F. ) ;
#2904 = CARTESIAN_POINT ( 'NONE',  ( -18500.00000000000000, -990.0000000000028422, -960.0000000000002274 ) ) ;
#2905 = DIRECTION ( 'NONE',  ( -1.000000000000000000, 0.000000000000000000, 0.000000000000000000 ) ) ;
#2906 = DIRECTION ( 'NONE',  ( -1.000000000000000000, 0.000000000000000000, 0.000000000000000000 ) ) ;
#2907 = ADVANCED_FACE ( 'NONE', ( #3865 ), #913, .T. ) ;
#2908 = DIRECTION ( 'NONE',  ( 0.000000000000000000, 0.000000000000000000, -1.000000000000000000 ) ) ;
#2909 = ORIENTED_EDGE ( 'NONE', *, *, #1670, .F. ) ;
#2910 = VECTOR ( 'NONE', #3642, 1000.000000000000000 ) ;
#2911 = DIRECTION ( 'NONE',  ( 0.000000000000000000, 0.000000000000000000, 1.000000000000000000 ) ) ;
#2912 = ORIENTED_EDGE ( 'NONE', *, *, #2377, .T. ) ;
#2913 = EDGE_CURVE ( 'NONE', #1440, #2493, #1578, .T. ) ;
#2914 = DIRECTION ( 'NONE',  ( 0.000000000000000000, 0.000000000000000000, 1.000000000000000000 ) ) ;
#2915 = EDGE_LOOP ( 'NONE', ( #2895, #4213, #798 ) ) ;
#2916 = LINE ( 'NONE', #1204, #318 ) ;
#2917 = DIRECTION ( 'NONE',  ( 0.000000000000000000, 0.000000000000000000, 1.000000000000000000 ) ) ;
#2918 = ORIENTED_EDGE ( 'NONE', *, *, #805, .T. ) ;
#2919 = CARTESIAN_POINT ( 'NONE',  ( -1949.999999999999773, 1189.999999999998408, -960.0000000000002274 ) ) ;
#2920 =( NAMED_UNIT ( * ) SI_UNIT ( $, .STERADIAN. ) SOLID_ANGLE_UNIT ( ) );
#2921 = DIRECTION ( 'NONE',  ( -3.912072321290969353E-16, 2.775557561563032853E-16, -1.000000000000000000 ) ) ;
#2922 = EDGE_LOOP ( 'NONE', ( #2126, #568, #2486, #2448 ) ) ;
#2923 = ORIENTED_EDGE ( 'NONE', *, *, #3998, .F. ) ;
#2924 = DIRECTION ( 'NONE',  ( 0.000000000000000000, 0.000000000000000000, 1.000000000000000000 ) ) ;
#2925 = VECTOR ( 'NONE', #1618, 1000.000000000000114 ) ;
#2926 = LINE ( 'NONE', #1541, #3594 ) ;
#2927 = EDGE_CURVE ( 'NONE', #307, #2418, #3941, .T. ) ;
#2928 = EDGE_CURVE ( 'NONE', #2176, #1111, #4242, .T. ) ;
#2929 = DIRECTION ( 'NONE',  ( 0.000000000000000000, 0.000000000000000000, 1.000000000000000000 ) ) ;
#2930 = CARTESIAN_POINT ( 'NONE',  ( -15150.00000000000182, -1190.000000000002046, -960.0000000000002274 ) ) ;
#2931 = EDGE_CURVE ( 'NONE', #3416, #2872, #910, .T. ) ;
#2932 = DIRECTION ( 'NONE',  ( 0.000000000000000000, 2.775557561563032853E-16, -1.000000000000000000 ) ) ;
#2933 = DIRECTION ( 'NONE',  ( 0.000000000000000000, 2.775557561563032853E-16, -1.000000000000000000 ) ) ;
#2934 = DIRECTION ( 'NONE',  ( -0.000000000000000000, 1.000000000000000000, -0.000000000000000000 ) ) ;
#2935 = FACE_OUTER_BOUND ( 'NONE', #3, .T. ) ;
#2936 = ORIENTED_EDGE ( 'NONE', *, *, #1722, .T. ) ;
#2937 = VECTOR ( 'NONE', #4118, 1000.000000000000000 ) ;
#2938 = CARTESIAN_POINT ( 'NONE',  ( -10255.33188238365256, 814.9999999999972715, -589.9999999999965894 ) ) ;
#2939 = DIRECTION ( 'NONE',  ( 0.000000000000000000, -1.000000000000000000, -2.775557561563032853E-16 ) ) ;
#2940 = ORIENTED_EDGE ( 'NONE', *, *, #1143, .T. ) ;
#2941 = CARTESIAN_POINT ( 'NONE',  ( -11758.65641272665380, -713.0416965694219016, -768.3657702387157542 ) ) ;
#2942 = ORIENTED_EDGE ( 'NONE', *, *, #293, .T. ) ;
#2943 = LINE ( 'NONE', #1572, #2162 ) ;
#2944 = DIRECTION ( 'NONE',  ( 1.000000000000000000, 0.000000000000000000, 0.000000000000000000 ) ) ;
#2945 = EDGE_CURVE ( 'NONE', #1173, #2027, #3017, .T. ) ;
#2946 =( NAMED_UNIT ( * ) SI_UNIT ( $, .STERADIAN. ) SOLID_ANGLE_UNIT ( ) );
#2947 = VERTEX_POINT ( 'NONE', #1972 ) ;
#2948 = ORIENTED_EDGE ( 'NONE', *, *, #4061, .F. ) ;
#2949 = VECTOR ( 'NONE', #1583, 1000.000000000000000 ) ;
#2950 = CARTESIAN_POINT ( 'NONE',  ( -12442.82243898500201, 696.5740269077365383, -766.7208309781527760 ) ) ;
#2951 = AXIS2_PLACEMENT_3D ( 'NONE', #1385, #2716, #3791 ) ;
#2952 = DIRECTION ( 'NONE',  ( 0.000000000000000000, 0.000000000000000000, 1.000000000000000000 ) ) ;
#2953 = VECTOR ( 'NONE', #720, 1000.000000000000000 ) ;
#2954 = CARTESIAN_POINT ( 'NONE',  ( -14388.56810139493609, 877.4999988432243754, -589.9999999999965894 ) ) ;
#2955 = EDGE_CURVE ( 'NONE', #3661, #1748, #1470, .T. ) ;
#2956 = LINE ( 'NONE', #2310, #519 ) ;
#2957 = AXIS2_PLACEMENT_3D ( 'NONE', #3568, #2599, #1575 ) ;
#2958 = VECTOR ( 'NONE', #3581, 1000.000000000000000 ) ;
#2959 = DIRECTION ( 'NONE',  ( -1.000000000000000000, -2.220446049250313081E-16, 0.000000000000000000 ) ) ;
#2960 = ORIENTED_EDGE ( 'NONE', *, *, #3961, .F. ) ;
#2961 = VECTOR ( 'NONE', #2278, 1000.000000000000000 ) ;
#2962 = ORIENTED_EDGE ( 'NONE', *, *, #488, .T. ) ;
#2963 = LINE ( 'NONE', #3902, #3440 ) ;
#2964 = CARTESIAN_POINT ( 'NONE',  ( -4534.427461039359514, -989.9999999999994316, -751.1534819267461671 ) ) ;
#2965 = ORIENTED_EDGE ( 'NONE', *, *, #3646, .F. ) ;
#2966 = CARTESIAN_POINT ( 'NONE',  ( -12100.00000000000182, -679.9999999999977263, -909.9999999999982947 ) ) ;
#2967 = AXIS2_PLACEMENT_3D ( 'NONE', #4218, #1596, #2802 ) ;
#2968 = ORIENTED_EDGE ( 'NONE', *, *, #3323, .F. ) ;
#2969 = CARTESIAN_POINT ( 'NONE',  ( -13454.53873465198922, -697.6074941491500567, -574.9998243529007595 ) ) ;
#2970 = PRESENTATION_STYLE_ASSIGNMENT (( #3887 ) ) ;
#2971 = DIRECTION ( 'NONE',  ( -1.000000000000000000, -0.000000000000000000, -0.000000000000000000 ) ) ;
#2972 = SURFACE_STYLE_USAGE ( .BOTH. , #1244 ) ;
#2973 = ADVANCED_FACE ( 'NONE', ( #1695 ), #2035, .F. ) ;
#2974 = ADVANCED_FACE ( 'NONE', ( #631 ), #3035, .T. ) ;
#2975 = VERTEX_POINT ( 'NONE', #386 ) ;
#2976 =( BOUNDED_CURVE ( )  B_SPLINE_CURVE ( 3, ( #376, #4015, #1400, #1065 ),
 .UNSPECIFIED., .F., .F. ) 
 B_SPLINE_CURVE_WITH_KNOTS ( ( 4, 4 ),
 ( 5.437455678617205024, 5.451881468827075139 ),
 .UNSPECIFIED. ) 
 CURVE ( )  GEOMETRIC_REPRESENTATION_ITEM ( )  RATIONAL_B_SPLINE_CURVE ( ( 1.000000000000000000, 0.9999826581232540423, 0.9999826581232540423, 1.000000000000000000 ) ) 
 REPRESENTATION_ITEM ( '' )  );
#2977 = CARTESIAN_POINT ( 'NONE',  ( -380.0000000000000000, 875.0000000000000000, -1060.000000000000000 ) ) ;
#2978 = CARTESIAN_POINT ( 'NONE',  ( 0.000000000000000000, -875.0000000000000000, -1140.000000000000227 ) ) ;
#2979 = CARTESIAN_POINT ( 'NONE',  ( -11757.17756101499617, 696.5740269077374478, -766.7208309781528897 ) ) ;
#2980 = LINE ( 'NONE', #4250, #2949 ) ;
#2981 = ADVANCED_FACE ( 'NONE', ( #1031 ), #365, .T. ) ;
#2982 = DIRECTION ( 'NONE',  ( 0.000000000000000000, 1.000000000000000000, 5.551115123125784674E-16 ) ) ;
#2983 = DIRECTION ( 'NONE',  ( 0.000000000000000000, 3.301729611148416588E-16, -1.000000000000000000 ) ) ;
#2984 = ORIENTED_EDGE ( 'NONE', *, *, #719, .F. ) ;
#2985 = CARTESIAN_POINT ( 'NONE',  ( -5576.316527040901747, 989.9999999999984084, -6660.000000000000909 ) ) ;
#2986 = AXIS2_PLACEMENT_3D ( 'NONE', #2743, #710, #3726 ) ;
#2987 = DIRECTION ( 'NONE',  ( 1.000000000000000000, -0.000000000000000000, 0.000000000000000000 ) ) ;
#2988 = CARTESIAN_POINT ( 'NONE',  ( -12100.00000000000182, 814.9999999999974989, -909.9999999999982947 ) ) ;
#2989 = ORIENTED_EDGE ( 'NONE', *, *, #1454, .F. ) ;
#2990 = DIRECTION ( 'NONE',  ( 0.000000000000000000, 1.000000000000000000, 2.775557561563032853E-16 ) ) ;
#2991 = VECTOR ( 'NONE', #916, 1000.000000000000000 ) ;
#2992 = ORIENTED_EDGE ( 'NONE', *, *, #656, .F. ) ;
#2993 = VECTOR ( 'NONE', #3344, 1000.000000000000114 ) ;
#2994 = DIRECTION ( 'NONE',  ( 1.000000000000000000, 0.000000000000000000, -0.000000000000000000 ) ) ;
#2995 = EDGE_LOOP ( 'NONE', ( #3366, #3342, #2784, #1659, #3748 ) ) ;
#2996 = DIRECTION ( 'NONE',  ( 0.000000000000000000, -1.000000000000000000, -2.249385511977649118E-16 ) ) ;
#2997 = CARTESIAN_POINT ( 'NONE',  ( -14588.56810139493791, 176.9719203373657592, -350.9999999999987494 ) ) ;
#2998 = CARTESIAN_POINT ( 'NONE',  ( -11658.75177054179585, -732.4719190560189190, -589.9999999999970441 ) ) ;
#2999 = EDGE_CURVE ( 'NONE', #3450, #925, #1320, .T. ) ;
#3000 = DIRECTION ( 'NONE',  ( 0.000000000000000000, -0.9854601157443478865, -0.1699069165076472210 ) ) ;
#3001 = DIRECTION ( 'NONE',  ( 1.000000000000000000, 0.000000000000000000, 0.000000000000000000 ) ) ;
#3002 = DIRECTION ( 'NONE',  ( -0.000000000000000000, -1.224646799147353207E-16, 1.000000000000000000 ) ) ;
#3003 = VERTEX_POINT ( 'NONE', #292 ) ;
#3004 = DIRECTION ( 'NONE',  ( 0.000000000000000000, -2.413528314402514090E-16, 1.000000000000000000 ) ) ;
#3005 = CARTESIAN_POINT ( 'NONE',  ( -16150.00000000000182, -899.9999999999998863, -910.0000000000001137 ) ) ;
#3006 = VERTEX_POINT ( 'NONE', #3652 ) ;
#3007 = CARTESIAN_POINT ( 'NONE',  ( -15744.66811761634744, -732.4719190560189190, -589.9999999999970441 ) ) ;
#3008 = EDGE_CURVE ( 'NONE', #4159, #479, #4085, .T. ) ;
#3009 = ORIENTED_EDGE ( 'NONE', *, *, #2999, .T. ) ;
#3010 = CARTESIAN_POINT ( 'NONE',  ( -18500.00000000000000, 989.9999999999984084, -960.0000000000002274 ) ) ;
#3011 = CYLINDRICAL_SURFACE ( 'NONE', #34, 5999.999999999999091 ) ;
#3012 = PRESENTATION_LAYER_ASSIGNMENT (  '', '', ( #3541 ) ) ;
#3013 = DIRECTION ( 'NONE',  ( 1.000000000000000000, 0.000000000000000000, -0.000000000000000000 ) ) ;
#3014 = VECTOR ( 'NONE', #1207, 1000.000000000000114 ) ;
#3015 = ORIENTED_EDGE ( 'NONE', *, *, #2352, .F. ) ;
#3016 = VERTEX_POINT ( 'NONE', #1995 ) ;
#3017 = LINE ( 'NONE', #4288, #2845 ) ;
#3018 = EDGE_CURVE ( 'NONE', #2681, #1111, #3979, .T. ) ;
#3019 = CARTESIAN_POINT ( 'NONE',  ( -18120.00000000000000, 875.0000000000000000, -1060.000000000000000 ) ) ;
#3020 = DIRECTION ( 'NONE',  ( -1.000000000000000000, 0.000000000000000000, 0.000000000000000000 ) ) ;
#3021 = DIRECTION ( 'NONE',  ( 1.000000000000000000, 2.400482215405744004E-16, 0.000000000000000000 ) ) ;
#3022 = VERTEX_POINT ( 'NONE', #1370 ) ;
#3023 = ORIENTED_EDGE ( 'NONE', *, *, #3854, .T. ) ;
#3024 = ORIENTED_EDGE ( 'NONE', *, *, #622, .T. ) ;
#3025 = CARTESIAN_POINT ( 'NONE',  ( -18500.00000000000000, -1190.000000000002728, -960.0000000000002274 ) ) ;
#3026 = VECTOR ( 'NONE', #1410, 1000.000000000000000 ) ;
#3027 = VECTOR ( 'NONE', #2764, 1000.000000000000000 ) ;
#3028 = CARTESIAN_POINT ( 'NONE',  ( -13499.99999999999818, 1077.499998843224375, -589.9999999999964757 ) ) ;
#3029 = ORIENTED_EDGE ( 'NONE', *, *, #777, .F. ) ;
#3030 = LINE ( 'NONE', #750, #3099 ) ;
#3031 = FACE_OUTER_BOUND ( 'NONE', #2376, .T. ) ;
#3032 = CARTESIAN_POINT ( 'NONE',  ( -15744.66811761634744, 729.4021522441533989, -769.9999999999959073 ) ) ;
#3033 = EDGE_CURVE ( 'NONE', #1314, #2576, #3445, .T. ) ;
#3034 = ORIENTED_EDGE ( 'NONE', *, *, #2462, .T. ) ;
#3035 = CYLINDRICAL_SURFACE ( 'NONE', #2650, 460.0000000000000568 ) ;
#3036 = AXIS2_PLACEMENT_3D ( 'NONE', #2657, #680, #1997 ) ;
#3037 = CARTESIAN_POINT ( 'NONE',  ( -12543.45001286962361, -715.1018965907420579, -582.5266689850967623 ) ) ;
#3038 = EDGE_CURVE ( 'NONE', #743, #642, #4044, .T. ) ;
#3039 = FACE_OUTER_BOUND ( 'NONE', #4066, .T. ) ;
#3040 = CARTESIAN_POINT ( 'NONE',  ( -265.1845289799109651, 1189.999999999998408, -1503.936198047713560 ) ) ;
#3041 = VERTEX_POINT ( 'NONE', #3111 ) ;
#3042 = VECTOR ( 'NONE', #663, 1000.000000000000000 ) ;
#3043 = ORIENTED_EDGE ( 'NONE', *, *, #759, .T. ) ;
#3044 = ORIENTED_EDGE ( 'NONE', *, *, #1569, .T. ) ;
#3045 = DIRECTION ( 'NONE',  ( 0.000000000000000000, -2.413528314402513597E-16, 1.000000000000000000 ) ) ;
#3046 = PLANE ( 'NONE',  #1525 ) ;
#3047 = ORIENTED_EDGE ( 'NONE', *, *, #2470, .F. ) ;
#3048 = LINE ( 'NONE', #3948, #326 ) ;
#3049 = CARTESIAN_POINT ( 'NONE',  ( -13899.99999999999818, -1054.999999999997726, -459.9999999999984084 ) ) ;
#3050 = ORIENTED_EDGE ( 'NONE', *, *, #2824, .T. ) ;
#3051 = DIRECTION ( 'NONE',  ( 3.912072321290969353E-16, 2.775557561563032853E-16, -1.000000000000000000 ) ) ;
#3052 = VECTOR ( 'NONE', #1639, 1000.000000000000000 ) ;
#3053 = DIRECTION ( 'NONE',  ( 0.000000000000000000, 3.301729611148416588E-16, -1.000000000000000000 ) ) ;
#3054 = VECTOR ( 'NONE', #1194, 1000.000000000000000 ) ;
#3055 = ORIENTED_EDGE ( 'NONE', *, *, #1916, .F. ) ;
#3056 = ORIENTED_EDGE ( 'NONE', *, *, #12, .F. ) ;
#3057 = DIRECTION ( 'NONE',  ( -1.000000000000000000, -0.000000000000000000, 0.000000000000000000 ) ) ;
#3058 = LINE ( 'NONE', #4088, #954 ) ;
#3059 = ORIENTED_EDGE ( 'NONE', *, *, #4023, .F. ) ;
#3060 = ADVANCED_FACE ( 'NONE', ( #445 ), #4024, .T. ) ;
#3061 = ADVANCED_FACE ( 'NONE', ( #3692 ), #1773, .F. ) ;
#3062 = EDGE_CURVE ( 'NONE', #799, #80, #438, .T. ) ;
#3063 = VERTEX_POINT ( 'NONE', #4067 ) ;
#3064 = DIRECTION ( 'NONE',  ( 0.000000000000000000, 0.000000000000000000, 1.000000000000000000 ) ) ;
#3065 = DIRECTION ( 'NONE',  ( 0.000000000000000000, -1.000000000000000000, -0.000000000000000000 ) ) ;
#3066 = ORIENTED_EDGE ( 'NONE', *, *, #3391, .T. ) ;
#3067 = CARTESIAN_POINT ( 'NONE',  ( -18500.00000000000000, -1190.000000000002728, -960.0000000000002274 ) ) ;
#3068 = VERTEX_POINT ( 'NONE', #760 ) ;
#3069 = CYLINDRICAL_SURFACE ( 'NONE', #4260, 199.9999999999999432 ) ;
#3070 = CARTESIAN_POINT ( 'NONE',  ( -16150.00000000000182, -800.0000000000000000, -910.0000000000001137 ) ) ;
#3071 = EDGE_LOOP ( 'NONE', ( #3219, #3859, #1902, #1142 ) ) ;
#3072 = EDGE_CURVE ( 'NONE', #2729, #3412, #468, .T. ) ;
#3073 = ORIENTED_EDGE ( 'NONE', *, *, #777, .T. ) ;
#3074 = DIRECTION ( 'NONE',  ( 0.000000000000000000, -1.000000000000000000, -2.775557561563032853E-16 ) ) ;
#3075 = CIRCLE ( 'NONE', #435, 6000.000000000000000 ) ;
#3076 = DIRECTION ( 'NONE',  ( 0.000000000000000000, -2.249385511977649118E-16, 1.000000000000000000 ) ) ;
#3077 = FACE_OUTER_BOUND ( 'NONE', #401, .T. ) ;
#3078 = VERTEX_POINT ( 'NONE', #126 ) ;
#3079 = ADVANCED_FACE ( 'NONE', ( #406 ), #1816, .F. ) ;
#3080 = AXIS2_PLACEMENT_3D ( 'NONE', #4101, #2107, #3770 ) ;
#3081 = CARTESIAN_POINT ( 'NONE',  ( -16550.00000000000000, -899.9999999999998863, -910.0000000000001137 ) ) ;
#3082 = VERTEX_POINT ( 'NONE', #2140 ) ;
#3083 = FACE_OUTER_BOUND ( 'NONE', #4166, .T. ) ;
#3084 = ADVANCED_FACE ( 'NONE', ( #3137 ), #2472, .F. ) ;
#3085 = VERTEX_POINT ( 'NONE', #2416 ) ;
#3086 = CARTESIAN_POINT ( 'NONE',  ( -14633.04291515397927, 1189.999999999998408, -868.8465180732556519 ) ) ;
#3087 = VECTOR ( 'NONE', #3306, 1000.000000000000000 ) ;
#3088 = ORIENTED_EDGE ( 'NONE', *, *, #2553, .F. ) ;
#3089 = FACE_OUTER_BOUND ( 'NONE', #686, .T. ) ;
#3090 = AXIS2_PLACEMENT_3D ( 'NONE', #3688, #1048, #3051 ) ;
#3091 = DIRECTION ( 'NONE',  ( 0.000000000000000000, -1.000000000000000000, -3.301729611148416588E-16 ) ) ;
#3092 = ORIENTED_EDGE ( 'NONE', *, *, #3118, .F. ) ;
#3093 = ORIENTED_EDGE ( 'NONE', *, *, #1719, .T. ) ;
#3094 = VECTOR ( 'NONE', #2386, 1000.000000000000000 ) ;
#3095 = DIRECTION ( 'NONE',  ( 0.000000000000000000, 0.000000000000000000, 1.000000000000000000 ) ) ;
#3096 = DIRECTION ( 'NONE',  ( 1.000000000000000000, 0.000000000000000000, 0.000000000000000000 ) ) ;
#3097 = LINE ( 'NONE', #1701, #2882 ) ;
#3098 = VERTEX_POINT ( 'NONE', #1739 ) ;
#3099 = VECTOR ( 'NONE', #1085, 1000.000000000000000 ) ;
#3100 = ORIENTED_EDGE ( 'NONE', *, *, #1649, .F. ) ;
#3101 = ORIENTED_EDGE ( 'NONE', *, *, #622, .F. ) ;
#3102 = DIRECTION ( 'NONE',  ( -1.000000000000000000, -2.400482215405744004E-16, 1.189916929857710326E-16 ) ) ;
#3103 = ORIENTED_EDGE ( 'NONE', *, *, #2324, .F. ) ;
#3104 = DIRECTION ( 'NONE',  ( -7.824144642581933777E-16, -2.775557561563032853E-16, 1.000000000000000000 ) ) ;
#3105 = EDGE_CURVE ( 'NONE', #596, #1549, #2450, .T. ) ;
#3106 = EDGE_CURVE ( 'NONE', #3801, #136, #1876, .T. ) ;
#3107 = DIRECTION ( 'NONE',  ( 1.000000000000000000, 0.000000000000000000, -0.000000000000000000 ) ) ;
#3108 = ORIENTED_EDGE ( 'NONE', *, *, #4090, .F. ) ;
#3109 = ORIENTED_EDGE ( 'NONE', *, *, #3120, .F. ) ;
#3110 = DIRECTION ( 'NONE',  ( -0.000000000000000000, 0.000000000000000000, 1.000000000000000000 ) ) ;
#3111 = CARTESIAN_POINT ( 'NONE',  ( -11755.71061244390148, 679.9999999999977263, -765.0652677973101845 ) ) ;
#3112 = DIRECTION ( 'NONE',  ( 0.000000000000000000, 0.000000000000000000, -1.000000000000000000 ) ) ;
#3113 = VECTOR ( 'NONE', #4244, 1000.000000000000000 ) ;
#3114 = ORIENTED_EDGE ( 'NONE', *, *, #4144, .F. ) ;
#3115 = ORIENTED_EDGE ( 'NONE', *, *, #1001, .F. ) ;
#3116 = DIRECTION ( 'NONE',  ( -0.000000000000000000, -1.000000000000000000, -0.000000000000000000 ) ) ;
#3117 = ADVANCED_FACE ( 'NONE', ( #1793 ), #3777, .F. ) ;
#3118 = EDGE_CURVE ( 'NONE', #1892, #28, #553, .T. ) ;
#3119 = VERTEX_POINT ( 'NONE', #888 ) ;
#3120 = EDGE_CURVE ( 'NONE', #1493, #87, #2222, .T. ) ;
#3121 = DIRECTION ( 'NONE',  ( 0.000000000000000000, 1.000000000000000000, 2.775557561563032853E-16 ) ) ;
#3122 = VERTEX_POINT ( 'NONE', #2516 ) ;
#3123 = LINE ( 'NONE', #4097, #3435 ) ;
#3124 = DIRECTION ( 'NONE',  ( -0.9848077530122092416, 0.000000000000000000, -0.1736481776669235033 ) ) ;
#3125 = ORIENTED_EDGE ( 'NONE', *, *, #2155, .F. ) ;
#3126 = VECTOR ( 'NONE', #1040, 1000.000000000000114 ) ;
#3127 = LINE ( 'NONE', #1485, #425 ) ;
#3128 = DIRECTION ( 'NONE',  ( 1.000000000000000000, 0.000000000000000000, 0.000000000000000000 ) ) ;
#3129 = CARTESIAN_POINT ( 'NONE',  ( -12439.85290935933153, -814.9999999999972715, -769.9999999999964757 ) ) ;
#3130 = AXIS2_PLACEMENT_3D ( 'NONE', #3608, #650, #2597 ) ;
#3131 = VERTEX_POINT ( 'NONE', #197 ) ;
#3132 = EDGE_CURVE ( 'NONE', #3763, #2867, #2779, .T. ) ;
#3133 = VERTEX_POINT ( 'NONE', #3484 ) ;
#3134 = DIRECTION ( 'NONE',  ( -1.000000000000000000, 0.000000000000000000, 1.223127061027714532E-16 ) ) ;
#3135 = PRODUCT_DEFINITION_CONTEXT ( 'detailed design', #1521, 'design' ) ;
#3136 = DIRECTION ( 'NONE',  ( 0.000000000000000000, -4.827056628805028179E-16, 1.000000000000000000 ) ) ;
#3137 = FACE_OUTER_BOUND ( 'NONE', #1524, .T. ) ;
#3138 = LINE ( 'NONE', #4070, #2886 ) ;
#3139 = ORIENTED_EDGE ( 'NONE', *, *, #1879, .T. ) ;
#3140 = CIRCLE ( 'NONE', #2173, 79.99999999999995737 ) ;
#3141 = CARTESIAN_POINT ( 'NONE',  ( -12320.00000000000000, -814.9999999999974989, -517.7941176470593518 ) ) ;
#3142 = DIRECTION ( 'NONE',  ( -3.912072321290969847E-16, -2.775557561563032853E-16, 1.000000000000000000 ) ) ;
#3143 = CARTESIAN_POINT ( 'NONE',  ( -12543.45001286962361, 715.1018965907419442, -582.5266689850964212 ) ) ;
#3144 = VERTEX_POINT ( 'NONE', #514 ) ;
#3145 = LINE ( 'NONE', #2175, #1772 ) ;
#3146 = VECTOR ( 'NONE', #2183, 1000.000000000000000 ) ;
#3147 = ORIENTED_EDGE ( 'NONE', *, *, #1309, .T. ) ;
#3148 = VECTOR ( 'NONE', #2202, 1000.000000000000114 ) ;
#3149 = CARTESIAN_POINT ( 'NONE',  ( -18500.00000000000000, -875.0000000000000000, -980.0000000000001137 ) ) ;
#3150 =( LENGTH_UNIT ( ) NAMED_UNIT ( * ) SI_UNIT ( .MILLI., .METRE. ) );
#3151 = CARTESIAN_POINT ( 'NONE',  ( -10255.33188238365256, 4.163336342343552110E-15, -725.0000000000051159 ) ) ;
#3152 = AXIS2_PLACEMENT_3D ( 'NONE', #834, #2460, #1483 ) ;
#3153 = ORIENTED_EDGE ( 'NONE', *, *, #757, .T. ) ;
#3154 = ORIENTED_EDGE ( 'NONE', *, *, #3525, .T. ) ;
#3155 = CARTESIAN_POINT ( 'NONE',  ( -16550.00000000000000, -800.0000000000000000, -910.0000000000001137 ) ) ;
#3156 = FACE_OUTER_BOUND ( 'NONE', #1260, .T. ) ;
#3157 = AXIS2_PLACEMENT_3D ( 'NONE', #1894, #2568, #1591 ) ;
#3158 = CIRCLE ( 'NONE', #37, 277.7941176470602045 ) ;
#3159 = ORIENTED_EDGE ( 'NONE', *, *, #3335, .F. ) ;
#3160 = ORIENTED_EDGE ( 'NONE', *, *, #2566, .T. ) ;
#3161 = DIRECTION ( 'NONE',  ( 1.000000000000000000, 0.000000000000000000, -1.189916929857710326E-16 ) ) ;
#3162 = EDGE_CURVE ( 'NONE', #2407, #2733, #173, .T. ) ;
#3163 = DIRECTION ( 'NONE',  ( 0.000000000000000000, -1.000000000000000000, 0.000000000000000000 ) ) ;
#3164 = EDGE_CURVE ( 'NONE', #2468, #2872, #3503, .T. ) ;
#3165 = CIRCLE ( 'NONE', #2967, 277.7941176470602045 ) ;
#3166 = DIRECTION ( 'NONE',  ( -0.000000000000000000, 0.000000000000000000, 1.000000000000000000 ) ) ;
#3167 = CARTESIAN_POINT ( 'NONE',  ( -11411.43189860506209, 278.9021535255452022, -725.0000000000052296 ) ) ;
#3168 = ORIENTED_EDGE ( 'NONE', *, *, #1891, .T. ) ;
#3169 = ORIENTED_EDGE ( 'NONE', *, *, #2421, .F. ) ;
#3170 = APPLICATION_PROTOCOL_DEFINITION ( 'draft international standard', 'automotive_design', 1998, #1521 ) ;
#3171 = DIRECTION ( 'NONE',  ( -1.224646799147353207E-16, 1.000000000000000000, -0.000000000000000000 ) ) ;
#3172 = AXIS2_PLACEMENT_3D ( 'NONE', #2685, #3640, #3353 ) ;
#3173 = ORIENTED_EDGE ( 'NONE', *, *, #4069, .T. ) ;
#3174 = LINE ( 'NONE', #192, #1849 ) ;
#3175 = DIRECTION ( 'NONE',  ( 0.000000000000000000, 1.000000000000000000, 2.775557561563032853E-16 ) ) ;
#3176 = LINE ( 'NONE', #1534, #3984 ) ;
#3177 = FILL_AREA_STYLE_COLOUR ( '', #3362 ) ;
#3178 = DIRECTION ( 'NONE',  ( -1.000000000000000000, 0.000000000000000000, 0.000000000000000000 ) ) ;
#3179 = EDGE_CURVE ( 'NONE', #3780, #717, #4155, .T. ) ;
#3180 = CARTESIAN_POINT ( 'NONE',  ( -11411.43189860506209, 729.4021522441533989, -769.9999999999959073 ) ) ;
#3181 = ORIENTED_EDGE ( 'NONE', *, *, #1905, .T. ) ;
#3182 = ORIENTED_EDGE ( 'NONE', *, *, #452, .F. ) ;
#3183 = DIRECTION ( 'NONE',  ( 0.000000000000000000, 1.000000000000000000, 2.249385511977649118E-16 ) ) ;
#3184 = PLANE ( 'NONE',  #4012 ) ;
#3185 = AXIS2_PLACEMENT_3D ( 'NONE', #3334, #3663, #4032 ) ;
#3186 = DIRECTION ( 'NONE',  ( 0.000000000000000000, 1.000000000000000000, 2.249385511977649118E-16 ) ) ;
#3187 = ADVANCED_FACE ( 'NONE', ( #3156 ), #1189, .F. ) ;
#3188 = VECTOR ( 'NONE', #795, 1000.000000000000000 ) ;
#3189 = PRODUCT_DEFINITION_SHAPE ( 'NONE', 'NONE',  #1674 ) ;
#3190 = CARTESIAN_POINT ( 'NONE',  ( -13458.75177054179403, -1054.999999999997499, -589.9999999999971578 ) ) ;
#3191 = FACE_OUTER_BOUND ( 'NONE', #3727, .T. ) ;
#3192 = FACE_OUTER_BOUND ( 'NONE', #2739, .T. ) ;
#3193 = ORIENTED_EDGE ( 'NONE', *, *, #3285, .F. ) ;
#3194 = ORIENTED_EDGE ( 'NONE', *, *, #1472, .F. ) ;
#3195 = CARTESIAN_POINT ( 'NONE',  ( -3350.000000000001364, 0.000000000000000000, -1.110223024625156540E-13 ) ) ;
#3196 = PLANE ( 'NONE',  #1555 ) ;
#3197 = ORIENTED_EDGE ( 'NONE', *, *, #1117, .T. ) ;
#3198 = VECTOR ( 'NONE', #1303, 1000.000000000000000 ) ;
#3199 = CARTESIAN_POINT ( 'NONE',  ( -13965.57253896063776, 1189.999999999998408, -751.1534819267453713 ) ) ;
#3200 = LINE ( 'NONE', #1836, #2325 ) ;
#3201 = EDGE_CURVE ( 'NONE', #3679, #229, #867, .T. ) ;
#3202 = ADVANCED_FACE ( 'NONE', ( #3843 ), #2207, .T. ) ;
#3203 = ORIENTED_EDGE ( 'NONE', *, *, #1611, .T. ) ;
#3204 = ORIENTED_EDGE ( 'NONE', *, *, #2566, .F. ) ;
#3205 = CARTESIAN_POINT ( 'NONE',  ( 0.000000000000000000, 875.0000000000000000, -1140.000000000000227 ) ) ;
#3206 = DIRECTION ( 'NONE',  ( 0.000000000000000000, 1.000000000000000000, 3.301729611148416588E-16 ) ) ;
#3207 = CARTESIAN_POINT ( 'NONE',  ( -2349.999999999999545, 800.0000000000000000, -910.0000000000001137 ) ) ;
#3208 = CARTESIAN_POINT ( 'NONE',  ( -13899.99999999999818, -814.9999999999974989, -459.9999999999983515 ) ) ;
#3209 = ADVANCED_FACE ( 'NONE', ( #3225 ), #247, .F. ) ;
#3210 = VECTOR ( 'NONE', #4210, 1000.000000000000000 ) ;
#3211 = ORIENTED_EDGE ( 'NONE', *, *, #3882, .F. ) ;
#3212 = ORIENTED_EDGE ( 'NONE', *, *, #3914, .T. ) ;
#3213 = DIRECTION ( 'NONE',  ( 1.000000000000000000, 0.000000000000000000, 0.000000000000000000 ) ) ;
#3214 = AXIS2_PLACEMENT_3D ( 'NONE', #1620, #3911, #1992 ) ;
#3215 = ORIENTED_EDGE ( 'NONE', *, *, #2955, .T. ) ;
#3216 = AXIS2_PLACEMENT_3D ( 'NONE', #3364, #1715, #2429 ) ;
#3217 = CARTESIAN_POINT ( 'NONE',  ( -13899.99999999999818, -679.9999999999977263, -459.9999999999982947 ) ) ;
#3218 = UNCERTAINTY_MEASURE_WITH_UNIT (LENGTH_MEASURE( 1.000000000000000082E-05 ), #3150, 'distance_accuracy_value', 'NONE');
#3219 = ORIENTED_EDGE ( 'NONE', *, *, #3630, .T. ) ;
#3220 = CARTESIAN_POINT ( 'NONE',  ( -14588.56810139493791, -732.4719190560189190, -589.9999999999970441 ) ) ;
#3221 = VERTEX_POINT ( 'NONE', #2881 ) ;
#3222 = ORIENTED_EDGE ( 'NONE', *, *, #571, .F. ) ;
#3223 = AXIS2_PLACEMENT_3D ( 'NONE', #3576, #612, #2982 ) ;
#3224 = ADVANCED_FACE ( 'NONE', ( #1579 ), #3184, .F. ) ;
#3225 = FACE_OUTER_BOUND ( 'NONE', #36, .T. ) ;
#3226 = AXIS2_PLACEMENT_3D ( 'NONE', #2514, #1834, #2077 ) ;
#3227 = AXIS2_PLACEMENT_3D ( 'NONE', #2308, #2677, #2952 ) ;
#3228 = FACE_OUTER_BOUND ( 'NONE', #2443, .T. ) ;
#3229 = CIRCLE ( 'NONE', #3637, 79.99999999999995737 ) ;
#3230 = CARTESIAN_POINT ( 'NONE',  ( -10255.33188238365256, 1077.499998843224375, -589.9999999999964757 ) ) ;
#3231 = DIRECTION ( 'NONE',  ( 0.1736481776669235033, 0.000000000000000000, -0.9848077530122092416 ) ) ;
#3232 = CARTESIAN_POINT ( 'NONE',  ( -14343.45001286961815, 715.1018965907406937, -582.5266689850958528 ) ) ;
#3233 =( REPRESENTATION_RELATIONSHIP ('NONE','NONE', #3676, #1775 ) REPRESENTATION_RELATIONSHIP_WITH_TRANSFORMATION ( #4168 )SHAPE_REPRESENTATION_RELATIONSHIP( ) );
#3234 = PLANE ( 'NONE',  #4092 ) ;
#3235 = CARTESIAN_POINT ( 'NONE',  ( -14119.99999999999818, 1950.712458671872810, -517.7941176470586697 ) ) ;
#3236 = VERTEX_POINT ( 'NONE', #871 ) ;
#3237 = AXIS2_PLACEMENT_3D ( 'NONE', #4246, #3612, #2330 ) ;
#3238 = DIRECTION ( 'NONE',  ( 2.400482215405744004E-16, -1.000000000000000000, -0.000000000000000000 ) ) ;
#3239 = CARTESIAN_POINT ( 'NONE',  ( -19116.79486355016707, -875.0000000000000000, -1060.000000000000000 ) ) ;
#3240 = ORIENTED_EDGE ( 'NONE', *, *, #1740, .F. ) ;
#3241 = DIRECTION ( 'NONE',  ( 0.000000000000000000, -0.1402661271484180183, 0.9901138386947149206 ) ) ;
#3242 = PLANE ( 'NONE',  #678 ) ;
#3243 = EDGE_CURVE ( 'NONE', #2083, #58, #2557, .T. ) ;
#3244 = ORIENTED_EDGE ( 'NONE', *, *, #442, .T. ) ;
#3245 =( BOUNDED_CURVE ( )  B_SPLINE_CURVE ( 3, ( #3280, #994, #3232, #1912 ),
 .UNSPECIFIED., .F., .T. ) 
 B_SPLINE_CURVE_WITH_KNOTS ( ( 4, 4 ),
 ( 4.948096640255991829, 4.998901561966746954 ),
 .UNSPECIFIED. ) 
 CURVE ( )  GEOMETRIC_REPRESENTATION_ITEM ( )  RATIONAL_B_SPLINE_CURVE ( ( 1.000000000000000000, 0.9997849165603801547, 0.9997849165603801547, 1.000000000000000000 ) ) 
 REPRESENTATION_ITEM ( '' )  );
#3246 = EDGE_CURVE ( 'NONE', #2007, #3396, #2926, .T. ) ;
#3247 = LINE ( 'NONE', #1292, #538 ) ;
#3248 = LINE ( 'NONE', #2206, #2456 ) ;
#3249 = SURFACE_STYLE_FILL_AREA ( #3912 ) ;
#3250 = ORIENTED_EDGE ( 'NONE', *, *, #4193, .F. ) ;
#3251 = ORIENTED_EDGE ( 'NONE', *, *, #3847, .F. ) ;
#3252 = DIRECTION ( 'NONE',  ( -1.224646799147353207E-16, 1.000000000000000000, -0.000000000000000000 ) ) ;
#3253 = EDGE_CURVE ( 'NONE', #4122, #3098, #1802, .T. ) ;
#3254 = FACE_OUTER_BOUND ( 'NONE', #2915, .T. ) ;
#3255 = CARTESIAN_POINT ( 'NONE',  ( -14241.34358727334438, 713.0416965694206510, -768.3657702387152995 ) ) ;
#3256 = CARTESIAN_POINT ( 'NONE',  ( -11658.75177054179585, 814.9999999999972715, -589.9999999999965894 ) ) ;
#3257 = DIRECTION ( 'NONE',  ( 0.000000000000000000, 1.000000000000000000, 3.301729611148416588E-16 ) ) ;
#3258 = ADVANCED_FACE ( 'NONE', ( #3254 ), #3545, .F. ) ;
#3259 = FACE_OUTER_BOUND ( 'NONE', #4031, .T. ) ;
#3260 = EDGE_CURVE ( 'NONE', #2087, #1788, #518, .T. ) ;
#3261 = DIRECTION ( 'NONE',  ( -0.000000000000000000, 1.000000000000000000, -0.000000000000000000 ) ) ;
#3262 = DIRECTION ( 'NONE',  ( 0.000000000000000000, -1.000000000000000000, -2.775557561563032853E-16 ) ) ;
#3263 = ADVANCED_FACE ( 'NONE', ( #3892 ), #1844, .T. ) ;
#3264 = ORIENTED_EDGE ( 'NONE', *, *, #2090, .F. ) ;
#3265 = PLANE ( 'NONE',  #880 ) ;
#3266 = LINE ( 'NONE', #1966, #3464 ) ;
#3267 = ORIENTED_EDGE ( 'NONE', *, *, #3105, .T. ) ;
#3268 = CARTESIAN_POINT ( 'NONE',  ( -16150.00000000000182, -200.0000000000000000, -825.0000000000001137 ) ) ;
#3269 = ORIENTED_EDGE ( 'NONE', *, *, #3689, .F. ) ;
#3270 = CARTESIAN_POINT ( 'NONE',  ( -16150.00000000000182, 800.0000000000000000, -910.0000000000001137 ) ) ;
#3271 = FACE_OUTER_BOUND ( 'NONE', #1963, .T. ) ;
#3272 = EDGE_CURVE ( 'NONE', #2867, #1770, #576, .T. ) ;
#3273 = ORIENTED_EDGE ( 'NONE', *, *, #1143, .F. ) ;
#3274 = DIRECTION ( 'NONE',  ( 0.000000000000000000, -1.000000000000000000, -2.775557561563032853E-16 ) ) ;
#3275 = AXIS2_PLACEMENT_3D ( 'NONE', #437, #4060, #752 ) ;
#3276 = CARTESIAN_POINT ( 'NONE',  ( 0.000000000000000000, 875.0000000000000000, -980.0000000000001137 ) ) ;
#3277 = PRODUCT_DEFINITION_FORMATION_WITH_SPECIFIED_SOURCE ( 'TUTTO', '', #736, .NOT_KNOWN. ) ;
#3278 = CARTESIAN_POINT ( 'NONE',  ( -14299.99999999999818, -814.9999999999974989, -589.9999999999970441 ) ) ;
#3279 = LINE ( 'NONE', #4227, #23 ) ;
#3280 = CARTESIAN_POINT ( 'NONE',  ( -14347.28068913207608, 679.9999999999977263, -567.4243228023077563 ) ) ;
#3281 = LINE ( 'NONE', #995, #1754 ) ;
#3282 = EDGE_LOOP ( 'NONE', ( #2707, #3352, #2148, #383, #2601, #1791, #3212, #3494, #3491, #4132, #1116, #2775 ) ) ;
#3283 = EDGE_CURVE ( 'NONE', #509, #3144, #2166, .T. ) ;
#3284 = DIRECTION ( 'NONE',  ( 1.000000000000000000, 0.000000000000000000, -0.000000000000000000 ) ) ;
#3285 = EDGE_CURVE ( 'NONE', #2488, #3016, #3571, .T. ) ;
#3286 = AXIS2_PLACEMENT_3D ( 'NONE', #1604, #2932, #2609 ) ;
#3287 = DIRECTION ( 'NONE',  ( 0.000000000000000000, -1.000000000000000000, 0.000000000000000000 ) ) ;
#3288 = ORIENTED_EDGE ( 'NONE', *, *, #3827, .T. ) ;
#3289 = DIRECTION ( 'NONE',  ( 0.000000000000000000, -1.000000000000000000, -2.775557561563032853E-16 ) ) ;
#3290 = ORIENTED_EDGE ( 'NONE', *, *, #4273, .T. ) ;
#3291 = CARTESIAN_POINT ( 'NONE',  ( 0.000000000000000000, -875.0000000000000000, -980.0000000000001137 ) ) ;
#3292 = FILL_AREA_STYLE_COLOUR ( '', #3896 ) ;
#3293 = PRESENTATION_STYLE_ASSIGNMENT (( #2972 ) ) ;
#3294 = EDGE_LOOP ( 'NONE', ( #2164, #1446, #544, #565 ) ) ;
#3295 = EDGE_CURVE ( 'NONE', #1456, #176, #1742, .T. ) ;
#3296 = CARTESIAN_POINT ( 'NONE',  ( -14119.99999999999818, -1950.712458671873037, -239.9999999999987779 ) ) ;
#3297 = APPLICATION_CONTEXT ( 'automotive_design' ) ;
#3298 = LINE ( 'NONE', #3653, #1780 ) ;
#3299 = VECTOR ( 'NONE', #2586, 1000.000000000000000 ) ;
#3300 = CARTESIAN_POINT ( 'NONE',  ( -10255.33188238365256, -814.9999999999974989, -589.9999999999970441 ) ) ;
#3301 = CARTESIAN_POINT ( 'NONE',  ( -11411.43189860506209, -278.9021535255452022, -725.0000000000053433 ) ) ;
#3302 = VECTOR ( 'NONE', #4058, 1000.000000000000000 ) ;
#3303 = CARTESIAN_POINT ( 'NONE',  ( 0.000000000000000000, 875.0000000000000000, -1060.000000000000000 ) ) ;
#3304 = AXIS2_PLACEMENT_3D ( 'NONE', #3019, #1010, #1955 ) ;
#3305 = CARTESIAN_POINT ( 'NONE',  ( -13499.99999999999818, -1077.499998843224603, -306.2059048389990039 ) ) ;
#3306 = DIRECTION ( 'NONE',  ( 7.824144642581933777E-16, 2.775557561563032853E-16, -1.000000000000000000 ) ) ;
#3307 = AXIS2_PLACEMENT_3D ( 'NONE', #669, #2667, #1024 ) ;
#3308 = DIRECTION ( 'NONE',  ( 0.000000000000000000, -2.249385511977649118E-16, 1.000000000000000000 ) ) ;
#3309 = DIRECTION ( 'NONE',  ( 1.000000000000000000, 0.000000000000000000, 0.000000000000000000 ) ) ;
#3310 = DIRECTION ( 'NONE',  ( 0.000000000000000000, -2.413528314402514090E-16, 1.000000000000000000 ) ) ;
#3311 = ORIENTED_EDGE ( 'NONE', *, *, #2765, .F. ) ;
#3312 = FACE_OUTER_BOUND ( 'NONE', #1235, .T. ) ;
#3313 = CARTESIAN_POINT ( 'NONE',  ( -14119.99999999999818, -814.9999999999974989, -239.9999999999984368 ) ) ;
#3314 = ORIENTED_EDGE ( 'NONE', *, *, #2480, .F. ) ;
#3315 = PLANE ( 'NONE',  #1377 ) ;
#3316 = VECTOR ( 'NONE', #2873, 1000.000000000000000 ) ;
#3317 = VECTOR ( 'NONE', #3020, 1000.000000000000000 ) ;
#3318 = VERTEX_POINT ( 'NONE', #179 ) ;
#3319 = CARTESIAN_POINT ( 'NONE',  ( -14244.28938755609852, -679.9999999999977263, -765.0652677973105256 ) ) ;
#3320 = CARTESIAN_POINT ( 'NONE',  ( -11411.43189860506209, 732.4719190560189190, -589.9999999999965894 ) ) ;
#3321 = CYLINDRICAL_SURFACE ( 'NONE', #878, 199.9999999999999432 ) ;
#3322 = ORIENTED_EDGE ( 'NONE', *, *, #2884, .T. ) ;
#3323 = EDGE_CURVE ( 'NONE', #1061, #1079, #2260, .T. ) ;
#3324 = DIRECTION ( 'NONE',  ( 0.000000000000000000, -1.000000000000000000, -2.249385511977649118E-16 ) ) ;
#3325 = CARTESIAN_POINT ( 'NONE',  ( -14341.24822945820415, -1054.999999999997499, -589.9999999999971578 ) ) ;
#3326 = LINE ( 'NONE', #2678, #1226 ) ;
#3327 = CARTESIAN_POINT ( 'NONE',  ( -4534.427461039360423, 989.9999999999984084, -751.1534819267460534 ) ) ;
#3328 = ADVANCED_FACE ( 'NONE', ( #3508 ), #4180, .T. ) ;
#3329 = CARTESIAN_POINT ( 'NONE',  ( -13899.99999999999818, -814.9999999999972715, -909.9999999999987494 ) ) ;
#3330 = CARTESIAN_POINT ( 'NONE',  ( -11700.00000000000182, 1950.712458671872810, -589.9999999999963620 ) ) ;
#3331 = EDGE_LOOP ( 'NONE', ( #1442, #812, #1022, #1779, #1399, #920, #515, #2413, #2989, #2807, #1131, #4010, #2053, #3267, #2569, #1029 ) ) ;
#3332 = DIRECTION ( 'NONE',  ( 1.000000000000000000, 0.000000000000000000, 0.000000000000000000 ) ) ;
#3333 = AXIS2_PLACEMENT_3D ( 'NONE', #3582, #2939, #4234 ) ;
#3334 = CARTESIAN_POINT ( 'NONE',  ( -10255.33188238365256, -1077.499998843224375, -589.9999999999971578 ) ) ;
#3335 = EDGE_CURVE ( 'NONE', #2822, #336, #1129, .T. ) ;
#3336 = CARTESIAN_POINT ( 'NONE',  ( -10255.33188238365256, 176.9719203373657592, -350.9999999999987494 ) ) ;
#3337 = CARTESIAN_POINT ( 'NONE',  ( 0.000000000000000000, -875.0000000000000000, -1060.000000000000000 ) ) ;
#3338 = AXIS2_PLACEMENT_3D ( 'NONE', #1009, #2654, #2327 ) ;
#3339 = DIRECTION ( 'NONE',  ( 0.000000000000000000, -1.000000000000000000, -2.775557561563032853E-16 ) ) ;
#3340 = FACE_OUTER_BOUND ( 'NONE', #3971, .T. ) ;
#3341 = FACE_OUTER_BOUND ( 'NONE', #3823, .T. ) ;
#3342 = ORIENTED_EDGE ( 'NONE', *, *, #2312, .T. ) ;
#3343 = EDGE_CURVE ( 'NONE', #1305, #3394, #2058, .T. ) ;
#3344 = DIRECTION ( 'NONE',  ( -0.000000000000000000, -0.9185881544472648264, 0.3952161465694030151 ) ) ;
#3345 = EDGE_CURVE ( 'NONE', #1268, #3318, #1942, .T. ) ;
#3346 = CARTESIAN_POINT ( 'NONE',  ( -12320.00000000000000, 1950.712458671872810, -517.7941176470586697 ) ) ;
#3347 = FACE_OUTER_BOUND ( 'NONE', #2414, .T. ) ;
#3348 = EDGE_LOOP ( 'NONE', ( #108, #207, #2942, #3877 ) ) ;
#3349 = AXIS2_PLACEMENT_3D ( 'NONE', #354, #1680, #3004 ) ;
#3350 = DIRECTION ( 'NONE',  ( 0.000000000000000000, -2.413528314402513597E-16, 1.000000000000000000 ) ) ;
#3351 = ORIENTED_EDGE ( 'NONE', *, *, #3949, .F. ) ;
#3352 = ORIENTED_EDGE ( 'NONE', *, *, #806, .F. ) ;
#3353 = DIRECTION ( 'NONE',  ( 0.000000000000000000, 3.301729611148416588E-16, -1.000000000000000000 ) ) ;
#3354 = ADVANCED_FACE ( 'NONE', ( #1332 ), #1613, .T. ) ;
#3355 = DIRECTION ( 'NONE',  ( 1.000000000000000000, 0.000000000000000000, 0.000000000000000000 ) ) ;
#3356 = PLANE ( 'NONE',  #314 ) ;
#3357 = DIRECTION ( 'NONE',  ( -1.000000000000000000, 0.000000000000000000, 0.000000000000000000 ) ) ;
#3358 = VECTOR ( 'NONE', #513, 1000.000000000000000 ) ;
#3359 = ORIENTED_EDGE ( 'NONE', *, *, #823, .F. ) ;
#3360 = LINE ( 'NONE', #380, #2580 ) ;
#3361 = DIRECTION ( 'NONE',  ( 0.000000000000000000, -1.000000000000000000, 0.000000000000000000 ) ) ;
#3362 = COLOUR_RGB ( '',0.7921568627450980005, 0.8196078431372548767, 0.9333333333333333481 ) ;
#3363 = EDGE_CURVE ( 'NONE', #1464, #2065, #335, .T. ) ;
#3364 = CARTESIAN_POINT ( 'NONE',  ( -11880.00000000000182, 1950.712458671872582, -239.9999999999976694 ) ) ;
#3365 = EDGE_LOOP ( 'NONE', ( #2076, #1766, #3720, #2135 ) ) ;
#3366 = ORIENTED_EDGE ( 'NONE', *, *, #4045, .T. ) ;
#3367 = LINE ( 'NONE', #3752, #3026 ) ;
#3368 = AXIS2_PLACEMENT_3D ( 'NONE', #3803, #851, #180 ) ;
#3369 = LINE ( 'NONE', #3278, #552 ) ;
#3370 = EDGE_LOOP ( 'NONE', ( #723, #4215, #1713, #4202 ) ) ;
#3371 = AXIS2_PLACEMENT_3D ( 'NONE', #950, #2987, #1685 ) ;
#3372 = VECTOR ( 'NONE', #2374, 1000.000000000000000 ) ;
#3373 = ORIENTED_EDGE ( 'NONE', *, *, #3812, .F. ) ;
#3374 = ADVANCED_FACE ( 'NONE', ( #1020 ), #279, .T. ) ;
#3375 = ORIENTED_EDGE ( 'NONE', *, *, #3272, .F. ) ;
#3376 = DIRECTION ( 'NONE',  ( 1.000000000000000000, 0.000000000000000000, 0.000000000000000000 ) ) ;
#3377 = AXIS2_PLACEMENT_3D ( 'NONE', #2365, #3357, #1261 ) ;
#3378 = DIRECTION ( 'NONE',  ( 0.000000000000000000, -2.413528314402514090E-16, 1.000000000000000000 ) ) ;
#3379 = ORIENTED_EDGE ( 'NONE', *, *, #1308, .F. ) ;
#3380 = DIRECTION ( 'NONE',  ( 0.000000000000000000, 1.000000000000000000, 2.775557561563032853E-16 ) ) ;
#3381 = LINE ( 'NONE', #4036, #3027 ) ;
#3382 = DIRECTION ( 'NONE',  ( -1.000000000000000000, 0.000000000000000000, -0.000000000000000000 ) ) ;
#3383 = ORIENTED_EDGE ( 'NONE', *, *, #3689, .T. ) ;
#3384 = CARTESIAN_POINT ( 'NONE',  ( -13458.75177054179585, -732.4719190560189190, -589.9999999999970441 ) ) ;
#3385 = DIRECTION ( 'NONE',  ( 0.000000000000000000, -1.000000000000000000, -2.249385511977649118E-16 ) ) ;
#3386 = DIRECTION ( 'NONE',  ( 0.000000000000000000, 0.000000000000000000, 1.000000000000000000 ) ) ;
#3387 = ORIENTED_EDGE ( 'NONE', *, *, #2613, .F. ) ;
#3388 = EDGE_CURVE ( 'NONE', #642, #344, #2339, .T. ) ;
#3389 = EDGE_CURVE ( 'NONE', #139, #3514, #2620, .T. ) ;
#3390 = ORIENTED_EDGE ( 'NONE', *, *, #408, .T. ) ;
#3391 = EDGE_CURVE ( 'NONE', #876, #1478, #2297, .T. ) ;
#3392 = ORIENTED_EDGE ( 'NONE', *, *, #2487, .F. ) ;
#3393 = CIRCLE ( 'NONE', #2632, 5999.999999999999091 ) ;
#3394 = VERTEX_POINT ( 'NONE', #2964 ) ;
#3395 = DIRECTION ( 'NONE',  ( 7.993605777301127091E-15, 0.000000000000000000, -1.000000000000000000 ) ) ;
#3396 = VERTEX_POINT ( 'NONE', #4279 ) ;
#3397 = ADVANCED_FACE ( 'NONE', ( #3604 ), #2643, .F. ) ;
#3398 = DIRECTION ( 'NONE',  ( 0.000000000000000000, -1.000000000000000000, -2.775557561563032853E-16 ) ) ;
#3399 = ORIENTED_EDGE ( 'NONE', *, *, #952, .T. ) ;
#3400 = DIRECTION ( 'NONE',  ( 0.000000000000000000, 0.000000000000000000, 1.000000000000000000 ) ) ;
#3401 = DIRECTION ( 'NONE',  ( -1.000000000000000000, -0.000000000000000000, 0.000000000000000000 ) ) ;
#3402 = VECTOR ( 'NONE', #3355, 1000.000000000000000 ) ;
#3403 = PRODUCT_DEFINITION_SHAPE ( 'NONE', 'NONE',  #444 ) ;
#3404 = VECTOR ( 'NONE', #112, 1000.000000000000000 ) ;
#3405 = ORIENTED_EDGE ( 'NONE', *, *, #2370, .T. ) ;
#3406 = ORIENTED_EDGE ( 'NONE', *, *, #1018, .F. ) ;
#3407 = AXIS2_PLACEMENT_3D ( 'NONE', #148, #1491, #2113 ) ;
#3408 = DIRECTION ( 'NONE',  ( -1.000000000000000000, 0.000000000000000000, 0.000000000000000000 ) ) ;
#3409 = ADVANCED_FACE ( 'NONE', ( #591 ), #3946, .F. ) ;
#3410 = CARTESIAN_POINT ( 'NONE',  ( -12547.28068913207790, -679.9999999999977263, -567.4243228023079837 ) ) ;
#3411 = CARTESIAN_POINT ( 'NONE',  ( -292.6587287503931520, 1189.999999999998408, 1659.750127714602968 ) ) ;
#3412 = VERTEX_POINT ( 'NONE', #645 ) ;
#3413 = EDGE_CURVE ( 'NONE', #3098, #472, #1949, .T. ) ;
#3414 = ORIENTED_EDGE ( 'NONE', *, *, #3812, .T. ) ;
#3415 = LINE ( 'NONE', #98, #549 ) ;
#3416 = VERTEX_POINT ( 'NONE', #258 ) ;
#3417 = LINE ( 'NONE', #460, #807 ) ;
#3418 = VERTEX_POINT ( 'NONE', #1259 ) ;
#3419 = LINE ( 'NONE', #102, #1631 ) ;
#3420 = PRODUCT_DEFINITION ( 'NON CONOSCIUTO', '', #574, #3135 ) ;
#3421 = LINE ( 'NONE', #1069, #2045 ) ;
#3422 = ORIENTED_EDGE ( 'NONE', *, *, #2902, .F. ) ;
#3423 = ORIENTED_EDGE ( 'NONE', *, *, #3989, .T. ) ;
#3424 = DIRECTION ( 'NONE',  ( -1.000000000000000000, -0.000000000000000000, -0.000000000000000000 ) ) ;
#3425 = VECTOR ( 'NONE', #4239, 1000.000000000000114 ) ;
#3426 = DIRECTION ( 'NONE',  ( 0.000000000000000000, 1.000000000000000000, 5.551115123125784674E-16 ) ) ;
#3427 = EDGE_LOOP ( 'NONE', ( #1795, #4008, #1858, #2826, #3995 ) ) ;
#3428 = CIRCLE ( 'NONE', #2401, 1000.000000000000000 ) ;
#3429 = DIRECTION ( 'NONE',  ( 0.000000000000000000, -1.000000000000000000, 0.000000000000000000 ) ) ;
#3430 = EDGE_CURVE ( 'NONE', #3916, #2270, #3662, .T. ) ;
#3431 = ORIENTED_EDGE ( 'NONE', *, *, #1719, .F. ) ;
#3432 = DIRECTION ( 'NONE',  ( -0.000000000000000000, -1.000000000000000000, -2.775557561563032853E-16 ) ) ;
#3433 = ORIENTED_EDGE ( 'NONE', *, *, #2371, .F. ) ;
#3434 = CARTESIAN_POINT ( 'NONE',  ( -11700.00000000000182, -814.9999999999974989, -589.9999999999970441 ) ) ;
#3435 = VECTOR ( 'NONE', #2508, 1000.000000000000114 ) ;
#3436 = AXIS2_PLACEMENT_3D ( 'NONE', #868, #198, #2208 ) ;
#3437 = ORIENTED_EDGE ( 'NONE', *, *, #1569, .F. ) ;
#3438 = CARTESIAN_POINT ( 'NONE',  ( -14588.56810139493791, -278.9021535255452022, -725.0000000000053433 ) ) ;
#3439 = AXIS2_PLACEMENT_3D ( 'NONE', #3817, #511, #146 ) ;
#3440 = VECTOR ( 'NONE', #3557, 1000.000000000000000 ) ;
#3441 = ORIENTED_EDGE ( 'NONE', *, *, #51, .F. ) ;
#3442 = VERTEX_POINT ( 'NONE', #2317 ) ;
#3443 = CIRCLE ( 'NONE', #2755, 1000.000000000000000 ) ;
#3444 = DIRECTION ( 'NONE',  ( 1.000000000000000000, 0.000000000000000000, 0.000000000000000000 ) ) ;
#3445 = LINE ( 'NONE', #2735, #1457 ) ;
#3446 = CARTESIAN_POINT ( 'NONE',  ( -13458.75177054179403, -814.9999999999974989, -589.9999999999970441 ) ) ;
#3447 = EDGE_CURVE ( 'NONE', #3144, #2022, #3266, .T. ) ;
#3448 = EDGE_CURVE ( 'NONE', #411, #829, #1380, .T. ) ;
#3449 = ORIENTED_EDGE ( 'NONE', *, *, #3698, .T. ) ;
#3450 = VERTEX_POINT ( 'NONE', #3683 ) ;
#3451 = VECTOR ( 'NONE', #1987, 1000.000000000000000 ) ;
#3452 = ORIENTED_EDGE ( 'NONE', *, *, #3413, .F. ) ;
#3453 = ADVANCED_FACE ( 'NONE', ( #4013 ), #1710, .T. ) ;
#3454 = DIRECTION ( 'NONE',  ( 1.000000000000000000, 0.000000000000000000, 0.000000000000000000 ) ) ;
#3455 = DIRECTION ( 'NONE',  ( -0.000000000000000000, -1.000000000000000000, -2.775557561563032853E-16 ) ) ;
#3456 = ORIENTED_EDGE ( 'NONE', *, *, #1681, .F. ) ;
#3457 = CARTESIAN_POINT ( 'NONE',  ( 616.7948635501689978, 875.0000000000000000, -1140.000000000000227 ) ) ;
#3458 = CONTEXT_DEPENDENT_SHAPE_REPRESENTATION ( #3951, #1743 ) ;
#3459 = CARTESIAN_POINT ( 'NONE',  ( -12100.00000000000182, 679.9999999999979536, -909.9999999999979536 ) ) ;
#3460 = ORIENTED_EDGE ( 'NONE', *, *, #3956, .T. ) ;
#3461 = ORIENTED_EDGE ( 'NONE', *, *, #27, .F. ) ;
#3462 =( NAMED_UNIT ( * ) SI_UNIT ( $, .STERADIAN. ) SOLID_ANGLE_UNIT ( ) );
#3463 = CARTESIAN_POINT ( 'NONE',  ( -15744.66811761634744, -1077.499998843224375, -589.9999999999971578 ) ) ;
#3464 = VECTOR ( 'NONE', #2363, 1000.000000000000000 ) ;
#3465 = ORIENTED_EDGE ( 'NONE', *, *, #1998, .T. ) ;
#3466 = CARTESIAN_POINT ( 'NONE',  ( -13499.99999999999818, -1950.712458671873037, -306.2059048389994587 ) ) ;
#3467 = CARTESIAN_POINT ( 'NONE',  ( -1949.999999999999773, -899.9999999999998863, -910.0000000000001137 ) ) ;
#3468 = ORIENTED_EDGE ( 'NONE', *, *, #2025, .F. ) ;
#3469 = DIRECTION ( 'NONE',  ( 0.000000000000000000, 1.000000000000000000, -2.220446049250313081E-16 ) ) ;
#3470 = CARTESIAN_POINT ( 'NONE',  ( -12547.28068913207790, 679.9999999999977263, -567.4243228023077563 ) ) ;
#3471 = EDGE_LOOP ( 'NONE', ( #3034, #3506, #692, #4211 ) ) ;
#3472 = CARTESIAN_POINT ( 'NONE',  ( -14239.85290935932790, -814.9999999999972715, -769.9999999999963620 ) ) ;
#3473 = ORIENTED_EDGE ( 'NONE', *, *, #65, .T. ) ;
#3474 = VECTOR ( 'NONE', #623, 1000.000000000000000 ) ;
#3475 = CARTESIAN_POINT ( 'NONE',  ( -13899.99999999999818, -1054.999999999997726, -459.9999999999984084 ) ) ;
#3476 = SHAPE_DEFINITION_REPRESENTATION ( #3403, #2806 ) ;
#3477 = CARTESIAN_POINT ( 'NONE',  ( -13452.71931086792210, -679.9999999999977263, -567.4243228023079837 ) ) ;
#3478 = ORIENTED_EDGE ( 'NONE', *, *, #4134, .F. ) ;
#3479 = ORIENTED_EDGE ( 'NONE', *, *, #865, .T. ) ;
#3480 = DIRECTION ( 'NONE',  ( 0.000000000000000000, 0.000000000000000000, 1.000000000000000000 ) ) ;
#3481 = UNCERTAINTY_MEASURE_WITH_UNIT (LENGTH_MEASURE( 1.000000000000000082E-05 ), #125, 'distance_accuracy_value', 'NONE');
#3482 = CARTESIAN_POINT ( 'NONE',  ( -4534.427461039359514, -1190.000000000002728, -751.1534819267461671 ) ) ;
#3483 = CARTESIAN_POINT ( 'NONE',  ( -14588.56810139493791, -1077.499998843224375, -589.9999999999971578 ) ) ;
#3484 = CARTESIAN_POINT ( 'NONE',  ( -16550.00000000000000, 1189.999999999998408, -960.0000000000002274 ) ) ;
#3485 = EDGE_LOOP ( 'NONE', ( #3647, #1052, #1842, #3523, #1107, #1317, #3456, #461, #2043, #2150, #2422, #405 ) ) ;
#3486 = VECTOR ( 'NONE', #2213, 1000.000000000000000 ) ;
#3487 = CARTESIAN_POINT ( 'NONE',  ( -265.1845289799109651, 989.9999999999984084, -1503.936198047713560 ) ) ;
#3488 = DIRECTION ( 'NONE',  ( 1.000000000000000000, 2.400482215405744004E-16, 0.000000000000000000 ) ) ;
#3489 = CARTESIAN_POINT ( 'NONE',  ( -11700.00000000000182, 1950.712458671872810, -589.9999999999963620 ) ) ;
#3490 = EDGE_CURVE ( 'NONE', #662, #1100, #2762, .T. ) ;
#3491 = ORIENTED_EDGE ( 'NONE', *, *, #1082, .F. ) ;
#3492 = DIRECTION ( 'NONE',  ( -1.000000000000000000, 0.000000000000000000, 0.000000000000000000 ) ) ;
#3493 = AXIS2_PLACEMENT_3D ( 'NONE', #2146, #2500, #3163 ) ;
#3494 = ORIENTED_EDGE ( 'NONE', *, *, #1681, .T. ) ;
#3495 = AXIS2_PLACEMENT_3D ( 'NONE', #3475, #1755, #3400 ) ;
#3496 = PRODUCT_CONTEXT ( 'NONE', #174, 'mechanical' ) ;
#3497 = DIRECTION ( 'NONE',  ( 0.000000000000000000, 0.000000000000000000, 1.000000000000000000 ) ) ;
#3498 = ORIENTED_EDGE ( 'NONE', *, *, #1854, .T. ) ;
#3499 = AXIS2_PLACEMENT_3D ( 'NONE', #1759, #742, #2063 ) ;
#3500 = CARTESIAN_POINT ( 'NONE',  ( -18500.00000000000000, 1189.999999999998408, -960.0000000000002274 ) ) ;
#3501 = CIRCLE ( 'NONE', #3226, 172.2649730022416747 ) ;
#3502 = CARTESIAN_POINT ( 'NONE',  ( -14239.85290935932790, -729.4021522441533989, -769.9999999999963620 ) ) ;
#3503 = LINE ( 'NONE', #2496, #2504 ) ;
#3504 = EDGE_CURVE ( 'NONE', #3514, #2007, #79, .T. ) ;
#3505 = AXIS2_PLACEMENT_3D ( 'NONE', #3337, #3382, #2051 ) ;
#3506 = ORIENTED_EDGE ( 'NONE', *, *, #1598, .T. ) ;
#3507 = ORIENTED_EDGE ( 'NONE', *, *, #308, .F. ) ;
#3508 = FACE_OUTER_BOUND ( 'NONE', #1561, .T. ) ;
#3509 = CIRCLE ( 'NONE', #1297, 277.7941176470602045 ) ;
#3510 = PLANE ( 'NONE',  #2502 ) ;
#3511 = DIRECTION ( 'NONE',  ( 0.000000000000000000, -1.000000000000000000, -2.775557561563032853E-16 ) ) ;
#3512 = CARTESIAN_POINT ( 'NONE',  ( -14341.24822945820415, 1054.999999999997499, -589.9999999999964757 ) ) ;
#3513 = VERTEX_POINT ( 'NONE', #2026 ) ;
#3514 = VERTEX_POINT ( 'NONE', #3028 ) ;
#3515 = EDGE_CURVE ( 'NONE', #3085, #1863, #2641, .T. ) ;
#3516 = EDGE_CURVE ( 'NONE', #344, #979, #1179, .T. ) ;
#3517 = DIRECTION ( 'NONE',  ( -1.000000000000000000, -0.000000000000000000, -0.000000000000000000 ) ) ;
#3518 = ORIENTED_EDGE ( 'NONE', *, *, #1294, .T. ) ;
#3519 = LINE ( 'NONE', #928, #168 ) ;
#3520 = DIRECTION ( 'NONE',  ( -0.000000000000000000, -1.000000000000000000, -2.775557561563032853E-16 ) ) ;
#3521 = PLANE ( 'NONE',  #735 ) ;
#3522 = DIRECTION ( 'NONE',  ( 0.9848077530122092416, 0.000000000000000000, -0.1736481776669237531 ) ) ;
#3523 = ORIENTED_EDGE ( 'NONE', *, *, #3592, .F. ) ;
#3524 = VERTEX_POINT ( 'NONE', #748 ) ;
#3525 = EDGE_CURVE ( 'NONE', #336, #2039, #62, .T. ) ;
#3526 = CARTESIAN_POINT ( 'NONE',  ( -19116.79486355016707, -875.0000000000000000, -1060.000000000000000 ) ) ;
#3527 = AXIS2_PLACEMENT_3D ( 'NONE', #897, #2545, #2908 ) ;
#3528 = DIRECTION ( 'NONE',  ( -1.000000000000000000, 0.000000000000000000, 0.000000000000000000 ) ) ;
#3529 = AXIS2_PLACEMENT_3D ( 'NONE', #2062, #847, #2161 ) ;
#3530 = CARTESIAN_POINT ( 'NONE',  ( -15674.93198115551786, 989.9999999999984084, 5040.000000000000000 ) ) ;
#3531 = EDGE_LOOP ( 'NONE', ( #1148, #3197, #1898, #3215, #1590, #3250 ) ) ;
#3532 = ORIENTED_EDGE ( 'NONE', *, *, #3490, .F. ) ;
#3533 = SHELL_BASED_SURFACE_MODEL ( 'NONE', ( #1157 ) );
#3534 = DIRECTION ( 'NONE',  ( -1.000000000000000000, 0.000000000000000000, 0.000000000000000000 ) ) ;
#3535 = ORIENTED_EDGE ( 'NONE', *, *, #2630, .F. ) ;
#3536 = ADVANCED_FACE ( 'NONE', ( #3083 ), #1355, .T. ) ;
#3537 = LINE ( 'NONE', #566, #4196 ) ;
#3538 = DIRECTION ( 'NONE',  ( -1.000000000000000000, -0.000000000000000000, -0.000000000000000000 ) ) ;
#3539 = ORIENTED_EDGE ( 'NONE', *, *, #2470, .T. ) ;
#3540 = CARTESIAN_POINT ( 'NONE',  ( -11658.75177054179585, -732.4719190560189190, -589.9999999999970441 ) ) ;
#3541 = STYLED_ITEM ( 'NONE', ( #147 ), #2803 ) ;
#3542 = ORIENTED_EDGE ( 'NONE', *, *, #1580, .F. ) ;
#3543 = EDGE_CURVE ( 'NONE', #4093, #1391, #988, .T. ) ;
#3544 = ORIENTED_EDGE ( 'NONE', *, *, #2519, .T. ) ;
#3545 = PLANE ( 'NONE',  #2774 ) ;
#3546 = LINE ( 'NONE', #578, #3704 ) ;
#3547 = DIRECTION ( 'NONE',  ( 0.000000000000000000, -1.000000000000000000, -2.775557561563032853E-16 ) ) ;
#3548 =( GEOMETRIC_REPRESENTATION_CONTEXT ( 3 ) GLOBAL_UNCERTAINTY_ASSIGNED_CONTEXT ( ( #2571 ) ) GLOBAL_UNIT_ASSIGNED_CONTEXT ( ( #907, #599, #2920 ) ) REPRESENTATION_CONTEXT ( 'NONE', 'WORKASPACE' ) );
#3549 = CARTESIAN_POINT ( 'NONE',  ( -13899.99999999999818, -679.9999999999978400, 1.720845688168992638E-12 ) ) ;
#3550 = DIRECTION ( 'NONE',  ( -1.000000000000000000, -0.000000000000000000, 0.000000000000000000 ) ) ;
#3551 = AXIS2_PLACEMENT_3D ( 'NONE', #3874, #1254, #327 ) ;
#3552 = DIRECTION ( 'NONE',  ( 0.000000000000000000, 2.249385511977649118E-16, -1.000000000000000000 ) ) ;
#3553 = EDGE_CURVE ( 'NONE', #1124, #2729, #1683, .T. ) ;
#3554 = EDGE_CURVE ( 'NONE', #4145, #1268, #1417, .T. ) ;
#3555 = CARTESIAN_POINT ( 'NONE',  ( -2349.999999999999545, -800.0000000000000000, -910.0000000000001137 ) ) ;
#3556 = ORIENTED_EDGE ( 'NONE', *, *, #3448, .F. ) ;
#3557 = DIRECTION ( 'NONE',  ( 0.000000000000000000, 1.000000000000000000, 2.775557561563032853E-16 ) ) ;
#3558 = CARTESIAN_POINT ( 'NONE',  ( -10255.33188238365256, 732.4719190560189190, -589.9999999999965894 ) ) ;
#3559 = ADVANCED_FACE ( 'NONE', ( #3990 ), #3046, .F. ) ;
#3560 = CIRCLE ( 'NONE', #3214, 79.99999999999995737 ) ;
#3561 = EDGE_LOOP ( 'NONE', ( #525, #2427, #211, #3222 ) ) ;
#3562 = CIRCLE ( 'NONE', #3371, 79.99999999999995737 ) ;
#3563 = CARTESIAN_POINT ( 'NONE',  ( -12100.00000000000182, -814.9999999999976126, 1.831867990631508292E-12 ) ) ;
#3564 = ORIENTED_EDGE ( 'NONE', *, *, #4243, .T. ) ;
#3565 = CARTESIAN_POINT ( 'NONE',  ( 0.000000000000000000, 875.0000000000000000, -1140.000000000000227 ) ) ;
#3566 = CARTESIAN_POINT ( 'NONE',  ( -13499.99999999999818, 1077.499998843224148, -306.2059048389983218 ) ) ;
#3567 = ADVANCED_FACE ( 'NONE', ( #2690 ), #2725, .F. ) ;
#3568 = CARTESIAN_POINT ( 'NONE',  ( -1949.999999999999773, 800.0000000000000000, -910.0000000000001137 ) ) ;
#3569 = ORIENTED_EDGE ( 'NONE', *, *, #2237, .T. ) ;
#3570 = EDGE_CURVE ( 'NONE', #1945, #4145, #1318, .T. ) ;
#3571 = LINE ( 'NONE', #219, #1394 ) ;
#3572 = CIRCLE ( 'NONE', #3377, 79.99999999999995737 ) ;
#3573 = DIRECTION ( 'NONE',  ( 0.000000000000000000, 0.9950481186486287433, -0.09939437395458879110 ) ) ;
#3574 = CARTESIAN_POINT ( 'NONE',  ( -14588.56810139493791, -732.4719190560189190, -589.9999999999970441 ) ) ;
#3575 = CARTESIAN_POINT ( 'NONE',  ( -19116.79486355016707, 875.0000000000000000, -1060.000000000000000 ) ) ;
#3576 = CARTESIAN_POINT ( 'NONE',  ( -11611.43189860506391, -877.4999988432243754, -769.9999999999963620 ) ) ;
#3577 = CARTESIAN_POINT ( 'NONE',  ( -14588.56810139493791, 1077.499998843224375, -589.9999999999964757 ) ) ;
#3578 = EDGE_LOOP ( 'NONE', ( #2717, #3244, #2111, #3991 ) ) ;
#3579 = VECTOR ( 'NONE', #1976, 1000.000000000000000 ) ;
#3580 = ADVANCED_FACE ( 'NONE', ( #2423 ), #1749, .T. ) ;
#3581 = DIRECTION ( 'NONE',  ( -0.000000000000000000, -1.000000000000000000, -3.301729611148416588E-16 ) ) ;
#3582 = CARTESIAN_POINT ( 'NONE',  ( -13680.00000000000000, 1950.712458671872810, -517.7941176470586697 ) ) ;
#3583 = ORIENTED_EDGE ( 'NONE', *, *, #206, .T. ) ;
#3584 = CYLINDRICAL_SURFACE ( 'NONE', #453, 199.9999999999999432 ) ;
#3585 = DIRECTION ( 'NONE',  ( -0.000000000000000000, 1.000000000000000000, -0.000000000000000000 ) ) ;
#3586 = DIRECTION ( 'NONE',  ( 0.000000000000000000, -2.413528314402513597E-16, 1.000000000000000000 ) ) ;
#3587 = VECTOR ( 'NONE', #3965, 1000.000000000000114 ) ;
#3588 =( NAMED_UNIT ( * ) PLANE_ANGLE_UNIT ( ) SI_UNIT ( $, .RADIAN. ) );
#3589 = VERTEX_POINT ( 'NONE', #2084 ) ;
#3590 = ORIENTED_EDGE ( 'NONE', *, *, #4007, .T. ) ;
#3591 = CARTESIAN_POINT ( 'NONE',  ( -12441.34358727334984, 713.0416965694201963, -768.3657702387152995 ) ) ;
#3592 = EDGE_CURVE ( 'NONE', #1173, #1716, #3415, .T. ) ;
#3593 = CARTESIAN_POINT ( 'NONE',  ( -12923.68347295909734, -990.0000000000015916, -660.0000000000001137 ) ) ;
#3594 = VECTOR ( 'NONE', #3866, 1000.000000000000000 ) ;
#3595 = CARTESIAN_POINT ( 'NONE',  ( -14119.99999999999818, 1077.499998843224375, -517.7941176470588971 ) ) ;
#3596 = VECTOR ( 'NONE', #3547, 1000.000000000000000 ) ;
#3597 = CARTESIAN_POINT ( 'NONE',  ( -14388.56810139493609, -877.4999988432243754, -755.0854464784853235 ) ) ;
#3598 = CARTESIAN_POINT ( 'NONE',  ( 620.0000000000000000, 875.0000000000001137, -1060.000000000000000 ) ) ;
#3599 = AXIS2_PLACEMENT_3D ( 'NONE', #2556, #3183, #604 ) ;
#3600 = CARTESIAN_POINT ( 'NONE',  ( -1949.999999999999773, -200.0000000000000000, -825.0000000000001137 ) ) ;
#3601 = ORIENTED_EDGE ( 'NONE', *, *, #3723, .F. ) ;
#3602 = CARTESIAN_POINT ( 'NONE',  ( -18500.00000000000000, 1189.999999999998408, -960.0000000000002274 ) ) ;
#3603 = CARTESIAN_POINT ( 'NONE',  ( -13680.00000000000000, 1077.499998843224148, -239.9999999999978684 ) ) ;
#3604 = FACE_OUTER_BOUND ( 'NONE', #171, .T. ) ;
#3605 = CARTESIAN_POINT ( 'NONE',  ( -11611.43189860506391, -877.4999988432243754, -755.0854464784853235 ) ) ;
#3606 = VERTEX_POINT ( 'NONE', #1216 ) ;
#3607 = CARTESIAN_POINT ( 'NONE',  ( -1949.999999999999773, -800.0000000000000000, -910.0000000000001137 ) ) ;
#3608 = CARTESIAN_POINT ( 'NONE',  ( 0.000000000000000000, 0.000000000000000000, 0.000000000000000000 ) ) ;
#3609 = ORIENTED_EDGE ( 'NONE', *, *, #2868, .F. ) ;
#3610 = EDGE_CURVE ( 'NONE', #614, #3078, #1118, .T. ) ;
#3611 = LINE ( 'NONE', #2978, #3635 ) ;
#3612 = DIRECTION ( 'NONE',  ( -1.000000000000000000, 2.171636382548118065E-31, -7.824144642581933777E-16 ) ) ;
#3613 = LINE ( 'NONE', #969, #1414 ) ;
#3614 = LINE ( 'NONE', #302, #2686 ) ;
#3615 = LINE ( 'NONE', #2292, #528 ) ;
#3616 = ORIENTED_EDGE ( 'NONE', *, *, #1989, .F. ) ;
#3617 = LINE ( 'NONE', #2662, #3587 ) ;
#3618 = CIRCLE ( 'NONE', #3551, 460.0000000000001137 ) ;
#3619 = ADVANCED_FACE ( 'NONE', ( #1279 ), #301, .F. ) ;
#3620 = PLANE ( 'NONE',  #1642 ) ;
#3621 = DIRECTION ( 'NONE',  ( 1.000000000000000000, 0.000000000000000000, -0.000000000000000000 ) ) ;
#3622 = ORIENTED_EDGE ( 'NONE', *, *, #2824, .F. ) ;
#3623 = CARTESIAN_POINT ( 'NONE',  ( -14588.56810139493791, 729.4021522441533989, -769.9999999999959073 ) ) ;
#3624 = CARTESIAN_POINT ( 'NONE',  ( -12100.00000000000182, 1054.999999999997044, 2.220446049250313081E-12 ) ) ;
#3625 = ORIENTED_EDGE ( 'NONE', *, *, #1974, .F. ) ;
#3626 = SPHERICAL_SURFACE ( 'NONE', #1072, 1000.000000000000000 ) ;
#3627 = LINE ( 'NONE', #674, #1709 ) ;
#3628 = ORIENTED_EDGE ( 'NONE', *, *, #1384, .F. ) ;
#3629 = CIRCLE ( 'NONE', #2261, 460.0000000000000000 ) ;
#3630 = EDGE_CURVE ( 'NONE', #1264, #1084, #4272, .T. ) ;
#3631 = DIRECTION ( 'NONE',  ( 0.000000000000000000, -0.9854601157443478865, 0.1699069165076472210 ) ) ;
#3632 = VECTOR ( 'NONE', #1164, 1000.000000000000000 ) ;
#3633 = CARTESIAN_POINT ( 'NONE',  ( -7.853451737060908274E-14, 989.9999999999984084, -660.0000000000017053 ) ) ;
#3634 = FACE_BOUND ( 'NONE', #2102, .T. ) ;
#3635 = VECTOR ( 'NONE', #655, 1000.000000000000000 ) ;
#3636 = VERTEX_POINT ( 'NONE', #2215 ) ;
#3637 = AXIS2_PLACEMENT_3D ( 'NONE', #1344, #2356, #1375 ) ;
#3638 = DIRECTION ( 'NONE',  ( 0.000000000000000000, -1.000000000000000000, -2.775557561563032853E-16 ) ) ;
#3639 = VERTEX_POINT ( 'NONE', #1560 ) ;
#3640 = DIRECTION ( 'NONE',  ( 0.000000000000000000, -1.000000000000000000, -3.301729611148416588E-16 ) ) ;
#3641 = CARTESIAN_POINT ( 'NONE',  ( -1949.999999999999318, -1189.999999999998863, -960.0000000000002274 ) ) ;
#3642 = DIRECTION ( 'NONE',  ( -1.000000000000000000, 0.000000000000000000, 0.000000000000000000 ) ) ;
#3643 = ORIENTED_EDGE ( 'NONE', *, *, #1395, .T. ) ;
#3644 = DIRECTION ( 'NONE',  ( 0.000000000000000000, 1.000000000000000000, 2.775557561563032853E-16 ) ) ;
#3645 = EDGE_CURVE ( 'NONE', #1809, #3739, #227, .T. ) ;
#3646 = EDGE_CURVE ( 'NONE', #1927, #390, #3618, .T. ) ;
#3647 = ORIENTED_EDGE ( 'NONE', *, *, #164, .T. ) ;
#3648 = LINE ( 'NONE', #2322, #4237 ) ;
#3649 = DIRECTION ( 'NONE',  ( -0.000000000000000000, 1.000000000000000000, -0.000000000000000000 ) ) ;
#3650 = DIRECTION ( 'NONE',  ( 1.000000000000000000, -0.000000000000000000, 0.000000000000000000 ) ) ;
#3651 = EDGE_LOOP ( 'NONE', ( #3109, #3915, #2546, #3601, #738 ) ) ;
#3652 = CARTESIAN_POINT ( 'NONE',  ( -2349.999999999999545, -899.9999999999998863, -910.0000000000001137 ) ) ;
#3653 = CARTESIAN_POINT ( 'NONE',  ( -10255.33188238365256, 732.4719190560189190, -589.9999999999965894 ) ) ;
#3654 = LINE ( 'NONE', #322, #2485 ) ;
#3655 = CARTESIAN_POINT ( 'NONE',  ( -12320.00000000000000, 814.9999999999972715, -239.9999999999979821 ) ) ;
#3656 = ADVANCED_FACE ( 'NONE', ( #2240 ), #1910, .F. ) ;
#3657 = EDGE_LOOP ( 'NONE', ( #2561, #3468, #726, #2835 ) ) ;
#3658 = CARTESIAN_POINT ( 'NONE',  ( -13000.00000000000000, 172.2649730022416747, -825.0000000000000000 ) ) ;
#3659 = ORIENTED_EDGE ( 'NONE', *, *, #3490, .T. ) ;
#3660 = EDGE_CURVE ( 'NONE', #2509, #2231, #2560, .T. ) ;
#3661 = VERTEX_POINT ( 'NONE', #2612 ) ;
#3662 = CIRCLE ( 'NONE', #483, 460.0000000000000000 ) ;
#3663 = DIRECTION ( 'NONE',  ( 0.000000000000000000, 2.775557561563032853E-16, -1.000000000000000000 ) ) ;
#3664 = CARTESIAN_POINT ( 'NONE',  ( -16150.00000000000182, 800.0000000000000000, -910.0000000000001137 ) ) ;
#3665 = VECTOR ( 'NONE', #1705, 1000.000000000000000 ) ;
#3666 = EDGE_LOOP ( 'NONE', ( #2174, #3390, #4075, #3891, #1015, #130, #3273 ) ) ;
#3667 = CARTESIAN_POINT ( 'NONE',  ( -16550.00000000000000, 200.0000000000000000, -825.0000000000001137 ) ) ;
#3668 = CARTESIAN_POINT ( 'NONE',  ( -5576.316527040901747, 1189.999999999998408, -6660.000000000000909 ) ) ;
#3669 = DIRECTION ( 'NONE',  ( 1.000000000000000000, 0.000000000000000000, 0.000000000000000000 ) ) ;
#3670 = EDGE_CURVE ( 'NONE', #2488, #33, #1896, .T. ) ;
#3671 = ORIENTED_EDGE ( 'NONE', *, *, #3243, .T. ) ;
#3672 = DIRECTION ( 'NONE',  ( -0.000000000000000000, 2.775557561563032853E-16, -1.000000000000000000 ) ) ;
#3673 = DIRECTION ( 'NONE',  ( 0.000000000000000000, 1.224646799147353207E-16, -1.000000000000000000 ) ) ;
#3674 = ORIENTED_EDGE ( 'NONE', *, *, #1113, .F. ) ;
#3675 = VECTOR ( 'NONE', #1360, 1000.000000000000000 ) ;
#3676 = SHAPE_REPRESENTATION ( 'FlatWagon_60ft_MediumDetailed', ( #1962, #718, #1817, #921 ), #2384 ) ;
#3677 = STYLED_ITEM ( 'NONE', ( #2970 ), #4137 ) ;
#3678 = VERTEX_POINT ( 'NONE', #4228 ) ;
#3679 = VERTEX_POINT ( 'NONE', #1301 ) ;
#3680 = DIRECTION ( 'NONE',  ( 0.000000000000000000, 1.000000000000000000, 3.301729611148416588E-16 ) ) ;
#3681 = ADVANCED_FACE ( 'NONE', ( #3259 ), #1606, .T. ) ;
#3682 = EDGE_CURVE ( 'NONE', #1192, #614, #4251, .T. ) ;
#3683 = CARTESIAN_POINT ( 'NONE',  ( -11611.43189860506391, -1077.499998843224375, -589.9999999999971578 ) ) ;
#3684 = ORIENTED_EDGE ( 'NONE', *, *, #2371, .T. ) ;
#3685 = CARTESIAN_POINT ( 'NONE',  ( -11700.00000000000182, -1077.499998843224375, -589.9999999999971578 ) ) ;
#3686 = VECTOR ( 'NONE', #2670, 1000.000000000000000 ) ;
#3687 = CARTESIAN_POINT ( 'NONE',  ( -2349.999999999999545, 800.0000000000000000, -910.0000000000001137 ) ) ;
#3688 = CARTESIAN_POINT ( 'NONE',  ( -12500.00000000000182, -1950.712458671873037, -306.2059048389992313 ) ) ;
#3689 = EDGE_CURVE ( 'NONE', #3836, #3221, #637, .T. ) ;
#3690 = DIRECTION ( 'NONE',  ( 0.000000000000000000, -1.000000000000000000, -3.301729611148416588E-16 ) ) ;
#3691 = ORIENTED_EDGE ( 'NONE', *, *, #901, .F. ) ;
#3692 = FACE_OUTER_BOUND ( 'NONE', #3934, .T. ) ;
#3693 = PLANE ( 'NONE',  #235 ) ;
#3694 = ORIENTED_EDGE ( 'NONE', *, *, #3818, .T. ) ;
#3695 = AXIS2_PLACEMENT_3D ( 'NONE', #2855, #4153, #3136 ) ;
#3696 = ORIENTED_EDGE ( 'NONE', *, *, #1393, .T. ) ;
#3697 = EDGE_CURVE ( 'NONE', #1622, #642, #218, .T. ) ;
#3698 = EDGE_CURVE ( 'NONE', #3947, #1209, #658, .T. ) ;
#3699 = AXIS2_PLACEMENT_3D ( 'NONE', #141, #2767, #1144 ) ;
#3700 = ORIENTED_EDGE ( 'NONE', *, *, #1584, .T. ) ;
#3701 = PRESENTATION_LAYER_ASSIGNMENT (  '', '', ( #2341 ) ) ;
#3702 = VECTOR ( 'NONE', #3534, 1000.000000000000000 ) ;
#3703 = AXIS2_PLACEMENT_3D ( 'NONE', #1678, #3876, #2563 ) ;
#3704 = VECTOR ( 'NONE', #1581, 1000.000000000000000 ) ;
#3705 = DIRECTION ( 'NONE',  ( 0.000000000000000000, 1.000000000000000000, 3.301729611148416588E-16 ) ) ;
#3706 = ORIENTED_EDGE ( 'NONE', *, *, #4090, .T. ) ;
#3707 = SPHERICAL_SURFACE ( 'NONE', #683, 1000.000000000000000 ) ;
#3708 = DIRECTION ( 'NONE',  ( 0.000000000000000000, 1.000000000000000000, 2.775557561563032853E-16 ) ) ;
#3709 = ADVANCED_FACE ( 'NONE', ( #522 ), #1558, .F. ) ;
#3710 = ORIENTED_EDGE ( 'NONE', *, *, #2299, .T. ) ;
#3711 = DIRECTION ( 'NONE',  ( 1.000000000000000000, -0.000000000000000000, -0.000000000000000000 ) ) ;
#3712 = DIRECTION ( 'NONE',  ( -1.000000000000000000, 0.000000000000000000, 0.000000000000000000 ) ) ;
#3713 = AXIS2_PLACEMENT_3D ( 'NONE', #1047, #2994, #4 ) ;
#3714 = ORIENTED_EDGE ( 'NONE', *, *, #167, .T. ) ;
#3715 = ORIENTED_EDGE ( 'NONE', *, *, #441, .T. ) ;
#3716 = CARTESIAN_POINT ( 'NONE',  ( -2825.068018844486232, -1189.999999999999091, 5040.000000000000000 ) ) ;
#3717 = ADVANCED_FACE ( 'NONE', ( #4183 ), #2127, .F. ) ;
#3718 = DIRECTION ( 'NONE',  ( 0.000000000000000000, -1.000000000000000000, -2.775557561563032853E-16 ) ) ;
#3719 = DIRECTION ( 'NONE',  ( 0.000000000000000000, 2.775557561563032853E-16, -1.000000000000000000 ) ) ;
#3720 = ORIENTED_EDGE ( 'NONE', *, *, #589, .F. ) ;
#3721 = VECTOR ( 'NONE', #4011, 1000.000000000000000 ) ;
#3722 = ADVANCED_FACE ( 'NONE', ( #2523 ), #2214, .T. ) ;
#3723 = EDGE_CURVE ( 'NONE', #440, #3003, #1232, .T. ) ;
#3724 = CARTESIAN_POINT ( 'NONE',  ( -12500.00000000000182, -1950.712458671873037, -306.2059048389994587 ) ) ;
#3725 = EDGE_LOOP ( 'NONE', ( #3193, #2104, #2898, #3622, #3831, #255, #2459, #772, #3351, #2810, #1080, #280, #2705, #2492, #3880 ) ) ;
#3726 = DIRECTION ( 'NONE',  ( 0.000000000000000000, 0.000000000000000000, -1.000000000000000000 ) ) ;
#3727 = EDGE_LOOP ( 'NONE', ( #3379, #2778, #781, #1418 ) ) ;
#3728 = DIRECTION ( 'NONE',  ( 0.000000000000000000, -0.000000000000000000, -1.000000000000000000 ) ) ;
#3729 = ORIENTED_EDGE ( 'NONE', *, *, #2846, .T. ) ;
#3730 = LINE ( 'NONE', #773, #1841 ) ;
#3731 = FACE_OUTER_BOUND ( 'NONE', #1568, .T. ) ;
#3732 = DIRECTION ( 'NONE',  ( -0.9848077530122092416, -2.364013496699500726E-16, 0.1736481776669237531 ) ) ;
#3733 = AXIS2_PLACEMENT_3D ( 'NONE', #721, #3673, #2375 ) ;
#3734 = ORIENTED_EDGE ( 'NONE', *, *, #3975, .F. ) ;
#3735 = VERTEX_POINT ( 'NONE', #1196 ) ;
#3736 = VECTOR ( 'NONE', #1721, 1000.000000000000000 ) ;
#3737 = DIRECTION ( 'NONE',  ( 0.000000000000000000, 2.775557561563032853E-16, -1.000000000000000000 ) ) ;
#3738 = CARTESIAN_POINT ( 'NONE',  ( -14341.24822945820415, -732.4719190560189190, -589.9999999999970441 ) ) ;
#3739 = VERTEX_POINT ( 'NONE', #3806 ) ;
#3740 = ORIENTED_EDGE ( 'NONE', *, *, #2614, .T. ) ;
#3741 = ORIENTED_EDGE ( 'NONE', *, *, #653, .T. ) ;
#3742 = LINE ( 'NONE', #1104, #3632 ) ;
#3743 = VERTEX_POINT ( 'NONE', #1805 ) ;
#3744 = LINE ( 'NONE', #4146, #2382 ) ;
#3745 = ADVANCED_FACE ( 'NONE', ( #855 ), #874, .F. ) ;
#3746 = FACE_OUTER_BOUND ( 'NONE', #1771, .T. ) ;
#3747 = ORIENTED_EDGE ( 'NONE', *, *, #1890, .F. ) ;
#3748 = ORIENTED_EDGE ( 'NONE', *, *, #3413, .T. ) ;
#3749 = DIRECTION ( 'NONE',  ( 0.000000000000000000, -1.000000000000000000, -3.301729611148416588E-16 ) ) ;
#3750 = CARTESIAN_POINT ( 'NONE',  ( -14388.56810139493609, -1077.499998843224375, -769.9999999999964757 ) ) ;
#3751 = AXIS2_PLACEMENT_3D ( 'NONE', #273, #3231, #1938 ) ;
#3752 = CARTESIAN_POINT ( 'NONE',  ( -16150.00000000000182, 1189.999999999998408, -960.0000000000002274 ) ) ;
#3753 = ORIENTED_EDGE ( 'NONE', *, *, #4094, .F. ) ;
#3754 = LINE ( 'NONE', #517, #2193 ) ;
#3755 = EDGE_LOOP ( 'NONE', ( #4189, #1514, #2198, #2071, #2326, #2199, #3422, #2136, #2066 ) ) ;
#3756 = EDGE_CURVE ( 'NONE', #3418, #4093, #1330, .T. ) ;
#3757 = VECTOR ( 'NONE', #3511, 1000.000000000000000 ) ;
#3758 = AXIS2_PLACEMENT_3D ( 'NONE', #977, #3238, #1237 ) ;
#3759 = LINE ( 'NONE', #804, #2080 ) ;
#3760 = ORIENTED_EDGE ( 'NONE', *, *, #150, .T. ) ;
#3761 = PRODUCT ( 'WagonPlane_60ft_MediumDetailed', 'WagonPlane_60ft_MediumDetailed', '', ( #2133 ) ) ;
#3762 = DIRECTION ( 'NONE',  ( 3.912072321290969847E-16, -2.775557561563032853E-16, 1.000000000000000000 ) ) ;
#3763 = VERTEX_POINT ( 'NONE', #1850 ) ;
#3764 = LINE ( 'NONE', #477, #2049 ) ;
#3765 = VECTOR ( 'NONE', #2934, 1000.000000000000000 ) ;
#3766 = VERTEX_POINT ( 'NONE', #3167 ) ;
#3767 = CARTESIAN_POINT ( 'NONE',  ( -14388.56810139493609, -877.4999988432243754, -589.9999999999970441 ) ) ;
#3768 = VECTOR ( 'NONE', #1933, 1000.000000000000000 ) ;
#3769 = APPLICATION_PROTOCOL_DEFINITION ( 'draft international standard', 'automotive_design', 1998, #4116 ) ;
#3770 = DIRECTION ( 'NONE',  ( 0.000000000000000000, -2.413528314402513597E-16, 1.000000000000000000 ) ) ;
#3771 = EDGE_LOOP ( 'NONE', ( #1971, #1806, #3405, #4056 ) ) ;
#3772 = EDGE_CURVE ( 'NONE', #2361, #1351, #1523, .T. ) ;
#3773 = ORIENTED_EDGE ( 'NONE', *, *, #3253, .F. ) ;
#3774 = AXIS2_PLACEMENT_3D ( 'NONE', #1947, #1922, #2917 ) ;
#3775 = CARTESIAN_POINT ( 'NONE',  ( -12500.00000000000182, -1077.499998843224603, -306.2059048389990039 ) ) ;
#3776 = FACE_OUTER_BOUND ( 'NONE', #3561, .T. ) ;
#3777 = PLANE ( 'NONE',  #3872 ) ;
#3778 = ORIENTED_EDGE ( 'NONE', *, *, #3698, .F. ) ;
#3779 = ORIENTED_EDGE ( 'NONE', *, *, #2712, .T. ) ;
#3780 = VERTEX_POINT ( 'NONE', #1871 ) ;
#3781 = CARTESIAN_POINT ( 'NONE',  ( -14119.99999999999818, -814.9999999999974989, -239.9999999999984368 ) ) ;
#3782 = CYLINDRICAL_SURFACE ( 'NONE', #1490, 79.99999999999995737 ) ;
#3783 = ADVANCED_FACE ( 'NONE', ( #3192 ), #225, .T. ) ;
#3784 = ORIENTED_EDGE ( 'NONE', *, *, #3592, .T. ) ;
#3785 = DIRECTION ( 'NONE',  ( -1.000000000000000000, 0.000000000000000000, 1.189916929857710326E-16 ) ) ;
#3786 = ORIENTED_EDGE ( 'NONE', *, *, #1248, .T. ) ;
#3787 = CARTESIAN_POINT ( 'NONE',  ( -2825.068018844486232, 0.000000000000000000, -960.0000000000002274 ) ) ;
#3788 = ORIENTED_EDGE ( 'NONE', *, *, #56, .T. ) ;
#3789 = FACE_OUTER_BOUND ( 'NONE', #217, .T. ) ;
#3790 = VECTOR ( 'NONE', #329, 999.9999999999998863 ) ;
#3791 = DIRECTION ( 'NONE',  ( -1.000000000000000000, 0.000000000000000000, 0.000000000000000000 ) ) ;
#3792 = ORIENTED_EDGE ( 'NONE', *, *, #1722, .F. ) ;
#3793 = VERTEX_POINT ( 'NONE', #896 ) ;
#3794 = LINE ( 'NONE', #4105, #2689 ) ;
#3795 = CARTESIAN_POINT ( 'NONE',  ( -14119.99999999999818, 1077.499998843224148, -239.9999999999978684 ) ) ;
#3796 = CARTESIAN_POINT ( 'NONE',  ( -1949.999999999999773, -800.0000000000000000, -910.0000000000001137 ) ) ;
#3797 = CARTESIAN_POINT ( 'NONE',  ( -14119.99999999999818, -1077.499998843224375, -517.7941176470594655 ) ) ;
#3798 = VECTOR ( 'NONE', #271, 1000.000000000000000 ) ;
#3799 = AXIS2_PLACEMENT_3D ( 'NONE', #4130, #2210, #1246 ) ;
#3800 = ORIENTED_EDGE ( 'NONE', *, *, #3697, .F. ) ;
#3801 = VERTEX_POINT ( 'NONE', #1888 ) ;
#3802 = PRODUCT ( 'Y25_BackwardBogies_MediumDetailed', 'Y25_BackwardBogies_MediumDetailed', '', ( #816 ) ) ;
#3803 = CARTESIAN_POINT ( 'NONE',  ( -18120.00000000000000, 875.0000000000000000, -1060.000000000000000 ) ) ;
#3804 = DIRECTION ( 'NONE',  ( 0.000000000000000000, -2.413528314402514090E-16, 1.000000000000000000 ) ) ;
#3805 = CYLINDRICAL_SURFACE ( 'NONE', #2044, 277.7941176470602045 ) ;
#3806 = CARTESIAN_POINT ( 'NONE',  ( -13499.99999999999818, -1077.499998843224375, -589.9999999999971578 ) ) ;
#3807 = ORIENTED_EDGE ( 'NONE', *, *, #3929, .T. ) ;
#3808 = CARTESIAN_POINT ( 'NONE',  ( -11880.00000000000182, -1077.499998843224603, -239.9999999999985505 ) ) ;
#3809 = ORIENTED_EDGE ( 'NONE', *, *, #4160, .F. ) ;
#3810 = CIRCLE ( 'NONE', #1406, 79.99999999999995737 ) ;
#3811 = EDGE_CURVE ( 'NONE', #113, #3743, #935, .T. ) ;
#3812 = EDGE_CURVE ( 'NONE', #3418, #3969, #581, .T. ) ;
#3813 = PLANE ( 'NONE',  #384 ) ;
#3814 = EDGE_LOOP ( 'NONE', ( #3542, #128, #3729, #4078 ) ) ;
#3815 = FACE_OUTER_BOUND ( 'NONE', #4259, .T. ) ;
#3816 = CARTESIAN_POINT ( 'NONE',  ( -11755.71061244390148, -679.9999999999977263, -765.0652677973105256 ) ) ;
#3817 = CARTESIAN_POINT ( 'NONE',  ( -13000.00000000000000, 4.163336342343557632E-15, -825.0000000000000000 ) ) ;
#3818 = EDGE_CURVE ( 'NONE', #390, #1927, #2559, .T. ) ;
#3819 = DIRECTION ( 'NONE',  ( 1.000000000000000000, 0.000000000000000000, 0.000000000000000000 ) ) ;
#3820 = DIRECTION ( 'NONE',  ( 1.000000000000000000, -0.000000000000000000, 0.000000000000000000 ) ) ;
#3821 = DIRECTION ( 'NONE',  ( 0.000000000000000000, 1.000000000000000000, 3.301729611148416588E-16 ) ) ;
#3822 = ORIENTED_EDGE ( 'NONE', *, *, #3516, .T. ) ;
#3823 = EDGE_LOOP ( 'NONE', ( #2965, #592 ) ) ;
#3824 = LINE ( 'NONE', #177, #4201 ) ;
#3825 = AXIS2_PLACEMENT_3D ( 'NONE', #2889, #1501, #4141 ) ;
#3826 = DIRECTION ( 'NONE',  ( 0.000000000000000000, 0.09939437395458879110, 0.9950481186486287433 ) ) ;
#3827 = EDGE_CURVE ( 'NONE', #3947, #1061, #3200, .T. ) ;
#3828 = EDGE_CURVE ( 'NONE', #1153, #789, #3075, .T. ) ;
#3829 = DIRECTION ( 'NONE',  ( -0.000000000000000000, -1.000000000000000000, -0.000000000000000000 ) ) ;
#3830 = DIRECTION ( 'NONE',  ( 0.000000000000000000, 1.000000000000000000, 2.775557561563032853E-16 ) ) ;
#3831 = ORIENTED_EDGE ( 'NONE', *, *, #926, .F. ) ;
#3832 = VERTEX_POINT ( 'NONE', #1536 ) ;
#3833 = EDGE_CURVE ( 'NONE', #2766, #3119, #3248, .T. ) ;
#3834 = APPLICATION_PROTOCOL_DEFINITION ( 'draft international standard', 'automotive_design', 1998, #724 ) ;
#3835 = CARTESIAN_POINT ( 'NONE',  ( -19116.79486355016707, -955.0000000000075033, -1060.000000000000000 ) ) ;
#3836 = VERTEX_POINT ( 'NONE', #4175 ) ;
#3837 = CIRCLE ( 'NONE', #1983, 79.99999999999995737 ) ;
#3838 = EDGE_CURVE ( 'NONE', #948, #2379, #4219, .T. ) ;
#3839 = DIRECTION ( 'NONE',  ( -3.912072321290969353E-16, 2.775557561563032853E-16, -1.000000000000000000 ) ) ;
#3840 = VECTOR ( 'NONE', #4016, 1000.000000000000000 ) ;
#3841 = CARTESIAN_POINT ( 'NONE',  ( -11880.00000000000182, -1950.712458671872810, -517.7941176470596929 ) ) ;
#3842 = FACE_OUTER_BOUND ( 'NONE', #2922, .T. ) ;
#3843 = FACE_OUTER_BOUND ( 'NONE', #2644, .T. ) ;
#3844 =( GEOMETRIC_REPRESENTATION_CONTEXT ( 3 ) GLOBAL_UNCERTAINTY_ASSIGNED_CONTEXT ( ( #1616 ) ) GLOBAL_UNIT_ASSIGNED_CONTEXT ( ( #2627, #3588, #2946 ) ) REPRESENTATION_CONTEXT ( 'NONE', 'WORKASPACE' ) );
#3845 = CIRCLE ( 'NONE', #1917, 460.0000000000000000 ) ;
#3846 = ORIENTED_EDGE ( 'NONE', *, *, #3610, .F. ) ;
#3847 = EDGE_CURVE ( 'NONE', #3969, #3022, #1911, .T. ) ;
#3848 = ORIENTED_EDGE ( 'NONE', *, *, #2883, .F. ) ;
#3849 = DIRECTION ( 'NONE',  ( 0.000000000000000000, 1.000000000000000000, 3.301729611148416588E-16 ) ) ;
#3850 = VECTOR ( 'NONE', #2730, 1000.000000000000000 ) ;
#3851 = AXIS2_PLACEMENT_3D ( 'NONE', #2704, #4003, #2720 ) ;
#3852 = DIRECTION ( 'NONE',  ( 0.000000000000000000, -2.413528314402514090E-16, 1.000000000000000000 ) ) ;
#3853 = DIRECTION ( 'NONE',  ( 0.000000000000000000, 0.000000000000000000, 1.000000000000000000 ) ) ;
#3854 = EDGE_CURVE ( 'NONE', #3131, #3606, #2533, .T. ) ;
#3855 = CARTESIAN_POINT ( 'NONE',  ( -11700.00000000000182, -1950.712458671872810, -589.9999999999973852 ) ) ;
#3856 = EDGE_LOOP ( 'NONE', ( #4039, #2143, #3029, #55, #2790 ) ) ;
#3857 = ORIENTED_EDGE ( 'NONE', *, *, #2722, .F. ) ;
#3858 = LINE ( 'NONE', #4169, #226 ) ;
#3859 = ORIENTED_EDGE ( 'NONE', *, *, #1392, .F. ) ;
#3860 = PLANE ( 'NONE',  #2538 ) ;
#3861 = DIRECTION ( 'NONE',  ( -0.000000000000000000, 1.000000000000000000, -0.000000000000000000 ) ) ;
#3862 = ORIENTED_EDGE ( 'NONE', *, *, #1413, .T. ) ;
#3863 = DIRECTION ( 'NONE',  ( 0.000000000000000000, -0.9901138386947148096, 0.1402661271484180183 ) ) ;
#3864 = ORIENTED_EDGE ( 'NONE', *, *, #3847, .T. ) ;
#3865 = FACE_OUTER_BOUND ( 'NONE', #491, .T. ) ;
#3866 = DIRECTION ( 'NONE',  ( 1.000000000000000000, 0.000000000000000000, 0.000000000000000000 ) ) ;
#3867 = EDGE_CURVE ( 'NONE', #829, #486, #4199, .T. ) ;
#3868 = ADVANCED_FACE ( 'NONE', ( #3842 ), #1882, .T. ) ;
#3869 = VECTOR ( 'NONE', #3065, 1000.000000000000000 ) ;
#3870 = CARTESIAN_POINT ( 'NONE',  ( -12320.00000000000000, -1077.499998843224603, -239.9999999999985505 ) ) ;
#3871 = DIRECTION ( 'NONE',  ( -3.912072321290969353E-16, 2.775557561563032853E-16, -1.000000000000000000 ) ) ;
#3872 = AXIS2_PLACEMENT_3D ( 'NONE', #3463, #2392, #741 ) ;
#3873 = DIRECTION ( 'NONE',  ( -0.000000000000000000, -1.000000000000000000, -2.249385511977649118E-16 ) ) ;
#3874 = CARTESIAN_POINT ( 'NONE',  ( -13899.99999999999818, 814.9999999999972715, -459.9999999999978968 ) ) ;
#3875 = ORIENTED_EDGE ( 'NONE', *, *, #1752, .T. ) ;
#3876 = DIRECTION ( 'NONE',  ( -0.000000000000000000, -2.775557561563032853E-16, 1.000000000000000000 ) ) ;
#3877 = ORIENTED_EDGE ( 'NONE', *, *, #2927, .T. ) ;
#3878 = CARTESIAN_POINT ( 'NONE',  ( -14388.56810139493609, -1077.499998843224375, -589.9999999999971578 ) ) ;
#3879 = CARTESIAN_POINT ( 'NONE',  ( -14119.99999999999818, 814.9999999999972715, -239.9999999999979821 ) ) ;
#3880 = ORIENTED_EDGE ( 'NONE', *, *, #589, .T. ) ;
#3881 = AXIS2_PLACEMENT_3D ( 'NONE', #333, #2336, #687 ) ;
#3882 = EDGE_CURVE ( 'NONE', #4017, #3743, #2184, .T. ) ;
#3883 = CARTESIAN_POINT ( 'NONE',  ( -380.0000000000000000, -875.0000000000000000, -1060.000000000000000 ) ) ;
#3884 = EDGE_CURVE ( 'NONE', #2065, #1892, #577, .T. ) ;
#3885 = ORIENTED_EDGE ( 'NONE', *, *, #900, .T. ) ;
#3886 = LINE ( 'NONE', #2919, #325 ) ;
#3887 = SURFACE_STYLE_USAGE ( .BOTH. , #1900 ) ;
#3888 = LINE ( 'NONE', #3566, #4247 ) ;
#3889 = EDGE_CURVE ( 'NONE', #3636, #3514, #3888, .T. ) ;
#3890 = CARTESIAN_POINT ( 'NONE',  ( -11880.00000000000182, -1077.499998843224603, -239.9999999999985505 ) ) ;
#3891 = ORIENTED_EDGE ( 'NONE', *, *, #1044, .T. ) ;
#3892 = FACE_OUTER_BOUND ( 'NONE', #1607, .T. ) ;
#3893 = CARTESIAN_POINT ( 'NONE',  ( -19116.79486355016707, -875.0000000000000000, -1140.000000000000227 ) ) ;
#3894 = CARTESIAN_POINT ( 'NONE',  ( -15150.00000000000182, -990.0000000000020464, -960.0000000000002274 ) ) ;
#3895 = EDGE_CURVE ( 'NONE', #979, #3513, #846, .T. ) ;
#3896 = COLOUR_RGB ( '',0.7921568627450980005, 0.8196078431372548767, 0.9333333333333333481 ) ;
#3897 = CARTESIAN_POINT ( 'NONE',  ( -18500.00000000000000, -1190.000000000002728, -1160.000000000000227 ) ) ;
#3898 = DIRECTION ( 'NONE',  ( -1.000000000000000000, -0.000000000000000000, -0.000000000000000000 ) ) ;
#3899 = CARTESIAN_POINT ( 'NONE',  ( -12500.00000000000182, -814.9999999999974989, -306.2059048389991176 ) ) ;
#3900 = CARTESIAN_POINT ( 'NONE',  ( -14299.99999999999818, 1950.712458671872582, -306.2059048389979239 ) ) ;
#3901 = ORIENTED_EDGE ( 'NONE', *, *, #1044, .F. ) ;
#3902 = CARTESIAN_POINT ( 'NONE',  ( -12500.00000000000182, -1950.712458671872810, -589.9999999999973852 ) ) ;
#3903 = AXIS2_PLACEMENT_3D ( 'NONE', #1293, #1969, #624 ) ;
#3904 = VERTEX_POINT ( 'NONE', #1925 ) ;
#3905 = DIRECTION ( 'NONE',  ( 0.000000000000000000, 2.775557561563032853E-16, -1.000000000000000000 ) ) ;
#3906 = DIRECTION ( 'NONE',  ( 0.000000000000000000, -2.413528314402514090E-16, 1.000000000000000000 ) ) ;
#3907 = ORIENTED_EDGE ( 'NONE', *, *, #2846, .F. ) ;
#3908 = DIRECTION ( 'NONE',  ( 0.000000000000000000, 1.000000000000000000, 2.775557561563032853E-16 ) ) ;
#3909 = LINE ( 'NONE', #649, #2961 ) ;
#3910 = CARTESIAN_POINT ( 'NONE',  ( 0.000000000000000000, 0.000000000000000000, 0.000000000000000000 ) ) ;
#3911 = DIRECTION ( 'NONE',  ( -1.000000000000000000, 0.000000000000000000, 0.000000000000000000 ) ) ;
#3912 = FILL_AREA_STYLE ('',( #288 ) ) ;
#3913 = AXIS2_PLACEMENT_3D ( 'NONE', #2433, #3719, #3426 ) ;
#3914 = EDGE_CURVE ( 'NONE', #2241, #1046, #2838, .T. ) ;
#3915 = ORIENTED_EDGE ( 'NONE', *, *, #76, .T. ) ;
#3916 = VERTEX_POINT ( 'NONE', #4154 ) ;
#3917 = DIRECTION ( 'NONE',  ( -1.000000000000000000, -0.000000000000000000, 0.000000000000000000 ) ) ;
#3918 = VECTOR ( 'NONE', #1028, 1000.000000000000114 ) ;
#3919 = AXIS2_PLACEMENT_3D ( 'NONE', #1608, #1914, #1014 ) ;
#3920 = VECTOR ( 'NONE', #2531, 1000.000000000000114 ) ;
#3921 = CARTESIAN_POINT ( 'NONE',  ( -1949.999999999999773, 200.0000000000000000, -825.0000000000001137 ) ) ;
#3922 = LINE ( 'NONE', #967, #1776 ) ;
#3923 = CARTESIAN_POINT ( 'NONE',  ( -1949.999999999999773, 899.9999999999998863, -910.0000000000001137 ) ) ;
#3924 = CARTESIAN_POINT ( 'NONE',  ( -2.914659381970696526E-13, 1189.999999999998408, -1160.000000000000227 ) ) ;
#3925 = CARTESIAN_POINT ( 'NONE',  ( -19116.79486355016707, 875.0000000000000000, -1060.000000000000000 ) ) ;
#3926 = DIRECTION ( 'NONE',  ( 0.000000000000000000, 1.000000000000000000, 3.301729611148416588E-16 ) ) ;
#3927 = ORIENTED_EDGE ( 'NONE', *, *, #875, .F. ) ;
#3928 = CARTESIAN_POINT ( 'NONE',  ( -11611.43189860506391, 877.4999988432243754, -589.9999999999965894 ) ) ;
#3929 = EDGE_CURVE ( 'NONE', #1731, #1941, #4256, .T. ) ;
#3930 = LINE ( 'NONE', #2296, #4053 ) ;
#3931 = ORIENTED_EDGE ( 'NONE', *, *, #1717, .T. ) ;
#3932 = LINE ( 'NONE', #2238, #2937 ) ;
#3933 = VECTOR ( 'NONE', #1329, 1000.000000000000000 ) ;
#3934 = EDGE_LOOP ( 'NONE', ( #4229, #1967, #1071, #2517, #1269, #2892, #1003, #2813, #487, #4082, #1287, #3507, #2477, #151, #266, #3616 ) ) ;
#3935 = ORIENTED_EDGE ( 'NONE', *, *, #2893, .T. ) ;
#3936 = CARTESIAN_POINT ( 'NONE',  ( -14588.56810139493791, 278.9021535255452022, -725.0000000000052296 ) ) ;
#3937 = LINE ( 'NONE', #992, #3579 ) ;
#3938 = AXIS2_PLACEMENT_3D ( 'NONE', #770, #1122, #3378 ) ;
#3939 = DIRECTION ( 'NONE',  ( 0.000000000000000000, 0.000000000000000000, 1.000000000000000000 ) ) ;
#3940 = CARTESIAN_POINT ( 'NONE',  ( -11700.00000000000182, 814.9999999999972715, -589.9999999999965894 ) ) ;
#3941 = CIRCLE ( 'NONE', #1321, 79.99999999999995737 ) ;
#3942 = DIRECTION ( 'NONE',  ( 0.000000000000000000, -1.000000000000000000, -3.301729611148416588E-16 ) ) ;
#3943 = VERTEX_POINT ( 'NONE', #3320 ) ;
#3944 = LINE ( 'NONE', #3602, #1932 ) ;
#3945 = LINE ( 'NONE', #1918, #2121 ) ;
#3946 = PLANE ( 'NONE',  #1873 ) ;
#3947 = VERTEX_POINT ( 'NONE', #1690 ) ;
#3948 = CARTESIAN_POINT ( 'NONE',  ( -14299.99999999999818, -1950.712458671873037, -306.2059048389990039 ) ) ;
#3949 = EDGE_CURVE ( 'NONE', #1440, #3793, #1266, .T. ) ;
#3950 = ORIENTED_EDGE ( 'NONE', *, *, #1250, .F. ) ;
#3951 =( REPRESENTATION_RELATIONSHIP ('NONE','NONE', #3676, #2806 ) REPRESENTATION_RELATIONSHIP_WITH_TRANSFORMATION ( #4147 )SHAPE_REPRESENTATION_RELATIONSHIP( ) );
#3952 = DIRECTION ( 'NONE',  ( 0.000000000000000000, -0.000000000000000000, -1.000000000000000000 ) ) ;
#3953 = DIRECTION ( 'NONE',  ( 0.000000000000000000, -0.9901138386947148096, 0.1402661271484179906 ) ) ;
#3954 = AXIS2_PLACEMENT_3D ( 'NONE', #1127, #4100, #790 ) ;
#3955 = VERTEX_POINT ( 'NONE', #1361 ) ;
#3956 = EDGE_CURVE ( 'NONE', #2361, #2822, #651, .T. ) ;
#3957 = DIRECTION ( 'NONE',  ( 0.000000000000000000, 0.9901138386947148096, 0.1402661271484179906 ) ) ;
#3958 = LINE ( 'NONE', #1230, #3768 ) ;
#3959 = DIRECTION ( 'NONE',  ( -7.824144642581933777E-16, 2.775557561563032853E-16, -1.000000000000000000 ) ) ;
#3960 = FACE_OUTER_BOUND ( 'NONE', #3651, .T. ) ;
#3961 = EDGE_CURVE ( 'NONE', #4073, #2390, #984, .T. ) ;
#3962 = CARTESIAN_POINT ( 'NONE',  ( -13560.14709064066847, 729.4021522441533989, -769.9999999999959073 ) ) ;
#3963 = LINE ( 'NONE', #3900, #57 ) ;
#3964 = ORIENTED_EDGE ( 'NONE', *, *, #3828, .T. ) ;
#3965 = DIRECTION ( 'NONE',  ( 0.000000000000000000, -0.4999999999996849187, 0.8660254037846205621 ) ) ;
#3966 = VECTOR ( 'NONE', #475, 1000.000000000000000 ) ;
#3967 = FACE_OUTER_BOUND ( 'NONE', #1758, .T. ) ;
#3968 = CARTESIAN_POINT ( 'NONE',  ( -16150.00000000000182, 0.000000000000000000, 0.000000000000000000 ) ) ;
#3969 = VERTEX_POINT ( 'NONE', #2304 ) ;
#3970 = CARTESIAN_POINT ( 'NONE',  ( -19116.79486355016707, 794.9999999999924967, -1060.000000000000000 ) ) ;
#3971 = EDGE_LOOP ( 'NONE', ( #1663, #3056, #1546, #262 ) ) ;
#3972 = CARTESIAN_POINT ( 'NONE',  ( -3866.957084846029375, 989.9999999999984084, -868.8465180732546287 ) ) ;
#3973 = LINE ( 'NONE', #1049, #862 ) ;
#3974 = FACE_OUTER_BOUND ( 'NONE', #1545, .T. ) ;
#3975 = EDGE_CURVE ( 'NONE', #4051, #4241, #3560, .T. ) ;
#3976 = VERTEX_POINT ( 'NONE', #2697 ) ;
#3977 = VECTOR ( 'NONE', #1548, 1000.000000000000114 ) ;
#3978 = DIRECTION ( 'NONE',  ( 0.000000000000000000, 0.9185881544472646043, 0.3952161465694035702 ) ) ;
#3979 = LINE ( 'NONE', #2014, #2993 ) ;
#3980 = FACE_OUTER_BOUND ( 'NONE', #2840, .T. ) ;
#3981 = VECTOR ( 'NONE', #1125, 1000.000000000000000 ) ;
#3982 = VECTOR ( 'NONE', #350, 1000.000000000000114 ) ;
#3983 = CARTESIAN_POINT ( 'NONE',  ( 616.7948635501689978, 875.0000000000000000, -980.0000000000001137 ) ) ;
#3984 = VECTOR ( 'NONE', #2854, 999.9999999999998863 ) ;
#3985 = DIRECTION ( 'NONE',  ( -1.000000000000000000, -0.000000000000000000, -0.000000000000000000 ) ) ;
#3986 = LINE ( 'NONE', #639, #3765 ) ;
#3987 = EDGE_LOOP ( 'NONE', ( #2748, #3399, #2936, #1761, #3862, #1833, #1159, #4267 ) ) ;
#3988 = CARTESIAN_POINT ( 'NONE',  ( -13000.00000000000000, 229.9999999211528348, -725.0000000000050022 ) ) ;
#3989 = EDGE_CURVE ( 'NONE', #2867, #1623, #1339, .T. ) ;
#3990 = FACE_OUTER_BOUND ( 'NONE', #3294, .T. ) ;
#3991 = ORIENTED_EDGE ( 'NONE', *, *, #1538, .T. ) ;
#3992 = LINE ( 'NONE', #1043, #1982 ) ;
#3993 = DIRECTION ( 'NONE',  ( -1.000000000000000000, 0.000000000000000000, 0.000000000000000000 ) ) ;
#3994 = CIRCLE ( 'NONE', #607, 199.9999999999999432 ) ;
#3995 = ORIENTED_EDGE ( 'NONE', *, *, #191, .F. ) ;
#3996 = PLANE ( 'NONE',  #1853 ) ;
#3997 = CARTESIAN_POINT ( 'NONE',  ( -10255.33188238365256, 729.4021522441533989, -769.9999999999959073 ) ) ;
#3998 = EDGE_CURVE ( 'NONE', #2872, #1305, #3973, .T. ) ;
#3999 = DIRECTION ( 'NONE',  ( 1.000000000000000000, 0.000000000000000000, -0.000000000000000000 ) ) ;
#4000 = ORIENTED_EDGE ( 'NONE', *, *, #2674, .F. ) ;
#4001 = ADVANCED_FACE ( 'NONE', ( #1027 ), #2348, .T. ) ;
#4002 = CARTESIAN_POINT ( 'NONE',  ( -11611.43189860506391, 877.4999988432243754, -769.9999999999959073 ) ) ;
#4003 = DIRECTION ( 'NONE',  ( 0.000000000000000000, 0.3952161465694035702, -0.9185881544472646043 ) ) ;
#4004 = CARTESIAN_POINT ( 'NONE',  ( -10255.33188238365256, -814.9999999999974989, -589.9999999999970441 ) ) ;
#4005 = ORIENTED_EDGE ( 'NONE', *, *, #1752, .F. ) ;
#4006 = EDGE_CURVE ( 'NONE', #429, #3394, #4038, .T. ) ;
#4007 = EDGE_CURVE ( 'NONE', #3524, #1025, #3932, .T. ) ;
#4008 = ORIENTED_EDGE ( 'NONE', *, *, #850, .T. ) ;
#4009 = ADVANCED_FACE ( 'NONE', ( #3191 ), #3805, .T. ) ;
#4010 = ORIENTED_EDGE ( 'NONE', *, *, #2862, .F. ) ;
#4011 = DIRECTION ( 'NONE',  ( 0.000000000000000000, -1.000000000000000000, -2.775557561563032853E-16 ) ) ;
#4012 = AXIS2_PLACEMENT_3D ( 'NONE', #936, #1516, #1229 ) ;
#4013 = FACE_OUTER_BOUND ( 'NONE', #4120, .T. ) ;
#4014 = EDGE_LOOP ( 'NONE', ( #903, #957, #3288, #1137 ) ) ;
#4015 = CARTESIAN_POINT ( 'NONE',  ( -12442.82243898500201, -696.5740269077365383, -766.7208309781531170 ) ) ;
#4016 = DIRECTION ( 'NONE',  ( 0.000000000000000000, -1.000000000000000000, 0.000000000000000000 ) ) ;
#4017 = VERTEX_POINT ( 'NONE', #3549 ) ;
#4018 = LINE ( 'NONE', #2028, #3850 ) ;
#4019 = CARTESIAN_POINT ( 'NONE',  ( -11760.14709064067210, -729.4021522441533989, -769.9999999999963620 ) ) ;
#4020 = DIRECTION ( 'NONE',  ( 1.000000000000000000, 0.000000000000000000, 0.000000000000000000 ) ) ;
#4021 = VERTEX_POINT ( 'NONE', #3207 ) ;
#4022 = ADVANCED_FACE ( 'NONE', ( #580 ), #1195, .F. ) ;
#4023 = EDGE_CURVE ( 'NONE', #101, #1173, #2522, .T. ) ;
#4024 = CYLINDRICAL_SURFACE ( 'NONE', #412, 79.99999999999995737 ) ;
#4025 = FACE_OUTER_BOUND ( 'NONE', #1648, .T. ) ;
#4026 = EDGE_LOOP ( 'NONE', ( #3387, #2397, #3114, #245, #1411, #3159, #1540, #3478 ) ) ;
#4027 = CIRCLE ( 'NONE', #3349, 460.0000000000000000 ) ;
#4028 = VECTOR ( 'NONE', #3711, 1000.000000000000000 ) ;
#4029 = EDGE_CURVE ( 'NONE', #1893, #4021, #2808, .T. ) ;
#4030 = ORIENTED_EDGE ( 'NONE', *, *, #2091, .T. ) ;
#4031 = EDGE_LOOP ( 'NONE', ( #1165, #1290, #1614, #190 ) ) ;
#4032 = DIRECTION ( 'NONE',  ( 0.000000000000000000, -1.000000000000000000, -2.775557561563032853E-16 ) ) ;
#4033 = EDGE_CURVE ( 'NONE', #2176, #2027, #2194, .T. ) ;
#4034 = ORIENTED_EDGE ( 'NONE', *, *, #2025, .T. ) ;
#4035 = DIRECTION ( 'NONE',  ( 1.000000000000000000, -0.000000000000000000, -0.000000000000000000 ) ) ;
#4036 = CARTESIAN_POINT ( 'NONE',  ( -13499.99999999999818, -1950.712458671872810, -589.9999999999973852 ) ) ;
#4037 = CARTESIAN_POINT ( 'NONE',  ( -2349.999999999999545, 899.9999999999998863, -910.0000000000001137 ) ) ;
#4038 = CIRCLE ( 'NONE', #3903, 6000.000000000000000 ) ;
#4039 = ORIENTED_EDGE ( 'NONE', *, *, #3543, .T. ) ;
#4040 = CARTESIAN_POINT ( 'NONE',  ( -11611.43189860506391, 1077.499998843224375, -589.9999999999964757 ) ) ;
#4041 = CARTESIAN_POINT ( 'NONE',  ( -13899.99999999999818, 814.9999999999974989, -909.9999999999982947 ) ) ;
#4042 = ORIENTED_EDGE ( 'NONE', *, *, #1905, .F. ) ;
#4043 = ORIENTED_EDGE ( 'NONE', *, *, #571, .T. ) ;
#4044 = LINE ( 'NONE', #1468, #769 ) ;
#4045 = EDGE_CURVE ( 'NONE', #472, #833, #3140, .T. ) ;
#4046 = DIRECTION ( 'NONE',  ( 0.000000000000000000, -1.000000000000000000, -2.249385511977649118E-16 ) ) ;
#4047 = ORIENTED_EDGE ( 'NONE', *, *, #2391, .F. ) ;
#4048 = AXIS2_PLACEMENT_3D ( 'NONE', #3841, #1835, #845 ) ;
#4049 = PRODUCT_DEFINITION_SHAPE ( 'NONE', 'NONE',  #4302 ) ;
#4050 = CIRCLE ( 'NONE', #2750, 277.7941176470602045 ) ;
#4051 = VERTEX_POINT ( 'NONE', #895 ) ;
#4052 = COLOUR_RGB ( '',0.7921568627450980005, 0.8196078431372548767, 0.9333333333333333481 ) ;
#4053 = VECTOR ( 'NONE', #665, 1000.000000000000000 ) ;
#4054 = VECTOR ( 'NONE', #1055, 1000.000000000000000 ) ;
#4055 = CARTESIAN_POINT ( 'NONE',  ( -12923.68347295909734, 1189.999999999998408, -660.0000000000001137 ) ) ;
#4056 = ORIENTED_EDGE ( 'NONE', *, *, #1649, .T. ) ;
#4057 = LINE ( 'NONE', #588, #803 ) ;
#4058 = DIRECTION ( 'NONE',  ( 0.000000000000000000, -1.000000000000000000, -2.249385511977649118E-16 ) ) ;
#4059 = ORIENTED_EDGE ( 'NONE', *, *, #3295, .T. ) ;
#4060 = DIRECTION ( 'NONE',  ( -1.000000000000000000, -0.000000000000000000, -0.000000000000000000 ) ) ;
#4061 = EDGE_CURVE ( 'NONE', #4093, #4240, #2543, .T. ) ;
#4062 = EDGE_CURVE ( 'NONE', #2744, #933, #297, .T. ) ;
#4063 = FACE_OUTER_BOUND ( 'NONE', #3814, .T. ) ;
#4064 = DIRECTION ( 'NONE',  ( 0.000000000000000000, -1.000000000000000000, -0.000000000000000000 ) ) ;
#4065 = ORIENTED_EDGE ( 'NONE', *, *, #156, .T. ) ;
#4066 = EDGE_LOOP ( 'NONE', ( #373, #3935, #3452, #3773 ) ) ;
#4067 = CARTESIAN_POINT ( 'NONE',  ( -12100.00000000000182, 814.9999999999971578, 2.275957200481570908E-12 ) ) ;
#4068 = DIRECTION ( 'NONE',  ( 1.000000000000000000, 0.000000000000000000, -1.189916929857710326E-16 ) ) ;
#4069 = EDGE_CURVE ( 'NONE', #1895, #104, #2888, .T. ) ;
#4070 = CARTESIAN_POINT ( 'NONE',  ( -18500.00000000000000, 1189.999999999998408, -1160.000000000000227 ) ) ;
#4071 = ORIENTED_EDGE ( 'NONE', *, *, #1056, .F. ) ;
#4072 = ADVANCED_FACE ( 'NONE', ( #3634, #1037, #2266 ), #1978, .F. ) ;
#4073 = VERTEX_POINT ( 'NONE', #3924 ) ;
#4074 = CARTESIAN_POINT ( 'NONE',  ( -14119.99999999999818, 814.9999999999972715, -517.7941176470590108 ) ) ;
#4075 = ORIENTED_EDGE ( 'NONE', *, *, #3723, .T. ) ;
#4076 = CYLINDRICAL_SURFACE ( 'NONE', #92, 6000.000000000000000 ) ;
#4077 = CARTESIAN_POINT ( 'NONE',  ( -13560.14709064066847, 1054.999999999997499, -769.9999999999957936 ) ) ;
#4078 = ORIENTED_EDGE ( 'NONE', *, *, #1740, .T. ) ;
#4079 = DIRECTION ( 'NONE',  ( 1.000000000000000000, 0.000000000000000000, 0.000000000000000000 ) ) ;
#4080 = VECTOR ( 'NONE', #978, 1000.000000000000000 ) ;
#4081 = CARTESIAN_POINT ( 'NONE',  ( -16550.00000000000000, -200.0000000000000000, -825.0000000000001137 ) ) ;
#4082 = ORIENTED_EDGE ( 'NONE', *, *, #3889, .T. ) ;
#4083 = ADVANCED_FACE ( 'NONE', ( #251 ), #1012, .T. ) ;
#4084 = VERTEX_POINT ( 'NONE', #3327 ) ;
#4085 = CIRCLE ( 'NONE', #3338, 460.0000000000001137 ) ;
#4086 = DIRECTION ( 'NONE',  ( 7.824144642581933777E-16, -2.775557561563032853E-16, 1.000000000000000000 ) ) ;
#4087 = DIRECTION ( 'NONE',  ( -0.1736481776669237531, 0.000000000000000000, -0.9848077530122092416 ) ) ;
#4088 = CARTESIAN_POINT ( 'NONE',  ( -10255.33188238365256, 814.9999999999974989, -769.9999999999959073 ) ) ;
#4089 = ORIENTED_EDGE ( 'NONE', *, *, #4006, .T. ) ;
#4090 = EDGE_CURVE ( 'NONE', #933, #1153, #2980, .T. ) ;
#4091 = ORIENTED_EDGE ( 'NONE', *, *, #3430, .T. ) ;
#4092 = AXIS2_PLACEMENT_3D ( 'NONE', #3600, #972, #352 ) ;
#4093 = VERTEX_POINT ( 'NONE', #1276 ) ;
#4094 = EDGE_CURVE ( 'NONE', #1341, #1169, #1707, .T. ) ;
#4095 = EDGE_CURVE ( 'NONE', #2221, #3735, #3279, .T. ) ;
#4096 = ORIENTED_EDGE ( 'NONE', *, *, #2311, .T. ) ;
#4097 = CARTESIAN_POINT ( 'NONE',  ( -16150.00000000000182, -800.0000000000000000, -910.0000000000001137 ) ) ;
#4098 = CARTESIAN_POINT ( 'NONE',  ( -292.6587287503931520, 1189.999999999998408, 1659.750127714602968 ) ) ;
#4099 = VERTEX_POINT ( 'NONE', #610 ) ;
#4100 = DIRECTION ( 'NONE',  ( -0.000000000000000000, -1.000000000000000000, -2.249385511977649118E-16 ) ) ;
#4101 = CARTESIAN_POINT ( 'NONE',  ( -13899.99999999999818, -814.9999999999974989, -459.9999999999983515 ) ) ;
#4102 = ORIENTED_EDGE ( 'NONE', *, *, #474, .F. ) ;
#4103 = VERTEX_POINT ( 'NONE', #300 ) ;
#4104 = CARTESIAN_POINT ( 'NONE',  ( -1949.999999999999773, -200.0000000000000000, -825.0000000000001137 ) ) ;
#4105 = CARTESIAN_POINT ( 'NONE',  ( -1.174201978586608096E-13, 989.9999999999984084, -960.0000000000020464 ) ) ;
#4106 = CARTESIAN_POINT ( 'NONE',  ( -13555.71061244389966, 679.9999999999977263, -765.0652677973102982 ) ) ;
#4107 = EDGE_CURVE ( 'NONE', #3133, #3955, #1628, .T. ) ;
#4108 = AXIS2_PLACEMENT_3D ( 'NONE', #2809, #1480, #2505 ) ;
#4109 = ORIENTED_EDGE ( 'NONE', *, *, #1808, .T. ) ;
#4110 = ORIENTED_EDGE ( 'NONE', *, *, #1081, .T. ) ;
#4111 = ORIENTED_EDGE ( 'NONE', *, *, #583, .F. ) ;
#4112 = CARTESIAN_POINT ( 'NONE',  ( -16150.00000000000182, 1189.999999999998408, -960.0000000000002274 ) ) ;
#4113 = VECTOR ( 'NONE', #3898, 1000.000000000000000 ) ;
#4114 = CIRCLE ( 'NONE', #2951, 277.7941176470602045 ) ;
#4115 = DIRECTION ( 'NONE',  ( 0.000000000000000000, 1.000000000000000000, 2.775557561563032853E-16 ) ) ;
#4116 = APPLICATION_CONTEXT ( 'automotive_design' ) ;
#4117 = EDGE_LOOP ( 'NONE', ( #1692, #573, #4265, #2870, #3168 ) ) ;
#4118 = DIRECTION ( 'NONE',  ( 0.000000000000000000, 1.000000000000000000, 3.301729611148416588E-16 ) ) ;
#4119 = CARTESIAN_POINT ( 'NONE',  ( -12923.68347295909734, -990.0000000000018190, -6660.000000000000000 ) ) ;
#4120 = EDGE_LOOP ( 'NONE', ( #1147, #2740, #3433, #963, #3169, #3359 ) ) ;
#4121 = CARTESIAN_POINT ( 'NONE',  ( -13000.00000000000000, -172.2649730022416747, -825.0000000000000000 ) ) ;
#4122 = VERTEX_POINT ( 'NONE', #1251 ) ;
#4123 = FACE_OUTER_BOUND ( 'NONE', #4158, .T. ) ;
#4124 = VECTOR ( 'NONE', #820, 1000.000000000000000 ) ;
#4125 = ITEM_DEFINED_TRANSFORMATION ( 'NONE', 'NONE', #921,  #3130 ) ;
#4126 = LINE ( 'NONE', #860, #1767 ) ;
#4127 = EDGE_LOOP ( 'NONE', ( #2617, #1640, #3671, #2588 ) ) ;
#4128 = VERTEX_POINT ( 'NONE', #3658 ) ;
#4129 = DIRECTION ( 'NONE',  ( -0.000000000000000000, 0.000000000000000000, -1.000000000000000000 ) ) ;
#4130 = CARTESIAN_POINT ( 'NONE',  ( -13680.00000000000000, -1950.712458671872810, -517.7941176470596929 ) ) ;
#4131 = ORIENTED_EDGE ( 'NONE', *, *, #3118, .T. ) ;
#4132 = ORIENTED_EDGE ( 'NONE', *, *, #3018, .F. ) ;
#4133 = CARTESIAN_POINT ( 'NONE',  ( -5576.316527040901747, 1189.999999999998408, -6660.000000000000909 ) ) ;
#4134 = EDGE_CURVE ( 'NONE', #2257, #2361, #1325, .T. ) ;
#4135 = AXIS2_PLACEMENT_3D ( 'NONE', #2966, #1313, #731 ) ;
#4136 = DIRECTION ( 'NONE',  ( 0.000000000000000000, 0.000000000000000000, 1.000000000000000000 ) ) ;
#4137 = MANIFOLD_SURFACE_SHAPE_REPRESENTATION ( '', ( #3533, #3130 ), #854 ) ;
#4138 = LINE ( 'NONE', #2457, #2843 ) ;
#4139 = ADVANCED_FACE ( 'NONE', ( #324 ), #1957, .F. ) ;
#4140 = CIRCLE ( 'NONE', #1174, 277.7941176470602045 ) ;
#4141 = DIRECTION ( 'NONE',  ( 0.000000000000000000, 0.9854601157443478865, -0.1699069165076472210 ) ) ;
#4142 = ORIENTED_EDGE ( 'NONE', *, *, #346, .T. ) ;
#4143 = CARTESIAN_POINT ( 'NONE',  ( -18120.00000000000000, -875.0000000000000000, -1060.000000000000000 ) ) ;
#4144 = EDGE_CURVE ( 'NONE', #3639, #2232, #2956, .T. ) ;
#4145 = VERTEX_POINT ( 'NONE', #1346 ) ;
#4146 = CARTESIAN_POINT ( 'NONE',  ( -11700.00000000000182, 1077.499998843224375, -589.9999999999964757 ) ) ;
#4147 = ITEM_DEFINED_TRANSFORMATION ( 'NONE', 'NONE', #718,  #2165 ) ;
#4148 = DIRECTION ( 'NONE',  ( 0.000000000000000000, 2.200304988219453045E-16, 1.000000000000000000 ) ) ;
#4149 = ORIENTED_EDGE ( 'NONE', *, *, #537, .T. ) ;
#4150 = VERTEX_POINT ( 'NONE', #2585 ) ;
#4151 = CARTESIAN_POINT ( 'NONE',  ( -14299.99999999999818, 1950.712458671872810, -589.9999999999963620 ) ) ;
#4152 = VECTOR ( 'NONE', #2857, 1000.000000000000000 ) ;
#4153 = DIRECTION ( 'NONE',  ( 0.000000000000000000, 1.000000000000000000, 3.301729611148416588E-16 ) ) ;
#4154 = CARTESIAN_POINT ( 'NONE',  ( -12547.28068913207790, -679.9999999999977263, -567.4243228023079837 ) ) ;
#4155 = LINE ( 'NONE', #3180, #2079 ) ;
#4156 = AXIS2_PLACEMENT_3D ( 'NONE', #939, #3186, #3852 ) ;
#4157 = ADVANCED_FACE ( 'NONE', ( #4294 ), #705, .F. ) ;
#4158 = EDGE_LOOP ( 'NONE', ( #3846, #2188, #3609, #2334 ) ) ;
#4159 = VERTEX_POINT ( 'NONE', #1299 ) ;
#4160 = EDGE_CURVE ( 'NONE', #3780, #228, #3613, .T. ) ;
#4161 = PRODUCT_DEFINITION_SHAPE ( 'NONE', 'NONE',  #3420 ) ;
#4162 = DIRECTION ( 'NONE',  ( 0.000000000000000000, 0.000000000000000000, 1.000000000000000000 ) ) ;
#4163 = CARTESIAN_POINT ( 'NONE',  ( 616.7948635501689978, -795.0000000000001137, -1060.000000000000000 ) ) ;
#4164 = CARTESIAN_POINT ( 'NONE',  ( -16550.00000000000000, 800.0000000000000000, -910.0000000000001137 ) ) ;
#4165 = EDGE_CURVE ( 'NONE', #3412, #4287, #2461, .T. ) ;
#4166 = EDGE_LOOP ( 'NONE', ( #84, #2321, #208, #4280 ) ) ;
#4167 = ORIENTED_EDGE ( 'NONE', *, *, #1520, .F. ) ;
#4168 = ITEM_DEFINED_TRANSFORMATION ( 'NONE', 'NONE', #1817,  #3130 ) ;
#4169 = CARTESIAN_POINT ( 'NONE',  ( -1949.999999999999773, -899.9999999999998863, -910.0000000000001137 ) ) ;
#4170 = ORIENTED_EDGE ( 'NONE', *, *, #220, .F. ) ;
#4171 = CARTESIAN_POINT ( 'NONE',  ( -11411.43189860506209, -729.4021522441533989, -769.9999999999963620 ) ) ;
#4172 = CARTESIAN_POINT ( 'NONE',  ( -11656.54998713038367, 715.1018965907406937, -582.5266689850958528 ) ) ;
#4173 = FACE_OUTER_BOUND ( 'NONE', #1396, .T. ) ;
#4174 =( LENGTH_UNIT ( ) NAMED_UNIT ( * ) SI_UNIT ( .MILLI., .METRE. ) );
#4175 = CARTESIAN_POINT ( 'NONE',  ( -12439.85290935933153, -729.4021522441533989, -769.9999999999963620 ) ) ;
#4176 = CARTESIAN_POINT ( 'NONE',  ( -13899.99999999999818, 679.9999999999977263, -459.9999999999979536 ) ) ;
#4177 = EDGE_LOOP ( 'NONE', ( #3734, #3015 ) ) ;
#4178 = EDGE_LOOP ( 'NONE', ( #1182, #160, #503, #676 ) ) ;
#4179 = VECTOR ( 'NONE', #1242, 1000.000000000000000 ) ;
#4180 = PLANE ( 'NONE',  #269 ) ;
#4181 = CARTESIAN_POINT ( 'NONE',  ( -12320.00000000000000, 1077.499998843224375, -517.7941176470588971 ) ) ;
#4182 = ADVANCED_FACE ( 'NONE', ( #3960 ), #2634, .T. ) ;
#4183 = FACE_OUTER_BOUND ( 'NONE', #3370, .T. ) ;
#4184 = AXIS2_PLACEMENT_3D ( 'NONE', #2869, #1186, #2512 ) ;
#4185 = ORIENTED_EDGE ( 'NONE', *, *, #5, .F. ) ;
#4186 = ORIENTED_EDGE ( 'NONE', *, *, #260, .T. ) ;
#4187 = DIRECTION ( 'NONE',  ( -1.000000000000000000, -0.000000000000000000, -0.000000000000000000 ) ) ;
#4188 = VECTOR ( 'NONE', #1180, 1000.000000000000000 ) ;
#4189 = ORIENTED_EDGE ( 'NONE', *, *, #2742, .T. ) ;
#4190 = VECTOR ( 'NONE', #971, 1000.000000000000000 ) ;
#4191 = DIRECTION ( 'NONE',  ( 0.000000000000000000, 1.000000000000000000, 2.775557561563032853E-16 ) ) ;
#4192 = CARTESIAN_POINT ( 'NONE',  ( -13499.99999999999818, -1950.712458671873037, -306.2059048389992313 ) ) ;
#4193 = EDGE_CURVE ( 'NONE', #105, #3442, #1277, .T. ) ;
#4194 = ORIENTED_EDGE ( 'NONE', *, *, #441, .F. ) ;
#4195 = EDGE_CURVE ( 'NONE', #2369, #229, #370, .T. ) ;
#4196 = VECTOR ( 'NONE', #594, 1000.000000000000000 ) ;
#4197 = CARTESIAN_POINT ( 'NONE',  ( -13499.99999999999818, -1077.499998843224603, -306.2059048389992313 ) ) ;
#4198 = SPHERICAL_SURFACE ( 'NONE', #1629, 1000.000000000000000 ) ;
#4199 = LINE ( 'NONE', #1574, #3425 ) ;
#4200 = DIRECTION ( 'NONE',  ( -0.000000000000000000, -1.000000000000000000, -0.000000000000000000 ) ) ;
#4201 = VECTOR ( 'NONE', #800, 1000.000000000000000 ) ;
#4202 = ORIENTED_EDGE ( 'NONE', *, *, #2858, .F. ) ;
#4203 = VERTEX_POINT ( 'NONE', #3467 ) ;
#4204 = DIRECTION ( 'NONE',  ( 0.000000000000000000, -1.000000000000000000, 0.000000000000000000 ) ) ;
#4205 = EDGE_CURVE ( 'NONE', #2231, #2241, #2123, .T. ) ;
#4206 = VECTOR ( 'NONE', #31, 1000.000000000000000 ) ;
#4207 = CARTESIAN_POINT ( 'NONE',  ( -2349.999999999999545, -899.9999999999998863, -910.0000000000001137 ) ) ;
#4208 = CARTESIAN_POINT ( 'NONE',  ( -14119.99999999999818, 1950.712458671872582, -239.9999999999976694 ) ) ;
#4209 = ADVANCED_FACE ( 'NONE', ( #802 ), #2801, .T. ) ;
#4210 = DIRECTION ( 'NONE',  ( 0.000000000000000000, -1.000000000000000000, -2.775557561563032853E-16 ) ) ;
#4211 = ORIENTED_EDGE ( 'NONE', *, *, #1584, .F. ) ;
#4212 = DIRECTION ( 'NONE',  ( -0.000000000000000000, -0.9901138386947148096, -0.1402661271484180183 ) ) ;
#4213 = ORIENTED_EDGE ( 'NONE', *, *, #3120, .T. ) ;
#4214 = DIRECTION ( 'NONE',  ( 0.000000000000000000, -2.775557561563032853E-16, 1.000000000000000000 ) ) ;
#4215 = ORIENTED_EDGE ( 'NONE', *, *, #3388, .F. ) ;
#4216 = CARTESIAN_POINT ( 'NONE',  ( -14588.56810139493791, 1.251372518897804489E-14, -755.0854464784850961 ) ) ;
#4217 = EDGE_LOOP ( 'NONE', ( #2403, #2754, #696, #78 ) ) ;
#4218 = CARTESIAN_POINT ( 'NONE',  ( -12320.00000000000000, 814.9999999999972715, -517.7941176470590108 ) ) ;
#4219 = LINE ( 'NONE', #3796, #3014 ) ;
#4220 = DIRECTION ( 'NONE',  ( 0.000000000000000000, 0.000000000000000000, 1.000000000000000000 ) ) ;
#4221 = ADVANCED_FACE ( 'NONE', ( #1820 ), #3782, .T. ) ;
#4222 = ORIENTED_EDGE ( 'NONE', *, *, #342, .T. ) ;
#4223 = CARTESIAN_POINT ( 'NONE',  ( -2.914659381970696526E-13, 1189.999999999998408, -960.0000000000002274 ) ) ;
#4224 = CARTESIAN_POINT ( 'NONE',  ( -14588.56810139493791, 4.163336342343552110E-15, -725.0000000000051159 ) ) ;
#4225 = AXIS2_PLACEMENT_3D ( 'NONE', #2537, #3826, #1193 ) ;
#4226 = FACE_OUTER_BOUND ( 'NONE', #776, .T. ) ;
#4227 = CARTESIAN_POINT ( 'NONE',  ( -12320.00000000000000, -1950.712458671873037, -239.9999999999987779 ) ) ;
#4228 = CARTESIAN_POINT ( 'NONE',  ( -19120.00000000000000, -875.0000000000001137, -1060.000000000000000 ) ) ;
#4229 = ORIENTED_EDGE ( 'NONE', *, *, #4069, .F. ) ;
#4230 = PLANE ( 'NONE',  #955 ) ;
#4231 = EDGE_LOOP ( 'NONE', ( #122, #3544 ) ) ;
#4232 = ADVANCED_FACE ( 'NONE', ( #1498 ), #132, .T. ) ;
#4233 = FACE_OUTER_BOUND ( 'NONE', #3725, .T. ) ;
#4234 = DIRECTION ( 'NONE',  ( 1.000000000000000000, 0.000000000000000000, 0.000000000000000000 ) ) ;
#4235 = LINE ( 'NONE', #2494, #391 ) ;
#4236 = CIRCLE ( 'NONE', #496, 460.0000000000001137 ) ;
#4237 = VECTOR ( 'NONE', #1315, 1000.000000000000000 ) ;
#4238 = CARTESIAN_POINT ( 'NONE',  ( -11411.43189860506209, 4.163336342343552110E-15, -725.0000000000051159 ) ) ;
#4239 = DIRECTION ( 'NONE',  ( 0.000000000000000000, -0.9854601157443478865, -0.1699069165076472210 ) ) ;
#4240 = VERTEX_POINT ( 'NONE', #1477 ) ;
#4241 = VERTEX_POINT ( 'NONE', #1175 ) ;
#4242 = LINE ( 'NONE', #1270, #4297 ) ;
#4243 = EDGE_CURVE ( 'NONE', #1948, #4084, #2167, .T. ) ;
#4244 = DIRECTION ( 'NONE',  ( 0.000000000000000000, 1.000000000000000000, 2.775557561563032853E-16 ) ) ;
#4245 = DIRECTION ( 'NONE',  ( -1.000000000000000000, -0.000000000000000000, -0.000000000000000000 ) ) ;
#4246 = CARTESIAN_POINT ( 'NONE',  ( -11700.00000000000182, -1950.712458671872810, -589.9999999999973852 ) ) ;
#4247 = VECTOR ( 'NONE', #2921, 1000.000000000000000 ) ;
#4248 = ADVANCED_FACE ( 'NONE', ( #2112 ), #821, .T. ) ;
#4249 = DIRECTION ( 'NONE',  ( 1.000000000000000000, 2.400482215405744004E-16, 0.000000000000000000 ) ) ;
#4250 = CARTESIAN_POINT ( 'NONE',  ( -15674.93198115551786, 0.000000000000000000, -960.0000000000002274 ) ) ;
#4251 = LINE ( 'NONE', #970, #1011 ) ;
#4252 = DIRECTION ( 'NONE',  ( -1.000000000000000000, 0.000000000000000000, 0.000000000000000000 ) ) ;
#4253 = DIRECTION ( 'NONE',  ( 0.000000000000000000, -1.000000000000000000, -2.249385511977649118E-16 ) ) ;
#4254 = ORIENTED_EDGE ( 'NONE', *, *, #3260, .T. ) ;
#4255 = DIRECTION ( 'NONE',  ( 0.000000000000000000, 0.000000000000000000, 1.000000000000000000 ) ) ;
#4256 = CIRCLE ( 'NONE', #2393, 79.99999999999995737 ) ;
#4257 = ORIENTED_EDGE ( 'NONE', *, *, #1808, .F. ) ;
#4258 = CARTESIAN_POINT ( 'NONE',  ( -2349.999999999999545, -800.0000000000000000, -910.0000000000001137 ) ) ;
#4259 = EDGE_LOOP ( 'NONE', ( #1679, #730, #3154, #244 ) ) ;
#4260 = AXIS2_PLACEMENT_3D ( 'NONE', #1422, #2788, #2465 ) ;
#4261 = LINE ( 'NONE', #3270, #2420 ) ;
#4262 =( LENGTH_UNIT ( ) NAMED_UNIT ( * ) SI_UNIT ( .MILLI., .METRE. ) );
#4263 = DIRECTION ( 'NONE',  ( 1.000000000000000000, -0.000000000000000000, 0.000000000000000000 ) ) ;
#4264 = CIRCLE ( 'NONE', #2747, 5999.999999999999091 ) ;
#4265 = ORIENTED_EDGE ( 'NONE', *, *, #3811, .F. ) ;
#4266 = ADVANCED_FACE ( 'NONE', ( #1149 ), #3521, .T. ) ;
#4267 = ORIENTED_EDGE ( 'NONE', *, *, #149, .T. ) ;
#4268 = AXIS2_PLACEMENT_3D ( 'NONE', #700, #1602, #321 ) ;
#4269 = LINE ( 'NONE', #3276, #1220 ) ;
#4270 = DIRECTION ( 'NONE',  ( 0.000000000000000000, 2.775557561563032853E-16, -1.000000000000000000 ) ) ;
#4271 = DIRECTION ( 'NONE',  ( 1.000000000000000000, 0.000000000000000000, 0.000000000000000000 ) ) ;
#4272 = LINE ( 'NONE', #3855, #2524 ) ;
#4273 = EDGE_CURVE ( 'NONE', #1209, #2488, #1467, .T. ) ;
#4274 = LINE ( 'NONE', #3940, #3087 ) ;
#4275 = LINE ( 'NONE', #3330, #3198 ) ;
#4276 = ORIENTED_EDGE ( 'NONE', *, *, #613, .T. ) ;
#4277 = LINE ( 'NONE', #39, #2832 ) ;
#4278 = LINE ( 'NONE', #3313, #2191 ) ;
#4279 = CARTESIAN_POINT ( 'NONE',  ( -13458.75177054179403, 814.9999999999972715, -589.9999999999965894 ) ) ;
#4280 = ORIENTED_EDGE ( 'NONE', *, *, #964, .T. ) ;
#4281 = FACE_OUTER_BOUND ( 'NONE', #1060, .T. ) ;
#4282 = DIRECTION ( 'NONE',  ( 0.000000000000000000, 0.000000000000000000, 1.000000000000000000 ) ) ;
#4283 = ORIENTED_EDGE ( 'NONE', *, *, #1539, .F. ) ;
#4284 = DIRECTION ( 'NONE',  ( 0.000000000000000000, 2.775557561563032853E-16, -1.000000000000000000 ) ) ;
#4285 = AXIS2_PLACEMENT_3D ( 'NONE', #2380, #3680, #3045 ) ;
#4286 = PLANE ( 'NONE',  #1152 ) ;
#4287 = VERTEX_POINT ( 'NONE', #3795 ) ;
#4288 = CARTESIAN_POINT ( 'NONE',  ( -11411.43189860506209, -732.4719190560189190, -589.9999999999970441 ) ) ;
#4289 = ADVANCED_FACE ( 'NONE', ( #2837 ), #467, .T. ) ;
#4290 = LINE ( 'NONE', #1322, #456 ) ;
#4291 = PLANE ( 'NONE',  #1508 ) ;
#4292 =( BOUNDED_CURVE ( )  B_SPLINE_CURVE ( 3, ( #991, #3255, #1034, #2328 ),
 .UNSPECIFIED., .F., .F. ) 
 B_SPLINE_CURVE_WITH_KNOTS ( ( 4, 4 ),
 ( 0.8313038383525110930, 0.8457296285623812082 ),
 .UNSPECIFIED. ) 
 CURVE ( )  GEOMETRIC_REPRESENTATION_ITEM ( )  RATIONAL_B_SPLINE_CURVE ( ( 1.000000000000000000, 0.9999826581232540423, 0.9999826581232540423, 1.000000000000000000 ) ) 
 REPRESENTATION_ITEM ( '' )  );
#4293 = VECTOR ( 'NONE', #924, 1000.000000000000000 ) ;
#4294 = FACE_OUTER_BOUND ( 'NONE', #49, .T. ) ;
#4295 = CIRCLE ( 'NONE', #2646, 277.7941176470602045 ) ;
#4296 = PLANE ( 'NONE',  #524 ) ;
#4297 = VECTOR ( 'NONE', #3917, 1000.000000000000000 ) ;
#4298 = CARTESIAN_POINT ( 'NONE',  ( -11411.43189860506209, 176.9719203373657592, -350.9999999999987494 ) ) ;
#4299 = ORIENTED_EDGE ( 'NONE', *, *, #2377, .F. ) ;
#4300 = ORIENTED_EDGE ( 'NONE', *, *, #638, .F. ) ;
#4301 = NEXT_ASSEMBLY_USAGE_OCCURRENCE ( 'NAUO1', ' ', ' ', #1674, #444, $ ) ;
#4302 = NEXT_ASSEMBLY_USAGE_OCCURRENCE ( 'NAUO2', ' ', ' ', #1674, #3420, $ ) ;
#4303 = NEXT_ASSEMBLY_USAGE_OCCURRENCE ( 'NAUO3', ' ', ' ', #1674, #3420, $ ) ;
ENDSEC;
END-ISO-10303-21;
