ISO-10303-21;
HEADER;
FILE_DESCRIPTION (( 'STEP AP214' ),
    '1' );
FILE_NAME ('WagonPlane_40ft_MediumDetailed.STEP',
    '2026-02-24T13:08:28',
    ( '' ),
    ( '' ),
    'SwSTEP 2.0',
    'SolidWorks 2022',
    '' );
FILE_SCHEMA (( 'AUTOMOTIVE_DESIGN' ));
ENDSEC;

DATA;
#1 = VECTOR ( 'NONE', #1712, 1.000000000000000000 ) ;
#2 = CIRCLE ( 'NONE', #393, 0.07999999999999996003 ) ;
#3 = FACE_OUTER_BOUND ( 'NONE', #1453, .T. ) ;
#4 = DIRECTION ( 'NONE',  ( -0.000000000000000000, 0.000000000000000000, -1.000000000000000000 ) ) ;
#5 = ORIENTED_EDGE ( 'NONE', *, *, #1178, .F. ) ;
#6 = CARTESIAN_POINT ( 'NONE',  ( -2.825068018844486772, 1.189999999999998392, -0.9600000000000001865 ) ) ;
#7 = EDGE_LOOP ( 'NONE', ( #1131, #1724, #752, #1537 ) ) ;
#8 = DIRECTION ( 'NONE',  ( 1.000000000000000000, 2.193033135062037489E-16, 0.000000000000000000 ) ) ;
#9 = EDGE_LOOP ( 'NONE', ( #1115, #1034, #10, #48, #804 ) ) ;
#10 = ORIENTED_EDGE ( 'NONE', *, *, #1212, .F. ) ;
#11 = EDGE_CURVE ( 'NONE', #1566, #164, #1433, .T. ) ;
#12 = CARTESIAN_POINT ( 'NONE',  ( -14.17500000000000071, -1.190000000000001501, -0.9600000000000001865 ) ) ;
#13 = DIRECTION ( 'NONE',  ( 1.000000000000000000, -0.000000000000000000, -0.000000000000000000 ) ) ;
#14 = EDGE_LOOP ( 'NONE', ( #568, #811, #1700, #1702 ) ) ;
#15 = CARTESIAN_POINT ( 'NONE',  ( -14.17500000000000071, -0.9900000000000015454, -0.9600000000000001865 ) ) ;
#16 = CARTESIAN_POINT ( 'NONE',  ( -14.17500000000000071, 1.189999999999997948, -0.9600000000000001865 ) ) ;
#17 = VERTEX_POINT ( 'NONE', #47 ) ;
#18 = CARTESIAN_POINT ( 'NONE',  ( -1.950000000000000622, 0.8000000000000000444, -0.9100000000000001421 ) ) ;
#19 = VERTEX_POINT ( 'NONE', #1316 ) ;
#20 = VERTEX_POINT ( 'NONE', #631 ) ;
#21 = EDGE_CURVE ( 'NONE', #1044, #1161, #1185, .T. ) ;
#22 = DIRECTION ( 'NONE',  ( 0.9848077530122092416, 0.000000000000000000, -0.1736481776669237531 ) ) ;
#23 = EDGE_CURVE ( 'NONE', #942, #172, #408, .T. ) ;
#24 = PLANE ( 'NONE',  #146 ) ;
#25 = ORIENTED_EDGE ( 'NONE', *, *, #1770, .T. ) ;
#26 = CARTESIAN_POINT ( 'NONE',  ( -9.640572538960640259, 1.189999999999998392, -0.7511534819267456919 ) ) ;
#27 = ORIENTED_EDGE ( 'NONE', *, *, #1390, .T. ) ;
#28 = CARTESIAN_POINT ( 'NONE',  ( -2.350000000000000533, 0.2000000000000000111, -0.8250000000000000666 ) ) ;
#29 = MECHANICAL_DESIGN_GEOMETRIC_PRESENTATION_REPRESENTATION (  '', ( #1633 ), #934 ) ;
#30 = VECTOR ( 'NONE', #538, 1.000000000000000000 ) ;
#31 = PRESENTATION_LAYER_ASSIGNMENT (  '', '', ( #1171 ) ) ;
#32 = AXIS2_PLACEMENT_3D ( 'NONE', #170, #635, #104 ) ;
#33 = CARTESIAN_POINT ( 'NONE',  ( -12.22500000000000142, 1.189999999999998392, -0.9600000000000001865 ) ) ;
#34 = DIRECTION ( 'NONE',  ( 0.000000000000000000, 0.1699069165076472487, 0.9854601157443478865 ) ) ;
#35 = ORIENTED_EDGE ( 'NONE', *, *, #600, .F. ) ;
#36 = DIRECTION ( 'NONE',  ( 0.000000000000000000, -0.9854601157443477755, -0.1699069165076472210 ) ) ;
#37 = VERTEX_POINT ( 'NONE', #271 ) ;
#38 = CARTESIAN_POINT ( 'NONE',  ( -2.825068018844486328, 0.000000000000000000, 5.040000000000000036 ) ) ;
#39 = EDGE_LOOP ( 'NONE', ( #561, #100, #813, #1006 ) ) ;
#40 = CARTESIAN_POINT ( 'NONE',  ( -2.825068018844486328, -1.189999999999999059, 5.040000000000000036 ) ) ;
#41 = ORIENTED_EDGE ( 'NONE', *, *, #1450, .T. ) ;
#42 = CARTESIAN_POINT ( 'NONE',  ( 0.6167948635501689925, 0.8750000000000000000, -1.060000000000000053 ) ) ;
#43 = ORIENTED_EDGE ( 'NONE', *, *, #81, .T. ) ;
#44 = DIRECTION ( 'NONE',  ( -1.000000000000000000, -0.000000000000000000, -0.000000000000000000 ) ) ;
#45 = CARTESIAN_POINT ( 'NONE',  ( -2.825068018844486328, -0.9899999999999991029, 5.040000000000000036 ) ) ;
#46 = ADVANCED_FACE ( 'NONE', ( #102 ), #1363, .T. ) ;
#47 = CARTESIAN_POINT ( 'NONE',  ( -14.79179486355016948, 0.7950000000000035927, -1.060000000000000053 ) ) ;
#48 = ORIENTED_EDGE ( 'NONE', *, *, #1683, .F. ) ;
#49 = CARTESIAN_POINT ( 'NONE',  ( -11.82500000000000107, -0.8000000000000000444, -0.9100000000000001421 ) ) ;
#50 = CARTESIAN_POINT ( 'NONE',  ( -1.950000000000000622, -0.8999999999999999112, -0.9100000000000001421 ) ) ;
#51 = ORIENTED_EDGE ( 'NONE', *, *, #1220, .F. ) ;
#52 = CARTESIAN_POINT ( 'NONE',  ( -12.22500000000000142, -0.2000000000000000111, -0.8250000000000000666 ) ) ;
#53 = ORIENTED_EDGE ( 'NONE', *, *, #1129, .T. ) ;
#54 = DIRECTION ( 'NONE',  ( 0.000000000000000000, 0.000000000000000000, 1.000000000000000000 ) ) ;
#55 = DIRECTION ( 'NONE',  ( -1.000000000000000000, -2.193033135062037489E-16, 0.000000000000000000 ) ) ;
#56 = ORIENTED_EDGE ( 'NONE', *, *, #209, .F. ) ;
#57 = ORIENTED_EDGE ( 'NONE', *, *, #1163, .T. ) ;
#58 = EDGE_CURVE ( 'NONE', #1116, #1559, #131, .T. ) ;
#59 = FACE_OUTER_BOUND ( 'NONE', #1669, .T. ) ;
#60 = EDGE_CURVE ( 'NONE', #942, #1383, #544, .T. ) ;
#61 = FACE_BOUND ( 'NONE', #1435, .T. ) ;
#62 = ORIENTED_EDGE ( 'NONE', *, *, #851, .F. ) ;
#63 = VECTOR ( 'NONE', #275, 1.000000000000000222 ) ;
#64 = DIRECTION ( 'NONE',  ( 0.000000000000000000, 0.000000000000000000, 1.000000000000000000 ) ) ;
#65 = VECTOR ( 'NONE', #1123, 1.000000000000000000 ) ;
#66 = LINE ( 'NONE', #1439, #333 ) ;
#67 = DIRECTION ( 'NONE',  ( 0.000000000000000000, 0.000000000000000000, 1.000000000000000000 ) ) ;
#68 = CIRCLE ( 'NONE', #1290, 1.000000000000000000 ) ;
#69 = ORIENTED_EDGE ( 'NONE', *, *, #23, .T. ) ;
#70 = ORIENTED_EDGE ( 'NONE', *, *, #251, .T. ) ;
#71 = DIRECTION ( 'NONE',  ( -1.000000000000000000, 0.000000000000000000, 1.908428413691174465E-16 ) ) ;
#72 = EDGE_CURVE ( 'NONE', #213, #277, #1226, .T. ) ;
#73 = CARTESIAN_POINT ( 'NONE',  ( -10.82500000000000107, 1.189999999999998392, -0.9600000000000001865 ) ) ;
#74 = CARTESIAN_POINT ( 'NONE',  ( -0.2651845289799109051, 1.189999999999998392, -1.503936198047713280 ) ) ;
#75 = LINE ( 'NONE', #1296, #1146 ) ;
#76 = DIRECTION ( 'NONE',  ( 1.000000000000000000, 0.000000000000000000, 0.000000000000000000 ) ) ;
#77 = PRODUCT_DEFINITION_CONTEXT ( 'detailed design', #1751, 'design' ) ;
#78 = EDGE_LOOP ( 'NONE', ( #411, #319 ) ) ;
#79 = DIRECTION ( 'NONE',  ( 0.000000000000000000, 0.000000000000000000, 1.000000000000000000 ) ) ;
#80 = DIRECTION ( 'NONE',  ( 1.000000000000000000, -0.000000000000000000, 0.000000000000000000 ) ) ;
#81 = EDGE_CURVE ( 'NONE', #859, #455, #392, .T. ) ;
#82 = EDGE_CURVE ( 'NONE', #867, #458, #1211, .T. ) ;
#83 = CARTESIAN_POINT ( 'NONE',  ( -14.79179486355016948, -0.9549999999999964073, -1.060000000000000053 ) ) ;
#84 = CYLINDRICAL_SURFACE ( 'NONE', #627, 6.000000000000000000 ) ;
#85 = DIRECTION ( 'NONE',  ( 0.000000000000000000, 0.000000000000000000, 1.000000000000000000 ) ) ;
#86 = EDGE_CURVE ( 'NONE', #584, #1012, #1238, .T. ) ;
#87 = ORIENTED_EDGE ( 'NONE', *, *, #1643, .T. ) ;
#88 = DIRECTION ( 'NONE',  ( -0.9848077530122093526, -2.159716034021766272E-16, 0.1736481776669237531 ) ) ;
#89 =( LENGTH_UNIT ( ) NAMED_UNIT ( * ) SI_UNIT ( $, .METRE. ) );
#90 = VECTOR ( 'NONE', #1416, 1.000000000000000000 ) ;
#91 = CARTESIAN_POINT ( 'NONE',  ( -2.914659381970696644E-16, 1.189999999999998392, -1.160000000000000142 ) ) ;
#92 = FACE_OUTER_BOUND ( 'NONE', #1414, .T. ) ;
#93 = VECTOR ( 'NONE', #1112, 1.000000000000000000 ) ;
#94 = DIRECTION ( 'NONE',  ( 0.000000000000000000, -1.000000000000000000, 0.000000000000000000 ) ) ;
#95 = DIRECTION ( 'NONE',  ( 0.000000000000000000, 0.000000000000000000, 1.000000000000000000 ) ) ;
#96 = VECTOR ( 'NONE', #1320, 1.000000000000000000 ) ;
#97 = DIRECTION ( 'NONE',  ( 0.000000000000000000, 0.000000000000000000, 1.000000000000000000 ) ) ;
#98 = CARTESIAN_POINT ( 'NONE',  ( -5.576316527040903637, -1.190000000000001501, -0.6600000000000008082 ) ) ;
#99 = ADVANCED_FACE ( 'NONE', ( #663 ), #234, .T. ) ;
#100 = ORIENTED_EDGE ( 'NONE', *, *, #21, .F. ) ;
#101 = SPHERICAL_SURFACE ( 'NONE', #1507, 1.000000000000000000 ) ;
#102 = FACE_OUTER_BOUND ( 'NONE', #543, .T. ) ;
#103 = EDGE_CURVE ( 'NONE', #584, #277, #1474, .T. ) ;
#104 = DIRECTION ( 'NONE',  ( 0.000000000000000000, 0.000000000000000000, 1.000000000000000000 ) ) ;
#105 = DIRECTION ( 'NONE',  ( 1.000000000000000000, 3.700743415417188263E-17, 0.000000000000000000 ) ) ;
#106 = ORIENTED_EDGE ( 'NONE', *, *, #860, .F. ) ;
#107 = DIRECTION ( 'NONE',  ( 0.000000000000000000, -0.9854601157443477755, 0.1699069165076472210 ) ) ;
#108 = LINE ( 'NONE', #268, #219 ) ;
#109 = DIRECTION ( 'NONE',  ( -1.000000000000000000, -2.220446049250313081E-16, 2.486899575160350651E-14 ) ) ;
#110 = EDGE_CURVE ( 'NONE', #130, #184, #1653, .T. ) ;
#111 = ADVANCED_FACE ( 'NONE', ( #522 ), #1767, .T. ) ;
#112 = ADVANCED_FACE ( 'NONE', ( #800 ), #1646, .F. ) ;
#113 = CARTESIAN_POINT ( 'NONE',  ( -11.82500000000000107, 0.2000000000000000111, -0.8250000000000000666 ) ) ;
#114 = CARTESIAN_POINT ( 'NONE',  ( 0.6167948635501689925, 0.8750000000000000000, -0.9800000000000000933 ) ) ;
#115 = SURFACE_STYLE_FILL_AREA ( #1119 ) ;
#116 = ORIENTED_EDGE ( 'NONE', *, *, #696, .F. ) ;
#117 = VECTOR ( 'NONE', #1101, 1.000000000000000000 ) ;
#118 = CARTESIAN_POINT ( 'NONE',  ( -2.914659381970696644E-16, 1.189999999999998392, -0.9600000000000001865 ) ) ;
#119 = AXIS2_PLACEMENT_3D ( 'NONE', #1402, #982, #1556 ) ;
#120 = ORIENTED_EDGE ( 'NONE', *, *, #530, .T. ) ;
#121 = DIRECTION ( 'NONE',  ( 0.000000000000000000, -1.000000000000000000, 0.000000000000000000 ) ) ;
#122 = CIRCLE ( 'NONE', #365, 1.000000000000000000 ) ;
#123 = CARTESIAN_POINT ( 'NONE',  ( -11.82500000000000107, 1.189999999999997948, -0.9600000000000001865 ) ) ;
#124 = PRODUCT_DEFINITION ( 'NON CONOSCIUTO', '', #767, #77 ) ;
#125 = LINE ( 'NONE', #952, #180 ) ;
#126 = DIRECTION ( 'NONE',  ( 1.000000000000000000, 3.700743415417188263E-17, 1.776356839400250465E-14 ) ) ;
#127 = ORIENTED_EDGE ( 'NONE', *, *, #242, .T. ) ;
#128 = DIRECTION ( 'NONE',  ( 1.000000000000000000, -0.000000000000000000, -0.000000000000000000 ) ) ;
#129 = DIRECTION ( 'NONE',  ( -1.000000000000000000, -0.000000000000000000, -0.000000000000000000 ) ) ;
#130 = VERTEX_POINT ( 'NONE', #1377 ) ;
#131 = LINE ( 'NONE', #1349, #1288 ) ;
#132 = DIRECTION ( 'NONE',  ( 1.000000000000000000, 0.000000000000000000, 0.000000000000000000 ) ) ;
#133 = DIRECTION ( 'NONE',  ( 1.000000000000000000, 3.700743415417188263E-17, 1.243449787580175325E-14 ) ) ;
#134 = ORIENTED_EDGE ( 'NONE', *, *, #284, .T. ) ;
#135 = EDGE_CURVE ( 'NONE', #741, #1116, #1482, .T. ) ;
#136 = EDGE_CURVE ( 'NONE', #1707, #1527, #965, .T. ) ;
#137 = VERTEX_POINT ( 'NONE', #670 ) ;
#138 = DIRECTION ( 'NONE',  ( 0.000000000000000000, -1.000000000000000000, 0.000000000000000000 ) ) ;
#139 = EDGE_CURVE ( 'NONE', #213, #1798, #150, .T. ) ;
#140 = ORIENTED_EDGE ( 'NONE', *, *, #657, .F. ) ;
#141 = PLANE ( 'NONE',  #593 ) ;
#142 = CARTESIAN_POINT ( 'NONE',  ( -12.22500000000000142, 1.189999999999998392, -0.9600000000000001865 ) ) ;
#143 = ORIENTED_EDGE ( 'NONE', *, *, #1682, .T. ) ;
#144 = DIRECTION ( 'NONE',  ( -0.000000000000000000, 1.000000000000000000, -0.000000000000000000 ) ) ;
#145 = EDGE_LOOP ( 'NONE', ( #694, #716, #70, #57 ) ) ;
#146 = AXIS2_PLACEMENT_3D ( 'NONE', #612, #479, #191 ) ;
#147 = VECTOR ( 'NONE', #494, 1.000000000000000000 ) ;
#148 = EDGE_CURVE ( 'NONE', #1566, #1113, #416, .T. ) ;
#149 = VECTOR ( 'NONE', #628, 1.000000000000000000 ) ;
#150 = CIRCLE ( 'NONE', #624, 6.000000000000000000 ) ;
#151 = VECTOR ( 'NONE', #1151, 1.000000000000000000 ) ;
#152 = PLANE ( 'NONE',  #1610 ) ;
#153 = LINE ( 'NONE', #142, #266 ) ;
#154 = ORIENTED_EDGE ( 'NONE', *, *, #1586, .T. ) ;
#155 = DIRECTION ( 'NONE',  ( 1.000000000000000000, 3.700743415417188263E-17, 0.000000000000000000 ) ) ;
#156 = ADVANCED_FACE ( 'NONE', ( #1070 ), #1516, .T. ) ;
#157 = ORIENTED_EDGE ( 'NONE', *, *, #139, .T. ) ;
#158 = CARTESIAN_POINT ( 'NONE',  ( 0.000000000000000000, 0.8750000000000000000, -1.060000000000000053 ) ) ;
#159 = ORIENTED_EDGE ( 'NONE', *, *, #1631, .T. ) ;
#160 = EDGE_LOOP ( 'NONE', ( #844, #702, #120, #1411 ) ) ;
#161 = ADVANCED_FACE ( 'NONE', ( #832 ), #167, .F. ) ;
#162 = CARTESIAN_POINT ( 'NONE',  ( 1.146826704932026264E-16, 0.9899999999999984368, -0.6600000000000019185 ) ) ;
#163 = DIRECTION ( 'NONE',  ( 0.000000000000000000, 1.000000000000000000, 0.000000000000000000 ) ) ;
#164 = VERTEX_POINT ( 'NONE', #1799 ) ;
#165 = DIRECTION ( 'NONE',  ( 0.000000000000000000, 0.000000000000000000, -1.000000000000000000 ) ) ;
#166 = ORIENTED_EDGE ( 'NONE', *, *, #1213, .F. ) ;
#167 = CYLINDRICAL_SURFACE ( 'NONE', #1638, 6.000000000000000000 ) ;
#168 = ORIENTED_EDGE ( 'NONE', *, *, #717, .T. ) ;
#169 = VERTEX_POINT ( 'NONE', #1382 ) ;
#170 = CARTESIAN_POINT ( 'NONE',  ( -14.17500000000000071, -0.8750000000000000000, -1.060000000000000053 ) ) ;
#171 = CARTESIAN_POINT ( 'NONE',  ( -4.534427461039363116, -0.9900000000000002132, -0.7511534819267455809 ) ) ;
#172 = VERTEX_POINT ( 'NONE', #1249 ) ;
#173 = PLANE ( 'NONE',  #651 ) ;
#174 = ORIENTED_EDGE ( 'NONE', *, *, #346, .T. ) ;
#175 = CARTESIAN_POINT ( 'NONE',  ( -14.17500000000000071, 1.189999999999997948, -0.9600000000000001865 ) ) ;
#176 = AXIS2_PLACEMENT_3D ( 'NONE', #1097, #1654, #1513 ) ;
#177 = EDGE_LOOP ( 'NONE', ( #1145, #106, #312, #1403 ) ) ;
#178 = ORIENTED_EDGE ( 'NONE', *, *, #1127, .T. ) ;
#179 = AXIS2_PLACEMENT_3D ( 'NONE', #373, #607, #1043 ) ;
#180 = VECTOR ( 'NONE', #1771, 1.000000000000000000 ) ;
#181 = VECTOR ( 'NONE', #1345, 1.000000000000000000 ) ;
#182 = CARTESIAN_POINT ( 'NONE',  ( -0.1622440211999303383, 1.189999999999998392, 0.9201315677728726383 ) ) ;
#183 = DIRECTION ( 'NONE',  ( 0.000000000000000000, 0.000000000000000000, -1.000000000000000000 ) ) ;
#184 = VERTEX_POINT ( 'NONE', #28 ) ;
#185 = ADVANCED_FACE ( 'NONE', ( #432 ), #975, .T. ) ;
#186 = DIRECTION ( 'NONE',  ( -1.000000000000000000, -3.132904478660053556E-17, -0.000000000000000000 ) ) ;
#187 = ORIENTED_EDGE ( 'NONE', *, *, #1531, .F. ) ;
#188 = DIRECTION ( 'NONE',  ( -1.000000000000000000, -0.000000000000000000, -0.000000000000000000 ) ) ;
#189 = CARTESIAN_POINT ( 'NONE',  ( 0.000000000000000000, -0.8750000000000000000, -0.9800000000000000933 ) ) ;
#190 = ORIENTED_EDGE ( 'NONE', *, *, #539, .T. ) ;
#191 = DIRECTION ( 'NONE',  ( 0.000000000000000000, 0.9901138386947148096, -0.1402661271484180183 ) ) ;
#192 = VERTEX_POINT ( 'NONE', #866 ) ;
#193 = CARTESIAN_POINT ( 'NONE',  ( -12.22500000000000142, -1.189999999999998392, -0.9600000000000001865 ) ) ;
#194 = EDGE_CURVE ( 'NONE', #169, #692, #560, .T. ) ;
#195 = EDGE_LOOP ( 'NONE', ( #390, #1300, #1462, #1704 ) ) ;
#196 = CARTESIAN_POINT ( 'NONE',  ( 0.6167948635501689925, 0.8750000000000000000, -1.060000000000000053 ) ) ;
#197 = ADVANCED_FACE ( 'NONE', ( #1392 ), #1114, .T. ) ;
#198 = CARTESIAN_POINT ( 'NONE',  ( -12.22500000000000142, -0.8000000000000000444, -0.9100000000000001421 ) ) ;
#199 = ORIENTED_EDGE ( 'NONE', *, *, #1674, .F. ) ;
#200 = VERTEX_POINT ( 'NONE', #18 ) ;
#201 = CARTESIAN_POINT ( 'NONE',  ( -1.259562753036178795E-16, 1.189999999999998392, -0.6600000000000019185 ) ) ;
#202 = CARTESIAN_POINT ( 'NONE',  ( 0.6167948635501689925, -0.7950000000000001510, -1.060000000000000053 ) ) ;
#203 = ORIENTED_EDGE ( 'NONE', *, *, #1770, .F. ) ;
#204 = DIRECTION ( 'NONE',  ( -1.000000000000000000, -0.000000000000000000, -0.000000000000000000 ) ) ;
#205 = DIRECTION ( 'NONE',  ( -1.000000000000000000, -0.000000000000000000, -0.000000000000000000 ) ) ;
#206 = CARTESIAN_POINT ( 'NONE',  ( -14.79179486355016948, 0.8750000000000000000, -1.060000000000000053 ) ) ;
#207 = ORIENTED_EDGE ( 'NONE', *, *, #86, .T. ) ;
#208 = VERTEX_POINT ( 'NONE', #307 ) ;
#209 = EDGE_CURVE ( 'NONE', #1012, #1559, #440, .T. ) ;
#210 = LINE ( 'NONE', #360, #1545 ) ;
#211 = AXIS2_PLACEMENT_3D ( 'NONE', #1764, #523, #801 ) ;
#212 = LINE ( 'NONE', #1623, #181 ) ;
#213 = VERTEX_POINT ( 'NONE', #1558 ) ;
#214 = VECTOR ( 'NONE', #144, 1.000000000000000000 ) ;
#215 = FACE_OUTER_BOUND ( 'NONE', #1588, .T. ) ;
#216 = CIRCLE ( 'NONE', #534, 0.07999999999999996003 ) ;
#217 = DIRECTION ( 'NONE',  ( 0.000000000000000000, 0.000000000000000000, -1.000000000000000000 ) ) ;
#218 =( LENGTH_UNIT ( ) NAMED_UNIT ( * ) SI_UNIT ( $, .METRE. ) );
#219 = VECTOR ( 'NONE', #129, 1.000000000000000000 ) ;
#220 = VERTEX_POINT ( 'NONE', #569 ) ;
#221 = EDGE_LOOP ( 'NONE', ( #1757, #910, #308, #1298 ) ) ;
#222 = CARTESIAN_POINT ( 'NONE',  ( -8.598683472959098850, 0.9899999999999982148, -6.660000000000000142 ) ) ;
#223 = EDGE_CURVE ( 'NONE', #576, #1223, #1276, .T. ) ;
#224 = ADVANCED_FACE ( 'NONE', ( #1420 ), #579, .T. ) ;
#225 = CARTESIAN_POINT ( 'NONE',  ( -5.576316527040903637, 1.189999999999998392, -0.6600000000000008082 ) ) ;
#226 = DIRECTION ( 'NONE',  ( -1.000000000000000000, -3.132904478660053556E-17, -0.000000000000000000 ) ) ;
#227 = DIRECTION ( 'NONE',  ( 1.000000000000000000, -0.000000000000000000, 0.000000000000000000 ) ) ;
#228 = DIRECTION ( 'NONE',  ( 1.000000000000000000, 0.000000000000000000, -0.000000000000000000 ) ) ;
#229 = ORIENTED_EDGE ( 'NONE', *, *, #243, .T. ) ;
#230 = DIRECTION ( 'NONE',  ( 0.000000000000000000, -1.000000000000000000, 0.000000000000000000 ) ) ;
#231 = CARTESIAN_POINT ( 'NONE',  ( -14.17500000000000071, 1.189999999999997948, -0.9600000000000001865 ) ) ;
#232 = LINE ( 'NONE', #193, #960 ) ;
#233 = CARTESIAN_POINT ( 'NONE',  ( -12.22500000000000142, -0.8999999999999999112, -0.9100000000000001421 ) ) ;
#234 = CYLINDRICAL_SURFACE ( 'NONE', #1463, 0.07999999999999996003 ) ;
#235 = CARTESIAN_POINT ( 'NONE',  ( -13.79499999999999993, 0.8750000000000000000, -1.060000000000000053 ) ) ;
#236 =( NAMED_UNIT ( * ) SI_UNIT ( $, .STERADIAN. ) SOLID_ANGLE_UNIT ( ) );
#237 = AXIS2_PLACEMENT_3D ( 'NONE', #1699, #625, #1299 ) ;
#238 = LINE ( 'NONE', #231, #1661 ) ;
#239 = AXIS2_PLACEMENT_3D ( 'NONE', #926, #1711, #348 ) ;
#240 = PLANE ( 'NONE',  #1575 ) ;
#241 = AXIS2_PLACEMENT_3D ( 'NONE', #1216, #1760, #105 ) ;
#242 = EDGE_CURVE ( 'NONE', #1785, #1088, #858, .T. ) ;
#243 = EDGE_CURVE ( 'NONE', #1522, #349, #216, .T. ) ;
#244 = CARTESIAN_POINT ( 'NONE',  ( -2.350000000000000533, 1.189999999999998392, -0.9600000000000001865 ) ) ;
#245 = DIRECTION ( 'NONE',  ( -0.000000000000000000, -0.000000000000000000, -1.000000000000000000 ) ) ;
#246 = AXIS2_PLACEMENT_3D ( 'NONE', #367, #1431, #1303 ) ;
#247 = CARTESIAN_POINT ( 'NONE',  ( -2.825068018844486328, 0.9899999999999983258, 5.040000000000000036 ) ) ;
#248 = CARTESIAN_POINT ( 'NONE',  ( -14.17500000000000071, 1.189999999999997948, -0.9600000000000001865 ) ) ;
#249 = ORIENTED_EDGE ( 'NONE', *, *, #82, .T. ) ;
#250 = LINE ( 'NONE', #233, #1508 ) ;
#251 = EDGE_CURVE ( 'NONE', #1202, #1585, #1544, .T. ) ;
#252 = DIRECTION ( 'NONE',  ( -0.000000000000000000, -0.9854601157443477755, -0.1699069165076472210 ) ) ;
#253 = EDGE_CURVE ( 'NONE', #1495, #184, #452, .T. ) ;
#254 = CARTESIAN_POINT ( 'NONE',  ( -14.79179486355016948, 0.8750000000000000000, -0.9800000000000000933 ) ) ;
#255 = DIRECTION ( 'NONE',  ( -3.132904478660053556E-17, 1.000000000000000000, -0.000000000000000000 ) ) ;
#256 = ORIENTED_EDGE ( 'NONE', *, *, #647, .F. ) ;
#257 = LINE ( 'NONE', #1069, #875 ) ;
#258 = ORIENTED_EDGE ( 'NONE', *, *, #1715, .T. ) ;
#259 = CARTESIAN_POINT ( 'NONE',  ( -3.866957084846029069, 1.189999999999998392, -0.8688465180732545257 ) ) ;
#260 = EDGE_CURVE ( 'NONE', #1005, #1161, #1104, .T. ) ;
#261 = FACE_OUTER_BOUND ( 'NONE', #1697, .T. ) ;
#262 = CIRCLE ( 'NONE', #385, 0.07999999999999996003 ) ;
#263 = FACE_OUTER_BOUND ( 'NONE', #449, .T. ) ;
#264 = CARTESIAN_POINT ( 'NONE',  ( -0.3800000000000000044, 0.8750000000000000000, -1.060000000000000053 ) ) ;
#265 = EDGE_LOOP ( 'NONE', ( #486, #1445 ) ) ;
#266 = VECTOR ( 'NONE', #1264, 1.000000000000000000 ) ;
#267 = DIRECTION ( 'NONE',  ( 1.000000000000000000, 0.000000000000000000, -0.000000000000000000 ) ) ;
#268 = CARTESIAN_POINT ( 'NONE',  ( -1.950000000000000622, 0.8000000000000000444, -0.9100000000000001421 ) ) ;
#269 = VECTOR ( 'NONE', #459, 1.000000000000000000 ) ;
#270 = EDGE_LOOP ( 'NONE', ( #847, #1380, #839, #1792 ) ) ;
#271 = CARTESIAN_POINT ( 'NONE',  ( 0.6199999999999999956, -0.8750000000000001110, -1.060000000000000053 ) ) ;
#272 = VECTOR ( 'NONE', #904, 1.000000000000000000 ) ;
#273 = CLOSED_SHELL ( 'NONE', ( #99, #1563, #1308, #111, #1393, #378, #1629, #1561, #850, #1232, #1696, #898, #1071, #464, #1073, #185, #1562, #981, #1284, #112, #922, #1731, #1794, #1250, #1520, #642, #436, #1518, #1105, #827, #300, #1535, #1042, #328, #156, #834, #755, #343, #491, #573, #224, #1693, #357, #1385, #693, #885, #161, #46, #409, #1321, #725, #541, #487, #380, #807, #197, #1440 ) ) ;
#274 = VECTOR ( 'NONE', #88, 1.000000000000000000 ) ;
#275 = DIRECTION ( 'NONE',  ( 0.000000000000000000, -0.9854601157443477755, -0.1699069165076472210 ) ) ;
#276 = FACE_OUTER_BOUND ( 'NONE', #1505, .T. ) ;
#277 = VERTEX_POINT ( 'NONE', #1534 ) ;
#278 = DIRECTION ( 'NONE',  ( 3.132904478660053556E-17, -1.000000000000000000, 0.000000000000000000 ) ) ;
#279 = ORIENTED_EDGE ( 'NONE', *, *, #530, .F. ) ;
#280 = DIRECTION ( 'NONE',  ( 0.000000000000000000, -0.1402661271484180461, 0.9901138386947149206 ) ) ;
#281 = DIRECTION ( 'NONE',  ( 0.000000000000000000, -0.1699069165076472487, 0.9854601157443478865 ) ) ;
#282 = CARTESIAN_POINT ( 'NONE',  ( -8.598683472959098850, 1.189999999999998170, -6.660000000000000142 ) ) ;
#283 = ORIENTED_EDGE ( 'NONE', *, *, #788, .T. ) ;
#284 = EDGE_CURVE ( 'NONE', #1248, #1559, #294, .T. ) ;
#285 = CARTESIAN_POINT ( 'NONE',  ( -12.22500000000000142, -1.189999999999998392, -0.9600000000000001865 ) ) ;
#286 = ORIENTED_EDGE ( 'NONE', *, *, #1598, .F. ) ;
#287 = CARTESIAN_POINT ( 'NONE',  ( -14.17500000000000071, -1.190000000000001501, -1.160000000000000142 ) ) ;
#288 = ORIENTED_EDGE ( 'NONE', *, *, #657, .T. ) ;
#289 = CARTESIAN_POINT ( 'NONE',  ( -1.950000000000000622, 1.189999999999998392, -0.9600000000000001865 ) ) ;
#290 = DIRECTION ( 'NONE',  ( -3.132904478660053556E-17, 1.000000000000000000, -0.000000000000000000 ) ) ;
#291 = VERTEX_POINT ( 'NONE', #969 ) ;
#292 = FACE_OUTER_BOUND ( 'NONE', #822, .T. ) ;
#293 = ORIENTED_EDGE ( 'NONE', *, *, #478, .T. ) ;
#294 = LINE ( 'NONE', #848, #1639 ) ;
#295 = EDGE_CURVE ( 'NONE', #525, #570, #1485, .T. ) ;
#296 = VECTOR ( 'NONE', #394, 1.000000000000000000 ) ;
#297 = CIRCLE ( 'NONE', #326, 0.07999999999999996003 ) ;
#298 = ORIENTED_EDGE ( 'NONE', *, *, #103, .F. ) ;
#299 = ORIENTED_EDGE ( 'NONE', *, *, #1007, .T. ) ;
#300 = ADVANCED_FACE ( 'NONE', ( #782 ), #1459, .T. ) ;
#301 = VECTOR ( 'NONE', #1332, 1.000000000000000000 ) ;
#302 = AXIS2_PLACEMENT_3D ( 'NONE', #222, #1443, #1194 ) ;
#303 = UNCERTAINTY_MEASURE_WITH_UNIT (LENGTH_MEASURE( 1.000000000000000082E-05 ), #1130, 'distance_accuracy_value', 'NONE');
#304 = LINE ( 'NONE', #862, #1457 ) ;
#305 = EDGE_LOOP ( 'NONE', ( #134, #1391, #776, #168 ) ) ;
#306 = LINE ( 'NONE', #864, #1108 ) ;
#307 = CARTESIAN_POINT ( 'NONE',  ( -2.350000000000000533, 0.8999999999999999112, -0.9100000000000001421 ) ) ;
#308 = ORIENTED_EDGE ( 'NONE', *, *, #788, .F. ) ;
#309 = VERTEX_POINT ( 'NONE', #629 ) ;
#310 = CARTESIAN_POINT ( 'NONE',  ( -11.34993198115551927, 0.9899999999999981037, -0.9600000000000001865 ) ) ;
#311 = CARTESIAN_POINT ( 'NONE',  ( -12.22500000000000142, 0.8000000000000000444, -0.9100000000000001421 ) ) ;
#312 = ORIENTED_EDGE ( 'NONE', *, *, #1716, .T. ) ;
#313 = LINE ( 'NONE', #1274, #269 ) ;
#314 = EDGE_LOOP ( 'NONE', ( #956, #985, #143, #1029, #190, #1422, #1536, #174 ) ) ;
#315 = DIRECTION ( 'NONE',  ( 0.000000000000000000, 0.000000000000000000, 1.000000000000000000 ) ) ;
#316 = EDGE_CURVE ( 'NONE', #164, #749, #1085, .T. ) ;
#317 = EDGE_CURVE ( 'NONE', #859, #1376, #461, .T. ) ;
#318 = DIRECTION ( 'NONE',  ( 0.000000000000000000, 0.000000000000000000, 1.000000000000000000 ) ) ;
#319 = ORIENTED_EDGE ( 'NONE', *, *, #295, .T. ) ;
#320 = DIRECTION ( 'NONE',  ( 0.000000000000000000, -1.000000000000000000, 0.000000000000000000 ) ) ;
#321 = VERTEX_POINT ( 'NONE', #1742 ) ;
#322 = LINE ( 'NONE', #345, #738 ) ;
#323 = CIRCLE ( 'NONE', #1538, 6.000000000000000000 ) ;
#324 = ORIENTED_EDGE ( 'NONE', *, *, #347, .F. ) ;
#325 = EDGE_LOOP ( 'NONE', ( #5, #399, #1595, #350, #1557 ) ) ;
#326 = AXIS2_PLACEMENT_3D ( 'NONE', #1347, #1218, #678 ) ;
#327 = VECTOR ( 'NONE', #886, 1.000000000000000000 ) ;
#328 = ADVANCED_FACE ( 'NONE', ( #1333 ), #744, .T. ) ;
#329 = AXIS2_PLACEMENT_3D ( 'NONE', #374, #1343, #95 ) ;
#330 = EDGE_CURVE ( 'NONE', #976, #877, #681, .T. ) ;
#331 = FACE_OUTER_BOUND ( 'NONE', #221, .T. ) ;
#332 = VERTEX_POINT ( 'NONE', #1578 ) ;
#333 = VECTOR ( 'NONE', #1062, 1.000000000000000000 ) ;
#334 = EDGE_CURVE ( 'NONE', #1733, #172, #1325, .T. ) ;
#335 = DIRECTION ( 'NONE',  ( -1.000000000000000000, -0.000000000000000000, -0.000000000000000000 ) ) ;
#336 = DIRECTION ( 'NONE',  ( -1.000000000000000000, 0.000000000000000000, 0.000000000000000000 ) ) ;
#337 = DIRECTION ( 'NONE',  ( -0.9848077530122093526, 0.000000000000000000, -0.1736481776669235033 ) ) ;
#338 = EDGE_LOOP ( 'NONE', ( #159, #784, #1766, #581 ) ) ;
#339 = ORIENTED_EDGE ( 'NONE', *, *, #1531, .T. ) ;
#340 = CYLINDRICAL_SURFACE ( 'NONE', #536, 0.07999999999999996003 ) ;
#341 = FACE_OUTER_BOUND ( 'NONE', #177, .T. ) ;
#342 = ORIENTED_EDGE ( 'NONE', *, *, #600, .T. ) ;
#343 = ADVANCED_FACE ( 'NONE', ( #1040 ), #1597, .T. ) ;
#344 = CARTESIAN_POINT ( 'NONE',  ( -14.17500000000000071, -1.190000000000001501, -0.9600000000000001865 ) ) ;
#345 = CARTESIAN_POINT ( 'NONE',  ( -12.22500000000000142, -0.8000000000000000444, -0.9100000000000001421 ) ) ;
#346 = EDGE_CURVE ( 'NONE', #1611, #1302, #75, .T. ) ;
#347 = EDGE_CURVE ( 'NONE', #877, #433, #2, .T. ) ;
#348 = DIRECTION ( 'NONE',  ( 0.000000000000000000, -1.000000000000000000, 2.220446049250313081E-16 ) ) ;
#349 = VERTEX_POINT ( 'NONE', #761 ) ;
#350 = ORIENTED_EDGE ( 'NONE', *, *, #586, .T. ) ;
#351 = CARTESIAN_POINT ( 'NONE',  ( -13.79499999999999993, -0.8750000000000000000, -1.060000000000000053 ) ) ;
#352 = DIRECTION ( 'NONE',  ( 1.000000000000000000, 2.193033135062037489E-16, 0.000000000000000000 ) ) ;
#353 = ORIENTED_EDGE ( 'NONE', *, *, #1015, .T. ) ;
#354 = CARTESIAN_POINT ( 'NONE',  ( -14.79179486355016948, -0.8750000000000000000, -1.060000000000000053 ) ) ;
#355 = DIRECTION ( 'NONE',  ( 1.000000000000000000, 0.000000000000000000, -0.000000000000000000 ) ) ;
#356 = CARTESIAN_POINT ( 'NONE',  ( -12.22500000000000142, 1.189999999999998392, -0.9600000000000001865 ) ) ;
#357 = ADVANCED_FACE ( 'NONE', ( #1448 ), #907, .T. ) ;
#358 = ORIENTED_EDGE ( 'NONE', *, *, #665, .F. ) ;
#359 = ORIENTED_EDGE ( 'NONE', *, *, #610, .T. ) ;
#360 = CARTESIAN_POINT ( 'NONE',  ( -2.825068018844486328, 0.000000000000000000, -0.9600000000000001865 ) ) ;
#361 = CIRCLE ( 'NONE', #763, 6.000000000000000000 ) ;
#362 = AXIS2_PLACEMENT_3D ( 'NONE', #492, #1168, #895 ) ;
#363 = VECTOR ( 'NONE', #107, 1.000000000000000222 ) ;
#364 = CARTESIAN_POINT ( 'NONE',  ( 0.6167948635501689925, -0.8750000000000000000, -1.060000000000000053 ) ) ;
#365 = AXIS2_PLACEMENT_3D ( 'NONE', #700, #565, #1676 ) ;
#366 = LINE ( 'NONE', #509, #30 ) ;
#367 = CARTESIAN_POINT ( 'NONE',  ( -2.350000000000000533, 0.000000000000000000, 0.000000000000000000 ) ) ;
#368 = DIRECTION ( 'NONE',  ( 0.000000000000000000, -1.000000000000000000, -0.000000000000000000 ) ) ;
#369 = EDGE_LOOP ( 'NONE', ( #1124, #283, #1054, #1305, #685 ) ) ;
#370 = FACE_OUTER_BOUND ( 'NONE', #1297, .T. ) ;
#371 = CARTESIAN_POINT ( 'NONE',  ( -14.17500000000000071, 0.8750000000000000000, -1.140000000000000124 ) ) ;
#372 = FACE_OUTER_BOUND ( 'NONE', #463, .T. ) ;
#373 = CARTESIAN_POINT ( 'NONE',  ( -0.3800000000000000044, 0.8750000000000000000, -1.060000000000000053 ) ) ;
#374 = CARTESIAN_POINT ( 'NONE',  ( 0.6167948635501689925, -0.8750000000000000000, -1.060000000000000053 ) ) ;
#375 = SPHERICAL_SURFACE ( 'NONE', #772, 1.000000000000000000 ) ;
#376 =( NAMED_UNIT ( * ) SI_UNIT ( $, .STERADIAN. ) SOLID_ANGLE_UNIT ( ) );
#377 = EDGE_CURVE ( 'NONE', #349, #1522, #1026, .T. ) ;
#378 = ADVANCED_FACE ( 'NONE', ( #753 ), #1725, .T. ) ;
#379 = FACE_OUTER_BOUND ( 'NONE', #1592, .T. ) ;
#380 = ADVANCED_FACE ( 'NONE', ( #1710 ), #1021, .T. ) ;
#381 = CARTESIAN_POINT ( 'NONE',  ( 0.6167948635501689925, 0.7950000000000001510, -1.060000000000000053 ) ) ;
#382 = CARTESIAN_POINT ( 'NONE',  ( -11.82500000000000107, -1.190000000000001057, -0.9600000000000001865 ) ) ;
#383 = DIRECTION ( 'NONE',  ( 1.000000000000000000, 3.132904478660053556E-17, 0.000000000000000000 ) ) ;
#384 = DIRECTION ( 'NONE',  ( 0.000000000000000000, 0.000000000000000000, 1.000000000000000000 ) ) ;
#385 = AXIS2_PLACEMENT_3D ( 'NONE', #1028, #465, #1584 ) ;
#386 = DIRECTION ( 'NONE',  ( 1.000000000000000000, 3.700743415417188263E-17, 0.000000000000000000 ) ) ;
#387 = CIRCLE ( 'NONE', #179, 1.000000000000000000 ) ;
#388 = DIRECTION ( 'NONE',  ( -0.9848077530122093526, 0.000000000000000000, -0.1736481776669235033 ) ) ;
#389 = CIRCLE ( 'NONE', #734, 6.000000000000000888 ) ;
#390 = ORIENTED_EDGE ( 'NONE', *, *, #1098, .F. ) ;
#391 = CYLINDRICAL_SURFACE ( 'NONE', #1718, 0.07999999999999996003 ) ;
#392 = LINE ( 'NONE', #927, #510 ) ;
#393 = AXIS2_PLACEMENT_3D ( 'NONE', #196, #44, #54 ) ;
#394 = DIRECTION ( 'NONE',  ( -0.000000000000000000, -1.000000000000000000, -0.000000000000000000 ) ) ;
#395 = CARTESIAN_POINT ( 'NONE',  ( -11.82500000000000107, -0.2000000000000000111, -0.8250000000000000666 ) ) ;
#396 = ORIENTED_EDGE ( 'NONE', *, *, #1451, .F. ) ;
#397 = CARTESIAN_POINT ( 'NONE',  ( -12.22500000000000142, -0.2000000000000000111, -0.8250000000000000666 ) ) ;
#398 = EDGE_CURVE ( 'NONE', #1659, #514, #322, .T. ) ;
#399 = ORIENTED_EDGE ( 'NONE', *, *, #251, .F. ) ;
#400 = DIRECTION ( 'NONE',  ( 2.193033135062037489E-16, -1.000000000000000000, -0.000000000000000000 ) ) ;
#401 = EDGE_CURVE ( 'NONE', #1611, #321, #66, .T. ) ;
#402 = CARTESIAN_POINT ( 'NONE',  ( -0.1622440211999303383, -1.190000000000001501, 0.9201315677728726383 ) ) ;
#403 = LINE ( 'NONE', #1371, #63 ) ;
#404 = CARTESIAN_POINT ( 'NONE',  ( -2.914659381970696644E-16, 1.189999999999998392, -0.9600000000000001865 ) ) ;
#405 = ORIENTED_EDGE ( 'NONE', *, *, #1213, .T. ) ;
#406 = DIRECTION ( 'NONE',  ( 0.000000000000000000, -0.9854601157443477755, 0.1699069165076472210 ) ) ;
#407 = VERTEX_POINT ( 'NONE', #511 ) ;
#408 = LINE ( 'NONE', #1786, #1258 ) ;
#409 = ADVANCED_FACE ( 'NONE', ( #641 ), #84, .F. ) ;
#410 = DIRECTION ( 'NONE',  ( -1.224646799147353207E-16, 1.000000000000000000, -0.000000000000000000 ) ) ;
#411 = ORIENTED_EDGE ( 'NONE', *, *, #664, .T. ) ;
#412 = AXIS2_PLACEMENT_3D ( 'NONE', #656, #1625, #1489 ) ;
#413 = ORIENTED_EDGE ( 'NONE', *, *, #664, .F. ) ;
#414 = DIRECTION ( 'NONE',  ( 0.000000000000000000, -1.000000000000000000, 0.000000000000000000 ) ) ;
#415 = CIRCLE ( 'NONE', #1428, 0.07999999999999996003 ) ;
#416 = CIRCLE ( 'NONE', #329, 0.07999999999999996003 ) ;
#417 = AXIS2_PLACEMENT_3D ( 'NONE', #1587, #1182, #1312 ) ;
#418 = CARTESIAN_POINT ( 'NONE',  ( -14.17500000000000071, 1.189999999999997948, -1.160000000000000142 ) ) ;
#419 = DIRECTION ( 'NONE',  ( 0.000000000000000000, 0.000000000000000000, 1.000000000000000000 ) ) ;
#420 = ORIENTED_EDGE ( 'NONE', *, *, #643, .F. ) ;
#421 = LINE ( 'NONE', #450, #938 ) ;
#422 = ORIENTED_EDGE ( 'NONE', *, *, #1664, .T. ) ;
#423 = DIRECTION ( 'NONE',  ( -1.000000000000000000, 0.000000000000000000, 0.000000000000000000 ) ) ;
#424 = ORIENTED_EDGE ( 'NONE', *, *, #398, .T. ) ;
#425 = EDGE_CURVE ( 'NONE', #503, #462, #1714, .T. ) ;
#426 = LINE ( 'NONE', #1407, #1777 ) ;
#427 = EDGE_CURVE ( 'NONE', #1110, #291, #768, .T. ) ;
#428 =( NAMED_UNIT ( * ) SI_UNIT ( $, .STERADIAN. ) SOLID_ANGLE_UNIT ( ) );
#429 = ORIENTED_EDGE ( 'NONE', *, *, #347, .T. ) ;
#430 = CARTESIAN_POINT ( 'NONE',  ( -2.350000000000000533, -0.8000000000000000444, -0.9100000000000001421 ) ) ;
#431 = ORIENTED_EDGE ( 'NONE', *, *, #253, .T. ) ;
#432 = FACE_OUTER_BOUND ( 'NONE', #1772, .T. ) ;
#433 = VERTEX_POINT ( 'NONE', #1738 ) ;
#434 = DIRECTION ( 'NONE',  ( 0.000000000000000000, 0.9854601157443477755, 0.1699069165076472210 ) ) ;
#435 = FACE_OUTER_BOUND ( 'NONE', #619, .T. ) ;
#436 = ADVANCED_FACE ( 'NONE', ( #370 ), #475, .F. ) ;
#437 = ORIENTED_EDGE ( 'NONE', *, *, #427, .F. ) ;
#438 = DIRECTION ( 'NONE',  ( 0.000000000000000000, 0.000000000000000000, 1.000000000000000000 ) ) ;
#439 = EDGE_LOOP ( 'NONE', ( #358, #613, #1103, #661, #605 ) ) ;
#440 = LINE ( 'NONE', #714, #849 ) ;
#441 = CIRCLE ( 'NONE', #871, 6.000000000000000000 ) ;
#442 = CIRCLE ( 'NONE', #818, 0.07999999999999996003 ) ;
#443 = EDGE_LOOP ( 'NONE', ( #891, #1135, #353, #896, #887, #870, #1425, #1447, #1694, #706, #1100, #1705, #1031, #1388, #1801, #901 ) ) ;
#444 = ORIENTED_EDGE ( 'NONE', *, *, #923, .F. ) ;
#445 = VECTOR ( 'NONE', #36, 1.000000000000000222 ) ;
#446 = AXIS2_PLACEMENT_3D ( 'NONE', #723, #732, #1680 ) ;
#447 = CARTESIAN_POINT ( 'NONE',  ( 0.000000000000000000, 0.000000000000000000, -0.9600000000000001865 ) ) ;
#448 = CARTESIAN_POINT ( 'NONE',  ( -12.22500000000000142, 0.2000000000000000111, -0.8250000000000000666 ) ) ;
#449 = EDGE_LOOP ( 'NONE', ( #609, #178, #743, #1530 ) ) ;
#450 = CARTESIAN_POINT ( 'NONE',  ( 0.000000000000000000, -0.8750000000000000000, -1.140000000000000124 ) ) ;
#451 = ORIENTED_EDGE ( 'NONE', *, *, #766, .T. ) ;
#452 = LINE ( 'NONE', #1004, #1319 ) ;
#453 = EDGE_CURVE ( 'NONE', #462, #1515, #1187, .T. ) ;
#454 = ORIENTED_EDGE ( 'NONE', *, *, #799, .F. ) ;
#455 = VERTEX_POINT ( 'NONE', #1329 ) ;
#456 = FACE_OUTER_BOUND ( 'NONE', #305, .T. ) ;
#457 = CARTESIAN_POINT ( 'NONE',  ( -2.825068018844486328, 0.9899999999999983258, -0.9600000000000015188 ) ) ;
#458 = VERTEX_POINT ( 'NONE', #1475 ) ;
#459 = DIRECTION ( 'NONE',  ( 1.000000000000000000, -0.000000000000000000, -0.000000000000000000 ) ) ;
#460 = VERTEX_POINT ( 'NONE', #1057 ) ;
#461 = LINE ( 'NONE', #1170, #826 ) ;
#462 = VERTEX_POINT ( 'NONE', #1583 ) ;
#463 = EDGE_LOOP ( 'NONE', ( #1193, #865, #466, #1737, #43, #1328, #1685, #1600 ) ) ;
#464 = ADVANCED_FACE ( 'NONE', ( #59 ), #622, .F. ) ;
#465 = DIRECTION ( 'NONE',  ( 1.000000000000000000, -0.000000000000000000, 0.000000000000000000 ) ) ;
#466 = ORIENTED_EDGE ( 'NONE', *, *, #686, .T. ) ;
#467 = DIRECTION ( 'NONE',  ( 0.000000000000000000, 0.000000000000000000, 1.000000000000000000 ) ) ;
#468 = ORIENTED_EDGE ( 'NONE', *, *, #1152, .T. ) ;
#469 = DIRECTION ( 'NONE',  ( 0.000000000000000000, 0.000000000000000000, 1.000000000000000000 ) ) ;
#470 = PLANE ( 'NONE',  #1056 ) ;
#471 = AXIS2_PLACEMENT_3D ( 'NONE', #1109, #13, #1379 ) ;
#472 = ORIENTED_EDGE ( 'NONE', *, *, #1163, .F. ) ;
#473 = ORIENTED_EDGE ( 'NONE', *, *, #223, .F. ) ;
#474 = CIRCLE ( 'NONE', #1572, 0.07999999999999996003 ) ;
#475 = PLANE ( 'NONE',  #853 ) ;
#476 = VECTOR ( 'NONE', #1358, 1.000000000000000000 ) ;
#477 = VECTOR ( 'NONE', #1219, 1.000000000000000000 ) ;
#478 = EDGE_CURVE ( 'NONE', #1045, #724, #68, .T. ) ;
#479 = DIRECTION ( 'NONE',  ( 0.000000000000000000, -0.1402661271484180461, -0.9901138386947149206 ) ) ;
#480 = EDGE_LOOP ( 'NONE', ( #1797, #1533, #413, #679, #429 ) ) ;
#481 = VECTOR ( 'NONE', #984, 1.000000000000000000 ) ;
#482 = DIRECTION ( 'NONE',  ( -0.000000000000000000, 1.000000000000000000, -0.000000000000000000 ) ) ;
#483 = DIRECTION ( 'NONE',  ( 0.000000000000000000, -0.000000000000000000, 1.000000000000000000 ) ) ;
#484 = DIRECTION ( 'NONE',  ( 1.000000000000000000, -0.000000000000000000, 0.000000000000000000 ) ) ;
#485 = VERTEX_POINT ( 'NONE', #1454 ) ;
#486 = ORIENTED_EDGE ( 'NONE', *, *, #1212, .T. ) ;
#487 = ADVANCED_FACE ( 'NONE', ( #633 ), #340, .T. ) ;
#488 = CARTESIAN_POINT ( 'NONE',  ( -3.866957084846029069, 1.189999999999998392, -0.8688465180732545257 ) ) ;
#489 = DIRECTION ( 'NONE',  ( 1.000000000000000000, 0.000000000000000000, -0.000000000000000000 ) ) ;
#490 = ORIENTED_EDGE ( 'NONE', *, *, #1683, .T. ) ;
#491 = ADVANCED_FACE ( 'NONE', ( #497 ), #793, .F. ) ;
#492 = CARTESIAN_POINT ( 'NONE',  ( 0.000000000000000000, -0.8750000000000000000, -1.060000000000000053 ) ) ;
#493 = CARTESIAN_POINT ( 'NONE',  ( 0.6167948635501689925, 0.8750000000000000000, -1.060000000000000053 ) ) ;
#494 = DIRECTION ( 'NONE',  ( 1.000000000000000000, -0.000000000000000000, -0.000000000000000000 ) ) ;
#495 = ORIENTED_EDGE ( 'NONE', *, *, #1322, .F. ) ;
#496 = ORIENTED_EDGE ( 'NONE', *, *, #1753, .F. ) ;
#497 = FACE_OUTER_BOUND ( 'NONE', #1570, .T. ) ;
#498 = SHAPE_DEFINITION_REPRESENTATION ( #1523, #690 ) ;
#499 = CARTESIAN_POINT ( 'NONE',  ( -0.3800000000000000044, -0.8750000000000000000, -1.060000000000000053 ) ) ;
#500 = PLANE ( 'NONE',  #417 ) ;
#501 = DIRECTION ( 'NONE',  ( 0.000000000000000000, -1.000000000000000000, 0.000000000000000000 ) ) ;
#502 = FACE_OUTER_BOUND ( 'NONE', #270, .T. ) ;
#503 = VERTEX_POINT ( 'NONE', #1177 ) ;
#504 = VECTOR ( 'NONE', #1553, 1.000000000000000222 ) ;
#505 = DIRECTION ( 'NONE',  ( 0.000000000000000000, 0.000000000000000000, 1.000000000000000000 ) ) ;
#506 = AXIS2_PLACEMENT_3D ( 'NONE', #1061, #1722, #1576 ) ;
#507 = CARTESIAN_POINT ( 'NONE',  ( -2.350000000000000533, -0.8000000000000000444, -0.9100000000000001421 ) ) ;
#508 = CIRCLE ( 'NONE', #1510, 1.000000000000000000 ) ;
#509 = CARTESIAN_POINT ( 'NONE',  ( -4.534427461039362228, 1.189999999999998392, -0.7511534819267454699 ) ) ;
#510 = VECTOR ( 'NONE', #689, 1.000000000000000000 ) ;
#511 = CARTESIAN_POINT ( 'NONE',  ( -14.79499999999999993, 0.8750000000000001110, -1.060000000000000053 ) ) ;
#512 = DIRECTION ( 'NONE',  ( 0.1736481776669235033, 0.000000000000000000, -0.9848077530122093526 ) ) ;
#513 = CIRCLE ( 'NONE', #302, 6.000000000000000000 ) ;
#514 = VERTEX_POINT ( 'NONE', #1470 ) ;
#515 = APPLICATION_CONTEXT ( 'automotive_design' ) ;
#516 = EDGE_CURVE ( 'NONE', #1568, #1181, #513, .T. ) ;
#517 = EDGE_CURVE ( 'NONE', #615, #1461, #210, .T. ) ;
#518 = CARTESIAN_POINT ( 'NONE',  ( -14.79179486355016948, -0.8750000000000000000, -0.9800000000000000933 ) ) ;
#519 = LINE ( 'NONE', #1188, #1286 ) ;
#520 = PLANE ( 'NONE',  #558 ) ;
#521 = LINE ( 'NONE', #244, #958 ) ;
#522 = FACE_OUTER_BOUND ( 'NONE', #578, .T. ) ;
#523 = DIRECTION ( 'NONE',  ( -0.1736481776669237809, 0.000000000000000000, -0.9848077530122093526 ) ) ;
#524 = LINE ( 'NONE', #1630, #1315 ) ;
#525 = VERTEX_POINT ( 'NONE', #778 ) ;
#526 = DIRECTION ( 'NONE',  ( 1.000000000000000000, 0.000000000000000000, -1.908428413691174465E-16 ) ) ;
#527 = DIRECTION ( 'NONE',  ( 0.000000000000000000, 0.000000000000000000, 1.000000000000000000 ) ) ;
#528 = LINE ( 'NONE', #402, #1571 ) ;
#529 = CIRCLE ( 'NONE', #1688, 6.000000000000000000 ) ;
#530 = EDGE_CURVE ( 'NONE', #220, #1497, #1745, .T. ) ;
#531 = CARTESIAN_POINT ( 'NONE',  ( -5.576316527040904525, -0.9899999999999995470, -6.660000000000001030 ) ) ;
#532 = AXIS2_PLACEMENT_3D ( 'NONE', #354, #917, #1467 ) ;
#533 = EDGE_LOOP ( 'NONE', ( #559, #157, #1452, #1430, #920, #258, #830 ) ) ;
#534 = AXIS2_PLACEMENT_3D ( 'NONE', #1695, #423, #315 ) ;
#535 = VERTEX_POINT ( 'NONE', #518 ) ;
#536 = AXIS2_PLACEMENT_3D ( 'NONE', #785, #1204, #505 ) ;
#537 = FACE_BOUND ( 'NONE', #646, .T. ) ;
#538 = DIRECTION ( 'NONE',  ( 0.000000000000000000, -1.000000000000000000, 0.000000000000000000 ) ) ;
#539 = EDGE_CURVE ( 'NONE', #947, #1159, #1336, .T. ) ;
#540 = ORIENTED_EDGE ( 'NONE', *, *, #803, .F. ) ;
#541 = ADVANCED_FACE ( 'NONE', ( #1065 ), #375, .T. ) ;
#542 = CARTESIAN_POINT ( 'NONE',  ( -11.82500000000000107, 0.8000000000000000444, -0.9100000000000001421 ) ) ;
#543 = EDGE_LOOP ( 'NONE', ( #596, #256, #764, #187 ) ) ;
#544 = LINE ( 'NONE', #259, #477 ) ;
#545 = CYLINDRICAL_SURFACE ( 'NONE', #176, 0.07999999999999996003 ) ;
#546 = PLANE ( 'NONE',  #1434 ) ;
#547 = SURFACE_SIDE_STYLE ('',( #115 ) ) ;
#548 = VERTEX_POINT ( 'NONE', #1620 ) ;
#549 = CARTESIAN_POINT ( 'NONE',  ( 0.000000000000000000, 0.8750000000000000000, -0.9800000000000000933 ) ) ;
#550 = ORIENTED_EDGE ( 'NONE', *, *, #696, .T. ) ;
#551 = DIRECTION ( 'NONE',  ( -2.193033135062037489E-16, 1.000000000000000000, 0.000000000000000000 ) ) ;
#552 = EDGE_CURVE ( 'NONE', #1162, #1248, #1164, .T. ) ;
#553 = VECTOR ( 'NONE', #410, 1.000000000000000000 ) ;
#554 = DIRECTION ( 'NONE',  ( 0.9848077530122092416, 0.000000000000000000, -0.1736481776669237531 ) ) ;
#555 = ORIENTED_EDGE ( 'NONE', *, *, #1743, .T. ) ;
#556 = VECTOR ( 'NONE', #368, 1.000000000000000000 ) ;
#557 = CARTESIAN_POINT ( 'NONE',  ( -1.950000000000000622, -0.2000000000000000111, -0.8250000000000000666 ) ) ;
#558 = AXIS2_PLACEMENT_3D ( 'NONE', #1781, #1478, #388 ) ;
#559 = ORIENTED_EDGE ( 'NONE', *, *, #72, .F. ) ;
#560 = LINE ( 'NONE', #287, #1344 ) ;
#561 = ORIENTED_EDGE ( 'NONE', *, *, #1405, .F. ) ;
#562 = VERTEX_POINT ( 'NONE', #1423 ) ;
#563 = EDGE_CURVE ( 'NONE', #576, #1632, #1291, .T. ) ;
#564 = EDGE_CURVE ( 'NONE', #200, #130, #108, .T. ) ;
#565 = DIRECTION ( 'NONE',  ( 0.000000000000000000, 0.000000000000000000, -1.000000000000000000 ) ) ;
#566 = ORIENTED_EDGE ( 'NONE', *, *, #643, .T. ) ;
#567 = DIRECTION ( 'NONE',  ( -1.000000000000000000, -3.132904478660053556E-17, 1.633773012826316475E-16 ) ) ;
#568 = ORIENTED_EDGE ( 'NONE', *, *, #1715, .F. ) ;
#569 = CARTESIAN_POINT ( 'NONE',  ( -12.22500000000000142, 0.8000000000000000444, -0.9100000000000001421 ) ) ;
#570 = VERTEX_POINT ( 'NONE', #549 ) ;
#571 = EDGE_CURVE ( 'NONE', #291, #576, #1234, .T. ) ;
#572 = EDGE_CURVE ( 'NONE', #291, #1302, #1427, .T. ) ;
#573 = ADVANCED_FACE ( 'NONE', ( #1294 ), #730, .T. ) ;
#574 = PLANE ( 'NONE',  #992 ) ;
#575 = CARTESIAN_POINT ( 'NONE',  ( -2.825068018844486328, 1.189999999999998392, 5.040000000000000036 ) ) ;
#576 = VERTEX_POINT ( 'NONE', #597 ) ;
#577 = CARTESIAN_POINT ( 'NONE',  ( 0.000000000000000000, 0.8750000000000000000, -0.9800000000000000933 ) ) ;
#578 = EDGE_LOOP ( 'NONE', ( #863, #53, #555, #974 ) ) ;
#579 = PLANE ( 'NONE',  #1084 ) ;
#580 = ORIENTED_EDGE ( 'NONE', *, *, #401, .T. ) ;
#581 = ORIENTED_EDGE ( 'NONE', *, *, #1074, .T. ) ;
#582 = DIRECTION ( 'NONE',  ( -1.000000000000000000, -0.000000000000000000, -0.000000000000000000 ) ) ;
#583 = CYLINDRICAL_SURFACE ( 'NONE', #1106, 0.07999999999999996003 ) ;
#584 = VERTEX_POINT ( 'NONE', #1418 ) ;
#585 = EDGE_CURVE ( 'NONE', #1376, #1162, #1532, .T. ) ;
#586 = EDGE_CURVE ( 'NONE', #1242, #349, #313, .T. ) ;
#587 = CARTESIAN_POINT ( 'NONE',  ( 0.000000000000000000, -1.189999999999998392, -1.160000000000000142 ) ) ;
#588 = DIRECTION ( 'NONE',  ( 1.000000000000000000, 0.000000000000000000, 0.000000000000000000 ) ) ;
#589 = VECTOR ( 'NONE', #554, 1.000000000000000000 ) ;
#590 = AXIS2_PLACEMENT_3D ( 'NONE', #74, #636, #1190 ) ;
#591 = AXIS2_PLACEMENT_3D ( 'NONE', #1609, #484, #67 ) ;
#592 = EDGE_LOOP ( 'NONE', ( #1169, #286, #566, #451 ) ) ;
#593 = AXIS2_PLACEMENT_3D ( 'NONE', #861, #718, #1528 ) ;
#594 = FACE_OUTER_BOUND ( 'NONE', #1413, .T. ) ;
#595 = DIRECTION ( 'NONE',  ( 0.000000000000000000, -0.9854601157443477755, 0.1699069165076472210 ) ) ;
#596 = ORIENTED_EDGE ( 'NONE', *, *, #1348, .F. ) ;
#597 = CARTESIAN_POINT ( 'NONE',  ( -10.30804291515397786, 1.189999999999998392, -0.8688465180732550808 ) ) ;
#598 = EDGE_CURVE ( 'NONE', #877, #570, #838, .T. ) ;
#599 = CARTESIAN_POINT ( 'NONE',  ( -4.534427461039362228, 1.189999999999998392, -0.7511534819267454699 ) ) ;
#600 = EDGE_CURVE ( 'NONE', #208, #130, #1266, .T. ) ;
#601 = ORIENTED_EDGE ( 'NONE', *, *, #1746, .F. ) ;
#602 = DIRECTION ( 'NONE',  ( -2.193033135062037489E-16, 1.000000000000000000, 0.000000000000000000 ) ) ;
#603 = ORIENTED_EDGE ( 'NONE', *, *, #717, .F. ) ;
#604 = LINE ( 'NONE', #640, #1365 ) ;
#605 = ORIENTED_EDGE ( 'NONE', *, *, #316, .T. ) ;
#606 = CARTESIAN_POINT ( 'NONE',  ( -14.17500000000000071, 0.8750000000000000000, -1.060000000000000053 ) ) ;
#607 = DIRECTION ( 'NONE',  ( 0.000000000000000000, 1.224646799147353207E-16, -1.000000000000000000 ) ) ;
#608 = CARTESIAN_POINT ( 'NONE',  ( -5.576316527040903637, 1.189999999999998392, -0.6600000000000008082 ) ) ;
#609 = ORIENTED_EDGE ( 'NONE', *, *, #1270, .T. ) ;
#610 = EDGE_CURVE ( 'NONE', #1025, #332, #1285, .T. ) ;
#611 = DIRECTION ( 'NONE',  ( 0.000000000000000000, -0.000000000000000000, 1.000000000000000000 ) ) ;
#612 = CARTESIAN_POINT ( 'NONE',  ( -1.950000000000000622, 0.8000000000000000444, -0.9100000000000001421 ) ) ;
#613 = ORIENTED_EDGE ( 'NONE', *, *, #779, .F. ) ;
#614 = FACE_OUTER_BOUND ( 'NONE', #369, .T. ) ;
#615 = VERTEX_POINT ( 'NONE', #6 ) ;
#616 = DIRECTION ( 'NONE',  ( 0.000000000000000000, 0.000000000000000000, 1.000000000000000000 ) ) ;
#617 = DIRECTION ( 'NONE',  ( 0.000000000000000000, -0.9854601157443477755, 0.1699069165076472210 ) ) ;
#618 = CIRCLE ( 'NONE', #1604, 0.07999999999999996003 ) ;
#619 = EDGE_LOOP ( 'NONE', ( #1267, #540, #1736, #249 ) ) ;
#620 = ORIENTED_EDGE ( 'NONE', *, *, #1356, .T. ) ;
#621 = AXIS2_PLACEMENT_3D ( 'NONE', #790, #1480, #669 ) ;
#622 = PLANE ( 'NONE',  #1666 ) ;
#623 = AXIS2_PLACEMENT_3D ( 'NONE', #42, #335, #64 ) ;
#624 = AXIS2_PLACEMENT_3D ( 'NONE', #950, #551, #1619 ) ;
#625 = DIRECTION ( 'NONE',  ( -3.132904478660053556E-17, 1.000000000000000000, -0.000000000000000000 ) ) ;
#626 = ORIENTED_EDGE ( 'NONE', *, *, #1098, .T. ) ;
#627 = AXIS2_PLACEMENT_3D ( 'NONE', #1197, #1749, #1730 ) ;
#628 = DIRECTION ( 'NONE',  ( -0.000000000000000000, -0.000000000000000000, -1.000000000000000000 ) ) ;
#629 = CARTESIAN_POINT ( 'NONE',  ( -11.82500000000000107, -0.8999999999999999112, -0.9100000000000001421 ) ) ;
#630 = LINE ( 'NONE', #1590, #1342 ) ;
#631 = CARTESIAN_POINT ( 'NONE',  ( -14.79179486355016948, -0.8750000000000000000, -1.140000000000000124 ) ) ;
#632 = ORIENTED_EDGE ( 'NONE', *, *, #750, .F. ) ;
#633 = FACE_OUTER_BOUND ( 'NONE', #325, .T. ) ;
#634 = EDGE_CURVE ( 'NONE', #1497, #1257, #1132, .T. ) ;
#635 = DIRECTION ( 'NONE',  ( 1.000000000000000000, 0.000000000000000000, -0.000000000000000000 ) ) ;
#636 = DIRECTION ( 'NONE',  ( -0.1736481776669237809, 0.000000000000000000, -0.9848077530122093526 ) ) ;
#637 = ORIENTED_EDGE ( 'NONE', *, *, #585, .T. ) ;
#638 = DIRECTION ( 'NONE',  ( 1.000000000000000000, 0.000000000000000000, 0.000000000000000000 ) ) ;
#639 = LINE ( 'NONE', #371, #676 ) ;
#640 = CARTESIAN_POINT ( 'NONE',  ( -2.350000000000000533, 1.189999999999998392, -0.9600000000000001865 ) ) ;
#641 = FACE_OUTER_BOUND ( 'NONE', #837, .T. ) ;
#642 = ADVANCED_FACE ( 'NONE', ( #292 ), #173, .F. ) ;
#643 = EDGE_CURVE ( 'NONE', #485, #332, #1567, .T. ) ;
#644 = LINE ( 'NONE', #1304, #1539 ) ;
#645 = UNCERTAINTY_MEASURE_WITH_UNIT (LENGTH_MEASURE( 1.000000000000000082E-05 ), #218, 'distance_accuracy_value', 'NONE');
#646 = EDGE_LOOP ( 'NONE', ( #1709, #983 ) ) ;
#647 = EDGE_CURVE ( 'NONE', #1181, #1632, #1684, .T. ) ;
#648 = CIRCLE ( 'NONE', #237, 6.000000000000000000 ) ;
#649 = DIRECTION ( 'NONE',  ( 0.000000000000000000, 0.9901138386947148096, 0.1402661271484180183 ) ) ;
#650 = VECTOR ( 'NONE', #617, 1.000000000000000222 ) ;
#651 = AXIS2_PLACEMENT_3D ( 'NONE', #557, #1670, #845 ) ;
#652 = CARTESIAN_POINT ( 'NONE',  ( -14.17500000000000071, -0.8750000000000000000, -1.060000000000000053 ) ) ;
#653 = CIRCLE ( 'NONE', #1205, 0.07999999999999996003 ) ;
#654 = AXIS2_PLACEMENT_3D ( 'NONE', #1287, #280, #1261 ) ;
#655 = CARTESIAN_POINT ( 'NONE',  ( -1.810428895881361865E-15, -0.9899999999999984368, -0.6600000000000019185 ) ) ;
#656 = CARTESIAN_POINT ( 'NONE',  ( -0.3800000000000000044, 0.8750000000000000000, -1.060000000000000053 ) ) ;
#657 = EDGE_CURVE ( 'NONE', #1461, #1110, #306, .T. ) ;
#658 = DIRECTION ( 'NONE',  ( -1.000000000000000000, -0.000000000000000000, -0.000000000000000000 ) ) ;
#659 = DIRECTION ( 'NONE',  ( -0.000000000000000000, 1.000000000000000000, -0.000000000000000000 ) ) ;
#660 = CARTESIAN_POINT ( 'NONE',  ( -8.598683472959097074, 1.189999999999998392, -0.6600000000000002531 ) ) ;
#661 = ORIENTED_EDGE ( 'NONE', *, *, #11, .T. ) ;
#662 = DIRECTION ( 'NONE',  ( 0.000000000000000000, 0.000000000000000000, 1.000000000000000000 ) ) ;
#663 = FACE_OUTER_BOUND ( 'NONE', #9, .T. ) ;
#664 = EDGE_CURVE ( 'NONE', #570, #525, #881, .T. ) ;
#665 = EDGE_CURVE ( 'NONE', #137, #749, #421, .T. ) ;
#666 = LINE ( 'NONE', #73, #272 ) ;
#667 = CARTESIAN_POINT ( 'NONE',  ( -3.866957084846029513, 0.9899999999999983258, -0.8688465180732544146 ) ) ;
#668 = EDGE_LOOP ( 'NONE', ( #495, #868, #166, #759 ) ) ;
#669 = DIRECTION ( 'NONE',  ( -1.000000000000000000, -2.220446049250312834E-16, -1.154631945610162644E-14 ) ) ;
#670 = CARTESIAN_POINT ( 'NONE',  ( 0.6167948635501689925, -0.8750000000000000000, -1.140000000000000124 ) ) ;
#671 = EDGE_CURVE ( 'NONE', #1495, #859, #1701, .T. ) ;
#672 = CIRCLE ( 'NONE', #1687, 6.000000000000000000 ) ;
#673 = DIRECTION ( 'NONE',  ( -1.000000000000000000, 0.000000000000000000, -0.000000000000000000 ) ) ;
#674 = DIRECTION ( 'NONE',  ( -2.193033135062037489E-16, 1.000000000000000000, 0.000000000000000000 ) ) ;
#675 = SURFACE_STYLE_USAGE ( .BOTH. , #547 ) ;
#676 = VECTOR ( 'NONE', #1195, 1.000000000000000000 ) ;
#677 = VERTEX_POINT ( 'NONE', #1678 ) ;
#678 = DIRECTION ( 'NONE',  ( 0.000000000000000000, 0.000000000000000000, 1.000000000000000000 ) ) ;
#679 = ORIENTED_EDGE ( 'NONE', *, *, #598, .F. ) ;
#680 = CARTESIAN_POINT ( 'NONE',  ( -0.1622440211999319759, -0.9899999999999993250, 0.9201315677728723053 ) ) ;
#681 = CIRCLE ( 'NONE', #941, 0.07999999999999996003 ) ;
#682 = DIRECTION ( 'NONE',  ( 0.000000000000000000, 0.000000000000000000, -1.000000000000000000 ) ) ;
#683 = DIRECTION ( 'NONE',  ( -2.193033135062037489E-16, 1.000000000000000000, 0.000000000000000000 ) ) ;
#684 = PRESENTATION_STYLE_ASSIGNMENT (( #675 ) ) ;
#685 = ORIENTED_EDGE ( 'NONE', *, *, #295, .F. ) ;
#686 = EDGE_CURVE ( 'NONE', #200, #1495, #872, .T. ) ;
#687 = CARTESIAN_POINT ( 'NONE',  ( -12.22500000000000142, -0.2000000000000000111, -0.8250000000000000666 ) ) ;
#688 = ORIENTED_EDGE ( 'NONE', *, *, #1094, .F. ) ;
#689 = DIRECTION ( 'NONE',  ( -0.000000000000000000, -0.9901138386947149206, -0.1402661271484180461 ) ) ;
#690 = ADVANCED_BREP_SHAPE_REPRESENTATION ( 'WagonPlane_40ft_MediumDetailed', ( #1370, #1201 ), #703 ) ;
#691 = LINE ( 'NONE', #1246, #589 ) ;
#692 = VERTEX_POINT ( 'NONE', #587 ) ;
#693 = ADVANCED_FACE ( 'NONE', ( #973 ), #1546, .T. ) ;
#694 = ORIENTED_EDGE ( 'NONE', *, *, #1791, .F. ) ;
#695 = CARTESIAN_POINT ( 'NONE',  ( -10.30804291515397964, 1.189999999999998392, -0.8688465180732555249 ) ) ;
#696 = EDGE_CURVE ( 'NONE', #677, #692, #721, .T. ) ;
#697 = ORIENTED_EDGE ( 'NONE', *, *, #1094, .T. ) ;
#698 = ORIENTED_EDGE ( 'NONE', *, *, #564, .T. ) ;
#699 = VECTOR ( 'NONE', #1060, 1.000000000000000000 ) ;
#700 = CARTESIAN_POINT ( 'NONE',  ( -13.79499999999999993, 0.8750000000000000000, -1.060000000000000053 ) ) ;
#701 = CARTESIAN_POINT ( 'NONE',  ( -2.914659381970696644E-16, 1.189999999999998392, -1.160000000000000142 ) ) ;
#702 = ORIENTED_EDGE ( 'NONE', *, *, #1490, .F. ) ;
#703 =( GEOMETRIC_REPRESENTATION_CONTEXT ( 3 ) GLOBAL_UNCERTAINTY_ASSIGNED_CONTEXT ( ( #645 ) ) GLOBAL_UNIT_ASSIGNED_CONTEXT ( ( #218, #1059, #376 ) ) REPRESENTATION_CONTEXT ( 'NONE', 'WORKASPACE' ) );
#704 = DIRECTION ( 'NONE',  ( -0.000000000000000000, -0.9901138386947149206, -0.1402661271484180461 ) ) ;
#705 = CIRCLE ( 'NONE', #1637, 0.9999999999999998890 ) ;
#706 = ORIENTED_EDGE ( 'NONE', *, *, #82, .F. ) ;
#707 = DIRECTION ( 'NONE',  ( 0.000000000000000000, -0.000000000000000000, -1.000000000000000000 ) ) ;
#708 = EDGE_CURVE ( 'NONE', #1497, #1659, #1708, .T. ) ;
#709 = VECTOR ( 'NONE', #245, 1.000000000000000000 ) ;
#710 = EDGE_CURVE ( 'NONE', #1155, #458, #1741, .T. ) ;
#711 = CARTESIAN_POINT ( 'NONE',  ( -0.2651845289799109051, 1.189999999999998392, -1.503936198047713280 ) ) ;
#712 = ORIENTED_EDGE ( 'NONE', *, *, #1664, .F. ) ;
#713 = CARTESIAN_POINT ( 'NONE',  ( -2.350000000000000533, 0.8999999999999999112, -0.9100000000000001421 ) ) ;
#714 = CARTESIAN_POINT ( 'NONE',  ( -14.17500000000000071, -1.190000000000001501, -0.9600000000000001865 ) ) ;
#715 = ORIENTED_EDGE ( 'NONE', *, *, #1154, .F. ) ;
#716 = ORIENTED_EDGE ( 'NONE', *, *, #1083, .T. ) ;
#717 = EDGE_CURVE ( 'NONE', #741, #1248, #760, .T. ) ;
#718 = DIRECTION ( 'NONE',  ( -1.908428413691174465E-16, 0.000000000000000000, -1.000000000000000000 ) ) ;
#719 = DIRECTION ( 'NONE',  ( -1.000000000000000000, -0.000000000000000000, -0.000000000000000000 ) ) ;
#720 = ORIENTED_EDGE ( 'NONE', *, *, #1675, .F. ) ;
#721 = LINE ( 'NONE', #1301, #149 ) ;
#722 = ORIENTED_EDGE ( 'NONE', *, *, #766, .F. ) ;
#723 = CARTESIAN_POINT ( 'NONE',  ( -14.79179486355016948, 0.8750000000000000000, -1.060000000000000053 ) ) ;
#724 = VERTEX_POINT ( 'NONE', #83 ) ;
#725 = ADVANCED_FACE ( 'NONE', ( #614 ), #1446, .T. ) ;
#726 = CARTESIAN_POINT ( 'NONE',  ( -1.950000000000000622, 1.189999999999998392, -0.9600000000000001865 ) ) ;
#727 = LINE ( 'NONE', #1706, #1167 ) ;
#728 = ORIENTED_EDGE ( 'NONE', *, *, #11, .F. ) ;
#729 = VECTOR ( 'NONE', #1787, 1.000000000000000000 ) ;
#730 = PLANE ( 'NONE',  #119 ) ;
#731 = ORIENTED_EDGE ( 'NONE', *, *, #779, .T. ) ;
#732 = DIRECTION ( 'NONE',  ( -1.000000000000000000, 0.000000000000000000, 0.000000000000000000 ) ) ;
#733 = CIRCLE ( 'NONE', #591, 0.07999999999999996003 ) ;
#734 = AXIS2_PLACEMENT_3D ( 'NONE', #531, #674, #802 ) ;
#735 = ORIENTED_EDGE ( 'NONE', *, *, #1763, .T. ) ;
#736 = VECTOR ( 'NONE', #1466, 1.000000000000000000 ) ;
#737 = VECTOR ( 'NONE', #746, 1.000000000000000000 ) ;
#738 = VECTOR ( 'NONE', #874, 1.000000000000000000 ) ;
#739 = DIRECTION ( 'NONE',  ( -0.000000000000000000, -1.000000000000000000, -0.000000000000000000 ) ) ;
#740 = CARTESIAN_POINT ( 'NONE',  ( -1.950000000000000622, 1.189999999999998392, -0.9600000000000001865 ) ) ;
#741 = VERTEX_POINT ( 'NONE', #1438 ) ;
#742 = CARTESIAN_POINT ( 'NONE',  ( 0.000000000000000000, 0.8750000000000000000, -1.060000000000000053 ) ) ;
#743 = ORIENTED_EDGE ( 'NONE', *, *, #72, .T. ) ;
#744 = PLANE ( 'NONE',  #1727 ) ;
#745 = FACE_OUTER_BOUND ( 'NONE', #195, .T. ) ;
#746 = DIRECTION ( 'NONE',  ( -1.000000000000000000, 0.000000000000000000, -0.000000000000000000 ) ) ;
#747 = ORIENTED_EDGE ( 'NONE', *, *, #552, .F. ) ;
#748 = CARTESIAN_POINT ( 'NONE',  ( -14.17500000000000071, -0.8750000000000000000, -1.060000000000000053 ) ) ;
#749 = VERTEX_POINT ( 'NONE', #1048 ) ;
#750 = EDGE_CURVE ( 'NONE', #535, #724, #1229, .T. ) ;
#751 = CARTESIAN_POINT ( 'NONE',  ( -14.17500000000000071, 1.189999999999997948, -1.160000000000000142 ) ) ;
#752 = ORIENTED_EDGE ( 'NONE', *, *, #1753, .T. ) ;
#753 = FACE_OUTER_BOUND ( 'NONE', #7, .T. ) ;
#754 = DIRECTION ( 'NONE',  ( 0.000000000000000000, 0.9854601157443477755, -0.1699069165076472210 ) ) ;
#755 = ADVANCED_FACE ( 'NONE', ( #925 ), #500, .T. ) ;
#756 = ORIENTED_EDGE ( 'NONE', *, *, #1241, .F. ) ;
#757 = ORIENTED_EDGE ( 'NONE', *, *, #1763, .F. ) ;
#758 = DIRECTION ( 'NONE',  ( 0.000000000000000000, 1.000000000000000000, 0.000000000000000000 ) ) ;
#759 = ORIENTED_EDGE ( 'NONE', *, *, #517, .F. ) ;
#760 = LINE ( 'NONE', #781, #301 ) ;
#761 = CARTESIAN_POINT ( 'NONE',  ( -14.17500000000000071, 0.8750000000000000000, -0.9800000000000000933 ) ) ;
#762 = DIRECTION ( 'NONE',  ( -1.000000000000000000, 0.000000000000000000, 0.000000000000000000 ) ) ;
#763 = AXIS2_PLACEMENT_3D ( 'NONE', #575, #1788, #1521 ) ;
#764 = ORIENTED_EDGE ( 'NONE', *, *, #516, .F. ) ;
#765 = ORIENTED_EDGE ( 'NONE', *, *, #1780, .F. ) ;
#766 = EDGE_CURVE ( 'NONE', #332, #1611, #232, .T. ) ;
#767 = PRODUCT_DEFINITION_FORMATION_WITH_SPECIFIED_SOURCE ( 'TUTTO', '', #933, .NOT_KNOWN. ) ;
#768 = LINE ( 'NONE', #1036, #96 ) ;
#769 = CIRCLE ( 'NONE', #241, 6.000000000000000000 ) ;
#770 = AXIS2_PLACEMENT_3D ( 'NONE', #1089, #527, #957 ) ;
#771 = LINE ( 'NONE', #1603, #736 ) ;
#772 = AXIS2_PLACEMENT_3D ( 'NONE', #235, #611, #758 ) ;
#773 = PLANE ( 'NONE',  #590 ) ;
#774 = DIRECTION ( 'NONE',  ( 0.000000000000000000, 0.000000000000000000, 1.000000000000000000 ) ) ;
#775 = CARTESIAN_POINT ( 'NONE',  ( -11.82500000000000107, -0.2000000000000000111, -0.8250000000000000666 ) ) ;
#776 = ORIENTED_EDGE ( 'NONE', *, *, #135, .F. ) ;
#777 = ORIENTED_EDGE ( 'NONE', *, *, #401, .F. ) ;
#778 = CARTESIAN_POINT ( 'NONE',  ( 0.000000000000000000, 0.8750000000000000000, -1.140000000000000124 ) ) ;
#779 = EDGE_CURVE ( 'NONE', #1113, #137, #1607, .T. ) ;
#780 = CARTESIAN_POINT ( 'NONE',  ( -14.79179486355016948, 0.8750000000000000000, -1.060000000000000053 ) ) ;
#781 = CARTESIAN_POINT ( 'NONE',  ( -1.950000000000000622, -0.8999999999999999112, -0.9100000000000001421 ) ) ;
#782 = FACE_OUTER_BOUND ( 'NONE', #1691, .T. ) ;
#783 = LINE ( 'NONE', #775, #556 ) ;
#784 = ORIENTED_EDGE ( 'NONE', *, *, #1152, .F. ) ;
#785 = CARTESIAN_POINT ( 'NONE',  ( -14.17500000000000071, 0.8750000000000000000, -1.060000000000000053 ) ) ;
#786 = FILL_AREA_STYLE ('',( #1476 ) ) ;
#787 = CARTESIAN_POINT ( 'NONE',  ( -14.79179486355016948, 0.9549999999999964073, -1.060000000000000053 ) ) ;
#788 = EDGE_CURVE ( 'NONE', #878, #976, #1140, .T. ) ;
#789 = DIRECTION ( 'NONE',  ( 0.000000000000000000, -1.000000000000000000, -0.000000000000000000 ) ) ;
#790 = CARTESIAN_POINT ( 'NONE',  ( -5.576316527040904525, -1.189999999999999725, -6.660000000000001030 ) ) ;
#791 = DIRECTION ( 'NONE',  ( 0.000000000000000000, -0.9901138386947149206, 0.1402661271484180461 ) ) ;
#792 = CIRCLE ( 'NONE', #1717, 6.000000000000000000 ) ;
#793 = PLANE ( 'NONE',  #1778 ) ;
#794 = CIRCLE ( 'NONE', #239, 1.000000000000000000 ) ;
#795 = VECTOR ( 'NONE', #186, 1.000000000000000000 ) ;
#796 = DIRECTION ( 'NONE',  ( -1.000000000000000000, -3.132904478660053556E-17, -0.000000000000000000 ) ) ;
#797 = DIRECTION ( 'NONE',  ( 0.000000000000000000, 0.000000000000000000, -1.000000000000000000 ) ) ;
#798 = CARTESIAN_POINT ( 'NONE',  ( -12.22500000000000142, 0.8999999999999999112, -0.9100000000000001421 ) ) ;
#799 = EDGE_CURVE ( 'NONE', #1559, #192, #604, .T. ) ;
#800 = FACE_OUTER_BOUND ( 'NONE', #443, .T. ) ;
#801 = DIRECTION ( 'NONE',  ( -0.9848077530122093526, 0.000000000000000000, 0.1736481776669237809 ) ) ;
#802 = DIRECTION ( 'NONE',  ( -1.000000000000000000, -2.220446049250312834E-16, 0.000000000000000000 ) ) ;
#803 = EDGE_CURVE ( 'NONE', #1025, #169, #1158, .T. ) ;
#804 = ORIENTED_EDGE ( 'NONE', *, *, #750, .T. ) ;
#805 = FACE_OUTER_BOUND ( 'NONE', #1417, .T. ) ;
#806 = CARTESIAN_POINT ( 'NONE',  ( -8.598683472959098850, -1.190000000000000169, -6.660000000000000142 ) ) ;
#807 = ADVANCED_FACE ( 'NONE', ( #1734 ), #1617, .T. ) ;
#808 = CARTESIAN_POINT ( 'NONE',  ( -1.950000000000000622, -0.8999999999999999112, -0.9100000000000001421 ) ) ;
#809 = LINE ( 'NONE', #655, #476 ) ;
#810 = DIRECTION ( 'NONE',  ( -1.000000000000000000, -0.000000000000000000, -0.000000000000000000 ) ) ;
#811 = ORIENTED_EDGE ( 'NONE', *, *, #425, .F. ) ;
#812 = CARTESIAN_POINT ( 'NONE',  ( 0.000000000000000000, 0.8750000000000000000, -1.060000000000000053 ) ) ;
#813 = ORIENTED_EDGE ( 'NONE', *, *, #937, .F. ) ;
#814 = CARTESIAN_POINT ( 'NONE',  ( -1.841314829809070669E-15, -0.9899999999999984368, -0.9600000000000019629 ) ) ;
#815 = AXIS2_PLACEMENT_3D ( 'NONE', #1747, #924, #1472 ) ;
#816 = CARTESIAN_POINT ( 'NONE',  ( -1.950000000000000622, 0.8999999999999999112, -0.9100000000000001421 ) ) ;
#817 = VECTOR ( 'NONE', #320, 1.000000000000000000 ) ;
#818 = AXIS2_PLACEMENT_3D ( 'NONE', #1334, #228, #85 ) ;
#819 = LINE ( 'NONE', #940, #1803 ) ;
#820 = CARTESIAN_POINT ( 'NONE',  ( -5.576316527040904525, 1.189999999999998392, -6.660000000000001030 ) ) ;
#821 = CIRCLE ( 'NONE', #32, 0.07999999999999996003 ) ;
#822 = EDGE_LOOP ( 'NONE', ( #299, #1789, #1017, #431 ) ) ;
#823 = FACE_OUTER_BOUND ( 'NONE', #533, .T. ) ;
#824 = EDGE_LOOP ( 'NONE', ( #69, #1311, #697, #1783, #626, #890, #140, #405 ) ) ;
#825 = DIRECTION ( 'NONE',  ( -0.9848077530122093526, -2.159716034021766272E-16, -0.1736481776669234756 ) ) ;
#826 = VECTOR ( 'NONE', #188, 1.000000000000000000 ) ;
#827 = ADVANCED_FACE ( 'NONE', ( #372 ), #1324, .F. ) ;
#828 = DIRECTION ( 'NONE',  ( -0.000000000000000000, 0.000000000000000000, 1.000000000000000000 ) ) ;
#829 = CYLINDRICAL_SURFACE ( 'NONE', #471, 0.07999999999999996003 ) ;
#830 = ORIENTED_EDGE ( 'NONE', *, *, #103, .T. ) ;
#831 = ORIENTED_EDGE ( 'NONE', *, *, #398, .F. ) ;
#832 = FACE_OUTER_BOUND ( 'NONE', #668, .T. ) ;
#833 = ORIENTED_EDGE ( 'NONE', *, *, #1340, .F. ) ;
#834 = ADVANCED_FACE ( 'NONE', ( #1596 ), #1196, .T. ) ;
#835 = LINE ( 'NONE', #162, #1367 ) ;
#836 = SPHERICAL_SURFACE ( 'NONE', #1339, 1.000000000000000000 ) ;
#837 = EDGE_LOOP ( 'NONE', ( #980, #437, #396, #473 ) ) ;
#838 = LINE ( 'NONE', #577, #1483 ) ;
#839 = ORIENTED_EDGE ( 'NONE', *, *, #1356, .F. ) ;
#840 = DIRECTION ( 'NONE',  ( 1.000000000000000000, 2.193033135062037489E-16, 0.000000000000000000 ) ) ;
#841 = AXIS2_PLACEMENT_3D ( 'NONE', #855, #1436, #163 ) ;
#842 = DIRECTION ( 'NONE',  ( -1.000000000000000000, -3.132904478660053556E-17, 1.908428413691174465E-16 ) ) ;
#843 = FILL_AREA_STYLE_COLOUR ( '', #1050 ) ;
#844 = ORIENTED_EDGE ( 'NONE', *, *, #1682, .F. ) ;
#845 = DIRECTION ( 'NONE',  ( -1.000000000000000000, 0.000000000000000000, -0.000000000000000000 ) ) ;
#846 = AXIS2_PLACEMENT_3D ( 'NONE', #1655, #1500, #1076 ) ;
#847 = ORIENTED_EDGE ( 'NONE', *, *, #1052, .F. ) ;
#848 = CARTESIAN_POINT ( 'NONE',  ( -2.350000000000000533, -1.189999999999998392, -0.9600000000000001865 ) ) ;
#849 = VECTOR ( 'NONE', #8, 1.000000000000000000 ) ;
#850 = ADVANCED_FACE ( 'NONE', ( #215 ), #773, .F. ) ;
#851 = EDGE_CURVE ( 'NONE', #1515, #562, #366, .T. ) ;
#852 = ORIENTED_EDGE ( 'NONE', *, *, #564, .F. ) ;
#853 = AXIS2_PLACEMENT_3D ( 'NONE', #1465, #1602, #649 ) ;
#854 = CARTESIAN_POINT ( 'NONE',  ( -2.825068018844486772, -1.189999999999999059, -0.9600000000000001865 ) ) ;
#855 = CARTESIAN_POINT ( 'NONE',  ( -0.3800000000000000044, 0.8750000000000000000, -1.060000000000000053 ) ) ;
#856 = ORIENTED_EDGE ( 'NONE', *, *, #1154, .T. ) ;
#857 = CARTESIAN_POINT ( 'NONE',  ( -5.576316527040904525, 1.189999999999998392, -6.660000000000001030 ) ) ;
#858 = LINE ( 'NONE', #175, #1318 ) ;
#859 = VERTEX_POINT ( 'NONE', #1222 ) ;
#860 = EDGE_CURVE ( 'NONE', #1024, #1302, #125, .T. ) ;
#861 = CARTESIAN_POINT ( 'NONE',  ( -1.259562753036178795E-16, 1.189999999999998392, -0.6600000000000019185 ) ) ;
#862 = CARTESIAN_POINT ( 'NONE',  ( -12.22500000000000142, -0.8999999999999999112, -0.9100000000000001421 ) ) ;
#863 = ORIENTED_EDGE ( 'NONE', *, *, #995, .F. ) ;
#864 = CARTESIAN_POINT ( 'NONE',  ( 8.379673656549379791E-17, 0.9899999999999984368, -0.9600000000000019629 ) ) ;
#865 = ORIENTED_EDGE ( 'NONE', *, *, #1621, .T. ) ;
#866 = CARTESIAN_POINT ( 'NONE',  ( -2.350000000000001421, 1.189999999999998392, -0.9600000000000001865 ) ) ;
#867 = VERTEX_POINT ( 'NONE', #248 ) ;
#868 = ORIENTED_EDGE ( 'NONE', *, *, #60, .F. ) ;
#869 = PLANE ( 'NONE',  #1253 ) ;
#870 = ORIENTED_EDGE ( 'NONE', *, *, #1074, .F. ) ;
#871 = AXIS2_PLACEMENT_3D ( 'NONE', #1494, #255, #133 ) ;
#872 = LINE ( 'NONE', #991, #93 ) ;
#873 = ORIENTED_EDGE ( 'NONE', *, *, #539, .F. ) ;
#874 = DIRECTION ( 'NONE',  ( 0.000000000000000000, -0.9901138386947149206, -0.1402661271484180461 ) ) ;
#875 = VECTOR ( 'NONE', #526, 1.000000000000000000 ) ;
#876 = AXIS2_PLACEMENT_3D ( 'NONE', #1209, #945, #1641 ) ;
#877 = VERTEX_POINT ( 'NONE', #114 ) ;
#878 = VERTEX_POINT ( 'NONE', #1099 ) ;
#879 = AXIS2_PLACEMENT_3D ( 'NONE', #1144, #707, #138 ) ;
#880 = VECTOR ( 'NONE', #1758, 1.000000000000000000 ) ;
#881 = CIRCLE ( 'NONE', #1396, 0.07999999999999996003 ) ;
#882 = SPHERICAL_SURFACE ( 'NONE', #841, 1.000000000000000000 ) ;
#883 = ORIENTED_EDGE ( 'NONE', *, *, #1490, .T. ) ;
#884 = EDGE_CURVE ( 'NONE', #990, #1515, #389, .T. ) ;
#885 = ADVANCED_FACE ( 'NONE', ( #1091 ), #1352, .F. ) ;
#886 = DIRECTION ( 'NONE',  ( -0.000000000000000000, -0.000000000000000000, -1.000000000000000000 ) ) ;
#887 = ORIENTED_EDGE ( 'NONE', *, *, #1041, .F. ) ;
#888 = DIRECTION ( 'NONE',  ( 0.000000000000000000, 1.000000000000000000, 0.000000000000000000 ) ) ;
#889 = CARTESIAN_POINT ( 'NONE',  ( -1.950000000000000622, 1.189999999999998392, -0.9600000000000001865 ) ) ;
#890 = ORIENTED_EDGE ( 'NONE', *, *, #1451, .T. ) ;
#891 = ORIENTED_EDGE ( 'NONE', *, *, #260, .T. ) ;
#892 = DIRECTION ( 'NONE',  ( 0.000000000000000000, 0.000000000000000000, 1.000000000000000000 ) ) ;
#893 = CARTESIAN_POINT ( 'NONE',  ( -2.350000000000001421, -1.189999999999998836, -0.9600000000000001865 ) ) ;
#894 = ORIENTED_EDGE ( 'NONE', *, *, #1117, .F. ) ;
#895 = DIRECTION ( 'NONE',  ( 0.000000000000000000, 0.000000000000000000, 1.000000000000000000 ) ) ;
#896 = ORIENTED_EDGE ( 'NONE', *, *, #1322, .T. ) ;
#897 = DIRECTION ( 'NONE',  ( 0.000000000000000000, 0.000000000000000000, 1.000000000000000000 ) ) ;
#898 = ADVANCED_FACE ( 'NONE', ( #263 ), #520, .F. ) ;
#899 = CARTESIAN_POINT ( 'NONE',  ( -8.598683472959097074, -0.9900000000000003242, -0.6600000000000002531 ) ) ;
#900 = EDGE_CURVE ( 'NONE', #1242, #1202, #1426, .T. ) ;
#901 = ORIENTED_EDGE ( 'NONE', *, *, #1348, .T. ) ;
#902 = ORIENTED_EDGE ( 'NONE', *, *, #1007, .F. ) ;
#903 = DIRECTION ( 'NONE',  ( 1.000000000000000000, 0.000000000000000000, -0.000000000000000000 ) ) ;
#904 = DIRECTION ( 'NONE',  ( -0.000000000000000000, -1.000000000000000000, -0.000000000000000000 ) ) ;
#905 = EDGE_LOOP ( 'NONE', ( #1729, #1677, #1139, #949 ) ) ;
#906 = CARTESIAN_POINT ( 'NONE',  ( -12.22500000000000142, -0.2000000000000000111, -0.8250000000000000666 ) ) ;
#907 = CYLINDRICAL_SURFACE ( 'NONE', #1401, 6.000000000000000000 ) ;
#908 = DIRECTION ( 'NONE',  ( -0.000000000000000000, 0.000000000000000000, 1.000000000000000000 ) ) ;
#909 = AXIS2_PLACEMENT_3D ( 'NONE', #1542, #1408, #1272 ) ;
#910 = ORIENTED_EDGE ( 'NONE', *, *, #1780, .T. ) ;
#911 = ORIENTED_EDGE ( 'NONE', *, *, #1665, .F. ) ;
#912 = COLOUR_RGB ( '',0.7921568627450980005, 0.8196078431372548767, 0.9333333333333333481 ) ;
#913 = EDGE_CURVE ( 'NONE', #1159, #309, #1240, .T. ) ;
#914 = CARTESIAN_POINT ( 'NONE',  ( -12.22500000000000142, 0.000000000000000000, 0.000000000000000000 ) ) ;
#915 = VECTOR ( 'NONE', #582, 1.000000000000000000 ) ;
#916 = LINE ( 'NONE', #1047, #963 ) ;
#917 = DIRECTION ( 'NONE',  ( 1.000000000000000000, 0.000000000000000000, -0.000000000000000000 ) ) ;
#918 = CARTESIAN_POINT ( 'NONE',  ( -12.22500000000000142, -0.8999999999999999112, -0.9100000000000001421 ) ) ;
#919 = DIRECTION ( 'NONE',  ( 0.000000000000000000, 0.000000000000000000, 1.000000000000000000 ) ) ;
#920 = ORIENTED_EDGE ( 'NONE', *, *, #453, .F. ) ;
#921 = DIRECTION ( 'NONE',  ( 0.000000000000000000, -0.9901138386947149206, 0.1402661271484180461 ) ) ;
#922 = ADVANCED_FACE ( 'NONE', ( #92 ), #240, .T. ) ;
#923 = EDGE_CURVE ( 'NONE', #1116, #1088, #819, .T. ) ;
#924 = DIRECTION ( 'NONE',  ( 0.000000000000000000, -1.224646799147353207E-16, -1.000000000000000000 ) ) ;
#925 = FACE_OUTER_BOUND ( 'NONE', #160, .T. ) ;
#926 = CARTESIAN_POINT ( 'NONE',  ( -13.79499999999999993, 0.8750000000000000000, -1.060000000000000053 ) ) ;
#927 = CARTESIAN_POINT ( 'NONE',  ( -1.950000000000000622, -0.8000000000000000444, -0.9100000000000001421 ) ) ;
#928 = PLANE ( 'NONE',  #211 ) ;
#929 = EDGE_CURVE ( 'NONE', #309, #1611, #403, .T. ) ;
#930 = DIRECTION ( 'NONE',  ( -0.000000000000000000, 0.000000000000000000, 1.000000000000000000 ) ) ;
#931 = DIRECTION ( 'NONE',  ( 0.000000000000000000, -0.000000000000000000, -1.000000000000000000 ) ) ;
#932 = CARTESIAN_POINT ( 'NONE',  ( -2.825068018844486328, 0.000000000000000000, -0.9600000000000001865 ) ) ;
#933 = PRODUCT ( 'WagonPlane_40ft_MediumDetailed', 'WagonPlane_40ft_MediumDetailed', '', ( #1350 ) ) ;
#934 =( GEOMETRIC_REPRESENTATION_CONTEXT ( 3 ) GLOBAL_UNCERTAINTY_ASSIGNED_CONTEXT ( ( #303 ) ) GLOBAL_UNIT_ASSIGNED_CONTEXT ( ( #1130, #1782, #428 ) ) REPRESENTATION_CONTEXT ( 'NONE', 'WORKASPACE' ) );
#935 = VECTOR ( 'NONE', #94, 1.000000000000000000 ) ;
#936 = DIRECTION ( 'NONE',  ( 1.000000000000000000, 0.000000000000000000, 0.000000000000000000 ) ) ;
#937 = EDGE_CURVE ( 'NONE', #172, #1044, #769, .T. ) ;
#938 = VECTOR ( 'NONE', #1150, 1.000000000000000000 ) ;
#939 = CARTESIAN_POINT ( 'NONE',  ( -11.82500000000000107, -0.8000000000000000444, -0.9100000000000001421 ) ) ;
#940 = CARTESIAN_POINT ( 'NONE',  ( -1.950000000000000622, 1.189999999999998392, -0.9600000000000001865 ) ) ;
#941 = AXIS2_PLACEMENT_3D ( 'NONE', #493, #205, #774 ) ;
#942 = VERTEX_POINT ( 'NONE', #667 ) ;
#943 = CARTESIAN_POINT ( 'NONE',  ( -9.640572538960640259, 1.189999999999998392, -0.7511534819267452479 ) ) ;
#944 = CARTESIAN_POINT ( 'NONE',  ( -2.350000000000000533, 0.8000000000000000444, -0.9100000000000001421 ) ) ;
#945 = DIRECTION ( 'NONE',  ( -1.000000000000000000, 0.000000000000000000, 0.000000000000000000 ) ) ;
#946 = LINE ( 'NONE', #404, #1018 ) ;
#947 = VERTEX_POINT ( 'NONE', #395 ) ;
#948 = LINE ( 'NONE', #798, #935 ) ;
#949 = ORIENTED_EDGE ( 'NONE', *, *, #1756, .F. ) ;
#950 = CARTESIAN_POINT ( 'NONE',  ( -8.598683472959098850, -0.9899999999999999911, -6.660000000000000142 ) ) ;
#951 = FACE_OUTER_BOUND ( 'NONE', #1744, .T. ) ;
#952 = CARTESIAN_POINT ( 'NONE',  ( -12.22500000000000142, 1.189999999999998392, -0.9600000000000001865 ) ) ;
#953 = CARTESIAN_POINT ( 'NONE',  ( -2.350000000000000533, -0.2000000000000000111, -0.8250000000000000666 ) ) ;
#954 = ORIENTED_EDGE ( 'NONE', *, *, #284, .F. ) ;
#955 = LINE ( 'NONE', #1503, #1254 ) ;
#956 = ORIENTED_EDGE ( 'NONE', *, *, #1612, .T. ) ;
#957 = DIRECTION ( 'NONE',  ( 0.000000000000000000, -1.000000000000000000, 0.000000000000000000 ) ) ;
#958 = VECTOR ( 'NONE', #406, 1.000000000000000222 ) ;
#959 = CARTESIAN_POINT ( 'NONE',  ( -2.350000000000000533, -0.8999999999999999112, -0.9100000000000001421 ) ) ;
#960 = VECTOR ( 'NONE', #1019, 1.000000000000000000 ) ;
#961 = FACE_OUTER_BOUND ( 'NONE', #1064, .T. ) ;
#962 = DIRECTION ( 'NONE',  ( -1.224646799147353207E-16, 1.000000000000000000, -0.000000000000000000 ) ) ;
#963 = VECTOR ( 'NONE', #1594, 1.000000000000000000 ) ;
#964 = ORIENTED_EDGE ( 'NONE', *, *, #634, .F. ) ;
#965 = CIRCLE ( 'NONE', #1206, 6.000000000000000000 ) ;
#966 = DIRECTION ( 'NONE',  ( 0.000000000000000000, -1.000000000000000000, 0.000000000000000000 ) ) ;
#967 = AXIS2_PLACEMENT_3D ( 'NONE', #1491, #121, #1355 ) ;
#968 = ORIENTED_EDGE ( 'NONE', *, *, #1582, .T. ) ;
#969 = CARTESIAN_POINT ( 'NONE',  ( -11.34993198115551927, 1.189999999999997948, -0.9600000000000001865 ) ) ;
#970 = VECTOR ( 'NONE', #739, 1.000000000000000000 ) ;
#971 = CARTESIAN_POINT ( 'NONE',  ( -11.82500000000000107, 0.8000000000000000444, -0.9100000000000001421 ) ) ;
#972 = EDGE_LOOP ( 'NONE', ( #1262, #603, #756, #968 ) ) ;
#973 = FACE_OUTER_BOUND ( 'NONE', #1456, .T. ) ;
#974 = ORIENTED_EDGE ( 'NONE', *, *, #148, .T. ) ;
#975 = PLANE ( 'NONE',  #1175 ) ;
#976 = VERTEX_POINT ( 'NONE', #381 ) ;
#977 = ORIENTED_EDGE ( 'NONE', *, *, #1613, .T. ) ;
#978 = CARTESIAN_POINT ( 'NONE',  ( -14.79499999999999993, -0.8750000000000001110, -1.060000000000000053 ) ) ;
#979 = CYLINDRICAL_SURFACE ( 'NONE', #1227, 5.999999999999999112 ) ;
#980 = ORIENTED_EDGE ( 'NONE', *, *, #571, .F. ) ;
#981 = ADVANCED_FACE ( 'NONE', ( #961 ), #546, .F. ) ;
#982 = DIRECTION ( 'NONE',  ( 1.000000000000000000, 0.000000000000000000, -0.000000000000000000 ) ) ;
#983 = ORIENTED_EDGE ( 'NONE', *, *, #1548, .F. ) ;
#984 = DIRECTION ( 'NONE',  ( 1.000000000000000000, 0.000000000000000000, -1.908428413691174465E-16 ) ) ;
#985 = ORIENTED_EDGE ( 'NONE', *, *, #1118, .T. ) ;
#986 = EDGE_CURVE ( 'NONE', #990, #1798, #809, .T. ) ;
#987 = UNCERTAINTY_MEASURE_WITH_UNIT (LENGTH_MEASURE( 1.000000000000000082E-05 ), #89, 'distance_accuracy_value', 'NONE');
#988 = PRESENTATION_LAYER_ASSIGNMENT (  '', '', ( #1633 ) ) ;
#989 = PLANE ( 'NONE',  #909 ) ;
#990 = VERTEX_POINT ( 'NONE', #1338 ) ;
#991 = CARTESIAN_POINT ( 'NONE',  ( -1.950000000000000622, 0.8000000000000000444, -0.9100000000000001421 ) ) ;
#992 = AXIS2_PLACEMENT_3D ( 'NONE', #1564, #281, #1795 ) ;
#993 = EDGE_LOOP ( 'NONE', ( #601, #964, #1225, #87 ) ) ;
#994 = DIRECTION ( 'NONE',  ( 3.132904478660053556E-17, -1.000000000000000000, 0.000000000000000000 ) ) ;
#995 = EDGE_CURVE ( 'NONE', #37, #1113, #705, .T. ) ;
#996 = ORIENTED_EDGE ( 'NONE', *, *, #1153, .T. ) ;
#997 = AXIS2_PLACEMENT_3D ( 'NONE', #158, #1468, #1606 ) ;
#998 = LINE ( 'NONE', #418, #1689 ) ;
#999 = FACE_OUTER_BOUND ( 'NONE', #972, .T. ) ;
#1000 = ORIENTED_EDGE ( 'NONE', *, *, #1390, .F. ) ;
#1001 = PLANE ( 'NONE',  #1460 ) ;
#1002 = CARTESIAN_POINT ( 'NONE',  ( -14.17500000000000071, -1.190000000000001501, -0.9600000000000001865 ) ) ;
#1003 = VERTEX_POINT ( 'NONE', #98 ) ;
#1004 = CARTESIAN_POINT ( 'NONE',  ( -1.950000000000000622, 0.2000000000000000111, -0.8250000000000000666 ) ) ;
#1005 = VERTEX_POINT ( 'NONE', #660 ) ;
#1006 = ORIENTED_EDGE ( 'NONE', *, *, #334, .F. ) ;
#1007 = EDGE_CURVE ( 'NONE', #184, #1376, #524, .T. ) ;
#1008 = DIRECTION ( 'NONE',  ( -1.000000000000000000, -3.132904478660053556E-17, -0.000000000000000000 ) ) ;
#1009 = PLANE ( 'NONE',  #1277 ) ;
#1010 = ORIENTED_EDGE ( 'NONE', *, *, #58, .T. ) ;
#1011 = DIRECTION ( 'NONE',  ( -0.000000000000000000, -1.000000000000000000, -0.000000000000000000 ) ) ;
#1012 = VERTEX_POINT ( 'NONE', #854 ) ;
#1013 = DIRECTION ( 'NONE',  ( 1.000000000000000000, 0.000000000000000000, -0.000000000000000000 ) ) ;
#1014 = ORIENTED_EDGE ( 'NONE', *, *, #23, .F. ) ;
#1015 = EDGE_CURVE ( 'NONE', #1733, #1383, #1519, .T. ) ;
#1016 = CARTESIAN_POINT ( 'NONE',  ( -1.950000000000000622, 0.2000000000000000111, -0.8250000000000000666 ) ) ;
#1017 = ORIENTED_EDGE ( 'NONE', *, *, #671, .F. ) ;
#1018 = VECTOR ( 'NONE', #962, 1.000000000000000000 ) ;
#1019 = DIRECTION ( 'NONE',  ( 1.000000000000000000, -0.000000000000000000, -0.000000000000000000 ) ) ;
#1020 = ORIENTED_EDGE ( 'NONE', *, *, #377, .F. ) ;
#1021 = SPHERICAL_SURFACE ( 'NONE', #1372, 1.000000000000000000 ) ;
#1022 = CARTESIAN_POINT ( 'NONE',  ( 0.000000000000000000, 0.000000000000000000, -1.160000000000000142 ) ) ;
#1023 = VECTOR ( 'NONE', #1692, 1.000000000000000000 ) ;
#1024 = VERTEX_POINT ( 'NONE', #33 ) ;
#1025 = VERTEX_POINT ( 'NONE', #12 ) ;
#1026 = CIRCLE ( 'NONE', #1208, 0.07999999999999996003 ) ;
#1027 = CARTESIAN_POINT ( 'NONE',  ( -0.2651845289799125149, -0.9899999999999993250, -1.503936198047713058 ) ) ;
#1028 = CARTESIAN_POINT ( 'NONE',  ( 0.000000000000000000, -0.8750000000000000000, -1.060000000000000053 ) ) ;
#1029 = ORIENTED_EDGE ( 'NONE', *, *, #1746, .T. ) ;
#1030 = CARTESIAN_POINT ( 'NONE',  ( 0.000000000000000000, 0.8750000000000000000, -1.060000000000000053 ) ) ;
#1031 = ORIENTED_EDGE ( 'NONE', *, *, #572, .F. ) ;
#1032 = CARTESIAN_POINT ( 'NONE',  ( -0.3800000000000000044, -0.8750000000000000000, -1.060000000000000053 ) ) ;
#1033 = DIRECTION ( 'NONE',  ( 1.000000000000000000, 0.000000000000000000, -0.000000000000000000 ) ) ;
#1034 = ORIENTED_EDGE ( 'NONE', *, *, #1768, .T. ) ;
#1035 = ORIENTED_EDGE ( 'NONE', *, *, #1125, .F. ) ;
#1036 = CARTESIAN_POINT ( 'NONE',  ( -11.34993198115551927, 0.000000000000000000, -0.9600000000000001865 ) ) ;
#1037 = CARTESIAN_POINT ( 'NONE',  ( -10.30804291515398141, 0.9899999999999981037, -0.8688465180732555249 ) ) ;
#1038 = ORIENTED_EDGE ( 'NONE', *, *, #986, .T. ) ;
#1039 = DIRECTION ( 'NONE',  ( -1.000000000000000000, 0.000000000000000000, 0.000000000000000000 ) ) ;
#1040 = FACE_OUTER_BOUND ( 'NONE', #1437, .T. ) ;
#1041 = EDGE_CURVE ( 'NONE', #192, #615, #426, .T. ) ;
#1042 = ADVANCED_FACE ( 'NONE', ( #1541 ), #574, .T. ) ;
#1043 = DIRECTION ( 'NONE',  ( 0.000000000000000000, 1.000000000000000000, 2.220446049250313081E-16 ) ) ;
#1044 = VERTEX_POINT ( 'NONE', #1278 ) ;
#1045 = VERTEX_POINT ( 'NONE', #978 ) ;
#1046 = DIRECTION ( 'NONE',  ( -0.000000000000000000, 1.000000000000000000, -0.000000000000000000 ) ) ;
#1047 = CARTESIAN_POINT ( 'NONE',  ( -11.82500000000000107, 0.8999999999999999112, -0.9100000000000001421 ) ) ;
#1048 = CARTESIAN_POINT ( 'NONE',  ( 0.000000000000000000, -0.8750000000000000000, -1.140000000000000124 ) ) ;
#1049 = DIRECTION ( 'NONE',  ( 0.000000000000000000, 1.000000000000000000, 0.000000000000000000 ) ) ;
#1050 = COLOUR_RGB ( '',0.7921568627450980005, 0.8196078431372548767, 0.9333333333333333481 ) ;
#1051 = CARTESIAN_POINT ( 'NONE',  ( -4.534427461039362228, 1.189999999999998392, -0.7511534819267454699 ) ) ;
#1052 = EDGE_CURVE ( 'NONE', #458, #169, #998, .T. ) ;
#1053 = VECTOR ( 'NONE', #719, 1.000000000000000000 ) ;
#1054 = ORIENTED_EDGE ( 'NONE', *, *, #330, .T. ) ;
#1055 = VECTOR ( 'NONE', #1011, 1.000000000000000000 ) ;
#1056 = AXIS2_PLACEMENT_3D ( 'NONE', #889, #1599, #754 ) ;
#1057 = CARTESIAN_POINT ( 'NONE',  ( -12.22500000000000142, 0.8999999999999999112, -0.9100000000000001421 ) ) ;
#1058 = VECTOR ( 'NONE', #352, 1.000000000000000000 ) ;
#1059 =( NAMED_UNIT ( * ) PLANE_ANGLE_UNIT ( ) SI_UNIT ( $, .RADIAN. ) );
#1060 = DIRECTION ( 'NONE',  ( -0.000000000000000000, 1.000000000000000000, -0.000000000000000000 ) ) ;
#1061 = CARTESIAN_POINT ( 'NONE',  ( 0.6167948635501689925, -0.8750000000000000000, -1.060000000000000053 ) ) ;
#1062 = DIRECTION ( 'NONE',  ( 1.000000000000000000, 2.193033135062037489E-16, 0.000000000000000000 ) ) ;
#1063 = DIRECTION ( 'NONE',  ( 2.193033135062037489E-16, -1.000000000000000000, -0.000000000000000000 ) ) ;
#1064 = EDGE_LOOP ( 'NONE', ( #911, #1327, #1086, #777, #722, #1720, #1580, #1488, #116, #1035, #1010, #56, #1560, #1295, #977 ) ) ;
#1065 = FACE_OUTER_BOUND ( 'NONE', #145, .T. ) ;
#1066 =( NAMED_UNIT ( * ) PLANE_ANGLE_UNIT ( ) SI_UNIT ( $, .RADIAN. ) );
#1067 = DIRECTION ( 'NONE',  ( 0.000000000000000000, 0.000000000000000000, 1.000000000000000000 ) ) ;
#1068 = CARTESIAN_POINT ( 'NONE',  ( 0.000000000000000000, 0.000000000000000000, -0.9600000000000001865 ) ) ;
#1069 = CARTESIAN_POINT ( 'NONE',  ( -1.259562753036178795E-16, -1.190000000000001501, -0.6600000000000019185 ) ) ;
#1070 = FACE_OUTER_BOUND ( 'NONE', #1645, .T. ) ;
#1071 = ADVANCED_FACE ( 'NONE', ( #3 ), #141, .F. ) ;
#1072 = SURFACE_STYLE_FILL_AREA ( #786 ) ;
#1073 = ADVANCED_FACE ( 'NONE', ( #594 ), #1245, .T. ) ;
#1074 = EDGE_CURVE ( 'NONE', #1088, #192, #1147, .T. ) ;
#1075 = CARTESIAN_POINT ( 'NONE',  ( -14.17500000000000071, -0.8750000000000000000, -0.9800000000000000933 ) ) ;
#1076 = DIRECTION ( 'NONE',  ( 0.000000000000000000, 0.000000000000000000, -1.000000000000000000 ) ) ;
#1077 = ORIENTED_EDGE ( 'NONE', *, *, #1643, .F. ) ;
#1078 = CARTESIAN_POINT ( 'NONE',  ( -14.79179486355016948, 0.8750000000000000000, -1.140000000000000124 ) ) ;
#1079 = DIRECTION ( 'NONE',  ( 1.000000000000000000, 0.000000000000000000, -0.000000000000000000 ) ) ;
#1080 = AXIS2_PLACEMENT_3D ( 'NONE', #1759, #489, #1067 ) ;
#1081 = AXIS2_PLACEMENT_3D ( 'NONE', #1102, #278, #155 ) ;
#1082 = CARTESIAN_POINT ( 'NONE',  ( -1.950000000000000622, 0.8999999999999999112, -0.9100000000000001421 ) ) ;
#1083 = EDGE_CURVE ( 'NONE', #407, #1202, #122, .T. ) ;
#1084 = AXIS2_PLACEMENT_3D ( 'NONE', #1672, #994, #1547 ) ;
#1085 = CIRCLE ( 'NONE', #1464, 0.07999999999999996003 ) ;
#1086 = ORIENTED_EDGE ( 'NONE', *, *, #1270, .F. ) ;
#1087 = LINE ( 'NONE', #1496, #117 ) ;
#1088 = VERTEX_POINT ( 'NONE', #289 ) ;
#1089 = CARTESIAN_POINT ( 'NONE',  ( -0.3800000000000000044, -0.8750000000000000000, -1.060000000000000053 ) ) ;
#1090 = DIRECTION ( 'NONE',  ( 1.224646799147353207E-16, -1.000000000000000000, 0.000000000000000000 ) ) ;
#1091 = FACE_OUTER_BOUND ( 'NONE', #14, .T. ) ;
#1092 = ORIENTED_EDGE ( 'NONE', *, *, #1743, .F. ) ;
#1093 = DIRECTION ( 'NONE',  ( 0.000000000000000000, -0.9901138386947149206, 0.1402661271484180461 ) ) ;
#1094 = EDGE_CURVE ( 'NONE', #1044, #1568, #835, .T. ) ;
#1095 = EDGE_LOOP ( 'NONE', ( #1174, #203, #41, #1263 ) ) ;
#1096 = DIRECTION ( 'NONE',  ( -1.000000000000000000, -2.193033135062037489E-16, 1.633773012826316475E-16 ) ) ;
#1097 = CARTESIAN_POINT ( 'NONE',  ( 0.000000000000000000, -0.8750000000000000000, -1.060000000000000053 ) ) ;
#1098 = EDGE_CURVE ( 'NONE', #1181, #1223, #1698, .T. ) ;
#1099 = CARTESIAN_POINT ( 'NONE',  ( 0.6167948635501689925, 0.8750000000000000000, -1.140000000000000124 ) ) ;
#1100 = ORIENTED_EDGE ( 'NONE', *, *, #1200, .F. ) ;
#1101 = DIRECTION ( 'NONE',  ( -1.000000000000000000, -0.000000000000000000, -0.000000000000000000 ) ) ;
#1102 = CARTESIAN_POINT ( 'NONE',  ( -11.34993198115551927, 1.189999999999997948, 5.040000000000000036 ) ) ;
#1103 = ORIENTED_EDGE ( 'NONE', *, *, #148, .F. ) ;
#1104 = LINE ( 'NONE', #1660, #481 ) ;
#1105 = ADVANCED_FACE ( 'NONE', ( #456 ), #152, .F. ) ;
#1106 = AXIS2_PLACEMENT_3D ( 'NONE', #748, #1690, #318 ) ;
#1107 = VECTOR ( 'NONE', #128, 1.000000000000000000 ) ;
#1108 = VECTOR ( 'NONE', #567, 1.000000000000000000 ) ;
#1109 = CARTESIAN_POINT ( 'NONE',  ( -14.17500000000000071, 0.8750000000000000000, -1.060000000000000053 ) ) ;
#1110 = VERTEX_POINT ( 'NONE', #310 ) ;
#1111 = VECTOR ( 'NONE', #1504, 1.000000000000000000 ) ;
#1112 = DIRECTION ( 'NONE',  ( 0.000000000000000000, -0.9901138386947149206, 0.1402661271484180461 ) ) ;
#1113 = VERTEX_POINT ( 'NONE', #1378 ) ;
#1114 = SPHERICAL_SURFACE ( 'NONE', #879, 1.000000000000000000 ) ;
#1115 = ORIENTED_EDGE ( 'NONE', *, *, #1220, .T. ) ;
#1116 = VERTEX_POINT ( 'NONE', #1271 ) ;
#1117 = EDGE_CURVE ( 'NONE', #548, #1235, #821, .T. ) ;
#1118 = EDGE_CURVE ( 'NONE', #1384, #1381, #916, .T. ) ;
#1119 = FILL_AREA_STYLE ('',( #843 ) ) ;
#1120 = ORIENTED_EDGE ( 'NONE', *, *, #1307, .F. ) ;
#1121 = CARTESIAN_POINT ( 'NONE',  ( -1.950000000000000622, -0.2000000000000000111, -0.8250000000000000666 ) ) ;
#1122 = EDGE_LOOP ( 'NONE', ( #1469, #1243, #731, #856 ) ) ;
#1123 = DIRECTION ( 'NONE',  ( 0.000000000000000000, -1.000000000000000000, 0.000000000000000000 ) ) ;
#1124 = ORIENTED_EDGE ( 'NONE', *, *, #1471, .F. ) ;
#1125 = EDGE_CURVE ( 'NONE', #1116, #677, #1740, .T. ) ;
#1126 = EDGE_CURVE ( 'NONE', #277, #321, #666, .T. ) ;
#1127 = EDGE_CURVE ( 'NONE', #1527, #213, #519, .T. ) ;
#1128 = DIRECTION ( 'NONE',  ( 0.000000000000000000, 0.1699069165076472487, -0.9854601157443478865 ) ) ;
#1129 = EDGE_CURVE ( 'NONE', #37, #1514, #508, .T. ) ;
#1130 =( LENGTH_UNIT ( ) NAMED_UNIT ( * ) SI_UNIT ( $, .METRE. ) );
#1131 = ORIENTED_EDGE ( 'NONE', *, *, #1083, .F. ) ;
#1132 = LINE ( 'NONE', #1389, #1023 ) ;
#1133 = ORIENTED_EDGE ( 'NONE', *, *, #1768, .F. ) ;
#1134 = CARTESIAN_POINT ( 'NONE',  ( 0.000000000000000000, 0.000000000000000000, -0.9600000000000001865 ) ) ;
#1135 = ORIENTED_EDGE ( 'NONE', *, *, #1405, .T. ) ;
#1136 = CIRCLE ( 'NONE', #412, 1.000000000000000000 ) ;
#1137 = CARTESIAN_POINT ( 'NONE',  ( -1.950000000000000622, -1.189999999999998392, -0.9600000000000001865 ) ) ;
#1138 = LINE ( 'NONE', #311, #90 ) ;
#1139 = ORIENTED_EDGE ( 'NONE', *, *, #136, .F. ) ;
#1140 = CIRCLE ( 'NONE', #623, 0.07999999999999996003 ) ;
#1141 = DIRECTION ( 'NONE',  ( -1.000000000000000000, -0.000000000000000000, -0.000000000000000000 ) ) ;
#1142 = AXIS2_PLACEMENT_3D ( 'NONE', #447, #828, #132 ) ;
#1143 = ORIENTED_EDGE ( 'NONE', *, *, #686, .F. ) ;
#1144 = CARTESIAN_POINT ( 'NONE',  ( -13.79499999999999993, -0.8750000000000000000, -1.060000000000000053 ) ) ;
#1145 = ORIENTED_EDGE ( 'NONE', *, *, #1612, .F. ) ;
#1146 = VECTOR ( 'NONE', #1049, 1.000000000000000000 ) ;
#1147 = LINE ( 'NONE', #726, #915 ) ;
#1148 = LINE ( 'NONE', #740, #504 ) ;
#1149 = ORIENTED_EDGE ( 'NONE', *, *, #1189, .T. ) ;
#1150 = DIRECTION ( 'NONE',  ( -1.000000000000000000, 0.000000000000000000, -0.000000000000000000 ) ) ;
#1151 = DIRECTION ( 'NONE',  ( 0.000000000000000000, -1.000000000000000000, 0.000000000000000000 ) ) ;
#1152 = EDGE_CURVE ( 'NONE', #1275, #208, #771, .T. ) ;
#1153 = EDGE_CURVE ( 'NONE', #867, #1025, #212, .T. ) ;
#1154 = EDGE_CURVE ( 'NONE', #137, #1514, #653, .T. ) ;
#1155 = VERTEX_POINT ( 'NONE', #91 ) ;
#1156 = DIRECTION ( 'NONE',  ( -1.000000000000000000, -2.220446049250313081E-16, 0.000000000000000000 ) ) ;
#1157 = ORIENTED_EDGE ( 'NONE', *, *, #1415, .T. ) ;
#1158 = LINE ( 'NONE', #344, #327 ) ;
#1159 = VERTEX_POINT ( 'NONE', #939 ) ;
#1160 = LINE ( 'NONE', #198, #147 ) ;
#1161 = VERTEX_POINT ( 'NONE', #225 ) ;
#1162 = VERTEX_POINT ( 'NONE', #507 ) ;
#1163 = EDGE_CURVE ( 'NONE', #1585, #17, #415, .T. ) ;
#1164 = LINE ( 'NONE', #1309, #970 ) ;
#1165 = LINE ( 'NONE', #1180, #1053 ) ;
#1166 = ORIENTED_EDGE ( 'NONE', *, *, #585, .F. ) ;
#1167 = VECTOR ( 'NONE', #1279, 1.000000000000000000 ) ;
#1168 = DIRECTION ( 'NONE',  ( -1.000000000000000000, 0.000000000000000000, -0.000000000000000000 ) ) ;
#1169 = ORIENTED_EDGE ( 'NONE', *, *, #929, .F. ) ;
#1170 = CARTESIAN_POINT ( 'NONE',  ( -1.950000000000000622, -0.2000000000000000111, -0.8250000000000000666 ) ) ;
#1171 = STYLED_ITEM ( 'NONE', ( #1214 ), #690 ) ;
#1172 = AXIS2_PLACEMENT_3D ( 'NONE', #1030, #204, #467 ) ;
#1173 = ORIENTED_EDGE ( 'NONE', *, *, #517, .T. ) ;
#1174 = ORIENTED_EDGE ( 'NONE', *, *, #913, .F. ) ;
#1175 = AXIS2_PLACEMENT_3D ( 'NONE', #1134, #1686, #588 ) ;
#1176 = AXIS2_PLACEMENT_3D ( 'NONE', #1183, #1703, #355 ) ;
#1177 = CARTESIAN_POINT ( 'NONE',  ( -3.866957084846028625, -1.190000000000001501, -0.8688465180732546367 ) ) ;
#1178 = EDGE_CURVE ( 'NONE', #1585, #1522, #639, .T. ) ;
#1179 = EDGE_CURVE ( 'NONE', #1003, #990, #1351, .T. ) ;
#1180 = CARTESIAN_POINT ( 'NONE',  ( 0.000000000000000000, 0.8750000000000000000, -1.140000000000000124 ) ) ;
#1181 = VERTEX_POINT ( 'NONE', #1732 ) ;
#1182 = DIRECTION ( 'NONE',  ( 0.000000000000000000, 0.1402661271484180461, 0.9901138386947149206 ) ) ;
#1183 = CARTESIAN_POINT ( 'NONE',  ( -12.22500000000000142, 0.8999999999999999112, -0.9100000000000001421 ) ) ;
#1184 = FACE_OUTER_BOUND ( 'NONE', #338, .T. ) ;
#1185 = LINE ( 'NONE', #608, #1 ) ;
#1186 = ORIENTED_EDGE ( 'NONE', *, *, #1548, .T. ) ;
#1187 = LINE ( 'NONE', #1027, #274 ) ;
#1188 = CARTESIAN_POINT ( 'NONE',  ( -9.640572538960640259, 1.189999999999998392, -0.7511534819267456919 ) ) ;
#1189 = EDGE_CURVE ( 'NONE', #1045, #19, #1394, .T. ) ;
#1190 = DIRECTION ( 'NONE',  ( -0.9848077530122093526, 0.000000000000000000, 0.1736481776669237809 ) ) ;
#1191 = CARTESIAN_POINT ( 'NONE',  ( 0.000000000000000000, -0.8750000000000000000, -1.060000000000000053 ) ) ;
#1192 = PLANE ( 'NONE',  #1608 ) ;
#1193 = ORIENTED_EDGE ( 'NONE', *, *, #1549, .T. ) ;
#1194 = DIRECTION ( 'NONE',  ( 1.000000000000000000, 3.700743415417188263E-17, 0.000000000000000000 ) ) ;
#1195 = DIRECTION ( 'NONE',  ( 1.000000000000000000, -0.000000000000000000, -0.000000000000000000 ) ) ;
#1196 = PLANE ( 'NONE',  #1509 ) ;
#1197 = CARTESIAN_POINT ( 'NONE',  ( -11.34993198115551927, 1.189999999999998392, 5.040000000000000036 ) ) ;
#1198 = AXIS2_PLACEMENT_3D ( 'NONE', #1796, #810, #419 ) ;
#1199 = CARTESIAN_POINT ( 'NONE',  ( -2.914659381970696644E-16, 1.189999999999998392, -0.9600000000000001865 ) ) ;
#1200 = EDGE_CURVE ( 'NONE', #1024, #867, #238, .T. ) ;
#1201 = AXIS2_PLACEMENT_3D ( 'NONE', #1627, #384, #936 ) ;
#1202 = VERTEX_POINT ( 'NONE', #787 ) ;
#1203 = AXIS2_PLACEMENT_3D ( 'NONE', #857, #1410, #165 ) ;
#1204 = DIRECTION ( 'NONE',  ( 1.000000000000000000, -0.000000000000000000, -0.000000000000000000 ) ) ;
#1205 = AXIS2_PLACEMENT_3D ( 'NONE', #364, #80, #97 ) ;
#1206 = AXIS2_PLACEMENT_3D ( 'NONE', #806, #400, #109 ) ;
#1207 = DIRECTION ( 'NONE',  ( 1.000000000000000000, 0.000000000000000000, -0.000000000000000000 ) ) ;
#1208 = AXIS2_PLACEMENT_3D ( 'NONE', #606, #336, #616 ) ;
#1209 = CARTESIAN_POINT ( 'NONE',  ( -14.79179486355016948, 0.8750000000000000000, -1.060000000000000053 ) ) ;
#1210 = DIRECTION ( 'NONE',  ( 0.000000000000000000, -1.000000000000000000, 0.000000000000000000 ) ) ;
#1211 = LINE ( 'NONE', #1776, #709 ) ;
#1212 = EDGE_CURVE ( 'NONE', #1235, #548, #618, .T. ) ;
#1213 = EDGE_CURVE ( 'NONE', #1461, #942, #323, .T. ) ;
#1214 = PRESENTATION_STYLE_ASSIGNMENT (( #1622 ) ) ;
#1215 = DIRECTION ( 'NONE',  ( 0.000000000000000000, 0.000000000000000000, 1.000000000000000000 ) ) ;
#1216 = CARTESIAN_POINT ( 'NONE',  ( -5.576316527040904525, 0.9899999999999982148, -6.660000000000001030 ) ) ;
#1217 = ORIENTED_EDGE ( 'NONE', *, *, #427, .T. ) ;
#1218 = DIRECTION ( 'NONE',  ( 1.000000000000000000, 0.000000000000000000, -0.000000000000000000 ) ) ;
#1219 = DIRECTION ( 'NONE',  ( -0.000000000000000000, 1.000000000000000000, -0.000000000000000000 ) ) ;
#1220 = EDGE_CURVE ( 'NONE', #724, #20, #1800, .T. ) ;
#1221 = FACE_OUTER_BOUND ( 'NONE', #1713, .T. ) ;
#1222 = CARTESIAN_POINT ( 'NONE',  ( -1.950000000000000622, -0.2000000000000000111, -0.8250000000000000666 ) ) ;
#1223 = VERTEX_POINT ( 'NONE', #1037 ) ;
#1224 = CARTESIAN_POINT ( 'NONE',  ( -1.950000000000000622, 0.8999999999999999112, -0.9100000000000001421 ) ) ;
#1225 = ORIENTED_EDGE ( 'NONE', *, *, #708, .T. ) ;
#1226 = LINE ( 'NONE', #680, #1484 ) ;
#1227 = AXIS2_PLACEMENT_3D ( 'NONE', #820, #1649, #1398 ) ;
#1228 = VECTOR ( 'NONE', #1210, 1.000000000000000000 ) ;
#1229 = CIRCLE ( 'NONE', #532, 0.07999999999999996003 ) ;
#1230 = CARTESIAN_POINT ( 'NONE',  ( -2.914659381970696644E-16, 1.189999999999998392, -0.9600000000000001865 ) ) ;
#1231 = VECTOR ( 'NONE', #1096, 1.000000000000000000 ) ;
#1232 = ADVANCED_FACE ( 'NONE', ( #379 ), #928, .F. ) ;
#1233 = CARTESIAN_POINT ( 'NONE',  ( -11.82500000000000107, -0.8999999999999999112, -0.9100000000000001421 ) ) ;
#1234 = CIRCLE ( 'NONE', #1081, 6.000000000000000000 ) ;
#1235 = VERTEX_POINT ( 'NONE', #1075 ) ;
#1236 = DIRECTION ( 'NONE',  ( -0.000000000000000000, -0.000000000000000000, -1.000000000000000000 ) ) ;
#1237 = ORIENTED_EDGE ( 'NONE', *, *, #425, .T. ) ;
#1238 = LINE ( 'NONE', #932, #1429 ) ;
#1239 = DIRECTION ( 'NONE',  ( 0.9848077530122092416, 0.000000000000000000, 0.1736481776669234756 ) ) ;
#1240 = LINE ( 'NONE', #1233, #1255 ) ;
#1241 = EDGE_CURVE ( 'NONE', #455, #741, #1492, .T. ) ;
#1242 = VERTEX_POINT ( 'NONE', #254 ) ;
#1243 = ORIENTED_EDGE ( 'NONE', *, *, #995, .T. ) ;
#1244 = CARTESIAN_POINT ( 'NONE',  ( -1.950000000000000622, -1.189999999999998392, -0.9600000000000001865 ) ) ;
#1245 = PLANE ( 'NONE',  #1142 ) ;
#1246 = CARTESIAN_POINT ( 'NONE',  ( -0.2651845289799109051, -1.190000000000001501, -1.503936198047713280 ) ) ;
#1247 = ORIENTED_EDGE ( 'NONE', *, *, #1041, .T. ) ;
#1248 = VERTEX_POINT ( 'NONE', #959 ) ;
#1249 = CARTESIAN_POINT ( 'NONE',  ( -4.534427461039364005, 0.9899999999999983258, -0.7511534819267452479 ) ) ;
#1250 = ADVANCED_FACE ( 'NONE', ( #1221 ), #1769, .F. ) ;
#1251 = ORIENTED_EDGE ( 'NONE', *, *, #346, .F. ) ;
#1252 = ORIENTED_EDGE ( 'NONE', *, *, #1118, .F. ) ;
#1253 = AXIS2_PLACEMENT_3D ( 'NONE', #50, #183, #1573 ) ;
#1254 = VECTOR ( 'NONE', #267, 1.000000000000000000 ) ;
#1255 = VECTOR ( 'NONE', #1493, 1.000000000000000000 ) ;
#1256 = DIRECTION ( 'NONE',  ( 0.000000000000000000, -1.000000000000000000, 0.000000000000000000 ) ) ;
#1257 = VERTEX_POINT ( 'NONE', #113 ) ;
#1258 = VECTOR ( 'NONE', #1498, 1.000000000000000000 ) ;
#1259 = DIRECTION ( 'NONE',  ( 1.000000000000000000, 2.193033135062037489E-16, 0.000000000000000000 ) ) ;
#1260 = ORIENTED_EDGE ( 'NONE', *, *, #60, .T. ) ;
#1261 = DIRECTION ( 'NONE',  ( 0.000000000000000000, -0.9901138386947148096, -0.1402661271484180183 ) ) ;
#1262 = ORIENTED_EDGE ( 'NONE', *, *, #552, .T. ) ;
#1263 = ORIENTED_EDGE ( 'NONE', *, *, #1598, .T. ) ;
#1264 = DIRECTION ( 'NONE',  ( 0.000000000000000000, 1.000000000000000000, 0.000000000000000000 ) ) ;
#1265 = ORIENTED_EDGE ( 'NONE', *, *, #1125, .T. ) ;
#1266 = LINE ( 'NONE', #713, #817 ) ;
#1267 = ORIENTED_EDGE ( 'NONE', *, *, #1052, .T. ) ;
#1268 = DIRECTION ( 'NONE',  ( -1.000000000000000000, -0.000000000000000000, -0.000000000000000000 ) ) ;
#1269 = ORIENTED_EDGE ( 'NONE', *, *, #1631, .F. ) ;
#1270 = EDGE_CURVE ( 'NONE', #321, #1527, #528, .T. ) ;
#1271 = CARTESIAN_POINT ( 'NONE',  ( -1.950000000000001066, -1.189999999999998836, -0.9600000000000001865 ) ) ;
#1272 = DIRECTION ( 'NONE',  ( -0.000000000000000000, 0.000000000000000000, -1.000000000000000000 ) ) ;
#1273 = ORIENTED_EDGE ( 'NONE', *, *, #572, .T. ) ;
#1274 = CARTESIAN_POINT ( 'NONE',  ( -14.17500000000000071, 0.8750000000000000000, -0.9800000000000000933 ) ) ;
#1275 = VERTEX_POINT ( 'NONE', #816 ) ;
#1276 = LINE ( 'NONE', #695, #65 ) ;
#1277 = AXIS2_PLACEMENT_3D ( 'NONE', #1292, #34, #595 ) ;
#1278 = CARTESIAN_POINT ( 'NONE',  ( -5.576316527040903637, 0.9899999999999982148, -0.6600000000000008082 ) ) ;
#1279 = DIRECTION ( 'NONE',  ( 0.000000000000000000, -1.000000000000000000, 0.000000000000000000 ) ) ;
#1280 = ORIENTED_EDGE ( 'NONE', *, *, #21, .T. ) ;
#1281 = AXIS2_PLACEMENT_3D ( 'NONE', #1473, #1039, #1605 ) ;
#1282 =( GEOMETRIC_REPRESENTATION_CONTEXT ( 3 ) GLOBAL_UNCERTAINTY_ASSIGNED_CONTEXT ( ( #987 ) ) GLOBAL_UNIT_ASSIGNED_CONTEXT ( ( #89, #1066, #236 ) ) REPRESENTATION_CONTEXT ( 'NONE', 'WORKASPACE' ) );
#1283 = PRODUCT_RELATED_PRODUCT_CATEGORY ( 'part', '', ( #933 ) ) ;
#1284 = ADVANCED_FACE ( 'NONE', ( #537, #1640, #951 ), #1357, .F. ) ;
#1285 = LINE ( 'NONE', #1002, #1721 ) ;
#1286 = VECTOR ( 'NONE', #659, 1.000000000000000000 ) ;
#1287 = CARTESIAN_POINT ( 'NONE',  ( -12.22500000000000142, -0.8000000000000000444, -0.9100000000000001421 ) ) ;
#1288 = VECTOR ( 'NONE', #658, 1.000000000000000000 ) ;
#1289 = VERTEX_POINT ( 'NONE', #1647 ) ;
#1290 = AXIS2_PLACEMENT_3D ( 'NONE', #351, #79, #638 ) ;
#1291 = LINE ( 'NONE', #182, #1111 ) ;
#1292 = CARTESIAN_POINT ( 'NONE',  ( -12.22500000000000142, 1.189999999999998392, -0.9600000000000001865 ) ) ;
#1293 = ORIENTED_EDGE ( 'NONE', *, *, #1621, .F. ) ;
#1294 = FACE_OUTER_BOUND ( 'NONE', #314, .T. ) ;
#1295 = ORIENTED_EDGE ( 'NONE', *, *, #1415, .F. ) ;
#1296 = CARTESIAN_POINT ( 'NONE',  ( -11.82500000000000107, 1.189999999999998392, -0.9600000000000001865 ) ) ;
#1297 = EDGE_LOOP ( 'NONE', ( #637, #1399, #1306, #1673 ) ) ;
#1298 = ORIENTED_EDGE ( 'NONE', *, *, #1368, .F. ) ;
#1299 = DIRECTION ( 'NONE',  ( 1.000000000000000000, 3.700743415417188263E-17, -1.776356839400250465E-15 ) ) ;
#1300 = ORIENTED_EDGE ( 'NONE', *, *, #647, .T. ) ;
#1301 = CARTESIAN_POINT ( 'NONE',  ( 0.000000000000000000, -1.189999999999998392, -0.9600000000000001865 ) ) ;
#1302 = VERTEX_POINT ( 'NONE', #123 ) ;
#1303 = DIRECTION ( 'NONE',  ( 0.000000000000000000, 0.000000000000000000, 1.000000000000000000 ) ) ;
#1304 = CARTESIAN_POINT ( 'NONE',  ( -14.17500000000000071, -0.8750000000000000000, -1.140000000000000124 ) ) ;
#1305 = ORIENTED_EDGE ( 'NONE', *, *, #598, .T. ) ;
#1306 = ORIENTED_EDGE ( 'NONE', *, *, #81, .F. ) ;
#1307 = EDGE_CURVE ( 'NONE', #460, #1384, #1779, .T. ) ;
#1308 = ADVANCED_FACE ( 'NONE', ( #261 ), #545, .T. ) ;
#1309 = CARTESIAN_POINT ( 'NONE',  ( -2.350000000000000533, -0.8999999999999999112, -0.9100000000000001421 ) ) ;
#1310 = FACE_BOUND ( 'NONE', #265, .T. ) ;
#1311 = ORIENTED_EDGE ( 'NONE', *, *, #937, .T. ) ;
#1312 = DIRECTION ( 'NONE',  ( 0.000000000000000000, -0.9901138386947148096, 0.1402661271484180183 ) ) ;
#1313 = CARTESIAN_POINT ( 'NONE',  ( -13.79499999999999993, 0.8750000000000000000, -1.060000000000000053 ) ) ;
#1314 = CARTESIAN_POINT ( 'NONE',  ( -8.598683472959097074, -1.190000000000001501, -0.6600000000000002531 ) ) ;
#1315 = VECTOR ( 'NONE', #1552, 1.000000000000000000 ) ;
#1316 = CARTESIAN_POINT ( 'NONE',  ( -14.79179486355016948, -0.7950000000000035927, -1.060000000000000053 ) ) ;
#1317 = ORIENTED_EDGE ( 'NONE', *, *, #586, .F. ) ;
#1318 = VECTOR ( 'NONE', #1412, 1.000000000000000000 ) ;
#1319 = VECTOR ( 'NONE', #1268, 1.000000000000000000 ) ;
#1320 = DIRECTION ( 'NONE',  ( -0.000000000000000000, 1.000000000000000000, -0.000000000000000000 ) ) ;
#1321 = ADVANCED_FACE ( 'NONE', ( #1373 ), #836, .T. ) ;
#1322 = EDGE_CURVE ( 'NONE', #1383, #615, #361, .T. ) ;
#1323 = DIRECTION ( 'NONE',  ( 0.000000000000000000, -1.000000000000000000, -2.220446049250313081E-16 ) ) ;
#1324 = PLANE ( 'NONE',  #1281 ) ;
#1325 = LINE ( 'NONE', #599, #151 ) ;
#1326 = LINE ( 'NONE', #356, #650 ) ;
#1327 = ORIENTED_EDGE ( 'NONE', *, *, #136, .T. ) ;
#1328 = ORIENTED_EDGE ( 'NONE', *, *, #1241, .T. ) ;
#1329 = CARTESIAN_POINT ( 'NONE',  ( -1.950000000000000622, -0.8000000000000000444, -0.9100000000000001421 ) ) ;
#1330 = APPLICATION_PROTOCOL_DEFINITION ( 'draft international standard', 'automotive_design', 1998, #515 ) ;
#1331 = DIRECTION ( 'NONE',  ( -1.000000000000000000, 0.000000000000000000, 0.000000000000000000 ) ) ;
#1332 = DIRECTION ( 'NONE',  ( -1.000000000000000000, -0.000000000000000000, -0.000000000000000000 ) ) ;
#1333 = FACE_OUTER_BOUND ( 'NONE', #1095, .T. ) ;
#1334 = CARTESIAN_POINT ( 'NONE',  ( -14.79179486355016948, -0.8750000000000000000, -1.060000000000000053 ) ) ;
#1335 = ORIENTED_EDGE ( 'NONE', *, *, #1126, .F. ) ;
#1336 = LINE ( 'NONE', #49, #880 ) ;
#1337 = SURFACE_SIDE_STYLE ('',( #1072 ) ) ;
#1338 = CARTESIAN_POINT ( 'NONE',  ( -5.576316527040903637, -0.9899999999999996581, -0.6600000000000008082 ) ) ;
#1339 = AXIS2_PLACEMENT_3D ( 'NONE', #264, #4, #1387 ) ;
#1340 = EDGE_CURVE ( 'NONE', #332, #1024, #153, .T. ) ;
#1341 = LINE ( 'NONE', #1224, #1228 ) ;
#1342 = VECTOR ( 'NONE', #1618, 1.000000000000000000 ) ;
#1343 = DIRECTION ( 'NONE',  ( 1.000000000000000000, -0.000000000000000000, 0.000000000000000000 ) ) ;
#1344 = VECTOR ( 'NONE', #840, 1.000000000000000000 ) ;
#1345 = DIRECTION ( 'NONE',  ( 0.000000000000000000, -1.000000000000000000, 0.000000000000000000 ) ) ;
#1346 = DIRECTION ( 'NONE',  ( -1.000000000000000000, 0.000000000000000000, 0.000000000000000000 ) ) ;
#1347 = CARTESIAN_POINT ( 'NONE',  ( -14.79179486355016948, -0.8750000000000000000, -1.060000000000000053 ) ) ;
#1348 = EDGE_CURVE ( 'NONE', #1632, #1005, #792, .T. ) ;
#1349 = CARTESIAN_POINT ( 'NONE',  ( -1.950000000000000622, -1.189999999999998392, -0.9600000000000001865 ) ) ;
#1350 = PRODUCT_CONTEXT ( 'NONE', #515, 'mechanical' ) ;
#1351 = LINE ( 'NONE', #1616, #699 ) ;
#1352 = CYLINDRICAL_SURFACE ( 'NONE', #846, 6.000000000000000000 ) ;
#1353 = ORIENTED_EDGE ( 'NONE', *, *, #334, .T. ) ;
#1354 = LINE ( 'NONE', #397, #1107 ) ;
#1355 = DIRECTION ( 'NONE',  ( 0.000000000000000000, 0.000000000000000000, -1.000000000000000000 ) ) ;
#1356 = EDGE_CURVE ( 'NONE', #692, #1155, #1359, .T. ) ;
#1357 = PLANE ( 'NONE',  #1479 ) ;
#1358 = DIRECTION ( 'NONE',  ( -1.000000000000000000, -2.193033135062037489E-16, 1.908428413691174465E-16 ) ) ;
#1359 = LINE ( 'NONE', #701, #553 ) ;
#1360 = EDGE_LOOP ( 'NONE', ( #1543, #293, #632, #199 ) ) ;
#1361 = LINE ( 'NONE', #118, #1366 ) ;
#1362 = EDGE_LOOP ( 'NONE', ( #1442, #1802, #1143, #698 ) ) ;
#1363 = CYLINDRICAL_SURFACE ( 'NONE', #967, 6.000000000000000000 ) ;
#1364 = AXIS2_PLACEMENT_3D ( 'NONE', #1082, #682, #673 ) ;
#1365 = VECTOR ( 'NONE', #482, 1.000000000000000000 ) ;
#1366 = VECTOR ( 'NONE', #1236, 1.000000000000000000 ) ;
#1367 = VECTOR ( 'NONE', #842, 1.000000000000000000 ) ;
#1368 = EDGE_CURVE ( 'NONE', #433, #878, #1773, .T. ) ;
#1369 = DIRECTION ( 'NONE',  ( -1.000000000000000000, -1.224646799147353207E-16, 0.000000000000000000 ) ) ;
#1370 = MANIFOLD_SOLID_BREP ( 'Specchia2', #273 ) ;
#1371 = CARTESIAN_POINT ( 'NONE',  ( -11.82500000000000107, -1.189999999999998392, -0.9600000000000001865 ) ) ;
#1372 = AXIS2_PLACEMENT_3D ( 'NONE', #1032, #1589, #501 ) ;
#1373 = FACE_OUTER_BOUND ( 'NONE', #1406, .T. ) ;
#1374 = ORIENTED_EDGE ( 'NONE', *, *, #1179, .T. ) ;
#1375 = DIRECTION ( 'NONE',  ( -1.000000000000000000, -0.000000000000000000, -0.000000000000000000 ) ) ;
#1376 = VERTEX_POINT ( 'NONE', #953 ) ;
#1377 = CARTESIAN_POINT ( 'NONE',  ( -2.350000000000000533, 0.8000000000000000444, -0.9100000000000001421 ) ) ;
#1378 = CARTESIAN_POINT ( 'NONE',  ( 0.6167948635501689925, -0.9549999999999998490, -1.060000000000000053 ) ) ;
#1379 = DIRECTION ( 'NONE',  ( 0.000000000000000000, 0.000000000000000000, 1.000000000000000000 ) ) ;
#1380 = ORIENTED_EDGE ( 'NONE', *, *, #710, .F. ) ;
#1381 = VERTEX_POINT ( 'NONE', #971 ) ;
#1382 = CARTESIAN_POINT ( 'NONE',  ( -14.17500000000000071, -1.190000000000001501, -1.160000000000000142 ) ) ;
#1383 = VERTEX_POINT ( 'NONE', #1501 ) ;
#1384 = VERTEX_POINT ( 'NONE', #1656 ) ;
#1385 = ADVANCED_FACE ( 'NONE', ( #1529 ), #979, .T. ) ;
#1386 = CARTESIAN_POINT ( 'NONE',  ( -0.1622440211999301163, 0.9899999999999984368, 0.9201315677728726383 ) ) ;
#1387 = DIRECTION ( 'NONE',  ( 0.000000000000000000, 1.000000000000000000, 0.000000000000000000 ) ) ;
#1388 = ORIENTED_EDGE ( 'NONE', *, *, #571, .T. ) ;
#1389 = CARTESIAN_POINT ( 'NONE',  ( -12.22500000000000142, 0.2000000000000000111, -0.8250000000000000666 ) ) ;
#1390 = EDGE_CURVE ( 'NONE', #677, #1785, #946, .T. ) ;
#1391 = ORIENTED_EDGE ( 'NONE', *, *, #58, .F. ) ;
#1392 = FACE_OUTER_BOUND ( 'NONE', #1360, .T. ) ;
#1393 = ADVANCED_FACE ( 'NONE', ( #276 ), #829, .T. ) ;
#1394 = CIRCLE ( 'NONE', #815, 1.000000000000000000 ) ;
#1395 = MECHANICAL_DESIGN_GEOMETRIC_PRESENTATION_REPRESENTATION (  '', ( #1171 ), #1282 ) ;
#1396 = AXIS2_PLACEMENT_3D ( 'NONE', #742, #1524, #438 ) ;
#1397 = DIRECTION ( 'NONE',  ( -0.9848077530122093526, -3.085308620031094321E-17, -0.1736481776669234756 ) ) ;
#1398 = DIRECTION ( 'NONE',  ( 0.000000000000000000, 0.000000000000000000, -1.000000000000000000 ) ) ;
#1399 = ORIENTED_EDGE ( 'NONE', *, *, #1582, .F. ) ;
#1400 = VECTOR ( 'NONE', #791, 1.000000000000000000 ) ;
#1401 = AXIS2_PLACEMENT_3D ( 'NONE', #1735, #1569, #217 ) ;
#1402 = CARTESIAN_POINT ( 'NONE',  ( -11.82500000000000107, 0.000000000000000000, 0.000000000000000000 ) ) ;
#1403 = ORIENTED_EDGE ( 'NONE', *, *, #1307, .T. ) ;
#1404 = DIRECTION ( 'NONE',  ( -0.000000000000000000, -0.9854601157443477755, -0.1699069165076472210 ) ) ;
#1405 = EDGE_CURVE ( 'NONE', #1161, #1733, #441, .T. ) ;
#1406 = EDGE_LOOP ( 'NONE', ( #765, #154, #324, #1525 ) ) ;
#1407 = CARTESIAN_POINT ( 'NONE',  ( -14.17500000000000071, 1.189999999999997948, -0.9600000000000001865 ) ) ;
#1408 = DIRECTION ( 'NONE',  ( 1.000000000000000000, 0.000000000000000000, -0.000000000000000000 ) ) ;
#1409 = ORIENTED_EDGE ( 'NONE', *, *, #453, .T. ) ;
#1410 = DIRECTION ( 'NONE',  ( 0.000000000000000000, -1.000000000000000000, 0.000000000000000000 ) ) ;
#1411 = ORIENTED_EDGE ( 'NONE', *, *, #634, .T. ) ;
#1412 = DIRECTION ( 'NONE',  ( -1.000000000000000000, -3.132904478660053556E-17, -0.000000000000000000 ) ) ;
#1413 = EDGE_LOOP ( 'NONE', ( #298, #207, #1517, #1554, #1247, #1173, #288, #1217, #1273, #1251, #580, #1335 ) ) ;
#1414 = EDGE_LOOP ( 'NONE', ( #444, #1265, #27, #127 ) ) ;
#1415 = EDGE_CURVE ( 'NONE', #562, #503, #691, .T. ) ;
#1416 = DIRECTION ( 'NONE',  ( 1.000000000000000000, -0.000000000000000000, -0.000000000000000000 ) ) ;
#1417 = EDGE_LOOP ( 'NONE', ( #1421, #1149, #757, #51 ) ) ;
#1418 = CARTESIAN_POINT ( 'NONE',  ( -2.825068018844486328, -0.9899999999999991029, -0.9600000000000015188 ) ) ;
#1419 = ORIENTED_EDGE ( 'NONE', *, *, #1015, .F. ) ;
#1420 = FACE_OUTER_BOUND ( 'NONE', #824, .T. ) ;
#1421 = ORIENTED_EDGE ( 'NONE', *, *, #478, .F. ) ;
#1422 = ORIENTED_EDGE ( 'NONE', *, *, #913, .T. ) ;
#1423 = CARTESIAN_POINT ( 'NONE',  ( -4.534427461039362228, -1.190000000000001501, -0.7511534819267454699 ) ) ;
#1424 = DIRECTION ( 'NONE',  ( 0.000000000000000000, -1.000000000000000000, -0.000000000000000000 ) ) ;
#1425 = ORIENTED_EDGE ( 'NONE', *, *, #242, .F. ) ;
#1426 = CIRCLE ( 'NONE', #876, 0.07999999999999996003 ) ;
#1427 = LINE ( 'NONE', #16, #795 ) ;
#1428 = AXIS2_PLACEMENT_3D ( 'NONE', #780, #1331, #1215 ) ;
#1429 = VECTOR ( 'NONE', #1636, 1.000000000000000000 ) ;
#1430 = ORIENTED_EDGE ( 'NONE', *, *, #884, .T. ) ;
#1431 = DIRECTION ( 'NONE',  ( -1.000000000000000000, 0.000000000000000000, 0.000000000000000000 ) ) ;
#1432 = AXIS2_PLACEMENT_3D ( 'NONE', #1313, #483, #888 ) ;
#1433 = LINE ( 'NONE', #189, #737 ) ;
#1434 = AXIS2_PLACEMENT_3D ( 'NONE', #1765, #683, #1511 ) ;
#1435 = EDGE_LOOP ( 'NONE', ( #1020, #1574 ) ) ;
#1436 = DIRECTION ( 'NONE',  ( -0.000000000000000000, 0.000000000000000000, -1.000000000000000000 ) ) ;
#1437 = EDGE_LOOP ( 'NONE', ( #1252, #1120, #422, #883 ) ) ;
#1438 = CARTESIAN_POINT ( 'NONE',  ( -1.950000000000000622, -0.8999999999999999112, -0.9100000000000001421 ) ) ;
#1439 = CARTESIAN_POINT ( 'NONE',  ( -14.17500000000000071, -1.190000000000001501, -0.9600000000000001865 ) ) ;
#1440 = ADVANCED_FACE ( 'NONE', ( #1668 ), #583, .T. ) ;
#1441 = ORIENTED_EDGE ( 'NONE', *, *, #1665, .T. ) ;
#1442 = ORIENTED_EDGE ( 'NONE', *, *, #110, .T. ) ;
#1443 = DIRECTION ( 'NONE',  ( 3.132904478660053556E-17, -1.000000000000000000, 0.000000000000000000 ) ) ;
#1444 = FACE_OUTER_BOUND ( 'NONE', #1362, .T. ) ;
#1445 = ORIENTED_EDGE ( 'NONE', *, *, #1117, .T. ) ;
#1446 = CYLINDRICAL_SURFACE ( 'NONE', #1172, 0.07999999999999996003 ) ;
#1447 = ORIENTED_EDGE ( 'NONE', *, *, #1675, .T. ) ;
#1448 = FACE_OUTER_BOUND ( 'NONE', #905, .T. ) ;
#1449 = DIRECTION ( 'NONE',  ( -1.000000000000000000, -2.220446049250313081E-16, 0.000000000000000000 ) ) ;
#1450 = EDGE_CURVE ( 'NONE', #514, #485, #304, .T. ) ;
#1451 = EDGE_CURVE ( 'NONE', #1223, #1110, #648, .T. ) ;
#1452 = ORIENTED_EDGE ( 'NONE', *, *, #986, .F. ) ;
#1453 = EDGE_LOOP ( 'NONE', ( #688, #1280, #1775, #339 ) ) ;
#1454 = CARTESIAN_POINT ( 'NONE',  ( -12.22500000000000142, -0.8999999999999999112, -0.9100000000000001421 ) ) ;
#1455 = DIRECTION ( 'NONE',  ( -0.000000000000000000, -1.224646799147353207E-16, 1.000000000000000000 ) ) ;
#1456 = EDGE_LOOP ( 'NONE', ( #1581, #1728, #1679, #62 ) ) ;
#1457 = VECTOR ( 'NONE', #1424, 1.000000000000000000 ) ;
#1458 = DIRECTION ( 'NONE',  ( 1.000000000000000000, 0.000000000000000000, -0.000000000000000000 ) ) ;
#1459 = PLANE ( 'NONE',  #246 ) ;
#1460 = AXIS2_PLACEMENT_3D ( 'NONE', #15, #1579, #55 ) ;
#1461 = VERTEX_POINT ( 'NONE', #457 ) ;
#1462 = ORIENTED_EDGE ( 'NONE', *, *, #563, .F. ) ;
#1463 = AXIS2_PLACEMENT_3D ( 'NONE', #1762, #1079, #1793 ) ;
#1464 = AXIS2_PLACEMENT_3D ( 'NONE', #1191, #227, #897 ) ;
#1465 = CARTESIAN_POINT ( 'NONE',  ( -1.950000000000000622, -0.8000000000000000444, -0.9100000000000001421 ) ) ;
#1466 = DIRECTION ( 'NONE',  ( -1.000000000000000000, -0.000000000000000000, -0.000000000000000000 ) ) ;
#1467 = DIRECTION ( 'NONE',  ( 0.000000000000000000, 0.000000000000000000, 1.000000000000000000 ) ) ;
#1468 = DIRECTION ( 'NONE',  ( -1.000000000000000000, -0.000000000000000000, -0.000000000000000000 ) ) ;
#1469 = ORIENTED_EDGE ( 'NONE', *, *, #1129, .F. ) ;
#1470 = CARTESIAN_POINT ( 'NONE',  ( -12.22500000000000142, -0.8000000000000000444, -0.9100000000000001421 ) ) ;
#1471 = EDGE_CURVE ( 'NONE', #878, #525, #1165, .T. ) ;
#1472 = DIRECTION ( 'NONE',  ( 0.000000000000000000, 1.000000000000000000, -2.220446049250313081E-16 ) ) ;
#1473 = CARTESIAN_POINT ( 'NONE',  ( -1.950000000000000622, 0.000000000000000000, 0.000000000000000000 ) ) ;
#1474 = LINE ( 'NONE', #814, #1231 ) ;
#1475 = CARTESIAN_POINT ( 'NONE',  ( -14.17500000000000071, 1.189999999999997948, -1.160000000000000142 ) ) ;
#1476 = FILL_AREA_STYLE_COLOUR ( '', #912 ) ;
#1477 = CARTESIAN_POINT ( 'NONE',  ( -14.17500000000000071, -1.190000000000001501, -0.9600000000000001865 ) ) ;
#1478 = DIRECTION ( 'NONE',  ( 0.1736481776669235033, 0.000000000000000000, -0.9848077530122093526 ) ) ;
#1479 = AXIS2_PLACEMENT_3D ( 'NONE', #1230, #1369, #1090 ) ;
#1480 = DIRECTION ( 'NONE',  ( 2.193033135062037489E-16, -1.000000000000000000, -0.000000000000000000 ) ) ;
#1481 = AXIS2_PLACEMENT_3D ( 'NONE', #1022, #908, #76 ) ;
#1482 = LINE ( 'NONE', #1244, #1755 ) ;
#1483 = VECTOR ( 'NONE', #1141, 1.000000000000000000 ) ;
#1484 = VECTOR ( 'NONE', #825, 1.000000000000000000 ) ;
#1485 = CIRCLE ( 'NONE', #997, 0.07999999999999996003 ) ;
#1486 = DIRECTION ( 'NONE',  ( 0.000000000000000000, 0.000000000000000000, 1.000000000000000000 ) ) ;
#1487 = DIRECTION ( 'NONE',  ( -0.000000000000000000, 1.000000000000000000, -0.000000000000000000 ) ) ;
#1488 = ORIENTED_EDGE ( 'NONE', *, *, #194, .T. ) ;
#1489 = DIRECTION ( 'NONE',  ( 1.000000000000000000, 0.000000000000000000, 0.000000000000000000 ) ) ;
#1490 = EDGE_CURVE ( 'NONE', #220, #1381, #1138, .T. ) ;
#1491 = CARTESIAN_POINT ( 'NONE',  ( -8.598683472959098850, 1.189999999999998392, -6.660000000000000142 ) ) ;
#1492 = LINE ( 'NONE', #808, #296 ) ;
#1493 = DIRECTION ( 'NONE',  ( 0.000000000000000000, -1.000000000000000000, -0.000000000000000000 ) ) ;
#1494 = CARTESIAN_POINT ( 'NONE',  ( -5.576316527040904525, 1.189999999999998170, -6.660000000000001030 ) ) ;
#1495 = VERTEX_POINT ( 'NONE', #1016 ) ;
#1496 = CARTESIAN_POINT ( 'NONE',  ( -1.950000000000000622, -0.8000000000000000444, -0.9100000000000001421 ) ) ;
#1497 = VERTEX_POINT ( 'NONE', #448 ) ;
#1498 = DIRECTION ( 'NONE',  ( -0.9848077530122093526, -3.085308620031094321E-17, 0.1736481776669237809 ) ) ;
#1499 = CARTESIAN_POINT ( 'NONE',  ( -12.22500000000000142, 0.8999999999999999112, -0.9100000000000001421 ) ) ;
#1500 = DIRECTION ( 'NONE',  ( 0.000000000000000000, -1.000000000000000000, 0.000000000000000000 ) ) ;
#1501 = CARTESIAN_POINT ( 'NONE',  ( -3.866957084846028625, 1.189999999999998392, -0.8688465180732546367 ) ) ;
#1502 = ORIENTED_EDGE ( 'NONE', *, *, #1200, .T. ) ;
#1503 = CARTESIAN_POINT ( 'NONE',  ( -14.17500000000000071, -0.8750000000000000000, -0.9800000000000000933 ) ) ;
#1504 = DIRECTION ( 'NONE',  ( 0.9848077530122092416, 0.000000000000000000, 0.1736481776669234756 ) ) ;
#1505 = EDGE_LOOP ( 'NONE', ( #472, #1657, #229, #1317, #496 ) ) ;
#1506 = CARTESIAN_POINT ( 'NONE',  ( -14.17500000000000071, 1.189999999999997948, -0.9600000000000001865 ) ) ;
#1507 = AXIS2_PLACEMENT_3D ( 'NONE', #1774, #931, #966 ) ;
#1508 = VECTOR ( 'NONE', #1651, 1.000000000000000000 ) ;
#1509 = AXIS2_PLACEMENT_3D ( 'NONE', #906, #1748, #1458 ) ;
#1510 = AXIS2_PLACEMENT_3D ( 'NONE', #499, #1455, #1323 ) ;
#1511 = DIRECTION ( 'NONE',  ( -1.000000000000000000, -2.193033135062037489E-16, 0.000000000000000000 ) ) ;
#1512 = VECTOR ( 'NONE', #921, 1.000000000000000000 ) ;
#1513 = DIRECTION ( 'NONE',  ( 0.000000000000000000, 0.000000000000000000, 1.000000000000000000 ) ) ;
#1514 = VERTEX_POINT ( 'NONE', #202 ) ;
#1515 = VERTEX_POINT ( 'NONE', #171 ) ;
#1516 = PLANE ( 'NONE',  #654 ) ;
#1517 = ORIENTED_EDGE ( 'NONE', *, *, #209, .T. ) ;
#1518 = ADVANCED_FACE ( 'NONE', ( #999 ), #869, .F. ) ;
#1519 = LINE ( 'NONE', #711, #1540 ) ;
#1520 = ADVANCED_FACE ( 'NONE', ( #1444 ), #24, .F. ) ;
#1521 = DIRECTION ( 'NONE',  ( 1.000000000000000000, 3.700743415417188263E-17, 0.000000000000000000 ) ) ;
#1522 = VERTEX_POINT ( 'NONE', #1719 ) ;
#1523 = PRODUCT_DEFINITION_SHAPE ( 'NONE', 'NONE',  #124 ) ;
#1524 = DIRECTION ( 'NONE',  ( -1.000000000000000000, -0.000000000000000000, -0.000000000000000000 ) ) ;
#1525 = ORIENTED_EDGE ( 'NONE', *, *, #330, .F. ) ;
#1526 = DIRECTION ( 'NONE',  ( 0.000000000000000000, 0.000000000000000000, -1.000000000000000000 ) ) ;
#1527 = VERTEX_POINT ( 'NONE', #1565 ) ;
#1528 = DIRECTION ( 'NONE',  ( -1.000000000000000000, 0.000000000000000000, 1.908428413691174465E-16 ) ) ;
#1529 = FACE_OUTER_BOUND ( 'NONE', #39, .T. ) ;
#1530 = ORIENTED_EDGE ( 'NONE', *, *, #1126, .T. ) ;
#1531 = EDGE_CURVE ( 'NONE', #1005, #1568, #727, .T. ) ;
#1532 = LINE ( 'NONE', #430, #1750 ) ;
#1533 = ORIENTED_EDGE ( 'NONE', *, *, #1471, .T. ) ;
#1534 = CARTESIAN_POINT ( 'NONE',  ( -10.82500000000000107, -0.9900000000000007683, -0.9600000000000001865 ) ) ;
#1535 = ADVANCED_FACE ( 'NONE', ( #341 ), #1009, .T. ) ;
#1536 = ORIENTED_EDGE ( 'NONE', *, *, #929, .T. ) ;
#1537 = ORIENTED_EDGE ( 'NONE', *, *, #900, .T. ) ;
#1538 = AXIS2_PLACEMENT_3D ( 'NONE', #247, #1628, #386 ) ;
#1539 = VECTOR ( 'NONE', #1033, 1.000000000000000000 ) ;
#1540 = VECTOR ( 'NONE', #22, 1.000000000000000000 ) ;
#1541 = FACE_OUTER_BOUND ( 'NONE', #592, .T. ) ;
#1542 = CARTESIAN_POINT ( 'NONE',  ( -14.17500000000000071, 1.189999999999997948, -0.9600000000000001865 ) ) ;
#1543 = ORIENTED_EDGE ( 'NONE', *, *, #1189, .F. ) ;
#1544 = CIRCLE ( 'NONE', #446, 0.07999999999999996003 ) ;
#1545 = VECTOR ( 'NONE', #230, 1.000000000000000000 ) ;
#1546 = CYLINDRICAL_SURFACE ( 'NONE', #1203, 5.999999999999999112 ) ;
#1547 = DIRECTION ( 'NONE',  ( 1.000000000000000000, 3.132904478660053556E-17, 0.000000000000000000 ) ) ;
#1548 = EDGE_CURVE ( 'NONE', #749, #164, #262, .T. ) ;
#1549 = EDGE_CURVE ( 'NONE', #1088, #1275, #1148, .T. ) ;
#1550 = ORIENTED_EDGE ( 'NONE', *, *, #1450, .F. ) ;
#1551 = ORIENTED_EDGE ( 'NONE', *, *, #1674, .T. ) ;
#1552 = DIRECTION ( 'NONE',  ( -0.000000000000000000, -1.000000000000000000, -0.000000000000000000 ) ) ;
#1553 = DIRECTION ( 'NONE',  ( 0.000000000000000000, -0.9854601157443477755, 0.1699069165076472210 ) ) ;
#1554 = ORIENTED_EDGE ( 'NONE', *, *, #799, .T. ) ;
#1555 = EDGE_CURVE ( 'NONE', #1012, #503, #672, .T. ) ;
#1556 = DIRECTION ( 'NONE',  ( 0.000000000000000000, 0.000000000000000000, 1.000000000000000000 ) ) ;
#1557 = ORIENTED_EDGE ( 'NONE', *, *, #377, .T. ) ;
#1558 = CARTESIAN_POINT ( 'NONE',  ( -9.640572538960642035, -0.9900000000000014344, -0.7511534819267455809 ) ) ;
#1559 = VERTEX_POINT ( 'NONE', #893 ) ;
#1560 = ORIENTED_EDGE ( 'NONE', *, *, #1555, .T. ) ;
#1561 = ADVANCED_FACE ( 'NONE', ( #331 ), #882, .T. ) ;
#1562 = ADVANCED_FACE ( 'NONE', ( #1310, #61, #435 ), #989, .F. ) ;
#1563 = ADVANCED_FACE ( 'NONE', ( #805 ), #101, .T. ) ;
#1564 = CARTESIAN_POINT ( 'NONE',  ( -12.22500000000000142, -1.189999999999998392, -0.9600000000000001865 ) ) ;
#1565 = CARTESIAN_POINT ( 'NONE',  ( -9.640572538960640259, -1.190000000000001501, -0.7511534819267452479 ) ) ;
#1566 = VERTEX_POINT ( 'NONE', #1790 ) ;
#1567 = LINE ( 'NONE', #285, #445 ) ;
#1568 = VERTEX_POINT ( 'NONE', #1634 ) ;
#1569 = DIRECTION ( 'NONE',  ( 0.000000000000000000, -1.000000000000000000, 0.000000000000000000 ) ) ;
#1570 = EDGE_LOOP ( 'NONE', ( #1591, #833, #420, #1550, #831, #1601, #279, #712 ) ) ;
#1571 = VECTOR ( 'NONE', #1239, 1.000000000000000000 ) ;
#1572 = AXIS2_PLACEMENT_3D ( 'NONE', #206, #762, #919 ) ;
#1573 = DIRECTION ( 'NONE',  ( -1.000000000000000000, 0.000000000000000000, -0.000000000000000000 ) ) ;
#1574 = ORIENTED_EDGE ( 'NONE', *, *, #243, .F. ) ;
#1575 = AXIS2_PLACEMENT_3D ( 'NONE', #1068, #930, #1648 ) ;
#1576 = DIRECTION ( 'NONE',  ( 0.000000000000000000, 0.000000000000000000, 1.000000000000000000 ) ) ;
#1577 = ORIENTED_EDGE ( 'NONE', *, *, #665, .T. ) ;
#1578 = CARTESIAN_POINT ( 'NONE',  ( -12.22500000000000142, -1.190000000000001057, -0.9600000000000001865 ) ) ;
#1579 = DIRECTION ( 'NONE',  ( -2.193033135062037489E-16, 1.000000000000000000, 0.000000000000000000 ) ) ;
#1580 = ORIENTED_EDGE ( 'NONE', *, *, #803, .T. ) ;
#1581 = ORIENTED_EDGE ( 'NONE', *, *, #884, .F. ) ;
#1582 = EDGE_CURVE ( 'NONE', #455, #1162, #1087, .T. ) ;
#1583 = CARTESIAN_POINT ( 'NONE',  ( -3.866957084846029513, -0.9900000000000001021, -0.8688465180732545257 ) ) ;
#1584 = DIRECTION ( 'NONE',  ( 0.000000000000000000, 0.000000000000000000, 1.000000000000000000 ) ) ;
#1585 = VERTEX_POINT ( 'NONE', #1078 ) ;
#1586 = EDGE_CURVE ( 'NONE', #1289, #433, #1136, .T. ) ;
#1587 = CARTESIAN_POINT ( 'NONE',  ( -12.22500000000000142, 0.8000000000000000444, -0.9100000000000001421 ) ) ;
#1588 = EDGE_LOOP ( 'NONE', ( #1419, #1353, #1014, #1260 ) ) ;
#1589 = DIRECTION ( 'NONE',  ( 0.000000000000000000, 0.000000000000000000, 1.000000000000000000 ) ) ;
#1590 = CARTESIAN_POINT ( 'NONE',  ( -8.598683472959097074, 1.189999999999998392, -0.6600000000000002531 ) ) ;
#1591 = ORIENTED_EDGE ( 'NONE', *, *, #1716, .F. ) ;
#1592 = EDGE_LOOP ( 'NONE', ( #1409, #1650, #1157, #1237 ) ) ;
#1593 = DIRECTION ( 'NONE',  ( -1.908428413691174465E-16, 0.000000000000000000, -1.000000000000000000 ) ) ;
#1594 = DIRECTION ( 'NONE',  ( 0.000000000000000000, -1.000000000000000000, 0.000000000000000000 ) ) ;
#1595 = ORIENTED_EDGE ( 'NONE', *, *, #900, .F. ) ;
#1596 = FACE_OUTER_BOUND ( 'NONE', #993, .T. ) ;
#1597 = PLANE ( 'NONE',  #1176 ) ;
#1598 = EDGE_CURVE ( 'NONE', #485, #309, #250, .T. ) ;
#1599 = DIRECTION ( 'NONE',  ( 0.000000000000000000, -0.1699069165076472487, -0.9854601157443478865 ) ) ;
#1600 = ORIENTED_EDGE ( 'NONE', *, *, #923, .T. ) ;
#1601 = ORIENTED_EDGE ( 'NONE', *, *, #708, .F. ) ;
#1602 = DIRECTION ( 'NONE',  ( 0.000000000000000000, 0.1402661271484180461, -0.9901138386947149206 ) ) ;
#1603 = CARTESIAN_POINT ( 'NONE',  ( -1.950000000000000622, 0.8999999999999999112, -0.9100000000000001421 ) ) ;
#1604 = AXIS2_PLACEMENT_3D ( 'NONE', #652, #1207, #1486 ) ;
#1605 = DIRECTION ( 'NONE',  ( 0.000000000000000000, 0.000000000000000000, 1.000000000000000000 ) ) ;
#1606 = DIRECTION ( 'NONE',  ( 0.000000000000000000, 0.000000000000000000, 1.000000000000000000 ) ) ;
#1607 = CIRCLE ( 'NONE', #506, 0.07999999999999996003 ) ;
#1608 = AXIS2_PLACEMENT_3D ( 'NONE', #1752, #512, #337 ) ;
#1609 = CARTESIAN_POINT ( 'NONE',  ( 0.6167948635501689925, -0.8750000000000000000, -1.060000000000000053 ) ) ;
#1610 = AXIS2_PLACEMENT_3D ( 'NONE', #1137, #1128, #434 ) ;
#1611 = VERTEX_POINT ( 'NONE', #382 ) ;
#1612 = EDGE_CURVE ( 'NONE', #1302, #1384, #1644, .T. ) ;
#1613 = EDGE_CURVE ( 'NONE', #562, #1003, #1662, .T. ) ;
#1614 = VECTOR ( 'NONE', #1046, 1.000000000000000000 ) ;
#1615 = CARTESIAN_POINT ( 'NONE',  ( -12.22500000000000142, 0.8000000000000000444, -0.9100000000000001421 ) ) ;
#1616 = CARTESIAN_POINT ( 'NONE',  ( -5.576316527040903637, 1.189999999999998392, -0.6600000000000008082 ) ) ;
#1617 = CYLINDRICAL_SURFACE ( 'NONE', #362, 0.07999999999999996003 ) ;
#1618 = DIRECTION ( 'NONE',  ( 0.000000000000000000, -1.000000000000000000, 0.000000000000000000 ) ) ;
#1619 = DIRECTION ( 'NONE',  ( -1.000000000000000000, -2.220446049250313081E-16, 0.000000000000000000 ) ) ;
#1620 = CARTESIAN_POINT ( 'NONE',  ( -14.17500000000000071, -0.8750000000000000000, -1.140000000000000124 ) ) ;
#1621 = EDGE_CURVE ( 'NONE', #1275, #200, #1341, .T. ) ;
#1622 = SURFACE_STYLE_USAGE ( .BOTH. , #1337 ) ;
#1623 = CARTESIAN_POINT ( 'NONE',  ( -14.17500000000000071, 1.189999999999997948, -0.9600000000000001865 ) ) ;
#1624 = CARTESIAN_POINT ( 'NONE',  ( -0.3800000000000000044, -0.8750000000000000000, -1.060000000000000053 ) ) ;
#1625 = DIRECTION ( 'NONE',  ( -0.000000000000000000, 0.000000000000000000, 1.000000000000000000 ) ) ;
#1626 = DIRECTION ( 'NONE',  ( 3.132904478660053556E-17, -1.000000000000000000, 0.000000000000000000 ) ) ;
#1627 = CARTESIAN_POINT ( 'NONE',  ( 0.000000000000000000, 0.000000000000000000, 0.000000000000000000 ) ) ;
#1628 = DIRECTION ( 'NONE',  ( -3.132904478660053556E-17, 1.000000000000000000, -0.000000000000000000 ) ) ;
#1629 = ADVANCED_FACE ( 'NONE', ( #1658 ), #391, .T. ) ;
#1630 = CARTESIAN_POINT ( 'NONE',  ( -2.350000000000000533, -0.2000000000000000111, -0.8250000000000000666 ) ) ;
#1631 = EDGE_CURVE ( 'NONE', #192, #208, #521, .T. ) ;
#1632 = VERTEX_POINT ( 'NONE', #943 ) ;
#1633 = STYLED_ITEM ( 'NONE', ( #684 ), #1370 ) ;
#1634 = CARTESIAN_POINT ( 'NONE',  ( -8.598683472959097074, 0.9899999999999982148, -0.6600000000000002531 ) ) ;
#1635 = VECTOR ( 'NONE', #1093, 1.000000000000000000 ) ;
#1636 = DIRECTION ( 'NONE',  ( 0.000000000000000000, -1.000000000000000000, 0.000000000000000000 ) ) ;
#1637 = AXIS2_PLACEMENT_3D ( 'NONE', #1624, #797, #1346 ) ;
#1638 = AXIS2_PLACEMENT_3D ( 'NONE', #38, #414, #1526 ) ;
#1639 = VECTOR ( 'NONE', #1404, 1.000000000000000222 ) ;
#1640 = FACE_BOUND ( 'NONE', #78, .T. ) ;
#1641 = DIRECTION ( 'NONE',  ( 0.000000000000000000, 0.000000000000000000, 1.000000000000000000 ) ) ;
#1642 = ORIENTED_EDGE ( 'NONE', *, *, #1756, .T. ) ;
#1643 = EDGE_CURVE ( 'NONE', #1659, #947, #1354, .T. ) ;
#1644 = LINE ( 'NONE', #1761, #363 ) ;
#1645 = EDGE_LOOP ( 'NONE', ( #873, #1077, #424, #25 ) ) ;
#1646 = PLANE ( 'NONE',  #1723 ) ;
#1647 = CARTESIAN_POINT ( 'NONE',  ( 0.6199999999999999956, 0.8750000000000001110, -1.060000000000000053 ) ) ;
#1648 = DIRECTION ( 'NONE',  ( 1.000000000000000000, 0.000000000000000000, 0.000000000000000000 ) ) ;
#1649 = DIRECTION ( 'NONE',  ( 0.000000000000000000, -1.000000000000000000, 0.000000000000000000 ) ) ;
#1650 = ORIENTED_EDGE ( 'NONE', *, *, #851, .T. ) ;
#1651 = DIRECTION ( 'NONE',  ( 1.000000000000000000, -0.000000000000000000, -0.000000000000000000 ) ) ;
#1652 = EDGE_LOOP ( 'NONE', ( #1133, #735, #1551, #490, #894 ) ) ;
#1653 = LINE ( 'NONE', #944, #1400 ) ;
#1654 = DIRECTION ( 'NONE',  ( -1.000000000000000000, 0.000000000000000000, -0.000000000000000000 ) ) ;
#1655 = CARTESIAN_POINT ( 'NONE',  ( -2.825068018844486328, 0.000000000000000000, 5.040000000000000036 ) ) ;
#1656 = CARTESIAN_POINT ( 'NONE',  ( -11.82500000000000107, 0.8999999999999999112, -0.9100000000000001421 ) ) ;
#1657 = ORIENTED_EDGE ( 'NONE', *, *, #1178, .T. ) ;
#1658 = FACE_OUTER_BOUND ( 'NONE', #480, .T. ) ;
#1659 = VERTEX_POINT ( 'NONE', #687 ) ;
#1660 = CARTESIAN_POINT ( 'NONE',  ( -1.259562753036178795E-16, 1.189999999999998392, -0.6600000000000019185 ) ) ;
#1661 = VECTOR ( 'NONE', #796, 1.000000000000000000 ) ;
#1662 = CIRCLE ( 'NONE', #621, 6.000000000000000888 ) ;
#1663 = VECTOR ( 'NONE', #789, 1.000000000000000000 ) ;
#1664 = EDGE_CURVE ( 'NONE', #460, #220, #948, .T. ) ;
#1665 = EDGE_CURVE ( 'NONE', #1707, #1003, #257, .T. ) ;
#1666 = AXIS2_PLACEMENT_3D ( 'NONE', #201, #1593, #71 ) ;
#1667 = VECTOR ( 'NONE', #226, 1.000000000000000000 ) ;
#1668 = FACE_OUTER_BOUND ( 'NONE', #1652, .T. ) ;
#1669 = EDGE_LOOP ( 'NONE', ( #1038, #1642, #1441, #1374 ) ) ;
#1670 = DIRECTION ( 'NONE',  ( 0.000000000000000000, 0.000000000000000000, -1.000000000000000000 ) ) ;
#1671 = ORIENTED_EDGE ( 'NONE', *, *, #1340, .T. ) ;
#1672 = CARTESIAN_POINT ( 'NONE',  ( -14.17500000000000071, 0.9899999999999979927, -0.9600000000000001865 ) ) ;
#1673 = ORIENTED_EDGE ( 'NONE', *, *, #317, .T. ) ;
#1674 = EDGE_CURVE ( 'NONE', #19, #535, #297, .T. ) ;
#1675 = EDGE_CURVE ( 'NONE', #1785, #1155, #1361, .T. ) ;
#1676 = DIRECTION ( 'NONE',  ( -1.000000000000000000, 0.000000000000000000, 0.000000000000000000 ) ) ;
#1677 = ORIENTED_EDGE ( 'NONE', *, *, #1127, .F. ) ;
#1678 = CARTESIAN_POINT ( 'NONE',  ( 0.000000000000000000, -1.189999999999998392, -0.9600000000000001865 ) ) ;
#1679 = ORIENTED_EDGE ( 'NONE', *, *, #1613, .F. ) ;
#1680 = DIRECTION ( 'NONE',  ( 0.000000000000000000, 0.000000000000000000, 1.000000000000000000 ) ) ;
#1681 = ORIENTED_EDGE ( 'NONE', *, *, #110, .F. ) ;
#1682 = EDGE_CURVE ( 'NONE', #1381, #1257, #1784, .T. ) ;
#1683 = EDGE_CURVE ( 'NONE', #535, #1235, #955, .T. ) ;
#1684 = LINE ( 'NONE', #26, #214 ) ;
#1685 = ORIENTED_EDGE ( 'NONE', *, *, #135, .T. ) ;
#1686 = DIRECTION ( 'NONE',  ( -0.000000000000000000, 0.000000000000000000, 1.000000000000000000 ) ) ;
#1687 = AXIS2_PLACEMENT_3D ( 'NONE', #40, #602, #1156 ) ;
#1688 = AXIS2_PLACEMENT_3D ( 'NONE', #45, #1063, #1449 ) ;
#1689 = VECTOR ( 'NONE', #1256, 1.000000000000000000 ) ;
#1690 = DIRECTION ( 'NONE',  ( 1.000000000000000000, 0.000000000000000000, -0.000000000000000000 ) ) ;
#1691 = EDGE_LOOP ( 'NONE', ( #1269, #454, #954, #747, #1166, #902, #1681, #35 ) ) ;
#1692 = DIRECTION ( 'NONE',  ( 1.000000000000000000, -0.000000000000000000, -0.000000000000000000 ) ) ;
#1693 = ADVANCED_FACE ( 'NONE', ( #823 ), #1001, .T. ) ;
#1694 = ORIENTED_EDGE ( 'NONE', *, *, #710, .T. ) ;
#1695 = CARTESIAN_POINT ( 'NONE',  ( -14.17500000000000071, 0.8750000000000000000, -1.060000000000000053 ) ) ;
#1696 = ADVANCED_FACE ( 'NONE', ( #745 ), #1192, .F. ) ;
#1697 = EDGE_LOOP ( 'NONE', ( #715, #1577, #1186, #728, #1092 ) ) ;
#1698 = LINE ( 'NONE', #1386, #1754 ) ;
#1699 = CARTESIAN_POINT ( 'NONE',  ( -11.34993198115551927, 0.9899999999999981037, 5.040000000000000036 ) ) ;
#1700 = ORIENTED_EDGE ( 'NONE', *, *, #1555, .F. ) ;
#1701 = LINE ( 'NONE', #1121, #1055 ) ;
#1702 = ORIENTED_EDGE ( 'NONE', *, *, #86, .F. ) ;
#1703 = DIRECTION ( 'NONE',  ( 0.000000000000000000, 0.000000000000000000, 1.000000000000000000 ) ) ;
#1704 = ORIENTED_EDGE ( 'NONE', *, *, #223, .T. ) ;
#1705 = ORIENTED_EDGE ( 'NONE', *, *, #860, .T. ) ;
#1706 = CARTESIAN_POINT ( 'NONE',  ( -8.598683472959097074, 1.189999999999998392, -0.6600000000000002531 ) ) ;
#1707 = VERTEX_POINT ( 'NONE', #1314 ) ;
#1708 = LINE ( 'NONE', #52, #1663 ) ;
#1709 = ORIENTED_EDGE ( 'NONE', *, *, #316, .F. ) ;
#1710 = FACE_OUTER_BOUND ( 'NONE', #1122, .T. ) ;
#1711 = DIRECTION ( 'NONE',  ( 0.000000000000000000, 1.224646799147353207E-16, 1.000000000000000000 ) ) ;
#1712 = DIRECTION ( 'NONE',  ( -0.000000000000000000, 1.000000000000000000, -0.000000000000000000 ) ) ;
#1713 = EDGE_LOOP ( 'NONE', ( #342, #852, #1293, #468 ) ) ;
#1714 = LINE ( 'NONE', #488, #1614 ) ;
#1715 = EDGE_CURVE ( 'NONE', #462, #584, #529, .T. ) ;
#1716 = EDGE_CURVE ( 'NONE', #1024, #460, #1326, .T. ) ;
#1717 = AXIS2_PLACEMENT_3D ( 'NONE', #282, #290, #126 ) ;
#1718 = AXIS2_PLACEMENT_3D ( 'NONE', #812, #1375, #662 ) ;
#1719 = CARTESIAN_POINT ( 'NONE',  ( -14.17500000000000071, 0.8750000000000000000, -1.140000000000000124 ) ) ;
#1720 = ORIENTED_EDGE ( 'NONE', *, *, #610, .F. ) ;
#1721 = VECTOR ( 'NONE', #1259, 1.000000000000000000 ) ;
#1722 = DIRECTION ( 'NONE',  ( 1.000000000000000000, -0.000000000000000000, 0.000000000000000000 ) ) ;
#1723 = AXIS2_PLACEMENT_3D ( 'NONE', #1506, #1626, #383 ) ;
#1724 = ORIENTED_EDGE ( 'NONE', *, *, #1791, .T. ) ;
#1725 = SPHERICAL_SURFACE ( 'NONE', #1432, 1.000000000000000000 ) ;
#1726 = PLANE ( 'NONE',  #1481 ) ;
#1727 = AXIS2_PLACEMENT_3D ( 'NONE', #918, #469, #1013 ) ;
#1728 = ORIENTED_EDGE ( 'NONE', *, *, #1179, .F. ) ;
#1729 = ORIENTED_EDGE ( 'NONE', *, *, #139, .F. ) ;
#1730 = DIRECTION ( 'NONE',  ( 0.000000000000000000, 0.000000000000000000, -1.000000000000000000 ) ) ;
#1731 = ADVANCED_FACE ( 'NONE', ( #502 ), #1726, .F. ) ;
#1732 = CARTESIAN_POINT ( 'NONE',  ( -9.640572538960642035, 0.9899999999999981037, -0.7511534819267456919 ) ) ;
#1733 = VERTEX_POINT ( 'NONE', #1051 ) ;
#1734 = FACE_OUTER_BOUND ( 'NONE', #439, .T. ) ;
#1735 = CARTESIAN_POINT ( 'NONE',  ( -8.598683472959098850, 1.189999999999998392, -6.660000000000000142 ) ) ;
#1736 = ORIENTED_EDGE ( 'NONE', *, *, #1153, .F. ) ;
#1737 = ORIENTED_EDGE ( 'NONE', *, *, #671, .T. ) ;
#1738 = CARTESIAN_POINT ( 'NONE',  ( 0.6167948635501689925, 0.9549999999999998490, -1.060000000000000053 ) ) ;
#1739 = APPLICATION_PROTOCOL_DEFINITION ( 'draft international standard', 'automotive_design', 1998, #1751 ) ;
#1740 = LINE ( 'NONE', #1477, #1058 ) ;
#1741 = LINE ( 'NONE', #751, #1667 ) ;
#1742 = CARTESIAN_POINT ( 'NONE',  ( -10.82500000000000107, -1.190000000000000835, -0.9600000000000001865 ) ) ;
#1743 = EDGE_CURVE ( 'NONE', #1514, #1566, #733, .T. ) ;
#1744 = EDGE_LOOP ( 'NONE', ( #620, #720, #1000, #550 ) ) ;
#1745 = LINE ( 'NONE', #1615, #1512 ) ;
#1746 = EDGE_CURVE ( 'NONE', #1257, #947, #783, .T. ) ;
#1747 = CARTESIAN_POINT ( 'NONE',  ( -13.79499999999999993, -0.8750000000000000000, -1.060000000000000053 ) ) ;
#1748 = DIRECTION ( 'NONE',  ( 0.000000000000000000, 0.000000000000000000, 1.000000000000000000 ) ) ;
#1749 = DIRECTION ( 'NONE',  ( 0.000000000000000000, -1.000000000000000000, 0.000000000000000000 ) ) ;
#1750 = VECTOR ( 'NONE', #704, 1.000000000000000000 ) ;
#1751 = APPLICATION_CONTEXT ( 'automotive_design' ) ;
#1752 = CARTESIAN_POINT ( 'NONE',  ( -0.1622440211999303383, 1.189999999999998392, 0.9201315677728726383 ) ) ;
#1753 = EDGE_CURVE ( 'NONE', #17, #1242, #474, .T. ) ;
#1754 = VECTOR ( 'NONE', #1397, 1.000000000000000000 ) ;
#1755 = VECTOR ( 'NONE', #252, 1.000000000000000222 ) ;
#1756 = EDGE_CURVE ( 'NONE', #1798, #1707, #630, .T. ) ;
#1757 = ORIENTED_EDGE ( 'NONE', *, *, #1586, .F. ) ;
#1758 = DIRECTION ( 'NONE',  ( 0.000000000000000000, -0.9901138386947149206, -0.1402661271484180461 ) ) ;
#1759 = CARTESIAN_POINT ( 'NONE',  ( -14.79179486355016948, -0.8750000000000000000, -1.060000000000000053 ) ) ;
#1760 = DIRECTION ( 'NONE',  ( 3.132904478660053556E-17, -1.000000000000000000, 0.000000000000000000 ) ) ;
#1761 = CARTESIAN_POINT ( 'NONE',  ( -11.82500000000000107, 1.189999999999998392, -0.9600000000000001865 ) ) ;
#1762 = CARTESIAN_POINT ( 'NONE',  ( -14.17500000000000071, -0.8750000000000000000, -1.060000000000000053 ) ) ;
#1763 = EDGE_CURVE ( 'NONE', #20, #19, #442, .T. ) ;
#1764 = CARTESIAN_POINT ( 'NONE',  ( -0.2651845289799109051, 1.189999999999998392, -1.503936198047713280 ) ) ;
#1765 = CARTESIAN_POINT ( 'NONE',  ( -14.17500000000000071, -1.190000000000001501, -0.9600000000000001865 ) ) ;
#1766 = ORIENTED_EDGE ( 'NONE', *, *, #1549, .F. ) ;
#1767 = SPHERICAL_SURFACE ( 'NONE', #770, 1.000000000000000000 ) ;
#1768 = EDGE_CURVE ( 'NONE', #20, #548, #644, .T. ) ;
#1769 = PLANE ( 'NONE',  #1364 ) ;
#1770 = EDGE_CURVE ( 'NONE', #514, #1159, #1160, .T. ) ;
#1771 = DIRECTION ( 'NONE',  ( 1.000000000000000000, -0.000000000000000000, -0.000000000000000000 ) ) ;
#1772 = EDGE_LOOP ( 'NONE', ( #359, #1671, #1502, #996 ) ) ;
#1773 = CIRCLE ( 'NONE', #1198, 0.07999999999999996003 ) ;
#1774 = CARTESIAN_POINT ( 'NONE',  ( -13.79499999999999993, -0.8750000000000000000, -1.060000000000000053 ) ) ;
#1775 = ORIENTED_EDGE ( 'NONE', *, *, #260, .F. ) ;
#1776 = CARTESIAN_POINT ( 'NONE',  ( -14.17500000000000071, 1.189999999999997948, -0.9600000000000001865 ) ) ;
#1777 = VECTOR ( 'NONE', #1008, 1.000000000000000000 ) ;
#1778 = AXIS2_PLACEMENT_3D ( 'NONE', #914, #903, #892 ) ;
#1779 = LINE ( 'NONE', #1499, #729 ) ;
#1780 = EDGE_CURVE ( 'NONE', #1289, #976, #387, .T. ) ;
#1781 = CARTESIAN_POINT ( 'NONE',  ( -0.1622440211999303383, 1.189999999999998392, 0.9201315677728726383 ) ) ;
#1782 =( NAMED_UNIT ( * ) PLANE_ANGLE_UNIT ( ) SI_UNIT ( $, .RADIAN. ) );
#1783 = ORIENTED_EDGE ( 'NONE', *, *, #516, .T. ) ;
#1784 = LINE ( 'NONE', #542, #1635 ) ;
#1785 = VERTEX_POINT ( 'NONE', #1199 ) ;
#1786 = CARTESIAN_POINT ( 'NONE',  ( -0.2651845289799106831, 0.9899999999999984368, -1.503936198047713280 ) ) ;
#1787 = DIRECTION ( 'NONE',  ( 1.000000000000000000, -0.000000000000000000, -0.000000000000000000 ) ) ;
#1788 = DIRECTION ( 'NONE',  ( 3.132904478660053556E-17, -1.000000000000000000, 0.000000000000000000 ) ) ;
#1789 = ORIENTED_EDGE ( 'NONE', *, *, #317, .F. ) ;
#1790 = CARTESIAN_POINT ( 'NONE',  ( 0.6167948635501689925, -0.8750000000000000000, -0.9800000000000000933 ) ) ;
#1791 = EDGE_CURVE ( 'NONE', #407, #17, #794, .T. ) ;
#1792 = ORIENTED_EDGE ( 'NONE', *, *, #194, .F. ) ;
#1793 = DIRECTION ( 'NONE',  ( 0.000000000000000000, 0.000000000000000000, 1.000000000000000000 ) ) ;
#1794 = ADVANCED_FACE ( 'NONE', ( #1184 ), #470, .F. ) ;
#1795 = DIRECTION ( 'NONE',  ( 0.000000000000000000, -0.9854601157443477755, -0.1699069165076472210 ) ) ;
#1796 = CARTESIAN_POINT ( 'NONE',  ( 0.6167948635501689925, 0.8750000000000000000, -1.060000000000000053 ) ) ;
#1797 = ORIENTED_EDGE ( 'NONE', *, *, #1368, .T. ) ;
#1798 = VERTEX_POINT ( 'NONE', #899 ) ;
#1799 = CARTESIAN_POINT ( 'NONE',  ( 0.000000000000000000, -0.8750000000000000000, -0.9800000000000000933 ) ) ;
#1800 = CIRCLE ( 'NONE', #1080, 0.07999999999999996003 ) ;
#1801 = ORIENTED_EDGE ( 'NONE', *, *, #563, .T. ) ;
#1802 = ORIENTED_EDGE ( 'NONE', *, *, #253, .F. ) ;
#1803 = VECTOR ( 'NONE', #1487, 1.000000000000000000 ) ;
ENDSEC;
END-ISO-10303-21;
