ISO-10303-21;
HEADER;
FILE_DESCRIPTION (( 'STEP AP214' ),
    '1' );
FILE_NAME ('WagonPlane_90ft_MediumDetailed.STEP',
    '2026-02-24T13:11:52',
    ( '' ),
    ( '' ),
    'SwSTEP 2.0',
    'SolidWorks 2022',
    '' );
FILE_SCHEMA (( 'AUTOMOTIVE_DESIGN' ));
ENDSEC;

DATA;
#1 = DIRECTION ( 'NONE',  ( 1.000000000000000000, -3.132904478660053556E-17, 1.633773012826316475E-16 ) ) ;
#2 = EDGE_CURVE ( 'NONE', #943, #867, #1044, .T. ) ;
#3 = AXIS2_PLACEMENT_3D ( 'NONE', #1743, #1584, #2374 ) ;
#4 = EDGE_CURVE ( 'NONE', #636, #2376, #1429, .T. ) ;
#5 = ORIENTED_EDGE ( 'NONE', *, *, #794, .F. ) ;
#6 = CARTESIAN_POINT ( 'NONE',  ( -0.2651845289799109051, 1.189999999999998392, -1.503936198047713280 ) ) ;
#7 = CARTESIAN_POINT ( 'NONE',  ( -5.576316527040904525, 1.189999999999998170, -6.660000000000001030 ) ) ;
#8 = AXIS2_PLACEMENT_3D ( 'NONE', #1103, #905, #78 ) ;
#9 = CARTESIAN_POINT ( 'NONE',  ( -26.40000000000000213, -0.2000000000000000111, -0.8250000000000000666 ) ) ;
#10 = CARTESIAN_POINT ( 'NONE',  ( -26.40000000000000213, -0.8000000000000000444, -0.9100000000000001421 ) ) ;
#11 = CARTESIAN_POINT ( 'NONE',  ( 0.6167948635501689925, 0.8750000000000000000, -1.060000000000000053 ) ) ;
#12 = DIRECTION ( 'NONE',  ( -0.9848077530122093526, -2.159716034021766272E-16, -0.1736481776669234756 ) ) ;
#13 = ORIENTED_EDGE ( 'NONE', *, *, #358, .F. ) ;
#14 = ORIENTED_EDGE ( 'NONE', *, *, #2008, .F. ) ;
#15 = AXIS2_PLACEMENT_3D ( 'NONE', #1738, #2180, #1335 ) ;
#16 = DIRECTION ( 'NONE',  ( -1.000000000000000000, 2.193033135062037489E-16, 0.000000000000000000 ) ) ;
#17 = EDGE_CURVE ( 'NONE', #1367, #627, #1214, .T. ) ;
#18 = ORIENTED_EDGE ( 'NONE', *, *, #2314, .F. ) ;
#19 = SPHERICAL_SURFACE ( 'NONE', #1960, 1.000000000000000000 ) ;
#20 = FACE_OUTER_BOUND ( 'NONE', #1548, .T. ) ;
#21 = UNCERTAINTY_MEASURE_WITH_UNIT (LENGTH_MEASURE( 1.000000000000000082E-05 ), #1322, 'distance_accuracy_value', 'NONE');
#22 = LINE ( 'NONE', #249, #1296 ) ;
#23 = FACE_OUTER_BOUND ( 'NONE', #570, .T. ) ;
#24 = AXIS2_PLACEMENT_3D ( 'NONE', #2411, #536, #546 ) ;
#25 = ORIENTED_EDGE ( 'NONE', *, *, #286, .F. ) ;
#26 = ADVANCED_FACE ( 'NONE', ( #1809 ), #1845, .F. ) ;
#27 = CYLINDRICAL_SURFACE ( 'NONE', #1729, 0.07999999999999996003 ) ;
#28 = CARTESIAN_POINT ( 'NONE',  ( -13.97500000000000142, 0.8999999999999999112, -0.9100000000000001421 ) ) ;
#29 = ORIENTED_EDGE ( 'NONE', *, *, #1020, .T. ) ;
#30 = EDGE_CURVE ( 'NONE', #422, #1785, #2645, .T. ) ;
#31 = ORIENTED_EDGE ( 'NONE', *, *, #509, .T. ) ;
#32 = AXIS2_PLACEMENT_3D ( 'NONE', #662, #2497, #1874 ) ;
#33 = DIRECTION ( 'NONE',  ( 1.000000000000000000, 0.000000000000000000, 0.000000000000000000 ) ) ;
#34 = VERTEX_POINT ( 'NONE', #2655 ) ;
#35 = CARTESIAN_POINT ( 'NONE',  ( -25.52493198115551465, 1.189999999999998392, 5.040000000000000036 ) ) ;
#36 = LINE ( 'NONE', #1725, #115 ) ;
#37 = CARTESIAN_POINT ( 'NONE',  ( -13.97500000000000142, 1.189999999999998392, -0.9600000000000001865 ) ) ;
#38 = DIRECTION ( 'NONE',  ( -1.000000000000000000, -3.132904478660053556E-17, -0.000000000000000000 ) ) ;
#39 = ORIENTED_EDGE ( 'NONE', *, *, #1403, .T. ) ;
#40 = DIRECTION ( 'NONE',  ( -1.224646799147353207E-16, 1.000000000000000000, -0.000000000000000000 ) ) ;
#41 = EDGE_CURVE ( 'NONE', #2004, #1563, #1617, .T. ) ;
#42 = CIRCLE ( 'NONE', #1509, 0.07999999999999996003 ) ;
#43 = EDGE_CURVE ( 'NONE', #837, #1665, #1205, .T. ) ;
#44 = DIRECTION ( 'NONE',  ( 0.000000000000000000, -1.000000000000000000, 0.000000000000000000 ) ) ;
#45 = CARTESIAN_POINT ( 'NONE',  ( -26.00000000000000000, 1.189999999999998392, -0.9600000000000001865 ) ) ;
#46 = VERTEX_POINT ( 'NONE', #1418 ) ;
#47 = EDGE_CURVE ( 'NONE', #1833, #1213, #1029, .T. ) ;
#48 = ORIENTED_EDGE ( 'NONE', *, *, #1564, .T. ) ;
#49 = CARTESIAN_POINT ( 'NONE',  ( -28.35000000000000142, -0.8750000000000000000, -1.140000000000000124 ) ) ;
#50 = ORIENTED_EDGE ( 'NONE', *, *, #2267, .F. ) ;
#51 = VECTOR ( 'NONE', #1199, 1.000000000000000000 ) ;
#52 = DIRECTION ( 'NONE',  ( -1.000000000000000000, 3.700743415417188263E-17, 0.000000000000000000 ) ) ;
#53 = DIRECTION ( 'NONE',  ( 0.000000000000000000, -0.000000000000000000, 1.000000000000000000 ) ) ;
#54 = DIRECTION ( 'NONE',  ( 1.000000000000000000, -0.000000000000000000, -0.000000000000000000 ) ) ;
#55 = ORIENTED_EDGE ( 'NONE', *, *, #676, .F. ) ;
#56 = DIRECTION ( 'NONE',  ( 0.000000000000000000, -1.000000000000000000, 0.000000000000000000 ) ) ;
#57 = VECTOR ( 'NONE', #421, 1.000000000000000000 ) ;
#58 = ORIENTED_EDGE ( 'NONE', *, *, #2355, .T. ) ;
#59 = DIRECTION ( 'NONE',  ( 1.000000000000000000, 0.000000000000000000, 0.000000000000000000 ) ) ;
#60 = DIRECTION ( 'NONE',  ( -1.908428413691174465E-16, 0.000000000000000000, -1.000000000000000000 ) ) ;
#61 = ORIENTED_EDGE ( 'NONE', *, *, #1461, .F. ) ;
#62 = ORIENTED_EDGE ( 'NONE', *, *, #1664, .T. ) ;
#63 = DIRECTION ( 'NONE',  ( 1.000000000000000000, -0.000000000000000000, 0.000000000000000000 ) ) ;
#64 = ORIENTED_EDGE ( 'NONE', *, *, #787, .F. ) ;
#65 = AXIS2_PLACEMENT_3D ( 'NONE', #1193, #2414, #1801 ) ;
#66 = CARTESIAN_POINT ( 'NONE',  ( -27.97000000000000242, -0.8750000000000000000, -1.060000000000000053 ) ) ;
#67 = LINE ( 'NONE', #1351, #1159 ) ;
#68 = DIRECTION ( 'NONE',  ( 0.000000000000000000, -1.000000000000000000, 0.000000000000000000 ) ) ;
#69 = VECTOR ( 'NONE', #1767, 1.000000000000000000 ) ;
#70 = DIRECTION ( 'NONE',  ( -1.000000000000000000, -0.000000000000000000, -0.000000000000000000 ) ) ;
#71 = DIRECTION ( 'NONE',  ( 0.000000000000000000, 0.000000000000000000, 1.000000000000000000 ) ) ;
#72 = ORIENTED_EDGE ( 'NONE', *, *, #2485, .F. ) ;
#73 = VERTEX_POINT ( 'NONE', #825 ) ;
#74 = DIRECTION ( 'NONE',  ( 0.000000000000000000, 0.000000000000000000, 1.000000000000000000 ) ) ;
#75 = VECTOR ( 'NONE', #68, 1.000000000000000000 ) ;
#76 = EDGE_LOOP ( 'NONE', ( #1982, #2086, #1034, #1766 ) ) ;
#77 = CARTESIAN_POINT ( 'NONE',  ( -14.17500000000000071, -0.9900000000000015454, -0.9600000000000001865 ) ) ;
#78 = DIRECTION ( 'NONE',  ( 0.000000000000000000, 0.9901138386947148096, 0.1402661271484180183 ) ) ;
#79 = DIRECTION ( 'NONE',  ( 0.000000000000000000, -1.000000000000000000, 0.000000000000000000 ) ) ;
#80 = CARTESIAN_POINT ( 'NONE',  ( 0.000000000000000000, -0.8750000000000000000, -1.060000000000000053 ) ) ;
#81 = DIRECTION ( 'NONE',  ( -0.9848077530122093526, -3.085308620031094321E-17, 0.1736481776669237809 ) ) ;
#82 = EDGE_LOOP ( 'NONE', ( #719, #177, #852, #2348 ) ) ;
#83 = AXIS2_PLACEMENT_3D ( 'NONE', #2665, #197, #1651 ) ;
#84 = ORIENTED_EDGE ( 'NONE', *, *, #509, .F. ) ;
#85 = EDGE_CURVE ( 'NONE', #2524, #2198, #2449, .T. ) ;
#86 = LINE ( 'NONE', #126, #996 ) ;
#87 = ORIENTED_EDGE ( 'NONE', *, *, #1920, .T. ) ;
#88 = EDGE_CURVE ( 'NONE', #917, #298, #1650, .T. ) ;
#89 = ORIENTED_EDGE ( 'NONE', *, *, #721, .T. ) ;
#90 = ADVANCED_FACE ( 'NONE', ( #275 ), #19, .T. ) ;
#91 = LINE ( 'NONE', #2571, #108 ) ;
#92 = PLANE ( 'NONE',  #1439 ) ;
#93 = CARTESIAN_POINT ( 'NONE',  ( -1.950000000000000622, 0.2000000000000000111, -0.8250000000000000666 ) ) ;
#94 = DIRECTION ( 'NONE',  ( 0.000000000000000000, -0.9901138386947149206, 0.1402661271484180461 ) ) ;
#95 = DIRECTION ( 'NONE',  ( 2.193033135062037489E-16, 1.000000000000000000, 0.000000000000000000 ) ) ;
#96 = DIRECTION ( 'NONE',  ( 1.000000000000000000, -3.132904478660053556E-17, 1.908428413691174465E-16 ) ) ;
#97 = CARTESIAN_POINT ( 'NONE',  ( -1.950000000000000622, 1.189999999999998392, -0.9600000000000001865 ) ) ;
#98 = VERTEX_POINT ( 'NONE', #1878 ) ;
#99 = VECTOR ( 'NONE', #1927, 1.000000000000000000 ) ;
#100 = VERTEX_POINT ( 'NONE', #1058 ) ;
#101 = CARTESIAN_POINT ( 'NONE',  ( -5.576316527040903637, 1.189999999999998392, -0.6600000000000008082 ) ) ;
#102 = VERTEX_POINT ( 'NONE', #1293 ) ;
#103 = EDGE_LOOP ( 'NONE', ( #1732, #782, #349, #2147 ) ) ;
#104 = LINE ( 'NONE', #1348, #1049 ) ;
#105 = PLANE ( 'NONE',  #615 ) ;
#106 = DIRECTION ( 'NONE',  ( 3.132904478660053556E-17, -1.000000000000000000, 0.000000000000000000 ) ) ;
#107 = CARTESIAN_POINT ( 'NONE',  ( 0.6167948635501689925, -0.8750000000000000000, -0.9800000000000000933 ) ) ;
#108 = VECTOR ( 'NONE', #2164, 1.000000000000000000 ) ;
#109 = DIRECTION ( 'NONE',  ( 1.000000000000000000, -0.000000000000000000, 0.000000000000000000 ) ) ;
#110 = CARTESIAN_POINT ( 'NONE',  ( -3.866957084846029513, 0.9899999999999983258, -0.8688465180732544146 ) ) ;
#111 = ORIENTED_EDGE ( 'NONE', *, *, #1638, .F. ) ;
#112 = ADVANCED_FACE ( 'NONE', ( #2092 ), #2545, .F. ) ;
#113 = DIRECTION ( 'NONE',  ( -0.000000000000000000, 1.000000000000000000, -0.000000000000000000 ) ) ;
#114 = ORIENTED_EDGE ( 'NONE', *, *, #361, .F. ) ;
#115 = VECTOR ( 'NONE', #2513, 1.000000000000000000 ) ;
#116 = EDGE_LOOP ( 'NONE', ( #644, #371, #1802, #1112 ) ) ;
#117 = CARTESIAN_POINT ( 'NONE',  ( 0.6167948635501689925, -0.8750000000000000000, -1.060000000000000053 ) ) ;
#118 = FACE_OUTER_BOUND ( 'NONE', #2447, .T. ) ;
#119 = FILL_AREA_STYLE ('',( #2622 ) ) ;
#120 = EDGE_CURVE ( 'NONE', #285, #1024, #2299, .T. ) ;
#121 = LINE ( 'NONE', #1583, #2281 ) ;
#122 = CARTESIAN_POINT ( 'NONE',  ( -5.576316527040903637, 0.9899999999999982148, -0.6600000000000008082 ) ) ;
#123 = VECTOR ( 'NONE', #2264, 1.000000000000000000 ) ;
#124 = ORIENTED_EDGE ( 'NONE', *, *, #1570, .T. ) ;
#125 = EDGE_CURVE ( 'NONE', #312, #737, #1803, .T. ) ;
#126 = CARTESIAN_POINT ( 'NONE',  ( -1.259562753036178795E-16, -1.190000000000001501, -0.6600000000000019185 ) ) ;
#127 = EDGE_LOOP ( 'NONE', ( #1062, #1900, #1501, #1764 ) ) ;
#128 = AXIS2_PLACEMENT_3D ( 'NONE', #1226, #2436, #591 ) ;
#129 = VERTEX_POINT ( 'NONE', #1680 ) ;
#130 = DIRECTION ( 'NONE',  ( 1.000000000000000000, 2.193033135062037489E-16, 0.000000000000000000 ) ) ;
#131 = PLANE ( 'NONE',  #1644 ) ;
#132 = FACE_BOUND ( 'NONE', #577, .T. ) ;
#133 = DIRECTION ( 'NONE',  ( 0.000000000000000000, 1.000000000000000000, -2.220446049250313081E-16 ) ) ;
#134 = VECTOR ( 'NONE', #113, 1.000000000000000000 ) ;
#135 = ORIENTED_EDGE ( 'NONE', *, *, #913, .F. ) ;
#136 = CIRCLE ( 'NONE', #173, 1.000000000000000000 ) ;
#137 = ORIENTED_EDGE ( 'NONE', *, *, #1799, .F. ) ;
#138 = ORIENTED_EDGE ( 'NONE', *, *, #1359, .F. ) ;
#139 = PLANE ( 'NONE',  #236 ) ;
#140 = DIRECTION ( 'NONE',  ( 0.000000000000000000, -1.000000000000000000, 0.000000000000000000 ) ) ;
#141 = APPLICATION_CONTEXT ( 'automotive_design' ) ;
#142 = FACE_BOUND ( 'NONE', #2144, .T. ) ;
#143 = CARTESIAN_POINT ( 'NONE',  ( -14.37500000000000000, 0.8000000000000000444, -0.9100000000000001421 ) ) ;
#144 = ADVANCED_FACE ( 'NONE', ( #631 ), #261, .F. ) ;
#145 = EDGE_CURVE ( 'NONE', #534, #209, #1244, .T. ) ;
#146 = ORIENTED_EDGE ( 'NONE', *, *, #721, .F. ) ;
#147 = LINE ( 'NONE', #1793, #1565 ) ;
#148 = EDGE_LOOP ( 'NONE', ( #520, #1484, #2541, #1957, #1699, #1023, #5, #2353 ) ) ;
#149 = ORIENTED_EDGE ( 'NONE', *, *, #477, .F. ) ;
#150 = AXIS2_PLACEMENT_3D ( 'NONE', #1285, #1036, #1855 ) ;
#151 = CARTESIAN_POINT ( 'NONE',  ( -14.17500000000000071, 1.189999999999997948, -0.9600000000000001865 ) ) ;
#152 = CARTESIAN_POINT ( 'NONE',  ( -28.96679486355017019, 0.8750000000000000000, -1.060000000000000053 ) ) ;
#153 = DIRECTION ( 'NONE',  ( -0.000000000000000000, -0.9854601157443477755, -0.1699069165076472210 ) ) ;
#154 = VECTOR ( 'NONE', #287, 1.000000000000000000 ) ;
#155 = EDGE_LOOP ( 'NONE', ( #1197, #720, #723, #998 ) ) ;
#156 = CYLINDRICAL_SURFACE ( 'NONE', #527, 0.07999999999999996003 ) ;
#157 = ORIENTED_EDGE ( 'NONE', *, *, #43, .F. ) ;
#158 = MANIFOLD_SOLID_BREP ( 'Specchia3', #654 ) ;
#159 = ORIENTED_EDGE ( 'NONE', *, *, #2331, .F. ) ;
#160 = EDGE_CURVE ( 'NONE', #1050, #2057, #1724, .T. ) ;
#161 = CARTESIAN_POINT ( 'NONE',  ( -26.40000000000000213, 1.189999999999998392, -0.9600000000000001865 ) ) ;
#162 = VECTOR ( 'NONE', #394, 1.000000000000000000 ) ;
#163 = EDGE_CURVE ( 'NONE', #851, #341, #1444, .T. ) ;
#164 = ORIENTED_EDGE ( 'NONE', *, *, #2410, .T. ) ;
#165 = DIRECTION ( 'NONE',  ( 0.000000000000000000, 0.000000000000000000, 1.000000000000000000 ) ) ;
#166 = CARTESIAN_POINT ( 'NONE',  ( -26.40000000000000213, -0.8999999999999999112, -0.9100000000000001421 ) ) ;
#167 = ORIENTED_EDGE ( 'NONE', *, *, #1386, .F. ) ;
#168 = AXIS2_PLACEMENT_3D ( 'NONE', #2444, #2006, #1415 ) ;
#169 = LINE ( 'NONE', #2628, #475 ) ;
#170 = ORIENTED_EDGE ( 'NONE', *, *, #961, .T. ) ;
#171 = VERTEX_POINT ( 'NONE', #872 ) ;
#172 = CARTESIAN_POINT ( 'NONE',  ( -1.950000000000000622, 0.2000000000000000111, -0.8250000000000000666 ) ) ;
#173 = AXIS2_PLACEMENT_3D ( 'NONE', #626, #1212, #558 ) ;
#174 = DIRECTION ( 'NONE',  ( 1.000000000000000000, -3.132904478660053556E-17, -0.000000000000000000 ) ) ;
#175 = DIRECTION ( 'NONE',  ( -1.000000000000000000, -2.193033135062037489E-16, 0.000000000000000000 ) ) ;
#176 = DIRECTION ( 'NONE',  ( 0.000000000000000000, 0.000000000000000000, 1.000000000000000000 ) ) ;
#177 = ORIENTED_EDGE ( 'NONE', *, *, #2481, .T. ) ;
#178 = VECTOR ( 'NONE', #1965, 1.000000000000000000 ) ;
#179 = DIRECTION ( 'NONE',  ( 0.000000000000000000, 0.000000000000000000, 1.000000000000000000 ) ) ;
#180 = DIRECTION ( 'NONE',  ( 0.000000000000000000, 0.000000000000000000, -1.000000000000000000 ) ) ;
#181 = ORIENTED_EDGE ( 'NONE', *, *, #963, .F. ) ;
#182 = SPHERICAL_SURFACE ( 'NONE', #128, 1.000000000000000000 ) ;
#183 = ORIENTED_EDGE ( 'NONE', *, *, #1543, .F. ) ;
#184 = CARTESIAN_POINT ( 'NONE',  ( -28.35000000000000142, -0.8750000000000000000, -1.060000000000000053 ) ) ;
#185 = LINE ( 'NONE', #2245, #1701 ) ;
#186 = FACE_OUTER_BOUND ( 'NONE', #789, .T. ) ;
#187 = EDGE_CURVE ( 'NONE', #705, #1659, #2137, .T. ) ;
#188 = EDGE_CURVE ( 'NONE', #1318, #2524, #413, .T. ) ;
#189 = EDGE_CURVE ( 'NONE', #2565, #316, #1492, .T. ) ;
#190 = FACE_OUTER_BOUND ( 'NONE', #2298, .T. ) ;
#191 = FACE_OUTER_BOUND ( 'NONE', #1566, .T. ) ;
#192 = ORIENTED_EDGE ( 'NONE', *, *, #1824, .F. ) ;
#193 = ADVANCED_FACE ( 'NONE', ( #506 ), #492, .T. ) ;
#194 = VERTEX_POINT ( 'NONE', #2150 ) ;
#195 = DIRECTION ( 'NONE',  ( -3.132904478660053556E-17, 1.000000000000000000, -0.000000000000000000 ) ) ;
#196 = CARTESIAN_POINT ( 'NONE',  ( -2.350000000000000533, 1.189999999999998392, -0.9600000000000001865 ) ) ;
#197 = DIRECTION ( 'NONE',  ( 0.000000000000000000, -1.000000000000000000, 0.000000000000000000 ) ) ;
#198 = DIRECTION ( 'NONE',  ( 0.000000000000000000, -0.9854601157443477755, 0.1699069165076472210 ) ) ;
#199 = AXIS2_PLACEMENT_3D ( 'NONE', #700, #2330, #1525 ) ;
#200 = VECTOR ( 'NONE', #2483, 1.000000000000000000 ) ;
#201 = UNCERTAINTY_MEASURE_WITH_UNIT (LENGTH_MEASURE( 1.000000000000000082E-05 ), #1178, 'distance_accuracy_value', 'NONE');
#202 = DIRECTION ( 'NONE',  ( 1.224646799147353207E-16, 1.000000000000000000, 0.000000000000000000 ) ) ;
#203 = CARTESIAN_POINT ( 'NONE',  ( -27.97000000000000242, 0.8750000000000000000, -1.060000000000000053 ) ) ;
#204 = AXIS2_PLACEMENT_3D ( 'NONE', #35, #429, #460 ) ;
#205 = EDGE_LOOP ( 'NONE', ( #1287, #2482, #2319, #1081 ) ) ;
#206 = DIRECTION ( 'NONE',  ( 0.000000000000000000, 0.000000000000000000, -1.000000000000000000 ) ) ;
#207 = CARTESIAN_POINT ( 'NONE',  ( 0.6167948635501689925, -0.9549999999999998490, -1.060000000000000053 ) ) ;
#208 = ORIENTED_EDGE ( 'NONE', *, *, #4, .T. ) ;
#209 = VERTEX_POINT ( 'NONE', #727 ) ;
#210 = AXIS2_PLACEMENT_3D ( 'NONE', #2346, #1051, #1450 ) ;
#211 = LINE ( 'NONE', #1859, #1557 ) ;
#212 = VECTOR ( 'NONE', #1192, 1.000000000000000000 ) ;
#213 = ORIENTED_EDGE ( 'NONE', *, *, #1564, .F. ) ;
#214 = DIRECTION ( 'NONE',  ( 0.000000000000000000, -1.000000000000000000, 0.000000000000000000 ) ) ;
#215 = CYLINDRICAL_SURFACE ( 'NONE', #248, 6.000000000000000000 ) ;
#216 = AXIS2_PLACEMENT_3D ( 'NONE', #2574, #2399, #304 ) ;
#217 = CARTESIAN_POINT ( 'NONE',  ( -25.52493198115551465, -0.9899999999999991029, -0.9600000000000015188 ) ) ;
#218 = EDGE_CURVE ( 'NONE', #1665, #473, #1117, .T. ) ;
#219 = DIRECTION ( 'NONE',  ( 0.000000000000000000, -0.9854601157443477755, -0.1699069165076472210 ) ) ;
#220 = ORIENTED_EDGE ( 'NONE', *, *, #1276, .T. ) ;
#221 = EDGE_CURVE ( 'NONE', #1814, #966, #91, .T. ) ;
#222 = FACE_OUTER_BOUND ( 'NONE', #2341, .T. ) ;
#223 = PLANE ( 'NONE',  #651 ) ;
#224 = EDGE_LOOP ( 'NONE', ( #2477, #1784, #149, #2653 ) ) ;
#225 = ORIENTED_EDGE ( 'NONE', *, *, #2379, .F. ) ;
#226 = AXIS2_PLACEMENT_3D ( 'NONE', #2356, #1941, #2587 ) ;
#227 = CARTESIAN_POINT ( 'NONE',  ( -1.950000000000000622, 0.8999999999999999112, -0.9100000000000001421 ) ) ;
#228 = ORIENTED_EDGE ( 'NONE', *, *, #218, .F. ) ;
#229 = EDGE_CURVE ( 'NONE', #1814, #2494, #1143, .T. ) ;
#230 = FACE_OUTER_BOUND ( 'NONE', #82, .T. ) ;
#231 = FACE_OUTER_BOUND ( 'NONE', #271, .T. ) ;
#232 = CARTESIAN_POINT ( 'NONE',  ( -14.17500000000000071, 1.189999999999997948, -0.9600000000000001865 ) ) ;
#233 = EDGE_CURVE ( 'NONE', #1249, #1024, #104, .T. ) ;
#234 = VERTEX_POINT ( 'NONE', #1319 ) ;
#235 = DIRECTION ( 'NONE',  ( -1.000000000000000000, -2.193033135062037489E-16, 1.633773012826316475E-16 ) ) ;
#236 = AXIS2_PLACEMENT_3D ( 'NONE', #1778, #2611, #303 ) ;
#237 = VERTEX_POINT ( 'NONE', #2385 ) ;
#238 = DIRECTION ( 'NONE',  ( 1.000000000000000000, 2.193033135062037489E-16, 0.000000000000000000 ) ) ;
#239 = CARTESIAN_POINT ( 'NONE',  ( -1.950000000000000622, -0.2000000000000000111, -0.8250000000000000666 ) ) ;
#240 = VERTEX_POINT ( 'NONE', #1536 ) ;
#241 = ORIENTED_EDGE ( 'NONE', *, *, #2474, .F. ) ;
#242 = LINE ( 'NONE', #425, #2543 ) ;
#243 = EDGE_CURVE ( 'NONE', #2136, #490, #1967, .T. ) ;
#244 = ORIENTED_EDGE ( 'NONE', *, *, #2207, .T. ) ;
#245 = FILL_AREA_STYLE ('',( #2106 ) ) ;
#246 = PLANE ( 'NONE',  #2488 ) ;
#247 = CARTESIAN_POINT ( 'NONE',  ( -10.30804291515398141, 0.9899999999999981037, -0.8688465180732555249 ) ) ;
#248 = AXIS2_PLACEMENT_3D ( 'NONE', #1460, #462, #1060 ) ;
#249 = CARTESIAN_POINT ( 'NONE',  ( -26.40000000000000213, -0.8000000000000000444, -0.9100000000000001421 ) ) ;
#250 = ORIENTED_EDGE ( 'NONE', *, *, #411, .F. ) ;
#251 = VECTOR ( 'NONE', #2169, 1.000000000000000000 ) ;
#252 = LINE ( 'NONE', #2345, #767 ) ;
#253 = CIRCLE ( 'NONE', #1839, 6.000000000000000000 ) ;
#254 = ORIENTED_EDGE ( 'NONE', *, *, #1118, .F. ) ;
#255 = FACE_OUTER_BOUND ( 'NONE', #1255, .T. ) ;
#256 = DIRECTION ( 'NONE',  ( 0.000000000000000000, -1.000000000000000000, 0.000000000000000000 ) ) ;
#257 = ORIENTED_EDGE ( 'NONE', *, *, #1671, .T. ) ;
#258 = ORIENTED_EDGE ( 'NONE', *, *, #411, .T. ) ;
#259 = DIRECTION ( 'NONE',  ( -1.000000000000000000, 0.000000000000000000, 0.000000000000000000 ) ) ;
#260 = ORIENTED_EDGE ( 'NONE', *, *, #2239, .F. ) ;
#261 = PLANE ( 'NONE',  #1341 ) ;
#262 = AXIS2_PLACEMENT_3D ( 'NONE', #708, #1356, #517 ) ;
#263 = LINE ( 'NONE', #1091, #2409 ) ;
#264 = PLANE ( 'NONE',  #1983 ) ;
#265 = LINE ( 'NONE', #1556, #1938 ) ;
#266 = DIRECTION ( 'NONE',  ( -1.000000000000000000, 2.193033135062037489E-16, 0.000000000000000000 ) ) ;
#267 = EDGE_CURVE ( 'NONE', #129, #1674, #290, .T. ) ;
#268 = CARTESIAN_POINT ( 'NONE',  ( -23.81557253896063742, 1.189999999999998392, -0.7511534819267454699 ) ) ;
#269 = DIRECTION ( 'NONE',  ( -1.000000000000000000, 0.000000000000000000, 1.908428413691174465E-16 ) ) ;
#270 = ORIENTED_EDGE ( 'NONE', *, *, #870, .F. ) ;
#271 = EDGE_LOOP ( 'NONE', ( #604, #244, #1271, #1676 ) ) ;
#272 = FACE_OUTER_BOUND ( 'NONE', #2088, .T. ) ;
#273 = ORIENTED_EDGE ( 'NONE', *, *, #2434, .T. ) ;
#274 = AXIS2_PLACEMENT_3D ( 'NONE', #1835, #2206, #2440 ) ;
#275 = FACE_OUTER_BOUND ( 'NONE', #1275, .T. ) ;
#276 = DIRECTION ( 'NONE',  ( 0.000000000000000000, -0.9901138386947148096, -0.1402661271484180183 ) ) ;
#277 = PLANE ( 'NONE',  #8 ) ;
#278 = DIRECTION ( 'NONE',  ( 0.000000000000000000, -1.224646799147353207E-16, -1.000000000000000000 ) ) ;
#279 = ADVANCED_FACE ( 'NONE', ( #1521 ), #1752, .T. ) ;
#281 = EDGE_CURVE ( 'NONE', #1200, #551, #2184, .T. ) ;
#280 = AXIS2_PLACEMENT_3D ( 'NONE', #77, #1522, #714 ) ;
#282 = LINE ( 'NONE', #485, #451 ) ;
#283 = CARTESIAN_POINT ( 'NONE',  ( -8.598683472959097074, 0.9899999999999982148, -0.6600000000000002531 ) ) ;
#284 = ORIENTED_EDGE ( 'NONE', *, *, #764, .F. ) ;
#286 = EDGE_CURVE ( 'NONE', #73, #473, #731, .T. ) ;
#285 = VERTEX_POINT ( 'NONE', #1945 ) ;
#287 = DIRECTION ( 'NONE',  ( 0.000000000000000000, -0.9901138386947149206, -0.1402661271484180461 ) ) ;
#288 = EDGE_LOOP ( 'NONE', ( #89, #428, #1172, #1038, #2199, #952, #1469, #330 ) ) ;
#289 = ORIENTED_EDGE ( 'NONE', *, *, #2362, .T. ) ;
#290 = LINE ( 'NONE', #302, #1531 ) ;
#291 = DIRECTION ( 'NONE',  ( 0.000000000000000000, 1.224646799147353207E-16, -1.000000000000000000 ) ) ;
#292 = CARTESIAN_POINT ( 'NONE',  ( -2.825068018844486328, 0.9899999999999983258, -0.9600000000000015188 ) ) ;
#293 = LINE ( 'NONE', #2140, #633 ) ;
#294 = DIRECTION ( 'NONE',  ( 0.000000000000000000, -1.000000000000000000, -2.220446049250313081E-16 ) ) ;
#295 = DIRECTION ( 'NONE',  ( 1.224646799147353207E-16, -1.000000000000000000, 0.000000000000000000 ) ) ;
#296 = LINE ( 'NONE', #1124, #2658 ) ;
#297 = ORIENTED_EDGE ( 'NONE', *, *, #1448, .T. ) ;
#298 = VERTEX_POINT ( 'NONE', #2205 ) ;
#299 = CARTESIAN_POINT ( 'NONE',  ( -0.3800000000000000044, 0.8750000000000000000, -1.060000000000000053 ) ) ;
#300 = VERTEX_POINT ( 'NONE', #307 ) ;
#301 = EDGE_LOOP ( 'NONE', ( #579, #457, #2321, #1530 ) ) ;
#302 = CARTESIAN_POINT ( 'NONE',  ( -26.00000000000000000, -0.8000000000000000444, -0.9100000000000001421 ) ) ;
#303 = DIRECTION ( 'NONE',  ( -1.000000000000000000, 0.000000000000000000, 0.000000000000000000 ) ) ;
#304 = DIRECTION ( 'NONE',  ( 0.000000000000000000, 0.000000000000000000, -1.000000000000000000 ) ) ;
#305 = LINE ( 'NONE', #320, #734 ) ;
#306 = CIRCLE ( 'NONE', #424, 0.07999999999999996003 ) ;
#307 = CARTESIAN_POINT ( 'NONE',  ( -9.640572538960642035, -0.9900000000000014344, -0.7511534819267455809 ) ) ;
#308 = CARTESIAN_POINT ( 'NONE',  ( -1.810428895881361865E-15, -0.9899999999999984368, -0.6600000000000019185 ) ) ;
#309 = ADVANCED_FACE ( 'NONE', ( #2373 ), #2613, .F. ) ;
#310 = ADVANCED_FACE ( 'NONE', ( #132, #142, #344 ), #1339, .F. ) ;
#311 = CIRCLE ( 'NONE', #1812, 0.07999999999999996003 ) ;
#312 = VERTEX_POINT ( 'NONE', #2425 ) ;
#313 = CARTESIAN_POINT ( 'NONE',  ( -17.00006801884448038, 1.189999999999997948, 5.040000000000000036 ) ) ;
#314 = ORIENTED_EDGE ( 'NONE', *, *, #1720, .T. ) ;
#315 = EDGE_CURVE ( 'NONE', #234, #1691, #1940, .T. ) ;
#316 = VERTEX_POINT ( 'NONE', #549 ) ;
#317 = CARTESIAN_POINT ( 'NONE',  ( -1.950000000000000622, -0.8000000000000000444, -0.9100000000000001421 ) ) ;
#318 = CARTESIAN_POINT ( 'NONE',  ( -26.00000000000000000, 0.2000000000000000111, -0.8250000000000000666 ) ) ;
#319 = DIRECTION ( 'NONE',  ( -3.132904478660053556E-17, 1.000000000000000000, -0.000000000000000000 ) ) ;
#320 = CARTESIAN_POINT ( 'NONE',  ( -18.04195708484602179, 1.189999999999998392, -0.8688465180732555249 ) ) ;
#321 = AXIS2_PLACEMENT_3D ( 'NONE', #1157, #278, #133 ) ;
#322 = ADVANCED_FACE ( 'NONE', ( #1758 ), #2591, .T. ) ;
#323 = CARTESIAN_POINT ( 'NONE',  ( -2.914659381970696644E-16, 1.189999999999998392, -0.9600000000000001865 ) ) ;
#324 = DIRECTION ( 'NONE',  ( 0.000000000000000000, 0.000000000000000000, 1.000000000000000000 ) ) ;
#325 = EDGE_CURVE ( 'NONE', #2510, #2237, #1374, .T. ) ;
#326 = ADVANCED_FACE ( 'NONE', ( #756 ), #770, .T. ) ;
#327 = EDGE_LOOP ( 'NONE', ( #1187, #456, #2607, #1751, #61, #18, #955, #2676 ) ) ;
#328 = CARTESIAN_POINT ( 'NONE',  ( 0.6167948635501689925, -0.7950000000000001510, -1.060000000000000053 ) ) ;
#329 = ORIENTED_EDGE ( 'NONE', *, *, #187, .F. ) ;
#330 = ORIENTED_EDGE ( 'NONE', *, *, #2485, .T. ) ;
#331 = CARTESIAN_POINT ( 'NONE',  ( -22.77368347295909956, 1.189999999999998392, -0.6600000000000008082 ) ) ;
#332 = CARTESIAN_POINT ( 'NONE',  ( -10.30804291515397786, 1.189999999999998392, -0.8688465180732550808 ) ) ;
#333 = CIRCLE ( 'NONE', #2129, 0.07999999999999996003 ) ;
#334 = DIRECTION ( 'NONE',  ( 0.000000000000000000, -0.000000000000000000, 1.000000000000000000 ) ) ;
#335 = DIRECTION ( 'NONE',  ( -2.193033135062037489E-16, 1.000000000000000000, 0.000000000000000000 ) ) ;
#336 = ORIENTED_EDGE ( 'NONE', *, *, #375, .T. ) ;
#337 = DIRECTION ( 'NONE',  ( -1.000000000000000000, 2.193033135062037489E-16, 0.000000000000000000 ) ) ;
#338 = ORIENTED_EDGE ( 'NONE', *, *, #839, .T. ) ;
#339 = VECTOR ( 'NONE', #2062, 1.000000000000000000 ) ;
#340 = VECTOR ( 'NONE', #1832, 1.000000000000000000 ) ;
#341 = VERTEX_POINT ( 'NONE', #2171 ) ;
#342 = CARTESIAN_POINT ( 'NONE',  ( -13.97500000000000142, 0.8000000000000000444, -0.9100000000000001421 ) ) ;
#343 = CARTESIAN_POINT ( 'NONE',  ( 0.6167948635501689925, 0.9549999999999998490, -1.060000000000000053 ) ) ;
#344 = FACE_OUTER_BOUND ( 'NONE', #2392, .T. ) ;
#345 = LINE ( 'NONE', #1789, #538 ) ;
#346 = AXIS2_PLACEMENT_3D ( 'NONE', #1353, #2402, #2172 ) ;
#347 = ORIENTED_EDGE ( 'NONE', *, *, #2239, .T. ) ;
#348 = LINE ( 'NONE', #1993, #1465 ) ;
#349 = ORIENTED_EDGE ( 'NONE', *, *, #2005, .F. ) ;
#350 = EDGE_CURVE ( 'NONE', #470, #1708, #121, .T. ) ;
#351 = ORIENTED_EDGE ( 'NONE', *, *, #1817, .F. ) ;
#352 = FACE_OUTER_BOUND ( 'NONE', #912, .T. ) ;
#353 = DIRECTION ( 'NONE',  ( 0.000000000000000000, -1.000000000000000000, 0.000000000000000000 ) ) ;
#354 = LINE ( 'NONE', #550, #886 ) ;
#355 =( GEOMETRIC_REPRESENTATION_CONTEXT ( 3 ) GLOBAL_UNCERTAINTY_ASSIGNED_CONTEXT ( ( #634 ) ) GLOBAL_UNIT_ASSIGNED_CONTEXT ( ( #2558, #1259, #1506 ) ) REPRESENTATION_CONTEXT ( 'NONE', 'WORKASPACE' ) );
#356 = EDGE_CURVE ( 'NONE', #1994, #1409, #1771, .T. ) ;
#357 = ORIENTED_EDGE ( 'NONE', *, *, #1080, .F. ) ;
#358 = EDGE_CURVE ( 'NONE', #2209, #1466, #908, .T. ) ;
#359 = DIRECTION ( 'NONE',  ( -1.000000000000000000, 0.000000000000000000, 0.000000000000000000 ) ) ;
#360 = ORIENTED_EDGE ( 'NONE', *, *, #2130, .T. ) ;
#361 = EDGE_CURVE ( 'NONE', #586, #1223, #1377, .T. ) ;
#362 = VERTEX_POINT ( 'NONE', #970 ) ;
#363 = CIRCLE ( 'NONE', #2585, 6.000000000000000888 ) ;
#364 = DIRECTION ( 'NONE',  ( 1.000000000000000000, 3.700743415417188263E-17, 1.776356839400250465E-14 ) ) ;
#365 = DIRECTION ( 'NONE',  ( -0.000000000000000000, 1.000000000000000000, -0.000000000000000000 ) ) ;
#366 = CARTESIAN_POINT ( 'NONE',  ( -24.48304291515397324, -1.190000000000001501, -0.8688465180732546367 ) ) ;
#367 = CARTESIAN_POINT ( 'NONE',  ( -26.40000000000000213, -0.8999999999999999112, -0.9100000000000001421 ) ) ;
#368 = CIRCLE ( 'NONE', #1497, 0.07999999999999996003 ) ;
#369 = ORIENTED_EDGE ( 'NONE', *, *, #395, .F. ) ;
#370 = LINE ( 'NONE', #784, #1248 ) ;
#371 = ORIENTED_EDGE ( 'NONE', *, *, #1590, .F. ) ;
#372 = VECTOR ( 'NONE', #2053, 1.000000000000000000 ) ;
#373 = EDGE_LOOP ( 'NONE', ( #58, #541, #2097, #2396 ) ) ;
#374 = PRODUCT_DEFINITION_SHAPE ( 'NONE', 'NONE',  #1254 ) ;
#375 = EDGE_CURVE ( 'NONE', #1971, #636, #1160, .T. ) ;
#376 = LINE ( 'NONE', #172, #1338 ) ;
#377 = CIRCLE ( 'NONE', #515, 1.000000000000000000 ) ;
#378 = ORIENTED_EDGE ( 'NONE', *, *, #1345, .F. ) ;
#379 = PLANE ( 'NONE',  #555 ) ;
#380 = PLANE ( 'NONE',  #65 ) ;
#381 = ORIENTED_EDGE ( 'NONE', *, *, #1315, .F. ) ;
#382 = VECTOR ( 'NONE', #238, 1.000000000000000000 ) ;
#383 = DIRECTION ( 'NONE',  ( 0.000000000000000000, -0.1402661271484180461, -0.9901138386947149206 ) ) ;
#384 = DIRECTION ( 'NONE',  ( 1.000000000000000000, -2.193033135062037489E-16, 1.633773012826316475E-16 ) ) ;
#385 = ORIENTED_EDGE ( 'NONE', *, *, #2410, .F. ) ;
#386 = LINE ( 'NONE', #2663, #2204 ) ;
#387 = EDGE_CURVE ( 'NONE', #2640, #1064, #1598, .T. ) ;
#388 = VECTOR ( 'NONE', #1553, 1.000000000000000000 ) ;
#389 = VERTEX_POINT ( 'NONE', #1788 ) ;
#390 = VECTOR ( 'NONE', #2074, 1.000000000000000000 ) ;
#391 = CARTESIAN_POINT ( 'NONE',  ( -1.950000000000001066, -1.189999999999998836, -0.9600000000000001865 ) ) ;
#392 = CARTESIAN_POINT ( 'NONE',  ( -23.81557253896063742, -0.9900000000000002132, -0.7511534819267455809 ) ) ;
#393 = ADVANCED_FACE ( 'NONE', ( #1122 ), #1742, .F. ) ;
#394 = DIRECTION ( 'NONE',  ( 1.000000000000000000, -0.000000000000000000, -0.000000000000000000 ) ) ;
#395 = EDGE_CURVE ( 'NONE', #439, #1816, #2012, .T. ) ;
#396 = FACE_OUTER_BOUND ( 'NONE', #1125, .T. ) ;
#397 = CARTESIAN_POINT ( 'NONE',  ( -0.1622440211999303383, -1.190000000000001501, 0.9201315677728726383 ) ) ;
#398 = ORIENTED_EDGE ( 'NONE', *, *, #2221, .T. ) ;
#399 = DIRECTION ( 'NONE',  ( -1.000000000000000000, -0.000000000000000000, -0.000000000000000000 ) ) ;
#400 = VECTOR ( 'NONE', #1499, 1.000000000000000222 ) ;
#401 = DIRECTION ( 'NONE',  ( 0.000000000000000000, 0.000000000000000000, -1.000000000000000000 ) ) ;
#402 = DIRECTION ( 'NONE',  ( -2.193033135062037489E-16, 1.000000000000000000, 0.000000000000000000 ) ) ;
#403 = CARTESIAN_POINT ( 'NONE',  ( -26.40000000000000213, 1.189999999999998392, -0.9600000000000001865 ) ) ;
#404 = DIRECTION ( 'NONE',  ( -1.000000000000000000, -2.220446049250312834E-16, 0.000000000000000000 ) ) ;
#405 = AXIS2_PLACEMENT_3D ( 'NONE', #1063, #2098, #1670 ) ;
#406 = DIRECTION ( 'NONE',  ( -0.000000000000000000, 1.000000000000000000, -0.000000000000000000 ) ) ;
#407 = CYLINDRICAL_SURFACE ( 'NONE', #1852, 5.999999999999999112 ) ;
#408 = ORIENTED_EDGE ( 'NONE', *, *, #887, .T. ) ;
#409 = ORIENTED_EDGE ( 'NONE', *, *, #1512, .F. ) ;
#410 = LINE ( 'NONE', #2479, #2383 ) ;
#411 = EDGE_CURVE ( 'NONE', #776, #1367, #1399, .T. ) ;
#412 = CARTESIAN_POINT ( 'NONE',  ( -28.35000000000000142, -0.8750000000000000000, -0.9800000000000000933 ) ) ;
#413 = LINE ( 'NONE', #2075, #1177 ) ;
#414 = DIRECTION ( 'NONE',  ( -3.132904478660053556E-17, -1.000000000000000000, 0.000000000000000000 ) ) ;
#415 = AXIS2_PLACEMENT_3D ( 'NONE', #716, #561, #959 ) ;
#416 = EDGE_CURVE ( 'NONE', #1440, #1691, #688, .T. ) ;
#417 = CARTESIAN_POINT ( 'NONE',  ( -5.576316527040904525, -0.9899999999999995470, -6.660000000000001030 ) ) ;
#418 = CARTESIAN_POINT ( 'NONE',  ( -14.17500000000000071, -1.190000000000001501, -0.9600000000000001865 ) ) ;
#419 = ORIENTED_EDGE ( 'NONE', *, *, #2, .F. ) ;
#420 = DIRECTION ( 'NONE',  ( 0.000000000000000000, 1.000000000000000000, 0.000000000000000000 ) ) ;
#421 = DIRECTION ( 'NONE',  ( 0.000000000000000000, 1.000000000000000000, 0.000000000000000000 ) ) ;
#422 = VERTEX_POINT ( 'NONE', #1419 ) ;
#423 = ORIENTED_EDGE ( 'NONE', *, *, #2415, .T. ) ;
#424 = AXIS2_PLACEMENT_3D ( 'NONE', #953, #1369, #2364 ) ;
#425 = CARTESIAN_POINT ( 'NONE',  ( 1.146826704932026264E-16, 0.9899999999999984368, -0.6600000000000019185 ) ) ;
#426 = ADVANCED_FACE ( 'NONE', ( #2025 ), #2244, .F. ) ;
#427 = AXIS2_PLACEMENT_3D ( 'NONE', #717, #1123, #1990 ) ;
#428 = ORIENTED_EDGE ( 'NONE', *, *, #188, .T. ) ;
#429 = DIRECTION ( 'NONE',  ( 3.132904478660053556E-17, 1.000000000000000000, -0.000000000000000000 ) ) ;
#430 = CARTESIAN_POINT ( 'NONE',  ( -23.81557253896063742, 0.9899999999999983258, -0.7511534819267452479 ) ) ;
#431 = DIRECTION ( 'NONE',  ( 1.000000000000000000, 3.700743415417188263E-17, 1.243449787580175325E-14 ) ) ;
#432 = VECTOR ( 'NONE', #12, 1.000000000000000000 ) ;
#433 = CYLINDRICAL_SURFACE ( 'NONE', #986, 6.000000000000000000 ) ;
#434 = VERTEX_POINT ( 'NONE', #816 ) ;
#435 = CARTESIAN_POINT ( 'NONE',  ( -26.40000000000000213, 0.8999999999999999112, -0.9100000000000001421 ) ) ;
#436 = ORIENTED_EDGE ( 'NONE', *, *, #1325, .F. ) ;
#437 = CARTESIAN_POINT ( 'NONE',  ( -28.18775597880006956, -0.9899999999999993250, 0.9201315677728723053 ) ) ;
#438 = FACE_OUTER_BOUND ( 'NONE', #1302, .T. ) ;
#439 = VERTEX_POINT ( 'NONE', #1618 ) ;
#440 = ADVANCED_FACE ( 'NONE', ( #2656 ), #379, .T. ) ;
#441 = ORIENTED_EDGE ( 'NONE', *, *, #909, .F. ) ;
#442 = DIRECTION ( 'NONE',  ( -3.132904478660053556E-17, -1.000000000000000000, 0.000000000000000000 ) ) ;
#443 = EDGE_CURVE ( 'NONE', #2637, #2376, #699, .T. ) ;
#444 = EDGE_LOOP ( 'NONE', ( #1284, #1115, #1679, #2431, #2232 ) ) ;
#445 = SURFACE_SIDE_STYLE ('',( #2290 ) ) ;
#446 = CARTESIAN_POINT ( 'NONE',  ( -2.825068018844486328, -0.9899999999999991029, -0.9600000000000015188 ) ) ;
#447 = CARTESIAN_POINT ( 'NONE',  ( -14.37500000000000000, -0.2000000000000000111, -0.8250000000000000666 ) ) ;
#448 = DIRECTION ( 'NONE',  ( -1.000000000000000000, 0.000000000000000000, 0.000000000000000000 ) ) ;
#449 = ORIENTED_EDGE ( 'NONE', *, *, #229, .T. ) ;
#450 = DIRECTION ( 'NONE',  ( 0.000000000000000000, 0.9901138386947148096, 0.1402661271484180183 ) ) ;
#451 = VECTOR ( 'NONE', #1110, 1.000000000000000000 ) ;
#452 = ORIENTED_EDGE ( 'NONE', *, *, #1854, .T. ) ;
#453 = AXIS2_PLACEMENT_3D ( 'NONE', #687, #620, #2517 ) ;
#454 = CARTESIAN_POINT ( 'NONE',  ( 0.000000000000000000, -0.8750000000000000000, -0.9800000000000000933 ) ) ;
#455 = DIRECTION ( 'NONE',  ( -0.1736481776669237809, 0.000000000000000000, -0.9848077530122093526 ) ) ;
#456 = ORIENTED_EDGE ( 'NONE', *, *, #788, .F. ) ;
#457 = ORIENTED_EDGE ( 'NONE', *, *, #1435, .T. ) ;
#458 = DIRECTION ( 'NONE',  ( 0.000000000000000000, -1.000000000000000000, 0.000000000000000000 ) ) ;
#459 = EDGE_LOOP ( 'NONE', ( #270, #1015, #674, #2243 ) ) ;
#460 = DIRECTION ( 'NONE',  ( -1.000000000000000000, 3.700743415417188263E-17, 0.000000000000000000 ) ) ;
#461 = CARTESIAN_POINT ( 'NONE',  ( -1.950000000000000622, 0.8000000000000000444, -0.9100000000000001421 ) ) ;
#462 = DIRECTION ( 'NONE',  ( 0.000000000000000000, -1.000000000000000000, 0.000000000000000000 ) ) ;
#463 = AXIS2_PLACEMENT_3D ( 'NONE', #1207, #575, #779 ) ;
#464 = LINE ( 'NONE', #1297, #2423 ) ;
#465 = ORIENTED_EDGE ( 'NONE', *, *, #1428, .F. ) ;
#466 = DIRECTION ( 'NONE',  ( -0.000000000000000000, 1.000000000000000000, -0.000000000000000000 ) ) ;
#467 = AXIS2_PLACEMENT_3D ( 'NONE', #1241, #1649, #1188 ) ;
#468 = CARTESIAN_POINT ( 'NONE',  ( -4.534427461039362228, 1.189999999999998392, -0.7511534819267454699 ) ) ;
#469 = FACE_OUTER_BOUND ( 'NONE', #1329, .T. ) ;
#470 = VERTEX_POINT ( 'NONE', #366 ) ;
#471 = ORIENTED_EDGE ( 'NONE', *, *, #325, .F. ) ;
#472 = CARTESIAN_POINT ( 'NONE',  ( -8.598683472959097074, -0.9900000000000003242, -0.6600000000000002531 ) ) ;
#473 = VERTEX_POINT ( 'NONE', #1606 ) ;
#474 = CARTESIAN_POINT ( 'NONE',  ( -28.35000000000000142, 0.8750000000000000000, -0.9800000000000000933 ) ) ;
#475 = VECTOR ( 'NONE', #1633, 1.000000000000000222 ) ;
#476 = CARTESIAN_POINT ( 'NONE',  ( -17.00006801884448038, -1.190000000000000835, -0.9600000000000001865 ) ) ;
#477 = EDGE_CURVE ( 'NONE', #240, #1805, #2051, .T. ) ;
#478 = LINE ( 'NONE', #2182, #1042 ) ;
#479 = APPLICATION_PROTOCOL_DEFINITION ( 'draft international standard', 'automotive_design', 1998, #2496 ) ;
#480 = ADVANCED_FACE ( 'NONE', ( #1006 ), #1810, .F. ) ;
#481 = VECTOR ( 'NONE', #957, 1.000000000000000000 ) ;
#482 = DIRECTION ( 'NONE',  ( 0.000000000000000000, 0.000000000000000000, -1.000000000000000000 ) ) ;
#483 = EDGE_CURVE ( 'NONE', #1050, #988, #2641, .T. ) ;
#484 = ADVANCED_FACE ( 'NONE', ( #2460 ), #778, .F. ) ;
#485 = CARTESIAN_POINT ( 'NONE',  ( 0.000000000000000000, 0.8750000000000000000, -1.140000000000000124 ) ) ;
#486 = CARTESIAN_POINT ( 'NONE',  ( -28.35000000000000142, 1.189999999999998392, -0.9600000000000001865 ) ) ;
#487 = ORIENTED_EDGE ( 'NONE', *, *, #762, .T. ) ;
#488 = ORIENTED_EDGE ( 'NONE', *, *, #1325, .T. ) ;
#489 = DIRECTION ( 'NONE',  ( 0.000000000000000000, 0.000000000000000000, 1.000000000000000000 ) ) ;
#490 = VERTEX_POINT ( 'NONE', #2439 ) ;
#491 = ORIENTED_EDGE ( 'NONE', *, *, #1008, .F. ) ;
#492 = CYLINDRICAL_SURFACE ( 'NONE', #15, 6.000000000000000000 ) ;
#493 = DIRECTION ( 'NONE',  ( -1.000000000000000000, -0.000000000000000000, -0.000000000000000000 ) ) ;
#494 = DIRECTION ( 'NONE',  ( -1.000000000000000000, -3.132904478660053556E-17, -0.000000000000000000 ) ) ;
#495 = CARTESIAN_POINT ( 'NONE',  ( -13.97500000000000142, -0.8999999999999999112, -0.9100000000000001421 ) ) ;
#496 = CARTESIAN_POINT ( 'NONE',  ( -2.825068018844486328, 0.000000000000000000, -0.9600000000000001865 ) ) ;
#497 = ADVANCED_FACE ( 'NONE', ( #2254 ), #574, .F. ) ;
#498 = VECTOR ( 'NONE', #1592, 1.000000000000000000 ) ;
#499 = PLANE ( 'NONE',  #1877 ) ;
#500 = VERTEX_POINT ( 'NONE', #391 ) ;
#501 = ORIENTED_EDGE ( 'NONE', *, *, #989, .T. ) ;
#502 = DIRECTION ( 'NONE',  ( 3.132904478660053556E-17, 1.000000000000000000, -0.000000000000000000 ) ) ;
#503 = ORIENTED_EDGE ( 'NONE', *, *, #221, .T. ) ;
#504 = AXIS2_PLACEMENT_3D ( 'NONE', #227, #2135, #646 ) ;
#505 = ORIENTED_EDGE ( 'NONE', *, *, #583, .T. ) ;
#506 = FACE_OUTER_BOUND ( 'NONE', #2551, .T. ) ;
#507 = DIRECTION ( 'NONE',  ( -1.000000000000000000, -2.220446049250312834E-16, -1.154631945610162644E-14 ) ) ;
#508 = FACE_OUTER_BOUND ( 'NONE', #2489, .T. ) ;
#509 = EDGE_CURVE ( 'NONE', #2190, #2494, #2646, .T. ) ;
#510 = DIRECTION ( 'NONE',  ( 0.9848077530122093526, 0.000000000000000000, -0.1736481776669235033 ) ) ;
#511 = FACE_BOUND ( 'NONE', #1069, .T. ) ;
#512 = CIRCLE ( 'NONE', #2022, 6.000000000000000000 ) ;
#513 = STYLED_ITEM ( 'NONE', ( #947 ), #747 ) ;
#514 = EDGE_LOOP ( 'NONE', ( #545, #2567, #1589, #2024 ) ) ;
#515 = AXIS2_PLACEMENT_3D ( 'NONE', #2215, #2457, #1417 ) ;
#516 = VERTEX_POINT ( 'NONE', #1410 ) ;
#517 = DIRECTION ( 'NONE',  ( 0.9848077530122093526, 0.000000000000000000, -0.1736481776669235033 ) ) ;
#518 = ORIENTED_EDGE ( 'NONE', *, *, #1866, .F. ) ;
#519 = EDGE_CURVE ( 'NONE', #630, #2190, #1179, .T. ) ;
#520 = ORIENTED_EDGE ( 'NONE', *, *, #755, .F. ) ;
#521 = DIRECTION ( 'NONE',  ( -1.000000000000000000, 3.700743415417188263E-17, 0.000000000000000000 ) ) ;
#522 = ADVANCED_FACE ( 'NONE', ( #1834 ), #605, .T. ) ;
#523 = CARTESIAN_POINT ( 'NONE',  ( -25.52493198115551465, 0.000000000000000000, -0.9600000000000001865 ) ) ;
#524 = CARTESIAN_POINT ( 'NONE',  ( -14.37500000000000000, -1.189999999999998836, -0.9600000000000001865 ) ) ;
#525 = ADVANCED_FACE ( 'NONE', ( #540, #511, #1340 ), #2614, .F. ) ;
#526 = DIRECTION ( 'NONE',  ( 1.000000000000000000, 0.000000000000000000, -0.000000000000000000 ) ) ;
#527 = AXIS2_PLACEMENT_3D ( 'NONE', #1392, #2045, #179 ) ;
#528 = DIRECTION ( 'NONE',  ( -1.000000000000000000, -0.000000000000000000, -0.000000000000000000 ) ) ;
#529 = CARTESIAN_POINT ( 'NONE',  ( 0.6167948635501689925, 0.8750000000000000000, -1.060000000000000053 ) ) ;
#530 = AXIS2_PLACEMENT_3D ( 'NONE', #1917, #256, #1888 ) ;
#531 = ORIENTED_EDGE ( 'NONE', *, *, #2041, .F. ) ;
#532 = VECTOR ( 'NONE', #992, 1.000000000000000000 ) ;
#533 = LINE ( 'NONE', #1734, #134 ) ;
#534 = VERTEX_POINT ( 'NONE', #703 ) ;
#535 = ORIENTED_EDGE ( 'NONE', *, *, #1850, .F. ) ;
#536 = DIRECTION ( 'NONE',  ( -3.132904478660053556E-17, -1.000000000000000000, 0.000000000000000000 ) ) ;
#537 = DIRECTION ( 'NONE',  ( 0.000000000000000000, -1.000000000000000000, 0.000000000000000000 ) ) ;
#538 = VECTOR ( 'NONE', #153, 1.000000000000000222 ) ;
#539 = DIRECTION ( 'NONE',  ( 1.000000000000000000, -0.000000000000000000, -0.000000000000000000 ) ) ;
#540 = FACE_BOUND ( 'NONE', #1383, .T. ) ;
#541 = ORIENTED_EDGE ( 'NONE', *, *, #1204, .F. ) ;
#542 = VECTOR ( 'NONE', #493, 1.000000000000000000 ) ;
#543 = CYLINDRICAL_SURFACE ( 'NONE', #2252, 0.07999999999999996003 ) ;
#544 = ORIENTED_EDGE ( 'NONE', *, *, #995, .F. ) ;
#545 = ORIENTED_EDGE ( 'NONE', *, *, #2322, .T. ) ;
#546 = DIRECTION ( 'NONE',  ( -1.000000000000000000, 3.700743415417188263E-17, 0.000000000000000000 ) ) ;
#547 = DIRECTION ( 'NONE',  ( 0.000000000000000000, -1.000000000000000000, 0.000000000000000000 ) ) ;
#548 = CIRCLE ( 'NONE', #2195, 0.07999999999999996003 ) ;
#549 = CARTESIAN_POINT ( 'NONE',  ( -11.34993198115551927, -1.190000000000000835, -0.9600000000000001865 ) ) ;
#550 = CARTESIAN_POINT ( 'NONE',  ( -13.97500000000000142, 0.8000000000000000444, -0.9100000000000001421 ) ) ;
#551 = VERTEX_POINT ( 'NONE', #2156 ) ;
#552 = PRESENTATION_LAYER_ASSIGNMENT (  '', '', ( #513 ) ) ;
#553 = DIRECTION ( 'NONE',  ( 0.000000000000000000, 1.000000000000000000, 0.000000000000000000 ) ) ;
#554 = ORIENTED_EDGE ( 'NONE', *, *, #967, .T. ) ;
#555 = AXIS2_PLACEMENT_3D ( 'NONE', #1640, #1030, #617 ) ;
#556 = ORIENTED_EDGE ( 'NONE', *, *, #1080, .T. ) ;
#557 = CARTESIAN_POINT ( 'NONE',  ( -28.35000000000000142, 1.189999999999998392, -0.6600000000000019185 ) ) ;
#558 = DIRECTION ( 'NONE',  ( 0.000000000000000000, -1.000000000000000000, 2.220446049250313081E-16 ) ) ;
#559 = SURFACE_SIDE_STYLE ('',( #1571 ) ) ;
#560 = EDGE_CURVE ( 'NONE', #1024, #693, #1107, .T. ) ;
#561 = DIRECTION ( 'NONE',  ( 0.000000000000000000, 0.1402661271484180461, 0.9901138386947149206 ) ) ;
#562 = PLANE ( 'NONE',  #463 ) ;
#563 = EDGE_CURVE ( 'NONE', #2453, #1761, #1470, .T. ) ;
#564 = VECTOR ( 'NONE', #44, 1.000000000000000000 ) ;
#565 = EDGE_CURVE ( 'NONE', #2091, #586, #1147, .T. ) ;
#566 = AXIS2_PLACEMENT_3D ( 'NONE', #1206, #993, #1626 ) ;
#567 = EDGE_LOOP ( 'NONE', ( #228, #157, #2145, #1516, #84, #2367, #369, #436 ) ) ;
#568 = AXIS2_PLACEMENT_3D ( 'NONE', #1321, #1986, #1135 ) ;
#569 = CARTESIAN_POINT ( 'NONE',  ( -14.37500000000000355, 1.189999999999997948, -0.9600000000000001865 ) ) ;
#570 = EDGE_LOOP ( 'NONE', ( #488, #1452, #1843, #1393 ) ) ;
#571 = ORIENTED_EDGE ( 'NONE', *, *, #1590, .T. ) ;
#572 = LINE ( 'NONE', #161, #814 ) ;
#573 = CARTESIAN_POINT ( 'NONE',  ( -28.35000000000000142, 0.8750000000000000000, -1.140000000000000124 ) ) ;
#574 = PLANE ( 'NONE',  #1039 ) ;
#575 = DIRECTION ( 'NONE',  ( 0.1736481776669237809, 0.000000000000000000, -0.9848077530122093526 ) ) ;
#576 = VECTOR ( 'NONE', #1551, 1.000000000000000222 ) ;
#577 = EDGE_LOOP ( 'NONE', ( #1586, #1918 ) ) ;
#578 = CARTESIAN_POINT ( 'NONE',  ( -18.70942746103936116, 1.189999999999998392, -0.7511534819267456919 ) ) ;
#579 = ORIENTED_EDGE ( 'NONE', *, *, #724, .T. ) ;
#580 = ORIENTED_EDGE ( 'NONE', *, *, #1040, .F. ) ;
#581 = CIRCLE ( 'NONE', #2452, 6.000000000000000000 ) ;
#582 = VERTEX_POINT ( 'NONE', #1946 ) ;
#583 = EDGE_CURVE ( 'NONE', #362, #2043, #921, .T. ) ;
#584 = CARTESIAN_POINT ( 'NONE',  ( -2.350000000000000533, -0.8000000000000000444, -0.9100000000000001421 ) ) ;
#585 = DIRECTION ( 'NONE',  ( 0.000000000000000000, 0.000000000000000000, -1.000000000000000000 ) ) ;
#586 = VERTEX_POINT ( 'NONE', #2358 ) ;
#587 = EDGE_CURVE ( 'NONE', #490, #1706, #960, .T. ) ;
#588 = CARTESIAN_POINT ( 'NONE',  ( -1.950000000000000622, 0.8000000000000000444, -0.9100000000000001421 ) ) ;
#589 = VERTEX_POINT ( 'NONE', #110 ) ;
#590 = CIRCLE ( 'NONE', #1549, 1.000000000000000000 ) ;
#591 = DIRECTION ( 'NONE',  ( 0.000000000000000000, 1.000000000000000000, 0.000000000000000000 ) ) ;
#592 = EDGE_CURVE ( 'NONE', #1409, #316, #1136, .T. ) ;
#593 = CIRCLE ( 'NONE', #2118, 6.000000000000000888 ) ;
#594 = ADVANCED_FACE ( 'NONE', ( #924 ), #1772, .T. ) ;
#595 = DIRECTION ( 'NONE',  ( 3.132904478660053556E-17, -1.000000000000000000, 0.000000000000000000 ) ) ;
#596 = DIRECTION ( 'NONE',  ( 0.000000000000000000, 0.000000000000000000, -1.000000000000000000 ) ) ;
#597 = CARTESIAN_POINT ( 'NONE',  ( -1.259562753036178795E-16, 1.189999999999998392, -0.6600000000000019185 ) ) ;
#598 = CARTESIAN_POINT ( 'NONE',  ( -14.17500000000000071, 1.189999999999997948, -0.9600000000000001865 ) ) ;
#599 = CIRCLE ( 'NONE', #1996, 0.07999999999999996003 ) ;
#600 = CARTESIAN_POINT ( 'NONE',  ( -1.950000000000000622, -0.8000000000000000444, -0.9100000000000001421 ) ) ;
#601 = DIRECTION ( 'NONE',  ( 2.193033135062037489E-16, 1.000000000000000000, 0.000000000000000000 ) ) ;
#602 = ORIENTED_EDGE ( 'NONE', *, *, #2480, .F. ) ;
#603 = DIRECTION ( 'NONE',  ( 0.9848077530122093526, -3.085308620031094321E-17, -0.1736481776669234756 ) ) ;
#604 = ORIENTED_EDGE ( 'NONE', *, *, #1155, .T. ) ;
#605 = PLANE ( 'NONE',  #1389 ) ;
#606 = DIRECTION ( 'NONE',  ( 2.193033135062037489E-16, 1.000000000000000000, 0.000000000000000000 ) ) ;
#607 = LINE ( 'NONE', #846, #951 ) ;
#608 = DIRECTION ( 'NONE',  ( 0.000000000000000000, 0.000000000000000000, -1.000000000000000000 ) ) ;
#609 = DIRECTION ( 'NONE',  ( 0.000000000000000000, 0.000000000000000000, -1.000000000000000000 ) ) ;
#610 = ORIENTED_EDGE ( 'NONE', *, *, #2648, .F. ) ;
#611 = EDGE_CURVE ( 'NONE', #1100, #1003, #1517, .T. ) ;
#612 = ORIENTED_EDGE ( 'NONE', *, *, #939, .F. ) ;
#613 = DIRECTION ( 'NONE',  ( 1.000000000000000000, -0.000000000000000000, -0.000000000000000000 ) ) ;
#614 = EDGE_CURVE ( 'NONE', #975, #1489, #1365, .T. ) ;
#615 = AXIS2_PLACEMENT_3D ( 'NONE', #1349, #945, #978 ) ;
#616 = ORIENTED_EDGE ( 'NONE', *, *, #2322, .F. ) ;
#617 = DIRECTION ( 'NONE',  ( 0.000000000000000000, 0.000000000000000000, 1.000000000000000000 ) ) ;
#618 = LINE ( 'NONE', #2514, #950 ) ;
#619 = DIRECTION ( 'NONE',  ( 0.000000000000000000, 0.9854601157443477755, -0.1699069165076472210 ) ) ;
#620 = DIRECTION ( 'NONE',  ( 0.000000000000000000, -0.1699069165076472487, -0.9854601157443478865 ) ) ;
#621 = CIRCLE ( 'NONE', #1016, 0.07999999999999996003 ) ;
#622 = VERTEX_POINT ( 'NONE', #122 ) ;
#623 = ORIENTED_EDGE ( 'NONE', *, *, #1922, .F. ) ;
#624 = ADVANCED_FACE ( 'NONE', ( #2194 ), #938, .F. ) ;
#625 = DIRECTION ( 'NONE',  ( -1.000000000000000000, -0.000000000000000000, -0.000000000000000000 ) ) ;
#626 = CARTESIAN_POINT ( 'NONE',  ( -27.97000000000000242, 0.8750000000000000000, -1.060000000000000053 ) ) ;
#627 = VERTEX_POINT ( 'NONE', #1310 ) ;
#628 = ORIENTED_EDGE ( 'NONE', *, *, #560, .T. ) ;
#629 = CARTESIAN_POINT ( 'NONE',  ( -25.52493198115551465, -1.189999999999999059, -0.9600000000000001865 ) ) ;
#630 = VERTEX_POINT ( 'NONE', #732 ) ;
#631 = FACE_OUTER_BOUND ( 'NONE', #148, .T. ) ;
#632 = CARTESIAN_POINT ( 'NONE',  ( -24.48304291515397324, 0.9899999999999983258, -0.8688465180732544146 ) ) ;
#633 = VECTOR ( 'NONE', #1911, 1.000000000000000000 ) ;
#634 = UNCERTAINTY_MEASURE_WITH_UNIT (LENGTH_MEASURE( 1.000000000000000082E-05 ), #2558, 'distance_accuracy_value', 'NONE');
#635 = LINE ( 'NONE', #598, #1837 ) ;
#636 = VERTEX_POINT ( 'NONE', #1559 ) ;
#637 = FACE_OUTER_BOUND ( 'NONE', #205, .T. ) ;
#638 = EDGE_CURVE ( 'NONE', #737, #1162, #2049, .T. ) ;
#639 = EDGE_CURVE ( 'NONE', #2494, #1502, #2602, .T. ) ;
#640 = EDGE_LOOP ( 'NONE', ( #695, #1860, #653, #2224 ) ) ;
#641 = LINE ( 'NONE', #268, #564 ) ;
#642 = CARTESIAN_POINT ( 'NONE',  ( -17.00006801884448038, 0.000000000000000000, -0.9600000000000001865 ) ) ;
#643 = ORIENTED_EDGE ( 'NONE', *, *, #1331, .T. ) ;
#644 = ORIENTED_EDGE ( 'NONE', *, *, #477, .T. ) ;
#645 = AXIS2_PLACEMENT_3D ( 'NONE', #773, #819, #608 ) ;
#646 = DIRECTION ( 'NONE',  ( -1.000000000000000000, 0.000000000000000000, -0.000000000000000000 ) ) ;
#647 = ORIENTED_EDGE ( 'NONE', *, *, #565, .F. ) ;
#648 = SURFACE_STYLE_USAGE ( .BOTH. , #445 ) ;
#649 = SPHERICAL_SURFACE ( 'NONE', #1274, 1.000000000000000000 ) ;
#650 = DIRECTION ( 'NONE',  ( -1.000000000000000000, 0.000000000000000000, 0.000000000000000000 ) ) ;
#651 = AXIS2_PLACEMENT_3D ( 'NONE', #1902, #898, #2143 ) ;
#652 = DIRECTION ( 'NONE',  ( 1.908428413691174465E-16, 0.000000000000000000, -1.000000000000000000 ) ) ;
#653 = ORIENTED_EDGE ( 'NONE', *, *, #1283, .F. ) ;
#654 = CLOSED_SHELL ( 'NONE', ( #701, #1035, #1915, #322, #678, #2044, #1611, #1631, #1599, #1190, #1264, #2028, #2203, #1163, #1181, #393, #525, #2230, #2208, #2083, #1914, #1457, #1865, #1161, #1028, #2165, #2177, #1065, #440, #1235, #2157, #426, #1757, #845, #1086, #2555, #2282, #1976, #26, #1747, #1526, #90, #1795, #594, #326, #879, #2064, #279, #522, #800, #144, #2246, #769, #112, #1686, #309, #2446, #2035, #310, #738, #1326, #797, #2375, #1947, #1406, #680, #480, #497, #707, #1523, #1760, #624, #193, #936, #1194, #841, #1456, #925, #484, #2407, #1432, #1129, #712, #2573 ) ) ;
#655 = DIRECTION ( 'NONE',  ( 1.000000000000000000, -0.000000000000000000, -0.000000000000000000 ) ) ;
#656 = ORIENTED_EDGE ( 'NONE', *, *, #787, .T. ) ;
#657 = LINE ( 'NONE', #849, #2231 ) ;
#658 = DIRECTION ( 'NONE',  ( -0.9848077530122092416, 0.000000000000000000, -0.1736481776669237531 ) ) ;
#659 = ORIENTED_EDGE ( 'NONE', *, *, #1132, .T. ) ;
#660 = ORIENTED_EDGE ( 'NONE', *, *, #2326, .F. ) ;
#661 = AXIS2_PLACEMENT_3D ( 'NONE', #807, #2002, #1823 ) ;
#662 = CARTESIAN_POINT ( 'NONE',  ( 0.000000000000000000, 0.8750000000000000000, -1.060000000000000053 ) ) ;
#663 = ORIENTED_EDGE ( 'NONE', *, *, #1554, .F. ) ;
#664 = DIRECTION ( 'NONE',  ( -1.000000000000000000, -0.000000000000000000, -0.000000000000000000 ) ) ;
#665 = PLANE ( 'NONE',  #973 ) ;
#666 = PLANE ( 'NONE',  #1289 ) ;
#667 = DIRECTION ( 'NONE',  ( 1.000000000000000000, -3.132904478660053556E-17, -0.000000000000000000 ) ) ;
#668 = VERTEX_POINT ( 'NONE', #1781 ) ;
#669 = CARTESIAN_POINT ( 'NONE',  ( -5.576316527040903637, 1.189999999999998392, -0.6600000000000008082 ) ) ;
#670 = ORIENTED_EDGE ( 'NONE', *, *, #2480, .T. ) ;
#671 = VECTOR ( 'NONE', #2333, 1.000000000000000000 ) ;
#672 = DIRECTION ( 'NONE',  ( 0.000000000000000000, -1.000000000000000000, 0.000000000000000000 ) ) ;
#673 = DIRECTION ( 'NONE',  ( -1.000000000000000000, -0.000000000000000000, -0.000000000000000000 ) ) ;
#674 = ORIENTED_EDGE ( 'NONE', *, *, #2362, .F. ) ;
#675 = VERTEX_POINT ( 'NONE', #1574 ) ;
#676 = EDGE_CURVE ( 'NONE', #1090, #1971, #1433, .T. ) ;
#677 = LINE ( 'NONE', #1935, #2495 ) ;
#678 = ADVANCED_FACE ( 'NONE', ( #1930 ), #1728, .T. ) ;
#679 = EDGE_LOOP ( 'NONE', ( #902, #2270, #225, #2617, #911, #72, #167, #954, #1933, #544, #1829, #2537 ) ) ;
#680 = ADVANCED_FACE ( 'NONE', ( #2451 ), #1180, .F. ) ;
#681 = PRESENTATION_STYLE_ASSIGNMENT (( #648 ) ) ;
#682 = PLANE ( 'NONE',  #280 ) ;
#683 = CARTESIAN_POINT ( 'NONE',  ( -28.96679486355017019, 0.8750000000000000000, -1.060000000000000053 ) ) ;
#684 = LINE ( 'NONE', #1121, #1454 ) ;
#685 = EDGE_CURVE ( 'NONE', #1140, #1223, #2013, .T. ) ;
#686 = VECTOR ( 'NONE', #2473, 1.000000000000000000 ) ;
#687 = CARTESIAN_POINT ( 'NONE',  ( -26.40000000000000213, 1.189999999999998392, -0.9600000000000001865 ) ) ;
#688 = CIRCLE ( 'NONE', #1242, 0.07999999999999996003 ) ;
#689 = AXIS2_PLACEMENT_3D ( 'NONE', #2260, #399, #2060 ) ;
#690 = CARTESIAN_POINT ( 'NONE',  ( -26.40000000000000213, 1.189999999999998392, -0.9600000000000001865 ) ) ;
#691 = CARTESIAN_POINT ( 'NONE',  ( -1.950000000000000622, -1.189999999999998392, -0.9600000000000001865 ) ) ;
#692 = ORIENTED_EDGE ( 'NONE', *, *, #88, .F. ) ;
#693 = VERTEX_POINT ( 'NONE', #1420 ) ;
#694 = DIRECTION ( 'NONE',  ( 0.000000000000000000, -1.000000000000000000, 0.000000000000000000 ) ) ;
#695 = ORIENTED_EDGE ( 'NONE', *, *, #2242, .T. ) ;
#696 = CARTESIAN_POINT ( 'NONE',  ( -22.77368347295909601, 0.9899999999999982148, -6.660000000000001030 ) ) ;
#697 = CARTESIAN_POINT ( 'NONE',  ( -28.35000000000000142, 1.189999999999998392, -0.6600000000000019185 ) ) ;
#698 = DIRECTION ( 'NONE',  ( 0.000000000000000000, -0.9901138386947149206, 0.1402661271484180461 ) ) ;
#699 = CIRCLE ( 'NONE', #1849, 0.07999999999999996003 ) ;
#700 = CARTESIAN_POINT ( 'NONE',  ( -2.825068018844486328, -0.9899999999999991029, 5.040000000000000036 ) ) ;
#701 = ADVANCED_FACE ( 'NONE', ( #1218 ), #1018, .T. ) ;
#702 = CIRCLE ( 'NONE', #568, 6.000000000000000000 ) ;
#703 = CARTESIAN_POINT ( 'NONE',  ( -18.70942746103936116, -1.190000000000001501, -0.7511534819267452479 ) ) ;
#704 = FACE_OUTER_BOUND ( 'NONE', #1968, .T. ) ;
#705 = VERTEX_POINT ( 'NONE', #143 ) ;
#706 = ORIENTED_EDGE ( 'NONE', *, *, #315, .F. ) ;
#707 = ADVANCED_FACE ( 'NONE', ( #1411 ), #1388, .T. ) ;
#708 = CARTESIAN_POINT ( 'NONE',  ( -28.18775597880006956, 1.189999999999998392, 0.9201315677728726383 ) ) ;
#709 = ORIENTED_EDGE ( 'NONE', *, *, #2528, .T. ) ;
#710 = VECTOR ( 'NONE', #2511, 1.000000000000000000 ) ;
#711 = ORIENTED_EDGE ( 'NONE', *, *, #1272, .F. ) ;
#712 = ADVANCED_FACE ( 'NONE', ( #2666 ), #971, .T. ) ;
#713 = DIRECTION ( 'NONE',  ( 1.000000000000000000, -3.132904478660053556E-17, -0.000000000000000000 ) ) ;
#714 = DIRECTION ( 'NONE',  ( -1.000000000000000000, -2.193033135062037489E-16, 0.000000000000000000 ) ) ;
#715 = DIRECTION ( 'NONE',  ( 0.000000000000000000, -1.000000000000000000, -0.000000000000000000 ) ) ;
#716 = CARTESIAN_POINT ( 'NONE',  ( -13.97500000000000142, 0.2000000000000000111, -0.8250000000000000666 ) ) ;
#717 = CARTESIAN_POINT ( 'NONE',  ( -17.00006801884448038, 0.9899999999999981037, 5.040000000000000036 ) ) ;
#718 = AXIS2_PLACEMENT_3D ( 'NONE', #1657, #2549, #59 ) ;
#719 = ORIENTED_EDGE ( 'NONE', *, *, #2210, .F. ) ;
#720 = ORIENTED_EDGE ( 'NONE', *, *, #2280, .T. ) ;
#721 = EDGE_CURVE ( 'NONE', #1249, #1318, #1596, .T. ) ;
#722 = DIRECTION ( 'NONE',  ( -0.000000000000000000, 0.000000000000000000, -1.000000000000000000 ) ) ;
#723 = ORIENTED_EDGE ( 'NONE', *, *, #638, .F. ) ;
#724 = EDGE_CURVE ( 'NONE', #866, #389, #185, .T. ) ;
#725 = VECTOR ( 'NONE', #1067, 1.000000000000000000 ) ;
#726 = ORIENTED_EDGE ( 'NONE', *, *, #1366, .T. ) ;
#727 = CARTESIAN_POINT ( 'NONE',  ( -18.70942746103936116, -0.9900000000000014344, -0.7511534819267455809 ) ) ;
#728 = FACE_OUTER_BOUND ( 'NONE', #373, .T. ) ;
#729 = LINE ( 'NONE', #524, #1572 ) ;
#730 =( NAMED_UNIT ( * ) SI_UNIT ( $, .STERADIAN. ) SOLID_ANGLE_UNIT ( ) );
#731 = LINE ( 'NONE', #1364, #2443 ) ;
#732 = CARTESIAN_POINT ( 'NONE',  ( -1.950000000000000622, -0.2000000000000000111, -0.8250000000000000666 ) ) ;
#733 = AXIS2_PLACEMENT_3D ( 'NONE', #1261, #606, #1092 ) ;
#734 = VECTOR ( 'NONE', #79, 1.000000000000000000 ) ;
#735 = EDGE_CURVE ( 'NONE', #966, #500, #345, .T. ) ;
#736 = CIRCLE ( 'NONE', #2597, 6.000000000000000000 ) ;
#738 = ADVANCED_FACE ( 'NONE', ( #1627 ), #380, .T. ) ;
#737 = VERTEX_POINT ( 'NONE', #2624 ) ;
#739 = DIRECTION ( 'NONE',  ( -1.000000000000000000, 0.000000000000000000, -0.000000000000000000 ) ) ;
#740 = ORIENTED_EDGE ( 'NONE', *, *, #889, .F. ) ;
#741 = ORIENTED_EDGE ( 'NONE', *, *, #2610, .T. ) ;
#742 = DIRECTION ( 'NONE',  ( 0.1736481776669235033, 0.000000000000000000, -0.9848077530122093526 ) ) ;
#743 = DIRECTION ( 'NONE',  ( 1.000000000000000000, 3.700743415417188263E-17, -1.776356839400250465E-15 ) ) ;
#744 = VECTOR ( 'NONE', #1588, 1.000000000000000000 ) ;
#745 = CARTESIAN_POINT ( 'NONE',  ( -28.35000000000000142, 1.189999999999998392, -0.9600000000000001865 ) ) ;
#746 = DIRECTION ( 'NONE',  ( -0.000000000000000000, -1.000000000000000000, -0.000000000000000000 ) ) ;
#747 = ADVANCED_BREP_SHAPE_REPRESENTATION ( 'WagonPlane_90ft_MediumDetailed', ( #158, #1555 ), #1196 ) ;
#748 = VERTEX_POINT ( 'NONE', #2026 ) ;
#749 = CARTESIAN_POINT ( 'NONE',  ( 0.000000000000000000, 0.000000000000000000, -0.9600000000000001865 ) ) ;
#750 = ORIENTED_EDGE ( 'NONE', *, *, #2168, .T. ) ;
#751 = VERTEX_POINT ( 'NONE', #392 ) ;
#752 = LINE ( 'NONE', #523, #759 ) ;
#753 = PLANE ( 'NONE',  #2644 ) ;
#754 = AXIS2_PLACEMENT_3D ( 'NONE', #1978, #2592, #482 ) ;
#755 = EDGE_CURVE ( 'NONE', #2259, #102, #354, .T. ) ;
#756 = FACE_OUTER_BOUND ( 'NONE', #1005, .T. ) ;
#757 = DIRECTION ( 'NONE',  ( 0.000000000000000000, -1.000000000000000000, 0.000000000000000000 ) ) ;
#758 = ORIENTED_EDGE ( 'NONE', *, *, #483, .F. ) ;
#759 = VECTOR ( 'NONE', #1581, 1.000000000000000000 ) ;
#760 = DIRECTION ( 'NONE',  ( -0.000000000000000000, 0.000000000000000000, 1.000000000000000000 ) ) ;
#761 = ORIENTED_EDGE ( 'NONE', *, *, #1020, .F. ) ;
#762 = EDGE_CURVE ( 'NONE', #917, #589, #2403, .T. ) ;
#763 = VERTEX_POINT ( 'NONE', #166 ) ;
#764 = EDGE_CURVE ( 'NONE', #2569, #1656, #1811, .T. ) ;
#765 = DIRECTION ( 'NONE',  ( 0.000000000000000000, 0.1699069165076472487, -0.9854601157443478865 ) ) ;
#766 = CARTESIAN_POINT ( 'NONE',  ( -13.97500000000000142, -0.8999999999999999112, -0.9100000000000001421 ) ) ;
#767 = VECTOR ( 'NONE', #235, 1.000000000000000000 ) ;
#768 = SURFACE_STYLE_USAGE ( .BOTH. , #559 ) ;
#769 = ADVANCED_FACE ( 'NONE', ( #2635 ), #562, .F. ) ;
#770 = PLANE ( 'NONE',  #415 ) ;
#771 = DIRECTION ( 'NONE',  ( -1.000000000000000000, 0.000000000000000000, -0.000000000000000000 ) ) ;
#772 = ORIENTED_EDGE ( 'NONE', *, *, #2379, .T. ) ;
#773 = CARTESIAN_POINT ( 'NONE',  ( -8.598683472959098850, 1.189999999999998392, -6.660000000000000142 ) ) ;
#774 = ORIENTED_EDGE ( 'NONE', *, *, #2437, .T. ) ;
#775 = AXIS2_PLACEMENT_3D ( 'NONE', #2193, #109, #1989 ) ;
#776 = VERTEX_POINT ( 'NONE', #1607 ) ;
#777 = DIRECTION ( 'NONE',  ( 1.000000000000000000, 3.132904478660053556E-17, 0.000000000000000000 ) ) ;
#778 = CYLINDRICAL_SURFACE ( 'NONE', #2213, 6.000000000000000000 ) ;
#779 = DIRECTION ( 'NONE',  ( 0.9848077530122093526, 0.000000000000000000, 0.1736481776669237809 ) ) ;
#780 = VECTOR ( 'NONE', #694, 1.000000000000000000 ) ;
#781 = AXIS2_PLACEMENT_3D ( 'NONE', #2579, #335, #1139 ) ;
#782 = ORIENTED_EDGE ( 'NONE', *, *, #2128, .T. ) ;
#783 = CIRCLE ( 'NONE', #999, 0.07999999999999996003 ) ;
#784 = CARTESIAN_POINT ( 'NONE',  ( -0.1622440211999303383, 1.189999999999998392, 0.9201315677728726383 ) ) ;
#785 = ORIENTED_EDGE ( 'NONE', *, *, #2434, .F. ) ;
#786 = AXIS2_PLACEMENT_3D ( 'NONE', #2307, #843, #2499 ) ;
#787 = EDGE_CURVE ( 'NONE', #1919, #1775, #1885, .T. ) ;
#788 = EDGE_CURVE ( 'NONE', #46, #1883, #2038, .T. ) ;
#789 = EDGE_LOOP ( 'NONE', ( #610, #2586, #114, #647 ) ) ;
#790 = FACE_OUTER_BOUND ( 'NONE', #2250, .T. ) ;
#791 = DIRECTION ( 'NONE',  ( 1.000000000000000000, 3.700743415417188263E-17, 0.000000000000000000 ) ) ;
#792 = DIRECTION ( 'NONE',  ( 1.000000000000000000, -0.000000000000000000, -0.000000000000000000 ) ) ;
#793 = DIRECTION ( 'NONE',  ( 2.193033135062037489E-16, -1.000000000000000000, -0.000000000000000000 ) ) ;
#794 = EDGE_CURVE ( 'NONE', #899, #2565, #2077, .T. ) ;
#795 = COLOUR_RGB ( '',0.7921568627450980005, 0.8196078431372548767, 0.9333333333333333481 ) ;
#796 = ORIENTED_EDGE ( 'NONE', *, *, #2234, .F. ) ;
#797 = ADVANCED_FACE ( 'NONE', ( #20 ), #264, .F. ) ;
#798 = FACE_OUTER_BOUND ( 'NONE', #1165, .T. ) ;
#799 = ORIENTED_EDGE ( 'NONE', *, *, #1723, .F. ) ;
#800 = ADVANCED_FACE ( 'NONE', ( #2309 ), #666, .T. ) ;
#801 = EDGE_CURVE ( 'NONE', #966, #1502, #1031, .T. ) ;
#802 = VECTOR ( 'NONE', #2142, 1.000000000000000000 ) ;
#803 = DIRECTION ( 'NONE',  ( -1.000000000000000000, -2.220446049250313081E-16, 0.000000000000000000 ) ) ;
#804 = CARTESIAN_POINT ( 'NONE',  ( -26.00000000000000000, 0.8000000000000000444, -0.9100000000000001421 ) ) ;
#805 = VECTOR ( 'NONE', #1912, 1.000000000000000000 ) ;
#806 = DIRECTION ( 'NONE',  ( -1.000000000000000000, 0.000000000000000000, 0.000000000000000000 ) ) ;
#807 = CARTESIAN_POINT ( 'NONE',  ( -28.35000000000000142, -0.8750000000000000000, -1.060000000000000053 ) ) ;
#808 = ORIENTED_EDGE ( 'NONE', *, *, #885, .F. ) ;
#809 = DIRECTION ( 'NONE',  ( 2.193033135062037489E-16, 1.000000000000000000, 0.000000000000000000 ) ) ;
#810 = LINE ( 'NONE', #1012, #1256 ) ;
#811 = EDGE_LOOP ( 'NONE', ( #1794, #2176, #2498, #2420, #944 ) ) ;
#812 = CARTESIAN_POINT ( 'NONE',  ( -19.75131652704090257, -0.9899999999999999911, -6.660000000000000142 ) ) ;
#813 = AXIS2_PLACEMENT_3D ( 'NONE', #1541, #402, #175 ) ;
#814 = VECTOR ( 'NONE', #2033, 1.000000000000000000 ) ;
#815 = VERTEX_POINT ( 'NONE', #632 ) ;
#816 = CARTESIAN_POINT ( 'NONE',  ( -18.70942746103936116, 0.9899999999999981037, -0.7511534819267456919 ) ) ;
#817 = CARTESIAN_POINT ( 'NONE',  ( -28.35000000000000142, -0.8750000000000000000, -1.060000000000000053 ) ) ;
#818 = CARTESIAN_POINT ( 'NONE',  ( -0.3800000000000000044, -0.8750000000000000000, -1.060000000000000053 ) ) ;
#819 = DIRECTION ( 'NONE',  ( 0.000000000000000000, -1.000000000000000000, 0.000000000000000000 ) ) ;
#820 = FACE_OUTER_BOUND ( 'NONE', #640, .T. ) ;
#821 = ORIENTED_EDGE ( 'NONE', *, *, #1567, .F. ) ;
#822 = ORIENTED_EDGE ( 'NONE', *, *, #1937, .T. ) ;
#823 = VECTOR ( 'NONE', #494, 1.000000000000000000 ) ;
#824 = FACE_OUTER_BOUND ( 'NONE', #1357, .T. ) ;
#825 = CARTESIAN_POINT ( 'NONE',  ( -1.950000000000000622, 0.8999999999999999112, -0.9100000000000001421 ) ) ;
#826 = CARTESIAN_POINT ( 'NONE',  ( -2.350000000000000533, 0.8000000000000000444, -0.9100000000000001421 ) ) ;
#827 = CARTESIAN_POINT ( 'NONE',  ( -13.97500000000000142, 0.2000000000000000111, -0.8250000000000000666 ) ) ;
#828 = PRODUCT_DEFINITION_CONTEXT ( 'detailed design', #141, 'design' ) ;
#829 = LINE ( 'NONE', #232, #2380 ) ;
#830 = EDGE_CURVE ( 'NONE', #1534, #534, #1195, .T. ) ;
#831 = LINE ( 'NONE', #862, #2059 ) ;
#832 = ORIENTED_EDGE ( 'NONE', *, *, #243, .F. ) ;
#833 = ORIENTED_EDGE ( 'NONE', *, *, #2648, .T. ) ;
#834 = CARTESIAN_POINT ( 'NONE',  ( -28.35000000000000142, 0.8750000000000000000, -1.060000000000000053 ) ) ;
#835 = CARTESIAN_POINT ( 'NONE',  ( -9.640572538960640259, 1.189999999999998392, -0.7511534819267452479 ) ) ;
#836 = EDGE_LOOP ( 'NONE', ( #941, #774, #2408, #1688, #571, #2428, #408, #1449 ) ) ;
#837 = VERTEX_POINT ( 'NONE', #2108 ) ;
#838 = DIRECTION ( 'NONE',  ( -1.000000000000000000, 3.132904478660053556E-17, 0.000000000000000000 ) ) ;
#839 = EDGE_CURVE ( 'NONE', #1656, #776, #1070, .T. ) ;
#841 = ADVANCED_FACE ( 'NONE', ( #231 ), #215, .F. ) ;
#840 = AXIS2_PLACEMENT_3D ( 'NONE', #117, #1568, #2010 ) ;
#842 = DIRECTION ( 'NONE',  ( 0.000000000000000000, -1.000000000000000000, 0.000000000000000000 ) ) ;
#843 = DIRECTION ( 'NONE',  ( 0.1736481776669237809, 0.000000000000000000, -0.9848077530122093526 ) ) ;
#844 = DIRECTION ( 'NONE',  ( 0.000000000000000000, -1.000000000000000000, 0.000000000000000000 ) ) ;
#845 = ADVANCED_FACE ( 'NONE', ( #2329 ), #2534, .T. ) ;
#846 = CARTESIAN_POINT ( 'NONE',  ( -28.08481547102008946, 0.9899999999999984368, -1.503936198047713280 ) ) ;
#847 = PLANE ( 'NONE',  #453 ) ;
#848 = VECTOR ( 'NONE', #458, 1.000000000000000000 ) ;
#849 = CARTESIAN_POINT ( 'NONE',  ( -26.40000000000000213, -1.189999999999998392, -0.9600000000000001865 ) ) ;
#850 = CARTESIAN_POINT ( 'NONE',  ( -26.40000000000000213, 0.8000000000000000444, -0.9100000000000001421 ) ) ;
#851 = VERTEX_POINT ( 'NONE', #827 ) ;
#852 = ORIENTED_EDGE ( 'NONE', *, *, #967, .F. ) ;
#853 = CIRCLE ( 'NONE', #2395, 6.000000000000000000 ) ;
#854 = DIRECTION ( 'NONE',  ( 0.000000000000000000, 0.000000000000000000, 1.000000000000000000 ) ) ;
#855 = ORIENTED_EDGE ( 'NONE', *, *, #125, .T. ) ;
#856 = CARTESIAN_POINT ( 'NONE',  ( 0.6167948635501689925, 0.8750000000000000000, -1.060000000000000053 ) ) ;
#857 = CARTESIAN_POINT ( 'NONE',  ( -13.97500000000000142, -0.8000000000000000444, -0.9100000000000001421 ) ) ;
#858 = CARTESIAN_POINT ( 'NONE',  ( -13.97500000000000142, -0.2000000000000000111, -0.8250000000000000666 ) ) ;
#859 = CIRCLE ( 'NONE', #1770, 0.9999999999999998890 ) ;
#860 = DIRECTION ( 'NONE',  ( 0.000000000000000000, 0.000000000000000000, -1.000000000000000000 ) ) ;
#861 = VERTEX_POINT ( 'NONE', #1910 ) ;
#862 = CARTESIAN_POINT ( 'NONE',  ( -26.40000000000000213, -1.189999999999998392, -0.9600000000000001865 ) ) ;
#863 = VERTEX_POINT ( 'NONE', #1652 ) ;
#864 = DIRECTION ( 'NONE',  ( 0.000000000000000000, -1.000000000000000000, 0.000000000000000000 ) ) ;
#865 = DIRECTION ( 'NONE',  ( -1.908428413691174465E-16, 0.000000000000000000, -1.000000000000000000 ) ) ;
#866 = VERTEX_POINT ( 'NONE', #2292 ) ;
#867 = VERTEX_POINT ( 'NONE', #247 ) ;
#868 = VECTOR ( 'NONE', #1343, 1.000000000000000000 ) ;
#869 = CARTESIAN_POINT ( 'NONE',  ( -28.35000000000000142, 1.189999999999998392, -1.160000000000000142 ) ) ;
#870 = EDGE_CURVE ( 'NONE', #1090, #2520, #590, .T. ) ;
#871 = ORIENTED_EDGE ( 'NONE', *, *, #120, .T. ) ;
#872 = CARTESIAN_POINT ( 'NONE',  ( -26.40000000000000213, 0.2000000000000000111, -0.8250000000000000666 ) ) ;
#873 = CARTESIAN_POINT ( 'NONE',  ( -11.34993198115551927, -0.9900000000000008793, 5.040000000000000036 ) ) ;
#874 = CARTESIAN_POINT ( 'NONE',  ( -25.52493198115551465, 0.9899999999999983258, 5.040000000000000036 ) ) ;
#875 = AXIS2_PLACEMENT_3D ( 'NONE', #2285, #1999, #2661 ) ;
#876 = VERTEX_POINT ( 'NONE', #2472 ) ;
#877 = VECTOR ( 'NONE', #1625, 1.000000000000000000 ) ;
#878 = DIRECTION ( 'NONE',  ( -1.000000000000000000, 0.000000000000000000, 0.000000000000000000 ) ) ;
#879 = ADVANCED_FACE ( 'NONE', ( #1431 ), #1880, .T. ) ;
#880 = EDGE_LOOP ( 'NONE', ( #531, #357, #2554, #2007 ) ) ;
#881 = CARTESIAN_POINT ( 'NONE',  ( -8.598683472959097074, -1.190000000000001501, -0.6600000000000002531 ) ) ;
#882 = DIRECTION ( 'NONE',  ( 3.132904478660053556E-17, -1.000000000000000000, 0.000000000000000000 ) ) ;
#883 = EDGE_LOOP ( 'NONE', ( #1612, #13, #254, #1716, #1639, #1857, #659, #159 ) ) ;
#885 = EDGE_CURVE ( 'NONE', #2259, #705, #618, .T. ) ;
#884 = EDGE_LOOP ( 'NONE', ( #137, #241, #1333, #273 ) ) ;
#886 = VECTOR ( 'NONE', #2657, 1.000000000000000000 ) ;
#887 = EDGE_CURVE ( 'NONE', #668, #341, #1480, .T. ) ;
#888 = CARTESIAN_POINT ( 'NONE',  ( -2.350000000000000533, -0.8999999999999999112, -0.9100000000000001421 ) ) ;
#889 = EDGE_CURVE ( 'NONE', #1775, #300, #1230, .T. ) ;
#890 = VERTEX_POINT ( 'NONE', #2063 ) ;
#891 = CARTESIAN_POINT ( 'NONE',  ( -19.75131652704090257, 0.9899999999999982148, -6.660000000000000142 ) ) ;
#892 = LINE ( 'NONE', #1710, #922 ) ;
#893 = LINE ( 'NONE', #1974, #1721 ) ;
#894 = VECTOR ( 'NONE', #1268, 1.000000000000000000 ) ;
#895 = CARTESIAN_POINT ( 'NONE',  ( -4.534427461039364005, 0.9899999999999983258, -0.7511534819267452479 ) ) ;
#896 = AXIS2_PLACEMENT_3D ( 'NONE', #2315, #655, #1265 ) ;
#897 = DIRECTION ( 'NONE',  ( 0.000000000000000000, 0.000000000000000000, 1.000000000000000000 ) ) ;
#898 = DIRECTION ( 'NONE',  ( -0.1736481776669237809, 0.000000000000000000, -0.9848077530122093526 ) ) ;
#899 = VERTEX_POINT ( 'NONE', #2276 ) ;
#900 = ORIENTED_EDGE ( 'NONE', *, *, #2630, .F. ) ;
#901 = CARTESIAN_POINT ( 'NONE',  ( -2.825068018844486328, 0.000000000000000000, -0.9600000000000001865 ) ) ;
#902 = ORIENTED_EDGE ( 'NONE', *, *, #30, .F. ) ;
#903 = DIRECTION ( 'NONE',  ( 0.000000000000000000, -1.000000000000000000, 0.000000000000000000 ) ) ;
#904 = DIRECTION ( 'NONE',  ( -1.000000000000000000, -2.220446049250312341E-16, 2.664535259100374908E-15 ) ) ;
#905 = DIRECTION ( 'NONE',  ( 0.000000000000000000, 0.1402661271484180461, -0.9901138386947149206 ) ) ;
#906 = LINE ( 'NONE', #1928, #2552 ) ;
#907 = CARTESIAN_POINT ( 'NONE',  ( -2.914659381970696644E-16, 1.189999999999998392, -0.9600000000000001865 ) ) ;
#908 = CIRCLE ( 'NONE', #1027, 6.000000000000000000 ) ;
#909 = EDGE_CURVE ( 'NONE', #693, #815, #512, .T. ) ;
#910 = CARTESIAN_POINT ( 'NONE',  ( -28.96679486355017019, 0.7949999999999924905, -1.060000000000000053 ) ) ;
#911 = ORIENTED_EDGE ( 'NONE', *, *, #233, .F. ) ;
#912 = EDGE_LOOP ( 'NONE', ( #381, #29, #297, #1267 ) ) ;
#913 = EDGE_CURVE ( 'NONE', #867, #298, #853, .T. ) ;
#914 = FACE_OUTER_BOUND ( 'NONE', #514, .T. ) ;
#915 = EDGE_LOOP ( 'NONE', ( #2605, #409, #1236, #623 ) ) ;
#916 = VECTOR ( 'NONE', #420, 1.000000000000000000 ) ;
#917 = VERTEX_POINT ( 'NONE', #292 ) ;
#918 = DIRECTION ( 'NONE',  ( -1.000000000000000000, -0.000000000000000000, -0.000000000000000000 ) ) ;
#919 = DIRECTION ( 'NONE',  ( 0.1736481776669235033, 0.000000000000000000, -0.9848077530122093526 ) ) ;
#920 = DIRECTION ( 'NONE',  ( -0.9848077530122093526, -3.085308620031094321E-17, -0.1736481776669234756 ) ) ;
#921 = CIRCLE ( 'NONE', #1253, 6.000000000000000000 ) ;
#922 = VECTOR ( 'NONE', #920, 1.000000000000000000 ) ;
#923 = DIRECTION ( 'NONE',  ( 1.000000000000000000, -2.220446049250313081E-16, -3.552713678800500929E-15 ) ) ;
#924 = FACE_OUTER_BOUND ( 'NONE', #965, .T. ) ;
#925 = ADVANCED_FACE ( 'NONE', ( #508 ), #2152, .T. ) ;
#926 = ORIENTED_EDGE ( 'NONE', *, *, #1382, .F. ) ;
#927 = ORIENTED_EDGE ( 'NONE', *, *, #1797, .F. ) ;
#928 = CARTESIAN_POINT ( 'NONE',  ( -19.75131652704090612, -0.9900000000000003242, -0.6600000000000002531 ) ) ;
#929 = ORIENTED_EDGE ( 'NONE', *, *, #977, .T. ) ;
#930 = AXIS2_PLACEMENT_3D ( 'NONE', #696, #2368, #521 ) ;
#931 = ORIENTED_EDGE ( 'NONE', *, *, #2314, .T. ) ;
#932 = DIRECTION ( 'NONE',  ( 0.000000000000000000, -0.9901138386947149206, -0.1402661271484180461 ) ) ;
#933 = DIRECTION ( 'NONE',  ( -1.000000000000000000, 0.000000000000000000, -0.000000000000000000 ) ) ;
#934 = DIRECTION ( 'NONE',  ( -1.000000000000000000, 0.000000000000000000, 0.000000000000000000 ) ) ;
#935 =( NAMED_UNIT ( * ) PLANE_ANGLE_UNIT ( ) SI_UNIT ( $, .RADIAN. ) );
#936 = ADVANCED_FACE ( 'NONE', ( #1726 ), #2560, .T. ) ;
#937 = CARTESIAN_POINT ( 'NONE',  ( -28.35000000000000142, -1.189999999999998392, -0.9600000000000001865 ) ) ;
#938 = CYLINDRICAL_SURFACE ( 'NONE', #754, 6.000000000000000000 ) ;
#939 = EDGE_CURVE ( 'NONE', #863, #1665, #1768, .T. ) ;
#940 = CIRCLE ( 'NONE', #150, 0.07999999999999996003 ) ;
#941 = ORIENTED_EDGE ( 'NONE', *, *, #187, .T. ) ;
#942 = CARTESIAN_POINT ( 'NONE',  ( -19.75131652704090612, 0.9899999999999982148, -0.6600000000000002531 ) ) ;
#943 = VERTEX_POINT ( 'NONE', #332 ) ;
#944 = ORIENTED_EDGE ( 'NONE', *, *, #1567, .T. ) ;
#945 = DIRECTION ( 'NONE',  ( -0.000000000000000000, 0.000000000000000000, 1.000000000000000000 ) ) ;
#946 = CARTESIAN_POINT ( 'NONE',  ( -14.17500000000000071, 1.189999999999997948, -1.160000000000000142 ) ) ;
#947 = PRESENTATION_STYLE_ASSIGNMENT (( #768 ) ) ;
#948 = CARTESIAN_POINT ( 'NONE',  ( -27.97000000000000242, 0.8750000000000000000, -1.060000000000000053 ) ) ;
#949 = CARTESIAN_POINT ( 'NONE',  ( -28.35000000000000142, 0.9899999999999984368, -0.6600000000000019185 ) ) ;
#950 = VECTOR ( 'NONE', #650, 1.000000000000000000 ) ;
#951 = VECTOR ( 'NONE', #2277, 1.000000000000000000 ) ;
#952 = ORIENTED_EDGE ( 'NONE', *, *, #1799, .T. ) ;
#953 = CARTESIAN_POINT ( 'NONE',  ( 0.000000000000000000, -0.8750000000000000000, -1.060000000000000053 ) ) ;
#954 = ORIENTED_EDGE ( 'NONE', *, *, #2207, .F. ) ;
#955 = ORIENTED_EDGE ( 'NONE', *, *, #982, .F. ) ;
#956 = CARTESIAN_POINT ( 'NONE',  ( -2.350000000000000533, -0.2000000000000000111, -0.8250000000000000666 ) ) ;
#957 = DIRECTION ( 'NONE',  ( -0.000000000000000000, 1.000000000000000000, -0.000000000000000000 ) ) ;
#958 = AXIS2_PLACEMENT_3D ( 'NONE', #1436, #809, #2268 ) ;
#959 = DIRECTION ( 'NONE',  ( 0.000000000000000000, -0.9901138386947148096, 0.1402661271484180183 ) ) ;
#960 = LINE ( 'NONE', #949, #1953 ) ;
#961 = EDGE_CURVE ( 'NONE', #1213, #751, #702, .T. ) ;
#962 = EDGE_LOOP ( 'NONE', ( #1620, #2544, #284, #1477 ) ) ;
#963 = EDGE_CURVE ( 'NONE', #2516, #1706, #478, .T. ) ;
#964 = LINE ( 'NONE', #578, #2512 ) ;
#965 = EDGE_LOOP ( 'NONE', ( #1705, #329, #808, #2047 ) ) ;
#966 = VERTEX_POINT ( 'NONE', #1153 ) ;
#967 = EDGE_CURVE ( 'NONE', #2237, #1471, #1120, .T. ) ;
#968 = CARTESIAN_POINT ( 'NONE',  ( -19.75131652704090257, 1.189999999999998170, -6.660000000000000142 ) ) ;
#969 = LINE ( 'NONE', #1022, #2519 ) ;
#970 = CARTESIAN_POINT ( 'NONE',  ( -18.04195708484602534, -1.190000000000001501, -0.8688465180732550808 ) ) ;
#971 = CYLINDRICAL_SURFACE ( 'NONE', #2186, 0.07999999999999996003 ) ;
#972 = VERTEX_POINT ( 'NONE', #93 ) ;
#973 = AXIS2_PLACEMENT_3D ( 'NONE', #1059, #919, #2138 ) ;
#974 = PLANE ( 'NONE',  #958 ) ;
#975 = VERTEX_POINT ( 'NONE', #1943 ) ;
#976 = EDGE_LOOP ( 'NONE', ( #1097, #181, #1623, #580 ) ) ;
#977 = EDGE_CURVE ( 'NONE', #1825, #867, #892, .T. ) ;
#978 = DIRECTION ( 'NONE',  ( 1.000000000000000000, 0.000000000000000000, 0.000000000000000000 ) ) ;
#979 = VECTOR ( 'NONE', #266, 1.000000000000000000 ) ;
#980 = CARTESIAN_POINT ( 'NONE',  ( 0.6167948635501689925, -0.8750000000000000000, -1.060000000000000053 ) ) ;
#981 = CARTESIAN_POINT ( 'NONE',  ( -2.825068018844486328, 0.9899999999999983258, 5.040000000000000036 ) ) ;
#982 = EDGE_CURVE ( 'NONE', #1186, #171, #2547, .T. ) ;
#983 = AXIS2_PLACEMENT_3D ( 'NONE', #1653, #526, #2154 ) ;
#984 = EDGE_CURVE ( 'NONE', #876, #763, #1740, .T. ) ;
#985 = ORIENTED_EDGE ( 'NONE', *, *, #189, .F. ) ;
#986 = AXIS2_PLACEMENT_3D ( 'NONE', #2293, #1061, #860 ) ;
#987 = CYLINDRICAL_SURFACE ( 'NONE', #645, 6.000000000000000000 ) ;
#988 = VERTEX_POINT ( 'NONE', #2167 ) ;
#989 = EDGE_CURVE ( 'NONE', #34, #943, #2000, .T. ) ;
#990 = ORIENTED_EDGE ( 'NONE', *, *, #977, .F. ) ;
#991 = CARTESIAN_POINT ( 'NONE',  ( -26.00000000000000000, -1.189999999999998836, -0.9600000000000001865 ) ) ;
#992 = DIRECTION ( 'NONE',  ( 1.000000000000000000, -0.000000000000000000, -0.000000000000000000 ) ) ;
#993 = DIRECTION ( 'NONE',  ( 0.000000000000000000, 0.1699069165076472487, -0.9854601157443478865 ) ) ;
#994 = DIRECTION ( 'NONE',  ( 0.000000000000000000, 0.000000000000000000, 1.000000000000000000 ) ) ;
#995 = EDGE_CURVE ( 'NONE', #2043, #2209, #1961, .T. ) ;
#996 = VECTOR ( 'NONE', #1969, 1.000000000000000000 ) ;
#997 = EDGE_CURVE ( 'NONE', #988, #2004, #783, .T. ) ;
#998 = ORIENTED_EDGE ( 'NONE', *, *, #125, .F. ) ;
#999 = AXIS2_PLACEMENT_3D ( 'NONE', #683, #934, #1754 ) ;
#1000 = LINE ( 'NONE', #600, #1422 ) ;
#1001 = ORIENTED_EDGE ( 'NONE', *, *, #2432, .T. ) ;
#1002 = AXIS2_PLACEMENT_3D ( 'NONE', #2061, #595, #791 ) ;
#1003 = VERTEX_POINT ( 'NONE', #2589 ) ;
#1004 = CARTESIAN_POINT ( 'NONE',  ( -8.598683472959098850, -0.9899999999999999911, -6.660000000000000142 ) ) ;
#1005 = EDGE_LOOP ( 'NONE', ( #2289, #1702, #1818, #1992 ) ) ;
#1006 = FACE_OUTER_BOUND ( 'NONE', #1602, .T. ) ;
#1007 = DIRECTION ( 'NONE',  ( 0.9848077530122092416, 0.000000000000000000, -0.1736481776669237531 ) ) ;
#1008 = EDGE_CURVE ( 'NONE', #1413, #2120, #729, .T. ) ;
#1009 = VECTOR ( 'NONE', #2229, 1.000000000000000222 ) ;
#1010 = ORIENTED_EDGE ( 'NONE', *, *, #145, .F. ) ;
#1011 = FACE_OUTER_BOUND ( 'NONE', #883, .T. ) ;
#1012 = CARTESIAN_POINT ( 'NONE',  ( -28.34999999999999787, -0.9899999999999984368, -0.6600000000000019185 ) ) ;
#1013 = EDGE_LOOP ( 'NONE', ( #1876, #2302, #1281, #2350, #452, #503, #1791, #1078 ) ) ;
#1014 = DIRECTION ( 'NONE',  ( 0.000000000000000000, -1.000000000000000000, -0.000000000000000000 ) ) ;
#1015 = ORIENTED_EDGE ( 'NONE', *, *, #676, .T. ) ;
#1016 = AXIS2_PLACEMENT_3D ( 'NONE', #1273, #1455, #1071 ) ;
#1017 = CARTESIAN_POINT ( 'NONE',  ( -26.40000000000000213, 0.000000000000000000, 0.000000000000000000 ) ) ;
#1018 = CYLINDRICAL_SURFACE ( 'NONE', #661, 0.07999999999999996003 ) ;
#1019 = CARTESIAN_POINT ( 'NONE',  ( -13.97499999999999787, -1.190000000000001501, -0.9600000000000001865 ) ) ;
#1020 = EDGE_CURVE ( 'NONE', #500, #237, #1145, .T. ) ;
#1021 = LINE ( 'NONE', #2672, #2391 ) ;
#1022 = CARTESIAN_POINT ( 'NONE',  ( -28.34999999999999787, -0.9899999999999984368, -0.9600000000000019629 ) ) ;
#1023 = ORIENTED_EDGE ( 'NONE', *, *, #2168, .F. ) ;
#1024 = VERTEX_POINT ( 'NONE', #2139 ) ;
#1025 = VECTOR ( 'NONE', #2462, 1.000000000000000000 ) ;
#1026 = CARTESIAN_POINT ( 'NONE',  ( -18.70942746103936116, 1.189999999999998392, -0.7511534819267452479 ) ) ;
#1027 = AXIS2_PLACEMENT_3D ( 'NONE', #1595, #95, #923 ) ;
#1028 = ADVANCED_FACE ( 'NONE', ( #118 ), #277, .F. ) ;
#1029 = LINE ( 'NONE', #2664, #2042 ) ;
#1030 = DIRECTION ( 'NONE',  ( -1.000000000000000000, 0.000000000000000000, 0.000000000000000000 ) ) ;
#1031 = LINE ( 'NONE', #1847, #2458 ) ;
#1032 = LINE ( 'NONE', #1220, #372 ) ;
#1033 = FACE_OUTER_BOUND ( 'NONE', #2082, .T. ) ;
#1034 = ORIENTED_EDGE ( 'NONE', *, *, #1664, .F. ) ;
#1035 = ADVANCED_FACE ( 'NONE', ( #1524 ), #2070, .T. ) ;
#1036 = DIRECTION ( 'NONE',  ( 1.000000000000000000, -0.000000000000000000, -0.000000000000000000 ) ) ;
#1037 = CARTESIAN_POINT ( 'NONE',  ( -11.34993198115551927, 0.000000000000000000, -0.9600000000000001865 ) ) ;
#1038 = ORIENTED_EDGE ( 'NONE', *, *, #1638, .T. ) ;
#1039 = AXIS2_PLACEMENT_3D ( 'NONE', #1017, #2450, #165 ) ;
#1040 = EDGE_CURVE ( 'NONE', #490, #2189, #2201, .T. ) ;
#1041 = ORIENTED_EDGE ( 'NONE', *, *, #1488, .F. ) ;
#1042 = VECTOR ( 'NONE', #1337, 1.000000000000000000 ) ;
#1043 = DIRECTION ( 'NONE',  ( 1.000000000000000000, -0.000000000000000000, -0.000000000000000000 ) ) ;
#1044 = LINE ( 'NONE', #2459, #1575 ) ;
#1045 = DIRECTION ( 'NONE',  ( -0.000000000000000000, 1.000000000000000000, -0.000000000000000000 ) ) ;
#1046 = DIRECTION ( 'NONE',  ( -3.132904478660053556E-17, 1.000000000000000000, -0.000000000000000000 ) ) ;
#1047 = DIRECTION ( 'NONE',  ( 1.000000000000000000, 0.000000000000000000, 1.908428413691174465E-16 ) ) ;
#1048 = LINE ( 'NONE', #1884, #75 ) ;
#1049 = VECTOR ( 'NONE', #713, 1.000000000000000000 ) ;
#1050 = VERTEX_POINT ( 'NONE', #1787 ) ;
#1051 = DIRECTION ( 'NONE',  ( 0.000000000000000000, -0.1699069165076472487, -0.9854601157443478865 ) ) ;
#1052 = LINE ( 'NONE', #850, #1929 ) ;
#1053 = ORIENTED_EDGE ( 'NONE', *, *, #1202, .F. ) ;
#1054 = VERTEX_POINT ( 'NONE', #835 ) ;
#1055 = PLANE ( 'NONE',  #504 ) ;
#1056 = VECTOR ( 'NONE', #1894, 1.000000000000000000 ) ;
#1057 = ORIENTED_EDGE ( 'NONE', *, *, #88, .T. ) ;
#1058 = CARTESIAN_POINT ( 'NONE',  ( -28.96679486355017019, -0.8750000000000000000, -1.140000000000000124 ) ) ;
#1059 = CARTESIAN_POINT ( 'NONE',  ( -0.1622440211999303383, 1.189999999999998392, 0.9201315677728726383 ) ) ;
#1060 = DIRECTION ( 'NONE',  ( 0.000000000000000000, 0.000000000000000000, -1.000000000000000000 ) ) ;
#1061 = DIRECTION ( 'NONE',  ( 0.000000000000000000, -1.000000000000000000, 0.000000000000000000 ) ) ;
#1062 = ORIENTED_EDGE ( 'NONE', *, *, #1158, .T. ) ;
#1063 = CARTESIAN_POINT ( 'NONE',  ( -5.576316527040904525, 0.9899999999999982148, -6.660000000000001030 ) ) ;
#1064 = VERTEX_POINT ( 'NONE', #207 ) ;
#1065 = ADVANCED_FACE ( 'NONE', ( #1828 ), #1646, .F. ) ;
#1066 = FACE_OUTER_BOUND ( 'NONE', #76, .T. ) ;
#1067 = DIRECTION ( 'NONE',  ( -0.000000000000000000, -1.000000000000000000, -0.000000000000000000 ) ) ;
#1068 = ORIENTED_EDGE ( 'NONE', *, *, #685, .F. ) ;
#1069 = EDGE_LOOP ( 'NONE', ( #2149, #1482 ) ) ;
#1070 = CIRCLE ( 'NONE', #2593, 6.000000000000000000 ) ;
#1071 = DIRECTION ( 'NONE',  ( 0.000000000000000000, 0.000000000000000000, 1.000000000000000000 ) ) ;
#1072 = ORIENTED_EDGE ( 'NONE', *, *, #1234, .F. ) ;
#1073 = CARTESIAN_POINT ( 'NONE',  ( 0.000000000000000000, -0.8750000000000000000, -0.9800000000000000933 ) ) ;
#1074 = EDGE_CURVE ( 'NONE', #1409, #1775, #1385, .T. ) ;
#1075 = CARTESIAN_POINT ( 'NONE',  ( -9.640572538960640259, 1.189999999999998392, -0.7511534819267456919 ) ) ;
#1076 = VECTOR ( 'NONE', #1384, 1.000000000000000000 ) ;
#1077 = LINE ( 'NONE', #2256, #1376 ) ;
#1078 = ORIENTED_EDGE ( 'NONE', *, *, #1315, .T. ) ;
#1079 = CARTESIAN_POINT ( 'NONE',  ( -28.96679486355017019, 0.8750000000000000000, -1.060000000000000053 ) ) ;
#1080 = EDGE_CURVE ( 'NONE', #316, #1166, #1856, .T. ) ;
#1081 = ORIENTED_EDGE ( 'NONE', *, *, #2474, .T. ) ;
#1082 = EDGE_CURVE ( 'NONE', #1330, #240, #2422, .T. ) ;
#1083 = DIRECTION ( 'NONE',  ( 0.000000000000000000, -1.000000000000000000, 0.000000000000000000 ) ) ;
#1084 = PLANE ( 'NONE',  #1473 ) ;
#1085 = ORIENTED_EDGE ( 'NONE', *, *, #160, .T. ) ;
#1086 = ADVANCED_FACE ( 'NONE', ( #191 ), #407, .T. ) ;
#1087 = ORIENTED_EDGE ( 'NONE', *, *, #2442, .F. ) ;
#1088 = VECTOR ( 'NONE', #1774, 1.000000000000000000 ) ;
#1089 = DIRECTION ( 'NONE',  ( 1.000000000000000000, -0.000000000000000000, -0.000000000000000000 ) ) ;
#1090 = VERTEX_POINT ( 'NONE', #1168 ) ;
#1091 = CARTESIAN_POINT ( 'NONE',  ( -13.97500000000000142, -0.8000000000000000444, -0.9100000000000001421 ) ) ;
#1092 = DIRECTION ( 'NONE',  ( 1.000000000000000000, -2.220446049250313081E-16, 6.217248937900876626E-15 ) ) ;
#1093 = CARTESIAN_POINT ( 'NONE',  ( -26.40000000000000213, 0.8999999999999999112, -0.9100000000000001421 ) ) ;
#1094 = PLANE ( 'NONE',  #1979 ) ;
#1095 = LINE ( 'NONE', #2113, #2054 ) ;
#1096 = CYLINDRICAL_SURFACE ( 'NONE', #530, 5.999999999999999112 ) ;
#1097 = ORIENTED_EDGE ( 'NONE', *, *, #587, .T. ) ;
#1098 = ORIENTED_EDGE ( 'NONE', *, *, #2518, .F. ) ;
#1099 = CARTESIAN_POINT ( 'NONE',  ( 0.000000000000000000, -0.8750000000000000000, -1.060000000000000053 ) ) ;
#1100 = VERTEX_POINT ( 'NONE', #1373 ) ;
#1101 = DIRECTION ( 'NONE',  ( -1.000000000000000000, -3.132904478660053556E-17, 1.633773012826316475E-16 ) ) ;
#1102 = FACE_OUTER_BOUND ( 'NONE', #1545, .T. ) ;
#1103 = CARTESIAN_POINT ( 'NONE',  ( -1.950000000000000622, -0.8000000000000000444, -0.9100000000000001421 ) ) ;
#1104 = EDGE_CURVE ( 'NONE', #861, #1174, #136, .T. ) ;
#1105 = DIRECTION ( 'NONE',  ( 0.000000000000000000, 0.9901138386947149206, -0.1402661271484180461 ) ) ;
#1106 = VECTOR ( 'NONE', #2334, 1.000000000000000000 ) ;
#1107 = LINE ( 'NONE', #1759, #2079 ) ;
#1108 = EDGE_CURVE ( 'NONE', #98, #1833, #1390, .T. ) ;
#1109 = VECTOR ( 'NONE', #1301, 1.000000000000000000 ) ;
#1110 = DIRECTION ( 'NONE',  ( -1.000000000000000000, -0.000000000000000000, -0.000000000000000000 ) ) ;
#1111 = CARTESIAN_POINT ( 'NONE',  ( -0.2651845289799106831, 0.9899999999999984368, -1.503936198047713280 ) ) ;
#1112 = ORIENTED_EDGE ( 'NONE', *, *, #1082, .T. ) ;
#1113 = ORIENTED_EDGE ( 'NONE', *, *, #939, .T. ) ;
#1114 = LINE ( 'NONE', #1474, #154 ) ;
#1115 = ORIENTED_EDGE ( 'NONE', *, *, #1687, .T. ) ;
#1116 = ORIENTED_EDGE ( 'NONE', *, *, #325, .T. ) ;
#1117 = LINE ( 'NONE', #1958, #576 ) ;
#1118 = EDGE_CURVE ( 'NONE', #2456, #2209, #969, .T. ) ;
#1119 = FACE_OUTER_BOUND ( 'NONE', #2286, .T. ) ;
#1120 = LINE ( 'NONE', #946, #823 ) ;
#1121 = CARTESIAN_POINT ( 'NONE',  ( -3.866957084846029069, 1.189999999999998392, -0.8688465180732545257 ) ) ;
#1122 = FACE_OUTER_BOUND ( 'NONE', #1615, .T. ) ;
#1123 = DIRECTION ( 'NONE',  ( -3.132904478660053556E-17, -1.000000000000000000, 0.000000000000000000 ) ) ;
#1124 = CARTESIAN_POINT ( 'NONE',  ( -2.350000000000000533, 0.8999999999999999112, -0.9100000000000001421 ) ) ;
#1125 = EDGE_LOOP ( 'NONE', ( #2584, #1950, #1951, #2159, #1209 ) ) ;
#1126 = ORIENTED_EDGE ( 'NONE', *, *, #592, .T. ) ;
#1127 = LINE ( 'NONE', #1954, #868 ) ;
#1128 = ORIENTED_EDGE ( 'NONE', *, *, #395, .T. ) ;
#1129 = ADVANCED_FACE ( 'NONE', ( #2046 ), #1593, .T. ) ;
#1130 = AXIS2_PLACEMENT_3D ( 'NONE', #749, #760, #1763 ) ;
#1131 = EDGE_LOOP ( 'NONE', ( #423, #1270, #1532, #2360, #1298 ) ) ;
#1132 = EDGE_CURVE ( 'NONE', #1213, #1614, #810, .T. ) ;
#1133 = DIRECTION ( 'NONE',  ( 1.000000000000000000, 2.193033135062037489E-16, 0.000000000000000000 ) ) ;
#1134 = DIRECTION ( 'NONE',  ( -1.000000000000000000, 3.700743415417188263E-17, 2.309263891220325604E-14 ) ) ;
#1135 = DIRECTION ( 'NONE',  ( 1.000000000000000000, -2.220446049250313081E-16, 0.000000000000000000 ) ) ;
#1136 = CIRCLE ( 'NONE', #781, 6.000000000000001776 ) ;
#1137 = CIRCLE ( 'NONE', #1352, 6.000000000000000000 ) ;
#1138 = DIRECTION ( 'NONE',  ( -0.000000000000000000, -1.224646799147353207E-16, 1.000000000000000000 ) ) ;
#1139 = DIRECTION ( 'NONE',  ( -1.000000000000000000, -2.220446049250312341E-16, 0.000000000000000000 ) ) ;
#1140 = VERTEX_POINT ( 'NONE', #1634 ) ;
#1141 = ORIENTED_EDGE ( 'NONE', *, *, #788, .T. ) ;
#1142 = ORIENTED_EDGE ( 'NONE', *, *, #1854, .F. ) ;
#1143 = LINE ( 'NONE', #317, #2222 ) ;
#1144 = DIRECTION ( 'NONE',  ( 0.000000000000000000, 0.9854601157443477755, 0.1699069165076472210 ) ) ;
#1145 = LINE ( 'NONE', #1973, #1905 ) ;
#1146 = CARTESIAN_POINT ( 'NONE',  ( -28.18775597880006956, 1.189999999999998392, 0.9201315677728726383 ) ) ;
#1147 = LINE ( 'NONE', #496, #1608 ) ;
#1148 = ORIENTED_EDGE ( 'NONE', *, *, #1528, .F. ) ;
#1149 = LINE ( 'NONE', #1981, #1088 ) ;
#1150 = EDGE_LOOP ( 'NONE', ( #926, #2382, #1796, #2493 ) ) ;
#1151 = ORIENTED_EDGE ( 'NONE', *, *, #2039, .F. ) ;
#1152 = CARTESIAN_POINT ( 'NONE',  ( -1.950000000000000622, -1.189999999999998392, -0.9600000000000001865 ) ) ;
#1153 = CARTESIAN_POINT ( 'NONE',  ( -1.950000000000000622, -0.8999999999999999112, -0.9100000000000001421 ) ) ;
#1154 =( NAMED_UNIT ( * ) PLANE_ANGLE_UNIT ( ) SI_UNIT ( $, .RADIAN. ) );
#1155 = EDGE_CURVE ( 'NONE', #1708, #2456, #1137, .T. ) ;
#1156 = DIRECTION ( 'NONE',  ( -1.000000000000000000, -2.220446049250313081E-16, 0.000000000000000000 ) ) ;
#1157 = CARTESIAN_POINT ( 'NONE',  ( -27.97000000000000242, -0.8750000000000000000, -1.060000000000000053 ) ) ;
#1158 = EDGE_CURVE ( 'NONE', #300, #1994, #1222, .T. ) ;
#1159 = VECTOR ( 'NONE', #2183, 1.000000000000000222 ) ;
#1160 = CIRCLE ( 'NONE', #1505, 0.07999999999999996003 ) ;
#1161 = ADVANCED_FACE ( 'NONE', ( #820 ), #131, .F. ) ;
#1162 = VERTEX_POINT ( 'NONE', #343 ) ;
#1163 = ADVANCED_FACE ( 'NONE', ( #2612 ), #753, .F. ) ;
#1164 = FACE_OUTER_BOUND ( 'NONE', #155, .T. ) ;
#1165 = EDGE_LOOP ( 'NONE', ( #1128, #2609, #2160, #360 ) ) ;
#1166 = VERTEX_POINT ( 'NONE', #1690 ) ;
#1167 = FACE_OUTER_BOUND ( 'NONE', #127, .T. ) ;
#1168 = CARTESIAN_POINT ( 'NONE',  ( -28.97000000000000242, -0.8750000000000001110, -1.060000000000000053 ) ) ;
#1169 = DIRECTION ( 'NONE',  ( -1.224646799147353207E-16, -1.000000000000000000, 0.000000000000000000 ) ) ;
#1170 = DIRECTION ( 'NONE',  ( 1.000000000000000000, 0.000000000000000000, -1.908428413691174465E-16 ) ) ;
#1171 = VECTOR ( 'NONE', #698, 1.000000000000000000 ) ;
#1172 = ORIENTED_EDGE ( 'NONE', *, *, #85, .T. ) ;
#1173 = CARTESIAN_POINT ( 'NONE',  ( -8.598683472959098850, 0.9899999999999982148, -6.660000000000000142 ) ) ;
#1174 = VERTEX_POINT ( 'NONE', #910 ) ;
#1175 = EDGE_LOOP ( 'NONE', ( #1370, #2535, #2174, #1405 ) ) ;
#1176 = PLANE ( 'NONE',  #2014 ) ;
#1177 = VECTOR ( 'NONE', #214, 1.000000000000000000 ) ;
#1178 =( LENGTH_UNIT ( ) NAMED_UNIT ( * ) SI_UNIT ( $, .METRE. ) );
#1179 = LINE ( 'NONE', #1217, #212 ) ;
#1180 = PLANE ( 'NONE',  #1820 ) ;
#1181 = ADVANCED_FACE ( 'NONE', ( #704 ), #1084, .F. ) ;
#1182 = EDGE_CURVE ( 'NONE', #1174, #1050, #311, .T. ) ;
#1183 = ORIENTED_EDGE ( 'NONE', *, *, #565, .T. ) ;
#1184 = CIRCLE ( 'NONE', #24, 6.000000000000000000 ) ;
#1185 = LINE ( 'NONE', #2475, #51 ) ;
#1186 = VERTEX_POINT ( 'NONE', #1312 ) ;
#1187 = ORIENTED_EDGE ( 'NONE', *, *, #1952, .F. ) ;
#1188 = DIRECTION ( 'NONE',  ( 0.000000000000000000, 0.000000000000000000, -1.000000000000000000 ) ) ;
#1189 = VECTOR ( 'NONE', #466, 1.000000000000000000 ) ;
#1190 = ADVANCED_FACE ( 'NONE', ( #438 ), #223, .F. ) ;
#1191 = ORIENTED_EDGE ( 'NONE', *, *, #1922, .T. ) ;
#1192 = DIRECTION ( 'NONE',  ( -1.000000000000000000, -0.000000000000000000, -0.000000000000000000 ) ) ;
#1193 = CARTESIAN_POINT ( 'NONE',  ( -28.35000000000000142, 0.000000000000000000, -0.9600000000000001865 ) ) ;
#1194 = ADVANCED_FACE ( 'NONE', ( #1704 ), #1096, .T. ) ;
#1195 = CIRCLE ( 'NONE', #733, 6.000000000000000000 ) ;
#1196 =( GEOMETRIC_REPRESENTATION_CONTEXT ( 3 ) GLOBAL_UNCERTAINTY_ASSIGNED_CONTEXT ( ( #21 ) ) GLOBAL_UNIT_ASSIGNED_CONTEXT ( ( #1322, #935, #730 ) ) REPRESENTATION_CONTEXT ( 'NONE', 'WORKASPACE' ) );
#1197 = ORIENTED_EDGE ( 'NONE', *, *, #2128, .F. ) ;
#1198 = AXIS2_PLACEMENT_3D ( 'NONE', #1807, #1043, #1215 ) ;
#1199 = DIRECTION ( 'NONE',  ( 0.000000000000000000, -1.000000000000000000, 0.000000000000000000 ) ) ;
#1200 = VERTEX_POINT ( 'NONE', #2335 ) ;
#1201 = VERTEX_POINT ( 'NONE', #486 ) ;
#1202 = EDGE_CURVE ( 'NONE', #98, #470, #2539, .T. ) ;
#1203 = CYLINDRICAL_SURFACE ( 'NONE', #467, 6.000000000000000000 ) ;
#1204 = EDGE_CURVE ( 'NONE', #500, #837, #2550, .T. ) ;
#1205 = LINE ( 'NONE', #196, #1354 ) ;
#1206 = CARTESIAN_POINT ( 'NONE',  ( -26.40000000000000213, -1.189999999999998392, -0.9600000000000001865 ) ) ;
#1207 = CARTESIAN_POINT ( 'NONE',  ( -28.08481547102008946, 1.189999999999998392, -1.503936198047713280 ) ) ;
#1208 = AXIS2_PLACEMENT_3D ( 'NONE', #299, #722, #553 ) ;
#1209 = ORIENTED_EDGE ( 'NONE', *, *, #1718, .T. ) ;
#1210 = VECTOR ( 'NONE', #81, 1.000000000000000000 ) ;
#1211 = DIRECTION ( 'NONE',  ( -0.000000000000000000, 0.000000000000000000, -1.000000000000000000 ) ) ;
#1212 = DIRECTION ( 'NONE',  ( 0.000000000000000000, 1.224646799147353207E-16, 1.000000000000000000 ) ) ;
#1213 = VERTEX_POINT ( 'NONE', #1514 ) ;
#1214 = CIRCLE ( 'NONE', #1002, 6.000000000000000000 ) ;
#1215 = DIRECTION ( 'NONE',  ( 0.000000000000000000, 0.000000000000000000, 1.000000000000000000 ) ) ;
#1216 = VERTEX_POINT ( 'NONE', #283 ) ;
#1217 = CARTESIAN_POINT ( 'NONE',  ( -1.950000000000000622, -0.2000000000000000111, -0.8250000000000000666 ) ) ;
#1218 = FACE_OUTER_BOUND ( 'NONE', #811, .T. ) ;
#1219 = AXIS2_PLACEMENT_3D ( 'NONE', #981, #2426, #2461 ) ;
#1220 = CARTESIAN_POINT ( 'NONE',  ( -13.97500000000000142, 0.2000000000000000111, -0.8250000000000000666 ) ) ;
#1221 = CARTESIAN_POINT ( 'NONE',  ( -9.640572538960642035, 0.9899999999999981037, -0.7511534819267456919 ) ) ;
#1222 = LINE ( 'NONE', #1841, #432 ) ;
#1223 = VERTEX_POINT ( 'NONE', #1870 ) ;
#1224 = CIRCLE ( 'NONE', #1872, 6.000000000000001776 ) ;
#1225 = ORIENTED_EDGE ( 'NONE', *, *, #1108, .F. ) ;
#1226 = CARTESIAN_POINT ( 'NONE',  ( -27.97000000000000242, 0.8750000000000000000, -1.060000000000000053 ) ) ;
#1227 = ORIENTED_EDGE ( 'NONE', *, *, #188, .F. ) ;
#1228 = VECTOR ( 'NONE', #1949, 1.000000000000000000 ) ;
#1229 = CARTESIAN_POINT ( 'NONE',  ( -17.00006801884448038, 1.189999999999998392, 5.040000000000000036 ) ) ;
#1230 = LINE ( 'NONE', #1075, #1629 ) ;
#1231 = FACE_OUTER_BOUND ( 'NONE', #836, .T. ) ;
#1232 = EDGE_CURVE ( 'NONE', #589, #1347, #1486, .T. ) ;
#1233 = DIRECTION ( 'NONE',  ( 0.000000000000000000, 0.000000000000000000, 1.000000000000000000 ) ) ;
#1234 = EDGE_CURVE ( 'NONE', #102, #1659, #1500, .T. ) ;
#1235 = ADVANCED_FACE ( 'NONE', ( #469 ), #2564, .T. ) ;
#1236 = ORIENTED_EDGE ( 'NONE', *, *, #1331, .F. ) ;
#1237 = LINE ( 'NONE', #690, #400 ) ;
#1238 = DIRECTION ( 'NONE',  ( 1.000000000000000000, -2.193033135062037489E-16, 1.908428413691174465E-16 ) ) ;
#1239 = EDGE_LOOP ( 'NONE', ( #2271, #1773, #2361, #449 ) ) ;
#1240 = ORIENTED_EDGE ( 'NONE', *, *, #2210, .T. ) ;
#1241 = CARTESIAN_POINT ( 'NONE',  ( -2.825068018844486328, 0.000000000000000000, 5.040000000000000036 ) ) ;
#1242 = AXIS2_PLACEMENT_3D ( 'NONE', #980, #2634, #1822 ) ;
#1243 = CARTESIAN_POINT ( 'NONE',  ( -14.17500000000000071, 1.189999999999997948, -0.9600000000000001865 ) ) ;
#1244 = LINE ( 'NONE', #1861, #1379 ) ;
#1245 = DIRECTION ( 'NONE',  ( -1.000000000000000000, 3.700743415417188263E-17, -3.552713678800500929E-15 ) ) ;
#1246 = CARTESIAN_POINT ( 'NONE',  ( -28.96679486355017019, -0.9550000000000075095, -1.060000000000000053 ) ) ;
#1247 = CARTESIAN_POINT ( 'NONE',  ( -10.30804291515397786, -1.190000000000001501, -0.8688465180732550808 ) ) ;
#1248 = VECTOR ( 'NONE', #1404, 1.000000000000000000 ) ;
#1249 = VERTEX_POINT ( 'NONE', #45 ) ;
#1250 = DIRECTION ( 'NONE',  ( -0.9848077530122092416, 0.000000000000000000, 0.1736481776669234756 ) ) ;
#1251 = CARTESIAN_POINT ( 'NONE',  ( -25.52493198115551465, -0.9899999999999991029, 5.040000000000000036 ) ) ;
#1252 = ORIENTED_EDGE ( 'NONE', *, *, #85, .F. ) ;
#1253 = AXIS2_PLACEMENT_3D ( 'NONE', #1542, #1527, #1324 ) ;
#1254 = PRODUCT_DEFINITION ( 'NON CONOSCIUTO', '', #2116, #828 ) ;
#1255 = EDGE_LOOP ( 'NONE', ( #111, #2031, #931, #709 ) ) ;
#1256 = VECTOR ( 'NONE', #1238, 1.000000000000000000 ) ;
#1257 = CARTESIAN_POINT ( 'NONE',  ( -28.18775597880006956, -1.190000000000001501, 0.9201315677728726383 ) ) ;
#1258 = ORIENTED_EDGE ( 'NONE', *, *, #1280, .T. ) ;
#1259 =( NAMED_UNIT ( * ) PLANE_ANGLE_UNIT ( ) SI_UNIT ( $, .RADIAN. ) );
#1260 = PLANE ( 'NONE',  #2148 ) ;
#1261 = CARTESIAN_POINT ( 'NONE',  ( -19.75131652704090257, -1.190000000000000169, -6.660000000000000142 ) ) ;
#1262 = LINE ( 'NONE', #2501, #1677 ) ;
#1263 = ORIENTED_EDGE ( 'NONE', *, *, #1427, .T. ) ;
#1264 = ADVANCED_FACE ( 'NONE', ( #2359 ), #499, .F. ) ;
#1265 = DIRECTION ( 'NONE',  ( 0.000000000000000000, 0.000000000000000000, 1.000000000000000000 ) ) ;
#1266 = VECTOR ( 'NONE', #1133, 1.000000000000000000 ) ;
#1267 = ORIENTED_EDGE ( 'NONE', *, *, #2090, .T. ) ;
#1268 = DIRECTION ( 'NONE',  ( 0.9848077530122093526, -2.159716034021766272E-16, -0.1736481776669234756 ) ) ;
#1269 = LINE ( 'NONE', #1468, #1109 ) ;
#1270 = ORIENTED_EDGE ( 'NONE', *, *, #2008, .T. ) ;
#1271 = ORIENTED_EDGE ( 'NONE', *, *, #1762, .T. ) ;
#1272 = EDGE_CURVE ( 'NONE', #1186, #2524, #1052, .T. ) ;
#1273 = CARTESIAN_POINT ( 'NONE',  ( -28.35000000000000142, 0.8750000000000000000, -1.060000000000000053 ) ) ;
#1274 = AXIS2_PLACEMENT_3D ( 'NONE', #2357, #2122, #1479 ) ;
#1275 = EDGE_LOOP ( 'NONE', ( #706, #2015, #398, #2406 ) ) ;
#1276 = EDGE_CURVE ( 'NONE', #815, #285, #1269, .T. ) ;
#1277 = DIRECTION ( 'NONE',  ( 1.000000000000000000, 0.000000000000000000, 1.908428413691174465E-16 ) ) ;
#1278 = CARTESIAN_POINT ( 'NONE',  ( -5.576316527040904525, 1.189999999999998392, -6.660000000000001030 ) ) ;
#1279 = FACE_OUTER_BOUND ( 'NONE', #976, .T. ) ;
#1280 = EDGE_CURVE ( 'NONE', #1761, #422, #2505, .T. ) ;
#1281 = ORIENTED_EDGE ( 'NONE', *, *, #2608, .T. ) ;
#1282 = LINE ( 'NONE', #435, #805 ) ;
#1283 = EDGE_CURVE ( 'NONE', #972, #630, #2101, .T. ) ;
#1284 = ORIENTED_EDGE ( 'NONE', *, *, #416, .F. ) ;
#1285 = CARTESIAN_POINT ( 'NONE',  ( -28.35000000000000142, -0.8750000000000000000, -1.060000000000000053 ) ) ;
#1286 = DIRECTION ( 'NONE',  ( 1.000000000000000000, -0.000000000000000000, -0.000000000000000000 ) ) ;
#1287 = ORIENTED_EDGE ( 'NONE', *, *, #267, .F. ) ;
#1288 = ORIENTED_EDGE ( 'NONE', *, *, #2087, .F. ) ;
#1289 = AXIS2_PLACEMENT_3D ( 'NONE', #2094, #2124, #198 ) ;
#1290 = LINE ( 'NONE', #1257, #1544 ) ;
#1291 = COLOUR_RGB ( '',0.7921568627450980005, 0.8196078431372548767, 0.9333333333333333481 ) ;
#1292 = ORIENTED_EDGE ( 'NONE', *, *, #43, .T. ) ;
#1293 = CARTESIAN_POINT ( 'NONE',  ( -13.97500000000000142, 0.8999999999999999112, -0.9100000000000001421 ) ) ;
#1294 = DIRECTION ( 'NONE',  ( 2.193033135062037489E-16, -1.000000000000000000, -0.000000000000000000 ) ) ;
#1295 = DIRECTION ( 'NONE',  ( 1.000000000000000000, 0.000000000000000000, 0.000000000000000000 ) ) ;
#1296 = VECTOR ( 'NONE', #54, 1.000000000000000000 ) ;
#1297 = CARTESIAN_POINT ( 'NONE',  ( -28.08481547102008946, 1.189999999999998392, -1.503936198047713280 ) ) ;
#1298 = ORIENTED_EDGE ( 'NONE', *, *, #638, .T. ) ;
#1299 = FACE_OUTER_BOUND ( 'NONE', #2072, .T. ) ;
#1300 = CARTESIAN_POINT ( 'NONE',  ( -14.17500000000000071, -1.190000000000001501, -0.9600000000000001865 ) ) ;
#1301 = DIRECTION ( 'NONE',  ( -0.000000000000000000, 1.000000000000000000, -0.000000000000000000 ) ) ;
#1302 = EDGE_LOOP ( 'NONE', ( #250, #1191, #1630, #2631 ) ) ;
#1303 = ORIENTED_EDGE ( 'NONE', *, *, #2278, .F. ) ;
#1304 = VECTOR ( 'NONE', #672, 1.000000000000000000 ) ;
#1305 = CARTESIAN_POINT ( 'NONE',  ( -28.35000000000000142, 0.8750000000000000000, -1.060000000000000053 ) ) ;
#1306 = ORIENTED_EDGE ( 'NONE', *, *, #1428, .T. ) ;
#1307 = CARTESIAN_POINT ( 'NONE',  ( -13.97500000000000142, 0.2000000000000000111, -0.8250000000000000666 ) ) ;
#1308 = LINE ( 'NONE', #461, #542 ) ;
#1309 = DIRECTION ( 'NONE',  ( 1.000000000000000000, 2.193033135062037489E-16, 0.000000000000000000 ) ) ;
#1310 = CARTESIAN_POINT ( 'NONE',  ( -2.825068018844486772, 1.189999999999998392, -0.9600000000000001865 ) ) ;
#1311 = CARTESIAN_POINT ( 'NONE',  ( 0.000000000000000000, -1.189999999999998392, -0.9600000000000001865 ) ) ;
#1312 = CARTESIAN_POINT ( 'NONE',  ( -26.40000000000000213, 0.8000000000000000444, -0.9100000000000001421 ) ) ;
#1313 = ORIENTED_EDGE ( 'NONE', *, *, #1866, .T. ) ;
#1314 = EDGE_LOOP ( 'NONE', ( #1576, #2018, #670, #2598 ) ) ;
#1315 = EDGE_CURVE ( 'NONE', #500, #863, #2158, .T. ) ;
#1316 = DIRECTION ( 'NONE',  ( -0.9848077530122092416, 0.000000000000000000, 0.1736481776669234756 ) ) ;
#1317 = ORIENTED_EDGE ( 'NONE', *, *, #2412, .T. ) ;
#1318 = VERTEX_POINT ( 'NONE', #1328 ) ;
#1319 = CARTESIAN_POINT ( 'NONE',  ( 0.6199999999999999956, -0.8750000000000001110, -1.060000000000000053 ) ) ;
#1320 = DIRECTION ( 'NONE',  ( 0.000000000000000000, 1.000000000000000000, 2.220446049250313081E-16 ) ) ;
#1321 = CARTESIAN_POINT ( 'NONE',  ( -22.77368347295909601, -0.9899999999999995470, -6.660000000000001030 ) ) ;
#1322 =( LENGTH_UNIT ( ) NAMED_UNIT ( * ) SI_UNIT ( $, .METRE. ) );
#1323 = VECTOR ( 'NONE', #2308, 1.000000000000000000 ) ;
#1324 = DIRECTION ( 'NONE',  ( 1.000000000000000000, -2.220446049250313081E-16, 0.000000000000000000 ) ) ;
#1325 = EDGE_CURVE ( 'NONE', #473, #439, #296, .T. ) ;
#1326 = ADVANCED_FACE ( 'NONE', ( #1033 ), #847, .F. ) ;
#1327 = AXIS2_PLACEMENT_3D ( 'NONE', #2279, #2503, #1233 ) ;
#1328 = CARTESIAN_POINT ( 'NONE',  ( -26.00000000000000000, 0.8999999999999999112, -0.9100000000000001421 ) ) ;
#1329 = EDGE_LOOP ( 'NONE', ( #2102, #643, #1401, #62, #929, #1515, #692, #487 ) ) ;
#1331 = EDGE_CURVE ( 'NONE', #1347, #622, #1587, .T. ) ;
#1330 = VERTEX_POINT ( 'NONE', #2111 ) ;
#1332 = DIRECTION ( 'NONE',  ( 0.000000000000000000, 0.000000000000000000, 1.000000000000000000 ) ) ;
#1333 = ORIENTED_EDGE ( 'NONE', *, *, #984, .T. ) ;
#1334 = ORIENTED_EDGE ( 'NONE', *, *, #281, .F. ) ;
#1335 = DIRECTION ( 'NONE',  ( 0.000000000000000000, 0.000000000000000000, -1.000000000000000000 ) ) ;
#1336 = LINE ( 'NONE', #956, #1402 ) ;
#1337 = DIRECTION ( 'NONE',  ( 0.000000000000000000, -1.000000000000000000, 0.000000000000000000 ) ) ;
#1338 = VECTOR ( 'NONE', #1844, 1.000000000000000000 ) ;
#1339 = PLANE ( 'NONE',  #2553 ) ;
#1340 = FACE_OUTER_BOUND ( 'NONE', #1546, .T. ) ;
#1341 = AXIS2_PLACEMENT_3D ( 'NONE', #1925, #1478, #1459 ) ;
#1342 = ORIENTED_EDGE ( 'NONE', *, *, #1359, .T. ) ;
#1343 = DIRECTION ( 'NONE',  ( 0.000000000000000000, -1.000000000000000000, -0.000000000000000000 ) ) ;
#1344 = ORIENTED_EDGE ( 'NONE', *, *, #764, .T. ) ;
#1345 = EDGE_CURVE ( 'NONE', #2091, #1166, #252, .T. ) ;
#1346 = AXIS2_PLACEMENT_3D ( 'NONE', #1827, #1211, #2017 ) ;
#1347 = VERTEX_POINT ( 'NONE', #895 ) ;
#1348 = CARTESIAN_POINT ( 'NONE',  ( -14.17500000000000071, 1.189999999999997948, -0.9600000000000001865 ) ) ;
#1349 = CARTESIAN_POINT ( 'NONE',  ( 0.000000000000000000, 0.000000000000000000, -0.9600000000000001865 ) ) ;
#1350 = CARTESIAN_POINT ( 'NONE',  ( -26.40000000000000213, 0.8000000000000000444, -0.9100000000000001421 ) ) ;
#1351 = CARTESIAN_POINT ( 'NONE',  ( -26.00000000000000000, -1.189999999999998392, -0.9600000000000001865 ) ) ;
#1352 = AXIS2_PLACEMENT_3D ( 'NONE', #1251, #601, #1424 ) ;
#1353 = CARTESIAN_POINT ( 'NONE',  ( 0.000000000000000000, 0.8750000000000000000, -1.060000000000000053 ) ) ;
#1354 = VECTOR ( 'NONE', #1398, 1.000000000000000000 ) ;
#1355 = ORIENTED_EDGE ( 'NONE', *, *, #1637, .T. ) ;
#1356 = DIRECTION ( 'NONE',  ( -0.1736481776669235033, 0.000000000000000000, -0.9848077530122093526 ) ) ;
#1357 = EDGE_LOOP ( 'NONE', ( #1904, #192, #2214, #2581 ) ) ;
#1358 = VECTOR ( 'NONE', #1007, 1.000000000000000000 ) ;
#1359 = EDGE_CURVE ( 'NONE', #2004, #1174, #548, .T. ) ;
#1360 = ORIENTED_EDGE ( 'NONE', *, *, #1108, .T. ) ;
#1361 = CARTESIAN_POINT ( 'NONE',  ( -5.576316527040904525, -1.189999999999999725, -6.660000000000001030 ) ) ;
#1362 = CARTESIAN_POINT ( 'NONE',  ( -1.950000000000000622, 1.189999999999998392, -0.9600000000000001865 ) ) ;
#1363 = PRODUCT_CONTEXT ( 'NONE', #2496, 'mechanical' ) ;
#1364 = CARTESIAN_POINT ( 'NONE',  ( -1.950000000000000622, 0.8999999999999999112, -0.9100000000000001421 ) ) ;
#1365 = LINE ( 'NONE', #308, #178 ) ;
#1366 = EDGE_CURVE ( 'NONE', #1691, #2640, #2272, .T. ) ;
#1367 = VERTEX_POINT ( 'NONE', #1898 ) ;
#1368 = VECTOR ( 'NONE', #1730, 1.000000000000000000 ) ;
#1369 = DIRECTION ( 'NONE',  ( 1.000000000000000000, -0.000000000000000000, 0.000000000000000000 ) ) ;
#1370 = ORIENTED_EDGE ( 'NONE', *, *, #2234, .T. ) ;
#1371 = ORIENTED_EDGE ( 'NONE', *, *, #375, .F. ) ;
#1372 = CARTESIAN_POINT ( 'NONE',  ( -17.00006801884448038, -0.9900000000000008793, -0.9600000000000000755 ) ) ;
#1373 = CARTESIAN_POINT ( 'NONE',  ( 0.000000000000000000, 0.8750000000000000000, -1.140000000000000124 ) ) ;
#1374 = LINE ( 'NONE', #323, #2067 ) ;
#1375 = DIRECTION ( 'NONE',  ( 1.000000000000000000, 0.000000000000000000, 0.000000000000000000 ) ) ;
#1376 = VECTOR ( 'NONE', #202, 1.000000000000000000 ) ;
#1377 = CIRCLE ( 'NONE', #2202, 6.000000000000000000 ) ;
#1378 = ORIENTED_EDGE ( 'NONE', *, *, #358, .T. ) ;
#1379 = VECTOR ( 'NONE', #1045, 1.000000000000000000 ) ;
#1380 = CARTESIAN_POINT ( 'NONE',  ( -8.598683472959097074, 1.189999999999998392, -0.6600000000000002531 ) ) ;
#1381 = ORIENTED_EDGE ( 'NONE', *, *, #1394, .T. ) ;
#1382 = EDGE_CURVE ( 'NONE', #861, #988, #2625, .T. ) ;
#1383 = EDGE_LOOP ( 'NONE', ( #2071, #2540 ) ) ;
#1384 = DIRECTION ( 'NONE',  ( -1.000000000000000000, 0.000000000000000000, -1.908428413691174465E-16 ) ) ;
#1385 = LINE ( 'NONE', #397, #2566 ) ;
#1386 = EDGE_CURVE ( 'NONE', #1491, #2306, #2066, .T. ) ;
#1387 = CARTESIAN_POINT ( 'NONE',  ( -28.96679486355017019, -0.8750000000000000000, -1.060000000000000053 ) ) ;
#1388 = PLANE ( 'NONE',  #274 ) ;
#1389 = AXIS2_PLACEMENT_3D ( 'NONE', #1430, #1800, #2263 ) ;
#1390 = CIRCLE ( 'NONE', #2081, 6.000000000000000000 ) ;
#1391 = EDGE_LOOP ( 'NONE', ( #1648, #1010, #2029, #2441 ) ) ;
#1392 = CARTESIAN_POINT ( 'NONE',  ( 0.000000000000000000, -0.8750000000000000000, -1.060000000000000053 ) ) ;
#1393 = ORIENTED_EDGE ( 'NONE', *, *, #286, .T. ) ;
#1394 = EDGE_CURVE ( 'NONE', #748, #975, #1700, .T. ) ;
#1395 = EDGE_LOOP ( 'NONE', ( #314, #1984, #2325, #1258 ) ) ;
#1396 = CARTESIAN_POINT ( 'NONE',  ( -11.34993198115551927, 0.000000000000000000, -0.9600000000000001865 ) ) ;
#1397 = VECTOR ( 'NONE', #2275, 1.000000000000000000 ) ;
#1398 = DIRECTION ( 'NONE',  ( -0.000000000000000000, 1.000000000000000000, -0.000000000000000000 ) ) ;
#1399 = LINE ( 'NONE', #6, #200 ) ;
#1400 = DIRECTION ( 'NONE',  ( 1.000000000000000000, 0.000000000000000000, 0.000000000000000000 ) ) ;
#1401 = ORIENTED_EDGE ( 'NONE', *, *, #1476, .T. ) ;
#1403 = EDGE_CURVE ( 'NONE', #763, #46, #831, .T. ) ;
#1402 = VECTOR ( 'NONE', #1998, 1.000000000000000000 ) ;
#1404 = DIRECTION ( 'NONE',  ( 0.9848077530122092416, 0.000000000000000000, 0.1736481776669234756 ) ) ;
#1405 = ORIENTED_EDGE ( 'NONE', *, *, #1040, .T. ) ;
#1406 = ADVANCED_FACE ( 'NONE', ( #637 ), #1094, .F. ) ;
#1407 = ORIENTED_EDGE ( 'NONE', *, *, #1991, .T. ) ;
#1408 = LINE ( 'NONE', #1396, #340 ) ;
#1409 = VERTEX_POINT ( 'NONE', #1247 ) ;
#1410 = CARTESIAN_POINT ( 'NONE',  ( -18.04195708484602534, 1.189999999999998392, -0.8688465180732550808 ) ) ;
#1411 = FACE_OUTER_BOUND ( 'NONE', #288, .T. ) ;
#1412 = VECTOR ( 'NONE', #1862, 1.000000000000000000 ) ;
#1413 = VERTEX_POINT ( 'NONE', #2296 ) ;
#1414 = VECTOR ( 'NONE', #603, 1.000000000000000000 ) ;
#1415 = DIRECTION ( 'NONE',  ( 1.000000000000000000, -2.220446049250313081E-16, 0.000000000000000000 ) ) ;
#1416 = ORIENTED_EDGE ( 'NONE', *, *, #2454, .F. ) ;
#1417 = DIRECTION ( 'NONE',  ( 1.000000000000000000, 0.000000000000000000, 0.000000000000000000 ) ) ;
#1418 = CARTESIAN_POINT ( 'NONE',  ( -26.39999999999999858, -1.189999999999998836, -0.9600000000000001865 ) ) ;
#1419 = CARTESIAN_POINT ( 'NONE',  ( -17.00006801884448038, 1.189999999999997948, -0.9600000000000001865 ) ) ;
#1420 = CARTESIAN_POINT ( 'NONE',  ( -25.52493198115551465, 0.9899999999999983258, -0.9600000000000015188 ) ) ;
#1421 = CARTESIAN_POINT ( 'NONE',  ( -26.00000000000000000, 0.8000000000000000444, -0.9100000000000001421 ) ) ;
#1422 = VECTOR ( 'NONE', #1815, 1.000000000000000000 ) ;
#1423 = DIRECTION ( 'NONE',  ( 0.000000000000000000, 0.9901138386947148096, -0.1402661271484180183 ) ) ;
#1424 = DIRECTION ( 'NONE',  ( 1.000000000000000000, -2.220446049250313081E-16, 1.776356839400250465E-15 ) ) ;
#1425 = ORIENTED_EDGE ( 'NONE', *, *, #2576, .F. ) ;
#1426 = DIRECTION ( 'NONE',  ( 1.000000000000000000, -2.220446049250313081E-16, 0.000000000000000000 ) ) ;
#1427 = EDGE_CURVE ( 'NONE', #2629, #1186, #1282, .T. ) ;
#1428 = EDGE_CURVE ( 'NONE', #1200, #1201, #1464, .T. ) ;
#1429 = LINE ( 'NONE', #412, #390 ) ;
#1430 = CARTESIAN_POINT ( 'NONE',  ( -13.97500000000000142, -1.189999999999998836, -0.9600000000000001865 ) ) ;
#1431 = FACE_OUTER_BOUND ( 'NONE', #1662, .T. ) ;
#1432 = ADVANCED_FACE ( 'NONE', ( #1299 ), #1654, .T. ) ;
#1433 = CIRCLE ( 'NONE', #321, 1.000000000000000000 ) ;
#1434 = CARTESIAN_POINT ( 'NONE',  ( -19.75131652704090612, 1.189999999999998392, -0.6600000000000002531 ) ) ;
#1435 = EDGE_CURVE ( 'NONE', #389, #1140, #1048, .T. ) ;
#1436 = CARTESIAN_POINT ( 'NONE',  ( -14.17500000000000071, -0.9900000000000015454, -0.9600000000000001865 ) ) ;
#1437 = DIRECTION ( 'NONE',  ( 0.000000000000000000, 0.000000000000000000, -1.000000000000000000 ) ) ;
#1438 = ORIENTED_EDGE ( 'NONE', *, *, #2005, .T. ) ;
#1439 = AXIS2_PLACEMENT_3D ( 'NONE', #857, #2559, #276 ) ;
#1440 = VERTEX_POINT ( 'NONE', #1851 ) ;
#1441 = DIRECTION ( 'NONE',  ( 0.000000000000000000, 0.000000000000000000, 1.000000000000000000 ) ) ;
#1442 = ORIENTED_EDGE ( 'NONE', *, *, #1554, .T. ) ;
#1443 = AXIS2_PLACEMENT_3D ( 'NONE', #203, #2548, #878 ) ;
#1444 = LINE ( 'NONE', #1307, #710 ) ;
#1445 = DIRECTION ( 'NONE',  ( 0.000000000000000000, 1.000000000000000000, 0.000000000000000000 ) ) ;
#1446 = CARTESIAN_POINT ( 'NONE',  ( -28.35000000000000142, 1.189999999999998392, -0.6600000000000019185 ) ) ;
#1447 = DIRECTION ( 'NONE',  ( 0.000000000000000000, -1.000000000000000000, 0.000000000000000000 ) ) ;
#1448 = EDGE_CURVE ( 'NONE', #237, #2510, #1483, .T. ) ;
#1449 = ORIENTED_EDGE ( 'NONE', *, *, #2636, .T. ) ;
#1450 = DIRECTION ( 'NONE',  ( 0.000000000000000000, 0.9854601157443477755, -0.1699069165076472210 ) ) ;
#1451 = DIRECTION ( 'NONE',  ( 1.000000000000000000, -2.220446049250313081E-16, 1.776356839400250465E-14 ) ) ;
#1452 = ORIENTED_EDGE ( 'NONE', *, *, #2130, .F. ) ;
#1453 = ORIENTED_EDGE ( 'NONE', *, *, #2518, .T. ) ;
#1454 = VECTOR ( 'NONE', #1755, 1.000000000000000000 ) ;
#1455 = DIRECTION ( 'NONE',  ( -1.000000000000000000, 0.000000000000000000, 0.000000000000000000 ) ) ;
#1456 = ADVANCED_FACE ( 'NONE', ( #1685 ), #1713, .F. ) ;
#1457 = ADVANCED_FACE ( 'NONE', ( #23 ), #1055, .F. ) ;
#1458 = ORIENTED_EDGE ( 'NONE', *, *, #2509, .T. ) ;
#1459 = DIRECTION ( 'NONE',  ( 0.000000000000000000, 0.000000000000000000, 1.000000000000000000 ) ) ;
#1460 = CARTESIAN_POINT ( 'NONE',  ( -25.52493198115551465, 0.000000000000000000, 5.040000000000000036 ) ) ;
#1461 = EDGE_CURVE ( 'NONE', #890, #876, #1114, .T. ) ;
#1462 = LINE ( 'NONE', #2096, #2633 ) ;
#1463 = ORIENTED_EDGE ( 'NONE', *, *, #2267, .T. ) ;
#1464 = LINE ( 'NONE', #2080, #671 ) ;
#1465 = VECTOR ( 'NONE', #1749, 1.000000000000000000 ) ;
#1466 = VERTEX_POINT ( 'NONE', #2305 ) ;
#1467 = PLANE ( 'NONE',  #718 ) ;
#1468 = CARTESIAN_POINT ( 'NONE',  ( -24.48304291515397324, 1.189999999999998392, -0.8688465180732545257 ) ) ;
#1469 = ORIENTED_EDGE ( 'NONE', *, *, #2630, .T. ) ;
#1470 = CIRCLE ( 'NONE', #427, 6.000000000000000000 ) ;
#1471 = VERTEX_POINT ( 'NONE', #869 ) ;
#1472 = EDGE_CURVE ( 'NONE', #675, #1897, #1831, .T. ) ;
#1473 = AXIS2_PLACEMENT_3D ( 'NONE', #2523, #60, #269 ) ;
#1474 = CARTESIAN_POINT ( 'NONE',  ( -26.40000000000000213, -0.8000000000000000444, -0.9100000000000001421 ) ) ;
#1475 = EDGE_CURVE ( 'NONE', #1563, #2057, #621, .T. ) ;
#1476 = EDGE_CURVE ( 'NONE', #622, #1216, #242, .T. ) ;
#1477 = ORIENTED_EDGE ( 'NONE', *, *, #1609, .T. ) ;
#1478 = DIRECTION ( 'NONE',  ( -1.000000000000000000, 0.000000000000000000, 0.000000000000000000 ) ) ;
#1479 = DIRECTION ( 'NONE',  ( 0.000000000000000000, -1.000000000000000000, 0.000000000000000000 ) ) ;
#1480 = LINE ( 'NONE', #447, #123 ) ;
#1481 = CARTESIAN_POINT ( 'NONE',  ( -2.914659381970696644E-16, 1.189999999999998392, -0.9600000000000001865 ) ) ;
#1482 = ORIENTED_EDGE ( 'NONE', *, *, #611, .T. ) ;
#1483 = LINE ( 'NONE', #1867, #2416 ) ;
#1484 = ORIENTED_EDGE ( 'NONE', *, *, #2529, .F. ) ;
#1485 = LINE ( 'NONE', #1300, #1106 ) ;
#1486 = LINE ( 'NONE', #1111, #1210 ) ;
#1487 = ORIENTED_EDGE ( 'NONE', *, *, #997, .T. ) ;
#1488 = EDGE_CURVE ( 'NONE', #100, #2637, #1694, .T. ) ;
#1489 = VERTEX_POINT ( 'NONE', #472 ) ;
#1490 = LINE ( 'NONE', #1663, #1666 ) ;
#1491 = VERTEX_POINT ( 'NONE', #629 ) ;
#1492 = LINE ( 'NONE', #2327, #1266 ) ;
#1493 = CARTESIAN_POINT ( 'NONE',  ( -14.17500000000000071, 1.189999999999997948, -0.9600000000000001865 ) ) ;
#1494 = DIRECTION ( 'NONE',  ( 0.000000000000000000, 0.000000000000000000, -1.000000000000000000 ) ) ;
#1495 = LINE ( 'NONE', #2371, #1769 ) ;
#1496 = ORIENTED_EDGE ( 'NONE', *, *, #2454, .T. ) ;
#1497 = AXIS2_PLACEMENT_3D ( 'NONE', #1305, #259, #74 ) ;
#1498 = DIRECTION ( 'NONE',  ( 0.000000000000000000, 0.1402661271484180461, -0.9901138386947149206 ) ) ;
#1499 = DIRECTION ( 'NONE',  ( 0.000000000000000000, -0.9854601157443477755, 0.1699069165076472210 ) ) ;
#1500 = LINE ( 'NONE', #28, #1368 ) ;
#1501 = ORIENTED_EDGE ( 'NONE', *, *, #1074, .T. ) ;
#1502 = VERTEX_POINT ( 'NONE', #888 ) ;
#1503 = CARTESIAN_POINT ( 'NONE',  ( -14.17500000000000071, 0.9899999999999979927, -0.9600000000000001865 ) ) ;
#1504 = EDGE_LOOP ( 'NONE', ( #170, #87, #1360, #2506 ) ) ;
#1505 = AXIS2_PLACEMENT_3D ( 'NONE', #1387, #539, #1964 ) ;
#1506 =( NAMED_UNIT ( * ) SI_UNIT ( $, .STERADIAN. ) SOLID_ANGLE_UNIT ( ) );
#1507 = DIRECTION ( 'NONE',  ( -0.000000000000000000, 0.000000000000000000, 1.000000000000000000 ) ) ;
#1508 = DIRECTION ( 'NONE',  ( 0.000000000000000000, 0.9854601157443479975, 0.1699069165076469712 ) ) ;
#1509 = AXIS2_PLACEMENT_3D ( 'NONE', #2643, #613, #1441 ) ;
#1510 = CARTESIAN_POINT ( 'NONE',  ( -28.35000000000000142, -0.8750000000000000000, -1.140000000000000124 ) ) ;
#1511 = DIRECTION ( 'NONE',  ( 0.000000000000000000, 0.000000000000000000, 1.000000000000000000 ) ) ;
#1512 = EDGE_CURVE ( 'NONE', #622, #1656, #677, .T. ) ;
#1513 = CARTESIAN_POINT ( 'NONE',  ( -26.40000000000000213, 1.189999999999998392, -0.9600000000000001865 ) ) ;
#1514 = CARTESIAN_POINT ( 'NONE',  ( -22.77368347295909956, -0.9899999999999996581, -0.6600000000000008082 ) ) ;
#1515 = ORIENTED_EDGE ( 'NONE', *, *, #913, .T. ) ;
#1516 = ORIENTED_EDGE ( 'NONE', *, *, #639, .F. ) ;
#1517 = CIRCLE ( 'NONE', #346, 0.07999999999999996003 ) ;
#1518 = CARTESIAN_POINT ( 'NONE',  ( -28.96679486355017019, -0.8750000000000000000, -1.060000000000000053 ) ) ;
#1519 = VECTOR ( 'NONE', #2621, 1.000000000000000000 ) ;
#1520 = ORIENTED_EDGE ( 'NONE', *, *, #1797, .T. ) ;
#1521 = FACE_OUTER_BOUND ( 'NONE', #116, .T. ) ;
#1522 = DIRECTION ( 'NONE',  ( -2.193033135062037489E-16, 1.000000000000000000, 0.000000000000000000 ) ) ;
#1523 = ADVANCED_FACE ( 'NONE', ( #272 ), #2527, .T. ) ;
#1524 = FACE_OUTER_BOUND ( 'NONE', #459, .T. ) ;
#1525 = DIRECTION ( 'NONE',  ( -1.000000000000000000, -2.220446049250313081E-16, 0.000000000000000000 ) ) ;
#1526 = ADVANCED_FACE ( 'NONE', ( #2104 ), #1707, .T. ) ;
#1527 = DIRECTION ( 'NONE',  ( -2.193033135062037489E-16, -1.000000000000000000, -0.000000000000000000 ) ) ;
#1528 = EDGE_CURVE ( 'NONE', #1534, #1833, #1490, .T. ) ;
#1529 = CARTESIAN_POINT ( 'NONE',  ( -14.17500000000000071, 0.9899999999999979927, -0.9600000000000001865 ) ) ;
#1530 = ORIENTED_EDGE ( 'NONE', *, *, #2580, .T. ) ;
#1531 = VECTOR ( 'NONE', #932, 1.000000000000000000 ) ;
#1532 = ORIENTED_EDGE ( 'NONE', *, *, #1881, .F. ) ;
#1533 = CARTESIAN_POINT ( 'NONE',  ( 0.000000000000000000, -0.8750000000000000000, -1.140000000000000124 ) ) ;
#1534 = VERTEX_POINT ( 'NONE', #2542 ) ;
#1535 = ORIENTED_EDGE ( 'NONE', *, *, #583, .F. ) ;
#1536 = CARTESIAN_POINT ( 'NONE',  ( -13.97500000000000142, -0.8000000000000000444, -0.9100000000000001421 ) ) ;
#1537 = DIRECTION ( 'NONE',  ( 1.908428413691174465E-16, 0.000000000000000000, -1.000000000000000000 ) ) ;
#1538 = CARTESIAN_POINT ( 'NONE',  ( -11.34993198115551927, 1.189999999999997948, 5.040000000000000036 ) ) ;
#1539 = CARTESIAN_POINT ( 'NONE',  ( -23.81557253896063742, 1.189999999999998392, -0.7511534819267454699 ) ) ;
#1540 = AXIS2_PLACEMENT_3D ( 'NONE', #11, #70, #897 ) ;
#1541 = CARTESIAN_POINT ( 'NONE',  ( -14.17500000000000071, -1.190000000000001501, -0.9600000000000001865 ) ) ;
#1542 = CARTESIAN_POINT ( 'NONE',  ( -17.00006801884448038, -1.190000000000001057, 5.040000000000000036 ) ) ;
#1543 = EDGE_CURVE ( 'NONE', #1201, #1471, #2323, .T. ) ;
#1544 = VECTOR ( 'NONE', #1316, 1.000000000000000000 ) ;
#1545 = EDGE_LOOP ( 'NONE', ( #990, #1355, #927, #2162 ) ) ;
#1546 = EDGE_LOOP ( 'NONE', ( #741, #471, #2220, #2103 ) ) ;
#1547 = CARTESIAN_POINT ( 'NONE',  ( -26.00000000000000000, -0.8000000000000000444, -0.9100000000000001421 ) ) ;
#1548 = EDGE_LOOP ( 'NONE', ( #1227, #1098, #1263, #2445 ) ) ;
#1549 = AXIS2_PLACEMENT_3D ( 'NONE', #66, #2484, #1641 ) ;
#1550 = ORIENTED_EDGE ( 'NONE', *, *, #2432, .F. ) ;
#1551 = DIRECTION ( 'NONE',  ( 0.000000000000000000, -0.9854601157443477755, 0.1699069165076472210 ) ) ;
#1552 = CARTESIAN_POINT ( 'NONE',  ( -2.350000000000000533, -0.2000000000000000111, -0.8250000000000000666 ) ) ;
#1553 = DIRECTION ( 'NONE',  ( -0.000000000000000000, 1.000000000000000000, -0.000000000000000000 ) ) ;
#1554 = EDGE_CURVE ( 'NONE', #1614, #1534, #2556, .T. ) ;
#1555 = AXIS2_PLACEMENT_3D ( 'NONE', #2241, #2023, #2400 ) ;
#1556 = CARTESIAN_POINT ( 'NONE',  ( -1.950000000000000622, 0.8000000000000000444, -0.9100000000000001421 ) ) ;
#1557 = VECTOR ( 'NONE', #16, 1.000000000000000000 ) ;
#1558 = DIRECTION ( 'NONE',  ( -0.1736481776669235033, 0.000000000000000000, -0.9848077530122093526 ) ) ;
#1559 = CARTESIAN_POINT ( 'NONE',  ( -28.96679486355017019, -0.8750000000000000000, -0.9800000000000000933 ) ) ;
#1560 = EDGE_CURVE ( 'NONE', #362, #534, #1290, .T. ) ;
#1561 = ORIENTED_EDGE ( 'NONE', *, *, #315, .T. ) ;
#1562 = CARTESIAN_POINT ( 'NONE',  ( -24.48304291515397324, -0.9900000000000001021, -0.8688465180732545257 ) ) ;
#1563 = VERTEX_POINT ( 'NONE', #2119 ) ;
#1564 = EDGE_CURVE ( 'NONE', #2057, #1563, #368, .T. ) ;
#1565 = VECTOR ( 'NONE', #2257, 1.000000000000000222 ) ;
#1566 = EDGE_LOOP ( 'NONE', ( #1416, #2394, #260, #2274 ) ) ;
#1567 = EDGE_CURVE ( 'NONE', #636, #2520, #333, .T. ) ;
#1568 = DIRECTION ( 'NONE',  ( 1.000000000000000000, -0.000000000000000000, 0.000000000000000000 ) ) ;
#1569 = CARTESIAN_POINT ( 'NONE',  ( -11.34993198115551927, 0.9899999999999981037, 5.040000000000000036 ) ) ;
#1570 = EDGE_CURVE ( 'NONE', #627, #917, #1906, .T. ) ;
#1571 = SURFACE_STYLE_FILL_AREA ( #119 ) ;
#1572 = VECTOR ( 'NONE', #1508, 1.000000000000000000 ) ;
#1573 = DIRECTION ( 'NONE',  ( 0.000000000000000000, -1.000000000000000000, 0.000000000000000000 ) ) ;
#1574 = CARTESIAN_POINT ( 'NONE',  ( 0.000000000000000000, -0.8750000000000000000, -1.140000000000000124 ) ) ;
#1575 = VECTOR ( 'NONE', #842, 1.000000000000000000 ) ;
#1576 = ORIENTED_EDGE ( 'NONE', *, *, #2576, .T. ) ;
#1577 = LINE ( 'NONE', #1533, #1605 ) ;
#1578 = EDGE_LOOP ( 'NONE', ( #1344, #338, #258, #1924, #2659, #612, #1970, #1116, #554, #183, #1853, #2009, #2212, #2332, #1425, #796, #1303, #50, #2316, #2126, #2105, #351, #2283, #501, #1520, #1317 ) ) ;
#1579 = VECTOR ( 'NONE', #1170, 1.000000000000000000 ) ;
#1580 = EDGE_LOOP ( 'NONE', ( #1141, #1886, #465, #1936 ) ) ;
#1581 = DIRECTION ( 'NONE',  ( 0.000000000000000000, -1.000000000000000000, 0.000000000000000000 ) ) ;
#1582 = CARTESIAN_POINT ( 'NONE',  ( -22.77368347295909956, 1.189999999999998392, -0.6600000000000008082 ) ) ;
#1583 = CARTESIAN_POINT ( 'NONE',  ( -24.48304291515397324, 1.189999999999998392, -0.8688465180732545257 ) ) ;
#1584 = DIRECTION ( 'NONE',  ( 0.000000000000000000, -0.000000000000000000, 1.000000000000000000 ) ) ;
#1585 = CIRCLE ( 'NONE', #1975, 1.000000000000000000 ) ;
#1586 = ORIENTED_EDGE ( 'NONE', *, *, #1995, .T. ) ;
#1587 = CIRCLE ( 'NONE', #405, 6.000000000000000000 ) ;
#1588 = DIRECTION ( 'NONE',  ( 0.000000000000000000, -1.000000000000000000, 0.000000000000000000 ) ) ;
#1589 = ORIENTED_EDGE ( 'NONE', *, *, #1875, .T. ) ;
#1590 = EDGE_CURVE ( 'NONE', #2120, #1805, #1678, .T. ) ;
#1591 = ORIENTED_EDGE ( 'NONE', *, *, #982, .T. ) ;
#1592 = DIRECTION ( 'NONE',  ( 0.000000000000000000, 0.9901138386947149206, 0.1402661271484180461 ) ) ;
#1593 = SPHERICAL_SURFACE ( 'NONE', #1610, 1.000000000000000000 ) ;
#1594 = SHAPE_DEFINITION_REPRESENTATION ( #374, #747 ) ;
#1595 = CARTESIAN_POINT ( 'NONE',  ( -17.00006801884448038, -0.9900000000000008793, 5.040000000000000036 ) ) ;
#1596 = LINE ( 'NONE', #2052, #1009 ) ;
#1597 =( GEOMETRIC_REPRESENTATION_CONTEXT ( 3 ) GLOBAL_UNCERTAINTY_ASSIGNED_CONTEXT ( ( #201 ) ) GLOBAL_UNIT_ASSIGNED_CONTEXT ( ( #1178, #1154, #2217 ) ) REPRESENTATION_CONTEXT ( 'NONE', 'WORKASPACE' ) );
#1598 = CIRCLE ( 'NONE', #775, 0.07999999999999996003 ) ;
#1599 = ADVANCED_FACE ( 'NONE', ( #2146 ), #2211, .T. ) ;
#1600 = EDGE_LOOP ( 'NONE', ( #2530, #1873, #1072, #2187 ) ) ;
#1601 = CARTESIAN_POINT ( 'NONE',  ( -9.640572538960640259, -1.190000000000001501, -0.7511534819267452479 ) ) ;
#1602 = EDGE_LOOP ( 'NONE', ( #900, #785, #39, #2404 ) ) ;
#1603 = ORIENTED_EDGE ( 'NONE', *, *, #229, .F. ) ;
#1604 = DIRECTION ( 'NONE',  ( 0.000000000000000000, 0.9901138386947148096, -0.1402661271484180183 ) ) ;
#1605 = VECTOR ( 'NONE', #739, 1.000000000000000000 ) ;
#1606 = CARTESIAN_POINT ( 'NONE',  ( -2.350000000000000533, 0.8999999999999999112, -0.9100000000000001421 ) ) ;
#1607 = CARTESIAN_POINT ( 'NONE',  ( -4.534427461039362228, 1.189999999999998392, -0.7511534819267454699 ) ) ;
#1608 = VECTOR ( 'NONE', #757, 1.000000000000000000 ) ;
#1609 = EDGE_CURVE ( 'NONE', #2569, #1216, #2616, .T. ) ;
#1610 = AXIS2_PLACEMENT_3D ( 'NONE', #2673, #180, #547 ) ;
#1611 = ADVANCED_FACE ( 'NONE', ( #2161 ), #543, .T. ) ;
#1612 = ORIENTED_EDGE ( 'NONE', *, *, #1966, .T. ) ;
#1613 = CARTESIAN_POINT ( 'NONE',  ( -13.97500000000000142, 1.189999999999998392, -0.9600000000000001865 ) ) ;
#1614 = VERTEX_POINT ( 'NONE', #928 ) ;
#1615 = EDGE_LOOP ( 'NONE', ( #2582, #656, #2417, #1126, #985, #1737, #1722, #1535, #2050, #2133, #2652, #1225, #1842, #1782, #2662, #1890, #2262, #2570, #1240, #2354, #761, #2227, #518, #1655, #1068, #347 ) ) ;
#1616 = CARTESIAN_POINT ( 'NONE',  ( -26.40000000000000213, 0.8000000000000000444, -0.9100000000000001421 ) ) ;
#1617 = LINE ( 'NONE', #573, #532 ) ;
#1618 = CARTESIAN_POINT ( 'NONE',  ( -2.350000000000000533, 0.8000000000000000444, -0.9100000000000001421 ) ) ;
#1619 = DIRECTION ( 'NONE',  ( -1.000000000000000000, -2.220446049250313081E-16, 2.486899575160350651E-14 ) ) ;
#1620 = ORIENTED_EDGE ( 'NONE', *, *, #1476, .F. ) ;
#1621 = AXIS2_PLACEMENT_3D ( 'NONE', #891, #1926, #52 ) ;
#1622 = PLANE ( 'NONE',  #1776 ) ;
#1623 = ORIENTED_EDGE ( 'NONE', *, *, #2278, .T. ) ;
#1624 = LINE ( 'NONE', #1864, #162 ) ;
#1625 = DIRECTION ( 'NONE',  ( 0.000000000000000000, -0.9901138386947149206, 0.1402661271484180461 ) ) ;
#1626 = DIRECTION ( 'NONE',  ( 0.000000000000000000, 0.9854601157443477755, 0.1699069165076472210 ) ) ;
#1627 = FACE_OUTER_BOUND ( 'NONE', #1580, .T. ) ;
#1628 = DIRECTION ( 'NONE',  ( 0.000000000000000000, 1.000000000000000000, 0.000000000000000000 ) ) ;
#1629 = VECTOR ( 'NONE', #1895, 1.000000000000000000 ) ;
#1630 = ORIENTED_EDGE ( 'NONE', *, *, #1232, .F. ) ;
#1631 = ADVANCED_FACE ( 'NONE', ( #2393 ), #2188, .T. ) ;
#1632 = CIRCLE ( 'NONE', #1198, 0.07999999999999996003 ) ;
#1633 = DIRECTION ( 'NONE',  ( 0.000000000000000000, 0.9854601157443477755, -0.1699069165076472210 ) ) ;
#1634 = CARTESIAN_POINT ( 'NONE',  ( -4.534427461039362228, -1.190000000000001501, -0.7511534819267454699 ) ) ;
#1635 = ORIENTED_EDGE ( 'NONE', *, *, #997, .F. ) ;
#1636 = DIRECTION ( 'NONE',  ( -2.193033135062037489E-16, -1.000000000000000000, -0.000000000000000000 ) ) ;
#1637 = EDGE_CURVE ( 'NONE', #1825, #1054, #533, .T. ) ;
#1638 = EDGE_CURVE ( 'NONE', #2198, #129, #1127, .T. ) ;
#1639 = ORIENTED_EDGE ( 'NONE', *, *, #1723, .T. ) ;
#1640 = CARTESIAN_POINT ( 'NONE',  ( -2.350000000000000533, 0.000000000000000000, 0.000000000000000000 ) ) ;
#1641 = DIRECTION ( 'NONE',  ( 1.000000000000000000, 0.000000000000000000, 0.000000000000000000 ) ) ;
#1642 = LINE ( 'NONE', #2109, #2463 ) ;
#1643 = AXIS2_PLACEMENT_3D ( 'NONE', #1173, #2583, #2606 ) ;
#1644 = AXIS2_PLACEMENT_3D ( 'NONE', #2476, #1437, #2269 ) ;
#1645 = CARTESIAN_POINT ( 'NONE',  ( 0.6199999999999999956, 0.8750000000000001110, -1.060000000000000053 ) ) ;
#1646 = PLANE ( 'NONE',  #875 ) ;
#1647 = ORIENTED_EDGE ( 'NONE', *, *, #563, .F. ) ;
#1648 = ORIENTED_EDGE ( 'NONE', *, *, #1966, .F. ) ;
#1649 = DIRECTION ( 'NONE',  ( 0.000000000000000000, -1.000000000000000000, 0.000000000000000000 ) ) ;
#1650 = LINE ( 'NONE', #1908, #2398 ) ;
#1651 = DIRECTION ( 'NONE',  ( 0.000000000000000000, 0.000000000000000000, -1.000000000000000000 ) ) ;
#1652 = CARTESIAN_POINT ( 'NONE',  ( -1.950000000000000622, 1.189999999999998392, -0.9600000000000001865 ) ) ;
#1653 = CARTESIAN_POINT ( 'NONE',  ( -14.37500000000000355, 0.000000000000000000, 0.000000000000000000 ) ) ;
#1654 = CYLINDRICAL_SURFACE ( 'NONE', #896, 0.07999999999999996003 ) ;
#1655 = ORIENTED_EDGE ( 'NONE', *, *, #361, .T. ) ;
#1656 = VERTEX_POINT ( 'NONE', #101 ) ;
#1657 = CARTESIAN_POINT ( 'NONE',  ( -26.40000000000000213, -0.2000000000000000111, -0.8250000000000000666 ) ) ;
#1658 = DIRECTION ( 'NONE',  ( 0.000000000000000000, -1.000000000000000000, 0.000000000000000000 ) ) ;
#1659 = VERTEX_POINT ( 'NONE', #2381 ) ;
#1660 = EDGE_CURVE ( 'NONE', #737, #1003, #348, .T. ) ;
#1661 = CIRCLE ( 'NONE', #840, 0.07999999999999996003 ) ;
#1662 = EDGE_LOOP ( 'NONE', ( #1907, #1868, #1151, #822 ) ) ;
#1663 = CARTESIAN_POINT ( 'NONE',  ( -28.35000000000000142, -1.190000000000001501, -0.6600000000000019185 ) ) ;
#1664 = EDGE_CURVE ( 'NONE', #1216, #1825, #2291, .T. ) ;
#1665 = VERTEX_POINT ( 'NONE', #2595 ) ;
#1666 = VECTOR ( 'NONE', #1921, 1.000000000000000000 ) ;
#1667 = DIRECTION ( 'NONE',  ( 0.000000000000000000, 0.000000000000000000, 1.000000000000000000 ) ) ;
#1668 = DIRECTION ( 'NONE',  ( 0.000000000000000000, 0.000000000000000000, -1.000000000000000000 ) ) ;
#1669 = CARTESIAN_POINT ( 'NONE',  ( -26.40000000000000213, 0.8999999999999999112, -0.9100000000000001421 ) ) ;
#1670 = DIRECTION ( 'NONE',  ( 1.000000000000000000, 3.700743415417188263E-17, 0.000000000000000000 ) ) ;
#1671 = EDGE_CURVE ( 'NONE', #1919, #748, #86, .T. ) ;
#1672 = LINE ( 'NONE', #468, #1304 ) ;
#1673 = DIRECTION ( 'NONE',  ( -0.9848077530122093526, 0.000000000000000000, 0.1736481776669237809 ) ) ;
#1674 = VERTEX_POINT ( 'NONE', #1547 ) ;
#1675 = CIRCLE ( 'NONE', #199, 6.000000000000000000 ) ;
#1676 = ORIENTED_EDGE ( 'NONE', *, *, #350, .T. ) ;
#1677 = VECTOR ( 'NONE', #619, 1.000000000000000222 ) ;
#1678 = LINE ( 'NONE', #2508, #2429 ) ;
#1679 = ORIENTED_EDGE ( 'NONE', *, *, #1472, .T. ) ;
#1680 = CARTESIAN_POINT ( 'NONE',  ( -26.00000000000000000, -0.2000000000000000111, -0.8250000000000000666 ) ) ;
#1681 = CARTESIAN_POINT ( 'NONE',  ( 0.000000000000000000, 0.000000000000000000, -1.160000000000000142 ) ) ;
#1682 = DIRECTION ( 'NONE',  ( 1.000000000000000000, 0.000000000000000000, -0.000000000000000000 ) ) ;
#1683 = LINE ( 'NONE', #1669, #1025 ) ;
#1684 = ORIENTED_EDGE ( 'NONE', *, *, #1382, .T. ) ;
#1685 = FACE_OUTER_BOUND ( 'NONE', #2464, .T. ) ;
#1686 = ADVANCED_FACE ( 'NONE', ( #914 ), #2568, .F. ) ;
#1687 = EDGE_CURVE ( 'NONE', #1440, #675, #1577, .T. ) ;
#1688 = ORIENTED_EDGE ( 'NONE', *, *, #1008, .T. ) ;
#1689 = LINE ( 'NONE', #2491, #1899 ) ;
#1690 = CARTESIAN_POINT ( 'NONE',  ( -11.34993198115551927, -0.9900000000000008793, -0.9600000000000000755 ) ) ;
#1691 = VERTEX_POINT ( 'NONE', #328 ) ;
#1692 = ORIENTED_EDGE ( 'NONE', *, *, #2638, .T. ) ;
#1693 = VECTOR ( 'NONE', #658, 1.000000000000000000 ) ;
#1694 = LINE ( 'NONE', #49, #2155 ) ;
#1695 = EDGE_LOOP ( 'NONE', ( #2615, #2467, #1148, #663 ) ) ;
#1696 = CARTESIAN_POINT ( 'NONE',  ( -14.37500000000000000, 0.8000000000000000444, -0.9100000000000001421 ) ) ;
#1697 = CARTESIAN_POINT ( 'NONE',  ( -14.37500000000000000, -0.8999999999999999112, -0.9100000000000001421 ) ) ;
#1698 = DIRECTION ( 'NONE',  ( -1.000000000000000000, -0.000000000000000000, -0.000000000000000000 ) ) ;
#1699 = ORIENTED_EDGE ( 'NONE', *, *, #1082, .F. ) ;
#1700 = LINE ( 'NONE', #669, #1189 ) ;
#1701 = VECTOR ( 'NONE', #2255, 1.000000000000000000 ) ;
#1702 = ORIENTED_EDGE ( 'NONE', *, *, #2636, .F. ) ;
#1703 = CARTESIAN_POINT ( 'NONE',  ( 0.000000000000000000, 0.8750000000000000000, -1.060000000000000053 ) ) ;
#1704 = FACE_OUTER_BOUND ( 'NONE', #1504, .T. ) ;
#1705 = ORIENTED_EDGE ( 'NONE', *, *, #1234, .T. ) ;
#1706 = VERTEX_POINT ( 'NONE', #942 ) ;
#1707 = CYLINDRICAL_SURFACE ( 'NONE', #32, 0.07999999999999996003 ) ;
#1708 = VERTEX_POINT ( 'NONE', #1562 ) ;
#1709 = DIRECTION ( 'NONE',  ( 1.000000000000000000, 0.000000000000000000, 0.000000000000000000 ) ) ;
#1710 = CARTESIAN_POINT ( 'NONE',  ( -0.1622440211999301163, 0.9899999999999984368, 0.9201315677728726383 ) ) ;
#1711 = DIRECTION ( 'NONE',  ( -1.000000000000000000, 0.000000000000000000, 0.000000000000000000 ) ) ;
#1712 = VECTOR ( 'NONE', #2301, 1.000000000000000000 ) ;
#1713 = CYLINDRICAL_SURFACE ( 'NONE', #2324, 6.000000000000000000 ) ;
#1714 = CARTESIAN_POINT ( 'NONE',  ( -13.97500000000000142, -0.2000000000000000111, -0.8250000000000000666 ) ) ;
#1715 = CARTESIAN_POINT ( 'NONE',  ( -28.08481547102008946, -1.190000000000001501, -1.503936198047713280 ) ) ;
#1716 = ORIENTED_EDGE ( 'NONE', *, *, #1155, .F. ) ;
#1717 = ORIENTED_EDGE ( 'NONE', *, *, #2331, .T. ) ;
#1718 = EDGE_CURVE ( 'NONE', #1897, #675, #306, .T. ) ;
#1719 = DIRECTION ( 'NONE',  ( 0.000000000000000000, -0.000000000000000000, -1.000000000000000000 ) ) ;
#1720 = EDGE_CURVE ( 'NONE', #422, #516, #2076, .T. ) ;
#1721 = VECTOR ( 'NONE', #667, 1.000000000000000000 ) ;
#1722 = ORIENTED_EDGE ( 'NONE', *, *, #1741, .T. ) ;
#1723 = EDGE_CURVE ( 'NONE', #1708, #751, #1149, .T. ) ;
#1724 = LINE ( 'NONE', #474, #2310 ) ;
#1725 = CARTESIAN_POINT ( 'NONE',  ( -13.97500000000000142, -0.2000000000000000111, -0.8250000000000000666 ) ) ;
#1726 = FACE_OUTER_BOUND ( 'NONE', #1175, .T. ) ;
#1727 = CARTESIAN_POINT ( 'NONE',  ( -14.37500000000000000, 1.189999999999998392, -0.9600000000000001865 ) ) ;
#1728 = CYLINDRICAL_SURFACE ( 'NONE', #2531, 0.07999999999999996003 ) ;
#1729 = AXIS2_PLACEMENT_3D ( 'NONE', #834, #2317, #2522 ) ;
#1730 = DIRECTION ( 'NONE',  ( -1.000000000000000000, 0.000000000000000000, 0.000000000000000000 ) ) ;
#1731 = EDGE_LOOP ( 'NONE', ( #1087, #1561, #726, #2365 ) ) ;
#1732 = ORIENTED_EDGE ( 'NONE', *, *, #2280, .F. ) ;
#1733 = AXIS2_PLACEMENT_3D ( 'NONE', #907, #2562, #295 ) ;
#1734 = CARTESIAN_POINT ( 'NONE',  ( -9.640572538960640259, 1.189999999999998392, -0.7511534819267456919 ) ) ;
#1735 = EDGE_LOOP ( 'NONE', ( #138, #2058, #2134, #2163, #2304 ) ) ;
#1736 = AXIS2_PLACEMENT_3D ( 'NONE', #2344, #537, #2192 ) ;
#1737 = ORIENTED_EDGE ( 'NONE', *, *, #1991, .F. ) ;
#1738 = CARTESIAN_POINT ( 'NONE',  ( -19.75131652704090257, 1.189999999999998392, -6.660000000000000142 ) ) ;
#1739 = DIRECTION ( 'NONE',  ( 0.000000000000000000, 0.9901138386947149206, 0.1402661271484180461 ) ) ;
#1740 = LINE ( 'NONE', #2600, #2349 ) ;
#1741 = EDGE_CURVE ( 'NONE', #1413, #2043, #2197, .T. ) ;
#1742 = PLANE ( 'NONE',  #813 ) ;
#1743 = CARTESIAN_POINT ( 'NONE',  ( -13.97500000000000142, 0.8000000000000000444, -0.9100000000000001421 ) ) ;
#1744 = ORIENTED_EDGE ( 'NONE', *, *, #614, .F. ) ;
#1745 = STYLED_ITEM ( 'NONE', ( #681 ), #158 ) ;
#1746 = EDGE_LOOP ( 'NONE', ( #2642, #385, #135, #419 ) ) ;
#1747 = ADVANCED_FACE ( 'NONE', ( #1164 ), #1804, .T. ) ;
#1748 = EDGE_CURVE ( 'NONE', #434, #2419, #964, .T. ) ;
#1749 = DIRECTION ( 'NONE',  ( -1.000000000000000000, -0.000000000000000000, -0.000000000000000000 ) ) ;
#1750 = ORIENTED_EDGE ( 'NONE', *, *, #2526, .T. ) ;
#1751 = ORIENTED_EDGE ( 'NONE', *, *, #984, .F. ) ;
#1752 = PLANE ( 'NONE',  #226 ) ;
#1753 = CARTESIAN_POINT ( 'NONE',  ( -13.97500000000000142, -1.189999999999998836, -0.9600000000000001865 ) ) ;
#1754 = DIRECTION ( 'NONE',  ( 0.000000000000000000, 0.000000000000000000, 1.000000000000000000 ) ) ;
#1755 = DIRECTION ( 'NONE',  ( -0.000000000000000000, 1.000000000000000000, -0.000000000000000000 ) ) ;
#1756 = AXIS2_PLACEMENT_3D ( 'NONE', #1798, #742, #2386 ) ;
#1757 = ADVANCED_FACE ( 'NONE', ( #190 ), #987, .T. ) ;
#1758 = FACE_OUTER_BOUND ( 'NONE', #1150, .T. ) ;
#1759 = CARTESIAN_POINT ( 'NONE',  ( -25.52493198115551465, 0.000000000000000000, -0.9600000000000001865 ) ) ;
#1760 = ADVANCED_FACE ( 'NONE', ( #1011 ), #974, .T. ) ;
#1761 = VERTEX_POINT ( 'NONE', #2639 ) ;
#1762 = EDGE_CURVE ( 'NONE', #1491, #470, #2173, .T. ) ;
#1763 = DIRECTION ( 'NONE',  ( 1.000000000000000000, 0.000000000000000000, 0.000000000000000000 ) ) ;
#1764 = ORIENTED_EDGE ( 'NONE', *, *, #889, .T. ) ;
#1765 = AXIS2_PLACEMENT_3D ( 'NONE', #1278, #844, #1668 ) ;
#1766 = ORIENTED_EDGE ( 'NONE', *, *, #1609, .F. ) ;
#1767 = DIRECTION ( 'NONE',  ( 0.000000000000000000, 0.9854601157443479975, 0.1699069165076469712 ) ) ;
#1768 = LINE ( 'NONE', #1362, #99 ) ;
#1769 = VECTOR ( 'NONE', #2125, 1.000000000000000000 ) ;
#1770 = AXIS2_PLACEMENT_3D ( 'NONE', #818, #2515, #448 ) ;
#1771 = LINE ( 'NONE', #2601, #2668 ) ;
#1772 = PLANE ( 'NONE',  #3 ) ;
#1773 = ORIENTED_EDGE ( 'NONE', *, *, #801, .F. ) ;
#1774 = DIRECTION ( 'NONE',  ( 0.9848077530122093526, -2.159716034021766272E-16, 0.1736481776669237531 ) ) ;
#1775 = VERTEX_POINT ( 'NONE', #1601 ) ;
#1776 = AXIS2_PLACEMENT_3D ( 'NONE', #588, #383, #1423 ) ;
#1777 = ORIENTED_EDGE ( 'NONE', *, *, #830, .T. ) ;
#1778 = CARTESIAN_POINT ( 'NONE',  ( -28.35000000000000142, 0.000000000000000000, -0.9600000000000001865 ) ) ;
#1779 = DIRECTION ( 'NONE',  ( 2.193033135062037489E-16, 1.000000000000000000, 0.000000000000000000 ) ) ;
#1780 = DIRECTION ( 'NONE',  ( 0.000000000000000000, -0.000000000000000000, -1.000000000000000000 ) ) ;
#1781 = CARTESIAN_POINT ( 'NONE',  ( -14.37500000000000000, -0.2000000000000000111, -0.8250000000000000666 ) ) ;
#1782 = ORIENTED_EDGE ( 'NONE', *, *, #1762, .F. ) ;
#1783 = CARTESIAN_POINT ( 'NONE',  ( 0.000000000000000000, 0.8750000000000000000, -1.060000000000000053 ) ) ;
#1784 = ORIENTED_EDGE ( 'NONE', *, *, #2179, .F. ) ;
#1785 = VERTEX_POINT ( 'NONE', #569 ) ;
#1786 = DIRECTION ( 'NONE',  ( -3.132904478660053556E-17, -1.000000000000000000, 0.000000000000000000 ) ) ;
#1787 = CARTESIAN_POINT ( 'NONE',  ( -28.96679486355017019, 0.8750000000000000000, -0.9800000000000000933 ) ) ;
#1788 = CARTESIAN_POINT ( 'NONE',  ( -4.534427461039363116, -0.9900000000000002132, -0.7511534819267455809 ) ) ;
#1789 = CARTESIAN_POINT ( 'NONE',  ( -1.950000000000000622, -1.189999999999998392, -0.9600000000000001865 ) ) ;
#1790 = CIRCLE ( 'NONE', #1540, 0.07999999999999996003 ) ;
#1791 = ORIENTED_EDGE ( 'NONE', *, *, #735, .T. ) ;
#1792 = AXIS2_PLACEMENT_3D ( 'NONE', #1099, #63, #854 ) ;
#1793 = CARTESIAN_POINT ( 'NONE',  ( -1.950000000000000622, 1.189999999999998392, -0.9600000000000001865 ) ) ;
#1794 = ORIENTED_EDGE ( 'NONE', *, *, #2351, .T. ) ;
#1795 = ADVANCED_FACE ( 'NONE', ( #396 ), #156, .T. ) ;
#1796 = ORIENTED_EDGE ( 'NONE', *, *, #1182, .T. ) ;
#1797 = EDGE_CURVE ( 'NONE', #943, #1054, #370, .T. ) ;
#1798 = CARTESIAN_POINT ( 'NONE',  ( -0.1622440211999303383, 1.189999999999998392, 0.9201315677728726383 ) ) ;
#1799 = EDGE_CURVE ( 'NONE', #1674, #194, #2235, .T. ) ;
#1800 = DIRECTION ( 'NONE',  ( 0.000000000000000000, -0.1699069165076469712, 0.9854601157443479975 ) ) ;
#1801 = DIRECTION ( 'NONE',  ( -1.000000000000000000, 0.000000000000000000, 0.000000000000000000 ) ) ;
#1802 = ORIENTED_EDGE ( 'NONE', *, *, #2675, .F. ) ;
#1803 = CIRCLE ( 'NONE', #2170, 0.07999999999999996003 ) ;
#1804 = SPHERICAL_SURFACE ( 'NONE', #1346, 1.000000000000000000 ) ;
#1805 = VERTEX_POINT ( 'NONE', #2660 ) ;
#1806 = VERTEX_POINT ( 'NONE', #1645 ) ;
#1807 = CARTESIAN_POINT ( 'NONE',  ( -28.96679486355017019, -0.8750000000000000000, -1.060000000000000053 ) ) ;
#1808 = VECTOR ( 'NONE', #337, 1.000000000000000000 ) ;
#1809 = FACE_OUTER_BOUND ( 'NONE', #1746, .T. ) ;
#1810 = PLANE ( 'NONE',  #566 ) ;
#1811 = LINE ( 'NONE', #597, #1579 ) ;
#1812 = AXIS2_PLACEMENT_3D ( 'NONE', #2114, #1932, #71 ) ;
#1813 = VECTOR ( 'NONE', #174, 1.000000000000000000 ) ;
#1814 = VERTEX_POINT ( 'NONE', #2465 ) ;
#1815 = DIRECTION ( 'NONE',  ( -0.000000000000000000, -0.9901138386947149206, -0.1402661271484180461 ) ) ;
#1816 = VERTEX_POINT ( 'NONE', #2030 ) ;
#1817 = EDGE_CURVE ( 'NONE', #899, #1785, #2223, .T. ) ;
#1818 = ORIENTED_EDGE ( 'NONE', *, *, #163, .F. ) ;
#1819 = DIRECTION ( 'NONE',  ( 0.000000000000000000, -0.1402661271484180461, -0.9901138386947149206 ) ) ;
#1820 = AXIS2_PLACEMENT_3D ( 'NONE', #367, #585, #1400 ) ;
#1821 = DIRECTION ( 'NONE',  ( 0.000000000000000000, -1.000000000000000000, 0.000000000000000000 ) ) ;
#1822 = DIRECTION ( 'NONE',  ( 0.000000000000000000, 0.000000000000000000, 1.000000000000000000 ) ) ;
#1823 = DIRECTION ( 'NONE',  ( 0.000000000000000000, 0.000000000000000000, 1.000000000000000000 ) ) ;
#1824 = EDGE_CURVE ( 'NONE', #589, #1367, #1021, .T. ) ;
#1825 = VERTEX_POINT ( 'NONE', #1221 ) ;
#1826 = EDGE_CURVE ( 'NONE', #516, #2453, #1185, .T. ) ;
#1827 = CARTESIAN_POINT ( 'NONE',  ( -0.3800000000000000044, 0.8750000000000000000, -1.060000000000000053 ) ) ;
#1828 = FACE_OUTER_BOUND ( 'NONE', #1013, .T. ) ;
#1829 = ORIENTED_EDGE ( 'NONE', *, *, #1741, .F. ) ;
#1830 = EDGE_CURVE ( 'NONE', #102, #899, #169, .T. ) ;
#1831 = CIRCLE ( 'NONE', #1792, 0.07999999999999996003 ) ;
#1832 = DIRECTION ( 'NONE',  ( -0.000000000000000000, 1.000000000000000000, -0.000000000000000000 ) ) ;
#1833 = VERTEX_POINT ( 'NONE', #1840 ) ;
#1834 = FACE_OUTER_BOUND ( 'NONE', #1871, .T. ) ;
#1835 = CARTESIAN_POINT ( 'NONE',  ( -26.00000000000000000, 0.000000000000000000, 0.000000000000000000 ) ) ;
#1836 = CARTESIAN_POINT ( 'NONE',  ( -18.04195708484601823, 0.9899999999999981037, -0.8688465180732555249 ) ) ;
#1837 = VECTOR ( 'NONE', #2078, 1.000000000000000000 ) ;
#1838 = AXIS2_PLACEMENT_3D ( 'NONE', #2578, #1138, #294 ) ;
#1839 = AXIS2_PLACEMENT_3D ( 'NONE', #2238, #195, #364 ) ;
#1840 = CARTESIAN_POINT ( 'NONE',  ( -22.77368347295909956, -1.190000000000001501, -0.6600000000000008082 ) ) ;
#1841 = CARTESIAN_POINT ( 'NONE',  ( -0.1622440211999319759, -0.9899999999999993250, 0.9201315677728723053 ) ) ;
#1842 = ORIENTED_EDGE ( 'NONE', *, *, #1202, .T. ) ;
#1843 = ORIENTED_EDGE ( 'NONE', *, *, #2604, .F. ) ;
#1844 = DIRECTION ( 'NONE',  ( -1.000000000000000000, -0.000000000000000000, -0.000000000000000000 ) ) ;
#1845 = CYLINDRICAL_SURFACE ( 'NONE', #2521, 6.000000000000000000 ) ;
#1846 = DIRECTION ( 'NONE',  ( 0.000000000000000000, 0.000000000000000000, 1.000000000000000000 ) ) ;
#1847 = CARTESIAN_POINT ( 'NONE',  ( -1.950000000000000622, -0.8999999999999999112, -0.9100000000000001421 ) ) ;
#1848 = PLANE ( 'NONE',  #983 ) ;
#1849 = AXIS2_PLACEMENT_3D ( 'NONE', #184, #792, #2228 ) ;
#1850 = EDGE_CURVE ( 'NONE', #863, #73, #147, .T. ) ;
#1851 = CARTESIAN_POINT ( 'NONE',  ( 0.6167948635501689925, -0.8750000000000000000, -1.140000000000000124 ) ) ;
#1852 = AXIS2_PLACEMENT_3D ( 'NONE', #2056, #140, #2492 ) ;
#1853 = ORIENTED_EDGE ( 'NONE', *, *, #2649, .T. ) ;
#1854 = EDGE_CURVE ( 'NONE', #630, #1814, #1000, .T. ) ;
#1855 = DIRECTION ( 'NONE',  ( 0.000000000000000000, 0.000000000000000000, 1.000000000000000000 ) ) ;
#1856 = LINE ( 'NONE', #1037, #481 ) ;
#1857 = ORIENTED_EDGE ( 'NONE', *, *, #961, .F. ) ;
#1858 = VERTEX_POINT ( 'NONE', #2651 ) ;
#1859 = CARTESIAN_POINT ( 'NONE',  ( -14.17500000000000071, -1.190000000000001501, -0.9600000000000001865 ) ) ;
#1860 = ORIENTED_EDGE ( 'NONE', *, *, #519, .F. ) ;
#1861 = CARTESIAN_POINT ( 'NONE',  ( -18.70942746103936116, 1.189999999999998392, -0.7511534819267456919 ) ) ;
#1862 = DIRECTION ( 'NONE',  ( 0.000000000000000000, -1.000000000000000000, 0.000000000000000000 ) ) ;
#1863 = MECHANICAL_DESIGN_GEOMETRIC_PRESENTATION_REPRESENTATION (  '', ( #1745 ), #355 ) ;
#1864 = CARTESIAN_POINT ( 'NONE',  ( -26.40000000000000213, -0.8999999999999999112, -0.9100000000000001421 ) ) ;
#1865 = ADVANCED_FACE ( 'NONE', ( #798 ), #1622, .F. ) ;
#1866 = EDGE_CURVE ( 'NONE', #586, #837, #2055, .T. ) ;
#1867 = CARTESIAN_POINT ( 'NONE',  ( -2.914659381970696644E-16, 1.189999999999998392, -0.9600000000000001865 ) ) ;
#1868 = ORIENTED_EDGE ( 'NONE', *, *, #887, .F. ) ;
#1869 = PLANE ( 'NONE',  #210 ) ;
#1870 = CARTESIAN_POINT ( 'NONE',  ( -3.866957084846028625, -1.190000000000001501, -0.8688465180732546367 ) ) ;
#1871 = EDGE_LOOP ( 'NONE', ( #1934, #491, #1407, #750 ) ) ;
#1872 = AXIS2_PLACEMENT_3D ( 'NONE', #873, #1294, #904 ) ;
#1873 = ORIENTED_EDGE ( 'NONE', *, *, #2437, .F. ) ;
#1874 = DIRECTION ( 'NONE',  ( 0.000000000000000000, 0.000000000000000000, 1.000000000000000000 ) ) ;
#1875 = EDGE_CURVE ( 'NONE', #516, #2419, #1689, .T. ) ;
#1876 = ORIENTED_EDGE ( 'NONE', *, *, #1850, .T. ) ;
#1877 = AXIS2_PLACEMENT_3D ( 'NONE', #2085, #455, #1673 ) ;
#1878 = CARTESIAN_POINT ( 'NONE',  ( -23.81557253896063742, -1.190000000000001501, -0.7511534819267454699 ) ) ;
#1879 = LINE ( 'NONE', #1493, #1323 ) ;
#1880 = PLANE ( 'NONE',  #2112 ) ;
#1881 = EDGE_CURVE ( 'NONE', #1003, #1100, #599, .T. ) ;
#1882 = DIRECTION ( 'NONE',  ( -2.193033135062037489E-16, 1.000000000000000000, 0.000000000000000000 ) ) ;
#1883 = VERTEX_POINT ( 'NONE', #1513 ) ;
#1884 = CARTESIAN_POINT ( 'NONE',  ( -4.534427461039362228, 1.189999999999998392, -0.7511534819267454699 ) ) ;
#1885 = CIRCLE ( 'NONE', #2240, 6.000000000000000000 ) ;
#1886 = ORIENTED_EDGE ( 'NONE', *, *, #2649, .F. ) ;
#1887 = CARTESIAN_POINT ( 'NONE',  ( -8.598683472959098850, 1.189999999999998392, -6.660000000000000142 ) ) ;
#1888 = DIRECTION ( 'NONE',  ( 0.000000000000000000, 0.000000000000000000, -1.000000000000000000 ) ) ;
#1889 = ORIENTED_EDGE ( 'NONE', *, *, #519, .T. ) ;
#1890 = ORIENTED_EDGE ( 'NONE', *, *, #1963, .F. ) ;
#1891 = CIRCLE ( 'NONE', #689, 0.07999999999999996003 ) ;
#1892 = DIRECTION ( 'NONE',  ( -1.000000000000000000, -3.132904478660053556E-17, 1.908428413691174465E-16 ) ) ;
#1893 = ORIENTED_EDGE ( 'NONE', *, *, #2003, .T. ) ;
#1894 = DIRECTION ( 'NONE',  ( -1.000000000000000000, 0.000000000000000000, -0.000000000000000000 ) ) ;
#1895 = DIRECTION ( 'NONE',  ( -0.000000000000000000, 1.000000000000000000, -0.000000000000000000 ) ) ;
#1896 = CARTESIAN_POINT ( 'NONE',  ( -2.350000000000000533, -0.8000000000000000444, -0.9100000000000001421 ) ) ;
#1897 = VERTEX_POINT ( 'NONE', #454 ) ;
#1898 = CARTESIAN_POINT ( 'NONE',  ( -3.866957084846028625, 1.189999999999998392, -0.8688465180732546367 ) ) ;
#1899 = VECTOR ( 'NONE', #1250, 1.000000000000000000 ) ;
#1900 = ORIENTED_EDGE ( 'NONE', *, *, #356, .T. ) ;
#1901 = DIRECTION ( 'NONE',  ( 0.000000000000000000, 0.000000000000000000, 1.000000000000000000 ) ) ;
#1902 = CARTESIAN_POINT ( 'NONE',  ( -0.2651845289799109051, 1.189999999999998392, -1.503936198047713280 ) ) ;
#1903 = ORIENTED_EDGE ( 'NONE', *, *, #870, .T. ) ;
#1904 = ORIENTED_EDGE ( 'NONE', *, *, #17, .F. ) ;
#1905 = VECTOR ( 'NONE', #1309, 1.000000000000000000 ) ;
#1906 = LINE ( 'NONE', #901, #780 ) ;
#1907 = ORIENTED_EDGE ( 'NONE', *, *, #163, .T. ) ;
#1908 = CARTESIAN_POINT ( 'NONE',  ( 8.379673656549379791E-17, 0.9899999999999984368, -0.9600000000000019629 ) ) ;
#1909 = PLANE ( 'NONE',  #2366 ) ;
#1910 = CARTESIAN_POINT ( 'NONE',  ( -28.97000000000000242, 0.8750000000000001110, -1.060000000000000053 ) ) ;
#1911 = DIRECTION ( 'NONE',  ( 0.000000000000000000, -1.000000000000000000, 0.000000000000000000 ) ) ;
#1912 = DIRECTION ( 'NONE',  ( 0.000000000000000000, -1.000000000000000000, 0.000000000000000000 ) ) ;
#1913 = AXIS2_PLACEMENT_3D ( 'NONE', #529, #2185, #324 ) ;
#1914 = ADVANCED_FACE ( 'NONE', ( #222 ), #1869, .F. ) ;
#1915 = ADVANCED_FACE ( 'NONE', ( #2538 ), #27, .T. ) ;
#1916 = CARTESIAN_POINT ( 'NONE',  ( -28.96679486355017019, 0.8750000000000000000, -1.140000000000000124 ) ) ;
#1917 = CARTESIAN_POINT ( 'NONE',  ( -22.77368347295909601, 1.189999999999998392, -6.660000000000001030 ) ) ;
#1918 = ORIENTED_EDGE ( 'NONE', *, *, #443, .T. ) ;
#1920 = EDGE_CURVE ( 'NONE', #751, #98, #641, .T. ) ;
#1919 = VERTEX_POINT ( 'NONE', #881 ) ;
#1921 = DIRECTION ( 'NONE',  ( -1.000000000000000000, 0.000000000000000000, -1.908428413691174465E-16 ) ) ;
#1922 = EDGE_CURVE ( 'NONE', #776, #1347, #1672, .T. ) ;
#1923 = AXIS2_PLACEMENT_3D ( 'NONE', #1152, #765, #1144 ) ;
#1924 = ORIENTED_EDGE ( 'NONE', *, *, #17, .T. ) ;
#1925 = CARTESIAN_POINT ( 'NONE',  ( -13.97499999999999787, 0.000000000000000000, 0.000000000000000000 ) ) ;
#1926 = DIRECTION ( 'NONE',  ( 3.132904478660053556E-17, 1.000000000000000000, -0.000000000000000000 ) ) ;
#1927 = DIRECTION ( 'NONE',  ( -1.000000000000000000, -0.000000000000000000, -0.000000000000000000 ) ) ;
#1928 = CARTESIAN_POINT ( 'NONE',  ( -14.37500000000000000, 0.2000000000000000111, -0.8250000000000000666 ) ) ;
#1929 = VECTOR ( 'NONE', #1286, 1.000000000000000000 ) ;
#1930 = FACE_OUTER_BOUND ( 'NONE', #444, .T. ) ;
#1931 = LINE ( 'NONE', #1311, #802 ) ;
#1932 = DIRECTION ( 'NONE',  ( -1.000000000000000000, 0.000000000000000000, 0.000000000000000000 ) ) ;
#1933 = ORIENTED_EDGE ( 'NONE', *, *, #1118, .T. ) ;
#1934 = ORIENTED_EDGE ( 'NONE', *, *, #2675, .T. ) ;
#1935 = CARTESIAN_POINT ( 'NONE',  ( -5.576316527040903637, 1.189999999999998392, -0.6600000000000008082 ) ) ;
#1936 = ORIENTED_EDGE ( 'NONE', *, *, #2363, .F. ) ;
#1937 = EDGE_CURVE ( 'NONE', #2490, #851, #2284, .T. ) ;
#1938 = VECTOR ( 'NONE', #94, 1.000000000000000000 ) ;
#1939 = ORIENTED_EDGE ( 'NONE', *, *, #794, .T. ) ;
#1940 = CIRCLE ( 'NONE', #1838, 1.000000000000000000 ) ;
#1941 = DIRECTION ( 'NONE',  ( 0.000000000000000000, -0.000000000000000000, 1.000000000000000000 ) ) ;
#1942 = FACE_OUTER_BOUND ( 'NONE', #1695, .T. ) ;
#1943 = CARTESIAN_POINT ( 'NONE',  ( -5.576316527040903637, -0.9899999999999996581, -0.6600000000000008082 ) ) ;
#1944 = DIRECTION ( 'NONE',  ( 0.000000000000000000, -1.000000000000000000, 0.000000000000000000 ) ) ;
#1945 = CARTESIAN_POINT ( 'NONE',  ( -24.48304291515397324, 1.189999999999998392, -0.8688465180732546367 ) ) ;
#1946 = CARTESIAN_POINT ( 'NONE',  ( -1.950000000000000622, 0.8000000000000000444, -0.9100000000000001421 ) ) ;
#1947 = ADVANCED_FACE ( 'NONE', ( #255 ), #1467, .F. ) ;
#1948 = VECTOR ( 'NONE', #359, 1.000000000000000000 ) ;
#1949 = DIRECTION ( 'NONE',  ( -0.000000000000000000, 1.000000000000000000, -0.000000000000000000 ) ) ;
#1950 = ORIENTED_EDGE ( 'NONE', *, *, #2221, .F. ) ;
#1951 = ORIENTED_EDGE ( 'NONE', *, *, #387, .F. ) ;
#1952 = EDGE_CURVE ( 'NONE', #1883, #2629, #1237, .T. ) ;
#1953 = VECTOR ( 'NONE', #96, 1.000000000000000000 ) ;
#1954 = CARTESIAN_POINT ( 'NONE',  ( -26.00000000000000000, -0.2000000000000000111, -0.8250000000000000666 ) ) ;
#1955 = ORIENTED_EDGE ( 'NONE', *, *, #1748, .T. ) ;
#1956 = AXIS2_PLACEMENT_3D ( 'NONE', #1538, #106, #2370 ) ;
#1957 = ORIENTED_EDGE ( 'NONE', *, *, #2153, .F. ) ;
#1958 = CARTESIAN_POINT ( 'NONE',  ( -2.350000000000000533, 1.189999999999998392, -0.9600000000000001865 ) ) ;
#1959 = FACE_OUTER_BOUND ( 'NONE', #679, .T. ) ;
#1960 = AXIS2_PLACEMENT_3D ( 'NONE', #2121, #1667, #903 ) ;
#1961 = LINE ( 'NONE', #2387, #388 ) ;
#1962 = LINE ( 'NONE', #1727, #1987 ) ;
#1963 = EDGE_CURVE ( 'NONE', #46, #2306, #657, .T. ) ;
#1964 = DIRECTION ( 'NONE',  ( 0.000000000000000000, 0.000000000000000000, 1.000000000000000000 ) ) ;
#1965 = DIRECTION ( 'NONE',  ( -1.000000000000000000, -2.193033135062037489E-16, 1.908428413691174465E-16 ) ) ;
#1966 = EDGE_CURVE ( 'NONE', #209, #1466, #2300, .T. ) ;
#1967 = CIRCLE ( 'NONE', #930, 6.000000000000000000 ) ;
#1968 = EDGE_LOOP ( 'NONE', ( #2253, #1893, #257, #1381 ) ) ;
#1969 = DIRECTION ( 'NONE',  ( 1.000000000000000000, 0.000000000000000000, -1.908428413691174465E-16 ) ) ;
#1970 = ORIENTED_EDGE ( 'NONE', *, *, #2090, .F. ) ;
#1971 = VERTEX_POINT ( 'NONE', #2069 ) ;
#1972 = CARTESIAN_POINT ( 'NONE',  ( -14.17500000000000071, -1.190000000000001501, -1.160000000000000142 ) ) ;
#1973 = CARTESIAN_POINT ( 'NONE',  ( -14.17500000000000071, -1.190000000000001501, -0.9600000000000001865 ) ) ;
#1974 = CARTESIAN_POINT ( 'NONE',  ( -14.17500000000000071, 1.189999999999997948, -0.9600000000000001865 ) ) ;
#1976 = ADVANCED_FACE ( 'NONE', ( #1066 ), #2100, .T. ) ;
#1975 = AXIS2_PLACEMENT_3D ( 'NONE', #2328, #291, #1320 ) ;
#1977 = DIRECTION ( 'NONE',  ( 0.000000000000000000, 1.000000000000000000, 0.000000000000000000 ) ) ;
#1978 = CARTESIAN_POINT ( 'NONE',  ( -17.00006801884448038, 1.189999999999998392, 5.040000000000000036 ) ) ;
#1979 = AXIS2_PLACEMENT_3D ( 'NONE', #10, #1498, #450 ) ;
#1980 = ORIENTED_EDGE ( 'NONE', *, *, #145, .T. ) ;
#1981 = CARTESIAN_POINT ( 'NONE',  ( -28.08481547102008946, -0.9899999999999993250, -1.503936198047713058 ) ) ;
#1982 = ORIENTED_EDGE ( 'NONE', *, *, #2412, .F. ) ;
#1983 = AXIS2_PLACEMENT_3D ( 'NONE', #2500, #1494, #1295 ) ;
#1984 = ORIENTED_EDGE ( 'NONE', *, *, #1826, .T. ) ;
#1985 = CARTESIAN_POINT ( 'NONE',  ( -14.37500000000000000, -0.8000000000000000444, -0.9100000000000001421 ) ) ;
#1986 = DIRECTION ( 'NONE',  ( -2.193033135062037489E-16, -1.000000000000000000, -0.000000000000000000 ) ) ;
#1987 = VECTOR ( 'NONE', #1944, 1.000000000000000000 ) ;
#1988 = VECTOR ( 'NONE', #1014, 1.000000000000000000 ) ;
#1989 = DIRECTION ( 'NONE',  ( 0.000000000000000000, 0.000000000000000000, 1.000000000000000000 ) ) ;
#1990 = DIRECTION ( 'NONE',  ( -1.000000000000000000, 3.700743415417188263E-17, 1.776356839400250465E-15 ) ) ;
#1991 = EDGE_CURVE ( 'NONE', #1413, #2565, #1485, .T. ) ;
#1992 = ORIENTED_EDGE ( 'NONE', *, *, #2529, .T. ) ;
#1993 = CARTESIAN_POINT ( 'NONE',  ( 0.000000000000000000, 0.8750000000000000000, -0.9800000000000000933 ) ) ;
#1994 = VERTEX_POINT ( 'NONE', #2131 ) ;
#1995 = EDGE_CURVE ( 'NONE', #2376, #2637, #940, .T. ) ;
#1996 = AXIS2_PLACEMENT_3D ( 'NONE', #1703, #625, #1901 ) ;
#1997 = ORIENTED_EDGE ( 'NONE', *, *, #995, .T. ) ;
#1998 = DIRECTION ( 'NONE',  ( -0.000000000000000000, -1.000000000000000000, -0.000000000000000000 ) ) ;
#1999 = DIRECTION ( 'NONE',  ( -1.000000000000000000, 0.000000000000000000, 0.000000000000000000 ) ) ;
#2000 = CIRCLE ( 'NONE', #1956, 6.000000000000000000 ) ;
#2001 = DIRECTION ( 'NONE',  ( -2.193033135062037489E-16, 1.000000000000000000, 0.000000000000000000 ) ) ;
#2002 = DIRECTION ( 'NONE',  ( 1.000000000000000000, 0.000000000000000000, 0.000000000000000000 ) ) ;
#2003 = EDGE_CURVE ( 'NONE', #1489, #1919, #1095, .T. ) ;
#2004 = VERTEX_POINT ( 'NONE', #1916 ) ;
#2005 = EDGE_CURVE ( 'NONE', #2115, #312, #1790, .T. ) ;
#2006 = DIRECTION ( 'NONE',  ( -2.193033135062037489E-16, -1.000000000000000000, -0.000000000000000000 ) ) ;
#2007 = ORIENTED_EDGE ( 'NONE', *, *, #356, .F. ) ;
#2008 = EDGE_CURVE ( 'NONE', #2115, #1100, #282, .T. ) ;
#2009 = ORIENTED_EDGE ( 'NONE', *, *, #2326, .T. ) ;
#2010 = DIRECTION ( 'NONE',  ( 0.000000000000000000, 0.000000000000000000, 1.000000000000000000 ) ) ;
#2011 = APPLICATION_PROTOCOL_DEFINITION ( 'draft international standard', 'automotive_design', 1998, #141 ) ;
#2012 = LINE ( 'NONE', #826, #339 ) ;
#2013 = LINE ( 'NONE', #2219, #1358 ) ;
#2014 = AXIS2_PLACEMENT_3D ( 'NONE', #151, #2397, #777 ) ;
#2015 = ORIENTED_EDGE ( 'NONE', *, *, #2442, .T. ) ;
#2016 = VECTOR ( 'NONE', #1719, 1.000000000000000000 ) ;
#2017 = DIRECTION ( 'NONE',  ( 0.000000000000000000, 1.000000000000000000, 0.000000000000000000 ) ) ;
#2018 = ORIENTED_EDGE ( 'NONE', *, *, #1276, .F. ) ;
#2019 = ORIENTED_EDGE ( 'NONE', *, *, #2041, .T. ) ;
#2020 = EDGE_CURVE ( 'NONE', #237, #1858, #1931, .T. ) ;
#2021 = CARTESIAN_POINT ( 'NONE',  ( -26.40000000000000213, -0.2000000000000000111, -0.8250000000000000666 ) ) ;
#2022 = AXIS2_PLACEMENT_3D ( 'NONE', #874, #414, #1245 ) ;
#2023 = DIRECTION ( 'NONE',  ( 0.000000000000000000, 0.000000000000000000, 1.000000000000000000 ) ) ;
#2024 = ORIENTED_EDGE ( 'NONE', *, *, #1748, .F. ) ;
#2025 = FACE_OUTER_BOUND ( 'NONE', #880, .T. ) ;
#2026 = CARTESIAN_POINT ( 'NONE',  ( -5.576316527040903637, -1.190000000000001501, -0.6600000000000008082 ) ) ;
#2027 = CIRCLE ( 'NONE', #2670, 6.000000000000000000 ) ;
#2028 = ADVANCED_FACE ( 'NONE', ( #1102 ), #665, .F. ) ;
#2029 = ORIENTED_EDGE ( 'NONE', *, *, #1560, .F. ) ;
#2030 = CARTESIAN_POINT ( 'NONE',  ( -2.350000000000000533, 0.2000000000000000111, -0.8250000000000000666 ) ) ;
#2031 = ORIENTED_EDGE ( 'NONE', *, *, #2626, .F. ) ;
#2032 = EDGE_LOOP ( 'NONE', ( #2384, #1684, #1487, #1342 ) ) ;
#2033 = DIRECTION ( 'NONE',  ( 1.000000000000000000, -0.000000000000000000, -0.000000000000000000 ) ) ;
#2034 = AXIS2_PLACEMENT_3D ( 'NONE', #313, #502, #2175 ) ;
#2035 = ADVANCED_FACE ( 'NONE', ( #1942 ), #1909, .F. ) ;
#2036 = ORIENTED_EDGE ( 'NONE', *, *, #909, .T. ) ;
#2037 = DIRECTION ( 'NONE',  ( -1.000000000000000000, 0.000000000000000000, 0.000000000000000000 ) ) ;
#2038 = LINE ( 'NONE', #403, #2377 ) ;
#2039 = EDGE_CURVE ( 'NONE', #2490, #668, #36, .T. ) ;
#2040 = VECTOR ( 'NONE', #673, 1.000000000000000000 ) ;
#2041 = EDGE_CURVE ( 'NONE', #1166, #1994, #1224, .T. ) ;
#2042 = VECTOR ( 'NONE', #365, 1.000000000000000000 ) ;
#2043 = VERTEX_POINT ( 'NONE', #476 ) ;
#2044 = ADVANCED_FACE ( 'NONE', ( #2572 ), #649, .T. ) ;
#2045 = DIRECTION ( 'NONE',  ( -1.000000000000000000, 0.000000000000000000, -0.000000000000000000 ) ) ;
#2046 = FACE_OUTER_BOUND ( 'NONE', #2110, .T. ) ;
#2047 = ORIENTED_EDGE ( 'NONE', *, *, #755, .T. ) ;
#2048 = FACE_OUTER_BOUND ( 'NONE', #2032, .T. ) ;
#2049 = CIRCLE ( 'NONE', #1913, 0.07999999999999996003 ) ;
#2050 = ORIENTED_EDGE ( 'NONE', *, *, #1560, .T. ) ;
#2051 = LINE ( 'NONE', #2218, #2433 ) ;
#2052 = CARTESIAN_POINT ( 'NONE',  ( -26.00000000000000000, 1.189999999999998392, -0.9600000000000001865 ) ) ;
#2053 = DIRECTION ( 'NONE',  ( 0.000000000000000000, 0.9901138386947149206, -0.1402661271484180461 ) ) ;
#2054 = VECTOR ( 'NONE', #1083, 1.000000000000000000 ) ;
#2055 = LINE ( 'NONE', #2084, #382 ) ;
#2056 = CARTESIAN_POINT ( 'NONE',  ( -5.576316527040904525, 1.189999999999998392, -6.660000000000001030 ) ) ;
#2057 = VERTEX_POINT ( 'NONE', #2533 ) ;
#2058 = ORIENTED_EDGE ( 'NONE', *, *, #41, .T. ) ;
#2059 = VECTOR ( 'NONE', #219, 1.000000000000000222 ) ;
#2060 = DIRECTION ( 'NONE',  ( 0.000000000000000000, 0.000000000000000000, 1.000000000000000000 ) ) ;
#2061 = CARTESIAN_POINT ( 'NONE',  ( -2.825068018844486328, 1.189999999999998392, 5.040000000000000036 ) ) ;
#2062 = DIRECTION ( 'NONE',  ( 0.000000000000000000, -0.9901138386947149206, 0.1402661271484180461 ) ) ;
#2063 = CARTESIAN_POINT ( 'NONE',  ( -26.40000000000000213, -0.2000000000000000111, -0.8250000000000000666 ) ) ;
#2064 = ADVANCED_FACE ( 'NONE', ( #2151 ), #92, .T. ) ;
#2065 = DIRECTION ( 'NONE',  ( 0.000000000000000000, -1.000000000000000000, 0.000000000000000000 ) ) ;
#2066 = LINE ( 'NONE', #418, #979 ) ;
#2067 = VECTOR ( 'NONE', #2623, 1.000000000000000000 ) ;
#2068 = ORIENTED_EDGE ( 'NONE', *, *, #1920, .F. ) ;
#2069 = CARTESIAN_POINT ( 'NONE',  ( -28.96679486355017019, -0.7949999999999924905, -1.060000000000000053 ) ) ;
#2070 = SPHERICAL_SURFACE ( 'NONE', #2297, 1.000000000000000000 ) ;
#2071 = ORIENTED_EDGE ( 'NONE', *, *, #1718, .F. ) ;
#2072 = EDGE_LOOP ( 'NONE', ( #2470, #1635, #758, #1085, #48 ) ) ;
#2073 = DIRECTION ( 'NONE',  ( -0.000000000000000000, -0.9854601157443477755, -0.1699069165076472210 ) ) ;
#2074 = DIRECTION ( 'NONE',  ( 1.000000000000000000, 0.000000000000000000, 0.000000000000000000 ) ) ;
#2075 = CARTESIAN_POINT ( 'NONE',  ( -26.00000000000000000, 0.8999999999999999112, -0.9100000000000001421 ) ) ;
#2076 = CIRCLE ( 'NONE', #2034, 6.000000000000000000 ) ;
#2077 = LINE ( 'NONE', #37, #1412 ) ;
#2078 = DIRECTION ( 'NONE',  ( -1.000000000000000000, -3.132904478660053556E-17, -0.000000000000000000 ) ) ;
#2079 = VECTOR ( 'NONE', #2390, 1.000000000000000000 ) ;
#2080 = CARTESIAN_POINT ( 'NONE',  ( -28.35000000000000142, 1.189999999999998392, -0.9600000000000001865 ) ) ;
#2081 = AXIS2_PLACEMENT_3D ( 'NONE', #2466, #1779, #1451 ) ;
#2082 = EDGE_LOOP ( 'NONE', ( #146, #660, #2294, #1453 ) ) ;
#2083 = ADVANCED_FACE ( 'NONE', ( #230 ), #246, .F. ) ;
#2084 = CARTESIAN_POINT ( 'NONE',  ( -14.17500000000000071, -1.190000000000001501, -0.9600000000000001865 ) ) ;
#2085 = CARTESIAN_POINT ( 'NONE',  ( -0.2651845289799109051, 1.189999999999998392, -1.503936198047713280 ) ) ;
#2086 = ORIENTED_EDGE ( 'NONE', *, *, #1637, .F. ) ;
#2087 = EDGE_CURVE ( 'NONE', #1706, #434, #2320, .T. ) ;
#2088 = EDGE_LOOP ( 'NONE', ( #602, #441, #772, #1647, #616, #1288, #2236, #832 ) ) ;
#2089 = CARTESIAN_POINT ( 'NONE',  ( -28.35000000000000142, 1.189999999999998392, -0.9600000000000001865 ) ) ;
#2090 = EDGE_CURVE ( 'NONE', #2510, #863, #1879, .T. ) ;
#2091 = VERTEX_POINT ( 'NONE', #446 ) ;
#2092 = FACE_OUTER_BOUND ( 'NONE', #2336, .T. ) ;
#2093 = CARTESIAN_POINT ( 'NONE',  ( -1.950000000000000622, -0.8999999999999999112, -0.9100000000000001421 ) ) ;
#2094 = CARTESIAN_POINT ( 'NONE',  ( -13.97500000000000142, 0.8999999999999999112, -0.9100000000000001421 ) ) ;
#2095 = VECTOR ( 'NONE', #1780, 1.000000000000000000 ) ;
#2096 = CARTESIAN_POINT ( 'NONE',  ( -26.00000000000000000, 1.189999999999998392, -0.9600000000000001865 ) ) ;
#2097 = ORIENTED_EDGE ( 'NONE', *, *, #735, .F. ) ;
#2098 = DIRECTION ( 'NONE',  ( 3.132904478660053556E-17, -1.000000000000000000, 0.000000000000000000 ) ) ;
#2099 = ORIENTED_EDGE ( 'NONE', *, *, #218, .T. ) ;
#2100 = CYLINDRICAL_SURFACE ( 'NONE', #2619, 6.000000000000000000 ) ;
#2101 = LINE ( 'NONE', #239, #725 ) ;
#2102 = ORIENTED_EDGE ( 'NONE', *, *, #1232, .T. ) ;
#2103 = ORIENTED_EDGE ( 'NONE', *, *, #2020, .T. ) ;
#2104 = FACE_OUTER_BOUND ( 'NONE', #2650, .T. ) ;
#2105 = ORIENTED_EDGE ( 'NONE', *, *, #30, .T. ) ;
#2106 = FILL_AREA_STYLE_COLOUR ( '', #795 ) ;
#2107 = CARTESIAN_POINT ( 'NONE',  ( 0.6167948635501689925, 0.8750000000000000000, -1.140000000000000124 ) ) ;
#2108 = CARTESIAN_POINT ( 'NONE',  ( -2.350000000000001421, -1.189999999999998836, -0.9600000000000001865 ) ) ;
#2109 = CARTESIAN_POINT ( 'NONE',  ( -23.81557253896063742, 1.189999999999998392, -0.7511534819267454699 ) ) ;
#2110 = EDGE_LOOP ( 'NONE', ( #55, #1903, #821, #1371 ) ) ;
#2111 = CARTESIAN_POINT ( 'NONE',  ( -13.97500000000000142, -0.8999999999999999112, -0.9100000000000001421 ) ) ;
#2112 = AXIS2_PLACEMENT_3D ( 'NONE', #858, #53, #1682 ) ;
#2113 = CARTESIAN_POINT ( 'NONE',  ( -8.598683472959097074, 1.189999999999998392, -0.6600000000000002531 ) ) ;
#2114 = CARTESIAN_POINT ( 'NONE',  ( -28.96679486355017019, 0.8750000000000000000, -1.060000000000000053 ) ) ;
#2115 = VERTEX_POINT ( 'NONE', #2107 ) ;
#2116 = PRODUCT_DEFINITION_FORMATION_WITH_SPECIFIED_SOURCE ( 'TUTTO', '', #2311, .NOT_KNOWN. ) ;
#2117 = ORIENTED_EDGE ( 'NONE', *, *, #724, .F. ) ;
#2118 = AXIS2_PLACEMENT_3D ( 'NONE', #417, #1882, #404 ) ;
#2119 = CARTESIAN_POINT ( 'NONE',  ( -28.35000000000000142, 0.8750000000000000000, -1.140000000000000124 ) ) ;
#2120 = VERTEX_POINT ( 'NONE', #1697 ) ;
#2121 = CARTESIAN_POINT ( 'NONE',  ( -0.3800000000000000044, -0.8750000000000000000, -1.060000000000000053 ) ) ;
#2122 = DIRECTION ( 'NONE',  ( 0.000000000000000000, 0.000000000000000000, 1.000000000000000000 ) ) ;
#2123 = EDGE_CURVE ( 'NONE', #2640, #1897, #2546, .T. ) ;
#2124 = DIRECTION ( 'NONE',  ( 0.000000000000000000, 0.1699069165076472487, 0.9854601157443478865 ) ) ;
#2125 = DIRECTION ( 'NONE',  ( -1.224646799147353207E-16, 1.000000000000000000, -0.000000000000000000 ) ) ;
#2126 = ORIENTED_EDGE ( 'NONE', *, *, #1720, .F. ) ;
#2127 = DIRECTION ( 'NONE',  ( 0.000000000000000000, 0.000000000000000000, -1.000000000000000000 ) ) ;
#2128 = EDGE_CURVE ( 'NONE', #1806, #312, #1585, .T. ) ;
#2129 = AXIS2_PLACEMENT_3D ( 'NONE', #1518, #1089, #489 ) ;
#2130 = EDGE_CURVE ( 'NONE', #582, #439, #1308, .T. ) ;
#2131 = CARTESIAN_POINT ( 'NONE',  ( -10.30804291515398141, -0.9900000000000015454, -0.8688465180732554138 ) ) ;
#2132 = DIRECTION ( 'NONE',  ( -1.000000000000000000, 0.000000000000000000, 1.908428413691174465E-16 ) ) ;
#2133 = ORIENTED_EDGE ( 'NONE', *, *, #830, .F. ) ;
#2134 = ORIENTED_EDGE ( 'NONE', *, *, #1475, .T. ) ;
#2135 = DIRECTION ( 'NONE',  ( 0.000000000000000000, 0.000000000000000000, -1.000000000000000000 ) ) ;
#2136 = VERTEX_POINT ( 'NONE', #430 ) ;
#2137 = LINE ( 'NONE', #1696, #1397 ) ;
#2138 = DIRECTION ( 'NONE',  ( -0.9848077530122093526, 0.000000000000000000, -0.1736481776669235033 ) ) ;
#2139 = CARTESIAN_POINT ( 'NONE',  ( -25.52493198115551465, 1.189999999999998392, -0.9600000000000001865 ) ) ;
#2140 = CARTESIAN_POINT ( 'NONE',  ( -1.950000000000000622, 0.8999999999999999112, -0.9100000000000001421 ) ) ;
#2141 = CARTESIAN_POINT ( 'NONE',  ( -2.350000000000000533, -0.8999999999999999112, -0.9100000000000001421 ) ) ;
#2142 = DIRECTION ( 'NONE',  ( -0.000000000000000000, -0.000000000000000000, -1.000000000000000000 ) ) ;
#2143 = DIRECTION ( 'NONE',  ( -0.9848077530122093526, 0.000000000000000000, 0.1736481776669237809 ) ) ;
#2144 = EDGE_LOOP ( 'NONE', ( #213, #2557 ) ) ;
#2145 = ORIENTED_EDGE ( 'NONE', *, *, #2355, .F. ) ;
#2146 = FACE_OUTER_BOUND ( 'NONE', #2338, .T. ) ;
#2147 = ORIENTED_EDGE ( 'NONE', *, *, #2415, .F. ) ;
#2148 = AXIS2_PLACEMENT_3D ( 'NONE', #2093, #2181, #933 ) ;
#2149 = ORIENTED_EDGE ( 'NONE', *, *, #1881, .T. ) ;
#2150 = CARTESIAN_POINT ( 'NONE',  ( -26.00000000000000000, -0.8999999999999999112, -0.9100000000000001421 ) ) ;
#2151 = FACE_OUTER_BOUND ( 'NONE', #224, .T. ) ;
#2152 = CYLINDRICAL_SURFACE ( 'NONE', #216, 6.000000000000000000 ) ;
#2153 = EDGE_CURVE ( 'NONE', #240, #2490, #263, .T. ) ;
#2154 = DIRECTION ( 'NONE',  ( 0.000000000000000000, 0.000000000000000000, 1.000000000000000000 ) ) ;
#2155 = VECTOR ( 'NONE', #33, 1.000000000000000000 ) ;
#2156 = CARTESIAN_POINT ( 'NONE',  ( -28.35000000000000142, -1.189999999999998392, -1.160000000000000142 ) ) ;
#2157 = ADVANCED_FACE ( 'NONE', ( #1119 ), #682, .T. ) ;
#2158 = LINE ( 'NONE', #97, #1228 ) ;
#2159 = ORIENTED_EDGE ( 'NONE', *, *, #2123, .T. ) ;
#2160 = ORIENTED_EDGE ( 'NONE', *, *, #2608, .F. ) ;
#2161 = FACE_OUTER_BOUND ( 'NONE', #1131, .T. ) ;
#2162 = ORIENTED_EDGE ( 'NONE', *, *, #2, .T. ) ;
#2163 = ORIENTED_EDGE ( 'NONE', *, *, #160, .F. ) ;
#2164 = DIRECTION ( 'NONE',  ( -0.000000000000000000, -1.000000000000000000, -0.000000000000000000 ) ) ;
#2165 = ADVANCED_FACE ( 'NONE', ( #2343 ), #1260, .F. ) ;
#2166 = LINE ( 'NONE', #1972, #2266 ) ;
#2167 = CARTESIAN_POINT ( 'NONE',  ( -28.96679486355017019, 0.9550000000000075095, -1.060000000000000053 ) ) ;
#2168 = EDGE_CURVE ( 'NONE', #2565, #1330, #2620, .T. ) ;
#2169 = DIRECTION ( 'NONE',  ( 1.000000000000000000, -0.000000000000000000, -0.000000000000000000 ) ) ;
#2170 = AXIS2_PLACEMENT_3D ( 'NONE', #856, #664, #2532 ) ;
#2171 = CARTESIAN_POINT ( 'NONE',  ( -14.37500000000000000, 0.2000000000000000111, -0.8250000000000000666 ) ) ;
#2172 = DIRECTION ( 'NONE',  ( 0.000000000000000000, 0.000000000000000000, 1.000000000000000000 ) ) ;
#2173 = CIRCLE ( 'NONE', #168, 6.000000000000000000 ) ;
#2174 = ORIENTED_EDGE ( 'NONE', *, *, #243, .T. ) ;
#2175 = DIRECTION ( 'NONE',  ( -1.000000000000000000, 3.700743415417188263E-17, 0.000000000000000000 ) ) ;
#2176 = ORIENTED_EDGE ( 'NONE', *, *, #1488, .T. ) ;
#2177 = ADVANCED_FACE ( 'NONE', ( #728 ), #2200, .F. ) ;
#2178 = EDGE_LOOP ( 'NONE', ( #1378, #1692, #505, #1997 ) ) ;
#2179 = EDGE_CURVE ( 'NONE', #1805, #668, #2588, .T. ) ;
#2180 = DIRECTION ( 'NONE',  ( 0.000000000000000000, -1.000000000000000000, 0.000000000000000000 ) ) ;
#2181 = DIRECTION ( 'NONE',  ( 0.000000000000000000, 0.000000000000000000, -1.000000000000000000 ) ) ;
#2182 = CARTESIAN_POINT ( 'NONE',  ( -19.75131652704090612, 1.189999999999998392, -0.6600000000000002531 ) ) ;
#2183 = DIRECTION ( 'NONE',  ( 0.000000000000000000, -0.9854601157443477755, -0.1699069165076472210 ) ) ;
#2184 = LINE ( 'NONE', #937, #2095 ) ;
#2185 = DIRECTION ( 'NONE',  ( -1.000000000000000000, -0.000000000000000000, -0.000000000000000000 ) ) ;
#2186 = AXIS2_PLACEMENT_3D ( 'NONE', #817, #1375, #994 ) ;
#2187 = ORIENTED_EDGE ( 'NONE', *, *, #1830, .T. ) ;
#2188 = SPHERICAL_SURFACE ( 'NONE', #1208, 1.000000000000000000 ) ;
#2189 = VERTEX_POINT ( 'NONE', #331 ) ;
#2190 = VERTEX_POINT ( 'NONE', #1552 ) ;
#2191 = DIRECTION ( 'NONE',  ( 2.193033135062037489E-16, -1.000000000000000000, -0.000000000000000000 ) ) ;
#2192 = DIRECTION ( 'NONE',  ( 0.000000000000000000, 0.000000000000000000, -1.000000000000000000 ) ) ;
#2193 = CARTESIAN_POINT ( 'NONE',  ( 0.6167948635501689925, -0.8750000000000000000, -1.060000000000000053 ) ) ;
#2194 = FACE_OUTER_BOUND ( 'NONE', #2178, .T. ) ;
#2195 = AXIS2_PLACEMENT_3D ( 'NONE', #1079, #2536, #1511 ) ;
#2196 = ORIENTED_EDGE ( 'NONE', *, *, #2481, .F. ) ;
#2197 = LINE ( 'NONE', #2405, #1808 ) ;
#2198 = VERTEX_POINT ( 'NONE', #318 ) ;
#2199 = ORIENTED_EDGE ( 'NONE', *, *, #267, .T. ) ;
#2200 = PLANE ( 'NONE',  #1923 ) ;
#2201 = LINE ( 'NONE', #1582, #1519 ) ;
#2202 = AXIS2_PLACEMENT_3D ( 'NONE', #2401, #2001, #1156 ) ;
#2203 = ADVANCED_FACE ( 'NONE', ( #1167 ), #2599, .F. ) ;
#2204 = VECTOR ( 'NONE', #1, 1.000000000000000000 ) ;
#2205 = CARTESIAN_POINT ( 'NONE',  ( -11.34993198115551927, 0.9899999999999981037, -0.9600000000000001865 ) ) ;
#2206 = DIRECTION ( 'NONE',  ( 1.000000000000000000, 0.000000000000000000, -0.000000000000000000 ) ) ;
#2207 = EDGE_CURVE ( 'NONE', #2456, #1491, #752, .T. ) ;
#2208 = ADVANCED_FACE ( 'NONE', ( #352 ), #105, .T. ) ;
#2209 = VERTEX_POINT ( 'NONE', #1372 ) ;
#2210 = EDGE_CURVE ( 'NONE', #551, #1858, #2166, .T. ) ;
#2211 = PLANE ( 'NONE',  #1130 ) ;
#2212 = ORIENTED_EDGE ( 'NONE', *, *, #233, .T. ) ;
#2213 = AXIS2_PLACEMENT_3D ( 'NONE', #1229, #353, #596 ) ;
#2214 = ORIENTED_EDGE ( 'NONE', *, *, #762, .F. ) ;
#2215 = CARTESIAN_POINT ( 'NONE',  ( -0.3800000000000000044, 0.8750000000000000000, -1.060000000000000053 ) ) ;
#2216 = DIRECTION ( 'NONE',  ( 0.9848077530122092416, 0.000000000000000000, 0.1736481776669234756 ) ) ;
#2217 =( NAMED_UNIT ( * ) SI_UNIT ( $, .STERADIAN. ) SOLID_ANGLE_UNIT ( ) );
#2218 = CARTESIAN_POINT ( 'NONE',  ( -13.97500000000000142, -0.8000000000000000444, -0.9100000000000001421 ) ) ;
#2219 = CARTESIAN_POINT ( 'NONE',  ( -0.2651845289799109051, -1.190000000000001501, -1.503936198047713280 ) ) ;
#2220 = ORIENTED_EDGE ( 'NONE', *, *, #1448, .F. ) ;
#2221 = EDGE_CURVE ( 'NONE', #1064, #1440, #1661, .T. ) ;
#2222 = VECTOR ( 'NONE', #918, 1.000000000000000000 ) ;
#2223 = LINE ( 'NONE', #1613, #1948 ) ;
#2224 = ORIENTED_EDGE ( 'NONE', *, *, #2427, .T. ) ;
#2225 = ORIENTED_EDGE ( 'NONE', *, *, #2003, .F. ) ;
#2226 = PLANE ( 'NONE',  #2339 ) ;
#2227 = ORIENTED_EDGE ( 'NONE', *, *, #1204, .T. ) ;
#2228 = DIRECTION ( 'NONE',  ( 0.000000000000000000, 0.000000000000000000, 1.000000000000000000 ) ) ;
#2229 = DIRECTION ( 'NONE',  ( 0.000000000000000000, -0.9854601157443477755, 0.1699069165076472210 ) ) ;
#2230 = ADVANCED_FACE ( 'NONE', ( #2632 ), #1176, .F. ) ;
#2231 = VECTOR ( 'NONE', #2504, 1.000000000000000000 ) ;
#2232 = ORIENTED_EDGE ( 'NONE', *, *, #1366, .F. ) ;
#2233 = AXIS2_PLACEMENT_3D ( 'NONE', #1529, #882, #2318 ) ;
#2234 = EDGE_CURVE ( 'NONE', #2189, #2596, #1184, .T. ) ;
#2235 = LINE ( 'NONE', #2249, #2603 ) ;
#2236 = ORIENTED_EDGE ( 'NONE', *, *, #587, .F. ) ;
#2237 = VERTEX_POINT ( 'NONE', #2369 ) ;
#2238 = CARTESIAN_POINT ( 'NONE',  ( -8.598683472959098850, 1.189999999999998170, -6.660000000000000142 ) ) ;
#2239 = EDGE_CURVE ( 'NONE', #1140, #748, #363, .T. ) ;
#2240 = AXIS2_PLACEMENT_3D ( 'NONE', #2647, #793, #1619 ) ;
#2241 = CARTESIAN_POINT ( 'NONE',  ( 0.000000000000000000, 0.000000000000000000, 0.000000000000000000 ) ) ;
#2242 = EDGE_CURVE ( 'NONE', #1816, #2190, #1336, .T. ) ;
#2243 = ORIENTED_EDGE ( 'NONE', *, *, #2351, .F. ) ;
#2244 = CYLINDRICAL_SURFACE ( 'NONE', #83, 6.000000000000000000 ) ;
#2245 = CARTESIAN_POINT ( 'NONE',  ( -0.2651845289799125149, -0.9899999999999993250, -1.503936198047713058 ) ) ;
#2246 = ADVANCED_FACE ( 'NONE', ( #1959 ), #139, .T. ) ;
#2247 = AXIS2_PLACEMENT_3D ( 'NONE', #1446, #652, #1047 ) ;
#2248 = ORIENTED_EDGE ( 'NONE', *, *, #350, .F. ) ;
#2249 = CARTESIAN_POINT ( 'NONE',  ( -26.00000000000000000, -0.8999999999999999112, -0.9100000000000001421 ) ) ;
#2250 = EDGE_LOOP ( 'NONE', ( #1252, #711, #1591, #2525 ) ) ;
#2251 = LINE ( 'NONE', #2021, #1988 ) ;
#2252 = AXIS2_PLACEMENT_3D ( 'NONE', #1783, #2418, #1332 ) ;
#2253 = ORIENTED_EDGE ( 'NONE', *, *, #614, .T. ) ;
#2254 = FACE_OUTER_BOUND ( 'NONE', #327, .T. ) ;
#2255 = DIRECTION ( 'NONE',  ( -0.9848077530122093526, -2.159716034021766272E-16, 0.1736481776669237531 ) ) ;
#2256 = CARTESIAN_POINT ( 'NONE',  ( -28.35000000000000142, 1.189999999999998392, -1.160000000000000142 ) ) ;
#2257 = DIRECTION ( 'NONE',  ( 0.000000000000000000, -0.9854601157443477755, 0.1699069165076472210 ) ) ;
#2258 = CARTESIAN_POINT ( 'NONE',  ( -27.97000000000000242, -0.8750000000000000000, -1.060000000000000053 ) ) ;
#2259 = VERTEX_POINT ( 'NONE', #342 ) ;
#2260 = CARTESIAN_POINT ( 'NONE',  ( 0.6167948635501689925, 0.8750000000000000000, -1.060000000000000053 ) ) ;
#2261 = VECTOR ( 'NONE', #746, 1.000000000000000000 ) ;
#2262 = ORIENTED_EDGE ( 'NONE', *, *, #2363, .T. ) ;
#2263 = DIRECTION ( 'NONE',  ( 0.000000000000000000, -0.9854601157443479975, -0.1699069165076469712 ) ) ;
#2264 = DIRECTION ( 'NONE',  ( 0.000000000000000000, 1.000000000000000000, 0.000000000000000000 ) ) ;
#2265 = CARTESIAN_POINT ( 'NONE',  ( -8.598683472959097074, 1.189999999999998392, -0.6600000000000002531 ) ) ;
#2266 = VECTOR ( 'NONE', #130, 1.000000000000000000 ) ;
#2267 = EDGE_CURVE ( 'NONE', #2419, #2516, #581, .T. ) ;
#2268 = DIRECTION ( 'NONE',  ( 1.000000000000000000, -2.193033135062037489E-16, 0.000000000000000000 ) ) ;
#2269 = DIRECTION ( 'NONE',  ( -1.000000000000000000, 0.000000000000000000, -0.000000000000000000 ) ) ;
#2270 = ORIENTED_EDGE ( 'NONE', *, *, #1280, .F. ) ;
#2271 = ORIENTED_EDGE ( 'NONE', *, *, #639, .T. ) ;
#2272 = CIRCLE ( 'NONE', #1327, 0.07999999999999996003 ) ;
#2273 = CARTESIAN_POINT ( 'NONE',  ( -28.18775597880006956, 0.9899999999999984368, 0.9201315677728726383 ) ) ;
#2274 = ORIENTED_EDGE ( 'NONE', *, *, #1435, .F. ) ;
#2275 = DIRECTION ( 'NONE',  ( 0.000000000000000000, 1.000000000000000000, 0.000000000000000000 ) ) ;
#2276 = CARTESIAN_POINT ( 'NONE',  ( -13.97499999999999787, 1.189999999999997948, -0.9600000000000001865 ) ) ;
#2277 = DIRECTION ( 'NONE',  ( 0.9848077530122093526, -3.085308620031094321E-17, 0.1736481776669237809 ) ) ;
#2278 = EDGE_CURVE ( 'NONE', #2516, #2189, #2421, .T. ) ;
#2279 = CARTESIAN_POINT ( 'NONE',  ( 0.6167948635501689925, -0.8750000000000000000, -1.060000000000000053 ) ) ;
#2280 = EDGE_CURVE ( 'NONE', #1806, #1162, #377, .T. ) ;
#2281 = VECTOR ( 'NONE', #2413, 1.000000000000000000 ) ;
#2282 = ADVANCED_FACE ( 'NONE', ( #824 ), #1203, .F. ) ;
#2283 = ORIENTED_EDGE ( 'NONE', *, *, #2526, .F. ) ;
#2284 = LINE ( 'NONE', #1714, #916 ) ;
#2285 = CARTESIAN_POINT ( 'NONE',  ( -1.950000000000000622, 0.000000000000000000, 0.000000000000000000 ) ) ;
#2286 = EDGE_LOOP ( 'NONE', ( #2674, #1001, #1744, #1496, #2117, #833, #2507, #2019 ) ) ;
#2287 = ORIENTED_EDGE ( 'NONE', *, *, #189, .T. ) ;
#2288 = DIRECTION ( 'NONE',  ( -0.000000000000000000, 1.000000000000000000, -0.000000000000000000 ) ) ;
#2289 = ORIENTED_EDGE ( 'NONE', *, *, #885, .T. ) ;
#2290 = SURFACE_STYLE_FILL_AREA ( #245 ) ;
#2291 = CIRCLE ( 'NONE', #1643, 6.000000000000000000 ) ;
#2292 = CARTESIAN_POINT ( 'NONE',  ( -3.866957084846029513, -0.9900000000000001021, -0.8688465180732545257 ) ) ;
#2293 = CARTESIAN_POINT ( 'NONE',  ( -2.825068018844486328, 0.000000000000000000, 5.040000000000000036 ) ) ;
#2294 = ORIENTED_EDGE ( 'NONE', *, *, #1952, .T. ) ;
#2295 = AXIS2_PLACEMENT_3D ( 'NONE', #152, #2037, #1846 ) ;
#2296 = CARTESIAN_POINT ( 'NONE',  ( -14.37500000000000355, -1.190000000000001501, -0.9600000000000001865 ) ) ;
#2297 = AXIS2_PLACEMENT_3D ( 'NONE', #2258, #609, #1658 ) ;
#2298 = EDGE_LOOP ( 'NONE', ( #1550, #740, #64, #2225 ) ) ;
#2299 = CIRCLE ( 'NONE', #204, 6.000000000000000000 ) ;
#2300 = LINE ( 'NONE', #437, #894 ) ;
#2301 = DIRECTION ( 'NONE',  ( -0.000000000000000000, 1.000000000000000000, -0.000000000000000000 ) ) ;
#2302 = ORIENTED_EDGE ( 'NONE', *, *, #2604, .T. ) ;
#2303 = PRODUCT_RELATED_PRODUCT_CATEGORY ( 'part', '', ( #2311 ) ) ;
#2304 = ORIENTED_EDGE ( 'NONE', *, *, #1182, .F. ) ;
#2305 = CARTESIAN_POINT ( 'NONE',  ( -18.04195708484601823, -0.9900000000000015454, -0.8688465180732554138 ) ) ;
#2306 = VERTEX_POINT ( 'NONE', #991 ) ;
#2307 = CARTESIAN_POINT ( 'NONE',  ( -28.08481547102008946, 1.189999999999998392, -1.503936198047713280 ) ) ;
#2308 = DIRECTION ( 'NONE',  ( -1.000000000000000000, -3.132904478660053556E-17, -0.000000000000000000 ) ) ;
#2309 = FACE_OUTER_BOUND ( 'NONE', #1600, .T. ) ;
#2310 = VECTOR ( 'NONE', #2342, 1.000000000000000000 ) ;
#2311 = PRODUCT ( 'WagonPlane_90ft_MediumDetailed', 'WagonPlane_90ft_MediumDetailed', '', ( #1363 ) ) ;
#2312 = PLANE ( 'NONE',  #2247 ) ;
#2313 = ORIENTED_EDGE ( 'NONE', *, *, #963, .T. ) ;
#2314 = EDGE_CURVE ( 'NONE', #171, #890, #2251, .T. ) ;
#2315 = CARTESIAN_POINT ( 'NONE',  ( -28.35000000000000142, 0.8750000000000000000, -1.060000000000000053 ) ) ;
#2316 = ORIENTED_EDGE ( 'NONE', *, *, #1875, .F. ) ;
#2317 = DIRECTION ( 'NONE',  ( 1.000000000000000000, -0.000000000000000000, -0.000000000000000000 ) ) ;
#2318 = DIRECTION ( 'NONE',  ( 1.000000000000000000, 3.132904478660053556E-17, 0.000000000000000000 ) ) ;
#2319 = ORIENTED_EDGE ( 'NONE', *, *, #1461, .T. ) ;
#2320 = CIRCLE ( 'NONE', #1621, 6.000000000000000000 ) ;
#2321 = ORIENTED_EDGE ( 'NONE', *, *, #685, .T. ) ;
#2322 = EDGE_CURVE ( 'NONE', #434, #2453, #2469, .T. ) ;
#2323 = LINE ( 'NONE', #2089, #2016 ) ;
#2324 = AXIS2_PLACEMENT_3D ( 'NONE', #2487, #1447, #2127 ) ;
#2325 = ORIENTED_EDGE ( 'NONE', *, *, #563, .T. ) ;
#2326 = EDGE_CURVE ( 'NONE', #1883, #1249, #572, .T. ) ;
#2327 = CARTESIAN_POINT ( 'NONE',  ( -14.17500000000000071, -1.190000000000001501, -0.9600000000000001865 ) ) ;
#2328 = CARTESIAN_POINT ( 'NONE',  ( -0.3800000000000000044, 0.8750000000000000000, -1.060000000000000053 ) ) ;
#2329 = FACE_OUTER_BOUND ( 'NONE', #915, .T. ) ;
#2330 = DIRECTION ( 'NONE',  ( 2.193033135062037489E-16, -1.000000000000000000, -0.000000000000000000 ) ) ;
#2331 = EDGE_CURVE ( 'NONE', #209, #1614, #2027, .T. ) ;
#2332 = ORIENTED_EDGE ( 'NONE', *, *, #120, .F. ) ;
#2333 = DIRECTION ( 'NONE',  ( 1.224646799147353207E-16, 1.000000000000000000, 0.000000000000000000 ) ) ;
#2334 = DIRECTION ( 'NONE',  ( 1.000000000000000000, 2.193033135062037489E-16, 0.000000000000000000 ) ) ;
#2335 = CARTESIAN_POINT ( 'NONE',  ( -28.35000000000000142, -1.189999999999998392, -0.9600000000000001865 ) ) ;
#2336 = EDGE_LOOP ( 'NONE', ( #799, #2248, #1053, #2068 ) ) ;
#2337 = AXIS2_PLACEMENT_3D ( 'NONE', #948, #334, #1977 ) ;
#2338 = EDGE_LOOP ( 'NONE', ( #1750, #1939, #2287, #556, #378, #1183, #1313, #1292, #1458, #124, #1057, #164 ) ) ;
#2339 = AXIS2_PLACEMENT_3D ( 'NONE', #1616, #1819, #1604 ) ;
#2340 = CARTESIAN_POINT ( 'NONE',  ( -19.75131652704090612, 1.189999999999998392, -0.6600000000000002531 ) ) ;
#2341 = EDGE_LOOP ( 'NONE', ( #2099, #25, #535, #1113 ) ) ;
#2342 = DIRECTION ( 'NONE',  ( 1.000000000000000000, -0.000000000000000000, -0.000000000000000000 ) ) ;
#2343 = FACE_OUTER_BOUND ( 'NONE', #1239, .T. ) ;
#2344 = CARTESIAN_POINT ( 'NONE',  ( -22.77368347295909601, 1.189999999999998392, -6.660000000000001030 ) ) ;
#2345 = CARTESIAN_POINT ( 'NONE',  ( -1.841314829809070669E-15, -0.9899999999999984368, -0.9600000000000019629 ) ) ;
#2346 = CARTESIAN_POINT ( 'NONE',  ( -1.950000000000000622, 1.189999999999998392, -0.9600000000000001865 ) ) ;
#2347 = CARTESIAN_POINT ( 'NONE',  ( -1.259562753036178795E-16, 1.189999999999998392, -0.6600000000000019185 ) ) ;
#2348 = ORIENTED_EDGE ( 'NONE', *, *, #2610, .F. ) ;
#2349 = VECTOR ( 'NONE', #715, 1.000000000000000000 ) ;
#2350 = ORIENTED_EDGE ( 'NONE', *, *, #1283, .T. ) ;
#2351 = EDGE_CURVE ( 'NONE', #2520, #100, #1632, .T. ) ;
#2352 = DIRECTION ( 'NONE',  ( 0.000000000000000000, 1.000000000000000000, 0.000000000000000000 ) ) ;
#2353 = ORIENTED_EDGE ( 'NONE', *, *, #1830, .F. ) ;
#2354 = ORIENTED_EDGE ( 'NONE', *, *, #2020, .F. ) ;
#2355 = EDGE_CURVE ( 'NONE', #1502, #837, #410, .T. ) ;
#2356 = CARTESIAN_POINT ( 'NONE',  ( -13.97500000000000142, -0.8999999999999999112, -0.9100000000000001421 ) ) ;
#2357 = CARTESIAN_POINT ( 'NONE',  ( -0.3800000000000000044, -0.8750000000000000000, -1.060000000000000053 ) ) ;
#2358 = CARTESIAN_POINT ( 'NONE',  ( -2.825068018844486772, -1.189999999999999059, -0.9600000000000001865 ) ) ;
#2359 = FACE_OUTER_BOUND ( 'NONE', #301, .T. ) ;
#2360 = ORIENTED_EDGE ( 'NONE', *, *, #1660, .F. ) ;
#2361 = ORIENTED_EDGE ( 'NONE', *, *, #221, .F. ) ;
#2362 = EDGE_CURVE ( 'NONE', #100, #1971, #42, .T. ) ;
#2363 = EDGE_CURVE ( 'NONE', #46, #1200, #211, .T. ) ;
#2364 = DIRECTION ( 'NONE',  ( 0.000000000000000000, 0.000000000000000000, 1.000000000000000000 ) ) ;
#2365 = ORIENTED_EDGE ( 'NONE', *, *, #387, .T. ) ;
#2366 = AXIS2_PLACEMENT_3D ( 'NONE', #697, #1537, #1277 ) ;
#2367 = ORIENTED_EDGE ( 'NONE', *, *, #2242, .F. ) ;
#2368 = DIRECTION ( 'NONE',  ( 3.132904478660053556E-17, 1.000000000000000000, -0.000000000000000000 ) ) ;
#2369 = CARTESIAN_POINT ( 'NONE',  ( -2.914659381970696644E-16, 1.189999999999998392, -1.160000000000000142 ) ) ;
#2370 = DIRECTION ( 'NONE',  ( 1.000000000000000000, 3.700743415417188263E-17, 0.000000000000000000 ) ) ;
#2371 = CARTESIAN_POINT ( 'NONE',  ( -2.914659381970696644E-16, 1.189999999999998392, -1.160000000000000142 ) ) ;
#2372 = AXIS2_PLACEMENT_3D ( 'NONE', #1503, #442, #838 ) ;
#2373 = FACE_OUTER_BOUND ( 'NONE', #1391, .T. ) ;
#2374 = DIRECTION ( 'NONE',  ( 1.000000000000000000, 0.000000000000000000, -0.000000000000000000 ) ) ;
#2375 = ADVANCED_FACE ( 'NONE', ( #790 ), #2226, .F. ) ;
#2376 = VERTEX_POINT ( 'NONE', #2448 ) ;
#2377 = VECTOR ( 'NONE', #1445, 1.000000000000000000 ) ;
#2379 = EDGE_CURVE ( 'NONE', #693, #1761, #386, .T. ) ;
#2378 = ORIENTED_EDGE ( 'NONE', *, *, #1660, .T. ) ;
#2380 = VECTOR ( 'NONE', #38, 1.000000000000000000 ) ;
#2381 = CARTESIAN_POINT ( 'NONE',  ( -14.37500000000000000, 0.8999999999999999112, -0.9100000000000001421 ) ) ;
#2382 = ORIENTED_EDGE ( 'NONE', *, *, #1104, .T. ) ;
#2383 = VECTOR ( 'NONE', #2073, 1.000000000000000222 ) ;
#2384 = ORIENTED_EDGE ( 'NONE', *, *, #1104, .F. ) ;
#2385 = CARTESIAN_POINT ( 'NONE',  ( 0.000000000000000000, -1.189999999999998392, -0.9600000000000001865 ) ) ;
#2386 = DIRECTION ( 'NONE',  ( -0.9848077530122093526, 0.000000000000000000, -0.1736481776669235033 ) ) ;
#2387 = CARTESIAN_POINT ( 'NONE',  ( -17.00006801884448038, 0.000000000000000000, -0.9600000000000001865 ) ) ;
#2388 = DIRECTION ( 'NONE',  ( -0.9848077530122092416, 0.000000000000000000, -0.1736481776669237531 ) ) ;
#2389 = DIRECTION ( 'NONE',  ( 1.000000000000000000, -1.224646799147353207E-16, 0.000000000000000000 ) ) ;
#2390 = DIRECTION ( 'NONE',  ( 0.000000000000000000, -1.000000000000000000, 0.000000000000000000 ) ) ;
#2391 = VECTOR ( 'NONE', #2455, 1.000000000000000000 ) ;
#2392 = EDGE_LOOP ( 'NONE', ( #2196, #1334, #1306, #2478 ) ) ;
#2393 = FACE_OUTER_BOUND ( 'NONE', #103, .T. ) ;
#2394 = ORIENTED_EDGE ( 'NONE', *, *, #1394, .F. ) ;
#2395 = AXIS2_PLACEMENT_3D ( 'NONE', #1569, #319, #743 ) ;
#2396 = ORIENTED_EDGE ( 'NONE', *, *, #801, .T. ) ;
#2397 = DIRECTION ( 'NONE',  ( 3.132904478660053556E-17, -1.000000000000000000, 0.000000000000000000 ) ) ;
#2398 = VECTOR ( 'NONE', #1101, 1.000000000000000000 ) ;
#2399 = DIRECTION ( 'NONE',  ( 0.000000000000000000, -1.000000000000000000, 0.000000000000000000 ) ) ;
#2400 = DIRECTION ( 'NONE',  ( 1.000000000000000000, 0.000000000000000000, 0.000000000000000000 ) ) ;
#2401 = CARTESIAN_POINT ( 'NONE',  ( -2.825068018844486328, -1.189999999999999059, 5.040000000000000036 ) ) ;
#2402 = DIRECTION ( 'NONE',  ( -1.000000000000000000, -0.000000000000000000, -0.000000000000000000 ) ) ;
#2403 = CIRCLE ( 'NONE', #1219, 6.000000000000000000 ) ;
#2404 = ORIENTED_EDGE ( 'NONE', *, *, #1963, .T. ) ;
#2405 = CARTESIAN_POINT ( 'NONE',  ( -14.17500000000000071, -1.190000000000001501, -0.9600000000000001865 ) ) ;
#2406 = ORIENTED_EDGE ( 'NONE', *, *, #416, .T. ) ;
#2407 = ADVANCED_FACE ( 'NONE', ( #2048 ), #182, .T. ) ;
#2408 = ORIENTED_EDGE ( 'NONE', *, *, #2671, .T. ) ;
#2410 = EDGE_CURVE ( 'NONE', #298, #34, #1408, .T. ) ;
#2409 = VECTOR ( 'NONE', #1739, 1.000000000000000000 ) ;
#2411 = CARTESIAN_POINT ( 'NONE',  ( -22.77368347295909601, 1.189999999999998170, -6.660000000000001030 ) ) ;
#2412 = EDGE_CURVE ( 'NONE', #1054, #2569, #253, .T. ) ;
#2413 = DIRECTION ( 'NONE',  ( -0.000000000000000000, 1.000000000000000000, -0.000000000000000000 ) ) ;
#2414 = DIRECTION ( 'NONE',  ( 0.000000000000000000, 0.000000000000000000, 1.000000000000000000 ) ) ;
#2415 = EDGE_CURVE ( 'NONE', #1162, #2115, #1891, .T. ) ;
#2416 = VECTOR ( 'NONE', #40, 1.000000000000000000 ) ;
#2417 = ORIENTED_EDGE ( 'NONE', *, *, #1074, .F. ) ;
#2418 = DIRECTION ( 'NONE',  ( -1.000000000000000000, -0.000000000000000000, -0.000000000000000000 ) ) ;
#2419 = VERTEX_POINT ( 'NONE', #1026 ) ;
#2420 = ORIENTED_EDGE ( 'NONE', *, *, #4, .F. ) ;
#2421 = LINE ( 'NONE', #557, #1076 ) ;
#2422 = LINE ( 'NONE', #766, #57 ) ;
#2423 = VECTOR ( 'NONE', #2388, 1.000000000000000000 ) ;
#2424 = AXIS2_PLACEMENT_3D ( 'NONE', #1146, #1558, #510 ) ;
#2425 = CARTESIAN_POINT ( 'NONE',  ( 0.6167948635501689925, 0.7950000000000001510, -1.060000000000000053 ) ) ;
#2426 = DIRECTION ( 'NONE',  ( -3.132904478660053556E-17, 1.000000000000000000, -0.000000000000000000 ) ) ;
#2427 = EDGE_CURVE ( 'NONE', #972, #1816, #376, .T. ) ;
#2428 = ORIENTED_EDGE ( 'NONE', *, *, #2179, .T. ) ;
#2429 = VECTOR ( 'NONE', #2352, 1.000000000000000000 ) ;
#2430 = DIRECTION ( 'NONE',  ( 0.000000000000000000, -1.000000000000000000, -0.000000000000000000 ) ) ;
#2431 = ORIENTED_EDGE ( 'NONE', *, *, #2123, .F. ) ;
#2432 = EDGE_CURVE ( 'NONE', #300, #1489, #736, .T. ) ;
#2433 = VECTOR ( 'NONE', #806, 1.000000000000000000 ) ;
#2434 = EDGE_CURVE ( 'NONE', #763, #194, #1624, .T. ) ;
#2435 = ORIENTED_EDGE ( 'NONE', *, *, #443, .F. ) ;
#2436 = DIRECTION ( 'NONE',  ( 0.000000000000000000, -0.000000000000000000, 1.000000000000000000 ) ) ;
#2437 = EDGE_CURVE ( 'NONE', #1659, #1785, #1262, .T. ) ;
#2438 = CARTESIAN_POINT ( 'NONE',  ( -11.34993198115551927, 1.189999999999998392, 5.040000000000000036 ) ) ;
#2439 = CARTESIAN_POINT ( 'NONE',  ( -22.77368347295909956, 0.9899999999999982148, -0.6600000000000008082 ) ) ;
#2440 = DIRECTION ( 'NONE',  ( 0.000000000000000000, 0.000000000000000000, 1.000000000000000000 ) ) ;
#2441 = ORIENTED_EDGE ( 'NONE', *, *, #2638, .F. ) ;
#2442 = EDGE_CURVE ( 'NONE', #234, #1064, #859, .T. ) ;
#2443 = VECTOR ( 'NONE', #528, 1.000000000000000000 ) ;
#2444 = CARTESIAN_POINT ( 'NONE',  ( -25.52493198115551465, -1.189999999999999059, 5.040000000000000036 ) ) ;
#2445 = ORIENTED_EDGE ( 'NONE', *, *, #1272, .T. ) ;
#2446 = ADVANCED_FACE ( 'NONE', ( #1279 ), #2312, .F. ) ;
#2447 = EDGE_LOOP ( 'NONE', ( #31, #1603, #1142, #1889 ) ) ;
#2448 = CARTESIAN_POINT ( 'NONE',  ( -28.35000000000000142, -0.8750000000000000000, -0.9800000000000000933 ) ) ;
#2449 = LINE ( 'NONE', #804, #877 ) ;
#2450 = DIRECTION ( 'NONE',  ( 1.000000000000000000, 0.000000000000000000, -0.000000000000000000 ) ) ;
#2451 = FACE_OUTER_BOUND ( 'NONE', #884, .T. ) ;
#2452 = AXIS2_PLACEMENT_3D ( 'NONE', #968, #1786, #1134 ) ;
#2453 = VERTEX_POINT ( 'NONE', #1836 ) ;
#2454 = EDGE_CURVE ( 'NONE', #975, #389, #593, .T. ) ;
#2455 = DIRECTION ( 'NONE',  ( -0.000000000000000000, 1.000000000000000000, -0.000000000000000000 ) ) ;
#2456 = VERTEX_POINT ( 'NONE', #217 ) ;
#2457 = DIRECTION ( 'NONE',  ( -0.000000000000000000, 0.000000000000000000, 1.000000000000000000 ) ) ;
#2458 = VECTOR ( 'NONE', #1698, 1.000000000000000000 ) ;
#2459 = CARTESIAN_POINT ( 'NONE',  ( -10.30804291515397964, 1.189999999999998392, -0.8688465180732555249 ) ) ;
#2460 = FACE_OUTER_BOUND ( 'NONE', #1395, .T. ) ;
#2461 = DIRECTION ( 'NONE',  ( 1.000000000000000000, 3.700743415417188263E-17, 0.000000000000000000 ) ) ;
#2462 = DIRECTION ( 'NONE',  ( 1.000000000000000000, -0.000000000000000000, -0.000000000000000000 ) ) ;
#2463 = VECTOR ( 'NONE', #2065, 1.000000000000000000 ) ;
#2464 = EDGE_LOOP ( 'NONE', ( #871, #628, #2036, #220 ) ) ;
#2465 = CARTESIAN_POINT ( 'NONE',  ( -1.950000000000000622, -0.8000000000000000444, -0.9100000000000001421 ) ) ;
#2466 = CARTESIAN_POINT ( 'NONE',  ( -22.77368347295909601, -1.189999999999999725, -6.660000000000001030 ) ) ;
#2467 = ORIENTED_EDGE ( 'NONE', *, *, #47, .F. ) ;
#2468 = EDGE_CURVE ( 'NONE', #2596, #2136, #1642, .T. ) ;
#2469 = LINE ( 'NONE', #2273, #1414 ) ;
#2470 = ORIENTED_EDGE ( 'NONE', *, *, #41, .F. ) ;
#2471 = DIRECTION ( 'NONE',  ( -0.000000000000000000, -0.9901138386947149206, -0.1402661271484180461 ) ) ;
#2472 = CARTESIAN_POINT ( 'NONE',  ( -26.40000000000000213, -0.8000000000000000444, -0.9100000000000001421 ) ) ;
#2473 = DIRECTION ( 'NONE',  ( 1.000000000000000000, -0.000000000000000000, -0.000000000000000000 ) ) ;
#2474 = EDGE_CURVE ( 'NONE', #876, #1674, #22, .T. ) ;
#2475 = CARTESIAN_POINT ( 'NONE',  ( -18.04195708484602179, 1.189999999999998392, -0.8688465180732555249 ) ) ;
#2476 = CARTESIAN_POINT ( 'NONE',  ( -1.950000000000000622, -0.2000000000000000111, -0.8250000000000000666 ) ) ;
#2477 = ORIENTED_EDGE ( 'NONE', *, *, #2039, .T. ) ;
#2478 = ORIENTED_EDGE ( 'NONE', *, *, #1543, .T. ) ;
#2479 = CARTESIAN_POINT ( 'NONE',  ( -2.350000000000000533, -1.189999999999998392, -0.9600000000000001865 ) ) ;
#2480 = EDGE_CURVE ( 'NONE', #815, #2136, #607, .T. ) ;
#2481 = EDGE_CURVE ( 'NONE', #551, #1471, #1077, .T. ) ;
#2482 = ORIENTED_EDGE ( 'NONE', *, *, #2528, .F. ) ;
#2483 = DIRECTION ( 'NONE',  ( 0.9848077530122092416, 0.000000000000000000, -0.1736481776669237531 ) ) ;
#2484 = DIRECTION ( 'NONE',  ( -0.000000000000000000, 0.000000000000000000, 1.000000000000000000 ) ) ;
#2485 = EDGE_CURVE ( 'NONE', #2306, #1249, #1462, .T. ) ;
#2486 = LINE ( 'NONE', #9, #686 ) ;
#2487 = CARTESIAN_POINT ( 'NONE',  ( -25.52493198115551465, 0.000000000000000000, 5.040000000000000036 ) ) ;
#2488 = AXIS2_PLACEMENT_3D ( 'NONE', #1681, #1507, #1709 ) ;
#2489 = EDGE_LOOP ( 'NONE', ( #1463, #2313, #2627, #1955 ) ) ;
#2490 = VERTEX_POINT ( 'NONE', #2669 ) ;
#2491 = CARTESIAN_POINT ( 'NONE',  ( -28.18775597880006956, 1.189999999999998392, 0.9201315677728726383 ) ) ;
#2492 = DIRECTION ( 'NONE',  ( 0.000000000000000000, 0.000000000000000000, -1.000000000000000000 ) ) ;
#2493 = ORIENTED_EDGE ( 'NONE', *, *, #483, .T. ) ;
#2494 = VERTEX_POINT ( 'NONE', #1896 ) ;
#2495 = VECTOR ( 'NONE', #2288, 1.000000000000000000 ) ;
#2496 = APPLICATION_CONTEXT ( 'automotive_design' ) ;
#2497 = DIRECTION ( 'NONE',  ( -1.000000000000000000, -0.000000000000000000, -0.000000000000000000 ) ) ;
#2498 = ORIENTED_EDGE ( 'NONE', *, *, #1995, .F. ) ;
#2499 = DIRECTION ( 'NONE',  ( 0.9848077530122093526, 0.000000000000000000, 0.1736481776669237809 ) ) ;
#2500 = CARTESIAN_POINT ( 'NONE',  ( -26.40000000000000213, 0.8999999999999999112, -0.9100000000000001421 ) ) ;
#2501 = CARTESIAN_POINT ( 'NONE',  ( -14.37500000000000000, 0.8999999999999999112, -0.9100000000000001421 ) ) ;
#2502 = VECTOR ( 'NONE', #1711, 1.000000000000000000 ) ;
#2503 = DIRECTION ( 'NONE',  ( 1.000000000000000000, -0.000000000000000000, 0.000000000000000000 ) ) ;
#2504 = DIRECTION ( 'NONE',  ( 1.000000000000000000, -0.000000000000000000, -0.000000000000000000 ) ) ;
#2505 = LINE ( 'NONE', #642, #1712 ) ;
#2506 = ORIENTED_EDGE ( 'NONE', *, *, #47, .T. ) ;
#2507 = ORIENTED_EDGE ( 'NONE', *, *, #1345, .T. ) ;
#2508 = CARTESIAN_POINT ( 'NONE',  ( -14.37500000000000000, -0.8999999999999999112, -0.9100000000000001421 ) ) ;
#2509 = EDGE_CURVE ( 'NONE', #1665, #627, #829, .T. ) ;
#2510 = VERTEX_POINT ( 'NONE', #1481 ) ;
#2511 = DIRECTION ( 'NONE',  ( -1.000000000000000000, 0.000000000000000000, 0.000000000000000000 ) ) ;
#2512 = VECTOR ( 'NONE', #406, 1.000000000000000000 ) ;
#2513 = DIRECTION ( 'NONE',  ( -1.000000000000000000, 0.000000000000000000, 0.000000000000000000 ) ) ;
#2514 = CARTESIAN_POINT ( 'NONE',  ( -13.97500000000000142, 0.8000000000000000444, -0.9100000000000001421 ) ) ;
#2515 = DIRECTION ( 'NONE',  ( 0.000000000000000000, 0.000000000000000000, -1.000000000000000000 ) ) ;
#2516 = VERTEX_POINT ( 'NONE', #1434 ) ;
#2517 = DIRECTION ( 'NONE',  ( 0.000000000000000000, 0.9854601157443477755, -0.1699069165076472210 ) ) ;
#2518 = EDGE_CURVE ( 'NONE', #2629, #1318, #1683, .T. ) ;
#2519 = VECTOR ( 'NONE', #384, 1.000000000000000000 ) ;
#2520 = VERTEX_POINT ( 'NONE', #1246 ) ;
#2521 = AXIS2_PLACEMENT_3D ( 'NONE', #2438, #1821, #401 ) ;
#2522 = DIRECTION ( 'NONE',  ( 0.000000000000000000, 0.000000000000000000, 1.000000000000000000 ) ) ;
#2523 = CARTESIAN_POINT ( 'NONE',  ( -1.259562753036178795E-16, 1.189999999999998392, -0.6600000000000019185 ) ) ;
#2524 = VERTEX_POINT ( 'NONE', #1421 ) ;
#2525 = ORIENTED_EDGE ( 'NONE', *, *, #2626, .T. ) ;
#2526 = EDGE_CURVE ( 'NONE', #34, #899, #635, .T. ) ;
#2527 = PLANE ( 'NONE',  #2372 ) ;
#2528 = EDGE_CURVE ( 'NONE', #890, #129, #2486, .T. ) ;
#2529 = EDGE_CURVE ( 'NONE', #851, #2259, #1032, .T. ) ;
#2530 = ORIENTED_EDGE ( 'NONE', *, *, #1817, .T. ) ;
#2531 = AXIS2_PLACEMENT_3D ( 'NONE', #80, #771, #176 ) ;
#2532 = DIRECTION ( 'NONE',  ( 0.000000000000000000, 0.000000000000000000, 1.000000000000000000 ) ) ;
#2533 = CARTESIAN_POINT ( 'NONE',  ( -28.35000000000000142, 0.8750000000000000000, -0.9800000000000000933 ) ) ;
#2534 = CYLINDRICAL_SURFACE ( 'NONE', #1765, 5.999999999999999112 ) ;
#2535 = ORIENTED_EDGE ( 'NONE', *, *, #2468, .T. ) ;
#2536 = DIRECTION ( 'NONE',  ( -1.000000000000000000, 0.000000000000000000, 0.000000000000000000 ) ) ;
#2537 = ORIENTED_EDGE ( 'NONE', *, *, #2671, .F. ) ;
#2538 = FACE_OUTER_BOUND ( 'NONE', #1735, .T. ) ;
#2539 = LINE ( 'NONE', #1715, #1693 ) ;
#2540 = ORIENTED_EDGE ( 'NONE', *, *, #1472, .F. ) ;
#2541 = ORIENTED_EDGE ( 'NONE', *, *, #1937, .F. ) ;
#2542 = CARTESIAN_POINT ( 'NONE',  ( -19.75131652704090612, -1.190000000000001501, -0.6600000000000002531 ) ) ;
#2543 = VECTOR ( 'NONE', #1892, 1.000000000000000000 ) ;
#2544 = ORIENTED_EDGE ( 'NONE', *, *, #1512, .T. ) ;
#2545 = PLANE ( 'NONE',  #786 ) ;
#2546 = LINE ( 'NONE', #1073, #1056 ) ;
#2547 = LINE ( 'NONE', #1350, #1171 ) ;
#2548 = DIRECTION ( 'NONE',  ( 0.000000000000000000, 0.000000000000000000, -1.000000000000000000 ) ) ;
#2549 = DIRECTION ( 'NONE',  ( 0.000000000000000000, 0.000000000000000000, -1.000000000000000000 ) ) ;
#2550 = LINE ( 'NONE', #691, #2040 ) ;
#2551 = EDGE_LOOP ( 'NONE', ( #1717, #1442, #1777, #1980 ) ) ;
#2552 = VECTOR ( 'NONE', #1105, 1.000000000000000000 ) ;
#2553 = AXIS2_PLACEMENT_3D ( 'NONE', #745, #2389, #1169 ) ;
#2554 = ORIENTED_EDGE ( 'NONE', *, *, #592, .F. ) ;
#2555 = ADVANCED_FACE ( 'NONE', ( #186 ), #433, .F. ) ;
#2556 = LINE ( 'NONE', #2340, #848 ) ;
#2557 = ORIENTED_EDGE ( 'NONE', *, *, #1475, .F. ) ;
#2558 =( LENGTH_UNIT ( ) NAMED_UNIT ( * ) SI_UNIT ( $, .METRE. ) );
#2559 = DIRECTION ( 'NONE',  ( 0.000000000000000000, -0.1402661271484180461, 0.9901138386947149206 ) ) ;
#2560 = CYLINDRICAL_SURFACE ( 'NONE', #1736, 5.999999999999999112 ) ;
#2561 = LINE ( 'NONE', #2575, #251 ) ;
#2562 = DIRECTION ( 'NONE',  ( -1.000000000000000000, -1.224646799147353207E-16, 0.000000000000000000 ) ) ;
#2563 = VECTOR ( 'NONE', #2471, 1.000000000000000000 ) ;
#2564 = PLANE ( 'NONE',  #2233 ) ;
#2565 = VERTEX_POINT ( 'NONE', #1019 ) ;
#2566 = VECTOR ( 'NONE', #2216, 1.000000000000000000 ) ;
#2567 = ORIENTED_EDGE ( 'NONE', *, *, #1826, .F. ) ;
#2568 = PLANE ( 'NONE',  #262 ) ;
#2569 = VERTEX_POINT ( 'NONE', #2265 ) ;
#2570 = ORIENTED_EDGE ( 'NONE', *, *, #281, .T. ) ;
#2571 = CARTESIAN_POINT ( 'NONE',  ( -1.950000000000000622, -0.8999999999999999112, -0.9100000000000001421 ) ) ;
#2572 = FACE_OUTER_BOUND ( 'NONE', #1731, .T. ) ;
#2573 = ADVANCED_FACE ( 'NONE', ( #1231 ), #1848, .F. ) ;
#2574 = CARTESIAN_POINT ( 'NONE',  ( -19.75131652704090257, 1.189999999999998392, -6.660000000000000142 ) ) ;
#2575 = CARTESIAN_POINT ( 'NONE',  ( -26.40000000000000213, 0.2000000000000000111, -0.8250000000000000666 ) ) ;
#2576 = EDGE_CURVE ( 'NONE', #2596, #285, #464, .T. ) ;
#2577 = PRESENTATION_LAYER_ASSIGNMENT (  '', '', ( #1745 ) ) ;
#2578 = CARTESIAN_POINT ( 'NONE',  ( -0.3800000000000000044, -0.8750000000000000000, -1.060000000000000053 ) ) ;
#2579 = CARTESIAN_POINT ( 'NONE',  ( -11.34993198115551927, -1.190000000000001057, 5.040000000000000036 ) ) ;
#2580 = EDGE_CURVE ( 'NONE', #1223, #866, #684, .T. ) ;
#2581 = ORIENTED_EDGE ( 'NONE', *, *, #1570, .F. ) ;
#2582 = ORIENTED_EDGE ( 'NONE', *, *, #1671, .F. ) ;
#2583 = DIRECTION ( 'NONE',  ( 3.132904478660053556E-17, -1.000000000000000000, 0.000000000000000000 ) ) ;
#2584 = ORIENTED_EDGE ( 'NONE', *, *, #1687, .F. ) ;
#2585 = AXIS2_PLACEMENT_3D ( 'NONE', #1361, #2191, #507 ) ;
#2586 = ORIENTED_EDGE ( 'NONE', *, *, #2580, .F. ) ;
#2587 = DIRECTION ( 'NONE',  ( 1.000000000000000000, 0.000000000000000000, -0.000000000000000000 ) ) ;
#2588 = LINE ( 'NONE', #1985, #498 ) ;
#2589 = CARTESIAN_POINT ( 'NONE',  ( 0.000000000000000000, 0.8750000000000000000, -0.9800000000000000933 ) ) ;
#2590 = LINE ( 'NONE', #495, #2502 ) ;
#2591 = SPHERICAL_SURFACE ( 'NONE', #2337, 1.000000000000000000 ) ;
#2592 = DIRECTION ( 'NONE',  ( 0.000000000000000000, -1.000000000000000000, 0.000000000000000000 ) ) ;
#2593 = AXIS2_PLACEMENT_3D ( 'NONE', #7, #1046, #431 ) ;
#2594 = EDGE_LOOP ( 'NONE', ( #1041, #289, #336, #208, #2435 ) ) ;
#2595 = CARTESIAN_POINT ( 'NONE',  ( -2.350000000000001421, 1.189999999999998392, -0.9600000000000001865 ) ) ;
#2596 = VERTEX_POINT ( 'NONE', #1539 ) ;
#2597 = AXIS2_PLACEMENT_3D ( 'NONE', #1004, #2654, #803 ) ;
#2598 = ORIENTED_EDGE ( 'NONE', *, *, #2468, .F. ) ;
#2599 = PLANE ( 'NONE',  #1756 ) ;
#2600 = CARTESIAN_POINT ( 'NONE',  ( -26.40000000000000213, -0.8999999999999999112, -0.9100000000000001421 ) ) ;
#2601 = CARTESIAN_POINT ( 'NONE',  ( -10.30804291515397964, 1.189999999999998392, -0.8688465180732555249 ) ) ;
#2602 = LINE ( 'NONE', #2141, #2261 ) ;
#2603 = VECTOR ( 'NONE', #2430, 1.000000000000000000 ) ;
#2604 = EDGE_CURVE ( 'NONE', #73, #582, #293, .T. ) ;
#2605 = ORIENTED_EDGE ( 'NONE', *, *, #839, .F. ) ;
#2606 = DIRECTION ( 'NONE',  ( 1.000000000000000000, 3.700743415417188263E-17, 0.000000000000000000 ) ) ;
#2607 = ORIENTED_EDGE ( 'NONE', *, *, #1403, .F. ) ;
#2608 = EDGE_CURVE ( 'NONE', #582, #972, #265, .T. ) ;
#2609 = ORIENTED_EDGE ( 'NONE', *, *, #2427, .F. ) ;
#2610 = EDGE_CURVE ( 'NONE', #1858, #2237, #1495, .T. ) ;
#2611 = DIRECTION ( 'NONE',  ( 0.000000000000000000, 0.000000000000000000, 1.000000000000000000 ) ) ;
#2612 = FACE_OUTER_BOUND ( 'NONE', #962, .T. ) ;
#2613 = PLANE ( 'NONE',  #2424 ) ;
#2614 = PLANE ( 'NONE',  #1733 ) ;
#2615 = ORIENTED_EDGE ( 'NONE', *, *, #1132, .F. ) ;
#2616 = LINE ( 'NONE', #1380, #744 ) ;
#2617 = ORIENTED_EDGE ( 'NONE', *, *, #560, .F. ) ;
#2618 = ORIENTED_EDGE ( 'NONE', *, *, #611, .F. ) ;
#2619 = AXIS2_PLACEMENT_3D ( 'NONE', #1887, #864, #206 ) ;
#2620 = LINE ( 'NONE', #1753, #69 ) ;
#2621 = DIRECTION ( 'NONE',  ( -0.000000000000000000, 1.000000000000000000, -0.000000000000000000 ) ) ;
#2622 = FILL_AREA_STYLE_COLOUR ( '', #1291 ) ;
#2623 = DIRECTION ( 'NONE',  ( -0.000000000000000000, -0.000000000000000000, -1.000000000000000000 ) ) ;
#2624 = CARTESIAN_POINT ( 'NONE',  ( 0.6167948635501689925, 0.8750000000000000000, -0.9800000000000000933 ) ) ;
#2625 = CIRCLE ( 'NONE', #1443, 1.000000000000000000 ) ;
#2626 = EDGE_CURVE ( 'NONE', #171, #2198, #2561, .T. ) ;
#2627 = ORIENTED_EDGE ( 'NONE', *, *, #2087, .T. ) ;
#2628 = CARTESIAN_POINT ( 'NONE',  ( -13.97500000000000142, 0.8999999999999999112, -0.9100000000000001421 ) ) ;
#2629 = VERTEX_POINT ( 'NONE', #1093 ) ;
#2630 = EDGE_CURVE ( 'NONE', #194, #2306, #67, .T. ) ;
#2631 = ORIENTED_EDGE ( 'NONE', *, *, #1824, .T. ) ;
#2632 = FACE_OUTER_BOUND ( 'NONE', #1578, .T. ) ;
#2633 = VECTOR ( 'NONE', #1628, 1.000000000000000000 ) ;
#2634 = DIRECTION ( 'NONE',  ( 1.000000000000000000, -0.000000000000000000, 0.000000000000000000 ) ) ;
#2635 = FACE_OUTER_BOUND ( 'NONE', #1314, .T. ) ;
#2636 = EDGE_CURVE ( 'NONE', #341, #705, #906, .T. ) ;
#2637 = VERTEX_POINT ( 'NONE', #1510 ) ;
#2638 = EDGE_CURVE ( 'NONE', #1466, #362, #305, .T. ) ;
#2639 = CARTESIAN_POINT ( 'NONE',  ( -17.00006801884448038, 0.9899999999999981037, -0.9600000000000001865 ) ) ;
#2640 = VERTEX_POINT ( 'NONE', #107 ) ;
#2641 = CIRCLE ( 'NONE', #2295, 0.07999999999999996003 ) ;
#2642 = ORIENTED_EDGE ( 'NONE', *, *, #989, .F. ) ;
#2643 = CARTESIAN_POINT ( 'NONE',  ( -28.96679486355017019, -0.8750000000000000000, -1.060000000000000053 ) ) ;
#2644 = AXIS2_PLACEMENT_3D ( 'NONE', #2347, #865, #2132 ) ;
#2645 = LINE ( 'NONE', #1243, #1813 ) ;
#2646 = LINE ( 'NONE', #584, #2563 ) ;
#2647 = CARTESIAN_POINT ( 'NONE',  ( -8.598683472959098850, -1.190000000000000169, -6.660000000000000142 ) ) ;
#2648 = EDGE_CURVE ( 'NONE', #866, #2091, #1675, .T. ) ;
#2649 = EDGE_CURVE ( 'NONE', #1201, #1883, #893, .T. ) ;
#2650 = EDGE_LOOP ( 'NONE', ( #14, #1438, #855, #2378, #2618 ) ) ;
#2651 = CARTESIAN_POINT ( 'NONE',  ( 0.000000000000000000, -1.189999999999998392, -1.160000000000000142 ) ) ;
#2652 = ORIENTED_EDGE ( 'NONE', *, *, #1528, .T. ) ;
#2653 = ORIENTED_EDGE ( 'NONE', *, *, #2153, .T. ) ;
#2654 = DIRECTION ( 'NONE',  ( -2.193033135062037489E-16, 1.000000000000000000, 0.000000000000000000 ) ) ;
#2655 = CARTESIAN_POINT ( 'NONE',  ( -11.34993198115551927, 1.189999999999997948, -0.9600000000000001865 ) ) ;
#2656 = FACE_OUTER_BOUND ( 'NONE', #567, .T. ) ;
#2657 = DIRECTION ( 'NONE',  ( 0.000000000000000000, 1.000000000000000000, 0.000000000000000000 ) ) ;
#2658 = VECTOR ( 'NONE', #56, 1.000000000000000000 ) ;
#2659 = ORIENTED_EDGE ( 'NONE', *, *, #2509, .F. ) ;
#2660 = CARTESIAN_POINT ( 'NONE',  ( -14.37500000000000000, -0.8000000000000000444, -0.9100000000000001421 ) ) ;
#2661 = DIRECTION ( 'NONE',  ( 0.000000000000000000, 0.000000000000000000, 1.000000000000000000 ) ) ;
#2662 = ORIENTED_EDGE ( 'NONE', *, *, #1386, .T. ) ;
#2663 = CARTESIAN_POINT ( 'NONE',  ( -28.35000000000000142, 0.9899999999999984368, -0.9600000000000019629 ) ) ;
#2664 = CARTESIAN_POINT ( 'NONE',  ( -22.77368347295909956, 1.189999999999998392, -0.6600000000000008082 ) ) ;
#2665 = CARTESIAN_POINT ( 'NONE',  ( -11.34993198115551927, 1.189999999999998392, 5.040000000000000036 ) ) ;
#2666 = FACE_OUTER_BOUND ( 'NONE', #2594, .T. ) ;
#2667 = MECHANICAL_DESIGN_GEOMETRIC_PRESENTATION_REPRESENTATION (  '', ( #513 ), #1597 ) ;
#2668 = VECTOR ( 'NONE', #1573, 1.000000000000000000 ) ;
#2669 = CARTESIAN_POINT ( 'NONE',  ( -13.97500000000000142, -0.2000000000000000111, -0.8250000000000000666 ) ) ;
#2670 = AXIS2_PLACEMENT_3D ( 'NONE', #812, #1636, #1426 ) ;
#2671 = EDGE_CURVE ( 'NONE', #1785, #1413, #1962, .T. ) ;
#2672 = CARTESIAN_POINT ( 'NONE',  ( -3.866957084846029069, 1.189999999999998392, -0.8688465180732545257 ) ) ;
#2673 = CARTESIAN_POINT ( 'NONE',  ( -27.97000000000000242, -0.8750000000000000000, -1.060000000000000053 ) ) ;
#2674 = ORIENTED_EDGE ( 'NONE', *, *, #1158, .F. ) ;
#2675 = EDGE_CURVE ( 'NONE', #1330, #2120, #2590, .T. ) ;
#2676 = ORIENTED_EDGE ( 'NONE', *, *, #1427, .F. ) ;
ENDSEC;
END-ISO-10303-21;
