ISO-10303-21;
HEADER;
FILE_DESCRIPTION (( 'STEP AP214' ),
    '1' );
FILE_NAME ('WagonPlane_40ft_MoreDetailed.STEP',
    '2026-02-24T13:08:00',
    ( '' ),
    ( '' ),
    'SwSTEP 2.0',
    'SolidWorks 2022',
    '' );
FILE_SCHEMA (( 'AUTOMOTIVE_DESIGN' ));
ENDSEC;

DATA;
#1 = EDGE_LOOP ( 'NONE', ( #1709, #4255, #4870, #4288, #3464, #5761, #2043, #1714, #5645, #5243, #1899, #1890 ) ) ;
#2 = LINE ( 'NONE', #1040, #3119 ) ;
#3 = DIRECTION ( 'NONE',  ( -0.000000000000000000, 0.000000000000000000, 1.000000000000000000 ) ) ;
#4 = VECTOR ( 'NONE', #3425, 1.000000000000000000 ) ;
#5 = EDGE_CURVE ( 'NONE', #3465, #5639, #4340, .T. ) ;
#6 = EDGE_CURVE ( 'NONE', #5564, #2969, #4513, .T. ) ;
#7 = EDGE_CURVE ( 'NONE', #3912, #5562, #4058, .T. ) ;
#8 = ORIENTED_EDGE ( 'NONE', *, *, #2937, .T. ) ;
#9 = VERTEX_POINT ( 'NONE', #3600 ) ;
#10 = FACE_OUTER_BOUND ( 'NONE', #3631, .T. ) ;
#11 = ORIENTED_EDGE ( 'NONE', *, *, #1338, .T. ) ;
#12 = DIRECTION ( 'NONE',  ( -0.000000000000000000, 0.000000000000000000, -1.000000000000000000 ) ) ;
#13 = DIRECTION ( 'NONE',  ( -0.000000000000000000, 1.000000000000000000, -0.000000000000000000 ) ) ;
#14 = FACE_OUTER_BOUND ( 'NONE', #4005, .T. ) ;
#15 = CARTESIAN_POINT ( 'NONE',  ( -3.930251481490694587, -1.189999999999999503, -1.059999999999999165 ) ) ;
#16 = ORIENTED_EDGE ( 'NONE', *, *, #87, .T. ) ;
#17 = ORIENTED_EDGE ( 'NONE', *, *, #1611, .F. ) ;
#18 = LINE ( 'NONE', #5234, #366 ) ;
#19 = CARTESIAN_POINT ( 'NONE',  ( -5.440624999999995381, 0.7399999999999982148, -0.9600000000000001865 ) ) ;
#20 = DIRECTION ( 'NONE',  ( -1.000000000000000000, 0.000000000000000000, 0.000000000000000000 ) ) ;
#21 = CYLINDRICAL_SURFACE ( 'NONE', #2274, 0.09999999999999964473 ) ;
#22 = PLANE ( 'NONE',  #4262 ) ;
#23 = AXIS2_PLACEMENT_3D ( 'NONE', #2373, #4236, #5601 ) ;
#24 = ORIENTED_EDGE ( 'NONE', *, *, #1261, .F. ) ;
#25 = ORIENTED_EDGE ( 'NONE', *, *, #252, .T. ) ;
#26 = DIRECTION ( 'NONE',  ( 0.000000000000000000, -0.000000000000000000, -1.000000000000000000 ) ) ;
#27 = CARTESIAN_POINT ( 'NONE',  ( -3.921569072607348438, 1.089999999999998082, -0.9607596123493885587 ) ) ;
#28 = DIRECTION ( 'NONE',  ( 0.000000000000000000, -0.000000000000000000, -1.000000000000000000 ) ) ;
#29 = DIRECTION ( 'NONE',  ( 1.000000000000000000, 0.000000000000000000, 0.000000000000000000 ) ) ;
#30 = EDGE_LOOP ( 'NONE', ( #745, #3151, #163, #5459 ) ) ;
#31 = ADVANCED_FACE ( 'NONE', ( #5787 ), #1279, .T. ) ;
#32 = DIRECTION ( 'NONE',  ( 0.000000000000000000, 0.000000000000000000, 1.000000000000000000 ) ) ;
#33 = DIRECTION ( 'NONE',  ( -0.000000000000000000, 0.000000000000000000, 1.000000000000000000 ) ) ;
#34 = AXIS2_PLACEMENT_3D ( 'NONE', #995, #5052, #2731 ) ;
#35 = ADVANCED_FACE ( 'NONE', ( #3879 ), #4368, .F. ) ;
#36 = ORIENTED_EDGE ( 'NONE', *, *, #903, .F. ) ;
#37 = ORIENTED_EDGE ( 'NONE', *, *, #2603, .T. ) ;
#38 = VECTOR ( 'NONE', #5699, 1.000000000000000000 ) ;
#39 = DIRECTION ( 'NONE',  ( -0.000000000000000000, -0.000000000000000000, -1.000000000000000000 ) ) ;
#40 = VERTEX_POINT ( 'NONE', #5303 ) ;
#41 = PRODUCT_DEFINITION_SHAPE ( 'NONE', 'NONE',  #3031 ) ;
#42 = FACE_OUTER_BOUND ( 'NONE', #3945, .T. ) ;
#43 = CARTESIAN_POINT ( 'NONE',  ( -4.551792278806057190, 1.189999999999998392, -0.8496342572279651506 ) ) ;
#44 = CARTESIAN_POINT ( 'NONE',  ( -14.17500000000000071, -0.8750000000000000000, -1.060000000000000053 ) ) ;
#45 = LINE ( 'NONE', #1329, #2899 ) ;
#46 = ADVANCED_FACE ( 'NONE', ( #2674 ), #3488, .T. ) ;
#47 = AXIS2_PLACEMENT_3D ( 'NONE', #4084, #3294, #908 ) ;
#48 = ORIENTED_EDGE ( 'NONE', *, *, #3581, .F. ) ;
#49 = EDGE_LOOP ( 'NONE', ( #3357, #1480, #2845, #4372 ) ) ;
#50 = VECTOR ( 'NONE', #5771, 1.000000000000000000 ) ;
#51 = CIRCLE ( 'NONE', #3469, 5.900000000000000355 ) ;
#52 = CARTESIAN_POINT ( 'NONE',  ( -8.598683472959091745, -1.189999999999998170, -6.660000000000000142 ) ) ;
#53 = CARTESIAN_POINT ( 'NONE',  ( -2.914659381970696644E-16, 1.189999999999998392, -1.160000000000000142 ) ) ;
#54 = PLANE ( 'NONE',  #1208 ) ;
#55 = CARTESIAN_POINT ( 'NONE',  ( -6.812499999999994671, 0.7399999999999979927, -3.423488475815656962 ) ) ;
#56 = DIRECTION ( 'NONE',  ( -0.000000000000000000, 0.000000000000000000, 1.000000000000000000 ) ) ;
#57 = VERTEX_POINT ( 'NONE', #5931 ) ;
#58 = VERTEX_POINT ( 'NONE', #5331 ) ;
#59 = CARTESIAN_POINT ( 'NONE',  ( -1.629192649327036635E-15, -0.9899999999999984368, -0.9600000000000022959 ) ) ;
#60 = CARTESIAN_POINT ( 'NONE',  ( -4.868749999999996803, -0.7399999999999993250, -0.9599999999999999645 ) ) ;
#61 = LINE ( 'NONE', #1850, #4977 ) ;
#62 = CARTESIAN_POINT ( 'NONE',  ( -7.362500000000006040, 0.7399999999999979927, -0.9600000000000001865 ) ) ;
#63 = ORIENTED_EDGE ( 'NONE', *, *, #2745, .F. ) ;
#64 = DIRECTION ( 'NONE',  ( 0.000000000000000000, -0.000000000000000000, -1.000000000000000000 ) ) ;
#65 = FACE_OUTER_BOUND ( 'NONE', #231, .T. ) ;
#66 = VERTEX_POINT ( 'NONE', #4854 ) ;
#67 = ORIENTED_EDGE ( 'NONE', *, *, #4297, .F. ) ;
#68 = ORIENTED_EDGE ( 'NONE', *, *, #5668, .T. ) ;
#69 = EDGE_CURVE ( 'NONE', #4457, #1298, #4544, .T. ) ;
#71 = DIRECTION ( 'NONE',  ( 0.000000000000000000, 0.000000000000000000, -1.000000000000000000 ) ) ;
#70 = VECTOR ( 'NONE', #2055, 1.000000000000000000 ) ;
#72 = ORIENTED_EDGE ( 'NONE', *, *, #7, .T. ) ;
#73 = AXIS2_PLACEMENT_3D ( 'NONE', #5707, #2067, #189 ) ;
#74 = CYLINDRICAL_SURFACE ( 'NONE', #2485, 0.09999999999999964473 ) ;
#75 = DIRECTION ( 'NONE',  ( 1.000000000000000000, 0.000000000000000000, 0.000000000000000000 ) ) ;
#76 = CIRCLE ( 'NONE', #2309, 0.09999999999999964473 ) ;
#77 = CARTESIAN_POINT ( 'NONE',  ( -4.618749999999996803, -0.7399999999999993250, -1.135000000000000231 ) ) ;
#78 = VERTEX_POINT ( 'NONE', #3456 ) ;
#79 = VECTOR ( 'NONE', #5384, 1.000000000000000000 ) ;
#80 = ORIENTED_EDGE ( 'NONE', *, *, #1338, .F. ) ;
#81 = CARTESIAN_POINT ( 'NONE',  ( -1.700000000000000622, 0.7399999999999984368, -1.135000000000000231 ) ) ;
#82 = AXIS2_PLACEMENT_3D ( 'NONE', #5311, #5766, #2513 ) ;
#83 = FACE_BOUND ( 'NONE', #4395, .T. ) ;
#84 = PLANE ( 'NONE',  #1113 ) ;
#85 = CARTESIAN_POINT ( 'NONE',  ( -12.22500000000000142, 0.8000000000000000444, -0.9100000000000001421 ) ) ;
#86 = DIRECTION ( 'NONE',  ( -0.000000000000000000, 0.000000000000000000, 1.000000000000000000 ) ) ;
#87 = EDGE_CURVE ( 'NONE', #2713, #2042, #2992, .T. ) ;
#88 = ADVANCED_FACE ( 'NONE', ( #681 ), #361, .F. ) ;
#89 = EDGE_CURVE ( 'NONE', #4168, #2605, #224, .T. ) ;
#90 = ORIENTED_EDGE ( 'NONE', *, *, #1194, .T. ) ;
#91 = ORIENTED_EDGE ( 'NONE', *, *, #5612, .F. ) ;
#92 = CARTESIAN_POINT ( 'NONE',  ( -12.22500000000000142, 0.9899999999999984368, -1.135000000000000231 ) ) ;
#93 = CARTESIAN_POINT ( 'NONE',  ( -11.57500000000000107, -0.9900000000000006573, -0.9600000000000001865 ) ) ;
#94 = PLANE ( 'NONE',  #5749 ) ;
#95 = VECTOR ( 'NONE', #3500, 1.000000000000000000 ) ;
#96 = ORIENTED_EDGE ( 'NONE', *, *, #4694, .T. ) ;
#97 = PLANE ( 'NONE',  #1466 ) ;
#98 = DIRECTION ( 'NONE',  ( 0.000000000000000000, -0.000000000000000000, -1.000000000000000000 ) ) ;
#99 = ORIENTED_EDGE ( 'NONE', *, *, #3216, .F. ) ;
#100 = CIRCLE ( 'NONE', #5062, 0.2500000000000000000 ) ;
#101 = ORIENTED_EDGE ( 'NONE', *, *, #260, .F. ) ;
#102 = ORIENTED_EDGE ( 'NONE', *, *, #3142, .T. ) ;
#103 = CARTESIAN_POINT ( 'NONE',  ( -9.306250000000003908, 0.9899999999999977707, -1.135000000000000231 ) ) ;
#104 = ORIENTED_EDGE ( 'NONE', *, *, #1701, .T. ) ;
#105 = AXIS2_PLACEMENT_3D ( 'NONE', #4150, #1398, #3691 ) ;
#106 = EDGE_CURVE ( 'NONE', #5710, #5915, #1222, .T. ) ;
#107 = ADVANCED_FACE ( 'NONE', ( #5469 ), #3623, .T. ) ;
#108 = PLANE ( 'NONE',  #5109 ) ;
#109 = CARTESIAN_POINT ( 'NONE',  ( -10.14057257920408261, -0.9550000000000002931, -1.135000000000000231 ) ) ;
#110 = ORIENTED_EDGE ( 'NONE', *, *, #4582, .T. ) ;
#111 = ORIENTED_EDGE ( 'NONE', *, *, #402, .F. ) ;
#112 = CIRCLE ( 'NONE', #1662, 0.1000000000000000888 ) ;
#113 = CARTESIAN_POINT ( 'NONE',  ( -4.618749999999996803, 0.7399999999999981037, -1.135000000000000231 ) ) ;
#114 = CARTESIAN_POINT ( 'NONE',  ( -7.612500000000006040, 0.7399999999999979927, -0.9600000000000001865 ) ) ;
#115 = CARTESIAN_POINT ( 'NONE',  ( -0.3464101615137744616, -0.7399999999999984368, -0.9600000000000001865 ) ) ;
#116 = CARTESIAN_POINT ( 'NONE',  ( -10.29474851850930861, -5.431508564030776753, -1.009999999999998233 ) ) ;
#117 = DIRECTION ( 'NONE',  ( -1.000000000000000000, -1.879742687196032133E-16, 0.000000000000000000 ) ) ;
#118 = ORIENTED_EDGE ( 'NONE', *, *, #5475, .F. ) ;
#119 = EDGE_CURVE ( 'NONE', #5915, #1622, #3145, .T. ) ;
#120 = VERTEX_POINT ( 'NONE', #4034 ) ;
#121 = PLANE ( 'NONE',  #2060 ) ;
#122 = CARTESIAN_POINT ( 'NONE',  ( -13.72858983848622572, -0.2418139511719357149, -0.9600000000000001865 ) ) ;
#123 = FACE_OUTER_BOUND ( 'NONE', #3338, .T. ) ;
#124 = CARTESIAN_POINT ( 'NONE',  ( -2.825068018844486772, 1.189999999999998170, -0.9600000000000001865 ) ) ;
#125 = ORIENTED_EDGE ( 'NONE', *, *, #2435, .T. ) ;
#126 = CARTESIAN_POINT ( 'NONE',  ( -11.82499999999999929, -0.3896561633456271934, -1.135000000000000231 ) ) ;
#127 = CARTESIAN_POINT ( 'NONE',  ( 2.959189170475275602E-16, 0.9899999999999984368, -0.9600000000000022959 ) ) ;
#128 = VERTEX_POINT ( 'NONE', #5968 ) ;
#129 = ORIENTED_EDGE ( 'NONE', *, *, #3763, .T. ) ;
#130 = VERTEX_POINT ( 'NONE', #1260 ) ;
#131 = DIRECTION ( 'NONE',  ( 0.3722007944145563352, -0.9281522335464011952, 0.000000000000000000 ) ) ;
#132 = CARTESIAN_POINT ( 'NONE',  ( -14.17500000000000071, -1.190000000000001057, -0.9600000000000001865 ) ) ;
#133 = CIRCLE ( 'NONE', #522, 0.1499999999999999112 ) ;
#134 = ORIENTED_EDGE ( 'NONE', *, *, #2314, .F. ) ;
#135 = MECHANICAL_DESIGN_GEOMETRIC_PRESENTATION_REPRESENTATION (  '', ( #2077 ), #5094 ) ;
#136 = ORIENTED_EDGE ( 'NONE', *, *, #1193, .F. ) ;
#137 = MANIFOLD_SOLID_BREP ( 'Specchia4', #3761 ) ;
#138 = CARTESIAN_POINT ( 'NONE',  ( -11.82499999999999929, -0.9899999999999991029, -0.9600000000000001865 ) ) ;
#139 = DIRECTION ( 'NONE',  ( 1.000000000000000000, 0.000000000000000000, 0.000000000000000000 ) ) ;
#140 = DIRECTION ( 'NONE',  ( 0.000000000000000000, 0.000000000000000000, -1.000000000000000000 ) ) ;
#141 = CIRCLE ( 'NONE', #2765, 5.900000000000000355 ) ;
#142 = EDGE_CURVE ( 'NONE', #3615, #2584, #4122, .T. ) ;
#143 = LINE ( 'NONE', #5289, #5008 ) ;
#144 = CARTESIAN_POINT ( 'NONE',  ( -14.79499999999999993, 0.8750000000000000000, -1.060000000000000053 ) ) ;
#145 = VECTOR ( 'NONE', #3661, 1.000000000000000000 ) ;
#146 = VECTOR ( 'NONE', #3831, 1.000000000000000000 ) ;
#147 = VERTEX_POINT ( 'NONE', #5400 ) ;
#148 = AXIS2_PLACEMENT_3D ( 'NONE', #1384, #5582, #1897 ) ;
#149 = AXIS2_PLACEMENT_3D ( 'NONE', #715, #131, #3916 ) ;
#150 = EDGE_LOOP ( 'NONE', ( #3952, #3974, #5851, #4500 ) ) ;
#151 = EDGE_CURVE ( 'NONE', #3366, #147, #2768, .T. ) ;
#152 = DIRECTION ( 'NONE',  ( 1.000000000000000000, 0.000000000000000000, 0.000000000000000000 ) ) ;
#153 = VECTOR ( 'NONE', #3346, 1.000000000000000000 ) ;
#154 = DIRECTION ( 'NONE',  ( 1.000000000000000000, 0.000000000000000000, 0.000000000000000000 ) ) ;
#155 = DIRECTION ( 'NONE',  ( 6.265808957320107111E-17, 1.000000000000000000, 0.000000000000000000 ) ) ;
#156 = LINE ( 'NONE', #1975, #5356 ) ;
#157 = ADVANCED_FACE ( 'NONE', ( #2252 ), #831, .T. ) ;
#158 = AXIS2_PLACEMENT_3D ( 'NONE', #1276, #4599, #1363 ) ;
#159 = EDGE_CURVE ( 'NONE', #3001, #3091, #2658, .T. ) ;
#160 = CARTESIAN_POINT ( 'NONE',  ( -1.949999999999999734, 0.9899999999999984368, -0.9600000000000001865 ) ) ;
#161 = LINE ( 'NONE', #3457, #4681 ) ;
#162 = DIRECTION ( 'NONE',  ( 0.000000000000000000, 0.000000000000000000, 1.000000000000000000 ) ) ;
#163 = ORIENTED_EDGE ( 'NONE', *, *, #1941, .T. ) ;
#164 = ADVANCED_FACE ( 'NONE', ( #1321 ), #4525, .T. ) ;
#165 = ORIENTED_EDGE ( 'NONE', *, *, #4671, .T. ) ;
#166 = EDGE_CURVE ( 'NONE', #1291, #511, #4529, .T. ) ;
#167 = ORIENTED_EDGE ( 'NONE', *, *, #219, .F. ) ;
#168 = ORIENTED_EDGE ( 'NONE', *, *, #4321, .T. ) ;
#169 = DIRECTION ( 'NONE',  ( 6.265808957320107111E-17, 1.000000000000000000, 0.000000000000000000 ) ) ;
#170 = CARTESIAN_POINT ( 'NONE',  ( -0.3464101615137745172, -0.9899999999999984368, -0.9600000000000001865 ) ) ;
#171 = ORIENTED_EDGE ( 'NONE', *, *, #193, .T. ) ;
#172 = VERTEX_POINT ( 'NONE', #747 ) ;
#173 = FACE_OUTER_BOUND ( 'NONE', #3737, .T. ) ;
#174 = DIRECTION ( 'NONE',  ( -1.000000000000000000, 0.000000000000000000, 0.000000000000000000 ) ) ;
#175 = LINE ( 'NONE', #5202, #4813 ) ;
#176 = EDGE_CURVE ( 'NONE', #2550, #5588, #5033, .T. ) ;
#177 = DIRECTION ( 'NONE',  ( -0.9281522335464009732, -0.3722007944145567238, -0.000000000000000000 ) ) ;
#178 = LINE ( 'NONE', #3899, #4853 ) ;
#179 = AXIS2_PLACEMENT_3D ( 'NONE', #5016, #354, #3507 ) ;
#180 = EDGE_LOOP ( 'NONE', ( #3348, #2660, #5147, #3524 ) ) ;
#181 = ORIENTED_EDGE ( 'NONE', *, *, #1789, .F. ) ;
#182 = DIRECTION ( 'NONE',  ( -1.000000000000000000, 0.000000000000000000, 0.000000000000000000 ) ) ;
#183 = CARTESIAN_POINT ( 'NONE',  ( -9.993470079441459930, 0.6530577941862250047, -0.9600000000000001865 ) ) ;
#184 = FACE_OUTER_BOUND ( 'NONE', #4776, .T. ) ;
#185 = CARTESIAN_POINT ( 'NONE',  ( -10.29474851850930861, 5.431508564030776753, -1.009999999999998233 ) ) ;
#186 = EDGE_CURVE ( 'NONE', #4441, #1419, #4007, .T. ) ;
#187 = CARTESIAN_POINT ( 'NONE',  ( 0.000000000000000000, -0.8750000000000000000, -1.060000000000000053 ) ) ;
#188 = CARTESIAN_POINT ( 'NONE',  ( -8.598683472959089968, -0.9900000000000001021, -0.6600000000000002531 ) ) ;
#189 = DIRECTION ( 'NONE',  ( 1.000000000000000000, 0.000000000000000000, 0.000000000000000000 ) ) ;
#190 = AXIS2_PLACEMENT_3D ( 'NONE', #4746, #988, #500 ) ;
#191 = ORIENTED_EDGE ( 'NONE', *, *, #2828, .F. ) ;
#192 = EDGE_LOOP ( 'NONE', ( #3094, #1241, #2457, #4430 ) ) ;
#193 = EDGE_CURVE ( 'NONE', #1298, #4673, #2480, .T. ) ;
#194 = ORIENTED_EDGE ( 'NONE', *, *, #4973, .T. ) ;
#195 = VECTOR ( 'NONE', #2863, 1.000000000000000000 ) ;
#196 = ORIENTED_EDGE ( 'NONE', *, *, #3128, .T. ) ;
#197 = FACE_OUTER_BOUND ( 'NONE', #3789, .T. ) ;
#198 = CARTESIAN_POINT ( 'NONE',  ( -4.318749999999996980, -0.5602425708315862396, -1.135000000000000231 ) ) ;
#199 = EDGE_CURVE ( 'NONE', #1180, #4493, #1203, .T. ) ;
#200 = ORIENTED_EDGE ( 'NONE', *, *, #2570, .F. ) ;
#201 = AXIS2_PLACEMENT_3D ( 'NONE', #1738, #3144, #5939 ) ;
#202 = DIRECTION ( 'NONE',  ( -0.000000000000000000, 0.000000000000000000, -1.000000000000000000 ) ) ;
#203 = VERTEX_POINT ( 'NONE', #1679 ) ;
#204 = CARTESIAN_POINT ( 'NONE',  ( -14.17500000000000071, 1.189999999999997504, -0.9600000000000001865 ) ) ;
#205 = DIRECTION ( 'NONE',  ( -1.000000000000000000, -0.000000000000000000, -0.000000000000000000 ) ) ;
#206 = DIRECTION ( 'NONE',  ( -0.000000000000000000, 0.000000000000000000, 1.000000000000000000 ) ) ;
#207 = CARTESIAN_POINT ( 'NONE',  ( -13.72858983848622572, 0.2418139511719357149, -0.9600000000000001865 ) ) ;
#208 = ORIENTED_EDGE ( 'NONE', *, *, #2379, .T. ) ;
#209 = ORIENTED_EDGE ( 'NONE', *, *, #3067, .F. ) ;
#210 = CARTESIAN_POINT ( 'NONE',  ( -8.184375000000004619, 0.9899999999999984368, -1.135000000000000231 ) ) ;
#211 = CYLINDRICAL_SURFACE ( 'NONE', #4637, 0.03500000000000014211 ) ;
#212 = FACE_OUTER_BOUND ( 'NONE', #4587, .T. ) ;
#213 = CARTESIAN_POINT ( 'NONE',  ( -4.551792278806057190, -5.431508564030775865, -0.8496342572279651506 ) ) ;
#214 = CARTESIAN_POINT ( 'NONE',  ( -12.22500000000000142, -0.8000000000000000444, -0.9100000000000001421 ) ) ;
#215 = EDGE_CURVE ( 'NONE', #4106, #4934, #1236, .T. ) ;
#216 = ORIENTED_EDGE ( 'NONE', *, *, #5365, .F. ) ;
#217 = CARTESIAN_POINT ( 'NONE',  ( -5.440624999999995381, 0.9899999999999984368, -1.135000000000000231 ) ) ;
#218 = FACE_OUTER_BOUND ( 'NONE', #4830, .T. ) ;
#219 = EDGE_CURVE ( 'NONE', #329, #2911, #3337, .T. ) ;
#220 = ORIENTED_EDGE ( 'NONE', *, *, #6012, .F. ) ;
#221 = VERTEX_POINT ( 'NONE', #2843 ) ;
#222 = ORIENTED_EDGE ( 'NONE', *, *, #4883, .T. ) ;
#223 = EDGE_CURVE ( 'NONE', #3428, #756, #396, .T. ) ;
#224 = CIRCLE ( 'NONE', #2363, 6.000000000000000000 ) ;
#225 = ORIENTED_EDGE ( 'NONE', *, *, #3253, .F. ) ;
#226 = DIRECTION ( 'NONE',  ( -1.000000000000000000, -0.000000000000000000, -0.000000000000000000 ) ) ;
#227 = DIRECTION ( 'NONE',  ( -0.000000000000000000, 0.000000000000000000, 1.000000000000000000 ) ) ;
#228 = EDGE_CURVE ( 'NONE', #5564, #5881, #4303, .T. ) ;
#229 = ORIENTED_EDGE ( 'NONE', *, *, #3595, .T. ) ;
#230 = CARTESIAN_POINT ( 'NONE',  ( -13.82858983848622536, -0.3418139511719356927, -0.9599999999999999645 ) ) ;
#231 = EDGE_LOOP ( 'NONE', ( #432, #3121, #3280, #4583 ) ) ;
#232 = LINE ( 'NONE', #780, #2574 ) ;
#233 = DIRECTION ( 'NONE',  ( 1.432545838226008399E-17, 1.000000000000000000, -0.000000000000000000 ) ) ;
#234 = EDGE_CURVE ( 'NONE', #4105, #4448, #4245, .T. ) ;
#235 = CARTESIAN_POINT ( 'NONE',  ( -11.82499999999999929, -0.7400000000000006573, -1.135000000000000231 ) ) ;
#236 = CARTESIAN_POINT ( 'NONE',  ( -13.57858983848622536, -0.9899999999999984368, -0.9599999999999999645 ) ) ;
#237 = CIRCLE ( 'NONE', #2073, 0.2500000000000000000 ) ;
#238 = EDGE_CURVE ( 'NONE', #4064, #3004, #1888, .T. ) ;
#239 = ORIENTED_EDGE ( 'NONE', *, *, #5058, .T. ) ;
#240 = ORIENTED_EDGE ( 'NONE', *, *, #5620, .T. ) ;
#241 = VECTOR ( 'NONE', #4328, 1.000000000000000000 ) ;
#242 = FACE_OUTER_BOUND ( 'NONE', #835, .T. ) ;
#243 = FACE_OUTER_BOUND ( 'NONE', #427, .T. ) ;
#244 = LINE ( 'NONE', #3516, #3845 ) ;
#245 = CARTESIAN_POINT ( 'NONE',  ( -12.22500000000000142, 0.2000000000000000111, -0.8250000000000000666 ) ) ;
#246 = AXIS2_PLACEMENT_3D ( 'NONE', #2242, #4198, #1333 ) ;
#247 = CIRCLE ( 'NONE', #2670, 0.1499999999999999112 ) ;
#248 = VECTOR ( 'NONE', #4292, 1.000000000000000000 ) ;
#249 = LINE ( 'NONE', #5788, #4781 ) ;
#250 = DIRECTION ( 'NONE',  ( 0.000000000000000000, 0.000000000000000000, 1.000000000000000000 ) ) ;
#251 = VECTOR ( 'NONE', #4817, 1.000000000000000000 ) ;
#252 = EDGE_CURVE ( 'NONE', #3279, #130, #2734, .T. ) ;
#253 = ORIENTED_EDGE ( 'NONE', *, *, #1006, .T. ) ;
#254 = ORIENTED_EDGE ( 'NONE', *, *, #2578, .T. ) ;
#255 = ORIENTED_EDGE ( 'NONE', *, *, #3890, .T. ) ;
#256 = ORIENTED_EDGE ( 'NONE', *, *, #2624, .F. ) ;
#257 = DIRECTION ( 'NONE',  ( 0.000000000000000000, 0.000000000000000000, -1.000000000000000000 ) ) ;
#258 = CARTESIAN_POINT ( 'NONE',  ( -2.350000000000001421, 0.9899999999999984368, -1.135000000000000231 ) ) ;
#259 = EDGE_CURVE ( 'NONE', #3825, #4832, #4009, .T. ) ;
#260 = EDGE_CURVE ( 'NONE', #3158, #5336, #6001, .T. ) ;
#261 = ORIENTED_EDGE ( 'NONE', *, *, #597, .F. ) ;
#262 = CARTESIAN_POINT ( 'NONE',  ( -2.600000000000000533, -0.9899999999999991029, -1.135000000000000231 ) ) ;
#263 = ORIENTED_EDGE ( 'NONE', *, *, #347, .T. ) ;
#264 = DIRECTION ( 'NONE',  ( 1.000000000000000000, 0.000000000000000000, 0.000000000000000000 ) ) ;
#265 = LINE ( 'NONE', #3102, #3373 ) ;
#266 = LINE ( 'NONE', #4900, #5613 ) ;
#267 = ORIENTED_EDGE ( 'NONE', *, *, #5430, .F. ) ;
#268 = ORIENTED_EDGE ( 'NONE', *, *, #1731, .F. ) ;
#269 = ORIENTED_EDGE ( 'NONE', *, *, #2254, .F. ) ;
#270 = CARTESIAN_POINT ( 'NONE',  ( -4.618749999999996803, 0.7399999999999982148, -0.9600000000000001865 ) ) ;
#271 = CARTESIAN_POINT ( 'NONE',  ( -6.240624999999996092, -0.9899999999999997691, -1.135000000000000231 ) ) ;
#272 = DIRECTION ( 'NONE',  ( 1.000000000000000000, 0.000000000000000000, 0.000000000000000000 ) ) ;
#273 = CIRCLE ( 'NONE', #1728, 0.2500000000000000000 ) ;
#274 = DIRECTION ( 'NONE',  ( 0.000000000000000000, -0.000000000000000000, 1.000000000000000000 ) ) ;
#275 = DIRECTION ( 'NONE',  ( -0.000000000000000000, 0.000000000000000000, 1.000000000000000000 ) ) ;
#276 = AXIS2_PLACEMENT_3D ( 'NONE', #1041, #653, #3909 ) ;
#277 = ADVANCED_FACE ( 'NONE', ( #65 ), #4184, .F. ) ;
#278 = CIRCLE ( 'NONE', #3191, 0.09999999999999964473 ) ;
#279 = EDGE_CURVE ( 'NONE', #815, #627, #1373, .T. ) ;
#280 = ADVANCED_FACE ( 'NONE', ( #5509 ), #1008, .F. ) ;
#281 = CIRCLE ( 'NONE', #4267, 0.2500000000000000000 ) ;
#282 = LINE ( 'NONE', #1529, #2633 ) ;
#283 = CARTESIAN_POINT ( 'NONE',  ( -1.949999999999999734, -0.9899999999999984368, -1.135000000000000231 ) ) ;
#284 = EDGE_LOOP ( 'NONE', ( #4864, #5210, #4807, #5487 ) ) ;
#285 = VERTEX_POINT ( 'NONE', #982 ) ;
#286 = ORIENTED_EDGE ( 'NONE', *, *, #5842, .F. ) ;
#287 = ORIENTED_EDGE ( 'NONE', *, *, #2782, .F. ) ;
#288 = CARTESIAN_POINT ( 'NONE',  ( -11.82499999999999929, 0.2418139511719357149, -1.135000000000000231 ) ) ;
#289 = DIRECTION ( 'NONE',  ( -1.432545838226008708E-17, 1.000000000000000000, -0.000000000000000000 ) ) ;
#290 = CIRCLE ( 'NONE', #2626, 0.2500000000000000000 ) ;
#291 = ORIENTED_EDGE ( 'NONE', *, *, #649, .F. ) ;
#292 = EDGE_CURVE ( 'NONE', #5063, #4760, #112, .T. ) ;
#293 = CARTESIAN_POINT ( 'NONE',  ( -7.612500000000006040, 0.9899999999999984368, -1.135000000000000231 ) ) ;
#294 = EDGE_LOOP ( 'NONE', ( #4654, #696, #2418, #4695 ) ) ;
#295 = CARTESIAN_POINT ( 'NONE',  ( -2.825068018844486328, 0.9899999999999982148, -0.9600000000000017408 ) ) ;
#296 = DIRECTION ( 'NONE',  ( 1.000000000000000000, -0.000000000000000000, -0.000000000000000000 ) ) ;
#297 = DIRECTION ( 'NONE',  ( 0.1736481776669255017, 2.487589742322846264E-18, 0.9848077530122090195 ) ) ;
#298 = ORIENTED_EDGE ( 'NONE', *, *, #3872, .T. ) ;
#299 = VECTOR ( 'NONE', #5422, 1.000000000000000000 ) ;
#300 = VERTEX_POINT ( 'NONE', #4737 ) ;
#301 = FACE_OUTER_BOUND ( 'NONE', #1654, .T. ) ;
#302 = PLANE ( 'NONE',  #3169 ) ;
#303 = FACE_BOUND ( 'NONE', #2353, .T. ) ;
#305 = VECTOR ( 'NONE', #678, 1.000000000000000000 ) ;
#304 = CARTESIAN_POINT ( 'NONE',  ( -3.930251481490694587, -1.089999999999998082, -1.009999999999999121 ) ) ;
#306 = FACE_OUTER_BOUND ( 'NONE', #3554, .T. ) ;
#307 = VECTOR ( 'NONE', #5090, 1.000000000000000000 ) ;
#308 = DIRECTION ( 'NONE',  ( -1.000000000000000000, -0.000000000000000000, -0.000000000000000000 ) ) ;
#309 = DIRECTION ( 'NONE',  ( 0.000000000000000000, -0.000000000000000000, -1.000000000000000000 ) ) ;
#310 = EDGE_CURVE ( 'NONE', #5126, #1576, #3759, .T. ) ;
#311 = ORIENTED_EDGE ( 'NONE', *, *, #2884, .F. ) ;
#312 = ORIENTED_EDGE ( 'NONE', *, *, #3844, .T. ) ;
#313 = ORIENTED_EDGE ( 'NONE', *, *, #5182, .T. ) ;
#314 = FILL_AREA_STYLE ('',( #5481 ) ) ;
#315 = VECTOR ( 'NONE', #3731, 1.000000000000000000 ) ;
#316 = ORIENTED_EDGE ( 'NONE', *, *, #4705, .T. ) ;
#317 = EDGE_LOOP ( 'NONE', ( #941, #3182, #5661, #672 ) ) ;
#318 = CARTESIAN_POINT ( 'NONE',  ( -4.034427420795908326, 0.9549999999999980727, -1.135000000000000231 ) ) ;
#319 = ORIENTED_EDGE ( 'NONE', *, *, #1095, .T. ) ;
#321 = CARTESIAN_POINT ( 'NONE',  ( -0.3464101615137745172, -0.9899999999999984368, -1.135000000000000231 ) ) ;
#320 = DIRECTION ( 'NONE',  ( 0.000000000000000000, 0.000000000000000000, -1.000000000000000000 ) ) ;
#322 = DIRECTION ( 'NONE',  ( -0.000000000000000000, -0.9901138386947149206, -0.1402661271484180461 ) ) ;
#323 = DIRECTION ( 'NONE',  ( -1.000000000000000000, 0.000000000000000000, 0.000000000000000000 ) ) ;
#324 = VERTEX_POINT ( 'NONE', #1439 ) ;
#325 = VERTEX_POINT ( 'NONE', #555 ) ;
#326 = FACE_OUTER_BOUND ( 'NONE', #660, .T. ) ;
#327 = DIRECTION ( 'NONE',  ( 1.000000000000000000, 0.000000000000000000, -0.000000000000000000 ) ) ;
#328 = PLANE ( 'NONE',  #4344 ) ;
#329 = VERTEX_POINT ( 'NONE', #1918 ) ;
#330 = DIRECTION ( 'NONE',  ( 0.000000000000000000, 0.000000000000000000, 1.000000000000000000 ) ) ;
#331 = FACE_OUTER_BOUND ( 'NONE', #4069, .T. ) ;
#332 = AXIS2_PLACEMENT_3D ( 'NONE', #2979, #4840, #140 ) ;
#333 = EDGE_CURVE ( 'NONE', #172, #3710, #5848, .T. ) ;
#334 = AXIS2_PLACEMENT_3D ( 'NONE', #3514, #1189, #3047 ) ;
#335 = LINE ( 'NONE', #4062, #4492 ) ;
#336 = CARTESIAN_POINT ( 'NONE',  ( -9.623207721193939079, 1.089999999999998082, -0.8496342572279647065 ) ) ;
#337 = VECTOR ( 'NONE', #1518, 1.000000000000000000 ) ;
#338 = AXIS2_PLACEMENT_3D ( 'NONE', #373, #345, #5455 ) ;
#339 = VECTOR ( 'NONE', #1687, 1.000000000000000000 ) ;
#340 = ORIENTED_EDGE ( 'NONE', *, *, #3606, .F. ) ;
#341 = AXIS2_PLACEMENT_3D ( 'NONE', #958, #2360, #501 ) ;
#342 = AXIS2_PLACEMENT_3D ( 'NONE', #2324, #5616, #3378 ) ;
#343 = ORIENTED_EDGE ( 'NONE', *, *, #4242, .F. ) ;
#344 = DIRECTION ( 'NONE',  ( 0.000000000000000000, 0.000000000000000000, -1.000000000000000000 ) ) ;
#345 = DIRECTION ( 'NONE',  ( -0.000000000000000000, 0.000000000000000000, 1.000000000000000000 ) ) ;
#346 = EDGE_CURVE ( 'NONE', #4441, #66, #430, .T. ) ;
#347 = EDGE_CURVE ( 'NONE', #2545, #3645, #4212, .T. ) ;
#348 = ORIENTED_EDGE ( 'NONE', *, *, #4218, .T. ) ;
#349 = ORIENTED_EDGE ( 'NONE', *, *, #4767, .F. ) ;
#350 = LINE ( 'NONE', #3614, #1818 ) ;
#351 = ORIENTED_EDGE ( 'NONE', *, *, #978, .T. ) ;
#352 = CARTESIAN_POINT ( 'NONE',  ( -2.825068018844486328, 0.000000000000000000, -0.9600000000000001865 ) ) ;
#353 = DIRECTION ( 'NONE',  ( 0.000000000000000000, 0.000000000000000000, 1.000000000000000000 ) ) ;
#354 = DIRECTION ( 'NONE',  ( -0.000000000000000000, 0.000000000000000000, 1.000000000000000000 ) ) ;
#355 = ORIENTED_EDGE ( 'NONE', *, *, #5669, .F. ) ;
#356 = ORIENTED_EDGE ( 'NONE', *, *, #5370, .F. ) ;
#357 = EDGE_CURVE ( 'NONE', #3870, #3745, #1376, .T. ) ;
#358 = DIRECTION ( 'NONE',  ( 1.000000000000000000, 0.000000000000000000, 0.000000000000000000 ) ) ;
#359 = CYLINDRICAL_SURFACE ( 'NONE', #1698, 0.07999999999999996003 ) ;
#360 = PLANE ( 'NONE',  #4636 ) ;
#361 = CYLINDRICAL_SURFACE ( 'NONE', #3630, 0.2500000000000000000 ) ;
#362 = CARTESIAN_POINT ( 'NONE',  ( -2.825068018844486328, -0.9899999999999992140, -0.9599999999999999645 ) ) ;
#363 = CARTESIAN_POINT ( 'NONE',  ( -12.22500000000000142, -0.2418139511719357149, -3.423488475815656962 ) ) ;
#364 = VECTOR ( 'NONE', #4933, 1.000000000000000000 ) ;
#365 = EDGE_CURVE ( 'NONE', #5396, #1200, #2411, .T. ) ;
#366 = VECTOR ( 'NONE', #1059, 1.000000000000000000 ) ;
#367 = DIRECTION ( 'NONE',  ( 1.000000000000000000, 0.000000000000000000, 0.000000000000000000 ) ) ;
#368 = CYLINDRICAL_SURFACE ( 'NONE', #1783, 0.2500000000000000000 ) ;
#369 = AXIS2_PLACEMENT_3D ( 'NONE', #3110, #793, #1336 ) ;
#370 = AXIS2_PLACEMENT_3D ( 'NONE', #1452, #570, #3830 ) ;
#371 = ORIENTED_EDGE ( 'NONE', *, *, #4218, .F. ) ;
#372 = DIRECTION ( 'NONE',  ( 0.000000000000000000, 0.000000000000000000, 1.000000000000000000 ) ) ;
#373 = CARTESIAN_POINT ( 'NONE',  ( -11.35331954216210271, -1.387778780781445676E-16, -1.135000000000000231 ) ) ;
#374 = ORIENTED_EDGE ( 'NONE', *, *, #1351, .F. ) ;
#375 = ORIENTED_EDGE ( 'NONE', *, *, #2051, .F. ) ;
#376 = FACE_OUTER_BOUND ( 'NONE', #4894, .T. ) ;
#377 = ORIENTED_EDGE ( 'NONE', *, *, #2313, .F. ) ;
#378 = LINE ( 'NONE', #3184, #6018 ) ;
#379 = DIRECTION ( 'NONE',  ( 1.000000000000000000, 1.879742687196032133E-16, 0.000000000000000000 ) ) ;
#380 = CARTESIAN_POINT ( 'NONE',  ( -7.934375000000004619, 0.7399999999999979927, -0.9599999999999999645 ) ) ;
#381 = VECTOR ( 'NONE', #2261, 1.000000000000000000 ) ;
#382 = ORIENTED_EDGE ( 'NONE', *, *, #649, .T. ) ;
#383 = DIRECTION ( 'NONE',  ( -1.000000000000000000, 6.271695431234129858E-16, 0.000000000000000000 ) ) ;
#384 = AXIS2_PLACEMENT_3D ( 'NONE', #973, #3172, #4177 ) ;
#385 = PLANE ( 'NONE',  #246 ) ;
#386 = FACE_OUTER_BOUND ( 'NONE', #5615, .T. ) ;
#387 = DIRECTION ( 'NONE',  ( 0.9848077530122089085, 0.000000000000000000, -0.1736481776669254740 ) ) ;
#388 = DIRECTION ( 'NONE',  ( -0.000000000000000000, 0.000000000000000000, 1.000000000000000000 ) ) ;
#389 = VECTOR ( 'NONE', #5450, 1.000000000000000000 ) ;
#390 = ORIENTED_EDGE ( 'NONE', *, *, #4280, .F. ) ;
#391 = AXIS2_PLACEMENT_3D ( 'NONE', #5304, #1105, #707 ) ;
#392 = EDGE_CURVE ( 'NONE', #786, #4124, #5275, .T. ) ;
#393 = FACE_OUTER_BOUND ( 'NONE', #5367, .T. ) ;
#394 = CARTESIAN_POINT ( 'NONE',  ( -14.76368599666425929, 0.8750000000000000000, -1.060000000000000053 ) ) ;
#395 = DIRECTION ( 'NONE',  ( 0.000000000000000000, 0.000000000000000000, 1.000000000000000000 ) ) ;
#396 = CIRCLE ( 'NONE', #2935, 0.2500000000000000000 ) ;
#397 = ORIENTED_EDGE ( 'NONE', *, *, #4153, .T. ) ;
#398 = CARTESIAN_POINT ( 'NONE',  ( -11.82500000000000107, 1.189999999999998392, -0.9600000000000001865 ) ) ;
#399 = CARTESIAN_POINT ( 'NONE',  ( -1.700000000000000622, -0.7399999999999984368, -1.135000000000000231 ) ) ;
#400 = ORIENTED_EDGE ( 'NONE', *, *, #774, .F. ) ;
#401 = ORIENTED_EDGE ( 'NONE', *, *, #1610, .F. ) ;
#402 = EDGE_CURVE ( 'NONE', #2049, #1055, #1106, .T. ) ;
#403 = CARTESIAN_POINT ( 'NONE',  ( -14.17500000000000071, -0.8750000000000000000, -1.140000000000000124 ) ) ;
#404 = ORIENTED_EDGE ( 'NONE', *, *, #1316, .F. ) ;
#405 = EDGE_CURVE ( 'NONE', #5610, #535, #4827, .T. ) ;
#407 = CARTESIAN_POINT ( 'NONE',  ( -1.850000000000000533, 0.3418139511719356927, -0.9599999999999999645 ) ) ;
#406 = DIRECTION ( 'NONE',  ( 0.000000000000000000, 0.000000000000000000, 1.000000000000000000 ) ) ;
#408 = CARTESIAN_POINT ( 'NONE',  ( 0.000000000000000000, 0.8750000000000000000, -1.209999999999999964 ) ) ;
#409 = DIRECTION ( 'NONE',  ( -1.432545838226008708E-17, -1.000000000000000000, 0.000000000000000000 ) ) ;
#410 = ORIENTED_EDGE ( 'NONE', *, *, #2069, .T. ) ;
#411 = AXIS2_PLACEMENT_3D ( 'NONE', #2861, #3748, #152 ) ;
#412 = VERTEX_POINT ( 'NONE', #708 ) ;
#413 = EDGE_CURVE ( 'NONE', #4030, #2298, #1341, .T. ) ;
#414 = CARTESIAN_POINT ( 'NONE',  ( -9.856250000000004619, -0.5602425708315861286, -1.135000000000000231 ) ) ;
#415 = DIRECTION ( 'NONE',  ( -1.000000000000000000, -1.879742687196032133E-16, 1.930822651522010582E-16 ) ) ;
#416 = LINE ( 'NONE', #5955, #2587 ) ;
#417 = PLANE ( 'NONE',  #425 ) ;
#418 = LINE ( 'NONE', #4603, #762 ) ;
#419 = ADVANCED_FACE ( 'NONE', ( #218 ), #3458, .T. ) ;
#420 = VERTEX_POINT ( 'NONE', #3430 ) ;
#422 = AXIS2_PLACEMENT_3D ( 'NONE', #3475, #5966, #372 ) ;
#421 = CARTESIAN_POINT ( 'NONE',  ( -7.612500000000006040, -0.9899999999999998801, -0.9600000000000008527 ) ) ;
#423 = CARTESIAN_POINT ( 'NONE',  ( -0.4464101615137744394, 0.3418139511719356927, -3.423488475815656962 ) ) ;
#424 = LINE ( 'NONE', #5183, #145 ) ;
#425 = AXIS2_PLACEMENT_3D ( 'NONE', #3834, #5688, #3323 ) ;
#426 = EDGE_CURVE ( 'NONE', #5260, #285, #5672, .T. ) ;
#427 = EDGE_LOOP ( 'NONE', ( #287, #4158, #4617, #3551 ) ) ;
#429 = AXIS2_PLACEMENT_3D ( 'NONE', #1345, #3753, #4179 ) ;
#428 = DIRECTION ( 'NONE',  ( 0.000000000000000000, -0.000000000000000000, -1.000000000000000000 ) ) ;
#430 = LINE ( 'NONE', #2287, #4797 ) ;
#431 = AXIS2_PLACEMENT_3D ( 'NONE', #5171, #994, #139 ) ;
#432 = ORIENTED_EDGE ( 'NONE', *, *, #1282, .F. ) ;
#433 = AXIS2_PLACEMENT_3D ( 'NONE', #3566, #1243, #4874 ) ;
#434 = ORIENTED_EDGE ( 'NONE', *, *, #1234, .T. ) ;
#435 = ADVANCED_FACE ( 'NONE', ( #2504 ), #4370, .F. ) ;
#436 = CARTESIAN_POINT ( 'NONE',  ( -3.921569072607348883, 1.089999999999998082, -0.9607596123493884477 ) ) ;
#437 = ORIENTED_EDGE ( 'NONE', *, *, #1410, .F. ) ;
#438 = DIRECTION ( 'NONE',  ( 0.000000000000000000, 0.000000000000000000, -1.000000000000000000 ) ) ;
#439 = DIRECTION ( 'NONE',  ( -1.000000000000000000, 0.000000000000000000, 0.000000000000000000 ) ) ;
#440 = CYLINDRICAL_SURFACE ( 'NONE', #5302, 0.1000000000000000888 ) ;
#441 = DIRECTION ( 'NONE',  ( 1.000000000000000000, -0.000000000000000000, -0.000000000000000000 ) ) ;
#442 = ADVANCED_FACE ( 'NONE', ( #683 ), #1076, .T. ) ;
#443 = VECTOR ( 'NONE', #1188, 1.000000000000000000 ) ;
#444 = EDGE_CURVE ( 'NONE', #4314, #3419, #3678, .T. ) ;
#445 = VERTEX_POINT ( 'NONE', #616 ) ;
#446 = EDGE_LOOP ( 'NONE', ( #1170, #4508, #5286, #253, #3007, #2573, #5017, #625, #3070, #5192, #1429, #1506, #784, #2285, #316, #3171 ) ) ;
#447 = CARTESIAN_POINT ( 'NONE',  ( -5.440624999999995381, 0.9899999999999984368, -1.135000000000000231 ) ) ;
#448 = LINE ( 'NONE', #2701, #5395 ) ;
#449 = DIRECTION ( 'NONE',  ( -0.9281522335464011952, -0.3722007944145563352, 0.000000000000000000 ) ) ;
#450 = CARTESIAN_POINT ( 'NONE',  ( -4.318749999999996980, -0.5602425708315863506, -1.135000000000000231 ) ) ;
#451 = LINE ( 'NONE', #2337, #5139 ) ;
#452 = EDGE_CURVE ( 'NONE', #4016, #3725, #4459, .T. ) ;
#453 = VERTEX_POINT ( 'NONE', #5730 ) ;
#454 = EDGE_CURVE ( 'NONE', #2090, #808, #3490, .T. ) ;
#455 = CARTESIAN_POINT ( 'NONE',  ( -2.487220079441456289, -0.2968409399909877067, -0.9600000000000001865 ) ) ;
#456 = CARTESIAN_POINT ( 'NONE',  ( -4.318749999999996092, 0.7080847830052794389, -1.135000000000000231 ) ) ;
#457 = EDGE_CURVE ( 'NONE', #4033, #4806, #1817, .T. ) ;
#458 = CARTESIAN_POINT ( 'NONE',  ( -1.950000000000000622, -0.2000000000000000111, -0.8250000000000000666 ) ) ;
#459 = ADVANCED_FACE ( 'NONE', ( #5333, #1584 ), #5305, .T. ) ;
#460 = ORIENTED_EDGE ( 'NONE', *, *, #333, .T. ) ;
#461 = LINE ( 'NONE', #1981, #2722 ) ;
#462 = DIRECTION ( 'NONE',  ( 1.000000000000000000, 0.000000000000000000, 0.000000000000000000 ) ) ;
#463 = CIRCLE ( 'NONE', #1534, 0.09999999999999964473 ) ;
#464 = AXIS2_PLACEMENT_3D ( 'NONE', #4531, #4499, #866 ) ;
#465 = EDGE_LOOP ( 'NONE', ( #3823, #867, #5983, #1470 ) ) ;
#466 = ORIENTED_EDGE ( 'NONE', *, *, #452, .F. ) ;
#467 = CARTESIAN_POINT ( 'NONE',  ( 0.5886859966642593589, 0.8750000000000000000, -1.140000000000000124 ) ) ;
#468 = ORIENTED_EDGE ( 'NONE', *, *, #1135, .T. ) ;
#469 = CARTESIAN_POINT ( 'NONE',  ( -4.618749999999996803, -0.7399999999999993250, -3.423488475815656962 ) ) ;
#471 = DIRECTION ( 'NONE',  ( 1.000000000000000000, 0.000000000000000000, 0.000000000000000000 ) ) ;
#470 = CARTESIAN_POINT ( 'NONE',  ( -14.76368599666425929, 0.8750000000000000000, -1.060000000000000053 ) ) ;
#472 = CARTESIAN_POINT ( 'NONE',  ( -2.825068018844486328, -0.9899999999999989919, 5.040000000000000036 ) ) ;
#473 = DIRECTION ( 'NONE',  ( -1.000000000000000000, 6.265808957320107111E-17, 1.406570332511357463E-16 ) ) ;
#474 = ORIENTED_EDGE ( 'NONE', *, *, #3876, .T. ) ;
#475 = ORIENTED_EDGE ( 'NONE', *, *, #864, .F. ) ;
#476 = CARTESIAN_POINT ( 'NONE',  ( -12.22500000000000142, -1.189999999999998392, -0.9600000000000001865 ) ) ;
#477 = DIRECTION ( 'NONE',  ( 0.000000000000000000, -0.000000000000000000, -1.000000000000000000 ) ) ;
#478 = CARTESIAN_POINT ( 'NONE',  ( -10.24474851850930790, 5.431508564030776753, -1.059999999999998277 ) ) ;
#479 = VECTOR ( 'NONE', #5617, 1.000000000000000000 ) ;
#480 = CARTESIAN_POINT ( 'NONE',  ( -0.1622440211999293946, 0.9899999999999984368, 0.9201315677728709730 ) ) ;
#481 = FACE_OUTER_BOUND ( 'NONE', #4326, .T. ) ;
#482 = VERTEX_POINT ( 'NONE', #1951 ) ;
#483 = EDGE_CURVE ( 'NONE', #5639, #4457, #4886, .T. ) ;
#484 = CIRCLE ( 'NONE', #970, 0.2500000000000000000 ) ;
#485 = EDGE_LOOP ( 'NONE', ( #952, #4092, #713, #3976 ) ) ;
#486 = DIRECTION ( 'NONE',  ( 1.000000000000000000, 0.000000000000000000, 0.000000000000000000 ) ) ;
#487 = DIRECTION ( 'NONE',  ( 1.000000000000000000, 0.000000000000000000, 0.000000000000000000 ) ) ;
#488 = CARTESIAN_POINT ( 'NONE',  ( -14.76368599666425929, -0.8750000000000000000, -1.140000000000000124 ) ) ;
#489 = EDGE_CURVE ( 'NONE', #1114, #2649, #1625, .T. ) ;
#490 = CARTESIAN_POINT ( 'NONE',  ( -12.22500000000000142, 0.000000000000000000, 0.000000000000000000 ) ) ;
#491 = AXIS2_PLACEMENT_3D ( 'NONE', #3202, #5060, #2737 ) ;
#492 = ORIENTED_EDGE ( 'NONE', *, *, #3511, .T. ) ;
#493 = CARTESIAN_POINT ( 'NONE',  ( -2.784460378396442337, 0.09281522335463997242, -0.9600000000000008527 ) ) ;
#494 = DIRECTION ( 'NONE',  ( -0.000000000000000000, 0.000000000000000000, 1.000000000000000000 ) ) ;
#495 = ORIENTED_EDGE ( 'NONE', *, *, #4310, .F. ) ;
#496 = ORIENTED_EDGE ( 'NONE', *, *, #2421, .T. ) ;
#497 = DIRECTION ( 'NONE',  ( -1.000000000000000000, 0.000000000000000000, 0.000000000000000000 ) ) ;
#498 = EDGE_LOOP ( 'NONE', ( #4433, #4265, #6023, #576 ) ) ;
#499 = CARTESIAN_POINT ( 'NONE',  ( -0.3464101615137744616, -0.7399999999999984368, -0.9599999999999999645 ) ) ;
#500 = DIRECTION ( 'NONE',  ( 1.000000000000000000, 0.000000000000000000, 0.000000000000000000 ) ) ;
#501 = DIRECTION ( 'NONE',  ( 0.000000000000000000, 0.000000000000000000, 1.000000000000000000 ) ) ;
#502 = CARTESIAN_POINT ( 'NONE',  ( 0.000000000000000000, -0.8750000000000000000, -0.9100000000000001421 ) ) ;
#503 = VERTEX_POINT ( 'NONE', #1982 ) ;
#504 = VERTEX_POINT ( 'NONE', #3851 ) ;
#505 = CARTESIAN_POINT ( 'NONE',  ( -12.22500000000000142, 0.8999999999999999112, -0.9100000000000001421 ) ) ;
#506 = FACE_OUTER_BOUND ( 'NONE', #1542, .T. ) ;
#507 = DIRECTION ( 'NONE',  ( -1.432545838226008708E-17, -1.000000000000000000, 0.000000000000000000 ) ) ;
#508 = CARTESIAN_POINT ( 'NONE',  ( -4.318749999999996092, 0.7080847830052794389, -3.423488475815656962 ) ) ;
#509 = DIRECTION ( 'NONE',  ( -0.000000000000000000, 0.000000000000000000, 1.000000000000000000 ) ) ;
#510 = AXIS2_PLACEMENT_3D ( 'NONE', #985, #4159, #3342 ) ;
#511 = VERTEX_POINT ( 'NONE', #1530 ) ;
#512 = ORIENTED_EDGE ( 'NONE', *, *, #5855, .F. ) ;
#513 = CARTESIAN_POINT ( 'NONE',  ( -13.72858983848622572, 0.2418139511719357149, -0.9599999999999999645 ) ) ;
#514 = LINE ( 'NONE', #3232, #2822 ) ;
#515 = CARTESIAN_POINT ( 'NONE',  ( -11.34993198115552282, 1.189999999999998392, 5.040000000000000036 ) ) ;
#516 = PLANE ( 'NONE',  #2572 ) ;
#517 = EDGE_CURVE ( 'NONE', #6014, #2545, #4945, .T. ) ;
#518 = EDGE_LOOP ( 'NONE', ( #4498, #313, #2107, #5433 ) ) ;
#519 = DIRECTION ( 'NONE',  ( -0.9848077530122093526, 0.000000000000000000, -0.1736481776669233368 ) ) ;
#520 = CARTESIAN_POINT ( 'NONE',  ( -11.82500000000000107, -0.8999999999999999112, -0.9100000000000001421 ) ) ;
#521 = CIRCLE ( 'NONE', #1589, 0.05000000000000071054 ) ;
#522 = AXIS2_PLACEMENT_3D ( 'NONE', #2741, #3177, #3208 ) ;
#523 = ORIENTED_EDGE ( 'NONE', *, *, #3257, .F. ) ;
#524 = ORIENTED_EDGE ( 'NONE', *, *, #3211, .F. ) ;
#525 = VECTOR ( 'NONE', #1523, 1.000000000000000000 ) ;
#526 = DIRECTION ( 'NONE',  ( 0.000000000000000000, -1.000000000000000000, 0.000000000000000000 ) ) ;
#527 = ORIENTED_EDGE ( 'NONE', *, *, #5434, .T. ) ;
#529 = ADVANCED_FACE ( 'NONE', ( #3054, #2222 ), #797, .T. ) ;
#528 = DIRECTION ( 'NONE',  ( 1.000000000000000000, 0.000000000000000000, 0.000000000000000000 ) ) ;
#530 = CARTESIAN_POINT ( 'NONE',  ( -1.949999999999999734, -0.9899999999999984368, -0.9600000000000001865 ) ) ;
#531 = LINE ( 'NONE', #4104, #3188 ) ;
#532 = EDGE_CURVE ( 'NONE', #3372, #2196, #4125, .T. ) ;
#533 = EDGE_CURVE ( 'NONE', #4891, #4106, #726, .T. ) ;
#534 = VECTOR ( 'NONE', #4483, 1.000000000000000000 ) ;
#535 = VERTEX_POINT ( 'NONE', #855 ) ;
#536 = VERTEX_POINT ( 'NONE', #4089 ) ;
#537 = AXIS2_PLACEMENT_3D ( 'NONE', #844, #477, #2334 ) ;
#538 = VECTOR ( 'NONE', #2694, 1.000000000000000000 ) ;
#539 = DIRECTION ( 'NONE',  ( 0.000000000000000000, -0.000000000000000000, 1.000000000000000000 ) ) ;
#540 = CARTESIAN_POINT ( 'NONE',  ( -12.22500000000000142, 0.8000000000000000444, -0.9100000000000001421 ) ) ;
#541 = CARTESIAN_POINT ( 'NONE',  ( -6.240624999999996092, 0.9899999999999979927, -0.9600000000000001865 ) ) ;
#542 = AXIS2_PLACEMENT_3D ( 'NONE', #5952, #4570, #1299 ) ;
#543 = CARTESIAN_POINT ( 'NONE',  ( -0.3464101615137744061, -0.3418139511719356927, -1.135000000000000231 ) ) ;
#544 = CARTESIAN_POINT ( 'NONE',  ( 0.000000000000000000, 0.000000000000000000, -1.135000000000000231 ) ) ;
#545 = VERTEX_POINT ( 'NONE', #1255 ) ;
#546 = ORIENTED_EDGE ( 'NONE', *, *, #2791, .T. ) ;
#547 = DIRECTION ( 'NONE',  ( -6.271695431234129858E-16, 1.000000000000000000, 0.000000000000000000 ) ) ;
#548 = DIRECTION ( 'NONE',  ( 0.000000000000000000, 0.000000000000000000, 1.000000000000000000 ) ) ;
#549 = CYLINDRICAL_SURFACE ( 'NONE', #2142, 0.09999999999999964473 ) ;
#550 = DIRECTION ( 'NONE',  ( 0.000000000000000000, 0.000000000000000000, 1.000000000000000000 ) ) ;
#551 = EDGE_CURVE ( 'NONE', #2476, #3465, #5001, .T. ) ;
#552 = EDGE_CURVE ( 'NONE', #1521, #5363, #3970, .T. ) ;
#553 = ORIENTED_EDGE ( 'NONE', *, *, #4061, .F. ) ;
#554 = CARTESIAN_POINT ( 'NONE',  ( -13.82858983848622536, 0.3418139511719356927, -0.9600000000000001865 ) ) ;
#555 = CARTESIAN_POINT ( 'NONE',  ( 0.5886859966642593589, -0.8750000000000000000, -0.9100000000000001421 ) ) ;
#556 = ORIENTED_EDGE ( 'NONE', *, *, #1410, .T. ) ;
#557 = EDGE_LOOP ( 'NONE', ( #4353, #4552, #5808, #4476 ) ) ;
#558 = ORIENTED_EDGE ( 'NONE', *, *, #2791, .F. ) ;
#560 = CARTESIAN_POINT ( 'NONE',  ( -11.82500000000000107, 0.8999999999999999112, -0.9100000000000001421 ) ) ;
#559 = CIRCLE ( 'NONE', #2108, 0.09999999999999964473 ) ;
#561 = ORIENTED_EDGE ( 'NONE', *, *, #2314, .T. ) ;
#562 = AXIS2_PLACEMENT_3D ( 'NONE', #2012, #1615, #1498 ) ;
#563 = CARTESIAN_POINT ( 'NONE',  ( -5.440624999999995381, -0.7399999999999993250, -1.135000000000000231 ) ) ;
#564 = DIRECTION ( 'NONE',  ( 1.000000000000000000, 7.526935760170552482E-17, -6.172087323339852641E-15 ) ) ;
#565 = VECTOR ( 'NONE', #2516, 1.000000000000000000 ) ;
#566 = EDGE_CURVE ( 'NONE', #4448, #3146, #2161, .T. ) ;
#567 = VERTEX_POINT ( 'NONE', #2681 ) ;
#568 = CIRCLE ( 'NONE', #1056, 0.2500000000000000000 ) ;
#569 = VERTEX_POINT ( 'NONE', #5423 ) ;
#570 = DIRECTION ( 'NONE',  ( -1.000000000000000000, 0.000000000000000000, 0.000000000000000000 ) ) ;
#571 = AXIS2_PLACEMENT_3D ( 'NONE', #2399, #3805, #4257 ) ;
#572 = CARTESIAN_POINT ( 'NONE',  ( -4.551792278806057190, -1.089999999999998082, -0.8496342572279651506 ) ) ;
#573 = DIRECTION ( 'NONE',  ( 1.000000000000000000, 0.000000000000000000, 0.000000000000000000 ) ) ;
#574 = LINE ( 'NONE', #5237, #3943 ) ;
#575 = PLANE ( 'NONE',  #669 ) ;
#576 = ORIENTED_EDGE ( 'NONE', *, *, #903, .T. ) ;
#577 = ORIENTED_EDGE ( 'NONE', *, *, #978, .F. ) ;
#578 = CARTESIAN_POINT ( 'NONE',  ( -4.318749999999996092, 0.7080847830052794389, -1.135000000000000231 ) ) ;
#579 = DIRECTION ( 'NONE',  ( -0.9848077530122093526, 0.000000000000000000, 0.1736481776669237809 ) ) ;
#580 = DIRECTION ( 'NONE',  ( -0.000000000000000000, 0.000000000000000000, 1.000000000000000000 ) ) ;
#581 = CARTESIAN_POINT ( 'NONE',  ( -8.734375000000005329, -0.7400000000000002132, -0.9599999999999999645 ) ) ;
#582 = AXIS2_PLACEMENT_3D ( 'NONE', #3530, #716, #2569 ) ;
#583 = VERTEX_POINT ( 'NONE', #5876 ) ;
#584 = DIRECTION ( 'NONE',  ( -1.000000000000000000, 0.000000000000000000, 0.000000000000000000 ) ) ;
#585 = DIRECTION ( 'NONE',  ( 1.000000000000000000, 0.000000000000000000, 0.000000000000000000 ) ) ;
#586 = ORIENTED_EDGE ( 'NONE', *, *, #942, .F. ) ;
#587 = VECTOR ( 'NONE', #5157, 1.000000000000000000 ) ;
#588 = VERTEX_POINT ( 'NONE', #3520 ) ;
#589 = EDGE_CURVE ( 'NONE', #614, #3732, #521, .T. ) ;
#590 = VERTEX_POINT ( 'NONE', #3089 ) ;
#591 = AXIS2_PLACEMENT_3D ( 'NONE', #515, #4206, #2408 ) ;
#592 = DIRECTION ( 'NONE',  ( -0.000000000000000000, 0.000000000000000000, 1.000000000000000000 ) ) ;
#593 = CYLINDRICAL_SURFACE ( 'NONE', #1167, 6.000000000000000000 ) ;
#594 = ORIENTED_EDGE ( 'NONE', *, *, #5495, .F. ) ;
#595 = EDGE_CURVE ( 'NONE', #2056, #1564, #2374, .T. ) ;
#596 = EDGE_LOOP ( 'NONE', ( #1290, #3702, #1828, #4147 ) ) ;
#597 = EDGE_CURVE ( 'NONE', #4646, #2713, #1306, .T. ) ;
#598 = VECTOR ( 'NONE', #5858, 0.9999999999999998890 ) ;
#599 = DIRECTION ( 'NONE',  ( 1.000000000000000000, -0.000000000000000000, 0.000000000000000000 ) ) ;
#600 = DIRECTION ( 'NONE',  ( 4.040691778796104450E-16, 5.788476191268405905E-33, 1.000000000000000000 ) ) ;
#601 = CARTESIAN_POINT ( 'NONE',  ( -5.576316527040902749, 5.431508564030775865, -0.7600000000000010081 ) ) ;
#602 = DIRECTION ( 'NONE',  ( 0.000000000000000000, -0.000000000000000000, -1.000000000000000000 ) ) ;
#603 = PLANE ( 'NONE',  #3492 ) ;
#604 = ORIENTED_EDGE ( 'NONE', *, *, #3848, .T. ) ;
#605 = EDGE_CURVE ( 'NONE', #2342, #1045, #3141, .T. ) ;
#606 = ORIENTED_EDGE ( 'NONE', *, *, #3547, .T. ) ;
#607 = LINE ( 'NONE', #578, #1197 ) ;
#608 = VECTOR ( 'NONE', #2783, 1.000000000000000000 ) ;
#609 = DIRECTION ( 'NONE',  ( 1.000000000000000000, -1.776356839400250465E-15, 0.000000000000000000 ) ) ;
#610 = LINE ( 'NONE', #5725, #5209 ) ;
#611 = CARTESIAN_POINT ( 'NONE',  ( -12.32500000000000107, 0.2418139511719357149, -1.135000000000000231 ) ) ;
#612 = EDGE_CURVE ( 'NONE', #971, #921, #237, .T. ) ;
#613 = EDGE_CURVE ( 'NONE', #1908, #4673, #5850, .T. ) ;
#614 = VERTEX_POINT ( 'NONE', #1312 ) ;
#615 = CARTESIAN_POINT ( 'NONE',  ( -9.640572538960633153, 0.9899999999999978817, -0.7511534819267440266 ) ) ;
#616 = CARTESIAN_POINT ( 'NONE',  ( -8.984375000000005329, 0.9899999999999984368, -1.135000000000000231 ) ) ;
#617 = ORIENTED_EDGE ( 'NONE', *, *, #347, .F. ) ;
#618 = EDGE_LOOP ( 'NONE', ( #1213, #3793, #3396, #1768 ) ) ;
#619 = EDGE_LOOP ( 'NONE', ( #1773, #5066, #2289, #200 ) ) ;
#620 = EDGE_CURVE ( 'NONE', #3645, #4588, #2131, .T. ) ;
#621 = ORIENTED_EDGE ( 'NONE', *, *, #2129, .T. ) ;
#622 = CARTESIAN_POINT ( 'NONE',  ( -13.57858983848622536, -0.7399999999999984368, -3.423488475815656962 ) ) ;
#623 = CARTESIAN_POINT ( 'NONE',  ( -8.184375000000004619, -0.7399999999999998801, -1.135000000000000231 ) ) ;
#624 = CIRCLE ( 'NONE', #2663, 0.2500000000000000000 ) ;
#625 = ORIENTED_EDGE ( 'NONE', *, *, #5996, .T. ) ;
#626 = AXIS2_PLACEMENT_3D ( 'NONE', #2260, #5012, #4619 ) ;
#627 = VERTEX_POINT ( 'NONE', #1284 ) ;
#628 = EDGE_CURVE ( 'NONE', #3579, #420, #4422, .T. ) ;
#629 = CARTESIAN_POINT ( 'NONE',  ( -13.82858983848622536, -0.9899999999999984368, -1.135000000000000231 ) ) ;
#630 = CARTESIAN_POINT ( 'NONE',  ( -0.4464101615137745505, -0.2418139511719357149, -0.9600000000000001865 ) ) ;
#631 = DIRECTION ( 'NONE',  ( 1.000000000000000000, 0.000000000000000000, -4.040691778796104450E-16 ) ) ;
#632 = EDGE_CURVE ( 'NONE', #2597, #3944, #4518, .T. ) ;
#633 = VECTOR ( 'NONE', #1220, 1.000000000000000000 ) ;
#634 = CARTESIAN_POINT ( 'NONE',  ( -9.556250000000003908, -0.7400000000000002132, -1.135000000000000231 ) ) ;
#635 = DIRECTION ( 'NONE',  ( -0.000000000000000000, 0.000000000000000000, 1.000000000000000000 ) ) ;
#636 = AXIS2_PLACEMENT_3D ( 'NONE', #1287, #2227, #3178 ) ;
#637 = AXIS2_PLACEMENT_3D ( 'NONE', #204, #1596, #5835 ) ;
#638 = ORIENTED_EDGE ( 'NONE', *, *, #5067, .T. ) ;
#639 = AXIS2_PLACEMENT_3D ( 'NONE', #472, #4192, #3708 ) ;
#640 = VECTOR ( 'NONE', #12, 1.000000000000000000 ) ;
#641 = ORIENTED_EDGE ( 'NONE', *, *, #5807, .T. ) ;
#642 = CARTESIAN_POINT ( 'NONE',  ( -6.562499999999994671, -0.9899999999999997691, -1.135000000000000231 ) ) ;
#643 = AXIS2_PLACEMENT_3D ( 'NONE', #5167, #5949, #5075 ) ;
#644 = FACE_OUTER_BOUND ( 'NONE', #2997, .T. ) ;
#645 = DIRECTION ( 'NONE',  ( 0.000000000000000000, 0.000000000000000000, 1.000000000000000000 ) ) ;
#646 = LINE ( 'NONE', #214, #3711 ) ;
#647 = ADVANCED_FACE ( 'NONE', ( #825 ), #368, .F. ) ;
#648 = CIRCLE ( 'NONE', #2492, 6.000000000000000000 ) ;
#649 = EDGE_CURVE ( 'NONE', #1458, #895, #3787, .T. ) ;
#650 = ADVANCED_FACE ( 'NONE', ( #1912 ), #4642, .F. ) ;
#651 = DIRECTION ( 'NONE',  ( -0.000000000000000000, 0.000000000000000000, 1.000000000000000000 ) ) ;
#652 = PLANE ( 'NONE',  #5934 ) ;
#653 = DIRECTION ( 'NONE',  ( -0.000000000000000000, 0.000000000000000000, 1.000000000000000000 ) ) ;
#654 = ORIENTED_EDGE ( 'NONE', *, *, #3780, .T. ) ;
#655 = ORIENTED_EDGE ( 'NONE', *, *, #5283, .T. ) ;
#656 = ORIENTED_EDGE ( 'NONE', *, *, #4767, .T. ) ;
#657 = ORIENTED_EDGE ( 'NONE', *, *, #4087, .T. ) ;
#658 = CARTESIAN_POINT ( 'NONE',  ( -2.350000000000000533, 0.3896561633456299134, -0.9600000000000001865 ) ) ;
#659 = CARTESIAN_POINT ( 'NONE',  ( -1.950000000000000622, 0.2000000000000000111, -0.8250000000000000666 ) ) ;
#660 = EDGE_LOOP ( 'NONE', ( #2078, #2018, #5350, #5673 ) ) ;
#661 = VECTOR ( 'NONE', #2258, 1.000000000000000000 ) ;
#662 = DIRECTION ( 'NONE',  ( 0.000000000000000000, -0.1699069165076472487, 0.9854601157443478865 ) ) ;
#663 = ORIENTED_EDGE ( 'NONE', *, *, #4990, .T. ) ;
#664 = EDGE_CURVE ( 'NONE', #2597, #2609, #4668, .T. ) ;
#665 = CARTESIAN_POINT ( 'NONE',  ( -14.17500000000000071, 0.8750000000000000000, -1.060000000000000053 ) ) ;
#666 = DIRECTION ( 'NONE',  ( -0.1736481776669237809, 0.000000000000000000, -0.9848077530122093526 ) ) ;
#667 = DIRECTION ( 'NONE',  ( 1.000000000000000000, 0.000000000000000000, 0.000000000000000000 ) ) ;
#668 = CARTESIAN_POINT ( 'NONE',  ( -2.553008274702737168, 0.000000000000000000, -0.9600000000000001865 ) ) ;
#669 = AXIS2_PLACEMENT_3D ( 'NONE', #4842, #2434, #4386 ) ;
#670 = ORIENTED_EDGE ( 'NONE', *, *, #5494, .F. ) ;
#671 = VECTOR ( 'NONE', #5711, 1.000000000000000000 ) ;
#672 = ORIENTED_EDGE ( 'NONE', *, *, #3951, .F. ) ;
#673 = ADVANCED_FACE ( 'NONE', ( #5637 ), #516, .F. ) ;
#674 = CYLINDRICAL_SURFACE ( 'NONE', #5405, 0.2500000000000000000 ) ;
#675 = CARTESIAN_POINT ( 'NONE',  ( -6.562499999999994671, -0.7399999999999996581, -0.9600000000000001865 ) ) ;
#676 = LINE ( 'NONE', #4362, #525 ) ;
#677 = DIRECTION ( 'NONE',  ( -0.000000000000000000, 0.000000000000000000, 1.000000000000000000 ) ) ;
#678 = DIRECTION ( 'NONE',  ( 0.000000000000000000, 0.000000000000000000, 1.000000000000000000 ) ) ;
#679 = EDGE_CURVE ( 'NONE', #5708, #2164, #5690, .T. ) ;
#680 = EDGE_CURVE ( 'NONE', #3579, #2316, #424, .T. ) ;
#681 = FACE_OUTER_BOUND ( 'NONE', #3862, .T. ) ;
#682 = LINE ( 'NONE', #2558, #6027 ) ;
#683 = FACE_OUTER_BOUND ( 'NONE', #1285, .T. ) ;
#684 = VECTOR ( 'NONE', #5581, 1.000000000000000000 ) ;
#685 = EDGE_LOOP ( 'NONE', ( #222, #3410, #2535, #2179 ) ) ;
#686 = ORIENTED_EDGE ( 'NONE', *, *, #1350, .T. ) ;
#687 = ADVANCED_FACE ( 'NONE', ( #5123 ), #4207, .T. ) ;
#688 = ORIENTED_EDGE ( 'NONE', *, *, #4788, .F. ) ;
#689 = AXIS2_PLACEMENT_3D ( 'NONE', #1396, #945, #2736 ) ;
#690 = ORIENTED_EDGE ( 'NONE', *, *, #2436, .T. ) ;
#691 = LINE ( 'NONE', #1136, #5048 ) ;
#692 = CARTESIAN_POINT ( 'NONE',  ( -5.576316527040902749, 1.189999999999998392, -0.7600000000000010081 ) ) ;
#693 = ORIENTED_EDGE ( 'NONE', *, *, #2506, .T. ) ;
#694 = VECTOR ( 'NONE', #2778, 1.000000000000000000 ) ;
#695 = DIRECTION ( 'NONE',  ( -0.000000000000000000, 0.000000000000000000, 1.000000000000000000 ) ) ;
#696 = ORIENTED_EDGE ( 'NONE', *, *, #2808, .T. ) ;
#697 = DIRECTION ( 'NONE',  ( 0.000000000000000000, 0.000000000000000000, 1.000000000000000000 ) ) ;
#698 = CARTESIAN_POINT ( 'NONE',  ( -11.82500000000000107, 0.8999999999999999112, -0.9100000000000001421 ) ) ;
#699 = LINE ( 'NONE', #4503, #4339 ) ;
#700 = CARTESIAN_POINT ( 'NONE',  ( -3.866957084846029069, 1.189999999999998392, -0.8688465180732547477 ) ) ;
#701 = ORIENTED_EDGE ( 'NONE', *, *, #2313, .T. ) ;
#702 = EDGE_LOOP ( 'NONE', ( #4801, #5377, #3079, #4176 ) ) ;
#703 = FACE_OUTER_BOUND ( 'NONE', #5765, .T. ) ;
#704 = CYLINDRICAL_SURFACE ( 'NONE', #3949, 0.09999999999999964473 ) ;
#705 = DIRECTION ( 'NONE',  ( -1.000000000000000000, 0.000000000000000000, 0.000000000000000000 ) ) ;
#706 = CARTESIAN_POINT ( 'NONE',  ( -4.551792278806057190, -1.189999999999998392, -0.8496342572279651506 ) ) ;
#707 = DIRECTION ( 'NONE',  ( 1.000000000000000000, 5.551115123125782702E-17, 0.000000000000000000 ) ) ;
#708 = CARTESIAN_POINT ( 'NONE',  ( -2.487220079441456289, 0.2968409399909899271, -0.9600000000000001865 ) ) ;
#709 = EDGE_CURVE ( 'NONE', #2362, #4030, #4579, .T. ) ;
#710 = VECTOR ( 'NONE', #2171, 1.000000000000000000 ) ;
#711 = ORIENTED_EDGE ( 'NONE', *, *, #3651, .T. ) ;
#712 = ORIENTED_EDGE ( 'NONE', *, *, #613, .T. ) ;
#713 = ORIENTED_EDGE ( 'NONE', *, *, #2436, .F. ) ;
#714 = ORIENTED_EDGE ( 'NONE', *, *, #1715, .T. ) ;
#715 = CARTESIAN_POINT ( 'NONE',  ( -9.856250000000004619, 0.7080847830052794389, -3.423488475815656962 ) ) ;
#716 = DIRECTION ( 'NONE',  ( -0.000000000000000000, 0.000000000000000000, 1.000000000000000000 ) ) ;
#717 = EDGE_LOOP ( 'NONE', ( #2121, #349, #2964, #5310 ) ) ;
#718 = EDGE_CURVE ( 'NONE', #4677, #5007, #1821, .T. ) ;
#719 = CARTESIAN_POINT ( 'NONE',  ( -9.956250000000004263, -0.5602425708315862396, -1.135000000000000231 ) ) ;
#720 = ORIENTED_EDGE ( 'NONE', *, *, #1308, .F. ) ;
#721 = EDGE_CURVE ( 'NONE', #5562, #3366, #3558, .T. ) ;
#722 = EDGE_CURVE ( 'NONE', #2102, #588, #4914, .T. ) ;
#723 = CARTESIAN_POINT ( 'NONE',  ( -2.350000000000000533, -0.2000000000000000111, -0.8250000000000000666 ) ) ;
#724 = DIRECTION ( 'NONE',  ( -1.000000000000000000, 0.000000000000000000, 0.000000000000000000 ) ) ;
#725 = CARTESIAN_POINT ( 'NONE',  ( -8.598683472959089968, -1.190000000000001057, -0.6600000000000002531 ) ) ;
#726 = CIRCLE ( 'NONE', #5003, 0.09999999999999964473 ) ;
#727 = ORIENTED_EDGE ( 'NONE', *, *, #3142, .F. ) ;
#728 = VERTEX_POINT ( 'NONE', #6026 ) ;
#729 = VECTOR ( 'NONE', #2591, 1.000000000000000000 ) ;
#730 = CARTESIAN_POINT ( 'NONE',  ( -2.450000000000000622, -0.3896561633456276930, -1.135000000000000231 ) ) ;
#731 = AXIS2_PLACEMENT_3D ( 'NONE', #2772, #975, #1851 ) ;
#732 = DIRECTION ( 'NONE',  ( -0.3722007944145563907, -0.9281522335464011952, 0.000000000000000000 ) ) ;
#733 = LINE ( 'NONE', #1190, #1023 ) ;
#734 = DIRECTION ( 'NONE',  ( -1.000000000000000000, 0.000000000000000000, 0.000000000000000000 ) ) ;
#735 = DIRECTION ( 'NONE',  ( 6.265808957320107111E-17, 1.000000000000000000, 0.000000000000000000 ) ) ;
#736 = VECTOR ( 'NONE', #2145, 1.000000000000000000 ) ;
#737 = CIRCLE ( 'NONE', #3078, 0.2500000000000000000 ) ;
#738 = CIRCLE ( 'NONE', #1024, 5.999999999999999112 ) ;
#739 = DIRECTION ( 'NONE',  ( 0.000000000000000000, -1.000000000000000000, 0.000000000000000000 ) ) ;
#740 = DIRECTION ( 'NONE',  ( 0.000000000000000000, 0.000000000000000000, 1.000000000000000000 ) ) ;
#741 = VERTEX_POINT ( 'NONE', #5568 ) ;
#742 = EDGE_CURVE ( 'NONE', #1675, #5222, #918, .T. ) ;
#743 = ADVANCED_FACE ( 'NONE', ( #3203 ), #5061, .T. ) ;
#744 = ORIENTED_EDGE ( 'NONE', *, *, #3448, .T. ) ;
#745 = ORIENTED_EDGE ( 'NONE', *, *, #1248, .F. ) ;
#746 = ORIENTED_EDGE ( 'NONE', *, *, #4581, .T. ) ;
#747 = CARTESIAN_POINT ( 'NONE',  ( -4.181529920558541669, -0.6530577941862264479, -0.9600000000000001865 ) ) ;
#748 = FACE_OUTER_BOUND ( 'NONE', #4844, .T. ) ;
#749 = EDGE_LOOP ( 'NONE', ( #286, #1168, #1141, #171, #881, #5291, #5273, #434 ) ) ;
#750 = DIRECTION ( 'NONE',  ( 0.000000000000000000, -0.000000000000000000, -1.000000000000000000 ) ) ;
#751 = ORIENTED_EDGE ( 'NONE', *, *, #2570, .T. ) ;
#752 = DIRECTION ( 'NONE',  ( 0.000000000000000000, 0.000000000000000000, 1.000000000000000000 ) ) ;
#753 = EDGE_CURVE ( 'NONE', #1140, #5586, #3363, .T. ) ;
#754 = CARTESIAN_POINT ( 'NONE',  ( -13.82858983848622536, 0.7399999999999984368, -0.9599999999999999645 ) ) ;
#755 = PLANE ( 'NONE',  #4555 ) ;
#756 = VERTEX_POINT ( 'NONE', #5995 ) ;
#757 = VERTEX_POINT ( 'NONE', #4152 ) ;
#758 = ORIENTED_EDGE ( 'NONE', *, *, #2151, .T. ) ;
#759 = DIRECTION ( 'NONE',  ( 1.000000000000000000, 6.265808957320107111E-17, 0.000000000000000000 ) ) ;
#760 = DIRECTION ( 'NONE',  ( 1.000000000000000000, 0.000000000000000000, 0.000000000000000000 ) ) ;
#761 = LINE ( 'NONE', #5901, #3852 ) ;
#762 = VECTOR ( 'NONE', #997, 1.000000000000000000 ) ;
#763 = DIRECTION ( 'NONE',  ( 1.000000000000000000, -0.000000000000000000, 0.000000000000000000 ) ) ;
#764 = CARTESIAN_POINT ( 'NONE',  ( 0.000000000000000000, 0.000000000000000000, -1.135000000000000231 ) ) ;
#765 = AXIS2_PLACEMENT_3D ( 'NONE', #4808, #695, #1089 ) ;
#766 = AXIS2_PLACEMENT_3D ( 'NONE', #1253, #4574, #4085 ) ;
#767 = CARTESIAN_POINT ( 'NONE',  ( -4.868749999999996803, -0.7399999999999993250, -3.423488475815656962 ) ) ;
#768 = DIRECTION ( 'NONE',  ( 1.879742687196032133E-16, -1.000000000000000000, -0.000000000000000000 ) ) ;
#769 = VERTEX_POINT ( 'NONE', #4700 ) ;
#770 = EDGE_LOOP ( 'NONE', ( #1824, #2070, #1467, #2870, #1586, #3120, #5140, #1575, #2478 ) ) ;
#771 = ORIENTED_EDGE ( 'NONE', *, *, #5988, .T. ) ;
#772 = CIRCLE ( 'NONE', #2526, 0.07999999999999996003 ) ;
#773 = ORIENTED_EDGE ( 'NONE', *, *, #2421, .F. ) ;
#774 = EDGE_CURVE ( 'NONE', #2911, #2449, #1504, .T. ) ;
#775 = VECTOR ( 'NONE', #5635, 1.000000000000000000 ) ;
#776 = VERTEX_POINT ( 'NONE', #62 ) ;
#777 = CARTESIAN_POINT ( 'NONE',  ( -2.825068018844486328, 0.000000000000000000, -0.9600000000000001865 ) ) ;
#778 = ORIENTED_EDGE ( 'NONE', *, *, #4310, .T. ) ;
#780 = CARTESIAN_POINT ( 'NONE',  ( -5.990624999999996092, 0.9899999999999984368, -0.9600000000000001865 ) ) ;
#779 = PLANE ( 'NONE',  #1983 ) ;
#781 = DIRECTION ( 'NONE',  ( -0.000000000000000000, 0.000000000000000000, 1.000000000000000000 ) ) ;
#782 = DIRECTION ( 'NONE',  ( 0.000000000000000000, -0.000000000000000000, -1.000000000000000000 ) ) ;
#783 = ADVANCED_FACE ( 'NONE', ( #2280 ), #5533, .F. ) ;
#784 = ORIENTED_EDGE ( 'NONE', *, *, #3393, .F. ) ;
#785 = VECTOR ( 'NONE', #4117, 1.000000000000000000 ) ;
#786 = VERTEX_POINT ( 'NONE', #4271 ) ;
#787 = DIRECTION ( 'NONE',  ( 1.000000000000000000, 0.000000000000000000, -0.000000000000000000 ) ) ;
#788 = DIRECTION ( 'NONE',  ( 0.000000000000000000, 1.000000000000000000, 0.000000000000000000 ) ) ;
#789 = CARTESIAN_POINT ( 'NONE',  ( -8.598683472959091745, 1.089999999999998082, -6.660000000000000142 ) ) ;
#790 = DIRECTION ( 'NONE',  ( 0.000000000000000000, 0.000000000000000000, 1.000000000000000000 ) ) ;
#792 = AXIS2_PLACEMENT_3D ( 'NONE', #1371, #2311, #3233 ) ;
#791 = CARTESIAN_POINT ( 'NONE',  ( -1.629192649327036635E-15, -0.9899999999999984368, -0.9600000000000022959 ) ) ;
#793 = DIRECTION ( 'NONE',  ( 1.000000000000000000, 0.000000000000000000, -0.000000000000000000 ) ) ;
#794 = ADVANCED_FACE ( 'NONE', ( #4731 ), #2865, .T. ) ;
#795 = EDGE_CURVE ( 'NONE', #128, #2198, #2425, .T. ) ;
#796 = CARTESIAN_POINT ( 'NONE',  ( -10.14057257920408261, -0.9550000000000002931, -3.423488475815656962 ) ) ;
#797 = PLANE ( 'NONE',  #1009 ) ;
#798 = EDGE_CURVE ( 'NONE', #1886, #4891, #1475, .T. ) ;
#799 = ORIENTED_EDGE ( 'NONE', *, *, #4373, .T. ) ;
#800 = ORIENTED_EDGE ( 'NONE', *, *, #4107, .F. ) ;
#801 = FACE_OUTER_BOUND ( 'NONE', #1984, .T. ) ;
#802 = PRESENTATION_STYLE_ASSIGNMENT (( #3062 ) ) ;
#803 = AXIS2_PLACEMENT_3D ( 'NONE', #5225, #26, #5179 ) ;
#804 = ORIENTED_EDGE ( 'NONE', *, *, #5495, .T. ) ;
#805 = EDGE_CURVE ( 'NONE', #482, #1856, #4631, .T. ) ;
#806 = ORIENTED_EDGE ( 'NONE', *, *, #1863, .T. ) ;
#807 = CARTESIAN_POINT ( 'NONE',  ( -11.34993198115552282, 0.9899999999999984368, -0.9599999999999999645 ) ) ;
#808 = VERTEX_POINT ( 'NONE', #563 ) ;
#810 = DIRECTION ( 'NONE',  ( 1.000000000000000000, 0.000000000000000000, 0.000000000000000000 ) ) ;
#809 = PRESENTATION_STYLE_ASSIGNMENT (( #2325 ) ) ;
#811 = DIRECTION ( 'NONE',  ( 0.000000000000000000, 0.000000000000000000, -1.000000000000000000 ) ) ;
#812 = CARTESIAN_POINT ( 'NONE',  ( -3.866957084846029513, -0.9899999999999991029, -0.8688465180732547477 ) ) ;
#813 = ORIENTED_EDGE ( 'NONE', *, *, #3511, .F. ) ;
#814 = ADVANCED_FACE ( 'NONE', ( #4217 ), #3706, .F. ) ;
#815 = VERTEX_POINT ( 'NONE', #4252 ) ;
#816 = CYLINDRICAL_SURFACE ( 'NONE', #2284, 0.07999999999999996003 ) ;
#817 = DIRECTION ( 'NONE',  ( -0.000000000000000000, 1.000000000000000000, -0.000000000000000000 ) ) ;
#818 = DIRECTION ( 'NONE',  ( -1.879742687196032133E-16, 1.000000000000000000, 0.000000000000000000 ) ) ;
#819 = DIRECTION ( 'NONE',  ( -1.000000000000000000, -0.000000000000000000, -0.000000000000000000 ) ) ;
#820 = DIRECTION ( 'NONE',  ( 0.000000000000000000, -0.9901138386947149206, -0.1402661271484180461 ) ) ;
#821 = CARTESIAN_POINT ( 'NONE',  ( -9.306250000000003908, -0.7400000000000002132, -0.9600000000000001865 ) ) ;
#822 = AXIS2_PLACEMENT_3D ( 'NONE', #2657, #428, #4155 ) ;
#823 = PRODUCT_DEFINITION_FORMATION_WITH_SPECIFIED_SOURCE ( 'TUTTO', '', #4334, .NOT_KNOWN. ) ;
#824 = CARTESIAN_POINT ( 'NONE',  ( -3.930251481490695031, 1.089999999999998082, -1.059999999999999165 ) ) ;
#825 = FACE_OUTER_BOUND ( 'NONE', #150, .T. ) ;
#826 = VECTOR ( 'NONE', #2462, 1.000000000000000000 ) ;
#827 = AXIS2_PLACEMENT_3D ( 'NONE', #3986, #1181, #4898 ) ;
#828 = EDGE_CURVE ( 'NONE', #4979, #4016, #3344, .T. ) ;
#829 = ORIENTED_EDGE ( 'NONE', *, *, #5612, .T. ) ;
#830 = DIRECTION ( 'NONE',  ( 0.000000000000000000, 0.000000000000000000, -1.000000000000000000 ) ) ;
#831 = PLANE ( 'NONE',  #3268 ) ;
#832 = ORIENTED_EDGE ( 'NONE', *, *, #2152, .T. ) ;
#833 = ORIENTED_EDGE ( 'NONE', *, *, #106, .F. ) ;
#834 = DIRECTION ( 'NONE',  ( 1.000000000000000000, 0.000000000000000000, 0.000000000000000000 ) ) ;
#835 = EDGE_LOOP ( 'NONE', ( #4305, #4194, #2767, #4678 ) ) ;
#837 = CARTESIAN_POINT ( 'NONE',  ( -6.562499999999994671, 0.9899999999999984368, -1.135000000000000231 ) ) ;
#836 = APPLICATION_PROTOCOL_DEFINITION ( 'draft international standard', 'automotive_design', 1998, #2959 ) ;
#838 = AXIS2_PLACEMENT_3D ( 'NONE', #1582, #651, #1613 ) ;
#839 = LINE ( 'NONE', #2234, #3074 ) ;
#840 = DIRECTION ( 'NONE',  ( 1.000000000000000000, -0.000000000000000000, -0.000000000000000000 ) ) ;
#841 = ORIENTED_EDGE ( 'NONE', *, *, #2165, .F. ) ;
#842 = EDGE_CURVE ( 'NONE', #3745, #2965, #1895, .T. ) ;
#843 = CARTESIAN_POINT ( 'NONE',  ( -4.034427420795908326, 0.9549999999999980727, -3.423488475815656962 ) ) ;
#844 = CARTESIAN_POINT ( 'NONE',  ( -1.850000000000000533, -0.3418139511719356927, -0.9600000000000001865 ) ) ;
#845 = DIRECTION ( 'NONE',  ( 0.000000000000000000, 0.000000000000000000, 1.000000000000000000 ) ) ;
#846 = DIRECTION ( 'NONE',  ( 1.000000000000000000, 0.000000000000000000, 0.000000000000000000 ) ) ;
#847 = DIRECTION ( 'NONE',  ( -0.9848077530122093526, 0.000000000000000000, -0.1736481776669233368 ) ) ;
#848 = DIRECTION ( 'NONE',  ( 0.000000000000000000, -0.000000000000000000, -1.000000000000000000 ) ) ;
#849 = ADVANCED_FACE ( 'NONE', ( #3246, #42 ), #108, .T. ) ;
#850 = ORIENTED_EDGE ( 'NONE', *, *, #5569, .T. ) ;
#851 = AXIS2_PLACEMENT_3D ( 'NONE', #5865, #5414, #1271 ) ;
#852 = VECTOR ( 'NONE', #1560, 1.000000000000000000 ) ;
#853 = PLANE ( 'NONE',  #5443 ) ;
#854 = LINE ( 'NONE', #1704, #299 ) ;
#855 = CARTESIAN_POINT ( 'NONE',  ( -3.866957084846028625, 1.189999999999998392, -0.8688465180732548587 ) ) ;
#856 = EDGE_CURVE ( 'NONE', #3781, #5117, #2749, .T. ) ;
#857 = CIRCLE ( 'NONE', #5042, 0.09999999999999997780 ) ;
#858 = ADVANCED_FACE ( 'NONE', ( #3314 ), #5134, .F. ) ;
#859 = AXIS2_PLACEMENT_3D ( 'NONE', #4777, #4865, #592 ) ;
#860 = VERTEX_POINT ( 'NONE', #2392 ) ;
#861 = DIRECTION ( 'NONE',  ( 0.000000000000000000, 0.000000000000000000, 1.000000000000000000 ) ) ;
#862 = CARTESIAN_POINT ( 'NONE',  ( -11.82499999999999929, -0.2418139511719333556, -1.135000000000000231 ) ) ;
#863 = ORIENTED_EDGE ( 'NONE', *, *, #3332, .T. ) ;
#864 = EDGE_CURVE ( 'NONE', #2689, #4493, #4618, .T. ) ;
#865 = ORIENTED_EDGE ( 'NONE', *, *, #4521, .F. ) ;
#866 = DIRECTION ( 'NONE',  ( 0.000000000000000000, 0.000000000000000000, 1.000000000000000000 ) ) ;
#867 = ORIENTED_EDGE ( 'NONE', *, *, #5190, .F. ) ;
#868 = EDGE_CURVE ( 'NONE', #5322, #1361, #4049, .T. ) ;
#869 = DIRECTION ( 'NONE',  ( -1.224646799147353207E-16, 1.000000000000000000, -0.000000000000000000 ) ) ;
#870 = CYLINDRICAL_SURFACE ( 'NONE', #5882, 0.2500000000000000000 ) ;
#871 = DIRECTION ( 'NONE',  ( -2.453693674745796445E-16, 0.000000000000000000, -1.000000000000000000 ) ) ;
#872 = AXIS2_PLACEMENT_3D ( 'NONE', #1294, #3640, #2233 ) ;
#873 = ORIENTED_EDGE ( 'NONE', *, *, #166, .F. ) ;
#874 = CARTESIAN_POINT ( 'NONE',  ( -8.184375000000004619, -0.7399999999999997691, -0.9600000000000001865 ) ) ;
#875 = CARTESIAN_POINT ( 'NONE',  ( -13.82858983848622536, -0.7399999999999984368, -0.9600000000000001865 ) ) ;
#876 = CARTESIAN_POINT ( 'NONE',  ( -12.32500000000000107, 0.2418139511719357149, -0.9600000000000001865 ) ) ;
#877 = LINE ( 'NONE', #2761, #915 ) ;
#878 = LINE ( 'NONE', #2733, #4655 ) ;
#879 = AXIS2_PLACEMENT_3D ( 'NONE', #767, #5029, #367 ) ;
#880 = ADVANCED_FACE ( 'NONE', ( #3733 ), #74, .F. ) ;
#881 = ORIENTED_EDGE ( 'NONE', *, *, #613, .F. ) ;
#882 = CIRCLE ( 'NONE', #4586, 0.03500000000000014211 ) ;
#883 = CARTESIAN_POINT ( 'NONE',  ( -4.047454448600417365, 0.9225146718258737666, -0.9600000000000001865 ) ) ;
#884 = CYLINDRICAL_SURFACE ( 'NONE', #879, 0.2500000000000000000 ) ;
#885 = CARTESIAN_POINT ( 'NONE',  ( -10.25343092739265494, -5.431508564030776753, -0.9607596123493876705 ) ) ;
#886 = AXIS2_PLACEMENT_3D ( 'NONE', #1826, #4645, #5158 ) ;
#887 = ADVANCED_FACE ( 'NONE', ( #2817 ), #3826, .F. ) ;
#888 = ADVANCED_FACE ( 'NONE', ( #4161 ), #5164, .F. ) ;
#889 = EDGE_LOOP ( 'NONE', ( #3496, #4739, #3911, #4569 ) ) ;
#890 = PLANE ( 'NONE',  #3836 ) ;
#891 = DIRECTION ( 'NONE',  ( 1.000000000000000000, 0.000000000000000000, 0.000000000000000000 ) ) ;
#892 = ORIENTED_EDGE ( 'NONE', *, *, #5852, .T. ) ;
#893 = ORIENTED_EDGE ( 'NONE', *, *, #2828, .T. ) ;
#894 = DIRECTION ( 'NONE',  ( 6.265808957320107111E-17, -1.000000000000000000, 0.000000000000000000 ) ) ;
#895 = VERTEX_POINT ( 'NONE', #1507 ) ;
#896 = CARTESIAN_POINT ( 'NONE',  ( -10.24474851850930790, 5.431508564030776753, -1.009999999999998233 ) ) ;
#897 = LINE ( 'NONE', #4591, #5831 ) ;
#898 = DIRECTION ( 'NONE',  ( 1.000000000000000000, 0.000000000000000000, -0.000000000000000000 ) ) ;
#899 = CARTESIAN_POINT ( 'NONE',  ( -4.318749999999996980, -0.5602425708315863506, -0.9600000000000001865 ) ) ;
#900 = ORIENTED_EDGE ( 'NONE', *, *, #2084, .T. ) ;
#901 = EDGE_CURVE ( 'NONE', #4314, #3821, #1927, .T. ) ;
#902 = ORIENTED_EDGE ( 'NONE', *, *, #413, .F. ) ;
#903 = EDGE_CURVE ( 'NONE', #5886, #4030, #2540, .T. ) ;
#904 = ADVANCED_FACE ( 'NONE', ( #4892 ), #2939, .T. ) ;
#905 = FACE_OUTER_BOUND ( 'NONE', #2389, .T. ) ;
#906 = CARTESIAN_POINT ( 'NONE',  ( -7.362500000000006040, 0.9899999999999984368, -1.135000000000000231 ) ) ;
#907 = DIRECTION ( 'NONE',  ( 0.000000000000000000, 0.1402661271484180461, -0.9901138386947149206 ) ) ;
#908 = DIRECTION ( 'NONE',  ( 1.000000000000000000, 0.000000000000000000, -0.000000000000000000 ) ) ;
#909 = LINE ( 'NONE', #4231, #3096 ) ;
#910 = ORIENTED_EDGE ( 'NONE', *, *, #1692, .T. ) ;
#912 = CIRCLE ( 'NONE', #4324, 0.1499999999999999112 ) ;
#911 = CARTESIAN_POINT ( 'NONE',  ( -8.734375000000005329, -0.7399999999999997691, -0.9600000000000001865 ) ) ;
#913 = CARTESIAN_POINT ( 'NONE',  ( 0.000000000000000000, 0.8750000000000000000, -1.140000000000000124 ) ) ;
#914 = CARTESIAN_POINT ( 'NONE',  ( -11.35331954216210271, -1.387778780781445676E-16, -1.135000000000000231 ) ) ;
#915 = VECTOR ( 'NONE', #2732, 1.000000000000000222 ) ;
#916 = ORIENTED_EDGE ( 'NONE', *, *, #2685, .T. ) ;
#918 = CIRCLE ( 'NONE', #429, 0.05000000000000071054 ) ;
#917 = CYLINDRICAL_SURFACE ( 'NONE', #3804, 0.07999999999999996003 ) ;
#919 = CARTESIAN_POINT ( 'NONE',  ( -4.551792278806057190, 5.431508564030775865, -0.8496342572279651506 ) ) ;
#920 = VECTOR ( 'NONE', #2716, 1.000000000000000000 ) ;
#921 = VERTEX_POINT ( 'NONE', #3034 ) ;
#922 = CIRCLE ( 'NONE', #1699, 6.000000000000000000 ) ;
#923 = AXIS2_PLACEMENT_3D ( 'NONE', #2074, #2044, #3466 ) ;
#924 = ORIENTED_EDGE ( 'NONE', *, *, #405, .F. ) ;
#925 = CIRCLE ( 'NONE', #1513, 0.1499999999999999112 ) ;
#926 = LINE ( 'NONE', #560, #1578 ) ;
#927 = ORIENTED_EDGE ( 'NONE', *, *, #3322, .F. ) ;
#928 = CARTESIAN_POINT ( 'NONE',  ( -9.856250000000004619, -0.5602425708315861286, -0.9599999999999999645 ) ) ;
#930 = DIRECTION ( 'NONE',  ( -1.483886295880788311E-16, -1.000000000000000000, 0.000000000000000000 ) ) ;
#929 = DIRECTION ( 'NONE',  ( 1.000000000000000000, -0.000000000000000000, 0.000000000000000000 ) ) ;
#931 = DIRECTION ( 'NONE',  ( -1.000000000000000000, -6.265808957320107111E-17, 2.453693674745796445E-16 ) ) ;
#932 = CARTESIAN_POINT ( 'NONE',  ( -10.14057257920409327, 0.9899999999999977707, -0.9600000000000002975 ) ) ;
#933 = CIRCLE ( 'NONE', #5217, 0.2500000000000000000 ) ;
#934 = ORIENTED_EDGE ( 'NONE', *, *, #4407, .F. ) ;
#935 = ORIENTED_EDGE ( 'NONE', *, *, #1808, .F. ) ;
#936 = CARTESIAN_POINT ( 'NONE',  ( -1.949999999999999734, 0.9899999999999984368, -1.135000000000000231 ) ) ;
#937 = CARTESIAN_POINT ( 'NONE',  ( -1.850000000000000533, 0.2418139511719357149, -0.9600000000000001865 ) ) ;
#938 = CARTESIAN_POINT ( 'NONE',  ( -5.440624999999995381, -0.7399999999999988809, -0.9600000000000001865 ) ) ;
#939 = PLANE ( 'NONE',  #47 ) ;
#940 = LINE ( 'NONE', #5054, #1913 ) ;
#941 = ORIENTED_EDGE ( 'NONE', *, *, #3407, .F. ) ;
#942 = EDGE_CURVE ( 'NONE', #5881, #4246, #3405, .T. ) ;
#943 = VERTEX_POINT ( 'NONE', #4403 ) ;
#944 = CARTESIAN_POINT ( 'NONE',  ( -9.856250000000004619, 0.7080847830052794389, -1.135000000000000231 ) ) ;
#945 = DIRECTION ( 'NONE',  ( 1.000000000000000000, -0.000000000000000000, 0.000000000000000000 ) ) ;
#946 = DIRECTION ( 'NONE',  ( 0.000000000000000000, -1.000000000000000000, 0.000000000000000000 ) ) ;
#947 = DIRECTION ( 'NONE',  ( 0.000000000000000000, 0.000000000000000000, 1.000000000000000000 ) ) ;
#948 = ORIENTED_EDGE ( 'NONE', *, *, #680, .T. ) ;
#949 = LINE ( 'NONE', #1950, #1273 ) ;
#950 = CARTESIAN_POINT ( 'NONE',  ( -13.57858983848622536, 0.7399999999999984368, -1.135000000000000231 ) ) ;
#951 = AXIS2_PLACEMENT_3D ( 'NONE', #4989, #2115, #3618 ) ;
#952 = ORIENTED_EDGE ( 'NONE', *, *, #3687, .T. ) ;
#953 = ORIENTED_EDGE ( 'NONE', *, *, #2956, .F. ) ;
#954 = DIRECTION ( 'NONE',  ( 0.000000000000000000, 0.000000000000000000, 1.000000000000000000 ) ) ;
#955 = ORIENTED_EDGE ( 'NONE', *, *, #5314, .T. ) ;
#956 = CARTESIAN_POINT ( 'NONE',  ( -13.72858983848622572, 0.3418139511719356927, -3.423488475815656962 ) ) ;
#957 = DIRECTION ( 'NONE',  ( 0.000000000000000000, 0.000000000000000000, 1.000000000000000000 ) ) ;
#958 = CARTESIAN_POINT ( 'NONE',  ( 0.6199999999999999956, 0.000000000000000000, -1.060000000000000053 ) ) ;
#959 = LINE ( 'NONE', #2821, #3394 ) ;
#960 = ORIENTED_EDGE ( 'NONE', *, *, #1681, .T. ) ;
#961 = ORIENTED_EDGE ( 'NONE', *, *, #3355, .F. ) ;
#962 = FACE_OUTER_BOUND ( 'NONE', #5917, .T. ) ;
#963 = CARTESIAN_POINT ( 'NONE',  ( -5.190624999999995381, 0.9899999999999981037, -0.9600000000000001865 ) ) ;
#964 = CARTESIAN_POINT ( 'NONE',  ( -1.950000000000000622, -0.8000000000000000444, -0.9100000000000001421 ) ) ;
#965 = EDGE_CURVE ( 'NONE', #1232, #5521, #4342, .T. ) ;
#966 = VECTOR ( 'NONE', #289, 1.000000000000000000 ) ;
#967 = FACE_OUTER_BOUND ( 'NONE', #3439, .T. ) ;
#968 = DIRECTION ( 'NONE',  ( 0.000000000000000000, -1.000000000000000000, 0.000000000000000000 ) ) ;
#969 = ORIENTED_EDGE ( 'NONE', *, *, #1446, .F. ) ;
#970 = AXIS2_PLACEMENT_3D ( 'NONE', #3423, #2989, #5664 ) ;
#971 = VERTEX_POINT ( 'NONE', #4804 ) ;
#972 = CARTESIAN_POINT ( 'NONE',  ( -4.868749999999996803, -0.9899999999999993250, -0.9600000000000001865 ) ) ;
#973 = CARTESIAN_POINT ( 'NONE',  ( -13.82858983848622536, 0.9899999999999984368, -3.423488475815656962 ) ) ;
#974 = CARTESIAN_POINT ( 'NONE',  ( -13.72858983848622572, -0.3418139511719356927, -3.423488475815656962 ) ) ;
#975 = DIRECTION ( 'NONE',  ( 0.000000000000000000, -0.1402661271484180461, 0.9901138386947149206 ) ) ;
#976 = VECTOR ( 'NONE', #2383, 1.000000000000000000 ) ;
#977 = ADVANCED_FACE ( 'NONE', ( #2481 ), #5257, .T. ) ;
#978 = EDGE_CURVE ( 'NONE', #5801, #1356, #5227, .T. ) ;
#979 = EDGE_CURVE ( 'NONE', #1576, #2634, #2706, .T. ) ;
#980 = ORIENTED_EDGE ( 'NONE', *, *, #1077, .T. ) ;
#981 = CARTESIAN_POINT ( 'NONE',  ( -12.32500000000000107, 0.3418139511719356927, -0.9600000000000001865 ) ) ;
#982 = CARTESIAN_POINT ( 'NONE',  ( -8.984375000000005329, 0.9899999999999978817, -0.9600000000000005196 ) ) ;
#983 = ORIENTED_EDGE ( 'NONE', *, *, #5116, .F. ) ;
#984 = EDGE_LOOP ( 'NONE', ( #2014, #4402, #983, #96 ) ) ;
#985 = CARTESIAN_POINT ( 'NONE',  ( -1.700000000000000622, -0.7399999999999984368, -3.423488475815656962 ) ) ;
#986 = ORIENTED_EDGE ( 'NONE', *, *, #5039, .T. ) ;
#987 = CARTESIAN_POINT ( 'NONE',  ( -6.562499999999994671, 0.7399999999999979927, -3.423488475815656962 ) ) ;
#988 = DIRECTION ( 'NONE',  ( 0.000000000000000000, -0.000000000000000000, -1.000000000000000000 ) ) ;
#989 = CARTESIAN_POINT ( 'NONE',  ( -1.619437825332231570E-16, 1.189999999999998392, -0.6600000000000023626 ) ) ;
#990 = EDGE_CURVE ( 'NONE', #147, #4934, #4312, .T. ) ;
#991 = ORIENTED_EDGE ( 'NONE', *, *, #2038, .T. ) ;
#992 = ORIENTED_EDGE ( 'NONE', *, *, #1077, .F. ) ;
#993 = CYLINDRICAL_SURFACE ( 'NONE', #3305, 6.000000000000000000 ) ;
#994 = DIRECTION ( 'NONE',  ( -6.265808957320107111E-17, 1.000000000000000000, -0.000000000000000000 ) ) ;
#995 = CARTESIAN_POINT ( 'NONE',  ( -9.623207721193939079, 5.431508564030776753, -0.8496342572279647065 ) ) ;
#996 = FACE_OUTER_BOUND ( 'NONE', #2028, .T. ) ;
#997 = DIRECTION ( 'NONE',  ( 0.000000000000000000, 0.000000000000000000, 1.000000000000000000 ) ) ;
#998 = ADVANCED_FACE ( 'NONE', ( #1143 ), #4376, .F. ) ;
#999 = ORIENTED_EDGE ( 'NONE', *, *, #4321, .F. ) ;
#1000 = ORIENTED_EDGE ( 'NONE', *, *, #632, .T. ) ;
#1001 = FACE_OUTER_BOUND ( 'NONE', #3129, .T. ) ;
#1002 = FACE_OUTER_BOUND ( 'NONE', #984, .T. ) ;
#1003 = CYLINDRICAL_SURFACE ( 'NONE', #591, 6.000000000000000000 ) ;
#1004 = DIRECTION ( 'NONE',  ( 1.000000000000000000, 0.000000000000000000, -0.000000000000000000 ) ) ;
#1005 = ORIENTED_EDGE ( 'NONE', *, *, #4598, .F. ) ;
#1006 = EDGE_CURVE ( 'NONE', #535, #2965, #4272, .T. ) ;
#1007 = CARTESIAN_POINT ( 'NONE',  ( -1.950000000000000622, -0.8000000000000000444, -0.9100000000000001421 ) ) ;
#1008 = PLANE ( 'NONE',  #5360 ) ;
#1009 = AXIS2_PLACEMENT_3D ( 'NONE', #1674, #3549, #740 ) ;
#1010 = ORIENTED_EDGE ( 'NONE', *, *, #215, .T. ) ;
#1011 = VERTEX_POINT ( 'NONE', #1536 ) ;
#1012 = ORIENTED_EDGE ( 'NONE', *, *, #551, .T. ) ;
#1013 = VECTOR ( 'NONE', #4284, 1.000000000000000000 ) ;
#1014 = CARTESIAN_POINT ( 'NONE',  ( -4.318749999999996092, 0.5602425708315851294, -0.9600000000000001865 ) ) ;
#1015 = ORIENTED_EDGE ( 'NONE', *, *, #3982, .F. ) ;
#1016 = DIRECTION ( 'NONE',  ( -1.000000000000000000, 0.000000000000000000, 0.000000000000000000 ) ) ;
#1017 = CARTESIAN_POINT ( 'NONE',  ( -1.950000000000000622, -0.8999999999999999112, -0.9100000000000001421 ) ) ;
#1018 = VECTOR ( 'NONE', #2400, 1.000000000000000000 ) ;
#1019 = DIRECTION ( 'NONE',  ( 0.000000000000000000, -0.000000000000000000, -1.000000000000000000 ) ) ;
#1020 = AXIS2_PLACEMENT_3D ( 'NONE', #5700, #677, #5247 ) ;
#1021 = ORIENTED_EDGE ( 'NONE', *, *, #2165, .T. ) ;
#1022 = ORIENTED_EDGE ( 'NONE', *, *, #3334, .F. ) ;
#1023 = VECTOR ( 'NONE', #1302, 1.000000000000000000 ) ;
#1024 = AXIS2_PLACEMENT_3D ( 'NONE', #4932, #2521, #4014 ) ;
#1025 = LINE ( 'NONE', #4291, #2903 ) ;
#1026 = DIRECTION ( 'NONE',  ( 1.000000000000000000, 6.265808957320107111E-17, -4.040691778796104450E-16 ) ) ;
#1027 = CARTESIAN_POINT ( 'NONE',  ( -11.62199172529726354, 0.000000000000000000, -3.423488475815656962 ) ) ;
#1028 = CIRCLE ( 'NONE', #4347, 0.03500000000000014211 ) ;
#1029 = DIRECTION ( 'NONE',  ( -1.000000000000000000, 0.000000000000000000, 0.000000000000000000 ) ) ;
#1030 = DIRECTION ( 'NONE',  ( 1.000000000000000000, 0.000000000000000000, 0.000000000000000000 ) ) ;
#1031 = EDGE_CURVE ( 'NONE', #1472, #2042, #1620, .T. ) ;
#1032 = EDGE_LOOP ( 'NONE', ( #5138, #553, #2391, #2532 ) ) ;
#1033 = EDGE_LOOP ( 'NONE', ( #5992, #3738 ) ) ;
#1034 = LINE ( 'NONE', #2895, #2652 ) ;
#1035 = DIRECTION ( 'NONE',  ( 1.000000000000000000, 3.172065784643291554E-15, 0.000000000000000000 ) ) ;
#1036 = CARTESIAN_POINT ( 'NONE',  ( -11.34993198115552282, 0.9899999999999977707, 5.040000000000000036 ) ) ;
#1037 = LINE ( 'NONE', #913, #5540 ) ;
#1038 = ADVANCED_FACE ( 'NONE', ( #197 ), #1651, .F. ) ;
#1039 = EDGE_LOOP ( 'NONE', ( #4309, #1907 ) ) ;
#1040 = CARTESIAN_POINT ( 'NONE',  ( -6.562499999999994671, 0.9899999999999979927, -0.9600000000000001865 ) ) ;
#1041 = CARTESIAN_POINT ( 'NONE',  ( 0.000000000000000000, 0.000000000000000000, -1.135000000000000231 ) ) ;
#1042 = EDGE_CURVE ( 'NONE', #58, #5562, #1085, .T. ) ;
#1043 = VERTEX_POINT ( 'NONE', #1051 ) ;
#1044 = ADVANCED_FACE ( 'NONE', ( #1567, #2912 ), #3437, .T. ) ;
#1045 = VERTEX_POINT ( 'NONE', #5281 ) ;
#1046 = ORIENTED_EDGE ( 'NONE', *, *, #142, .T. ) ;
#1048 = LINE ( 'NONE', #2910, #4506 ) ;
#1047 = VECTOR ( 'NONE', #3250, 1.000000000000000000 ) ;
#1049 = EDGE_LOOP ( 'NONE', ( #1593, #4744, #4726, #5924 ) ) ;
#1050 = VECTOR ( 'NONE', #4343, 1.000000000000000000 ) ;
#1051 = CARTESIAN_POINT ( 'NONE',  ( -4.534427461039365781, -0.9899999999999992140, -0.7511534819267451368 ) ) ;
#1052 = DIRECTION ( 'NONE',  ( -0.000000000000000000, 0.000000000000000000, 1.000000000000000000 ) ) ;
#1053 = VECTOR ( 'NONE', #202, 1.000000000000000000 ) ;
#1054 = EDGE_CURVE ( 'NONE', #4713, #2538, #1590, .T. ) ;
#1055 = VERTEX_POINT ( 'NONE', #658 ) ;
#1056 = AXIS2_PLACEMENT_3D ( 'NONE', #821, #848, #5847 ) ;
#1057 = ORIENTED_EDGE ( 'NONE', *, *, #3651, .F. ) ;
#1058 = EDGE_CURVE ( 'NONE', #4557, #3825, #691, .T. ) ;
#1059 = DIRECTION ( 'NONE',  ( -1.000000000000000000, 0.000000000000000000, 0.000000000000000000 ) ) ;
#1060 = ADVANCED_FACE ( 'NONE', ( #962 ), #5170, .T. ) ;
#1061 = DIRECTION ( 'NONE',  ( -6.265808957320107111E-17, 1.000000000000000000, -0.000000000000000000 ) ) ;
#1062 = LINE ( 'NONE', #3832, #3255 ) ;
#1063 = DIRECTION ( 'NONE',  ( -0.000000000000000000, -0.000000000000000000, -1.000000000000000000 ) ) ;
#1064 = DIRECTION ( 'NONE',  ( 0.000000000000000000, 1.000000000000000000, 0.000000000000000000 ) ) ;
#1065 = ORIENTED_EDGE ( 'NONE', *, *, #3235, .T. ) ;
#1066 = ORIENTED_EDGE ( 'NONE', *, *, #2160, .F. ) ;
#1067 = LINE ( 'NONE', #5697, #3341 ) ;
#1068 = AXIS2_PLACEMENT_3D ( 'NONE', #4930, #4442, #264 ) ;
#1069 = DIRECTION ( 'NONE',  ( -1.000000000000000000, 0.000000000000000000, 1.406570332511357463E-16 ) ) ;
#1070 = LINE ( 'NONE', #2927, #4912 ) ;
#1071 = LINE ( 'NONE', #2444, #4560 ) ;
#1072 = ADVANCED_FACE ( 'NONE', ( #5654 ), #993, .T. ) ;
#1073 = VECTOR ( 'NONE', #2971, 1.000000000000000000 ) ;
#1074 = CARTESIAN_POINT ( 'NONE',  ( -5.576316527040906301, 0.9899999999999981037, -6.660000000000000142 ) ) ;
#1075 = CARTESIAN_POINT ( 'NONE',  ( -2.350000000000000533, 0.000000000000000000, 0.000000000000000000 ) ) ;
#1076 = PLANE ( 'NONE',  #73 ) ;
#1077 = EDGE_CURVE ( 'NONE', #4702, #5429, #5591, .T. ) ;
#1078 = EDGE_LOOP ( 'NONE', ( #4079, #5439, #37, #5011 ) ) ;
#1079 = AXIS2_PLACEMENT_3D ( 'NONE', #394, #4606, #1673 ) ;
#1080 = ORIENTED_EDGE ( 'NONE', *, *, #3777, .T. ) ;
#1081 = EDGE_CURVE ( 'NONE', #2780, #536, #4856, .T. ) ;
#1082 = ADVANCED_FACE ( 'NONE', ( #2825 ), #1963, .T. ) ;
#1083 = ORIENTED_EDGE ( 'NONE', *, *, #2686, .T. ) ;
#1084 = VECTOR ( 'NONE', #2346, 1.000000000000000000 ) ;
#1085 = LINE ( 'NONE', #5738, #1636 ) ;
#1086 = DIRECTION ( 'NONE',  ( -1.000000000000000000, 0.000000000000000000, 0.000000000000000000 ) ) ;
#1087 = ORIENTED_EDGE ( 'NONE', *, *, #2686, .F. ) ;
#1088 = ORIENTED_EDGE ( 'NONE', *, *, #1785, .T. ) ;
#1089 = DIRECTION ( 'NONE',  ( 1.000000000000000000, 0.000000000000000000, 0.000000000000000000 ) ) ;
#1090 = ADVANCED_FACE ( 'NONE', ( #1514 ), #6015, .F. ) ;
#1091 = CARTESIAN_POINT ( 'NONE',  ( -2.350000000000000533, 0.8999999999999999112, -0.9100000000000001421 ) ) ;
#1092 = CARTESIAN_POINT ( 'NONE',  ( -11.82500000000000107, -0.7400000000000006573, -0.9600000000000001865 ) ) ;
#1093 = CARTESIAN_POINT ( 'NONE',  ( -1.949999999999999734, 0.2418139511719357149, -1.135000000000000231 ) ) ;
#1094 = CARTESIAN_POINT ( 'NONE',  ( -1.949999999999999734, 0.9899999999999984368, -1.135000000000000231 ) ) ;
#1095 = EDGE_CURVE ( 'NONE', #4491, #4349, #1421, .T. ) ;
#1096 = EDGE_CURVE ( 'NONE', #3221, #2420, #3713, .T. ) ;
#1097 = EDGE_CURVE ( 'NONE', #3901, #5586, #3258, .T. ) ;
#1098 = VERTEX_POINT ( 'NONE', #3771 ) ;
#1099 = ORIENTED_EDGE ( 'NONE', *, *, #4087, .F. ) ;
#1100 = LINE ( 'NONE', #2618, #4926 ) ;
#1101 = CARTESIAN_POINT ( 'NONE',  ( -11.68777992055854575, -0.2968409399909873736, -1.135000000000000231 ) ) ;
#1102 = DIRECTION ( 'NONE',  ( -1.000000000000000000, -0.000000000000000000, -0.000000000000000000 ) ) ;
#1103 = CARTESIAN_POINT ( 'NONE',  ( -7.934375000000004619, -0.9899999999999998801, -0.9600000000000007416 ) ) ;
#1104 = EDGE_LOOP ( 'NONE', ( #2537, #2471 ) ) ;
#1105 = DIRECTION ( 'NONE',  ( -6.265808957320107111E-17, 1.000000000000000000, -0.000000000000000000 ) ) ;
#1106 = LINE ( 'NONE', #1138, #1050 ) ;
#1107 = EDGE_LOOP ( 'NONE', ( #5856, #5832, #5253, #3494, #3838 ) ) ;
#1108 = EDGE_LOOP ( 'NONE', ( #1932, #1145, #2598, #239 ) ) ;
#1109 = ORIENTED_EDGE ( 'NONE', *, *, #1707, .T. ) ;
#1110 = EDGE_LOOP ( 'NONE', ( #5208, #5479, #3521, #2364 ) ) ;
#1111 = CARTESIAN_POINT ( 'NONE',  ( 2.959189170475275602E-16, 0.9899999999999984368, -0.9600000000000022959 ) ) ;
#1112 = CARTESIAN_POINT ( 'NONE',  ( -0.4464101615137745505, 0.2418139511719357149, -0.9600000000000001865 ) ) ;
#1113 = AXIS2_PLACEMENT_3D ( 'NONE', #1966, #666, #5686 ) ;
#1114 = VERTEX_POINT ( 'NONE', #5108 ) ;
#1115 = PLANE ( 'NONE',  #3296 ) ;
#1116 = ORIENTED_EDGE ( 'NONE', *, *, #199, .F. ) ;
#1117 = FACE_OUTER_BOUND ( 'NONE', #317, .T. ) ;
#1118 = DIRECTION ( 'NONE',  ( -0.9281522335464009732, 0.3722007944145567793, 0.000000000000000000 ) ) ;
#1119 = VECTOR ( 'NONE', #4200, 1.000000000000000000 ) ;
#1120 = EDGE_CURVE ( 'NONE', #2719, #4160, #3319, .T. ) ;
#1121 = PLANE ( 'NONE',  #5483 ) ;
#1122 = CARTESIAN_POINT ( 'NONE',  ( -12.22500000000000142, -0.8999999999999999112, -0.9100000000000001421 ) ) ;
#1123 = STYLED_ITEM ( 'NONE', ( #802 ), #137 ) ;
#1124 = AXIS2_PLACEMENT_3D ( 'NONE', #4959, #3474, #5317 ) ;
#1125 = EDGE_CURVE ( 'NONE', #3221, #2934, #1342, .T. ) ;
#1126 = ORIENTED_EDGE ( 'NONE', *, *, #2160, .T. ) ;
#1127 = VECTOR ( 'NONE', #2611, 1.000000000000000000 ) ;
#1128 = VECTOR ( 'NONE', #4710, 1.000000000000000000 ) ;
#1129 = ORIENTED_EDGE ( 'NONE', *, *, #4443, .T. ) ;
#1130 = DIRECTION ( 'NONE',  ( 0.000000000000000000, 1.000000000000000000, 0.000000000000000000 ) ) ;
#1131 = DIRECTION ( 'NONE',  ( 0.000000000000000000, 0.000000000000000000, -1.000000000000000000 ) ) ;
#1132 = CARTESIAN_POINT ( 'NONE',  ( -3.930251481490694587, 5.431508564030775865, -1.059999999999999165 ) ) ;
#1133 = LINE ( 'NONE', #4329, #3021 ) ;
#1134 = LINE ( 'NONE', #4394, #3810 ) ;
#1135 = EDGE_CURVE ( 'NONE', #1980, #4588, #4689, .T. ) ;
#1136 = CARTESIAN_POINT ( 'NONE',  ( -3.921569072607348438, 1.189999999999998392, -0.9607596123493884477 ) ) ;
#1137 = CARTESIAN_POINT ( 'NONE',  ( 0.000000000000000000, 0.000000000000000000, -0.9600000000000001865 ) ) ;
#1138 = CARTESIAN_POINT ( 'NONE',  ( -2.350000000000000533, 0.3896561633456299689, 0.000000000000000000 ) ) ;
#1139 = ORIENTED_EDGE ( 'NONE', *, *, #3147, .T. ) ;
#1140 = VERTEX_POINT ( 'NONE', #113 ) ;
#1141 = ORIENTED_EDGE ( 'NONE', *, *, #2968, .F. ) ;
#1142 = ORIENTED_EDGE ( 'NONE', *, *, #1541, .T. ) ;
#1143 = FACE_OUTER_BOUND ( 'NONE', #2439, .T. ) ;
#1144 = CARTESIAN_POINT ( 'NONE',  ( -0.1622440211999298665, 1.189999999999998392, 0.9201315677728708620 ) ) ;
#1145 = ORIENTED_EDGE ( 'NONE', *, *, #3236, .T. ) ;
#1146 = AXIS2_PLACEMENT_3D ( 'NONE', #3127, #1749, #2235 ) ;
#1147 = VECTOR ( 'NONE', #4408, 1.000000000000000000 ) ;
#1148 = DIRECTION ( 'NONE',  ( -0.000000000000000000, 0.000000000000000000, 1.000000000000000000 ) ) ;
#1149 = VERTEX_POINT ( 'NONE', #2429 ) ;
#1150 = CARTESIAN_POINT ( 'NONE',  ( 0.6199999999999999956, -0.8750000000000000000, -1.209999999999999964 ) ) ;
#1151 = CARTESIAN_POINT ( 'NONE',  ( 0.6199999999999999956, 0.8750000000000000000, -0.9100000000000001421 ) ) ;
#1152 = CARTESIAN_POINT ( 'NONE',  ( -5.990624999999996092, 0.7399999999999979927, -0.9600000000000001865 ) ) ;
#1153 = FACE_OUTER_BOUND ( 'NONE', #1762, .T. ) ;
#1154 = VECTOR ( 'NONE', #5357, 1.000000000000000000 ) ;
#1155 = VERTEX_POINT ( 'NONE', #2333 ) ;
#1156 = AXIS2_PLACEMENT_3D ( 'NONE', #622, #257, #2454 ) ;
#1157 = VERTEX_POINT ( 'NONE', #2300 ) ;
#1158 = EDGE_CURVE ( 'NONE', #3719, #4374, #1025, .T. ) ;
#1159 = CARTESIAN_POINT ( 'NONE',  ( -6.240624999999996092, -0.9899999999999996581, -0.9600000000000001865 ) ) ;
#1160 = DIRECTION ( 'NONE',  ( 1.000000000000000000, 0.000000000000000000, 0.000000000000000000 ) ) ;
#1161 = CARTESIAN_POINT ( 'NONE',  ( -11.82499999999999929, 0.7399999999999976596, -1.135000000000000231 ) ) ;
#1162 = DIRECTION ( 'NONE',  ( 1.000000000000000000, 0.000000000000000000, 0.000000000000000000 ) ) ;
#1163 = FACE_OUTER_BOUND ( 'NONE', #4955, .T. ) ;
#1164 = CARTESIAN_POINT ( 'NONE',  ( 2.959189170475275602E-16, 0.9899999999999984368, -0.9600000000000022959 ) ) ;
#1165 = FACE_OUTER_BOUND ( 'NONE', #5076, .T. ) ;
#1166 = CARTESIAN_POINT ( 'NONE',  ( -5.190624999999995381, 0.7399999999999981037, -0.9599999999999999645 ) ) ;
#1167 = AXIS2_PLACEMENT_3D ( 'NONE', #3860, #5712, #1538 ) ;
#1168 = ORIENTED_EDGE ( 'NONE', *, *, #4551, .T. ) ;
#1169 = EDGE_CURVE ( 'NONE', #2853, #221, #4556, .T. ) ;
#1170 = ORIENTED_EDGE ( 'NONE', *, *, #1933, .T. ) ;
#1171 = EDGE_CURVE ( 'NONE', #1856, #3428, #18, .T. ) ;
#1172 = ADVANCED_FACE ( 'NONE', ( #1871 ), #3740, .F. ) ;
#1173 = ORIENTED_EDGE ( 'NONE', *, *, #4972, .F. ) ;
#1174 = ORIENTED_EDGE ( 'NONE', *, *, #3140, .F. ) ;
#1175 = CARTESIAN_POINT ( 'NONE',  ( -13.72858983848622572, -0.2418139511719357149, -1.135000000000000231 ) ) ;
#1176 = CARTESIAN_POINT ( 'NONE',  ( -8.734375000000005329, 0.7399999999999978817, -1.135000000000000231 ) ) ;
#1177 = ORIENTED_EDGE ( 'NONE', *, *, #2531, .T. ) ;
#1178 = VECTOR ( 'NONE', #3361, 1.000000000000000000 ) ;
#1179 = DIRECTION ( 'NONE',  ( 1.483886295880788311E-16, -1.000000000000000000, 0.000000000000000000 ) ) ;
#1180 = VERTEX_POINT ( 'NONE', #1206 ) ;
#1181 = DIRECTION ( 'NONE',  ( -1.000000000000000000, 0.000000000000000000, -0.000000000000000000 ) ) ;
#1182 = PLANE ( 'NONE',  #2443 ) ;
#1183 = CARTESIAN_POINT ( 'NONE',  ( -0.4464101615137745505, -0.3418139511719356927, -3.423488475815656962 ) ) ;
#1184 = CARTESIAN_POINT ( 'NONE',  ( -0.3464101615137744061, -0.3418139511719356927, -0.9600000000000001865 ) ) ;
#1185 = VECTOR ( 'NONE', #5188, 1.000000000000000000 ) ;
#1186 = ORIENTED_EDGE ( 'NONE', *, *, #3235, .F. ) ;
#1187 = ORIENTED_EDGE ( 'NONE', *, *, #5982, .T. ) ;
#1188 = DIRECTION ( 'NONE',  ( 1.000000000000000000, -1.190114376038054893E-16, 0.000000000000000000 ) ) ;
#1189 = DIRECTION ( 'NONE',  ( 1.000000000000000000, 0.000000000000000000, -0.000000000000000000 ) ) ;
#1190 = CARTESIAN_POINT ( 'NONE',  ( -12.32500000000000107, 0.2418139511719357149, -3.423488475815656962 ) ) ;
#1191 = DIRECTION ( 'NONE',  ( 0.000000000000000000, 0.000000000000000000, 1.000000000000000000 ) ) ;
#1192 = LINE ( 'NONE', #5755, #2907 ) ;
#1193 = EDGE_CURVE ( 'NONE', #5639, #3882, #3863, .T. ) ;
#1194 = EDGE_CURVE ( 'NONE', #2298, #3318, #2023, .T. ) ;
#1195 = CARTESIAN_POINT ( 'NONE',  ( -8.184375000000004619, 0.7399999999999979927, -0.9600000000000001865 ) ) ;
#1196 = CARTESIAN_POINT ( 'NONE',  ( -2.350000000000000533, 0.8000000000000000444, -0.9100000000000001421 ) ) ;
#1197 = VECTOR ( 'NONE', #5565, 1.000000000000000000 ) ;
#1198 = ORIENTED_EDGE ( 'NONE', *, *, #901, .T. ) ;
#1199 = ORIENTED_EDGE ( 'NONE', *, *, #3432, .F. ) ;
#1200 = VERTEX_POINT ( 'NONE', #2945 ) ;
#1201 = EDGE_CURVE ( 'NONE', #1238, #1886, #278, .T. ) ;
#1202 = ORIENTED_EDGE ( 'NONE', *, *, #5386, .F. ) ;
#1203 = LINE ( 'NONE', #288, #598 ) ;
#1204 = DIRECTION ( 'NONE',  ( 0.000000000000000000, -1.000000000000000000, 0.000000000000000000 ) ) ;
#1205 = VERTEX_POINT ( 'NONE', #5315 ) ;
#1206 = CARTESIAN_POINT ( 'NONE',  ( -11.68777992055854575, 0.2968409399909894275, -1.135000000000000231 ) ) ;
#1207 = ORIENTED_EDGE ( 'NONE', *, *, #292, .T. ) ;
#1208 = AXIS2_PLACEMENT_3D ( 'NONE', #964, #907, #1904 ) ;
#1209 = LINE ( 'NONE', #3073, #2814 ) ;
#1210 = CARTESIAN_POINT ( 'NONE',  ( -9.959258274702744274, 0.9899999999999984368, -1.135000000000000231 ) ) ;
#1211 = FACE_OUTER_BOUND ( 'NONE', #2464, .T. ) ;
#1212 = CIRCLE ( 'NONE', #2760, 0.1499999999999999112 ) ;
#1213 = ORIENTED_EDGE ( 'NONE', *, *, #3726, .F. ) ;
#1214 = ORIENTED_EDGE ( 'NONE', *, *, #1169, .F. ) ;
#1215 = VECTOR ( 'NONE', #3774, 1.000000000000000000 ) ;
#1216 = CARTESIAN_POINT ( 'NONE',  ( -2.825068018844486328, -1.189999999999998836, 5.040000000000000036 ) ) ;
#1217 = AXIS2_PLACEMENT_3D ( 'NONE', #4607, #1434, #2839 ) ;
#1218 = DIRECTION ( 'NONE',  ( 0.9281522335464010842, -0.3722007944145563352, 0.000000000000000000 ) ) ;
#1219 = DIRECTION ( 'NONE',  ( 1.000000000000000000, 0.000000000000000000, 0.000000000000000000 ) ) ;
#1220 = DIRECTION ( 'NONE',  ( -1.000000000000000000, 0.000000000000000000, 0.000000000000000000 ) ) ;
#1221 = FACE_OUTER_BOUND ( 'NONE', #3803, .T. ) ;
#1222 = CIRCLE ( 'NONE', #3749, 0.2500000000000000000 ) ;
#1223 = VECTOR ( 'NONE', #817, 1.000000000000000000 ) ;
#1224 = AXIS2_PLACEMENT_3D ( 'NONE', #1183, #3041, #724 ) ;
#1225 = AXIS2_PLACEMENT_3D ( 'NONE', #896, #1862, #5649 ) ;
#1226 = AXIS2_PLACEMENT_3D ( 'NONE', #4254, #1019, #2883 ) ;
#1227 = CIRCLE ( 'NONE', #1782, 0.2500000000000000000 ) ;
#1228 = DIRECTION ( 'NONE',  ( -1.000000000000000000, 0.000000000000000000, 0.000000000000000000 ) ) ;
#1229 = CARTESIAN_POINT ( 'NONE',  ( -10.24474851850930790, 1.189999999999998170, -1.009999999999998233 ) ) ;
#1230 = ADVANCED_FACE ( 'NONE', ( #1570 ), #2048, .T. ) ;
#1231 = VERTEX_POINT ( 'NONE', #4869 ) ;
#1232 = VERTEX_POINT ( 'NONE', #262 ) ;
#1233 = ORIENTED_EDGE ( 'NONE', *, *, #4487, .T. ) ;
#1234 = EDGE_CURVE ( 'NONE', #5424, #2719, #5817, .T. ) ;
#1235 = ORIENTED_EDGE ( 'NONE', *, *, #1592, .T. ) ;
#1236 = LINE ( 'NONE', #1855, #1953 ) ;
#1237 = ADVANCED_FACE ( 'NONE', ( #2111 ), #5769, .T. ) ;
#1238 = VERTEX_POINT ( 'NONE', #4354 ) ;
#1239 = ORIENTED_EDGE ( 'NONE', *, *, #5, .F. ) ;
#1240 = CARTESIAN_POINT ( 'NONE',  ( -7.362500000000006040, 0.9899999999999984368, -1.135000000000000231 ) ) ;
#1241 = ORIENTED_EDGE ( 'NONE', *, *, #2239, .F. ) ;
#1242 = CARTESIAN_POINT ( 'NONE',  ( -14.17500000000000071, 1.189999999999997504, -0.9600000000000001865 ) ) ;
#1243 = DIRECTION ( 'NONE',  ( 1.879742687196032133E-16, -1.000000000000000000, -0.000000000000000000 ) ) ;
#1244 = PLANE ( 'NONE',  #3585 ) ;
#1245 = ORIENTED_EDGE ( 'NONE', *, *, #2370, .T. ) ;
#1246 = ADVANCED_FACE ( 'NONE', ( #173 ), #1115, .T. ) ;
#1247 = ORIENTED_EDGE ( 'NONE', *, *, #310, .T. ) ;
#1248 = EDGE_CURVE ( 'NONE', #5623, #536, #1545, .T. ) ;
#1249 = CARTESIAN_POINT ( 'NONE',  ( -2.450000000000000622, -0.3896561633456276930, -0.9599999999999999645 ) ) ;
#1250 = DIRECTION ( 'NONE',  ( -1.000000000000000000, 0.000000000000000000, 0.000000000000000000 ) ) ;
#1251 = DIRECTION ( 'NONE',  ( -1.000000000000000000, -1.879742687196032133E-16, 0.000000000000000000 ) ) ;
#1252 = FACE_OUTER_BOUND ( 'NONE', #5233, .T. ) ;
#1253 = CARTESIAN_POINT ( 'NONE',  ( -1.619437825332231570E-16, 1.189999999999998392, -0.6600000000000023626 ) ) ;
#1254 = CARTESIAN_POINT ( 'NONE',  ( -3.930251481490694587, 5.431508564030775865, -1.009999999999999121 ) ) ;
#1255 = CARTESIAN_POINT ( 'NONE',  ( -14.76368599666425929, 0.8750000000000000000, -1.140000000000000124 ) ) ;
#1256 = EDGE_CURVE ( 'NONE', #1045, #2090, #1435, .T. ) ;
#1257 = ORIENTED_EDGE ( 'NONE', *, *, #1316, .T. ) ;
#1258 = ORIENTED_EDGE ( 'NONE', *, *, #718, .F. ) ;
#1259 = CIRCLE ( 'NONE', #2321, 0.1499999999999999112 ) ;
#1260 = CARTESIAN_POINT ( 'NONE',  ( -6.240624999999996092, -0.9899999999999996581, -0.9600000000000010747 ) ) ;
#1261 = EDGE_CURVE ( 'NONE', #5572, #1949, #2575, .T. ) ;
#1262 = EDGE_LOOP ( 'NONE', ( #4496, #1381, #3818, #2860 ) ) ;
#1263 = EDGE_CURVE ( 'NONE', #2969, #3221, #2544, .T. ) ;
#1264 = VECTOR ( 'NONE', #2045, 1.000000000000000000 ) ;
#1265 = ORIENTED_EDGE ( 'NONE', *, *, #4954, .T. ) ;
#1266 = CYLINDRICAL_SURFACE ( 'NONE', #3627, 0.2500000000000000000 ) ;
#1267 = ORIENTED_EDGE ( 'NONE', *, *, #3998, .T. ) ;
#1269 = CARTESIAN_POINT ( 'NONE',  ( -4.215741725297256437, 0.9899999999999984368, -1.135000000000000231 ) ) ;
#1268 = APPLICATION_PROTOCOL_DEFINITION ( 'draft international standard', 'automotive_design', 1998, #2456 ) ;
#1270 = CARTESIAN_POINT ( 'NONE',  ( -14.17500000000000071, -1.190000000000001057, -0.9600000000000001865 ) ) ;
#1271 = DIRECTION ( 'NONE',  ( -1.000000000000000000, 0.000000000000000000, 0.000000000000000000 ) ) ;
#1272 = ORIENTED_EDGE ( 'NONE', *, *, #5002, .T. ) ;
#1273 = VECTOR ( 'NONE', #1917, 1.000000000000000222 ) ;
#1274 = EDGE_LOOP ( 'NONE', ( #5902, #4296, #960, #3471, #5541, #4741, #2065 ) ) ;
#1275 = EDGE_CURVE ( 'NONE', #4160, #2230, #4782, .T. ) ;
#1276 = CARTESIAN_POINT ( 'NONE',  ( 0.000000000000000000, 0.000000000000000000, -0.9600000000000001865 ) ) ;
#1277 = CARTESIAN_POINT ( 'NONE',  ( -11.39053962160355837, 0.09281522335464009732, -0.9600000000000001865 ) ) ;
#1278 = LINE ( 'NONE', #1756, #4051 ) ;
#1279 = PLANE ( 'NONE',  #838 ) ;
#1280 = DIRECTION ( 'NONE',  ( -1.000000000000000000, -1.879742687196032133E-16, 1.930822651522010582E-16 ) ) ;
#1281 = CARTESIAN_POINT ( 'NONE',  ( -9.306250000000003908, -0.7400000000000002132, -1.135000000000000231 ) ) ;
#1282 = EDGE_CURVE ( 'NONE', #5976, #2550, #76, .T. ) ;
#1283 = CYLINDRICAL_SURFACE ( 'NONE', #3610, 0.09999999999999997780 ) ;
#1284 = CARTESIAN_POINT ( 'NONE',  ( -7.934375000000004619, -0.9899999999999997691, -1.135000000000000231 ) ) ;
#1285 = EDGE_LOOP ( 'NONE', ( #3619, #4225, #3090, #1207, #5316, #621 ) ) ;
#1286 = DIRECTION ( 'NONE',  ( 0.000000000000000000, -0.000000000000000000, -1.000000000000000000 ) ) ;
#1287 = CARTESIAN_POINT ( 'NONE',  ( -8.598683472959091745, 1.189999999999998170, -6.660000000000000142 ) ) ;
#1288 = CIRCLE ( 'NONE', #4701, 0.2500000000000000000 ) ;
#1289 = EDGE_CURVE ( 'NONE', #2298, #943, #1656, .T. ) ;
#1290 = ORIENTED_EDGE ( 'NONE', *, *, #4337, .F. ) ;
#1291 = VERTEX_POINT ( 'NONE', #3953 ) ;
#1292 = DIRECTION ( 'NONE',  ( -0.000000000000000000, 1.000000000000000000, -0.000000000000000000 ) ) ;
#1293 = VERTEX_POINT ( 'NONE', #5800 ) ;
#1294 = CARTESIAN_POINT ( 'NONE',  ( -6.240624999999996092, -0.7399999999999995470, -1.135000000000000231 ) ) ;
#1295 = CARTESIAN_POINT ( 'NONE',  ( 3.193341090604178548E-16, 0.9899999999999984368, -0.6600000000000023626 ) ) ;
#1296 = PLANE ( 'NONE',  #951 ) ;
#1297 = EDGE_CURVE ( 'NONE', #5279, #1419, #3533, .T. ) ;
#1298 = VERTEX_POINT ( 'NONE', #2459 ) ;
#1299 = DIRECTION ( 'NONE',  ( -1.000000000000000000, 0.000000000000000000, 0.000000000000000000 ) ) ;
#1300 = EDGE_CURVE ( 'NONE', #1521, #3372, #4317, .T. ) ;
#1301 = DIRECTION ( 'NONE',  ( 0.000000000000000000, 0.000000000000000000, -1.000000000000000000 ) ) ;
#1302 = DIRECTION ( 'NONE',  ( -0.000000000000000000, 0.000000000000000000, -1.000000000000000000 ) ) ;
#1303 = CARTESIAN_POINT ( 'NONE',  ( 0.000000000000000000, 0.000000000000000000, -0.9600000000000001865 ) ) ;
#1304 = DIRECTION ( 'NONE',  ( 0.1736481776669233368, 0.000000000000000000, -0.9848077530122093526 ) ) ;
#1305 = DIRECTION ( 'NONE',  ( 1.000000000000000000, 0.000000000000000000, 0.000000000000000000 ) ) ;
#1306 = CIRCLE ( 'NONE', #3149, 0.2500000000000000000 ) ;
#1307 = AXIS2_PLACEMENT_3D ( 'NONE', #2286, #233, #2082 ) ;
#1308 = EDGE_CURVE ( 'NONE', #2319, #2584, #5905, .T. ) ;
#1309 =( GEOMETRIC_REPRESENTATION_CONTEXT ( 3 ) GLOBAL_UNCERTAINTY_ASSIGNED_CONTEXT ( ( #2122 ) ) GLOBAL_UNIT_ASSIGNED_CONTEXT ( ( #2205, #4533, #1864 ) ) REPRESENTATION_CONTEXT ( 'NONE', 'WORKASPACE' ) );
#1310 = FACE_OUTER_BOUND ( 'NONE', #5643, .T. ) ;
#1311 = CARTESIAN_POINT ( 'NONE',  ( -9.556250000000003908, 0.9899999999999984368, -0.9600000000000001865 ) ) ;
#1312 = CARTESIAN_POINT ( 'NONE',  ( -10.24474851850930790, 1.189999999999998170, -1.059999999999998277 ) ) ;
#1313 = EDGE_CURVE ( 'NONE', #2543, #5633, #3495, .T. ) ;
#1314 = VECTOR ( 'NONE', #5659, 1.000000000000000000 ) ;
#1315 = VECTOR ( 'NONE', #3772, 1.000000000000000000 ) ;
#1316 = EDGE_CURVE ( 'NONE', #1356, #3532, #4011, .T. ) ;
#1317 = VECTOR ( 'NONE', #5773, 1.000000000000000000 ) ;
#1318 = AXIS2_PLACEMENT_3D ( 'NONE', #1249, #2267, #3162 ) ;
#1319 = ORIENTED_EDGE ( 'NONE', *, *, #1308, .T. ) ;
#1320 = DIRECTION ( 'NONE',  ( 0.000000000000000000, -0.1699069165076472487, -0.9854601157443478865 ) ) ;
#1321 = FACE_OUTER_BOUND ( 'NONE', #557, .T. ) ;
#1322 = ORIENTED_EDGE ( 'NONE', *, *, #5910, .T. ) ;
#1323 = ORIENTED_EDGE ( 'NONE', *, *, #413, .T. ) ;
#1324 = CARTESIAN_POINT ( 'NONE',  ( -7.362500000000006040, -0.9899999999999997691, -1.135000000000000231 ) ) ;
#1325 = VERTEX_POINT ( 'NONE', #2203 ) ;
#1327 = DIRECTION ( 'NONE',  ( 0.000000000000000000, -1.000000000000000000, -0.000000000000000000 ) ) ;
#1326 = SURFACE_SIDE_STYLE ('',( #5098 ) ) ;
#1328 = CARTESIAN_POINT ( 'NONE',  ( -4.047454448600424470, -0.9225146718258752099, -1.135000000000000231 ) ) ;
#1329 = CARTESIAN_POINT ( 'NONE',  ( -14.17500000000000071, -1.190000000000001057, -1.160000000000000142 ) ) ;
#1330 = EDGE_LOOP ( 'NONE', ( #3828, #4185, #495, #1736 ) ) ;
#1331 = EDGE_LOOP ( 'NONE', ( #5440, #4802, #5103, #2256 ) ) ;
#1332 = LINE ( 'NONE', #2213, #2775 ) ;
#1333 = DIRECTION ( 'NONE',  ( -0.000000000000000000, 0.000000000000000000, 1.000000000000000000 ) ) ;
#1334 = LINE ( 'NONE', #5987, #1977 ) ;
#1335 = FACE_OUTER_BOUND ( 'NONE', #5791, .T. ) ;
#1336 = DIRECTION ( 'NONE',  ( 0.000000000000000000, 0.000000000000000000, 1.000000000000000000 ) ) ;
#1337 = EDGE_CURVE ( 'NONE', #3037, #2141, #5861, .T. ) ;
#1338 = EDGE_CURVE ( 'NONE', #627, #5834, #5458, .T. ) ;
#1339 = EDGE_LOOP ( 'NONE', ( #2451, #3919, #2172, #3264 ) ) ;
#1340 = CIRCLE ( 'NONE', #4458, 0.1499999999999999112 ) ;
#1341 = CIRCLE ( 'NONE', #2607, 0.09999999999999964473 ) ;
#1342 = CIRCLE ( 'NONE', #1539, 0.2500000000000000000 ) ;
#1343 = DIRECTION ( 'NONE',  ( 1.000000000000000000, 0.000000000000000000, 0.000000000000000000 ) ) ;
#1344 = LINE ( 'NONE', #2248, #785 ) ;
#1345 = CARTESIAN_POINT ( 'NONE',  ( -10.24474851850930790, -1.089999999999998082, -1.009999999999998233 ) ) ;
#1346 = AXIS2_PLACEMENT_3D ( 'NONE', #1281, #275, #2127 ) ;
#1347 = ORIENTED_EDGE ( 'NONE', *, *, #4964, .T. ) ;
#1348 = DIRECTION ( 'NONE',  ( 1.000000000000000000, 0.000000000000000000, 0.000000000000000000 ) ) ;
#1349 = CARTESIAN_POINT ( 'NONE',  ( -2.350000000000000533, 0.8999999999999999112, -0.9100000000000001421 ) ) ;
#1350 = EDGE_CURVE ( 'NONE', #4002, #2943, #5512, .T. ) ;
#1351 = EDGE_CURVE ( 'NONE', #3882, #786, #350, .T. ) ;
#1352 = EDGE_CURVE ( 'NONE', #2965, #4348, #3122, .T. ) ;
#1353 = ORIENTED_EDGE ( 'NONE', *, *, #2437, .T. ) ;
#1354 = ORIENTED_EDGE ( 'NONE', *, *, #795, .T. ) ;
#1355 = PLANE ( 'NONE',  #2158 ) ;
#1356 = VERTEX_POINT ( 'NONE', #2690 ) ;
#1357 = CARTESIAN_POINT ( 'NONE',  ( -5.440624999999995381, 0.7399999999999981037, -1.135000000000000231 ) ) ;
#1358 = CARTESIAN_POINT ( 'NONE',  ( -6.812499999999994671, 0.7399999999999979927, -1.135000000000000231 ) ) ;
#1359 = LINE ( 'NONE', #1449, #5510 ) ;
#1360 = VECTOR ( 'NONE', #4008, 1.000000000000000000 ) ;
#1361 = VERTEX_POINT ( 'NONE', #403 ) ;
#1362 = VERTEX_POINT ( 'NONE', #3181 ) ;
#1363 = DIRECTION ( 'NONE',  ( 1.000000000000000000, 0.000000000000000000, 0.000000000000000000 ) ) ;
#1364 = DIRECTION ( 'NONE',  ( 0.000000000000000000, -0.000000000000000000, -1.000000000000000000 ) ) ;
#1365 = FACE_OUTER_BOUND ( 'NONE', #1108, .T. ) ;
#1366 = DIRECTION ( 'NONE',  ( 0.000000000000000000, 0.000000000000000000, 1.000000000000000000 ) ) ;
#1367 = CARTESIAN_POINT ( 'NONE',  ( -1.950000000000000622, -0.3418139511719356927, -0.9600000000000001865 ) ) ;
#1368 = ORIENTED_EDGE ( 'NONE', *, *, #1671, .T. ) ;
#1369 = ADVANCED_FACE ( 'NONE', ( #3098 ), #4098, .F. ) ;
#1370 = CARTESIAN_POINT ( 'NONE',  ( -4.181529920558540780, 0.6530577941862250047, -1.135000000000000231 ) ) ;
#1371 = CARTESIAN_POINT ( 'NONE',  ( -14.79499999999999993, -0.8750000000000000000, -1.060000000000000053 ) ) ;
#1372 = CARTESIAN_POINT ( 'NONE',  ( -14.79499999999999993, 0.000000000000000000, -1.060000000000000053 ) ) ;
#1373 = CIRCLE ( 'NONE', #5071, 0.2500000000000000000 ) ;
#1374 = ORIENTED_EDGE ( 'NONE', *, *, #605, .T. ) ;
#1375 = FACE_OUTER_BOUND ( 'NONE', #4127, .T. ) ;
#1376 = LINE ( 'NONE', #4156, #5035 ) ;
#1377 = ORIENTED_EDGE ( 'NONE', *, *, #1297, .F. ) ;
#1378 = ORIENTED_EDGE ( 'NONE', *, *, #1967, .T. ) ;
#1379 = AXIS2_PLACEMENT_3D ( 'NONE', #3638, #1744, #5486 ) ;
#1380 = PLANE ( 'NONE',  #4115 ) ;
#1381 = ORIENTED_EDGE ( 'NONE', *, *, #1517, .F. ) ;
#1382 = DIRECTION ( 'NONE',  ( -1.000000000000000000, -6.265808957320107111E-17, -0.000000000000000000 ) ) ;
#1383 = CARTESIAN_POINT ( 'NONE',  ( -12.32500000000000107, -0.3418139511719356927, -1.135000000000000231 ) ) ;
#1384 = CARTESIAN_POINT ( 'NONE',  ( -2.914659381970696644E-16, 1.189999999999998392, -0.9600000000000001865 ) ) ;
#1385 = CARTESIAN_POINT ( 'NONE',  ( -13.57858983848622536, -0.7399999999999984368, -0.9599999999999999645 ) ) ;
#1386 = ORIENTED_EDGE ( 'NONE', *, *, #3663, .F. ) ;
#1387 = ORIENTED_EDGE ( 'NONE', *, *, #89, .F. ) ;
#1388 = CARTESIAN_POINT ( 'NONE',  ( 0.000000000000000000, -0.8750000000000000000, -1.060000000000000053 ) ) ;
#1389 = DIRECTION ( 'NONE',  ( 1.000000000000000000, -0.000000000000000000, -0.000000000000000000 ) ) ;
#1390 = DIRECTION ( 'NONE',  ( 0.000000000000000000, -0.000000000000000000, -1.000000000000000000 ) ) ;
#1391 = DIRECTION ( 'NONE',  ( -1.432545838226008708E-17, 1.000000000000000000, -0.000000000000000000 ) ) ;
#1392 = CARTESIAN_POINT ( 'NONE',  ( -10.24474851850930790, -5.431508564030776753, -1.009999999999998233 ) ) ;
#1393 = ORIENTED_EDGE ( 'NONE', *, *, #3199, .F. ) ;
#1394 = ORIENTED_EDGE ( 'NONE', *, *, #176, .F. ) ;
#1395 = LINE ( 'NONE', #972, #4017 ) ;
#1397 = AXIS2_PLACEMENT_3D ( 'NONE', #5080, #3683, #1873 ) ;
#1396 = CARTESIAN_POINT ( 'NONE',  ( 0.000000000000000000, -0.8750000000000000000, -1.060000000000000053 ) ) ;
#1398 = DIRECTION ( 'NONE',  ( -1.000000000000000000, -6.271695431234129858E-16, 0.000000000000000000 ) ) ;
#1399 = DIRECTION ( 'NONE',  ( -0.000000000000000000, -0.9854601157443477755, -0.1699069165076472210 ) ) ;
#1400 = AXIS2_PLACEMENT_3D ( 'NONE', #4101, #4563, #5549 ) ;
#1401 = ORIENTED_EDGE ( 'NONE', *, *, #5185, .T. ) ;
#1402 = CARTESIAN_POINT ( 'NONE',  ( -0.3464101615137744061, 0.3418139511719356927, -0.9599999999999999645 ) ) ;
#1403 = CARTESIAN_POINT ( 'NONE',  ( -12.22500000000000142, -0.9899999999999984368, -1.135000000000000231 ) ) ;
#1404 = AXIS2_PLACEMENT_3D ( 'NONE', #1303, #1739, #3093 ) ;
#1405 = CIRCLE ( 'NONE', #1124, 0.09999999999999964473 ) ;
#1406 = ORIENTED_EDGE ( 'NONE', *, *, #3967, .T. ) ;
#1407 = AXIS2_PLACEMENT_3D ( 'NONE', #2176, #206, #3075 ) ;
#1408 = AXIS2_PLACEMENT_3D ( 'NONE', #5580, #1959, #1414 ) ;
#1409 = ORIENTED_EDGE ( 'NONE', *, *, #3857, .T. ) ;
#1410 = EDGE_CURVE ( 'NONE', #1961, #2049, #4264, .T. ) ;
#1411 = CIRCLE ( 'NONE', #1226, 0.09999999999999964473 ) ;
#1412 = CARTESIAN_POINT ( 'NONE',  ( -10.82500000000000107, -0.9900000000000004352, -0.9600000000000001865 ) ) ;
#1413 = VERTEX_POINT ( 'NONE', #3586 ) ;
#1414 = DIRECTION ( 'NONE',  ( 0.000000000000000000, 0.000000000000000000, 1.000000000000000000 ) ) ;
#1415 = CARTESIAN_POINT ( 'NONE',  ( -1.700000000000000622, -0.9899999999999984368, -0.9600000000000001865 ) ) ;
#1416 = CARTESIAN_POINT ( 'NONE',  ( -5.576316527040901860, 1.189999999999998392, -6.660000000000001030 ) ) ;
#1417 = CARTESIAN_POINT ( 'NONE',  ( -11.82500000000000107, -0.3896561633456272489, -0.9600000000000001865 ) ) ;
#1418 = CIRCLE ( 'NONE', #4438, 0.1000000000000000888 ) ;
#1419 = VERTEX_POINT ( 'NONE', #5010 ) ;
#1420 = ORIENTED_EDGE ( 'NONE', *, *, #489, .T. ) ;
#1421 = LINE ( 'NONE', #2917, #4567 ) ;
#1422 = VECTOR ( 'NONE', #1727, 1.000000000000000222 ) ;
#1423 = CARTESIAN_POINT ( 'NONE',  ( -5.576316527040902749, -5.431508564030775865, -0.7600000000000010081 ) ) ;
#1424 = CARTESIAN_POINT ( 'NONE',  ( -7.612500000000006040, 0.9899999999999979927, -0.9600000000000008527 ) ) ;
#1425 = DIRECTION ( 'NONE',  ( -0.9848077530122093526, -6.170617240062188643E-17, -0.1736481776669233368 ) ) ;
#1426 = PLANE ( 'NONE',  #4166 ) ;
#1427 = EDGE_CURVE ( 'NONE', #2538, #1765, #2412, .T. ) ;
#1428 = ADVANCED_FACE ( 'NONE', ( #376 ), #1266, .F. ) ;
#1429 = ORIENTED_EDGE ( 'NONE', *, *, #1956, .F. ) ;
#1430 = ORIENTED_EDGE ( 'NONE', *, *, #5379, .F. ) ;
#1431 = DIRECTION ( 'NONE',  ( 1.000000000000000000, -1.110223024625155554E-15, 0.000000000000000000 ) ) ;
#1432 = DIRECTION ( 'NONE',  ( 0.000000000000000000, 0.000000000000000000, -1.000000000000000000 ) ) ;
#1433 = CARTESIAN_POINT ( 'NONE',  ( -14.17500000000000071, 0.8750000000000000000, -1.060000000000000053 ) ) ;
#1434 = DIRECTION ( 'NONE',  ( -0.000000000000000000, 0.000000000000000000, 1.000000000000000000 ) ) ;
#1435 = CIRCLE ( 'NONE', #5241, 0.2500000000000000000 ) ;
#1436 = ADVANCED_FACE ( 'NONE', ( #4042 ), #5916, .F. ) ;
#1437 = ORIENTED_EDGE ( 'NONE', *, *, #2339, .F. ) ;
#1438 = DIRECTION ( 'NONE',  ( 0.000000000000000000, 0.000000000000000000, -1.000000000000000000 ) ) ;
#1439 = CARTESIAN_POINT ( 'NONE',  ( -10.25343092739265494, -1.089999999999998082, -0.9607596123493876705 ) ) ;
#1440 = CIRCLE ( 'NONE', #2308, 0.05000000000000071054 ) ;
#1441 = ORIENTED_EDGE ( 'NONE', *, *, #5506, .T. ) ;
#1442 = VECTOR ( 'NONE', #4227, 1.000000000000000000 ) ;
#1443 = VERTEX_POINT ( 'NONE', #4984 ) ;
#1444 = CARTESIAN_POINT ( 'NONE',  ( -5.440624999999995381, 0.9899999999999984368, -0.9600000000000001865 ) ) ;
#1445 = EDGE_LOOP ( 'NONE', ( #2209, #3929, #5186, #1839 ) ) ;
#1446 = EDGE_CURVE ( 'NONE', #1622, #1180, #4406, .T. ) ;
#1447 = CARTESIAN_POINT ( 'NONE',  ( -1.950000000000000622, 0.8000000000000000444, -0.9100000000000001421 ) ) ;
#1448 = DIRECTION ( 'NONE',  ( -1.000000000000000000, 0.000000000000000000, 0.000000000000000000 ) ) ;
#1449 = CARTESIAN_POINT ( 'NONE',  ( -12.22500000000000142, -0.2000000000000000111, -0.8250000000000000666 ) ) ;
#1450 = VERTEX_POINT ( 'NONE', #807 ) ;
#1451 = ORIENTED_EDGE ( 'NONE', *, *, #346, .F. ) ;
#1452 = CARTESIAN_POINT ( 'NONE',  ( -1.950000000000000622, 0.000000000000000000, 0.000000000000000000 ) ) ;
#1453 = DIRECTION ( 'NONE',  ( 1.000000000000000000, 0.000000000000000000, 0.000000000000000000 ) ) ;
#1454 = CARTESIAN_POINT ( 'NONE',  ( -0.5964101615137744616, -0.9899999999999984368, -1.135000000000000231 ) ) ;
#1455 = CIRCLE ( 'NONE', #190, 0.2500000000000000000 ) ;
#1456 = DIRECTION ( 'NONE',  ( -0.9281522335464010842, 0.3722007944145562797, 0.000000000000000000 ) ) ;
#1457 = LINE ( 'NONE', #4635, #3776 ) ;
#1458 = VERTEX_POINT ( 'NONE', #1800 ) ;
#1459 = CIRCLE ( 'NONE', #3897, 0.03500000000000014211 ) ;
#1460 = ORIENTED_EDGE ( 'NONE', *, *, #3626, .T. ) ;
#1461 = DIRECTION ( 'NONE',  ( 1.000000000000000000, 0.000000000000000000, 0.000000000000000000 ) ) ;
#1462 = CARTESIAN_POINT ( 'NONE',  ( -8.598683472959093521, -5.431508564030776753, -0.7599999999999997868 ) ) ;
#1463 = DIRECTION ( 'NONE',  ( 1.000000000000000000, 0.000000000000000000, 0.000000000000000000 ) ) ;
#1464 = DIRECTION ( 'NONE',  ( -0.000000000000000000, 0.000000000000000000, 1.000000000000000000 ) ) ;
#1465 = EDGE_CURVE ( 'NONE', #3990, #3318, #3669, .T. ) ;
#1466 = AXIS2_PLACEMENT_3D ( 'NONE', #5573, #3368, #519 ) ;
#1467 = ORIENTED_EDGE ( 'NONE', *, *, #3470, .T. ) ;
#1468 = CARTESIAN_POINT ( 'NONE',  ( -14.76368599666425929, 0.8750000000000000000, -0.9100000000000001421 ) ) ;
#1469 = DIRECTION ( 'NONE',  ( 0.000000000000000000, 1.000000000000000000, 0.000000000000000000 ) ) ;
#1470 = ORIENTED_EDGE ( 'NONE', *, *, #798, .F. ) ;
#1471 = ORIENTED_EDGE ( 'NONE', *, *, #3509, .F. ) ;
#1472 = VERTEX_POINT ( 'NONE', #293 ) ;
#1473 = CYLINDRICAL_SURFACE ( 'NONE', #2355, 0.1000000000000000888 ) ;
#1474 = ORIENTED_EDGE ( 'NONE', *, *, #4672, .F. ) ;
#1475 = LINE ( 'NONE', #928, #2567 ) ;
#1476 = DIRECTION ( 'NONE',  ( -0.000000000000000000, 0.000000000000000000, -1.000000000000000000 ) ) ;
#1477 = EDGE_CURVE ( 'NONE', #3387, #2780, #5890, .T. ) ;
#1478 = DIRECTION ( 'NONE',  ( 1.000000000000000000, 0.000000000000000000, -0.000000000000000000 ) ) ;
#1479 = VERTEX_POINT ( 'NONE', #5646 ) ;
#1480 = ORIENTED_EDGE ( 'NONE', *, *, #3140, .T. ) ;
#1481 = DIRECTION ( 'NONE',  ( 1.000000000000000000, 0.000000000000000000, 0.000000000000000000 ) ) ;
#1482 = LINE ( 'NONE', #4258, #4627 ) ;
#1483 = FACE_OUTER_BOUND ( 'NONE', #2386, .T. ) ;
#1484 = CARTESIAN_POINT ( 'NONE',  ( -14.17500000000000071, 1.189999999999997504, -1.160000000000000142 ) ) ;
#1485 = DIRECTION ( 'NONE',  ( 0.000000000000000000, 1.000000000000000000, 0.000000000000000000 ) ) ;
#1486 = CIRCLE ( 'NONE', #803, 0.09999999999999964473 ) ;
#1487 = EDGE_LOOP ( 'NONE', ( #4539, #3039, #4608, #4538 ) ) ;
#1488 = VERTEX_POINT ( 'NONE', #4679 ) ;
#1489 = ADVANCED_FACE ( 'NONE', ( #4250 ), #1830, .F. ) ;
#1490 = DIRECTION ( 'NONE',  ( -0.000000000000000000, 0.000000000000000000, 1.000000000000000000 ) ) ;
#1491 = CYLINDRICAL_SURFACE ( 'NONE', #2330, 0.2500000000000000000 ) ;
#1492 = DIRECTION ( 'NONE',  ( 0.000000000000000000, 0.000000000000000000, 1.000000000000000000 ) ) ;
#1493 = ADVANCED_FACE ( 'NONE', ( #3312 ), #1355, .F. ) ;
#1494 = VECTOR ( 'NONE', #2547, 1.000000000000000000 ) ;
#1495 = EDGE_CURVE ( 'NONE', #860, #4833, #5578, .T. ) ;
#1496 = ORIENTED_EDGE ( 'NONE', *, *, #199, .T. ) ;
#1497 = CARTESIAN_POINT ( 'NONE',  ( -8.984375000000005329, 0.7399999999999978817, -0.9600000000000001865 ) ) ;
#1498 = DIRECTION ( 'NONE',  ( 0.000000000000000000, 0.000000000000000000, 1.000000000000000000 ) ) ;
#1499 = VECTOR ( 'NONE', #5476, 1.000000000000000000 ) ;
#1500 = ORIENTED_EDGE ( 'NONE', *, *, #3024, .T. ) ;
#1501 = ADVANCED_FACE ( 'NONE', ( #3281 ), #1957, .F. ) ;
#1502 = ORIENTED_EDGE ( 'NONE', *, *, #2387, .T. ) ;
#1503 = ORIENTED_EDGE ( 'NONE', *, *, #620, .F. ) ;
#1504 = CIRCLE ( 'NONE', #4333, 0.2500000000000000000 ) ;
#1505 = DIRECTION ( 'NONE',  ( 0.000000000000000000, -1.000000000000000000, -0.000000000000000000 ) ) ;
#1506 = ORIENTED_EDGE ( 'NONE', *, *, #3523, .T. ) ;
#1507 = CARTESIAN_POINT ( 'NONE',  ( -2.350000000000001421, -1.189999999999998836, -0.9600000000000001865 ) ) ;
#1508 = CARTESIAN_POINT ( 'NONE',  ( -1.949999999999999734, 0.2418139511719357149, -3.423488475815656962 ) ) ;
#1509 = CIRCLE ( 'NONE', #5785, 0.2500000000000000000 ) ;
#1510 = CIRCLE ( 'NONE', #3272, 0.2500000000000000000 ) ;
#1511 = ORIENTED_EDGE ( 'NONE', *, *, #6, .F. ) ;
#1512 = VERTEX_POINT ( 'NONE', #2423 ) ;
#1513 = AXIS2_PLACEMENT_3D ( 'NONE', #3133, #3963, #4452 ) ;
#1514 = FACE_OUTER_BOUND ( 'NONE', #5683, .T. ) ;
#1515 = LINE ( 'NONE', #963, #248 ) ;
#1516 = PLANE ( 'NONE',  #1881 ) ;
#1517 = EDGE_CURVE ( 'NONE', #1200, #5063, #4282, .T. ) ;
#1518 = DIRECTION ( 'NONE',  ( -1.483886295880788311E-16, -1.000000000000000000, 0.000000000000000000 ) ) ;
#1519 = DIRECTION ( 'NONE',  ( 1.000000000000000000, -0.000000000000000000, -0.000000000000000000 ) ) ;
#1520 = EDGE_LOOP ( 'NONE', ( #813, #3115, #799, #711 ) ) ;
#1521 = VERTEX_POINT ( 'NONE', #1412 ) ;
#1522 = DIRECTION ( 'NONE',  ( -0.9281522335464009732, -0.3722007944145567793, 0.000000000000000000 ) ) ;
#1523 = DIRECTION ( 'NONE',  ( 1.000000000000000000, 0.000000000000000000, -0.000000000000000000 ) ) ;
#1524 = CARTESIAN_POINT ( 'NONE',  ( -8.184375000000004619, 0.9899999999999984368, -3.423488475815656962 ) ) ;
#1525 = CARTESIAN_POINT ( 'NONE',  ( -1.700000000000000622, -0.9899999999999984368, -0.9599999999999999645 ) ) ;
#1526 = ADVANCED_FACE ( 'NONE', ( #3824 ), #1380, .T. ) ;
#1527 = EDGE_CURVE ( 'NONE', #4388, #4647, #2878, .T. ) ;
#1528 = ORIENTED_EDGE ( 'NONE', *, *, #1701, .F. ) ;
#1529 = CARTESIAN_POINT ( 'NONE',  ( -2.600000000000001421, 0.9899999999999982148, -0.9600000000000001865 ) ) ;
#1530 = CARTESIAN_POINT ( 'NONE',  ( -8.598683472959093521, 1.189999999999998170, -0.7599999999999997868 ) ) ;
#1531 = ORIENTED_EDGE ( 'NONE', *, *, #3192, .F. ) ;
#1532 = ORIENTED_EDGE ( 'NONE', *, *, #680, .F. ) ;
#1533 = ADVANCED_FACE ( 'NONE', ( #3244 ), #1473, .F. ) ;
#1534 = AXIS2_PLACEMENT_3D ( 'NONE', #5630, #2858, #3228 ) ;
#1535 = VERTEX_POINT ( 'NONE', #4743 ) ;
#1537 = EDGE_CURVE ( 'NONE', #1961, #2943, #3764, .T. ) ;
#1536 = CARTESIAN_POINT ( 'NONE',  ( -10.14057257920409327, 0.9899999999999984368, -1.135000000000000231 ) ) ;
#1538 = DIRECTION ( 'NONE',  ( 0.000000000000000000, 0.000000000000000000, -1.000000000000000000 ) ) ;
#1539 = AXIS2_PLACEMENT_3D ( 'NONE', #81, #4657, #5200 ) ;
#1540 = EDGE_CURVE ( 'NONE', #4246, #2420, #3440, .T. ) ;
#1541 = EDGE_CURVE ( 'NONE', #2288, #1734, #926, .T. ) ;
#1542 = EDGE_LOOP ( 'NONE', ( #2848, #5268, #5951, #4470 ) ) ;
#1543 = CIRCLE ( 'NONE', #1346, 0.2500000000000000000 ) ;
#1544 = EDGE_LOOP ( 'NONE', ( #2428, #4039, #3030, #4375 ) ) ;
#1545 = LINE ( 'NONE', #2976, #3778 ) ;
#1546 = CARTESIAN_POINT ( 'NONE',  ( -9.623207721193939079, -5.431508564030776753, -0.8496342572279647065 ) ) ;
#1547 = DIRECTION ( 'NONE',  ( -0.000000000000000000, 0.000000000000000000, -1.000000000000000000 ) ) ;
#1548 = CARTESIAN_POINT ( 'NONE',  ( -13.82858983848622536, 0.9899999999999984368, -1.135000000000000231 ) ) ;
#1549 = CARTESIAN_POINT ( 'NONE',  ( -1.950000000000000622, -0.8999999999999999112, -0.9100000000000001421 ) ) ;
#1550 = ORIENTED_EDGE ( 'NONE', *, *, #1877, .F. ) ;
#1551 = ORIENTED_EDGE ( 'NONE', *, *, #4148, .T. ) ;
#1552 = DIRECTION ( 'NONE',  ( -1.000000000000000000, -0.000000000000000000, -0.000000000000000000 ) ) ;
#1553 = VECTOR ( 'NONE', #13, 1.000000000000000000 ) ;
#1554 = CARTESIAN_POINT ( 'NONE',  ( -0.3464101615137745172, -0.9899999999999984368, -3.423488475815656962 ) ) ;
#1555 = DIRECTION ( 'NONE',  ( 1.000000000000000000, 0.000000000000000000, 0.000000000000000000 ) ) ;
#1556 = DIRECTION ( 'NONE',  ( 0.000000000000000000, 1.000000000000000000, 0.000000000000000000 ) ) ;
#1557 = CIRCLE ( 'NONE', #4966, 0.09999999999999964473 ) ;
#1558 = CARTESIAN_POINT ( 'NONE',  ( -8.984375000000005329, -0.7400000000000002132, -3.423488475815656962 ) ) ;
#1559 = DIRECTION ( 'NONE',  ( 0.9281522335464011952, -0.3722007944145563352, -0.000000000000000000 ) ) ;
#1560 = DIRECTION ( 'NONE',  ( -0.000000000000000000, -0.000000000000000000, -1.000000000000000000 ) ) ;
#1561 = ORIENTED_EDGE ( 'NONE', *, *, #454, .F. ) ;
#1562 = CIRCLE ( 'NONE', #491, 0.2500000000000000000 ) ;
#1563 = ORIENTED_EDGE ( 'NONE', *, *, #2341, .F. ) ;
#1564 = VERTEX_POINT ( 'NONE', #467 ) ;
#1565 = ADVANCED_FACE ( 'NONE', ( #10 ), #2356, .F. ) ;
#1566 = ORIENTED_EDGE ( 'NONE', *, *, #5403, .T. ) ;
#1567 = FACE_OUTER_BOUND ( 'NONE', #1033, .T. ) ;
#1568 = CARTESIAN_POINT ( 'NONE',  ( -2.784460378396441893, 0.09281522335463987528, -1.135000000000000231 ) ) ;
#1569 = ORIENTED_EDGE ( 'NONE', *, *, #4686, .F. ) ;
#1570 = FACE_OUTER_BOUND ( 'NONE', #5068, .T. ) ;
#1571 = CARTESIAN_POINT ( 'NONE',  ( -1.950000000000000622, 0.7399999999999984368, -0.9600000000000001865 ) ) ;
#1572 = CARTESIAN_POINT ( 'NONE',  ( -6.562499999999994671, -0.7399999999999996581, -1.135000000000000231 ) ) ;
#1573 = LINE ( 'NONE', #1548, #337 ) ;
#1574 = CARTESIAN_POINT ( 'NONE',  ( -10.25343092739265494, -1.189999999999998170, -0.9607596123493876705 ) ) ;
#1575 = ORIENTED_EDGE ( 'NONE', *, *, #3606, .T. ) ;
#1576 = VERTEX_POINT ( 'NONE', #1014 ) ;
#1577 = CARTESIAN_POINT ( 'NONE',  ( -11.34993198115552282, 1.189999999999997726, 5.040000000000000036 ) ) ;
#1578 = VECTOR ( 'NONE', #526, 1.000000000000000000 ) ;
#1579 = CARTESIAN_POINT ( 'NONE',  ( -12.47500000000000142, -0.7399999999999984368, -0.9600000000000001865 ) ) ;
#1580 = DIRECTION ( 'NONE',  ( -1.432545838226008708E-17, 1.000000000000000000, -0.000000000000000000 ) ) ;
#1581 = DIRECTION ( 'NONE',  ( 0.000000000000000000, 0.000000000000000000, 1.000000000000000000 ) ) ;
#1582 = CARTESIAN_POINT ( 'NONE',  ( 0.000000000000000000, 0.000000000000000000, -0.9600000000000001865 ) ) ;
#1583 = CARTESIAN_POINT ( 'NONE',  ( -8.184375000000004619, 0.7399999999999979927, -1.135000000000000231 ) ) ;
#1584 = FACE_BOUND ( 'NONE', #5056, .T. ) ;
#1585 = ORIENTED_EDGE ( 'NONE', *, *, #2128, .F. ) ;
#1586 = ORIENTED_EDGE ( 'NONE', *, *, #1477, .T. ) ;
#1587 = ORIENTED_EDGE ( 'NONE', *, *, #1537, .F. ) ;
#1588 = ORIENTED_EDGE ( 'NONE', *, *, #4490, .F. ) ;
#1589 = AXIS2_PLACEMENT_3D ( 'NONE', #1229, #1733, #5936 ) ;
#1590 = LINE ( 'NONE', #1111, #2220 ) ;
#1591 = CARTESIAN_POINT ( 'NONE',  ( -1.950000000000000622, 0.3418139511719356927, -0.9600000000000001865 ) ) ;
#1592 = EDGE_CURVE ( 'NONE', #4494, #5958, #4616, .T. ) ;
#1593 = ORIENTED_EDGE ( 'NONE', *, *, #234, .T. ) ;
#1594 = DIRECTION ( 'NONE',  ( 0.000000000000000000, -0.000000000000000000, -1.000000000000000000 ) ) ;
#1595 = VERTEX_POINT ( 'NONE', #4215 ) ;
#1596 = DIRECTION ( 'NONE',  ( 1.000000000000000000, 0.000000000000000000, -0.000000000000000000 ) ) ;
#1597 = CYLINDRICAL_SURFACE ( 'NONE', #422, 0.07999999999999996003 ) ;
#1598 = VECTOR ( 'NONE', #1905, 1.000000000000000000 ) ;
#1599 = CARTESIAN_POINT ( 'NONE',  ( -4.868749999999996803, 0.9899999999999984368, -1.135000000000000231 ) ) ;
#1600 = LINE ( 'NONE', #668, #70 ) ;
#1601 = CIRCLE ( 'NONE', #1068, 0.03500000000000014211 ) ;
#1602 = ORIENTED_EDGE ( 'NONE', *, *, #89, .T. ) ;
#1603 = CIRCLE ( 'NONE', #5014, 0.07999999999999996003 ) ;
#1604 = EDGE_LOOP ( 'NONE', ( #2307, #4949, #980, #991 ) ) ;
#1605 = LINE ( 'NONE', #210, #4831 ) ;
#1606 = CARTESIAN_POINT ( 'NONE',  ( -7.612500000000006040, -0.9899999999999997691, -1.135000000000000231 ) ) ;
#1607 = DIRECTION ( 'NONE',  ( -1.000000000000000000, 0.000000000000000000, 0.000000000000000000 ) ) ;
#1608 = LINE ( 'NONE', #2156, #534 ) ;
#1609 = LINE ( 'NONE', #185, #5515 ) ;
#1610 = EDGE_CURVE ( 'NONE', #1011, #3703, #5069, .T. ) ;
#1611 = EDGE_CURVE ( 'NONE', #4033, #2090, #2815, .T. ) ;
#1612 = EDGE_CURVE ( 'NONE', #2099, #1205, #1048, .T. ) ;
#1613 = DIRECTION ( 'NONE',  ( 1.000000000000000000, 0.000000000000000000, 0.000000000000000000 ) ) ;
#1614 = CARTESIAN_POINT ( 'NONE',  ( -5.576316527040904525, 0.9899999999999981037, -0.6600000000000010303 ) ) ;
#1615 = DIRECTION ( 'NONE',  ( -1.000000000000000000, 0.000000000000000000, 0.000000000000000000 ) ) ;
#1616 = ORIENTED_EDGE ( 'NONE', *, *, #1465, .F. ) ;
#1617 = ORIENTED_EDGE ( 'NONE', *, *, #4845, .F. ) ;
#1618 = ORIENTED_EDGE ( 'NONE', *, *, #605, .F. ) ;
#1619 = ORIENTED_EDGE ( 'NONE', *, *, #5692, .F. ) ;
#1620 = LINE ( 'NONE', #3499, #3198 ) ;
#1621 = DIRECTION ( 'NONE',  ( 1.000000000000000000, 0.000000000000000000, 0.000000000000000000 ) ) ;
#1622 = VERTEX_POINT ( 'NONE', #3376 ) ;
#1623 = VECTOR ( 'NONE', #5719, 1.000000000000000000 ) ;
#1624 = EDGE_CURVE ( 'NONE', #590, #3912, #1486, .T. ) ;
#1625 = CIRCLE ( 'NONE', #3189, 0.2500000000000000000 ) ;
#1626 = ADVANCED_FACE ( 'NONE', ( #2440 ), #121, .T. ) ;
#1627 = AXIS2_PLACEMENT_3D ( 'NONE', #2637, #4126, #3562 ) ;
#1628 = CARTESIAN_POINT ( 'NONE',  ( -9.959258274702738944, -0.9899999999999993250, -3.423488475815656962 ) ) ;
#1629 = ORIENTED_EDGE ( 'NONE', *, *, #2625, .F. ) ;
#1630 = CARTESIAN_POINT ( 'NONE',  ( -9.856250000000004619, 0.7080847830052794389, -0.9600000000000001865 ) ) ;
#1631 = FACE_OUTER_BOUND ( 'NONE', #5409, .T. ) ;
#1632 = CARTESIAN_POINT ( 'NONE',  ( -9.556250000000003908, -0.7400000000000002132, -1.135000000000000231 ) ) ;
#1633 = DIRECTION ( 'NONE',  ( 0.000000000000000000, -1.000000000000000000, 0.000000000000000000 ) ) ;
#1634 = AXIS2_PLACEMENT_3D ( 'NONE', #363, #3809, #5990 ) ;
#1635 = ORIENTED_EDGE ( 'NONE', *, *, #3779, .T. ) ;
#1636 = VECTOR ( 'NONE', #3979, 0.9999999999999998890 ) ;
#1637 = EDGE_LOOP ( 'NONE', ( #806, #3670, #3837, #3326, #5502, #5841, #1142, #4188, #492, #4951, #263, #2852, #1502, #1401, #1394, #4901 ) ) ;
#1638 = PLANE ( 'NONE',  #1706 ) ;
#1639 = PLANE ( 'NONE',  #334 ) ;
#1640 = CARTESIAN_POINT ( 'NONE',  ( -2.350000000000001421, -0.9899999999999991029, -0.9600000000000001865 ) ) ;
#1641 = CARTESIAN_POINT ( 'NONE',  ( -5.576316527040902749, 1.089999999999998082, -0.7600000000000010081 ) ) ;
#1642 = CARTESIAN_POINT ( 'NONE',  ( -1.949999999999999734, 0.2418139511719357149, -0.9600000000000001865 ) ) ;
#1643 = EDGE_CURVE ( 'NONE', #757, #482, #3784, .T. ) ;
#1644 = DIRECTION ( 'NONE',  ( 0.000000000000000000, -1.000000000000000000, 0.000000000000000000 ) ) ;
#1645 = CARTESIAN_POINT ( 'NONE',  ( -1.950000000000000622, -0.8999999999999999112, -0.9100000000000001421 ) ) ;
#1646 = VECTOR ( 'NONE', #3345, 1.000000000000000000 ) ;
#1647 = ORIENTED_EDGE ( 'NONE', *, *, #722, .T. ) ;
#1648 = ORIENTED_EDGE ( 'NONE', *, *, #3925, .F. ) ;
#1649 = ORIENTED_EDGE ( 'NONE', *, *, #5088, .T. ) ;
#1650 = ORIENTED_EDGE ( 'NONE', *, *, #3688, .F. ) ;
#1651 = PLANE ( 'NONE',  #2419 ) ;
#1652 = CARTESIAN_POINT ( 'NONE',  ( -3.930251481490694587, -5.431508564030775865, -1.059999999999999165 ) ) ;
#1653 = AXIS2_PLACEMENT_3D ( 'NONE', #4183, #3307, #32 ) ;
#1654 = EDGE_LOOP ( 'NONE', ( #3214, #208, #2446, #340 ) ) ;
#1655 = VECTOR ( 'NONE', #946, 1.000000000000000000 ) ;
#1656 = LINE ( 'NONE', #230, #2110 ) ;
#1657 = ORIENTED_EDGE ( 'NONE', *, *, #3159, .F. ) ;
#1658 = DIRECTION ( 'NONE',  ( 0.000000000000000000, 0.000000000000000000, 1.000000000000000000 ) ) ;
#1659 = DIRECTION ( 'NONE',  ( -6.265808957320107111E-17, 1.000000000000000000, -0.000000000000000000 ) ) ;
#1660 = FACE_OUTER_BOUND ( 'NONE', #2039, .T. ) ;
#1661 = ORIENTED_EDGE ( 'NONE', *, *, #3611, .F. ) ;
#1662 = AXIS2_PLACEMENT_3D ( 'NONE', #2351, #5574, #5065 ) ;
#1663 = ORIENTED_EDGE ( 'NONE', *, *, #3687, .F. ) ;
#1664 = VERTEX_POINT ( 'NONE', #3840 ) ;
#1665 = CARTESIAN_POINT ( 'NONE',  ( -6.562499999999994671, -0.9899999999999996581, -0.9600000000000001865 ) ) ;
#1666 = ADVANCED_FACE ( 'NONE', ( #1001 ), #4204, .F. ) ;
#1667 = CARTESIAN_POINT ( 'NONE',  ( -2.350000000000001421, 0.2418139511719357149, -3.423488475815656962 ) ) ;
#1668 = CYLINDRICAL_SURFACE ( 'NONE', #5597, 0.09999999999999964473 ) ;
#1669 = LINE ( 'NONE', #1779, #4725 ) ;
#1670 = LINE ( 'NONE', #5872, #5244 ) ;
#1671 = EDGE_CURVE ( 'NONE', #5063, #4203, #1067, .T. ) ;
#1672 = ADVANCED_FACE ( 'NONE', ( #2006 ), #3328, .F. ) ;
#1673 = DIRECTION ( 'NONE',  ( 0.000000000000000000, 0.000000000000000000, 1.000000000000000000 ) ) ;
#1674 = CARTESIAN_POINT ( 'NONE',  ( -14.76368599666425929, 0.000000000000000000, -1.060000000000000053 ) ) ;
#1675 = VERTEX_POINT ( 'NONE', #4727 ) ;
#1676 = EDGE_LOOP ( 'NONE', ( #4099, #558, #3885, #255 ) ) ;
#1677 = ORIENTED_EDGE ( 'NONE', *, *, #2646, .F. ) ;
#1678 = VERTEX_POINT ( 'NONE', #3389 ) ;
#1679 = CARTESIAN_POINT ( 'NONE',  ( -10.14057257920408261, -0.9900000000000003242, -0.9600000000000002975 ) ) ;
#1680 = CARTESIAN_POINT ( 'NONE',  ( -1.700000000000000622, -0.9899999999999984368, -1.135000000000000231 ) ) ;
#1681 = EDGE_CURVE ( 'NONE', #1886, #3559, #3358, .T. ) ;
#1682 = EDGE_CURVE ( 'NONE', #5191, #5126, #607, .T. ) ;
#1683 = ORIENTED_EDGE ( 'NONE', *, *, #4672, .T. ) ;
#1684 = DIRECTION ( 'NONE',  ( -0.000000000000000000, -0.000000000000000000, -1.000000000000000000 ) ) ;
#1685 = ORIENTED_EDGE ( 'NONE', *, *, #5534, .T. ) ;
#1686 = AXIS2_PLACEMENT_3D ( 'NONE', #5558, #2270, #4110 ) ;
#1687 = DIRECTION ( 'NONE',  ( -0.000000000000000000, -0.000000000000000000, -1.000000000000000000 ) ) ;
#1688 = CARTESIAN_POINT ( 'NONE',  ( -11.39053962160355837, 0.09281522335463987528, -1.135000000000000231 ) ) ;
#1689 = CARTESIAN_POINT ( 'NONE',  ( -5.576316527040901860, -5.431508564030775865, -6.660000000000001030 ) ) ;
#1690 = ORIENTED_EDGE ( 'NONE', *, *, #1097, .T. ) ;
#1691 = AXIS2_PLACEMENT_3D ( 'NONE', #3485, #5327, #705 ) ;
#1692 = EDGE_CURVE ( 'NONE', #300, #3870, #2406, .T. ) ;
#1693 = DIRECTION ( 'NONE',  ( -1.000000000000000000, -0.000000000000000000, -0.000000000000000000 ) ) ;
#1694 = DIRECTION ( 'NONE',  ( 0.000000000000000000, 0.000000000000000000, 1.000000000000000000 ) ) ;
#1695 = FACE_OUTER_BOUND ( 'NONE', #1, .T. ) ;
#1696 = CARTESIAN_POINT ( 'NONE',  ( -2.487220079441456289, -0.2968409399909877067, -3.423488475815656962 ) ) ;
#1697 = DIRECTION ( 'NONE',  ( -0.000000000000000000, -0.000000000000000000, -1.000000000000000000 ) ) ;
#1698 = AXIS2_PLACEMENT_3D ( 'NONE', #4542, #1811, #4081 ) ;
#1699 = AXIS2_PLACEMENT_3D ( 'NONE', #4841, #1659, #4385 ) ;
#1700 = AXIS2_PLACEMENT_3D ( 'NONE', #4745, #2786, #6008 ) ;
#1701 = EDGE_CURVE ( 'NONE', #3550, #728, #1395, .T. ) ;
#1702 = CIRCLE ( 'NONE', #643, 0.2500000000000000000 ) ;
#1703 = EDGE_CURVE ( 'NONE', #1595, #3689, #1288, .T. ) ;
#1704 = CARTESIAN_POINT ( 'NONE',  ( -10.25343092739265494, 5.431508564030776753, -0.9607596123493876705 ) ) ;
#1705 = DIRECTION ( 'NONE',  ( -0.000000000000000000, -1.000000000000000000, -0.000000000000000000 ) ) ;
#1706 = AXIS2_PLACEMENT_3D ( 'NONE', #3930, #5352, #3541 ) ;
#1707 = EDGE_CURVE ( 'NONE', #1678, #203, #2835, .T. ) ;
#1708 = ORIENTED_EDGE ( 'NONE', *, *, #1978, .F. ) ;
#1709 = ORIENTED_EDGE ( 'NONE', *, *, #2603, .F. ) ;
#1710 = ORIENTED_EDGE ( 'NONE', *, *, #3675, .F. ) ;
#1711 =( LENGTH_UNIT ( ) NAMED_UNIT ( * ) SI_UNIT ( $, .METRE. ) );
#1712 = EDGE_CURVE ( 'NONE', #1055, #412, #5561, .T. ) ;
#1713 = ORIENTED_EDGE ( 'NONE', *, *, #2902, .F. ) ;
#1714 = ORIENTED_EDGE ( 'NONE', *, *, #3888, .T. ) ;
#1715 = EDGE_CURVE ( 'NONE', #2605, #4416, #3267, .T. ) ;
#1716 = CARTESIAN_POINT ( 'NONE',  ( -9.623207721193939079, -1.189999999999998170, -0.8496342572279647065 ) ) ;
#1717 = ORIENTED_EDGE ( 'NONE', *, *, #3257, .T. ) ;
#1718 = EDGE_CURVE ( 'NONE', #4279, #445, #1859, .T. ) ;
#1720 = DIRECTION ( 'NONE',  ( 1.000000000000000000, 0.000000000000000000, 0.000000000000000000 ) ) ;
#1719 = CARTESIAN_POINT ( 'NONE',  ( -10.14057257920409327, 0.9549999999999977396, -0.9600000000000001865 ) ) ;
#1721 = DIRECTION ( 'NONE',  ( 1.000000000000000000, 5.551115123125782702E-17, 0.000000000000000000 ) ) ;
#1722 = CARTESIAN_POINT ( 'NONE',  ( -9.856250000000004619, 0.5602425708315851294, -1.135000000000000231 ) ) ;
#1723 = EDGE_LOOP ( 'NONE', ( #1186, #4707, #1996, #3584 ) ) ;
#1724 = DIRECTION ( 'NONE',  ( 1.000000000000000000, -6.344131569286583108E-15, 0.000000000000000000 ) ) ;
#1725 = FACE_OUTER_BOUND ( 'NONE', #717, .T. ) ;
#1726 = DIRECTION ( 'NONE',  ( -0.000000000000000000, 0.000000000000000000, 1.000000000000000000 ) ) ;
#1727 = DIRECTION ( 'NONE',  ( -0.000000000000000000, -0.9854601157443477755, -0.1699069165076472210 ) ) ;
#1728 = AXIS2_PLACEMENT_3D ( 'NONE', #380, #4048, #5920 ) ;
#1729 = LINE ( 'NONE', #1696, #4431 ) ;
#1730 = DIRECTION ( 'NONE',  ( 1.000000000000000000, 0.000000000000000000, 0.000000000000000000 ) ) ;
#1731 = EDGE_CURVE ( 'NONE', #1576, #3710, #1034, .T. ) ;
#1732 = DIRECTION ( 'NONE',  ( 1.000000000000000000, -0.000000000000000000, -0.000000000000000000 ) ) ;
#1733 = DIRECTION ( 'NONE',  ( -1.432545838226008399E-17, 1.000000000000000000, 0.000000000000000000 ) ) ;
#1734 = VERTEX_POINT ( 'NONE', #2466 ) ;
#1735 = ADVANCED_FACE ( 'NONE', ( #4327 ), #5149, .T. ) ;
#1736 = ORIENTED_EDGE ( 'NONE', *, *, #3022, .F. ) ;
#1737 = CIRCLE ( 'NONE', #2133, 0.09999999999999964473 ) ;
#1738 = CARTESIAN_POINT ( 'NONE',  ( -5.576316527040901860, -1.089999999999998082, -6.660000000000001030 ) ) ;
#1739 = DIRECTION ( 'NONE',  ( -0.000000000000000000, 0.000000000000000000, 1.000000000000000000 ) ) ;
#1740 = ORIENTED_EDGE ( 'NONE', *, *, #1527, .T. ) ;
#1741 = EDGE_CURVE ( 'NONE', #5889, #3449, #2343, .T. ) ;
#1742 = VECTOR ( 'NONE', #5602, 1.000000000000000000 ) ;
#1743 = ORIENTED_EDGE ( 'NONE', *, *, #2370, .F. ) ;
#1744 = DIRECTION ( 'NONE',  ( -0.000000000000000000, 0.000000000000000000, 1.000000000000000000 ) ) ;
#1745 = ORIENTED_EDGE ( 'NONE', *, *, #5407, .F. ) ;
#1746 = EDGE_CURVE ( 'NONE', #130, #5794, #5810, .T. ) ;
#1747 = CARTESIAN_POINT ( 'NONE',  ( -10.24474851850930790, -1.189999999999998170, -1.059999999999998277 ) ) ;
#1748 = CARTESIAN_POINT ( 'NONE',  ( -11.57500000000000107, 0.9899999999999984368, -1.135000000000000231 ) ) ;
#1749 = DIRECTION ( 'NONE',  ( 1.000000000000000000, 0.000000000000000000, -0.000000000000000000 ) ) ;
#1750 = ORIENTED_EDGE ( 'NONE', *, *, #1313, .F. ) ;
#1751 = AXIS2_PLACEMENT_3D ( 'NONE', #981, #64, #4644 ) ;
#1752 = ORIENTED_EDGE ( 'NONE', *, *, #5407, .T. ) ;
#1753 = EDGE_CURVE ( 'NONE', #808, #2342, #4733, .T. ) ;
#1754 = CARTESIAN_POINT ( 'NONE',  ( -12.22500000000000142, 1.189999999999998392, -0.9600000000000001865 ) ) ;
#1755 = CARTESIAN_POINT ( 'NONE',  ( -1.950000000000000622, 1.189999999999998392, -0.9600000000000001865 ) ) ;
#1756 = CARTESIAN_POINT ( 'NONE',  ( -13.82858983848622536, -0.9899999999999984368, -0.9600000000000001865 ) ) ;
#1757 = DIRECTION ( 'NONE',  ( 0.000000000000000000, 0.000000000000000000, -1.000000000000000000 ) ) ;
#1758 = PLANE ( 'NONE',  #2180 ) ;
#1759 = CARTESIAN_POINT ( 'NONE',  ( -9.556250000000003908, 0.9899999999999984368, -1.135000000000000231 ) ) ;
#1760 = DIRECTION ( 'NONE',  ( -1.000000000000000000, -6.265808957320107111E-17, 1.406570332511357463E-16 ) ) ;
#1761 = DIRECTION ( 'NONE',  ( 0.000000000000000000, -0.9854601157443477755, -0.1699069165076472210 ) ) ;
#1762 = EDGE_LOOP ( 'NONE', ( #1532, #5044, #2505, #209, #5366, #355, #4836, #5866, #374, #136, #3252, #3858, #3130, #577, #850 ) ) ;
#1763 = CARTESIAN_POINT ( 'NONE',  ( -5.190624999999995381, -0.9899999999999991029, -1.135000000000000231 ) ) ;
#1764 = VECTOR ( 'NONE', #39, 1.000000000000000000 ) ;
#1765 = VERTEX_POINT ( 'NONE', #270 ) ;
#1766 = EDGE_LOOP ( 'NONE', ( #902, #36, #1617, #4223 ) ) ;
#1767 = CARTESIAN_POINT ( 'NONE',  ( -10.24474851850930790, 5.431508564030776753, -1.009999999999998233 ) ) ;
#1768 = ORIENTED_EDGE ( 'NONE', *, *, #1081, .F. ) ;
#1769 = CARTESIAN_POINT ( 'NONE',  ( -9.306250000000003908, 0.9899999999999978817, -0.9600000000000005196 ) ) ;
#1770 = CYLINDRICAL_SURFACE ( 'NONE', #2973, 0.09999999999999964473 ) ;
#1771 = CARTESIAN_POINT ( 'NONE',  ( -5.576316527040904525, -0.9899999999999994360, -0.6600000000000010303 ) ) ;
#1772 = ADVANCED_FACE ( 'NONE', ( #242 ), #2123, .T. ) ;
#1773 = ORIENTED_EDGE ( 'NONE', *, *, #965, .F. ) ;
#1774 = ORIENTED_EDGE ( 'NONE', *, *, #2531, .F. ) ;
#1775 = FACE_OUTER_BOUND ( 'NONE', #4018, .T. ) ;
#1776 = FACE_OUTER_BOUND ( 'NONE', #5189, .T. ) ;
#1777 = PLANE ( 'NONE',  #1397 ) ;
#1778 = CIRCLE ( 'NONE', #3459, 0.07999999999999996003 ) ;
#1779 = CARTESIAN_POINT ( 'NONE',  ( -9.993470079441459930, -0.6530577941862261149, -1.135000000000000231 ) ) ;
#1780 = LINE ( 'NONE', #3653, #79 ) ;
#1781 = VECTOR ( 'NONE', #2193, 0.9999999999999998890 ) ;
#1782 = AXIS2_PLACEMENT_3D ( 'NONE', #3018, #4879, #5353 ) ;
#1783 = AXIS2_PLACEMENT_3D ( 'NONE', #3174, #947, #4118 ) ;
#1784 = ORIENTED_EDGE ( 'NONE', *, *, #2069, .F. ) ;
#1785 = EDGE_CURVE ( 'NONE', #1795, #1155, #4479, .T. ) ;
#1786 = AXIS2_PLACEMENT_3D ( 'NONE', #2366, #1061, #1453 ) ;
#1787 = CARTESIAN_POINT ( 'NONE',  ( -3.921569072607348438, 5.431508564030775865, -0.9607596123493884477 ) ) ;
#1788 = CARTESIAN_POINT ( 'NONE',  ( -10.24474851850930790, 1.089999999999998082, -1.059999999999998277 ) ) ;
#1789 = EDGE_CURVE ( 'NONE', #1293, #5484, #3961, .T. ) ;
#1790 = DIRECTION ( 'NONE',  ( 1.000000000000000000, 0.000000000000000000, -0.000000000000000000 ) ) ;
#1791 = ADVANCED_FACE ( 'NONE', ( #2030 ), #1638, .F. ) ;
#1792 = CIRCLE ( 'NONE', #2282, 0.2500000000000000000 ) ;
#1793 = VECTOR ( 'NONE', #4811, 1.000000000000000000 ) ;
#1794 = AXIS2_PLACEMENT_3D ( 'NONE', #1754, #3597, #3193 ) ;
#1795 = VERTEX_POINT ( 'NONE', #642 ) ;
#1796 = FACE_OUTER_BOUND ( 'NONE', #5675, .T. ) ;
#1797 = DIRECTION ( 'NONE',  ( -1.432545838226008399E-17, 1.000000000000000000, -0.000000000000000000 ) ) ;
#1798 = ORIENTED_EDGE ( 'NONE', *, *, #4547, .F. ) ;
#1799 = ORIENTED_EDGE ( 'NONE', *, *, #159, .T. ) ;
#1800 = CARTESIAN_POINT ( 'NONE',  ( -2.350000000000000533, -0.8999999999999999112, -0.9100000000000001421 ) ) ;
#1801 = VERTEX_POINT ( 'NONE', #2525 ) ;
#1803 = DIRECTION ( 'NONE',  ( -0.000000000000000000, -0.000000000000000000, -1.000000000000000000 ) ) ;
#1802 = DIRECTION ( 'NONE',  ( 0.000000000000000000, 0.000000000000000000, 1.000000000000000000 ) ) ;
#1804 = DIRECTION ( 'NONE',  ( 0.000000000000000000, 0.000000000000000000, -1.000000000000000000 ) ) ;
#1805 = DIRECTION ( 'NONE',  ( -1.483886295880788311E-16, 1.000000000000000000, 0.000000000000000000 ) ) ;
#1806 = ORIENTED_EDGE ( 'NONE', *, *, #5756, .F. ) ;
#1807 = EDGE_CURVE ( 'NONE', #5795, #1356, #2001, .T. ) ;
#1808 = EDGE_CURVE ( 'NONE', #3335, #3594, #1418, .T. ) ;
#1809 = ORIENTED_EDGE ( 'NONE', *, *, #5731, .T. ) ;
#1810 = PLANE ( 'NONE',  #158 ) ;
#1811 = DIRECTION ( 'NONE',  ( 1.000000000000000000, -0.000000000000000000, -0.000000000000000000 ) ) ;
#1812 = FACE_OUTER_BOUND ( 'NONE', #1676, .T. ) ;
#1813 = LINE ( 'NONE', #5144, #5102 ) ;
#1814 = LINE ( 'NONE', #3324, #2511 ) ;
#1815 = EDGE_LOOP ( 'NONE', ( #2291, #3644, #4447, #194, #4614, #2974, #2021, #4286, #3883, #4050, #168, #6004, #5543, #129, #5555, #2458, #3978, #701, #3371, #4761 ) ) ;
#1816 = VECTOR ( 'NONE', #2798, 1.000000000000000000 ) ;
#1817 = CIRCLE ( 'NONE', #4263, 0.2500000000000000000 ) ;
#1818 = VECTOR ( 'NONE', #1684, 1.000000000000000000 ) ;
#1819 = DIRECTION ( 'NONE',  ( 1.000000000000000000, 0.000000000000000000, 0.000000000000000000 ) ) ;
#1820 = CARTESIAN_POINT ( 'NONE',  ( -6.812499999999994671, -0.7399999999999997691, -3.423488475815656962 ) ) ;
#1821 = LINE ( 'NONE', #458, #2766 ) ;
#1822 = ADVANCED_FACE ( 'NONE', ( #301 ), #3083, .F. ) ;
#1823 = CIRCLE ( 'NONE', #369, 0.07999999999999996003 ) ;
#1824 = ORIENTED_EDGE ( 'NONE', *, *, #2341, .T. ) ;
#1825 = LINE ( 'NONE', #3010, #4580 ) ;
#1826 = CARTESIAN_POINT ( 'NONE',  ( -0.5964101615137744616, 0.7399999999999984368, -0.9599999999999999645 ) ) ;
#1827 = ORIENTED_EDGE ( 'NONE', *, *, #2578, .F. ) ;
#1828 = ORIENTED_EDGE ( 'NONE', *, *, #3888, .F. ) ;
#1829 = AXIS2_PLACEMENT_3D ( 'NONE', #407, #3616, #810 ) ;
#1830 = CYLINDRICAL_SURFACE ( 'NONE', #2253, 0.2500000000000000000 ) ;
#1831 = ORIENTED_EDGE ( 'NONE', *, *, #3413, .T. ) ;
#1832 = DIRECTION ( 'NONE',  ( 1.000000000000000000, 0.000000000000000000, -0.000000000000000000 ) ) ;
#1834 = LINE ( 'NONE', #4987, #3409 ) ;
#1833 =( NAMED_UNIT ( * ) SI_UNIT ( $, .STERADIAN. ) SOLID_ANGLE_UNIT ( ) );
#1835 = FACE_OUTER_BOUND ( 'NONE', #1331, .T. ) ;
#1836 = PLANE ( 'NONE',  #2582 ) ;
#1837 = AXIS2_PLACEMENT_3D ( 'NONE', #3751, #3690, #1432 ) ;
#1838 = ORIENTED_EDGE ( 'NONE', *, *, #5569, .F. ) ;
#1839 = ORIENTED_EDGE ( 'NONE', *, *, #2808, .F. ) ;
#1840 = DIRECTION ( 'NONE',  ( 0.000000000000000000, -1.000000000000000000, 0.000000000000000000 ) ) ;
#1841 = LINE ( 'NONE', #3163, #2087 ) ;
#1842 = CARTESIAN_POINT ( 'NONE',  ( -9.956250000000004263, -0.5602425708315862396, -3.423488475815656962 ) ) ;
#1843 = CARTESIAN_POINT ( 'NONE',  ( -7.934375000000004619, 0.9899999999999979927, -0.9600000000000007416 ) ) ;
#1844 = CYLINDRICAL_SURFACE ( 'NONE', #5622, 6.000000000000000000 ) ;
#1845 = AXIS2_PLACEMENT_3D ( 'NONE', #5220, #3819, #2905 ) ;
#1846 = ADVANCED_FACE ( 'NONE', ( #5752 ), #2058, .F. ) ;
#1847 = ORIENTED_EDGE ( 'NONE', *, *, #2604, .T. ) ;
#1848 = AXIS2_PLACEMENT_3D ( 'NONE', #4270, #5636, #2837 ) ;
#1849 = CARTESIAN_POINT ( 'NONE',  ( -5.190624999999995381, 0.9899999999999981037, -0.9600000000000012967 ) ) ;
#1850 = CARTESIAN_POINT ( 'NONE',  ( -7.362500000000006040, -0.7399999999999997691, -0.9599999999999999645 ) ) ;
#1851 = DIRECTION ( 'NONE',  ( 0.000000000000000000, -0.9901138386947148096, -0.1402661271484180183 ) ) ;
#1852 = EDGE_CURVE ( 'NONE', #3822, #2041, #648, .T. ) ;
#1853 = ORIENTED_EDGE ( 'NONE', *, *, #2957, .T. ) ;
#1854 = DIRECTION ( 'NONE',  ( -0.000000000000000000, 0.000000000000000000, 1.000000000000000000 ) ) ;
#1855 = CARTESIAN_POINT ( 'NONE',  ( -11.62199172529726354, 0.000000000000000000, -0.9600000000000001865 ) ) ;
#1856 = VERTEX_POINT ( 'NONE', #2588 ) ;
#1857 = ADVANCED_FACE ( 'NONE', ( #4450, #3421 ), #5269, .F. ) ;
#1858 = ORIENTED_EDGE ( 'NONE', *, *, #1707, .F. ) ;
#1859 = CIRCLE ( 'NONE', #5276, 0.2500000000000000000 ) ;
#1860 = CARTESIAN_POINT ( 'NONE',  ( -2.821680457837898004, -2.220446049250313081E-16, -3.423488475815656962 ) ) ;
#1861 = ORIENTED_EDGE ( 'NONE', *, *, #2763, .T. ) ;
#1863 = EDGE_CURVE ( 'NONE', #3639, #1149, #1100, .T. ) ;
#1862 = DIRECTION ( 'NONE',  ( -1.432545838226008708E-17, -1.000000000000000000, 0.000000000000000000 ) ) ;
#1865 = CARTESIAN_POINT ( 'NONE',  ( -11.82500000000000107, -1.190000000000000613, -0.9600000000000001865 ) ) ;
#1864 =( NAMED_UNIT ( * ) SI_UNIT ( $, .STERADIAN. ) SOLID_ANGLE_UNIT ( ) );
#1866 = LINE ( 'NONE', #3155, #538 ) ;
#1867 = CARTESIAN_POINT ( 'NONE',  ( -10.29474851850930861, 1.189999999999998170, -1.009999999999998233 ) ) ;
#1868 = ADVANCED_FACE ( 'NONE', ( #2986 ), #674, .F. ) ;
#1869 = ORIENTED_EDGE ( 'NONE', *, *, #1289, .T. ) ;
#1870 = ORIENTED_EDGE ( 'NONE', *, *, #5472, .F. ) ;
#1871 = FACE_OUTER_BOUND ( 'NONE', #618, .T. ) ;
#1872 = DIRECTION ( 'NONE',  ( 1.000000000000000000, 0.000000000000000000, -0.000000000000000000 ) ) ;
#1873 = DIRECTION ( 'NONE',  ( -0.9281522335464009732, -0.3722007944145567238, 0.000000000000000000 ) ) ;
#1874 = CYLINDRICAL_SURFACE ( 'NONE', #5687, 5.900000000000000355 ) ;
#1875 = DIRECTION ( 'NONE',  ( -1.000000000000000000, -1.879742687196032133E-16, 1.930822651522010582E-16 ) ) ;
#1876 = ORIENTED_EDGE ( 'NONE', *, *, #1852, .F. ) ;
#1877 = EDGE_CURVE ( 'NONE', #2649, #815, #1605, .T. ) ;
#1878 = ORIENTED_EDGE ( 'NONE', *, *, #3204, .F. ) ;
#1879 = DIRECTION ( 'NONE',  ( 1.000000000000000000, 0.000000000000000000, 0.000000000000000000 ) ) ;
#1881 = AXIS2_PLACEMENT_3D ( 'NONE', #601, #3445, #631 ) ;
#1880 = DIRECTION ( 'NONE',  ( -0.000000000000000000, 0.000000000000000000, 1.000000000000000000 ) ) ;
#1882 = DIRECTION ( 'NONE',  ( 0.9281522335464011952, -0.3722007944145563352, 0.000000000000000000 ) ) ;
#1883 = CARTESIAN_POINT ( 'NONE',  ( -1.850000000000000533, 0.3418139511719356927, -1.135000000000000231 ) ) ;
#1884 = ADVANCED_FACE ( 'NONE', ( #703 ), #4629, .T. ) ;
#1885 = AXIS2_PLACEMENT_3D ( 'NONE', #4143, #5500, #1366 ) ;
#1886 = VERTEX_POINT ( 'NONE', #414 ) ;
#1887 = DIRECTION ( 'NONE',  ( -0.000000000000000000, 1.000000000000000000, -0.000000000000000000 ) ) ;
#1888 = LINE ( 'NONE', #919, #3531 ) ;
#1889 = AXIS2_PLACEMENT_3D ( 'NONE', #665, #4871, #697 ) ;
#1890 = ORIENTED_EDGE ( 'NONE', *, *, #1712, .T. ) ;
#1891 = VECTOR ( 'NONE', #2262, 1.000000000000000000 ) ;
#1892 = EDGE_LOOP ( 'NONE', ( #2417, #686, #1587, #556, #3942, #4243 ) ) ;
#1893 = CARTESIAN_POINT ( 'NONE',  ( 0.000000000000000000, 0.000000000000000000, -0.9600000000000001865 ) ) ;
#1894 = ORIENTED_EDGE ( 'NONE', *, *, #4973, .F. ) ;
#1895 = LINE ( 'NONE', #5097, #1994 ) ;
#1896 = CARTESIAN_POINT ( 'NONE',  ( -10.24474851850930790, -1.189999999999998170, -1.009999999999998233 ) ) ;
#1897 = DIRECTION ( 'NONE',  ( 1.224646799147353207E-16, -1.000000000000000000, 0.000000000000000000 ) ) ;
#1898 = CARTESIAN_POINT ( 'NONE',  ( -3.921569072607348438, 5.431508564030775865, -0.9607596123493884477 ) ) ;
#1899 = ORIENTED_EDGE ( 'NONE', *, *, #3966, .T. ) ;
#1900 = ORIENTED_EDGE ( 'NONE', *, *, #3526, .T. ) ;
#1901 = EDGE_CURVE ( 'NONE', #2316, #3615, #2757, .T. ) ;
#1902 = DIRECTION ( 'NONE',  ( 1.000000000000000000, 0.000000000000000000, 0.000000000000000000 ) ) ;
#1903 = DIRECTION ( 'NONE',  ( 1.000000000000000000, 0.000000000000000000, -0.000000000000000000 ) ) ;
#1904 = DIRECTION ( 'NONE',  ( 0.000000000000000000, 0.9901138386947148096, 0.1402661271484180183 ) ) ;
#1905 = DIRECTION ( 'NONE',  ( -1.000000000000000000, -6.265808957320107111E-17, -0.000000000000000000 ) ) ;
#1906 = CYLINDRICAL_SURFACE ( 'NONE', #2996, 0.05000000000000071054 ) ;
#1907 = ORIENTED_EDGE ( 'NONE', *, *, #5314, .F. ) ;
#1908 = VERTEX_POINT ( 'NONE', #5466 ) ;
#1909 = DIRECTION ( 'NONE',  ( -1.000000000000000000, -1.879742687196032133E-16, 1.930822651522010582E-16 ) ) ;
#1910 = PLANE ( 'NONE',  #384 ) ;
#1911 = CARTESIAN_POINT ( 'NONE',  ( -3.930251481490694587, 1.189999999999998392, -1.059999999999999165 ) ) ;
#1912 = FACE_OUTER_BOUND ( 'NONE', #1487, .T. ) ;
#1913 = VECTOR ( 'NONE', #4662, 1.000000000000000000 ) ;
#1914 = VECTOR ( 'NONE', #599, 1.000000000000000000 ) ;
#1915 = ADVANCED_FACE ( 'NONE', ( #326 ), #5050, .F. ) ;
#1916 = ORIENTED_EDGE ( 'NONE', *, *, #3872, .F. ) ;
#1917 = DIRECTION ( 'NONE',  ( 0.000000000000000000, -0.9854601157443477755, 0.1699069165076472210 ) ) ;
#1918 = CARTESIAN_POINT ( 'NONE',  ( -8.984375000000005329, -0.9900000000000001021, -0.9600000000000005196 ) ) ;
#1919 = VECTOR ( 'NONE', #4998, 1.000000000000000000 ) ;
#1920 = ORIENTED_EDGE ( 'NONE', *, *, #2422, .F. ) ;
#1921 = ORIENTED_EDGE ( 'NONE', *, *, #4132, .F. ) ;
#1922 = VECTOR ( 'NONE', #3946, 1.000000000000000000 ) ;
#1923 = ORIENTED_EDGE ( 'NONE', *, *, #4365, .T. ) ;
#1924 = EDGE_CURVE ( 'NONE', #4902, #2635, #2980, .T. ) ;
#1925 = CARTESIAN_POINT ( 'NONE',  ( -2.350000000000001421, 0.2418139511719357149, -1.135000000000000231 ) ) ;
#1926 = ORIENTED_EDGE ( 'NONE', *, *, #2437, .F. ) ;
#1927 = LINE ( 'NONE', #3799, #2773 ) ;
#1928 = LINE ( 'NONE', #2818, #4867 ) ;
#1929 = CARTESIAN_POINT ( 'NONE',  ( -12.22500000000000142, 0.7399999999999984368, -0.9600000000000001865 ) ) ;
#1930 = ORIENTED_EDGE ( 'NONE', *, *, #5203, .F. ) ;
#1931 = ADVANCED_FACE ( 'NONE', ( #1775 ), #2700, .F. ) ;
#1932 = ORIENTED_EDGE ( 'NONE', *, *, #5389, .T. ) ;
#1933 = EDGE_CURVE ( 'NONE', #2792, #4416, #4965, .T. ) ;
#1934 = DIRECTION ( 'NONE',  ( 1.000000000000000000, 0.000000000000000000, 0.000000000000000000 ) ) ;
#1935 = DIRECTION ( 'NONE',  ( -0.1736481776669226984, -2.487589742322805819E-18, 0.9848077530122094636 ) ) ;
#1936 = CARTESIAN_POINT ( 'NONE',  ( -9.623207721193939079, -1.089999999999998082, -0.8496342572279647065 ) ) ;
#1937 = VECTOR ( 'NONE', #5767, 1.000000000000000000 ) ;
#1938 = LINE ( 'NONE', #3385, #1215 ) ;
#1939 = DIRECTION ( 'NONE',  ( 1.000000000000000000, 0.000000000000000000, 0.000000000000000000 ) ) ;
#1940 = VERTEX_POINT ( 'NONE', #5985 ) ;
#1941 = EDGE_CURVE ( 'NONE', #2977, #1535, #4992, .T. ) ;
#1942 = ORIENTED_EDGE ( 'NONE', *, *, #3411, .F. ) ;
#1943 = DIRECTION ( 'NONE',  ( 0.000000000000000000, 1.000000000000000000, 0.000000000000000000 ) ) ;
#1945 = VECTOR ( 'NONE', #4826, 1.000000000000000000 ) ;
#1944 = DIRECTION ( 'NONE',  ( 1.000000000000000000, 0.000000000000000000, 0.000000000000000000 ) ) ;
#1946 = DIRECTION ( 'NONE',  ( -1.000000000000000000, -0.000000000000000000, -0.000000000000000000 ) ) ;
#1947 = ADVANCED_FACE ( 'NONE', ( #4108 ), #5868, .F. ) ;
#1948 = CIRCLE ( 'NONE', #2445, 0.09999999999999997780 ) ;
#1949 = VERTEX_POINT ( 'NONE', #3648 ) ;
#1950 = CARTESIAN_POINT ( 'NONE',  ( -1.950000000000000622, 1.189999999999998392, -0.9600000000000001865 ) ) ;
#1951 = CARTESIAN_POINT ( 'NONE',  ( -12.22500000000000142, 0.7399999999999984368, -1.135000000000000231 ) ) ;
#1952 = ORIENTED_EDGE ( 'NONE', *, *, #3015, .T. ) ;
#1953 = VECTOR ( 'NONE', #4276, 1.000000000000000000 ) ;
#1954 = EDGE_LOOP ( 'NONE', ( #3374, #2894, #2887, #2354 ) ) ;
#1955 = ORIENTED_EDGE ( 'NONE', *, *, #1712, .F. ) ;
#1956 = EDGE_CURVE ( 'NONE', #4446, #1479, #5899, .T. ) ;
#1957 = CYLINDRICAL_SURFACE ( 'NONE', #510, 0.2500000000000000000 ) ;
#1958 = VERTEX_POINT ( 'NONE', #874 ) ;
#1959 = DIRECTION ( 'NONE',  ( 1.000000000000000000, 0.000000000000000000, -0.000000000000000000 ) ) ;
#1960 = FACE_OUTER_BOUND ( 'NONE', #2424, .T. ) ;
#1961 = VERTEX_POINT ( 'NONE', #5497 ) ;
#1962 = VERTEX_POINT ( 'NONE', #5442 ) ;
#1963 = CYLINDRICAL_SURFACE ( 'NONE', #3788, 0.1499999999999999112 ) ;
#1964 = EDGE_CURVE ( 'NONE', #4927, #57, #3572, .T. ) ;
#1965 = CARTESIAN_POINT ( 'NONE',  ( -5.440624999999995381, -0.9899999999999991029, -1.135000000000000231 ) ) ;
#1966 = CARTESIAN_POINT ( 'NONE',  ( -0.2651845289799109606, 1.189999999999998392, -1.503936198047713502 ) ) ;
#1967 = EDGE_CURVE ( 'NONE', #5446, #3745, #1332, .T. ) ;
#1968 = DIRECTION ( 'NONE',  ( 0.000000000000000000, -0.000000000000000000, 1.000000000000000000 ) ) ;
#1969 = LINE ( 'NONE', #700, #4070 ) ;
#1970 = ORIENTED_EDGE ( 'NONE', *, *, #228, .T. ) ;
#1971 = ORIENTED_EDGE ( 'NONE', *, *, #2129, .F. ) ;
#1972 = DIRECTION ( 'NONE',  ( 1.000000000000000000, 0.000000000000000000, 0.000000000000000000 ) ) ;
#1973 = LINE ( 'NONE', #2467, #241 ) ;
#1974 = DIRECTION ( 'NONE',  ( -1.000000000000000000, 0.000000000000000000, 0.000000000000000000 ) ) ;
#1975 = CARTESIAN_POINT ( 'NONE',  ( -1.949999999999999734, -0.9899999999999984368, -1.135000000000000231 ) ) ;
#1976 = ADVANCED_FACE ( 'NONE', ( #2729 ), #1810, .T. ) ;
#1977 = VECTOR ( 'NONE', #2827, 1.000000000000000000 ) ;
#1978 = EDGE_CURVE ( 'NONE', #3587, #203, #1028, .T. ) ;
#1979 = ADVANCED_FACE ( 'NONE', ( #905 ), #816, .T. ) ;
#1980 = VERTEX_POINT ( 'NONE', #5927 ) ;
#1981 = CARTESIAN_POINT ( 'NONE',  ( -8.184375000000004619, 0.9899999999999984368, -0.9600000000000001865 ) ) ;
#1982 = CARTESIAN_POINT ( 'NONE',  ( -12.22500000000000142, -0.2000000000000000111, -0.8250000000000000666 ) ) ;
#1983 = AXIS2_PLACEMENT_3D ( 'NONE', #1554, #4764, #4958 ) ;
#1984 = EDGE_LOOP ( 'NONE', ( #1926, #24, #4887, #841 ) ) ;
#1985 = EDGE_LOOP ( 'NONE', ( #269, #2135 ) ) ;
#1986 = VECTOR ( 'NONE', #3417, 1.000000000000000000 ) ;
#1987 = AXIS2_PLACEMENT_3D ( 'NONE', #2409, #4190, #1832 ) ;
#1988 = ORIENTED_EDGE ( 'NONE', *, *, #5230, .F. ) ;
#1989 =( GEOMETRIC_REPRESENTATION_CONTEXT ( 3 ) GLOBAL_UNCERTAINTY_ASSIGNED_CONTEXT ( ( #4019 ) ) GLOBAL_UNIT_ASSIGNED_CONTEXT ( ( #1711, #5428, #2138 ) ) REPRESENTATION_CONTEXT ( 'NONE', 'WORKASPACE' ) );
#1990 = CARTESIAN_POINT ( 'NONE',  ( -0.2651845289799109606, -1.190000000000001057, -1.503936198047713502 ) ) ;
#1991 = LINE ( 'NONE', #3315, #3993 ) ;
#1992 = VECTOR ( 'NONE', #4658, 1.000000000000000000 ) ;
#1993 = CIRCLE ( 'NONE', #5397, 0.05000000000000071054 ) ;
#1994 = VECTOR ( 'NONE', #1382, 1.000000000000000000 ) ;
#1995 = EDGE_LOOP ( 'NONE', ( #1368, #3556, #2614, #5938 ) ) ;
#1996 = ORIENTED_EDGE ( 'NONE', *, *, #2937, .F. ) ;
#1997 = VECTOR ( 'NONE', #3574, 1.000000000000000000 ) ;
#1998 = DIRECTION ( 'NONE',  ( -1.000000000000000000, 1.190114376038054893E-16, 0.000000000000000000 ) ) ;
#1999 = LINE ( 'NONE', #3864, #1018 ) ;
#2000 = CARTESIAN_POINT ( 'NONE',  ( -7.362500000000006040, 0.7399999999999979927, -1.135000000000000231 ) ) ;
#2001 = CIRCLE ( 'NONE', #2091, 6.000000000000000000 ) ;
#2002 = FACE_OUTER_BOUND ( 'NONE', #4157, .T. ) ;
#2003 = CARTESIAN_POINT ( 'NONE',  ( -4.318749999999996092, 0.7080847830052794389, -0.9600000000000001865 ) ) ;
#2004 = ORIENTED_EDGE ( 'NONE', *, *, #3982, .T. ) ;
#2005 = ORIENTED_EDGE ( 'NONE', *, *, #2968, .T. ) ;
#2006 = FACE_OUTER_BOUND ( 'NONE', #5031, .T. ) ;
#2007 = CARTESIAN_POINT ( 'NONE',  ( -2.914659381970696644E-16, 1.189999999999998392, -0.9600000000000001865 ) ) ;
#2008 = CARTESIAN_POINT ( 'NONE',  ( -5.190624999999995381, -0.7399999999999994360, -0.9600000000000001865 ) ) ;
#2009 = CARTESIAN_POINT ( 'NONE',  ( -5.576316527040902749, -1.089999999999998082, -0.7600000000000010081 ) ) ;
#2010 = DIRECTION ( 'NONE',  ( -0.000000000000000000, -0.000000000000000000, -1.000000000000000000 ) ) ;
#2011 = DIRECTION ( 'NONE',  ( -0.000000000000000000, 1.000000000000000000, -0.000000000000000000 ) ) ;
#2012 = CARTESIAN_POINT ( 'NONE',  ( -14.17500000000000071, 0.8750000000000000000, -1.060000000000000053 ) ) ;
#2013 = ORIENTED_EDGE ( 'NONE', *, *, #774, .T. ) ;
#2014 = ORIENTED_EDGE ( 'NONE', *, *, #5793, .F. ) ;
#2015 = EDGE_CURVE ( 'NONE', #4251, #2969, #933, .T. ) ;
#2016 = ORIENTED_EDGE ( 'NONE', *, *, #4290, .T. ) ;
#2017 = VECTOR ( 'NONE', #1064, 1.000000000000000000 ) ;
#2018 = ORIENTED_EDGE ( 'NONE', *, *, #5185, .F. ) ;
#2019 = CARTESIAN_POINT ( 'NONE',  ( 0.000000000000000000, 0.8750000000000000000, -1.060000000000000053 ) ) ;
#2020 = LINE ( 'NONE', #1144, #1937 ) ;
#2021 = ORIENTED_EDGE ( 'NONE', *, *, #2422, .T. ) ;
#2022 = ORIENTED_EDGE ( 'NONE', *, *, #2708, .T. ) ;
#2023 = LINE ( 'NONE', #629, #2508 ) ;
#2024 = FACE_OUTER_BOUND ( 'NONE', #619, .T. ) ;
#2025 = LINE ( 'NONE', #4356, #2076 ) ;
#2026 = LINE ( 'NONE', #55, #1986 ) ;
#2027 = CARTESIAN_POINT ( 'NONE',  ( -0.3464101615137744061, 0.3418139511719356927, -1.135000000000000231 ) ) ;
#2028 = EDGE_LOOP ( 'NONE', ( #2893, #1798, #4749, #5130 ) ) ;
#2029 = ORIENTED_EDGE ( 'NONE', *, *, #4407, .T. ) ;
#2030 = FACE_OUTER_BOUND ( 'NONE', #5878, .T. ) ;
#2031 = FACE_OUTER_BOUND ( 'NONE', #3461, .T. ) ;
#2032 = LINE ( 'NONE', #4269, #775 ) ;
#2033 = CARTESIAN_POINT ( 'NONE',  ( -11.34993198115552282, 0.000000000000000000, -0.9600000000000001865 ) ) ;
#2034 = AXIS2_PLACEMENT_3D ( 'NONE', #60, #2247, #2836 ) ;
#2035 = DIRECTION ( 'NONE',  ( -0.000000000000000000, 0.000000000000000000, -1.000000000000000000 ) ) ;
#2036 = DIRECTION ( 'NONE',  ( 0.000000000000000000, 0.000000000000000000, 1.000000000000000000 ) ) ;
#2037 = CARTESIAN_POINT ( 'NONE',  ( -13.72858983848622572, -0.3418139511719356927, -1.135000000000000231 ) ) ;
#2038 = EDGE_CURVE ( 'NONE', #5429, #1734, #416, .T. ) ;
#2039 = EDGE_LOOP ( 'NONE', ( #1511, #1970, #134, #8, #3340, #4526, #1569, #2046, #5018, #5507, #1474, #829, #2486, #778, #4202, #4399, #5335, #910, #1015, #5943 ) ) ;
#2040 = CIRCLE ( 'NONE', #391, 6.000000000000000000 ) ;
#2041 = VERTEX_POINT ( 'NONE', #3650 ) ;
#2042 = VERTEX_POINT ( 'NONE', #1424 ) ;
#2043 = ORIENTED_EDGE ( 'NONE', *, *, #2708, .F. ) ;
#2044 = DIRECTION ( 'NONE',  ( -0.000000000000000000, 0.000000000000000000, 1.000000000000000000 ) ) ;
#2045 = DIRECTION ( 'NONE',  ( -0.000000000000000000, 0.000000000000000000, -1.000000000000000000 ) ) ;
#2046 = ORIENTED_EDGE ( 'NONE', *, *, #4021, .T. ) ;
#2047 = ADVANCED_FACE ( 'NONE', ( #3226 ), #2796, .F. ) ;
#2048 = PLANE ( 'NONE',  #765 ) ;
#2049 = VERTEX_POINT ( 'NONE', #5499 ) ;
#2050 = EDGE_CURVE ( 'NONE', #3762, #1908, #4659, .T. ) ;
#2051 = EDGE_CURVE ( 'NONE', #4298, #3381, #5004, .T. ) ;
#2052 = CARTESIAN_POINT ( 'NONE',  ( -1.700000000000000622, -0.7399999999999984368, -0.9599999999999999645 ) ) ;
#2053 = FACE_OUTER_BOUND ( 'NONE', #2744, .T. ) ;
#2054 = CARTESIAN_POINT ( 'NONE',  ( 0.000000000000000000, 0.000000000000000000, -1.160000000000000142 ) ) ;
#2055 = DIRECTION ( 'NONE',  ( 0.9281522335464010842, 0.3722007944145568348, -0.000000000000000000 ) ) ;
#2056 = VERTEX_POINT ( 'NONE', #6017 ) ;
#2057 = VERTEX_POINT ( 'NONE', #876 ) ;
#2058 = CYLINDRICAL_SURFACE ( 'NONE', #4638, 0.09999999999999964473 ) ;
#2059 = FACE_OUTER_BOUND ( 'NONE', #4154, .T. ) ;
#2060 = AXIS2_PLACEMENT_3D ( 'NONE', #4268, #1490, #1879 ) ;
#2061 = PLANE ( 'NONE',  #2474 ) ;
#2062 = DIRECTION ( 'NONE',  ( 0.000000000000000000, 0.000000000000000000, -1.000000000000000000 ) ) ;
#2063 = DIRECTION ( 'NONE',  ( -1.000000000000000000, 0.000000000000000000, 0.000000000000000000 ) ) ;
#2064 = EDGE_CURVE ( 'NONE', #1149, #1622, #2856, .T. ) ;
#2065 = ORIENTED_EDGE ( 'NONE', *, *, #151, .T. ) ;
#2066 = CARTESIAN_POINT ( 'NONE',  ( -8.598683472959089968, 0.9899999999999978817, -0.6600000000000002531 ) ) ;
#2067 = DIRECTION ( 'NONE',  ( -0.000000000000000000, 0.000000000000000000, 1.000000000000000000 ) ) ;
#2068 = ORIENTED_EDGE ( 'NONE', *, *, #106, .T. ) ;
#2069 = EDGE_CURVE ( 'NONE', #1180, #3981, #1334, .T. ) ;
#2070 = ORIENTED_EDGE ( 'NONE', *, *, #1158, .T. ) ;
#2071 = EDGE_LOOP ( 'NONE', ( #4346, #4687, #5178, #892, #2916, #2523, #3420, #5857 ) ) ;
#2072 = ORIENTED_EDGE ( 'NONE', *, *, #4509, .T. ) ;
#2073 = AXIS2_PLACEMENT_3D ( 'NONE', #5030, #4456, #5823 ) ;
#2074 = CARTESIAN_POINT ( 'NONE',  ( -2.600000000000000533, -0.7399999999999988809, -1.135000000000000231 ) ) ;
#2075 = DIRECTION ( 'NONE',  ( 1.000000000000000000, 0.000000000000000000, 0.000000000000000000 ) ) ;
#2076 = VECTOR ( 'NONE', #3896, 1.000000000000000000 ) ;
#2077 = STYLED_ITEM ( 'NONE', ( #809 ), #3005 ) ;
#2078 = ORIENTED_EDGE ( 'NONE', *, *, #2718, .F. ) ;
#2079 = DIRECTION ( 'NONE',  ( -0.000000000000000000, 0.000000000000000000, 1.000000000000000000 ) ) ;
#2080 = EDGE_LOOP ( 'NONE', ( #5267, #2332, #4735, #657, #101, #474, #999, #5119, #2586, #3760, #2630, #5973, #992, #1743, #1920, #3481 ) ) ;
#2081 = CARTESIAN_POINT ( 'NONE',  ( -2.600000000000000533, -0.7399999999999988809, 0.000000000000000000 ) ) ;
#2082 = DIRECTION ( 'NONE',  ( 1.000000000000000000, 0.000000000000000000, 0.000000000000000000 ) ) ;
#2083 = VECTOR ( 'NONE', #602, 1.000000000000000000 ) ;
#2084 = EDGE_CURVE ( 'NONE', #1675, #4374, #5111, .T. ) ;
#2085 = FACE_OUTER_BOUND ( 'NONE', #192, .T. ) ;
#2086 = LINE ( 'NONE', #3927, #3300 ) ;
#2087 = VECTOR ( 'NONE', #5954, 1.000000000000000000 ) ;
#2088 = ORIENTED_EDGE ( 'NONE', *, *, #1058, .F. ) ;
#2089 = CIRCLE ( 'NONE', #5107, 0.2500000000000000000 ) ;
#2090 = VERTEX_POINT ( 'NONE', #938 ) ;
#2091 = AXIS2_PLACEMENT_3D ( 'NONE', #1216, #2952, #2552 ) ;
#2092 = DIRECTION ( 'NONE',  ( -0.000000000000000000, 0.000000000000000000, 1.000000000000000000 ) ) ;
#2093 = FACE_OUTER_BOUND ( 'NONE', #596, .T. ) ;
#2094 = CARTESIAN_POINT ( 'NONE',  ( -1.950000000000000622, 1.189999999999998392, -0.9600000000000001865 ) ) ;
#2095 = DIRECTION ( 'NONE',  ( 1.000000000000000000, 0.000000000000000000, 0.000000000000000000 ) ) ;
#2096 = DIRECTION ( 'NONE',  ( 0.000000000000000000, -0.9901138386947149206, 0.1402661271484180461 ) ) ;
#2097 = CARTESIAN_POINT ( 'NONE',  ( -2.350000000000000533, -0.7399999999999988809, -0.9600000000000001865 ) ) ;
#2098 = DIRECTION ( 'NONE',  ( 0.000000000000000000, -0.000000000000000000, -1.000000000000000000 ) ) ;
#2099 = VERTEX_POINT ( 'NONE', #2335 ) ;
#2100 = ORIENTED_EDGE ( 'NONE', *, *, #234, .F. ) ;
#2101 = ADVANCED_FACE ( 'NONE', ( #1812 ), #54, .F. ) ;
#2102 = VERTEX_POINT ( 'NONE', #4199 ) ;
#2103 = ORIENTED_EDGE ( 'NONE', *, *, #742, .F. ) ;
#2104 = DIRECTION ( 'NONE',  ( 0.000000000000000000, 0.000000000000000000, 1.000000000000000000 ) ) ;
#2105 = DIRECTION ( 'NONE',  ( -0.000000000000000000, 0.000000000000000000, 1.000000000000000000 ) ) ;
#2106 = ADVANCED_FACE ( 'NONE', ( #3260 ), #5628, .F. ) ;
#2107 = ORIENTED_EDGE ( 'NONE', *, *, #4280, .T. ) ;
#2108 = AXIS2_PLACEMENT_3D ( 'NONE', #5491, #4653, #2725 ) ;
#2109 = VECTOR ( 'NONE', #3398, 1.000000000000000000 ) ;
#2110 = VECTOR ( 'NONE', #2079, 1.000000000000000000 ) ;
#2111 = FACE_OUTER_BOUND ( 'NONE', #4123, .T. ) ;
#2112 = ORIENTED_EDGE ( 'NONE', *, *, #1297, .T. ) ;
#2113 = CARTESIAN_POINT ( 'NONE',  ( -12.22500000000000142, 1.189999999999998392, -0.9600000000000001865 ) ) ;
#2114 = LINE ( 'NONE', #5804, #2484 ) ;
#2115 = DIRECTION ( 'NONE',  ( -0.000000000000000000, 0.000000000000000000, 1.000000000000000000 ) ) ;
#2116 = ADVANCED_FACE ( 'NONE', ( #1365 ), #1777, .F. ) ;
#2117 = AXIS2_PLACEMENT_3D ( 'NONE', #5501, #735, #2157 ) ;
#2118 = ORIENTED_EDGE ( 'NONE', *, *, #3256, .T. ) ;
#2119 = ADVANCED_FACE ( 'NONE', ( #3773 ), #5594, .F. ) ;
#2120 = ORIENTED_EDGE ( 'NONE', *, *, #402, .T. ) ;
#2121 = ORIENTED_EDGE ( 'NONE', *, *, #5216, .F. ) ;
#2122 = UNCERTAINTY_MEASURE_WITH_UNIT (LENGTH_MEASURE( 1.000000000000000082E-05 ), #2205, 'distance_accuracy_value', 'NONE');
#2123 = CYLINDRICAL_SURFACE ( 'NONE', #3657, 0.1499999999999999112 ) ;
#2124 = DIRECTION ( 'NONE',  ( -0.000000000000000000, 0.000000000000000000, 1.000000000000000000 ) ) ;
#2125 = CARTESIAN_POINT ( 'NONE',  ( -12.22500000000000142, -0.7399999999999984368, 0.000000000000000000 ) ) ;
#2126 = CARTESIAN_POINT ( 'NONE',  ( -12.22500000000000142, -0.8000000000000000444, -0.9100000000000001421 ) ) ;
#2127 = DIRECTION ( 'NONE',  ( 1.000000000000000000, 0.000000000000000000, 0.000000000000000000 ) ) ;
#2128 = EDGE_CURVE ( 'NONE', #1479, #4523, #4601, .T. ) ;
#2129 = EDGE_CURVE ( 'NONE', #4838, #5126, #4226, .T. ) ;
#2130 = DIRECTION ( 'NONE',  ( 0.9281522335464009732, -0.3722007944145567793, 0.000000000000000000 ) ) ;
#2131 = LINE ( 'NONE', #5907, #2862 ) ;
#2132 = EDGE_CURVE ( 'NONE', #2689, #3981, #2759, .T. ) ;
#2133 = AXIS2_PLACEMENT_3D ( 'NONE', #1383, #3217, #1720 ) ;
#2134 = ORIENTED_EDGE ( 'NONE', *, *, #2398, .F. ) ;
#2135 = ORIENTED_EDGE ( 'NONE', *, *, #679, .F. ) ;
#2136 = ORIENTED_EDGE ( 'NONE', *, *, #3951, .T. ) ;
#2137 = EDGE_LOOP ( 'NONE', ( #1022, #5431, #4625, #3636 ) ) ;
#2138 =( NAMED_UNIT ( * ) SI_UNIT ( $, .STERADIAN. ) SOLID_ANGLE_UNIT ( ) );
#2139 = LINE ( 'NONE', #623, #1360 ) ;
#2140 = ADVANCED_FACE ( 'NONE', ( #386 ), #2302, .F. ) ;
#2141 = VERTEX_POINT ( 'NONE', #2000 ) ;
#2142 = AXIS2_PLACEMENT_3D ( 'NONE', #974, #4239, #4641 ) ;
#2143 = CARTESIAN_POINT ( 'NONE',  ( -8.598683472959091745, -0.9900000000000004352, -6.660000000000000142 ) ) ;
#2144 = ORIENTED_EDGE ( 'NONE', *, *, #5133, .T. ) ;
#2145 = DIRECTION ( 'NONE',  ( -0.000000000000000000, 0.000000000000000000, -1.000000000000000000 ) ) ;
#2146 = CARTESIAN_POINT ( 'NONE',  ( -8.598683472959091745, 0.9899999999999978817, -6.660000000000000142 ) ) ;
#2147 = DIRECTION ( 'NONE',  ( 0.9848077530122090195, 0.000000000000000000, -0.1736481776669255017 ) ) ;
#2148 = EDGE_LOOP ( 'NONE', ( #5862, #312, #3377, #5087 ) ) ;
#2149 = AXIS2_PLACEMENT_3D ( 'NONE', #2779, #2811, #4676 ) ;
#2150 = ORIENTED_EDGE ( 'NONE', *, *, #228, .F. ) ;
#2151 = EDGE_CURVE ( 'NONE', #627, #3043, #5236, .T. ) ;
#2152 = EDGE_CURVE ( 'NONE', #1205, #1980, #1062, .T. ) ;
#2153 = CARTESIAN_POINT ( 'NONE',  ( -14.17500000000000071, 1.189999999999997504, -0.9600000000000001865 ) ) ;
#2154 = CARTESIAN_POINT ( 'NONE',  ( -7.612500000000006040, 0.7399999999999979927, -0.9600000000000001865 ) ) ;
#2155 = CARTESIAN_POINT ( 'NONE',  ( -12.32500000000000107, -0.3418139511719356927, -3.423488475815656962 ) ) ;
#2156 = CARTESIAN_POINT ( 'NONE',  ( -8.734375000000005329, 0.9899999999999984368, -0.9600000000000001865 ) ) ;
#2157 = DIRECTION ( 'NONE',  ( 1.000000000000000000, 0.000000000000000000, 0.000000000000000000 ) ) ;
#2158 = AXIS2_PLACEMENT_3D ( 'NONE', #2322, #894, #2746 ) ;
#2159 = CARTESIAN_POINT ( 'NONE',  ( -8.598683472959089968, 1.189999999999998392, -0.6600000000000002531 ) ) ;
#2160 = EDGE_CURVE ( 'NONE', #3404, #1795, #624, .T. ) ;
#2161 = LINE ( 'NONE', #1196, #4224 ) ;
#2162 = ORIENTED_EDGE ( 'NONE', *, *, #119, .T. ) ;
#2163 = ADVANCED_FACE ( 'NONE', ( #1483 ), #3415, .T. ) ;
#2164 = VERTEX_POINT ( 'NONE', #1151 ) ;
#2165 = EDGE_CURVE ( 'NONE', #4349, #453, #4320, .T. ) ;
#2166 = ADVANCED_FACE ( 'NONE', ( #5772 ), #84, .F. ) ;
#2167 = ORIENTED_EDGE ( 'NONE', *, *, #4540, .T. ) ;
#2168 = DIRECTION ( 'NONE',  ( 0.000000000000000000, -1.000000000000000000, 0.000000000000000000 ) ) ;
#2169 = ORIENTED_EDGE ( 'NONE', *, *, #4705, .F. ) ;
#2170 = ORIENTED_EDGE ( 'NONE', *, *, #3998, .F. ) ;
#2171 = DIRECTION ( 'NONE',  ( 0.000000000000000000, -0.000000000000000000, -1.000000000000000000 ) ) ;
#2172 = ORIENTED_EDGE ( 'NONE', *, *, #5370, .T. ) ;
#2173 = VECTOR ( 'NONE', #5263, 1.000000000000000000 ) ;
#2175 = CARTESIAN_POINT ( 'NONE',  ( -6.240624999999996092, 0.9899999999999984368, -1.135000000000000231 ) ) ;
#2174 = DIRECTION ( 'NONE',  ( -1.000000000000000000, 0.000000000000000000, 0.000000000000000000 ) ) ;
#2176 = CARTESIAN_POINT ( 'NONE',  ( -0.5964101615137744616, -0.7399999999999984368, -1.135000000000000231 ) ) ;
#2177 = CARTESIAN_POINT ( 'NONE',  ( -0.3464101615137744061, 0.3418139511719356927, -0.9600000000000001865 ) ) ;
#2178 = EDGE_LOOP ( 'NONE', ( #1971, #1437, #5909, #5545 ) ) ;
#2179 = ORIENTED_EDGE ( 'NONE', *, *, #4582, .F. ) ;
#2180 = AXIS2_PLACEMENT_3D ( 'NONE', #3624, #1304, #847 ) ;
#2181 = CARTESIAN_POINT ( 'NONE',  ( -5.576316527040902749, 5.431508564030775865, -0.7600000000000010081 ) ) ;
#2182 = DIRECTION ( 'NONE',  ( 1.000000000000000000, 1.879742687196032133E-16, 0.000000000000000000 ) ) ;
#2183 = DIRECTION ( 'NONE',  ( 1.000000000000000000, 7.526935760170552482E-17, -5.268855032119386343E-15 ) ) ;
#2184 = ORIENTED_EDGE ( 'NONE', *, *, #3925, .T. ) ;
#2185 = LINE ( 'NONE', #4059, #729 ) ;
#2186 = DIRECTION ( 'NONE',  ( 0.000000000000000000, -0.000000000000000000, -1.000000000000000000 ) ) ;
#2187 = MECHANICAL_DESIGN_GEOMETRIC_PRESENTATION_REPRESENTATION (  '', ( #1123 ), #1989 ) ;
#2188 = VECTOR ( 'NONE', #6016, 1.000000000000000000 ) ;
#2189 = VECTOR ( 'NONE', #3957, 1.000000000000000000 ) ;
#2190 = AXIS2_PLACEMENT_3D ( 'NONE', #1447, #5678, #4682 ) ;
#2191 = VECTOR ( 'NONE', #2620, 1.000000000000000000 ) ;
#2192 = DIRECTION ( 'NONE',  ( 1.000000000000000000, 3.172065784643291554E-15, 0.000000000000000000 ) ) ;
#2193 = DIRECTION ( 'NONE',  ( 0.9848077530122094636, 6.170617240062189875E-17, 0.1736481776669226984 ) ) ;
#2194 = AXIS2_PLACEMENT_3D ( 'NONE', #2498, #3902, #182 ) ;
#2195 = ADVANCED_FACE ( 'NONE', ( #5746 ), #2519, .F. ) ;
#2196 = VERTEX_POINT ( 'NONE', #1092 ) ;
#2197 = EDGE_CURVE ( 'NONE', #3540, #1458, #4784, .T. ) ;
#2198 = VERTEX_POINT ( 'NONE', #115 ) ;
#2199 = CARTESIAN_POINT ( 'NONE',  ( -4.181529920558540780, 0.6530577941862250047, -1.135000000000001119 ) ) ;
#2200 = ORIENTED_EDGE ( 'NONE', *, *, #3688, .T. ) ;
#2201 = ADVANCED_FACE ( 'NONE', ( #4810 ), #1516, .F. ) ;
#2202 = ORIENTED_EDGE ( 'NONE', *, *, #1337, .T. ) ;
#2203 = CARTESIAN_POINT ( 'NONE',  ( -2.600000000000001421, 0.9899999999999984368, -0.9600000000000001865 ) ) ;
#2204 = ORIENTED_EDGE ( 'NONE', *, *, #3675, .T. ) ;
#2206 = CARTESIAN_POINT ( 'NONE',  ( -7.362500000000006040, 0.7399999999999979927, -1.135000000000000231 ) ) ;
#2205 =( LENGTH_UNIT ( ) NAMED_UNIT ( * ) SI_UNIT ( $, .METRE. ) );
#2207 = DIRECTION ( 'NONE',  ( -1.000000000000000000, -0.000000000000000000, -0.000000000000000000 ) ) ;
#2208 = LINE ( 'NONE', #4566, #5326 ) ;
#2209 = ORIENTED_EDGE ( 'NONE', *, *, #5534, .F. ) ;
#2210 = AXIS2_PLACEMENT_3D ( 'NONE', #4261, #86, #1939 ) ;
#2211 = ORIENTED_EDGE ( 'NONE', *, *, #4467, .F. ) ;
#2212 = VECTOR ( 'NONE', #4589, 1.000000000000000000 ) ;
#2213 = CARTESIAN_POINT ( 'NONE',  ( -2.350000000000000533, 1.189999999999998392, -0.9600000000000001865 ) ) ;
#2214 = DIRECTION ( 'NONE',  ( 1.000000000000000000, -0.000000000000000000, -0.000000000000000000 ) ) ;
#2215 = DIRECTION ( 'NONE',  ( 1.000000000000000000, 0.000000000000000000, 0.000000000000000000 ) ) ;
#2216 = CARTESIAN_POINT ( 'NONE',  ( -11.57500000000000107, 0.7399999999999976596, 0.000000000000000000 ) ) ;
#2217 = AXIS2_PLACEMENT_3D ( 'NONE', #1689, #4445, #5805 ) ;
#2218 = FACE_OUTER_BOUND ( 'NONE', #1520, .T. ) ;
#2219 = DIRECTION ( 'NONE',  ( 0.000000000000000000, -0.000000000000000000, 1.000000000000000000 ) ) ;
#2220 = VECTOR ( 'NONE', #2970, 1.000000000000000000 ) ;
#2221 = LINE ( 'NONE', #4027, #389 ) ;
#2222 = FACE_BOUND ( 'NONE', #4656, .T. ) ;
#2223 = EDGE_CURVE ( 'NONE', #4929, #5834, #5717, .T. ) ;
#2224 = ORIENTED_EDGE ( 'NONE', *, *, #965, .T. ) ;
#2225 = CIRCLE ( 'NONE', #3513, 0.05000000000000071054 ) ;
#2226 = CARTESIAN_POINT ( 'NONE',  ( -14.17500000000000071, 0.8750000000000000000, -1.060000000000000053 ) ) ;
#2227 = DIRECTION ( 'NONE',  ( -1.432545838226008399E-17, 1.000000000000000000, 0.000000000000000000 ) ) ;
#2228 = ORIENTED_EDGE ( 'NONE', *, *, #2197, .F. ) ;
#2229 = AXIS2_PLACEMENT_3D ( 'NONE', #4301, #2897, #1555 ) ;
#2230 = VERTEX_POINT ( 'NONE', #3351 ) ;
#2231 = CARTESIAN_POINT ( 'NONE',  ( -1.700000000000000622, 0.7399999999999984368, 0.000000000000000000 ) ) ;
#2232 = ORIENTED_EDGE ( 'NONE', *, *, #4297, .T. ) ;
#2233 = DIRECTION ( 'NONE',  ( 1.000000000000000000, 0.000000000000000000, 0.000000000000000000 ) ) ;
#2234 = CARTESIAN_POINT ( 'NONE',  ( -14.17500000000000071, -0.8750000000000000000, -0.9100000000000001421 ) ) ;
#2235 = DIRECTION ( 'NONE',  ( 0.000000000000000000, 0.000000000000000000, 1.000000000000000000 ) ) ;
#2236 = ORIENTED_EDGE ( 'NONE', *, *, #5548, .T. ) ;
#2237 = EDGE_CURVE ( 'NONE', #324, #78, #2491, .T. ) ;
#2238 = ORIENTED_EDGE ( 'NONE', *, *, #1495, .F. ) ;
#2239 = EDGE_CURVE ( 'NONE', #3571, #5424, #175, .T. ) ;
#2240 = ADVANCED_FACE ( 'NONE', ( #5288 ), #3807, .T. ) ;
#2241 = DIRECTION ( 'NONE',  ( -0.000000000000000000, 1.000000000000000000, -0.000000000000000000 ) ) ;
#2242 = CARTESIAN_POINT ( 'NONE',  ( -6.812499999999994671, 0.9899999999999984368, -3.423488475815656962 ) ) ;
#2243 = CARTESIAN_POINT ( 'NONE',  ( -3.930251481490694587, -5.431508564030775865, -1.059999999999999165 ) ) ;
#2244 = CARTESIAN_POINT ( 'NONE',  ( -9.993470079441459930, 0.6530577941862250047, -0.9600000000000008527 ) ) ;
#2245 = DIRECTION ( 'NONE',  ( 0.000000000000000000, -1.000000000000000000, 0.000000000000000000 ) ) ;
#2246 = ORIENTED_EDGE ( 'NONE', *, *, #454, .T. ) ;
#2247 = DIRECTION ( 'NONE',  ( 0.000000000000000000, -0.000000000000000000, -1.000000000000000000 ) ) ;
#2248 = CARTESIAN_POINT ( 'NONE',  ( -0.1622440211999312543, -0.9899999999999984368, 0.9201315677728706399 ) ) ;
#2249 = DIRECTION ( 'NONE',  ( 1.000000000000000000, 0.000000000000000000, 0.000000000000000000 ) ) ;
#2250 = ORIENTED_EDGE ( 'NONE', *, *, #5991, .F. ) ;
#2251 = DIRECTION ( 'NONE',  ( 0.000000000000000000, 1.000000000000000000, 0.000000000000000000 ) ) ;
#2252 = FACE_OUTER_BOUND ( 'NONE', #1604, .T. ) ;
#2253 = AXIS2_PLACEMENT_3D ( 'NONE', #4648, #2290, #2390 ) ;
#2254 = EDGE_CURVE ( 'NONE', #2164, #5708, #912, .T. ) ;
#2255 = EDGE_CURVE ( 'NONE', #2404, #4709, #2025, .T. ) ;
#2256 = ORIENTED_EDGE ( 'NONE', *, *, #1351, .T. ) ;
#2257 = EDGE_LOOP ( 'NONE', ( #1683, #3282, #4352, #1354 ) ) ;
#2258 = DIRECTION ( 'NONE',  ( 1.000000000000000000, -0.000000000000000000, 0.000000000000000000 ) ) ;
#2259 = ORIENTED_EDGE ( 'NONE', *, *, #457, .T. ) ;
#2261 = DIRECTION ( 'NONE',  ( 0.000000000000000000, -1.000000000000000000, 0.000000000000000000 ) ) ;
#2260 = CARTESIAN_POINT ( 'NONE',  ( -1.949999999999999734, -0.9899999999999984368, -3.423488475815656962 ) ) ;
#2262 = DIRECTION ( 'NONE',  ( -0.000000000000000000, -0.9901138386947149206, -0.1402661271484180461 ) ) ;
#2263 = CARTESIAN_POINT ( 'NONE',  ( -2.600000000000001421, 0.9899999999999984368, -1.135000000000000231 ) ) ;
#2264 = EDGE_LOOP ( 'NONE', ( #1876, #4029, #4957, #4663 ) ) ;
#2265 = ORIENTED_EDGE ( 'NONE', *, *, #3891, .T. ) ;
#2266 = AXIS2_PLACEMENT_3D ( 'NONE', #2226, #4121, #861 ) ;
#2267 = DIRECTION ( 'NONE',  ( 0.000000000000000000, -0.000000000000000000, -1.000000000000000000 ) ) ;
#2268 = ADVANCED_FACE ( 'NONE', ( #2053 ), #1597, .T. ) ;
#2269 = PLANE ( 'NONE',  #3750 ) ;
#2270 = DIRECTION ( 'NONE',  ( 1.000000000000000000, -0.000000000000000000, 0.000000000000000000 ) ) ;
#2271 = VECTOR ( 'NONE', #4128, 1.000000000000000000 ) ;
#2272 = CARTESIAN_POINT ( 'NONE',  ( -8.598683472959089968, 1.189999999999998392, -0.6600000000000002531 ) ) ;
#2273 = CARTESIAN_POINT ( 'NONE',  ( -13.82858983848622536, -0.7399999999999984368, -1.135000000000000231 ) ) ;
#2274 = AXIS2_PLACEMENT_3D ( 'NONE', #2797, #3743, #3652 ) ;
#2275 = VECTOR ( 'NONE', #3331, 1.000000000000000000 ) ;
#2276 = ORIENTED_EDGE ( 'NONE', *, *, #2956, .T. ) ;
#2277 = AXIS2_PLACEMENT_3D ( 'NONE', #1423, #600, #4690 ) ;
#2278 = DIRECTION ( 'NONE',  ( -0.000000000000000000, -0.000000000000000000, -1.000000000000000000 ) ) ;
#2279 = PLANE ( 'NONE',  #105 ) ;
#2280 = FACE_OUTER_BOUND ( 'NONE', #3582, .T. ) ;
#2281 = VECTOR ( 'NONE', #931, 1.000000000000000000 ) ;
#2282 = AXIS2_PLACEMENT_3D ( 'NONE', #4968, #4572, #3995 ) ;
#2283 = VECTOR ( 'NONE', #1160, 1.000000000000000000 ) ;
#2284 = AXIS2_PLACEMENT_3D ( 'NONE', #4020, #1693, #3131 ) ;
#2285 = ORIENTED_EDGE ( 'NONE', *, *, #1852, .T. ) ;
#2286 = CARTESIAN_POINT ( 'NONE',  ( -3.930251481490694587, -1.189999999999998392, -1.009999999999999121 ) ) ;
#2287 = CARTESIAN_POINT ( 'NONE',  ( -12.22500000000000142, -0.9899999999999984368, -0.9600000000000001865 ) ) ;
#2288 = VERTEX_POINT ( 'NONE', #698 ) ;
#2289 = ORIENTED_EDGE ( 'NONE', *, *, #3147, .F. ) ;
#2290 = DIRECTION ( 'NONE',  ( -0.000000000000000000, 0.000000000000000000, 1.000000000000000000 ) ) ;
#2291 = ORIENTED_EDGE ( 'NONE', *, *, #3056, .T. ) ;
#2292 = DIRECTION ( 'NONE',  ( 0.000000000000000000, 0.000000000000000000, 1.000000000000000000 ) ) ;
#2294 = CARTESIAN_POINT ( 'NONE',  ( -4.034427420795914543, -0.9899999999999993250, -1.135000000000000231 ) ) ;
#2293 = PRODUCT_CONTEXT ( 'NONE', #2959, 'mechanical' ) ;
#2295 = DIRECTION ( 'NONE',  ( 1.000000000000000000, 0.000000000000000000, 0.000000000000000000 ) ) ;
#2296 = FACE_OUTER_BOUND ( 'NONE', #3971, .T. ) ;
#2297 = EDGE_CURVE ( 'NONE', #3794, #482, #4609, .T. ) ;
#2298 = VERTEX_POINT ( 'NONE', #4980 ) ;
#2299 = ORIENTED_EDGE ( 'NONE', *, *, #4686, .T. ) ;
#2300 = CARTESIAN_POINT ( 'NONE',  ( -3.930251481490694587, 1.089999999999998082, -1.059999999999999165 ) ) ;
#2301 = CARTESIAN_POINT ( 'NONE',  ( -12.47500000000000142, 0.7399999999999984368, -0.9599999999999999645 ) ) ;
#2302 = PLANE ( 'NONE',  #4520 ) ;
#2303 = ADVANCED_FACE ( 'NONE', ( #1796 ), #4066, .T. ) ;
#2304 = CARTESIAN_POINT ( 'NONE',  ( -12.22500000000000142, 0.3418139511719356927, -0.9600000000000001865 ) ) ;
#2305 = DIRECTION ( 'NONE',  ( 0.000000000000000000, -1.000000000000000000, 0.000000000000000000 ) ) ;
#2306 = ADVANCED_FACE ( 'NONE', ( #801 ), #3956, .F. ) ;
#2307 = ORIENTED_EDGE ( 'NONE', *, *, #1541, .F. ) ;
#2308 = AXIS2_PLACEMENT_3D ( 'NONE', #3418, #5265, #323 ) ;
#2309 = AXIS2_PLACEMENT_3D ( 'NONE', #5833, #1148, #4440 ) ;
#2310 = FACE_OUTER_BOUND ( 'NONE', #5083, .T. ) ;
#2311 = DIRECTION ( 'NONE',  ( 1.000000000000000000, 0.000000000000000000, -0.000000000000000000 ) ) ;
#2312 = DIRECTION ( 'NONE',  ( -0.000000000000000000, -1.000000000000000000, -0.000000000000000000 ) ) ;
#2313 = EDGE_CURVE ( 'NONE', #3802, #4596, #3552, .T. ) ;
#2314 = EDGE_CURVE ( 'NONE', #3501, #5881, #5480, .T. ) ;
#2315 = EDGE_CURVE ( 'NONE', #1801, #2340, #133, .T. ) ;
#2316 = VERTEX_POINT ( 'NONE', #2715 ) ;
#2317 = LINE ( 'NONE', #3758, #976 ) ;
#2318 = CARTESIAN_POINT ( 'NONE',  ( -7.934375000000004619, -0.7399999999999998801, -1.135000000000000231 ) ) ;
#2319 = VERTEX_POINT ( 'NONE', #5064 ) ;
#2320 = ORIENTED_EDGE ( 'NONE', *, *, #2497, .F. ) ;
#2321 = AXIS2_PLACEMENT_3D ( 'NONE', #4620, #439, #5045 ) ;
#2322 = CARTESIAN_POINT ( 'NONE',  ( -14.17500000000000071, 1.089999999999997637, -0.9600000000000001865 ) ) ;
#2323 = EDGE_LOOP ( 'NONE', ( #2813, #3769, #800, #1619 ) ) ;
#2324 = CARTESIAN_POINT ( 'NONE',  ( -13.57858983848622536, 0.7399999999999984368, -3.423488475815656962 ) ) ;
#2326 = PLANE ( 'NONE',  #3795 ) ;
#2325 = SURFACE_STYLE_USAGE ( .BOTH. , #1326 ) ;
#2327 = LINE ( 'NONE', #3641, #1891 ) ;
#2328 = LINE ( 'NONE', #502, #5239 ) ;
#2329 = ADVANCED_FACE ( 'NONE', ( #5912 ), #890, .F. ) ;
#2330 = AXIS2_PLACEMENT_3D ( 'NONE', #4729, #5180, #1974 ) ;
#2331 = ORIENTED_EDGE ( 'NONE', *, *, #3298, .T. ) ;
#2332 = ORIENTED_EDGE ( 'NONE', *, *, #4612, .T. ) ;
#2333 = CARTESIAN_POINT ( 'NONE',  ( -6.562499999999994671, -0.9899999999999996581, -0.9600000000000010747 ) ) ;
#2334 = DIRECTION ( 'NONE',  ( 1.000000000000000000, 1.665334536937733430E-15, 0.000000000000000000 ) ) ;
#2335 = CARTESIAN_POINT ( 'NONE',  ( -12.22500000000000142, -0.8000000000000000444, -0.9100000000000001421 ) ) ;
#2336 = CARTESIAN_POINT ( 'NONE',  ( -8.598683472959091745, -5.431508564030776753, -6.660000000000000142 ) ) ;
#2337 = CARTESIAN_POINT ( 'NONE',  ( -1.629192649327036635E-15, -0.9899999999999984368, -0.9600000000000022959 ) ) ;
#2338 = AXIS2_PLACEMENT_3D ( 'NONE', #1254, #3660, #2680 ) ;
#2339 = EDGE_CURVE ( 'NONE', #2634, #4838, #5454, .T. ) ;
#2340 = VERTEX_POINT ( 'NONE', #2683 ) ;
#2341 = EDGE_CURVE ( 'NONE', #4345, #3719, #4908, .T. ) ;
#2342 = VERTEX_POINT ( 'NONE', #1763 ) ;
#2343 = LINE ( 'NONE', #513, #3275 ) ;
#2344 = VECTOR ( 'NONE', #308, 1.000000000000000000 ) ;
#2345 = CARTESIAN_POINT ( 'NONE',  ( -9.956250000000004263, 0.5602425708315850184, -1.135000000000000231 ) ) ;
#2346 = DIRECTION ( 'NONE',  ( -0.000000000000000000, -0.000000000000000000, -1.000000000000000000 ) ) ;
#2347 = CARTESIAN_POINT ( 'NONE',  ( 0.6199999999999999956, 0.8750000000000000000, -1.060000000000000053 ) ) ;
#2348 = EDGE_CURVE ( 'NONE', #769, #2911, #5538, .T. ) ;
#2349 = ORIENTED_EDGE ( 'NONE', *, *, #4427, .F. ) ;
#2350 = LINE ( 'NONE', #4211, #2928 ) ;
#2351 = CARTESIAN_POINT ( 'NONE',  ( -2.821680457837898004, -2.220446049250313081E-16, -1.135000000000000231 ) ) ;
#2352 = ADVANCED_FACE ( 'NONE', ( #1631 ), #4093, .F. ) ;
#2353 = EDGE_LOOP ( 'NONE', ( #5709, #5224, #961, #460, #268, #2735 ) ) ;
#2354 = ORIENTED_EDGE ( 'NONE', *, *, #1477, .F. ) ;
#2355 = AXIS2_PLACEMENT_3D ( 'NONE', #1860, #71, #497 ) ;
#2356 = CYLINDRICAL_SURFACE ( 'NONE', #4895, 0.03500000000000014211 ) ;
#2357 = EDGE_LOOP ( 'NONE', ( #5194, #953, #2656, #1173 ) ) ;
#2358 = DIRECTION ( 'NONE',  ( 1.000000000000000000, 0.000000000000000000, 0.000000000000000000 ) ) ;
#2359 = DIRECTION ( 'NONE',  ( -0.000000000000000000, 0.000000000000000000, 1.000000000000000000 ) ) ;
#2360 = DIRECTION ( 'NONE',  ( -1.000000000000000000, 0.000000000000000000, 0.000000000000000000 ) ) ;
#2361 = CARTESIAN_POINT ( 'NONE',  ( -2.350000000000001421, -0.9899999999999991029, -1.135000000000000231 ) ) ;
#2362 = VERTEX_POINT ( 'NONE', #3505 ) ;
#2363 = AXIS2_PLACEMENT_3D ( 'NONE', #1074, #2931, #4798 ) ;
#2364 = ORIENTED_EDGE ( 'NONE', *, *, #5390, .T. ) ;
#2365 = DIRECTION ( 'NONE',  ( 0.000000000000000000, 0.000000000000000000, 1.000000000000000000 ) ) ;
#2366 = CARTESIAN_POINT ( 'NONE',  ( -10.24474851850930790, 1.089999999999998082, -1.009999999999998233 ) ) ;
#2367 = DIRECTION ( 'NONE',  ( 0.000000000000000000, -1.000000000000000000, 0.000000000000000000 ) ) ;
#2368 = LINE ( 'NONE', #4357, #826 ) ;
#2369 = DIRECTION ( 'NONE',  ( -0.000000000000000000, -0.000000000000000000, -1.000000000000000000 ) ) ;
#2370 = EDGE_CURVE ( 'NONE', #4446, #4702, #1825, .T. ) ;
#2371 = ORIENTED_EDGE ( 'NONE', *, *, #3595, .F. ) ;
#2372 = EDGE_LOOP ( 'NONE', ( #382, #1988, #1239, #3245 ) ) ;
#2373 = CARTESIAN_POINT ( 'NONE',  ( -0.5964101615137744616, -0.7399999999999984368, -3.423488475815656962 ) ) ;
#2374 = CIRCLE ( 'NONE', #5775, 0.07999999999999996003 ) ;
#2376 = VECTOR ( 'NONE', #5318, 1.000000000000000000 ) ;
#2375 = CARTESIAN_POINT ( 'NONE',  ( -3.930251481490694587, 1.189999999999998392, -1.059999999999999165 ) ) ;
#2377 = LINE ( 'NONE', #1820, #1084 ) ;
#2378 = CARTESIAN_POINT ( 'NONE',  ( -8.984375000000005329, -0.7400000000000002132, -1.135000000000000231 ) ) ;
#2379 = EDGE_CURVE ( 'NONE', #2977, #4064, #4486, .T. ) ;
#2380 = CIRCLE ( 'NONE', #4038, 0.05000000000000026645 ) ;
#2381 = ORIENTED_EDGE ( 'NONE', *, *, #595, .T. ) ;
#2382 = ADVANCED_FACE ( 'NONE', ( #5346 ), #1182, .F. ) ;
#2383 = DIRECTION ( 'NONE',  ( 0.000000000000000000, 1.000000000000000000, 0.000000000000000000 ) ) ;
#2384 = DIRECTION ( 'NONE',  ( 1.000000000000000000, 0.000000000000000000, 0.000000000000000000 ) ) ;
#2385 = AXIS2_PLACEMENT_3D ( 'NONE', #2826, #1903, #3320 ) ;
#2386 = EDGE_LOOP ( 'NONE', ( #1878, #3231, #63, #1566 ) ) ;
#2387 = EDGE_CURVE ( 'NONE', #4588, #2196, #4584, .T. ) ;
#2388 = EDGE_LOOP ( 'NONE', ( #2698, #2120, #3401, #1129, #4277, #751, #1005, #291, #2228, #3306, #2669, #5942, #2100, #1663, #4266, #1952 ) ) ;
#2389 = EDGE_LOOP ( 'NONE', ( #311, #955, #5393, #1214 ) ) ;
#2390 = DIRECTION ( 'NONE',  ( 1.000000000000000000, 0.000000000000000000, 0.000000000000000000 ) ) ;
#2391 = ORIENTED_EDGE ( 'NONE', *, *, #990, .F. ) ;
#2392 = CARTESIAN_POINT ( 'NONE',  ( -4.551792278806057190, 1.089999999999998082, -0.8496342572279651506 ) ) ;
#2393 = CARTESIAN_POINT ( 'NONE',  ( -1.950000000000000622, 0.2000000000000000111, -0.8250000000000000666 ) ) ;
#2394 = LINE ( 'NONE', #5651, #5885 ) ;
#2395 = EDGE_CURVE ( 'NONE', #4760, #5396, #5127, .T. ) ;
#2396 = EDGE_LOOP ( 'NONE', ( #225, #220, #2728, #4519 ) ) ;
#2397 = ORIENTED_EDGE ( 'NONE', *, *, #2595, .T. ) ;
#2398 = EDGE_CURVE ( 'NONE', #420, #2319, #2350, .T. ) ;
#2399 = CARTESIAN_POINT ( 'NONE',  ( -11.82499999999999929, 0.2418139511719357149, -3.423488475815656962 ) ) ;
#2400 = DIRECTION ( 'NONE',  ( -0.000000000000000000, -0.000000000000000000, -1.000000000000000000 ) ) ;
#2401 = DIRECTION ( 'NONE',  ( 1.000000000000000000, 0.000000000000000000, 0.000000000000000000 ) ) ;
#2402 = CARTESIAN_POINT ( 'NONE',  ( -1.850000000000000533, -0.3418139511719356927, 0.000000000000000000 ) ) ;
#2403 = FACE_OUTER_BOUND ( 'NONE', #3928, .T. ) ;
#2404 = VERTEX_POINT ( 'NONE', #554 ) ;
#2405 = ORIENTED_EDGE ( 'NONE', *, *, #5434, .F. ) ;
#2406 = LINE ( 'NONE', #5245, #3137 ) ;
#2407 = DIRECTION ( 'NONE',  ( 1.000000000000000000, 5.551115123125782702E-17, -1.776356839400250465E-15 ) ) ;
#2408 = DIRECTION ( 'NONE',  ( 0.000000000000000000, 0.000000000000000000, -1.000000000000000000 ) ) ;
#2409 = CARTESIAN_POINT ( 'NONE',  ( -12.22500000000000142, -0.8999999999999999112, -0.9100000000000001421 ) ) ;
#2410 = VECTOR ( 'NONE', #5689, 1.000000000000000000 ) ;
#2411 = CIRCLE ( 'NONE', #3973, 0.1000000000000000888 ) ;
#2412 = CIRCLE ( 'NONE', #3975, 0.2500000000000000000 ) ;
#2413 = ORIENTED_EDGE ( 'NONE', *, *, #2223, .T. ) ;
#2414 = LINE ( 'NONE', #3277, #694 ) ;
#2415 = CARTESIAN_POINT ( 'NONE',  ( -8.984375000000005329, -0.9900000000000001021, -1.135000000000000231 ) ) ;
#2416 = VECTOR ( 'NONE', #2369, 1.000000000000000000 ) ;
#2417 = ORIENTED_EDGE ( 'NONE', *, *, #4474, .F. ) ;
#2418 = ORIENTED_EDGE ( 'NONE', *, *, #3547, .F. ) ;
#2419 = AXIS2_PLACEMENT_3D ( 'NONE', #4350, #169, #3887 ) ;
#2420 = VERTEX_POINT ( 'NONE', #2842 ) ;
#2421 = EDGE_CURVE ( 'NONE', #2713, #4491, #2, .T. ) ;
#2422 = EDGE_CURVE ( 'NONE', #3794, #4446, #2317, .T. ) ;
#2423 = CARTESIAN_POINT ( 'NONE',  ( -4.047454448600424470, -0.9225146718258752099, -0.9600000000000001865 ) ) ;
#2424 = EDGE_LOOP ( 'NONE', ( #3099, #1080, #2938, #1406 ) ) ;
#2425 = LINE ( 'NONE', #499, #1013 ) ;
#2426 = LINE ( 'NONE', #4285, #1553 ) ;
#2427 = ORIENTED_EDGE ( 'NONE', *, *, #5190, .T. ) ;
#2428 = ORIENTED_EDGE ( 'NONE', *, *, #5731, .F. ) ;
#2429 = CARTESIAN_POINT ( 'NONE',  ( -11.82500000000000107, 0.3896561633456295248, -0.9600000000000001865 ) ) ;
#2430 = DIRECTION ( 'NONE',  ( -1.432545838226008399E-17, 1.000000000000000000, 0.000000000000000000 ) ) ;
#2431 = DIRECTION ( 'NONE',  ( -0.000000000000000000, -0.000000000000000000, -1.000000000000000000 ) ) ;
#2432 = CIRCLE ( 'NONE', #582, 0.2500000000000000000 ) ;
#2433 = LINE ( 'NONE', #1093, #2876 ) ;
#2434 = DIRECTION ( 'NONE',  ( -0.000000000000000000, 0.000000000000000000, 1.000000000000000000 ) ) ;
#2435 = EDGE_CURVE ( 'NONE', #3532, #1043, #2414, .T. ) ;
#2436 = EDGE_CURVE ( 'NONE', #3870, #567, #949, .T. ) ;
#2437 = EDGE_CURVE ( 'NONE', #1949, #4349, #4095, .T. ) ;
#2438 = ORIENTED_EDGE ( 'NONE', *, *, #2379, .F. ) ;
#2439 = EDGE_LOOP ( 'NONE', ( #1471, #1616, #4664, #4010 ) ) ;
#2440 = FACE_OUTER_BOUND ( 'NONE', #1815, .T. ) ;
#2441 = CARTESIAN_POINT ( 'NONE',  ( -0.3464101615137744616, 0.7399999999999984368, -0.9600000000000001865 ) ) ;
#2443 = AXIS2_PLACEMENT_3D ( 'NONE', #3632, #1320, #5032 ) ;
#2442 = CARTESIAN_POINT ( 'NONE',  ( -11.39053962160355837, -0.09281522335464024998, -0.9600000000000001865 ) ) ;
#2444 = CARTESIAN_POINT ( 'NONE',  ( -14.17500000000000071, -1.190000000000001057, -0.9600000000000001865 ) ) ;
#2445 = AXIS2_PLACEMENT_3D ( 'NONE', #4667, #28, #3752 ) ;
#2446 = ORIENTED_EDGE ( 'NONE', *, *, #238, .T. ) ;
#2447 = CARTESIAN_POINT ( 'NONE',  ( -11.82500000000000107, -0.8000000000000000444, -0.9100000000000001421 ) ) ;
#2448 = DIRECTION ( 'NONE',  ( 1.000000000000000000, 0.000000000000000000, 0.000000000000000000 ) ) ;
#2449 = VERTEX_POINT ( 'NONE', #3727 ) ;
#2450 = VECTOR ( 'NONE', #4704, 1.000000000000000000 ) ;
#2451 = ORIENTED_EDGE ( 'NONE', *, *, #5249, .F. ) ;
#2452 = ORIENTED_EDGE ( 'NONE', *, *, #5365, .T. ) ;
#2453 = EDGE_CURVE ( 'NONE', #567, #4105, #4275, .T. ) ;
#2454 = DIRECTION ( 'NONE',  ( -1.000000000000000000, 0.000000000000000000, 0.000000000000000000 ) ) ;
#2455 = CARTESIAN_POINT ( 'NONE',  ( -1.850000000000000533, -0.3418139511719356927, -1.135000000000000231 ) ) ;
#2456 = APPLICATION_CONTEXT ( 'automotive_design' ) ;
#2457 = ORIENTED_EDGE ( 'NONE', *, *, #5410, .F. ) ;
#2458 = ORIENTED_EDGE ( 'NONE', *, *, #4845, .T. ) ;
#2459 = CARTESIAN_POINT ( 'NONE',  ( -1.949999999999999734, -0.7399999999999984368, -1.135000000000000231 ) ) ;
#2460 = DIRECTION ( 'NONE',  ( 0.000000000000000000, -0.9901138386947149206, 0.1402661271484180461 ) ) ;
#2461 = CARTESIAN_POINT ( 'NONE',  ( -7.612500000000006040, -0.9899999999999998801, -1.135000000000000231 ) ) ;
#2462 = DIRECTION ( 'NONE',  ( -0.000000000000000000, -0.000000000000000000, -1.000000000000000000 ) ) ;
#2463 = DIRECTION ( 'NONE',  ( -0.000000000000000000, 1.000000000000000000, -0.000000000000000000 ) ) ;
#2464 = EDGE_LOOP ( 'NONE', ( #663, #2941, #1921, #2238 ) ) ;
#2465 = ORIENTED_EDGE ( 'NONE', *, *, #5830, .T. ) ;
#2466 = CARTESIAN_POINT ( 'NONE',  ( -11.82500000000000107, 0.8000000000000000444, -0.9100000000000001421 ) ) ;
#2467 = CARTESIAN_POINT ( 'NONE',  ( -4.618749999999996803, 0.9899999999999984368, -1.135000000000000231 ) ) ;
#2468 = CARTESIAN_POINT ( 'NONE',  ( -14.76368599666425929, 0.8750000000000000000, -0.9800000000000000933 ) ) ;
#2469 = CARTESIAN_POINT ( 'NONE',  ( -1.700000000000000622, 0.9899999999999984368, -0.9600000000000001865 ) ) ;
#2470 = AXIS2_PLACEMENT_3D ( 'NONE', #3865, #4754, #2401 ) ;
#2471 = ORIENTED_EDGE ( 'NONE', *, *, #4100, .T. ) ;
#2472 = LINE ( 'NONE', #217, #1945 ) ;
#2473 = CARTESIAN_POINT ( 'NONE',  ( -0.2651845289799109606, 1.189999999999998392, -1.503936198047713502 ) ) ;
#2474 = AXIS2_PLACEMENT_3D ( 'NONE', #1132, #5246, #1069 ) ;
#2475 = ORIENTED_EDGE ( 'NONE', *, *, #5133, .F. ) ;
#2476 = VERTEX_POINT ( 'NONE', #1007 ) ;
#2477 = VECTOR ( 'NONE', #1280, 1.000000000000000000 ) ;
#2478 = ORIENTED_EDGE ( 'NONE', *, *, #5228, .T. ) ;
#2479 = ORIENTED_EDGE ( 'NONE', *, *, #5182, .F. ) ;
#2480 = CIRCLE ( 'NONE', #4040, 0.2500000000000000000 ) ;
#2481 = FACE_OUTER_BOUND ( 'NONE', #5351, .T. ) ;
#2482 = PLANE ( 'NONE',  #5055 ) ;
#2483 = AXIS2_PLACEMENT_3D ( 'NONE', #4228, #2430, #3741 ) ;
#2484 = VECTOR ( 'NONE', #2981, 1.000000000000000000 ) ;
#2485 = AXIS2_PLACEMENT_3D ( 'NONE', #956, #438, #1016 ) ;
#2486 = ORIENTED_EDGE ( 'NONE', *, *, #4550, .F. ) ;
#2487 = ORIENTED_EDGE ( 'NONE', *, *, #5344, .F. ) ;
#2488 = VECTOR ( 'NONE', #4164, 1.000000000000000000 ) ;
#2489 = DIRECTION ( 'NONE',  ( 0.9281522335464009732, -0.3722007944145567238, 0.000000000000000000 ) ) ;
#2490 = CARTESIAN_POINT ( 'NONE',  ( -1.950000000000000622, 0.8999999999999999112, -0.9100000000000001421 ) ) ;
#2491 = LINE ( 'NONE', #1936, #2755 ) ;
#2492 = AXIS2_PLACEMENT_3D ( 'NONE', #1577, #5293, #3016 ) ;
#2493 = CARTESIAN_POINT ( 'NONE',  ( -10.14057257920408261, -0.9899999999999993250, -1.135000000000000231 ) ) ;
#2494 = LINE ( 'NONE', #236, #6002 ) ;
#2495 = ORIENTED_EDGE ( 'NONE', *, *, #3008, .T. ) ;
#2496 = ORIENTED_EDGE ( 'NONE', *, *, #4931, .T. ) ;
#2497 = EDGE_CURVE ( 'NONE', #2164, #1801, #5671, .T. ) ;
#2498 = CARTESIAN_POINT ( 'NONE',  ( -5.576316527040901860, 5.431508564030775865, -6.660000000000001030 ) ) ;
#2499 = DIRECTION ( 'NONE',  ( 0.000000000000000000, 0.000000000000000000, 1.000000000000000000 ) ) ;
#2500 = DIRECTION ( 'NONE',  ( -1.432545838226008708E-17, 1.000000000000000000, -0.000000000000000000 ) ) ;
#2501 = CARTESIAN_POINT ( 'NONE',  ( 0.000000000000000000, 0.8750000000000000000, -1.060000000000000053 ) ) ;
#2502 = EDGE_LOOP ( 'NONE', ( #5779, #1057, #5482, #2495 ) ) ;
#2503 = CARTESIAN_POINT ( 'NONE',  ( -4.181529920558540780, 0.6530577941862250047, -0.9600000000000001865 ) ) ;
#2504 = FACE_OUTER_BOUND ( 'NONE', #889, .T. ) ;
#2505 = ORIENTED_EDGE ( 'NONE', *, *, #5093, .F. ) ;
#2506 = EDGE_CURVE ( 'NONE', #3403, #3501, #4703, .T. ) ;
#2507 = ORIENTED_EDGE ( 'NONE', *, *, #2718, .T. ) ;
#2508 = VECTOR ( 'NONE', #1179, 1.000000000000000000 ) ;
#2509 = ADVANCED_FACE ( 'NONE', ( #2871 ), #4769, .F. ) ;
#2510 = VERTEX_POINT ( 'NONE', #3790 ) ;
#2511 = VECTOR ( 'NONE', #4722, 1.000000000000000000 ) ;
#2512 = ORIENTED_EDGE ( 'NONE', *, *, #1446, .T. ) ;
#2513 = DIRECTION ( 'NONE',  ( 1.000000000000000000, 1.110223024625160485E-15, 0.000000000000000000 ) ) ;
#2514 = LINE ( 'NONE', #692, #2920 ) ;
#2515 = ORIENTED_EDGE ( 'NONE', *, *, #1540, .F. ) ;
#2516 = DIRECTION ( 'NONE',  ( 0.000000000000000000, -0.000000000000000000, -1.000000000000000000 ) ) ;
#2517 = EDGE_LOOP ( 'NONE', ( #1233, #1177 ) ) ;
#2518 = LINE ( 'NONE', #1242, #339 ) ;
#2519 = CYLINDRICAL_SURFACE ( 'NONE', #2470, 0.1000000000000000888 ) ;
#2520 = ADVANCED_FACE ( 'NONE', ( #3850 ), #97, .F. ) ;
#2521 = DIRECTION ( 'NONE',  ( -1.879742687196032133E-16, 1.000000000000000000, 0.000000000000000000 ) ) ;
#2522 = LINE ( 'NONE', #1094, #2017 ) ;
#2523 = ORIENTED_EDGE ( 'NONE', *, *, #1753, .T. ) ;
#2524 = ORIENTED_EDGE ( 'NONE', *, *, #5982, .F. ) ;
#2525 = CARTESIAN_POINT ( 'NONE',  ( 0.5886859966642593589, 0.8750000000000000000, -0.9100000000000001421 ) ) ;
#2526 = AXIS2_PLACEMENT_3D ( 'NONE', #4074, #3154, #5460 ) ;
#2527 = DIRECTION ( 'NONE',  ( 0.000000000000000000, 0.000000000000000000, 1.000000000000000000 ) ) ;
#2528 = DIRECTION ( 'NONE',  ( -0.000000000000000000, -0.000000000000000000, -1.000000000000000000 ) ) ;
#2529 = PLANE ( 'NONE',  #5964 ) ;
#2530 = CARTESIAN_POINT ( 'NONE',  ( 0.5886859966642593589, 0.000000000000000000, -1.060000000000000053 ) ) ;
#2531 = EDGE_CURVE ( 'NONE', #4884, #5280, #2536, .T. ) ;
#2532 = ORIENTED_EDGE ( 'NONE', *, *, #151, .F. ) ;
#2533 = DIRECTION ( 'NONE',  ( 0.000000000000000000, 0.000000000000000000, -1.000000000000000000 ) ) ;
#2534 = DIRECTION ( 'NONE',  ( -0.000000000000000000, 0.000000000000000000, 1.000000000000000000 ) ) ;
#2535 = ORIENTED_EDGE ( 'NONE', *, *, #4990, .F. ) ;
#2536 = CIRCLE ( 'NONE', #1653, 0.07999999999999996003 ) ;
#2537 = ORIENTED_EDGE ( 'NONE', *, *, #4107, .T. ) ;
#2538 = VERTEX_POINT ( 'NONE', #5641 ) ;
#2539 = VERTEX_POINT ( 'NONE', #4244 ) ;
#2540 = LINE ( 'NONE', #1175, #3755 ) ;
#2541 = LINE ( 'NONE', #1176, #1073 ) ;
#2542 = EDGE_CURVE ( 'NONE', #5219, #2057, #3518, .T. ) ;
#2543 = VERTEX_POINT ( 'NONE', #1468 ) ;
#2544 = LINE ( 'NONE', #4380, #1053 ) ;
#2545 = VERTEX_POINT ( 'NONE', #2447 ) ;
#2546 = LINE ( 'NONE', #2113, #50 ) ;
#2547 = DIRECTION ( 'NONE',  ( -0.000000000000000000, -0.000000000000000000, -1.000000000000000000 ) ) ;
#2548 = DIRECTION ( 'NONE',  ( 1.000000000000000000, 0.000000000000000000, 0.000000000000000000 ) ) ;
#2549 = CARTESIAN_POINT ( 'NONE',  ( 0.000000000000000000, -0.8750000000000000000, -0.9800000000000000933 ) ) ;
#2550 = VERTEX_POINT ( 'NONE', #126 ) ;
#2551 = ORIENTED_EDGE ( 'NONE', *, *, #4595, .T. ) ;
#2552 = DIRECTION ( 'NONE',  ( -1.000000000000000000, -1.850371707708594316E-16, 0.000000000000000000 ) ) ;
#2553 = CARTESIAN_POINT ( 'NONE',  ( -4.218749999999997335, -0.5602425708315863506, -3.423488475815656962 ) ) ;
#2554 = VECTOR ( 'NONE', #5432, 1.000000000000000222 ) ;
#2555 = FACE_OUTER_BOUND ( 'NONE', #1995, .T. ) ;
#2556 = DIRECTION ( 'NONE',  ( 1.000000000000000000, -0.000000000000000000, -0.000000000000000000 ) ) ;
#2557 = EDGE_CURVE ( 'NONE', #1958, #2596, #461, .T. ) ;
#2558 = CARTESIAN_POINT ( 'NONE',  ( -8.984375000000005329, 0.9899999999999978817, -0.9600000000000001865 ) ) ;
#2559 = DIRECTION ( 'NONE',  ( 1.000000000000000000, -0.000000000000000000, 0.000000000000000000 ) ) ;
#2560 = ADVANCED_FACE ( 'NONE', ( #1375 ), #917, .T. ) ;
#2561 = VERTEX_POINT ( 'NONE', #2993 ) ;
#2562 = ORIENTED_EDGE ( 'NONE', *, *, #252, .F. ) ;
#2563 = ORIENTED_EDGE ( 'NONE', *, *, #6021, .T. ) ;
#2564 = EDGE_CURVE ( 'NONE', #808, #4359, #2472, .T. ) ;
#2565 = VECTOR ( 'NONE', #5295, 1.000000000000000000 ) ;
#2566 = VERTEX_POINT ( 'NONE', #3429 ) ;
#2567 = VECTOR ( 'NONE', #2292, 1.000000000000000000 ) ;
#2568 = DIRECTION ( 'NONE',  ( 0.000000000000000000, 0.000000000000000000, 1.000000000000000000 ) ) ;
#2569 = DIRECTION ( 'NONE',  ( 1.000000000000000000, 0.000000000000000000, 0.000000000000000000 ) ) ;
#2570 = EDGE_CURVE ( 'NONE', #5521, #4604, #5821, .T. ) ;
#2571 = AXIS2_PLACEMENT_3D ( 'NONE', #3109, #2062, #734 ) ;
#2572 = AXIS2_PLACEMENT_3D ( 'NONE', #490, #1790, #4240 ) ;
#2573 = ORIENTED_EDGE ( 'NONE', *, *, #357, .F. ) ;
#2574 = VECTOR ( 'NONE', #4382, 1.000000000000000000 ) ;
#2575 = LINE ( 'NONE', #3412, #565 ) ;
#2576 = VERTEX_POINT ( 'NONE', #2066 ) ;
#2577 = DIRECTION ( 'NONE',  ( -0.000000000000000000, -1.000000000000000000, -0.000000000000000000 ) ) ;
#2578 = EDGE_CURVE ( 'NONE', #4348, #120, #2040, .T. ) ;
#2579 = VECTOR ( 'NONE', #1580, 1.000000000000000000 ) ;
#2580 = CARTESIAN_POINT ( 'NONE',  ( -4.534427461039364893, 1.189999999999998392, -0.7511534819267452479 ) ) ;
#2581 = LINE ( 'NONE', #5837, #364 ) ;
#2582 = AXIS2_PLACEMENT_3D ( 'NONE', #989, #871, #4131 ) ;
#2583 = EDGE_CURVE ( 'NONE', #2041, #1231, #4885, .T. ) ;
#2584 = VERTEX_POINT ( 'NONE', #188 ) ;
#2585 = AXIS2_PLACEMENT_3D ( 'NONE', #3477, #5319, #2548 ) ;
#2586 = ORIENTED_EDGE ( 'NONE', *, *, #1612, .F. ) ;
#2587 = VECTOR ( 'NONE', #3293, 1.000000000000000000 ) ;
#2588 = CARTESIAN_POINT ( 'NONE',  ( -12.47500000000000142, 0.9899999999999984368, -1.135000000000000231 ) ) ;
#2589 = FACE_OUTER_BOUND ( 'NONE', #1078, .T. ) ;
#2590 = PLANE ( 'NONE',  #4828 ) ;
#2591 = DIRECTION ( 'NONE',  ( -0.000000000000000000, 0.000000000000000000, 1.000000000000000000 ) ) ;
#2592 = DIRECTION ( 'NONE',  ( 0.000000000000000000, 0.1402661271484180461, 0.9901138386947149206 ) ) ;
#2593 = DIRECTION ( 'NONE',  ( -0.000000000000000000, 0.000000000000000000, 1.000000000000000000 ) ) ;
#2594 = DIRECTION ( 'NONE',  ( 0.000000000000000000, 0.000000000000000000, 1.000000000000000000 ) ) ;
#2595 = EDGE_CURVE ( 'NONE', #445, #285, #682, .T. ) ;
#2596 = VERTEX_POINT ( 'NONE', #1195 ) ;
#2597 = VERTEX_POINT ( 'NONE', #4341 ) ;
#2598 = ORIENTED_EDGE ( 'NONE', *, *, #6028, .T. ) ;
#2599 = ORIENTED_EDGE ( 'NONE', *, *, #4971, .F. ) ;
#2600 = DIRECTION ( 'NONE',  ( 1.000000000000000000, 0.000000000000000000, 0.000000000000000000 ) ) ;
#2601 = FACE_OUTER_BOUND ( 'NONE', #1274, .T. ) ;
#2602 = ADVANCED_FACE ( 'NONE', ( #3908 ), #5706, .T. ) ;
#2603 = EDGE_CURVE ( 'NONE', #4888, #412, #4396, .T. ) ;
#2604 = EDGE_CURVE ( 'NONE', #2649, #2596, #2961, .T. ) ;
#2605 = VERTEX_POINT ( 'NONE', #1614 ) ;
#2606 = VECTOR ( 'NONE', #441, 1.000000000000000000 ) ;
#2607 = AXIS2_PLACEMENT_3D ( 'NONE', #2037, #2534, #2448 ) ;
#2608 = DIRECTION ( 'NONE',  ( 1.000000000000000000, -1.776356839400250465E-15, 0.000000000000000000 ) ) ;
#2609 = VERTEX_POINT ( 'NONE', #4910 ) ;
#2610 = CARTESIAN_POINT ( 'NONE',  ( -3.921569072607348438, -1.189999999999998614, -0.9607596123493885587 ) ) ;
#2611 = DIRECTION ( 'NONE',  ( 0.000000000000000000, 0.000000000000000000, 1.000000000000000000 ) ) ;
#2612 = FACE_OUTER_BOUND ( 'NONE', #4803, .T. ) ;
#2613 = VECTOR ( 'NONE', #2676, 1.000000000000000000 ) ;
#2614 = ORIENTED_EDGE ( 'NONE', *, *, #3355, .T. ) ;
#2615 = ORIENTED_EDGE ( 'NONE', *, *, #1789, .T. ) ;
#2616 = EDGE_CURVE ( 'NONE', #2550, #3639, #249, .T. ) ;
#2617 = ORIENTED_EDGE ( 'NONE', *, *, #3509, .T. ) ;
#2618 = CARTESIAN_POINT ( 'NONE',  ( -11.82500000000000107, 1.189999999999998392, -0.9600000000000001865 ) ) ;
#2619 = DIRECTION ( 'NONE',  ( 1.000000000000000000, 1.483886295880788311E-16, 0.000000000000000000 ) ) ;
#2620 = DIRECTION ( 'NONE',  ( 1.000000000000000000, 1.190114376038054893E-16, -0.000000000000000000 ) ) ;
#2621 = DIRECTION ( 'NONE',  ( 0.9848077530122093526, 0.000000000000000000, 0.1736481776669233368 ) ) ;
#2622 = FACE_OUTER_BOUND ( 'NONE', #498, .T. ) ;
#2623 = ADVANCED_FACE ( 'NONE', ( #1165 ), #652, .T. ) ;
#2624 = EDGE_CURVE ( 'NONE', #3689, #1325, #282, .T. ) ;
#2625 = EDGE_CURVE ( 'NONE', #147, #1238, #3026, .T. ) ;
#2626 = AXIS2_PLACEMENT_3D ( 'NONE', #4351, #4377, #5739 ) ;
#2627 = CARTESIAN_POINT ( 'NONE',  ( -10.12754555139958335, 0.9225146718258737666, -0.9600000000000001865 ) ) ;
#2628 = CARTESIAN_POINT ( 'NONE',  ( -9.956250000000004263, -0.5602425708315862396, -0.9599999999999999645 ) ) ;
#2629 = AXIS2_PLACEMENT_3D ( 'NONE', #5473, #4698, #5028 ) ;
#2630 = ORIENTED_EDGE ( 'NONE', *, *, #4373, .F. ) ;
#2631 = ORIENTED_EDGE ( 'NONE', *, *, #3833, .F. ) ;
#2632 = EDGE_LOOP ( 'NONE', ( #2784, #714, #4792, #4439 ) ) ;
#2633 = VECTOR ( 'NONE', #2036, 1.000000000000000000 ) ;
#2634 = VERTEX_POINT ( 'NONE', #2503 ) ;
#2635 = VERTEX_POINT ( 'NONE', #4423 ) ;
#2636 = CIRCLE ( 'NONE', #4195, 0.07999999999999996003 ) ;
#2637 = CARTESIAN_POINT ( 'NONE',  ( -2.450000000000000622, 0.3896561633456299689, -1.135000000000000231 ) ) ;
#2638 = ORIENTED_EDGE ( 'NONE', *, *, #3462, .T. ) ;
#2640 = DIRECTION ( 'NONE',  ( 0.9281522335464011952, 0.3722007944145562797, 0.000000000000000000 ) ) ;
#2639 = CYLINDRICAL_SURFACE ( 'NONE', #5962, 0.2500000000000000000 ) ;
#2641 = CARTESIAN_POINT ( 'NONE',  ( -7.612500000000006040, -0.7399999999999997691, -1.135000000000000231 ) ) ;
#2642 = CYLINDRICAL_SURFACE ( 'NONE', #1146, 0.07999999999999996003 ) ;
#2643 = ORIENTED_EDGE ( 'NONE', *, *, #4964, .F. ) ;
#2644 = ORIENTED_EDGE ( 'NONE', *, *, #1624, .T. ) ;
#2645 = CARTESIAN_POINT ( 'NONE',  ( -10.14057257920408261, -0.9550000000000002931, -0.9599999999999999645 ) ) ;
#2646 = EDGE_CURVE ( 'NONE', #5915, #971, #3969, .T. ) ;
#2647 = PLANE ( 'NONE',  #4732 ) ;
#2648 = DIRECTION ( 'NONE',  ( -6.265808957320107111E-17, 1.000000000000000000, -0.000000000000000000 ) ) ;
#2649 = VERTEX_POINT ( 'NONE', #1583 ) ;
#2650 = DIRECTION ( 'NONE',  ( 0.9281522335464009732, 0.3722007944145567793, 0.000000000000000000 ) ) ;
#2651 = CARTESIAN_POINT ( 'NONE',  ( -6.240624999999996092, -0.7399999999999995470, -3.423488475815656962 ) ) ;
#2652 = VECTOR ( 'NONE', #4763, 1.000000000000000000 ) ;
#2653 = DIRECTION ( 'NONE',  ( 0.000000000000000000, -0.000000000000000000, -1.000000000000000000 ) ) ;
#2654 = DIRECTION ( 'NONE',  ( 0.000000000000000000, -0.9901138386947149206, 0.1402661271484180461 ) ) ;
#2655 = ORIENTED_EDGE ( 'NONE', *, *, #1282, .T. ) ;
#2656 = ORIENTED_EDGE ( 'NONE', *, *, #1427, .F. ) ;
#2657 = CARTESIAN_POINT ( 'NONE',  ( -12.32500000000000107, -0.3418139511719356927, -0.9599999999999999645 ) ) ;
#2658 = LINE ( 'NONE', #4554, #5587 ) ;
#2659 = ORIENTED_EDGE ( 'NONE', *, *, #3055, .T. ) ;
#2660 = ORIENTED_EDGE ( 'NONE', *, *, #3701, .F. ) ;
#2661 = CARTESIAN_POINT ( 'NONE',  ( -3.866957084846029069, 1.189999999999998392, -0.8688465180732547477 ) ) ;
#2662 = ORIENTED_EDGE ( 'NONE', *, *, #3333, .F. ) ;
#2663 = AXIS2_PLACEMENT_3D ( 'NONE', #1572, #5657, #573 ) ;
#2664 = LINE ( 'NONE', #5918, #4962 ) ;
#2665 = DIRECTION ( 'NONE',  ( -1.000000000000000000, 0.000000000000000000, 0.000000000000000000 ) ) ;
#2666 = DIRECTION ( 'NONE',  ( 1.000000000000000000, 0.000000000000000000, 0.000000000000000000 ) ) ;
#2667 = AXIS2_PLACEMENT_3D ( 'NONE', #5782, #4848, #609 ) ;
#2668 = ORIENTED_EDGE ( 'NONE', *, *, #2840, .F. ) ;
#2669 = ORIENTED_EDGE ( 'NONE', *, *, #4336, .F. ) ;
#2670 = AXIS2_PLACEMENT_3D ( 'NONE', #5783, #763, #1191 ) ;
#2671 = CARTESIAN_POINT ( 'NONE',  ( -1.700000000000000622, 0.7399999999999984368, -0.9600000000000001865 ) ) ;
#2672 = PLANE ( 'NONE',  #3168 ) ;
#2673 = CARTESIAN_POINT ( 'NONE',  ( 0.000000000000000000, 0.8750000000000000000, -0.9800000000000000933 ) ) ;
#2674 = FACE_OUTER_BOUND ( 'NONE', #1339, .T. ) ;
#2675 = CARTESIAN_POINT ( 'NONE',  ( -4.618749999999996803, -0.7399999999999988809, -0.9600000000000001865 ) ) ;
#2676 = DIRECTION ( 'NONE',  ( 0.000000000000000000, 0.000000000000000000, 1.000000000000000000 ) ) ;
#2677 = AXIS2_PLACEMENT_3D ( 'NONE', #2301, #1364, #5467 ) ;
#2678 = AXIS2_PLACEMENT_3D ( 'NONE', #3218, #811, #2665 ) ;
#2679 = ADVANCED_FACE ( 'NONE', ( #3880 ), #5251, .T. ) ;
#2680 = DIRECTION ( 'NONE',  ( -1.000000000000000000, 0.000000000000000000, 0.000000000000000000 ) ) ;
#2681 = CARTESIAN_POINT ( 'NONE',  ( -1.950000000000000622, 0.8999999999999999112, -0.9100000000000001421 ) ) ;
#2682 = VERTEX_POINT ( 'NONE', #615 ) ;
#2683 = CARTESIAN_POINT ( 'NONE',  ( 0.5886859966642593589, 0.8750000000000000000, -1.209999999999999964 ) ) ;
#2684 = SURFACE_STYLE_FILL_AREA ( #314 ) ;
#2685 = EDGE_CURVE ( 'NONE', #5117, #1765, #161, .T. ) ;
#2686 = EDGE_CURVE ( 'NONE', #1157, #2743, #5729, .T. ) ;
#2687 = ADVANCED_FACE ( 'NONE', ( #5935 ), #1283, .F. ) ;
#2688 = EDGE_LOOP ( 'NONE', ( #5457, #4868, #1387, #5155 ) ) ;
#2689 = VERTEX_POINT ( 'NONE', #2627 ) ;
#2690 = CARTESIAN_POINT ( 'NONE',  ( -3.866957084846028625, -1.190000000000001057, -0.8688465180732548587 ) ) ;
#2691 = ORIENTED_EDGE ( 'NONE', *, *, #6028, .F. ) ;
#2693 = CARTESIAN_POINT ( 'NONE',  ( -10.12754555139958335, 0.9225146718258740997, -1.135000000000000231 ) ) ;
#2692 = SHAPE_DEFINITION_REPRESENTATION ( #41, #3005 ) ;
#2694 = DIRECTION ( 'NONE',  ( -0.000000000000000000, -0.000000000000000000, -1.000000000000000000 ) ) ;
#2695 = CARTESIAN_POINT ( 'NONE',  ( -10.24474851850930790, -5.431508564030776753, -1.059999999999998277 ) ) ;
#2696 = ORIENTED_EDGE ( 'NONE', *, *, #1275, .T. ) ;
#2697 = CIRCLE ( 'NONE', #851, 5.900000000000000355 ) ;
#2698 = ORIENTED_EDGE ( 'NONE', *, *, #4738, .T. ) ;
#2699 = VECTOR ( 'NONE', #5342, 1.000000000000000000 ) ;
#2700 = PLANE ( 'NONE',  #5492 ) ;
#2701 = CARTESIAN_POINT ( 'NONE',  ( -14.17500000000000071, 0.8750000000000000000, -0.9100000000000001421 ) ) ;
#2702 = CARTESIAN_POINT ( 'NONE',  ( 0.000000000000000000, 0.000000000000000000, -1.135000000000000231 ) ) ;
#2703 = VECTOR ( 'NONE', #2096, 1.000000000000000000 ) ;
#2704 = CARTESIAN_POINT ( 'NONE',  ( -4.218749999999997335, -0.5602425708315863506, -1.135000000000000231 ) ) ;
#2705 = CARTESIAN_POINT ( 'NONE',  ( -0.5964101615137744616, 0.9899999999999984368, -0.9599999999999999645 ) ) ;
#2706 = CIRCLE ( 'NONE', #82, 0.09999999999999964473 ) ;
#2707 = ORIENTED_EDGE ( 'NONE', *, *, #5937, .F. ) ;
#2708 = EDGE_CURVE ( 'NONE', #4647, #3550, #2221, .T. ) ;
#2709 = ADVANCED_FACE ( 'NONE', ( #4516 ), #884, .F. ) ;
#2710 = CARTESIAN_POINT ( 'NONE',  ( -5.576316527040902749, -5.431508564030775865, -0.7600000000000010081 ) ) ;
#2711 = CARTESIAN_POINT ( 'NONE',  ( 0.000000000000000000, -0.8750000000000000000, -1.060000000000000053 ) ) ;
#2712 = DIRECTION ( 'NONE',  ( 1.000000000000000000, 0.000000000000000000, 0.000000000000000000 ) ) ;
#2713 = VERTEX_POINT ( 'NONE', #3628 ) ;
#2714 = AXIS2_PLACEMENT_3D ( 'NONE', #2455, #2359, #471 ) ;
#2715 = CARTESIAN_POINT ( 'NONE',  ( -5.576316527040904525, -1.190000000000001057, -0.6600000000000010303 ) ) ;
#2716 = DIRECTION ( 'NONE',  ( 0.000000000000000000, -1.000000000000000000, 0.000000000000000000 ) ) ;
#2717 = ORIENTED_EDGE ( 'NONE', *, *, #3251, .F. ) ;
#2718 = EDGE_CURVE ( 'NONE', #5588, #1293, #100, .T. ) ;
#2719 = VERTEX_POINT ( 'NONE', #4548 ) ;
#2720 = DIRECTION ( 'NONE',  ( -0.000000000000000000, 0.000000000000000000, 1.000000000000000000 ) ) ;
#2721 = ORIENTED_EDGE ( 'NONE', *, *, #2557, .F. ) ;
#2722 = VECTOR ( 'NONE', #3336, 1.000000000000000000 ) ;
#2723 = CARTESIAN_POINT ( 'NONE',  ( -5.576316527040904525, 1.189999999999998392, -0.6600000000000010303 ) ) ;
#2724 = CYLINDRICAL_SURFACE ( 'NONE', #2678, 0.2500000000000000000 ) ;
#2725 = DIRECTION ( 'NONE',  ( 1.000000000000000000, 0.000000000000000000, 0.000000000000000000 ) ) ;
#2726 = EDGE_LOOP ( 'NONE', ( #916, #2276, #771, #2874 ) ) ;
#2727 = AXIS2_PLACEMENT_3D ( 'NONE', #2530, #2063, #1581 ) ;
#2728 = ORIENTED_EDGE ( 'NONE', *, *, #828, .T. ) ;
#2729 = FACE_OUTER_BOUND ( 'NONE', #1107, .T. ) ;
#2730 = CARTESIAN_POINT ( 'NONE',  ( -1.950000000000000622, 0.7399999999999984368, -0.9600000000000001865 ) ) ;
#2731 = DIRECTION ( 'NONE',  ( 0.9848077530122093526, 0.000000000000000000, 0.1736481776669226706 ) ) ;
#2732 = DIRECTION ( 'NONE',  ( 0.000000000000000000, -0.9854601157443477755, 0.1699069165076472210 ) ) ;
#2733 = CARTESIAN_POINT ( 'NONE',  ( -2.350000000000001421, -0.2418139511719333556, -1.135000000000000231 ) ) ;
#2734 = CIRCLE ( 'NONE', #2149, 0.2500000000000000000 ) ;
#2735 = ORIENTED_EDGE ( 'NONE', *, *, #979, .T. ) ;
#2736 = DIRECTION ( 'NONE',  ( 0.000000000000000000, 0.000000000000000000, 1.000000000000000000 ) ) ;
#2737 = DIRECTION ( 'NONE',  ( 1.000000000000000000, 0.000000000000000000, 0.000000000000000000 ) ) ;
#2738 = DIRECTION ( 'NONE',  ( 1.000000000000000000, 0.000000000000000000, -0.000000000000000000 ) ) ;
#2739 = ORIENTED_EDGE ( 'NONE', *, *, #1746, .T. ) ;
#2740 = EDGE_CURVE ( 'NONE', #324, #3387, #854, .T. ) ;
#2741 = CARTESIAN_POINT ( 'NONE',  ( 0.5886859966642593589, 0.8750000000000000000, -1.060000000000000053 ) ) ;
#2742 = CARTESIAN_POINT ( 'NONE',  ( -3.930251481490694587, 1.189999999999998392, -1.009999999999999121 ) ) ;
#2743 = VERTEX_POINT ( 'NONE', #1788 ) ;
#2744 = EDGE_LOOP ( 'NONE', ( #240, #1635, #5404, #2824 ) ) ;
#2745 = EDGE_CURVE ( 'NONE', #5530, #1443, #3088, .T. ) ;
#2746 = DIRECTION ( 'NONE',  ( 1.000000000000000000, 6.265808957320107111E-17, 0.000000000000000000 ) ) ;
#2747 = ORIENTED_EDGE ( 'NONE', *, *, #2315, .F. ) ;
#2748 = ADVANCED_FACE ( 'NONE', ( #3139 ), #5474, .T. ) ;
#2749 = LINE ( 'NONE', #469, #3273 ) ;
#2750 = LINE ( 'NONE', #5550, #5732 ) ;
#2751 = DIRECTION ( 'NONE',  ( -1.000000000000000000, 0.000000000000000000, 0.000000000000000000 ) ) ;
#2752 = LINE ( 'NONE', #4622, #5114 ) ;
#2753 = ORIENTED_EDGE ( 'NONE', *, *, #5536, .T. ) ;
#2754 = ORIENTED_EDGE ( 'NONE', *, *, #3699, .T. ) ;
#2755 = VECTOR ( 'NONE', #3384, 0.9999999999999998890 ) ;
#2756 = PRODUCT_RELATED_PRODUCT_CATEGORY ( 'part', '', ( #4334 ) ) ;
#2757 = LINE ( 'NONE', #3620, #5599 ) ;
#2758 = LINE ( 'NONE', #4141, #1992 ) ;
#2759 = LINE ( 'NONE', #4633, #5385 ) ;
#2760 = AXIS2_PLACEMENT_3D ( 'NONE', #2787, #929, #1802 ) ;
#2761 = CARTESIAN_POINT ( 'NONE',  ( -11.82500000000000107, 1.189999999999998392, -0.9600000000000001865 ) ) ;
#2762 = FACE_OUTER_BOUND ( 'NONE', #3747, .T. ) ;
#2763 = EDGE_CURVE ( 'NONE', #545, #4979, #2831, .T. ) ;
#2764 = EDGE_CURVE ( 'NONE', #2319, #1521, #1344, .T. ) ;
#2765 = AXIS2_PLACEMENT_3D ( 'NONE', #3904, #155, #2954 ) ;
#2766 = VECTOR ( 'NONE', #2312, 1.000000000000000000 ) ;
#2767 = ORIENTED_EDGE ( 'NONE', *, *, #2497, .T. ) ;
#2768 = CIRCLE ( 'NONE', #338, 0.09999999999999964473 ) ;
#2769 = AXIS2_PLACEMENT_3D ( 'NONE', #5745, #3955, #1658 ) ;
#2770 = DIRECTION ( 'NONE',  ( 0.000000000000000000, -1.000000000000000000, 0.000000000000000000 ) ) ;
#2771 = CARTESIAN_POINT ( 'NONE',  ( -8.598683472959089968, 1.189999999999998392, -0.6600000000000002531 ) ) ;
#2772 = CARTESIAN_POINT ( 'NONE',  ( -12.22500000000000142, -0.8000000000000000444, -0.9100000000000001421 ) ) ;
#2773 = VECTOR ( 'NONE', #2880, 1.000000000000000000 ) ;
#2774 = CIRCLE ( 'NONE', #2677, 0.2500000000000000000 ) ;
#2775 = VECTOR ( 'NONE', #5523, 1.000000000000000000 ) ;
#2776 = ADVANCED_FACE ( 'NONE', ( #4944 ), #5960, .F. ) ;
#2777 = ORIENTED_EDGE ( 'NONE', *, *, #1611, .T. ) ;
#2778 = DIRECTION ( 'NONE',  ( -0.9848077530122093526, -1.851185172018656839E-16, 0.1736481776669237531 ) ) ;
#2779 = CARTESIAN_POINT ( 'NONE',  ( -6.240624999999996092, -0.7399999999999995470, -0.9599999999999999645 ) ) ;
#2780 = VERTEX_POINT ( 'NONE', #5504 ) ;
#2781 = ORIENTED_EDGE ( 'NONE', *, *, #5, .T. ) ;
#2782 = EDGE_CURVE ( 'NONE', #2141, #1472, #1562, .T. ) ;
#2783 = DIRECTION ( 'NONE',  ( 0.000000000000000000, 0.000000000000000000, 1.000000000000000000 ) ) ;
#2784 = ORIENTED_EDGE ( 'NONE', *, *, #5668, .F. ) ;
#2785 = ADVANCED_FACE ( 'NONE', ( #3112 ), #3577, .F. ) ;
#2786 = DIRECTION ( 'NONE',  ( -0.000000000000000000, 0.000000000000000000, 1.000000000000000000 ) ) ;
#2788 = CARTESIAN_POINT ( 'NONE',  ( -2.350000000000000533, -0.7399999999999988809, -0.9600000000000001865 ) ) ;
#2787 = CARTESIAN_POINT ( 'NONE',  ( 0.5886859966642593589, -0.8750000000000000000, -1.060000000000000053 ) ) ;
#2789 = DIRECTION ( 'NONE',  ( 0.000000000000000000, 0.000000000000000000, 1.000000000000000000 ) ) ;
#2790 = DIRECTION ( 'NONE',  ( 0.000000000000000000, -0.000000000000000000, -1.000000000000000000 ) ) ;
#2791 = EDGE_CURVE ( 'NONE', #2476, #3540, #4488, .T. ) ;
#2792 = VERTEX_POINT ( 'NONE', #2159 ) ;
#2793 = EDGE_LOOP ( 'NONE', ( #1650, #4815, #3431, #1563 ) ) ;
#2794 = CARTESIAN_POINT ( 'NONE',  ( -0.4464101615137745505, -0.2418139511719357149, -0.9599999999999999645 ) ) ;
#2795 = CARTESIAN_POINT ( 'NONE',  ( -9.623207721193939079, 1.089999999999998082, -0.8496342572279645955 ) ) ;
#2796 = CYLINDRICAL_SURFACE ( 'NONE', #5981, 0.09999999999999964473 ) ;
#2797 = CARTESIAN_POINT ( 'NONE',  ( -11.35331954216210271, -1.387778780781445676E-16, -3.423488475815656962 ) ) ;
#2798 = DIRECTION ( 'NONE',  ( 1.000000000000000000, -0.000000000000000000, -0.000000000000000000 ) ) ;
#2799 = EDGE_CURVE ( 'NONE', #4888, #4713, #882, .T. ) ;
#2800 = ORIENTED_EDGE ( 'NONE', *, *, #1300, .F. ) ;
#2801 = ORIENTED_EDGE ( 'NONE', *, *, #4073, .T. ) ;
#2802 = DIRECTION ( 'NONE',  ( -0.000000000000000000, 0.000000000000000000, 1.000000000000000000 ) ) ;
#2803 = EDGE_CURVE ( 'NONE', #3797, #5633, #335, .T. ) ;
#2804 = PLANE ( 'NONE',  #1837 ) ;
#2805 = CARTESIAN_POINT ( 'NONE',  ( -1.949999999999999734, 0.7399999999999984368, -1.135000000000000231 ) ) ;
#2806 = ADVANCED_FACE ( 'NONE', ( #3604 ), #94, .T. ) ;
#2807 = DIRECTION ( 'NONE',  ( -0.000000000000000000, 1.000000000000000000, 0.000000000000000000 ) ) ;
#2808 = EDGE_CURVE ( 'NONE', #3037, #2561, #61, .T. ) ;
#2809 = ORIENTED_EDGE ( 'NONE', *, *, #2557, .T. ) ;
#2810 = DIRECTION ( 'NONE',  ( -1.000000000000000000, -0.000000000000000000, -0.000000000000000000 ) ) ;
#2811 = DIRECTION ( 'NONE',  ( 0.000000000000000000, -0.000000000000000000, -1.000000000000000000 ) ) ;
#2812 = ORIENTED_EDGE ( 'NONE', *, *, #5667, .T. ) ;
#2813 = ORIENTED_EDGE ( 'NONE', *, *, #2902, .T. ) ;
#2814 = VECTOR ( 'NONE', #752, 1.000000000000000000 ) ;
#2815 = LINE ( 'NONE', #1444, #5666 ) ;
#2816 = ORIENTED_EDGE ( 'NONE', *, *, #3546, .F. ) ;
#2817 = FACE_OUTER_BOUND ( 'NONE', #3765, .T. ) ;
#2818 = CARTESIAN_POINT ( 'NONE',  ( -1.850000000000000533, -0.2418139511719357149, -1.135000000000000231 ) ) ;
#2819 = FACE_OUTER_BOUND ( 'NONE', #3276, .T. ) ;
#2820 = EDGE_CURVE ( 'NONE', #4838, #4760, #3270, .T. ) ;
#2821 = CARTESIAN_POINT ( 'NONE',  ( -3.930251481490695031, -1.089999999999998082, -1.059999999999999165 ) ) ;
#2822 = VECTOR ( 'NONE', #2278, 1.000000000000000000 ) ;
#2823 = ORIENTED_EDGE ( 'NONE', *, *, #1171, .F. ) ;
#2824 = ORIENTED_EDGE ( 'NONE', *, *, #5910, .F. ) ;
#2825 = FACE_OUTER_BOUND ( 'NONE', #5148, .T. ) ;
#2826 = CARTESIAN_POINT ( 'NONE',  ( -14.76368599666425929, -0.8750000000000000000, -1.060000000000000053 ) ) ;
#2827 = DIRECTION ( 'NONE',  ( 0.000000000000000000, -0.000000000000000000, 1.000000000000000000 ) ) ;
#2828 = EDGE_CURVE ( 'NONE', #4832, #614, #4699, .T. ) ;
#2829 = LINE ( 'NONE', #480, #4821 ) ;
#2830 = DIRECTION ( 'NONE',  ( 1.000000000000000000, 0.000000000000000000, 0.000000000000000000 ) ) ;
#2831 = CIRCLE ( 'NONE', #1079, 0.07999999999999996003 ) ;
#2832 = VERTEX_POINT ( 'NONE', #488 ) ;
#2833 = ADVANCED_FACE ( 'NONE', ( #2864 ), #3786, .T. ) ;
#2834 = ORIENTED_EDGE ( 'NONE', *, *, #3470, .F. ) ;
#2835 = LINE ( 'NONE', #59, #5464 ) ;
#2836 = DIRECTION ( 'NONE',  ( 1.000000000000000000, 0.000000000000000000, 0.000000000000000000 ) ) ;
#2837 = DIRECTION ( 'NONE',  ( 0.000000000000000000, 0.000000000000000000, 1.000000000000000000 ) ) ;
#2838 = ADVANCED_FACE ( 'NONE', ( #5532 ), #5214, .T. ) ;
#2839 = DIRECTION ( 'NONE',  ( 1.000000000000000000, 0.000000000000000000, 0.000000000000000000 ) ) ;
#2840 = EDGE_CURVE ( 'NONE', #4639, #3404, #2377, .T. ) ;
#2841 = ORIENTED_EDGE ( 'NONE', *, *, #5584, .F. ) ;
#2842 = CARTESIAN_POINT ( 'NONE',  ( -0.5964101615137744616, 0.9899999999999984368, -1.135000000000000231 ) ) ;
#2843 = CARTESIAN_POINT ( 'NONE',  ( 0.000000000000000000, 0.8750000000000000000, -0.9800000000000000933 ) ) ;
#2844 = ORIENTED_EDGE ( 'NONE', *, *, #4660, .F. ) ;
#2845 = ORIENTED_EDGE ( 'NONE', *, *, #2740, .T. ) ;
#2846 = AXIS2_PLACEMENT_3D ( 'NONE', #5211, #3814, #1431 ) ;
#2847 = DIRECTION ( 'NONE',  ( 0.000000000000000000, 0.000000000000000000, -1.000000000000000000 ) ) ;
#2848 = ORIENTED_EDGE ( 'NONE', *, *, #664, .T. ) ;
#2849 = DIRECTION ( 'NONE',  ( 0.000000000000000000, 0.000000000000000000, 1.000000000000000000 ) ) ;
#2850 = DIRECTION ( 'NONE',  ( 1.000000000000000000, 0.000000000000000000, 0.000000000000000000 ) ) ;
#2851 = LINE ( 'NONE', #4712, #4923 ) ;
#2852 = ORIENTED_EDGE ( 'NONE', *, *, #620, .T. ) ;
#2853 = VERTEX_POINT ( 'NONE', #3330 ) ;
#2854 = DIRECTION ( 'NONE',  ( -1.000000000000000000, 0.000000000000000000, -0.000000000000000000 ) ) ;
#2855 = CARTESIAN_POINT ( 'NONE',  ( -4.534427461039365781, 0.9899999999999982148, -0.7511534819267449148 ) ) ;
#2856 = LINE ( 'NONE', #3321, #4031 ) ;
#2857 = CYLINDRICAL_SURFACE ( 'NONE', #5489, 0.1000000000000000888 ) ;
#2858 = DIRECTION ( 'NONE',  ( 0.000000000000000000, -0.000000000000000000, -1.000000000000000000 ) ) ;
#2859 = VERTEX_POINT ( 'NONE', #5181 ) ;
#2860 = ORIENTED_EDGE ( 'NONE', *, *, #2395, .F. ) ;
#2861 = CARTESIAN_POINT ( 'NONE',  ( -12.47500000000000142, 0.7399999999999984368, -3.423488475815656962 ) ) ;
#2862 = VECTOR ( 'NONE', #1761, 1.000000000000000222 ) ;
#2863 = DIRECTION ( 'NONE',  ( 0.000000000000000000, -0.000000000000000000, 1.000000000000000000 ) ) ;
#2864 = FACE_OUTER_BOUND ( 'NONE', #2323, .T. ) ;
#2865 = PLANE ( 'NONE',  #1987 ) ;
#2866 = ADVANCED_FACE ( 'NONE', ( #6025 ), #549, .F. ) ;
#2867 = AXIS2_PLACEMENT_3D ( 'NONE', #2926, #320, #2174 ) ;
#2868 = VECTOR ( 'NONE', #3621, 1.000000000000000000 ) ;
#2869 = AXIS2_PLACEMENT_3D ( 'NONE', #5383, #1162, #4997 ) ;
#2870 = ORIENTED_EDGE ( 'NONE', *, *, #4558, .T. ) ;
#2871 = FACE_OUTER_BOUND ( 'NONE', #3309, .T. ) ;
#2872 = DIRECTION ( 'NONE',  ( -1.000000000000000000, 0.000000000000000000, -0.000000000000000000 ) ) ;
#2873 = CIRCLE ( 'NONE', #1786, 0.05000000000000071054 ) ;
#2874 = ORIENTED_EDGE ( 'NONE', *, *, #856, .T. ) ;
#2875 = ORIENTED_EDGE ( 'NONE', *, *, #2564, .T. ) ;
#2876 = VECTOR ( 'NONE', #2948, 1.000000000000000000 ) ;
#2877 = EDGE_LOOP ( 'NONE', ( #2823, #5406, #3510, #3613 ) ) ;
#2878 = LINE ( 'NONE', #3213, #608 ) ;
#2879 = ORIENTED_EDGE ( 'NONE', *, *, #5088, .F. ) ;
#2881 = ADVANCED_FACE ( 'NONE', ( #5567 ), #1003, .F. ) ;
#2880 = DIRECTION ( 'NONE',  ( -1.000000000000000000, 0.000000000000000000, -0.000000000000000000 ) ) ;
#2882 = CARTESIAN_POINT ( 'NONE',  ( -11.82500000000000107, 1.189999999999998392, -0.9600000000000001865 ) ) ;
#2883 = DIRECTION ( 'NONE',  ( 1.000000000000000000, 0.000000000000000000, 0.000000000000000000 ) ) ;
#2884 = EDGE_CURVE ( 'NONE', #1564, #2853, #1037, .T. ) ;
#2885 = EDGE_CURVE ( 'NONE', #4927, #5914, #4003, .T. ) ;
#2886 = ORIENTED_EDGE ( 'NONE', *, *, #4971, .T. ) ;
#2887 = ORIENTED_EDGE ( 'NONE', *, *, #3726, .T. ) ;
#2888 = CARTESIAN_POINT ( 'NONE',  ( 0.000000000000000000, 0.8750000000000000000, -1.060000000000000053 ) ) ;
#2889 = PLANE ( 'NONE',  #637 ) ;
#2890 = CARTESIAN_POINT ( 'NONE',  ( 0.6199999999999999956, 0.8750000000000000000, -1.060000000000000053 ) ) ;
#2891 = DIRECTION ( 'NONE',  ( -1.432545838226008708E-17, 1.000000000000000000, -0.000000000000000000 ) ) ;
#2892 = CARTESIAN_POINT ( 'NONE',  ( -14.17500000000000071, 1.189999999999997504, -0.9600000000000001865 ) ) ;
#2893 = ORIENTED_EDGE ( 'NONE', *, *, #4551, .F. ) ;
#2894 = ORIENTED_EDGE ( 'NONE', *, *, #2237, .T. ) ;
#2895 = CARTESIAN_POINT ( 'NONE',  ( -4.318749999999996092, 0.7080847830052794389, -0.9600000000000001865 ) ) ;
#2896 = LINE ( 'NONE', #3873, #38 ) ;
#2897 = DIRECTION ( 'NONE',  ( -0.000000000000000000, 0.000000000000000000, 1.000000000000000000 ) ) ;
#2898 = DIRECTION ( 'NONE',  ( 1.000000000000000000, 0.000000000000000000, -0.000000000000000000 ) ) ;
#2899 = VECTOR ( 'NONE', #4593, 1.000000000000000000 ) ;
#2900 = ADVANCED_FACE ( 'NONE', ( #4766 ), #2279, .T. ) ;
#2901 = AXIS2_PLACEMENT_3D ( 'NONE', #2933, #2559, #3881 ) ;
#2902 = EDGE_CURVE ( 'NONE', #5914, #4927, #5266, .T. ) ;
#2903 = VECTOR ( 'NONE', #5684, 1.000000000000000000 ) ;
#2904 = ORIENTED_EDGE ( 'NONE', *, *, #2297, .F. ) ;
#2905 = DIRECTION ( 'NONE',  ( 1.000000000000000000, 0.000000000000000000, 0.000000000000000000 ) ) ;
#2906 = CARTESIAN_POINT ( 'NONE',  ( -7.934375000000004619, 0.7399999999999979927, -1.135000000000000231 ) ) ;
#2907 = VECTOR ( 'NONE', #3051, 1.000000000000000000 ) ;
#2908 = EDGE_LOOP ( 'NONE', ( #924, #1853, #5737, #744 ) ) ;
#2909 = ORIENTED_EDGE ( 'NONE', *, *, #3407, .T. ) ;
#2910 = CARTESIAN_POINT ( 'NONE',  ( -12.22500000000000142, -0.8999999999999999112, -0.9100000000000001421 ) ) ;
#2911 = VERTEX_POINT ( 'NONE', #5085 ) ;
#2912 = FACE_BOUND ( 'NONE', #1039, .T. ) ;
#2913 = CARTESIAN_POINT ( 'NONE',  ( -12.22500000000000142, 0.3418139511719356927, 0.000000000000000000 ) ) ;
#2914 = EDGE_CURVE ( 'NONE', #2584, #3579, #5122, .T. ) ;
#2915 = VERTEX_POINT ( 'NONE', #5603 ) ;
#2916 = ORIENTED_EDGE ( 'NONE', *, *, #2564, .F. ) ;
#2917 = CARTESIAN_POINT ( 'NONE',  ( -6.812499999999994671, 0.9899999999999984368, -1.135000000000000231 ) ) ;
#2918 = FACE_OUTER_BOUND ( 'NONE', #3190, .T. ) ;
#2919 = DIRECTION ( 'NONE',  ( 0.000000000000000000, -0.9854601157443477755, -0.1699069165076472210 ) ) ;
#2920 = VECTOR ( 'NONE', #3980, 1.000000000000000000 ) ;
#2921 = DIRECTION ( 'NONE',  ( 0.3722007944145563352, 0.9281522335464011952, 0.000000000000000000 ) ) ;
#2922 = PLANE ( 'NONE',  #5425 ) ;
#2923 = ORIENTED_EDGE ( 'NONE', *, *, #2038, .F. ) ;
#2924 = ORIENTED_EDGE ( 'NONE', *, *, #2084, .F. ) ;
#2925 = CARTESIAN_POINT ( 'NONE',  ( -8.984375000000005329, 0.7399999999999978817, -1.135000000000000231 ) ) ;
#2926 = CARTESIAN_POINT ( 'NONE',  ( -1.850000000000000533, 0.3418139511719356927, -3.423488475815656962 ) ) ;
#2928 = VECTOR ( 'NONE', #1887, 1.000000000000000000 ) ;
#2927 = CARTESIAN_POINT ( 'NONE',  ( -6.812499999999994671, 0.9899999999999984368, -0.9600000000000001865 ) ) ;
#2929 = CARTESIAN_POINT ( 'NONE',  ( -10.29474851850930861, -1.189999999999998170, -1.009999999999998233 ) ) ;
#2930 = AXIS2_PLACEMENT_3D ( 'NONE', #5665, #2898, #5994 ) ;
#2931 = DIRECTION ( 'NONE',  ( 6.265808957320107111E-17, -1.000000000000000000, 0.000000000000000000 ) ) ;
#2932 = DIRECTION ( 'NONE',  ( -1.000000000000000000, 0.000000000000000000, 0.000000000000000000 ) ) ;
#2933 = CARTESIAN_POINT ( 'NONE',  ( 0.6199999999999999956, -0.8750000000000000000, -1.060000000000000053 ) ) ;
#2934 = VERTEX_POINT ( 'NONE', #2805 ) ;
#2935 = AXIS2_PLACEMENT_3D ( 'NONE', #950, #33, #2384 ) ;
#2936 = ORIENTED_EDGE ( 'NONE', *, *, #3914, .F. ) ;
#2937 = EDGE_CURVE ( 'NONE', #3501, #4688, #1948, .T. ) ;
#2938 = ORIENTED_EDGE ( 'NONE', *, *, #3052, .T. ) ;
#2939 = PLANE ( 'NONE',  #149 ) ;
#2940 = CARTESIAN_POINT ( 'NONE',  ( 0.000000000000000000, 0.000000000000000000, -1.135000000000000231 ) ) ;
#2941 = ORIENTED_EDGE ( 'NONE', *, *, #1058, .T. ) ;
#2942 = EDGE_CURVE ( 'NONE', #3725, #4016, #2636, .T. ) ;
#2943 = VERTEX_POINT ( 'NONE', #3934 ) ;
#2944 = VECTOR ( 'NONE', #5193, 0.9999999999999998890 ) ;
#2945 = CARTESIAN_POINT ( 'NONE',  ( -2.784460378396442337, -0.09281522335464024998, -0.9600000000000001865 ) ) ;
#2946 = DIRECTION ( 'NONE',  ( 0.000000000000000000, -0.000000000000000000, -1.000000000000000000 ) ) ;
#2947 = CARTESIAN_POINT ( 'NONE',  ( -2.350000000000000533, -0.8999999999999999112, -0.9100000000000001421 ) ) ;
#2948 = DIRECTION ( 'NONE',  ( -1.000000000000000000, 0.000000000000000000, 0.000000000000000000 ) ) ;
#2949 = DIRECTION ( 'NONE',  ( 0.000000000000000000, -0.000000000000000000, 1.000000000000000000 ) ) ;
#2950 = VERTEX_POINT ( 'NONE', #611 ) ;
#2951 = ORIENTED_EDGE ( 'NONE', *, *, #868, .T. ) ;
#2952 = DIRECTION ( 'NONE',  ( -1.879742687196032133E-16, 1.000000000000000000, 0.000000000000000000 ) ) ;
#2953 = CARTESIAN_POINT ( 'NONE',  ( 0.000000000000000000, 0.8750000000000000000, -1.060000000000000053 ) ) ;
#2954 = DIRECTION ( 'NONE',  ( 1.000000000000000000, -7.526935760170552482E-17, -5.268855032119386343E-15 ) ) ;
#2955 = DIRECTION ( 'NONE',  ( 1.000000000000000000, 1.879742687196032133E-16, 0.000000000000000000 ) ) ;
#2956 = EDGE_CURVE ( 'NONE', #1765, #1140, #1134, .T. ) ;
#2957 = EDGE_CURVE ( 'NONE', #5610, #4168, #2990, .T. ) ;
#2958 = VECTOR ( 'NONE', #4413, 1.000000000000000000 ) ;
#2959 = APPLICATION_CONTEXT ( 'automotive_design' ) ;
#2960 = CARTESIAN_POINT ( 'NONE',  ( -1.950000000000000622, -0.7399999999999984368, -1.135000000000000231 ) ) ;
#2961 = LINE ( 'NONE', #3938, #3215 ) ;
#2962 = CARTESIAN_POINT ( 'NONE',  ( -2.914659381970696644E-16, 1.189999999999998392, -1.160000000000000142 ) ) ;
#2963 = AXIS2_PLACEMENT_3D ( 'NONE', #4044, #5270, #579 ) ;
#2964 = ORIENTED_EDGE ( 'NONE', *, *, #333, .F. ) ;
#2965 = VERTEX_POINT ( 'NONE', #124 ) ;
#2966 = AXIS2_PLACEMENT_3D ( 'NONE', #1036, #3360, #2407 ) ;
#2967 = ORIENTED_EDGE ( 'NONE', *, *, #3411, .T. ) ;
#2968 = EDGE_CURVE ( 'NONE', #1298, #2915, #156, .T. ) ;
#2969 = VERTEX_POINT ( 'NONE', #2469 ) ;
#2970 = DIRECTION ( 'NONE',  ( -1.000000000000000000, -6.265808957320107111E-17, 1.930822651522010828E-16 ) ) ;
#2971 = DIRECTION ( 'NONE',  ( -0.000000000000000000, -0.000000000000000000, -1.000000000000000000 ) ) ;
#2972 = AXIS2_PLACEMENT_3D ( 'NONE', #4319, #5142, #3806 ) ;
#2973 = AXIS2_PLACEMENT_3D ( 'NONE', #5979, #1804, #2751 ) ;
#2974 = ORIENTED_EDGE ( 'NONE', *, *, #3910, .T. ) ;
#2975 = ADVANCED_FACE ( 'NONE', ( #1163, #3454 ), #3020, .T. ) ;
#2976 = CARTESIAN_POINT ( 'NONE',  ( -8.598683472959093521, 5.431508564030776753, -0.7599999999999997868 ) ) ;
#2977 = VERTEX_POINT ( 'NONE', #2009 ) ;
#2978 = LINE ( 'NONE', #3101, #736 ) ;
#2979 = CARTESIAN_POINT ( 'NONE',  ( -9.556250000000003908, 0.9899999999999984368, -3.423488475815656962 ) ) ;
#2980 = CIRCLE ( 'NONE', #1318, 0.1000000000000000888 ) ;
#2981 = DIRECTION ( 'NONE',  ( -0.000000000000000000, -0.000000000000000000, -1.000000000000000000 ) ) ;
#2982 = CARTESIAN_POINT ( 'NONE',  ( -12.22500000000000142, 0.2418139511719357149, -3.423488475815656962 ) ) ;
#2983 = ORIENTED_EDGE ( 'NONE', *, *, #4119, .T. ) ;
#2984 = VECTOR ( 'NONE', #2035, 1.000000000000000000 ) ;
#2985 = ORIENTED_EDGE ( 'NONE', *, *, #4490, .T. ) ;
#2986 = FACE_OUTER_BOUND ( 'NONE', #1445, .T. ) ;
#2987 = DIRECTION ( 'NONE',  ( 0.000000000000000000, 0.000000000000000000, 1.000000000000000000 ) ) ;
#2988 = DIRECTION ( 'NONE',  ( 0.000000000000000000, -0.000000000000000000, -1.000000000000000000 ) ) ;
#2989 = DIRECTION ( 'NONE',  ( 0.000000000000000000, -0.000000000000000000, -1.000000000000000000 ) ) ;
#2990 = LINE ( 'NONE', #4302, #4787 ) ;
#2991 = EDGE_CURVE ( 'NONE', #2449, #4889, #4364, .T. ) ;
#2992 = LINE ( 'NONE', #1164, #4248 ) ;
#2993 = CARTESIAN_POINT ( 'NONE',  ( -7.362500000000006040, -0.7399999999999997691, -0.9600000000000001865 ) ) ;
#2994 = DIRECTION ( 'NONE',  ( 1.000000000000000000, 0.000000000000000000, -0.000000000000000000 ) ) ;
#2995 = ORIENTED_EDGE ( 'NONE', *, *, #5563, .F. ) ;
#2996 = AXIS2_PLACEMENT_3D ( 'NONE', #1392, #5113, #5660 ) ;
#2997 = EDGE_LOOP ( 'NONE', ( #3569, #67, #3527, #4568 ) ) ;
#2998 = VECTOR ( 'NONE', #3382, 1.000000000000000000 ) ;
#2999 = ORIENTED_EDGE ( 'NONE', *, *, #4061, .T. ) ;
#3000 = AXIS2_PLACEMENT_3D ( 'NONE', #3906, #4882, #3392 ) ;
#3001 = VERTEX_POINT ( 'NONE', #245 ) ;
#3002 = CARTESIAN_POINT ( 'NONE',  ( -11.39053962160355837, -0.09281522335464024998, -0.9600000000000008527 ) ) ;
#3003 = CARTESIAN_POINT ( 'NONE',  ( 0.000000000000000000, 0.000000000000000000, -0.9600000000000001865 ) ) ;
#3004 = VERTEX_POINT ( 'NONE', #706 ) ;
#3005 = ADVANCED_BREP_SHAPE_REPRESENTATION ( 'WagonPlane_40ft_MoreDetailed', ( #137, #1400 ), #1309 ) ;
#3006 = DIRECTION ( 'NONE',  ( 1.000000000000000000, 0.000000000000000000, 0.000000000000000000 ) ) ;
#3007 = ORIENTED_EDGE ( 'NONE', *, *, #842, .F. ) ;
#3008 = EDGE_CURVE ( 'NONE', #2099, #2545, #646, .T. ) ;
#3009 = DIRECTION ( 'NONE',  ( 1.000000000000000000, -6.265808957320107111E-17, -4.040691778796104450E-16 ) ) ;
#3010 = CARTESIAN_POINT ( 'NONE',  ( -12.22500000000000142, 1.189999999999998392, -0.9600000000000001865 ) ) ;
#3011 = LINE ( 'NONE', #4414, #3656 ) ;
#3012 = DIRECTION ( 'NONE',  ( 0.000000000000000000, 0.000000000000000000, 1.000000000000000000 ) ) ;
#3013 = ORIENTED_EDGE ( 'NONE', *, *, #5386, .T. ) ;
#3014 = ORIENTED_EDGE ( 'NONE', *, *, #1624, .F. ) ;
#3015 = EDGE_CURVE ( 'NONE', #5446, #1595, #3875, .T. ) ;
#3016 = DIRECTION ( 'NONE',  ( 1.000000000000000000, 7.401486830834376525E-17, 0.000000000000000000 ) ) ;
#3017 = CIRCLE ( 'NONE', #4281, 5.900000000000000355 ) ;
#3018 = CARTESIAN_POINT ( 'NONE',  ( -5.190624999999995381, 0.7399999999999981037, -1.135000000000000231 ) ) ;
#3019 = LINE ( 'NONE', #2126, #4527 ) ;
#3020 = PLANE ( 'NONE',  #2727 ) ;
#3021 = VECTOR ( 'NONE', #3815, 1.000000000000000000 ) ;
#3022 = EDGE_CURVE ( 'NONE', #4673, #4532, #4796, .T. ) ;
#3023 = VECTOR ( 'NONE', #5758, 1.000000000000000000 ) ;
#3024 = EDGE_CURVE ( 'NONE', #5222, #3066, #1609, .T. ) ;
#3025 = DIRECTION ( 'NONE',  ( -1.000000000000000000, -6.265808957320107111E-17, 1.930822651522010828E-16 ) ) ;
#3026 = LINE ( 'NONE', #5274, #5648 ) ;
#3027 = CARTESIAN_POINT ( 'NONE',  ( -14.76368599666425929, 0.000000000000000000, -1.060000000000000053 ) ) ;
#3028 = ORIENTED_EDGE ( 'NONE', *, *, #4290, .F. ) ;
#3029 = VECTOR ( 'NONE', #1760, 1.000000000000000000 ) ;
#3030 = ORIENTED_EDGE ( 'NONE', *, *, #4113, .T. ) ;
#3031 = PRODUCT_DEFINITION ( 'NON CONOSCIUTO', '', #823, #3596 ) ;
#3032 = EDGE_LOOP ( 'NONE', ( #1496, #5652, #1441, #2068, #2162, #2512 ) ) ;
#3033 = ORIENTED_EDGE ( 'NONE', *, *, #444, .T. ) ;
#3034 = CARTESIAN_POINT ( 'NONE',  ( -11.57500000000000107, 0.9899999999999984368, -0.9600000000000001865 ) ) ;
#3035 = CARTESIAN_POINT ( 'NONE',  ( -1.949999999999999734, -0.2418139511719357149, -3.423488475815656962 ) ) ;
#3036 = EDGE_CURVE ( 'NONE', #1734, #3091, #5726, .T. ) ;
#3037 = VERTEX_POINT ( 'NONE', #3965 ) ;
#3038 = DIRECTION ( 'NONE',  ( -0.3722007944145567238, -0.9281522335464009732, 0.000000000000000000 ) ) ;
#3039 = ORIENTED_EDGE ( 'NONE', *, *, #1263, .T. ) ;
#3040 = DIRECTION ( 'NONE',  ( 1.000000000000000000, 0.000000000000000000, 0.000000000000000000 ) ) ;
#3041 = DIRECTION ( 'NONE',  ( 0.000000000000000000, 0.000000000000000000, -1.000000000000000000 ) ) ;
#3042 = FACE_OUTER_BOUND ( 'NONE', #2071, .T. ) ;
#3043 = VERTEX_POINT ( 'NONE', #1103 ) ;
#3044 = ORIENTED_EDGE ( 'NONE', *, *, #5953, .F. ) ;
#3045 = ADVANCED_FACE ( 'NONE', ( #3486 ), #5328, .T. ) ;
#3046 = DIRECTION ( 'NONE',  ( 0.000000000000000000, 0.000000000000000000, -1.000000000000000000 ) ) ;
#3047 = DIRECTION ( 'NONE',  ( 0.000000000000000000, 0.000000000000000000, 1.000000000000000000 ) ) ;
#3048 = LINE ( 'NONE', #1640, #2191 ) ;
#3049 = VECTOR ( 'NONE', #954, 1.000000000000000000 ) ;
#3050 = PLANE ( 'NONE',  #5391 ) ;
#3051 = DIRECTION ( 'NONE',  ( -1.000000000000000000, 0.000000000000000000, 0.000000000000000000 ) ) ;
#3052 = EDGE_CURVE ( 'NONE', #3922, #4688, #5815, .T. ) ;
#3053 = CARTESIAN_POINT ( 'NONE',  ( -2.350000000000001421, 0.2418139511719357149, -0.9600000000000001865 ) ) ;
#3054 = FACE_OUTER_BOUND ( 'NONE', #3770, .T. ) ;
#3055 = EDGE_CURVE ( 'NONE', #1450, #3822, #5248, .T. ) ;
#3056 = EDGE_CURVE ( 'NONE', #2057, #3449, #1192, .T. ) ;
#3057 = ORIENTED_EDGE ( 'NONE', *, *, #426, .F. ) ;
#3058 = ORIENTED_EDGE ( 'NONE', *, *, #4694, .F. ) ;
#3059 = AXIS2_PLACEMENT_3D ( 'NONE', #4142, #5143, #4229 ) ;
#3060 = ORIENTED_EDGE ( 'NONE', *, *, #3699, .F. ) ;
#3061 = ORIENTED_EDGE ( 'NONE', *, *, #1352, .F. ) ;
#3062 = SURFACE_STYLE_USAGE ( .BOTH. , #4094 ) ;
#3063 = DIRECTION ( 'NONE',  ( 1.483886295880788311E-16, 1.000000000000000000, 0.000000000000000000 ) ) ;
#3064 = VECTOR ( 'NONE', #5470, 1.000000000000000000 ) ;
#3065 = VECTOR ( 'NONE', #5086, 1.000000000000000000 ) ;
#3066 = VERTEX_POINT ( 'NONE', #2929 ) ;
#3067 = EDGE_CURVE ( 'NONE', #4588, #5363, #1071, .T. ) ;
#3068 = CIRCLE ( 'NONE', #2483, 0.05000000000000071054 ) ;
#3069 = CARTESIAN_POINT ( 'NONE',  ( -4.868749999999996803, 0.7399999999999981037, -0.9600000000000001865 ) ) ;
#3070 = ORIENTED_EDGE ( 'NONE', *, *, #5430, .T. ) ;
#3071 = ADVANCED_FACE ( 'NONE', ( #5272 ), #4820, .T. ) ;
#3072 = ADVANCED_FACE ( 'NONE', ( #306 ), #3576, .F. ) ;
#3073 = CARTESIAN_POINT ( 'NONE',  ( -5.440624999999995381, 0.7399999999999981037, -3.423488475815656962 ) ) ;
#3074 = VECTOR ( 'NONE', #898, 1.000000000000000000 ) ;
#3075 = DIRECTION ( 'NONE',  ( 1.000000000000000000, 0.000000000000000000, 0.000000000000000000 ) ) ;
#3076 = LINE ( 'NONE', #4961, #4849 ) ;
#3077 = VERTEX_POINT ( 'NONE', #5421 ) ;
#3078 = AXIS2_PLACEMENT_3D ( 'NONE', #3164, #4905, #272 ) ;
#3079 = ORIENTED_EDGE ( 'NONE', *, *, #4671, .F. ) ;
#3080 = AXIS2_PLACEMENT_3D ( 'NONE', #4847, #2124, #4390 ) ;
#3081 = ORIENTED_EDGE ( 'NONE', *, *, #2348, .F. ) ;
#3082 = VECTOR ( 'NONE', #4361, 1.000000000000000000 ) ;
#3083 = CYLINDRICAL_SURFACE ( 'NONE', #2194, 5.900000000000000355 ) ;
#3084 = DIRECTION ( 'NONE',  ( 1.000000000000000000, 0.000000000000000000, 0.000000000000000000 ) ) ;
#3085 = CARTESIAN_POINT ( 'NONE',  ( -4.034427420795914543, -0.9549999999999991829, -0.9600000000000001865 ) ) ;
#3086 = CYLINDRICAL_SURFACE ( 'NONE', #1691, 0.09999999999999964473 ) ;
#3087 = PLANE ( 'NONE',  #766 ) ;
#3088 = LINE ( 'NONE', #1311, #3999 ) ;
#3089 = CARTESIAN_POINT ( 'NONE',  ( -11.45331954216210235, -1.387778780781445676E-16, -0.9599999999999999645 ) ) ;
#3090 = ORIENTED_EDGE ( 'NONE', *, *, #1671, .F. ) ;
#3091 = VERTEX_POINT ( 'NONE', #4025 ) ;
#3092 = ORIENTED_EDGE ( 'NONE', *, *, #2840, .T. ) ;
#3093 = DIRECTION ( 'NONE',  ( 1.000000000000000000, 0.000000000000000000, 0.000000000000000000 ) ) ;
#3094 = ORIENTED_EDGE ( 'NONE', *, *, #1234, .F. ) ;
#3095 = ORIENTED_EDGE ( 'NONE', *, *, #5283, .F. ) ;
#3096 = VECTOR ( 'NONE', #3775, 1.000000000000000000 ) ;
#3097 = VECTOR ( 'NONE', #5516, 1.000000000000000000 ) ;
#3098 = FACE_OUTER_BOUND ( 'NONE', #702, .T. ) ;
#3099 = ORIENTED_EDGE ( 'NONE', *, *, #5475, .T. ) ;
#3101 = CARTESIAN_POINT ( 'NONE',  ( -1.950000000000000622, 0.3418139511719356927, -1.135000000000000231 ) ) ;
#3100 = FACE_OUTER_BOUND ( 'NONE', #2257, .T. ) ;
#3102 = CARTESIAN_POINT ( 'NONE',  ( -0.2651845289799105165, 0.9899999999999984368, -1.503936198047713502 ) ) ;
#3103 = CARTESIAN_POINT ( 'NONE',  ( -2.600000000000001421, 0.7399999999999983258, -0.9600000000000001865 ) ) ;
#3104 = ORIENTED_EDGE ( 'NONE', *, *, #1096, .F. ) ;
#3105 = ADVANCED_FACE ( 'NONE', ( #1221 ), #4484, .T. ) ;
#3106 = DIRECTION ( 'NONE',  ( -6.271695431234129858E-16, -1.000000000000000000, 0.000000000000000000 ) ) ;
#3107 = LINE ( 'NONE', #5781, #2283 ) ;
#3108 = DIRECTION ( 'NONE',  ( -1.000000000000000000, -0.000000000000000000, -0.000000000000000000 ) ) ;
#3109 = CARTESIAN_POINT ( 'NONE',  ( -7.934375000000004619, -0.7399999999999998801, -0.9600000000000001865 ) ) ;
#3110 = CARTESIAN_POINT ( 'NONE',  ( -14.76368599666425929, -0.8750000000000000000, -1.060000000000000053 ) ) ;
#3111 = VECTOR ( 'NONE', #4219, 1.000000000000000000 ) ;
#3112 = FACE_OUTER_BOUND ( 'NONE', #4096, .T. ) ;
#3113 = CARTESIAN_POINT ( 'NONE',  ( -5.190624999999995381, -0.9899999999999994360, -0.9600000000000001865 ) ) ;
#3114 = CIRCLE ( 'NONE', #2229, 0.09999999999999964473 ) ;
#3115 = ORIENTED_EDGE ( 'NONE', *, *, #159, .F. ) ;
#3116 = ORIENTED_EDGE ( 'NONE', *, *, #1540, .T. ) ;
#3117 = CARTESIAN_POINT ( 'NONE',  ( -12.22500000000000142, 0.7399999999999984368, 0.000000000000000000 ) ) ;
#3118 = DIRECTION ( 'NONE',  ( -1.000000000000000000, -1.879742687196032133E-16, 2.453693674745796445E-16 ) ) ;
#3119 = VECTOR ( 'NONE', #4306, 1.000000000000000000 ) ;
#3120 = ORIENTED_EDGE ( 'NONE', *, *, #1081, .T. ) ;
#3121 = ORIENTED_EDGE ( 'NONE', *, *, #3298, .F. ) ;
#3122 = LINE ( 'NONE', #777, #2212 ) ;
#3123 = EDGE_LOOP ( 'NONE', ( #4462, #3092, #3460, #1752 ) ) ;
#3125 = DIRECTION ( 'NONE',  ( -1.432545838226008708E-17, 1.000000000000000000, -0.000000000000000000 ) ) ;
#3124 = CARTESIAN_POINT ( 'NONE',  ( -4.215741725297261766, -0.9899999999999993250, -1.135000000000000231 ) ) ;
#3126 = CARTESIAN_POINT ( 'NONE',  ( 0.6199999999999999956, 0.8750000000000000000, -1.209999999999999964 ) ) ;
#3127 = CARTESIAN_POINT ( 'NONE',  ( -14.17500000000000071, -0.8750000000000000000, -1.060000000000000053 ) ) ;
#3128 = EDGE_CURVE ( 'NONE', #1678, #5530, #568, .T. ) ;
#3129 = EDGE_LOOP ( 'NONE', ( #4576, #2904, #3160, #1930 ) ) ;
#3130 = ORIENTED_EDGE ( 'NONE', *, *, #1807, .T. ) ;
#3131 = DIRECTION ( 'NONE',  ( 0.000000000000000000, 0.000000000000000000, 1.000000000000000000 ) ) ;
#3132 = FACE_OUTER_BOUND ( 'NONE', #2396, .T. ) ;
#3133 = CARTESIAN_POINT ( 'NONE',  ( 0.5886859966642593589, 0.8750000000000000000, -1.060000000000000053 ) ) ;
#3134 = DIRECTION ( 'NONE',  ( 0.000000000000000000, 0.000000000000000000, -1.000000000000000000 ) ) ;
#3135 = LINE ( 'NONE', #4969, #633 ) ;
#3136 = CARTESIAN_POINT ( 'NONE',  ( -14.79499999999999993, 0.8750000000000000000, -0.9100000000000001421 ) ) ;
#3137 = VECTOR ( 'NONE', #4697, 1.000000000000000000 ) ;
#3138 = ADVANCED_FACE ( 'NONE', ( #4454 ), #3087, .F. ) ;
#3139 = FACE_OUTER_BOUND ( 'NONE', #5674, .T. ) ;
#3140 = EDGE_CURVE ( 'NONE', #5222, #324, #4762, .T. ) ;
#3141 = LINE ( 'NONE', #3113, #4714 ) ;
#3142 = EDGE_CURVE ( 'NONE', #9, #5307, #4515, .T. ) ;
#3143 = ORIENTED_EDGE ( 'NONE', *, *, #612, .F. ) ;
#3144 = DIRECTION ( 'NONE',  ( 6.265808957320107111E-17, 1.000000000000000000, 0.000000000000000000 ) ) ;
#3145 = LINE ( 'NONE', #5884, #4822 ) ;
#3146 = VERTEX_POINT ( 'NONE', #5024 ) ;
#3147 = EDGE_CURVE ( 'NONE', #4604, #1962, #281, .T. ) ;
#3148 = EDGE_LOOP ( 'NONE', ( #397, #1083, #5092, #1809, #1000, #2265, #348, #110, #4232 ) ) ;
#3149 = AXIS2_PLACEMENT_3D ( 'NONE', #5362, #4911, #4063 ) ;
#3150 = DIRECTION ( 'NONE',  ( -1.432545838226008708E-17, 1.000000000000000000, -0.000000000000000000 ) ) ;
#3151 = ORIENTED_EDGE ( 'NONE', *, *, #4234, .T. ) ;
#3152 = AXIS2_PLACEMENT_3D ( 'NONE', #1027, #3924, #1118 ) ;
#3154 = DIRECTION ( 'NONE',  ( 1.000000000000000000, -0.000000000000000000, 0.000000000000000000 ) ) ;
#3153 = LINE ( 'NONE', #3124, #2271 ) ;
#3155 = CARTESIAN_POINT ( 'NONE',  ( -11.57500000000000107, 0.9899999999999977707, -1.135000000000000231 ) ) ;
#3156 = FACE_OUTER_BOUND ( 'NONE', #685, .T. ) ;
#3157 = AXIS2_PLACEMENT_3D ( 'NONE', #470, #3671, #406 ) ;
#3158 = VERTEX_POINT ( 'NONE', #5448 ) ;
#3159 = EDGE_CURVE ( 'NONE', #2832, #5792, #1823, .T. ) ;
#3160 = ORIENTED_EDGE ( 'NONE', *, *, #3910, .F. ) ;
#3161 = VECTOR ( 'NONE', #3685, 1.000000000000000000 ) ;
#3162 = DIRECTION ( 'NONE',  ( 1.000000000000000000, 2.775557561562888984E-15, 0.000000000000000000 ) ) ;
#3163 = CARTESIAN_POINT ( 'NONE',  ( -0.4464101615137744394, 0.2418139511719357149, -1.135000000000000231 ) ) ;
#3164 = CARTESIAN_POINT ( 'NONE',  ( -8.984375000000005329, -0.7400000000000002132, -0.9599999999999999645 ) ) ;
#3165 = CARTESIAN_POINT ( 'NONE',  ( -11.57500000000000107, 0.7399999999999976596, -1.135000000000000231 ) ) ;
#3166 = LINE ( 'NONE', #2272, #3064 ) ;
#3167 = PLANE ( 'NONE',  #1634 ) ;
#3168 = AXIS2_PLACEMENT_3D ( 'NONE', #3598, #5524, #5444 ) ;
#3169 = AXIS2_PLACEMENT_3D ( 'NONE', #3542, #3931, #3483 ) ;
#3170 = VECTOR ( 'NONE', #787, 1.000000000000000000 ) ;
#3171 = ORIENTED_EDGE ( 'NONE', *, *, #5584, .T. ) ;
#3172 = DIRECTION ( 'NONE',  ( 1.000000000000000000, -1.483886295880788311E-16, 0.000000000000000000 ) ) ;
#3173 = CARTESIAN_POINT ( 'NONE',  ( -11.57500000000000107, -0.7400000000000006573, -1.135000000000000231 ) ) ;
#3174 = CARTESIAN_POINT ( 'NONE',  ( -5.190624999999995381, 0.7399999999999981037, -3.423488475815656962 ) ) ;
#3175 = ADVANCED_FACE ( 'NONE', ( #331 ), #4060, .T. ) ;
#3176 = ORIENTED_EDGE ( 'NONE', *, *, #533, .T. ) ;
#3177 = DIRECTION ( 'NONE',  ( -1.000000000000000000, -0.000000000000000000, -0.000000000000000000 ) ) ;
#3178 = DIRECTION ( 'NONE',  ( -1.000000000000000000, 0.000000000000000000, 0.000000000000000000 ) ) ;
#3179 = ORIENTED_EDGE ( 'NONE', *, *, #1901, .T. ) ;
#3180 = ORIENTED_EDGE ( 'NONE', *, *, #4993, .F. ) ;
#3181 = CARTESIAN_POINT ( 'NONE',  ( -8.598683472959093521, 1.089999999999998082, -0.7599999999999997868 ) ) ;
#3182 = ORIENTED_EDGE ( 'NONE', *, *, #2803, .T. ) ;
#3184 = CARTESIAN_POINT ( 'NONE',  ( -9.959258274702738944, -0.9899999999999993250, -1.135000000000000231 ) ) ;
#3183 =( NAMED_UNIT ( * ) PLANE_ANGLE_UNIT ( ) SI_UNIT ( $, .RADIAN. ) );
#3185 = CARTESIAN_POINT ( 'NONE',  ( -14.76368599666425929, 0.8750000000000000000, -1.209999999999999964 ) ) ;
#3186 = LINE ( 'NONE', #3219, #2606 ) ;
#3187 = ORIENTED_EDGE ( 'NONE', *, *, #3779, .F. ) ;
#3188 = VECTOR ( 'NONE', #3642, 1.000000000000000000 ) ;
#3189 = AXIS2_PLACEMENT_3D ( 'NONE', #2906, #4770, #585 ) ;
#3190 = EDGE_LOOP ( 'NONE', ( #1347, #3299, #4559, #371 ) ) ;
#3191 = AXIS2_PLACEMENT_3D ( 'NONE', #719, #5715, #5261 ) ;
#3192 = EDGE_CURVE ( 'NONE', #5575, #769, #1543, .T. ) ;
#3193 = DIRECTION ( 'NONE',  ( 0.000000000000000000, -0.9854601157443477755, 0.1699069165076472210 ) ) ;
#3194 = CARTESIAN_POINT ( 'NONE',  ( -2.350000000000000533, 1.189999999999998392, -0.9600000000000001865 ) ) ;
#3195 = CARTESIAN_POINT ( 'NONE',  ( -7.934375000000004619, 0.7399999999999979927, -3.423488475815656962 ) ) ;
#3196 = LINE ( 'NONE', #5595, #3161 ) ;
#3197 = DIRECTION ( 'NONE',  ( 1.000000000000000000, 0.000000000000000000, 0.000000000000000000 ) ) ;
#3198 = VECTOR ( 'NONE', #2104, 1.000000000000000000 ) ;
#3199 = EDGE_CURVE ( 'NONE', #412, #1961, #1670, .T. ) ;
#3200 = VERTEX_POINT ( 'NONE', #3136 ) ;
#3201 = FACE_OUTER_BOUND ( 'NONE', #2726, .T. ) ;
#3202 = CARTESIAN_POINT ( 'NONE',  ( -7.612500000000006040, 0.7399999999999979927, -1.135000000000000231 ) ) ;
#3203 = FACE_OUTER_BOUND ( 'NONE', #1637, .T. ) ;
#3204 = EDGE_CURVE ( 'NONE', #5757, #5575, #3545, .T. ) ;
#3205 = EDGE_CURVE ( 'NONE', #4203, #172, #4546, .T. ) ;
#3206 = VERTEX_POINT ( 'NONE', #4943 ) ;
#3207 = VECTOR ( 'NONE', #3063, 1.000000000000000000 ) ;
#3208 = DIRECTION ( 'NONE',  ( 0.000000000000000000, 0.000000000000000000, 1.000000000000000000 ) ) ;
#3209 = DIRECTION ( 'NONE',  ( 0.000000000000000000, -0.000000000000000000, -1.000000000000000000 ) ) ;
#3210 = ORIENTED_EDGE ( 'NONE', *, *, #3891, .F. ) ;
#3211 = EDGE_CURVE ( 'NONE', #2420, #5564, #5471, .T. ) ;
#3212 = EDGE_LOOP ( 'NONE', ( #4379, #1561, #5005, #1618 ) ) ;
#3213 = CARTESIAN_POINT ( 'NONE',  ( -4.034427420795914543, -0.9899999999999992140, -0.9600000000000001865 ) ) ;
#3214 = ORIENTED_EDGE ( 'NONE', *, *, #1941, .F. ) ;
#3215 = VECTOR ( 'NONE', #3397, 1.000000000000000000 ) ;
#3216 = EDGE_CURVE ( 'NONE', #1325, #4348, #1780, .T. ) ;
#3217 = DIRECTION ( 'NONE',  ( -0.000000000000000000, 0.000000000000000000, 1.000000000000000000 ) ) ;
#3218 = CARTESIAN_POINT ( 'NONE',  ( -0.5964101615137744616, 0.7399999999999984368, -3.423488475815656962 ) ) ;
#3219 = CARTESIAN_POINT ( 'NONE',  ( -9.959258274702744274, 0.9899999999999984368, -0.9600000000000001865 ) ) ;
#3220 = ADVANCED_FACE ( 'NONE', ( #2622 ), #3167, .T. ) ;
#3221 = VERTEX_POINT ( 'NONE', #6020 ) ;
#3222 = AXIS2_PLACEMENT_3D ( 'NONE', #3303, #3722, #4178 ) ;
#3223 = ORIENTED_EDGE ( 'NONE', *, *, #4304, .T. ) ;
#3224 = CARTESIAN_POINT ( 'NONE',  ( -14.17500000000000071, -0.8750000000000000000, -1.209999999999999964 ) ) ;
#3225 = DIRECTION ( 'NONE',  ( 0.000000000000000000, -1.000000000000000000, -0.000000000000000000 ) ) ;
#3226 = FACE_OUTER_BOUND ( 'NONE', #465, .T. ) ;
#3227 = DIRECTION ( 'NONE',  ( -0.000000000000000000, 0.000000000000000000, 1.000000000000000000 ) ) ;
#3228 = DIRECTION ( 'NONE',  ( 1.000000000000000000, 0.000000000000000000, 0.000000000000000000 ) ) ;
#3229 = AXIS2_PLACEMENT_3D ( 'NONE', #3728, #3209, #891 ) ;
#3230 = ADVANCED_FACE ( 'NONE', ( #2762 ), #1844, .F. ) ;
#3231 = ORIENTED_EDGE ( 'NONE', *, *, #5057, .T. ) ;
#3232 = CARTESIAN_POINT ( 'NONE',  ( -7.934375000000004619, 0.9899999999999979927, -1.135000000000000231 ) ) ;
#3233 = DIRECTION ( 'NONE',  ( 0.000000000000000000, 0.000000000000000000, 1.000000000000000000 ) ) ;
#3234 = CARTESIAN_POINT ( 'NONE',  ( -2.350000000000000533, -1.189999999999998392, -0.9600000000000001865 ) ) ;
#3235 = EDGE_CURVE ( 'NONE', #5070, #3403, #857, .T. ) ;
#3236 = EDGE_CURVE ( 'NONE', #1512, #5722, #5560, .T. ) ;
#3237 = ADVANCED_FACE ( 'NONE', ( #5175 ), #1906, .F. ) ;
#3238 = ADVANCED_FACE ( 'NONE', ( #481 ), #22, .T. ) ;
#3239 = ORIENTED_EDGE ( 'NONE', *, *, #1313, .T. ) ;
#3240 = DIRECTION ( 'NONE',  ( 1.000000000000000000, -0.000000000000000000, -0.000000000000000000 ) ) ;
#3241 = CARTESIAN_POINT ( 'NONE',  ( -2.821680457837898004, -2.220446049250313081E-16, -0.9599999999999999645 ) ) ;
#3242 = ORIENTED_EDGE ( 'NONE', *, *, #4485, .F. ) ;
#3243 = EDGE_LOOP ( 'NONE', ( #4196, #3266, #2250, #4247 ) ) ;
#3244 = FACE_OUTER_BOUND ( 'NONE', #1262, .T. ) ;
#3245 = ORIENTED_EDGE ( 'NONE', *, *, #4507, .T. ) ;
#3246 = FACE_BOUND ( 'NONE', #3829, .T. ) ;
#3248 = LINE ( 'NONE', #352, #381 ) ;
#3247 = CARTESIAN_POINT ( 'NONE',  ( -11.82500000000000107, -0.2000000000000000111, -0.8250000000000000666 ) ) ;
#3249 = FACE_OUTER_BOUND ( 'NONE', #3243, .T. ) ;
#3250 = DIRECTION ( 'NONE',  ( -1.000000000000000000, -1.190114376038054893E-16, 0.000000000000000000 ) ) ;
#3251 = EDGE_CURVE ( 'NONE', #3335, #5521, #878, .T. ) ;
#3252 = ORIENTED_EDGE ( 'NONE', *, *, #5230, .T. ) ;
#3253 = EDGE_CURVE ( 'NONE', #545, #3725, #5145, .T. ) ;
#3254 = EDGE_LOOP ( 'NONE', ( #390, #25, #5733, #5168, #17, #2259, #863, #4983 ) ) ;
#3255 = VECTOR ( 'NONE', #2919, 1.000000000000000222 ) ;
#3256 = EDGE_CURVE ( 'NONE', #1045, #130, #451, .T. ) ;
#3257 = EDGE_CURVE ( 'NONE', #4494, #3703, #940, .T. ) ;
#3258 = LINE ( 'NONE', #447, #5330 ) ;
#3259 = CARTESIAN_POINT ( 'NONE',  ( -11.45331954216210235, -1.387778780781445676E-16, -3.423488475815656962 ) ) ;
#3260 = FACE_OUTER_BOUND ( 'NONE', #284, .T. ) ;
#3261 = VECTOR ( 'NONE', #2528, 1.000000000000000000 ) ;
#3262 = CARTESIAN_POINT ( 'NONE',  ( 0.5886859966642593589, -0.8750000000000000000, -0.9800000000000000933 ) ) ;
#3263 = CARTESIAN_POINT ( 'NONE',  ( -14.17500000000000071, 0.8750000000000000000, -1.140000000000000124 ) ) ;
#3264 = ORIENTED_EDGE ( 'NONE', *, *, #4924, .T. ) ;
#3265 = AXIS2_PLACEMENT_3D ( 'NONE', #1524, #4363, #5271 ) ;
#3266 = ORIENTED_EDGE ( 'NONE', *, *, #186, .F. ) ;
#3267 = LINE ( 'NONE', #5663, #3724 ) ;
#3268 = AXIS2_PLACEMENT_3D ( 'NONE', #3633, #4981, #4495 ) ;
#3269 = DIRECTION ( 'NONE',  ( 1.000000000000000000, 7.401486830834376525E-17, 6.217248937900876626E-15 ) ) ;
#3270 = LINE ( 'NONE', #456, #3522 ) ;
#3271 = CARTESIAN_POINT ( 'NONE',  ( -1.949999999999999734, 0.9899999999999984368, -3.423488475815656962 ) ) ;
#3272 = AXIS2_PLACEMENT_3D ( 'NONE', #2641, #781, #5413 ) ;
#3273 = VECTOR ( 'NONE', #3283, 1.000000000000000000 ) ;
#3274 = VECTOR ( 'NONE', #409, 1.000000000000000000 ) ;
#3275 = VECTOR ( 'NONE', #5380, 1.000000000000000000 ) ;
#3276 = EDGE_LOOP ( 'NONE', ( #2016, #3033 ) ) ;
#3277 = CARTESIAN_POINT ( 'NONE',  ( -0.2651845289799123484, -0.9899999999999984368, -1.503936198047713280 ) ) ;
#3278 = DIRECTION ( 'NONE',  ( 0.000000000000000000, 0.000000000000000000, -1.000000000000000000 ) ) ;
#3279 = VERTEX_POINT ( 'NONE', #5596 ) ;
#3280 = ORIENTED_EDGE ( 'NONE', *, *, #4316, .F. ) ;
#3281 = FACE_OUTER_BOUND ( 'NONE', #1330, .T. ) ;
#3282 = ORIENTED_EDGE ( 'NONE', *, *, #2239, .T. ) ;
#3283 = DIRECTION ( 'NONE',  ( 0.000000000000000000, -0.000000000000000000, 1.000000000000000000 ) ) ;
#3284 = CARTESIAN_POINT ( 'NONE',  ( -12.22500000000000142, 0.2418139511719357149, -1.135000000000000231 ) ) ;
#3285 = DIRECTION ( 'NONE',  ( -1.000000000000000000, 0.000000000000000000, 0.000000000000000000 ) ) ;
#3286 = DIRECTION ( 'NONE',  ( -1.000000000000000000, 0.000000000000000000, -0.000000000000000000 ) ) ;
#3287 = EDGE_CURVE ( 'NONE', #2943, #4888, #418, .T. ) ;
#3288 = ORIENTED_EDGE ( 'NONE', *, *, #5506, .F. ) ;
#3289 = ORIENTED_EDGE ( 'NONE', *, *, #5528, .T. ) ;
#3290 = ADVANCED_FACE ( 'NONE', ( #2403 ), #1426, .F. ) ;
#3291 = CARTESIAN_POINT ( 'NONE',  ( -8.598683472959091745, 5.431508564030776753, -6.660000000000000142 ) ) ;
#3292 = CARTESIAN_POINT ( 'NONE',  ( -14.76368599666425929, -0.8750000000000000000, -1.060000000000000053 ) ) ;
#3293 = DIRECTION ( 'NONE',  ( 1.000000000000000000, -0.000000000000000000, -0.000000000000000000 ) ) ;
#3294 = DIRECTION ( 'NONE',  ( 0.000000000000000000, 0.000000000000000000, 1.000000000000000000 ) ) ;
#3295 = CARTESIAN_POINT ( 'NONE',  ( -5.440624999999995381, 0.9899999999999984368, -3.423488475815656962 ) ) ;
#3296 = AXIS2_PLACEMENT_3D ( 'NONE', #3984, #662, #3441 ) ;
#3297 = ORIENTED_EDGE ( 'NONE', *, *, #3332, .F. ) ;
#3298 = EDGE_CURVE ( 'NONE', #2539, #5976, #909, .T. ) ;
#3299 = ORIENTED_EDGE ( 'NONE', *, *, #4660, .T. ) ;
#3300 = VECTOR ( 'NONE', #3478, 1.000000000000000000 ) ;
#3301 = DIRECTION ( 'NONE',  ( -0.000000000000000000, -0.000000000000000000, -1.000000000000000000 ) ) ;
#3302 = LINE ( 'NONE', #2710, #1742 ) ;
#3303 = CARTESIAN_POINT ( 'NONE',  ( -8.598683472959091745, 1.189999999999998392, -6.660000000000000142 ) ) ;
#3304 = DIRECTION ( 'NONE',  ( -1.000000000000000000, -0.000000000000000000, -0.000000000000000000 ) ) ;
#3305 = AXIS2_PLACEMENT_3D ( 'NONE', #4717, #1840, #3349 ) ;
#3306 = ORIENTED_EDGE ( 'NONE', *, *, #5553, .F. ) ;
#3307 = DIRECTION ( 'NONE',  ( 1.000000000000000000, -0.000000000000000000, 0.000000000000000000 ) ) ;
#3308 = DIRECTION ( 'NONE',  ( 0.000000000000000000, -1.000000000000000000, -0.000000000000000000 ) ) ;
#3309 = EDGE_LOOP ( 'NONE', ( #4387, #3058, #2707, #5284 ) ) ;
#3310 = ORIENTED_EDGE ( 'NONE', *, *, #4167, .F. ) ;
#3311 = VECTOR ( 'NONE', #3767, 1.000000000000000000 ) ;
#3312 = FACE_OUTER_BOUND ( 'NONE', #3148, .T. ) ;
#3313 = ORIENTED_EDGE ( 'NONE', *, *, #4890, .F. ) ;
#3314 = FACE_OUTER_BOUND ( 'NONE', #5373, .T. ) ;
#3315 = CARTESIAN_POINT ( 'NONE',  ( -5.990624999999996092, 0.9899999999999984368, -1.135000000000000231 ) ) ;
#3316 = DIRECTION ( 'NONE',  ( 1.000000000000000000, 1.483886295880788311E-16, 0.000000000000000000 ) ) ;
#3317 = ORIENTED_EDGE ( 'NONE', *, *, #2237, .F. ) ;
#3318 = VERTEX_POINT ( 'NONE', #2273 ) ;
#3319 = LINE ( 'NONE', #2794, #4169 ) ;
#3320 = DIRECTION ( 'NONE',  ( 0.000000000000000000, 0.000000000000000000, 1.000000000000000000 ) ) ;
#3321 = CARTESIAN_POINT ( 'NONE',  ( -11.82500000000000107, 0.3896561633456295248, -1.135000000000001119 ) ) ;
#3322 = EDGE_CURVE ( 'NONE', #3449, #2404, #463, .T. ) ;
#3323 = DIRECTION ( 'NONE',  ( 0.000000000000000000, 0.9854601157443477755, 0.1699069165076472210 ) ) ;
#3324 = CARTESIAN_POINT ( 'NONE',  ( -1.950000000000000622, 0.8000000000000000444, -0.9100000000000001421 ) ) ;
#3325 = AXIS2_PLACEMENT_3D ( 'NONE', #4524, #344, #6000 ) ;
#3326 = ORIENTED_EDGE ( 'NONE', *, *, #2646, .T. ) ;
#3327 = ORIENTED_EDGE ( 'NONE', *, *, #5762, .F. ) ;
#3328 = CYLINDRICAL_SURFACE ( 'NONE', #23, 0.2500000000000000000 ) ;
#3329 = LINE ( 'NONE', #213, #2579 ) ;
#3330 = CARTESIAN_POINT ( 'NONE',  ( 0.000000000000000000, 0.8750000000000000000, -1.140000000000000124 ) ) ;
#3331 = DIRECTION ( 'NONE',  ( -1.432545838226008708E-17, 1.000000000000000000, -0.000000000000000000 ) ) ;
#3332 = EDGE_CURVE ( 'NONE', #4806, #453, #1457, .T. ) ;
#3333 = EDGE_CURVE ( 'NONE', #2566, #4677, #1814, .T. ) ;
#3334 = EDGE_CURVE ( 'NONE', #5958, #5757, #5908, .T. ) ;
#3335 = VERTEX_POINT ( 'NONE', #3686 ) ;
#3336 = DIRECTION ( 'NONE',  ( 0.000000000000000000, 1.000000000000000000, 0.000000000000000000 ) ) ;
#3337 = LINE ( 'NONE', #2415, #1185 ) ;
#3338 = EDGE_LOOP ( 'NONE', ( #2721, #4858, #1550, #1847 ) ) ;
#3339 = ORIENTED_EDGE ( 'NONE', *, *, #828, .F. ) ;
#3340 = ORIENTED_EDGE ( 'NONE', *, *, #3052, .F. ) ;
#3341 = VECTOR ( 'NONE', #1522, 1.000000000000000000 ) ;
#3342 = DIRECTION ( 'NONE',  ( -1.000000000000000000, 0.000000000000000000, 0.000000000000000000 ) ) ;
#3343 = ORIENTED_EDGE ( 'NONE', *, *, #3918, .T. ) ;
#3344 = LINE ( 'NONE', #5547, #1128 ) ;
#3345 = DIRECTION ( 'NONE',  ( 0.000000000000000000, 1.000000000000000000, 0.000000000000000000 ) ) ;
#3346 = DIRECTION ( 'NONE',  ( 0.000000000000000000, 0.000000000000000000, 1.000000000000000000 ) ) ;
#3347 = ORIENTED_EDGE ( 'NONE', *, *, #1125, .F. ) ;
#3348 = ORIENTED_EDGE ( 'NONE', *, *, #1350, .F. ) ;
#3349 = DIRECTION ( 'NONE',  ( 0.000000000000000000, 0.000000000000000000, -1.000000000000000000 ) ) ;
#3350 = FACE_BOUND ( 'NONE', #5091, .T. ) ;
#3351 = CARTESIAN_POINT ( 'NONE',  ( -1.850000000000000533, -0.2418139511719357149, -0.9600000000000001865 ) ) ;
#3352 = LINE ( 'NONE', #116, #4332 ) ;
#3353 = CARTESIAN_POINT ( 'NONE',  ( -11.57500000000000107, -0.9899999999999991029, -0.9600000000000001865 ) ) ;
#3354 = EDGE_CURVE ( 'NONE', #2915, #1098, #5527, .T. ) ;
#3355 = EDGE_CURVE ( 'NONE', #172, #1200, #1600, .T. ) ;
#3356 = ORIENTED_EDGE ( 'NONE', *, *, #5298, .T. ) ;
#3357 = ORIENTED_EDGE ( 'NONE', *, *, #3024, .F. ) ;
#3358 = LINE ( 'NONE', #944, #4209 ) ;
#3359 = AXIS2_PLACEMENT_3D ( 'NONE', #4028, #2098, #3578 ) ;
#3360 = DIRECTION ( 'NONE',  ( -6.265808957320107111E-17, 1.000000000000000000, -0.000000000000000000 ) ) ;
#3361 = DIRECTION ( 'NONE',  ( -1.000000000000000000, -3.516425831278393658E-17, 1.406570332511357463E-16 ) ) ;
#3362 = VECTOR ( 'NONE', #274, 1.000000000000000000 ) ;
#3363 = CIRCLE ( 'NONE', #1217, 0.2500000000000000000 ) ;
#3364 = AXIS2_PLACEMENT_3D ( 'NONE', #2081, #4839, #174 ) ;
#3365 = CIRCLE ( 'NONE', #1407, 0.2500000000000000000 ) ;
#3366 = VERTEX_POINT ( 'NONE', #5205 ) ;
#3367 = EDGE_CURVE ( 'NONE', #5886, #3802, #178, .T. ) ;
#3368 = DIRECTION ( 'NONE',  ( 0.1736481776669233368, 0.000000000000000000, -0.9848077530122093526 ) ) ;
#3369 = CARTESIAN_POINT ( 'NONE',  ( -5.440624999999995381, -0.7399999999999993250, -3.423488475815656962 ) ) ;
#3370 = VECTOR ( 'NONE', #5870, 1.000000000000000000 ) ;
#3371 = ORIENTED_EDGE ( 'NONE', *, *, #5477, .T. ) ;
#3372 = VERTEX_POINT ( 'NONE', #3353 ) ;
#3373 = VECTOR ( 'NONE', #4899, 1.000000000000000000 ) ;
#3374 = ORIENTED_EDGE ( 'NONE', *, *, #2740, .F. ) ;
#3375 = VECTOR ( 'NONE', #4510, 1.000000000000000000 ) ;
#3376 = CARTESIAN_POINT ( 'NONE',  ( -11.82499999999999929, 0.3896561633456294693, -1.135000000000000231 ) ) ;
#3377 = ORIENTED_EDGE ( 'NONE', *, *, #4595, .F. ) ;
#3378 = DIRECTION ( 'NONE',  ( -1.000000000000000000, 0.000000000000000000, 0.000000000000000000 ) ) ;
#3379 = DIRECTION ( 'NONE',  ( 0.000000000000000000, 0.000000000000000000, 1.000000000000000000 ) ) ;
#3380 = EDGE_LOOP ( 'NONE', ( #5415, #3757, #5254, #5751 ) ) ;
#3381 = VERTEX_POINT ( 'NONE', #2549 ) ;
#3382 = DIRECTION ( 'NONE',  ( 1.000000000000000000, -0.000000000000000000, -0.000000000000000000 ) ) ;
#3383 = DIRECTION ( 'NONE',  ( -1.000000000000000000, 0.000000000000000000, 0.000000000000000000 ) ) ;
#3384 = DIRECTION ( 'NONE',  ( 0.9848077530122094636, -6.170617240062189875E-17, 0.1736481776669226984 ) ) ;
#3385 = CARTESIAN_POINT ( 'NONE',  ( -9.640572538960631377, 1.189999999999998392, -0.7511534819267439156 ) ) ;
#3386 = DIRECTION ( 'NONE',  ( 1.000000000000000000, -0.000000000000000000, -0.000000000000000000 ) ) ;
#3387 = VERTEX_POINT ( 'NONE', #1574 ) ;
#3388 = ORIENTED_EDGE ( 'NONE', *, *, #5997, .T. ) ;
#3389 = CARTESIAN_POINT ( 'NONE',  ( -9.306250000000003908, -0.9900000000000002132, -0.9600000000000005196 ) ) ;
#3390 = FACE_OUTER_BOUND ( 'NONE', #4417, .T. ) ;
#3391 = CARTESIAN_POINT ( 'NONE',  ( -10.12754555139957269, -0.9225146718258764311, -0.9599999999999999645 ) ) ;
#3392 = DIRECTION ( 'NONE',  ( -0.000000000000000000, 0.000000000000000000, 1.000000000000000000 ) ) ;
#3393 = EDGE_CURVE ( 'NONE', #3822, #3077, #4756, .T. ) ;
#3394 = VECTOR ( 'NONE', #473, 1.000000000000000000 ) ;
#3395 = VECTOR ( 'NONE', #1292, 1.000000000000000000 ) ;
#3396 = ORIENTED_EDGE ( 'NONE', *, *, #1248, .T. ) ;
#3397 = DIRECTION ( 'NONE',  ( -0.000000000000000000, 0.000000000000000000, 1.000000000000000000 ) ) ;
#3398 = DIRECTION ( 'NONE',  ( -1.224646799147353207E-16, 1.000000000000000000, -0.000000000000000000 ) ) ;
#3399 = ADVANCED_FACE ( 'NONE', ( #4358 ), #3868, .T. ) ;
#3400 = AXIS2_PLACEMENT_3D ( 'NONE', #2501, #3997, #4907 ) ;
#3401 = ORIENTED_EDGE ( 'NONE', *, *, #3966, .F. ) ;
#3402 = ADVANCED_FACE ( 'NONE', ( #4812 ), #603, .T. ) ;
#3403 = VERTEX_POINT ( 'NONE', #2027 ) ;
#3404 = VERTEX_POINT ( 'NONE', #3835 ) ;
#3405 = LINE ( 'NONE', #4434, #5592 ) ;
#3406 = LINE ( 'NONE', #3284, #479 ) ;
#3407 = EDGE_CURVE ( 'NONE', #3797, #3200, #1340, .T. ) ;
#3408 = ORIENTED_EDGE ( 'NONE', *, *, #589, .T. ) ;
#3409 = VECTOR ( 'NONE', #1803, 1.000000000000000000 ) ;
#3410 = ORIENTED_EDGE ( 'NONE', *, *, #5756, .T. ) ;
#3411 = EDGE_CURVE ( 'NONE', #2102, #2934, #2522, .T. ) ;
#3412 = CARTESIAN_POINT ( 'NONE',  ( -5.990624999999996092, 0.7399999999999979927, -3.423488475815656962 ) ) ;
#3413 = EDGE_CURVE ( 'NONE', #1962, #1232, #2086, .T. ) ;
#3414 = LINE ( 'NONE', #5716, #1315 ) ;
#3415 = PLANE ( 'NONE',  #332 ) ;
#3416 = CIRCLE ( 'NONE', #2629, 0.09999999999999964473 ) ;
#3417 = DIRECTION ( 'NONE',  ( 0.000000000000000000, 0.000000000000000000, 1.000000000000000000 ) ) ;
#3418 = CARTESIAN_POINT ( 'NONE',  ( -10.24474851850930790, -1.189999999999998170, -1.009999999999998233 ) ) ;
#3419 = VERTEX_POINT ( 'NONE', #3447 ) ;
#3420 = ORIENTED_EDGE ( 'NONE', *, *, #4148, .F. ) ;
#3421 = FACE_OUTER_BOUND ( 'NONE', #446, .T. ) ;
#3422 = PLANE ( 'NONE',  #2963 ) ;
#3424 = AXIS2_PLACEMENT_3D ( 'NONE', #2711, #5000, #4578 ) ;
#3423 = CARTESIAN_POINT ( 'NONE',  ( -13.57858983848622536, 0.7399999999999984368, -0.9599999999999999645 ) ) ;
#3425 = DIRECTION ( 'NONE',  ( -0.000000000000000000, 0.000000000000000000, -1.000000000000000000 ) ) ;
#3426 = EDGE_CURVE ( 'NONE', #5279, #66, #2494, .T. ) ;
#3427 = AXIS2_PLACEMENT_3D ( 'NONE', #796, #5387, #1228 ) ;
#3428 = VERTEX_POINT ( 'NONE', #5774 ) ;
#3429 = CARTESIAN_POINT ( 'NONE',  ( -1.950000000000000622, 0.8000000000000000444, -0.9100000000000001421 ) ) ;
#3430 = CARTESIAN_POINT ( 'NONE',  ( -9.640572538960633153, -1.190000000000001057, -0.7511534819267441376 ) ) ;
#3431 = ORIENTED_EDGE ( 'NONE', *, *, #3581, .T. ) ;
#3432 = EDGE_CURVE ( 'NONE', #1205, #3645, #5748, .T. ) ;
#3433 = ORIENTED_EDGE ( 'NONE', *, *, #2763, .F. ) ;
#3434 = ADVANCED_FACE ( 'NONE', ( #3958 ), #575, .T. ) ;
#3435 = ORIENTED_EDGE ( 'NONE', *, *, #3662, .F. ) ;
#3436 = ORIENTED_EDGE ( 'NONE', *, *, #3432, .T. ) ;
#3437 = PLANE ( 'NONE',  #859 ) ;
#3438 = CARTESIAN_POINT ( 'NONE',  ( -4.034427420795914543, -0.9899999999999992140, -0.9600000000000015188 ) ) ;
#3439 = EDGE_LOOP ( 'NONE', ( #3014, #3343, #4860, #4649 ) ) ;
#3440 = CIRCLE ( 'NONE', #5950, 0.2500000000000000000 ) ;
#3441 = DIRECTION ( 'NONE',  ( 0.000000000000000000, -0.9854601157443477755, -0.1699069165076472210 ) ) ;
#3442 = ORIENTED_EDGE ( 'NONE', *, *, #4521, .T. ) ;
#3443 = ADVANCED_FACE ( 'NONE', ( #4295, #1153 ), #2922, .F. ) ;
#3444 = LINE ( 'NONE', #1630, #5880 ) ;
#3445 = DIRECTION ( 'NONE',  ( 4.040691778796104450E-16, -5.788476191268405905E-33, 1.000000000000000000 ) ) ;
#3446 = LINE ( 'NONE', #1484, #1598 ) ;
#3447 = CARTESIAN_POINT ( 'NONE',  ( 0.6199999999999999956, -0.8750000000000000000, -0.9100000000000001421 ) ) ;
#3448 = EDGE_CURVE ( 'NONE', #120, #535, #1969, .T. ) ;
#3449 = VERTEX_POINT ( 'NONE', #207 ) ;
#3450 = EDGE_LOOP ( 'NONE', ( #437, #1393, #1955, #111 ) ) ;
#3451 = CARTESIAN_POINT ( 'NONE',  ( -14.17500000000000071, 1.189999999999997504, -0.9600000000000001865 ) ) ;
#3452 = LINE ( 'NONE', #2007, #3261 ) ;
#3453 = FACE_OUTER_BOUND ( 'NONE', #3212, .T. ) ;
#3454 = FACE_BOUND ( 'NONE', #2517, .T. ) ;
#3455 = AXIS2_PLACEMENT_3D ( 'NONE', #5006, #3665, #1348 ) ;
#3456 = CARTESIAN_POINT ( 'NONE',  ( -9.623207721193939079, -1.089999999999998082, -0.8496342572279645955 ) ) ;
#3457 = CARTESIAN_POINT ( 'NONE',  ( -4.618749999999996803, 0.9899999999999984368, -0.9600000000000001865 ) ) ;
#3458 = PLANE ( 'NONE',  #276 ) ;
#3459 = AXIS2_PLACEMENT_3D ( 'NONE', #2953, #4391, #2499 ) ;
#3460 = ORIENTED_EDGE ( 'NONE', *, *, #4937, .T. ) ;
#3461 = EDGE_LOOP ( 'NONE', ( #125, #1267, #351, #1257 ) ) ;
#3462 = EDGE_CURVE ( 'NONE', #5396, #2634, #4323, .T. ) ;
#3463 = VECTOR ( 'NONE', #4514, 1.000000000000000000 ) ;
#3464 = ORIENTED_EDGE ( 'NONE', *, *, #2685, .F. ) ;
#3465 = VERTEX_POINT ( 'NONE', #1549 ) ;
#3466 = DIRECTION ( 'NONE',  ( 1.000000000000000000, 0.000000000000000000, 0.000000000000000000 ) ) ;
#3467 = FACE_OUTER_BOUND ( 'NONE', #4137, .T. ) ;
#3468 = VECTOR ( 'NONE', #2577, 1.000000000000000000 ) ;
#3469 = AXIS2_PLACEMENT_3D ( 'NONE', #1416, #4220, #3285 ) ;
#3470 = EDGE_CURVE ( 'NONE', #4374, #3066, #1440, .T. ) ;
#3471 = ORIENTED_EDGE ( 'NONE', *, *, #4788, .T. ) ;
#3472 = CARTESIAN_POINT ( 'NONE',  ( -1.949999999999999734, -0.2418139511719357149, -0.9600000000000001865 ) ) ;
#3473 = ORIENTED_EDGE ( 'NONE', *, *, #279, .T. ) ;
#3474 = DIRECTION ( 'NONE',  ( 0.000000000000000000, -0.000000000000000000, -1.000000000000000000 ) ) ;
#3475 = CARTESIAN_POINT ( 'NONE',  ( -14.17500000000000071, -0.8750000000000000000, -1.060000000000000053 ) ) ;
#3476 = ADVANCED_FACE ( 'NONE', ( #2612 ), #2642, .T. ) ;
#3477 = CARTESIAN_POINT ( 'NONE',  ( -7.612500000000006040, -0.7399999999999997691, -0.9599999999999999645 ) ) ;
#3478 = DIRECTION ( 'NONE',  ( -0.000000000000000000, 0.000000000000000000, -1.000000000000000000 ) ) ;
#3479 = ADVANCED_FACE ( 'NONE', ( #1660 ), #1296, .T. ) ;
#3480 = ORIENTED_EDGE ( 'NONE', *, *, #4242, .T. ) ;
#3481 = ORIENTED_EDGE ( 'NONE', *, *, #2297, .T. ) ;
#3482 = DIRECTION ( 'NONE',  ( -1.000000000000000000, 0.000000000000000000, 0.000000000000000000 ) ) ;
#3483 = DIRECTION ( 'NONE',  ( 1.000000000000000000, 0.000000000000000000, 0.000000000000000000 ) ) ;
#3484 = PLANE ( 'NONE',  #626 ) ;
#3485 = CARTESIAN_POINT ( 'NONE',  ( -11.35331954216210271, -1.387778780781445676E-16, -3.423488475815656962 ) ) ;
#3486 = FACE_OUTER_BOUND ( 'NONE', #294, .T. ) ;
#3487 = ADVANCED_FACE ( 'NONE', ( #3156 ), #5462, .F. ) ;
#3488 = CYLINDRICAL_SURFACE ( 'NONE', #5605, 0.07999999999999996003 ) ;
#3489 = CARTESIAN_POINT ( 'NONE',  ( -8.598683472959091745, 1.189999999999998392, -6.660000000000000142 ) ) ;
#3490 = LINE ( 'NONE', #3369, #852 ) ;
#3491 = ORIENTED_EDGE ( 'NONE', *, *, #2015, .F. ) ;
#3492 = AXIS2_PLACEMENT_3D ( 'NONE', #4415, #635, #1030 ) ;
#3493 = VECTOR ( 'NONE', #4307, 1.000000000000000000 ) ;
#3494 = ORIENTED_EDGE ( 'NONE', *, *, #2387, .F. ) ;
#3495 = CIRCLE ( 'NONE', #464, 0.1499999999999999112 ) ;
#3496 = ORIENTED_EDGE ( 'NONE', *, *, #3643, .F. ) ;
#3497 = AXIS2_PLACEMENT_3D ( 'NONE', #2651, #2219, #1730 ) ;
#3498 = ORIENTED_EDGE ( 'NONE', *, *, #842, .T. ) ;
#3499 = CARTESIAN_POINT ( 'NONE',  ( -7.612500000000006040, 0.9899999999999979927, -0.9600000000000001865 ) ) ;
#3500 = DIRECTION ( 'NONE',  ( -0.000000000000000000, 1.000000000000000000, -0.000000000000000000 ) ) ;
#3501 = VERTEX_POINT ( 'NONE', #2177 ) ;
#3502 = CARTESIAN_POINT ( 'NONE',  ( -5.190624999999995381, -0.7399999999999994360, -0.9600000000000001865 ) ) ;
#3503 = EDGE_LOOP ( 'NONE', ( #1066, #2668, #3060, #5770 ) ) ;
#3504 = CYLINDRICAL_SURFACE ( 'NONE', #827, 0.1499999999999999112 ) ;
#3505 = CARTESIAN_POINT ( 'NONE',  ( -12.32500000000000107, -0.2418139511719357149, -1.135000000000000231 ) ) ;
#3506 = CYLINDRICAL_SURFACE ( 'NONE', #1224, 0.09999999999999997780 ) ;
#3507 = DIRECTION ( 'NONE',  ( 1.000000000000000000, 0.000000000000000000, 0.000000000000000000 ) ) ;
#3508 = ORIENTED_EDGE ( 'NONE', *, *, #2348, .T. ) ;
#3509 = EDGE_CURVE ( 'NONE', #3318, #5279, #4366, .T. ) ;
#3510 = ORIENTED_EDGE ( 'NONE', *, *, #3968, .F. ) ;
#3511 = EDGE_CURVE ( 'NONE', #3091, #6014, #3076, .T. ) ;
#3512 = DIRECTION ( 'NONE',  ( 0.000000000000000000, 0.000000000000000000, 1.000000000000000000 ) ) ;
#3513 = AXIS2_PLACEMENT_3D ( 'NONE', #1896, #5258, #3734 ) ;
#3514 = CARTESIAN_POINT ( 'NONE',  ( -14.79499999999999993, 0.000000000000000000, -1.060000000000000053 ) ) ;
#3515 = DIRECTION ( 'NONE',  ( -0.000000000000000000, 0.000000000000000000, 1.000000000000000000 ) ) ;
#3516 = CARTESIAN_POINT ( 'NONE',  ( -0.1622440211999298665, -1.190000000000001057, 0.9201315677728708620 ) ) ;
#3517 = DIRECTION ( 'NONE',  ( 1.000000000000000000, 0.000000000000000000, 0.000000000000000000 ) ) ;
#3518 = CIRCLE ( 'NONE', #1751, 0.09999999999999964473 ) ;
#3519 = DIRECTION ( 'NONE',  ( 0.000000000000000000, 0.000000000000000000, 1.000000000000000000 ) ) ;
#3520 = CARTESIAN_POINT ( 'NONE',  ( -1.850000000000000533, 0.2418139511719357149, -1.135000000000000231 ) ) ;
#3521 = ORIENTED_EDGE ( 'NONE', *, *, #4365, .F. ) ;
#3522 = VECTOR ( 'NONE', #1882, 0.9999999999999998890 ) ;
#3523 = EDGE_CURVE ( 'NONE', #4446, #3077, #266, .T. ) ;
#3524 = ORIENTED_EDGE ( 'NONE', *, *, #3287, .F. ) ;
#3525 = ADVANCED_FACE ( 'NONE', ( #3042 ), #1244, .T. ) ;
#3526 = EDGE_CURVE ( 'NONE', #2596, #5260, #273, .T. ) ;
#3527 = ORIENTED_EDGE ( 'NONE', *, *, #4477, .F. ) ;
#3528 = ORIENTED_EDGE ( 'NONE', *, *, #1718, .T. ) ;
#3529 = DIRECTION ( 'NONE',  ( 1.000000000000000000, -0.000000000000000000, -0.000000000000000000 ) ) ;
#3530 = CARTESIAN_POINT ( 'NONE',  ( -4.868749999999996803, -0.7399999999999993250, -1.135000000000000231 ) ) ;
#3531 = VECTOR ( 'NONE', #3698, 1.000000000000000000 ) ;
#3532 = VERTEX_POINT ( 'NONE', #812 ) ;
#3533 = LINE ( 'NONE', #5372, #1914 ) ;
#3534 = ORIENTED_EDGE ( 'NONE', *, *, #4474, .T. ) ;
#3535 = CARTESIAN_POINT ( 'NONE',  ( 0.000000000000000000, -0.8750000000000000000, -1.140000000000000124 ) ) ;
#3536 = DIRECTION ( 'NONE',  ( 0.000000000000000000, -0.000000000000000000, -1.000000000000000000 ) ) ;
#3537 = DIRECTION ( 'NONE',  ( -0.000000000000000000, 0.000000000000000000, 1.000000000000000000 ) ) ;
#3538 = ORIENTED_EDGE ( 'NONE', *, *, #566, .T. ) ;
#3539 = ORIENTED_EDGE ( 'NONE', *, *, #3523, .F. ) ;
#3540 = VERTEX_POINT ( 'NONE', #3988 ) ;
#3541 = DIRECTION ( 'NONE',  ( -1.000000000000000000, 0.000000000000000000, -0.000000000000000000 ) ) ;
#3542 = CARTESIAN_POINT ( 'NONE',  ( 0.000000000000000000, 0.000000000000000000, -1.135000000000000231 ) ) ;
#3543 = LINE ( 'NONE', #2125, #4145 ) ;
#3544 = DIRECTION ( 'NONE',  ( 0.3722007944145567793, -0.9281522335464009732, 0.000000000000000000 ) ) ;
#3545 = LINE ( 'NONE', #1759, #1919 ) ;
#3546 = EDGE_CURVE ( 'NONE', #2743, #614, #5348, .T. ) ;
#3547 = EDGE_CURVE ( 'NONE', #776, #2561, #2208, .T. ) ;
#3548 = DIRECTION ( 'NONE',  ( -1.000000000000000000, 0.000000000000000000, 0.000000000000000000 ) ) ;
#3549 = DIRECTION ( 'NONE',  ( 1.000000000000000000, 0.000000000000000000, -0.000000000000000000 ) ) ;
#3550 = VERTEX_POINT ( 'NONE', #3567 ) ;
#3551 = ORIENTED_EDGE ( 'NONE', *, *, #1031, .F. ) ;
#3552 = CIRCLE ( 'NONE', #822, 0.09999999999999964473 ) ;
#3553 = ORIENTED_EDGE ( 'NONE', *, *, #87, .F. ) ;
#3554 = EDGE_LOOP ( 'NONE', ( #1588, #5984, #2562, #2479 ) ) ;
#3555 = DIRECTION ( 'NONE',  ( -1.432545838226008708E-17, 1.000000000000000000, -0.000000000000000000 ) ) ;
#3556 = ORIENTED_EDGE ( 'NONE', *, *, #3205, .T. ) ;
#3557 = CIRCLE ( 'NONE', #4134, 0.09999999999999964473 ) ;
#3558 = CIRCLE ( 'NONE', #4135, 0.09999999999999964473 ) ;
#3559 = VERTEX_POINT ( 'NONE', #1722 ) ;
#3560 = COLOUR_RGB ( '',0.7921568627450980005, 0.8196078431372548767, 0.9333333333333333481 ) ;
#3561 = VECTOR ( 'NONE', #2460, 1.000000000000000000 ) ;
#3562 = DIRECTION ( 'NONE',  ( 1.000000000000000000, 0.000000000000000000, 0.000000000000000000 ) ) ;
#3563 = ORIENTED_EDGE ( 'NONE', *, *, #2942, .T. ) ;
#3564 = CARTESIAN_POINT ( 'NONE',  ( -11.72500000000000142, -0.3896561633456271934, -0.9600000000000001865 ) ) ;
#3565 = CIRCLE ( 'NONE', #4437, 6.000000000000000000 ) ;
#3566 = CARTESIAN_POINT ( 'NONE',  ( -5.576316527040906301, -1.189999999999999281, -6.660000000000000142 ) ) ;
#3567 = CARTESIAN_POINT ( 'NONE',  ( -4.868749999999996803, -0.9899999999999993250, -0.9600000000000014078 ) ) ;
#3568 = AXIS2_PLACEMENT_3D ( 'NONE', #987, #2849, #528 ) ;
#3569 = ORIENTED_EDGE ( 'NONE', *, *, #722, .F. ) ;
#3570 = CIRCLE ( 'NONE', #4436, 0.03500000000000014211 ) ;
#3571 = VERTEX_POINT ( 'NONE', #1184 ) ;
#3572 = LINE ( 'NONE', #3224, #3170 ) ;
#3573 = DIRECTION ( 'NONE',  ( 0.000000000000000000, 0.000000000000000000, -1.000000000000000000 ) ) ;
#3574 = DIRECTION ( 'NONE',  ( -0.000000000000000000, -0.000000000000000000, -1.000000000000000000 ) ) ;
#3575 = FACE_OUTER_BOUND ( 'NONE', #1032, .T. ) ;
#3576 = CYLINDRICAL_SURFACE ( 'NONE', #3497, 0.2500000000000000000 ) ;
#3577 = CYLINDRICAL_SURFACE ( 'NONE', #3427, 0.03500000000000014211 ) ;
#3578 = DIRECTION ( 'NONE',  ( 1.000000000000000000, 0.000000000000000000, 0.000000000000000000 ) ) ;
#3579 = VERTEX_POINT ( 'NONE', #725 ) ;
#3580 = ORIENTED_EDGE ( 'NONE', *, *, #3036, .F. ) ;
#3581 = EDGE_CURVE ( 'NONE', #2859, #3719, #2581, .T. ) ;
#3582 = EDGE_LOOP ( 'NONE', ( #1713, #3608 ) ) ;
#3583 = EDGE_LOOP ( 'NONE', ( #2551, #4991, #3941, #4460, #4409, #4915, #2452, #2886 ) ) ;
#3584 = ORIENTED_EDGE ( 'NONE', *, *, #2506, .F. ) ;
#3585 = AXIS2_PLACEMENT_3D ( 'NONE', #5376, #3537, #2666 ) ;
#3586 = CARTESIAN_POINT ( 'NONE',  ( -9.640572538960633153, 1.189999999999998392, -0.7511534819267441376 ) ) ;
#3587 = VERTEX_POINT ( 'NONE', #4076 ) ;
#3589 = LINE ( 'NONE', #4129, #5154 ) ;
#3588 = DIRECTION ( 'NONE',  ( 0.000000000000000000, 0.000000000000000000, -1.000000000000000000 ) ) ;
#3590 = DIRECTION ( 'NONE',  ( -0.000000000000000000, 0.000000000000000000, 1.000000000000000000 ) ) ;
#3591 = CARTESIAN_POINT ( 'NONE',  ( -2.487220079441456289, -0.2968409399909877067, -1.135000000000000231 ) ) ;
#3592 = ORIENTED_EDGE ( 'NONE', *, *, #2339, .T. ) ;
#3593 = ADVANCED_FACE ( 'NONE', ( #1211 ), #755, .F. ) ;
#3594 = VERTEX_POINT ( 'NONE', #3591 ) ;
#3595 = EDGE_CURVE ( 'NONE', #4246, #3403, #5896, .T. ) ;
#3596 = PRODUCT_DEFINITION_CONTEXT ( 'detailed design', #2456, 'design' ) ;
#3597 = DIRECTION ( 'NONE',  ( 0.000000000000000000, 0.1699069165076472487, 0.9854601157443478865 ) ) ;
#3598 = CARTESIAN_POINT ( 'NONE',  ( -12.22500000000000142, -0.9899999999999984368, -3.423488475815656962 ) ) ;
#3599 = CARTESIAN_POINT ( 'NONE',  ( -5.190624999999995381, 0.9899999999999984368, -1.135000000000000231 ) ) ;
#3600 = CARTESIAN_POINT ( 'NONE',  ( -14.17500000000000071, 1.189999999999997504, -1.160000000000000142 ) ) ;
#3601 = CARTESIAN_POINT ( 'NONE',  ( -2.784460378396442337, -0.09281522335464026385, -1.135000000000000231 ) ) ;
#3602 = DIRECTION ( 'NONE',  ( 0.000000000000000000, -0.9901138386947148096, 0.1402661271484180183 ) ) ;
#3603 = AXIS2_PLACEMENT_3D ( 'NONE', #109, #1052, #2850 ) ;
#3604 = FACE_OUTER_BOUND ( 'NONE', #1892, .T. ) ;
#3605 = CARTESIAN_POINT ( 'NONE',  ( 0.5886859966642593589, 0.8750000000000000000, -1.060000000000000053 ) ) ;
#3606 = EDGE_CURVE ( 'NONE', #1535, #3004, #2697, .T. ) ;
#3607 = ORIENTED_EDGE ( 'NONE', *, *, #3780, .F. ) ;
#3608 = ORIENTED_EDGE ( 'NONE', *, *, #2885, .F. ) ;
#3609 = CARTESIAN_POINT ( 'NONE',  ( -1.950000000000000622, 0.8999999999999999112, -0.9100000000000001421 ) ) ;
#3610 = AXIS2_PLACEMENT_3D ( 'NONE', #423, #4000, #3548 ) ;
#3611 = EDGE_CURVE ( 'NONE', #1325, #5446, #5813, .T. ) ;
#3612 = ORIENTED_EDGE ( 'NONE', *, *, #5842, .T. ) ;
#3613 = ORIENTED_EDGE ( 'NONE', *, *, #5379, .T. ) ;
#3614 = CARTESIAN_POINT ( 'NONE',  ( 0.000000000000000000, -1.189999999999998392, -0.9600000000000001865 ) ) ;
#3615 = VERTEX_POINT ( 'NONE', #1771 ) ;
#3616 = DIRECTION ( 'NONE',  ( 0.000000000000000000, -0.000000000000000000, -1.000000000000000000 ) ) ;
#3617 = DIRECTION ( 'NONE',  ( -6.265808957320107111E-17, 1.000000000000000000, -0.000000000000000000 ) ) ;
#3618 = DIRECTION ( 'NONE',  ( 1.000000000000000000, 0.000000000000000000, 0.000000000000000000 ) ) ;
#3619 = ORIENTED_EDGE ( 'NONE', *, *, #1682, .F. ) ;
#3620 = CARTESIAN_POINT ( 'NONE',  ( -5.576316527040904525, 1.189999999999998392, -0.6600000000000010303 ) ) ;
#3621 = DIRECTION ( 'NONE',  ( -1.000000000000000000, 0.000000000000000000, 0.000000000000000000 ) ) ;
#3622 = DIRECTION ( 'NONE',  ( 1.000000000000000000, 0.000000000000000000, 0.000000000000000000 ) ) ;
#3623 = PLANE ( 'NONE',  #1404 ) ;
#3624 = CARTESIAN_POINT ( 'NONE',  ( -0.1622440211999298665, 1.189999999999998392, 0.9201315677728708620 ) ) ;
#3625 = CARTESIAN_POINT ( 'NONE',  ( -4.181529920558541669, -0.6530577941862264479, -0.9599999999999999645 ) ) ;
#3626 = EDGE_CURVE ( 'NONE', #2859, #1675, #959, .T. ) ;
#3627 = AXIS2_PLACEMENT_3D ( 'NONE', #2231, #5408, #5043 ) ;
#3628 = CARTESIAN_POINT ( 'NONE',  ( -6.562499999999994671, 0.9899999999999979927, -0.9600000000000010747 ) ) ;
#3629 = CARTESIAN_POINT ( 'NONE',  ( -8.598683472959091745, -1.190000000000000169, -6.660000000000000142 ) ) ;
#3630 = AXIS2_PLACEMENT_3D ( 'NONE', #2216, #1757, #5250 ) ;
#3631 = EDGE_LOOP ( 'NONE', ( #3313, #475, #3044, #401 ) ) ;
#3632 = CARTESIAN_POINT ( 'NONE',  ( -1.950000000000000622, 1.189999999999998392, -0.9600000000000001865 ) ) ;
#3633 = CARTESIAN_POINT ( 'NONE',  ( -12.22500000000000142, 0.8999999999999999112, -0.9100000000000001421 ) ) ;
#3634 = EDGE_CURVE ( 'NONE', #536, #1535, #531, .T. ) ;
#3635 = EDGE_LOOP ( 'NONE', ( #5670, #1500, #2834, #2924 ) ) ;
#3636 = ORIENTED_EDGE ( 'NONE', *, *, #5057, .F. ) ;
#3637 = AXIS2_PLACEMENT_3D ( 'NONE', #3629, #768, #4976 ) ;
#3638 = CARTESIAN_POINT ( 'NONE',  ( -11.72500000000000142, 0.3896561633456295248, -1.135000000000000231 ) ) ;
#3639 = VERTEX_POINT ( 'NONE', #1417 ) ;
#3640 = DIRECTION ( 'NONE',  ( -0.000000000000000000, 0.000000000000000000, 1.000000000000000000 ) ) ;
#3641 = CARTESIAN_POINT ( 'NONE',  ( -1.950000000000000622, -0.8000000000000000444, -0.9100000000000001421 ) ) ;
#3642 = DIRECTION ( 'NONE',  ( 1.000000000000000000, -7.346712325083825488E-17, -4.040691778796103957E-16 ) ) ;
#3643 = EDGE_CURVE ( 'NONE', #2950, #757, #559, .T. ) ;
#3644 = ORIENTED_EDGE ( 'NONE', *, *, #3322, .T. ) ;
#3645 = VERTEX_POINT ( 'NONE', #4685 ) ;
#3646 = AXIS2_PLACEMENT_3D ( 'NONE', #1546, #1935, #5235 ) ;
#3647 = CIRCLE ( 'NONE', #2966, 6.000000000000000000 ) ;
#3648 = CARTESIAN_POINT ( 'NONE',  ( -5.990624999999996092, 0.7399999999999979927, -1.135000000000000231 ) ) ;
#3649 = LINE ( 'NONE', #2730, #146 ) ;
#3650 = CARTESIAN_POINT ( 'NONE',  ( -10.30804291515398496, 1.189999999999998392, -0.8688465180732564130 ) ) ;
#3651 = EDGE_CURVE ( 'NONE', #503, #6014, #1359, .T. ) ;
#3652 = DIRECTION ( 'NONE',  ( -1.000000000000000000, 0.000000000000000000, 0.000000000000000000 ) ) ;
#3653 = CARTESIAN_POINT ( 'NONE',  ( -4.215741725297256437, 0.9899999999999984368, -0.9600000000000001865 ) ) ;
#3654 = AXIS2_PLACEMENT_3D ( 'NONE', #5619, #3316, #1805 ) ;
#3655 = EDGE_CURVE ( 'NONE', #3419, #325, #2328, .T. ) ;
#3656 = VECTOR ( 'NONE', #296, 1.000000000000000000 ) ;
#3657 = AXIS2_PLACEMENT_3D ( 'NONE', #5843, #1552, #3512 ) ;
#3658 = ORIENTED_EDGE ( 'NONE', *, *, #3890, .F. ) ;
#3659 = FACE_OUTER_BOUND ( 'NONE', #3695, .T. ) ;
#3660 = DIRECTION ( 'NONE',  ( -1.432545838226008708E-17, -1.000000000000000000, 0.000000000000000000 ) ) ;
#3661 = DIRECTION ( 'NONE',  ( 1.000000000000000000, 0.000000000000000000, -2.453693674745796445E-16 ) ) ;
#3662 = EDGE_CURVE ( 'NONE', #5307, #786, #45, .T. ) ;
#3663 = EDGE_CURVE ( 'NONE', #1232, #4388, #4221, .T. ) ;
#3664 = ORIENTED_EDGE ( 'NONE', *, *, #856, .F. ) ;
#3665 = DIRECTION ( 'NONE',  ( -0.000000000000000000, 0.000000000000000000, 1.000000000000000000 ) ) ;
#3666 = DIRECTION ( 'NONE',  ( -1.000000000000000000, 0.000000000000000000, 0.000000000000000000 ) ) ;
#3667 = ORIENTED_EDGE ( 'NONE', *, *, #3626, .F. ) ;
#3668 = ORIENTED_EDGE ( 'NONE', *, *, #5667, .F. ) ;
#3669 = LINE ( 'NONE', #4469, #710 ) ;
#3670 = ORIENTED_EDGE ( 'NONE', *, *, #2064, .T. ) ;
#3672 = CARTESIAN_POINT ( 'NONE',  ( -12.22500000000000142, 1.189999999999998392, -0.9600000000000001865 ) ) ;
#3671 = DIRECTION ( 'NONE',  ( -1.000000000000000000, 0.000000000000000000, 0.000000000000000000 ) ) ;
#3673 = FACE_OUTER_BOUND ( 'NONE', #3811, .T. ) ;
#3674 = LINE ( 'NONE', #5520, #2488 ) ;
#3675 = EDGE_CURVE ( 'NONE', #921, #1450, #3186, .T. ) ;
#3676 = ORIENTED_EDGE ( 'NONE', *, *, #4598, .T. ) ;
#3677 = VECTOR ( 'NONE', #4537, 1.000000000000000000 ) ;
#3678 = CIRCLE ( 'NONE', #2901, 0.1499999999999999112 ) ;
#3679 = ORIENTED_EDGE ( 'NONE', *, *, #1031, .T. ) ;
#3680 = AXIS2_PLACEMENT_3D ( 'NONE', #1628, #3038, #2489 ) ;
#3681 = DIRECTION ( 'NONE',  ( 1.000000000000000000, 0.000000000000000000, 0.000000000000000000 ) ) ;
#3682 = FACE_OUTER_BOUND ( 'NONE', #2877, .T. ) ;
#3683 = DIRECTION ( 'NONE',  ( -0.3722007944145567238, 0.9281522335464009732, 0.000000000000000000 ) ) ;
#3684 = AXIS2_PLACEMENT_3D ( 'NONE', #764, #388, #5957 ) ;
#3685 = DIRECTION ( 'NONE',  ( -1.000000000000000000, 0.000000000000000000, -0.000000000000000000 ) ) ;
#3686 = CARTESIAN_POINT ( 'NONE',  ( -2.350000000000001421, -0.3896561633456276930, -1.135000000000000231 ) ) ;
#3687 = EDGE_CURVE ( 'NONE', #3745, #4105, #2752, .T. ) ;
#3688 = EDGE_CURVE ( 'NONE', #2510, #4345, #4193, .T. ) ;
#3689 = VERTEX_POINT ( 'NONE', #2263 ) ;
#3690 = DIRECTION ( 'NONE',  ( 1.000000000000000000, 0.000000000000000000, 0.000000000000000000 ) ) ;
#3691 = DIRECTION ( 'NONE',  ( 6.271695431234129858E-16, -1.000000000000000000, 0.000000000000000000 ) ) ;
#3692 = DIRECTION ( 'NONE',  ( -0.000000000000000000, 0.000000000000000000, 1.000000000000000000 ) ) ;
#3693 = VECTOR ( 'NONE', #4564, 1.000000000000000000 ) ;
#3694 = ADVANCED_FACE ( 'NONE', ( #5047 ), #3768, .T. ) ;
#3695 = EDGE_LOOP ( 'NONE', ( #5824, #604, #216, #3289 ) ) ;
#3696 = AXIS2_PLACEMENT_3D ( 'NONE', #4683, #4253, #75 ) ;
#3697 = DIRECTION ( 'NONE',  ( -1.000000000000000000, 0.000000000000000000, -0.000000000000000000 ) ) ;
#3698 = DIRECTION ( 'NONE',  ( -1.432545838226008708E-17, -1.000000000000000000, 0.000000000000000000 ) ) ;
#3699 = EDGE_CURVE ( 'NONE', #1155, #4639, #1702, .T. ) ;
#3700 = ADVANCED_FACE ( 'NONE', ( #2296 ), #1836, .F. ) ;
#3701 = EDGE_CURVE ( 'NONE', #4713, #4002, #2851, .T. ) ;
#3702 = ORIENTED_EDGE ( 'NONE', *, *, #3236, .F. ) ;
#3703 = VERTEX_POINT ( 'NONE', #932 ) ;
#3704 = DIRECTION ( 'NONE',  ( -1.000000000000000000, 0.000000000000000000, 0.000000000000000000 ) ) ;
#3705 = ORIENTED_EDGE ( 'NONE', *, *, #4924, .F. ) ;
#3706 = CYLINDRICAL_SURFACE ( 'NONE', #1225, 0.05000000000000071054 ) ;
#3707 = CARTESIAN_POINT ( 'NONE',  ( -1.950000000000000622, -0.7399999999999984368, -0.9600000000000001865 ) ) ;
#3708 = DIRECTION ( 'NONE',  ( -1.000000000000000000, -1.850371707708594316E-16, 0.000000000000000000 ) ) ;
#3709 = CARTESIAN_POINT ( 'NONE',  ( -2.350000000000001421, 1.189999999999998170, -0.9600000000000001865 ) ) ;
#3710 = VERTEX_POINT ( 'NONE', #899 ) ;
#3711 = VECTOR ( 'NONE', #2556, 1.000000000000000000 ) ;
#3712 = ORIENTED_EDGE ( 'NONE', *, *, #1158, .F. ) ;
#3713 = LINE ( 'NONE', #936, #5618 ) ;
#3714 = CARTESIAN_POINT ( 'NONE',  ( -11.68777992055854575, 0.2968409399909894275, -0.9600000000000001865 ) ) ;
#3715 = DIRECTION ( 'NONE',  ( 0.000000000000000000, 0.000000000000000000, -1.000000000000000000 ) ) ;
#3716 = DIRECTION ( 'NONE',  ( 1.000000000000000000, 0.000000000000000000, 0.000000000000000000 ) ) ;
#3717 = CARTESIAN_POINT ( 'NONE',  ( -2.825068018844486328, 0.000000000000000000, 5.040000000000000036 ) ) ;
#3718 = AXIS2_PLACEMENT_3D ( 'NONE', #4610, #3278, #3666 ) ;
#3719 = VERTEX_POINT ( 'NONE', #15 ) ;
#3720 = ORIENTED_EDGE ( 'NONE', *, *, #219, .T. ) ;
#3721 = DIRECTION ( 'NONE',  ( 6.265808957320107111E-17, -1.000000000000000000, 0.000000000000000000 ) ) ;
#3722 = DIRECTION ( 'NONE',  ( 0.000000000000000000, -1.000000000000000000, 0.000000000000000000 ) ) ;
#3723 = DIRECTION ( 'NONE',  ( -0.000000000000000000, 0.000000000000000000, 1.000000000000000000 ) ) ;
#3724 = VECTOR ( 'NONE', #5634, 1.000000000000000000 ) ;
#3725 = VERTEX_POINT ( 'NONE', #5980 ) ;
#3726 = EDGE_CURVE ( 'NONE', #78, #2780, #3674, .T. ) ;
#3727 = CARTESIAN_POINT ( 'NONE',  ( -8.734375000000005329, -0.7400000000000002132, -1.135000000000000231 ) ) ;
#3728 = CARTESIAN_POINT ( 'NONE',  ( -4.218749999999997335, -0.5602425708315863506, -0.9599999999999999645 ) ) ;
#3729 = ORIENTED_EDGE ( 'NONE', *, *, #1465, .T. ) ;
#3730 = ORIENTED_EDGE ( 'NONE', *, *, #2435, .F. ) ;
#3731 = DIRECTION ( 'NONE',  ( -0.000000000000000000, -0.000000000000000000, -1.000000000000000000 ) ) ;
#3732 = VERTEX_POINT ( 'NONE', #1867 ) ;
#3733 = FACE_OUTER_BOUND ( 'NONE', #3913, .T. ) ;
#3734 = DIRECTION ( 'NONE',  ( -1.000000000000000000, 0.000000000000000000, 0.000000000000000000 ) ) ;
#3735 = CARTESIAN_POINT ( 'NONE',  ( -8.598683472959093521, -1.089999999999998082, -0.7599999999999997868 ) ) ;
#3736 = DIRECTION ( 'NONE',  ( 0.000000000000000000, -0.9854601157443477755, 0.1699069165076472210 ) ) ;
#3737 = EDGE_LOOP ( 'NONE', ( #1503, #1199, #832, #468 ) ) ;
#3738 = ORIENTED_EDGE ( 'NONE', *, *, #3798, .T. ) ;
#3739 = VECTOR ( 'NONE', #4259, 1.000000000000000000 ) ;
#3740 = CYLINDRICAL_SURFACE ( 'NONE', #6003, 5.900000000000000355 ) ;
#3741 = DIRECTION ( 'NONE',  ( -1.000000000000000000, 0.000000000000000000, 0.000000000000000000 ) ) ;
#3742 = DIRECTION ( 'NONE',  ( -0.000000000000000000, -0.000000000000000000, -1.000000000000000000 ) ) ;
#3743 = DIRECTION ( 'NONE',  ( 0.000000000000000000, 0.000000000000000000, -1.000000000000000000 ) ) ;
#3744 = DIRECTION ( 'NONE',  ( -0.000000000000000000, 0.000000000000000000, 1.000000000000000000 ) ) ;
#3745 = VERTEX_POINT ( 'NONE', #3709 ) ;
#3746 = VECTOR ( 'NONE', #5112, 1.000000000000000000 ) ;
#3747 = EDGE_LOOP ( 'NONE', ( #4626, #404, #4985, #3242 ) ) ;
#3748 = DIRECTION ( 'NONE',  ( 0.000000000000000000, 0.000000000000000000, 1.000000000000000000 ) ) ;
#3749 = AXIS2_PLACEMENT_3D ( 'NONE', #3165, #5022, #846 ) ;
#3750 = AXIS2_PLACEMENT_3D ( 'NONE', #4171, #3225, #5020 ) ;
#3751 = CARTESIAN_POINT ( 'NONE',  ( -4.618749999999996803, 0.9899999999999984368, -3.423488475815656962 ) ) ;
#3752 = DIRECTION ( 'NONE',  ( 1.000000000000000000, 0.000000000000000000, 0.000000000000000000 ) ) ;
#3753 = DIRECTION ( 'NONE',  ( 6.265808957320107111E-17, 1.000000000000000000, 0.000000000000000000 ) ) ;
#3754 = VECTOR ( 'NONE', #379, 1.000000000000000000 ) ;
#3755 = VECTOR ( 'NONE', #5338, 1.000000000000000000 ) ;
#3756 = VECTOR ( 'NONE', #4055, 1.000000000000000000 ) ;
#3757 = ORIENTED_EDGE ( 'NONE', *, *, #4740, .F. ) ;
#3758 = CARTESIAN_POINT ( 'NONE',  ( -12.22500000000000142, 1.189999999999998392, -0.9600000000000001865 ) ) ;
#3759 = LINE ( 'NONE', #5609, #2450 ) ;
#3760 = ORIENTED_EDGE ( 'NONE', *, *, #5153, .F. ) ;
#3761 = CLOSED_SHELL ( 'NONE', ( #5231, #814, #4748, #2268, #2833, #2748, #1082, #2560, #4318, #977, #3071, #1526, #107, #2623, #849, #1976, #1626, #3839, #1735, #31, #2166, #5941, #2520, #5358, #3138, #3700, #4773, #4222, #3443, #5742, #1857, #3479, #5571, #2382, #2329, #887, #1791, #2101, #5115, #5359, #1090, #2679, #1884, #1246, #794, #687, #5299, #3175, #157, #673, #743, #4919, #3854, #2602, #1072, #4630, #3230, #4913, #2838, #2881, #280, #1772, #1044, #1979, #5854, #2303, #529, #4036, #5744, #4331, #2975, #46, #783, #164, #459, #3476, #1493, #2140, #3237, #4151, #5218, #4091, #3487, #3593, #1369, #1038, #5970, #1436, #2119, #1172, #2201, #1822, #4859, #2776, #3290, #4790, #3525, #2116, #3105, #4026, #5146, #3434, #5798, #2806, #4723, #5888, #5998, #3402, #650, #5820, #4611, #419, #5441, #5177, #1931, #442, #1428, #1501, #1672, #5727, #5923, #4273, #1489, #2709, #4946, #647, #3072, #2306, #5838, #888, #5925, #5463, #5606, #2687, #5777, #2195, #5632, #5740, #1533, #5840, #1947, #2163, #5026, #5806, #1237, #4999, #5036, #3045, #1230, #1060, #3866, #3220, #3694, #4035, #3238, #3983, #4774, #3399, #4497, #2240, #2900, #904, #4669, #1666, #5705, #998, #858, #88, #1915, #4952, #5658, #35, #2509, #5166, #2106, #1868, #5818, #435, #3884, #2866, #880, #2047, #1846, #277, #2352, #5173, #2785, #1565 ) ) ;
#3762 = VERTEX_POINT ( 'NONE', #5552 ) ;
#3763 = EDGE_CURVE ( 'NONE', #66, #3990, #5974, .T. ) ;
#3764 = LINE ( 'NONE', #1925, #2944 ) ;
#3765 = EDGE_LOOP ( 'NONE', ( #3538, #4037, #2662, #986 ) ) ;
#3766 = DIRECTION ( 'NONE',  ( -0.000000000000000000, 0.000000000000000000, 1.000000000000000000 ) ) ;
#3767 = DIRECTION ( 'NONE',  ( -1.000000000000000000, -0.000000000000000000, -0.000000000000000000 ) ) ;
#3768 = PLANE ( 'NONE',  #3654 ) ;
#3769 = ORIENTED_EDGE ( 'NONE', *, *, #1964, .T. ) ;
#3770 = EDGE_LOOP ( 'NONE', ( #1750, #5883 ) ) ;
#3771 = CARTESIAN_POINT ( 'NONE',  ( -1.950000000000000622, -0.3418139511719358037, -0.9600000000000001865 ) ) ;
#3772 = DIRECTION ( 'NONE',  ( -1.432545838226008708E-17, 1.000000000000000000, -0.000000000000000000 ) ) ;
#3773 = FACE_OUTER_BOUND ( 'NONE', #1954, .T. ) ;
#3774 = DIRECTION ( 'NONE',  ( -0.000000000000000000, 1.000000000000000000, -0.000000000000000000 ) ) ;
#3775 = DIRECTION ( 'NONE',  ( -0.000000000000000000, -0.000000000000000000, -1.000000000000000000 ) ) ;
#3776 = VECTOR ( 'NONE', #4144, 1.000000000000000000 ) ;
#3777 = EDGE_CURVE ( 'NONE', #588, #3922, #5197, .T. ) ;
#3778 = VECTOR ( 'NONE', #4896, 1.000000000000000000 ) ;
#3779 = EDGE_CURVE ( 'NONE', #2832, #1361, #2394, .T. ) ;
#3780 = EDGE_CURVE ( 'NONE', #3981, #1149, #1411, .T. ) ;
#3781 = VERTEX_POINT ( 'NONE', #77 ) ;
#3782 = ORIENTED_EDGE ( 'NONE', *, *, #5390, .F. ) ;
#3783 = VECTOR ( 'NONE', #5784, 1.000000000000000000 ) ;
#3784 = LINE ( 'NONE', #92, #5760 ) ;
#3785 = CARTESIAN_POINT ( 'NONE',  ( -8.734375000000005329, 0.9899999999999984368, -3.423488475815656962 ) ) ;
#3786 = CYLINDRICAL_SURFACE ( 'NONE', #1848, 0.1499999999999999112 ) ;
#3787 = LINE ( 'NONE', #3234, #5392 ) ;
#3788 = AXIS2_PLACEMENT_3D ( 'NONE', #1388, #2854, #2365 ) ;
#3789 = EDGE_LOOP ( 'NONE', ( #5278, #2995, #2438, #5922, #3180, #3317, #1174, #2103, #3667 ) ) ;
#3790 = CARTESIAN_POINT ( 'NONE',  ( -3.921569072607348438, -1.089999999999998082, -0.9607596123493885587 ) ) ;
#3791 = DIRECTION ( 'NONE',  ( -1.000000000000000000, -0.000000000000000000, -0.000000000000000000 ) ) ;
#3792 = ORIENTED_EDGE ( 'NONE', *, *, #3701, .T. ) ;
#3793 = ORIENTED_EDGE ( 'NONE', *, *, #4993, .T. ) ;
#3794 = VERTEX_POINT ( 'NONE', #1929 ) ;
#3795 = AXIS2_PLACEMENT_3D ( 'NONE', #1508, #5135, #4191 ) ;
#3796 = DIRECTION ( 'NONE',  ( -0.000000000000000000, 0.000000000000000000, 1.000000000000000000 ) ) ;
#3797 = VERTEX_POINT ( 'NONE', #3801 ) ;
#3798 = EDGE_CURVE ( 'NONE', #2340, #1801, #925, .T. ) ;
#3799 = CARTESIAN_POINT ( 'NONE',  ( 0.000000000000000000, -0.8750000000000000000, -1.209999999999999964 ) ) ;
#3800 = CARTESIAN_POINT ( 'NONE',  ( -5.576316527040901860, 1.089999999999998082, -6.660000000000001030 ) ) ;
#3801 = CARTESIAN_POINT ( 'NONE',  ( -14.79499999999999993, 0.8750000000000000000, -1.209999999999999964 ) ) ;
#3802 = VERTEX_POINT ( 'NONE', #5812 ) ;
#3803 = EDGE_LOOP ( 'NONE', ( #2691, #5576, #1386, #2224, #2717, #4742 ) ) ;
#3804 = AXIS2_PLACEMENT_3D ( 'NONE', #4736, #3240, #5089 ) ;
#3805 = DIRECTION ( 'NONE',  ( -0.3722007944145563907, 0.9281522335464011952, 0.000000000000000000 ) ) ;
#3806 = DIRECTION ( 'NONE',  ( 1.000000000000000000, 0.000000000000000000, 0.000000000000000000 ) ) ;
#3807 = PLANE ( 'NONE',  #3152 ) ;
#3808 = CARTESIAN_POINT ( 'NONE',  ( -0.4464101615137745505, -0.3418139511719356927, -0.9599999999999999645 ) ) ;
#3809 = DIRECTION ( 'NONE',  ( 0.000000000000000000, -1.000000000000000000, -0.000000000000000000 ) ) ;
#3810 = VECTOR ( 'NONE', #4330, 1.000000000000000000 ) ;
#3811 = EDGE_LOOP ( 'NONE', ( #1531, #4843, #3886, #2405 ) ) ;
#3812 = EDGE_CURVE ( 'NONE', #2056, #221, #4482, .T. ) ;
#3813 = ORIENTED_EDGE ( 'NONE', *, *, #1703, .F. ) ;
#3814 = DIRECTION ( 'NONE',  ( 0.000000000000000000, -0.000000000000000000, -1.000000000000000000 ) ) ;
#3815 = DIRECTION ( 'NONE',  ( -0.000000000000000000, 0.000000000000000000, 1.000000000000000000 ) ) ;
#3816 = DIRECTION ( 'NONE',  ( -0.000000000000000000, 0.000000000000000000, 1.000000000000000000 ) ) ;
#3817 = VECTOR ( 'NONE', #1469, 1.000000000000000000 ) ;
#3818 = ORIENTED_EDGE ( 'NONE', *, *, #365, .F. ) ;
#3819 = DIRECTION ( 'NONE',  ( -0.000000000000000000, 0.000000000000000000, 1.000000000000000000 ) ) ;
#3820 = DIRECTION ( 'NONE',  ( -0.000000000000000000, 1.000000000000000000, -0.000000000000000000 ) ) ;
#3821 = VERTEX_POINT ( 'NONE', #5021 ) ;
#3822 = VERTEX_POINT ( 'NONE', #5354 ) ;
#3823 = ORIENTED_EDGE ( 'NONE', *, *, #1201, .F. ) ;
#3824 = FACE_OUTER_BOUND ( 'NONE', #4043, .T. ) ;
#3825 = VERTEX_POINT ( 'NONE', #4057 ) ;
#3826 = PLANE ( 'NONE',  #2190 ) ;
#3827 = LINE ( 'NONE', #2913, #4670 ) ;
#3828 = ORIENTED_EDGE ( 'NONE', *, *, #193, .F. ) ;
#3829 = EDGE_LOOP ( 'NONE', ( #3223, #3480, #1923, #3176, #1010, #2999, #2644 ) ) ;
#3830 = DIRECTION ( 'NONE',  ( 0.000000000000000000, 0.000000000000000000, 1.000000000000000000 ) ) ;
#3831 = DIRECTION ( 'NONE',  ( 0.000000000000000000, -0.000000000000000000, 1.000000000000000000 ) ) ;
#3832 = CARTESIAN_POINT ( 'NONE',  ( -12.22500000000000142, -1.189999999999998392, -0.9600000000000001865 ) ) ;
#3833 = EDGE_CURVE ( 'NONE', #3990, #943, #1278, .T. ) ;
#3834 = CARTESIAN_POINT ( 'NONE',  ( -1.950000000000000622, -1.189999999999998392, -0.9600000000000001865 ) ) ;
#3835 = CARTESIAN_POINT ( 'NONE',  ( -6.812499999999994671, -0.7399999999999997691, -1.135000000000000231 ) ) ;
#3836 = AXIS2_PLACEMENT_3D ( 'NONE', #3609, #830, #3697 ) ;
#3837 = ORIENTED_EDGE ( 'NONE', *, *, #119, .F. ) ;
#3838 = ORIENTED_EDGE ( 'NONE', *, *, #3067, .T. ) ;
#3839 = ADVANCED_FACE ( 'NONE', ( #1695, #303 ), #2590, .T. ) ;
#3840 = CARTESIAN_POINT ( 'NONE',  ( -12.22500000000000142, -0.7399999999999984368, -0.9600000000000001865 ) ) ;
#3841 = CARTESIAN_POINT ( 'NONE',  ( -2.600000000000001421, 0.7399999999999983258, -0.9600000000000001865 ) ) ;
#3842 = PLANE ( 'NONE',  #3265 ) ;
#3843 = CARTESIAN_POINT ( 'NONE',  ( -2.350000000000000533, 0.7399999999999983258, -1.135000000000000231 ) ) ;
#3844 = EDGE_CURVE ( 'NONE', #2057, #2950, #733, .T. ) ;
#3845 = VECTOR ( 'NONE', #2621, 1.000000000000000000 ) ;
#3846 = AXIS2_PLACEMENT_3D ( 'NONE', #5604, #2738, #395 ) ;
#3847 = CIRCLE ( 'NONE', #5969, 0.2500000000000000000 ) ;
#3848 = EDGE_CURVE ( 'NONE', #2404, #4478, #4995, .T. ) ;
#3849 = ORIENTED_EDGE ( 'NONE', *, *, #3334, .T. ) ;
#3850 = FACE_OUTER_BOUND ( 'NONE', #4468, .T. ) ;
#3851 = CARTESIAN_POINT ( 'NONE',  ( -10.12754555139957269, -0.9225146718258766532, -1.135000000000000231 ) ) ;
#3852 = VECTOR ( 'NONE', #3108, 1.000000000000000000 ) ;
#3853 = ORIENTED_EDGE ( 'NONE', *, *, #1924, .F. ) ;
#3854 = ADVANCED_FACE ( 'NONE', ( #4543 ), #360, .T. ) ;
#3855 = ORIENTED_EDGE ( 'NONE', *, *, #5655, .T. ) ;
#3856 = VECTOR ( 'NONE', #2182, 1.000000000000000000 ) ;
#3857 = EDGE_CURVE ( 'NONE', #5232, #1962, #3048, .T. ) ;
#3858 = ORIENTED_EDGE ( 'NONE', *, *, #5807, .F. ) ;
#3859 = CARTESIAN_POINT ( 'NONE',  ( -2.825068018844486328, 1.189999999999998170, 5.040000000000000036 ) ) ;
#3860 = CARTESIAN_POINT ( 'NONE',  ( -5.576316527040906301, 1.189999999999998392, -6.660000000000000142 ) ) ;
#3861 = ORIENTED_EDGE ( 'NONE', *, *, #4547, .T. ) ;
#3862 = EDGE_LOOP ( 'NONE', ( #833, #3668, #3143, #1677 ) ) ;
#3863 = LINE ( 'NONE', #4837, #2699 ) ;
#3864 = CARTESIAN_POINT ( 'NONE',  ( -12.22500000000000142, -0.3418139511719356927, 0.000000000000000000 ) ) ;
#3865 = CARTESIAN_POINT ( 'NONE',  ( -2.450000000000000622, 0.3896561633456299689, 0.000000000000000000 ) ) ;
#3866 = ADVANCED_FACE ( 'NONE', ( #5930 ), #328, .T. ) ;
#3867 = CARTESIAN_POINT ( 'NONE',  ( -12.22500000000000142, 1.189999999999998392, -0.9600000000000001865 ) ) ;
#3868 = PLANE ( 'NONE',  #3878 ) ;
#3869 = EDGE_LOOP ( 'NONE', ( #5721, #773, #261, #1745 ) ) ;
#3870 = VERTEX_POINT ( 'NONE', #2094 ) ;
#3871 = DIRECTION ( 'NONE',  ( 1.000000000000000000, 0.000000000000000000, 0.000000000000000000 ) ) ;
#3872 = EDGE_CURVE ( 'NONE', #4889, #329, #737, .T. ) ;
#3873 = CARTESIAN_POINT ( 'NONE',  ( -12.32500000000000107, -0.2418139511719357149, -3.423488475815656962 ) ) ;
#3874 = DIRECTION ( 'NONE',  ( -1.000000000000000000, 0.000000000000000000, -0.000000000000000000 ) ) ;
#3875 = LINE ( 'NONE', #3843, #4 ) ;
#3876 = EDGE_CURVE ( 'NONE', #3158, #1664, #3543, .T. ) ;
#3877 = EDGE_CURVE ( 'NONE', #453, #5572, #1792, .T. ) ;
#3878 = AXIS2_PLACEMENT_3D ( 'NONE', #2982, #1485, #2949 ) ;
#3879 = FACE_OUTER_BOUND ( 'NONE', #5860, .T. ) ;
#3880 = FACE_OUTER_BOUND ( 'NONE', #2388, .T. ) ;
#3881 = DIRECTION ( 'NONE',  ( 0.000000000000000000, 0.000000000000000000, 1.000000000000000000 ) ) ;
#3882 = VERTEX_POINT ( 'NONE', #5845 ) ;
#3883 = ORIENTED_EDGE ( 'NONE', *, *, #2128, .T. ) ;
#3884 = ADVANCED_FACE ( 'NONE', ( #5445 ), #1668, .F. ) ;
#3885 = ORIENTED_EDGE ( 'NONE', *, *, #5655, .F. ) ;
#3886 = ORIENTED_EDGE ( 'NONE', *, *, #3128, .F. ) ;
#3888 = EDGE_CURVE ( 'NONE', #4647, #1512, #3570, .T. ) ;
#3887 = DIRECTION ( 'NONE',  ( 1.000000000000000000, -6.265808957320107111E-17, 0.000000000000000000 ) ) ;
#3889 = LINE ( 'NONE', #4435, #95 ) ;
#3890 = EDGE_CURVE ( 'NONE', #5007, #1488, #761, .T. ) ;
#3891 = EDGE_CURVE ( 'NONE', #3944, #1362, #5401, .T. ) ;
#3892 = CIRCLE ( 'NONE', #3603, 0.03500000000000014211 ) ;
#3893 = ORIENTED_EDGE ( 'NONE', *, *, #4507, .F. ) ;
#3894 = DIRECTION ( 'NONE',  ( -0.000000000000000000, 0.000000000000000000, 1.000000000000000000 ) ) ;
#3895 = CARTESIAN_POINT ( 'NONE',  ( -8.734375000000005329, 0.7399999999999978817, -1.135000000000000231 ) ) ;
#3896 = DIRECTION ( 'NONE',  ( 1.483886295880788311E-16, 1.000000000000000000, 0.000000000000000000 ) ) ;
#3897 = AXIS2_PLACEMENT_3D ( 'NONE', #4238, #1880, #1819 ) ;
#3898 = DIRECTION ( 'NONE',  ( 1.000000000000000000, 0.000000000000000000, 0.000000000000000000 ) ) ;
#3899 = CARTESIAN_POINT ( 'NONE',  ( -12.22500000000000142, -0.2418139511719357149, -0.9600000000000001865 ) ) ;
#3900 = ORIENTED_EDGE ( 'NONE', *, *, #2914, .T. ) ;
#3901 = VERTEX_POINT ( 'NONE', #3599 ) ;
#3902 = DIRECTION ( 'NONE',  ( -1.432545838226008708E-17, -1.000000000000000000, 0.000000000000000000 ) ) ;
#3903 = DIRECTION ( 'NONE',  ( -1.000000000000000000, 0.000000000000000000, 0.000000000000000000 ) ) ;
#3905 = VECTOR ( 'NONE', #2251, 1.000000000000000000 ) ;
#3904 = CARTESIAN_POINT ( 'NONE',  ( -8.598683472959091745, -1.089999999999998082, -6.660000000000000142 ) ) ;
#3906 = CARTESIAN_POINT ( 'NONE',  ( -7.362500000000006040, 0.9899999999999984368, -3.423488475815656962 ) ) ;
#3907 = EDGE_LOOP ( 'NONE', ( #3705, #375 ) ) ;
#3908 = FACE_OUTER_BOUND ( 'NONE', #4065, .T. ) ;
#3909 = DIRECTION ( 'NONE',  ( 1.000000000000000000, 0.000000000000000000, 0.000000000000000000 ) ) ;
#3910 = EDGE_CURVE ( 'NONE', #3206, #3794, #2774, .T. ) ;
#3911 = ORIENTED_EDGE ( 'NONE', *, *, #2542, .F. ) ;
#3912 = VERTEX_POINT ( 'NONE', #1277 ) ;
#3913 = EDGE_LOOP ( 'NONE', ( #2599, #5513, #927, #5971 ) ) ;
#3914 = EDGE_CURVE ( 'NONE', #1155, #4929, #4632, .T. ) ;
#3915 = ORIENTED_EDGE ( 'NONE', *, *, #215, .F. ) ;
#3916 = DIRECTION ( 'NONE',  ( 0.9281522335464010842, 0.3722007944145562797, 0.000000000000000000 ) ) ;
#3917 = DIRECTION ( 'NONE',  ( -0.000000000000000000, 1.000000000000000000, 0.000000000000000000 ) ) ;
#3918 = EDGE_CURVE ( 'NONE', #590, #3366, #4600, .T. ) ;
#3919 = ORIENTED_EDGE ( 'NONE', *, *, #4487, .F. ) ;
#3920 = VECTOR ( 'NONE', #4187, 1.000000000000000000 ) ;
#3921 = CARTESIAN_POINT ( 'NONE',  ( -0.4464101615137745505, -0.3418139511719356927, -1.135000000000000231 ) ) ;
#3922 = VERTEX_POINT ( 'NONE', #937 ) ;
#3923 = DIRECTION ( 'NONE',  ( 1.000000000000000000, 1.665334536937740727E-15, 0.000000000000000000 ) ) ;
#3924 = DIRECTION ( 'NONE',  ( 0.3722007944145567793, 0.9281522335464009732, 0.000000000000000000 ) ) ;
#3925 = EDGE_CURVE ( 'NONE', #1472, #1114, #5079, .T. ) ;
#3926 = CARTESIAN_POINT ( 'NONE',  ( -0.5964101615137744616, 0.9899999999999984368, -0.9600000000000001865 ) ) ;
#3927 = CARTESIAN_POINT ( 'NONE',  ( -2.600000000000000533, -0.9899999999999988809, -1.135000000000000231 ) ) ;
#3928 = EDGE_LOOP ( 'NONE', ( #2777, #2246, #2875, #5945 ) ) ;
#3929 = ORIENTED_EDGE ( 'NONE', *, *, #2223, .F. ) ;
#3930 = CARTESIAN_POINT ( 'NONE',  ( -1.950000000000000622, -0.2000000000000000111, -0.8250000000000000666 ) ) ;
#3931 = DIRECTION ( 'NONE',  ( -0.000000000000000000, 0.000000000000000000, 1.000000000000000000 ) ) ;
#3932 = CARTESIAN_POINT ( 'NONE',  ( -8.734375000000005329, 0.9899999999999984368, -1.135000000000000231 ) ) ;
#3933 = DIRECTION ( 'NONE',  ( -1.000000000000000000, 0.000000000000000000, -0.000000000000000000 ) ) ;
#3934 = CARTESIAN_POINT ( 'NONE',  ( -4.047454448600418253, 0.9225146718258740997, -1.135000000000000231 ) ) ;
#3935 = VECTOR ( 'NONE', #1705, 1.000000000000000000 ) ;
#3936 = VECTOR ( 'NONE', #1286, 1.000000000000000000 ) ;
#3937 = CARTESIAN_POINT ( 'NONE',  ( -11.39053962160355837, 0.09281522335463994466, -1.135000000000001119 ) ) ;
#3938 = CARTESIAN_POINT ( 'NONE',  ( -8.184375000000004619, 0.7399999999999979927, -0.9599999999999999645 ) ) ;
#3939 = DIRECTION ( 'NONE',  ( 0.000000000000000000, -0.000000000000000000, -1.000000000000000000 ) ) ;
#3940 = CIRCLE ( 'NONE', #5682, 0.03500000000000014211 ) ;
#3941 = ORIENTED_EDGE ( 'NONE', *, *, #1643, .T. ) ;
#3942 = ORIENTED_EDGE ( 'NONE', *, *, #4738, .F. ) ;
#3943 = VECTOR ( 'NONE', #1063, 1.000000000000000000 ) ;
#3944 = VERTEX_POINT ( 'NONE', #2795 ) ;
#3945 = EDGE_LOOP ( 'NONE', ( #1717, #5040, #5891, #654, #4214, #5334, #5242, #5313, #1858, #196, #4210, #2496 ) ) ;
#3946 = DIRECTION ( 'NONE',  ( 0.9848077530122092416, 0.000000000000000000, -0.1736481776669237531 ) ) ;
#3947 = LINE ( 'NONE', #170, #3207 ) ;
#3948 = AXIS2_PLACEMENT_3D ( 'NONE', #3292, #1872, #5685 ) ;
#3949 = AXIS2_PLACEMENT_3D ( 'NONE', #2553, #3573, #1250 ) ;
#3950 = AXIS2_PLACEMENT_3D ( 'NONE', #5120, #2802, #486 ) ;
#3951 = EDGE_CURVE ( 'NONE', #3200, #2543, #448, .T. ) ;
#3952 = ORIENTED_EDGE ( 'NONE', *, *, #5852, .F. ) ;
#3953 = CARTESIAN_POINT ( 'NONE',  ( -9.623207721193939079, 1.189999999999998170, -0.8496342572279647065 ) ) ;
#3954 = EDGE_LOOP ( 'NONE', ( #1109, #5337, #181, #4068, #2800, #5898, #1319, #4405, #804, #3730, #5826, #1409, #1831, #5256, #1740, #2022, #104, #1551, #1374, #2118, #2739, #1649, #1088, #5554, #2413, #80, #758, #2144, #3720, #3081, #527 ) ) ;
#3955 = DIRECTION ( 'NONE',  ( 1.000000000000000000, -0.000000000000000000, 0.000000000000000000 ) ) ;
#3956 = CYLINDRICAL_SURFACE ( 'NONE', #3455, 0.2500000000000000000 ) ;
#3957 = DIRECTION ( 'NONE',  ( -1.000000000000000000, 0.000000000000000000, 0.000000000000000000 ) ) ;
#3958 = FACE_OUTER_BOUND ( 'NONE', #4136, .T. ) ;
#3959 = ORIENTED_EDGE ( 'NONE', *, *, #426, .T. ) ;
#3960 = EDGE_LOOP ( 'NONE', ( #2349, #1099, #377, #5839 ) ) ;
#3961 = LINE ( 'NONE', #4939, #443 ) ;
#3962 = FACE_OUTER_BOUND ( 'NONE', #4917, .T. ) ;
#3963 = DIRECTION ( 'NONE',  ( -1.000000000000000000, -0.000000000000000000, -0.000000000000000000 ) ) ;
#3964 = CARTESIAN_POINT ( 'NONE',  ( -2.553008274702737168, 0.000000000000000000, -3.423488475815656962 ) ) ;
#3965 = CARTESIAN_POINT ( 'NONE',  ( -7.362500000000006040, -0.7399999999999997691, -1.135000000000000231 ) ) ;
#3966 = EDGE_CURVE ( 'NONE', #2635, #1055, #5110, .T. ) ;
#3967 = EDGE_CURVE ( 'NONE', #4688, #5070, #1841, .T. ) ;
#3968 = EDGE_CURVE ( 'NONE', #741, #3206, #5557, .T. ) ;
#3969 = LINE ( 'NONE', #4369, #3023 ) ;
#3970 = LINE ( 'NONE', #4424, #3935 ) ;
#3971 = EDGE_LOOP ( 'NONE', ( #1046, #3900, #948, #3179 ) ) ;
#3972 = VECTOR ( 'NONE', #1519, 1.000000000000000000 ) ;
#3973 = AXIS2_PLACEMENT_3D ( 'NONE', #3241, #3939, #5221 ) ;
#3974 = ORIENTED_EDGE ( 'NONE', *, *, #4119, .F. ) ;
#3975 = AXIS2_PLACEMENT_3D ( 'NONE', #3069, #750, #2608 ) ;
#3976 = ORIENTED_EDGE ( 'NONE', *, *, #357, .T. ) ;
#3977 = VECTOR ( 'NONE', #2245, 1.000000000000000000 ) ;
#3978 = ORIENTED_EDGE ( 'NONE', *, *, #3367, .T. ) ;
#3979 = DIRECTION ( 'NONE',  ( -0.9281522335464011952, -0.3722007944145563352, 0.000000000000000000 ) ) ;
#3980 = DIRECTION ( 'NONE',  ( 1.000000000000000000, 7.346712325083825488E-17, -4.040691778796103957E-16 ) ) ;
#3981 = VERTEX_POINT ( 'NONE', #3714 ) ;
#3982 = EDGE_CURVE ( 'NONE', #4251, #3870, #5051, .T. ) ;
#3983 = ADVANCED_FACE ( 'NONE', ( #3682 ), #2269, .T. ) ;
#3984 = CARTESIAN_POINT ( 'NONE',  ( -12.22500000000000142, -1.189999999999998392, -0.9600000000000001865 ) ) ;
#3985 = ORIENTED_EDGE ( 'NONE', *, *, #4208, .T. ) ;
#3986 = CARTESIAN_POINT ( 'NONE',  ( 0.000000000000000000, -0.8750000000000000000, -1.060000000000000053 ) ) ;
#3987 = CARTESIAN_POINT ( 'NONE',  ( -0.5964101615137744616, -0.7399999999999984368, -0.9599999999999999645 ) ) ;
#3988 = CARTESIAN_POINT ( 'NONE',  ( -2.350000000000000533, -0.8000000000000000444, -0.9100000000000001421 ) ) ;
#3989 = ORIENTED_EDGE ( 'NONE', *, *, #5411, .F. ) ;
#3990 = VERTEX_POINT ( 'NONE', #875 ) ;
#3991 = ORIENTED_EDGE ( 'NONE', *, *, #1194, .F. ) ;
#3992 = DIRECTION ( 'NONE',  ( 1.000000000000000000, 0.000000000000000000, 0.000000000000000000 ) ) ;
#3993 = VECTOR ( 'NONE', #5165, 1.000000000000000000 ) ;
#3994 = FACE_OUTER_BOUND ( 'NONE', #3503, .T. ) ;
#3995 = DIRECTION ( 'NONE',  ( 1.000000000000000000, 0.000000000000000000, 0.000000000000000000 ) ) ;
#3996 = LINE ( 'NONE', #5846, #3463 ) ;
#3997 = DIRECTION ( 'NONE',  ( -1.000000000000000000, -0.000000000000000000, -0.000000000000000000 ) ) ;
#3998 = EDGE_CURVE ( 'NONE', #1043, #5801, #2758, .T. ) ;
#3999 = VECTOR ( 'NONE', #4088, 1.000000000000000000 ) ;
#4000 = DIRECTION ( 'NONE',  ( 0.000000000000000000, 0.000000000000000000, -1.000000000000000000 ) ) ;
#4001 = DIRECTION ( 'NONE',  ( -1.000000000000000000, -0.000000000000000000, -0.000000000000000000 ) ) ;
#4002 = VERTEX_POINT ( 'NONE', #5498 ) ;
#4003 = CIRCLE ( 'NONE', #2930, 0.1499999999999999112 ) ;
#4004 = ORIENTED_EDGE ( 'NONE', *, *, #5548, .F. ) ;
#4005 = EDGE_LOOP ( 'NONE', ( #935, #4165, #3853, #4308 ) ) ;
#4006 = ORIENTED_EDGE ( 'NONE', *, *, #2197, .T. ) ;
#4007 = LINE ( 'NONE', #4585, #5104 ) ;
#4008 = DIRECTION ( 'NONE',  ( 0.000000000000000000, -0.000000000000000000, -1.000000000000000000 ) ) ;
#4009 = CIRCLE ( 'NONE', #5546, 0.05000000000000026645 ) ;
#4010 = ORIENTED_EDGE ( 'NONE', *, *, #3426, .F. ) ;
#4011 = LINE ( 'NONE', #2661, #3395 ) ;
#4012 = ORIENTED_EDGE ( 'NONE', *, *, #1006, .F. ) ;
#4013 = CYLINDRICAL_SURFACE ( 'NONE', #1889, 0.1499999999999999112 ) ;
#4014 = DIRECTION ( 'NONE',  ( -1.000000000000000000, -1.850371707708594563E-16, 0.000000000000000000 ) ) ;
#4015 = DIRECTION ( 'NONE',  ( 1.483886295880788311E-16, -1.000000000000000000, 0.000000000000000000 ) ) ;
#4016 = VERTEX_POINT ( 'NONE', #5986 ) ;
#4017 = VECTOR ( 'NONE', #3301, 1.000000000000000000 ) ;
#4018 = EDGE_LOOP ( 'NONE', ( #5809, #656, #5371, #1247 ) ) ;
#4019 = UNCERTAINTY_MEASURE_WITH_UNIT (LENGTH_MEASURE( 1.000000000000000082E-05 ), #1711, 'distance_accuracy_value', 'NONE');
#4020 = CARTESIAN_POINT ( 'NONE',  ( 0.000000000000000000, 0.8750000000000000000, -1.060000000000000053 ) ) ;
#4021 = EDGE_CURVE ( 'NONE', #1098, #2230, #5693, .T. ) ;
#4022 = DIRECTION ( 'NONE',  ( -1.000000000000000000, 0.000000000000000000, 0.000000000000000000 ) ) ;
#4023 = DIRECTION ( 'NONE',  ( 1.000000000000000000, 0.000000000000000000, 0.000000000000000000 ) ) ;
#4024 = CARTESIAN_POINT ( 'NONE',  ( -4.318749999999996092, 0.5602425708315851294, -1.135000000000000231 ) ) ;
#4025 = CARTESIAN_POINT ( 'NONE',  ( -11.82500000000000107, 0.2000000000000000111, -0.8250000000000000666 ) ) ;
#4026 = ADVANCED_FACE ( 'NONE', ( #4571 ), #385, .F. ) ;
#4027 = CARTESIAN_POINT ( 'NONE',  ( -1.629192649327036635E-15, -0.9899999999999984368, -0.9600000000000022959 ) ) ;
#4028 = CARTESIAN_POINT ( 'NONE',  ( -11.57500000000000107, -0.7400000000000006573, -0.9600000000000001865 ) ) ;
#4029 = ORIENTED_EDGE ( 'NONE', *, *, #3055, .F. ) ;
#4030 = VERTEX_POINT ( 'NONE', #4109 ) ;
#4031 = VECTOR ( 'NONE', #1390, 1.000000000000000000 ) ;
#4032 = CIRCLE ( 'NONE', #3157, 0.07999999999999996003 ) ;
#4033 = VERTEX_POINT ( 'NONE', #19 ) ;
#4034 = CARTESIAN_POINT ( 'NONE',  ( -3.866957084846029513, 0.9899999999999982148, -0.8688465180732546367 ) ) ;
#4035 = ADVANCED_FACE ( 'NONE', ( #1776 ), #2672, .T. ) ;
#4036 = ADVANCED_FACE ( 'NONE', ( #3132 ), #359, .T. ) ;
#4037 = ORIENTED_EDGE ( 'NONE', *, *, #4509, .F. ) ;
#4038 = AXIS2_PLACEMENT_3D ( 'NONE', #304, #4880, #2095 ) ;
#4039 = ORIENTED_EDGE ( 'NONE', *, *, #5411, .T. ) ;
#4040 = AXIS2_PLACEMENT_3D ( 'NONE', #399, #5368, #2600 ) ;
#4041 = VECTOR ( 'NONE', #4753, 1.000000000000000000 ) ;
#4042 = FACE_OUTER_BOUND ( 'NONE', #49, .T. ) ;
#4043 = EDGE_LOOP ( 'NONE', ( #2475, #2167, #2809, #1900, #3959, #5714, #4897, #298 ) ) ;
#4045 = LINE ( 'NONE', #2206, #4378 ) ;
#4044 = CARTESIAN_POINT ( 'NONE',  ( -0.2651845289799109606, 1.189999999999998392, -1.503936198047713502 ) ) ;
#4046 = CIRCLE ( 'NONE', #4241, 0.07999999999999996003 ) ;
#4047 = FACE_OUTER_BOUND ( 'NONE', #4715, .T. ) ;
#4048 = DIRECTION ( 'NONE',  ( 0.000000000000000000, -0.000000000000000000, -1.000000000000000000 ) ) ;
#4049 = CIRCLE ( 'NONE', #1408, 0.07999999999999996003 ) ;
#4050 = ORIENTED_EDGE ( 'NONE', *, *, #5669, .T. ) ;
#4051 = VECTOR ( 'NONE', #4082, 1.000000000000000000 ) ;
#4052 = ORIENTED_EDGE ( 'NONE', *, *, #3022, .T. ) ;
#4053 = VECTOR ( 'NONE', #5417, 1.000000000000000000 ) ;
#4054 = EDGE_CURVE ( 'NONE', #2934, #4251, #3649, .T. ) ;
#4055 = DIRECTION ( 'NONE',  ( 1.000000000000000000, 0.000000000000000000, -2.453693674745796445E-16 ) ) ;
#4056 = CYLINDRICAL_SURFACE ( 'NONE', #4146, 0.2500000000000000000 ) ;
#4057 = CARTESIAN_POINT ( 'NONE',  ( -3.921569072607348438, 1.189999999999998614, -0.9607596123493885587 ) ) ;
#4058 = LINE ( 'NONE', #3937, #5124 ) ;
#4059 = CARTESIAN_POINT ( 'NONE',  ( -9.556250000000003908, 0.7399999999999977707, -0.9599999999999999645 ) ) ;
#4060 = PLANE ( 'NONE',  #4173 ) ;
#4061 = EDGE_CURVE ( 'NONE', #4934, #590, #5589, .T. ) ;
#4062 = CARTESIAN_POINT ( 'NONE',  ( -14.17500000000000071, 0.8750000000000000000, -1.209999999999999964 ) ) ;
#4063 = DIRECTION ( 'NONE',  ( 1.000000000000000000, 0.000000000000000000, 0.000000000000000000 ) ) ;
#4064 = VERTEX_POINT ( 'NONE', #572 ) ;
#4065 = EDGE_LOOP ( 'NONE', ( #720, #2134, #5465, #4791 ) ) ;
#4066 = CYLINDRICAL_SURFACE ( 'NONE', #2266, 0.1499999999999999112 ) ;
#4067 = DIRECTION ( 'NONE',  ( 1.000000000000000000, 0.000000000000000000, -0.000000000000000000 ) ) ;
#4068 = ORIENTED_EDGE ( 'NONE', *, *, #4935, .T. ) ;
#4069 = EDGE_LOOP ( 'NONE', ( #3580, #2923, #3985, #1799 ) ) ;
#4070 = VECTOR ( 'NONE', #2463, 1.000000000000000000 ) ;
#4071 = DIRECTION ( 'NONE',  ( -1.000000000000000000, 0.000000000000000000, 0.000000000000000000 ) ) ;
#4072 = ORIENTED_EDGE ( 'NONE', *, *, #4954, .F. ) ;
#4073 = EDGE_CURVE ( 'NONE', #567, #2566, #5262, .T. ) ;
#4074 = CARTESIAN_POINT ( 'NONE',  ( 0.5886859966642593589, -0.8750000000000000000, -1.060000000000000053 ) ) ;
#4075 = CYLINDRICAL_SURFACE ( 'NONE', #4824, 0.2500000000000000000 ) ;
#4076 = CARTESIAN_POINT ( 'NONE',  ( -10.12754555139957269, -0.9225146718258766532, -0.9600000000000001865 ) ) ;
#4077 = AXIS2_PLACEMENT_3D ( 'NONE', #3859, #5828, #5796 ) ;
#4078 = ORIENTED_EDGE ( 'NONE', *, *, #69, .T. ) ;
#4079 = ORIENTED_EDGE ( 'NONE', *, *, #1537, .T. ) ;
#4080 = CARTESIAN_POINT ( 'NONE',  ( -1.619437825332231570E-16, 1.189999999999998392, -0.6600000000000023626 ) ) ;
#4081 = DIRECTION ( 'NONE',  ( 0.000000000000000000, 0.000000000000000000, 1.000000000000000000 ) ) ;
#4082 = DIRECTION ( 'NONE',  ( -1.483886295880788311E-16, 1.000000000000000000, 0.000000000000000000 ) ) ;
#4083 = DIRECTION ( 'NONE',  ( -1.000000000000000000, 0.000000000000000000, -0.000000000000000000 ) ) ;
#4084 = CARTESIAN_POINT ( 'NONE',  ( -12.22500000000000142, -0.2000000000000000111, -0.8250000000000000666 ) ) ;
#4085 = DIRECTION ( 'NONE',  ( -1.000000000000000000, 0.000000000000000000, 2.453693674745796445E-16 ) ) ;
#4086 = AXIS2_PLACEMENT_3D ( 'NONE', #4313, #1448, #957 ) ;
#4087 = EDGE_CURVE ( 'NONE', #4596, #5336, #1999, .T. ) ;
#4088 = DIRECTION ( 'NONE',  ( 0.000000000000000000, 1.000000000000000000, 0.000000000000000000 ) ) ;
#4089 = CARTESIAN_POINT ( 'NONE',  ( -8.598683472959093521, -1.189999999999998170, -0.7599999999999997868 ) ) ;
#4090 = CIRCLE ( 'NONE', #4873, 0.2500000000000000000 ) ;
#4091 = ADVANCED_FACE ( 'NONE', ( #2918 ), #4355, .F. ) ;
#4092 = ORIENTED_EDGE ( 'NONE', *, *, #2453, .F. ) ;
#4093 = CYLINDRICAL_SURFACE ( 'NONE', #3325, 0.09999999999999964473 ) ;
#4094 = SURFACE_SIDE_STYLE ('',( #2684 ) ) ;
#4095 = CIRCLE ( 'NONE', #1845, 0.2500000000000000000 ) ;
#4096 = EDGE_LOOP ( 'NONE', ( #4877, #512, #1708, #4072 ) ) ;
#4097 = ORIENTED_EDGE ( 'NONE', *, *, #1120, .T. ) ;
#4098 = CYLINDRICAL_SURFACE ( 'NONE', #5037, 0.05000000000000026645 ) ;
#4099 = ORIENTED_EDGE ( 'NONE', *, *, #5553, .T. ) ;
#4100 = EDGE_CURVE ( 'NONE', #57, #5768, #5106, .T. ) ;
#4102 = CARTESIAN_POINT ( 'NONE',  ( -2.350000000000000533, 0.8000000000000000444, -0.9100000000000001421 ) ) ;
#4101 = CARTESIAN_POINT ( 'NONE',  ( 0.000000000000000000, 0.000000000000000000, 0.000000000000000000 ) ) ;
#4103 = DIRECTION ( 'NONE',  ( 1.000000000000000000, 0.000000000000000000, 0.000000000000000000 ) ) ;
#4104 = CARTESIAN_POINT ( 'NONE',  ( -5.576316527040902749, -1.189999999999998392, -0.7600000000000010081 ) ) ;
#4105 = VERTEX_POINT ( 'NONE', #1091 ) ;
#4106 = VERTEX_POINT ( 'NONE', #5593 ) ;
#4107 = EDGE_CURVE ( 'NONE', #5768, #57, #4728, .T. ) ;
#4108 = FACE_OUTER_BOUND ( 'NONE', #180, .T. ) ;
#4109 = CARTESIAN_POINT ( 'NONE',  ( -13.72858983848622572, -0.2418139511719357149, -1.135000000000000231 ) ) ;
#4110 = DIRECTION ( 'NONE',  ( 0.000000000000000000, 0.000000000000000000, 1.000000000000000000 ) ) ;
#4111 = CARTESIAN_POINT ( 'NONE',  ( -3.921569072607348438, -1.189999999999998392, -0.9607596123493884477 ) ) ;
#4112 = DIRECTION ( 'NONE',  ( 0.000000000000000000, -0.000000000000000000, 1.000000000000000000 ) ) ;
#4113 = EDGE_CURVE ( 'NONE', #3732, #2609, #3068, .T. ) ;
#4114 = ORIENTED_EDGE ( 'NONE', *, *, #1042, .F. ) ;
#4115 = AXIS2_PLACEMENT_3D ( 'NONE', #1893, #4708, #5095 ) ;
#4116 = CYLINDRICAL_SURFACE ( 'NONE', #5156, 6.000000000000000000 ) ;
#4117 = DIRECTION ( 'NONE',  ( -0.9848077530122093526, -1.851185172018656839E-16, -0.1736481776669233368 ) ) ;
#4118 = DIRECTION ( 'NONE',  ( 1.000000000000000000, 0.000000000000000000, 0.000000000000000000 ) ) ;
#4119 = EDGE_CURVE ( 'NONE', #4806, #3901, #1515, .T. ) ;
#4120 = ORIENTED_EDGE ( 'NONE', *, *, #483, .T. ) ;
#4121 = DIRECTION ( 'NONE',  ( 1.000000000000000000, -0.000000000000000000, -0.000000000000000000 ) ) ;
#4122 = LINE ( 'NONE', #4921, #5879 ) ;
#4123 = EDGE_LOOP ( 'NONE', ( #934, #1265, #1870, #2331 ) ) ;
#4124 = VERTEX_POINT ( 'NONE', #53 ) ;
#4125 = CIRCLE ( 'NONE', #3359, 0.2500000000000000000 ) ;
#4126 = DIRECTION ( 'NONE',  ( -0.000000000000000000, 0.000000000000000000, 1.000000000000000000 ) ) ;
#4127 = EDGE_LOOP ( 'NONE', ( #3433, #5160, #3563, #3339 ) ) ;
#4129 = CARTESIAN_POINT ( 'NONE',  ( -2.914659381970696644E-16, 1.189999999999998392, -0.9600000000000001865 ) ) ;
#4128 = DIRECTION ( 'NONE',  ( 0.9281522335464009732, 0.3722007944145567238, 0.000000000000000000 ) ) ;
#4130 = LINE ( 'NONE', #1295, #2281 ) ;
#4131 = DIRECTION ( 'NONE',  ( -1.000000000000000000, 0.000000000000000000, 2.453693674745796445E-16 ) ) ;
#4132 = EDGE_CURVE ( 'NONE', #4833, #3825, #3414, .T. ) ;
#4133 = EDGE_CURVE ( 'NONE', #2042, #776, #3847, .T. ) ;
#4134 = AXIS2_PLACEMENT_3D ( 'NONE', #2704, #3227, #3716 ) ;
#4135 = AXIS2_PLACEMENT_3D ( 'NONE', #914, #3723, #29 ) ;
#4136 = EDGE_LOOP ( 'NONE', ( #2879, #2985, #4256, #1353, #5514, #2465, #4400, #1126 ) ) ;
#4137 = EDGE_LOOP ( 'NONE', ( #99, #5778, #1378, #3498, #4615 ) ) ;
#4138 = VECTOR ( 'NONE', #415, 1.000000000000000000 ) ;
#4139 = CIRCLE ( 'NONE', #433, 5.999999999999999112 ) ;
#4140 = DIRECTION ( 'NONE',  ( 0.000000000000000000, 0.000000000000000000, 1.000000000000000000 ) ) ;
#4141 = CARTESIAN_POINT ( 'NONE',  ( -4.534427461039364005, 1.189999999999998392, -0.7511534819267453589 ) ) ;
#4142 = CARTESIAN_POINT ( 'NONE',  ( -4.218749999999996447, 0.5602425708315850184, -1.135000000000000231 ) ) ;
#4143 = CARTESIAN_POINT ( 'NONE',  ( 0.5886859966642593589, 0.8750000000000000000, -1.060000000000000053 ) ) ;
#4144 = DIRECTION ( 'NONE',  ( -1.000000000000000000, -6.265808957320107111E-17, 1.930822651522010828E-16 ) ) ;
#4145 = VECTOR ( 'NONE', #845, 1.000000000000000000 ) ;
#4146 = AXIS2_PLACEMENT_3D ( 'NONE', #2154, #1131, #4022 ) ;
#4147 = ORIENTED_EDGE ( 'NONE', *, *, #1527, .F. ) ;
#4148 = EDGE_CURVE ( 'NONE', #728, #2342, #4809, .T. ) ;
#4149 = CARTESIAN_POINT ( 'NONE',  ( -2.825068018844486328, 0.000000000000000000, 5.040000000000000036 ) ) ;
#4150 = CARTESIAN_POINT ( 'NONE',  ( -9.856250000000004619, 0.7080847830052794389, -3.423488475815656962 ) ) ;
#4151 = ADVANCED_FACE ( 'NONE', ( #506 ), #5627, .F. ) ;
#4152 = CARTESIAN_POINT ( 'NONE',  ( -12.22500000000000142, 0.3418139511719356927, -1.135000000000000231 ) ) ;
#4153 = EDGE_CURVE ( 'NONE', #4833, #1157, #5485, .T. ) ;
#4154 = EDGE_LOOP ( 'NONE', ( #1187, #3849, #5321, #4594, #3508, #2013, #4401, #3528 ) ) ;
#4155 = DIRECTION ( 'NONE',  ( 1.000000000000000000, 0.000000000000000000, 0.000000000000000000 ) ) ;
#4156 = CARTESIAN_POINT ( 'NONE',  ( -1.950000000000000622, 1.189999999999998392, -0.9600000000000001865 ) ) ;
#4157 = EDGE_LOOP ( 'NONE', ( #2638, #3592, #5911, #4863 ) ) ;
#4158 = ORIENTED_EDGE ( 'NONE', *, *, #4367, .F. ) ;
#4159 = DIRECTION ( 'NONE',  ( 0.000000000000000000, 0.000000000000000000, -1.000000000000000000 ) ) ;
#4160 = VERTEX_POINT ( 'NONE', #630 ) ;
#4161 = FACE_OUTER_BOUND ( 'NONE', #3869, .T. ) ;
#4162 = LINE ( 'NONE', #5893, #5638 ) ;
#4163 = DIRECTION ( 'NONE',  ( 1.000000000000000000, 0.000000000000000000, 0.000000000000000000 ) ) ;
#4164 = DIRECTION ( 'NONE',  ( -1.432545838226008708E-17, -1.000000000000000000, 0.000000000000000000 ) ) ;
#4165 = ORIENTED_EDGE ( 'NONE', *, *, #4443, .F. ) ;
#4166 = AXIS2_PLACEMENT_3D ( 'NONE', #3295, #4693, #509 ) ;
#4167 = EDGE_CURVE ( 'NONE', #2743, #583, #2873, .T. ) ;
#4168 = VERTEX_POINT ( 'NONE', #2855 ) ;
#4169 = VECTOR ( 'NONE', #539, 1.000000000000000000 ) ;
#4170 = DIRECTION ( 'NONE',  ( 1.432545838226008399E-17, 1.000000000000000000, -0.000000000000000000 ) ) ;
#4171 = CARTESIAN_POINT ( 'NONE',  ( -12.22500000000000142, 0.9899999999999984368, -3.423488475815656962 ) ) ;
#4172 = DIRECTION ( 'NONE',  ( -1.406570332511357463E-16, -2.014976476011318285E-33, -1.000000000000000000 ) ) ;
#4173 = AXIS2_PLACEMENT_3D ( 'NONE', #5904, #2592, #3602 ) ;
#4174 = LINE ( 'NONE', #4111, #5585 ) ;
#4175 = CARTESIAN_POINT ( 'NONE',  ( -0.4464101615137744394, 0.3418139511719356927, -1.135000000000000231 ) ) ;
#4176 = ORIENTED_EDGE ( 'NONE', *, *, #4153, .F. ) ;
#4177 = DIRECTION ( 'NONE',  ( 1.483886295880788311E-16, 1.000000000000000000, 0.000000000000000000 ) ) ;
#4178 = DIRECTION ( 'NONE',  ( 0.000000000000000000, 0.000000000000000000, -1.000000000000000000 ) ) ;
#4179 = DIRECTION ( 'NONE',  ( 1.000000000000000000, 0.000000000000000000, 0.000000000000000000 ) ) ;
#4180 = CIRCLE ( 'NONE', #4086, 0.1499999999999999112 ) ;
#4181 = ORIENTED_EDGE ( 'NONE', *, *, #552, .T. ) ;
#4182 = AXIS2_PLACEMENT_3D ( 'NONE', #3003, #227, #2075 ) ;
#4183 = CARTESIAN_POINT ( 'NONE',  ( 0.5886859966642593589, -0.8750000000000000000, -1.060000000000000053 ) ) ;
#4184 = CYLINDRICAL_SURFACE ( 'NONE', #3718, 0.09999999999999964473 ) ;
#4185 = ORIENTED_EDGE ( 'NONE', *, *, #69, .F. ) ;
#4186 = ORIENTED_EDGE ( 'NONE', *, *, #2064, .F. ) ;
#4187 = DIRECTION ( 'NONE',  ( 0.9848077530122090195, 6.170617240062187410E-17, -0.1736481776669255017 ) ) ;
#4188 = ORIENTED_EDGE ( 'NONE', *, *, #3036, .T. ) ;
#4189 = VECTOR ( 'NONE', #4855, 1.000000000000000000 ) ;
#4190 = DIRECTION ( 'NONE',  ( 0.000000000000000000, 0.000000000000000000, 1.000000000000000000 ) ) ;
#4191 = DIRECTION ( 'NONE',  ( 0.000000000000000000, -0.000000000000000000, -1.000000000000000000 ) ) ;
#4192 = DIRECTION ( 'NONE',  ( 1.879742687196032133E-16, -1.000000000000000000, -0.000000000000000000 ) ) ;
#4193 = LINE ( 'NONE', #1898, #3274 ) ;
#4194 = ORIENTED_EDGE ( 'NONE', *, *, #679, .T. ) ;
#4195 = AXIS2_PLACEMENT_3D ( 'NONE', #1433, #5151, #4421 ) ;
#4196 = ORIENTED_EDGE ( 'NONE', *, *, #4751, .F. ) ;
#4197 = DIRECTION ( 'NONE',  ( 0.000000000000000000, 0.000000000000000000, 1.000000000000000000 ) ) ;
#4198 = DIRECTION ( 'NONE',  ( -1.000000000000000000, 0.000000000000000000, -0.000000000000000000 ) ) ;
#4199 = CARTESIAN_POINT ( 'NONE',  ( -1.949999999999999734, 0.3418139511719356927, -1.135000000000000231 ) ) ;
#4200 = DIRECTION ( 'NONE',  ( -1.000000000000000000, -0.000000000000000000, -0.000000000000000000 ) ) ;
#4201 = CARTESIAN_POINT ( 'NONE',  ( -4.047454448600424470, -0.9225146718258752099, -3.423488475815656962 ) ) ;
#4202 = ORIENTED_EDGE ( 'NONE', *, *, #483, .F. ) ;
#4203 = VERTEX_POINT ( 'NONE', #5656 ) ;
#4204 = CYLINDRICAL_SURFACE ( 'NONE', #411, 0.2500000000000000000 ) ;
#4205 = CARTESIAN_POINT ( 'NONE',  ( 0.5886859966642593589, -0.8750000000000000000, -1.140000000000000124 ) ) ;
#4206 = DIRECTION ( 'NONE',  ( 0.000000000000000000, -1.000000000000000000, 0.000000000000000000 ) ) ;
#4207 = PLANE ( 'NONE',  #731 ) ;
#4208 = EDGE_CURVE ( 'NONE', #5429, #3001, #4718, .T. ) ;
#4209 = VECTOR ( 'NONE', #547, 1.000000000000000000 ) ;
#4210 = ORIENTED_EDGE ( 'NONE', *, *, #2745, .T. ) ;
#4211 = CARTESIAN_POINT ( 'NONE',  ( -9.640572538960631377, 1.189999999999998392, -0.7511534819267439156 ) ) ;
#4212 = LINE ( 'NONE', #520, #5240 ) ;
#4213 = ORIENTED_EDGE ( 'NONE', *, *, #2398, .T. ) ;
#4214 = ORIENTED_EDGE ( 'NONE', *, *, #1863, .F. ) ;
#4215 = CARTESIAN_POINT ( 'NONE',  ( -2.350000000000001421, 0.7399999999999983258, -1.135000000000000231 ) ) ;
#4216 = ORIENTED_EDGE ( 'NONE', *, *, #444, .F. ) ;
#4218 = EDGE_CURVE ( 'NONE', #1362, #5105, #1482, .T. ) ;
#4217 = FACE_OUTER_BOUND ( 'NONE', #3635, .T. ) ;
#4219 = DIRECTION ( 'NONE',  ( 1.000000000000000000, 0.000000000000000000, 0.000000000000000000 ) ) ;
#4220 = DIRECTION ( 'NONE',  ( -1.432545838226008399E-17, 1.000000000000000000, 0.000000000000000000 ) ) ;
#4221 = LINE ( 'NONE', #2361, #1047 ) ;
#4222 = ADVANCED_FACE ( 'NONE', ( #3350, #83, #5201 ), #2889, .F. ) ;
#4223 = ORIENTED_EDGE ( 'NONE', *, *, #1289, .F. ) ;
#4224 = VECTOR ( 'NONE', #2654, 1.000000000000000000 ) ;
#4225 = ORIENTED_EDGE ( 'NONE', *, *, #5216, .T. ) ;
#4226 = CIRCLE ( 'NONE', #3059, 0.09999999999999964473 ) ;
#4227 = DIRECTION ( 'NONE',  ( 0.000000000000000000, -1.000000000000000000, 0.000000000000000000 ) ) ;
#4228 = CARTESIAN_POINT ( 'NONE',  ( -10.24474851850930790, 1.189999999999998170, -1.009999999999998233 ) ) ;
#4229 = DIRECTION ( 'NONE',  ( 1.000000000000000000, 0.000000000000000000, 0.000000000000000000 ) ) ;
#4230 = LINE ( 'NONE', #634, #2083 ) ;
#4231 = CARTESIAN_POINT ( 'NONE',  ( -11.68777992055854575, -0.2968409399909870960, -1.135000000000000231 ) ) ;
#4232 = ORIENTED_EDGE ( 'NONE', *, *, #1495, .T. ) ;
#4233 = AXIS2_PLACEMENT_3D ( 'NONE', #3808, #4322, #3898 ) ;
#4234 = EDGE_CURVE ( 'NONE', #5623, #2977, #5412, .T. ) ;
#4235 = ORIENTED_EDGE ( 'NONE', *, *, #2803, .F. ) ;
#4236 = DIRECTION ( 'NONE',  ( 0.000000000000000000, 0.000000000000000000, -1.000000000000000000 ) ) ;
#4237 = CIRCLE ( 'NONE', #4530, 0.09999999999999964473 ) ;
#4238 = CARTESIAN_POINT ( 'NONE',  ( -10.14057257920409327, 0.9549999999999977396, -1.135000000000000231 ) ) ;
#4239 = DIRECTION ( 'NONE',  ( 0.000000000000000000, 0.000000000000000000, -1.000000000000000000 ) ) ;
#4240 = DIRECTION ( 'NONE',  ( 0.000000000000000000, 0.000000000000000000, 1.000000000000000000 ) ) ;
#4241 = AXIS2_PLACEMENT_3D ( 'NONE', #5015, #4592, #353 ) ;
#4242 = EDGE_CURVE ( 'NONE', #5867, #569, #1405, .T. ) ;
#4243 = ORIENTED_EDGE ( 'NONE', *, *, #1703, .T. ) ;
#4244 = CARTESIAN_POINT ( 'NONE',  ( -11.68777992055854575, -0.2968409399909873736, -0.9600000000000001865 ) ) ;
#4245 = LINE ( 'NONE', #1349, #307 ) ;
#4246 = VERTEX_POINT ( 'NONE', #4412 ) ;
#4247 = ORIENTED_EDGE ( 'NONE', *, *, #3876, .F. ) ;
#4248 = VECTOR ( 'NONE', #3025, 1.000000000000000000 ) ;
#4249 = ORIENTED_EDGE ( 'NONE', *, *, #3008, .F. ) ;
#4250 = FACE_OUTER_BOUND ( 'NONE', #2357, .T. ) ;
#4251 = VERTEX_POINT ( 'NONE', #1571 ) ;
#4252 = CARTESIAN_POINT ( 'NONE',  ( -8.184375000000004619, -0.7399999999999997691, -1.135000000000000231 ) ) ;
#4253 = DIRECTION ( 'NONE',  ( -0.000000000000000000, 0.000000000000000000, 1.000000000000000000 ) ) ;
#4254 = CARTESIAN_POINT ( 'NONE',  ( -11.72500000000000142, 0.3896561633456295248, -0.9599999999999999645 ) ) ;
#4255 = ORIENTED_EDGE ( 'NONE', *, *, #2799, .T. ) ;
#4256 = ORIENTED_EDGE ( 'NONE', *, *, #4597, .F. ) ;
#4257 = DIRECTION ( 'NONE',  ( -0.9281522335464010842, -0.3722007944145563352, 0.000000000000000000 ) ) ;
#4258 = CARTESIAN_POINT ( 'NONE',  ( -5.576316527040902749, 1.089999999999998082, -0.7600000000000010081 ) ) ;
#4259 = DIRECTION ( 'NONE',  ( -0.000000000000000000, 0.000000000000000000, 1.000000000000000000 ) ) ;
#4260 = CARTESIAN_POINT ( 'NONE',  ( -2.784460378396442337, 0.09281522335464009732, -0.9600000000000001865 ) ) ;
#4261 = CARTESIAN_POINT ( 'NONE',  ( -9.306250000000003908, 0.7399999999999977707, -1.135000000000000231 ) ) ;
#4262 = AXIS2_PLACEMENT_3D ( 'NONE', #544, #56, #3197 ) ;
#4263 = AXIS2_PLACEMENT_3D ( 'NONE', #1166, #98, #5759 ) ;
#4264 = CIRCLE ( 'NONE', #1627, 0.1000000000000000888 ) ;
#4265 = ORIENTED_EDGE ( 'NONE', *, *, #5926, .T. ) ;
#4266 = ORIENTED_EDGE ( 'NONE', *, *, #1967, .F. ) ;
#4267 = AXIS2_PLACEMENT_3D ( 'NONE', #4970, #2186, #1305 ) ;
#4268 = CARTESIAN_POINT ( 'NONE',  ( 0.000000000000000000, 0.000000000000000000, -0.9600000000000001865 ) ) ;
#4269 = CARTESIAN_POINT ( 'NONE',  ( -6.812499999999994671, 0.9899999999999984368, -1.135000000000000231 ) ) ;
#4270 = CARTESIAN_POINT ( 'NONE',  ( -14.17500000000000071, -0.8750000000000000000, -1.060000000000000053 ) ) ;
#4271 = CARTESIAN_POINT ( 'NONE',  ( 0.000000000000000000, -1.189999999999998392, -1.160000000000000142 ) ) ;
#4272 = CIRCLE ( 'NONE', #4077, 6.000000000000000000 ) ;
#4273 = ADVANCED_FACE ( 'NONE', ( #2024 ), #5863, .F. ) ;
#4274 = EDGE_LOOP ( 'NONE', ( #4696, #5496, #2747, #2320 ) ) ;
#4275 = LINE ( 'NONE', #5608, #4393 ) ;
#4276 = DIRECTION ( 'NONE',  ( -0.9281522335464010842, 0.3722007944145568348, 0.000000000000000000 ) ) ;
#4277 = ORIENTED_EDGE ( 'NONE', *, *, #3251, .T. ) ;
#4278 = ORIENTED_EDGE ( 'NONE', *, *, #3448, .F. ) ;
#4279 = VERTEX_POINT ( 'NONE', #3895 ) ;
#4280 = EDGE_CURVE ( 'NONE', #3279, #5572, #232, .T. ) ;
#4281 = AXIS2_PLACEMENT_3D ( 'NONE', #3800, #4711, #564 ) ;
#4282 = LINE ( 'NONE', #5161, #1764 ) ;
#4283 = ORIENTED_EDGE ( 'NONE', *, *, #901, .F. ) ;
#4284 = DIRECTION ( 'NONE',  ( 0.000000000000000000, 0.000000000000000000, 1.000000000000000000 ) ) ;
#4285 = CARTESIAN_POINT ( 'NONE',  ( -2.350000000000000533, 1.189999999999998392, -0.9600000000000001865 ) ) ;
#4286 = ORIENTED_EDGE ( 'NONE', *, *, #1956, .T. ) ;
#4287 = EDGE_CURVE ( 'NONE', #1479, #9, #2518, .T. ) ;
#4288 = ORIENTED_EDGE ( 'NONE', *, *, #1427, .T. ) ;
#4289 = AXIS2_PLACEMENT_3D ( 'NONE', #1497, #1438, #584 ) ;
#4290 = EDGE_CURVE ( 'NONE', #3419, #4314, #4916, .T. ) ;
#4291 = CARTESIAN_POINT ( 'NONE',  ( -3.930251481490694587, -1.189999999999998392, -1.059999999999999165 ) ) ;
#4292 = DIRECTION ( 'NONE',  ( -0.000000000000000000, -0.000000000000000000, -1.000000000000000000 ) ) ;
#4293 = DIRECTION ( 'NONE',  ( 0.000000000000000000, 0.000000000000000000, 1.000000000000000000 ) ) ;
#4294 = LINE ( 'NONE', #3867, #1793 ) ;
#4295 = FACE_BOUND ( 'NONE', #770, .T. ) ;
#4296 = ORIENTED_EDGE ( 'NONE', *, *, #1201, .T. ) ;
#4297 = EDGE_CURVE ( 'NONE', #4772, #2102, #2978, .T. ) ;
#4298 = VERTEX_POINT ( 'NONE', #3535 ) ;
#4299 = DIRECTION ( 'NONE',  ( -0.000000000000000000, 0.000000000000000000, 1.000000000000000000 ) ) ;
#4300 = DIRECTION ( 'NONE',  ( 0.000000000000000000, -0.000000000000000000, -1.000000000000000000 ) ) ;
#4301 = CARTESIAN_POINT ( 'NONE',  ( -13.72858983848622572, 0.3418139511719356927, -1.135000000000000231 ) ) ;
#4302 = CARTESIAN_POINT ( 'NONE',  ( -4.534427461039364005, 1.189999999999998392, -0.7511534819267453589 ) ) ;
#4303 = CIRCLE ( 'NONE', #886, 0.2500000000000000000 ) ;
#4304 = EDGE_CURVE ( 'NONE', #3912, #5867, #3444, .T. ) ;
#4305 = ORIENTED_EDGE ( 'NONE', *, *, #5624, .F. ) ;
#4306 = DIRECTION ( 'NONE',  ( -0.000000000000000000, -0.000000000000000000, -1.000000000000000000 ) ) ;
#4307 = DIRECTION ( 'NONE',  ( 0.9848077530122092416, 0.000000000000000000, -0.1736481776669237531 ) ) ;
#4308 = ORIENTED_EDGE ( 'NONE', *, *, #5058, .F. ) ;
#4309 = ORIENTED_EDGE ( 'NONE', *, *, #595, .F. ) ;
#4310 = EDGE_CURVE ( 'NONE', #4532, #4457, #1509, .T. ) ;
#4311 = EDGE_LOOP ( 'NONE', ( #3388, #5653 ) ) ;
#4312 = LINE ( 'NONE', #3002, #671 ) ;
#4313 = CARTESIAN_POINT ( 'NONE',  ( -14.79499999999999993, 0.8750000000000000000, -1.060000000000000053 ) ) ;
#4314 = VERTEX_POINT ( 'NONE', #1150 ) ;
#4315 = ORIENTED_EDGE ( 'NONE', *, *, #551, .F. ) ;
#4316 = EDGE_CURVE ( 'NONE', #3639, #2539, #4237, .T. ) ;
#4317 = LINE ( 'NONE', #138, #5720 ) ;
#4318 = ADVANCED_FACE ( 'NONE', ( #1117 ), #4013, .T. ) ;
#4319 = CARTESIAN_POINT ( 'NONE',  ( -11.35331954216210271, -1.387778780781445676E-16, -0.9599999999999999645 ) ) ;
#4320 = LINE ( 'NONE', #541, #3739 ) ;
#4321 = EDGE_CURVE ( 'NONE', #1980, #1664, #2546, .T. ) ;
#4322 = DIRECTION ( 'NONE',  ( 0.000000000000000000, -0.000000000000000000, -1.000000000000000000 ) ) ;
#4323 = LINE ( 'NONE', #2003, #1623 ) ;
#4324 = AXIS2_PLACEMENT_3D ( 'NONE', #2890, #205, #4293 ) ;
#4325 = ORIENTED_EDGE ( 'NONE', *, *, #5309, .F. ) ;
#4326 = EDGE_LOOP ( 'NONE', ( #5027, #4947, #5598, #1323, #90, #2617, #2112, #5378 ) ) ;
#4327 = FACE_OUTER_BOUND ( 'NONE', #5827, .T. ) ;
#4328 = DIRECTION ( 'NONE',  ( 0.000000000000000000, -1.000000000000000000, 0.000000000000000000 ) ) ;
#4329 = CARTESIAN_POINT ( 'NONE',  ( -4.868749999999996803, 0.9899999999999981037, -0.9600000000000001865 ) ) ;
#4330 = DIRECTION ( 'NONE',  ( 0.000000000000000000, -0.000000000000000000, -1.000000000000000000 ) ) ;
#4331 = ADVANCED_FACE ( 'NONE', ( #5802 ), #3504, .T. ) ;
#4332 = VECTOR ( 'NONE', #2891, 1.000000000000000000 ) ;
#4333 = AXIS2_PLACEMENT_3D ( 'NONE', #2378, #3692, #2249 ) ;
#4334 = PRODUCT ( 'WagonPlane_40ft_MoreDetailed', 'WagonPlane_40ft_MoreDetailed', '', ( #2293 ) ) ;
#4335 = PRESENTATION_LAYER_ASSIGNMENT (  '', '', ( #1123 ) ) ;
#4336 = EDGE_CURVE ( 'NONE', #3146, #1488, #4471, .T. ) ;
#4337 = EDGE_CURVE ( 'NONE', #5722, #4388, #1601, .T. ) ;
#4338 = EDGE_CURVE ( 'NONE', #4359, #4033, #1209, .T. ) ;
#4339 = VECTOR ( 'NONE', #322, 1.000000000000000000 ) ;
#4340 = LINE ( 'NONE', #4825, #1422 ) ;
#4342 = CIRCLE ( 'NONE', #923, 0.2500000000000000000 ) ;
#4341 = CARTESIAN_POINT ( 'NONE',  ( -10.25343092739265494, 1.089999999999998082, -0.9607596123493876705 ) ) ;
#4343 = DIRECTION ( 'NONE',  ( 0.000000000000000000, 0.000000000000000000, 1.000000000000000000 ) ) ;
#4344 = AXIS2_PLACEMENT_3D ( 'NONE', #2702, #3515, #2215 ) ;
#4345 = VERTEX_POINT ( 'NONE', #2610 ) ;
#4346 = ORIENTED_EDGE ( 'NONE', *, *, #5988, .F. ) ;
#4347 = AXIS2_PLACEMENT_3D ( 'NONE', #2645, #5078, #1724 ) ;
#4348 = VERTEX_POINT ( 'NONE', #295 ) ;
#4349 = VERTEX_POINT ( 'NONE', #2175 ) ;
#4350 = CARTESIAN_POINT ( 'NONE',  ( -14.17500000000000071, -1.089999999999997637, -0.9600000000000001865 ) ) ;
#4351 = CARTESIAN_POINT ( 'NONE',  ( -12.47500000000000142, -0.7399999999999984368, -1.135000000000000231 ) ) ;
#4352 = ORIENTED_EDGE ( 'NONE', *, *, #4398, .T. ) ;
#4353 = ORIENTED_EDGE ( 'NONE', *, *, #1964, .F. ) ;
#4354 = CARTESIAN_POINT ( 'NONE',  ( -9.993470079441459930, -0.6530577941862262259, -1.135000000000000231 ) ) ;
#4355 = PLANE ( 'NONE',  #2277 ) ;
#4356 = CARTESIAN_POINT ( 'NONE',  ( -13.82858983848622536, 0.9899999999999984368, -0.9600000000000001865 ) ) ;
#4357 = CARTESIAN_POINT ( 'NONE',  ( -13.57858983848622536, 0.9899999999999984368, -1.135000000000000231 ) ) ;
#4358 = FACE_OUTER_BOUND ( 'NONE', #2148, .T. ) ;
#4359 = VERTEX_POINT ( 'NONE', #1357 ) ;
#4360 = ORIENTED_EDGE ( 'NONE', *, *, #5590, .T. ) ;
#4361 = DIRECTION ( 'NONE',  ( 0.000000000000000000, 0.000000000000000000, 1.000000000000000000 ) ) ;
#4362 = CARTESIAN_POINT ( 'NONE',  ( -14.17500000000000071, -0.8750000000000000000, -0.9800000000000000933 ) ) ;
#4363 = DIRECTION ( 'NONE',  ( 1.000000000000000000, -0.000000000000000000, 0.000000000000000000 ) ) ;
#4364 = LINE ( 'NONE', #581, #305 ) ;
#4365 = EDGE_CURVE ( 'NONE', #569, #4891, #2750, .T. ) ;
#4366 = CIRCLE ( 'NONE', #179, 0.2500000000000000000 ) ;
#4367 = EDGE_CURVE ( 'NONE', #776, #2141, #4045, .T. ) ;
#4368 = CYLINDRICAL_SURFACE ( 'NONE', #5894, 0.2500000000000000000 ) ;
#4369 = CARTESIAN_POINT ( 'NONE',  ( -11.82500000000000107, 0.7399999999999976596, -0.9600000000000001865 ) ) ;
#4370 = CYLINDRICAL_SURFACE ( 'NONE', #4758, 0.09999999999999964473 ) ;
#4371 = EDGE_LOOP ( 'NONE', ( #3813, #5522, #1661, #256 ) ) ;
#4372 = ORIENTED_EDGE ( 'NONE', *, *, #4558, .F. ) ;
#4373 = EDGE_CURVE ( 'NONE', #3001, #503, #2664, .T. ) ;
#4374 = VERTEX_POINT ( 'NONE', #1747 ) ;
#4375 = ORIENTED_EDGE ( 'NONE', *, *, #664, .F. ) ;
#4376 = CYLINDRICAL_SURFACE ( 'NONE', #1156, 0.2500000000000000000 ) ;
#4377 = DIRECTION ( 'NONE',  ( -0.000000000000000000, 0.000000000000000000, 1.000000000000000000 ) ) ;
#4378 = VECTOR ( 'NONE', #5099, 1.000000000000000000 ) ;
#4379 = ORIENTED_EDGE ( 'NONE', *, *, #1753, .F. ) ;
#4380 = CARTESIAN_POINT ( 'NONE',  ( -1.700000000000000622, 0.9899999999999984368, -1.135000000000000231 ) ) ;
#4381 = ORIENTED_EDGE ( 'NONE', *, *, #990, .T. ) ;
#4382 = DIRECTION ( 'NONE',  ( -0.000000000000000000, 1.000000000000000000, -0.000000000000000000 ) ) ;
#4383 = CARTESIAN_POINT ( 'NONE',  ( -7.934375000000004619, -0.9899999999999999911, -0.9600000000000007416 ) ) ;
#4384 = AXIS2_PLACEMENT_3D ( 'NONE', #5121, #5084, #3269 ) ;
#4385 = DIRECTION ( 'NONE',  ( 1.000000000000000000, 7.401486830834376525E-17, 1.776356839400250465E-14 ) ) ;
#4386 = DIRECTION ( 'NONE',  ( 1.000000000000000000, 0.000000000000000000, 0.000000000000000000 ) ) ;
#4387 = ORIENTED_EDGE ( 'NONE', *, *, #1718, .F. ) ;
#4388 = VERTEX_POINT ( 'NONE', #2294 ) ;
#4389 = DIRECTION ( 'NONE',  ( 0.000000000000000000, 0.000000000000000000, -1.000000000000000000 ) ) ;
#4390 = DIRECTION ( 'NONE',  ( 1.000000000000000000, 0.000000000000000000, 0.000000000000000000 ) ) ;
#4391 = DIRECTION ( 'NONE',  ( -1.000000000000000000, -0.000000000000000000, -0.000000000000000000 ) ) ;
#4393 = VECTOR ( 'NONE', #2810, 1.000000000000000000 ) ;
#4392 = LINE ( 'NONE', #93, #195 ) ;
#4394 = CARTESIAN_POINT ( 'NONE',  ( -4.618749999999996803, 0.7399999999999981037, -3.423488475815656962 ) ) ;
#4395 = EDGE_LOOP ( 'NONE', ( #466, #5308 ) ) ;
#4396 = LINE ( 'NONE', #3053, #5449 ) ;
#4397 = CARTESIAN_POINT ( 'NONE',  ( -1.950000000000000622, 1.189999999999998392, -0.9600000000000001865 ) ) ;
#4398 = EDGE_CURVE ( 'NONE', #5424, #128, #6009, .T. ) ;
#4399 = ORIENTED_EDGE ( 'NONE', *, *, #1193, .T. ) ;
#4400 = ORIENTED_EDGE ( 'NONE', *, *, #4937, .F. ) ;
#4401 = ORIENTED_EDGE ( 'NONE', *, *, #5793, .T. ) ;
#4402 = ORIENTED_EDGE ( 'NONE', *, *, #2991, .T. ) ;
#4403 = CARTESIAN_POINT ( 'NONE',  ( -13.82858983848622536, -0.3418139511719356927, -0.9600000000000001865 ) ) ;
#4404 = PLANE ( 'NONE',  #4182 ) ;
#4405 = ORIENTED_EDGE ( 'NONE', *, *, #142, .F. ) ;
#4406 = CIRCLE ( 'NONE', #1379, 0.09999999999999964473 ) ;
#4407 = EDGE_CURVE ( 'NONE', #504, #5976, #378, .T. ) ;
#4408 = DIRECTION ( 'NONE',  ( -1.000000000000000000, -0.000000000000000000, -0.000000000000000000 ) ) ;
#4409 = ORIENTED_EDGE ( 'NONE', *, *, #1171, .T. ) ;
#4410 = EDGE_CURVE ( 'NONE', #5633, #2543, #1259, .T. ) ;
#4411 = EDGE_CURVE ( 'NONE', #3944, #1291, #4162, .T. ) ;
#4412 = CARTESIAN_POINT ( 'NONE',  ( -0.3464101615137744616, 0.7399999999999984368, -1.135000000000000231 ) ) ;
#4413 = DIRECTION ( 'NONE',  ( -1.483886295880788311E-16, 1.000000000000000000, -0.000000000000000000 ) ) ;
#4414 = CARTESIAN_POINT ( 'NONE',  ( -12.22500000000000142, 0.8999999999999999112, -0.9100000000000001421 ) ) ;
#4415 = CARTESIAN_POINT ( 'NONE',  ( 0.000000000000000000, 0.000000000000000000, -1.135000000000000231 ) ) ;
#4416 = VERTEX_POINT ( 'NONE', #2723 ) ;
#4417 = EDGE_LOOP ( 'NONE', ( #48, #1460, #900, #3712 ) ) ;
#4418 = CARTESIAN_POINT ( 'NONE',  ( -5.190624999999995381, -0.7399999999999994360, -1.135000000000000231 ) ) ;
#4419 = CARTESIAN_POINT ( 'NONE',  ( -14.17500000000000071, -1.190000000000001057, -0.9600000000000001865 ) ) ;
#4420 = LINE ( 'NONE', #4453, #3362 ) ;
#4421 = DIRECTION ( 'NONE',  ( 0.000000000000000000, 0.000000000000000000, 1.000000000000000000 ) ) ;
#4422 = CIRCLE ( 'NONE', #3637, 6.000000000000000000 ) ;
#4423 = CARTESIAN_POINT ( 'NONE',  ( -2.350000000000000533, -0.3896561633456276930, -0.9600000000000001865 ) ) ;
#4424 = CARTESIAN_POINT ( 'NONE',  ( -10.82500000000000107, 1.189999999999998392, -0.9600000000000001865 ) ) ;
#4425 = AXIS2_PLACEMENT_3D ( 'NONE', #2347, #3304, #5152 ) ;
#4426 = ORIENTED_EDGE ( 'NONE', *, *, #4336, .T. ) ;
#4427 = EDGE_CURVE ( 'NONE', #5336, #2362, #1737, .T. ) ;
#4428 = EDGE_CURVE ( 'NONE', #3882, #300, #3589, .T. ) ;
#4429 = VECTOR ( 'NONE', #3383, 1.000000000000000000 ) ;
#4430 = ORIENTED_EDGE ( 'NONE', *, *, #1120, .F. ) ;
#4431 = VECTOR ( 'NONE', #330, 1.000000000000000000 ) ;
#4432 = VERTEX_POINT ( 'NONE', #4534 ) ;
#4433 = ORIENTED_EDGE ( 'NONE', *, *, #709, .F. ) ;
#4434 = CARTESIAN_POINT ( 'NONE',  ( -0.3464101615137744616, 0.7399999999999984368, -1.135000000000000231 ) ) ;
#4435 = CARTESIAN_POINT ( 'NONE',  ( -1.950000000000000622, 1.189999999999998392, -0.9600000000000001865 ) ) ;
#4436 = AXIS2_PLACEMENT_3D ( 'NONE', #3085, #4941, #4023 ) ;
#4437 = AXIS2_PLACEMENT_3D ( 'NONE', #2146, #5436, #1721 ) ;
#4438 = AXIS2_PLACEMENT_3D ( 'NONE', #730, #5780, #3871 ) ;
#4439 = ORIENTED_EDGE ( 'NONE', *, *, #5309, .T. ) ;
#4440 = DIRECTION ( 'NONE',  ( 1.000000000000000000, 0.000000000000000000, 0.000000000000000000 ) ) ;
#4441 = VERTEX_POINT ( 'NONE', #5435 ) ;
#4442 = DIRECTION ( 'NONE',  ( -0.000000000000000000, 0.000000000000000000, 1.000000000000000000 ) ) ;
#4443 = EDGE_CURVE ( 'NONE', #2635, #3335, #1834, .T. ) ;
#4444 = CARTESIAN_POINT ( 'NONE',  ( -3.921569072607348883, -1.089999999999998082, -0.9607596123493884477 ) ) ;
#4445 = DIRECTION ( 'NONE',  ( -1.432545838226008708E-17, 1.000000000000000000, -0.000000000000000000 ) ) ;
#4446 = VERTEX_POINT ( 'NONE', #3672 ) ;
#4447 = ORIENTED_EDGE ( 'NONE', *, *, #2255, .T. ) ;
#4448 = VERTEX_POINT ( 'NONE', #4102 ) ;
#4449 = UNCERTAINTY_MEASURE_WITH_UNIT (LENGTH_MEASURE( 1.000000000000000082E-05 ), #5072, 'distance_accuracy_value', 'NONE');
#4450 = FACE_BOUND ( 'NONE', #5132, .T. ) ;
#4451 = PLANE ( 'NONE',  #5402 ) ;
#4452 = DIRECTION ( 'NONE',  ( 0.000000000000000000, 0.000000000000000000, 1.000000000000000000 ) ) ;
#4453 = CARTESIAN_POINT ( 'NONE',  ( -5.990624999999996092, -0.7399999999999995470, -3.423488475815656962 ) ) ;
#4454 = FACE_OUTER_BOUND ( 'NONE', #2632, .T. ) ;
#4455 = DIRECTION ( 'NONE',  ( 1.000000000000000000, 0.000000000000000000, 0.000000000000000000 ) ) ;
#4456 = DIRECTION ( 'NONE',  ( 0.000000000000000000, -0.000000000000000000, -1.000000000000000000 ) ) ;
#4457 = VERTEX_POINT ( 'NONE', #3707 ) ;
#4458 = AXIS2_PLACEMENT_3D ( 'NONE', #144, #5290, #3012 ) ;
#4459 = CIRCLE ( 'NONE', #562, 0.07999999999999996003 ) ;
#4460 = ORIENTED_EDGE ( 'NONE', *, *, #805, .T. ) ;
#4461 = AXIS2_PLACEMENT_3D ( 'NONE', #2143, #4928, #5944 ) ;
#4462 = ORIENTED_EDGE ( 'NONE', *, *, #5038, .T. ) ;
#4463 = VECTOR ( 'NONE', #3517, 1.000000000000000000 ) ;
#4464 = ORIENTED_EDGE ( 'NONE', *, *, #5298, .F. ) ;
#4465 = DIRECTION ( 'NONE',  ( -0.000000000000000000, 0.000000000000000000, -1.000000000000000000 ) ) ;
#4466 = LINE ( 'NONE', #1652, #966 ) ;
#4467 = EDGE_CURVE ( 'NONE', #2609, #1291, #897, .T. ) ;
#4468 = EDGE_LOOP ( 'NONE', ( #3095, #3013, #2169, #4936 ) ) ;
#4469 = CARTESIAN_POINT ( 'NONE',  ( -13.82858983848622536, -0.7399999999999984368, -1.135000000000000231 ) ) ;
#4470 = ORIENTED_EDGE ( 'NONE', *, *, #632, .F. ) ;
#4471 = LINE ( 'NONE', #723, #3468 ) ;
#4472 = CARTESIAN_POINT ( 'NONE',  ( -9.556250000000003908, -0.7399999999999997691, -0.9600000000000001865 ) ) ;
#4473 = CARTESIAN_POINT ( 'NONE',  ( -3.921569072607348438, -5.431508564030775865, -0.9607596123493884477 ) ) ;
#4474 = EDGE_CURVE ( 'NONE', #4002, #3689, #5947, .T. ) ;
#4475 = CIRCLE ( 'NONE', #1829, 0.1000000000000000888 ) ;
#4476 = ORIENTED_EDGE ( 'NONE', *, *, #4100, .F. ) ;
#4477 = EDGE_CURVE ( 'NONE', #3922, #4772, #4475, .T. ) ;
#4478 = VERTEX_POINT ( 'NONE', #5073 ) ;
#4479 = LINE ( 'NONE', #1665, #3082 ) ;
#4480 = VECTOR ( 'NONE', #2500, 1.000000000000000000 ) ;
#4481 = LINE ( 'NONE', #5844, #5786 ) ;
#4482 = LINE ( 'NONE', #2673, #3370 ) ;
#4483 = DIRECTION ( 'NONE',  ( 0.000000000000000000, -1.000000000000000000, 0.000000000000000000 ) ) ;
#4484 = PLANE ( 'NONE',  #3684 ) ;
#4485 = EDGE_CURVE ( 'NONE', #5232, #5795, #3248, .T. ) ;
#4486 = CIRCLE ( 'NONE', #201, 5.900000000000000355 ) ;
#4487 = EDGE_CURVE ( 'NONE', #5280, #4884, #772, .T. ) ;
#4488 = LINE ( 'NONE', #5906, #2344 ) ;
#4489 = CARTESIAN_POINT ( 'NONE',  ( -11.82500000000000107, -0.8000000000000000444, -0.9100000000000001421 ) ) ;
#4490 = EDGE_CURVE ( 'NONE', #5794, #1940, #5529, .T. ) ;
#4491 = VERTEX_POINT ( 'NONE', #837 ) ;
#4492 = VECTOR ( 'NONE', #1732, 1.000000000000000000 ) ;
#4493 = VERTEX_POINT ( 'NONE', #2693 ) ;
#4494 = VERTEX_POINT ( 'NONE', #1769 ) ;
#4495 = DIRECTION ( 'NONE',  ( 1.000000000000000000, 0.000000000000000000, -0.000000000000000000 ) ) ;
#4496 = ORIENTED_EDGE ( 'NONE', *, *, #292, .F. ) ;
#4497 = ADVANCED_FACE ( 'NONE', ( #5488 ), #5977, .T. ) ;
#4498 = ORIENTED_EDGE ( 'NONE', *, *, #4597, .T. ) ;
#4499 = DIRECTION ( 'NONE',  ( -1.000000000000000000, 0.000000000000000000, 0.000000000000000000 ) ) ;
#4500 = ORIENTED_EDGE ( 'NONE', *, *, #4338, .F. ) ;
#4502 = DIRECTION ( 'NONE',  ( -0.9281522335464009732, 0.3722007944145567238, 0.000000000000000000 ) ) ;
#4501 = FACE_OUTER_BOUND ( 'NONE', #4371, .T. ) ;
#4503 = CARTESIAN_POINT ( 'NONE',  ( -2.350000000000000533, -0.8000000000000000444, -0.9100000000000001421 ) ) ;
#4504 = DIRECTION ( 'NONE',  ( 0.000000000000000000, -1.000000000000000000, -0.000000000000000000 ) ) ;
#4505 = EDGE_LOOP ( 'NONE', ( #969, #4186, #3607, #1784 ) ) ;
#4506 = VECTOR ( 'NONE', #1505, 1.000000000000000000 ) ;
#4507 = EDGE_CURVE ( 'NONE', #3465, #1458, #4778, .T. ) ;
#4508 = ORIENTED_EDGE ( 'NONE', *, *, #4862, .T. ) ;
#4509 = EDGE_CURVE ( 'NONE', #4677, #3146, #5679, .T. ) ;
#4510 = DIRECTION ( 'NONE',  ( -1.432545838226008708E-17, -1.000000000000000000, 0.000000000000000000 ) ) ;
#4511 = CYLINDRICAL_SURFACE ( 'NONE', #4925, 0.2500000000000000000 ) ;
#4512 = CARTESIAN_POINT ( 'NONE',  ( -13.82858983848622536, 0.3418139511719356927, -1.135000000000000231 ) ) ;
#4513 = LINE ( 'NONE', #160, #5025 ) ;
#4514 = DIRECTION ( 'NONE',  ( 0.000000000000000000, -0.000000000000000000, -1.000000000000000000 ) ) ;
#4515 = LINE ( 'NONE', #5933, #3977 ) ;
#4516 = FACE_OUTER_BOUND ( 'NONE', #5493, .T. ) ;
#4517 = EDGE_CURVE ( 'NONE', #971, #3077, #4651, .T. ) ;
#4518 = LINE ( 'NONE', #336, #1781 ) ;
#4519 = ORIENTED_EDGE ( 'NONE', *, *, #452, .T. ) ;
#4520 = AXIS2_PLACEMENT_3D ( 'NONE', #2243, #4172, #4719 ) ;
#4521 = EDGE_CURVE ( 'NONE', #3200, #3797, #4180, .T. ) ;
#4522 = CIRCLE ( 'NONE', #4909, 0.2500000000000000000 ) ;
#4523 = VERTEX_POINT ( 'NONE', #132 ) ;
#4524 = CARTESIAN_POINT ( 'NONE',  ( -9.956250000000004263, 0.5602425708315850184, -3.423488475815656962 ) ) ;
#4525 = CYLINDRICAL_SURFACE ( 'NONE', #5394, 0.1499999999999999112 ) ;
#4526 = ORIENTED_EDGE ( 'NONE', *, *, #4477, .T. ) ;
#4527 = VECTOR ( 'NONE', #820, 1.000000000000000000 ) ;
#4528 = ORIENTED_EDGE ( 'NONE', *, *, #6012, .T. ) ;
#4529 = CIRCLE ( 'NONE', #636, 5.900000000000000355 ) ;
#4530 = AXIS2_PLACEMENT_3D ( 'NONE', #3564, #5374, #3923 ) ;
#4531 = CARTESIAN_POINT ( 'NONE',  ( -14.76368599666425929, 0.8750000000000000000, -1.060000000000000053 ) ) ;
#4532 = VERTEX_POINT ( 'NONE', #1415 ) ;
#4534 = CARTESIAN_POINT ( 'NONE',  ( -5.576316527040902749, 1.189999999999998392, -0.7600000000000010081 ) ) ;
#4533 =( NAMED_UNIT ( * ) PLANE_ANGLE_UNIT ( ) SI_UNIT ( $, .RADIAN. ) );
#4535 = AXIS2_PLACEMENT_3D ( 'NONE', #2054, #3590, #667 ) ;
#4536 = CARTESIAN_POINT ( 'NONE',  ( -10.24474851850930790, 1.089999999999998082, -1.009999999999998233 ) ) ;
#4537 = DIRECTION ( 'NONE',  ( -1.432545838226008708E-17, 1.000000000000000000, -0.000000000000000000 ) ) ;
#4538 = ORIENTED_EDGE ( 'NONE', *, *, #3211, .T. ) ;
#4539 = ORIENTED_EDGE ( 'NONE', *, *, #6, .T. ) ;
#4540 = EDGE_CURVE ( 'NONE', #3043, #1958, #1455, .T. ) ;
#4541 = DIRECTION ( 'NONE',  ( 0.000000000000000000, -0.000000000000000000, -1.000000000000000000 ) ) ;
#4542 = CARTESIAN_POINT ( 'NONE',  ( -14.17500000000000071, 0.8750000000000000000, -1.060000000000000053 ) ) ;
#4543 = FACE_OUTER_BOUND ( 'NONE', #3954, .T. ) ;
#4544 = LINE ( 'NONE', #2960, #2984 ) ;
#4545 = CYLINDRICAL_SURFACE ( 'NONE', #2571, 0.2500000000000000000 ) ;
#4546 = LINE ( 'NONE', #3625, #2613 ) ;
#4547 = EDGE_CURVE ( 'NONE', #2230, #4814, #1928, .T. ) ;
#4548 = CARTESIAN_POINT ( 'NONE',  ( -0.4464101615137745505, -0.2418139511719357149, -1.135000000000000231 ) ) ;
#4549 = DIRECTION ( 'NONE',  ( -1.000000000000000000, 0.000000000000000000, 0.000000000000000000 ) ) ;
#4550 = EDGE_CURVE ( 'NONE', #4532, #3762, #5650, .T. ) ;
#4551 = EDGE_CURVE ( 'NONE', #4814, #2915, #5340, .T. ) ;
#4552 = ORIENTED_EDGE ( 'NONE', *, *, #2885, .T. ) ;
#4553 = CARTESIAN_POINT ( 'NONE',  ( -8.734375000000005329, -0.9899999999999991029, -1.135000000000000231 ) ) ;
#4554 = CARTESIAN_POINT ( 'NONE',  ( -12.22500000000000142, 0.2000000000000000111, -0.8250000000000000666 ) ) ;
#4555 = AXIS2_PLACEMENT_3D ( 'NONE', #4473, #297, #2147 ) ;
#4556 = CIRCLE ( 'NONE', #4759, 0.07999999999999996003 ) ;
#4557 = VERTEX_POINT ( 'NONE', #43 ) ;
#4558 = EDGE_CURVE ( 'NONE', #3066, #3387, #2225, .T. ) ;
#4559 = ORIENTED_EDGE ( 'NONE', *, *, #4883, .F. ) ;
#4560 = VECTOR ( 'NONE', #2955, 1.000000000000000000 ) ;
#4561 = CARTESIAN_POINT ( 'NONE',  ( -3.930251481490694587, -5.431508564030775865, -1.009999999999999121 ) ) ;
#4562 = ORIENTED_EDGE ( 'NONE', *, *, #259, .F. ) ;
#4564 = DIRECTION ( 'NONE',  ( 1.000000000000000000, 0.000000000000000000, 0.000000000000000000 ) ) ;
#4563 = DIRECTION ( 'NONE',  ( 0.000000000000000000, 0.000000000000000000, 1.000000000000000000 ) ) ;
#4565 = LINE ( 'NONE', #408, #4628 ) ;
#4566 = CARTESIAN_POINT ( 'NONE',  ( -7.362500000000006040, 0.9899999999999984368, -0.9600000000000001865 ) ) ;
#4567 = VECTOR ( 'NONE', #1934, 1.000000000000000000 ) ;
#4568 = ORIENTED_EDGE ( 'NONE', *, *, #3777, .F. ) ;
#4569 = ORIENTED_EDGE ( 'NONE', *, *, #4612, .F. ) ;
#4570 = DIRECTION ( 'NONE',  ( 0.000000000000000000, 0.000000000000000000, -1.000000000000000000 ) ) ;
#4571 = FACE_OUTER_BOUND ( 'NONE', #3123, .T. ) ;
#4572 = DIRECTION ( 'NONE',  ( 0.000000000000000000, -0.000000000000000000, -1.000000000000000000 ) ) ;
#4573 = LINE ( 'NONE', #5023, #1119 ) ;
#4574 = DIRECTION ( 'NONE',  ( -2.453693674745796445E-16, 0.000000000000000000, -1.000000000000000000 ) ) ;
#4575 = AXIS2_PLACEMENT_3D ( 'NONE', #2940, #2105, #1621 ) ;
#4576 = ORIENTED_EDGE ( 'NONE', *, *, #805, .F. ) ;
#4577 = CARTESIAN_POINT ( 'NONE',  ( -9.856250000000004619, -0.5602425708315861286, -0.9600000000000001865 ) ) ;
#4578 = DIRECTION ( 'NONE',  ( 0.000000000000000000, 0.000000000000000000, 1.000000000000000000 ) ) ;
#4579 = LINE ( 'NONE', #5505, #3065 ) ;
#4580 = VECTOR ( 'NONE', #4872, 1.000000000000000222 ) ;
#4581 = EDGE_CURVE ( 'NONE', #5484, #504, #3892, .T. ) ;
#4582 = EDGE_CURVE ( 'NONE', #5105, #860, #3017, .T. ) ;
#4583 = ORIENTED_EDGE ( 'NONE', *, *, #2616, .F. ) ;
#4584 = LINE ( 'NONE', #398, #3905 ) ;
#4585 = CARTESIAN_POINT ( 'NONE',  ( -12.47500000000000142, -0.9899999999999984368, -3.423488475815656962 ) ) ;
#4586 = AXIS2_PLACEMENT_3D ( 'NONE', #5875, #2653, #2192 ) ;
#4587 = EDGE_LOOP ( 'NONE', ( #712, #4052, #5453, #5129 ) ) ;
#4588 = VERTEX_POINT ( 'NONE', #1865 ) ;
#4589 = DIRECTION ( 'NONE',  ( 0.000000000000000000, -1.000000000000000000, 0.000000000000000000 ) ) ;
#4590 = ORIENTED_EDGE ( 'NONE', *, *, #1610, .T. ) ;
#4591 = CARTESIAN_POINT ( 'NONE',  ( -9.623207721193939079, 1.189999999999998170, -0.8496342572279647065 ) ) ;
#4592 = DIRECTION ( 'NONE',  ( 1.000000000000000000, 0.000000000000000000, -0.000000000000000000 ) ) ;
#4593 = DIRECTION ( 'NONE',  ( 1.000000000000000000, 1.879742687196032133E-16, 0.000000000000000000 ) ) ;
#4594 = ORIENTED_EDGE ( 'NONE', *, *, #3192, .T. ) ;
#4595 = EDGE_CURVE ( 'NONE', #5889, #2950, #3406, .T. ) ;
#4596 = VERTEX_POINT ( 'NONE', #5196 ) ;
#4597 = EDGE_CURVE ( 'NONE', #1949, #1940, #1991, .T. ) ;
#4598 = EDGE_CURVE ( 'NONE', #895, #4604, #2426, .T. ) ;
#4599 = DIRECTION ( 'NONE',  ( -0.000000000000000000, 0.000000000000000000, 1.000000000000000000 ) ) ;
#4600 = LINE ( 'NONE', #3259, #5301 ) ;
#4601 = LINE ( 'NONE', #5172, #5873 ) ;
#4602 = FACE_OUTER_BOUND ( 'NONE', #2372, .T. ) ;
#4603 = CARTESIAN_POINT ( 'NONE',  ( -4.047454448600417365, 0.9225146718258738776, -3.423488475815656962 ) ) ;
#4604 = VERTEX_POINT ( 'NONE', #2788 ) ;
#4605 = CARTESIAN_POINT ( 'NONE',  ( -14.79499999999999993, -0.8750000000000000000, -1.209999999999999964 ) ) ;
#4606 = DIRECTION ( 'NONE',  ( -1.000000000000000000, 0.000000000000000000, 0.000000000000000000 ) ) ;
#4607 = CARTESIAN_POINT ( 'NONE',  ( -4.868749999999996803, 0.7399999999999981037, -1.135000000000000231 ) ) ;
#4608 = ORIENTED_EDGE ( 'NONE', *, *, #1096, .T. ) ;
#4609 = LINE ( 'NONE', #3117, #1494 ) ;
#4610 = CARTESIAN_POINT ( 'NONE',  ( -11.72500000000000142, -0.3896561633456271934, 0.000000000000000000 ) ) ;
#4611 = ADVANCED_FACE ( 'NONE', ( #1960 ), #2326, .F. ) ;
#4612 = EDGE_CURVE ( 'NONE', #757, #5219, #3827, .T. ) ;
#4613 = VECTOR ( 'NONE', #507, 1.000000000000000000 ) ;
#4614 = ORIENTED_EDGE ( 'NONE', *, *, #3968, .T. ) ;
#4615 = ORIENTED_EDGE ( 'NONE', *, *, #1352, .T. ) ;
#4616 = LINE ( 'NONE', #103, #315 ) ;
#4617 = ORIENTED_EDGE ( 'NONE', *, *, #4133, .F. ) ;
#4618 = LINE ( 'NONE', #5195, #640 ) ;
#4620 = CARTESIAN_POINT ( 'NONE',  ( -14.76368599666425929, 0.8750000000000000000, -1.060000000000000053 ) ) ;
#4619 = DIRECTION ( 'NONE',  ( 0.000000000000000000, -0.000000000000000000, -1.000000000000000000 ) ) ;
#4621 = FACE_BOUND ( 'NONE', #3907, .T. ) ;
#4622 = CARTESIAN_POINT ( 'NONE',  ( -2.350000000000000533, 1.189999999999998392, -0.9600000000000001865 ) ) ;
#4623 = VECTOR ( 'NONE', #177, 1.000000000000000000 ) ;
#4624 = AXIS2_PLACEMENT_3D ( 'NONE', #1372, #1004, #550 ) ;
#4625 = ORIENTED_EDGE ( 'NONE', *, *, #4931, .F. ) ;
#4626 = ORIENTED_EDGE ( 'NONE', *, *, #5691, .F. ) ;
#4627 = VECTOR ( 'NONE', #1026, 1.000000000000000000 ) ;
#4628 = VECTOR ( 'NONE', #2207, 1.000000000000000000 ) ;
#4629 = PLANE ( 'NONE',  #1794 ) ;
#4630 = ADVANCED_FACE ( 'NONE', ( #5229 ), #593, .T. ) ;
#4631 = CIRCLE ( 'NONE', #1700, 0.2500000000000000000 ) ;
#4632 = LINE ( 'NONE', #5929, #4138 ) ;
#4633 = CARTESIAN_POINT ( 'NONE',  ( -11.82499999999999929, 0.2418139511719357149, -0.9600000000000001865 ) ) ;
#4634 = DIRECTION ( 'NONE',  ( 0.000000000000000000, 0.000000000000000000, 1.000000000000000000 ) ) ;
#4635 = CARTESIAN_POINT ( 'NONE',  ( 2.959189170475275602E-16, 0.9899999999999984368, -0.9600000000000022959 ) ) ;
#4636 = AXIS2_PLACEMENT_3D ( 'NONE', #5419, #818, #1251 ) ;
#4637 = AXIS2_PLACEMENT_3D ( 'NONE', #4940, #1694, #760 ) ;
#4638 = AXIS2_PLACEMENT_3D ( 'NONE', #4903, #3046, #5723 ) ;
#4639 = VERTEX_POINT ( 'NONE', #4922 ) ;
#4640 = DIRECTION ( 'NONE',  ( 0.000000000000000000, 0.000000000000000000, -1.000000000000000000 ) ) ;
#4641 = DIRECTION ( 'NONE',  ( -1.000000000000000000, 0.000000000000000000, 0.000000000000000000 ) ) ;
#4642 = PLANE ( 'NONE',  #5206 ) ;
#4643 = ORIENTED_EDGE ( 'NONE', *, *, #3333, .T. ) ;
#4644 = DIRECTION ( 'NONE',  ( 1.000000000000000000, 0.000000000000000000, 0.000000000000000000 ) ) ;
#4645 = DIRECTION ( 'NONE',  ( 0.000000000000000000, -0.000000000000000000, -1.000000000000000000 ) ) ;
#4646 = VERTEX_POINT ( 'NONE', #5339 ) ;
#4647 = VERTEX_POINT ( 'NONE', #3438 ) ;
#4648 = CARTESIAN_POINT ( 'NONE',  ( -4.868749999999996803, 0.7399999999999981037, -0.9600000000000001865 ) ) ;
#4649 = ORIENTED_EDGE ( 'NONE', *, *, #7, .F. ) ;
#4650 = CARTESIAN_POINT ( 'NONE',  ( 0.000000000000000000, 0.000000000000000000, -0.9600000000000001865 ) ) ;
#4651 = LINE ( 'NONE', #2882, #1646 ) ;
#4652 = CARTESIAN_POINT ( 'NONE',  ( -9.306250000000003908, -0.7400000000000002132, -0.9600000000000001865 ) ) ;
#4653 = DIRECTION ( 'NONE',  ( -0.000000000000000000, 0.000000000000000000, 1.000000000000000000 ) ) ;
#4654 = ORIENTED_EDGE ( 'NONE', *, *, #1337, .F. ) ;
#4655 = VECTOR ( 'NONE', #2305, 1.000000000000000000 ) ;
#4656 = EDGE_LOOP ( 'NONE', ( #4528, #1861 ) ) ;
#4657 = DIRECTION ( 'NONE',  ( -0.000000000000000000, 0.000000000000000000, 1.000000000000000000 ) ) ;
#4658 = DIRECTION ( 'NONE',  ( 0.000000000000000000, -1.000000000000000000, 0.000000000000000000 ) ) ;
#4659 = LINE ( 'NONE', #1454, #5887 ) ;
#4660 = EDGE_CURVE ( 'NONE', #511, #4432, #2514, .T. ) ;
#4661 = DIRECTION ( 'NONE',  ( -1.000000000000000000, 0.000000000000000000, 0.000000000000000000 ) ) ;
#4662 = DIRECTION ( 'NONE',  ( -1.000000000000000000, -6.265808957320107111E-17, 1.930822651522010828E-16 ) ) ;
#4663 = ORIENTED_EDGE ( 'NONE', *, *, #2583, .F. ) ;
#4664 = ORIENTED_EDGE ( 'NONE', *, *, #3763, .F. ) ;
#4665 = CARTESIAN_POINT ( 'NONE',  ( -2.600000000000001421, 0.7399999999999983258, -1.135000000000000231 ) ) ;
#4666 = DIRECTION ( 'NONE',  ( 0.000000000000000000, -0.000000000000000000, -1.000000000000000000 ) ) ;
#4667 = CARTESIAN_POINT ( 'NONE',  ( -0.4464101615137744394, 0.3418139511719356927, -0.9599999999999999645 ) ) ;
#4668 = LINE ( 'NONE', #885, #2275 ) ;
#4669 = ADVANCED_FACE ( 'NONE', ( #2601 ), #5829, .T. ) ;
#4670 = VECTOR ( 'NONE', #3379, 1.000000000000000000 ) ;
#4671 = EDGE_CURVE ( 'NONE', #1157, #4832, #4466, .T. ) ;
#4672 = EDGE_CURVE ( 'NONE', #2198, #3571, #3947, .T. ) ;
#4673 = VERTEX_POINT ( 'NONE', #1680 ) ;
#4674 = AXIS2_PLACEMENT_3D ( 'NONE', #2008, #548, #1944 ) ;
#4675 = CARTESIAN_POINT ( 'NONE',  ( 0.000000000000000000, 0.8750000000000000000, -0.9100000000000001421 ) ) ;
#4676 = DIRECTION ( 'NONE',  ( 1.000000000000000000, 0.000000000000000000, 0.000000000000000000 ) ) ;
#4677 = VERTEX_POINT ( 'NONE', #659 ) ;
#4678 = ORIENTED_EDGE ( 'NONE', *, *, #3798, .F. ) ;
#4679 = CARTESIAN_POINT ( 'NONE',  ( -2.350000000000000533, -0.2000000000000000111, -0.8250000000000000666 ) ) ;
#4680 = ORIENTED_EDGE ( 'NONE', *, *, #3216, .T. ) ;
#4681 = VECTOR ( 'NONE', #2011, 1.000000000000000000 ) ;
#4682 = DIRECTION ( 'NONE',  ( 0.000000000000000000, 0.9901138386947148096, -0.1402661271484180183 ) ) ;
#4683 = CARTESIAN_POINT ( 'NONE',  ( 0.000000000000000000, 0.000000000000000000, -1.135000000000000231 ) ) ;
#4684 = PLANE ( 'NONE',  #341 ) ;
#4685 = CARTESIAN_POINT ( 'NONE',  ( -11.82500000000000107, -0.8999999999999999112, -0.9100000000000001421 ) ) ;
#4686 = EDGE_CURVE ( 'NONE', #1098, #4772, #3889, .T. ) ;
#4687 = ORIENTED_EDGE ( 'NONE', *, *, #753, .T. ) ;
#4688 = VERTEX_POINT ( 'NONE', #1112 ) ;
#4689 = LINE ( 'NONE', #476, #2998 ) ;
#4690 = DIRECTION ( 'NONE',  ( 1.000000000000000000, 0.000000000000000000, -4.040691778796104450E-16 ) ) ;
#4691 = DIRECTION ( 'NONE',  ( 0.000000000000000000, 0.000000000000000000, -1.000000000000000000 ) ) ;
#4692 = LINE ( 'NONE', #5718, #1314 ) ;
#4693 = DIRECTION ( 'NONE',  ( -1.000000000000000000, 0.000000000000000000, -0.000000000000000000 ) ) ;
#4694 = EDGE_CURVE ( 'NONE', #40, #4279, #2541, .T. ) ;
#4695 = ORIENTED_EDGE ( 'NONE', *, *, #4367, .T. ) ;
#4696 = ORIENTED_EDGE ( 'NONE', *, *, #2254, .T. ) ;
#4697 = DIRECTION ( 'NONE',  ( -1.000000000000000000, -6.265808957320107111E-17, -0.000000000000000000 ) ) ;
#4698 = DIRECTION ( 'NONE',  ( 0.000000000000000000, -0.000000000000000000, -1.000000000000000000 ) ) ;
#4699 = LINE ( 'NONE', #1911, #1178 ) ;
#4700 = CARTESIAN_POINT ( 'NONE',  ( -9.306250000000003908, -0.9899999999999991029, -1.135000000000000231 ) ) ;
#4701 = AXIS2_PLACEMENT_3D ( 'NONE', #4665, #4299, #1972 ) ;
#4702 = VERTEX_POINT ( 'NONE', #4866 ) ;
#4703 = LINE ( 'NONE', #1402, #4974 ) ;
#4704 = DIRECTION ( 'NONE',  ( 0.000000000000000000, -0.000000000000000000, 1.000000000000000000 ) ) ;
#4705 = EDGE_CURVE ( 'NONE', #2041, #1413, #2020, .T. ) ;
#4706 = ORIENTED_EDGE ( 'NONE', *, *, #1612, .T. ) ;
#4707 = ORIENTED_EDGE ( 'NONE', *, *, #3967, .F. ) ;
#4708 = DIRECTION ( 'NONE',  ( -0.000000000000000000, 0.000000000000000000, 1.000000000000000000 ) ) ;
#4709 = VERTEX_POINT ( 'NONE', #4893 ) ;
#4710 = DIRECTION ( 'NONE',  ( 1.000000000000000000, -0.000000000000000000, -0.000000000000000000 ) ) ;
#4711 = DIRECTION ( 'NONE',  ( -6.265808957320107111E-17, 1.000000000000000000, -0.000000000000000000 ) ) ;
#4712 = CARTESIAN_POINT ( 'NONE',  ( -4.034427420795907437, 0.9899999999999982148, -0.9600000000000001865 ) ) ;
#4713 = VERTEX_POINT ( 'NONE', #5369 ) ;
#4714 = VECTOR ( 'NONE', #2594, 1.000000000000000000 ) ;
#4715 = EDGE_LOOP ( 'NONE', ( #727, #267, #6005, #3435 ) ) ;
#4716 = VECTOR ( 'NONE', #5803, 1.000000000000000000 ) ;
#4717 = CARTESIAN_POINT ( 'NONE',  ( -5.576316527040906301, 1.189999999999998392, -6.660000000000000142 ) ) ;
#4718 = LINE ( 'NONE', #540, #3561 ) ;
#4719 = DIRECTION ( 'NONE',  ( -1.000000000000000000, 0.000000000000000000, 1.406570332511357463E-16 ) ) ;
#4720 = COLOUR_RGB ( '',0.7921568627450980005, 0.8196078431372548767, 0.9333333333333333481 ) ;
#4721 = CARTESIAN_POINT ( 'NONE',  ( -2.350000000000000533, 0.7399999999999983258, -0.9600000000000001865 ) ) ;
#4722 = DIRECTION ( 'NONE',  ( 0.000000000000000000, -0.9901138386947149206, 0.1402661271484180461 ) ) ;
#4723 = ADVANCED_FACE ( 'NONE', ( #748 ), #2482, .F. ) ;
#4724 = ORIENTED_EDGE ( 'NONE', *, *, #2764, .T. ) ;
#4725 = VECTOR ( 'NONE', #5989, 1.000000000000000000 ) ;
#4726 = ORIENTED_EDGE ( 'NONE', *, *, #4073, .F. ) ;
#4727 = CARTESIAN_POINT ( 'NONE',  ( -10.24474851850930790, -1.089999999999998082, -1.059999999999998277 ) ) ;
#4728 = CIRCLE ( 'NONE', #3948, 0.1499999999999999112 ) ;
#4729 = CARTESIAN_POINT ( 'NONE',  ( -9.306250000000003908, 0.7399999999999977707, -3.423488475815656962 ) ) ;
#4730 = CARTESIAN_POINT ( 'NONE',  ( 0.000000000000000000, 0.000000000000000000, -1.135000000000000231 ) ) ;
#4731 = FACE_OUTER_BOUND ( 'NONE', #5853, .T. ) ;
#4732 = AXIS2_PLACEMENT_3D ( 'NONE', #1667, #732, #1218 ) ;
#4733 = CIRCLE ( 'NONE', #5703, 0.2500000000000000000 ) ;
#4734 = EDGE_CURVE ( 'NONE', #728, #3781, #2432, .T. ) ;
#4735 = ORIENTED_EDGE ( 'NONE', *, *, #5477, .F. ) ;
#4736 = CARTESIAN_POINT ( 'NONE',  ( -14.17500000000000071, 0.8750000000000000000, -1.060000000000000053 ) ) ;
#4737 = CARTESIAN_POINT ( 'NONE',  ( -2.914659381970696644E-16, 1.189999999999998392, -0.9600000000000001865 ) ) ;
#4738 = EDGE_CURVE ( 'NONE', #1595, #2049, #5797, .T. ) ;
#4739 = ORIENTED_EDGE ( 'NONE', *, *, #3844, .F. ) ;
#4740 = EDGE_CURVE ( 'NONE', #1958, #815, #2139, .T. ) ;
#4741 = ORIENTED_EDGE ( 'NONE', *, *, #721, .T. ) ;
#4742 = ORIENTED_EDGE ( 'NONE', *, *, #1808, .T. ) ;
#4743 = CARTESIAN_POINT ( 'NONE',  ( -5.576316527040902749, -1.189999999999998392, -0.7600000000000010081 ) ) ;
#4744 = ORIENTED_EDGE ( 'NONE', *, *, #5039, .F. ) ;
#4745 = CARTESIAN_POINT ( 'NONE',  ( -12.47500000000000142, 0.7399999999999984368, -1.135000000000000231 ) ) ;
#4746 = CARTESIAN_POINT ( 'NONE',  ( -7.934375000000004619, -0.7399999999999998801, -0.9600000000000001865 ) ) ;
#4747 = CARTESIAN_POINT ( 'NONE',  ( -1.850000000000000533, 0.2418139511719357149, -0.9599999999999999645 ) ) ;
#4748 = ADVANCED_FACE ( 'NONE', ( #5859 ), #5282, .F. ) ;
#4749 = ORIENTED_EDGE ( 'NONE', *, *, #4021, .F. ) ;
#4750 = ORIENTED_EDGE ( 'NONE', *, *, #2884, .T. ) ;
#4751 = EDGE_CURVE ( 'NONE', #1419, #3158, #290, .T. ) ;
#4752 = DIRECTION ( 'NONE',  ( -1.000000000000000000, -0.000000000000000000, -0.000000000000000000 ) ) ;
#4753 = DIRECTION ( 'NONE',  ( 0.000000000000000000, -1.000000000000000000, 0.000000000000000000 ) ) ;
#4754 = DIRECTION ( 'NONE',  ( 0.000000000000000000, 0.000000000000000000, 1.000000000000000000 ) ) ;
#4755 = DIRECTION ( 'NONE',  ( 0.9281522335464009732, -0.3722007944145567238, -0.000000000000000000 ) ) ;
#4756 = LINE ( 'NONE', #2892, #4948 ) ;
#4757 = VECTOR ( 'NONE', #4015, 1.000000000000000000 ) ;
#4758 = AXIS2_PLACEMENT_3D ( 'NONE', #5789, #162, #4800 ) ;
#4759 = AXIS2_PLACEMENT_3D ( 'NONE', #2888, #4752, #4197 ) ;
#4760 = VERTEX_POINT ( 'NONE', #1568 ) ;
#4761 = ORIENTED_EDGE ( 'NONE', *, *, #2542, .T. ) ;
#4762 = CIRCLE ( 'NONE', #2117, 0.05000000000000071054 ) ;
#4763 = DIRECTION ( 'NONE',  ( -6.271695431234129858E-16, -1.000000000000000000, 0.000000000000000000 ) ) ;
#4764 = DIRECTION ( 'NONE',  ( 1.000000000000000000, -1.483886295880788311E-16, 0.000000000000000000 ) ) ;
#4765 = CARTESIAN_POINT ( 'NONE',  ( -1.950000000000000622, -0.2000000000000000111, -0.8250000000000000666 ) ) ;
#4766 = FACE_OUTER_BOUND ( 'NONE', #1110, .T. ) ;
#4767 = EDGE_CURVE ( 'NONE', #3710, #5191, #4835, .T. ) ;
#4768 = ORIENTED_EDGE ( 'NONE', *, *, #2132, .F. ) ;
#4769 = CYLINDRICAL_SURFACE ( 'NONE', #4289, 0.2500000000000000000 ) ;
#4770 = DIRECTION ( 'NONE',  ( -0.000000000000000000, 0.000000000000000000, 1.000000000000000000 ) ) ;
#4771 = ORIENTED_EDGE ( 'NONE', *, *, #4054, .T. ) ;
#4772 = VERTEX_POINT ( 'NONE', #1591 ) ;
#4773 = ADVANCED_FACE ( 'NONE', ( #3467 ), #4404, .T. ) ;
#4774 = ADVANCED_FACE ( 'NONE', ( #3659 ), #1910, .T. ) ;
#4775 = VECTOR ( 'NONE', #1204, 1.000000000000000000 ) ;
#4776 = EDGE_LOOP ( 'NONE', ( #2615, #746, #2029, #2655, #5199, #2507 ) ) ;
#4777 = CARTESIAN_POINT ( 'NONE',  ( 0.5886859966642593589, 0.000000000000000000, -1.060000000000000053 ) ) ;
#4778 = LINE ( 'NONE', #1017, #3311 ) ;
#4779 = ORIENTED_EDGE ( 'NONE', *, *, #4972, .T. ) ;
#4780 = ORIENTED_EDGE ( 'NONE', *, *, #3546, .T. ) ;
#4781 = VECTOR ( 'NONE', #5332, 1.000000000000000000 ) ;
#4782 = LINE ( 'NONE', #3472, #1147 ) ;
#4783 = DIRECTION ( 'NONE',  ( 1.000000000000000000, 0.000000000000000000, 0.000000000000000000 ) ) ;
#4784 = LINE ( 'NONE', #2947, #2173 ) ;
#4785 = CARTESIAN_POINT ( 'NONE',  ( -9.959258274702738944, -0.9899999999999993250, -0.9600000000000001865 ) ) ;
#4786 = CARTESIAN_POINT ( 'NONE',  ( -14.17500000000000071, -1.190000000000001057, -0.9600000000000001865 ) ) ;
#4787 = VECTOR ( 'NONE', #4851, 1.000000000000000000 ) ;
#4788 = EDGE_CURVE ( 'NONE', #3559, #58, #1557, .T. ) ;
#4789 = EDGE_CURVE ( 'NONE', #5117, #3550, #5928, .T. ) ;
#4790 = ADVANCED_FACE ( 'NONE', ( #3201 ), #2804, .F. ) ;
#4791 = ORIENTED_EDGE ( 'NONE', *, *, #2914, .F. ) ;
#4792 = ORIENTED_EDGE ( 'NONE', *, *, #1933, .F. ) ;
#4793 = DIRECTION ( 'NONE',  ( -0.000000000000000000, 0.000000000000000000, 1.000000000000000000 ) ) ;
#4794 = CYLINDRICAL_SURFACE ( 'NONE', #2867, 0.1000000000000000888 ) ;
#4795 = DIRECTION ( 'NONE',  ( 0.000000000000000000, -1.000000000000000000, 0.000000000000000000 ) ) ;
#4796 = LINE ( 'NONE', #1525, #3783 ) ;
#4797 = VECTOR ( 'NONE', #5642, 1.000000000000000000 ) ;
#4798 = DIRECTION ( 'NONE',  ( 1.000000000000000000, 5.551115123125782702E-17, 0.000000000000000000 ) ) ;
#4799 = DIRECTION ( 'NONE',  ( 0.000000000000000000, 0.000000000000000000, 1.000000000000000000 ) ) ;
#4800 = DIRECTION ( 'NONE',  ( 1.000000000000000000, 0.000000000000000000, 0.000000000000000000 ) ) ;
#4801 = ORIENTED_EDGE ( 'NONE', *, *, #4132, .T. ) ;
#4802 = ORIENTED_EDGE ( 'NONE', *, *, #5996, .F. ) ;
#4803 = EDGE_LOOP ( 'NONE', ( #3187, #5611, #1322, #3327 ) ) ;
#4804 = CARTESIAN_POINT ( 'NONE',  ( -11.82500000000000107, 0.7399999999999976596, -0.9600000000000001865 ) ) ;
#4805 = DIRECTION ( 'NONE',  ( 0.000000000000000000, -0.000000000000000000, 1.000000000000000000 ) ) ;
#4806 = VERTEX_POINT ( 'NONE', #1849 ) ;
#4807 = ORIENTED_EDGE ( 'NONE', *, *, #3526, .F. ) ;
#4808 = CARTESIAN_POINT ( 'NONE',  ( 0.000000000000000000, 0.000000000000000000, -1.135000000000000231 ) ) ;
#4809 = LINE ( 'NONE', #1965, #4429 ) ;
#4810 = FACE_OUTER_BOUND ( 'NONE', #30, .T. ) ;
#4811 = DIRECTION ( 'NONE',  ( 0.000000000000000000, 1.000000000000000000, 0.000000000000000000 ) ) ;
#4812 = FACE_OUTER_BOUND ( 'NONE', #749, .T. ) ;
#4813 = VECTOR ( 'NONE', #2431, 1.000000000000000000 ) ;
#4814 = VERTEX_POINT ( 'NONE', #5566 ) ;
#4815 = ORIENTED_EDGE ( 'NONE', *, *, #5125, .T. ) ;
#4816 = PRESENTATION_LAYER_ASSIGNMENT (  '', '', ( #2077 ) ) ;
#4817 = DIRECTION ( 'NONE',  ( -0.000000000000000000, -0.000000000000000000, -1.000000000000000000 ) ) ;
#4818 = CARTESIAN_POINT ( 'NONE',  ( -10.14057257920408261, -0.9900000000000003242, -1.135000000000000231 ) ) ;
#4819 = CYLINDRICAL_SURFACE ( 'NONE', #4674, 0.2500000000000000000 ) ;
#4820 = CYLINDRICAL_SURFACE ( 'NONE', #3400, 0.1499999999999999112 ) ;
#4821 = VECTOR ( 'NONE', #1425, 1.000000000000000000 ) ;
#4822 = VECTOR ( 'NONE', #2168, 1.000000000000000000 ) ;
#4823 = VECTOR ( 'NONE', #2214, 1.000000000000000000 ) ;
#4824 = AXIS2_PLACEMENT_3D ( 'NONE', #4652, #5948, #5461 ) ;
#4825 = CARTESIAN_POINT ( 'NONE',  ( -1.950000000000000622, -1.189999999999998392, -0.9600000000000001865 ) ) ;
#4826 = DIRECTION ( 'NONE',  ( 0.000000000000000000, 1.000000000000000000, 0.000000000000000000 ) ) ;
#4827 = LINE ( 'NONE', #2473, #3493 ) ;
#4828 = AXIS2_PLACEMENT_3D ( 'NONE', #5468, #1726, #3622 ) ;
#4829 = ORIENTED_EDGE ( 'NONE', *, *, #4411, .T. ) ;
#4830 = EDGE_LOOP ( 'NONE', ( #1942, #1647, #118, #1065, #2371, #3116, #3104, #5631 ) ) ;
#4831 = VECTOR ( 'NONE', #5323, 1.000000000000000000 ) ;
#4832 = VERTEX_POINT ( 'NONE', #2375 ) ;
#4833 = VERTEX_POINT ( 'NONE', #27 ) ;
#4834 = DIRECTION ( 'NONE',  ( 0.000000000000000000, -0.000000000000000000, -1.000000000000000000 ) ) ;
#4835 = LINE ( 'NONE', #198, #1264 ) ;
#4836 = ORIENTED_EDGE ( 'NONE', *, *, #5542, .T. ) ;
#4837 = CARTESIAN_POINT ( 'NONE',  ( -14.17500000000000071, -1.190000000000001057, -0.9600000000000001865 ) ) ;
#4838 = VERTEX_POINT ( 'NONE', #1370 ) ;
#4839 = DIRECTION ( 'NONE',  ( 0.000000000000000000, 0.000000000000000000, -1.000000000000000000 ) ) ;
#4840 = DIRECTION ( 'NONE',  ( 1.000000000000000000, -0.000000000000000000, 0.000000000000000000 ) ) ;
#4841 = CARTESIAN_POINT ( 'NONE',  ( -8.598683472959091745, 1.189999999999997948, -6.660000000000000142 ) ) ;
#4842 = CARTESIAN_POINT ( 'NONE',  ( 0.000000000000000000, 0.000000000000000000, -1.135000000000000231 ) ) ;
#4843 = ORIENTED_EDGE ( 'NONE', *, *, #5403, .F. ) ;
#4844 = EDGE_LOOP ( 'NONE', ( #2696, #3861, #3612, #4097 ) ) ;
#4845 = EDGE_CURVE ( 'NONE', #943, #5886, #3416, .T. ) ;
#4846 = DIRECTION ( 'NONE',  ( 6.265808957320107111E-17, -1.000000000000000000, 0.000000000000000000 ) ) ;
#4847 = CARTESIAN_POINT ( 'NONE',  ( -6.562499999999994671, 0.7399999999999979927, -1.135000000000000231 ) ) ;
#4848 = DIRECTION ( 'NONE',  ( 0.000000000000000000, -0.000000000000000000, -1.000000000000000000 ) ) ;
#4849 = VECTOR ( 'NONE', #4504, 1.000000000000000000 ) ;
#4850 = PLANE ( 'NONE',  #1020 ) ;
#4851 = DIRECTION ( 'NONE',  ( 0.000000000000000000, -1.000000000000000000, 0.000000000000000000 ) ) ;
#4852 = AXIS2_PLACEMENT_3D ( 'NONE', #318, #2720, #834 ) ;
#4853 = VECTOR ( 'NONE', #3386, 1.000000000000000000 ) ;
#4854 = CARTESIAN_POINT ( 'NONE',  ( -13.57858983848622536, -0.9899999999999984368, -0.9600000000000001865 ) ) ;
#4856 = CIRCLE ( 'NONE', #5626, 5.900000000000000355 ) ;
#4855 = DIRECTION ( 'NONE',  ( 0.000000000000000000, -0.000000000000000000, 1.000000000000000000 ) ) ;
#4857 = DIRECTION ( 'NONE',  ( 0.000000000000000000, 0.000000000000000000, 1.000000000000000000 ) ) ;
#4858 = ORIENTED_EDGE ( 'NONE', *, *, #4740, .T. ) ;
#4859 = ADVANCED_FACE ( 'NONE', ( #1310 ), #853, .F. ) ;
#4860 = ORIENTED_EDGE ( 'NONE', *, *, #721, .F. ) ;
#4861 = EDGE_CURVE ( 'NONE', #5260, #1114, #514, .T. ) ;
#4862 = EDGE_CURVE ( 'NONE', #4416, #5610, #5255, .T. ) ;
#4863 = ORIENTED_EDGE ( 'NONE', *, *, #2395, .T. ) ;
#4864 = ORIENTED_EDGE ( 'NONE', *, *, #489, .F. ) ;
#4865 = DIRECTION ( 'NONE',  ( -1.000000000000000000, 0.000000000000000000, -0.000000000000000000 ) ) ;
#4866 = CARTESIAN_POINT ( 'NONE',  ( -12.22500000000000142, 0.8999999999999999112, -0.9100000000000001421 ) ) ;
#4867 = VECTOR ( 'NONE', #1476, 1.000000000000000000 ) ;
#4868 = ORIENTED_EDGE ( 'NONE', *, *, #1715, .F. ) ;
#4869 = CARTESIAN_POINT ( 'NONE',  ( -10.30804291515398496, 0.9899999999999977707, -0.8688465180732563020 ) ) ;
#4870 = ORIENTED_EDGE ( 'NONE', *, *, #1054, .T. ) ;
#4871 = DIRECTION ( 'NONE',  ( 1.000000000000000000, -0.000000000000000000, -0.000000000000000000 ) ) ;
#4872 = DIRECTION ( 'NONE',  ( 0.000000000000000000, -0.9854601157443477755, 0.1699069165076472210 ) ) ;
#4873 = AXIS2_PLACEMENT_3D ( 'NONE', #5531, #4666, #487 ) ;
#4874 = DIRECTION ( 'NONE',  ( -1.000000000000000000, -1.850371707708594563E-16, 0.000000000000000000 ) ) ;
#4875 = DIRECTION ( 'NONE',  ( -1.879742687196032133E-16, 1.000000000000000000, 0.000000000000000000 ) ) ;
#4876 = EDGE_LOOP ( 'NONE', ( #594, #5600, #1838, #2170 ) ) ;
#4877 = ORIENTED_EDGE ( 'NONE', *, *, #4581, .F. ) ;
#4878 = CARTESIAN_POINT ( 'NONE',  ( -7.612500000000006040, -0.7399999999999997691, -3.423488475815656962 ) ) ;
#4879 = DIRECTION ( 'NONE',  ( -0.000000000000000000, 0.000000000000000000, 1.000000000000000000 ) ) ;
#4881 = VECTOR ( 'NONE', #1854, 1.000000000000000000 ) ;
#4880 = DIRECTION ( 'NONE',  ( 6.265808957320107111E-17, 1.000000000000000000, 0.000000000000000000 ) ) ;
#4882 = DIRECTION ( 'NONE',  ( -1.000000000000000000, 0.000000000000000000, -0.000000000000000000 ) ) ;
#4883 = EDGE_CURVE ( 'NONE', #5105, #4432, #3302, .T. ) ;
#4884 = VERTEX_POINT ( 'NONE', #4205 ) ;
#4885 = LINE ( 'NONE', #5361, #5163 ) ;
#4886 = LINE ( 'NONE', #4397, #5816 ) ;
#4887 = ORIENTED_EDGE ( 'NONE', *, *, #3877, .F. ) ;
#4888 = VERTEX_POINT ( 'NONE', #883 ) ;
#4889 = VERTEX_POINT ( 'NONE', #911 ) ;
#4890 = EDGE_CURVE ( 'NONE', #4493, #1011, #1459, .T. ) ;
#4891 = VERTEX_POINT ( 'NONE', #4577 ) ;
#4892 = FACE_OUTER_BOUND ( 'NONE', #5427, .T. ) ;
#4893 = CARTESIAN_POINT ( 'NONE',  ( -13.82858983848622536, 0.7399999999999984368, -0.9600000000000001865 ) ) ;
#4894 = EDGE_LOOP ( 'NONE', ( #3347, #5341, #3491, #5162 ) ) ;
#4895 = AXIS2_PLACEMENT_3D ( 'NONE', #5544, #2847, #3704 ) ;
#4896 = DIRECTION ( 'NONE',  ( -1.432545838226008708E-17, -1.000000000000000000, 0.000000000000000000 ) ) ;
#4897 = ORIENTED_EDGE ( 'NONE', *, *, #5116, .T. ) ;
#4898 = DIRECTION ( 'NONE',  ( 0.000000000000000000, 0.000000000000000000, 1.000000000000000000 ) ) ;
#4899 = DIRECTION ( 'NONE',  ( -0.9848077530122093526, -6.170617240062188643E-17, 0.1736481776669237809 ) ) ;
#4900 = CARTESIAN_POINT ( 'NONE',  ( -12.22500000000000142, 1.189999999999998392, -0.9600000000000001865 ) ) ;
#4901 = ORIENTED_EDGE ( 'NONE', *, *, #2616, .T. ) ;
#4902 = VERTEX_POINT ( 'NONE', #455 ) ;
#4903 = CARTESIAN_POINT ( 'NONE',  ( -11.72500000000000142, 0.3896561633456295248, -3.423488475815656962 ) ) ;
#4904 = LINE ( 'NONE', #4818, #2565 ) ;
#4905 = DIRECTION ( 'NONE',  ( 0.000000000000000000, -0.000000000000000000, -1.000000000000000000 ) ) ;
#4906 = FACE_OUTER_BOUND ( 'NONE', #3380, .T. ) ;
#4907 = DIRECTION ( 'NONE',  ( 0.000000000000000000, 0.000000000000000000, 1.000000000000000000 ) ) ;
#4908 = CIRCLE ( 'NONE', #1307, 0.05000000000000026645 ) ;
#4909 = AXIS2_PLACEMENT_3D ( 'NONE', #1579, #2988, #154 ) ;
#4910 = CARTESIAN_POINT ( 'NONE',  ( -10.25343092739265494, 1.189999999999998170, -0.9607596123493876705 ) ) ;
#4911 = DIRECTION ( 'NONE',  ( 0.000000000000000000, -0.000000000000000000, -1.000000000000000000 ) ) ;
#4912 = VECTOR ( 'NONE', #4795, 1.000000000000000000 ) ;
#4913 = ADVANCED_FACE ( 'NONE', ( #393 ), #4116, .F. ) ;
#4914 = CIRCLE ( 'NONE', #5967, 0.1000000000000000888 ) ;
#4915 = ORIENTED_EDGE ( 'NONE', *, *, #223, .T. ) ;
#4916 = CIRCLE ( 'NONE', #2769, 0.1499999999999999112 ) ;
#4917 = EDGE_LOOP ( 'NONE', ( #3442, #2909 ) ) ;
#4918 = ORIENTED_EDGE ( 'NONE', *, *, #4517, .F. ) ;
#4919 = ADVANCED_FACE ( 'NONE', ( #2310 ), #6024, .T. ) ;
#4920 = ORIENTED_EDGE ( 'NONE', *, *, #589, .F. ) ;
#4921 = CARTESIAN_POINT ( 'NONE',  ( -1.605777457314146439E-15, -0.9899999999999984368, -0.6600000000000023626 ) ) ;
#4922 = CARTESIAN_POINT ( 'NONE',  ( -6.812499999999994671, -0.7399999999999997691, -0.9600000000000001865 ) ) ;
#4923 = VECTOR ( 'NONE', #5101, 1.000000000000000000 ) ;
#4924 = EDGE_CURVE ( 'NONE', #3381, #4298, #6022, .T. ) ;
#4925 = AXIS2_PLACEMENT_3D ( 'NONE', #675, #2527, #3084 ) ;
#4926 = VECTOR ( 'NONE', #1130, 1.000000000000000000 ) ;
#4927 = VERTEX_POINT ( 'NONE', #4605 ) ;
#4928 = DIRECTION ( 'NONE',  ( -1.879742687196032133E-16, 1.000000000000000000, 0.000000000000000000 ) ) ;
#4929 = VERTEX_POINT ( 'NONE', #421 ) ;
#4930 = CARTESIAN_POINT ( 'NONE',  ( -4.034427420795914543, -0.9549999999999991829, -1.135000000000000231 ) ) ;
#4931 = EDGE_CURVE ( 'NONE', #1443, #4494, #4090, .T. ) ;
#4932 = CARTESIAN_POINT ( 'NONE',  ( -5.576316527040906301, -0.9899999999999995470, -6.660000000000000142 ) ) ;
#4933 = DIRECTION ( 'NONE',  ( -1.432545838226008708E-17, -1.000000000000000000, 0.000000000000000000 ) ) ;
#4934 = VERTEX_POINT ( 'NONE', #2442 ) ;
#4935 = EDGE_CURVE ( 'NONE', #1293, #3372, #4392, .T. ) ;
#4936 = ORIENTED_EDGE ( 'NONE', *, *, #2583, .T. ) ;
#4937 = EDGE_CURVE ( 'NONE', #3404, #5644, #2032, .T. ) ;
#4938 = ORIENTED_EDGE ( 'NONE', *, *, #2782, .T. ) ;
#4939 = CARTESIAN_POINT ( 'NONE',  ( -11.82499999999999929, -0.9899999999999991029, -1.135000000000000231 ) ) ;
#4940 = CARTESIAN_POINT ( 'NONE',  ( -4.034427420795914543, -0.9549999999999991829, -0.9600000000000001865 ) ) ;
#4941 = DIRECTION ( 'NONE',  ( 0.000000000000000000, -0.000000000000000000, -1.000000000000000000 ) ) ;
#4942 = CARTESIAN_POINT ( 'NONE',  ( -0.4464101615137745505, 0.2418139511719357149, -1.135000000000000231 ) ) ;
#4943 = CARTESIAN_POINT ( 'NONE',  ( -12.47500000000000142, 0.9899999999999984368, -0.9600000000000001865 ) ) ;
#4944 = FACE_OUTER_BOUND ( 'NONE', #2793, .T. ) ;
#4945 = LINE ( 'NONE', #4489, #5963 ) ;
#4946 = ADVANCED_FACE ( 'NONE', ( #3453 ), #4819, .F. ) ;
#4947 = ORIENTED_EDGE ( 'NONE', *, *, #4427, .T. ) ;
#4948 = VECTOR ( 'NONE', #5320, 1.000000000000000000 ) ;
#4949 = ORIENTED_EDGE ( 'NONE', *, *, #5536, .F. ) ;
#4950 = AXIS2_PLACEMENT_3D ( 'NONE', #3921, #3894, #5285 ) ;
#4951 = ORIENTED_EDGE ( 'NONE', *, *, #517, .T. ) ;
#4952 = ADVANCED_FACE ( 'NONE', ( #5754 ), #1491, .F. ) ;
#4953 = ORIENTED_EDGE ( 'NONE', *, *, #795, .F. ) ;
#4954 = EDGE_CURVE ( 'NONE', #504, #3587, #5213, .T. ) ;
#4955 = EDGE_LOOP ( 'NONE', ( #5343, #5398 ) ) ;
#4956 = DIRECTION ( 'NONE',  ( -1.000000000000000000, 0.000000000000000000, 0.000000000000000000 ) ) ;
#4957 = ORIENTED_EDGE ( 'NONE', *, *, #5002, .F. ) ;
#4959 = CARTESIAN_POINT ( 'NONE',  ( -9.956250000000004263, 0.5602425708315850184, -0.9599999999999999645 ) ) ;
#4958 = DIRECTION ( 'NONE',  ( 1.483886295880788311E-16, 1.000000000000000000, 0.000000000000000000 ) ) ;
#4960 = LINE ( 'NONE', #1210, #2189 ) ;
#4961 = CARTESIAN_POINT ( 'NONE',  ( -11.82500000000000107, -0.2000000000000000111, -0.8250000000000000666 ) ) ;
#4962 = VECTOR ( 'NONE', #1327, 1.000000000000000000 ) ;
#4963 = EDGE_LOOP ( 'NONE', ( #2515, #586, #2150, #524 ) ) ;
#4964 = EDGE_CURVE ( 'NONE', #1362, #511, #5296, .T. ) ;
#4965 = LINE ( 'NONE', #4080, #3756 ) ;
#4966 = AXIS2_PLACEMENT_3D ( 'NONE', #2345, #5503, #1343 ) ;
#4967 = CARTESIAN_POINT ( 'NONE',  ( -2.825068018844486772, -1.189999999999998836, -0.9600000000000001865 ) ) ;
#4968 = CARTESIAN_POINT ( 'NONE',  ( -6.240624999999996092, 0.7399999999999979927, -0.9600000000000001865 ) ) ;
#4969 = CARTESIAN_POINT ( 'NONE',  ( -6.812499999999994671, -0.9899999999999997691, -1.135000000000000231 ) ) ;
#4970 = CARTESIAN_POINT ( 'NONE',  ( -2.600000000000000533, -0.7399999999999988809, -0.9600000000000001865 ) ) ;
#4971 = EDGE_CURVE ( 'NONE', #4478, #5889, #3114, .T. ) ;
#4972 = EDGE_CURVE ( 'NONE', #5586, #2538, #1133, .T. ) ;
#4973 = EDGE_CURVE ( 'NONE', #4709, #741, #484, .T. ) ;
#4974 = VECTOR ( 'NONE', #5187, 1.000000000000000000 ) ;
#4975 = DIRECTION ( 'NONE',  ( -0.000000000000000000, 0.000000000000000000, 1.000000000000000000 ) ) ;
#4976 = DIRECTION ( 'NONE',  ( -1.000000000000000000, -1.850371707708594316E-16, 2.486899575160350651E-14 ) ) ;
#4977 = VECTOR ( 'NONE', #1492, 1.000000000000000000 ) ;
#4978 = ORIENTED_EDGE ( 'NONE', *, *, #3426, .T. ) ;
#4979 = VERTEX_POINT ( 'NONE', #2468 ) ;
#4980 = CARTESIAN_POINT ( 'NONE',  ( -13.82858983848622536, -0.3418139511719356927, -1.135000000000000231 ) ) ;
#4981 = DIRECTION ( 'NONE',  ( 0.000000000000000000, 0.000000000000000000, 1.000000000000000000 ) ) ;
#4982 = ORIENTED_EDGE ( 'NONE', *, *, #2624, .T. ) ;
#4983 = ORIENTED_EDGE ( 'NONE', *, *, #3877, .T. ) ;
#4984 = CARTESIAN_POINT ( 'NONE',  ( -9.556250000000003908, 0.7399999999999978817, -0.9600000000000001865 ) ) ;
#4985 = ORIENTED_EDGE ( 'NONE', *, *, #1807, .F. ) ;
#4987 = CARTESIAN_POINT ( 'NONE',  ( -2.350000000000000533, -0.3896561633456276930, 0.000000000000000000 ) ) ;
#4986 = FILL_AREA_STYLE_COLOUR ( '', #4720 ) ;
#4988 = FACE_OUTER_BOUND ( 'NONE', #4963, .T. ) ;
#4989 = CARTESIAN_POINT ( 'NONE',  ( 0.000000000000000000, 0.000000000000000000, -0.9600000000000001865 ) ) ;
#4990 = EDGE_CURVE ( 'NONE', #860, #4557, #3329, .T. ) ;
#4991 = ORIENTED_EDGE ( 'NONE', *, *, #3643, .T. ) ;
#4992 = LINE ( 'NONE', #2181, #3375 ) ;
#4993 = EDGE_CURVE ( 'NONE', #78, #5623, #141, .T. ) ;
#4994 = CARTESIAN_POINT ( 'NONE',  ( -12.22500000000000142, 0.9899999999999984368, -0.9600000000000001865 ) ) ;
#4995 = LINE ( 'NONE', #4512, #1997 ) ;
#4996 = DIRECTION ( 'NONE',  ( -1.000000000000000000, 0.000000000000000000, 0.000000000000000000 ) ) ;
#4997 = DIRECTION ( 'NONE',  ( 0.000000000000000000, 0.000000000000000000, -1.000000000000000000 ) ) ;
#4998 = DIRECTION ( 'NONE',  ( 0.000000000000000000, -1.000000000000000000, 0.000000000000000000 ) ) ;
#4999 = ADVANCED_FACE ( 'NONE', ( #184 ), #4850, .T. ) ;
#5000 = DIRECTION ( 'NONE',  ( -1.000000000000000000, 0.000000000000000000, -0.000000000000000000 ) ) ;
#5001 = LINE ( 'NONE', #1645, #1499 ) ;
#5002 = EDGE_CURVE ( 'NONE', #1231, #1450, #3647, .T. ) ;
#5003 = AXIS2_PLACEMENT_3D ( 'NONE', #2628, #309, #5388 ) ;
#5004 = CIRCLE ( 'NONE', #1686, 0.07999999999999996003 ) ;
#5005 = ORIENTED_EDGE ( 'NONE', *, *, #1256, .F. ) ;
#5006 = CARTESIAN_POINT ( 'NONE',  ( -6.240624999999996092, 0.7399999999999979927, -0.9600000000000001865 ) ) ;
#5007 = VERTEX_POINT ( 'NONE', #4765 ) ;
#5008 = VECTOR ( 'NONE', #1968, 1.000000000000000000 ) ;
#5009 = ORIENTED_EDGE ( 'NONE', *, *, #5228, .F. ) ;
#5010 = CARTESIAN_POINT ( 'NONE',  ( -12.47500000000000142, -0.9899999999999984368, -1.135000000000000231 ) ) ;
#5011 = ORIENTED_EDGE ( 'NONE', *, *, #3199, .T. ) ;
#5013 = DIRECTION ( 'NONE',  ( 6.271695431234129858E-16, -1.000000000000000000, 0.000000000000000000 ) ) ;
#5012 = DIRECTION ( 'NONE',  ( 0.000000000000000000, -1.000000000000000000, 0.000000000000000000 ) ) ;
#5014 = AXIS2_PLACEMENT_3D ( 'NONE', #44, #327, #2987 ) ;
#5015 = CARTESIAN_POINT ( 'NONE',  ( -14.76368599666425929, -0.8750000000000000000, -1.060000000000000053 ) ) ;
#5016 = CARTESIAN_POINT ( 'NONE',  ( -13.57858983848622536, -0.7399999999999984368, -1.135000000000000231 ) ) ;
#5017 = ORIENTED_EDGE ( 'NONE', *, *, #1692, .F. ) ;
#5018 = ORIENTED_EDGE ( 'NONE', *, *, #1275, .F. ) ;
#5019 = CARTESIAN_POINT ( 'NONE',  ( -4.318749999999996092, 0.7080847830052794389, -3.423488475815656962 ) ) ;
#5020 = DIRECTION ( 'NONE',  ( 0.000000000000000000, 0.000000000000000000, -1.000000000000000000 ) ) ;
#5021 = CARTESIAN_POINT ( 'NONE',  ( 0.5886859966642593589, -0.8750000000000000000, -1.209999999999999964 ) ) ;
#5022 = DIRECTION ( 'NONE',  ( -0.000000000000000000, 0.000000000000000000, 1.000000000000000000 ) ) ;
#5023 = CARTESIAN_POINT ( 'NONE',  ( -1.950000000000000622, -1.189999999999998392, -0.9600000000000001865 ) ) ;
#5024 = CARTESIAN_POINT ( 'NONE',  ( -2.350000000000000533, 0.2000000000000000111, -0.8250000000000000666 ) ) ;
#5025 = VECTOR ( 'NONE', #819, 1.000000000000000000 ) ;
#5026 = ADVANCED_FACE ( 'NONE', ( #1002 ), #2529, .T. ) ;
#5027 = ORIENTED_EDGE ( 'NONE', *, *, #260, .T. ) ;
#5028 = DIRECTION ( 'NONE',  ( 1.000000000000000000, 0.000000000000000000, 0.000000000000000000 ) ) ;
#5029 = DIRECTION ( 'NONE',  ( 0.000000000000000000, -0.000000000000000000, 1.000000000000000000 ) ) ;
#5030 = CARTESIAN_POINT ( 'NONE',  ( -11.57500000000000107, 0.7399999999999976596, -0.9600000000000001865 ) ) ;
#5031 = EDGE_LOOP ( 'NONE', ( #670, #6007, #91, #4953 ) ) ;
#5032 = DIRECTION ( 'NONE',  ( 0.000000000000000000, 0.9854601157443477755, -0.1699069165076472210 ) ) ;
#5033 = LINE ( 'NONE', #862, #920 ) ;
#5034 = AXIS2_PLACEMENT_3D ( 'NONE', #3103, #782, #5137 ) ;
#5035 = VECTOR ( 'NONE', #3791, 1.000000000000000000 ) ;
#5036 = ADVANCED_FACE ( 'NONE', ( #123 ), #3842, .T. ) ;
#5037 = AXIS2_PLACEMENT_3D ( 'NONE', #4561, #3150, #4071 ) ;
#5038 = EDGE_CURVE ( 'NONE', #4646, #4639, #1070, .T. ) ;
#5039 = EDGE_CURVE ( 'NONE', #2566, #4448, #610, .T. ) ;
#5040 = ORIENTED_EDGE ( 'NONE', *, *, #5953, .T. ) ;
#5041 = EDGE_LOOP ( 'NONE', ( #3989, #3310, #4780, #3408 ) ) ;
#5042 = AXIS2_PLACEMENT_3D ( 'NONE', #4175, #3744, #2830 ) ;
#5043 = DIRECTION ( 'NONE',  ( -1.000000000000000000, 0.000000000000000000, 0.000000000000000000 ) ) ;
#5044 = ORIENTED_EDGE ( 'NONE', *, *, #628, .T. ) ;
#5045 = DIRECTION ( 'NONE',  ( 0.000000000000000000, 0.000000000000000000, 1.000000000000000000 ) ) ;
#5046 = CARTESIAN_POINT ( 'NONE',  ( -1.950000000000001066, -1.189999999999998836, -0.9600000000000001865 ) ) ;
#5047 = FACE_OUTER_BOUND ( 'NONE', #5292, .T. ) ;
#5048 = VECTOR ( 'NONE', #5556, 1.000000000000000000 ) ;
#5049 = ORIENTED_EDGE ( 'NONE', *, *, #5528, .F. ) ;
#5050 = CYLINDRICAL_SURFACE ( 'NONE', #542, 0.2500000000000000000 ) ;
#5051 = LINE ( 'NONE', #1755, #2188 ) ;
#5052 = DIRECTION ( 'NONE',  ( -0.1736481776669226984, 2.487589742322805819E-18, 0.9848077530122094636 ) ) ;
#5053 = CARTESIAN_POINT ( 'NONE',  ( -14.17500000000000071, -0.8750000000000000000, -0.9800000000000000933 ) ) ;
#5054 = CARTESIAN_POINT ( 'NONE',  ( 2.959189170475275602E-16, 0.9899999999999984368, -0.9600000000000022959 ) ) ;
#5055 = AXIS2_PLACEMENT_3D ( 'NONE', #3035, #3917, #4805 ) ;
#5056 = EDGE_LOOP ( 'NONE', ( #5694, #1657 ) ) ;
#5057 = EDGE_CURVE ( 'NONE', #5757, #1443, #2185, .T. ) ;
#5058 = EDGE_CURVE ( 'NONE', #3594, #4902, #1729, .T. ) ;
#5059 = CARTESIAN_POINT ( 'NONE',  ( -14.17500000000000071, 0.9899999999999975486, -0.9600000000000001865 ) ) ;
#5060 = DIRECTION ( 'NONE',  ( -0.000000000000000000, 0.000000000000000000, 1.000000000000000000 ) ) ;
#5061 = PLANE ( 'NONE',  #3846 ) ;
#5062 = AXIS2_PLACEMENT_3D ( 'NONE', #3173, #4975, #5849 ) ;
#5063 = VERTEX_POINT ( 'NONE', #3601 ) ;
#5064 = CARTESIAN_POINT ( 'NONE',  ( -9.640572538960633153, -0.9900000000000002132, -0.7511534819267441376 ) ) ;
#5065 = DIRECTION ( 'NONE',  ( 1.000000000000000000, 0.000000000000000000, 0.000000000000000000 ) ) ;
#5066 = ORIENTED_EDGE ( 'NONE', *, *, #3413, .F. ) ;
#5067 = EDGE_CURVE ( 'NONE', #325, #3821, #247, .T. ) ;
#5068 = EDGE_LOOP ( 'NONE', ( #5226, #3473, #11, #1685, #2202, #4938, #2184, #1420 ) ) ;
#5069 = LINE ( 'NONE', #6006, #3049 ) ;
#5070 = VERTEX_POINT ( 'NONE', #4942 ) ;
#5071 = AXIS2_PLACEMENT_3D ( 'NONE', #2318, #494, #5539 ) ;
#5073 = CARTESIAN_POINT ( 'NONE',  ( -13.82858983848622536, 0.3418139511719356927, -1.135000000000000231 ) ) ;
#5072 =( LENGTH_UNIT ( ) NAMED_UNIT ( * ) SI_UNIT ( $, .METRE. ) );
#5074 = FACE_OUTER_BOUND ( 'NONE', #2178, .T. ) ;
#5075 = DIRECTION ( 'NONE',  ( 1.000000000000000000, 0.000000000000000000, 0.000000000000000000 ) ) ;
#5076 = EDGE_LOOP ( 'NONE', ( #4918, #5537, #2204, #2659, #5579 ) ) ;
#5077 = ORIENTED_EDGE ( 'NONE', *, *, #4734, .F. ) ;
#5078 = DIRECTION ( 'NONE',  ( 0.000000000000000000, -0.000000000000000000, -1.000000000000000000 ) ) ;
#5079 = LINE ( 'NONE', #906, #2868 ) ;
#5080 = CARTESIAN_POINT ( 'NONE',  ( -4.215741725297261766, -0.9899999999999993250, -3.423488475815656962 ) ) ;
#5081 = CARTESIAN_POINT ( 'NONE',  ( -12.22500000000000142, -0.3418139511719356927, -1.135000000000000231 ) ) ;
#5082 = DIRECTION ( 'NONE',  ( 0.000000000000000000, 0.000000000000000000, -1.000000000000000000 ) ) ;
#5083 = EDGE_LOOP ( 'NONE', ( #3288, #4590, #523, #1235, #2524, #2397, #3057, #5799, #1648, #3679, #3553, #496, #319, #1021, #3297, #2983, #1690, #4779, #5897, #3792, #3534, #4982, #4680, #254, #5713, #1602, #68, #2236, #655, #1272, #1710, #2812 ) ) ;
#5084 = DIRECTION ( 'NONE',  ( -6.265808957320107111E-17, 1.000000000000000000, -0.000000000000000000 ) ) ;
#5085 = CARTESIAN_POINT ( 'NONE',  ( -8.984375000000005329, -0.9899999999999991029, -1.135000000000000231 ) ) ;
#5086 = DIRECTION ( 'NONE',  ( -1.000000000000000000, 0.000000000000000000, 0.000000000000000000 ) ) ;
#5087 = ORIENTED_EDGE ( 'NONE', *, *, #1741, .T. ) ;
#5088 = EDGE_CURVE ( 'NONE', #5794, #1795, #3135, .T. ) ;
#5089 = DIRECTION ( 'NONE',  ( 0.000000000000000000, 0.000000000000000000, 1.000000000000000000 ) ) ;
#5090 = DIRECTION ( 'NONE',  ( 0.000000000000000000, -1.000000000000000000, 0.000000000000000000 ) ) ;
#5091 = EDGE_LOOP ( 'NONE', ( #2951, #5517 ) ) ;
#5092 = ORIENTED_EDGE ( 'NONE', *, *, #4167, .T. ) ;
#5093 = EDGE_CURVE ( 'NONE', #5363, #420, #244, .T. ) ;
#5094 =( GEOMETRIC_REPRESENTATION_CONTEXT ( 3 ) GLOBAL_UNCERTAINTY_ASSIGNED_CONTEXT ( ( #4449 ) ) GLOBAL_UNIT_ASSIGNED_CONTEXT ( ( #5072, #3183, #1833 ) ) REPRESENTATION_CONTEXT ( 'NONE', 'WORKASPACE' ) );
#5095 = DIRECTION ( 'NONE',  ( 1.000000000000000000, 0.000000000000000000, 0.000000000000000000 ) ) ;
#5096 = ORIENTED_EDGE ( 'NONE', *, *, #186, .T. ) ;
#5097 = CARTESIAN_POINT ( 'NONE',  ( -14.17500000000000071, 1.189999999999997504, -0.9600000000000001865 ) ) ;
#5099 = DIRECTION ( 'NONE',  ( -0.000000000000000000, -0.000000000000000000, -1.000000000000000000 ) ) ;
#5098 = SURFACE_STYLE_FILL_AREA ( #5946 ) ;
#5100 = LINE ( 'NONE', #1270, #3754 ) ;
#5101 = DIRECTION ( 'NONE',  ( -0.000000000000000000, -0.000000000000000000, -1.000000000000000000 ) ) ;
#5102 = VECTOR ( 'NONE', #4634, 1.000000000000000000 ) ;
#5103 = ORIENTED_EDGE ( 'NONE', *, *, #4428, .F. ) ;
#5104 = VECTOR ( 'NONE', #4465, 1.000000000000000000 ) ;
#5105 = VERTEX_POINT ( 'NONE', #1641 ) ;
#5106 = CIRCLE ( 'NONE', #2385, 0.1499999999999999112 ) ;
#5107 = AXIS2_PLACEMENT_3D ( 'NONE', #3987, #3536, #5375 ) ;
#5108 = CARTESIAN_POINT ( 'NONE',  ( -7.934375000000004619, 0.9899999999999984368, -1.135000000000000231 ) ) ;
#5109 = AXIS2_PLACEMENT_3D ( 'NONE', #4650, #3766, #2358 ) ;
#5110 = LINE ( 'NONE', #3194, #1223 ) ;
#5111 = LINE ( 'NONE', #478, #4613 ) ;
#5112 = DIRECTION ( 'NONE',  ( 0.000000000000000000, 0.000000000000000000, 1.000000000000000000 ) ) ;
#5113 = DIRECTION ( 'NONE',  ( -1.432545838226008708E-17, 1.000000000000000000, -0.000000000000000000 ) ) ;
#5114 = VECTOR ( 'NONE', #3736, 1.000000000000000222 ) ;
#5115 = ADVANCED_FACE ( 'NONE', ( #1252 ), #3050, .F. ) ;
#5116 = EDGE_CURVE ( 'NONE', #40, #4889, #1608, .T. ) ;
#5117 = VERTEX_POINT ( 'NONE', #2675 ) ;
#5118 = AXIS2_PLACEMENT_3D ( 'NONE', #3451, #4846, #759 ) ;
#5119 = ORIENTED_EDGE ( 'NONE', *, *, #2152, .F. ) ;
#5120 = CARTESIAN_POINT ( 'NONE',  ( 0.000000000000000000, 0.000000000000000000, -0.9600000000000001865 ) ) ;
#5121 = CARTESIAN_POINT ( 'NONE',  ( -5.576316527040906301, 1.189999999999997948, -6.660000000000000142 ) ) ;
#5122 = LINE ( 'NONE', #2771, #1655 ) ;
#5123 = FACE_OUTER_BOUND ( 'NONE', #2502, .T. ) ;
#5124 = VECTOR ( 'NONE', #2010, 1.000000000000000000 ) ;
#5125 = EDGE_CURVE ( 'NONE', #2510, #2859, #2380, .T. ) ;
#5126 = VERTEX_POINT ( 'NONE', #4024 ) ;
#5127 = LINE ( 'NONE', #493, #4881 ) ;
#5128 = CARTESIAN_POINT ( 'NONE',  ( 0.6199999999999999956, 0.000000000000000000, -1.060000000000000053 ) ) ;
#5129 = ORIENTED_EDGE ( 'NONE', *, *, #2050, .T. ) ;
#5130 = ORIENTED_EDGE ( 'NONE', *, *, #3354, .F. ) ;
#5131 = CARTESIAN_POINT ( 'NONE',  ( -0.5964101615137744616, 0.7399999999999984368, -1.135000000000000231 ) ) ;
#5132 = EDGE_LOOP ( 'NONE', ( #4920, #191, #4562, #2088, #1806, #2844, #873, #2211, #5696 ) ) ;
#5133 = EDGE_CURVE ( 'NONE', #3043, #329, #5903, .T. ) ;
#5134 = CYLINDRICAL_SURFACE ( 'NONE', #342, 0.2500000000000000000 ) ;
#5135 = DIRECTION ( 'NONE',  ( 0.000000000000000000, -1.000000000000000000, 0.000000000000000000 ) ) ;
#5136 = CARTESIAN_POINT ( 'NONE',  ( -9.556250000000003908, 0.7399999999999977707, -1.135000000000000231 ) ) ;
#5137 = DIRECTION ( 'NONE',  ( 1.000000000000000000, 0.000000000000000000, 0.000000000000000000 ) ) ;
#5138 = ORIENTED_EDGE ( 'NONE', *, *, #3918, .F. ) ;
#5139 = VECTOR ( 'NONE', #1875, 1.000000000000000000 ) ;
#5140 = ORIENTED_EDGE ( 'NONE', *, *, #3634, .T. ) ;
#5141 = DIRECTION ( 'NONE',  ( -1.432545838226008708E-17, -1.000000000000000000, 0.000000000000000000 ) ) ;
#5142 = DIRECTION ( 'NONE',  ( 0.000000000000000000, -0.000000000000000000, -1.000000000000000000 ) ) ;
#5143 = DIRECTION ( 'NONE',  ( -0.000000000000000000, 0.000000000000000000, 1.000000000000000000 ) ) ;
#5144 = CARTESIAN_POINT ( 'NONE',  ( -12.47500000000000142, 0.9899999999999984368, -3.423488475815656962 ) ) ;
#5145 = LINE ( 'NONE', #3263, #1816 ) ;
#5146 = ADVANCED_FACE ( 'NONE', ( #5871 ), #5814, .F. ) ;
#5147 = ORIENTED_EDGE ( 'NONE', *, *, #2799, .F. ) ;
#5148 = EDGE_LOOP ( 'NONE', ( #4216, #1198, #2563, #5681 ) ) ;
#5149 = PLANE ( 'NONE',  #3950 ) ;
#5150 = DIRECTION ( 'NONE',  ( 0.9848077530122090195, 0.000000000000000000, -0.1736481776669255017 ) ) ;
#5151 = DIRECTION ( 'NONE',  ( -1.000000000000000000, 0.000000000000000000, 0.000000000000000000 ) ) ;
#5152 = DIRECTION ( 'NONE',  ( 0.000000000000000000, 0.000000000000000000, 1.000000000000000000 ) ) ;
#5153 = EDGE_CURVE ( 'NONE', #503, #2099, #3019, .T. ) ;
#5154 = VECTOR ( 'NONE', #869, 1.000000000000000000 ) ;
#5155 = ORIENTED_EDGE ( 'NONE', *, *, #2957, .F. ) ;
#5156 = AXIS2_PLACEMENT_3D ( 'NONE', #4149, #2770, #4640 ) ;
#5157 = DIRECTION ( 'NONE',  ( -1.000000000000000000, -0.000000000000000000, -0.000000000000000000 ) ) ;
#5158 = DIRECTION ( 'NONE',  ( 1.000000000000000000, 0.000000000000000000, 0.000000000000000000 ) ) ;
#5159 = ORIENTED_EDGE ( 'NONE', *, *, #3857, .F. ) ;
#5160 = ORIENTED_EDGE ( 'NONE', *, *, #3253, .T. ) ;
#5161 = CARTESIAN_POINT ( 'NONE',  ( -2.784460378396442337, -0.09281522335464026385, -1.135000000000001119 ) ) ;
#5162 = ORIENTED_EDGE ( 'NONE', *, *, #4054, .F. ) ;
#5163 = VECTOR ( 'NONE', #1644, 1.000000000000000000 ) ;
#5164 = CYLINDRICAL_SURFACE ( 'NONE', #3568, 0.2500000000000000000 ) ;
#5165 = DIRECTION ( 'NONE',  ( 0.000000000000000000, -1.000000000000000000, 0.000000000000000000 ) ) ;
#5166 = ADVANCED_FACE ( 'NONE', ( #4906 ), #4545, .F. ) ;
#5167 = CARTESIAN_POINT ( 'NONE',  ( -6.562499999999994671, -0.7399999999999996581, -0.9600000000000001865 ) ) ;
#5168 = ORIENTED_EDGE ( 'NONE', *, *, #1256, .T. ) ;
#5169 = ORIENTED_EDGE ( 'NONE', *, *, #2991, .F. ) ;
#5170 = PLANE ( 'NONE',  #571 ) ;
#5171 = CARTESIAN_POINT ( 'NONE',  ( -3.930251481490694587, 1.089999999999998082, -1.009999999999999121 ) ) ;
#5172 = CARTESIAN_POINT ( 'NONE',  ( -14.17500000000000071, 1.189999999999997504, -0.9600000000000001865 ) ) ;
#5173 = ADVANCED_FACE ( 'NONE', ( #3575 ), #3086, .F. ) ;
#5174 = LINE ( 'NONE', #5629, #4623 ) ;
#5175 = FACE_OUTER_BOUND ( 'NONE', #5041, .T. ) ;
#5176 = EDGE_LOOP ( 'NONE', ( #102, #5750, #1585, #5399 ) ) ;
#5177 = ADVANCED_FACE ( 'NONE', ( #2555 ), #5420, .F. ) ;
#5178 = ORIENTED_EDGE ( 'NONE', *, *, #1097, .F. ) ;
#5179 = DIRECTION ( 'NONE',  ( 1.000000000000000000, 8.881784197001283878E-16, 0.000000000000000000 ) ) ;
#5180 = DIRECTION ( 'NONE',  ( 0.000000000000000000, 0.000000000000000000, -1.000000000000000000 ) ) ;
#5181 = CARTESIAN_POINT ( 'NONE',  ( -3.930251481490694587, -1.089999999999998082, -1.059999999999999165 ) ) ;
#5182 = EDGE_CURVE ( 'NONE', #1940, #3279, #4420, .T. ) ;
#5183 = CARTESIAN_POINT ( 'NONE',  ( -1.619437825332231570E-16, -1.190000000000001057, -0.6600000000000023626 ) ) ;
#5184 = AXIS2_PLACEMENT_3D ( 'NONE', #1767, #5975, #4956 ) ;
#5185 = EDGE_CURVE ( 'NONE', #2196, #5588, #3996, .T. ) ;
#5186 = ORIENTED_EDGE ( 'NONE', *, *, #5590, .F. ) ;
#5187 = DIRECTION ( 'NONE',  ( -0.000000000000000000, 0.000000000000000000, 1.000000000000000000 ) ) ;
#5188 = DIRECTION ( 'NONE',  ( -0.000000000000000000, 0.000000000000000000, -1.000000000000000000 ) ) ;
#5189 = EDGE_LOOP ( 'NONE', ( #1451, #5096, #1377, #4978 ) ) ;
#5190 = EDGE_CURVE ( 'NONE', #4106, #1238, #1669, .T. ) ;
#5191 = VERTEX_POINT ( 'NONE', #450 ) ;
#5192 = ORIENTED_EDGE ( 'NONE', *, *, #4287, .F. ) ;
#5193 = DIRECTION ( 'NONE',  ( -0.9281522335464011952, 0.3722007944145563907, 0.000000000000000000 ) ) ;
#5194 = ORIENTED_EDGE ( 'NONE', *, *, #753, .F. ) ;
#5195 = CARTESIAN_POINT ( 'NONE',  ( -10.12754555139958335, 0.9225146718258736556, -1.135000000000000231 ) ) ;
#5196 = CARTESIAN_POINT ( 'NONE',  ( -12.22500000000000142, -0.3418139511719356927, -0.9600000000000001865 ) ) ;
#5197 = LINE ( 'NONE', #4747, #153 ) ;
#5198 = ORIENTED_EDGE ( 'NONE', *, *, #718, .T. ) ;
#5199 = ORIENTED_EDGE ( 'NONE', *, *, #176, .T. ) ;
#5200 = DIRECTION ( 'NONE',  ( 1.000000000000000000, 0.000000000000000000, 0.000000000000000000 ) ) ;
#5201 = FACE_OUTER_BOUND ( 'NONE', #5176, .T. ) ;
#5202 = CARTESIAN_POINT ( 'NONE',  ( -0.3464101615137744061, -0.3418139511719356927, -1.135000000000000231 ) ) ;
#5203 = EDGE_CURVE ( 'NONE', #1856, #3206, #1813, .T. ) ;
#5204 = DIRECTION ( 'NONE',  ( 0.000000000000000000, 0.000000000000000000, -1.000000000000000000 ) ) ;
#5205 = CARTESIAN_POINT ( 'NONE',  ( -11.45331954216210235, -1.387778780781445676E-16, -1.135000000000000231 ) ) ;
#5206 = AXIS2_PLACEMENT_3D ( 'NONE', #3271, #2807, #5961 ) ;
#5207 = VECTOR ( 'NONE', #3009, 1.000000000000000000 ) ;
#5208 = ORIENTED_EDGE ( 'NONE', *, *, #1681, .F. ) ;
#5209 = VECTOR ( 'NONE', #1102, 1.000000000000000000 ) ;
#5210 = ORIENTED_EDGE ( 'NONE', *, *, #4861, .F. ) ;
#5211 = CARTESIAN_POINT ( 'NONE',  ( -2.450000000000000622, 0.3896561633456299689, -0.9600000000000001865 ) ) ;
#5212 = AXIS2_PLACEMENT_3D ( 'NONE', #789, #2648, #2183 ) ;
#5213 = LINE ( 'NONE', #3391, #5640 ) ;
#5214 = CYLINDRICAL_SURFACE ( 'NONE', #3222, 6.000000000000000000 ) ;
#5215 = CIRCLE ( 'NONE', #2585, 0.2500000000000000000 ) ;
#5216 = EDGE_CURVE ( 'NONE', #5191, #4203, #3557, .T. ) ;
#5217 = AXIS2_PLACEMENT_3D ( 'NONE', #2671, #4541, #358 ) ;
#5218 = ADVANCED_FACE ( 'NONE', ( #1335 ), #1874, .F. ) ;
#5219 = VERTEX_POINT ( 'NONE', #2304 ) ;
#5220 = CARTESIAN_POINT ( 'NONE',  ( -6.240624999999996092, 0.7399999999999979927, -1.135000000000000231 ) ) ;
#5221 = DIRECTION ( 'NONE',  ( 1.000000000000000000, 0.000000000000000000, 0.000000000000000000 ) ) ;
#5222 = VERTEX_POINT ( 'NONE', #6019 ) ;
#5223 = EDGE_LOOP ( 'NONE', ( #4283, #3028, #5735, #638 ) ) ;
#5224 = ORIENTED_EDGE ( 'NONE', *, *, #365, .T. ) ;
#5225 = CARTESIAN_POINT ( 'NONE',  ( -11.35331954216210271, -1.387778780781445676E-16, -0.9599999999999999645 ) ) ;
#5226 = ORIENTED_EDGE ( 'NONE', *, *, #1877, .T. ) ;
#5228 = EDGE_CURVE ( 'NONE', #3004, #4345, #4174, .T. ) ;
#5227 = LINE ( 'NONE', #1990, #1922 ) ;
#5229 = FACE_OUTER_BOUND ( 'NONE', #4876, .T. ) ;
#5230 = EDGE_CURVE ( 'NONE', #5639, #895, #4573, .T. ) ;
#5231 = ADVANCED_FACE ( 'NONE', ( #967 ), #21, .F. ) ;
#5232 = VERTEX_POINT ( 'NONE', #362 ) ;
#5233 = EDGE_LOOP ( 'NONE', ( #4006, #3893, #4315, #546 ) ) ;
#5234 = CARTESIAN_POINT ( 'NONE',  ( -12.22500000000000142, 0.9899999999999984368, -1.135000000000000231 ) ) ;
#5235 = DIRECTION ( 'NONE',  ( 0.9848077530122093526, 0.000000000000000000, 0.1736481776669226706 ) ) ;
#5236 = LINE ( 'NONE', #4383, #2376 ) ;
#5237 = CARTESIAN_POINT ( 'NONE',  ( -9.856250000000004619, 0.5602425708315851294, -1.135000000000001119 ) ) ;
#5238 = DIRECTION ( 'NONE',  ( -0.000000000000000000, 0.000000000000000000, 1.000000000000000000 ) ) ;
#5239 = VECTOR ( 'NONE', #3286, 1.000000000000000000 ) ;
#5240 = VECTOR ( 'NONE', #3308, 1.000000000000000000 ) ;
#5241 = AXIS2_PLACEMENT_3D ( 'NONE', #3502, #1594, #3006 ) ;
#5242 = ORIENTED_EDGE ( 'NONE', *, *, #5472, .T. ) ;
#5243 = ORIENTED_EDGE ( 'NONE', *, *, #1924, .T. ) ;
#5244 = VECTOR ( 'NONE', #1697, 1.000000000000000000 ) ;
#5245 = CARTESIAN_POINT ( 'NONE',  ( -14.17500000000000071, 1.189999999999997504, -0.9600000000000001865 ) ) ;
#5246 = DIRECTION ( 'NONE',  ( -1.406570332511357463E-16, 2.014976476011318285E-33, -1.000000000000000000 ) ) ;
#5247 = DIRECTION ( 'NONE',  ( 1.000000000000000000, 0.000000000000000000, 0.000000000000000000 ) ) ;
#5248 = LINE ( 'NONE', #2033, #1154 ) ;
#5249 = EDGE_CURVE ( 'NONE', #4884, #4298, #3196, .T. ) ;
#5250 = DIRECTION ( 'NONE',  ( -1.000000000000000000, 0.000000000000000000, 0.000000000000000000 ) ) ;
#5251 = PLANE ( 'NONE',  #5349 ) ;
#5252 = DIRECTION ( 'NONE',  ( -1.000000000000000000, -6.265808957320107111E-17, 1.930822651522010828E-16 ) ) ;
#5253 = ORIENTED_EDGE ( 'NONE', *, *, #532, .T. ) ;
#5254 = ORIENTED_EDGE ( 'NONE', *, *, #4540, .F. ) ;
#5255 = CIRCLE ( 'NONE', #4384, 6.000000000000000000 ) ;
#5256 = ORIENTED_EDGE ( 'NONE', *, *, #3663, .T. ) ;
#5257 = CYLINDRICAL_SURFACE ( 'NONE', #5822, 0.07999999999999996003 ) ;
#5258 = DIRECTION ( 'NONE',  ( 1.432545838226008399E-17, 1.000000000000000000, -0.000000000000000000 ) ) ;
#5259 = ORIENTED_EDGE ( 'NONE', *, *, #2051, .T. ) ;
#5260 = VERTEX_POINT ( 'NONE', #1843 ) ;
#5261 = DIRECTION ( 'NONE',  ( 1.000000000000000000, 0.000000000000000000, 0.000000000000000000 ) ) ;
#5262 = LINE ( 'NONE', #2490, #4041 ) ;
#5263 = DIRECTION ( 'NONE',  ( -0.000000000000000000, -1.000000000000000000, -0.000000000000000000 ) ) ;
#5264 = LINE ( 'NONE', #4785, #5978 ) ;
#5265 = DIRECTION ( 'NONE',  ( 1.432545838226008399E-17, 1.000000000000000000, -0.000000000000000000 ) ) ;
#5266 = CIRCLE ( 'NONE', #792, 0.1499999999999999112 ) ;
#5267 = ORIENTED_EDGE ( 'NONE', *, *, #1643, .F. ) ;
#5268 = ORIENTED_EDGE ( 'NONE', *, *, #4467, .T. ) ;
#5269 = PLANE ( 'NONE',  #5118 ) ;
#5270 = DIRECTION ( 'NONE',  ( -0.1736481776669237809, 0.000000000000000000, -0.9848077530122093526 ) ) ;
#5271 = DIRECTION ( 'NONE',  ( 0.000000000000000000, 0.000000000000000000, -1.000000000000000000 ) ) ;
#5272 = FACE_OUTER_BOUND ( 'NONE', #4274, .T. ) ;
#5273 = ORIENTED_EDGE ( 'NONE', *, *, #4398, .F. ) ;
#5274 = CARTESIAN_POINT ( 'NONE',  ( -11.62199172529726354, 0.000000000000000000, -1.135000000000000231 ) ) ;
#5275 = LINE ( 'NONE', #2962, #2109 ) ;
#5276 = AXIS2_PLACEMENT_3D ( 'NONE', #2925, #4793, #1461 ) ;
#5277 = ORIENTED_EDGE ( 'NONE', *, *, #3812, .F. ) ;
#5278 = ORIENTED_EDGE ( 'NONE', *, *, #5125, .F. ) ;
#5279 = VERTEX_POINT ( 'NONE', #5559 ) ;
#5280 = VERTEX_POINT ( 'NONE', #3262 ) ;
#5281 = CARTESIAN_POINT ( 'NONE',  ( -5.190624999999995381, -0.9899999999999994360, -0.9600000000000012967 ) ) ;
#5282 = CYLINDRICAL_SURFACE ( 'NONE', #5438, 0.05000000000000071054 ) ;
#5283 = EDGE_CURVE ( 'NONE', #2682, #1231, #2829, .T. ) ;
#5284 = ORIENTED_EDGE ( 'NONE', *, *, #2595, .F. ) ;
#5285 = DIRECTION ( 'NONE',  ( 1.000000000000000000, 0.000000000000000000, 0.000000000000000000 ) ) ;
#5286 = ORIENTED_EDGE ( 'NONE', *, *, #405, .T. ) ;
#5287 = DIRECTION ( 'NONE',  ( 0.000000000000000000, -0.000000000000000000, -1.000000000000000000 ) ) ;
#5288 = FACE_OUTER_BOUND ( 'NONE', #5825, .T. ) ;
#5289 = CARTESIAN_POINT ( 'NONE',  ( -9.306250000000003908, -0.9900000000000002132, -0.9600000000000004086 ) ) ;
#5290 = DIRECTION ( 'NONE',  ( -1.000000000000000000, 0.000000000000000000, 0.000000000000000000 ) ) ;
#5291 = ORIENTED_EDGE ( 'NONE', *, *, #5494, .T. ) ;
#5292 = EDGE_LOOP ( 'NONE', ( #3991, #1869, #2631, #3729 ) ) ;
#5293 = DIRECTION ( 'NONE',  ( 6.265808957320107111E-17, -1.000000000000000000, 0.000000000000000000 ) ) ;
#5294 = CARTESIAN_POINT ( 'NONE',  ( -14.76368599666425929, -0.8750000000000000000, -0.9100000000000001421 ) ) ;
#5295 = DIRECTION ( 'NONE',  ( -0.000000000000000000, 0.000000000000000000, -1.000000000000000000 ) ) ;
#5296 = LINE ( 'NONE', #1462, #4480 ) ;
#5297 = DIRECTION ( 'NONE',  ( -1.432545838226008708E-17, -1.000000000000000000, 0.000000000000000000 ) ) ;
#5298 = EDGE_CURVE ( 'NONE', #58, #5867, #5526, .T. ) ;
#5299 = ADVANCED_FACE ( 'NONE', ( #2218 ), #939, .T. ) ;
#5300 = CIRCLE ( 'NONE', #1885, 0.07999999999999996003 ) ;
#5301 = VECTOR ( 'NONE', #1301, 1.000000000000000000 ) ;
#5302 = AXIS2_PLACEMENT_3D ( 'NONE', #5919, #2789, #4163 ) ;
#5303 = CARTESIAN_POINT ( 'NONE',  ( -8.734375000000005329, 0.7399999999999979927, -0.9600000000000001865 ) ) ;
#5304 = CARTESIAN_POINT ( 'NONE',  ( -2.825068018844486328, 0.9899999999999982148, 5.040000000000000036 ) ) ;
#5305 = PLANE ( 'NONE',  #5329 ) ;
#5306 = EDGE_LOOP ( 'NONE', ( #2841, #1202, #4004, #4325 ) ) ;
#5307 = VERTEX_POINT ( 'NONE', #5956 ) ;
#5308 = ORIENTED_EDGE ( 'NONE', *, *, #2942, .F. ) ;
#5309 = EDGE_CURVE ( 'NONE', #2792, #2576, #3166, .T. ) ;
#5310 = ORIENTED_EDGE ( 'NONE', *, *, #3205, .F. ) ;
#5311 = CARTESIAN_POINT ( 'NONE',  ( -4.218749999999996447, 0.5602425708315850184, -0.9599999999999999645 ) ) ;
#5312 = CARTESIAN_POINT ( 'NONE',  ( -10.24474851850930790, -5.431508564030776753, -1.009999999999998233 ) ) ;
#5313 = ORIENTED_EDGE ( 'NONE', *, *, #1978, .T. ) ;
#5314 = EDGE_CURVE ( 'NONE', #1564, #2056, #5300, .T. ) ;
#5315 = CARTESIAN_POINT ( 'NONE',  ( -12.22500000000000142, -0.8999999999999999112, -0.9100000000000001421 ) ) ;
#5316 = ORIENTED_EDGE ( 'NONE', *, *, #2820, .F. ) ;
#5317 = DIRECTION ( 'NONE',  ( 1.000000000000000000, 0.000000000000000000, 0.000000000000000000 ) ) ;
#5318 = DIRECTION ( 'NONE',  ( 0.000000000000000000, -0.000000000000000000, 1.000000000000000000 ) ) ;
#5319 = DIRECTION ( 'NONE',  ( 0.000000000000000000, -0.000000000000000000, -1.000000000000000000 ) ) ;
#5320 = DIRECTION ( 'NONE',  ( -1.000000000000000000, -6.265808957320107111E-17, -0.000000000000000000 ) ) ;
#5321 = ORIENTED_EDGE ( 'NONE', *, *, #3204, .T. ) ;
#5322 = VERTEX_POINT ( 'NONE', #5053 ) ;
#5323 = DIRECTION ( 'NONE',  ( 0.000000000000000000, -1.000000000000000000, 0.000000000000000000 ) ) ;
#5324 = LINE ( 'NONE', #4419, #3856 ) ;
#5325 = CARTESIAN_POINT ( 'NONE',  ( -13.72858983848622572, 0.2418139511719357149, -1.135000000000000231 ) ) ;
#5326 = VECTOR ( 'NONE', #1633, 1.000000000000000000 ) ;
#5327 = DIRECTION ( 'NONE',  ( 0.000000000000000000, 0.000000000000000000, -1.000000000000000000 ) ) ;
#5328 = PLANE ( 'NONE',  #3000 ) ;
#5329 = AXIS2_PLACEMENT_3D ( 'NONE', #3027, #2994, #4857 ) ;
#5330 = VECTOR ( 'NONE', #1481, 1.000000000000000000 ) ;
#5331 = CARTESIAN_POINT ( 'NONE',  ( -9.993470079441459930, 0.6530577941862250047, -1.135000000000000231 ) ) ;
#5332 = DIRECTION ( 'NONE',  ( -0.000000000000000000, 0.000000000000000000, 1.000000000000000000 ) ) ;
#5333 = FACE_OUTER_BOUND ( 'NONE', #1104, .T. ) ;
#5334 = ORIENTED_EDGE ( 'NONE', *, *, #4316, .T. ) ;
#5335 = ORIENTED_EDGE ( 'NONE', *, *, #4428, .T. ) ;
#5336 = VERTEX_POINT ( 'NONE', #5081 ) ;
#5337 = ORIENTED_EDGE ( 'NONE', *, *, #5855, .T. ) ;
#5338 = DIRECTION ( 'NONE',  ( -0.000000000000000000, -0.000000000000000000, -1.000000000000000000 ) ) ;
#5339 = CARTESIAN_POINT ( 'NONE',  ( -6.812499999999994671, 0.7399999999999979927, -0.9600000000000001865 ) ) ;
#5340 = CIRCLE ( 'NONE', #2714, 0.1000000000000000888 ) ;
#5341 = ORIENTED_EDGE ( 'NONE', *, *, #1263, .F. ) ;
#5342 = DIRECTION ( 'NONE',  ( 1.000000000000000000, 1.879742687196032133E-16, 0.000000000000000000 ) ) ;
#5343 = ORIENTED_EDGE ( 'NONE', *, *, #5067, .F. ) ;
#5344 = EDGE_CURVE ( 'NONE', #3077, #2288, #877, .T. ) ;
#5345 = CARTESIAN_POINT ( 'NONE',  ( -5.576316527040902749, -1.089999999999998082, -0.7600000000000010081 ) ) ;
#5346 = FACE_OUTER_BOUND ( 'NONE', #485, .T. ) ;
#5347 = LINE ( 'NONE', #754, #1127 ) ;
#5348 = LINE ( 'NONE', #2695, #3677 ) ;
#5349 = AXIS2_PLACEMENT_3D ( 'NONE', #1075, #2932, #4799 ) ;
#5350 = ORIENTED_EDGE ( 'NONE', *, *, #532, .F. ) ;
#5351 = EDGE_LOOP ( 'NONE', ( #2381, #4750, #5704, #5277 ) ) ;
#5352 = DIRECTION ( 'NONE',  ( 0.000000000000000000, 0.000000000000000000, -1.000000000000000000 ) ) ;
#5353 = DIRECTION ( 'NONE',  ( 1.000000000000000000, 0.000000000000000000, 0.000000000000000000 ) ) ;
#5354 = CARTESIAN_POINT ( 'NONE',  ( -11.34993198115552282, 1.189999999999997726, -0.9600000000000001865 ) ) ;
#5356 = VECTOR ( 'NONE', #1556, 1.000000000000000000 ) ;
#5355 = DIRECTION ( 'NONE',  ( 0.000000000000000000, 0.000000000000000000, -1.000000000000000000 ) ) ;
#5357 = DIRECTION ( 'NONE',  ( -0.000000000000000000, 1.000000000000000000, -0.000000000000000000 ) ) ;
#5358 = ADVANCED_FACE ( 'NONE', ( #5932 ), #1758, .F. ) ;
#5359 = ADVANCED_FACE ( 'NONE', ( #4602 ), #417, .F. ) ;
#5360 = AXIS2_PLACEMENT_3D ( 'NONE', #5128, #2872, #3 ) ;
#5361 = CARTESIAN_POINT ( 'NONE',  ( -10.30804291515398319, 1.189999999999998392, -0.8688465180732561910 ) ) ;
#5362 = CARTESIAN_POINT ( 'NONE',  ( -6.562499999999994671, 0.7399999999999979927, -0.9599999999999999645 ) ) ;
#5363 = VERTEX_POINT ( 'NONE', #5747 ) ;
#5364 = ORIENTED_EDGE ( 'NONE', *, *, #166, .T. ) ;
#5365 = EDGE_CURVE ( 'NONE', #756, #4478, #1573, .T. ) ;
#5366 = ORIENTED_EDGE ( 'NONE', *, *, #1135, .F. ) ;
#5367 = EDGE_LOOP ( 'NONE', ( #4012, #4278, #1827, #3061 ) ) ;
#5368 = DIRECTION ( 'NONE',  ( -0.000000000000000000, 0.000000000000000000, 1.000000000000000000 ) ) ;
#5369 = CARTESIAN_POINT ( 'NONE',  ( -4.034427420795908326, 0.9899999999999982148, -0.9600000000000015188 ) ) ;
#5370 = EDGE_CURVE ( 'NONE', #5280, #3381, #4692, .T. ) ;
#5371 = ORIENTED_EDGE ( 'NONE', *, *, #1682, .T. ) ;
#5372 = CARTESIAN_POINT ( 'NONE',  ( -12.22500000000000142, -0.9899999999999984368, -1.135000000000000231 ) ) ;
#5373 = EDGE_LOOP ( 'NONE', ( #5728, #1430, #1894, #5049 ) ) ;
#5374 = DIRECTION ( 'NONE',  ( 0.000000000000000000, -0.000000000000000000, -1.000000000000000000 ) ) ;
#5375 = DIRECTION ( 'NONE',  ( 1.000000000000000000, 0.000000000000000000, 0.000000000000000000 ) ) ;
#5376 = CARTESIAN_POINT ( 'NONE',  ( 0.000000000000000000, 0.000000000000000000, -1.135000000000000231 ) ) ;
#5377 = ORIENTED_EDGE ( 'NONE', *, *, #259, .T. ) ;
#5378 = ORIENTED_EDGE ( 'NONE', *, *, #4751, .T. ) ;
#5379 = EDGE_CURVE ( 'NONE', #741, #3428, #2368, .T. ) ;
#5380 = DIRECTION ( 'NONE',  ( -0.000000000000000000, 0.000000000000000000, 1.000000000000000000 ) ) ;
#5381 = FACE_OUTER_BOUND ( 'NONE', #5662, .T. ) ;
#5382 = DIRECTION ( 'NONE',  ( 0.000000000000000000, 0.000000000000000000, 1.000000000000000000 ) ) ;
#5383 = CARTESIAN_POINT ( 'NONE',  ( -5.990624999999996092, 0.9899999999999984368, -3.423488475815656962 ) ) ;
#5384 = DIRECTION ( 'NONE',  ( -1.000000000000000000, -0.000000000000000000, -0.000000000000000000 ) ) ;
#5385 = VECTOR ( 'NONE', #449, 1.000000000000000000 ) ;
#5386 = EDGE_CURVE ( 'NONE', #2682, #1413, #1938, .T. ) ;
#5387 = DIRECTION ( 'NONE',  ( 0.000000000000000000, 0.000000000000000000, -1.000000000000000000 ) ) ;
#5388 = DIRECTION ( 'NONE',  ( 1.000000000000000000, 0.000000000000000000, 0.000000000000000000 ) ) ;
#5389 = EDGE_CURVE ( 'NONE', #4902, #1512, #5174, .T. ) ;
#5390 = EDGE_CURVE ( 'NONE', #569, #3559, #574, .T. ) ;
#5391 = AXIS2_PLACEMENT_3D ( 'NONE', #5447, #5355, #3933 ) ;
#5392 = VECTOR ( 'NONE', #1399, 1.000000000000000222 ) ;
#5393 = ORIENTED_EDGE ( 'NONE', *, *, #3812, .T. ) ;
#5394 = AXIS2_PLACEMENT_3D ( 'NONE', #5940, #4067, #5913 ) ;
#5395 = VECTOR ( 'NONE', #1389, 1.000000000000000000 ) ;
#5396 = VERTEX_POINT ( 'NONE', #4260 ) ;
#5397 = AXIS2_PLACEMENT_3D ( 'NONE', #4536, #3617, #2295 ) ;
#5398 = ORIENTED_EDGE ( 'NONE', *, *, #6021, .F. ) ;
#5399 = ORIENTED_EDGE ( 'NONE', *, *, #4287, .T. ) ;
#5400 = CARTESIAN_POINT ( 'NONE',  ( -11.39053962160355837, -0.09281522335464026385, -1.135000000000000231 ) ) ;
#5401 = CIRCLE ( 'NONE', #5212, 5.900000000000000355 ) ;
#5402 = AXIS2_PLACEMENT_3D ( 'NONE', #5869, #2619, #5900 ) ;
#5403 = EDGE_CURVE ( 'NONE', #5530, #5575, #4230, .T. ) ;
#5404 = ORIENTED_EDGE ( 'NONE', *, *, #868, .F. ) ;
#5405 = AXIS2_PLACEMENT_3D ( 'NONE', #4878, #4389, #3482 ) ;
#5406 = ORIENTED_EDGE ( 'NONE', *, *, #5203, .T. ) ;
#5407 = EDGE_CURVE ( 'NONE', #5644, #4646, #2026, .T. ) ;
#5408 = DIRECTION ( 'NONE',  ( 0.000000000000000000, 0.000000000000000000, -1.000000000000000000 ) ) ;
#5409 = EDGE_LOOP ( 'NONE', ( #688, #3782, #343, #4464 ) ) ;
#5410 = EDGE_CURVE ( 'NONE', #4160, #3571, #5877, .T. ) ;
#5411 = EDGE_CURVE ( 'NONE', #583, #3732, #3352, .T. ) ;
#5412 = LINE ( 'NONE', #5345, #5207 ) ;
#5413 = DIRECTION ( 'NONE',  ( 1.000000000000000000, 0.000000000000000000, 0.000000000000000000 ) ) ;
#5414 = DIRECTION ( 'NONE',  ( 1.432545838226008399E-17, 1.000000000000000000, -0.000000000000000000 ) ) ;
#5415 = ORIENTED_EDGE ( 'NONE', *, *, #279, .F. ) ;
#5416 = ORIENTED_EDGE ( 'NONE', *, *, #5038, .F. ) ;
#5417 = DIRECTION ( 'NONE',  ( -1.000000000000000000, -6.265808957320107111E-17, -0.000000000000000000 ) ) ;
#5418 = CARTESIAN_POINT ( 'NONE',  ( -4.534427461039364893, -1.190000000000001057, -0.7511534819267452479 ) ) ;
#5419 = CARTESIAN_POINT ( 'NONE',  ( -14.17500000000000071, -0.9900000000000011013, -0.9600000000000001865 ) ) ;
#5420 = PLANE ( 'NONE',  #5972 ) ;
#5421 = CARTESIAN_POINT ( 'NONE',  ( -11.82500000000000107, 1.189999999999997726, -0.9600000000000001865 ) ) ;
#5422 = DIRECTION ( 'NONE',  ( -1.432545838226008708E-17, -1.000000000000000000, 0.000000000000000000 ) ) ;
#5423 = CARTESIAN_POINT ( 'NONE',  ( -9.856250000000004619, 0.5602425708315851294, -0.9600000000000001865 ) ) ;
#5424 = VERTEX_POINT ( 'NONE', #543 ) ;
#5425 = AXIS2_PLACEMENT_3D ( 'NONE', #4786, #4875, #117 ) ;
#5426 = ORIENTED_EDGE ( 'NONE', *, *, #864, .T. ) ;
#5427 = EDGE_LOOP ( 'NONE', ( #4114, #3356, #5677, #72 ) ) ;
#5428 =( NAMED_UNIT ( * ) PLANE_ANGLE_UNIT ( ) SI_UNIT ( $, .RADIAN. ) );
#5429 = VERTEX_POINT ( 'NONE', #85 ) ;
#5430 = EDGE_CURVE ( 'NONE', #4124, #9, #3446, .T. ) ;
#5431 = ORIENTED_EDGE ( 'NONE', *, *, #1592, .F. ) ;
#5432 = DIRECTION ( 'NONE',  ( 0.9848077530122093526, 0.000000000000000000, 0.1736481776669226706 ) ) ;
#5433 = ORIENTED_EDGE ( 'NONE', *, *, #1261, .T. ) ;
#5434 = EDGE_CURVE ( 'NONE', #769, #1678, #143, .T. ) ;
#5435 = CARTESIAN_POINT ( 'NONE',  ( -12.47500000000000142, -0.9899999999999984368, -0.9600000000000001865 ) ) ;
#5436 = DIRECTION ( 'NONE',  ( 6.265808957320107111E-17, -1.000000000000000000, 0.000000000000000000 ) ) ;
#5437 = CARTESIAN_POINT ( 'NONE',  ( -0.3464101615137745172, 0.9899999999999984368, -1.135000000000000231 ) ) ;
#5438 = AXIS2_PLACEMENT_3D ( 'NONE', #5312, #3555, #1086 ) ;
#5439 = ORIENTED_EDGE ( 'NONE', *, *, #3287, .T. ) ;
#5440 = ORIENTED_EDGE ( 'NONE', *, *, #392, .T. ) ;
#5441 = ADVANCED_FACE ( 'NONE', ( #2002 ), #1121, .F. ) ;
#5442 = CARTESIAN_POINT ( 'NONE',  ( -2.600000000000000533, -0.9899999999999991029, -0.9600000000000001865 ) ) ;
#5443 = AXIS2_PLACEMENT_3D ( 'NONE', #1787, #5993, #5150 ) ;
#5444 = DIRECTION ( 'NONE',  ( 0.000000000000000000, -0.000000000000000000, 1.000000000000000000 ) ) ;
#5445 = FACE_OUTER_BOUND ( 'NONE', #3960, .T. ) ;
#5446 = VERTEX_POINT ( 'NONE', #4721 ) ;
#5447 = CARTESIAN_POINT ( 'NONE',  ( -1.950000000000000622, -0.8999999999999999112, -0.9100000000000001421 ) ) ;
#5448 = CARTESIAN_POINT ( 'NONE',  ( -12.22500000000000142, -0.7399999999999984368, -1.135000000000000231 ) ) ;
#5449 = VECTOR ( 'NONE', #1559, 1.000000000000000000 ) ;
#5450 = DIRECTION ( 'NONE',  ( -1.000000000000000000, -1.879742687196032133E-16, 1.930822651522010582E-16 ) ) ;
#5451 = DIRECTION ( 'NONE',  ( 0.000000000000000000, -0.9901138386947149206, -0.1402661271484180461 ) ) ;
#5452 = EDGE_LOOP ( 'NONE', ( #16, #5999, #606, #4360, #2936, #2754, #5416, #5647 ) ) ;
#5453 = ORIENTED_EDGE ( 'NONE', *, *, #4550, .T. ) ;
#5454 = LINE ( 'NONE', #2199, #3936 ) ;
#5455 = DIRECTION ( 'NONE',  ( 1.000000000000000000, 0.000000000000000000, 0.000000000000000000 ) ) ;
#5456 = ORIENTED_EDGE ( 'NONE', *, *, #942, .T. ) ;
#5457 = ORIENTED_EDGE ( 'NONE', *, *, #4862, .F. ) ;
#5458 = LINE ( 'NONE', #1324, #661 ) ;
#5459 = ORIENTED_EDGE ( 'NONE', *, *, #3634, .F. ) ;
#5460 = DIRECTION ( 'NONE',  ( 0.000000000000000000, 0.000000000000000000, 1.000000000000000000 ) ) ;
#5461 = DIRECTION ( 'NONE',  ( -1.000000000000000000, 0.000000000000000000, 0.000000000000000000 ) ) ;
#5462 = CYLINDRICAL_SURFACE ( 'NONE', #2217, 5.900000000000000355 ) ;
#5463 = ADVANCED_FACE ( 'NONE', ( #996 ), #2857, .F. ) ;
#5464 = VECTOR ( 'NONE', #1909, 1.000000000000000000 ) ;
#5465 = ORIENTED_EDGE ( 'NONE', *, *, #628, .F. ) ;
#5466 = CARTESIAN_POINT ( 'NONE',  ( -0.5964101615137744616, -0.9899999999999984368, -1.135000000000000231 ) ) ;
#5467 = DIRECTION ( 'NONE',  ( 1.000000000000000000, 0.000000000000000000, 0.000000000000000000 ) ) ;
#5468 = CARTESIAN_POINT ( 'NONE',  ( 0.000000000000000000, 0.000000000000000000, -0.9600000000000001865 ) ) ;
#5469 = FACE_OUTER_BOUND ( 'NONE', #5452, .T. ) ;
#5470 = DIRECTION ( 'NONE',  ( 0.000000000000000000, -1.000000000000000000, 0.000000000000000000 ) ) ;
#5471 = LINE ( 'NONE', #2705, #5819 ) ;
#5472 = EDGE_CURVE ( 'NONE', #2539, #3587, #5264, .T. ) ;
#5473 = CARTESIAN_POINT ( 'NONE',  ( -13.72858983848622572, -0.3418139511719356927, -0.9599999999999999645 ) ) ;
#5474 = CYLINDRICAL_SURFACE ( 'NONE', #3424, 0.07999999999999996003 ) ;
#5475 = EDGE_CURVE ( 'NONE', #5070, #588, #2433, .T. ) ;
#5476 = DIRECTION ( 'NONE',  ( -0.000000000000000000, -1.000000000000000000, -0.000000000000000000 ) ) ;
#5477 = EDGE_CURVE ( 'NONE', #4596, #5219, #4294, .T. ) ;
#5478 = VECTOR ( 'NONE', #4549, 1.000000000000000000 ) ;
#5479 = ORIENTED_EDGE ( 'NONE', *, *, #798, .T. ) ;
#5480 = LINE ( 'NONE', #5508, #2958 ) ;
#5481 = FILL_AREA_STYLE_COLOUR ( '', #3560 ) ;
#5482 = ORIENTED_EDGE ( 'NONE', *, *, #5153, .T. ) ;
#5483 = AXIS2_PLACEMENT_3D ( 'NONE', #508, #2921, #1456 ) ;
#5484 = VERTEX_POINT ( 'NONE', #2493 ) ;
#5485 = CIRCLE ( 'NONE', #431, 0.05000000000000026645 ) ;
#5486 = DIRECTION ( 'NONE',  ( 1.000000000000000000, 0.000000000000000000, 0.000000000000000000 ) ) ;
#5487 = ORIENTED_EDGE ( 'NONE', *, *, #2604, .F. ) ;
#5488 = FACE_OUTER_BOUND ( 'NONE', #3583, .T. ) ;
#5489 = AXIS2_PLACEMENT_3D ( 'NONE', #2402, #5204, #1029 ) ;
#5490 = DIRECTION ( 'NONE',  ( 0.000000000000000000, 0.000000000000000000, 1.000000000000000000 ) ) ;
#5491 = CARTESIAN_POINT ( 'NONE',  ( -12.32500000000000107, 0.3418139511719356927, -1.135000000000000231 ) ) ;
#5492 = AXIS2_PLACEMENT_3D ( 'NONE', #5019, #383, #3106 ) ;
#5493 = EDGE_LOOP ( 'NONE', ( #5077, #1528, #5764, #3664 ) ) ;
#5494 = EDGE_CURVE ( 'NONE', #1908, #128, #3365, .T. ) ;
#5495 = EDGE_CURVE ( 'NONE', #3615, #1043, #738, .T. ) ;
#5496 = ORIENTED_EDGE ( 'NONE', *, *, #5624, .T. ) ;
#5497 = CARTESIAN_POINT ( 'NONE',  ( -2.487220079441456289, 0.2968409399909899826, -1.135000000000000231 ) ) ;
#5498 = CARTESIAN_POINT ( 'NONE',  ( -4.034427420795908326, 0.9899999999999984368, -1.135000000000000231 ) ) ;
#5499 = CARTESIAN_POINT ( 'NONE',  ( -2.350000000000001421, 0.3896561633456299134, -1.135000000000000231 ) ) ;
#5500 = DIRECTION ( 'NONE',  ( -1.000000000000000000, -0.000000000000000000, -0.000000000000000000 ) ) ;
#5501 = CARTESIAN_POINT ( 'NONE',  ( -10.24474851850930790, -1.089999999999998082, -1.009999999999998233 ) ) ;
#5502 = ORIENTED_EDGE ( 'NONE', *, *, #4517, .T. ) ;
#5503 = DIRECTION ( 'NONE',  ( -0.000000000000000000, 0.000000000000000000, 1.000000000000000000 ) ) ;
#5504 = CARTESIAN_POINT ( 'NONE',  ( -9.623207721193939079, -1.189999999999998170, -0.8496342572279647065 ) ) ;
#5505 = CARTESIAN_POINT ( 'NONE',  ( -12.22500000000000142, -0.2418139511719357149, -1.135000000000000231 ) ) ;
#5506 = EDGE_CURVE ( 'NONE', #1011, #5710, #4960, .T. ) ;
#5507 = ORIENTED_EDGE ( 'NONE', *, *, #5410, .T. ) ;
#5508 = CARTESIAN_POINT ( 'NONE',  ( -0.3464101615137745172, 0.9899999999999984368, -0.9600000000000001865 ) ) ;
#5509 = FACE_OUTER_BOUND ( 'NONE', #1985, .T. ) ;
#5510 = VECTOR ( 'NONE', #6011, 1.000000000000000000 ) ;
#5511 = VECTOR ( 'NONE', #5252, 1.000000000000000000 ) ;
#5512 = CIRCLE ( 'NONE', #4852, 0.03500000000000014211 ) ;
#5513 = ORIENTED_EDGE ( 'NONE', *, *, #3848, .F. ) ;
#5514 = ORIENTED_EDGE ( 'NONE', *, *, #1095, .F. ) ;
#5515 = VECTOR ( 'NONE', #5297, 1.000000000000000000 ) ;
#5516 = DIRECTION ( 'NONE',  ( 0.000000000000000000, 1.000000000000000000, 0.000000000000000000 ) ) ;
#5517 = ORIENTED_EDGE ( 'NONE', *, *, #5762, .T. ) ;
#5518 = DIRECTION ( 'NONE',  ( 0.9848077530122093526, -0.000000000000000000, 0.1736481776669226706 ) ) ;
#5519 = CARTESIAN_POINT ( 'NONE',  ( -12.47500000000000142, -0.7399999999999984368, 0.000000000000000000 ) ) ;
#5520 = CARTESIAN_POINT ( 'NONE',  ( -9.623207721193939079, 5.431508564030776753, -0.8496342572279647065 ) ) ;
#5521 = VERTEX_POINT ( 'NONE', #5864 ) ;
#5522 = ORIENTED_EDGE ( 'NONE', *, *, #3015, .F. ) ;
#5523 = DIRECTION ( 'NONE',  ( -0.000000000000000000, 1.000000000000000000, -0.000000000000000000 ) ) ;
#5524 = DIRECTION ( 'NONE',  ( 0.000000000000000000, 1.000000000000000000, 0.000000000000000000 ) ) ;
#5525 = DIRECTION ( 'NONE',  ( -1.000000000000000000, 0.000000000000000000, 0.000000000000000000 ) ) ;
#5526 = LINE ( 'NONE', #2244, #3746 ) ;
#5527 = LINE ( 'NONE', #1367, #2410 ) ;
#5528 = EDGE_CURVE ( 'NONE', #756, #4709, #5347, .T. ) ;
#5529 = CIRCLE ( 'NONE', #872, 0.2500000000000000000 ) ;
#5530 = VERTEX_POINT ( 'NONE', #4472 ) ;
#5531 = CARTESIAN_POINT ( 'NONE',  ( -9.306250000000003908, 0.7399999999999977707, -0.9599999999999999645 ) ) ;
#5532 = FACE_OUTER_BOUND ( 'NONE', #5306, .T. ) ;
#5533 = PLANE ( 'NONE',  #4624 ) ;
#5534 = EDGE_CURVE ( 'NONE', #5834, #3037, #1510, .T. ) ;
#5535 = AXIS2_PLACEMENT_3D ( 'NONE', #3489, #739, #2533 ) ;
#5536 = EDGE_CURVE ( 'NONE', #4702, #2288, #3011, .T. ) ;
#5537 = ORIENTED_EDGE ( 'NONE', *, *, #612, .T. ) ;
#5538 = LINE ( 'NONE', #4553, #4716 ) ;
#5539 = DIRECTION ( 'NONE',  ( 1.000000000000000000, 0.000000000000000000, 0.000000000000000000 ) ) ;
#5540 = VECTOR ( 'NONE', #1946, 1.000000000000000000 ) ;
#5541 = ORIENTED_EDGE ( 'NONE', *, *, #1042, .T. ) ;
#5542 = EDGE_CURVE ( 'NONE', #4523, #5307, #2114, .T. ) ;
#5543 = ORIENTED_EDGE ( 'NONE', *, *, #346, .T. ) ;
#5544 = CARTESIAN_POINT ( 'NONE',  ( -10.14057257920409327, 0.9549999999999977396, -0.9600000000000001865 ) ) ;
#5545 = ORIENTED_EDGE ( 'NONE', *, *, #310, .F. ) ;
#5546 = AXIS2_PLACEMENT_3D ( 'NONE', #2742, #1797, #462 ) ;
#5548 = EDGE_CURVE ( 'NONE', #2576, #2682, #3565, .T. ) ;
#5547 = CARTESIAN_POINT ( 'NONE',  ( -14.17500000000000071, 0.8750000000000000000, -0.9800000000000000933 ) ) ;
#5550 = CARTESIAN_POINT ( 'NONE',  ( -9.856250000000004619, 0.7080847830052794389, -0.9600000000000001865 ) ) ;
#5549 = DIRECTION ( 'NONE',  ( 1.000000000000000000, 0.000000000000000000, 0.000000000000000000 ) ) ;
#5551 = PLANE ( 'NONE',  #148 ) ;
#5552 = CARTESIAN_POINT ( 'NONE',  ( -0.5964101615137744616, -0.9899999999999984368, -0.9600000000000001865 ) ) ;
#5553 = EDGE_CURVE ( 'NONE', #1488, #3540, #699, .T. ) ;
#5554 = ORIENTED_EDGE ( 'NONE', *, *, #3914, .T. ) ;
#5555 = ORIENTED_EDGE ( 'NONE', *, *, #3833, .T. ) ;
#5556 = DIRECTION ( 'NONE',  ( 0.9848077530122089085, -0.000000000000000000, -0.1736481776669254740 ) ) ;
#5557 = LINE ( 'NONE', #4994, #4823 ) ;
#5558 = CARTESIAN_POINT ( 'NONE',  ( 0.000000000000000000, -0.8750000000000000000, -1.060000000000000053 ) ) ;
#5559 = CARTESIAN_POINT ( 'NONE',  ( -13.57858983848622536, -0.9899999999999984368, -1.135000000000000231 ) ) ;
#5560 = LINE ( 'NONE', #4201, #2416 ) ;
#5561 = CIRCLE ( 'NONE', #2846, 0.1000000000000000888 ) ;
#5562 = VERTEX_POINT ( 'NONE', #1688 ) ;
#5563 = EDGE_CURVE ( 'NONE', #4064, #2510, #5895, .T. ) ;
#5564 = VERTEX_POINT ( 'NONE', #3926 ) ;
#5565 = DIRECTION ( 'NONE',  ( 6.271695431234129858E-16, 1.000000000000000000, 0.000000000000000000 ) ) ;
#5566 = CARTESIAN_POINT ( 'NONE',  ( -1.850000000000000533, -0.2418139511719357149, -1.135000000000000231 ) ) ;
#5567 = FACE_OUTER_BOUND ( 'NONE', #2264, .T. ) ;
#5568 = CARTESIAN_POINT ( 'NONE',  ( -13.57858983848622536, 0.9899999999999984368, -0.9600000000000001865 ) ) ;
#5569 = EDGE_CURVE ( 'NONE', #5801, #2316, #4139, .T. ) ;
#5570 = EDGE_CURVE ( 'NONE', #120, #4168, #265, .T. ) ;
#5571 = ADVANCED_FACE ( 'NONE', ( #4047 ), #5836, .F. ) ;
#5572 = VERTEX_POINT ( 'NONE', #1152 ) ;
#5573 = CARTESIAN_POINT ( 'NONE',  ( -0.1622440211999298665, 1.189999999999998392, 0.9201315677728708620 ) ) ;
#5574 = DIRECTION ( 'NONE',  ( -0.000000000000000000, 0.000000000000000000, 1.000000000000000000 ) ) ;
#5575 = VERTEX_POINT ( 'NONE', #1632 ) ;
#5576 = ORIENTED_EDGE ( 'NONE', *, *, #4337, .T. ) ;
#5577 = CIRCLE ( 'NONE', #2667, 0.2500000000000000000 ) ;
#5578 = LINE ( 'NONE', #436, #3920 ) ;
#5579 = ORIENTED_EDGE ( 'NONE', *, *, #3393, .T. ) ;
#5580 = CARTESIAN_POINT ( 'NONE',  ( -14.17500000000000071, -0.8750000000000000000, -1.060000000000000053 ) ) ;
#5581 = DIRECTION ( 'NONE',  ( -1.000000000000000000, -0.000000000000000000, -0.000000000000000000 ) ) ;
#5582 = DIRECTION ( 'NONE',  ( -1.000000000000000000, -1.224646799147353207E-16, 0.000000000000000000 ) ) ;
#5583 = DIRECTION ( 'NONE',  ( 1.000000000000000000, 0.000000000000000000, 0.000000000000000000 ) ) ;
#5584 = EDGE_CURVE ( 'NONE', #1413, #2792, #922, .T. ) ;
#5585 = VECTOR ( 'NONE', #387, 1.000000000000000000 ) ;
#5586 = VERTEX_POINT ( 'NONE', #1599 ) ;
#5587 = VECTOR ( 'NONE', #3529, 1.000000000000000000 ) ;
#5588 = VERTEX_POINT ( 'NONE', #235 ) ;
#5589 = CIRCLE ( 'NONE', #2972, 0.09999999999999964473 ) ;
#5590 = EDGE_CURVE ( 'NONE', #2561, #4929, #5215, .T. ) ;
#5591 = LINE ( 'NONE', #505, #1442 ) ;
#5592 = VECTOR ( 'NONE', #4834, 1.000000000000000000 ) ;
#5593 = CARTESIAN_POINT ( 'NONE',  ( -9.993470079441459930, -0.6530577941862261149, -0.9600000000000001865 ) ) ;
#5594 = PLANE ( 'NONE',  #34 ) ;
#5595 = CARTESIAN_POINT ( 'NONE',  ( 0.000000000000000000, -0.8750000000000000000, -1.140000000000000124 ) ) ;
#5596 = CARTESIAN_POINT ( 'NONE',  ( -5.990624999999996092, -0.7399999999999995470, -0.9600000000000001865 ) ) ;
#5597 = AXIS2_PLACEMENT_3D ( 'NONE', #2155, #5382, #1219 ) ;
#5598 = ORIENTED_EDGE ( 'NONE', *, *, #709, .T. ) ;
#5599 = VECTOR ( 'NONE', #2241, 1.000000000000000000 ) ;
#5600 = ORIENTED_EDGE ( 'NONE', *, *, #1901, .F. ) ;
#5601 = DIRECTION ( 'NONE',  ( -1.000000000000000000, 0.000000000000000000, 0.000000000000000000 ) ) ;
#5602 = DIRECTION ( 'NONE',  ( -1.432545838226008708E-17, 1.000000000000000000, -0.000000000000000000 ) ) ;
#5603 = CARTESIAN_POINT ( 'NONE',  ( -1.949999999999999734, -0.3418139511719356927, -1.135000000000000231 ) ) ;
#5604 = CARTESIAN_POINT ( 'NONE',  ( -11.82500000000000107, 0.000000000000000000, 0.000000000000000000 ) ) ;
#5605 = AXIS2_PLACEMENT_3D ( 'NONE', #187, #4083, #790 ) ;
#5606 = ADVANCED_FACE ( 'NONE', ( #2085 ), #3506, .F. ) ;
#5607 = ORIENTED_EDGE ( 'NONE', *, *, #238, .F. ) ;
#5608 = CARTESIAN_POINT ( 'NONE',  ( -1.950000000000000622, 0.8999999999999999112, -0.9100000000000001421 ) ) ;
#5609 = CARTESIAN_POINT ( 'NONE',  ( -4.318749999999996092, 0.5602425708315851294, -0.9600000000000008527 ) ) ;
#5610 = VERTEX_POINT ( 'NONE', #2580 ) ;
#5611 = ORIENTED_EDGE ( 'NONE', *, *, #3159, .T. ) ;
#5612 = EDGE_CURVE ( 'NONE', #2198, #3762, #2089, .T. ) ;
#5614 = DIRECTION ( 'NONE',  ( 1.000000000000000000, 0.000000000000000000, 0.000000000000000000 ) ) ;
#5613 = VECTOR ( 'NONE', #840, 1.000000000000000000 ) ;
#5615 = EDGE_LOOP ( 'NONE', ( #165, #893, #2816, #1087 ) ) ;
#5616 = DIRECTION ( 'NONE',  ( 0.000000000000000000, 0.000000000000000000, -1.000000000000000000 ) ) ;
#5617 = DIRECTION ( 'NONE',  ( 1.000000000000000000, -0.000000000000000000, 0.000000000000000000 ) ) ;
#5618 = VECTOR ( 'NONE', #1902, 1.000000000000000000 ) ;
#5619 = CARTESIAN_POINT ( 'NONE',  ( -13.82858983848622536, -0.9899999999999984368, -3.423488475815656962 ) ) ;
#5620 = EDGE_CURVE ( 'NONE', #5792, #2832, #4046, .T. ) ;
#5621 = EDGE_LOOP ( 'NONE', ( #6013, #4213, #4724, #4181 ) ) ;
#5622 = AXIS2_PLACEMENT_3D ( 'NONE', #3717, #968, #5082 ) ;
#5623 = VERTEX_POINT ( 'NONE', #3735 ) ;
#5624 = EDGE_CURVE ( 'NONE', #5708, #2340, #4565, .T. ) ;
#5625 = DIRECTION ( 'NONE',  ( -1.000000000000000000, 0.000000000000000000, 0.000000000000000000 ) ) ;
#5626 = AXIS2_PLACEMENT_3D ( 'NONE', #52, #4170, #5625 ) ;
#5627 = PLANE ( 'NONE',  #3646 ) ;
#5628 = CYLINDRICAL_SURFACE ( 'NONE', #5680, 0.2500000000000000000 ) ;
#5629 = CARTESIAN_POINT ( 'NONE',  ( -4.215741725297261766, -0.9899999999999993250, -0.9600000000000001865 ) ) ;
#5630 = CARTESIAN_POINT ( 'NONE',  ( -13.72858983848622572, 0.3418139511719356927, -0.9599999999999999645 ) ) ;
#5631 = ORIENTED_EDGE ( 'NONE', *, *, #1125, .T. ) ;
#5632 = ADVANCED_FACE ( 'NONE', ( #14 ), #440, .F. ) ;
#5633 = VERTEX_POINT ( 'NONE', #3185 ) ;
#5634 = DIRECTION ( 'NONE',  ( -0.000000000000000000, 1.000000000000000000, -0.000000000000000000 ) ) ;
#5635 = DIRECTION ( 'NONE',  ( 0.000000000000000000, 1.000000000000000000, 0.000000000000000000 ) ) ;
#5636 = DIRECTION ( 'NONE',  ( 1.000000000000000000, 0.000000000000000000, -0.000000000000000000 ) ) ;
#5637 = FACE_OUTER_BOUND ( 'NONE', #2080, .T. ) ;
#5638 = VECTOR ( 'NONE', #3125, 1.000000000000000000 ) ;
#5639 = VERTEX_POINT ( 'NONE', #5046 ) ;
#5640 = VECTOR ( 'NONE', #645, 1.000000000000000000 ) ;
#5641 = CARTESIAN_POINT ( 'NONE',  ( -4.868749999999996803, 0.9899999999999981037, -0.9600000000000014078 ) ) ;
#5642 = DIRECTION ( 'NONE',  ( -1.000000000000000000, 0.000000000000000000, 0.000000000000000000 ) ) ;
#5643 = EDGE_LOOP ( 'NONE', ( #5607, #5741, #2200, #5009 ) ) ;
#5644 = VERTEX_POINT ( 'NONE', #1358 ) ;
#5645 = ORIENTED_EDGE ( 'NONE', *, *, #5389, .F. ) ;
#5646 = CARTESIAN_POINT ( 'NONE',  ( -14.17500000000000071, 1.189999999999997504, -0.9600000000000001865 ) ) ;
#5647 = ORIENTED_EDGE ( 'NONE', *, *, #597, .T. ) ;
#5648 = VECTOR ( 'NONE', #2130, 1.000000000000000000 ) ;
#5649 = DIRECTION ( 'NONE',  ( -1.000000000000000000, 0.000000000000000000, 0.000000000000000000 ) ) ;
#5650 = LINE ( 'NONE', #530, #3111 ) ;
#5651 = CARTESIAN_POINT ( 'NONE',  ( -14.17500000000000071, -0.8750000000000000000, -1.140000000000000124 ) ) ;
#5652 = ORIENTED_EDGE ( 'NONE', *, *, #4890, .T. ) ;
#5653 = ORIENTED_EDGE ( 'NONE', *, *, #1169, .T. ) ;
#5654 = FACE_OUTER_BOUND ( 'NONE', #2688, .T. ) ;
#5655 = EDGE_CURVE ( 'NONE', #5007, #2476, #2327, .T. ) ;
#5656 = CARTESIAN_POINT ( 'NONE',  ( -4.181529920558541669, -0.6530577941862264479, -1.135000000000000231 ) ) ;
#5657 = DIRECTION ( 'NONE',  ( -0.000000000000000000, 0.000000000000000000, 1.000000000000000000 ) ) ;
#5658 = ADVANCED_FACE ( 'NONE', ( #3673 ), #4075, .F. ) ;
#5659 = DIRECTION ( 'NONE',  ( -1.000000000000000000, 0.000000000000000000, -0.000000000000000000 ) ) ;
#5660 = DIRECTION ( 'NONE',  ( -1.000000000000000000, 0.000000000000000000, 0.000000000000000000 ) ) ;
#5661 = ORIENTED_EDGE ( 'NONE', *, *, #4410, .T. ) ;
#5662 = EDGE_LOOP ( 'NONE', ( #229, #693, #561, #5456 ) ) ;
#5663 = CARTESIAN_POINT ( 'NONE',  ( -5.576316527040904525, 1.189999999999998392, -0.6600000000000010303 ) ) ;
#5664 = DIRECTION ( 'NONE',  ( 1.000000000000000000, 0.000000000000000000, 0.000000000000000000 ) ) ;
#5665 = CARTESIAN_POINT ( 'NONE',  ( -14.79499999999999993, -0.8750000000000000000, -1.060000000000000053 ) ) ;
#5666 = VECTOR ( 'NONE', #5676, 1.000000000000000000 ) ;
#5667 = EDGE_CURVE ( 'NONE', #921, #5710, #1866, .T. ) ;
#5668 = EDGE_CURVE ( 'NONE', #2605, #2576, #4130, .T. ) ;
#5669 = EDGE_CURVE ( 'NONE', #4523, #1980, #5100, .T. ) ;
#5670 = ORIENTED_EDGE ( 'NONE', *, *, #742, .T. ) ;
#5671 = LINE ( 'NONE', #4675, #587 ) ;
#5672 = LINE ( 'NONE', #127, #5511 ) ;
#5673 = ORIENTED_EDGE ( 'NONE', *, *, #4935, .F. ) ;
#5674 = EDGE_LOOP ( 'NONE', ( #1774, #5965, #5259, #356 ) ) ;
#5675 = EDGE_LOOP ( 'NONE', ( #4235, #865, #2136, #3239 ) ) ;
#5676 = DIRECTION ( 'NONE',  ( 0.000000000000000000, -1.000000000000000000, 0.000000000000000000 ) ) ;
#5677 = ORIENTED_EDGE ( 'NONE', *, *, #4304, .F. ) ;
#5678 = DIRECTION ( 'NONE',  ( 0.000000000000000000, -0.1402661271484180461, -0.9901138386947149206 ) ) ;
#5679 = LINE ( 'NONE', #2393, #684 ) ;
#5680 = AXIS2_PLACEMENT_3D ( 'NONE', #3195, #4691, #20 ) ;
#5681 = ORIENTED_EDGE ( 'NONE', *, *, #3655, .F. ) ;
#5682 = AXIS2_PLACEMENT_3D ( 'NONE', #1719, #4300, #1035 ) ;
#5683 = EDGE_LOOP ( 'NONE', ( #2299, #2232, #2967, #4771, #2004, #690, #2801, #4643, #5198, #3855, #1012, #2781, #4120, #4078, #2005, #5734 ) ) ;
#5684 = DIRECTION ( 'NONE',  ( -1.000000000000000000, 3.516425831278393658E-17, 1.406570332511357463E-16 ) ) ;
#5685 = DIRECTION ( 'NONE',  ( 0.000000000000000000, 0.000000000000000000, 1.000000000000000000 ) ) ;
#5686 = DIRECTION ( 'NONE',  ( -0.9848077530122093526, 0.000000000000000000, 0.1736481776669237809 ) ) ;
#5687 = AXIS2_PLACEMENT_3D ( 'NONE', #2336, #1391, #4661 ) ;
#5688 = DIRECTION ( 'NONE',  ( 0.000000000000000000, 0.1699069165076472487, -0.9854601157443478865 ) ) ;
#5689 = DIRECTION ( 'NONE',  ( 0.000000000000000000, -0.000000000000000000, 1.000000000000000000 ) ) ;
#5690 = CIRCLE ( 'NONE', #4425, 0.1499999999999999112 ) ;
#5691 = EDGE_CURVE ( 'NONE', #3532, #5232, #5695, .T. ) ;
#5692 = EDGE_CURVE ( 'NONE', #5914, #5768, #839, .T. ) ;
#5693 = CIRCLE ( 'NONE', #537, 0.1000000000000000888 ) ;
#5694 = ORIENTED_EDGE ( 'NONE', *, *, #5620, .F. ) ;
#5695 = CIRCLE ( 'NONE', #639, 6.000000000000000000 ) ;
#5696 = ORIENTED_EDGE ( 'NONE', *, *, #4113, .F. ) ;
#5697 = CARTESIAN_POINT ( 'NONE',  ( -2.553008274702737168, 0.000000000000000000, -1.135000000000000231 ) ) ;
#5698 = AXIS2_PLACEMENT_3D ( 'NONE', #1385, #2790, #5583 ) ;
#5699 = DIRECTION ( 'NONE',  ( 0.000000000000000000, 0.000000000000000000, 1.000000000000000000 ) ) ;
#5700 = CARTESIAN_POINT ( 'NONE',  ( 0.000000000000000000, 0.000000000000000000, -1.135000000000000231 ) ) ;
#5701 = CARTESIAN_POINT ( 'NONE',  ( -11.82500000000000107, 0.8000000000000000444, -0.9100000000000001421 ) ) ;
#5702 = CIRCLE ( 'NONE', #3080, 0.2500000000000000000 ) ;
#5703 = AXIS2_PLACEMENT_3D ( 'NONE', #4418, #2092, #3992 ) ;
#5704 = ORIENTED_EDGE ( 'NONE', *, *, #5997, .F. ) ;
#5705 = ADVANCED_FACE ( 'NONE', ( #3249 ), #870, .F. ) ;
#5706 = CYLINDRICAL_SURFACE ( 'NONE', #5535, 6.000000000000000000 ) ;
#5707 = CARTESIAN_POINT ( 'NONE',  ( 0.000000000000000000, 0.000000000000000000, -1.135000000000000231 ) ) ;
#5708 = VERTEX_POINT ( 'NONE', #3126 ) ;
#5709 = ORIENTED_EDGE ( 'NONE', *, *, #3462, .F. ) ;
#5710 = VERTEX_POINT ( 'NONE', #1748 ) ;
#5711 = DIRECTION ( 'NONE',  ( -0.000000000000000000, 0.000000000000000000, 1.000000000000000000 ) ) ;
#5712 = DIRECTION ( 'NONE',  ( 0.000000000000000000, -1.000000000000000000, 0.000000000000000000 ) ) ;
#5713 = ORIENTED_EDGE ( 'NONE', *, *, #5570, .T. ) ;
#5714 = ORIENTED_EDGE ( 'NONE', *, *, #5937, .T. ) ;
#5715 = DIRECTION ( 'NONE',  ( -0.000000000000000000, 0.000000000000000000, 1.000000000000000000 ) ) ;
#5716 = CARTESIAN_POINT ( 'NONE',  ( -3.921569072607348438, -5.431508564030775865, -0.9607596123493884477 ) ) ;
#5717 = LINE ( 'NONE', #2461, #5776 ) ;
#5718 = CARTESIAN_POINT ( 'NONE',  ( 0.000000000000000000, -0.8750000000000000000, -0.9800000000000000933 ) ) ;
#5719 = DIRECTION ( 'NONE',  ( -0.9281522335464011952, 0.3722007944145562797, -0.000000000000000000 ) ) ;
#5720 = VECTOR ( 'NONE', #1998, 1.000000000000000000 ) ;
#5721 = ORIENTED_EDGE ( 'NONE', *, *, #5830, .F. ) ;
#5722 = VERTEX_POINT ( 'NONE', #1328 ) ;
#5723 = DIRECTION ( 'NONE',  ( -1.000000000000000000, 0.000000000000000000, 0.000000000000000000 ) ) ;
#5724 = CARTESIAN_POINT ( 'NONE',  ( -9.306250000000003908, 0.9899999999999984368, -1.135000000000000231 ) ) ;
#5725 = CARTESIAN_POINT ( 'NONE',  ( -1.950000000000000622, 0.8000000000000000444, -0.9100000000000001421 ) ) ;
#5726 = LINE ( 'NONE', #5701, #2703 ) ;
#5727 = ADVANCED_FACE ( 'NONE', ( #4988 ), #2724, .F. ) ;
#5728 = ORIENTED_EDGE ( 'NONE', *, *, #223, .F. ) ;
#5729 = LINE ( 'NONE', #824, #3029 ) ;
#5730 = CARTESIAN_POINT ( 'NONE',  ( -6.240624999999996092, 0.9899999999999979927, -0.9600000000000010747 ) ) ;
#5731 = EDGE_CURVE ( 'NONE', #583, #2597, #1993, .T. ) ;
#5732 = VECTOR ( 'NONE', #5013, 1.000000000000000000 ) ;
#5733 = ORIENTED_EDGE ( 'NONE', *, *, #3256, .F. ) ;
#5734 = ORIENTED_EDGE ( 'NONE', *, *, #3354, .T. ) ;
#5735 = ORIENTED_EDGE ( 'NONE', *, *, #3655, .T. ) ;
#5736 = AXIS2_PLACEMENT_3D ( 'NONE', #5059, #3721, #5959 ) ;
#5737 = ORIENTED_EDGE ( 'NONE', *, *, #5570, .F. ) ;
#5738 = CARTESIAN_POINT ( 'NONE',  ( -9.856250000000004619, 0.7080847830052794389, -1.135000000000000231 ) ) ;
#5739 = DIRECTION ( 'NONE',  ( 1.000000000000000000, 0.000000000000000000, 0.000000000000000000 ) ) ;
#5740 = ADVANCED_FACE ( 'NONE', ( #5074 ), #1770, .F. ) ;
#5741 = ORIENTED_EDGE ( 'NONE', *, *, #5563, .T. ) ;
#5742 = ADVANCED_FACE ( 'NONE', ( #4621, #6010, #1835 ), #5551, .F. ) ;
#5743 = DIRECTION ( 'NONE',  ( -1.000000000000000000, 0.000000000000000000, 0.000000000000000000 ) ) ;
#5744 = ADVANCED_FACE ( 'NONE', ( #2819 ), #4684, .F. ) ;
#5745 = CARTESIAN_POINT ( 'NONE',  ( 0.6199999999999999956, -0.8750000000000000000, -1.060000000000000053 ) ) ;
#5746 = FACE_OUTER_BOUND ( 'NONE', #3450, .T. ) ;
#5747 = CARTESIAN_POINT ( 'NONE',  ( -10.82500000000000107, -1.190000000000000391, -0.9600000000000001865 ) ) ;
#5748 = LINE ( 'NONE', #1122, #3972 ) ;
#5749 = AXIS2_PLACEMENT_3D ( 'NONE', #4730, #3816, #1463 ) ;
#5750 = ORIENTED_EDGE ( 'NONE', *, *, #5542, .F. ) ;
#5751 = ORIENTED_EDGE ( 'NONE', *, *, #2151, .F. ) ;
#5752 = FACE_OUTER_BOUND ( 'NONE', #4505, .T. ) ;
#5753 = CARTESIAN_POINT ( 'NONE',  ( -14.79499999999999993, -0.8750000000000000000, -0.9100000000000001421 ) ) ;
#5754 = FACE_OUTER_BOUND ( 'NONE', #2137, .T. ) ;
#5755 = CARTESIAN_POINT ( 'NONE',  ( -12.22500000000000142, 0.2418139511719357149, -0.9600000000000001865 ) ) ;
#5756 = EDGE_CURVE ( 'NONE', #4432, #4557, #51, .T. ) ;
#5757 = VERTEX_POINT ( 'NONE', #5136 ) ;
#5758 = DIRECTION ( 'NONE',  ( -0.000000000000000000, 0.000000000000000000, 1.000000000000000000 ) ) ;
#5759 = DIRECTION ( 'NONE',  ( 1.000000000000000000, 0.000000000000000000, 0.000000000000000000 ) ) ;
#5760 = VECTOR ( 'NONE', #1943, 1.000000000000000000 ) ;
#5761 = ORIENTED_EDGE ( 'NONE', *, *, #4789, .T. ) ;
#5762 = EDGE_CURVE ( 'NONE', #1361, #5322, #1603, .T. ) ;
#5763 = ORIENTED_EDGE ( 'NONE', *, *, #4485, .T. ) ;
#5764 = ORIENTED_EDGE ( 'NONE', *, *, #4789, .F. ) ;
#5765 = EDGE_LOOP ( 'NONE', ( #2487, #3539, #1245, #2753 ) ) ;
#5766 = DIRECTION ( 'NONE',  ( 0.000000000000000000, -0.000000000000000000, -1.000000000000000000 ) ) ;
#5767 = DIRECTION ( 'NONE',  ( 0.9848077530122093526, 0.000000000000000000, 0.1736481776669233368 ) ) ;
#5768 = VERTEX_POINT ( 'NONE', #5294 ) ;
#5769 = PLANE ( 'NONE',  #3680 ) ;
#5770 = ORIENTED_EDGE ( 'NONE', *, *, #1785, .F. ) ;
#5771 = DIRECTION ( 'NONE',  ( 0.000000000000000000, 1.000000000000000000, 0.000000000000000000 ) ) ;
#5772 = FACE_OUTER_BOUND ( 'NONE', #2908, .T. ) ;
#5773 = DIRECTION ( 'NONE',  ( 0.9848077530122090195, -6.170617240062187410E-17, -0.1736481776669255017 ) ) ;
#5774 = CARTESIAN_POINT ( 'NONE',  ( -13.57858983848622536, 0.9899999999999984368, -1.135000000000000231 ) ) ;
#5775 = AXIS2_PLACEMENT_3D ( 'NONE', #3605, #4001, #250 ) ;
#5776 = VECTOR ( 'NONE', #1547, 1.000000000000000000 ) ;
#5777 = ADVANCED_FACE ( 'NONE', ( #1725 ), #704, .F. ) ;
#5778 = ORIENTED_EDGE ( 'NONE', *, *, #3611, .T. ) ;
#5779 = ORIENTED_EDGE ( 'NONE', *, *, #517, .F. ) ;
#5780 = DIRECTION ( 'NONE',  ( -0.000000000000000000, 0.000000000000000000, 1.000000000000000000 ) ) ;
#5781 = CARTESIAN_POINT ( 'NONE',  ( -1.949999999999999734, -0.2418139511719357149, -1.135000000000000231 ) ) ;
#5782 = CARTESIAN_POINT ( 'NONE',  ( -8.984375000000005329, 0.7399999999999978817, -0.9600000000000001865 ) ) ;
#5783 = CARTESIAN_POINT ( 'NONE',  ( 0.5886859966642593589, -0.8750000000000000000, -1.060000000000000053 ) ) ;
#5784 = DIRECTION ( 'NONE',  ( 0.000000000000000000, 0.000000000000000000, 1.000000000000000000 ) ) ;
#5785 = AXIS2_PLACEMENT_3D ( 'NONE', #2052, #5287, #3040 ) ;
#5786 = VECTOR ( 'NONE', #788, 1.000000000000000000 ) ;
#5787 = FACE_OUTER_BOUND ( 'NONE', #3254, .T. ) ;
#5788 = CARTESIAN_POINT ( 'NONE',  ( -11.82500000000000107, -0.3896561633456271934, -0.9600000000000001865 ) ) ;
#5789 = CARTESIAN_POINT ( 'NONE',  ( -12.32500000000000107, 0.3418139511719356927, 0.000000000000000000 ) ) ;
#5790 = AXIS2_PLACEMENT_3D ( 'NONE', #843, #4140, #3681 ) ;
#5791 = EDGE_LOOP ( 'NONE', ( #4829, #5364, #2643, #3210 ) ) ;
#5792 = VERTEX_POINT ( 'NONE', #5811 ) ;
#5793 = EDGE_CURVE ( 'NONE', #2449, #4279, #4481, .T. ) ;
#5794 = VERTEX_POINT ( 'NONE', #271 ) ;
#5795 = VERTEX_POINT ( 'NONE', #4967 ) ;
#5796 = DIRECTION ( 'NONE',  ( 1.000000000000000000, 7.401486830834376525E-17, 0.000000000000000000 ) ) ;
#5797 = LINE ( 'NONE', #258, #4775 ) ;
#5798 = ADVANCED_FACE ( 'NONE', ( #2589 ), #2647, .F. ) ;
#5799 = ORIENTED_EDGE ( 'NONE', *, *, #4861, .T. ) ;
#5800 = CARTESIAN_POINT ( 'NONE',  ( -11.57500000000000107, -0.9899999999999991029, -1.135000000000000231 ) ) ;
#5801 = VERTEX_POINT ( 'NONE', #5418 ) ;
#5802 = FACE_OUTER_BOUND ( 'NONE', #5223, .T. ) ;
#5803 = DIRECTION ( 'NONE',  ( 1.000000000000000000, -0.000000000000000000, 0.000000000000000000 ) ) ;
#5804 = CARTESIAN_POINT ( 'NONE',  ( -14.17500000000000071, -1.190000000000001057, -0.9600000000000001865 ) ) ;
#5805 = DIRECTION ( 'NONE',  ( -1.000000000000000000, 0.000000000000000000, 0.000000000000000000 ) ) ;
#5806 = ADVANCED_FACE ( 'NONE', ( #2059 ), #302, .T. ) ;
#5807 = EDGE_CURVE ( 'NONE', #5795, #895, #5324, .T. ) ;
#5808 = ORIENTED_EDGE ( 'NONE', *, *, #5692, .T. ) ;
#5809 = ORIENTED_EDGE ( 'NONE', *, *, #1731, .T. ) ;
#5810 = LINE ( 'NONE', #1159, #251 ) ;
#5811 = CARTESIAN_POINT ( 'NONE',  ( -14.76368599666425929, -0.8750000000000000000, -0.9800000000000000933 ) ) ;
#5812 = CARTESIAN_POINT ( 'NONE',  ( -12.32500000000000107, -0.2418139511719357149, -0.9600000000000001865 ) ) ;
#5813 = CIRCLE ( 'NONE', #5034, 0.2500000000000000000 ) ;
#5814 = PLANE ( 'NONE',  #2869 ) ;
#5815 = LINE ( 'NONE', #1642, #4463 ) ;
#5816 = VECTOR ( 'NONE', #3820, 1.000000000000000000 ) ;
#5817 = CIRCLE ( 'NONE', #4950, 0.09999999999999997780 ) ;
#5818 = ADVANCED_FACE ( 'NONE', ( #243 ), #4056, .F. ) ;
#5819 = VECTOR ( 'NONE', #4112, 1.000000000000000000 ) ;
#5820 = ADVANCED_FACE ( 'NONE', ( #5381 ), #4451, .F. ) ;
#5822 = AXIS2_PLACEMENT_3D ( 'NONE', #2019, #226, #2568 ) ;
#5821 = LINE ( 'NONE', #2097, #4189 ) ;
#5823 = DIRECTION ( 'NONE',  ( 1.000000000000000000, 0.000000000000000000, 0.000000000000000000 ) ) ;
#5824 = ORIENTED_EDGE ( 'NONE', *, *, #2255, .F. ) ;
#5825 = EDGE_LOOP ( 'NONE', ( #3915, #2427, #1629, #4381 ) ) ;
#5826 = ORIENTED_EDGE ( 'NONE', *, *, #5691, .T. ) ;
#5827 = EDGE_LOOP ( 'NONE', ( #5159, #5763, #641, #3676, #1139 ) ) ;
#5828 = DIRECTION ( 'NONE',  ( 6.265808957320107111E-17, -1.000000000000000000, 0.000000000000000000 ) ) ;
#5829 = PLANE ( 'NONE',  #4575 ) ;
#5830 = EDGE_CURVE ( 'NONE', #4491, #5644, #5702, .T. ) ;
#5831 = VECTOR ( 'NONE', #5518, 1.000000000000000222 ) ;
#5832 = ORIENTED_EDGE ( 'NONE', *, *, #1300, .T. ) ;
#5833 = CARTESIAN_POINT ( 'NONE',  ( -11.72500000000000142, -0.3896561633456271934, -1.135000000000000231 ) ) ;
#5834 = VERTEX_POINT ( 'NONE', #1606 ) ;
#5835 = DIRECTION ( 'NONE',  ( -0.000000000000000000, 0.000000000000000000, -1.000000000000000000 ) ) ;
#5836 = PLANE ( 'NONE',  #4535 ) ;
#5837 = CARTESIAN_POINT ( 'NONE',  ( -3.930251481490694587, 5.431508564030775865, -1.059999999999999165 ) ) ;
#5838 = ADVANCED_FACE ( 'NONE', ( #3994 ), #4511, .F. ) ;
#5839 = ORIENTED_EDGE ( 'NONE', *, *, #5926, .F. ) ;
#5840 = ADVANCED_FACE ( 'NONE', ( #2093 ), #211, .F. ) ;
#5841 = ORIENTED_EDGE ( 'NONE', *, *, #5344, .T. ) ;
#5842 = EDGE_CURVE ( 'NONE', #4814, #2719, #3107, .T. ) ;
#5843 = CARTESIAN_POINT ( 'NONE',  ( 0.000000000000000000, 0.8750000000000000000, -1.060000000000000053 ) ) ;
#5844 = CARTESIAN_POINT ( 'NONE',  ( -8.734375000000005329, 0.9899999999999984368, -1.135000000000000231 ) ) ;
#5845 = CARTESIAN_POINT ( 'NONE',  ( 0.000000000000000000, -1.189999999999998392, -0.9600000000000001865 ) ) ;
#5846 = CARTESIAN_POINT ( 'NONE',  ( -11.82500000000000107, -0.7400000000000006573, -1.135000000000000231 ) ) ;
#5847 = DIRECTION ( 'NONE',  ( 1.000000000000000000, 0.000000000000000000, 0.000000000000000000 ) ) ;
#5848 = CIRCLE ( 'NONE', #3229, 0.09999999999999964473 ) ;
#5849 = DIRECTION ( 'NONE',  ( 1.000000000000000000, 0.000000000000000000, 0.000000000000000000 ) ) ;
#5850 = LINE ( 'NONE', #283, #5478 ) ;
#5851 = ORIENTED_EDGE ( 'NONE', *, *, #457, .F. ) ;
#5852 = EDGE_CURVE ( 'NONE', #3901, #4359, #1227, .T. ) ;
#5853 = EDGE_LOOP ( 'NONE', ( #617, #4249, #4706, #3436 ) ) ;
#5854 = ADVANCED_FACE ( 'NONE', ( #3962 ), #1639, .F. ) ;
#5855 = EDGE_CURVE ( 'NONE', #203, #5484, #4904, .T. ) ;
#5856 = ORIENTED_EDGE ( 'NONE', *, *, #552, .F. ) ;
#5857 = ORIENTED_EDGE ( 'NONE', *, *, #4734, .T. ) ;
#5858 = DIRECTION ( 'NONE',  ( 0.9281522335464011952, 0.3722007944145563907, 0.000000000000000000 ) ) ;
#5859 = FACE_OUTER_BOUND ( 'NONE', #1544, .T. ) ;
#5860 = EDGE_LOOP ( 'NONE', ( #400, #167, #1916, #5169 ) ) ;
#5861 = LINE ( 'NONE', #1240, #3097 ) ;
#5862 = ORIENTED_EDGE ( 'NONE', *, *, #3056, .F. ) ;
#5863 = CYLINDRICAL_SURFACE ( 'NONE', #3364, 0.2500000000000000000 ) ;
#5864 = CARTESIAN_POINT ( 'NONE',  ( -2.350000000000001421, -0.7399999999999988809, -1.135000000000000231 ) ) ;
#5865 = CARTESIAN_POINT ( 'NONE',  ( -5.576316527040901860, -1.189999999999998392, -6.660000000000001030 ) ) ;
#5866 = ORIENTED_EDGE ( 'NONE', *, *, #3662, .T. ) ;
#5867 = VERTEX_POINT ( 'NONE', #183 ) ;
#5868 = CYLINDRICAL_SURFACE ( 'NONE', #5790, 0.03500000000000014211 ) ;
#5869 = CARTESIAN_POINT ( 'NONE',  ( -0.3464101615137745172, 0.9899999999999984368, -3.423488475815656962 ) ) ;
#5870 = DIRECTION ( 'NONE',  ( -1.000000000000000000, -0.000000000000000000, -0.000000000000000000 ) ) ;
#5871 = FACE_OUTER_BOUND ( 'NONE', #518, .T. ) ;
#5872 = CARTESIAN_POINT ( 'NONE',  ( -2.487220079441456289, 0.2968409399909899271, -3.423488475815656962 ) ) ;
#5873 = VECTOR ( 'NONE', #2367, 1.000000000000000000 ) ;
#5874 = VECTOR ( 'NONE', #3903, 1.000000000000000000 ) ;
#5875 = CARTESIAN_POINT ( 'NONE',  ( -4.034427420795908326, 0.9549999999999980727, -0.9599999999999999645 ) ) ;
#5876 = CARTESIAN_POINT ( 'NONE',  ( -10.29474851850930861, 1.089999999999998082, -1.009999999999998233 ) ) ;
#5877 = CIRCLE ( 'NONE', #4233, 0.09999999999999997780 ) ;
#5878 = EDGE_LOOP ( 'NONE', ( #4426, #3658, #1258, #2072 ) ) ;
#5879 = VECTOR ( 'NONE', #3118, 1.000000000000000000 ) ;
#5880 = VECTOR ( 'NONE', #2640, 1.000000000000000000 ) ;
#5881 = VERTEX_POINT ( 'NONE', #2441 ) ;
#5882 = AXIS2_PLACEMENT_3D ( 'NONE', #5519, #5490, #4103 ) ;
#5883 = ORIENTED_EDGE ( 'NONE', *, *, #4410, .F. ) ;
#5884 = CARTESIAN_POINT ( 'NONE',  ( -11.82499999999999929, 0.9899999999999984368, -1.135000000000000231 ) ) ;
#5885 = VECTOR ( 'NONE', #1478, 1.000000000000000000 ) ;
#5886 = VERTEX_POINT ( 'NONE', #122 ) ;
#5887 = VECTOR ( 'NONE', #3742, 1.000000000000000000 ) ;
#5888 = ADVANCED_FACE ( 'NONE', ( #3100 ), #779, .F. ) ;
#5889 = VERTEX_POINT ( 'NONE', #5325 ) ;
#5890 = LINE ( 'NONE', #1716, #2554 ) ;
#5891 = ORIENTED_EDGE ( 'NONE', *, *, #2132, .T. ) ;
#5893 = CARTESIAN_POINT ( 'NONE',  ( -9.623207721193939079, -5.431508564030776753, -0.8496342572279647065 ) ) ;
#5892 = LINE ( 'NONE', #3932, #5874 ) ;
#5894 = AXIS2_PLACEMENT_3D ( 'NONE', #1558, #3134, #4996 ) ;
#5895 = LINE ( 'NONE', #4444, #1317 ) ;
#5896 = LINE ( 'NONE', #5437, #4757 ) ;
#5897 = ORIENTED_EDGE ( 'NONE', *, *, #1054, .F. ) ;
#5898 = ORIENTED_EDGE ( 'NONE', *, *, #2764, .F. ) ;
#5899 = LINE ( 'NONE', #2153, #4053 ) ;
#5900 = DIRECTION ( 'NONE',  ( -1.483886295880788311E-16, 1.000000000000000000, 0.000000000000000000 ) ) ;
#5901 = CARTESIAN_POINT ( 'NONE',  ( -1.950000000000000622, -0.2000000000000000111, -0.8250000000000000666 ) ) ;
#5902 = ORIENTED_EDGE ( 'NONE', *, *, #2625, .T. ) ;
#5903 = LINE ( 'NONE', #791, #2477 ) ;
#5904 = CARTESIAN_POINT ( 'NONE',  ( -12.22500000000000142, 0.8000000000000000444, -0.9100000000000001421 ) ) ;
#5905 = CIRCLE ( 'NONE', #4461, 6.000000000000000000 ) ;
#5906 = CARTESIAN_POINT ( 'NONE',  ( -1.950000000000000622, -0.8000000000000000444, -0.9100000000000001421 ) ) ;
#5907 = CARTESIAN_POINT ( 'NONE',  ( -11.82500000000000107, -1.189999999999998392, -0.9600000000000001865 ) ) ;
#5908 = CIRCLE ( 'NONE', #2210, 0.2500000000000000000 ) ;
#5909 = ORIENTED_EDGE ( 'NONE', *, *, #979, .F. ) ;
#5910 = EDGE_CURVE ( 'NONE', #5792, #5322, #676, .T. ) ;
#5911 = ORIENTED_EDGE ( 'NONE', *, *, #2820, .T. ) ;
#5912 = FACE_OUTER_BOUND ( 'NONE', #1049, .T. ) ;
#5913 = DIRECTION ( 'NONE',  ( 0.000000000000000000, 0.000000000000000000, 1.000000000000000000 ) ) ;
#5914 = VERTEX_POINT ( 'NONE', #5753 ) ;
#5915 = VERTEX_POINT ( 'NONE', #1161 ) ;
#5916 = CYLINDRICAL_SURFACE ( 'NONE', #5184, 0.05000000000000071054 ) ;
#5917 = EDGE_LOOP ( 'NONE', ( #4768, #5426, #1116, #410 ) ) ;
#5918 = CARTESIAN_POINT ( 'NONE',  ( -12.22500000000000142, -0.2000000000000000111, -0.8250000000000000666 ) ) ;
#5919 = CARTESIAN_POINT ( 'NONE',  ( -2.450000000000000622, -0.3896561633456276930, -3.423488475815656962 ) ) ;
#5920 = DIRECTION ( 'NONE',  ( 1.000000000000000000, 0.000000000000000000, 0.000000000000000000 ) ) ;
#5921 = VECTOR ( 'NONE', #930, 1.000000000000000000 ) ;
#5922 = ORIENTED_EDGE ( 'NONE', *, *, #4234, .F. ) ;
#5923 = ADVANCED_FACE ( 'NONE', ( #4501 ), #2639, .F. ) ;
#5924 = ORIENTED_EDGE ( 'NONE', *, *, #2453, .T. ) ;
#5925 = ADVANCED_FACE ( 'NONE', ( #644 ), #4794, .F. ) ;
#5926 = EDGE_CURVE ( 'NONE', #2362, #3802, #2896, .T. ) ;
#5927 = CARTESIAN_POINT ( 'NONE',  ( -12.22500000000000142, -1.190000000000000613, -0.9600000000000001865 ) ) ;
#5928 = CIRCLE ( 'NONE', #2034, 0.2500000000000000000 ) ;
#5929 = CARTESIAN_POINT ( 'NONE',  ( -1.629192649327036635E-15, -0.9899999999999984368, -0.9600000000000022959 ) ) ;
#5930 = FACE_OUTER_BOUND ( 'NONE', #3032, .T. ) ;
#5931 = CARTESIAN_POINT ( 'NONE',  ( -14.76368599666425929, -0.8750000000000000000, -1.209999999999999964 ) ) ;
#5932 = FACE_OUTER_BOUND ( 'NONE', #5621, .T. ) ;
#5933 = CARTESIAN_POINT ( 'NONE',  ( -14.17500000000000071, 1.189999999999997504, -1.160000000000000142 ) ) ;
#5934 = AXIS2_PLACEMENT_3D ( 'NONE', #1137, #2593, #4455 ) ;
#5935 = FACE_OUTER_BOUND ( 'NONE', #1723, .T. ) ;
#5936 = DIRECTION ( 'NONE',  ( -1.000000000000000000, 0.000000000000000000, 0.000000000000000000 ) ) ;
#5937 = EDGE_CURVE ( 'NONE', #285, #40, #5577, .T. ) ;
#5938 = ORIENTED_EDGE ( 'NONE', *, *, #1517, .T. ) ;
#5939 = DIRECTION ( 'NONE',  ( 1.000000000000000000, -7.526935760170552482E-17, -6.172087323339852641E-15 ) ) ;
#5940 = CARTESIAN_POINT ( 'NONE',  ( -14.17500000000000071, -0.8750000000000000000, -1.060000000000000053 ) ) ;
#5941 = ADVANCED_FACE ( 'NONE', ( #2031 ), #3422, .F. ) ;
#5942 = ORIENTED_EDGE ( 'NONE', *, *, #566, .F. ) ;
#5943 = ORIENTED_EDGE ( 'NONE', *, *, #2015, .T. ) ;
#5944 = DIRECTION ( 'NONE',  ( -1.000000000000000000, -1.850371707708594316E-16, 0.000000000000000000 ) ) ;
#5945 = ORIENTED_EDGE ( 'NONE', *, *, #4338, .T. ) ;
#5947 = LINE ( 'NONE', #1269, #3693 ) ;
#5946 = FILL_AREA_STYLE ('',( #4986 ) ) ;
#5948 = DIRECTION ( 'NONE',  ( 0.000000000000000000, 0.000000000000000000, -1.000000000000000000 ) ) ;
#5949 = DIRECTION ( 'NONE',  ( 0.000000000000000000, -0.000000000000000000, -1.000000000000000000 ) ) ;
#5950 = AXIS2_PLACEMENT_3D ( 'NONE', #5131, #3796, #5614 ) ;
#5951 = ORIENTED_EDGE ( 'NONE', *, *, #4411, .F. ) ;
#5952 = CARTESIAN_POINT ( 'NONE',  ( -11.57500000000000107, -0.7400000000000006573, -0.9600000000000001865 ) ) ;
#5953 = EDGE_CURVE ( 'NONE', #3703, #2689, #3940, .T. ) ;
#5954 = DIRECTION ( 'NONE',  ( -0.000000000000000000, -0.000000000000000000, -1.000000000000000000 ) ) ;
#5955 = CARTESIAN_POINT ( 'NONE',  ( -12.22500000000000142, 0.8000000000000000444, -0.9100000000000001421 ) ) ;
#5956 = CARTESIAN_POINT ( 'NONE',  ( -14.17500000000000071, -1.190000000000001057, -1.160000000000000142 ) ) ;
#5957 = DIRECTION ( 'NONE',  ( 1.000000000000000000, 0.000000000000000000, 0.000000000000000000 ) ) ;
#5958 = VERTEX_POINT ( 'NONE', #5724 ) ;
#5959 = DIRECTION ( 'NONE',  ( 1.000000000000000000, 6.265808957320107111E-17, 0.000000000000000000 ) ) ;
#5960 = CYLINDRICAL_SURFACE ( 'NONE', #2338, 0.05000000000000026645 ) ;
#5961 = DIRECTION ( 'NONE',  ( 0.000000000000000000, -0.000000000000000000, 1.000000000000000000 ) ) ;
#5962 = AXIS2_PLACEMENT_3D ( 'NONE', #3841, #3588, #1607 ) ;
#5963 = VECTOR ( 'NONE', #5451, 1.000000000000000000 ) ;
#5964 = AXIS2_PLACEMENT_3D ( 'NONE', #3785, #3874, #580 ) ;
#5965 = ORIENTED_EDGE ( 'NONE', *, *, #5249, .T. ) ;
#5967 = AXIS2_PLACEMENT_3D ( 'NONE', #1883, #1464, #2712 ) ;
#5966 = DIRECTION ( 'NONE',  ( 1.000000000000000000, 0.000000000000000000, -0.000000000000000000 ) ) ;
#5968 = CARTESIAN_POINT ( 'NONE',  ( -0.3464101615137744616, -0.7399999999999984368, -1.135000000000000231 ) ) ;
#5969 = AXIS2_PLACEMENT_3D ( 'NONE', #114, #2946, #4783 ) ;
#5970 = ADVANCED_FACE ( 'NONE', ( #3390 ), #2061, .F. ) ;
#5971 = ORIENTED_EDGE ( 'NONE', *, *, #1741, .F. ) ;
#5972 = AXIS2_PLACEMENT_3D ( 'NONE', #3964, #3544, #2650 ) ;
#5973 = ORIENTED_EDGE ( 'NONE', *, *, #4208, .F. ) ;
#5974 = CIRCLE ( 'NONE', #5698, 0.2500000000000000000 ) ;
#5975 = DIRECTION ( 'NONE',  ( -1.432545838226008708E-17, -1.000000000000000000, 0.000000000000000000 ) ) ;
#5976 = VERTEX_POINT ( 'NONE', #1101 ) ;
#5977 = PLANE ( 'NONE',  #3696 ) ;
#5978 = VECTOR ( 'NONE', #4755, 1.000000000000000000 ) ;
#5979 = CARTESIAN_POINT ( 'NONE',  ( -4.218749999999996447, 0.5602425708315850184, -3.423488475815656962 ) ) ;
#5980 = CARTESIAN_POINT ( 'NONE',  ( -14.17500000000000071, 0.8750000000000000000, -1.140000000000000124 ) ) ;
#5981 = AXIS2_PLACEMENT_3D ( 'NONE', #1842, #3715, #5525 ) ;
#5982 = EDGE_CURVE ( 'NONE', #445, #5958, #5892, .T. ) ;
#5983 = ORIENTED_EDGE ( 'NONE', *, *, #533, .F. ) ;
#5984 = ORIENTED_EDGE ( 'NONE', *, *, #1746, .F. ) ;
#5985 = CARTESIAN_POINT ( 'NONE',  ( -5.990624999999996092, -0.7399999999999995470, -1.135000000000000231 ) ) ;
#5986 = CARTESIAN_POINT ( 'NONE',  ( -14.17500000000000071, 0.8750000000000000000, -0.9800000000000000933 ) ) ;
#5987 = CARTESIAN_POINT ( 'NONE',  ( -11.68777992055854575, 0.2968409399909894275, -0.9600000000000008527 ) ) ;
#5988 = EDGE_CURVE ( 'NONE', #1140, #3781, #1973, .T. ) ;
#5989 = DIRECTION ( 'NONE',  ( 0.000000000000000000, -0.000000000000000000, -1.000000000000000000 ) ) ;
#5990 = DIRECTION ( 'NONE',  ( 0.000000000000000000, 0.000000000000000000, -1.000000000000000000 ) ) ;
#5991 = EDGE_CURVE ( 'NONE', #1664, #4441, #4522, .T. ) ;
#5992 = ORIENTED_EDGE ( 'NONE', *, *, #2315, .T. ) ;
#5993 = DIRECTION ( 'NONE',  ( 0.1736481776669255017, -2.487589742322846264E-18, 0.9848077530122090195 ) ) ;
#5994 = DIRECTION ( 'NONE',  ( 0.000000000000000000, 0.000000000000000000, 1.000000000000000000 ) ) ;
#5995 = CARTESIAN_POINT ( 'NONE',  ( -13.82858983848622536, 0.7399999999999984368, -1.135000000000000231 ) ) ;
#5996 = EDGE_CURVE ( 'NONE', #300, #4124, #3452, .T. ) ;
#5997 = EDGE_CURVE ( 'NONE', #221, #2853, #1778, .T. ) ;
#5998 = ADVANCED_FACE ( 'NONE', ( #212 ), #3484, .F. ) ;
#5999 = ORIENTED_EDGE ( 'NONE', *, *, #4133, .T. ) ;
#6000 = DIRECTION ( 'NONE',  ( -1.000000000000000000, 0.000000000000000000, 0.000000000000000000 ) ) ;
#6001 = LINE ( 'NONE', #1403, #3817 ) ;
#6002 = VECTOR ( 'NONE', #5238, 1.000000000000000000 ) ;
#6003 = AXIS2_PLACEMENT_3D ( 'NONE', #3291, #5141, #5743 ) ;
#6004 = ORIENTED_EDGE ( 'NONE', *, *, #5991, .T. ) ;
#6005 = ORIENTED_EDGE ( 'NONE', *, *, #392, .F. ) ;
#6006 = CARTESIAN_POINT ( 'NONE',  ( -10.14057257920409327, 0.9899999999999977707, -0.9600000000000004086 ) ) ;
#6007 = ORIENTED_EDGE ( 'NONE', *, *, #2050, .F. ) ;
#6008 = DIRECTION ( 'NONE',  ( 1.000000000000000000, 0.000000000000000000, 0.000000000000000000 ) ) ;
#6009 = LINE ( 'NONE', #321, #5921 ) ;
#6010 = FACE_BOUND ( 'NONE', #4311, .T. ) ;
#6011 = DIRECTION ( 'NONE',  ( 1.000000000000000000, -0.000000000000000000, -0.000000000000000000 ) ) ;
#6012 = EDGE_CURVE ( 'NONE', #4979, #545, #4032, .T. ) ;
#6013 = ORIENTED_EDGE ( 'NONE', *, *, #5093, .T. ) ;
#6014 = VERTEX_POINT ( 'NONE', #3247 ) ;
#6015 = PLANE ( 'NONE',  #370 ) ;
#6016 = DIRECTION ( 'NONE',  ( -0.000000000000000000, 1.000000000000000000, -0.000000000000000000 ) ) ;
#6017 = CARTESIAN_POINT ( 'NONE',  ( 0.5886859966642593589, 0.8750000000000000000, -0.9800000000000000933 ) ) ;
#6018 = VECTOR ( 'NONE', #4502, 1.000000000000000000 ) ;
#6019 = CARTESIAN_POINT ( 'NONE',  ( -10.29474851850930861, -1.089999999999998082, -1.009999999999998233 ) ) ;
#6020 = CARTESIAN_POINT ( 'NONE',  ( -1.700000000000000622, 0.9899999999999984368, -1.135000000000000231 ) ) ;
#6021 = EDGE_CURVE ( 'NONE', #3821, #325, #1212, .T. ) ;
#6022 = CIRCLE ( 'NONE', #689, 0.07999999999999996003 ) ;
#6023 = ORIENTED_EDGE ( 'NONE', *, *, #3367, .F. ) ;
#6024 = PLANE ( 'NONE',  #5736 ) ;
#6025 = FACE_OUTER_BOUND ( 'NONE', #1766, .T. ) ;
#6026 = CARTESIAN_POINT ( 'NONE',  ( -4.868749999999996803, -0.9899999999999991029, -1.135000000000000231 ) ) ;
#6027 = VECTOR ( 'NONE', #3519, 1.000000000000000000 ) ;
#6028 = EDGE_CURVE ( 'NONE', #5722, #3594, #3153, .T. ) ;
ENDSEC;
END-ISO-10303-21;
