ISO-10303-21;
HEADER;
FILE_DESCRIPTION (( 'STEP AP214' ),
    '1' );
FILE_NAME ('WagonPlane_60ft_MoreDetailed.STEP',
    '2026-02-24T13:10:43',
    ( '' ),
    ( '' ),
    'SwSTEP 2.0',
    'SolidWorks 2022',
    '' );
FILE_SCHEMA (( 'AUTOMOTIVE_DESIGN' ));
ENDSEC;

DATA;
#1 = FACE_OUTER_BOUND ( 'NONE', #849, .T. ) ;
#2 = EDGE_LOOP ( 'NONE', ( #494, #5085, #4435, #2388 ) ) ;
#3 = LINE ( 'NONE', #368, #3429 ) ;
#4 = DIRECTION ( 'NONE',  ( 1.000000000000000000, 0.000000000000000000, 0.000000000000000000 ) ) ;
#5 = AXIS2_PLACEMENT_3D ( 'NONE', #908, #1815, #513 ) ;
#6 = ADVANCED_FACE ( 'NONE', ( #290 ), #4551, .T. ) ;
#7 = CARTESIAN_POINT ( 'NONE',  ( -0.5964101615137744616, -0.9899999999999984368, -0.9600000000000001865 ) ) ;
#8 = CARTESIAN_POINT ( 'NONE',  ( -13.96557253896063777, 1.189999999999998392, -0.7511534819267449148 ) ) ;
#9 = ORIENTED_EDGE ( 'NONE', *, *, #941, .F. ) ;
#10 = VERTEX_POINT ( 'NONE', #1322 ) ;
#11 = LINE ( 'NONE', #1464, #2058 ) ;
#12 = AXIS2_PLACEMENT_3D ( 'NONE', #2763, #1856, #3193 ) ;
#13 = VECTOR ( 'NONE', #5530, 1.000000000000000000 ) ;
#14 = VERTEX_POINT ( 'NONE', #5855 ) ;
#15 = ORIENTED_EDGE ( 'NONE', *, *, #1474, .T. ) ;
#16 = DIRECTION ( 'NONE',  ( 1.000000000000000000, 0.000000000000000000, -0.000000000000000000 ) ) ;
#17 = CARTESIAN_POINT ( 'NONE',  ( -0.4464101615137743839, 0.3114982215127147791, -0.9599999999999999645 ) ) ;
#18 = DIRECTION ( 'NONE',  ( 1.000000000000000000, 0.000000000000000000, 0.000000000000000000 ) ) ;
#19 = LINE ( 'NONE', #1919, #2841 ) ;
#20 = DIRECTION ( 'NONE',  ( -1.432545838226008399E-17, 1.000000000000000000, 0.000000000000000000 ) ) ;
#21 = VECTOR ( 'NONE', #2119, 1.000000000000000000 ) ;
#22 = ORIENTED_EDGE ( 'NONE', *, *, #2574, .F. ) ;
#23 = VERTEX_POINT ( 'NONE', #5426 ) ;
#24 = DIRECTION ( 'NONE',  ( 0.000000000000000000, -1.000000000000000000, 0.000000000000000000 ) ) ;
#25 = DIRECTION ( 'NONE',  ( -0.000000000000000000, -0.9854601157443477755, -0.1699069165076472210 ) ) ;
#26 = CARTESIAN_POINT ( 'NONE',  ( -7.612499999999999822, -0.7400000000000002132, -0.9600000000000001865 ) ) ;
#27 = ADVANCED_FACE ( 'NONE', ( #798 ), #4003, .F. ) ;
#28 = ORIENTED_EDGE ( 'NONE', *, *, #1558, .F. ) ;
#29 = DIRECTION ( 'NONE',  ( 1.000000000000000000, 0.000000000000000000, 0.000000000000000000 ) ) ;
#30 = ORIENTED_EDGE ( 'NONE', *, *, #6000, .T. ) ;
#31 = DIRECTION ( 'NONE',  ( 0.000000000000000000, 0.000000000000000000, 1.000000000000000000 ) ) ;
#32 = DIRECTION ( 'NONE',  ( 0.000000000000000000, 0.000000000000000000, 1.000000000000000000 ) ) ;
#33 = ADVANCED_FACE ( 'NONE', ( #2246 ), #417, .F. ) ;
#34 = EDGE_CURVE ( 'NONE', #1233, #4448, #3108, .T. ) ;
#35 = VERTEX_POINT ( 'NONE', #3172 ) ;
#36 = ADVANCED_FACE ( 'NONE', ( #4969 ), #1227, .F. ) ;
#37 = AXIS2_PLACEMENT_3D ( 'NONE', #1710, #3082, #2612 ) ;
#38 = VERTEX_POINT ( 'NONE', #3079 ) ;
#39 = DIRECTION ( 'NONE',  ( -1.000000000000000000, 0.000000000000000000, 0.000000000000000000 ) ) ;
#40 = EDGE_CURVE ( 'NONE', #630, #579, #1769, .T. ) ;
#41 = AXIS2_PLACEMENT_3D ( 'NONE', #1994, #1938, #2512 ) ;
#42 = CARTESIAN_POINT ( 'NONE',  ( -18.50000000000000000, 0.8750000000000000000, -0.9100000000000001421 ) ) ;
#43 = AXIS2_PLACEMENT_3D ( 'NONE', #5911, #2699, #1188 ) ;
#44 = AXIS2_PLACEMENT_3D ( 'NONE', #5706, #4400, #132 ) ;
#45 = CIRCLE ( 'NONE', #333, 5.999999999999999112 ) ;
#46 = ORIENTED_EDGE ( 'NONE', *, *, #3066, .T. ) ;
#47 = ORIENTED_EDGE ( 'NONE', *, *, #964, .T. ) ;
#48 = LINE ( 'NONE', #5158, #5769 ) ;
#49 = CARTESIAN_POINT ( 'NONE',  ( -1.849999999999999645, -0.2114982215127146903, -0.9600000000000001865 ) ) ;
#50 = DIRECTION ( 'NONE',  ( 0.000000000000000000, 0.000000000000000000, -1.000000000000000000 ) ) ;
#51 = EDGE_CURVE ( 'NONE', #4934, #23, #4489, .T. ) ;
#52 = DIRECTION ( 'NONE',  ( -0.000000000000000000, 1.000000000000000000, -0.000000000000000000 ) ) ;
#53 = DIRECTION ( 'NONE',  ( -1.000000000000000000, 0.000000000000000000, 0.000000000000000000 ) ) ;
#54 = EDGE_LOOP ( 'NONE', ( #3215, #5349, #1211, #1515 ) ) ;
#55 = LINE ( 'NONE', #5080, #3987 ) ;
#56 = CARTESIAN_POINT ( 'NONE',  ( -14.56974851850929298, -1.189999999999998170, -1.009999999999997122 ) ) ;
#57 = CIRCLE ( 'NONE', #1420, 0.2500000000000000000 ) ;
#58 = DIRECTION ( 'NONE',  ( -1.000000000000000000, 0.000000000000000000, 0.000000000000000000 ) ) ;
#59 = ORIENTED_EDGE ( 'NONE', *, *, #2733, .F. ) ;
#60 = EDGE_LOOP ( 'NONE', ( #4482, #1177, #5408, #5739 ) ) ;
#61 = AXIS2_PLACEMENT_3D ( 'NONE', #5852, #3076, #4485 ) ;
#62 = LINE ( 'NONE', #3780, #4674 ) ;
#63 = FACE_OUTER_BOUND ( 'NONE', #2178, .T. ) ;
#64 = VERTEX_POINT ( 'NONE', #5889 ) ;
#65 = ADVANCED_FACE ( 'NONE', ( #5037 ), #2641, .T. ) ;
#66 = FACE_OUTER_BOUND ( 'NONE', #2328, .T. ) ;
#67 = CARTESIAN_POINT ( 'NONE',  ( -1.949999999999999734, 0.7399999999999984368, -1.135000000000000231 ) ) ;
#68 = DIRECTION ( 'NONE',  ( 1.509903313490212895E-14, 0.000000000000000000, -1.000000000000000000 ) ) ;
#69 = EDGE_CURVE ( 'NONE', #876, #5946, #868, .T. ) ;
#70 = EDGE_CURVE ( 'NONE', #2238, #976, #3138, .T. ) ;
#71 = MANIFOLD_SOLID_BREP ( 'Specchia4', #331 ) ;
#72 = ADVANCED_FACE ( 'NONE', ( #4621 ), #2673, .T. ) ;
#73 = DIRECTION ( 'NONE',  ( 1.000000000000000000, -0.000000000000000000, -0.000000000000000000 ) ) ;
#74 = ORIENTED_EDGE ( 'NONE', *, *, #4091, .T. ) ;
#75 = EDGE_LOOP ( 'NONE', ( #1369, #2063, #2131, #3864 ) ) ;
#76 = DIRECTION ( 'NONE',  ( -0.000000000000000000, -0.000000000000000000, -1.000000000000000000 ) ) ;
#77 = DIRECTION ( 'NONE',  ( -1.000000000000000000, 0.000000000000000000, -0.000000000000000000 ) ) ;
#78 = CARTESIAN_POINT ( 'NONE',  ( 0.000000000000000000, -1.189999999999998392, -0.9600000000000001865 ) ) ;
#79 = SHAPE_DEFINITION_REPRESENTATION ( #1343, #5337 ) ;
#80 = EDGE_CURVE ( 'NONE', #547, #2870, #48, .T. ) ;
#81 = ORIENTED_EDGE ( 'NONE', *, *, #2848, .F. ) ;
#82 = PLANE ( 'NONE',  #5244 ) ;
#83 = DIRECTION ( 'NONE',  ( 1.432545838226008399E-17, 1.000000000000000000, -0.000000000000000000 ) ) ;
#84 = CARTESIAN_POINT ( 'NONE',  ( -3.080671189175308466, -1.110223024625156540E-16, -0.9599999999999999645 ) ) ;
#85 = LINE ( 'NONE', #5116, #540 ) ;
#86 = ORIENTED_EDGE ( 'NONE', *, *, #3452, .T. ) ;
#87 = ORIENTED_EDGE ( 'NONE', *, *, #2164, .F. ) ;
#88 = VECTOR ( 'NONE', #1825, 1.000000000000000000 ) ;
#89 = ORIENTED_EDGE ( 'NONE', *, *, #3229, .F. ) ;
#90 = CARTESIAN_POINT ( 'NONE',  ( -18.50000000000000000, 0.8750000000000000000, -1.060000000000000053 ) ) ;
#91 = DIRECTION ( 'NONE',  ( 0.000000000000000000, -0.000000000000000000, -1.000000000000000000 ) ) ;
#92 = VECTOR ( 'NONE', #4988, 1.000000000000000000 ) ;
#93 = DIRECTION ( 'NONE',  ( -1.000000000000000000, 0.000000000000000000, -0.000000000000000000 ) ) ;
#94 = EDGE_LOOP ( 'NONE', ( #470, #4246, #2782, #3285, #430 ) ) ;
#95 = AXIS2_PLACEMENT_3D ( 'NONE', #4971, #1771, #2120 ) ;
#96 = DIRECTION ( 'NONE',  ( 0.000000000000000000, 0.000000000000000000, 1.000000000000000000 ) ) ;
#97 = DIRECTION ( 'NONE',  ( -0.000000000000000000, -0.000000000000000000, -1.000000000000000000 ) ) ;
#98 = LINE ( 'NONE', #4361, #2752 ) ;
#99 = CIRCLE ( 'NONE', #4579, 0.2500000000000000000 ) ;
#100 = VERTEX_POINT ( 'NONE', #2399 ) ;
#101 = EDGE_CURVE ( 'NONE', #2082, #3578, #1777, .T. ) ;
#102 = ORIENTED_EDGE ( 'NONE', *, *, #4104, .T. ) ;
#103 = PLANE ( 'NONE',  #4708 ) ;
#104 = LINE ( 'NONE', #3902, #135 ) ;
#105 = DIRECTION ( 'NONE',  ( -1.000000000000000000, 0.000000000000000000, 0.000000000000000000 ) ) ;
#106 = ADVANCED_FACE ( 'NONE', ( #2376 ), #450, .F. ) ;
#107 = ORIENTED_EDGE ( 'NONE', *, *, #489, .T. ) ;
#108 = EDGE_CURVE ( 'NONE', #183, #1010, #476, .T. ) ;
#109 = CYLINDRICAL_SURFACE ( 'NONE', #1544, 0.2500000000000000000 ) ;
#110 = FACE_OUTER_BOUND ( 'NONE', #5396, .T. ) ;
#111 = FACE_OUTER_BOUND ( 'NONE', #5286, .T. ) ;
#112 = DIRECTION ( 'NONE',  ( -1.000000000000000000, -0.000000000000000000, -0.000000000000000000 ) ) ;
#113 = VECTOR ( 'NONE', #418, 1.000000000000000000 ) ;
#114 = ORIENTED_EDGE ( 'NONE', *, *, #2746, .F. ) ;
#115 = VERTEX_POINT ( 'NONE', #2313 ) ;
#116 = ORIENTED_EDGE ( 'NONE', *, *, #1225, .F. ) ;
#117 = AXIS2_PLACEMENT_3D ( 'NONE', #4293, #1488, #4242 ) ;
#118 = FACE_OUTER_BOUND ( 'NONE', #4752, .T. ) ;
#119 = EDGE_CURVE ( 'NONE', #2671, #2117, #524, .T. ) ;
#120 = DIRECTION ( 'NONE',  ( 0.000000000000000000, 0.9854601157443477755, 0.1699069165076472210 ) ) ;
#121 = DIRECTION ( 'NONE',  ( 1.000000000000000000, 0.000000000000000000, -0.000000000000000000 ) ) ;
#122 = EDGE_LOOP ( 'NONE', ( #5331, #3220, #2532, #5525 ) ) ;
#123 = LINE ( 'NONE', #1992, #5394 ) ;
#124 = DIRECTION ( 'NONE',  ( 0.000000000000000000, 0.000000000000000000, -1.000000000000000000 ) ) ;
#125 = DIRECTION ( 'NONE',  ( -1.000000000000000000, 0.000000000000000000, 0.000000000000000000 ) ) ;
#126 = VECTOR ( 'NONE', #4523, 1.000000000000000000 ) ;
#127 = VERTEX_POINT ( 'NONE', #3790 ) ;
#128 = AXIS2_PLACEMENT_3D ( 'NONE', #1131, #2049, #5671 ) ;
#129 = ADVANCED_FACE ( 'NONE', ( #2777 ), #4252, .F. ) ;
#130 = ORIENTED_EDGE ( 'NONE', *, *, #2851, .T. ) ;
#131 = FACE_OUTER_BOUND ( 'NONE', #5112, .T. ) ;
#132 = DIRECTION ( 'NONE',  ( -1.000000000000000000, 0.000000000000000000, 0.000000000000000000 ) ) ;
#133 = VECTOR ( 'NONE', #3010, 1.000000000000000000 ) ;
#134 = DIRECTION ( 'NONE',  ( 1.000000000000000000, 0.000000000000000000, 0.000000000000000000 ) ) ;
#135 = VECTOR ( 'NONE', #1050, 1.000000000000000000 ) ;
#136 = AXIS2_PLACEMENT_3D ( 'NONE', #5450, #5938, #3595 ) ;
#137 = AXIS2_PLACEMENT_3D ( 'NONE', #5066, #1798, #3291 ) ;
#138 = CARTESIAN_POINT ( 'NONE',  ( -0.3464101615137745172, -0.9899999999999984368, -4.241944871367028469 ) ) ;
#139 = VECTOR ( 'NONE', #1027, 1.000000000000000000 ) ;
#140 = ORIENTED_EDGE ( 'NONE', *, *, #4730, .F. ) ;
#141 = DIRECTION ( 'NONE',  ( -1.000000000000000000, 0.000000000000000000, 0.000000000000000000 ) ) ;
#142 = DIRECTION ( 'NONE',  ( 0.000000000000000000, 0.000000000000000000, 1.000000000000000000 ) ) ;
#143 = CIRCLE ( 'NONE', #3541, 0.2500000000000000000 ) ;
#144 = CARTESIAN_POINT ( 'NONE',  ( 0.5886859966642593589, -0.8750000000000000000, -1.209999999999999964 ) ) ;
#145 = CIRCLE ( 'NONE', #3437, 0.05000000000000071054 ) ;
#146 = EDGE_CURVE ( 'NONE', #4055, #2605, #5677, .T. ) ;
#147 = EDGE_CURVE ( 'NONE', #4714, #4112, #3330, .T. ) ;
#148 = ORIENTED_EDGE ( 'NONE', *, *, #2695, .F. ) ;
#149 = EDGE_CURVE ( 'NONE', #5485, #10, #5132, .T. ) ;
#150 = VERTEX_POINT ( 'NONE', #2801 ) ;
#151 = VERTEX_POINT ( 'NONE', #4679 ) ;
#152 = VECTOR ( 'NONE', #4814, 1.000000000000000000 ) ;
#153 = DIRECTION ( 'NONE',  ( -1.000000000000000000, 0.000000000000000000, -0.000000000000000000 ) ) ;
#154 = LINE ( 'NONE', #4750, #972 ) ;
#155 = CARTESIAN_POINT ( 'NONE',  ( -5.576316527040902749, 1.089999999999998082, -0.7600000000000010081 ) ) ;
#156 = UNCERTAINTY_MEASURE_WITH_UNIT (LENGTH_MEASURE( 1.000000000000000082E-05 ), #679, 'distance_accuracy_value', 'NONE');
#157 = VECTOR ( 'NONE', #3716, 1.000000000000000000 ) ;
#158 = DIRECTION ( 'NONE',  ( 0.000000000000000000, -0.9854601157443477755, -0.1699069165076472210 ) ) ;
#159 = EDGE_LOOP ( 'NONE', ( #792, #3412, #4397, #2846 ) ) ;
#160 = DIRECTION ( 'NONE',  ( 0.000000000000000000, 1.000000000000000000, 0.000000000000000000 ) ) ;
#161 = CARTESIAN_POINT ( 'NONE',  ( -5.699999999999999289, 0.7399999999999984368, -4.241944871367028469 ) ) ;
#162 = DIRECTION ( 'NONE',  ( 0.000000000000000000, -0.000000000000000000, -1.000000000000000000 ) ) ;
#163 = VERTEX_POINT ( 'NONE', #5070 ) ;
#164 = ORIENTED_EDGE ( 'NONE', *, *, #758, .F. ) ;
#165 = LINE ( 'NONE', #2459, #2748 ) ;
#166 = CARTESIAN_POINT ( 'NONE',  ( -1.949999999999999734, 0.9899999999999984368, -1.135000000000000231 ) ) ;
#167 = LINE ( 'NONE', #2430, #1843 ) ;
#168 =( NAMED_UNIT ( * ) SI_UNIT ( $, .STERADIAN. ) SOLID_ANGLE_UNIT ( ) );
#169 = CARTESIAN_POINT ( 'NONE',  ( -7.862500000000000711, 0.9899999999999984368, -0.9600000000000001865 ) ) ;
#170 = EDGE_LOOP ( 'NONE', ( #5150, #4863, #796, #2354 ) ) ;
#171 = DIRECTION ( 'NONE',  ( 0.000000000000000000, -0.000000000000000000, -1.000000000000000000 ) ) ;
#172 = CYLINDRICAL_SURFACE ( 'NONE', #612, 0.2500000000000000000 ) ;
#173 = DIRECTION ( 'NONE',  ( -0.000000000000000000, 1.000000000000000000, -0.000000000000000000 ) ) ;
#174 = ORIENTED_EDGE ( 'NONE', *, *, #941, .T. ) ;
#175 = EDGE_CURVE ( 'NONE', #3704, #5275, #2832, .T. ) ;
#176 = ORIENTED_EDGE ( 'NONE', *, *, #4302, .T. ) ;
#177 = EDGE_CURVE ( 'NONE', #3068, #2440, #2342, .T. ) ;
#178 = ORIENTED_EDGE ( 'NONE', *, *, #3406, .T. ) ;
#179 = LINE ( 'NONE', #635, #2064 ) ;
#180 = CARTESIAN_POINT ( 'NONE',  ( -16.55000000000000071, 0.9899999999999984368, -0.9600000000000001865 ) ) ;
#181 = CARTESIAN_POINT ( 'NONE',  ( -8.724999999999999645, -0.9900000000000005462, -0.9600000000000009637 ) ) ;
#182 = AXIS2_PLACEMENT_3D ( 'NONE', #1184, #642, #5352 ) ;
#183 = VERTEX_POINT ( 'NONE', #1020 ) ;
#184 = CARTESIAN_POINT ( 'NONE',  ( -16.55000000000000071, 0.000000000000000000, 0.000000000000000000 ) ) ;
#185 = ORIENTED_EDGE ( 'NONE', *, *, #1616, .T. ) ;
#186 = EDGE_CURVE ( 'NONE', #2794, #150, #2862, .T. ) ;
#187 = DIRECTION ( 'NONE',  ( 0.000000000000000000, -0.000000000000000000, 1.000000000000000000 ) ) ;
#188 = DIRECTION ( 'NONE',  ( 1.000000000000000000, 0.000000000000000000, 0.000000000000000000 ) ) ;
#189 = AXIS2_PLACEMENT_3D ( 'NONE', #3843, #4271, #2828 ) ;
#190 = CARTESIAN_POINT ( 'NONE',  ( -19.08868599666426036, -0.8750000000000000000, -1.209999999999999964 ) ) ;
#191 = ORIENTED_EDGE ( 'NONE', *, *, #4241, .F. ) ;
#192 = ORIENTED_EDGE ( 'NONE', *, *, #459, .T. ) ;
#193 = CARTESIAN_POINT ( 'NONE',  ( -2.449999999999999734, 0.3432012612066359658, 0.000000000000000000 ) ) ;
#194 = DIRECTION ( 'NONE',  ( 0.9848077530122089085, -0.000000000000000000, 0.1736481776669255017 ) ) ;
#195 = DIRECTION ( 'NONE',  ( -1.000000000000000000, 0.000000000000000000, 0.000000000000000000 ) ) ;
#196 = LINE ( 'NONE', #2891, #4466 ) ;
#197 = CARTESIAN_POINT ( 'NONE',  ( -9.525000000000000355, -0.7400000000000008793, -0.9599999999999999645 ) ) ;
#198 = ORIENTED_EDGE ( 'NONE', *, *, #2734, .T. ) ;
#199 = EDGE_LOOP ( 'NONE', ( #4481, #5848, #768, #3328 ) ) ;
#200 = DIRECTION ( 'NONE',  ( -0.000000000000000000, -0.000000000000000000, -1.000000000000000000 ) ) ;
#201 = CARTESIAN_POINT ( 'NONE',  ( -6.812500000000000000, -0.9899999999999991029, -1.135000000000000231 ) ) ;
#202 = AXIS2_PLACEMENT_3D ( 'NONE', #1407, #2691, #3260 ) ;
#203 = DIRECTION ( 'NONE',  ( 1.000000000000000000, 0.000000000000000000, 0.000000000000000000 ) ) ;
#204 = CIRCLE ( 'NONE', #3214, 0.1000000000000000888 ) ;
#205 = ORIENTED_EDGE ( 'NONE', *, *, #2425, .F. ) ;
#206 = ORIENTED_EDGE ( 'NONE', *, *, #4664, .F. ) ;
#207 = DIRECTION ( 'NONE',  ( 0.000000000000000000, 0.000000000000000000, 1.000000000000000000 ) ) ;
#208 = LINE ( 'NONE', #4102, #285 ) ;
#209 = ADVANCED_FACE ( 'NONE', ( #4276 ), #103, .F. ) ;
#210 = VECTOR ( 'NONE', #5016, 1.000000000000000000 ) ;
#211 = EDGE_CURVE ( 'NONE', #5853, #4149, #4848, .T. ) ;
#212 = EDGE_LOOP ( 'NONE', ( #4500, #1321, #4949, #2406 ) ) ;
#213 = FACE_OUTER_BOUND ( 'NONE', #491, .T. ) ;
#214 = VECTOR ( 'NONE', #3962, 1.000000000000000000 ) ;
#215 = EDGE_LOOP ( 'NONE', ( #4645, #1651, #2750, #1668, #2550, #3741, #5476, #449, #2865 ) ) ;
#216 = DIRECTION ( 'NONE',  ( 0.9848077530122089085, 0.000000000000000000, 0.1736481776669255017 ) ) ;
#217 = DIRECTION ( 'NONE',  ( -1.000000000000000000, -0.000000000000000000, -0.000000000000000000 ) ) ;
#218 = DIRECTION ( 'NONE',  ( -0.000000000000000000, 0.000000000000000000, 1.000000000000000000 ) ) ;
#219 = ADVANCED_FACE ( 'NONE', ( #2487 ), #3901, .T. ) ;
#220 = CARTESIAN_POINT ( 'NONE',  ( -13.35840271350518726, 0.9899999999999985478, -1.135000000000000231 ) ) ;
#221 = ADVANCED_FACE ( 'NONE', ( #2545 ), #587, .F. ) ;
#222 = EDGE_CURVE ( 'NONE', #4002, #4887, #5705, .T. ) ;
#223 = ORIENTED_EDGE ( 'NONE', *, *, #119, .T. ) ;
#224 = ADVANCED_FACE ( 'NONE', ( #2916 ), #2515, .F. ) ;
#225 = ORIENTED_EDGE ( 'NONE', *, *, #4577, .F. ) ;
#226 = DIRECTION ( 'NONE',  ( -0.000000000000000000, 0.000000000000000000, -1.000000000000000000 ) ) ;
#227 = DIRECTION ( 'NONE',  ( 0.000000000000000000, 0.000000000000000000, -1.000000000000000000 ) ) ;
#228 = LINE ( 'NONE', #1106, #2540 ) ;
#229 = DIRECTION ( 'NONE',  ( -1.000000000000000000, 0.000000000000000000, 0.000000000000000000 ) ) ;
#230 = CARTESIAN_POINT ( 'NONE',  ( 0.000000000000000000, 0.000000000000000000, -0.9600000000000001865 ) ) ;
#231 = ORIENTED_EDGE ( 'NONE', *, *, #3455, .F. ) ;
#232 = EDGE_CURVE ( 'NONE', #1047, #5201, #676, .T. ) ;
#233 = ORIENTED_EDGE ( 'NONE', *, *, #3375, .F. ) ;
#234 = VECTOR ( 'NONE', #3272, 1.000000000000000000 ) ;
#235 = CYLINDRICAL_SURFACE ( 'NONE', #600, 0.2500000000000000000 ) ;
#236 = AXIS2_PLACEMENT_3D ( 'NONE', #837, #2708, #4945 ) ;
#237 = LINE ( 'NONE', #1594, #3305 ) ;
#238 = CARTESIAN_POINT ( 'NONE',  ( -18.50000000000000000, -0.9900000000000028777, -0.9600000000000001865 ) ) ;
#239 = AXIS2_PLACEMENT_3D ( 'NONE', #4151, #2191, #3123 ) ;
#240 = DIRECTION ( 'NONE',  ( 1.000000000000000000, 0.000000000000000000, 0.000000000000000000 ) ) ;
#241 = CIRCLE ( 'NONE', #720, 0.09999999999999964473 ) ;
#242 = ORIENTED_EDGE ( 'NONE', *, *, #1037, .T. ) ;
#243 = ORIENTED_EDGE ( 'NONE', *, *, #4143, .T. ) ;
#244 = FACE_OUTER_BOUND ( 'NONE', #75, .T. ) ;
#245 = CARTESIAN_POINT ( 'NONE',  ( -15.41932881082469287, 0.000000000000000000, -4.241944871367028469 ) ) ;
#246 = AXIS2_PLACEMENT_3D ( 'NONE', #4806, #1208, #4895 ) ;
#247 = CARTESIAN_POINT ( 'NONE',  ( -4.885798269505217561, 0.9899999999999984368, -0.9600000000000015188 ) ) ;
#248 = CARTESIAN_POINT ( 'NONE',  ( -16.55000000000000071, -1.189999999999998392, -0.9600000000000001865 ) ) ;
#249 = ORIENTED_EDGE ( 'NONE', *, *, #5304, .F. ) ;
#250 = CARTESIAN_POINT ( 'NONE',  ( -13.94820772119394547, -9.753686360283015944, -0.8496342572279658167 ) ) ;
#251 = ORIENTED_EDGE ( 'NONE', *, *, #2552, .F. ) ;
#252 = DIRECTION ( 'NONE',  ( 1.000000000000000000, 0.000000000000000000, -0.000000000000000000 ) ) ;
#253 = CYLINDRICAL_SURFACE ( 'NONE', #5728, 0.07999999999999996003 ) ;
#254 = CARTESIAN_POINT ( 'NONE',  ( -2.914659381970696644E-16, 1.189999999999998392, -1.160000000000000142 ) ) ;
#255 = CIRCLE ( 'NONE', #5883, 0.2500000000000000000 ) ;
#256 = ORIENTED_EDGE ( 'NONE', *, *, #698, .F. ) ;
#257 = VERTEX_POINT ( 'NONE', #4306 ) ;
#258 = LINE ( 'NONE', #5358, #4023 ) ;
#259 = ADVANCED_FACE ( 'NONE', ( #131 ), #2027, .F. ) ;
#260 = DIRECTION ( 'NONE',  ( -0.000000000000000000, 0.000000000000000000, 1.000000000000000000 ) ) ;
#261 = EDGE_CURVE ( 'NONE', #1384, #4723, #5188, .T. ) ;
#262 = CARTESIAN_POINT ( 'NONE',  ( -4.885798269505217561, 0.9549999999999984057, -1.135000000000000231 ) ) ;
#263 = CARTESIAN_POINT ( 'NONE',  ( -1.949999999999999734, 0.7399999999999984368, -0.9600000000000001865 ) ) ;
#264 = ORIENTED_EDGE ( 'NONE', *, *, #4783, .T. ) ;
#265 = ORIENTED_EDGE ( 'NONE', *, *, #2321, .T. ) ;
#266 = LINE ( 'NONE', #5890, #21 ) ;
#267 = CARTESIAN_POINT ( 'NONE',  ( -1.949999999999999734, 1.189999999999998392, -0.9600000000000001865 ) ) ;
#268 = EDGE_CURVE ( 'NONE', #2956, #1713, #4786, .T. ) ;
#269 = DIRECTION ( 'NONE',  ( 0.000000000000000000, -0.000000000000000000, -1.000000000000000000 ) ) ;
#270 = FACE_OUTER_BOUND ( 'NONE', #5854, .T. ) ;
#271 = VERTEX_POINT ( 'NONE', #2888 ) ;
#272 = ORIENTED_EDGE ( 'NONE', *, *, #660, .F. ) ;
#273 = FACE_OUTER_BOUND ( 'NONE', #54, .T. ) ;
#274 = DIRECTION ( 'NONE',  ( 0.9848077530122089085, 0.000000000000000000, -0.1736481776669254740 ) ) ;
#275 = ORIENTED_EDGE ( 'NONE', *, *, #101, .T. ) ;
#276 = LINE ( 'NONE', #666, #2226 ) ;
#277 = ORIENTED_EDGE ( 'NONE', *, *, #2815, .F. ) ;
#278 = DIRECTION ( 'NONE',  ( 1.426102104458186769E-16, -1.000000000000000000, 0.000000000000000000 ) ) ;
#279 = CARTESIAN_POINT ( 'NONE',  ( -18.05358983848622501, -0.2114982215127147180, -1.135000000000001119 ) ) ;
#280 = VERTEX_POINT ( 'NONE', #3848 ) ;
#281 = ORIENTED_EDGE ( 'NONE', *, *, #1548, .T. ) ;
#282 = AXIS2_PLACEMENT_3D ( 'NONE', #5727, #1496, #3355 ) ;
#283 = CARTESIAN_POINT ( 'NONE',  ( -16.05000000000000071, 0.3432012612066360768, -1.135000000000000231 ) ) ;
#284 = LINE ( 'NONE', #828, #619 ) ;
#285 = VECTOR ( 'NONE', #636, 1.000000000000000000 ) ;
#286 = ADVANCED_FACE ( 'NONE', ( #3441 ), #5301, .T. ) ;
#287 = CARTESIAN_POINT ( 'NONE',  ( -16.15000000000000213, 0.7399999999999984368, -0.9600000000000001865 ) ) ;
#288 = VERTEX_POINT ( 'NONE', #1161 ) ;
#289 = VERTEX_POINT ( 'NONE', #5326 ) ;
#290 = FACE_OUTER_BOUND ( 'NONE', #3449, .T. ) ;
#291 = DIRECTION ( 'NONE',  ( 0.000000000000000000, -1.000000000000000000, 0.000000000000000000 ) ) ;
#292 = CARTESIAN_POINT ( 'NONE',  ( -13.96557253896064132, 0.9899999999999984368, -0.7511534819267453589 ) ) ;
#293 = VECTOR ( 'NONE', #4281, 1.000000000000000000 ) ;
#294 = VECTOR ( 'NONE', #2839, 1.000000000000000000 ) ;
#295 = FACE_OUTER_BOUND ( 'NONE', #5836, .T. ) ;
#296 = EDGE_CURVE ( 'NONE', #4238, #5931, #646, .T. ) ;
#297 = LINE ( 'NONE', #4493, #1266 ) ;
#298 = EDGE_CURVE ( 'NONE', #750, #3704, #165, .T. ) ;
#299 = ORIENTED_EDGE ( 'NONE', *, *, #1860, .F. ) ;
#300 = EDGE_CURVE ( 'NONE', #5131, #696, #1612, .T. ) ;
#301 = VERTEX_POINT ( 'NONE', #1526 ) ;
#302 = ADVANCED_FACE ( 'NONE', ( #3413 ), #5267, .T. ) ;
#303 = LINE ( 'NONE', #4043, #5846 ) ;
#304 = DIRECTION ( 'NONE',  ( 0.000000000000000000, -1.000000000000000000, 0.000000000000000000 ) ) ;
#305 = VECTOR ( 'NONE', #578, 1.000000000000000000 ) ;
#306 = VERTEX_POINT ( 'NONE', #4821 ) ;
#307 = CARTESIAN_POINT ( 'NONE',  ( -3.866957084846028625, -1.190000000000002833, -0.8688465180732548587 ) ) ;
#308 = EDGE_CURVE ( 'NONE', #5416, #5643, #258, .T. ) ;
#309 = LINE ( 'NONE', #5413, #5325 ) ;
#310 = LINE ( 'NONE', #4021, #2235 ) ;
#311 = AXIS2_PLACEMENT_3D ( 'NONE', #5462, #744, #5427 ) ;
#312 = ORIENTED_EDGE ( 'NONE', *, *, #2175, .F. ) ;
#313 = VERTEX_POINT ( 'NONE', #408 ) ;
#314 = DIRECTION ( 'NONE',  ( -0.000000000000000000, -0.000000000000000000, -1.000000000000000000 ) ) ;
#315 = DIRECTION ( 'NONE',  ( 0.000000000000000000, 0.000000000000000000, -1.000000000000000000 ) ) ;
#316 = FACE_OUTER_BOUND ( 'NONE', #2479, .T. ) ;
#317 = ORIENTED_EDGE ( 'NONE', *, *, #2166, .F. ) ;
#318 = ORIENTED_EDGE ( 'NONE', *, *, #3145, .T. ) ;
#319 = CARTESIAN_POINT ( 'NONE',  ( -16.55000000000000071, 0.8000000000000000444, -0.9100000000000001421 ) ) ;
#320 = LINE ( 'NONE', #2145, #3321 ) ;
#321 = FACE_BOUND ( 'NONE', #4017, .T. ) ;
#322 = LINE ( 'NONE', #2251, #4125 ) ;
#323 = CARTESIAN_POINT ( 'NONE',  ( -5.399999999999998579, -0.6189114148497021350, -1.135000000000001119 ) ) ;
#324 = ORIENTED_EDGE ( 'NONE', *, *, #1860, .T. ) ;
#325 = VECTOR ( 'NONE', #5952, 1.000000000000000000 ) ;
#326 = ORIENTED_EDGE ( 'NONE', *, *, #4978, .F. ) ;
#327 = AXIS2_PLACEMENT_3D ( 'NONE', #2225, #1785, #3775 ) ;
#328 = DIRECTION ( 'NONE',  ( -1.000000000000000000, 0.000000000000000000, 0.000000000000000000 ) ) ;
#329 = CARTESIAN_POINT ( 'NONE',  ( -4.534427461039359564, -1.190000000000002833, -0.7511534819267461360 ) ) ;
#330 = EDGE_CURVE ( 'NONE', #4935, #1669, #4992, .T. ) ;
#331 = CLOSED_SHELL ( 'NONE', ( #3942, #1247, #3969, #4837, #5064, #1909, #1221, #3733, #4655, #5422, #4280, #5873, #1907, #5354, #2772, #1417, #2920, #384, #967, #4352, #36, #1390, #6003, #851, #2472, #2163, #1143, #5109, #1490, #3978, #5167, #847, #209, #129, #887, #4833, #5348, #2100, #2894, #5624, #1039, #5941, #5230, #1339, #621, #3896, #1028, #6, #596, #1365, #3968, #2616, #4282, #4574, #4046, #1442, #5731, #2539, #2289, #4914, #4910, #1073, #3306, #3084, #3105, #3074, #3117, #2518, #4184, #5411, #4424, #2923, #3235, #5497, #1916, #72, #4354, #5460, #3494, #27, #3897, #2653, #5702, #5062, #2537, #1586, #413, #2280, #5210, #4937, #2684, #5811, #5791, #3188, #33, #3487, #2013, #4388, #219, #4739, #4636, #3202, #1150, #5018, #488, #936, #4309, #286, #2571, #3189, #4396, #4428, #1763, #1634, #5501, #1378, #3648, #3164, #3514, #2048, #521, #2396, #1656, #5764, #224, #3276, #518, #4345, #3562, #4798, #1819, #1945, #5319, #1773, #1041, #259, #5991, #2130, #2818, #2080, #5661, #5511, #3006, #3485, #2953, #2875, #2378, #65, #4626, #3949, #3908, #4432, #4311, #302, #2070, #4869, #519, #3865, #1540, #5722, #3860, #3598, #5170, #2985, #2370, #2301, #1986, #5417, #4932, #1652, #2433, #3686, #3226, #3381, #2732, #1625, #5541, #862, #1281, #5876, #3386, #812, #106, #221, #1375, #5379, #2018, #4298 ) ) ;
#332 = EDGE_CURVE ( 'NONE', #6021, #2161, #3965, .T. ) ;
#333 = AXIS2_PLACEMENT_3D ( 'NONE', #1353, #4681, #50 ) ;
#334 = EDGE_CURVE ( 'NONE', #1010, #4002, #5281, .T. ) ;
#335 = VECTOR ( 'NONE', #4707, 1.000000000000000000 ) ;
#336 = EDGE_LOOP ( 'NONE', ( #380, #5290, #3898, #4287 ) ) ;
#337 = DIRECTION ( 'NONE',  ( 0.000000000000000000, -0.000000000000000000, -1.000000000000000000 ) ) ;
#338 = VECTOR ( 'NONE', #25, 1.000000000000000222 ) ;
#339 = CARTESIAN_POINT ( 'NONE',  ( 0.000000000000000000, -0.8750000000000000000, -1.140000000000000124 ) ) ;
#340 = DIRECTION ( 'NONE',  ( 0.000000000000000000, -0.000000000000000000, -1.000000000000000000 ) ) ;
#341 = EDGE_CURVE ( 'NONE', #3091, #4805, #5418, .T. ) ;
#342 = CARTESIAN_POINT ( 'NONE',  ( -18.50000000000000000, -1.190000000000002833, -0.9600000000000001865 ) ) ;
#343 = CARTESIAN_POINT ( 'NONE',  ( -12.92368347295909814, 0.9899999999999984368, -6.660000000000000142 ) ) ;
#344 = EDGE_LOOP ( 'NONE', ( #5307, #3212, #2607, #1513, #4736, #1524 ) ) ;
#345 = DIRECTION ( 'NONE',  ( 1.000000000000000000, -0.000000000000000000, -0.000000000000000000 ) ) ;
#346 = AXIS2_PLACEMENT_3D ( 'NONE', #3460, #692, #3292 ) ;
#347 = ORIENTED_EDGE ( 'NONE', *, *, #3334, .T. ) ;
#348 = DIRECTION ( 'NONE',  ( 8.129090620984199047E-15, 0.000000000000000000, -1.000000000000000000 ) ) ;
#349 = DIRECTION ( 'NONE',  ( 0.9632452974707710336, 0.2686233364777639299, 0.000000000000000000 ) ) ;
#350 = AXIS2_PLACEMENT_3D ( 'NONE', #365, #1400, #4566 ) ;
#351 = AXIS2_PLACEMENT_3D ( 'NONE', #1094, #93, #523 ) ;
#352 = CARTESIAN_POINT ( 'NONE',  ( -18.15358983848622643, 0.9899999999999984368, -1.135000000000000231 ) ) ;
#353 = VERTEX_POINT ( 'NONE', #2173 ) ;
#354 = ORIENTED_EDGE ( 'NONE', *, *, #300, .T. ) ;
#355 = DIRECTION ( 'NONE',  ( -1.000000000000000000, 0.000000000000000000, -0.000000000000000000 ) ) ;
#356 = CARTESIAN_POINT ( 'NONE',  ( -14.56974851850929298, 9.753686360283015944, -1.009999999999997122 ) ) ;
#357 = DIRECTION ( 'NONE',  ( 0.000000000000000000, -1.000000000000000000, -0.000000000000000000 ) ) ;
#358 = LINE ( 'NONE', #2645, #126 ) ;
#359 = DIRECTION ( 'NONE',  ( -1.000000000000000000, 0.000000000000000000, 0.000000000000000000 ) ) ;
#360 = ORIENTED_EDGE ( 'NONE', *, *, #1583, .T. ) ;
#361 = ORIENTED_EDGE ( 'NONE', *, *, #2248, .T. ) ;
#362 = CARTESIAN_POINT ( 'NONE',  ( -13.94820772119394547, 1.189999999999998170, -0.8496342572279658167 ) ) ;
#363 = CARTESIAN_POINT ( 'NONE',  ( -16.55000000000000071, 0.2114982215127146903, -0.9600000000000001865 ) ) ;
#364 = ORIENTED_EDGE ( 'NONE', *, *, #5994, .F. ) ;
#365 = CARTESIAN_POINT ( 'NONE',  ( -5.576316527040901860, -1.189999999999998392, -6.660000000000001030 ) ) ;
#366 = EDGE_CURVE ( 'NONE', #1862, #5784, #5192, .T. ) ;
#367 = ORIENTED_EDGE ( 'NONE', *, *, #1988, .F. ) ;
#368 = CARTESIAN_POINT ( 'NONE',  ( -7.853451737060907821E-17, 1.189999999999998392, -0.6600000000000016964 ) ) ;
#369 = CYLINDRICAL_SURFACE ( 'NONE', #5046, 0.1499999999999999112 ) ;
#370 = DIRECTION ( 'NONE',  ( 1.000000000000000000, 0.000000000000000000, 0.000000000000000000 ) ) ;
#371 = DIRECTION ( 'NONE',  ( -0.000000000000000000, -0.000000000000000000, -1.000000000000000000 ) ) ;
#372 = ORIENTED_EDGE ( 'NONE', *, *, #1332, .T. ) ;
#373 = DIRECTION ( 'NONE',  ( -1.426102104458186769E-16, 1.000000000000000000, 0.000000000000000000 ) ) ;
#374 = EDGE_LOOP ( 'NONE', ( #5819, #4041, #242, #2504, #2493, #4216, #3036, #707 ) ) ;
#375 = CARTESIAN_POINT ( 'NONE',  ( -2.825068018844486328, 0.9899999999999984368, 5.040000000000000036 ) ) ;
#376 = LINE ( 'NONE', #4430, #1960 ) ;
#377 = AXIS2_PLACEMENT_3D ( 'NONE', #1709, #1680, #836 ) ;
#378 = LINE ( 'NONE', #352, #830 ) ;
#379 = VERTEX_POINT ( 'NONE', #1246 ) ;
#380 = ORIENTED_EDGE ( 'NONE', *, *, #4494, .F. ) ;
#381 = FILL_AREA_STYLE_COLOUR ( '', #4230 ) ;
#382 = DIRECTION ( 'NONE',  ( -1.000000000000000000, 0.000000000000000000, 0.000000000000000000 ) ) ;
#383 = DIRECTION ( 'NONE',  ( 0.000000000000000000, -0.9854601157443477755, 0.1699069165076472210 ) ) ;
#384 = ADVANCED_FACE ( 'NONE', ( #3101, #4912 ), #1670, .T. ) ;
#385 = CARTESIAN_POINT ( 'NONE',  ( -2.349999999999999645, -0.8999999999999999112, -0.9100000000000001421 ) ) ;
#386 = DIRECTION ( 'NONE',  ( 0.000000000000000000, -0.000000000000000000, 1.000000000000000000 ) ) ;
#387 = AXIS2_PLACEMENT_3D ( 'NONE', #1093, #4809, #2012 ) ;
#388 = DIRECTION ( 'NONE',  ( 0.000000000000000000, 1.000000000000000000, 0.000000000000000000 ) ) ;
#389 = ORIENTED_EDGE ( 'NONE', *, *, #1665, .F. ) ;
#390 = ORIENTED_EDGE ( 'NONE', *, *, #3887, .T. ) ;
#391 = VERTEX_POINT ( 'NONE', #4058 ) ;
#392 = AXIS2_PLACEMENT_3D ( 'NONE', #2466, #4743, #567 ) ;
#393 = CARTESIAN_POINT ( 'NONE',  ( -12.55000000000000071, 0.7399999999999984368, -1.135000000000000231 ) ) ;
#394 = DIRECTION ( 'NONE',  ( 1.000000000000000000, 0.000000000000000000, -0.000000000000000000 ) ) ;
#395 = PLANE ( 'NONE',  #327 ) ;
#396 = VECTOR ( 'NONE', #3141, 1.000000000000000000 ) ;
#397 = ORIENTED_EDGE ( 'NONE', *, *, #5874, .F. ) ;
#398 = VECTOR ( 'NONE', #3278, 1.000000000000000000 ) ;
#399 = CARTESIAN_POINT ( 'NONE',  ( -12.55000000000000071, 0.9899999999999984368, -1.135000000000001119 ) ) ;
#400 = ORIENTED_EDGE ( 'NONE', *, *, #3646, .T. ) ;
#401 = CYLINDRICAL_SURFACE ( 'NONE', #4616, 0.2500000000000000000 ) ;
#402 = CARTESIAN_POINT ( 'NONE',  ( -19.12000000000000099, 0.8750000000000000000, -0.9100000000000001421 ) ) ;
#403 = CARTESIAN_POINT ( 'NONE',  ( -8.724999999999999645, -0.7400000000000005462, -0.9600000000000001865 ) ) ;
#404 = LINE ( 'NONE', #5518, #3021 ) ;
#405 = ORIENTED_EDGE ( 'NONE', *, *, #565, .T. ) ;
#406 = CARTESIAN_POINT ( 'NONE',  ( -2.476862333647775749, -0.2468767314595582407, -0.9600000000000001865 ) ) ;
#407 = ORIENTED_EDGE ( 'NONE', *, *, #559, .F. ) ;
#408 = CARTESIAN_POINT ( 'NONE',  ( -4.551792278806057190, 1.089999999999998082, -0.8496342572279651506 ) ) ;
#409 = CARTESIAN_POINT ( 'NONE',  ( -16.14999999999999858, -0.9899999999999991029, -0.9600000000000001865 ) ) ;
#410 = EDGE_CURVE ( 'NONE', #3658, #100, #2573, .T. ) ;
#411 = CIRCLE ( 'NONE', #311, 0.09999999999999964473 ) ;
#412 = EDGE_CURVE ( 'NONE', #2184, #2983, #241, .T. ) ;
#413 = ADVANCED_FACE ( 'NONE', ( #5881 ), #5849, .F. ) ;
#414 = ORIENTED_EDGE ( 'NONE', *, *, #3806, .T. ) ;
#415 = ORIENTED_EDGE ( 'NONE', *, *, #1514, .T. ) ;
#416 = VECTOR ( 'NONE', #1241, 1.000000000000000000 ) ;
#417 = PLANE ( 'NONE',  #5097 ) ;
#418 = DIRECTION ( 'NONE',  ( -0.000000000000000000, -0.000000000000000000, -1.000000000000000000 ) ) ;
#419 = LINE ( 'NONE', #5106, #1682 ) ;
#420 = CARTESIAN_POINT ( 'NONE',  ( -13.10000000000000142, 0.7506144545436229665, -0.9600000000000001865 ) ) ;
#421 = CYLINDRICAL_SURFACE ( 'NONE', #2594, 0.1000000000000014211 ) ;
#422 = DIRECTION ( 'NONE',  ( -1.000000000000000000, 0.000000000000000000, -0.000000000000000000 ) ) ;
#423 = EDGE_CURVE ( 'NONE', #5201, #115, #4620, .T. ) ;
#424 = ORIENTED_EDGE ( 'NONE', *, *, #3763, .F. ) ;
#425 = VERTEX_POINT ( 'NONE', #3535 ) ;
#426 = EDGE_LOOP ( 'NONE', ( #1218, #2282, #2758, #4600 ) ) ;
#427 = LINE ( 'NONE', #2260, #1256 ) ;
#428 = CARTESIAN_POINT ( 'NONE',  ( -18.50000000000000000, -0.8750000000000000000, -0.9800000000000000933 ) ) ;
#429 = CARTESIAN_POINT ( 'NONE',  ( -16.15000000000000213, 0.000000000000000000, 0.000000000000000000 ) ) ;
#430 = ORIENTED_EDGE ( 'NONE', *, *, #1182, .T. ) ;
#431 = DIRECTION ( 'NONE',  ( 1.000000000000000000, 0.000000000000000000, 0.000000000000000000 ) ) ;
#432 = EDGE_LOOP ( 'NONE', ( #1186, #5165, #3157, #4160 ) ) ;
#433 = VECTOR ( 'NONE', #4368, 1.000000000000000000 ) ;
#434 = DIRECTION ( 'NONE',  ( 1.000000000000000000, 0.000000000000000000, 0.000000000000000000 ) ) ;
#435 = CARTESIAN_POINT ( 'NONE',  ( -2.350000000000001421, 1.189999999999998392, -0.9600000000000001865 ) ) ;
#436 = CARTESIAN_POINT ( 'NONE',  ( -5.576316527040900972, 0.9899999999999984368, -0.6600000000000010303 ) ) ;
#437 = CARTESIAN_POINT ( 'NONE',  ( -2.349999999999999645, -0.7399999999999991029, -0.9600000000000001865 ) ) ;
#438 = VECTOR ( 'NONE', #5295, 1.000000000000000000 ) ;
#439 = VECTOR ( 'NONE', #502, 1.000000000000000000 ) ;
#440 = CIRCLE ( 'NONE', #3835, 0.05000000000000004441 ) ;
#441 = EDGE_LOOP ( 'NONE', ( #1102, #5749, #1686, #5129 ) ) ;
#442 = ORIENTED_EDGE ( 'NONE', *, *, #4310, .T. ) ;
#443 = DIRECTION ( 'NONE',  ( 1.000000000000000000, -0.000000000000000000, -0.000000000000000000 ) ) ;
#444 = DIRECTION ( 'NONE',  ( 1.000000000000000000, -0.000000000000000000, -0.000000000000000000 ) ) ;
#445 = AXIS2_PLACEMENT_3D ( 'NONE', #4928, #4072, #5535 ) ;
#446 = DIRECTION ( 'NONE',  ( -0.000000000000000000, 0.000000000000000000, 1.000000000000000000 ) ) ;
#447 = VERTEX_POINT ( 'NONE', #5391 ) ;
#448 = EDGE_CURVE ( 'NONE', #3552, #1025, #2137, .T. ) ;
#449 = ORIENTED_EDGE ( 'NONE', *, *, #3409, .F. ) ;
#450 = CYLINDRICAL_SURFACE ( 'NONE', #1585, 0.1000000000000014211 ) ;
#451 = FACE_OUTER_BOUND ( 'NONE', #441, .T. ) ;
#452 = DIRECTION ( 'NONE',  ( 0.000000000000000000, 0.000000000000000000, 1.000000000000000000 ) ) ;
#453 = DIRECTION ( 'NONE',  ( -1.000000000000000000, 0.000000000000000000, 0.000000000000000000 ) ) ;
#454 = DIRECTION ( 'NONE',  ( 1.000000000000000000, 0.000000000000000000, 0.000000000000000000 ) ) ;
#455 = CARTESIAN_POINT ( 'NONE',  ( -12.55000000000000071, 0.7399999999999984368, -4.241944871367028469 ) ) ;
#456 = VECTOR ( 'NONE', #3875, 1.000000000000000000 ) ;
#457 = ORIENTED_EDGE ( 'NONE', *, *, #4765, .T. ) ;
#458 = ORIENTED_EDGE ( 'NONE', *, *, #559, .T. ) ;
#459 = EDGE_CURVE ( 'NONE', #301, #1669, #3071, .T. ) ;
#460 = DIRECTION ( 'NONE',  ( 0.000000000000000000, 0.000000000000000000, 1.000000000000000000 ) ) ;
#461 = CARTESIAN_POINT ( 'NONE',  ( -2.599999999999999645, 0.7399999999999984368, -1.135000000000000231 ) ) ;
#462 = AXIS2_PLACEMENT_3D ( 'NONE', #807, #751, #4927 ) ;
#463 = EDGE_LOOP ( 'NONE', ( #3602, #4451, #2940, #4373, #465, #2909, #1095, #3322, #2245, #2498, #4032, #3358, #317, #2514, #191, #4178, #3679, #3772, #3936, #5111 ) ) ;
#464 = DIRECTION ( 'NONE',  ( -0.000000000000000000, 0.000000000000000000, -1.000000000000000000 ) ) ;
#465 = ORIENTED_EDGE ( 'NONE', *, *, #3938, .F. ) ;
#466 = CARTESIAN_POINT ( 'NONE',  ( -13.35840271350518726, -0.9899999999999994360, -4.241944871367028469 ) ) ;
#467 = PLANE ( 'NONE',  #3090 ) ;
#468 = CARTESIAN_POINT ( 'NONE',  ( -12.80000000000000071, 0.9899999999999984368, -0.9600000000000001865 ) ) ;
#469 = CARTESIAN_POINT ( 'NONE',  ( -16.65000000000000213, 0.3114982215127146681, -0.9600000000000001865 ) ) ;
#470 = ORIENTED_EDGE ( 'NONE', *, *, #2851, .F. ) ;
#471 = VERTEX_POINT ( 'NONE', #762 ) ;
#472 = PLANE ( 'NONE',  #1498 ) ;
#473 = CARTESIAN_POINT ( 'NONE',  ( -13.96557253896063777, 1.189999999999998392, -0.7511534819267453589 ) ) ;
#474 = EDGE_LOOP ( 'NONE', ( #1269, #4121, #2931, #4527 ) ) ;
#475 = EDGE_LOOP ( 'NONE', ( #458, #5662, #778, #2697, #206, #4542, #5894, #5514, #2424, #5955, #4495, #5117 ) ) ;
#476 = LINE ( 'NONE', #2284, #3630 ) ;
#477 = CARTESIAN_POINT ( 'NONE',  ( -10.88749999999999929, 0.9899999999999984368, -4.241944871367028469 ) ) ;
#478 = CARTESIAN_POINT ( 'NONE',  ( -3.930251481490694587, -1.189999999999998392, -1.009999999999999121 ) ) ;
#479 = EDGE_CURVE ( 'NONE', #2499, #3466, #793, .T. ) ;
#480 = CARTESIAN_POINT ( 'NONE',  ( -12.55000000000000071, -0.7400000000000014344, -1.135000000000000231 ) ) ;
#481 = CARTESIAN_POINT ( 'NONE',  ( -1.949999999999999734, 0.9899999999999984368, -1.135000000000000231 ) ) ;
#482 = ORIENTED_EDGE ( 'NONE', *, *, #822, .T. ) ;
#483 = ORIENTED_EDGE ( 'NONE', *, *, #1291, .T. ) ;
#484 = CARTESIAN_POINT ( 'NONE',  ( -19.08868599666426036, -0.8750000000000000000, -1.060000000000000053 ) ) ;
#485 = VECTOR ( 'NONE', #4815, 1.000000000000000000 ) ;
#486 = DIRECTION ( 'NONE',  ( -1.000000000000000000, 0.000000000000000000, 0.000000000000000000 ) ) ;
#487 = DIRECTION ( 'NONE',  ( 1.000000000000000000, -1.110223024625160485E-15, 0.000000000000000000 ) ) ;
#488 = ADVANCED_FACE ( 'NONE', ( #5452 ), #1278, .F. ) ;
#489 = EDGE_CURVE ( 'NONE', #2039, #1085, #3129, .T. ) ;
#490 = AXIS2_PLACEMENT_3D ( 'NONE', #1905, #91, #2331 ) ;
#491 = EDGE_LOOP ( 'NONE', ( #572, #5403, #2481, #1435, #743, #5340 ) ) ;
#492 = EDGE_CURVE ( 'NONE', #5044, #3369, #3167, .T. ) ;
#493 = CARTESIAN_POINT ( 'NONE',  ( -16.02313766635222336, -0.2468767314595583517, -1.135000000000000231 ) ) ;
#494 = ORIENTED_EDGE ( 'NONE', *, *, #1979, .T. ) ;
#495 = PLANE ( 'NONE',  #5864 ) ;
#496 = CARTESIAN_POINT ( 'NONE',  ( -16.02313766635222336, 0.2468767314595589901, -0.9600000000000001865 ) ) ;
#497 = AXIS2_PLACEMENT_3D ( 'NONE', #4763, #2462, #5678 ) ;
#498 = DIRECTION ( 'NONE',  ( 1.000000000000000000, 0.000000000000000000, -0.000000000000000000 ) ) ;
#499 = EDGE_CURVE ( 'NONE', #4723, #100, #3758, .T. ) ;
#500 = VERTEX_POINT ( 'NONE', #4188 ) ;
#501 = ORIENTED_EDGE ( 'NONE', *, *, #6025, .F. ) ;
#502 = DIRECTION ( 'NONE',  ( -1.000000000000000000, 0.000000000000000000, 1.223127061027714532E-16 ) ) ;
#503 = AXIS2_PLACEMENT_3D ( 'NONE', #4947, #3550, #3644 ) ;
#504 = ORIENTED_EDGE ( 'NONE', *, *, #3315, .F. ) ;
#505 = ORIENTED_EDGE ( 'NONE', *, *, #1884, .T. ) ;
#506 = CARTESIAN_POINT ( 'NONE',  ( -2.349999999999999645, -0.2000000000000000111, -0.8250000000000000666 ) ) ;
#507 = CARTESIAN_POINT ( 'NONE',  ( -1.949999999999999734, -0.7399999999999984368, -1.135000000000000231 ) ) ;
#508 = DIRECTION ( 'NONE',  ( 0.000000000000000000, 0.000000000000000000, 1.000000000000000000 ) ) ;
#509 = DIRECTION ( 'NONE',  ( 1.000000000000000000, 0.000000000000000000, 0.000000000000000000 ) ) ;
#510 = CARTESIAN_POINT ( 'NONE',  ( -14.63304291515398248, 0.9899999999999984368, -0.8688465180732556359 ) ) ;
#511 = CIRCLE ( 'NONE', #2829, 0.07999999999999996003 ) ;
#512 = ORIENTED_EDGE ( 'NONE', *, *, #1989, .T. ) ;
#513 = DIRECTION ( 'NONE',  ( 0.000000000000000000, 0.000000000000000000, 1.000000000000000000 ) ) ;
#514 = LINE ( 'NONE', #2349, #3253 ) ;
#515 = LINE ( 'NONE', #2350, #3098 ) ;
#516 = VERTEX_POINT ( 'NONE', #3668 ) ;
#517 = ORIENTED_EDGE ( 'NONE', *, *, #4173, .F. ) ;
#518 = ADVANCED_FACE ( 'NONE', ( #985 ), #893, .F. ) ;
#519 = ADVANCED_FACE ( 'NONE', ( #4219 ), #956, .T. ) ;
#520 = DIRECTION ( 'NONE',  ( 0.000000000000000000, -0.000000000000000000, -1.000000000000000000 ) ) ;
#521 = ADVANCED_FACE ( 'NONE', ( #66 ), #3233, .F. ) ;
#522 = DIRECTION ( 'NONE',  ( 0.000000000000000000, -0.000000000000000000, -1.000000000000000000 ) ) ;
#523 = DIRECTION ( 'NONE',  ( 0.000000000000000000, 0.000000000000000000, 1.000000000000000000 ) ) ;
#524 = CIRCLE ( 'NONE', #915, 0.2500000000000000000 ) ;
#525 = ORIENTED_EDGE ( 'NONE', *, *, #5552, .T. ) ;
#526 = AXIS2_PLACEMENT_3D ( 'NONE', #618, #5271, #134 ) ;
#527 = EDGE_CURVE ( 'NONE', #3069, #127, #2856, .T. ) ;
#528 = LINE ( 'NONE', #2369, #2263 ) ;
#529 = DIRECTION ( 'NONE',  ( -2.400482215405744004E-16, 1.000000000000000000, 0.000000000000000000 ) ) ;
#530 = CIRCLE ( 'NONE', #2847, 0.07999999999999996003 ) ;
#531 = AXIS2_PLACEMENT_3D ( 'NONE', #1424, #2249, #5039 ) ;
#532 = LINE ( 'NONE', #5100, #2469 ) ;
#533 = EDGE_LOOP ( 'NONE', ( #1145, #5759, #3964, #3353 ) ) ;
#534 = ORIENTED_EDGE ( 'NONE', *, *, #4577, .T. ) ;
#535 = DIRECTION ( 'NONE',  ( 0.000000000000000000, 0.000000000000000000, 1.000000000000000000 ) ) ;
#536 = VECTOR ( 'NONE', #1655, 1.000000000000000000 ) ;
#537 = CARTESIAN_POINT ( 'NONE',  ( -5.399999999999998579, -0.6189114148497022461, -0.9600000000000001865 ) ) ;
#538 = DIRECTION ( 'NONE',  ( -0.000000000000000000, 0.000000000000000000, 1.000000000000000000 ) ) ;
#539 = CYLINDRICAL_SURFACE ( 'NONE', #3486, 0.1000000000000000888 ) ;
#540 = VECTOR ( 'NONE', #2438, 1.000000000000000000 ) ;
#541 = ORIENTED_EDGE ( 'NONE', *, *, #1811, .F. ) ;
#542 = LINE ( 'NONE', #1899, #5154 ) ;
#543 = DIRECTION ( 'NONE',  ( 1.000000000000000000, 0.000000000000000000, 0.000000000000000000 ) ) ;
#544 = VECTOR ( 'NONE', #5293, 1.000000000000000000 ) ;
#545 = LINE ( 'NONE', #5658, #3702 ) ;
#546 = ORIENTED_EDGE ( 'NONE', *, *, #5247, .F. ) ;
#547 = VERTEX_POINT ( 'NONE', #2796 ) ;
#548 = AXIS2_PLACEMENT_3D ( 'NONE', #1643, #3570, #5423 ) ;
#549 = ORIENTED_EDGE ( 'NONE', *, *, #2766, .F. ) ;
#550 = PLANE ( 'NONE',  #873 ) ;
#551 = EDGE_CURVE ( 'NONE', #2727, #3795, #11, .T. ) ;
#552 = EDGE_CURVE ( 'NONE', #5077, #2211, #530, .T. ) ;
#553 = DIRECTION ( 'NONE',  ( 0.000000000000000000, 0.000000000000000000, -1.000000000000000000 ) ) ;
#554 = ORIENTED_EDGE ( 'NONE', *, *, #3980, .T. ) ;
#555 = CARTESIAN_POINT ( 'NONE',  ( -0.3464101615137744616, 0.7399999999999984368, -1.135000000000000231 ) ) ;
#556 = DIRECTION ( 'NONE',  ( 0.000000000000000000, -0.000000000000000000, -1.000000000000000000 ) ) ;
#557 = FACE_OUTER_BOUND ( 'NONE', #2276, .T. ) ;
#558 = EDGE_CURVE ( 'NONE', #5220, #690, #5093, .T. ) ;
#559 = EDGE_CURVE ( 'NONE', #3680, #2334, #1861, .T. ) ;
#560 = EDGE_LOOP ( 'NONE', ( #2631, #651, #5503, #4405, #2751, #2072, #5916, #4948, #1929 ) ) ;
#561 = ORIENTED_EDGE ( 'NONE', *, *, #1918, .F. ) ;
#562 = DIRECTION ( 'NONE',  ( 1.000000000000000000, -0.000000000000000000, -0.000000000000000000 ) ) ;
#563 = LINE ( 'NONE', #616, #1679 ) ;
#564 = CARTESIAN_POINT ( 'NONE',  ( -15.44619114447246844, -0.09632452974707687854, -1.135000000000000231 ) ) ;
#565 = EDGE_CURVE ( 'NONE', #1566, #3430, #2336, .T. ) ;
#566 = ORIENTED_EDGE ( 'NONE', *, *, #4978, .T. ) ;
#567 = DIRECTION ( 'NONE',  ( 1.000000000000000000, 0.000000000000000000, 0.000000000000000000 ) ) ;
#568 = CARTESIAN_POINT ( 'NONE',  ( -2.349999999999999645, -1.189999999999998392, -0.9600000000000001865 ) ) ;
#569 = FACE_BOUND ( 'NONE', #1645, .T. ) ;
#570 = CARTESIAN_POINT ( 'NONE',  ( -16.80000000000000071, -0.9899999999999984368, -1.135000000000000231 ) ) ;
#571 = ORIENTED_EDGE ( 'NONE', *, *, #3337, .F. ) ;
#572 = ORIENTED_EDGE ( 'NONE', *, *, #551, .F. ) ;
#573 = AXIS2_PLACEMENT_3D ( 'NONE', #2628, #819, #5544 ) ;
#574 = EDGE_LOOP ( 'NONE', ( #1660, #3516, #4170, #3425 ) ) ;
#575 = LINE ( 'NONE', #4189, #1107 ) ;
#576 = DIRECTION ( 'NONE',  ( 0.000000000000000000, -1.000000000000000000, -0.000000000000000000 ) ) ;
#577 = CIRCLE ( 'NONE', #3095, 0.2500000000000000000 ) ;
#578 = DIRECTION ( 'NONE',  ( -0.000000000000000000, -0.9901138386947149206, -0.1402661271484180461 ) ) ;
#579 = VERTEX_POINT ( 'NONE', #1831 ) ;
#580 = VECTOR ( 'NONE', #2004, 1.000000000000000000 ) ;
#581 = DIRECTION ( 'NONE',  ( -1.000000000000000000, -0.000000000000000000, -0.000000000000000000 ) ) ;
#582 = CARTESIAN_POINT ( 'NONE',  ( -8.974999999999999645, -0.7400000000000006573, -0.9600000000000001865 ) ) ;
#583 = CARTESIAN_POINT ( 'NONE',  ( -13.61420173049478421, 0.9549999999999984057, -0.9600000000000001865 ) ) ;
#584 = EDGE_LOOP ( 'NONE', ( #4096, #1638, #2559, #1111, #2170, #3497, #1350 ) ) ;
#585 = ORIENTED_EDGE ( 'NONE', *, *, #2687, .T. ) ;
#586 = VERTEX_POINT ( 'NONE', #5975 ) ;
#587 = CYLINDRICAL_SURFACE ( 'NONE', #1491, 0.1000000000000014211 ) ;
#588 = EDGE_CURVE ( 'NONE', #976, #3636, #1887, .T. ) ;
#589 = CARTESIAN_POINT ( 'NONE',  ( -10.63749999999999929, -0.7400000000000009903, -0.9600000000000001865 ) ) ;
#590 = EDGE_CURVE ( 'NONE', #280, #5425, #1439, .T. ) ;
#591 = FACE_OUTER_BOUND ( 'NONE', #3922, .T. ) ;
#592 = EDGE_CURVE ( 'NONE', #3424, #4323, #4419, .T. ) ;
#593 = PLANE ( 'NONE',  #4915 ) ;
#594 = VERTEX_POINT ( 'NONE', #5126 ) ;
#595 = LINE ( 'NONE', #4344, #580 ) ;
#596 = ADVANCED_FACE ( 'NONE', ( #5152 ), #472, .T. ) ;
#597 = DIRECTION ( 'NONE',  ( 0.000000000000000000, 0.000000000000000000, -1.000000000000000000 ) ) ;
#598 = CYLINDRICAL_SURFACE ( 'NONE', #3751, 0.1000000000000000888 ) ;
#599 = EDGE_CURVE ( 'NONE', #4977, #5853, #528, .T. ) ;
#600 = AXIS2_PLACEMENT_3D ( 'NONE', #5856, #1620, #1737 ) ;
#601 = ORIENTED_EDGE ( 'NONE', *, *, #3724, .F. ) ;
#602 = VERTEX_POINT ( 'NONE', #5639 ) ;
#603 = ORIENTED_EDGE ( 'NONE', *, *, #1115, .F. ) ;
#604 = AXIS2_PLACEMENT_3D ( 'NONE', #5123, #3194, #3753 ) ;
#605 = DIRECTION ( 'NONE',  ( 0.000000000000000000, -0.000000000000000000, 1.000000000000000000 ) ) ;
#606 = CARTESIAN_POINT ( 'NONE',  ( 0.5886859966642593589, -0.8750000000000000000, -0.9800000000000000933 ) ) ;
#607 = CARTESIAN_POINT ( 'NONE',  ( -2.349999999999999645, -0.8000000000000000444, -0.9100000000000001421 ) ) ;
#608 = ORIENTED_EDGE ( 'NONE', *, *, #2467, .F. ) ;
#609 = CARTESIAN_POINT ( 'NONE',  ( -13.35840271350518726, 0.9899999999999985478, -0.9600000000000001865 ) ) ;
#610 = CARTESIAN_POINT ( 'NONE',  ( -13.94820772119394547, 9.753686360283015944, -0.8496342572279658167 ) ) ;
#611 = CARTESIAN_POINT ( 'NONE',  ( -6.812500000000000000, -0.9900000000000001021, -0.9600000000000011857 ) ) ;
#612 = AXIS2_PLACEMENT_3D ( 'NONE', #1117, #5278, #3880 ) ;
#613 = ORIENTED_EDGE ( 'NONE', *, *, #3806, .F. ) ;
#614 = VERTEX_POINT ( 'NONE', #3323 ) ;
#615 = CARTESIAN_POINT ( 'NONE',  ( -2.599999999999999645, -0.9899999999999991029, -1.135000000000000231 ) ) ;
#616 = CARTESIAN_POINT ( 'NONE',  ( -4.551792278806057190, -9.753686360283015944, -0.8496342572279651506 ) ) ;
#617 = AXIS2_PLACEMENT_3D ( 'NONE', #5734, #4399, #4338 ) ;
#618 = CARTESIAN_POINT ( 'NONE',  ( 0.000000000000000000, 0.000000000000000000, -1.135000000000000231 ) ) ;
#619 = VECTOR ( 'NONE', #2635, 1.000000000000000000 ) ;
#620 = AXIS2_PLACEMENT_3D ( 'NONE', #4853, #5393, #3417 ) ;
#621 = ADVANCED_FACE ( 'NONE', ( #5181 ), #1011, .T. ) ;
#622 = LINE ( 'NONE', #711, #2381 ) ;
#623 = CIRCLE ( 'NONE', #4030, 0.1000000000000000888 ) ;
#624 = ORIENTED_EDGE ( 'NONE', *, *, #1595, .F. ) ;
#625 = DIRECTION ( 'NONE',  ( 1.000000000000000000, 0.000000000000000000, 0.000000000000000000 ) ) ;
#626 = CARTESIAN_POINT ( 'NONE',  ( -3.930251481490694587, -1.189999999999999503, -1.059999999999999165 ) ) ;
#627 = VECTOR ( 'NONE', #112, 1.000000000000000000 ) ;
#628 = CARTESIAN_POINT ( 'NONE',  ( -0.5964101615137746837, 0.7399999999999984368, -4.241944871367028469 ) ) ;
#629 = VECTOR ( 'NONE', #1453, 1.000000000000000000 ) ;
#630 = VERTEX_POINT ( 'NONE', #3433 ) ;
#631 = EDGE_CURVE ( 'NONE', #288, #2450, #123, .T. ) ;
#632 = ORIENTED_EDGE ( 'NONE', *, *, #149, .T. ) ;
#633 = VERTEX_POINT ( 'NONE', #555 ) ;
#634 = VECTOR ( 'NONE', #2520, 1.000000000000000000 ) ;
#635 = CARTESIAN_POINT ( 'NONE',  ( -0.2926587287503931711, 0.9899999999999984368, 1.659750127714602952 ) ) ;
#636 = DIRECTION ( 'NONE',  ( 0.000000000000000000, 0.000000000000000000, 1.000000000000000000 ) ) ;
#637 = VECTOR ( 'NONE', #988, 1.000000000000000000 ) ;
#638 = ORIENTED_EDGE ( 'NONE', *, *, #5576, .T. ) ;
#639 = CARTESIAN_POINT ( 'NONE',  ( -17.90358983848622643, -0.7399999999999984368, -0.9599999999999999645 ) ) ;
#640 = ORIENTED_EDGE ( 'NONE', *, *, #2662, .F. ) ;
#641 = CARTESIAN_POINT ( 'NONE',  ( -3.053808855527532007, -0.09632452974707701732, -1.135000000000000231 ) ) ;
#642 = DIRECTION ( 'NONE',  ( 0.000000000000000000, 0.000000000000000000, -1.000000000000000000 ) ) ;
#643 = CARTESIAN_POINT ( 'NONE',  ( -11.43750000000000000, -0.9899999999999991029, -1.135000000000000231 ) ) ;
#644 = ORIENTED_EDGE ( 'NONE', *, *, #34, .F. ) ;
#645 = ORIENTED_EDGE ( 'NONE', *, *, #1183, .F. ) ;
#646 = LINE ( 'NONE', #2975, #5377 ) ;
#647 = CARTESIAN_POINT ( 'NONE',  ( -13.22686233364777664, -0.7152359445967793050, -0.9600000000000001865 ) ) ;
#648 = CARTESIAN_POINT ( 'NONE',  ( -9.775000000000000355, -0.7400000000000008793, -1.135000000000000231 ) ) ;
#649 = LINE ( 'NONE', #3905, #3143 ) ;
#650 = DIRECTION ( 'NONE',  ( -1.432545838226008399E-17, 1.000000000000000000, 0.000000000000000000 ) ) ;
#651 = ORIENTED_EDGE ( 'NONE', *, *, #3307, .T. ) ;
#652 = EDGE_LOOP ( 'NONE', ( #3365, #1329, #2702, #2258 ) ) ;
#653 = CARTESIAN_POINT ( 'NONE',  ( -15.44619114447246844, 0.09632452974707661486, -1.135000000000000231 ) ) ;
#654 = EDGE_CURVE ( 'NONE', #1025, #4303, #1096, .T. ) ;
#655 = PLANE ( 'NONE',  #4018 ) ;
#656 = CYLINDRICAL_SURFACE ( 'NONE', #2952, 0.2500000000000000000 ) ;
#657 = ORIENTED_EDGE ( 'NONE', *, *, #2501, .F. ) ;
#658 = ORIENTED_EDGE ( 'NONE', *, *, #1549, .F. ) ;
#659 = CARTESIAN_POINT ( 'NONE',  ( -13.61420173049478421, 0.9899999999999984368, -0.9600000000000004086 ) ) ;
#660 = EDGE_CURVE ( 'NONE', #5807, #1749, #2452, .T. ) ;
#661 = CARTESIAN_POINT ( 'NONE',  ( -13.61420173049477356, -0.9900000000000016565, -1.135000000000000231 ) ) ;
#662 = DIRECTION ( 'NONE',  ( 0.000000000000000000, 0.000000000000000000, 1.000000000000000000 ) ) ;
#663 = EDGE_CURVE ( 'NONE', #2886, #4459, #1521, .T. ) ;
#664 = AXIS2_PLACEMENT_3D ( 'NONE', #5700, #529, #3812 ) ;
#665 = ORIENTED_EDGE ( 'NONE', *, *, #2845, .F. ) ;
#666 = CARTESIAN_POINT ( 'NONE',  ( -18.05358983848622501, 0.2114982215127147180, -0.9599999999999999645 ) ) ;
#667 = VERTEX_POINT ( 'NONE', #2421 ) ;
#668 = CARTESIAN_POINT ( 'NONE',  ( -2.998914146599318944E-15, -0.9899999999999984368, -0.9600000000000020739 ) ) ;
#669 = DIRECTION ( 'NONE',  ( 0.000000000000000000, 0.000000000000000000, -1.000000000000000000 ) ) ;
#670 = AXIS2_PLACEMENT_3D ( 'NONE', #3463, #1149, #5257 ) ;
#671 = DIRECTION ( 'NONE',  ( -1.000000000000000000, -3.977017136376344019E-17, 0.000000000000000000 ) ) ;
#672 = EDGE_CURVE ( 'NONE', #633, #3672, #255, .T. ) ;
#673 = AXIS2_PLACEMENT_3D ( 'NONE', #5707, #195, #2029 ) ;
#674 = ORIENTED_EDGE ( 'NONE', *, *, #5611, .T. ) ;
#675 = EDGE_LOOP ( 'NONE', ( #2925, #3972, #2414, #4802 ) ) ;
#676 = LINE ( 'NONE', #3361, #4897 ) ;
#677 = LINE ( 'NONE', #3442, #5098 ) ;
#678 = CARTESIAN_POINT ( 'NONE',  ( -18.50000000000000000, 0.8750000000000000000, -1.060000000000000053 ) ) ;
#679 =( LENGTH_UNIT ( ) NAMED_UNIT ( * ) SI_UNIT ( $, .METRE. ) );
#680 = AXIS2_PLACEMENT_3D ( 'NONE', #4890, #5857, #2214 ) ;
#681 = LINE ( 'NONE', #3075, #5284 ) ;
#682 = LINE ( 'NONE', #1110, #456 ) ;
#683 = ORIENTED_EDGE ( 'NONE', *, *, #3337, .T. ) ;
#684 = ORIENTED_EDGE ( 'NONE', *, *, #1046, .T. ) ;
#685 = FACE_OUTER_BOUND ( 'NONE', #4997, .T. ) ;
#686 = CARTESIAN_POINT ( 'NONE',  ( -1.949999999999999734, 0.3114982215127146681, -1.135000000000000231 ) ) ;
#687 = AXIS2_PLACEMENT_3D ( 'NONE', #2584, #802, #359 ) ;
#688 = CYLINDRICAL_SURFACE ( 'NONE', #3395, 0.03500000000000014211 ) ;
#689 = VECTOR ( 'NONE', #5409, 1.000000000000000000 ) ;
#690 = VERTEX_POINT ( 'NONE', #2509 ) ;
#691 = ORIENTED_EDGE ( 'NONE', *, *, #5536, .T. ) ;
#692 = DIRECTION ( 'NONE',  ( -0.000000000000000000, 0.000000000000000000, 1.000000000000000000 ) ) ;
#693 = FACE_OUTER_BOUND ( 'NONE', #2486, .T. ) ;
#694 = CARTESIAN_POINT ( 'NONE',  ( -9.525000000000000355, -0.7400000000000008793, -0.9600000000000001865 ) ) ;
#695 = AXIS2_PLACEMENT_3D ( 'NONE', #4970, #3017, #5802 ) ;
#696 = VERTEX_POINT ( 'NONE', #1936 ) ;
#697 = DIRECTION ( 'NONE',  ( -0.000000000000000000, 0.000000000000000000, 1.000000000000000000 ) ) ;
#698 = EDGE_CURVE ( 'NONE', #1713, #1940, #2659, .T. ) ;
#699 = CIRCLE ( 'NONE', #5459, 6.000000000000000000 ) ;
#700 = ORIENTED_EDGE ( 'NONE', *, *, #4535, .T. ) ;
#701 = EDGE_CURVE ( 'NONE', #2799, #3532, #2046, .T. ) ;
#702 = EDGE_CURVE ( 'NONE', #1706, #5616, #1545, .T. ) ;
#703 = CARTESIAN_POINT ( 'NONE',  ( -1.949999999999999734, -0.2000000000000000111, -0.8250000000000000666 ) ) ;
#704 = DIRECTION ( 'NONE',  ( 0.000000000000000000, -0.000000000000000000, 1.000000000000000000 ) ) ;
#705 = EDGE_CURVE ( 'NONE', #3884, #4042, #1071, .T. ) ;
#706 = ORIENTED_EDGE ( 'NONE', *, *, #5172, .F. ) ;
#707 = ORIENTED_EDGE ( 'NONE', *, *, #5913, .T. ) ;
#708 = CARTESIAN_POINT ( 'NONE',  ( -16.55000000000000071, -0.9899999999999984368, -4.241944871367028469 ) ) ;
#709 = DIRECTION ( 'NONE',  ( 1.000000000000000000, 0.000000000000000000, 0.000000000000000000 ) ) ;
#710 = FACE_OUTER_BOUND ( 'NONE', #1675, .T. ) ;
#711 = CARTESIAN_POINT ( 'NONE',  ( -12.80000000000000071, 0.9899999999999984368, -1.135000000000000231 ) ) ;
#712 = VERTEX_POINT ( 'NONE', #5699 ) ;
#713 = ORIENTED_EDGE ( 'NONE', *, *, #3406, .F. ) ;
#714 = AXIS2_PLACEMENT_3D ( 'NONE', #1677, #5005, #4920 ) ;
#715 = CARTESIAN_POINT ( 'NONE',  ( -15.90000000000000213, -0.7400000000000022116, -0.9600000000000001865 ) ) ;
#716 = LINE ( 'NONE', #267, #4084 ) ;
#717 = DIRECTION ( 'NONE',  ( 1.000000000000000000, 1.426102104458186769E-16, 0.000000000000000000 ) ) ;
#718 = AXIS2_PLACEMENT_3D ( 'NONE', #5024, #4603, #434 ) ;
#719 = DIRECTION ( 'NONE',  ( -0.000000000000000000, 0.000000000000000000, -1.000000000000000000 ) ) ;
#720 = AXIS2_PLACEMENT_3D ( 'NONE', #283, #5940, #3997 ) ;
#721 = VECTOR ( 'NONE', #3818, 1.000000000000000000 ) ;
#722 = ORIENTED_EDGE ( 'NONE', *, *, #3646, .F. ) ;
#723 = ORIENTED_EDGE ( 'NONE', *, *, #1548, .F. ) ;
#724 = CYLINDRICAL_SURFACE ( 'NONE', #246, 5.899999999999998579 ) ;
#725 = VECTOR ( 'NONE', #2770, 1.000000000000000000 ) ;
#726 = CARTESIAN_POINT ( 'NONE',  ( -5.576316527040901860, -0.9899999999999999911, -6.660000000000001030 ) ) ;
#727 = ORIENTED_EDGE ( 'NONE', *, *, #4499, .F. ) ;
#728 = LINE ( 'NONE', #250, #4873 ) ;
#729 = ORIENTED_EDGE ( 'NONE', *, *, #2603, .T. ) ;
#730 = CARTESIAN_POINT ( 'NONE',  ( -1.949999999999999734, -0.2000000000000000111, -0.8250000000000000666 ) ) ;
#731 = EDGE_CURVE ( 'NONE', #696, #4468, #4817, .T. ) ;
#732 = CARTESIAN_POINT ( 'NONE',  ( -2.825068018844486328, 0.000000000000000000, 5.040000000000000036 ) ) ;
#733 = VECTOR ( 'NONE', #3407, 1.000000000000000000 ) ;
#734 = EDGE_LOOP ( 'NONE', ( #632, #3689, #5580, #4637 ) ) ;
#735 = VERTEX_POINT ( 'NONE', #1129 ) ;
#736 = CARTESIAN_POINT ( 'NONE',  ( 0.000000000000000000, 0.000000000000000000, -0.9600000000000001865 ) ) ;
#737 = CARTESIAN_POINT ( 'NONE',  ( -2.708402713505185133, 0.000000000000000000, -0.9600000000000001865 ) ) ;
#738 = EDGE_CURVE ( 'NONE', #1706, #4459, #5669, .T. ) ;
#739 = EDGE_CURVE ( 'NONE', #594, #1139, #5602, .T. ) ;
#740 = FACE_OUTER_BOUND ( 'NONE', #1718, .T. ) ;
#741 = ORIENTED_EDGE ( 'NONE', *, *, #2207, .F. ) ;
#742 = EDGE_LOOP ( 'NONE', ( #5176, #1394, #5142, #2244, #30, #2831, #2615, #3803 ) ) ;
#743 = ORIENTED_EDGE ( 'NONE', *, *, #2855, .F. ) ;
#744 = DIRECTION ( 'NONE',  ( 0.000000000000000000, -0.000000000000000000, -1.000000000000000000 ) ) ;
#745 = CARTESIAN_POINT ( 'NONE',  ( -0.3464101615137744061, -0.3114982215127146681, -1.135000000000000231 ) ) ;
#746 = FACE_OUTER_BOUND ( 'NONE', #5185, .T. ) ;
#747 = CARTESIAN_POINT ( 'NONE',  ( -2.350000000000001421, -0.7399999999999991029, -1.135000000000000231 ) ) ;
#748 = EDGE_CURVE ( 'NONE', #1869, #934, #2880, .T. ) ;
#749 = VERTEX_POINT ( 'NONE', #2970 ) ;
#750 = VERTEX_POINT ( 'NONE', #4359 ) ;
#751 = DIRECTION ( 'NONE',  ( -1.000000000000000000, -0.000000000000000000, -0.000000000000000000 ) ) ;
#752 = DIRECTION ( 'NONE',  ( 0.000000000000000000, 0.000000000000000000, -1.000000000000000000 ) ) ;
#753 = LINE ( 'NONE', #5782, #2807 ) ;
#754 = VERTEX_POINT ( 'NONE', #1494 ) ;
#755 = LINE ( 'NONE', #4447, #1854 ) ;
#756 = LINE ( 'NONE', #4876, #1245 ) ;
#757 = LINE ( 'NONE', #279, #3230 ) ;
#758 = EDGE_CURVE ( 'NONE', #4169, #2458, #3354, .T. ) ;
#759 = EDGE_LOOP ( 'NONE', ( #1359, #5962, #1297, #2017 ) ) ;
#760 = ORIENTED_EDGE ( 'NONE', *, *, #4302, .F. ) ;
#761 = AXIS2_PLACEMENT_3D ( 'NONE', #5366, #1199, #4037 ) ;
#762 = CARTESIAN_POINT ( 'NONE',  ( -0.3464101615137744616, 0.7399999999999984368, -0.9600000000000001865 ) ) ;
#763 = CARTESIAN_POINT ( 'NONE',  ( -16.65000000000000213, 0.2114982215127146903, -0.9600000000000001865 ) ) ;
#764 = VECTOR ( 'NONE', #5376, 1.000000000000000000 ) ;
#765 = CARTESIAN_POINT ( 'NONE',  ( -2.350000000000001421, -0.9899999999999991029, -0.9600000000000001865 ) ) ;
#766 = ORIENTED_EDGE ( 'NONE', *, *, #5755, .T. ) ;
#767 = EDGE_CURVE ( 'NONE', #5732, #4114, #3893, .T. ) ;
#768 = ORIENTED_EDGE ( 'NONE', *, *, #558, .T. ) ;
#769 = EDGE_CURVE ( 'NONE', #4337, #5083, #4841, .T. ) ;
#770 = DIRECTION ( 'NONE',  ( -1.000000000000000000, 0.000000000000000000, 1.223127061027714532E-16 ) ) ;
#771 = DIRECTION ( 'NONE',  ( 0.000000000000000000, 0.000000000000000000, 1.000000000000000000 ) ) ;
#772 = FACE_OUTER_BOUND ( 'NONE', #5312, .T. ) ;
#773 = VECTOR ( 'NONE', #2383, 1.000000000000000000 ) ;
#774 = VECTOR ( 'NONE', #3368, 1.000000000000000000 ) ;
#775 = LINE ( 'NONE', #385, #2051 ) ;
#776 = EDGE_CURVE ( 'NONE', #4200, #1314, #1042, .T. ) ;
#777 = CARTESIAN_POINT ( 'NONE',  ( 0.000000000000000000, -0.8750000000000000000, -0.9800000000000000933 ) ) ;
#778 = ORIENTED_EDGE ( 'NONE', *, *, #2324, .T. ) ;
#779 = ORIENTED_EDGE ( 'NONE', *, *, #146, .F. ) ;
#780 = CARTESIAN_POINT ( 'NONE',  ( -12.92368347295909814, 1.189999999999998392, -0.6600000000000001421 ) ) ;
#781 = DIRECTION ( 'NONE',  ( 0.000000000000000000, -0.9901138386947149206, 0.1402661271484180461 ) ) ;
#782 = AXIS2_PLACEMENT_3D ( 'NONE', #2193, #5934, #4181 ) ;
#783 = DIRECTION ( 'NONE',  ( -1.000000000000000000, -0.000000000000000000, -0.000000000000000000 ) ) ;
#784 = CIRCLE ( 'NONE', #4389, 0.2500000000000000000 ) ;
#785 = ORIENTED_EDGE ( 'NONE', *, *, #3192, .F. ) ;
#786 = CARTESIAN_POINT ( 'NONE',  ( 0.000000000000000000, 0.000000000000000000, -0.9600000000000001865 ) ) ;
#787 = CARTESIAN_POINT ( 'NONE',  ( -6.812500000000000000, 0.9899999999999984368, -0.9600000000000001865 ) ) ;
#788 = FACE_OUTER_BOUND ( 'NONE', #797, .T. ) ;
#789 = FACE_OUTER_BOUND ( 'NONE', #170, .T. ) ;
#790 = VECTOR ( 'NONE', #4943, 1.000000000000000000 ) ;
#791 = ORIENTED_EDGE ( 'NONE', *, *, #1294, .F. ) ;
#792 = ORIENTED_EDGE ( 'NONE', *, *, #5994, .T. ) ;
#793 = LINE ( 'NONE', #4514, #3925 ) ;
#794 = CARTESIAN_POINT ( 'NONE',  ( -19.08868599666426036, -0.8750000000000000000, -0.9800000000000000933 ) ) ;
#795 = LINE ( 'NONE', #263, #2169 ) ;
#796 = ORIENTED_EDGE ( 'NONE', *, *, #4535, .F. ) ;
#797 = EDGE_LOOP ( 'NONE', ( #906, #414, #3710, #3179 ) ) ;
#798 = FACE_OUTER_BOUND ( 'NONE', #3507, .T. ) ;
#799 = DIRECTION ( 'NONE',  ( -1.000000000000000000, 0.000000000000000000, 0.000000000000000000 ) ) ;
#800 = CARTESIAN_POINT ( 'NONE',  ( -16.55000000000000071, -0.2000000000000000111, -0.8250000000000000666 ) ) ;
#801 = PLANE ( 'NONE',  #1874 ) ;
#802 = DIRECTION ( 'NONE',  ( 0.000000000000000000, 0.000000000000000000, -1.000000000000000000 ) ) ;
#803 = EDGE_CURVE ( 'NONE', #5381, #5732, #3158, .T. ) ;
#804 = ORIENTED_EDGE ( 'NONE', *, *, #1852, .T. ) ;
#805 = CIRCLE ( 'NONE', #4227, 0.05000000000000071054 ) ;
#806 = VERTEX_POINT ( 'NONE', #1788 ) ;
#807 = CARTESIAN_POINT ( 'NONE',  ( 0.6199999999999999956, 0.8750000000000000000, -1.060000000000000053 ) ) ;
#808 = CYLINDRICAL_SURFACE ( 'NONE', #5593, 5.999999999999999112 ) ;
#809 = AXIS2_PLACEMENT_3D ( 'NONE', #5560, #4161, #5645 ) ;
#810 = DIRECTION ( 'NONE',  ( -0.000000000000000000, 1.000000000000000000, -0.000000000000000000 ) ) ;
#811 = CIRCLE ( 'NONE', #5193, 0.2500000000000000000 ) ;
#812 = ADVANCED_FACE ( 'NONE', ( #912 ), #2268, .F. ) ;
#813 = AXIS2_PLACEMENT_3D ( 'NONE', #4588, #508, #18 ) ;
#814 = ORIENTED_EDGE ( 'NONE', *, *, #5884, .T. ) ;
#815 = DIRECTION ( 'NONE',  ( 1.000000000000000000, 0.000000000000000000, 0.000000000000000000 ) ) ;
#816 = ORIENTED_EDGE ( 'NONE', *, *, #4830, .F. ) ;
#817 = AXIS2_PLACEMENT_3D ( 'NONE', #3984, #1538, #605 ) ;
#818 = DIRECTION ( 'NONE',  ( 0.9632452974707710336, -0.2686233364777642629, 0.000000000000000000 ) ) ;
#819 = DIRECTION ( 'NONE',  ( 0.000000000000000000, -0.000000000000000000, -1.000000000000000000 ) ) ;
#820 = CARTESIAN_POINT ( 'NONE',  ( -13.20000000000000107, -0.6189114148497024681, -1.135000000000000231 ) ) ;
#821 = DIRECTION ( 'NONE',  ( -0.000000000000000000, -0.000000000000000000, -1.000000000000000000 ) ) ;
#822 = EDGE_CURVE ( 'NONE', #4868, #500, #1800, .T. ) ;
#823 = ORIENTED_EDGE ( 'NONE', *, *, #5345, .F. ) ;
#824 = DIRECTION ( 'NONE',  ( 0.000000000000000000, 0.000000000000000000, -1.000000000000000000 ) ) ;
#825 = AXIS2_PLACEMENT_3D ( 'NONE', #2933, #3955, #5809 ) ;
#826 = ORIENTED_EDGE ( 'NONE', *, *, #5547, .T. ) ;
#827 = CARTESIAN_POINT ( 'NONE',  ( -3.930251481490694587, 9.753686360283015944, -1.059999999999999165 ) ) ;
#828 = CARTESIAN_POINT ( 'NONE',  ( -8.974999999999999645, -0.7400000000000006573, -4.241944871367028469 ) ) ;
#829 = AXIS2_PLACEMENT_3D ( 'NONE', #1876, #2062, #2432 ) ;
#830 = VECTOR ( 'NONE', #5034, 1.000000000000000000 ) ;
#831 = PLANE ( 'NONE',  #61 ) ;
#832 = ORIENTED_EDGE ( 'NONE', *, *, #5913, .F. ) ;
#833 = VERTEX_POINT ( 'NONE', #2757 ) ;
#834 = DIRECTION ( 'NONE',  ( -0.000000000000000000, -0.9901138386947149206, -0.1402661271484180461 ) ) ;
#835 = DIRECTION ( 'NONE',  ( 0.000000000000000000, -0.000000000000000000, -1.000000000000000000 ) ) ;
#836 = DIRECTION ( 'NONE',  ( 0.000000000000000000, 0.000000000000000000, -1.000000000000000000 ) ) ;
#837 = CARTESIAN_POINT ( 'NONE',  ( -2.449999999999999734, 0.3432012612066359658, -0.9600000000000001865 ) ) ;
#838 = FACE_OUTER_BOUND ( 'NONE', #742, .T. ) ;
#839 = EDGE_CURVE ( 'NONE', #1402, #5012, #4982, .T. ) ;
#840 = ORIENTED_EDGE ( 'NONE', *, *, #4582, .F. ) ;
#841 = VERTEX_POINT ( 'NONE', #6001 ) ;
#842 = EDGE_CURVE ( 'NONE', #5684, #1902, #3585, .T. ) ;
#843 = ORIENTED_EDGE ( 'NONE', *, *, #3304, .T. ) ;
#844 = LINE ( 'NONE', #780, #2271 ) ;
#845 = CARTESIAN_POINT ( 'NONE',  ( -16.15000000000000213, -0.8999999999999999112, -0.9100000000000001421 ) ) ;
#846 = ORIENTED_EDGE ( 'NONE', *, *, #1280, .F. ) ;
#847 = ADVANCED_FACE ( 'NONE', ( #3186 ), #5475, .T. ) ;
#848 = LINE ( 'NONE', #399, #3755 ) ;
#849 = EDGE_LOOP ( 'NONE', ( #15, #3521, #3845, #360 ) ) ;
#850 = EDGE_CURVE ( 'NONE', #1908, #2117, #3619, .T. ) ;
#851 = ADVANCED_FACE ( 'NONE', ( #4177 ), #5053, .F. ) ;
#852 = DIRECTION ( 'NONE',  ( -0.000000000000000000, 0.000000000000000000, 1.000000000000000000 ) ) ;
#853 = DIRECTION ( 'NONE',  ( 0.000000000000000000, 0.000000000000000000, 1.000000000000000000 ) ) ;
#854 = EDGE_CURVE ( 'NONE', #1967, #1639, #4533, .T. ) ;
#855 = DIRECTION ( 'NONE',  ( 0.000000000000000000, 0.000000000000000000, 1.000000000000000000 ) ) ;
#856 = DIRECTION ( 'NONE',  ( 1.000000000000000000, 0.000000000000000000, -1.662153715850725026E-16 ) ) ;
#857 = EDGE_LOOP ( 'NONE', ( #2650, #2513, #5248, #3841 ) ) ;
#858 = CARTESIAN_POINT ( 'NONE',  ( -4.885798269505219338, -0.9899999999999996581, -0.9600000000000001865 ) ) ;
#859 = ORIENTED_EDGE ( 'NONE', *, *, #3830, .F. ) ;
#860 = DIRECTION ( 'NONE',  ( 1.000000000000000000, -0.000000000000000000, -0.000000000000000000 ) ) ;
#861 = CARTESIAN_POINT ( 'NONE',  ( -12.92368347295909814, -0.9900000000000015454, -0.6600000000000001421 ) ) ;
#862 = ADVANCED_FACE ( 'NONE', ( #1268 ), #1367, .F. ) ;
#863 = AXIS2_PLACEMENT_3D ( 'NONE', #1993, #3784, #4299 ) ;
#864 = CARTESIAN_POINT ( 'NONE',  ( -12.92368347295909814, -1.190000000000001501, -6.660000000000000142 ) ) ;
#865 = ORIENTED_EDGE ( 'NONE', *, *, #4730, .T. ) ;
#866 = ORIENTED_EDGE ( 'NONE', *, *, #1977, .F. ) ;
#867 = VECTOR ( 'NONE', #1809, 1.000000000000000000 ) ;
#868 = LINE ( 'NONE', #4063, #2255 ) ;
#869 = LINE ( 'NONE', #2343, #4106 ) ;
#870 = CARTESIAN_POINT ( 'NONE',  ( -3.930251481490694587, 1.089999999999998082, -1.009999999999999121 ) ) ;
#871 = CARTESIAN_POINT ( 'NONE',  ( -16.55000000000000071, -0.2114982215127146903, -4.241944871367028469 ) ) ;
#872 = DIRECTION ( 'NONE',  ( 0.9632452974707711446, -0.2686233364777638188, -0.000000000000000000 ) ) ;
#873 = AXIS2_PLACEMENT_3D ( 'NONE', #4775, #3752, #120 ) ;
#874 = CARTESIAN_POINT ( 'NONE',  ( 0.000000000000000000, 0.000000000000000000, -1.135000000000000231 ) ) ;
#875 = EDGE_LOOP ( 'NONE', ( #3804, #3148, #3147, #405 ) ) ;
#876 = VERTEX_POINT ( 'NONE', #5513 ) ;
#877 = ORIENTED_EDGE ( 'NONE', *, *, #705, .T. ) ;
#878 = VECTOR ( 'NONE', #5771, 1.000000000000000000 ) ;
#879 = FACE_OUTER_BOUND ( 'NONE', #1469, .T. ) ;
#880 = CARTESIAN_POINT ( 'NONE',  ( -2.914659381970696644E-16, 1.189999999999998392, -0.9600000000000001865 ) ) ;
#881 = EDGE_LOOP ( 'NONE', ( #1802, #1969, #4128, #1814 ) ) ;
#882 = VECTOR ( 'NONE', #3677, 1.000000000000000000 ) ;
#883 = CARTESIAN_POINT ( 'NONE',  ( -16.65000000000000213, 0.3114982215127146681, 0.000000000000000000 ) ) ;
#884 = ORIENTED_EDGE ( 'NONE', *, *, #2744, .F. ) ;
#885 = DIRECTION ( 'NONE',  ( 1.000000000000000000, 0.000000000000000000, 0.000000000000000000 ) ) ;
#886 = DIRECTION ( 'NONE',  ( -1.000000000000000000, 0.000000000000000000, 0.000000000000000000 ) ) ;
#887 = ADVANCED_FACE ( 'NONE', ( #1 ), #2657, .F. ) ;
#888 = LINE ( 'NONE', #342, #3009 ) ;
#889 = DIRECTION ( 'NONE',  ( 1.000000000000000000, 0.000000000000000000, 0.000000000000000000 ) ) ;
#890 = EDGE_CURVE ( 'NONE', #891, #4857, #4601, .T. ) ;
#891 = VERTEX_POINT ( 'NONE', #5572 ) ;
#892 = ORIENTED_EDGE ( 'NONE', *, *, #854, .T. ) ;
#893 = CYLINDRICAL_SURFACE ( 'NONE', #137, 0.2500000000000000000 ) ;
#894 = CARTESIAN_POINT ( 'NONE',  ( 0.000000000000000000, 0.8750000000000000000, -0.9100000000000001421 ) ) ;
#895 = AXIS2_PLACEMENT_3D ( 'NONE', #5592, #5561, #1423 ) ;
#896 = EDGE_CURVE ( 'NONE', #2152, #5425, #2954, .T. ) ;
#897 = VERTEX_POINT ( 'NONE', #3255 ) ;
#898 = ORIENTED_EDGE ( 'NONE', *, *, #2291, .F. ) ;
#899 = VECTOR ( 'NONE', #4606, 1.000000000000000000 ) ;
#900 = PLANE ( 'NONE',  #3508 ) ;
#901 = CYLINDRICAL_SURFACE ( 'NONE', #813, 0.2500000000000000000 ) ;
#902 = CARTESIAN_POINT ( 'NONE',  ( -14.56974851850929298, -1.189999999999998170, -1.009999999999997122 ) ) ;
#903 = LINE ( 'NONE', #2743, #4671 ) ;
#904 = FACE_OUTER_BOUND ( 'NONE', #3287, .T. ) ;
#905 = ORIENTED_EDGE ( 'NONE', *, *, #232, .F. ) ;
#906 = ORIENTED_EDGE ( 'NONE', *, *, #211, .T. ) ;
#907 = VERTEX_POINT ( 'NONE', #493 ) ;
#908 = CARTESIAN_POINT ( 'NONE',  ( -18.50000000000000000, -0.8750000000000000000, -1.060000000000000053 ) ) ;
#909 = DIRECTION ( 'NONE',  ( 1.000000000000000000, 0.000000000000000000, 0.000000000000000000 ) ) ;
#910 = VECTOR ( 'NONE', #5161, 1.000000000000000000 ) ;
#911 = ORIENTED_EDGE ( 'NONE', *, *, #5247, .T. ) ;
#912 = FACE_OUTER_BOUND ( 'NONE', #4968, .T. ) ;
#913 = AXIS2_PLACEMENT_3D ( 'NONE', #5086, #951, #2791 ) ;
#914 = VERTEX_POINT ( 'NONE', #2189 ) ;
#915 = AXIS2_PLACEMENT_3D ( 'NONE', #1351, #5103, #1387 ) ;
#916 = AXIS2_PLACEMENT_3D ( 'NONE', #2546, #1702, #3568 ) ;
#917 = DIRECTION ( 'NONE',  ( -1.000000000000000000, 0.000000000000000000, -0.000000000000000000 ) ) ;
#918 = CARTESIAN_POINT ( 'NONE',  ( -12.92368347295909814, 1.189999999999998392, -0.6600000000000001421 ) ) ;
#919 = DIRECTION ( 'NONE',  ( 1.000000000000000000, 0.000000000000000000, 0.000000000000000000 ) ) ;
#920 = CARTESIAN_POINT ( 'NONE',  ( -16.15000000000000213, 1.189999999999998392, -0.9600000000000001865 ) ) ;
#921 = AXIS2_PLACEMENT_3D ( 'NONE', #4543, #2200, #3471 ) ;
#922 = AXIS2_PLACEMENT_3D ( 'NONE', #3461, #153, #2502 ) ;
#923 = EDGE_CURVE ( 'NONE', #4304, #2300, #5118, .T. ) ;
#924 = VERTEX_POINT ( 'NONE', #5022 ) ;
#925 = EDGE_CURVE ( 'NONE', #3680, #5052, #848, .T. ) ;
#926 = VERTEX_POINT ( 'NONE', #5963 ) ;
#927 = DIRECTION ( 'NONE',  ( -1.000000000000000000, -0.000000000000000000, -0.000000000000000000 ) ) ;
#928 = EDGE_CURVE ( 'NONE', #5981, #3254, #5115, .T. ) ;
#929 = DIRECTION ( 'NONE',  ( -0.000000000000000000, 1.000000000000000000, -0.000000000000000000 ) ) ;
#930 = AXIS2_PLACEMENT_3D ( 'NONE', #4662, #4205, #1950 ) ;
#931 = AXIS2_PLACEMENT_3D ( 'NONE', #4316, #269, #5804 ) ;
#932 = ORIENTED_EDGE ( 'NONE', *, *, #3617, .T. ) ;
#933 = AXIS2_PLACEMENT_3D ( 'NONE', #4331, #5753, #1961 ) ;
#934 = VERTEX_POINT ( 'NONE', #3013 ) ;
#935 = DIRECTION ( 'NONE',  ( 0.000000000000000000, 0.000000000000000000, -1.000000000000000000 ) ) ;
#936 = ADVANCED_FACE ( 'NONE', ( #1974 ), #1557, .F. ) ;
#937 = CARTESIAN_POINT ( 'NONE',  ( -8.724999999999999645, 0.9899999999999984368, -0.9600000000000009637 ) ) ;
#938 = EDGE_CURVE ( 'NONE', #4027, #64, #3389, .T. ) ;
#939 = DIRECTION ( 'NONE',  ( 0.9632452974707709226, 0.2686233364777639299, 0.000000000000000000 ) ) ;
#940 = CARTESIAN_POINT ( 'NONE',  ( -2.998914146599318944E-15, -0.9899999999999984368, -0.9600000000000020739 ) ) ;
#941 = EDGE_CURVE ( 'NONE', #4857, #2671, #1617, .T. ) ;
#942 = VECTOR ( 'NONE', #2209, 1.000000000000000000 ) ;
#943 = ORIENTED_EDGE ( 'NONE', *, *, #928, .F. ) ;
#944 = VERTEX_POINT ( 'NONE', #3286 ) ;
#945 = FACE_OUTER_BOUND ( 'NONE', #4672, .T. ) ;
#946 = DIRECTION ( 'NONE',  ( 0.000000000000000000, -0.000000000000000000, -1.000000000000000000 ) ) ;
#947 = DIRECTION ( 'NONE',  ( -0.000000000000000000, 0.000000000000000000, 1.000000000000000000 ) ) ;
#948 = FACE_OUTER_BOUND ( 'NONE', #2412, .T. ) ;
#949 = ORIENTED_EDGE ( 'NONE', *, *, #2021, .T. ) ;
#950 = ORIENTED_EDGE ( 'NONE', *, *, #4092, .F. ) ;
#951 = DIRECTION ( 'NONE',  ( -1.000000000000000000, 0.000000000000000000, -0.000000000000000000 ) ) ;
#952 = DIRECTION ( 'NONE',  ( 0.2686233364777642074, 0.9632452974707709226, 0.000000000000000000 ) ) ;
#953 = CARTESIAN_POINT ( 'NONE',  ( -18.15358983848622643, 0.3114982215127146681, -1.135000000000000231 ) ) ;
#954 = ORIENTED_EDGE ( 'NONE', *, *, #5619, .F. ) ;
#955 = ORIENTED_EDGE ( 'NONE', *, *, #3348, .T. ) ;
#956 = PLANE ( 'NONE',  #5970 ) ;
#957 = ORIENTED_EDGE ( 'NONE', *, *, #5651, .T. ) ;
#958 = ORIENTED_EDGE ( 'NONE', *, *, #4256, .T. ) ;
#959 = CARTESIAN_POINT ( 'NONE',  ( -2.349999999999999645, 1.189999999999998392, -0.9600000000000001865 ) ) ;
#960 = LINE ( 'NONE', #1770, #994 ) ;
#961 = CARTESIAN_POINT ( 'NONE',  ( -15.44619114447246844, -0.09632452974707667037, -0.9599999999999999645 ) ) ;
#962 = CARTESIAN_POINT ( 'NONE',  ( -16.55000000000000071, 1.189999999999998392, -0.9600000000000001865 ) ) ;
#963 = LINE ( 'NONE', #5108, #5329 ) ;
#964 = EDGE_CURVE ( 'NONE', #2082, #5077, #5273, .T. ) ;
#965 = EDGE_CURVE ( 'NONE', #1085, #1482, #57, .T. ) ;
#966 = VECTOR ( 'NONE', #357, 1.000000000000000000 ) ;
#967 = ADVANCED_FACE ( 'NONE', ( #4404 ), #4341, .T. ) ;
#968 = EDGE_CURVE ( 'NONE', #579, #2861, #2281, .T. ) ;
#969 = ORIENTED_EDGE ( 'NONE', *, *, #3310, .T. ) ;
#970 = EDGE_CURVE ( 'NONE', #2854, #2052, #4854, .T. ) ;
#971 = CARTESIAN_POINT ( 'NONE',  ( -5.273137666352222475, 0.7152359445967784168, -1.135000000000000231 ) ) ;
#972 = VECTOR ( 'NONE', #3862, 1.000000000000000000 ) ;
#973 = CARTESIAN_POINT ( 'NONE',  ( 0.6199999999999999956, 0.000000000000000000, -1.060000000000000053 ) ) ;
#974 = CYLINDRICAL_SURFACE ( 'NONE', #5546, 0.07999999999999996003 ) ;
#975 = VECTOR ( 'NONE', #2478, 1.000000000000000000 ) ;
#976 = VERTEX_POINT ( 'NONE', #1137 ) ;
#977 = EDGE_CURVE ( 'NONE', #4940, #3165, #682, .T. ) ;
#978 = EDGE_LOOP ( 'NONE', ( #3099, #4208, #5013, #1171 ) ) ;
#979 = CARTESIAN_POINT ( 'NONE',  ( -13.10000000000000142, -0.6189114148497024681, -0.9600000000000001865 ) ) ;
#980 = VECTOR ( 'NONE', #4407, 1.000000000000000000 ) ;
#981 = CIRCLE ( 'NONE', #4380, 0.2500000000000000000 ) ;
#982 = CARTESIAN_POINT ( 'NONE',  ( -7.862500000000000711, 0.9899999999999984368, -0.9600000000000010747 ) ) ;
#983 = CARTESIAN_POINT ( 'NONE',  ( -13.22686233364777664, -0.7152359445967791940, -1.135000000000001119 ) ) ;
#984 = ORIENTED_EDGE ( 'NONE', *, *, #1427, .F. ) ;
#985 = FACE_OUTER_BOUND ( 'NONE', #1261, .T. ) ;
#986 = LINE ( 'NONE', #5670, #485 ) ;
#987 = VECTOR ( 'NONE', #422, 1.000000000000000000 ) ;
#988 = DIRECTION ( 'NONE',  ( 0.000000000000000000, -0.000000000000000000, 1.000000000000000000 ) ) ;
#989 = EDGE_LOOP ( 'NONE', ( #1147, #4222, #243, #5571, #86, #3170, #1725, #6028 ) ) ;
#990 = ORIENTED_EDGE ( 'NONE', *, *, #5510, .T. ) ;
#991 = DIRECTION ( 'NONE',  ( 0.000000000000000000, -0.000000000000000000, -1.000000000000000000 ) ) ;
#992 = DIRECTION ( 'NONE',  ( 0.000000000000000000, 0.000000000000000000, -1.000000000000000000 ) ) ;
#993 = DIRECTION ( 'NONE',  ( 1.000000000000000000, 0.000000000000000000, -0.000000000000000000 ) ) ;
#994 = VECTOR ( 'NONE', #3273, 1.000000000000000000 ) ;
#995 = CARTESIAN_POINT ( 'NONE',  ( -1.174201978586608189E-16, 0.9899999999999984368, -0.9600000000000020739 ) ) ;
#996 = DIRECTION ( 'NONE',  ( -1.432545838226008399E-17, -1.000000000000000000, 0.000000000000000000 ) ) ;
#997 = AXIS2_PLACEMENT_3D ( 'NONE', #3005, #4877, #5817 ) ;
#998 = ORIENTED_EDGE ( 'NONE', *, *, #5834, .T. ) ;
#999 = CARTESIAN_POINT ( 'NONE',  ( -5.949999999999999289, -0.9899999999999991029, -1.135000000000000231 ) ) ;
#1000 = DIRECTION ( 'NONE',  ( 1.000000000000000000, 0.000000000000000000, 0.000000000000000000 ) ) ;
#1001 = EDGE_CURVE ( 'NONE', #1914, #4935, #4824, .T. ) ;
#1002 = DIRECTION ( 'NONE',  ( -1.000000000000000000, 0.000000000000000000, -0.000000000000000000 ) ) ;
#1003 = ORIENTED_EDGE ( 'NONE', *, *, #3938, .T. ) ;
#1004 = ORIENTED_EDGE ( 'NONE', *, *, #4091, .F. ) ;
#1005 = EDGE_CURVE ( 'NONE', #3656, #5520, #5790, .T. ) ;
#1006 = ORIENTED_EDGE ( 'NONE', *, *, #1144, .F. ) ;
#1007 = CARTESIAN_POINT ( 'NONE',  ( -13.20000000000000107, 0.6189114148497015799, -1.135000000000000231 ) ) ;
#1008 = LINE ( 'NONE', #607, #305 ) ;
#1009 =( GEOMETRIC_REPRESENTATION_CONTEXT ( 3 ) GLOBAL_UNCERTAINTY_ASSIGNED_CONTEXT ( ( #4291 ) ) GLOBAL_UNIT_ASSIGNED_CONTEXT ( ( #3817, #5617, #3705 ) ) REPRESENTATION_CONTEXT ( 'NONE', 'WORKASPACE' ) );
#1010 = VERTEX_POINT ( 'NONE', #4766 ) ;
#1011 = PLANE ( 'NONE',  #5682 ) ;
#1012 = VECTOR ( 'NONE', #3868, 1.000000000000000000 ) ;
#1013 = LINE ( 'NONE', #2422, #2102 ) ;
#1014 = CYLINDRICAL_SURFACE ( 'NONE', #4899, 0.1000000000000000888 ) ;
#1015 = AXIS2_PLACEMENT_3D ( 'NONE', #3726, #5553, #39 ) ;
#1016 = CIRCLE ( 'NONE', #4421, 6.000000000000000000 ) ;
#1017 = EDGE_CURVE ( 'NONE', #516, #5786, #5709, .T. ) ;
#1018 = ORIENTED_EDGE ( 'NONE', *, *, #3462, .T. ) ;
#1019 = ORIENTED_EDGE ( 'NONE', *, *, #4386, .T. ) ;
#1020 = CARTESIAN_POINT ( 'NONE',  ( -9.525000000000000355, 0.7399999999999984368, -0.9600000000000001865 ) ) ;
#1021 = CIRCLE ( 'NONE', #5105, 0.2500000000000000000 ) ;
#1022 = DIRECTION ( 'NONE',  ( -0.000000000000000000, -0.000000000000000000, -1.000000000000000000 ) ) ;
#1023 = CARTESIAN_POINT ( 'NONE',  ( -4.895200086281939811, 0.9212864145885215628, -1.135000000000000231 ) ) ;
#1024 = FILL_AREA_STYLE ('',( #1108 ) ) ;
#1025 = VERTEX_POINT ( 'NONE', #5330 ) ;
#1026 = CARTESIAN_POINT ( 'NONE',  ( -14.56974851850929298, -1.089999999999998082, -1.059999999999997389 ) ) ;
#1027 = DIRECTION ( 'NONE',  ( -0.000000000000000000, 1.000000000000000000, -0.000000000000000000 ) ) ;
#1028 = ADVANCED_FACE ( 'NONE', ( #1164 ), #593, .T. ) ;
#1029 = VECTOR ( 'NONE', #1573, 1.000000000000000000 ) ;
#1030 = DIRECTION ( 'NONE',  ( 1.000000000000000000, 0.000000000000000000, 0.000000000000000000 ) ) ;
#1031 = EDGE_CURVE ( 'NONE', #2045, #3236, #3846, .T. ) ;
#1032 = ORIENTED_EDGE ( 'NONE', *, *, #5542, .F. ) ;
#1033 = ORIENTED_EDGE ( 'NONE', *, *, #177, .T. ) ;
#1034 = ORIENTED_EDGE ( 'NONE', *, *, #2324, .F. ) ;
#1035 = LINE ( 'NONE', #3372, #2853 ) ;
#1036 = FACE_OUTER_BOUND ( 'NONE', #2591, .T. ) ;
#1037 = EDGE_CURVE ( 'NONE', #425, #4448, #622, .T. ) ;
#1038 = DIRECTION ( 'NONE',  ( -1.000000000000000000, 0.000000000000000000, 0.000000000000000000 ) ) ;
#1039 = ADVANCED_FACE ( 'NONE', ( #2464 ), #5766, .F. ) ;
#1040 = ORIENTED_EDGE ( 'NONE', *, *, #5755, .F. ) ;
#1041 = ADVANCED_FACE ( 'NONE', ( #3169 ), #5886, .F. ) ;
#1042 = LINE ( 'NONE', #5787, #4726 ) ;
#1043 = EDGE_CURVE ( 'NONE', #127, #3954, #5362, .T. ) ;
#1044 = DIRECTION ( 'NONE',  ( 0.9632452974707711446, 0.2686233364777638188, 0.000000000000000000 ) ) ;
#1045 = LINE ( 'NONE', #220, #2053 ) ;
#1046 = EDGE_CURVE ( 'NONE', #5356, #257, #2664, .T. ) ;
#1047 = VERTEX_POINT ( 'NONE', #5915 ) ;
#1048 = ORIENTED_EDGE ( 'NONE', *, *, #2574, .T. ) ;
#1049 = CARTESIAN_POINT ( 'NONE',  ( 0.000000000000000000, 0.000000000000000000, -1.135000000000000231 ) ) ;
#1050 = DIRECTION ( 'NONE',  ( 1.426102104458186769E-16, -1.000000000000000000, 0.000000000000000000 ) ) ;
#1051 = EDGE_CURVE ( 'NONE', #3329, #4940, #2576, .T. ) ;
#1052 = CARTESIAN_POINT ( 'NONE',  ( -10.63749999999999929, -0.7400000000000009903, -0.9600000000000001865 ) ) ;
#1053 = CARTESIAN_POINT ( 'NONE',  ( -4.895200086281940699, -0.9212864145885224509, -0.9600000000000001865 ) ) ;
#1054 = DIRECTION ( 'NONE',  ( 0.000000000000000000, -0.000000000000000000, -1.000000000000000000 ) ) ;
#1055 = VERTEX_POINT ( 'NONE', #1733 ) ;
#1056 = PLANE ( 'NONE',  #4378 ) ;
#1057 = LINE ( 'NONE', #3367, #4329 ) ;
#1058 = LINE ( 'NONE', #3252, #3150 ) ;
#1059 = ORIENTED_EDGE ( 'NONE', *, *, #5870, .T. ) ;
#1060 = ORIENTED_EDGE ( 'NONE', *, *, #5204, .F. ) ;
#1061 = AXIS2_PLACEMENT_3D ( 'NONE', #3498, #218, #2047 ) ;
#1062 = VERTEX_POINT ( 'NONE', #1193 ) ;
#1063 = EDGE_CURVE ( 'NONE', #2078, #4384, #795, .T. ) ;
#1064 = DIRECTION ( 'NONE',  ( -0.000000000000000000, 0.000000000000000000, 1.000000000000000000 ) ) ;
#1065 = CYLINDRICAL_SURFACE ( 'NONE', #4370, 5.900000000000000355 ) ;
#1066 = CIRCLE ( 'NONE', #5435, 6.000000000000000000 ) ;
#1067 = DIRECTION ( 'NONE',  ( 0.000000000000000000, -0.000000000000000000, -1.000000000000000000 ) ) ;
#1068 = ORIENTED_EDGE ( 'NONE', *, *, #3350, .T. ) ;
#1069 = EDGE_CURVE ( 'NONE', #1566, #1384, #378, .T. ) ;
#1070 = AXIS2_PLACEMENT_3D ( 'NONE', #2988, #2497, #3856 ) ;
#1071 = LINE ( 'NONE', #3842, #152 ) ;
#1072 = DIRECTION ( 'NONE',  ( 0.9848077530122089085, 0.000000000000000000, -0.1736481776669254740 ) ) ;
#1073 = ADVANCED_FACE ( 'NONE', ( #4916 ), #3044, .T. ) ;
#1074 = CARTESIAN_POINT ( 'NONE',  ( -16.15000000000000213, 0.7399999999999984368, -0.9600000000000001865 ) ) ;
#1075 = ORIENTED_EDGE ( 'NONE', *, *, #5096, .F. ) ;
#1076 = ORIENTED_EDGE ( 'NONE', *, *, #3438, .F. ) ;
#1077 = VECTOR ( 'NONE', #4153, 1.000000000000000000 ) ;
#1078 = DIRECTION ( 'NONE',  ( 0.000000000000000000, -1.000000000000000000, 0.000000000000000000 ) ) ;
#1079 = FACE_OUTER_BOUND ( 'NONE', #2506, .T. ) ;
#1080 = CARTESIAN_POINT ( 'NONE',  ( -16.15000000000000213, 1.189999999999998392, -0.9600000000000001865 ) ) ;
#1081 = DIRECTION ( 'NONE',  ( -0.000000000000000000, 0.000000000000000000, 1.000000000000000000 ) ) ;
#1082 = VECTOR ( 'NONE', #4048, 1.000000000000000000 ) ;
#1083 = EDGE_CURVE ( 'NONE', #5425, #667, #2086, .T. ) ;
#1084 = DIRECTION ( 'NONE',  ( 1.000000000000000000, -1.426102104458186769E-16, 0.000000000000000000 ) ) ;
#1085 = VERTEX_POINT ( 'NONE', #3970 ) ;
#1086 = CARTESIAN_POINT ( 'NONE',  ( -16.55000000000000071, 0.2000000000000000111, -0.8250000000000000666 ) ) ;
#1087 = DIRECTION ( 'NONE',  ( -1.000000000000000000, -0.000000000000000000, -0.000000000000000000 ) ) ;
#1088 = DIRECTION ( 'NONE',  ( -0.000000000000000000, 0.000000000000000000, 1.000000000000000000 ) ) ;
#1089 = VECTOR ( 'NONE', #4497, 1.000000000000000000 ) ;
#1090 = ORIENTED_EDGE ( 'NONE', *, *, #3070, .F. ) ;
#1091 = EDGE_LOOP ( 'NONE', ( #3185, #892, #4487, #3106 ) ) ;
#1092 = DIRECTION ( 'NONE',  ( -0.000000000000000000, 0.000000000000000000, 1.000000000000000000 ) ) ;
#1093 = CARTESIAN_POINT ( 'NONE',  ( -19.08868599666426036, 0.8750000000000000000, -1.060000000000000053 ) ) ;
#1094 = CARTESIAN_POINT ( 'NONE',  ( 0.000000000000000000, -0.8750000000000000000, -1.060000000000000053 ) ) ;
#1095 = ORIENTED_EDGE ( 'NONE', *, *, #4168, .F. ) ;
#1096 = LINE ( 'NONE', #668, #5502 ) ;
#1097 = CARTESIAN_POINT ( 'NONE',  ( -2.349999999999999645, -0.2000000000000000111, -0.8250000000000000666 ) ) ;
#1098 = DIRECTION ( 'NONE',  ( -0.000000000000000000, 0.000000000000000000, -1.000000000000000000 ) ) ;
#1099 = CIRCLE ( 'NONE', #2742, 0.05000000000000026645 ) ;
#1100 = ORIENTED_EDGE ( 'NONE', *, *, #3757, .F. ) ;
#1101 = VECTOR ( 'NONE', #4842, 1.000000000000000000 ) ;
#1102 = ORIENTED_EDGE ( 'NONE', *, *, #492, .F. ) ;
#1103 = CARTESIAN_POINT ( 'NONE',  ( -9.775000000000000355, 0.9899999999999984368, -0.9600000000000001865 ) ) ;
#1104 = DIRECTION ( 'NONE',  ( 1.000000000000000000, 0.000000000000000000, 0.000000000000000000 ) ) ;
#1105 = VECTOR ( 'NONE', #1134, 1.000000000000000000 ) ;
#1106 = CARTESIAN_POINT ( 'NONE',  ( -16.15000000000000213, 1.189999999999998392, -0.9600000000000001865 ) ) ;
#1107 = VECTOR ( 'NONE', #3700, 1.000000000000000000 ) ;
#1108 = FILL_AREA_STYLE_COLOUR ( '', #1632 ) ;
#1109 = VECTOR ( 'NONE', #993, 1.000000000000000000 ) ;
#1110 = CARTESIAN_POINT ( 'NONE',  ( -2.476862333647776193, -0.2468767314595583517, -4.241944871367028469 ) ) ;
#1111 = ORIENTED_EDGE ( 'NONE', *, *, #5519, .T. ) ;
#1112 = CIRCLE ( 'NONE', #445, 0.2500000000000000000 ) ;
#1113 = EDGE_CURVE ( 'NONE', #2826, #602, #3600, .T. ) ;
#1114 = ORIENTED_EDGE ( 'NONE', *, *, #731, .F. ) ;
#1115 = EDGE_CURVE ( 'NONE', #3750, #3369, #3163, .T. ) ;
#1116 = FACE_OUTER_BOUND ( 'NONE', #5808, .T. ) ;
#1117 = CARTESIAN_POINT ( 'NONE',  ( -7.862500000000000711, 0.7399999999999984368, -0.9600000000000001865 ) ) ;
#1118 = EDGE_CURVE ( 'NONE', #5768, #2914, #4000, .T. ) ;
#1119 = CARTESIAN_POINT ( 'NONE',  ( -18.05358983848622501, 0.3114982215127146681, -0.9599999999999999645 ) ) ;
#1120 = EDGE_LOOP ( 'NONE', ( #2188, #1928 ) ) ;
#1121 = ORIENTED_EDGE ( 'NONE', *, *, #2124, .T. ) ;
#1122 = AXIS2_PLACEMENT_3D ( 'NONE', #5143, #5246, #5738 ) ;
#1123 = DIRECTION ( 'NONE',  ( 0.000000000000000000, 0.000000000000000000, -1.000000000000000000 ) ) ;
#1124 = DIRECTION ( 'NONE',  ( 1.000000000000000000, 0.000000000000000000, 0.000000000000000000 ) ) ;
#1125 = CARTESIAN_POINT ( 'NONE',  ( -19.12000000000000099, -0.8750000000000000000, -0.9100000000000001421 ) ) ;
#1126 = VERTEX_POINT ( 'NONE', #4060 ) ;
#1127 = FACE_OUTER_BOUND ( 'NONE', #122, .T. ) ;
#1128 = ORIENTED_EDGE ( 'NONE', *, *, #776, .F. ) ;
#1129 = CARTESIAN_POINT ( 'NONE',  ( -3.930251481490694587, 1.089999999999998082, -1.059999999999999165 ) ) ;
#1130 = FACE_OUTER_BOUND ( 'NONE', #4793, .T. ) ;
#1131 = CARTESIAN_POINT ( 'NONE',  ( -15.41932881082469287, 0.000000000000000000, -1.135000000000000231 ) ) ;
#1132 = ORIENTED_EDGE ( 'NONE', *, *, #4965, .F. ) ;
#1133 = VERTEX_POINT ( 'NONE', #287 ) ;
#1134 = DIRECTION ( 'NONE',  ( 0.000000000000000000, 0.000000000000000000, 1.000000000000000000 ) ) ;
#1135 = LINE ( 'NONE', #3362, #3140 ) ;
#1136 = DIRECTION ( 'NONE',  ( 1.000000000000000000, 0.000000000000000000, 0.000000000000000000 ) ) ;
#1137 = CARTESIAN_POINT ( 'NONE',  ( -1.949999999999999734, -0.8000000000000000444, -0.9100000000000001421 ) ) ;
#1138 = ORIENTED_EDGE ( 'NONE', *, *, #332, .T. ) ;
#1139 = VERTEX_POINT ( 'NONE', #3634 ) ;
#1140 = CARTESIAN_POINT ( 'NONE',  ( -15.90000000000000213, -0.7400000000000022116, -0.9600000000000001865 ) ) ;
#1141 = CARTESIAN_POINT ( 'NONE',  ( -16.80000000000000071, 0.7399999999999984368, -1.135000000000000231 ) ) ;
#1142 = DIRECTION ( 'NONE',  ( -1.000000000000000000, 0.000000000000000000, 0.000000000000000000 ) ) ;
#1143 = ADVANCED_FACE ( 'NONE', ( #740 ), #831, .T. ) ;
#1144 = EDGE_CURVE ( 'NONE', #2747, #2956, #4093, .T. ) ;
#1145 = ORIENTED_EDGE ( 'NONE', *, *, #672, .F. ) ;
#1146 = EDGE_CURVE ( 'NONE', #1492, #4894, #4336, .T. ) ;
#1147 = ORIENTED_EDGE ( 'NONE', *, *, #5696, .T. ) ;
#1148 = PLANE ( 'NONE',  #4139 ) ;
#1149 = DIRECTION ( 'NONE',  ( -0.000000000000000000, 0.000000000000000000, 1.000000000000000000 ) ) ;
#1150 = ADVANCED_FACE ( 'NONE', ( #316 ), #5944, .F. ) ;
#1151 = EDGE_LOOP ( 'NONE', ( #700, #3382, #5673, #5156 ) ) ;
#1152 = DIRECTION ( 'NONE',  ( -0.000000000000000000, 0.000000000000000000, 1.000000000000000000 ) ) ;
#1153 = ORIENTED_EDGE ( 'NONE', *, *, #1731, .F. ) ;
#1154 = DIRECTION ( 'NONE',  ( 0.000000000000000000, 0.000000000000000000, 1.000000000000000000 ) ) ;
#1155 = CARTESIAN_POINT ( 'NONE',  ( -14.61974851850929369, -1.189999999999998170, -1.009999999999997122 ) ) ;
#1156 = AXIS2_PLACEMENT_3D ( 'NONE', #2806, #2835, #4590 ) ;
#1157 = CARTESIAN_POINT ( 'NONE',  ( -4.534427461039359564, 1.189999999999998392, -0.7511534819267461360 ) ) ;
#1158 = VECTOR ( 'NONE', #200, 1.000000000000000000 ) ;
#1159 = ORIENTED_EDGE ( 'NONE', *, *, #3607, .T. ) ;
#1160 = VERTEX_POINT ( 'NONE', #5491 ) ;
#1161 = CARTESIAN_POINT ( 'NONE',  ( -0.4464101615137745505, -0.2114982215127146903, -0.9600000000000001865 ) ) ;
#1162 = LINE ( 'NONE', #3011, #2060 ) ;
#1163 = DIRECTION ( 'NONE',  ( 0.000000000000000000, 0.000000000000000000, -1.000000000000000000 ) ) ;
#1164 = FACE_OUTER_BOUND ( 'NONE', #675, .T. ) ;
#1165 = ORIENTED_EDGE ( 'NONE', *, *, #4386, .F. ) ;
#1166 = ORIENTED_EDGE ( 'NONE', *, *, #3064, .T. ) ;
#1167 = DIRECTION ( 'NONE',  ( 0.000000000000000000, -1.000000000000000000, 0.000000000000000000 ) ) ;
#1168 = CARTESIAN_POINT ( 'NONE',  ( -19.08868599666426036, 0.8750000000000000000, -1.140000000000000124 ) ) ;
#1169 = CARTESIAN_POINT ( 'NONE',  ( -1.949999999999999734, -0.9899999999999984368, -4.241944871367028469 ) ) ;
#1170 = DIRECTION ( 'NONE',  ( -1.000000000000000000, 0.000000000000000000, 0.000000000000000000 ) ) ;
#1171 = ORIENTED_EDGE ( 'NONE', *, *, #2982, .F. ) ;
#1172 = ORIENTED_EDGE ( 'NONE', *, *, #3216, .T. ) ;
#1173 = EDGE_CURVE ( 'NONE', #1133, #2799, #5015, .T. ) ;
#1174 = DIRECTION ( 'NONE',  ( -1.000000000000000000, -0.000000000000000000, -0.000000000000000000 ) ) ;
#1175 = CARTESIAN_POINT ( 'NONE',  ( -16.55000000000000071, -0.9899999999999984368, -0.9600000000000001865 ) ) ;
#1176 = VECTOR ( 'NONE', #1234, 1.000000000000000000 ) ;
#1177 = ORIENTED_EDGE ( 'NONE', *, *, #3268, .T. ) ;
#1178 = EDGE_CURVE ( 'NONE', #4202, #2903, #2310, .T. ) ;
#1179 = LINE ( 'NONE', #1212, #5743 ) ;
#1180 = VECTOR ( 'NONE', #5969, 1.000000000000000000 ) ;
#1181 = ORIENTED_EDGE ( 'NONE', *, *, #2024, .F. ) ;
#1182 = EDGE_CURVE ( 'NONE', #5939, #4771, #2735, .T. ) ;
#1183 = EDGE_CURVE ( 'NONE', #1314, #3055, #3269, .T. ) ;
#1184 = CARTESIAN_POINT ( 'NONE',  ( -15.41932881082469287, 0.000000000000000000, -4.241944871367028469 ) ) ;
#1185 = CARTESIAN_POINT ( 'NONE',  ( -1.949999999999999734, 0.9899999999999984368, -4.241944871367028469 ) ) ;
#1186 = ORIENTED_EDGE ( 'NONE', *, *, #3350, .F. ) ;
#1187 = EDGE_LOOP ( 'NONE', ( #2713, #275, #2341, #3625 ) ) ;
#1188 = DIRECTION ( 'NONE',  ( 1.000000000000000000, 0.000000000000000000, 0.000000000000000000 ) ) ;
#1189 = DIRECTION ( 'NONE',  ( 0.2686233364777639299, -0.9632452974707710336, 0.000000000000000000 ) ) ;
#1190 = DIRECTION ( 'NONE',  ( 1.000000000000000000, 0.000000000000000000, 0.000000000000000000 ) ) ;
#1191 = EDGE_CURVE ( 'NONE', #2311, #4556, #532, .T. ) ;
#1192 = CIRCLE ( 'NONE', #673, 0.1499999999999999112 ) ;
#1193 = CARTESIAN_POINT ( 'NONE',  ( -1.949999999999999734, -0.3114982215127146681, -0.9600000000000001865 ) ) ;
#1194 = ORIENTED_EDGE ( 'NONE', *, *, #1995, .T. ) ;
#1195 = EDGE_LOOP ( 'NONE', ( #5929, #4193, #2558, #3869 ) ) ;
#1196 = AXIS2_PLACEMENT_3D ( 'NONE', #3473, #4881, #1970 ) ;
#1197 = CYLINDRICAL_SURFACE ( 'NONE', #4488, 6.000000000000000000 ) ;
#1198 = AXIS2_PLACEMENT_3D ( 'NONE', #1614, #3819, #105 ) ;
#1199 = DIRECTION ( 'NONE',  ( -0.000000000000000000, 0.000000000000000000, 1.000000000000000000 ) ) ;
#1200 = FACE_OUTER_BOUND ( 'NONE', #1875, .T. ) ;
#1201 = CIRCLE ( 'NONE', #2543, 0.2500000000000000000 ) ;
#1202 = CARTESIAN_POINT ( 'NONE',  ( -5.576316527040901860, 1.089999999999998082, -6.660000000000001030 ) ) ;
#1203 = AXIS2_PLACEMENT_3D ( 'NONE', #375, #4998, #2634 ) ;
#1204 = ORIENTED_EDGE ( 'NONE', *, *, #4218, .T. ) ;
#1205 = ORIENTED_EDGE ( 'NONE', *, *, #977, .T. ) ;
#1206 = AXIS2_PLACEMENT_3D ( 'NONE', #6026, #2410, #487 ) ;
#1207 = DIRECTION ( 'NONE',  ( 0.000000000000000000, 0.000000000000000000, -1.000000000000000000 ) ) ;
#1208 = DIRECTION ( 'NONE',  ( -1.432545838226008399E-17, 1.000000000000000000, -0.000000000000000000 ) ) ;
#1209 = AXIS2_PLACEMENT_3D ( 'NONE', #5048, #2187, #2716 ) ;
#1210 = CARTESIAN_POINT ( 'NONE',  ( -2.349999999999999645, -0.3432012612066354107, -0.9600000000000001865 ) ) ;
#1211 = ORIENTED_EDGE ( 'NONE', *, *, #499, .F. ) ;
#1212 = CARTESIAN_POINT ( 'NONE',  ( -18.50000000000000000, -1.190000000000002833, -0.9600000000000001865 ) ) ;
#1213 = DIRECTION ( 'NONE',  ( -0.000000000000000000, -1.000000000000000000, -0.000000000000000000 ) ) ;
#1214 = EDGE_CURVE ( 'NONE', #425, #4962, #4583, .T. ) ;
#1215 = EDGE_CURVE ( 'NONE', #4934, #907, #3670, .T. ) ;
#1216 = ORIENTED_EDGE ( 'NONE', *, *, #3632, .T. ) ;
#1217 = EDGE_CURVE ( 'NONE', #2983, #5710, #3296, .T. ) ;
#1218 = ORIENTED_EDGE ( 'NONE', *, *, #4865, .F. ) ;
#1219 = CARTESIAN_POINT ( 'NONE',  ( -12.55000000000000071, -0.9900000000000014344, -0.9600000000000005196 ) ) ;
#1220 = CARTESIAN_POINT ( 'NONE',  ( -7.612499999999999822, -0.7400000000000002132, -4.241944871367028469 ) ) ;
#1221 = ADVANCED_FACE ( 'NONE', ( #4127 ), #6012, .T. ) ;
#1222 = DIRECTION ( 'NONE',  ( -0.000000000000000000, -0.000000000000000000, -1.000000000000000000 ) ) ;
#1223 = CARTESIAN_POINT ( 'NONE',  ( -1.949999999999999734, -0.8999999999999999112, -0.9100000000000001421 ) ) ;
#1224 = VERTEX_POINT ( 'NONE', #5258 ) ;
#1225 = EDGE_CURVE ( 'NONE', #3479, #3725, #3374, .T. ) ;
#1226 = ORIENTED_EDGE ( 'NONE', *, *, #4079, .T. ) ;
#1227 = PLANE ( 'NONE',  #3131 ) ;
#1228 = FACE_OUTER_BOUND ( 'NONE', #1550, .T. ) ;
#1229 = DIRECTION ( 'NONE',  ( 0.000000000000000000, 0.000000000000000000, 1.000000000000000000 ) ) ;
#1230 = CARTESIAN_POINT ( 'NONE',  ( -18.50000000000000000, 1.089999999999998526, -0.9600000000000001865 ) ) ;
#1231 = DIRECTION ( 'NONE',  ( -0.000000000000000000, 0.000000000000000000, 1.000000000000000000 ) ) ;
#1232 = ORIENTED_EDGE ( 'NONE', *, *, #5268, .T. ) ;
#1233 = VERTEX_POINT ( 'NONE', #4777 ) ;
#1234 = DIRECTION ( 'NONE',  ( -1.000000000000000000, 0.000000000000000000, -0.000000000000000000 ) ) ;
#1235 = FACE_OUTER_BOUND ( 'NONE', #3247, .T. ) ;
#1236 = CARTESIAN_POINT ( 'NONE',  ( -7.612499999999999822, -0.7400000000000002132, -1.135000000000000231 ) ) ;
#1237 = ORIENTED_EDGE ( 'NONE', *, *, #5696, .F. ) ;
#1238 = LINE ( 'NONE', #5350, #1082 ) ;
#1239 = ORIENTED_EDGE ( 'NONE', *, *, #4830, .T. ) ;
#1240 = DIRECTION ( 'NONE',  ( -1.000000000000000000, -0.000000000000000000, -0.000000000000000000 ) ) ;
#1241 = DIRECTION ( 'NONE',  ( -1.000000000000000000, 0.000000000000000000, 0.000000000000000000 ) ) ;
#1242 = EDGE_CURVE ( 'NONE', #2071, #5456, #2015, .T. ) ;
#1243 = VERTEX_POINT ( 'NONE', #4700 ) ;
#1244 = ORIENTED_EDGE ( 'NONE', *, *, #4256, .F. ) ;
#1245 = VECTOR ( 'NONE', #278, 1.000000000000000000 ) ;
#1246 = CARTESIAN_POINT ( 'NONE',  ( -6.812500000000000000, 0.9899999999999984368, -1.135000000000000231 ) ) ;
#1247 = ADVANCED_FACE ( 'NONE', ( #1571 ), #5697, .F. ) ;
#1248 = LINE ( 'NONE', #737, #5971 ) ;
#1249 = VECTOR ( 'NONE', #4240, 1.000000000000000000 ) ;
#1250 = DIRECTION ( 'NONE',  ( 0.000000000000000000, 0.000000000000000000, 1.000000000000000000 ) ) ;
#1251 = EDGE_LOOP ( 'NONE', ( #1006, #3777, #3665, #2564, #957 ) ) ;
#1252 = VERTEX_POINT ( 'NONE', #2939 ) ;
#1253 = ORIENTED_EDGE ( 'NONE', *, *, #4320, .F. ) ;
#1254 = CARTESIAN_POINT ( 'NONE',  ( 0.000000000000000000, -0.8750000000000000000, -1.060000000000000053 ) ) ;
#1255 = LINE ( 'NONE', #800, #966 ) ;
#1256 = VECTOR ( 'NONE', #4144, 1.000000000000000000 ) ;
#1257 = EDGE_CURVE ( 'NONE', #3440, #579, #3403, .T. ) ;
#1258 = DIRECTION ( 'NONE',  ( -0.000000000000000000, -1.000000000000000000, -0.000000000000000000 ) ) ;
#1259 = DIRECTION ( 'NONE',  ( -1.000000000000000000, -0.000000000000000000, -0.000000000000000000 ) ) ;
#1260 = ORIENTED_EDGE ( 'NONE', *, *, #2816, .F. ) ;
#1261 = EDGE_LOOP ( 'NONE', ( #658, #4185, #3093, #3635 ) ) ;
#1262 = DIRECTION ( 'NONE',  ( 1.000000000000000000, 0.000000000000000000, -0.000000000000000000 ) ) ;
#1263 = CARTESIAN_POINT ( 'NONE',  ( -14.63304291515397892, 1.189999999999998392, -0.8688465180732556359 ) ) ;
#1264 = CIRCLE ( 'NONE', #4199, 0.2500000000000000000 ) ;
#1265 = CARTESIAN_POINT ( 'NONE',  ( -16.65000000000000213, -0.2114982215127146903, -1.135000000000000231 ) ) ;
#1266 = VECTOR ( 'NONE', #5954, 1.000000000000000000 ) ;
#1267 = ORIENTED_EDGE ( 'NONE', *, *, #4539, .F. ) ;
#1268 = FACE_OUTER_BOUND ( 'NONE', #2946, .T. ) ;
#1269 = ORIENTED_EDGE ( 'NONE', *, *, #663, .F. ) ;
#1270 = CARTESIAN_POINT ( 'NONE',  ( -2.599999999999999645, -0.9899999999999991029, -0.9600000000000001865 ) ) ;
#1271 = LINE ( 'NONE', #3124, #92 ) ;
#1272 = CARTESIAN_POINT ( 'NONE',  ( -2.599999999999999645, -0.9899999999999991029, -1.135000000000000231 ) ) ;
#1273 = LINE ( 'NONE', #1157, #1386 ) ;
#1274 = CIRCLE ( 'NONE', #4696, 0.07999999999999996003 ) ;
#1275 = ORIENTED_EDGE ( 'NONE', *, *, #839, .T. ) ;
#1276 = CYLINDRICAL_SURFACE ( 'NONE', #4996, 0.05000000000000026645 ) ;
#1277 = ORIENTED_EDGE ( 'NONE', *, *, #1412, .F. ) ;
#1278 = PLANE ( 'NONE',  #2547 ) ;
#1279 = CARTESIAN_POINT ( 'NONE',  ( -0.5964101615137744616, -0.7399999999999984368, -4.241944871367028469 ) ) ;
#1280 = EDGE_CURVE ( 'NONE', #3236, #4900, #4811, .T. ) ;
#1281 = ADVANCED_FACE ( 'NONE', ( #1957 ), #3863, .F. ) ;
#1282 = DIRECTION ( 'NONE',  ( 1.000000000000000000, 0.000000000000000000, 0.000000000000000000 ) ) ;
#1283 = ORIENTED_EDGE ( 'NONE', *, *, #5726, .T. ) ;
#1284 = ORIENTED_EDGE ( 'NONE', *, *, #2088, .F. ) ;
#1285 = CARTESIAN_POINT ( 'NONE',  ( -0.2651845289799109606, 1.189999999999998392, -1.503936198047713502 ) ) ;
#1286 = DIRECTION ( 'NONE',  ( 0.000000000000000000, 0.000000000000000000, 1.000000000000000000 ) ) ;
#1287 = DIRECTION ( 'NONE',  ( 1.000000000000000000, 0.000000000000000000, 0.000000000000000000 ) ) ;
#1288 = CARTESIAN_POINT ( 'NONE',  ( -2.825068018844486328, 0.000000000000000000, -0.9600000000000001865 ) ) ;
#1289 = PRODUCT ( 'WagonPlane_60ft_MoreDetailed', 'WagonPlane_60ft_MoreDetailed', '', ( #5219 ) ) ;
#1290 = FACE_OUTER_BOUND ( 'NONE', #3451, .T. ) ;
#1291 = EDGE_CURVE ( 'NONE', #2656, #3030, #784, .T. ) ;
#1292 = ORIENTED_EDGE ( 'NONE', *, *, #330, .F. ) ;
#1293 = VECTOR ( 'NONE', #3206, 1.000000000000000222 ) ;
#1294 = EDGE_CURVE ( 'NONE', #5275, #3636, #1008, .T. ) ;
#1295 = CIRCLE ( 'NONE', #4609, 0.2500000000000000000 ) ;
#1296 = EDGE_LOOP ( 'NONE', ( #4457, #2125, #4784, #1048 ) ) ;
#1297 = ORIENTED_EDGE ( 'NONE', *, *, #1665, .T. ) ;
#1298 = VECTOR ( 'NONE', #3626, 1.000000000000000000 ) ;
#1299 = LINE ( 'NONE', #5837, #1703 ) ;
#1300 = DIRECTION ( 'NONE',  ( -1.000000000000000000, -1.224646799147353207E-16, 0.000000000000000000 ) ) ;
#1301 = VECTOR ( 'NONE', #4936, 1.000000000000000000 ) ;
#1302 = CIRCLE ( 'NONE', #4024, 0.03500000000000014211 ) ;
#1303 = AXIS2_PLACEMENT_3D ( 'NONE', #5305, #4403, #229 ) ;
#1304 = EDGE_LOOP ( 'NONE', ( #1470, #2077, #1260, #1485 ) ) ;
#1305 = DIRECTION ( 'NONE',  ( -0.9848077530122093526, 0.000000000000000000, -0.1736481776669235033 ) ) ;
#1306 = ORIENTED_EDGE ( 'NONE', *, *, #34, .T. ) ;
#1307 = AXIS2_PLACEMENT_3D ( 'NONE', #429, #394, #1364 ) ;
#1308 = DIRECTION ( 'NONE',  ( 0.000000000000000000, 0.000000000000000000, 1.000000000000000000 ) ) ;
#1309 = LINE ( 'NONE', #2690, #1541 ) ;
#1310 = CARTESIAN_POINT ( 'NONE',  ( -11.43750000000000000, 0.9899999999999984368, -0.9600000000000001865 ) ) ;
#1311 = CARTESIAN_POINT ( 'NONE',  ( -5.399999999999998579, -0.6189114148497022461, -1.135000000000000231 ) ) ;
#1312 = ORIENTED_EDGE ( 'NONE', *, *, #5202, .F. ) ;
#1313 = FACE_OUTER_BOUND ( 'NONE', #4239, .T. ) ;
#1314 = VERTEX_POINT ( 'NONE', #2364 ) ;
#1315 = DIRECTION ( 'NONE',  ( 0.000000000000000000, 0.000000000000000000, 1.000000000000000000 ) ) ;
#1316 = DIRECTION ( 'NONE',  ( 0.000000000000000000, -0.9854601157443477755, -0.1699069165076472210 ) ) ;
#1317 = VECTOR ( 'NONE', #3944, 1.000000000000000000 ) ;
#1318 = AXIS2_PLACEMENT_3D ( 'NONE', #4031, #4454, #5395 ) ;
#1319 = DIRECTION ( 'NONE',  ( 0.9632452974707710336, 0.2686233364777642629, 0.000000000000000000 ) ) ;
#1320 = ORIENTED_EDGE ( 'NONE', *, *, #4612, .T. ) ;
#1321 = ORIENTED_EDGE ( 'NONE', *, *, #5556, .F. ) ;
#1322 = CARTESIAN_POINT ( 'NONE',  ( -2.349999999999999645, 0.8999999999999999112, -0.9100000000000001421 ) ) ;
#1323 = CARTESIAN_POINT ( 'NONE',  ( -16.55000000000000071, -0.3114982215127146681, 0.000000000000000000 ) ) ;
#1324 = DIRECTION ( 'NONE',  ( -0.000000000000000000, 0.000000000000000000, 1.000000000000000000 ) ) ;
#1325 = DIRECTION ( 'NONE',  ( 0.000000000000000000, -0.000000000000000000, -1.000000000000000000 ) ) ;
#1326 = DIRECTION ( 'NONE',  ( 1.000000000000000000, 0.000000000000000000, 0.000000000000000000 ) ) ;
#1327 = DIRECTION ( 'NONE',  ( 1.000000000000000000, 0.000000000000000000, 0.000000000000000000 ) ) ;
#1328 = VERTEX_POINT ( 'NONE', #4245 ) ;
#1329 = ORIENTED_EDGE ( 'NONE', *, *, #2175, .T. ) ;
#1330 = CARTESIAN_POINT ( 'NONE',  ( -16.14999999999999858, 0.3432012612066360768, -1.135000000000000231 ) ) ;
#1331 = LINE ( 'NONE', #1263, #5689 ) ;
#1332 = EDGE_CURVE ( 'NONE', #2794, #3280, #2448, .T. ) ;
#1333 = EDGE_CURVE ( 'NONE', #4578, #3725, #3890, .T. ) ;
#1334 = EDGE_LOOP ( 'NONE', ( #1075, #5069, #3383, #5144 ) ) ;
#1335 = DIRECTION ( 'NONE',  ( -0.000000000000000000, 0.000000000000000000, 1.000000000000000000 ) ) ;
#1336 = ORIENTED_EDGE ( 'NONE', *, *, #2403, .F. ) ;
#1337 = CARTESIAN_POINT ( 'NONE',  ( 0.000000000000000000, -0.8750000000000000000, -1.060000000000000053 ) ) ;
#1338 = LINE ( 'NONE', #5025, #6023 ) ;
#1339 = ADVANCED_FACE ( 'NONE', ( #63 ), #4328, .T. ) ;
#1340 = CARTESIAN_POINT ( 'NONE',  ( -5.949999999999999289, 0.7399999999999984368, -0.9600000000000001865 ) ) ;
#1341 = CARTESIAN_POINT ( 'NONE',  ( -1.949999999999999734, -0.9899999999999984368, -1.135000000000000231 ) ) ;
#1342 = VERTEX_POINT ( 'NONE', #4727 ) ;
#1343 = PRODUCT_DEFINITION_SHAPE ( 'NONE', 'NONE',  #3827 ) ;
#1344 = ORIENTED_EDGE ( 'NONE', *, *, #4473, .T. ) ;
#1345 = DIRECTION ( 'NONE',  ( 0.000000000000000000, 0.000000000000000000, 1.000000000000000000 ) ) ;
#1346 = CARTESIAN_POINT ( 'NONE',  ( -2.350000000000001421, -0.2114982215127141629, -1.135000000000000231 ) ) ;
#1347 = AXIS2_PLACEMENT_3D ( 'NONE', #4754, #3324, #68 ) ;
#1348 = DIRECTION ( 'NONE',  ( 0.000000000000000000, 0.000000000000000000, 1.000000000000000000 ) ) ;
#1349 = EDGE_LOOP ( 'NONE', ( #2257, #47, #549, #2014 ) ) ;
#1350 = ORIENTED_EDGE ( 'NONE', *, *, #2291, .T. ) ;
#1351 = CARTESIAN_POINT ( 'NONE',  ( -7.862500000000000711, 0.7399999999999984368, -0.9600000000000001865 ) ) ;
#1352 = CYLINDRICAL_SURFACE ( 'NONE', #5751, 0.2500000000000000000 ) ;
#1353 = CARTESIAN_POINT ( 'NONE',  ( -5.576316527040901860, 1.189999999999998392, -6.660000000000001030 ) ) ;
#1354 = CARTESIAN_POINT ( 'NONE',  ( -10.88749999999999929, -0.7400000000000009903, -1.135000000000000231 ) ) ;
#1355 = DIRECTION ( 'NONE',  ( 1.000000000000000000, 0.000000000000000000, 0.000000000000000000 ) ) ;
#1356 = VECTOR ( 'NONE', #1517, 1.000000000000000000 ) ;
#1357 = PLANE ( 'NONE',  #5252 ) ;
#1358 = AXIS2_PLACEMENT_3D ( 'NONE', #3512, #1088, #5806 ) ;
#1359 = ORIENTED_EDGE ( 'NONE', *, *, #4974, .F. ) ;
#1360 = EDGE_LOOP ( 'NONE', ( #3729, #4779, #1951, #299 ) ) ;
#1361 = ORIENTED_EDGE ( 'NONE', *, *, #3651, .F. ) ;
#1362 = CIRCLE ( 'NONE', #497, 5.899999999999998579 ) ;
#1363 = LINE ( 'NONE', #2837, #4475 ) ;
#1364 = DIRECTION ( 'NONE',  ( 0.000000000000000000, 0.000000000000000000, 1.000000000000000000 ) ) ;
#1365 = ADVANCED_FACE ( 'NONE', ( #5667 ), #3320, .F. ) ;
#1366 = ORIENTED_EDGE ( 'NONE', *, *, #2654, .F. ) ;
#1367 = CYLINDRICAL_SURFACE ( 'NONE', #5207, 0.1000000000000014211 ) ;
#1368 = EDGE_CURVE ( 'NONE', #4721, #4592, #2910, .T. ) ;
#1369 = ORIENTED_EDGE ( 'NONE', *, *, #3692, .F. ) ;
#1370 = PLANE ( 'NONE',  #913 ) ;
#1371 = AXIS2_PLACEMENT_3D ( 'NONE', #5402, #5859, #5076 ) ;
#1372 = CARTESIAN_POINT ( 'NONE',  ( 0.5886859966642593589, -0.8750000000000000000, -1.060000000000000053 ) ) ;
#1373 = CARTESIAN_POINT ( 'NONE',  ( -16.15000000000000213, -1.190000000000002167, -0.9600000000000001865 ) ) ;
#1374 = CARTESIAN_POINT ( 'NONE',  ( -5.141597286494812735, 0.9899999999999985478, -1.135000000000000231 ) ) ;
#1375 = ADVANCED_FACE ( 'NONE', ( #2390 ), #4267, .F. ) ;
#1376 = EDGE_CURVE ( 'NONE', #5356, #353, #3838, .T. ) ;
#1377 = VERTEX_POINT ( 'NONE', #2999 ) ;
#1378 = ADVANCED_FACE ( 'NONE', ( #213 ), #2592, .T. ) ;
#1379 = ORIENTED_EDGE ( 'NONE', *, *, #5713, .F. ) ;
#1380 = DIRECTION ( 'NONE',  ( 1.000000000000000000, 0.000000000000000000, 0.000000000000000000 ) ) ;
#1381 = CARTESIAN_POINT ( 'NONE',  ( -5.399999999999998579, 0.6189114148497013579, -1.135000000000000231 ) ) ;
#1382 = CIRCLE ( 'NONE', #2523, 0.1499999999999999112 ) ;
#1383 = CARTESIAN_POINT ( 'NONE',  ( -8.724999999999999645, -0.9900000000000005462, -0.9600000000000001865 ) ) ;
#1384 = VERTEX_POINT ( 'NONE', #1661 ) ;
#1385 = VERTEX_POINT ( 'NONE', #2160 ) ;
#1386 = VECTOR ( 'NONE', #4053, 1.000000000000000000 ) ;
#1387 = DIRECTION ( 'NONE',  ( 1.000000000000000000, 0.000000000000000000, 0.000000000000000000 ) ) ;
#1388 = LINE ( 'NONE', #4587, #113 ) ;
#1389 = DIRECTION ( 'NONE',  ( 1.000000000000000000, 2.220446049250320969E-15, 0.000000000000000000 ) ) ;
#1390 = ADVANCED_FACE ( 'NONE', ( #4955 ), #5785, .F. ) ;
#1391 = CARTESIAN_POINT ( 'NONE',  ( -16.05000000000000071, -0.3432012612066350776, -1.135000000000000231 ) ) ;
#1392 = FACE_OUTER_BOUND ( 'NONE', #2229, .T. ) ;
#1393 = EDGE_LOOP ( 'NONE', ( #326, #1745, #4565, #5424 ) ) ;
#1394 = ORIENTED_EDGE ( 'NONE', *, *, #5905, .T. ) ;
#1395 = DIRECTION ( 'NONE',  ( -0.000000000000000000, 0.000000000000000000, 1.000000000000000000 ) ) ;
#1396 = CARTESIAN_POINT ( 'NONE',  ( -1.949999999999999734, 1.189999999999998392, -0.9600000000000001865 ) ) ;
#1397 = CARTESIAN_POINT ( 'NONE',  ( -10.63749999999999929, 0.7399999999999984368, -1.135000000000000231 ) ) ;
#1398 = CIRCLE ( 'NONE', #2636, 0.09999999999999964473 ) ;
#1399 = ORIENTED_EDGE ( 'NONE', *, *, #1217, .F. ) ;
#1400 = DIRECTION ( 'NONE',  ( 1.432545838226008399E-17, 1.000000000000000000, -0.000000000000000000 ) ) ;
#1401 = AXIS2_PLACEMENT_3D ( 'NONE', #2683, #4014, #2717 ) ;
#1402 = VERTEX_POINT ( 'NONE', #5871 ) ;
#1403 = AXIS2_PLACEMENT_3D ( 'NONE', #5591, #16, #535 ) ;
#1404 = VECTOR ( 'NONE', #1799, 1.000000000000000000 ) ;
#1405 = DIRECTION ( 'NONE',  ( 1.000000000000000000, 0.000000000000000000, -1.189916929857710326E-16 ) ) ;
#1406 = DIRECTION ( 'NONE',  ( -1.000000000000000000, 0.000000000000000000, -0.000000000000000000 ) ) ;
#1407 = CARTESIAN_POINT ( 'NONE',  ( -4.885798269505217561, 0.9549999999999984057, -0.9599999999999999645 ) ) ;
#1408 = DIRECTION ( 'NONE',  ( 0.000000000000000000, -0.000000000000000000, 1.000000000000000000 ) ) ;
#1409 = VECTOR ( 'NONE', #3275, 1.000000000000000000 ) ;
#1410 = VECTOR ( 'NONE', #4235, 1.000000000000000222 ) ;
#1411 = EDGE_LOOP ( 'NONE', ( #74, #2808, #3883, #3297 ) ) ;
#1412 = EDGE_CURVE ( 'NONE', #3440, #5052, #3522, .T. ) ;
#1413 = VERTEX_POINT ( 'NONE', #4477 ) ;
#1414 = CARTESIAN_POINT ( 'NONE',  ( -16.55000000000000071, 0.8999999999999999112, -0.9100000000000001421 ) ) ;
#1415 = AXIS2_PLACEMENT_3D ( 'NONE', #5222, #4376, #2468 ) ;
#1416 = EDGE_CURVE ( 'NONE', #1429, #271, #1238, .T. ) ;
#1417 = ADVANCED_FACE ( 'NONE', ( #2533 ), #4385, .T. ) ;
#1418 = EDGE_CURVE ( 'NONE', #1862, #2103, #728, .T. ) ;
#1419 = ORIENTED_EDGE ( 'NONE', *, *, #4728, .F. ) ;
#1420 = AXIS2_PLACEMENT_3D ( 'NONE', #3418, #1054, #3749 ) ;
#1421 = VERTEX_POINT ( 'NONE', #5382 ) ;
#1422 = CARTESIAN_POINT ( 'NONE',  ( -16.05000000000000071, 0.3432012612066360768, -4.241944871367028469 ) ) ;
#1423 = DIRECTION ( 'NONE',  ( 1.000000000000000000, 0.000000000000000000, 0.000000000000000000 ) ) ;
#1424 = CARTESIAN_POINT ( 'NONE',  ( -19.12000000000000099, 0.000000000000000000, -1.060000000000000053 ) ) ;
#1425 = DIRECTION ( 'NONE',  ( 1.000000000000000000, 0.000000000000000000, -0.000000000000000000 ) ) ;
#1426 = CARTESIAN_POINT ( 'NONE',  ( -8.724999999999999645, 0.9899999999999984368, -0.9600000000000001865 ) ) ;
#1427 = EDGE_CURVE ( 'NONE', #1328, #1402, #1179, .T. ) ;
#1428 = VECTOR ( 'NONE', #1542, 1.000000000000000000 ) ;
#1429 = VERTEX_POINT ( 'NONE', #307 ) ;
#1430 = CARTESIAN_POINT ( 'NONE',  ( -16.65000000000000213, -0.2114982215127146903, -0.9600000000000001865 ) ) ;
#1431 = CARTESIAN_POINT ( 'NONE',  ( -5.299999999999998934, 0.6189114148497013579, -1.135000000000000231 ) ) ;
#1432 = CARTESIAN_POINT ( 'NONE',  ( -14.57843092739264002, 9.753686360283015944, -0.9607596123493866713 ) ) ;
#1433 = ORIENTED_EDGE ( 'NONE', *, *, #2363, .T. ) ;
#1434 = CARTESIAN_POINT ( 'NONE',  ( -2.349999999999999645, 0.7399999999999984368, -1.135000000000001119 ) ) ;
#1435 = ORIENTED_EDGE ( 'NONE', *, *, #5863, .T. ) ;
#1436 = CARTESIAN_POINT ( 'NONE',  ( -16.15000000000000213, -0.2000000000000000111, -0.8250000000000000666 ) ) ;
#1437 = CARTESIAN_POINT ( 'NONE',  ( -5.576316527040902749, -1.089999999999998082, -0.7600000000000010081 ) ) ;
#1438 = ORIENTED_EDGE ( 'NONE', *, *, #968, .F. ) ;
#1439 = LINE ( 'NONE', #4647, #4712 ) ;
#1440 = DIRECTION ( 'NONE',  ( -0.000000000000000000, -1.000000000000000000, -0.000000000000000000 ) ) ;
#1441 = ORIENTED_EDGE ( 'NONE', *, *, #2159, .F. ) ;
#1442 = ADVANCED_FACE ( 'NONE', ( #1127 ), #5843, .T. ) ;
#1443 = VERTEX_POINT ( 'NONE', #1693 ) ;
#1444 = FACE_OUTER_BOUND ( 'NONE', #3197, .T. ) ;
#1445 = DIRECTION ( 'NONE',  ( -1.000000000000000000, -2.405483220021172340E-16, 0.000000000000000000 ) ) ;
#1446 = CARTESIAN_POINT ( 'NONE',  ( -12.92368347295909814, 1.189999999999998392, -6.660000000000000142 ) ) ;
#1447 = CARTESIAN_POINT ( 'NONE',  ( -2.349999999999999645, 0.000000000000000000, 0.000000000000000000 ) ) ;
#1448 = CIRCLE ( 'NONE', #5632, 0.2500000000000000000 ) ;
#1449 = EDGE_LOOP ( 'NONE', ( #2930, #3933, #3397, #541 ) ) ;
#1450 = EDGE_CURVE ( 'NONE', #2773, #3430, #3959, .T. ) ;
#1451 = CARTESIAN_POINT ( 'NONE',  ( -3.921569072607348438, 9.753686360283015944, -0.9607596123493884477 ) ) ;
#1452 = CIRCLE ( 'NONE', #2107, 0.09999999999999964473 ) ;
#1453 = DIRECTION ( 'NONE',  ( -0.000000000000000000, 1.000000000000000000, -0.000000000000000000 ) ) ;
#1454 = CARTESIAN_POINT ( 'NONE',  ( -18.50000000000000000, 1.189999999999998392, -0.9600000000000001865 ) ) ;
#1455 = CIRCLE ( 'NONE', #1739, 6.000000000000000000 ) ;
#1456 = EDGE_LOOP ( 'NONE', ( #1530, #3128, #5589, #1433 ) ) ;
#1457 = ORIENTED_EDGE ( 'NONE', *, *, #1659, .F. ) ;
#1458 = ORIENTED_EDGE ( 'NONE', *, *, #3304, .F. ) ;
#1459 = EDGE_CURVE ( 'NONE', #1385, #5946, #755, .T. ) ;
#1460 = FACE_OUTER_BOUND ( 'NONE', #4105, .T. ) ;
#1461 = AXIS2_PLACEMENT_3D ( 'NONE', #4944, #5891, #1647 ) ;
#1462 = DIRECTION ( 'NONE',  ( 0.9632452974707709226, -0.2686233364777642074, 0.000000000000000000 ) ) ;
#1463 = ORIENTED_EDGE ( 'NONE', *, *, #1731, .T. ) ;
#1464 = CARTESIAN_POINT ( 'NONE',  ( -5.399999999999998579, 0.7506144545436229665, -1.135000000000000231 ) ) ;
#1465 = CARTESIAN_POINT ( 'NONE',  ( -0.4464101615137745505, -0.3114982215127146681, -4.241944871367028469 ) ) ;
#1466 = CIRCLE ( 'NONE', #4684, 0.09999999999999964473 ) ;
#1467 = CIRCLE ( 'NONE', #1371, 0.2500000000000000000 ) ;
#1468 = CARTESIAN_POINT ( 'NONE',  ( -18.50000000000000000, 1.189999999999998392, -0.9600000000000001865 ) ) ;
#1469 = EDGE_LOOP ( 'NONE', ( #5779, #3829, #2105, #2136 ) ) ;
#1470 = ORIENTED_EDGE ( 'NONE', *, *, #2963, .F. ) ;
#1471 = LINE ( 'NONE', #166, #5385 ) ;
#1472 = CIRCLE ( 'NONE', #2034, 0.2500000000000000000 ) ;
#1473 = DIRECTION ( 'NONE',  ( 1.000000000000000000, 2.400482215405744004E-16, 0.000000000000000000 ) ) ;
#1474 = EDGE_CURVE ( 'NONE', #10, #1243, #3465, .T. ) ;
#1475 = AXIS2_PLACEMENT_3D ( 'NONE', #469, #522, #889 ) ;
#1476 = ORIENTED_EDGE ( 'NONE', *, *, #3727, .F. ) ;
#1477 = DIRECTION ( 'NONE',  ( 0.000000000000000000, -0.1402661271484180461, -0.9901138386947149206 ) ) ;
#1478 = LINE ( 'NONE', #2754, #5000 ) ;
#1479 = DIRECTION ( 'NONE',  ( 0.000000000000000000, 0.000000000000000000, 1.000000000000000000 ) ) ;
#1480 = EDGE_CURVE ( 'NONE', #594, #4595, #4901, .T. ) ;
#1481 = EDGE_CURVE ( 'NONE', #3165, #5807, #204, .T. ) ;
#1482 = VERTEX_POINT ( 'NONE', #2565 ) ;
#1483 = EDGE_CURVE ( 'NONE', #4723, #926, #276, .T. ) ;
#1484 = ORIENTED_EDGE ( 'NONE', *, *, #4456, .F. ) ;
#1485 = ORIENTED_EDGE ( 'NONE', *, *, #1063, .F. ) ;
#1486 = DIRECTION ( 'NONE',  ( -1.000000000000000000, 1.193105140912903082E-16, 0.000000000000000000 ) ) ;
#1487 = DIRECTION ( 'NONE',  ( -0.000000000000000000, 0.000000000000000000, 1.000000000000000000 ) ) ;
#1488 = DIRECTION ( 'NONE',  ( -0.000000000000000000, 0.000000000000000000, 1.000000000000000000 ) ) ;
#1489 = CARTESIAN_POINT ( 'NONE',  ( -14.56974851850929298, 1.089999999999998082, -1.009999999999997122 ) ) ;
#1490 = ADVANCED_FACE ( 'NONE', ( #4871, #2104 ), #1357, .F. ) ;
#1491 = AXIS2_PLACEMENT_3D ( 'NONE', #4761, #1582, #1502 ) ;
#1492 = VERTEX_POINT ( 'NONE', #2123 ) ;
#1493 = CIRCLE ( 'NONE', #3428, 6.000000000000000000 ) ;
#1494 = CARTESIAN_POINT ( 'NONE',  ( -0.3464101615137744061, 0.3114982215127147791, -1.135000000000000231 ) ) ;
#1495 = AXIS2_PLACEMENT_3D ( 'NONE', #4782, #1547, #3380 ) ;
#1496 = DIRECTION ( 'NONE',  ( 0.000000000000000000, 0.1699069165076472487, 0.9854601157443478865 ) ) ;
#1497 = CARTESIAN_POINT ( 'NONE',  ( -0.3464101615137744616, -0.7399999999999984368, -1.135000000000000231 ) ) ;
#1498 = AXIS2_PLACEMENT_3D ( 'NONE', #1414, #2827, #4702 ) ;
#1499 = VECTOR ( 'NONE', #5227, 1.000000000000000000 ) ;
#1500 = ORIENTED_EDGE ( 'NONE', *, *, #1418, .F. ) ;
#1501 = VERTEX_POINT ( 'NONE', #5466 ) ;
#1502 = DIRECTION ( 'NONE',  ( -1.000000000000000000, 0.000000000000000000, 0.000000000000000000 ) ) ;
#1503 = AXIS2_PLACEMENT_3D ( 'NONE', #4980, #5897, #4146 ) ;
#1504 = CARTESIAN_POINT ( 'NONE',  ( -0.3464101615137744616, -0.3114982215127146681, -1.135000000000000231 ) ) ;
#1505 = DIRECTION ( 'NONE',  ( 1.000000000000000000, 2.400482215405744004E-16, 0.000000000000000000 ) ) ;
#1506 = VERTEX_POINT ( 'NONE', #3177 ) ;
#1507 = LINE ( 'NONE', #2067, #5336 ) ;
#1508 = CARTESIAN_POINT ( 'NONE',  ( 0.000000000000000000, 0.8750000000000000000, -1.060000000000000053 ) ) ;
#1509 = AXIS2_PLACEMENT_3D ( 'NONE', #3906, #650, #5797 ) ;
#1510 = CARTESIAN_POINT ( 'NONE',  ( -19.08868599666426036, 0.000000000000000000, -1.060000000000000053 ) ) ;
#1511 = CARTESIAN_POINT ( 'NONE',  ( -7.062500000000000000, 0.9899999999999984368, -0.9600000000000001865 ) ) ;
#1512 = VERTEX_POINT ( 'NONE', #4555 ) ;
#1513 = ORIENTED_EDGE ( 'NONE', *, *, #2995, .T. ) ;
#1514 = EDGE_CURVE ( 'NONE', #3954, #1716, #3577, .T. ) ;
#1515 = ORIENTED_EDGE ( 'NONE', *, *, #1483, .T. ) ;
#1516 = CARTESIAN_POINT ( 'NONE',  ( -10.88749999999999929, 0.9899999999999984368, -1.135000000000000231 ) ) ;
#1517 = DIRECTION ( 'NONE',  ( 1.426102104458186769E-16, 1.000000000000000000, 0.000000000000000000 ) ) ;
#1518 = CARTESIAN_POINT ( 'NONE',  ( -7.853451737060907821E-17, -1.190000000000002833, -0.6600000000000016964 ) ) ;
#1519 = ORIENTED_EDGE ( 'NONE', *, *, #3727, .T. ) ;
#1520 = EDGE_CURVE ( 'NONE', #1692, #4335, #5042, .T. ) ;
#1521 = LINE ( 'NONE', #3002, #2765 ) ;
#1522 = CARTESIAN_POINT ( 'NONE',  ( -9.775000000000000355, -0.9899999999999997691, -1.135000000000000231 ) ) ;
#1523 = DIRECTION ( 'NONE',  ( 0.000000000000000000, -0.000000000000000000, -1.000000000000000000 ) ) ;
#1524 = ORIENTED_EDGE ( 'NONE', *, *, #412, .T. ) ;
#1525 = ORIENTED_EDGE ( 'NONE', *, *, #5587, .F. ) ;
#1526 = CARTESIAN_POINT ( 'NONE',  ( -15.51932881082469251, 0.000000000000000000, -0.9599999999999999645 ) ) ;
#1527 = CARTESIAN_POINT ( 'NONE',  ( -16.55000000000000071, -1.190000000000002389, -0.9600000000000001865 ) ) ;
#1528 = DIRECTION ( 'NONE',  ( -1.000000000000000000, -0.000000000000000000, -0.000000000000000000 ) ) ;
#1529 = DIRECTION ( 'NONE',  ( 1.000000000000000000, 0.000000000000000000, -0.000000000000000000 ) ) ;
#1530 = ORIENTED_EDGE ( 'NONE', *, *, #3029, .F. ) ;
#1531 = CARTESIAN_POINT ( 'NONE',  ( 0.000000000000000000, 0.000000000000000000, -1.135000000000000231 ) ) ;
#1532 = DIRECTION ( 'NONE',  ( 0.000000000000000000, 1.000000000000000000, 0.000000000000000000 ) ) ;
#1533 = CYLINDRICAL_SURFACE ( 'NONE', #4279, 0.2500000000000000000 ) ;
#1534 = ORIENTED_EDGE ( 'NONE', *, *, #2626, .T. ) ;
#1535 = ORIENTED_EDGE ( 'NONE', *, *, #5470, .T. ) ;
#1536 = AXIS2_PLACEMENT_3D ( 'NONE', #5007, #5428, #4922 ) ;
#1537 = ORIENTED_EDGE ( 'NONE', *, *, #1514, .F. ) ;
#1538 = DIRECTION ( 'NONE',  ( 0.000000000000000000, 1.000000000000000000, 0.000000000000000000 ) ) ;
#1539 = LINE ( 'NONE', #180, #3295 ) ;
#1540 = ADVANCED_FACE ( 'NONE', ( #838 ), #4007, .T. ) ;
#1541 = VECTOR ( 'NONE', #4265, 1.000000000000000000 ) ;
#1542 = DIRECTION ( 'NONE',  ( 0.000000000000000000, -0.000000000000000000, -1.000000000000000000 ) ) ;
#1543 = ORIENTED_EDGE ( 'NONE', *, *, #3692, .T. ) ;
#1544 = AXIS2_PLACEMENT_3D ( 'NONE', #1140, #1976, #5309 ) ;
#1545 = LINE ( 'NONE', #2941, #544 ) ;
#1546 = CARTESIAN_POINT ( 'NONE',  ( -15.44619114447246844, -0.09632452974707685078, -0.9600000000000001865 ) ) ;
#1547 = DIRECTION ( 'NONE',  ( -0.000000000000000000, 0.000000000000000000, 1.000000000000000000 ) ) ;
#1548 = EDGE_CURVE ( 'NONE', #1870, #2110, #2150, .T. ) ;
#1549 = EDGE_CURVE ( 'NONE', #4200, #3077, #1467, .T. ) ;
#1550 = EDGE_LOOP ( 'NONE', ( #866, #3924, #779, #624 ) ) ;
#1551 = ORIENTED_EDGE ( 'NONE', *, *, #631, .T. ) ;
#1552 = DIRECTION ( 'NONE',  ( 1.000000000000000000, 0.000000000000000000, 0.000000000000000000 ) ) ;
#1553 = DIRECTION ( 'NONE',  ( -1.432545838226008399E-17, 1.000000000000000000, -0.000000000000000000 ) ) ;
#1554 = PLANE ( 'NONE',  #5830 ) ;
#1555 = SURFACE_STYLE_USAGE ( .BOTH. , #5648 ) ;
#1556 = VECTOR ( 'NONE', #3092, 1.000000000000000000 ) ;
#1557 = PLANE ( 'NONE',  #5296 ) ;
#1558 = EDGE_CURVE ( 'NONE', #754, #2566, #2711, .T. ) ;
#1559 = EDGE_LOOP ( 'NONE', ( #5993, #4864, #4917, #1803, #3432, #4879, #3298, #223 ) ) ;
#1560 = DIRECTION ( 'NONE',  ( -0.000000000000000000, 0.000000000000000000, 1.000000000000000000 ) ) ;
#1561 = DIRECTION ( 'NONE',  ( -1.000000000000000000, 0.000000000000000000, 0.000000000000000000 ) ) ;
#1562 = DIRECTION ( 'NONE',  ( 1.000000000000000000, 0.000000000000000000, -0.000000000000000000 ) ) ;
#1563 = FACE_OUTER_BOUND ( 'NONE', #3014, .T. ) ;
#1564 = AXIS2_PLACEMENT_3D ( 'NONE', #2285, #4162, #2194 ) ;
#1565 = ORIENTED_EDGE ( 'NONE', *, *, #663, .T. ) ;
#1566 = VERTEX_POINT ( 'NONE', #4591 ) ;
#1567 = EDGE_LOOP ( 'NONE', ( #5990, #1018, #823, #2221 ) ) ;
#1568 = LINE ( 'NONE', #3426, #2551 ) ;
#1569 = PLANE ( 'NONE',  #3698 ) ;
#1570 = ORIENTED_EDGE ( 'NONE', *, *, #5264, .F. ) ;
#1571 = FACE_OUTER_BOUND ( 'NONE', #1813, .T. ) ;
#1572 = ORIENTED_EDGE ( 'NONE', *, *, #850, .T. ) ;
#1573 = DIRECTION ( 'NONE',  ( 1.000000000000000000, 0.000000000000000000, -0.000000000000000000 ) ) ;
#1574 = CARTESIAN_POINT ( 'NONE',  ( -10.63749999999999929, -0.7400000000000009903, -1.135000000000000231 ) ) ;
#1575 = CARTESIAN_POINT ( 'NONE',  ( -16.55000000000000071, 0.8999999999999999112, -0.9100000000000001421 ) ) ;
#1576 = AXIS2_PLACEMENT_3D ( 'NONE', #193, #5216, #5760 ) ;
#1577 = AXIS2_PLACEMENT_3D ( 'NONE', #2517, #5218, #1163 ) ;
#1578 = EDGE_LOOP ( 'NONE', ( #3553, #1712, #1789, #3647 ) ) ;
#1579 = EDGE_CURVE ( 'NONE', #3360, #2727, #4465, .T. ) ;
#1580 = VECTOR ( 'NONE', #2660, 1.000000000000000000 ) ;
#1581 = EDGE_LOOP ( 'NONE', ( #2599, #4467 ) ) ;
#1582 = DIRECTION ( 'NONE',  ( 0.000000000000000000, 0.000000000000000000, -1.000000000000000000 ) ) ;
#1583 = EDGE_CURVE ( 'NONE', #5925, #10, #2647, .T. ) ;
#1584 = CARTESIAN_POINT ( 'NONE',  ( 0.6199999999999999956, -0.8750000000000000000, -0.9100000000000001421 ) ) ;
#1585 = AXIS2_PLACEMENT_3D ( 'NONE', #1422, #2738, #3766 ) ;
#1586 = ADVANCED_FACE ( 'NONE', ( #3211 ), #3083, .F. ) ;
#1587 = LINE ( 'NONE', #2950, #3920 ) ;
#1588 = AXIS2_PLACEMENT_3D ( 'NONE', #3998, #5850, #4938 ) ;
#1589 = EDGE_CURVE ( 'NONE', #5630, #841, #3114, .T. ) ;
#1590 = FACE_OUTER_BOUND ( 'NONE', #2667, .T. ) ;
#1591 = CARTESIAN_POINT ( 'NONE',  ( -1.949999999999999734, 0.000000000000000000, 0.000000000000000000 ) ) ;
#1592 = VERTEX_POINT ( 'NONE', #2613 ) ;
#1593 = ORIENTED_EDGE ( 'NONE', *, *, #1520, .F. ) ;
#1594 = CARTESIAN_POINT ( 'NONE',  ( -16.15000000000000213, 0.3432012612066360768, -1.135000000000000231 ) ) ;
#1595 = EDGE_CURVE ( 'NONE', #4981, #4055, #2253, .T. ) ;
#1596 = DIRECTION ( 'NONE',  ( 0.000000000000000000, -1.000000000000000000, 0.000000000000000000 ) ) ;
#1597 = DIRECTION ( 'NONE',  ( 0.000000000000000000, 0.000000000000000000, -1.000000000000000000 ) ) ;
#1598 = ORIENTED_EDGE ( 'NONE', *, *, #558, .F. ) ;
#1599 = ORIENTED_EDGE ( 'NONE', *, *, #2394, .F. ) ;
#1600 = VECTOR ( 'NONE', #3852, 1.000000000000000000 ) ;
#1601 = FACE_OUTER_BOUND ( 'NONE', #989, .T. ) ;
#1602 = CARTESIAN_POINT ( 'NONE',  ( -16.55000000000000071, -0.8000000000000000444, -0.9100000000000001421 ) ) ;
#1603 = DIRECTION ( 'NONE',  ( -1.432545838226008399E-17, -1.000000000000000000, 0.000000000000000000 ) ) ;
#1604 = ORIENTED_EDGE ( 'NONE', *, *, #308, .T. ) ;
#1605 = CARTESIAN_POINT ( 'NONE',  ( -2.449999999999999734, -0.3432012612066354107, -0.9599999999999999645 ) ) ;
#1606 = EDGE_LOOP ( 'NONE', ( #3988, #1885, #5826, #3126, #1232, #5869, #5332, #4372, #1619, #5604, #4519, #5880, #4381, #1033, #585, #2678 ) ) ;
#1607 = CARTESIAN_POINT ( 'NONE',  ( -19.12000000000000099, -0.8750000000000000000, -1.060000000000000053 ) ) ;
#1608 = CARTESIAN_POINT ( 'NONE',  ( -15.90000000000000213, 0.7399999999999984368, 0.000000000000000000 ) ) ;
#1609 = LINE ( 'NONE', #5446, #214 ) ;
#1610 = ORIENTED_EDGE ( 'NONE', *, *, #2993, .F. ) ;
#1611 = ORIENTED_EDGE ( 'NONE', *, *, #3820, .F. ) ;
#1612 = LINE ( 'NONE', #1998, #133 ) ;
#1613 = DIRECTION ( 'NONE',  ( -1.000000000000000000, 0.000000000000000000, 0.000000000000000000 ) ) ;
#1614 = CARTESIAN_POINT ( 'NONE',  ( -14.56974851850929298, 1.189999999999998170, -1.009999999999997122 ) ) ;
#1615 = EDGE_CURVE ( 'NONE', #3155, #1967, #297, .T. ) ;
#1616 = EDGE_CURVE ( 'NONE', #690, #5643, #4685, .T. ) ;
#1617 = LINE ( 'NONE', #169, #4150 ) ;
#1618 = ORIENTED_EDGE ( 'NONE', *, *, #803, .F. ) ;
#1619 = ORIENTED_EDGE ( 'NONE', *, *, #5369, .T. ) ;
#1620 = DIRECTION ( 'NONE',  ( 0.000000000000000000, 0.000000000000000000, -1.000000000000000000 ) ) ;
#1621 = CARTESIAN_POINT ( 'NONE',  ( -13.10000000000000142, -0.6189114148497024681, -0.9599999999999999645 ) ) ;
#1622 = DIRECTION ( 'NONE',  ( -1.000000000000000000, -2.400482215405744004E-16, 0.000000000000000000 ) ) ;
#1623 = LINE ( 'NONE', #4440, #3445 ) ;
#1624 = ORIENTED_EDGE ( 'NONE', *, *, #1051, .T. ) ;
#1625 = ADVANCED_FACE ( 'NONE', ( #3678 ), #4973, .F. ) ;
#1626 = ORIENTED_EDGE ( 'NONE', *, *, #4539, .T. ) ;
#1627 = CARTESIAN_POINT ( 'NONE',  ( -1.949999999999999734, 0.3114982215127146681, -1.135000000000000231 ) ) ;
#1628 = LINE ( 'NONE', #1175, #2897 ) ;
#1629 = AXIS2_PLACEMENT_3D ( 'NONE', #3527, #2593, #4478 ) ;
#1630 = ORIENTED_EDGE ( 'NONE', *, *, #2097, .F. ) ;
#1631 = DIRECTION ( 'NONE',  ( -0.000000000000000000, 0.000000000000000000, 1.000000000000000000 ) ) ;
#1632 = COLOUR_RGB ( '',0.7921568627450980005, 0.8196078431372548767, 0.9333333333333333481 ) ;
#1633 = EDGE_LOOP ( 'NONE', ( #2617, #5625, #407, #5225, #1277, #1984, #4262, #4760, #1734, #5888, #1132, #5092, #1981, #174, #1611, #1996, #5357, #3620, #225, #1830, #1823, #5180, #5835, #4639, #5004, #4348, #3472, #5590, #4175, #911, #5691, #2306 ) ) ;
#1634 = ADVANCED_FACE ( 'NONE', ( #1290 ), #2183, .F. ) ;
#1635 = DIRECTION ( 'NONE',  ( -0.000000000000000000, -0.000000000000000000, -1.000000000000000000 ) ) ;
#1636 = VECTOR ( 'NONE', #3588, 1.000000000000000000 ) ;
#1637 = CIRCLE ( 'NONE', #4570, 0.2500000000000000000 ) ;
#1638 = ORIENTED_EDGE ( 'NONE', *, *, #3279, .T. ) ;
#1639 = VERTEX_POINT ( 'NONE', #3144 ) ;
#1640 = DIRECTION ( 'NONE',  ( -0.000000000000000000, 0.000000000000000000, 1.000000000000000000 ) ) ;
#1641 = FACE_OUTER_BOUND ( 'NONE', #4785, .T. ) ;
#1642 = DIRECTION ( 'NONE',  ( -0.000000000000000000, 0.000000000000000000, 1.000000000000000000 ) ) ;
#1643 = CARTESIAN_POINT ( 'NONE',  ( -15.90000000000000213, 0.7399999999999984368, -0.9600000000000001865 ) ) ;
#1644 = EDGE_LOOP ( 'NONE', ( #5964, #950, #4608, #1059 ) ) ;
#1645 = EDGE_LOOP ( 'NONE', ( #2441, #2887 ) ) ;
#1646 = DIRECTION ( 'NONE',  ( 0.000000000000000000, 0.000000000000000000, 1.000000000000000000 ) ) ;
#1647 = DIRECTION ( 'NONE',  ( 0.000000000000000000, -0.000000000000000000, -1.000000000000000000 ) ) ;
#1648 = VECTOR ( 'NONE', #3781, 1.000000000000000000 ) ;
#1649 = DIRECTION ( 'NONE',  ( -1.432545838226008399E-17, 1.000000000000000000, -0.000000000000000000 ) ) ;
#1650 = LINE ( 'NONE', #5714, #3986 ) ;
#1651 = ORIENTED_EDGE ( 'NONE', *, *, #3991, .F. ) ;
#1652 = ADVANCED_FACE ( 'NONE', ( #904 ), #4167, .F. ) ;
#1653 = ORIENTED_EDGE ( 'NONE', *, *, #4176, .F. ) ;
#1654 = CARTESIAN_POINT ( 'NONE',  ( -11.68750000000000000, -0.7400000000000013234, -0.9599999999999999645 ) ) ;
#1655 = DIRECTION ( 'NONE',  ( 1.000000000000000000, 0.000000000000000000, 0.000000000000000000 ) ) ;
#1656 = ADVANCED_FACE ( 'NONE', ( #2290 ), #6006, .F. ) ;
#1657 = CYLINDRICAL_SURFACE ( 'NONE', #1840, 0.2500000000000000000 ) ;
#1658 = AXIS2_PLACEMENT_3D ( 'NONE', #477, #2314, #992 ) ;
#1659 = EDGE_CURVE ( 'NONE', #1592, #806, #5903, .T. ) ;
#1660 = ORIENTED_EDGE ( 'NONE', *, *, #261, .F. ) ;
#1661 = CARTESIAN_POINT ( 'NONE',  ( -18.15358983848622643, 0.3114982215127146681, -1.135000000000000231 ) ) ;
#1662 = VECTOR ( 'NONE', #1408, 1.000000000000000000 ) ;
#1663 = ORIENTED_EDGE ( 'NONE', *, *, #147, .F. ) ;
#1664 = FACE_OUTER_BOUND ( 'NONE', #1151, .T. ) ;
#1665 = EDGE_CURVE ( 'NONE', #3369, #3750, #5163, .T. ) ;
#1666 = CARTESIAN_POINT ( 'NONE',  ( 0.5886859966642593589, 0.8750000000000000000, -1.209999999999999964 ) ) ;
#1667 = EDGE_CURVE ( 'NONE', #934, #35, #1722, .T. ) ;
#1668 = ORIENTED_EDGE ( 'NONE', *, *, #705, .F. ) ;
#1669 = VERTEX_POINT ( 'NONE', #4643 ) ;
#1670 = PLANE ( 'NONE',  #2358 ) ;
#1671 = DIRECTION ( 'NONE',  ( -1.000000000000000000, 0.000000000000000000, 0.000000000000000000 ) ) ;
#1672 = VECTOR ( 'NONE', #1425, 1.000000000000000000 ) ;
#1673 = VECTOR ( 'NONE', #4599, 1.000000000000000000 ) ;
#1674 = DIRECTION ( 'NONE',  ( 0.000000000000000000, -1.000000000000000000, -0.000000000000000000 ) ) ;
#1675 = EDGE_LOOP ( 'NONE', ( #3971, #3343, #943, #2736 ) ) ;
#1676 = ORIENTED_EDGE ( 'NONE', *, *, #5272, .F. ) ;
#1677 = CARTESIAN_POINT ( 'NONE',  ( -13.94820772119394547, -9.753686360283015944, -0.8496342572279658167 ) ) ;
#1678 = CARTESIAN_POINT ( 'NONE',  ( -14.56974851850929298, -1.189999999999998170, -1.059999999999997389 ) ) ;
#1679 = VECTOR ( 'NONE', #1553, 1.000000000000000000 ) ;
#1680 = DIRECTION ( 'NONE',  ( 0.000000000000000000, 1.000000000000000000, 0.000000000000000000 ) ) ;
#1681 = CARTESIAN_POINT ( 'NONE',  ( -1.949999999999999734, 0.7399999999999984368, -0.9600000000000001865 ) ) ;
#1682 = VECTOR ( 'NONE', #5072, 1.000000000000000000 ) ;
#1683 = DIRECTION ( 'NONE',  ( -1.000000000000000000, -2.400482215405744004E-16, 0.000000000000000000 ) ) ;
#1684 = VECTOR ( 'NONE', #3282, 1.000000000000000000 ) ;
#1685 = ORIENTED_EDGE ( 'NONE', *, *, #296, .F. ) ;
#1686 = ORIENTED_EDGE ( 'NONE', *, *, #4656, .T. ) ;
#1687 = AXIS2_PLACEMENT_3D ( 'NONE', #5471, #1688, #2127 ) ;
#1688 = DIRECTION ( 'NONE',  ( -1.189916929857710326E-16, 0.000000000000000000, -1.000000000000000000 ) ) ;
#1689 = DIRECTION ( 'NONE',  ( 0.000000000000000000, -0.000000000000000000, -1.000000000000000000 ) ) ;
#1690 = VECTOR ( 'NONE', #3975, 1.000000000000000000 ) ;
#1691 = CYLINDRICAL_SURFACE ( 'NONE', #1877, 0.1499999999999999112 ) ;
#1692 = VERTEX_POINT ( 'NONE', #436 ) ;
#1693 = CARTESIAN_POINT ( 'NONE',  ( -11.43750000000000000, 0.7399999999999984368, -1.135000000000000231 ) ) ;
#1694 = EDGE_CURVE ( 'NONE', #4826, #3091, #2116, .T. ) ;
#1695 = AXIS2_PLACEMENT_3D ( 'NONE', #1607, #252, #4875 ) ;
#1696 = CARTESIAN_POINT ( 'NONE',  ( -4.895200086281940699, -0.9212864145885224509, -4.241944871367028469 ) ) ;
#1697 = PLANE ( 'NONE',  #3615 ) ;
#1698 = AXIS2_PLACEMENT_3D ( 'NONE', #1591, #3448, #5306 ) ;
#1699 = ORIENTED_EDGE ( 'NONE', *, *, #3763, .T. ) ;
#1700 = EDGE_LOOP ( 'NONE', ( #3061, #5124, #4888, #1284 ) ) ;
#1701 = CARTESIAN_POINT ( 'NONE',  ( -15.51932881082469251, 0.000000000000000000, -4.241944871367028469 ) ) ;
#1702 = DIRECTION ( 'NONE',  ( 0.000000000000000000, 0.000000000000000000, 1.000000000000000000 ) ) ;
#1703 = VECTOR ( 'NONE', #5865, 1.000000000000000222 ) ;
#1704 = DIRECTION ( 'NONE',  ( 0.9632452974707711446, -0.2686233364777638188, 0.000000000000000000 ) ) ;
#1705 = EDGE_LOOP ( 'NONE', ( #4283, #684, #1004, #2065, #5200, #3697, #3816, #1275, #2625, #1779, #457, #3316, #3423, #1610, #554 ) ) ;
#1706 = VERTEX_POINT ( 'NONE', #5445 ) ;
#1707 = DIRECTION ( 'NONE',  ( 0.000000000000000000, -0.9901138386947148096, 0.1402661271484180183 ) ) ;
#1708 = CARTESIAN_POINT ( 'NONE',  ( -18.50000000000000000, 1.189999999999998392, -1.160000000000000142 ) ) ;
#1709 = CARTESIAN_POINT ( 'NONE',  ( -14.56974851850929298, -1.089999999999998082, -1.009999999999997122 ) ) ;
#1710 = CARTESIAN_POINT ( 'NONE',  ( -5.141597286494812735, -0.9899999999999994360, -4.241944871367028469 ) ) ;
#1711 = DIRECTION ( 'NONE',  ( -0.000000000000000000, 0.000000000000000000, 1.000000000000000000 ) ) ;
#1712 = ORIENTED_EDGE ( 'NONE', *, *, #2812, .F. ) ;
#1713 = VERTEX_POINT ( 'NONE', #1272 ) ;
#1714 = DIRECTION ( 'NONE',  ( 0.000000000000000000, -1.000000000000000000, 0.000000000000000000 ) ) ;
#1715 = FACE_OUTER_BOUND ( 'NONE', #1360, .T. ) ;
#1716 = VERTEX_POINT ( 'NONE', #1373 ) ;
#1717 = DIRECTION ( 'NONE',  ( -0.000000000000000000, 0.000000000000000000, 1.000000000000000000 ) ) ;
#1718 = EDGE_LOOP ( 'NONE', ( #1090, #1226, #3116, #4330, #5318 ) ) ;
#1719 = EDGE_CURVE ( 'NONE', #3725, #2886, #1466, .T. ) ;
#1720 = DIRECTION ( 'NONE',  ( -0.000000000000000000, 0.000000000000000000, 1.000000000000000000 ) ) ;
#1721 = FACE_OUTER_BOUND ( 'NONE', #2476, .T. ) ;
#1722 = LINE ( 'NONE', #3590, #4095 ) ;
#1723 = DIRECTION ( 'NONE',  ( 0.000000000000000000, -1.000000000000000000, 0.000000000000000000 ) ) ;
#1724 = VECTOR ( 'NONE', #97, 1.000000000000000000 ) ;
#1725 = ORIENTED_EDGE ( 'NONE', *, *, #5345, .T. ) ;
#1726 = DIRECTION ( 'NONE',  ( 1.000000000000000000, 1.426102104458186769E-16, 0.000000000000000000 ) ) ;
#1727 = VERTEX_POINT ( 'NONE', #3125 ) ;
#1728 = DIRECTION ( 'NONE',  ( 0.000000000000000000, 0.000000000000000000, 1.000000000000000000 ) ) ;
#1729 = FACE_OUTER_BOUND ( 'NONE', #4632, .T. ) ;
#1730 = EDGE_CURVE ( 'NONE', #2153, #4658, #888, .T. ) ;
#1731 = EDGE_CURVE ( 'NONE', #3055, #5297, #1264, .T. ) ;
#1732 = CIRCLE ( 'NONE', #5058, 0.03500000000000014211 ) ;
#1733 = CARTESIAN_POINT ( 'NONE',  ( -14.57843092739264002, -1.089999999999998082, -0.9607596123493866713 ) ) ;
#1734 = ORIENTED_EDGE ( 'NONE', *, *, #2626, .F. ) ;
#1735 = ORIENTED_EDGE ( 'NONE', *, *, #3357, .F. ) ;
#1736 = DIRECTION ( 'NONE',  ( -0.000000000000000000, 0.000000000000000000, 1.000000000000000000 ) ) ;
#1737 = DIRECTION ( 'NONE',  ( -1.000000000000000000, 0.000000000000000000, 0.000000000000000000 ) ) ;
#1738 = CARTESIAN_POINT ( 'NONE',  ( -16.55000000000000071, 1.189999999999998392, -0.9600000000000001865 ) ) ;
#1739 = AXIS2_PLACEMENT_3D ( 'NONE', #5803, #5221, #3391 ) ;
#1740 = VECTOR ( 'NONE', #3422, 1.000000000000000000 ) ;
#1741 = DIRECTION ( 'NONE',  ( 0.000000000000000000, -1.000000000000000000, 0.000000000000000000 ) ) ;
#1742 = DIRECTION ( 'NONE',  ( 0.2686233364777642074, -0.9632452974707709226, 0.000000000000000000 ) ) ;
#1743 = EDGE_CURVE ( 'NONE', #4658, #1506, #3227, .T. ) ;
#1744 = VERTEX_POINT ( 'NONE', #4605 ) ;
#1745 = ORIENTED_EDGE ( 'NONE', *, *, #2552, .T. ) ;
#1746 = DIRECTION ( 'NONE',  ( 0.000000000000000000, 0.1402661271484180461, -0.9901138386947149206 ) ) ;
#1747 = DIRECTION ( 'NONE',  ( 1.000000000000000000, 0.000000000000000000, 0.000000000000000000 ) ) ;
#1748 = AXIS2_PLACEMENT_3D ( 'NONE', #5636, #4751, #5179 ) ;
#1749 = VERTEX_POINT ( 'NONE', #4989 ) ;
#1750 = CARTESIAN_POINT ( 'NONE',  ( -7.612499999999999822, 0.9899999999999984368, -0.9600000000000001865 ) ) ;
#1751 = ORIENTED_EDGE ( 'NONE', *, *, #2618, .T. ) ;
#1752 = CIRCLE ( 'NONE', #2129, 0.2500000000000000000 ) ;
#1753 = DIRECTION ( 'NONE',  ( 0.000000000000000000, 0.000000000000000000, 1.000000000000000000 ) ) ;
#1754 = FACE_OUTER_BOUND ( 'NONE', #1913, .T. ) ;
#1755 = DIRECTION ( 'NONE',  ( 0.000000000000000000, 1.000000000000000000, 0.000000000000000000 ) ) ;
#1756 = CARTESIAN_POINT ( 'NONE',  ( -7.062500000000000000, 0.9899999999999984368, -1.135000000000000231 ) ) ;
#1757 = VECTOR ( 'NONE', #2333, 1.000000000000000000 ) ;
#1758 = EDGE_LOOP ( 'NONE', ( #4156, #3344, #5364, #1797, #691, #4142, #1534, #505 ) ) ;
#1759 = FACE_OUTER_BOUND ( 'NONE', #978, .T. ) ;
#1760 = ORIENTED_EDGE ( 'NONE', *, *, #5694, .T. ) ;
#1761 = DIRECTION ( 'NONE',  ( 0.000000000000000000, -0.000000000000000000, 1.000000000000000000 ) ) ;
#1762 = CARTESIAN_POINT ( 'NONE',  ( -11.68750000000000000, -0.7400000000000013234, -4.241944871367028469 ) ) ;
#1763 = ADVANCED_FACE ( 'NONE', ( #788 ), #1826, .F. ) ;
#1764 = CARTESIAN_POINT ( 'NONE',  ( -2.350000000000001421, 0.2114982215127146903, -4.241944871367028469 ) ) ;
#1765 = EDGE_LOOP ( 'NONE', ( #3995, #1366, #4534, #2712 ) ) ;
#1766 = EDGE_CURVE ( 'NONE', #1233, #4962, #4117, .T. ) ;
#1767 = EDGE_LOOP ( 'NONE', ( #277, #3086, #5531, #905 ) ) ;
#1768 = EDGE_CURVE ( 'NONE', #1692, #4729, #2663, .T. ) ;
#1769 = LINE ( 'NONE', #4942, #2143 ) ;
#1770 = CARTESIAN_POINT ( 'NONE',  ( -1.949999999999999734, -0.2114982215127146903, -1.135000000000000231 ) ) ;
#1771 = DIRECTION ( 'NONE',  ( 0.1736481776669254740, 2.487589742322845879E-18, 0.9848077530122089085 ) ) ;
#1772 = CARTESIAN_POINT ( 'NONE',  ( -5.576316527040902749, 1.089999999999998082, -0.7600000000000010081 ) ) ;
#1773 = ADVANCED_FACE ( 'NONE', ( #5548 ), #4082, .F. ) ;
#1774 = CARTESIAN_POINT ( 'NONE',  ( -2.449999999999999734, -0.3432012612066354107, -4.241944871367028469 ) ) ;
#1775 = DIRECTION ( 'NONE',  ( 0.000000000000000000, 0.000000000000000000, 1.000000000000000000 ) ) ;
#1776 = EDGE_LOOP ( 'NONE', ( #1476, #3877, #3810, #9 ) ) ;
#1777 = CIRCLE ( 'NONE', #809, 0.07999999999999996003 ) ;
#1778 = VECTOR ( 'NONE', #4164, 1.000000000000000000 ) ;
#1779 = ORIENTED_EDGE ( 'NONE', *, *, #4756, .F. ) ;
#1780 = EDGE_LOOP ( 'NONE', ( #3371, #4496, #5979, #2398 ) ) ;
#1781 = EDGE_CURVE ( 'NONE', #5538, #5746, #3402, .T. ) ;
#1782 = VECTOR ( 'NONE', #2883, 1.000000000000000000 ) ;
#1783 = LINE ( 'NONE', #3555, #1176 ) ;
#1784 = DIRECTION ( 'NONE',  ( -0.2686233364777638188, 0.9632452974707711446, 0.000000000000000000 ) ) ;
#1785 = DIRECTION ( 'NONE',  ( 1.000000000000000000, 0.000000000000000000, -0.000000000000000000 ) ) ;
#1786 = CIRCLE ( 'NONE', #3640, 0.2500000000000000000 ) ;
#1787 = ORIENTED_EDGE ( 'NONE', *, *, #5270, .T. ) ;
#1788 = CARTESIAN_POINT ( 'NONE',  ( -1.849999999999999645, 0.2114982215127146903, -0.9600000000000001865 ) ) ;
#1789 = ORIENTED_EDGE ( 'NONE', *, *, #5073, .T. ) ;
#1790 = AXIS2_PLACEMENT_3D ( 'NONE', #2409, #3745, #2384 ) ;
#1791 = DIRECTION ( 'NONE',  ( -1.000000000000000000, 0.000000000000000000, -0.000000000000000000 ) ) ;
#1792 = DIRECTION ( 'NONE',  ( 0.000000000000000000, -1.000000000000000000, 0.000000000000000000 ) ) ;
#1793 = LINE ( 'NONE', #2417, #3653 ) ;
#1794 = CARTESIAN_POINT ( 'NONE',  ( -19.12000000000000099, -0.8750000000000000000, -1.060000000000000053 ) ) ;
#1795 = VERTEX_POINT ( 'NONE', #7 ) ;
#1796 = CARTESIAN_POINT ( 'NONE',  ( -3.930251481490694587, 9.753686360283015944, -1.009999999999999121 ) ) ;
#1797 = ORIENTED_EDGE ( 'NONE', *, *, #4698, .T. ) ;
#1798 = DIRECTION ( 'NONE',  ( 0.000000000000000000, -0.000000000000000000, 1.000000000000000000 ) ) ;
#1799 = DIRECTION ( 'NONE',  ( -0.000000000000000000, 1.000000000000000000, -0.000000000000000000 ) ) ;
#1800 = CIRCLE ( 'NONE', #4525, 0.2500000000000000000 ) ;
#1801 = ORIENTED_EDGE ( 'NONE', *, *, #970, .T. ) ;
#1802 = ORIENTED_EDGE ( 'NONE', *, *, #3899, .F. ) ;
#1803 = ORIENTED_EDGE ( 'NONE', *, *, #5347, .T. ) ;
#1804 = CARTESIAN_POINT ( 'NONE',  ( -15.90000000000000213, -0.9899999999999991029, -0.9600000000000001865 ) ) ;
#1805 = CARTESIAN_POINT ( 'NONE',  ( -16.55000000000000071, 0.8000000000000000444, -0.9100000000000001421 ) ) ;
#1806 = EDGE_CURVE ( 'NONE', #5818, #3884, #5001, .T. ) ;
#1807 = EDGE_CURVE ( 'NONE', #2861, #4406, #5480, .T. ) ;
#1808 = CARTESIAN_POINT ( 'NONE',  ( -12.92368347295909992, 1.189999999999998170, -0.7600000000000006750 ) ) ;
#1809 = DIRECTION ( 'NONE',  ( -1.000000000000000000, -2.400482215405744004E-16, 1.189916929857710326E-16 ) ) ;
#1810 = DIRECTION ( 'NONE',  ( -1.000000000000000000, -0.000000000000000000, -0.000000000000000000 ) ) ;
#1811 = EDGE_CURVE ( 'NONE', #5021, #2656, #1793, .T. ) ;
#1812 = ORIENTED_EDGE ( 'NONE', *, *, #2294, .T. ) ;
#1813 = EDGE_LOOP ( 'NONE', ( #4010, #2269, #2720, #2842 ) ) ;
#1814 = ORIENTED_EDGE ( 'NONE', *, *, #4013, .T. ) ;
#1815 = DIRECTION ( 'NONE',  ( 1.000000000000000000, 0.000000000000000000, -0.000000000000000000 ) ) ;
#1816 = DIRECTION ( 'NONE',  ( -0.000000000000000000, 0.000000000000000000, 1.000000000000000000 ) ) ;
#1817 = CARTESIAN_POINT ( 'NONE',  ( -9.775000000000000355, 0.9899999999999984368, -1.135000000000000231 ) ) ;
#1818 = DIRECTION ( 'NONE',  ( -1.000000000000000000, 3.977017136376343403E-17, -0.000000000000000000 ) ) ;
#1819 = ADVANCED_FACE ( 'NONE', ( #948 ), #598, .F. ) ;
#1820 = EDGE_CURVE ( 'NONE', #2901, #5733, #1873, .T. ) ;
#1821 = EDGE_LOOP ( 'NONE', ( #840, #601, #2981, #3717 ) ) ;
#1822 = DIRECTION ( 'NONE',  ( 0.000000000000000000, 0.000000000000000000, -1.000000000000000000 ) ) ;
#1823 = ORIENTED_EDGE ( 'NONE', *, *, #2707, .T. ) ;
#1824 = DIRECTION ( 'NONE',  ( -0.2686233364777642629, -0.9632452974707710336, 0.000000000000000000 ) ) ;
#1825 = DIRECTION ( 'NONE',  ( 1.000000000000000000, -0.000000000000000000, -0.000000000000000000 ) ) ;
#1826 = PLANE ( 'NONE',  #4870 ) ;
#1827 = DIRECTION ( 'NONE',  ( 1.000000000000000000, 0.000000000000000000, -0.000000000000000000 ) ) ;
#1828 = EDGE_CURVE ( 'NONE', #288, #2190, #2371, .T. ) ;
#1829 = ORIENTED_EDGE ( 'NONE', *, *, #479, .T. ) ;
#1830 = ORIENTED_EDGE ( 'NONE', *, *, #2654, .T. ) ;
#1831 = CARTESIAN_POINT ( 'NONE',  ( -11.68750000000000000, 0.9899999999999984368, -0.9600000000000006306 ) ) ;
#1832 = DIRECTION ( 'NONE',  ( 0.000000000000000000, 0.000000000000000000, -1.000000000000000000 ) ) ;
#1833 = VECTOR ( 'NONE', #1635, 1.000000000000000000 ) ;
#1834 = ORIENTED_EDGE ( 'NONE', *, *, #5465, .F. ) ;
#1835 = VERTEX_POINT ( 'NONE', #5603 ) ;
#1836 = FACE_OUTER_BOUND ( 'NONE', #5653, .T. ) ;
#1837 = DIRECTION ( 'NONE',  ( -0.000000000000000000, 1.000000000000000000, -0.000000000000000000 ) ) ;
#1838 = LINE ( 'NONE', #1896, #3132 ) ;
#1839 = CARTESIAN_POINT ( 'NONE',  ( -2.350000000000001421, 0.2114982215127146903, -0.9600000000000001865 ) ) ;
#1840 = AXIS2_PLACEMENT_3D ( 'NONE', #4353, #386, #5839 ) ;
#1841 = ORIENTED_EDGE ( 'NONE', *, *, #5611, .F. ) ;
#1842 = ORIENTED_EDGE ( 'NONE', *, *, #1191, .F. ) ;
#1843 = VECTOR ( 'NONE', #1505, 1.000000000000000000 ) ;
#1844 = CIRCLE ( 'NONE', #2810, 0.2500000000000000000 ) ;
#1845 = CARTESIAN_POINT ( 'NONE',  ( -7.862500000000000711, 0.9899999999999984368, -1.135000000000000231 ) ) ;
#1846 = CARTESIAN_POINT ( 'NONE',  ( -16.15000000000000213, 0.3432012612066360768, -0.9600000000000001865 ) ) ;
#1847 = DIRECTION ( 'NONE',  ( 0.000000000000000000, -0.000000000000000000, -1.000000000000000000 ) ) ;
#1848 = ORIENTED_EDGE ( 'NONE', *, *, #5073, .F. ) ;
#1849 = DIRECTION ( 'NONE',  ( -1.000000000000000000, 0.000000000000000000, -0.000000000000000000 ) ) ;
#1850 = ORIENTED_EDGE ( 'NONE', *, *, #5805, .F. ) ;
#1851 = EDGE_CURVE ( 'NONE', #1744, #3360, #5783, .T. ) ;
#1852 = EDGE_CURVE ( 'NONE', #2729, #4406, #1058, .T. ) ;
#1853 = CARTESIAN_POINT ( 'NONE',  ( -16.80000000000000071, 0.7399999999999984368, -4.241944871367028469 ) ) ;
#1854 = VECTOR ( 'NONE', #5814, 1.000000000000000000 ) ;
#1855 = DIRECTION ( 'NONE',  ( 0.000000000000000000, 0.000000000000000000, 1.000000000000000000 ) ) ;
#1856 = DIRECTION ( 'NONE',  ( -1.000000000000000000, 0.000000000000000000, 0.000000000000000000 ) ) ;
#1857 = DIRECTION ( 'NONE',  ( 1.000000000000000000, 0.000000000000000000, 0.000000000000000000 ) ) ;
#1858 = ORIENTED_EDGE ( 'NONE', *, *, #2154, .F. ) ;
#1859 = ORIENTED_EDGE ( 'NONE', *, *, #2982, .T. ) ;
#1860 = EDGE_CURVE ( 'NONE', #1377, #5520, #85, .T. ) ;
#1861 = LINE ( 'NONE', #2769, #439 ) ;
#1862 = VERTEX_POINT ( 'NONE', #4691 ) ;
#1863 = ORIENTED_EDGE ( 'NONE', *, *, #4790, .T. ) ;
#1864 = DIRECTION ( 'NONE',  ( 0.000000000000000000, 0.9854601157443477755, -0.1699069165076472210 ) ) ;
#1865 = DIRECTION ( 'NONE',  ( 1.000000000000000000, 0.000000000000000000, 0.000000000000000000 ) ) ;
#1866 = CARTESIAN_POINT ( 'NONE',  ( 0.5886859966642593589, 0.000000000000000000, -1.060000000000000053 ) ) ;
#1867 = DIRECTION ( 'NONE',  ( 0.000000000000000000, -0.000000000000000000, 1.000000000000000000 ) ) ;
#1868 = DIRECTION ( 'NONE',  ( -1.000000000000000000, 0.000000000000000000, 0.000000000000000000 ) ) ;
#1869 = VERTEX_POINT ( 'NONE', #2787 ) ;
#1870 = VERTEX_POINT ( 'NONE', #5570 ) ;
#1871 = PLANE ( 'NONE',  #3882 ) ;
#1872 = PLANE ( 'NONE',  #5872 ) ;
#1873 = LINE ( 'NONE', #1454, #627 ) ;
#1874 = AXIS2_PLACEMENT_3D ( 'NONE', #871, #4006, #4554 ) ;
#1875 = EDGE_LOOP ( 'NONE', ( #102, #2340, #1003, #1138 ) ) ;
#1876 = CARTESIAN_POINT ( 'NONE',  ( -11.68750000000000000, 0.7399999999999984368, -0.9600000000000001865 ) ) ;
#1877 = AXIS2_PLACEMENT_3D ( 'NONE', #3557, #5407, #5473 ) ;
#1878 = ORIENTED_EDGE ( 'NONE', *, *, #5831, .F. ) ;
#1879 = VECTOR ( 'NONE', #314, 1.000000000000000000 ) ;
#1880 = VECTOR ( 'NONE', #1316, 1.000000000000000222 ) ;
#1881 = CARTESIAN_POINT ( 'NONE',  ( -17.90358983848622643, 0.7399999999999984368, -1.135000000000000231 ) ) ;
#1882 = PLANE ( 'NONE',  #3814 ) ;
#1883 = AXIS2_PLACEMENT_3D ( 'NONE', #3707, #2779, #1389 ) ;
#1884 = EDGE_CURVE ( 'NONE', #3399, #1385, #143, .T. ) ;
#1885 = ORIENTED_EDGE ( 'NONE', *, *, #3858, .T. ) ;
#1886 = VERTEX_POINT ( 'NONE', #570 ) ;
#1887 = LINE ( 'NONE', #5583, #5483 ) ;
#1888 = DIRECTION ( 'NONE',  ( 1.000000000000000000, -0.000000000000000000, -0.000000000000000000 ) ) ;
#1889 = EDGE_CURVE ( 'NONE', #1055, #4337, #2325, .T. ) ;
#1890 = ORIENTED_EDGE ( 'NONE', *, *, #1989, .F. ) ;
#1891 = VECTOR ( 'NONE', #4791, 1.000000000000000000 ) ;
#1892 = ORIENTED_EDGE ( 'NONE', *, *, #4355, .F. ) ;
#1893 = CARTESIAN_POINT ( 'NONE',  ( -1.949999999999999734, 1.189999999999998392, -0.9600000000000001865 ) ) ;
#1894 = CARTESIAN_POINT ( 'NONE',  ( -3.921569072607348438, 1.089999999999998082, -0.9607596123493884477 ) ) ;
#1895 = PLANE ( 'NONE',  #531 ) ;
#1896 = CARTESIAN_POINT ( 'NONE',  ( -5.576316527040902749, -1.089999999999998082, -0.7600000000000010081 ) ) ;
#1897 = CARTESIAN_POINT ( 'NONE',  ( -13.22686233364777664, 0.7152359445967786389, -0.9600000000000001865 ) ) ;
#1898 = VECTOR ( 'NONE', #1319, 1.000000000000000000 ) ;
#1899 = CARTESIAN_POINT ( 'NONE',  ( -13.94820772119394547, 9.753686360283015944, -0.8496342572279658167 ) ) ;
#1900 = LINE ( 'NONE', #4635, #1410 ) ;
#1901 = FACE_OUTER_BOUND ( 'NONE', #3038, .T. ) ;
#1902 = VERTEX_POINT ( 'NONE', #2869 ) ;
#1903 = ORIENTED_EDGE ( 'NONE', *, *, #5229, .F. ) ;
#1904 = EDGE_LOOP ( 'NONE', ( #5449, #5285, #1676, #1267, #1244, #2788, #4379, #2694, #846 ) ) ;
#1905 = CARTESIAN_POINT ( 'NONE',  ( -12.55000000000000071, 0.7399999999999984368, -0.9599999999999999645 ) ) ;
#1906 = CARTESIAN_POINT ( 'NONE',  ( -14.56974851850929298, 9.753686360283015944, -1.009999999999997122 ) ) ;
#1907 = ADVANCED_FACE ( 'NONE', ( #1924 ), #3283, .T. ) ;
#1908 = VERTEX_POINT ( 'NONE', #26 ) ;
#1909 = ADVANCED_FACE ( 'NONE', ( #4718 ), #974, .T. ) ;
#1910 = DIRECTION ( 'NONE',  ( -0.000000000000000000, 0.000000000000000000, 1.000000000000000000 ) ) ;
#1911 = FACE_OUTER_BOUND ( 'NONE', #2220, .T. ) ;
#1912 = EDGE_CURVE ( 'NONE', #2238, #5275, #515, .T. ) ;
#1913 = EDGE_LOOP ( 'NONE', ( #3579, #2089, #2680, #4288 ) ) ;
#1914 = VERTEX_POINT ( 'NONE', #4236 ) ;
#1915 = DIRECTION ( 'NONE',  ( -0.000000000000000000, -1.000000000000000000, -0.000000000000000000 ) ) ;
#1916 = ADVANCED_FACE ( 'NONE', ( #1901, #3776 ), #5628, .T. ) ;
#1917 = LINE ( 'NONE', #961, #335 ) ;
#1918 = EDGE_CURVE ( 'NONE', #2465, #4042, #5169, .T. ) ;
#1919 = CARTESIAN_POINT ( 'NONE',  ( -18.50000000000000000, -1.190000000000002833, -0.9600000000000001865 ) ) ;
#1920 = EDGE_CURVE ( 'NONE', #1085, #2639, #5688, .T. ) ;
#1921 = EDGE_LOOP ( 'NONE', ( #3728, #4387, #5078, #318 ) ) ;
#1922 = CARTESIAN_POINT ( 'NONE',  ( -1.949999999999999734, 0.8000000000000000444, -0.9100000000000001421 ) ) ;
#1923 = LINE ( 'NONE', #3251, #2755 ) ;
#1924 = FACE_OUTER_BOUND ( 'NONE', #5757, .T. ) ;
#1925 = EDGE_CURVE ( 'NONE', #3236, #4304, #545, .T. ) ;
#1926 = VECTOR ( 'NONE', #2069, 1.000000000000000000 ) ;
#1927 = CIRCLE ( 'NONE', #5151, 0.1499999999999999112 ) ;
#1928 = ORIENTED_EDGE ( 'NONE', *, *, #552, .T. ) ;
#1929 = ORIENTED_EDGE ( 'NONE', *, *, #5204, .T. ) ;
#1930 = ORIENTED_EDGE ( 'NONE', *, *, #4664, .T. ) ;
#1931 = CARTESIAN_POINT ( 'NONE',  ( -4.534427461039359564, -0.9899999999999994360, -0.7511534819267461360 ) ) ;
#1932 = CARTESIAN_POINT ( 'NONE',  ( -0.3464101615137745172, -0.9899999999999984368, -0.9600000000000001865 ) ) ;
#1933 = AXIS2_PLACEMENT_3D ( 'NONE', #2709, #5953, #4228 ) ;
#1934 = CARTESIAN_POINT ( 'NONE',  ( -13.20000000000000107, 0.6189114148497015799, -4.241944871367028469 ) ) ;
#1935 = ORIENTED_EDGE ( 'NONE', *, *, #1083, .T. ) ;
#1936 = CARTESIAN_POINT ( 'NONE',  ( -19.08868599666426036, 0.8750000000000000000, -1.209999999999999964 ) ) ;
#1937 = PLANE ( 'NONE',  #3195 ) ;
#1938 = DIRECTION ( 'NONE',  ( 1.000000000000000000, -0.000000000000000000, 0.000000000000000000 ) ) ;
#1939 = EDGE_CURVE ( 'NONE', #2440, #5715, #1844, .T. ) ;
#1940 = VERTEX_POINT ( 'NONE', #747 ) ;
#1941 = EDGE_LOOP ( 'NONE', ( #3573, #4742, #397, #3439 ) ) ;
#1942 = CARTESIAN_POINT ( 'NONE',  ( 0.000000000000000000, 0.000000000000000000, -1.160000000000000142 ) ) ;
#1943 = CARTESIAN_POINT ( 'NONE',  ( -16.80000000000000071, -0.9899999999999984368, -4.241944871367028469 ) ) ;
#1944 = CARTESIAN_POINT ( 'NONE',  ( -5.576316527040900972, 1.189999999999998392, -0.6600000000000010303 ) ) ;
#1945 = ADVANCED_FACE ( 'NONE', ( #3881 ), #3054, .F. ) ;
#1946 = VECTOR ( 'NONE', #3228, 1.000000000000000000 ) ;
#1947 = EDGE_LOOP ( 'NONE', ( #3789, #3572, #534, #2397, #1653, #2577, #1441, #2947, #1850, #3495, #4941, #1019 ) ) ;
#1948 = LINE ( 'NONE', #3854, #5638 ) ;
#1949 = DIRECTION ( 'NONE',  ( -1.000000000000000000, -1.193105140912903329E-16, 0.000000000000000000 ) ) ;
#1950 = DIRECTION ( 'NONE',  ( 1.000000000000000000, 0.000000000000000000, 0.000000000000000000 ) ) ;
#1951 = ORIENTED_EDGE ( 'NONE', *, *, #1005, .T. ) ;
#1952 = EDGE_CURVE ( 'NONE', #5023, #2854, #5245, .T. ) ;
#1953 = ORIENTED_EDGE ( 'NONE', *, *, #1595, .T. ) ;
#1954 = CYLINDRICAL_SURFACE ( 'NONE', #5586, 0.07999999999999996003 ) ;
#1955 = CARTESIAN_POINT ( 'NONE',  ( 0.000000000000000000, 0.8750000000000000000, -1.140000000000000124 ) ) ;
#1956 = VECTOR ( 'NONE', #939, 1.000000000000000222 ) ;
#1957 = FACE_OUTER_BOUND ( 'NONE', #5674, .T. ) ;
#1958 = AXIS2_PLACEMENT_3D ( 'NONE', #1049, #2056, #1552 ) ;
#1959 = ORIENTED_EDGE ( 'NONE', *, *, #2614, .F. ) ;
#1960 = VECTOR ( 'NONE', #2669, 1.000000000000000000 ) ;
#1961 = DIRECTION ( 'NONE',  ( 1.000000000000000000, 0.000000000000000000, 0.000000000000000000 ) ) ;
#1962 = VECTOR ( 'NONE', #4115, 1.000000000000000000 ) ;
#1963 = CARTESIAN_POINT ( 'NONE',  ( -1.699999999999999734, -0.7399999999999984368, -0.9599999999999999645 ) ) ;
#1964 = LINE ( 'NONE', #3844, #4126 ) ;
#1965 = VECTOR ( 'NONE', #1728, 1.000000000000000000 ) ;
#1966 = CIRCLE ( 'NONE', #2849, 0.2500000000000000000 ) ;
#1967 = VERTEX_POINT ( 'NONE', #4409 ) ;
#1968 = AXIS2_PLACEMENT_3D ( 'NONE', #5968, #4505, #3623 ) ;
#1969 = ORIENTED_EDGE ( 'NONE', *, *, #3724, .T. ) ;
#1970 = DIRECTION ( 'NONE',  ( 1.000000000000000000, 0.000000000000000000, 0.000000000000000000 ) ) ;
#1971 = VECTOR ( 'NONE', #781, 1.000000000000000000 ) ;
#1972 = DIRECTION ( 'NONE',  ( 0.000000000000000000, 0.000000000000000000, 1.000000000000000000 ) ) ;
#1973 = DIRECTION ( 'NONE',  ( -1.000000000000000000, -0.000000000000000000, -0.000000000000000000 ) ) ;
#1974 = FACE_OUTER_BOUND ( 'NONE', #5860, .T. ) ;
#1975 = ORIENTED_EDGE ( 'NONE', *, *, #5237, .F. ) ;
#1976 = DIRECTION ( 'NONE',  ( 0.000000000000000000, 0.000000000000000000, -1.000000000000000000 ) ) ;
#1977 = EDGE_CURVE ( 'NONE', #1886, #4981, #981, .T. ) ;
#1978 = DIRECTION ( 'NONE',  ( 1.000000000000000000, 0.000000000000000000, 0.000000000000000000 ) ) ;
#1979 = EDGE_CURVE ( 'NONE', #1243, #3704, #4924, .T. ) ;
#1980 = DIRECTION ( 'NONE',  ( 0.000000000000000000, 0.000000000000000000, -1.000000000000000000 ) ) ;
#1981 = ORIENTED_EDGE ( 'NONE', *, *, #890, .T. ) ;
#1982 = ORIENTED_EDGE ( 'NONE', *, *, #4547, .T. ) ;
#1983 = AXIS2_PLACEMENT_3D ( 'NONE', #2155, #1262, #5374 ) ;
#1984 = ORIENTED_EDGE ( 'NONE', *, *, #1257, .T. ) ;
#1985 = LINE ( 'NONE', #4351, #3046 ) ;
#1986 = ADVANCED_FACE ( 'NONE', ( #5774 ), #1533, .F. ) ;
#1987 = LINE ( 'NONE', #4668, #1249 ) ;
#1988 = EDGE_CURVE ( 'NONE', #4238, #4935, #2006, .T. ) ;
#1989 = EDGE_CURVE ( 'NONE', #391, #2522, #3301, .T. ) ;
#1990 = DIRECTION ( 'NONE',  ( 0.000000000000000000, 0.000000000000000000, 1.000000000000000000 ) ) ;
#1991 = ORIENTED_EDGE ( 'NONE', *, *, #1051, .F. ) ;
#1992 = CARTESIAN_POINT ( 'NONE',  ( -1.949999999999999734, -0.2114982215127146903, -0.9600000000000001865 ) ) ;
#1993 = CARTESIAN_POINT ( 'NONE',  ( -5.576316527040901860, -1.089999999999998082, -6.660000000000001030 ) ) ;
#1994 = CARTESIAN_POINT ( 'NONE',  ( 0.5886859966642593589, -0.8750000000000000000, -1.060000000000000053 ) ) ;
#1995 = EDGE_CURVE ( 'NONE', #3376, #4442, #1650, .T. ) ;
#1996 = ORIENTED_EDGE ( 'NONE', *, *, #5556, .T. ) ;
#1997 = ORIENTED_EDGE ( 'NONE', *, *, #5961, .F. ) ;
#1998 = CARTESIAN_POINT ( 'NONE',  ( -18.50000000000000000, 0.8750000000000000000, -1.209999999999999964 ) ) ;
#1999 = FACE_OUTER_BOUND ( 'NONE', #374, .T. ) ;
#2000 = CARTESIAN_POINT ( 'NONE',  ( -14.56974851850929298, 1.089999999999998082, -1.059999999999997389 ) ) ;
#2001 = APPLICATION_PROTOCOL_DEFINITION ( 'draft international standard', 'automotive_design', 1998, #3914 ) ;
#2002 = CARTESIAN_POINT ( 'NONE',  ( -18.50000000000000000, -0.8750000000000000000, -1.140000000000000124 ) ) ;
#2003 = ORIENTED_EDGE ( 'NONE', *, *, #590, .T. ) ;
#2004 = DIRECTION ( 'NONE',  ( -1.000000000000000000, 0.000000000000000000, 1.223127061027714532E-16 ) ) ;
#2005 = FACE_OUTER_BOUND ( 'NONE', #1334, .T. ) ;
#2006 = LINE ( 'NONE', #5742, #4952 ) ;
#2007 = ORIENTED_EDGE ( 'NONE', *, *, #928, .T. ) ;
#2008 = ORIENTED_EDGE ( 'NONE', *, *, #5369, .F. ) ;
#2009 = AXIS2_PLACEMENT_3D ( 'NONE', #1465, #124, #4248 ) ;
#2010 = VERTEX_POINT ( 'NONE', #144 ) ;
#2011 = CARTESIAN_POINT ( 'NONE',  ( -18.50000000000000000, -1.190000000000002833, -0.9600000000000001865 ) ) ;
#2012 = DIRECTION ( 'NONE',  ( 0.000000000000000000, 0.000000000000000000, 1.000000000000000000 ) ) ;
#2013 = ADVANCED_FACE ( 'NONE', ( #1563 ), #2094, .T. ) ;
#2014 = ORIENTED_EDGE ( 'NONE', *, *, #3274, .F. ) ;
#2015 = LINE ( 'NONE', #2823, #3760 ) ;
#2016 = EDGE_CURVE ( 'NONE', #712, #288, #5251, .T. ) ;
#2017 = ORIENTED_EDGE ( 'NONE', *, *, #4656, .F. ) ;
#2018 = ADVANCED_FACE ( 'NONE', ( #270 ), #688, .F. ) ;
#2019 = VECTOR ( 'NONE', #3042, 1.000000000000000000 ) ;
#2020 = DIRECTION ( 'NONE',  ( -1.000000000000000000, 0.000000000000000000, 0.000000000000000000 ) ) ;
#2021 = EDGE_CURVE ( 'NONE', #926, #2773, #4856, .T. ) ;
#2022 = DIRECTION ( 'NONE',  ( -1.000000000000000000, 0.000000000000000000, -0.000000000000000000 ) ) ;
#2023 = DIRECTION ( 'NONE',  ( 1.000000000000000000, -0.000000000000000000, 0.000000000000000000 ) ) ;
#2024 = EDGE_CURVE ( 'NONE', #447, #5254, #1623, .T. ) ;
#2025 = ORIENTED_EDGE ( 'NONE', *, *, #5457, .F. ) ;
#2026 = ORIENTED_EDGE ( 'NONE', *, *, #5863, .F. ) ;
#2027 = CYLINDRICAL_SURFACE ( 'NONE', #1576, 0.1000000000000000888 ) ;
#2028 = CARTESIAN_POINT ( 'NONE',  ( -7.062500000000000000, -0.7400000000000002132, -1.135000000000000231 ) ) ;
#2029 = DIRECTION ( 'NONE',  ( 0.000000000000000000, 0.000000000000000000, 1.000000000000000000 ) ) ;
#2030 = AXIS2_PLACEMENT_3D ( 'NONE', #4294, #5721, #158 ) ;
#2031 = CARTESIAN_POINT ( 'NONE',  ( -3.930251481490694587, -1.089999999999998082, -1.009999999999999121 ) ) ;
#2032 = VERTEX_POINT ( 'NONE', #5339 ) ;
#2033 = ORIENTED_EDGE ( 'NONE', *, *, #4176, .T. ) ;
#2034 = AXIS2_PLACEMENT_3D ( 'NONE', #715, #3480, #3604 ) ;
#2035 = FACE_OUTER_BOUND ( 'NONE', #4567, .T. ) ;
#2036 = FACE_OUTER_BOUND ( 'NONE', #2386, .T. ) ;
#2037 = DIRECTION ( 'NONE',  ( -0.9632452974707710336, -0.2686233364777639299, 0.000000000000000000 ) ) ;
#2038 = VECTOR ( 'NONE', #4680, 1.000000000000000000 ) ;
#2039 = VERTEX_POINT ( 'NONE', #5311 ) ;
#2040 = ORIENTED_EDGE ( 'NONE', *, *, #5576, .F. ) ;
#2041 = FACE_OUTER_BOUND ( 'NONE', #5540, .T. ) ;
#2042 = FACE_OUTER_BOUND ( 'NONE', #2633, .T. ) ;
#2043 = VERTEX_POINT ( 'NONE', #3977 ) ;
#2044 = CARTESIAN_POINT ( 'NONE',  ( -5.576316527040901860, 1.189999999999998392, -6.660000000000001030 ) ) ;
#2045 = VERTEX_POINT ( 'NONE', #5833 ) ;
#2046 = LINE ( 'NONE', #609, #733 ) ;
#2047 = DIRECTION ( 'NONE',  ( 1.000000000000000000, 0.000000000000000000, 0.000000000000000000 ) ) ;
#2048 = ADVANCED_FACE ( 'NONE', ( #5368 ), #656, .F. ) ;
#2049 = DIRECTION ( 'NONE',  ( -0.000000000000000000, 0.000000000000000000, 1.000000000000000000 ) ) ;
#2050 = VECTOR ( 'NONE', #3871, 1.000000000000000222 ) ;
#2051 = VECTOR ( 'NONE', #1258, 1.000000000000000000 ) ;
#2052 = VERTEX_POINT ( 'NONE', #2526 ) ;
#2053 = VECTOR ( 'NONE', #671, 1.000000000000000000 ) ;
#2054 = ORIENTED_EDGE ( 'NONE', *, *, #4725, .T. ) ;
#2055 = EDGE_CURVE ( 'NONE', #3045, #313, #3754, .T. ) ;
#2056 = DIRECTION ( 'NONE',  ( -0.000000000000000000, 0.000000000000000000, 1.000000000000000000 ) ) ;
#2057 = LINE ( 'NONE', #1943, #721 ) ;
#2058 = VECTOR ( 'NONE', #4247, 1.000000000000000000 ) ;
#2059 = DIRECTION ( 'NONE',  ( 0.000000000000000000, 0.000000000000000000, 1.000000000000000000 ) ) ;
#2060 = VECTOR ( 'NONE', #4882, 1.000000000000000000 ) ;
#2061 = LINE ( 'NONE', #3943, #3533 ) ;
#2062 = DIRECTION ( 'NONE',  ( 0.000000000000000000, -0.000000000000000000, -1.000000000000000000 ) ) ;
#2063 = ORIENTED_EDGE ( 'NONE', *, *, #5432, .F. ) ;
#2064 = VECTOR ( 'NONE', #2477, 1.000000000000000000 ) ;
#2065 = ORIENTED_EDGE ( 'NONE', *, *, #3826, .F. ) ;
#2066 = CARTESIAN_POINT ( 'NONE',  ( -16.55000000000000071, -0.2000000000000000111, -0.8250000000000000666 ) ) ;
#2067 = CARTESIAN_POINT ( 'NONE',  ( -13.35840271350518726, -0.9899999999999994360, -1.135000000000000231 ) ) ;
#2068 = CARTESIAN_POINT ( 'NONE',  ( -15.67493198115551856, 1.189999999999998392, 5.040000000000000036 ) ) ;
#2069 = DIRECTION ( 'NONE',  ( 0.000000000000000000, -0.000000000000000000, 1.000000000000000000 ) ) ;
#2070 = ADVANCED_FACE ( 'NONE', ( #1601 ), #3024, .T. ) ;
#2071 = VERTEX_POINT ( 'NONE', #4412 ) ;
#2072 = ORIENTED_EDGE ( 'NONE', *, *, #366, .T. ) ;
#2073 = AXIS2_PLACEMENT_3D ( 'NONE', #5441, #1335, #815 ) ;
#2074 = DIRECTION ( 'NONE',  ( -1.426102104458186769E-16, 1.000000000000000000, 0.000000000000000000 ) ) ;
#2075 = CARTESIAN_POINT ( 'NONE',  ( -16.15000000000000213, -0.7400000000000022116, -0.9600000000000001865 ) ) ;
#2076 = VECTOR ( 'NONE', #2638, 1.000000000000000000 ) ;
#2077 = ORIENTED_EDGE ( 'NONE', *, *, #854, .F. ) ;
#2078 = VERTEX_POINT ( 'NONE', #67 ) ;
#2079 = CARTESIAN_POINT ( 'NONE',  ( -4.551792278806057190, -1.189999999999998392, -0.8496342572279651506 ) ) ;
#2080 = ADVANCED_FACE ( 'NONE', ( #244 ), #5717, .F. ) ;
#2081 = ORIENTED_EDGE ( 'NONE', *, *, #2603, .F. ) ;
#2082 = VERTEX_POINT ( 'NONE', #2561 ) ;
#2083 = CARTESIAN_POINT ( 'NONE',  ( 0.000000000000000000, 0.000000000000000000, -1.135000000000000231 ) ) ;
#2084 = DIRECTION ( 'NONE',  ( -0.000000000000000000, 0.000000000000000000, 1.000000000000000000 ) ) ;
#2085 = DIRECTION ( 'NONE',  ( -1.000000000000000000, -0.000000000000000000, -0.000000000000000000 ) ) ;
#2086 = LINE ( 'NONE', #4517, #2076 ) ;
#2087 = ORIENTED_EDGE ( 'NONE', *, *, #1046, .F. ) ;
#2088 = EDGE_CURVE ( 'NONE', #2830, #4114, #5009, .T. ) ;
#2089 = ORIENTED_EDGE ( 'NONE', *, *, #1579, .T. ) ;
#2090 = EDGE_CURVE ( 'NONE', #5733, #5925, #1299, .T. ) ;
#2091 = CARTESIAN_POINT ( 'NONE',  ( -19.08868599666426036, 0.8750000000000000000, -1.060000000000000053 ) ) ;
#2092 = DIRECTION ( 'NONE',  ( 1.000000000000000000, 0.000000000000000000, 0.000000000000000000 ) ) ;
#2093 = CARTESIAN_POINT ( 'NONE',  ( -14.57843092739264002, -1.189999999999998170, -0.9607596123493866713 ) ) ;
#2094 = PLANE ( 'NONE',  #1358 ) ;
#2095 = VERTEX_POINT ( 'NONE', #2681 ) ;
#2096 = ORIENTED_EDGE ( 'NONE', *, *, #4129, .T. ) ;
#2097 = EDGE_CURVE ( 'NONE', #614, #289, #3049, .T. ) ;
#2098 = FACE_OUTER_BOUND ( 'NONE', #5467, .T. ) ;
#2099 = LINE ( 'NONE', #2011, #3146 ) ;
#2100 = ADVANCED_FACE ( 'NONE', ( #879 ), #5508, .F. ) ;
#2101 = DIRECTION ( 'NONE',  ( 0.000000000000000000, -1.000000000000000000, 0.000000000000000000 ) ) ;
#2102 = VECTOR ( 'NONE', #1440, 1.000000000000000000 ) ;
#2103 = VERTEX_POINT ( 'NONE', #362 ) ;
#2104 = FACE_OUTER_BOUND ( 'NONE', #1705, .T. ) ;
#2105 = ORIENTED_EDGE ( 'NONE', *, *, #70, .F. ) ;
#2106 = CYLINDRICAL_SURFACE ( 'NONE', #5145, 0.1499999999999999112 ) ;
#2107 = AXIS2_PLACEMENT_3D ( 'NONE', #1007, #1487, #2850 ) ;
#2108 = CARTESIAN_POINT ( 'NONE',  ( -18.50000000000000000, 1.189999999999998392, -0.9600000000000001865 ) ) ;
#2109 = VECTOR ( 'NONE', #383, 1.000000000000000222 ) ;
#2110 = VERTEX_POINT ( 'NONE', #4530 ) ;
#2111 = VERTEX_POINT ( 'NONE', #2186 ) ;
#2112 = DIRECTION ( 'NONE',  ( -0.000000000000000000, 0.000000000000000000, -1.000000000000000000 ) ) ;
#2113 = PLANE ( 'NONE',  #5867 ) ;
#2114 = CARTESIAN_POINT ( 'NONE',  ( -2.998914146599318944E-15, -0.9899999999999984368, -0.9600000000000020739 ) ) ;
#2115 = ORIENTED_EDGE ( 'NONE', *, *, #410, .F. ) ;
#2116 = CIRCLE ( 'NONE', #5555, 0.1000000000000014211 ) ;
#2117 = VERTEX_POINT ( 'NONE', #2715 ) ;
#2118 = VERTEX_POINT ( 'NONE', #5436 ) ;
#2119 = DIRECTION ( 'NONE',  ( 0.000000000000000000, 0.000000000000000000, 1.000000000000000000 ) ) ;
#2120 = DIRECTION ( 'NONE',  ( 0.9848077530122089085, 0.000000000000000000, -0.1736481776669254740 ) ) ;
#2121 = AXIS2_PLACEMENT_3D ( 'NONE', #1906, #2419, #2908 ) ;
#2122 = DIRECTION ( 'NONE',  ( -1.432545838226008399E-17, -1.000000000000000000, 0.000000000000000000 ) ) ;
#2123 = CARTESIAN_POINT ( 'NONE',  ( -5.699999999999999289, 0.7399999999999984368, -1.135000000000000231 ) ) ;
#2124 = EDGE_CURVE ( 'NONE', #4406, #2071, #3851, .T. ) ;
#2125 = ORIENTED_EDGE ( 'NONE', *, *, #341, .T. ) ;
#2126 = ORIENTED_EDGE ( 'NONE', *, *, #2882, .F. ) ;
#2127 = DIRECTION ( 'NONE',  ( -1.000000000000000000, 0.000000000000000000, 1.189916929857710326E-16 ) ) ;
#2128 = CARTESIAN_POINT ( 'NONE',  ( -2.349999999999999645, 0.7399999999999984368, -0.9600000000000001865 ) ) ;
#2129 = AXIS2_PLACEMENT_3D ( 'NONE', #393, #1816, #5996 ) ;
#2130 = ADVANCED_FACE ( 'NONE', ( #2098 ), #2222, .F. ) ;
#2131 = ORIENTED_EDGE ( 'NONE', *, *, #4054, .F. ) ;
#2132 = CARTESIAN_POINT ( 'NONE',  ( -2.349999999999999645, 0.8999999999999999112, -0.9100000000000001421 ) ) ;
#2133 = DIRECTION ( 'NONE',  ( -1.000000000000000000, 0.000000000000000000, 0.000000000000000000 ) ) ;
#2134 = DIRECTION ( 'NONE',  ( 0.000000000000000000, 0.000000000000000000, -1.000000000000000000 ) ) ;
#2135 = ORIENTED_EDGE ( 'NONE', *, *, #3830, .T. ) ;
#2136 = ORIENTED_EDGE ( 'NONE', *, *, #1912, .T. ) ;
#2137 = LINE ( 'NONE', #1219, #3637 ) ;
#2138 = CARTESIAN_POINT ( 'NONE',  ( -14.61974851850929369, 1.189999999999998170, -1.009999999999997122 ) ) ;
#2139 = CIRCLE ( 'NONE', #3631, 0.2500000000000000000 ) ;
#2140 = DIRECTION ( 'NONE',  ( -0.2686233364777638188, -0.9632452974707711446, 0.000000000000000000 ) ) ;
#2141 = ORIENTED_EDGE ( 'NONE', *, *, #4494, .T. ) ;
#2142 = VERTEX_POINT ( 'NONE', #3613 ) ;
#2143 = VECTOR ( 'NONE', #770, 1.000000000000000000 ) ;
#2144 = CARTESIAN_POINT ( 'NONE',  ( -7.062500000000000000, 0.9899999999999984368, -4.241944871367028469 ) ) ;
#2145 = CARTESIAN_POINT ( 'NONE',  ( -1.949999999999999734, 0.8000000000000000444, -0.9100000000000001421 ) ) ;
#2146 = AXIS2_PLACEMENT_3D ( 'NONE', #589, #3414, #2918 ) ;
#2147 = FACE_OUTER_BOUND ( 'NONE', #4746, .T. ) ;
#2148 = PLANE ( 'NONE',  #5477 ) ;
#2149 = AXIS2_PLACEMENT_3D ( 'NONE', #5594, #4652, #4225 ) ;
#2150 = LINE ( 'NONE', #5430, #4100 ) ;
#2151 = CIRCLE ( 'NONE', #2365, 0.1499999999999999112 ) ;
#2152 = VERTEX_POINT ( 'NONE', #4109 ) ;
#2153 = VERTEX_POINT ( 'NONE', #5926 ) ;
#2154 = EDGE_CURVE ( 'NONE', #3779, #5356, #844, .T. ) ;
#2155 = CARTESIAN_POINT ( 'NONE',  ( -19.08868599666426036, -0.8750000000000000000, -1.060000000000000053 ) ) ;
#2156 = DIRECTION ( 'NONE',  ( 0.000000000000000000, -0.9901138386947149206, -0.1402661271484180461 ) ) ;
#2157 = AXIS2_PLACEMENT_3D ( 'NONE', #1202, #173, #1123 ) ;
#2158 = EDGE_LOOP ( 'NONE', ( #2199, #4930, #5533, #2475, #2387, #2307 ) ) ;
#2159 = EDGE_CURVE ( 'NONE', #3990, #3100, #3087, .T. ) ;
#2160 = CARTESIAN_POINT ( 'NONE',  ( -10.88749999999999929, 0.7399999999999984368, -1.135000000000000231 ) ) ;
#2161 = VERTEX_POINT ( 'NONE', #3058 ) ;
#2162 = VECTOR ( 'NONE', #2482, 1.000000000000000000 ) ;
#2163 = ADVANCED_FACE ( 'NONE', ( #2651 ), #2587, .F. ) ;
#2164 = EDGE_CURVE ( 'NONE', #4592, #3656, #303, .T. ) ;
#2165 = DIRECTION ( 'NONE',  ( 0.000000000000000000, -0.000000000000000000, -1.000000000000000000 ) ) ;
#2166 = EDGE_CURVE ( 'NONE', #2095, #1795, #4011, .T. ) ;
#2167 = DIRECTION ( 'NONE',  ( 0.000000000000000000, -0.000000000000000000, -1.000000000000000000 ) ) ;
#2168 = DIRECTION ( 'NONE',  ( -1.432545838226008399E-17, 1.000000000000000000, -0.000000000000000000 ) ) ;
#2169 = VECTOR ( 'NONE', #3505, 1.000000000000000000 ) ;
#2170 = ORIENTED_EDGE ( 'NONE', *, *, #3660, .T. ) ;
#2171 = CYLINDRICAL_SURFACE ( 'NONE', #4233, 0.2500000000000000000 ) ;
#2172 = ORIENTED_EDGE ( 'NONE', *, *, #3569, .T. ) ;
#2173 = CARTESIAN_POINT ( 'NONE',  ( -5.576316527040900972, -1.190000000000002833, -0.6600000000000010303 ) ) ;
#2174 = DIRECTION ( 'NONE',  ( 1.000000000000000000, 0.000000000000000000, 0.000000000000000000 ) ) ;
#2175 = EDGE_CURVE ( 'NONE', #944, #2010, #1783, .T. ) ;
#2176 = DIRECTION ( 'NONE',  ( -1.000000000000000000, -0.000000000000000000, -0.000000000000000000 ) ) ;
#2177 = ORIENTED_EDGE ( 'NONE', *, *, #3450, .T. ) ;
#2178 = EDGE_LOOP ( 'NONE', ( #1537, #4319, #1699, #1166 ) ) ;
#2179 = DIRECTION ( 'NONE',  ( -0.000000000000000000, 0.000000000000000000, 1.000000000000000000 ) ) ;
#2180 = LINE ( 'NONE', #1708, #3016 ) ;
#2181 = CARTESIAN_POINT ( 'NONE',  ( -18.50000000000000000, 1.189999999999998392, -0.9600000000000001865 ) ) ;
#2182 = CARTESIAN_POINT ( 'NONE',  ( 0.5886859966642593589, -0.8750000000000000000, -0.9100000000000001421 ) ) ;
#2183 = PLANE ( 'NONE',  #4959 ) ;
#2184 = VERTEX_POINT ( 'NONE', #1330 ) ;
#2185 = ORIENTED_EDGE ( 'NONE', *, *, #366, .F. ) ;
#2186 = CARTESIAN_POINT ( 'NONE',  ( -2.599999999999999645, 0.9899999999999984368, -0.9600000000000001865 ) ) ;
#2187 = DIRECTION ( 'NONE',  ( 0.000000000000000000, -0.000000000000000000, -1.000000000000000000 ) ) ;
#2188 = ORIENTED_EDGE ( 'NONE', *, *, #2766, .T. ) ;
#2189 = CARTESIAN_POINT ( 'NONE',  ( -12.92368347295909992, -1.089999999999998082, -0.7600000000000006750 ) ) ;
#2190 = VERTEX_POINT ( 'NONE', #4950 ) ;
#2191 = DIRECTION ( 'NONE',  ( -0.000000000000000000, 0.000000000000000000, 1.000000000000000000 ) ) ;
#2192 = DIRECTION ( 'NONE',  ( -1.426102104458186769E-16, -1.000000000000000000, 0.000000000000000000 ) ) ;
#2193 = CARTESIAN_POINT ( 'NONE',  ( -0.4464101615137743839, 0.3114982215127147791, -4.241944871367028469 ) ) ;
#2194 = DIRECTION ( 'NONE',  ( 0.000000000000000000, 0.000000000000000000, 1.000000000000000000 ) ) ;
#2195 = VECTOR ( 'NONE', #5153, 1.000000000000000000 ) ;
#2196 = EDGE_CURVE ( 'NONE', #602, #4200, #3182, .T. ) ;
#2197 = MECHANICAL_DESIGN_GEOMETRIC_PRESENTATION_REPRESENTATION (  '', ( #5431 ), #2405 ) ;
#2198 = EDGE_CURVE ( 'NONE', #5031, #2118, #2619, .T. ) ;
#2199 = ORIENTED_EDGE ( 'NONE', *, *, #211, .F. ) ;
#2200 = DIRECTION ( 'NONE',  ( 0.000000000000000000, 1.000000000000000000, 0.000000000000000000 ) ) ;
#2201 = EDGE_CURVE ( 'NONE', #1224, #2184, #4979, .T. ) ;
#2202 = ORIENTED_EDGE ( 'NONE', *, *, #2443, .T. ) ;
#2203 = CIRCLE ( 'NONE', #2318, 0.2500000000000000000 ) ;
#2204 = CARTESIAN_POINT ( 'NONE',  ( -15.41932881082469287, 0.000000000000000000, -1.135000000000000231 ) ) ;
#2205 = DIRECTION ( 'NONE',  ( -0.000000000000000000, 1.000000000000000000, -0.000000000000000000 ) ) ;
#2206 = VECTOR ( 'NONE', #5249, 1.000000000000000000 ) ;
#2207 = EDGE_CURVE ( 'NONE', #5052, #425, #1752, .T. ) ;
#2208 = CARTESIAN_POINT ( 'NONE',  ( 0.000000000000000000, 0.000000000000000000, -1.135000000000000231 ) ) ;
#2209 = DIRECTION ( 'NONE',  ( -1.000000000000000000, -2.400482215405744004E-16, 1.223127061027714285E-16 ) ) ;
#2210 = ORIENTED_EDGE ( 'NONE', *, *, #2993, .T. ) ;
#2211 = VERTEX_POINT ( 'NONE', #428 ) ;
#2212 = FILL_AREA_STYLE ('',( #381 ) ) ;
#2213 = CARTESIAN_POINT ( 'NONE',  ( -16.55000000000000071, 0.7399999999999984368, -1.135000000000000231 ) ) ;
#2214 = DIRECTION ( 'NONE',  ( 1.000000000000000000, 0.000000000000000000, 0.000000000000000000 ) ) ;
#2215 = AXIS2_PLACEMENT_3D ( 'NONE', #3018, #2610, #4438 ) ;
#2216 = DIRECTION ( 'NONE',  ( 0.000000000000000000, -1.000000000000000000, 0.000000000000000000 ) ) ;
#2217 = CARTESIAN_POINT ( 'NONE',  ( -5.576316527040902749, 1.189999999999998392, -0.7600000000000010081 ) ) ;
#2218 = CARTESIAN_POINT ( 'NONE',  ( -0.3464101615137744616, 0.3114982215127147791, -0.9599999999999999645 ) ) ;
#2219 = ORIENTED_EDGE ( 'NONE', *, *, #3192, .T. ) ;
#2220 = EDGE_LOOP ( 'NONE', ( #3715, #1076, #5524, #5036 ) ) ;
#2221 = ORIENTED_EDGE ( 'NONE', *, *, #1811, .T. ) ;
#2222 = CYLINDRICAL_SURFACE ( 'NONE', #3047, 0.09999999999999964473 ) ;
#2223 = LINE ( 'NONE', #4110, #1971 ) ;
#2224 = VECTOR ( 'NONE', #1755, 1.000000000000000000 ) ;
#2225 = CARTESIAN_POINT ( 'NONE',  ( -19.12000000000000099, 0.000000000000000000, -1.060000000000000053 ) ) ;
#2226 = VECTOR ( 'NONE', #1152, 1.000000000000000000 ) ;
#2227 = ORIENTED_EDGE ( 'NONE', *, *, #2815, .T. ) ;
#2228 = DIRECTION ( 'NONE',  ( -0.000000000000000000, 1.000000000000000000, -0.000000000000000000 ) ) ;
#2229 = EDGE_LOOP ( 'NONE', ( #4678, #5663, #3181, #5458, #4476, #5660, #5363, #517, #1892, #791, #4108, #5415, #3650, #3390, #3787, #5313 ) ) ;
#2230 = AXIS2_PLACEMENT_3D ( 'NONE', #3051, #835, #5399 ) ;
#2231 = DIRECTION ( 'NONE',  ( 0.000000000000000000, -0.9901138386947149206, 0.1402661271484180461 ) ) ;
#2232 = CARTESIAN_POINT ( 'NONE',  ( -7.862499999999999822, -0.7400000000000002132, -0.9599999999999999645 ) ) ;
#2233 = CARTESIAN_POINT ( 'NONE',  ( -5.399999999999998579, 0.7506144545436229665, -4.241944871367028469 ) ) ;
#2234 = DIRECTION ( 'NONE',  ( 1.000000000000000000, 0.000000000000000000, -1.662153715850725026E-16 ) ) ;
#2235 = VECTOR ( 'NONE', #704, 1.000000000000000000 ) ;
#2236 = ORIENTED_EDGE ( 'NONE', *, *, #3660, .F. ) ;
#2237 = DIRECTION ( 'NONE',  ( -1.432545838226008399E-17, -1.000000000000000000, 0.000000000000000000 ) ) ;
#2238 = VERTEX_POINT ( 'NONE', #3684 ) ;
#2239 = CARTESIAN_POINT ( 'NONE',  ( -18.15358983848622643, 0.7399999999999984368, -0.9599999999999999645 ) ) ;
#2240 = EDGE_CURVE ( 'NONE', #944, #3376, #1382, .T. ) ;
#2241 = CARTESIAN_POINT ( 'NONE',  ( -16.55000000000000071, -1.189999999999998392, -0.9600000000000001865 ) ) ;
#2242 = EDGE_CURVE ( 'NONE', #2727, #35, #5171, .T. ) ;
#2243 = DIRECTION ( 'NONE',  ( -0.000000000000000000, -0.000000000000000000, -1.000000000000000000 ) ) ;
#2244 = ORIENTED_EDGE ( 'NONE', *, *, #4320, .T. ) ;
#2245 = ORIENTED_EDGE ( 'NONE', *, *, #631, .F. ) ;
#2246 = FACE_OUTER_BOUND ( 'NONE', #4631, .T. ) ;
#2247 = FACE_OUTER_BOUND ( 'NONE', #5668, .T. ) ;
#2248 = EDGE_CURVE ( 'NONE', #4820, #2118, #3509, .T. ) ;
#2249 = DIRECTION ( 'NONE',  ( 1.000000000000000000, 0.000000000000000000, -0.000000000000000000 ) ) ;
#2250 = EDGE_CURVE ( 'NONE', #183, #5786, #2609, .T. ) ;
#2251 = CARTESIAN_POINT ( 'NONE',  ( -14.61974851850929369, 9.753686360283015944, -1.009999999999997122 ) ) ;
#2252 = CARTESIAN_POINT ( 'NONE',  ( -2.476862333647776193, 0.2468767314595588513, -0.9600000000000001865 ) ) ;
#2253 = LINE ( 'NONE', #4103, #3892 ) ;
#2254 = ORIENTED_EDGE ( 'NONE', *, *, #4831, .T. ) ;
#2255 = VECTOR ( 'NONE', #3603, 1.000000000000000000 ) ;
#2256 = VECTOR ( 'NONE', #1867, 1.000000000000000000 ) ;
#2257 = ORIENTED_EDGE ( 'NONE', *, *, #2542, .T. ) ;
#2258 = ORIENTED_EDGE ( 'NONE', *, *, #1995, .F. ) ;
#2259 = AXIS2_PLACEMENT_3D ( 'NONE', #4641, #4667, #1791 ) ;
#2260 = CARTESIAN_POINT ( 'NONE',  ( -3.866957084846029069, 1.189999999999998392, -0.8688465180732547477 ) ) ;
#2261 = CARTESIAN_POINT ( 'NONE',  ( 0.6199999999999999956, -0.8750000000000000000, -1.060000000000000053 ) ) ;
#2262 = DIRECTION ( 'NONE',  ( -0.9632452974707711446, -0.2686233364777638188, 0.000000000000000000 ) ) ;
#2263 = VECTOR ( 'NONE', #3783, 1.000000000000000000 ) ;
#2264 = CARTESIAN_POINT ( 'NONE',  ( -5.141597286494812735, 0.9899999999999985478, -0.9600000000000001865 ) ) ;
#2265 = VECTOR ( 'NONE', #5187, 1.000000000000000000 ) ;
#2266 = EDGE_CURVE ( 'NONE', #891, #2110, #5259, .T. ) ;
#2267 = ORIENTED_EDGE ( 'NONE', *, *, #4794, .F. ) ;
#2268 = CYLINDRICAL_SURFACE ( 'NONE', #4244, 0.09999999999999964473 ) ;
#2269 = ORIENTED_EDGE ( 'NONE', *, *, #4422, .T. ) ;
#2270 = CIRCLE ( 'NONE', #2945, 6.000000000000000000 ) ;
#2271 = VECTOR ( 'NONE', #5405, 1.000000000000000000 ) ;
#2272 = FACE_OUTER_BOUND ( 'NONE', #3166, .T. ) ;
#2273 = CARTESIAN_POINT ( 'NONE',  ( -5.399999999999998579, 0.7506144545436229665, -4.241944871367028469 ) ) ;
#2274 = DIRECTION ( 'NONE',  ( 1.000000000000000000, 0.000000000000000000, 0.000000000000000000 ) ) ;
#2275 = CARTESIAN_POINT ( 'NONE',  ( -2.825068018844486328, -0.9899999999999992140, -0.9599999999999981881 ) ) ;
#2276 = EDGE_LOOP ( 'NONE', ( #2026, #4677, #4759, #5079 ) ) ;
#2277 = EDGE_LOOP ( 'NONE', ( #3265, #2054, #2767, #3945, #4911, #5924, #3308, #1121 ) ) ;
#2278 = DIRECTION ( 'NONE',  ( 0.000000000000000000, 0.000000000000000000, 1.000000000000000000 ) ) ;
#2279 = CARTESIAN_POINT ( 'NONE',  ( -5.399999999999998579, 0.7506144545436229665, -0.9600000000000001865 ) ) ;
#2280 = ADVANCED_FACE ( 'NONE', ( #4889 ), #4004, .F. ) ;
#2281 = CIRCLE ( 'NONE', #829, 0.2500000000000000000 ) ;
#2282 = ORIENTED_EDGE ( 'NONE', *, *, #1031, .T. ) ;
#2283 = ORIENTED_EDGE ( 'NONE', *, *, #4918, .T. ) ;
#2284 = CARTESIAN_POINT ( 'NONE',  ( -9.525000000000000355, 0.7399999999999984368, -1.135000000000000231 ) ) ;
#2285 = CARTESIAN_POINT ( 'NONE',  ( -18.50000000000000000, 0.8750000000000000000, -1.060000000000000053 ) ) ;
#2286 = FACE_BOUND ( 'NONE', #1581, .T. ) ;
#2287 = LINE ( 'NONE', #5563, #1778 ) ;
#2288 = FACE_OUTER_BOUND ( 'NONE', #881, .T. ) ;
#2289 = ADVANCED_FACE ( 'NONE', ( #4521 ), #1197, .T. ) ;
#2290 = FACE_OUTER_BOUND ( 'NONE', #2529, .T. ) ;
#2291 = EDGE_CURVE ( 'NONE', #301, #1914, #411, .T. ) ;
#2292 = ORIENTED_EDGE ( 'NONE', *, *, #2097, .T. ) ;
#2293 = ORIENTED_EDGE ( 'NONE', *, *, #2917, .F. ) ;
#2294 = EDGE_CURVE ( 'NONE', #4112, #1402, #2180, .T. ) ;
#2295 = CARTESIAN_POINT ( 'NONE',  ( -5.949999999999999289, 0.9899999999999984368, -1.135000000000000231 ) ) ;
#2296 = CARTESIAN_POINT ( 'NONE',  ( -15.90000000000000213, -0.7400000000000022116, -1.135000000000000231 ) ) ;
#2297 = EDGE_LOOP ( 'NONE', ( #185, #3136 ) ) ;
#2298 = EDGE_CURVE ( 'NONE', #1342, #2111, #4437, .T. ) ;
#2299 = DIRECTION ( 'NONE',  ( 0.000000000000000000, 0.000000000000000000, 1.000000000000000000 ) ) ;
#2300 = VERTEX_POINT ( 'NONE', #1678 ) ;
#2301 = ADVANCED_FACE ( 'NONE', ( #5365 ), #235, .F. ) ;
#2302 = FACE_OUTER_BOUND ( 'NONE', #3085, .T. ) ;
#2303 = DIRECTION ( 'NONE',  ( 0.000000000000000000, 1.000000000000000000, 0.000000000000000000 ) ) ;
#2304 = DIRECTION ( 'NONE',  ( -0.000000000000000000, 0.000000000000000000, 1.000000000000000000 ) ) ;
#2305 = DIRECTION ( 'NONE',  ( -0.000000000000000000, -0.000000000000000000, -1.000000000000000000 ) ) ;
#2306 = ORIENTED_EDGE ( 'NONE', *, *, #5061, .T. ) ;
#2307 = ORIENTED_EDGE ( 'NONE', *, *, #4808, .T. ) ;
#2308 = DIRECTION ( 'NONE',  ( 1.000000000000000000, -0.000000000000000000, 0.000000000000000000 ) ) ;
#2309 = CARTESIAN_POINT ( 'NONE',  ( -7.862500000000000711, 0.7399999999999984368, -1.135000000000000231 ) ) ;
#2310 = LINE ( 'NONE', #1468, #4733 ) ;
#2311 = VERTEX_POINT ( 'NONE', #2066 ) ;
#2312 = VERTEX_POINT ( 'NONE', #3547 ) ;
#2313 = CARTESIAN_POINT ( 'NONE',  ( -3.866957084846029513, 0.9899999999999984368, -0.8688465180732546367 ) ) ;
#2314 = DIRECTION ( 'NONE',  ( 1.000000000000000000, -0.000000000000000000, 0.000000000000000000 ) ) ;
#2315 = DIRECTION ( 'NONE',  ( 1.432545838226008399E-17, 1.000000000000000000, -0.000000000000000000 ) ) ;
#2316 = LINE ( 'NONE', #4709, #4795 ) ;
#2317 = CARTESIAN_POINT ( 'NONE',  ( -5.576316527040902749, 9.753686360283015944, -0.7600000000000010081 ) ) ;
#2318 = AXIS2_PLACEMENT_3D ( 'NONE', #4724, #3836, #2389 ) ;
#2319 = ORIENTED_EDGE ( 'NONE', *, *, #3757, .T. ) ;
#2320 = CIRCLE ( 'NONE', #3793, 0.1000000000000000888 ) ;
#2321 = EDGE_CURVE ( 'NONE', #2458, #5745, #1472, .T. ) ;
#2322 = CARTESIAN_POINT ( 'NONE',  ( -13.61420173049477356, -0.9899999999999994360, -1.135000000000000231 ) ) ;
#2323 = DIRECTION ( 'NONE',  ( 1.000000000000000000, 0.000000000000000000, 0.000000000000000000 ) ) ;
#2324 = EDGE_CURVE ( 'NONE', #163, #5710, #3574, .T. ) ;
#2325 = LINE ( 'NONE', #1432, #3935 ) ;
#2326 = EDGE_LOOP ( 'NONE', ( #312, #5232, #1194, #843 ) ) ;
#2327 = DIRECTION ( 'NONE',  ( -1.000000000000000000, 0.000000000000000000, 0.000000000000000000 ) ) ;
#2328 = EDGE_LOOP ( 'NONE', ( #3782, #3909, #5815, #5992 ) ) ;
#2329 = PLANE ( 'NONE',  #239 ) ;
#2330 = AXIS2_PLACEMENT_3D ( 'NONE', #184, #121, #1990 ) ;
#2331 = DIRECTION ( 'NONE',  ( 1.000000000000000000, 0.000000000000000000, 0.000000000000000000 ) ) ;
#2332 = EDGE_CURVE ( 'NONE', #4251, #1243, #320, .T. ) ;
#2333 = DIRECTION ( 'NONE',  ( 1.000000000000000000, 0.000000000000000000, 0.000000000000000000 ) ) ;
#2334 = VERTEX_POINT ( 'NONE', #4036 ) ;
#2335 = ORIENTED_EDGE ( 'NONE', *, *, #5457, .T. ) ;
#2336 = LINE ( 'NONE', #2239, #3345 ) ;
#2337 = FACE_OUTER_BOUND ( 'NONE', #1578, .T. ) ;
#2338 = CIRCLE ( 'NONE', #2230, 0.09999999999999964473 ) ;
#2339 = CARTESIAN_POINT ( 'NONE',  ( -18.50000000000000000, 1.189999999999998392, -0.9600000000000001865 ) ) ;
#2340 = ORIENTED_EDGE ( 'NONE', *, *, #1659, .T. ) ;
#2341 = ORIENTED_EDGE ( 'NONE', *, *, #3274, .T. ) ;
#2342 = LINE ( 'NONE', #4706, #2538 ) ;
#2343 = CARTESIAN_POINT ( 'NONE',  ( -14.56974851850929298, 9.753686360283015944, -1.059999999999997389 ) ) ;
#2344 = LINE ( 'NONE', #4253, #1409 ) ;
#2345 = LINE ( 'NONE', #962, #3242 ) ;
#2346 = DIRECTION ( 'NONE',  ( -0.000000000000000000, 0.000000000000000000, 1.000000000000000000 ) ) ;
#2347 = EDGE_LOOP ( 'NONE', ( #3673, #3314, #233, #2185 ) ) ;
#2348 = CARTESIAN_POINT ( 'NONE',  ( -16.55000000000000071, -0.3114982215127146681, -1.135000000000000231 ) ) ;
#2349 = CARTESIAN_POINT ( 'NONE',  ( -2.350000000000001421, -0.9899999999999991029, -1.135000000000000231 ) ) ;
#2350 = CARTESIAN_POINT ( 'NONE',  ( -1.949999999999999734, -0.2000000000000000111, -0.8250000000000000666 ) ) ;
#2351 = EDGE_CURVE ( 'NONE', #35, #1744, #266, .T. ) ;
#2352 = VECTOR ( 'NONE', #2579, 1.000000000000000000 ) ;
#2353 = AXIS2_PLACEMENT_3D ( 'NONE', #1508, #1087, #142 ) ;
#2354 = ORIENTED_EDGE ( 'NONE', *, *, #3264, .F. ) ;
#2355 = CIRCLE ( 'NONE', #1401, 0.1000000000000000888 ) ;
#2356 = ORIENTED_EDGE ( 'NONE', *, *, #1173, .F. ) ;
#2357 = ORIENTED_EDGE ( 'NONE', *, *, #1579, .F. ) ;
#2358 = AXIS2_PLACEMENT_3D ( 'NONE', #736, #5821, #4088 ) ;
#2359 = AXIS2_PLACEMENT_3D ( 'NONE', #3599, #3130, #1613 ) ;
#2360 = FACE_OUTER_BOUND ( 'NONE', #1765, .T. ) ;
#2361 = FACE_OUTER_BOUND ( 'NONE', #475, .T. ) ;
#2362 = AXIS2_PLACEMENT_3D ( 'NONE', #2208, #3540, #2979 ) ;
#2363 = EDGE_CURVE ( 'NONE', #841, #4657, #1274, .T. ) ;
#2364 = CARTESIAN_POINT ( 'NONE',  ( -8.724999999999999645, -0.9899999999999997691, -1.135000000000000231 ) ) ;
#2365 = AXIS2_PLACEMENT_3D ( 'NONE', #3025, #1174, #4866 ) ;
#2366 = EDGE_CURVE ( 'NONE', #1413, #5044, #4295, .T. ) ;
#2367 = ORIENTED_EDGE ( 'NONE', *, *, #5237, .T. ) ;
#2368 = EDGE_CURVE ( 'NONE', #5710, #4186, #2338, .T. ) ;
#2369 = CARTESIAN_POINT ( 'NONE',  ( -3.053808855527532007, 0.09632452974707683691, -0.9599999999999999645 ) ) ;
#2370 = ADVANCED_FACE ( 'NONE', ( #1228 ), #2674, .F. ) ;
#2371 = CIRCLE ( 'NONE', #2759, 0.09999999999999997780 ) ;
#2372 = FACE_OUTER_BOUND ( 'NONE', #2528, .T. ) ;
#2373 = ORIENTED_EDGE ( 'NONE', *, *, #1589, .F. ) ;
#2374 = AXIS2_PLACEMENT_3D ( 'NONE', #3928, #2020, #96 ) ;
#2375 = ORIENTED_EDGE ( 'NONE', *, *, #4049, .F. ) ;
#2376 = FACE_OUTER_BOUND ( 'NONE', #5266, .T. ) ;
#2377 = CARTESIAN_POINT ( 'NONE',  ( -18.50000000000000000, 0.8750000000000000000, -1.140000000000000124 ) ) ;
#2378 = ADVANCED_FACE ( 'NONE', ( #3731 ), #3639, .T. ) ;
#2379 = LINE ( 'NONE', #78, #5679 ) ;
#2380 = DIRECTION ( 'NONE',  ( 0.000000000000000000, 0.000000000000000000, -1.000000000000000000 ) ) ;
#2381 = VECTOR ( 'NONE', #2549, 1.000000000000000000 ) ;
#2382 = ORIENTED_EDGE ( 'NONE', *, *, #1257, .F. ) ;
#2383 = DIRECTION ( 'NONE',  ( -1.432545838226008399E-17, -1.000000000000000000, 0.000000000000000000 ) ) ;
#2384 = DIRECTION ( 'NONE',  ( 0.000000000000000000, 0.000000000000000000, 1.000000000000000000 ) ) ;
#2385 = DIRECTION ( 'NONE',  ( -1.432545838226008399E-17, -1.000000000000000000, 0.000000000000000000 ) ) ;
#2386 = EDGE_LOOP ( 'NONE', ( #3748, #390, #859, #5767 ) ) ;
#2387 = ORIENTED_EDGE ( 'NONE', *, *, #3771, .F. ) ;
#2388 = ORIENTED_EDGE ( 'NONE', *, *, #2332, .T. ) ;
#2389 = DIRECTION ( 'NONE',  ( 1.000000000000000000, 0.000000000000000000, 0.000000000000000000 ) ) ;
#2390 = FACE_OUTER_BOUND ( 'NONE', #5631, .T. ) ;
#2391 = EDGE_LOOP ( 'NONE', ( #3370, #1663, #4313, #4192 ) ) ;
#2392 = CARTESIAN_POINT ( 'NONE',  ( -0.5964101615137746837, 0.7399999999999984368, -1.135000000000000231 ) ) ;
#2393 = LINE ( 'NONE', #3293, #2195 ) ;
#2394 = EDGE_CURVE ( 'NONE', #4107, #712, #960, .T. ) ;
#2395 = CARTESIAN_POINT ( 'NONE',  ( -18.15358983848622643, -0.7399999999999984368, -1.135000000000000231 ) ) ;
#2396 = ADVANCED_FACE ( 'NONE', ( #1444 ), #1352, .F. ) ;
#2397 = ORIENTED_EDGE ( 'NONE', *, *, #3416, .T. ) ;
#2398 = ORIENTED_EDGE ( 'NONE', *, *, #4612, .F. ) ;
#2399 = CARTESIAN_POINT ( 'NONE',  ( -16.65000000000000213, 0.2114982215127146903, -1.135000000000000231 ) ) ;
#2400 = CARTESIAN_POINT ( 'NONE',  ( -18.15358983848622643, 0.7399999999999984368, -0.9600000000000001865 ) ) ;
#2401 = CYLINDRICAL_SURFACE ( 'NONE', #4986, 0.1499999999999999112 ) ;
#2402 = CARTESIAN_POINT ( 'NONE',  ( -13.61420173049478421, 0.9899999999999985478, -1.135000000000000231 ) ) ;
#2403 = EDGE_CURVE ( 'NONE', #1160, #4826, #6016, .T. ) ;
#2404 = AXIS2_PLACEMENT_3D ( 'NONE', #4642, #3191, #3662 ) ;
#2405 =( GEOMETRIC_REPRESENTATION_CONTEXT ( 3 ) GLOBAL_UNCERTAINTY_ASSIGNED_CONTEXT ( ( #2445 ) ) GLOBAL_UNIT_ASSIGNED_CONTEXT ( ( #2490, #5763, #3444 ) ) REPRESENTATION_CONTEXT ( 'NONE', 'WORKASPACE' ) );
#2406 = ORIENTED_EDGE ( 'NONE', *, *, #489, .F. ) ;
#2407 = DIRECTION ( 'NONE',  ( -1.000000000000000000, 0.000000000000000000, 0.000000000000000000 ) ) ;
#2408 = CIRCLE ( 'NONE', #1933, 0.07999999999999996003 ) ;
#2409 = CARTESIAN_POINT ( 'NONE',  ( -19.12000000000000099, 0.8750000000000000000, -1.060000000000000053 ) ) ;
#2410 = DIRECTION ( 'NONE',  ( 0.000000000000000000, -0.000000000000000000, -1.000000000000000000 ) ) ;
#2411 = AXIS2_PLACEMENT_3D ( 'NONE', #1052, #5303, #1136 ) ;
#2412 = EDGE_LOOP ( 'NONE', ( #4666, #4257, #3891, #1457 ) ) ;
#2413 = VERTEX_POINT ( 'NONE', #2213 ) ;
#2414 = ORIENTED_EDGE ( 'NONE', *, *, #5202, .T. ) ;
#2415 = CARTESIAN_POINT ( 'NONE',  ( -2.349999999999999645, 0.2000000000000000111, -0.8250000000000000666 ) ) ;
#2416 = DIRECTION ( 'NONE',  ( 0.000000000000000000, -0.000000000000000000, -1.000000000000000000 ) ) ;
#2417 = CARTESIAN_POINT ( 'NONE',  ( -17.90358983848622643, -0.9899999999999984368, -0.9599999999999999645 ) ) ;
#2418 = PLANE ( 'NONE',  #117 ) ;
#2419 = DIRECTION ( 'NONE',  ( -1.432545838226008399E-17, -1.000000000000000000, 0.000000000000000000 ) ) ;
#2420 = EDGE_LOOP ( 'NONE', ( #4825, #3900, #249, #4650 ) ) ;
#2421 = CARTESIAN_POINT ( 'NONE',  ( -3.921569072607348438, -1.189999999999997726, -0.9607596123493885587 ) ) ;
#2422 = CARTESIAN_POINT ( 'NONE',  ( -1.949999999999999734, -0.8999999999999999112, -0.9100000000000001421 ) ) ;
#2423 = CARTESIAN_POINT ( 'NONE',  ( -3.080671189175308466, -1.110223024625156540E-16, -4.241944871367028469 ) ) ;
#2424 = ORIENTED_EDGE ( 'NONE', *, *, #654, .F. ) ;
#2425 = EDGE_CURVE ( 'NONE', #1160, #2142, #2778, .T. ) ;
#2426 = ORIENTED_EDGE ( 'NONE', *, *, #3378, .F. ) ;
#2427 = CARTESIAN_POINT ( 'NONE',  ( -5.399999999999998579, 0.7506144545436229665, -0.9600000000000001865 ) ) ;
#2428 = FACE_OUTER_BOUND ( 'NONE', #3115, .T. ) ;
#2429 = CIRCLE ( 'NONE', #2919, 0.2500000000000000000 ) ;
#2430 = CARTESIAN_POINT ( 'NONE',  ( -18.50000000000000000, -1.190000000000002833, -0.9600000000000001865 ) ) ;
#2431 = VECTOR ( 'NONE', #3096, 1.000000000000000000 ) ;
#2432 = DIRECTION ( 'NONE',  ( 1.000000000000000000, 0.000000000000000000, 0.000000000000000000 ) ) ;
#2433 = ADVANCED_FACE ( 'NONE', ( #1836 ), #5038, .F. ) ;
#2434 = ORIENTED_EDGE ( 'NONE', *, *, #4269, .T. ) ;
#2435 = EDGE_CURVE ( 'NONE', #115, #897, #3173, .T. ) ;
#2436 = CARTESIAN_POINT ( 'NONE',  ( -19.08868599666426036, 0.8750000000000000000, -1.060000000000000053 ) ) ;
#2437 = PLANE ( 'NONE',  #5770 ) ;
#2438 = DIRECTION ( 'NONE',  ( -1.432545838226008399E-17, 1.000000000000000000, -0.000000000000000000 ) ) ;
#2439 = ORIENTED_EDGE ( 'NONE', *, *, #5654, .T. ) ;
#2440 = VERTEX_POINT ( 'NONE', #507 ) ;
#2441 = ORIENTED_EDGE ( 'NONE', *, *, #2366, .T. ) ;
#2442 = DIRECTION ( 'NONE',  ( -1.000000000000000000, 0.000000000000000000, 1.223127061027714532E-16 ) ) ;
#2443 = EDGE_CURVE ( 'NONE', #4900, #2300, #869, .T. ) ;
#2444 = LINE ( 'NONE', #2792, #4469 ) ;
#2445 = UNCERTAINTY_MEASURE_WITH_UNIT (LENGTH_MEASURE( 1.000000000000000082E-05 ), #2490, 'distance_accuracy_value', 'NONE');
#2446 = VECTOR ( 'NONE', #3642, 1.000000000000000000 ) ;
#2447 = AXIS2_PLACEMENT_3D ( 'NONE', #2761, #1720, #885 ) ;
#2448 = LINE ( 'NONE', #2852, #5164 ) ;
#2449 = VECTOR ( 'NONE', #4035, 1.000000000000000000 ) ;
#2450 = VERTEX_POINT ( 'NONE', #49 ) ;
#2451 = AXIS2_PLACEMENT_3D ( 'NONE', #2516, #3849, #4822 ) ;
#2452 = LINE ( 'NONE', #3467, #2860 ) ;
#2453 = CIRCLE ( 'NONE', #3929, 0.05000000000000004441 ) ;
#2454 = CARTESIAN_POINT ( 'NONE',  ( 0.5886859966642593589, 0.8750000000000000000, -0.9800000000000000933 ) ) ;
#2455 = DIRECTION ( 'NONE',  ( 0.000000000000000000, -0.000000000000000000, -1.000000000000000000 ) ) ;
#2456 = AXIS2_PLACEMENT_3D ( 'NONE', #1431, #2786, #2323 ) ;
#2457 = ORIENTED_EDGE ( 'NONE', *, *, #654, .T. ) ;
#2458 = VERTEX_POINT ( 'NONE', #1804 ) ;
#2459 = CARTESIAN_POINT ( 'NONE',  ( -1.949999999999999734, 0.2000000000000000111, -0.8250000000000000666 ) ) ;
#2460 = AXIS2_PLACEMENT_3D ( 'NONE', #461, #3774, #4172 ) ;
#2461 = CARTESIAN_POINT ( 'NONE',  ( -13.94820772119394547, 1.189999999999998170, -0.8496342572279658167 ) ) ;
#2462 = DIRECTION ( 'NONE',  ( 1.432545838226008399E-17, 1.000000000000000000, -0.000000000000000000 ) ) ;
#2463 = VECTOR ( 'NONE', #2686, 1.000000000000000000 ) ;
#2464 = FACE_OUTER_BOUND ( 'NONE', #1606, .T. ) ;
#2465 = VERTEX_POINT ( 'NONE', #1894 ) ;
#2466 = CARTESIAN_POINT ( 'NONE',  ( -9.775000000000000355, -0.7400000000000008793, -0.9599999999999999645 ) ) ;
#2467 = EDGE_CURVE ( 'NONE', #2566, #6021, #2825, .T. ) ;
#2468 = DIRECTION ( 'NONE',  ( 8.129090620984199047E-15, 0.000000000000000000, -1.000000000000000000 ) ) ;
#2469 = VECTOR ( 'NONE', #73, 1.000000000000000000 ) ;
#2470 = DIRECTION ( 'NONE',  ( 0.000000000000000000, 0.000000000000000000, -1.000000000000000000 ) ) ;
#2471 = EDGE_CURVE ( 'NONE', #151, #2413, #1388, .T. ) ;
#2472 = ADVANCED_FACE ( 'NONE', ( #2247 ), #900, .F. ) ;
#2473 = ORIENTED_EDGE ( 'NONE', *, *, #1820, .F. ) ;
#2474 = EDGE_CURVE ( 'NONE', #5946, #630, #4395, .T. ) ;
#2475 = ORIENTED_EDGE ( 'NONE', *, *, #1851, .T. ) ;
#2476 = EDGE_LOOP ( 'NONE', ( #5972, #4077, #3122, #1306 ) ) ;
#2477 = DIRECTION ( 'NONE',  ( -0.9848077530122093526, 0.000000000000000000, -0.1736481776669234756 ) ) ;
#2478 = DIRECTION ( 'NONE',  ( -0.000000000000000000, 0.000000000000000000, -1.000000000000000000 ) ) ;
#2479 = EDGE_LOOP ( 'NONE', ( #3960, #998, #3996, #766 ) ) ;
#2480 = CARTESIAN_POINT ( 'NONE',  ( -3.930251481490694587, -1.089999999999998082, -1.059999999999999165 ) ) ;
#2481 = ORIENTED_EDGE ( 'NONE', *, *, #1667, .F. ) ;
#2482 = DIRECTION ( 'NONE',  ( -0.000000000000000000, -0.000000000000000000, -1.000000000000000000 ) ) ;
#2483 = CARTESIAN_POINT ( 'NONE',  ( -18.15358983848622643, -0.3114982215127147791, -0.9600000000000001865 ) ) ;
#2484 = DIRECTION ( 'NONE',  ( 0.000000000000000000, 0.000000000000000000, -1.000000000000000000 ) ) ;
#2485 = VERTEX_POINT ( 'NONE', #4133 ) ;
#2486 = EDGE_LOOP ( 'NONE', ( #898, #192, #1292, #2998 ) ) ;
#2487 = FACE_OUTER_BOUND ( 'NONE', #4602, .T. ) ;
#2488 = CARTESIAN_POINT ( 'NONE',  ( -12.92368347295909992, -9.753686360283015944, -0.7600000000000006750 ) ) ;
#2489 = DIRECTION ( 'NONE',  ( -0.000000000000000000, 0.000000000000000000, 1.000000000000000000 ) ) ;
#2490 =( LENGTH_UNIT ( ) NAMED_UNIT ( * ) SI_UNIT ( $, .METRE. ) );
#2491 = DIRECTION ( 'NONE',  ( 0.000000000000000000, 0.000000000000000000, 1.000000000000000000 ) ) ;
#2492 = ORIENTED_EDGE ( 'NONE', *, *, #2746, .T. ) ;
#2493 = ORIENTED_EDGE ( 'NONE', *, *, #2882, .T. ) ;
#2494 = FACE_OUTER_BOUND ( 'NONE', #5316, .T. ) ;
#2495 = CARTESIAN_POINT ( 'NONE',  ( 0.000000000000000000, 0.000000000000000000, -0.9600000000000001865 ) ) ;
#2496 = VECTOR ( 'NONE', #4332, 1.000000000000000000 ) ;
#2497 = DIRECTION ( 'NONE',  ( -0.000000000000000000, 0.000000000000000000, 1.000000000000000000 ) ) ;
#2498 = ORIENTED_EDGE ( 'NONE', *, *, #1828, .T. ) ;
#2499 = VERTEX_POINT ( 'NONE', #5071 ) ;
#2500 = AXIS2_PLACEMENT_3D ( 'NONE', #3060, #1603, #4474 ) ;
#2501 = EDGE_CURVE ( 'NONE', #3466, #151, #2429, .T. ) ;
#2502 = DIRECTION ( 'NONE',  ( -0.000000000000000000, 0.000000000000000000, 1.000000000000000000 ) ) ;
#2503 = DIRECTION ( 'NONE',  ( 1.000000000000000000, -0.000000000000000000, -0.000000000000000000 ) ) ;
#2504 = ORIENTED_EDGE ( 'NONE', *, *, #4571, .T. ) ;
#2505 = DIRECTION ( 'NONE',  ( 0.000000000000000000, -1.000000000000000000, 0.000000000000000000 ) ) ;
#2506 = EDGE_LOOP ( 'NONE', ( #4550, #4872, #2768, #5397 ) ) ;
#2507 = AXIS2_PLACEMENT_3D ( 'NONE', #2675, #4099, #1287 ) ;
#2508 = EDGE_CURVE ( 'NONE', #3795, #1126, #3767, .T. ) ;
#2509 = CARTESIAN_POINT ( 'NONE',  ( 0.000000000000000000, 0.8750000000000000000, -0.9800000000000000933 ) ) ;
#2510 = CARTESIAN_POINT ( 'NONE',  ( -18.15358983848622643, -0.7399999999999984368, -0.9600000000000001865 ) ) ;
#2511 = CARTESIAN_POINT ( 'NONE',  ( -2.998914146599318944E-15, -0.9899999999999984368, -0.9600000000000020739 ) ) ;
#2512 = DIRECTION ( 'NONE',  ( 0.000000000000000000, 0.000000000000000000, 1.000000000000000000 ) ) ;
#2513 = ORIENTED_EDGE ( 'NONE', *, *, #5801, .T. ) ;
#2514 = ORIENTED_EDGE ( 'NONE', *, *, #5341, .T. ) ;
#2515 = CYLINDRICAL_SURFACE ( 'NONE', #617, 0.2500000000000000000 ) ;
#2516 = CARTESIAN_POINT ( 'NONE',  ( -5.699999999999999289, 0.9899999999999984368, -4.241944871367028469 ) ) ;
#2517 = CARTESIAN_POINT ( 'NONE',  ( -7.612499999999999822, 0.9899999999999984368, -4.241944871367028469 ) ) ;
#2518 = ADVANCED_FACE ( 'NONE', ( #451 ), #5104, .T. ) ;
#2519 = VECTOR ( 'NONE', #3496, 1.000000000000000000 ) ;
#2520 = DIRECTION ( 'NONE',  ( 1.000000000000000000, 0.000000000000000000, -0.000000000000000000 ) ) ;
#2521 = ORIENTED_EDGE ( 'NONE', *, *, #896, .F. ) ;
#2522 = VERTEX_POINT ( 'NONE', #1666 ) ;
#2523 = AXIS2_PLACEMENT_3D ( 'NONE', #2261, #4145, #771 ) ;
#2524 = LINE ( 'NONE', #4768, #980 ) ;
#2525 = DIRECTION ( 'NONE',  ( 0.000000000000000000, -1.000000000000000000, 0.000000000000000000 ) ) ;
#2526 = CARTESIAN_POINT ( 'NONE',  ( -0.3464101615137744616, -0.7399999999999984368, -0.9600000000000001865 ) ) ;
#2527 = VECTOR ( 'NONE', #6007, 1.000000000000000000 ) ;
#2528 = EDGE_LOOP ( 'NONE', ( #2798, #3756, #2008, #4057 ) ) ;
#2529 = EDGE_LOOP ( 'NONE', ( #4427, #3859, #4694, #501 ) ) ;
#2530 = DIRECTION ( 'NONE',  ( 0.000000000000000000, -0.9901138386947148096, -0.1402661271484180183 ) ) ;
#2531 = PLANE ( 'NONE',  #5537 ) ;
#2532 = ORIENTED_EDGE ( 'NONE', *, *, #3980, .F. ) ;
#2533 = FACE_OUTER_BOUND ( 'NONE', #4701, .T. ) ;
#2534 = EDGE_LOOP ( 'NONE', ( #3853, #6013, #3056, #251 ) ) ;
#2535 = CYLINDRICAL_SURFACE ( 'NONE', #4847, 0.2500000000000000000 ) ;
#2536 = CARTESIAN_POINT ( 'NONE',  ( -9.525000000000000355, 0.9899999999999984368, -1.135000000000000231 ) ) ;
#2537 = ADVANCED_FACE ( 'NONE', ( #789 ), #3591, .F. ) ;
#2538 = VECTOR ( 'NONE', #5186, 1.000000000000000000 ) ;
#2539 = ADVANCED_FACE ( 'NONE', ( #4425 ), #5322, .F. ) ;
#2540 = VECTOR ( 'NONE', #3475, 1.000000000000000000 ) ;
#2541 = ORIENTED_EDGE ( 'NONE', *, *, #2927, .T. ) ;
#2542 = EDGE_CURVE ( 'NONE', #3578, #2082, #511, .T. ) ;
#2543 = AXIS2_PLACEMENT_3D ( 'NONE', #2722, #4568, #5121 ) ;
#2544 = ORIENTED_EDGE ( 'NONE', *, *, #1017, .F. ) ;
#2545 = FACE_OUTER_BOUND ( 'NONE', #336, .T. ) ;
#2546 = CARTESIAN_POINT ( 'NONE',  ( -8.724999999999999645, -0.7400000000000005462, -0.9600000000000001865 ) ) ;
#2547 = AXIS2_PLACEMENT_3D ( 'NONE', #5488, #2668, #1761 ) ;
#2548 = LINE ( 'NONE', #3967, #2019 ) ;
#2549 = DIRECTION ( 'NONE',  ( 0.000000000000000000, -1.000000000000000000, 0.000000000000000000 ) ) ;
#2550 = ORIENTED_EDGE ( 'NONE', *, *, #1806, .F. ) ;
#2551 = VECTOR ( 'NONE', #2074, 1.000000000000000000 ) ;
#2552 = EDGE_CURVE ( 'NONE', #833, #897, #1273, .T. ) ;
#2553 = ORIENTED_EDGE ( 'NONE', *, *, #4794, .T. ) ;
#2554 = DIRECTION ( 'NONE',  ( -0.000000000000000000, 0.000000000000000000, 1.000000000000000000 ) ) ;
#2555 = CARTESIAN_POINT ( 'NONE',  ( -13.94820772119394547, -1.189999999999998170, -0.8496342572279658167 ) ) ;
#2556 = DIRECTION ( 'NONE',  ( -1.426102104458186769E-16, 1.000000000000000000, 0.000000000000000000 ) ) ;
#2557 = CARTESIAN_POINT ( 'NONE',  ( -1.849999999999999645, -0.3114982215127146681, 0.000000000000000000 ) ) ;
#2558 = ORIENTED_EDGE ( 'NONE', *, *, #5347, .F. ) ;
#2559 = ORIENTED_EDGE ( 'NONE', *, *, #702, .T. ) ;
#2560 = VECTOR ( 'NONE', #4076, 1.000000000000000000 ) ;
#2561 = CARTESIAN_POINT ( 'NONE',  ( -19.08868599666426036, -0.8750000000000000000, -1.140000000000000124 ) ) ;
#2562 = CARTESIAN_POINT ( 'NONE',  ( -1.949999999999999734, 0.2114982215127146903, -0.9600000000000001865 ) ) ;
#2563 = DIRECTION ( 'NONE',  ( -1.000000000000000000, -2.405483220021172340E-16, 0.000000000000000000 ) ) ;
#2564 = ORIENTED_EDGE ( 'NONE', *, *, #1743, .T. ) ;
#2565 = CARTESIAN_POINT ( 'NONE',  ( -6.812500000000000000, 0.9899999999999984368, -0.9600000000000011857 ) ) ;
#2566 = VERTEX_POINT ( 'NONE', #4990 ) ;
#2567 = DIRECTION ( 'NONE',  ( -1.000000000000000000, 0.000000000000000000, -0.000000000000000000 ) ) ;
#2568 = CARTESIAN_POINT ( 'NONE',  ( -3.930251481490694587, -9.753686360283015944, -1.009999999999999121 ) ) ;
#2569 = EDGE_CURVE ( 'NONE', #5012, #4714, #3528, .T. ) ;
#2570 = ORIENTED_EDGE ( 'NONE', *, *, #1616, .F. ) ;
#2571 = ADVANCED_FACE ( 'NONE', ( #5387 ), #1697, .F. ) ;
#2572 = ORIENTED_EDGE ( 'NONE', *, *, #2582, .F. ) ;
#2573 = LINE ( 'NONE', #4452, #5775 ) ;
#2574 = EDGE_CURVE ( 'NONE', #1835, #5184, #757, .T. ) ;
#2575 = CARTESIAN_POINT ( 'NONE',  ( -6.812500000000000000, 0.7399999999999984368, -1.135000000000000231 ) ) ;
#2576 = LINE ( 'NONE', #2670, #1898 ) ;
#2577 = ORIENTED_EDGE ( 'NONE', *, *, #5127, .T. ) ;
#2578 = ORIENTED_EDGE ( 'NONE', *, *, #4976, .T. ) ;
#2579 = DIRECTION ( 'NONE',  ( 0.000000000000000000, -0.000000000000000000, -1.000000000000000000 ) ) ;
#2580 = CARTESIAN_POINT ( 'NONE',  ( -16.14999999999999858, 0.2114982215127146903, -0.9600000000000001865 ) ) ;
#2581 = DIRECTION ( 'NONE',  ( 1.000000000000000000, 0.000000000000000000, -0.000000000000000000 ) ) ;
#2582 = EDGE_CURVE ( 'NONE', #2903, #1328, #4541, .T. ) ;
#2583 = CARTESIAN_POINT ( 'NONE',  ( -9.525000000000000355, -0.9899999999999997691, -1.135000000000000231 ) ) ;
#2584 = CARTESIAN_POINT ( 'NONE',  ( -9.775000000000000355, -0.7400000000000008793, -4.241944871367028469 ) ) ;
#2585 = ORIENTED_EDGE ( 'NONE', *, *, #1851, .F. ) ;
#2586 = EDGE_LOOP ( 'NONE', ( #4274, #5487, #372, #990 ) ) ;
#2587 = PLANE ( 'NONE',  #1687 ) ;
#2588 = FACE_BOUND ( 'NONE', #4767, .T. ) ;
#2589 = CYLINDRICAL_SURFACE ( 'NONE', #2500, 5.900000000000000355 ) ;
#2590 = CIRCLE ( 'NONE', #2693, 0.2500000000000000000 ) ;
#2591 = EDGE_LOOP ( 'NONE', ( #2236, #4436, #3815, #683 ) ) ;
#2592 = PLANE ( 'NONE',  #4770 ) ;
#2593 = DIRECTION ( 'NONE',  ( -1.669587230693022918E-16, -2.391760238884576807E-33, -1.000000000000000000 ) ) ;
#2594 = AXIS2_PLACEMENT_3D ( 'NONE', #6019, #2380, #1868 ) ;
#2595 = CARTESIAN_POINT ( 'NONE',  ( -16.80000000000000071, -0.9899999999999984368, -0.9600000000000001865 ) ) ;
#2596 = AXIS2_PLACEMENT_3D ( 'NONE', #2961, #4829, #3912 ) ;
#2597 = AXIS2_PLACEMENT_3D ( 'NONE', #4203, #24, #5600 ) ;
#2598 = ORIENTED_EDGE ( 'NONE', *, *, #2196, .T. ) ;
#2599 = ORIENTED_EDGE ( 'NONE', *, *, #3031, .F. ) ;
#2600 = DIRECTION ( 'NONE',  ( -1.000000000000000000, -0.000000000000000000, -0.000000000000000000 ) ) ;
#2601 = LINE ( 'NONE', #4484, #5776 ) ;
#2602 = EDGE_CURVE ( 'NONE', #4335, #5090, #699, .T. ) ;
#2603 = EDGE_CURVE ( 'NONE', #3100, #4868, #3993, .T. ) ;
#2604 = DIRECTION ( 'NONE',  ( -1.000000000000000000, 0.000000000000000000, 0.000000000000000000 ) ) ;
#2605 = VERTEX_POINT ( 'NONE', #2595 ) ;
#2606 = AXIS2_PLACEMENT_3D ( 'NONE', #1340, #5027, #919 ) ;
#2607 = ORIENTED_EDGE ( 'NONE', *, *, #2784, .T. ) ;
#2608 = DIRECTION ( 'NONE',  ( -0.9848077530122093526, 0.000000000000000000, 0.1736481776669237809 ) ) ;
#2609 = LINE ( 'NONE', #2642, #5659 ) ;
#2610 = DIRECTION ( 'NONE',  ( -0.000000000000000000, 0.000000000000000000, 1.000000000000000000 ) ) ;
#2611 = VECTOR ( 'NONE', #1231, 1.000000000000000000 ) ;
#2612 = DIRECTION ( 'NONE',  ( -0.9632452974707710336, -0.2686233364777642629, 0.000000000000000000 ) ) ;
#2613 = CARTESIAN_POINT ( 'NONE',  ( -1.849999999999999645, 0.2114982215127146903, -1.135000000000000231 ) ) ;
#2614 = EDGE_CURVE ( 'NONE', #4169, #4909, #1609, .T. ) ;
#2615 = ORIENTED_EDGE ( 'NONE', *, *, #1069, .T. ) ;
#2616 = ADVANCED_FACE ( 'NONE', ( #3469 ), #5877, .T. ) ;
#2617 = ORIENTED_EDGE ( 'NONE', *, *, #2784, .F. ) ;
#2618 = EDGE_CURVE ( 'NONE', #5937, #1727, #310, .T. ) ;
#2619 = LINE ( 'NONE', #5896, #1089 ) ;
#2620 = LINE ( 'NONE', #363, #4326 ) ;
#2621 = VECTOR ( 'NONE', #4921, 1.000000000000000000 ) ;
#2622 = DIRECTION ( 'NONE',  ( 0.000000000000000000, 0.000000000000000000, 1.000000000000000000 ) ) ;
#2623 = ORIENTED_EDGE ( 'NONE', *, *, #2655, .T. ) ;
#2624 = DIRECTION ( 'NONE',  ( -1.432545838226008399E-17, 1.000000000000000000, -0.000000000000000000 ) ) ;
#2625 = ORIENTED_EDGE ( 'NONE', *, *, #4607, .F. ) ;
#2626 = EDGE_CURVE ( 'NONE', #4002, #3399, #5414, .T. ) ;
#2627 = LINE ( 'NONE', #339, #1101 ) ;
#2628 = CARTESIAN_POINT ( 'NONE',  ( -13.20000000000000107, -0.6189114148497024681, -0.9599999999999999645 ) ) ;
#2629 = DIRECTION ( 'NONE',  ( -0.9632452974707709226, -0.2686233364777642074, 0.000000000000000000 ) ) ;
#2630 = DIRECTION ( 'NONE',  ( 0.000000000000000000, -1.000000000000000000, 0.000000000000000000 ) ) ;
#2631 = ORIENTED_EDGE ( 'NONE', *, *, #3264, .T. ) ;
#2632 = CARTESIAN_POINT ( 'NONE',  ( -0.5964101615137746837, 0.9899999999999984368, -0.9600000000000001865 ) ) ;
#2633 = EDGE_LOOP ( 'NONE', ( #5999, #2081, #3612, #3135 ) ) ;
#2634 = DIRECTION ( 'NONE',  ( 0.000000000000000000, 0.000000000000000000, -1.000000000000000000 ) ) ;
#2635 = DIRECTION ( 'NONE',  ( -0.000000000000000000, -0.000000000000000000, -1.000000000000000000 ) ) ;
#2636 = AXIS2_PLACEMENT_3D ( 'NONE', #1391, #538, #509 ) ;
#2637 = AXIS2_PLACEMENT_3D ( 'NONE', #84, #5197, #2868 ) ;
#2638 = DIRECTION ( 'NONE',  ( 0.9848077530122089085, 0.000000000000000000, -0.1736481776669254740 ) ) ;
#2639 = VERTEX_POINT ( 'NONE', #4958 ) ;
#2640 = ORIENTED_EDGE ( 'NONE', *, *, #5421, .F. ) ;
#2641 = PLANE ( 'NONE',  #3530 ) ;
#2642 = CARTESIAN_POINT ( 'NONE',  ( -9.525000000000000355, 0.9899999999999984368, -0.9600000000000001865 ) ) ;
#2643 = VECTOR ( 'NONE', #2740, 1.000000000000000000 ) ;
#2644 = CARTESIAN_POINT ( 'NONE',  ( -13.61420173049478421, 0.9549999999999984057, -1.135000000000000231 ) ) ;
#2645 = CARTESIAN_POINT ( 'NONE',  ( -0.5964101615137746837, 0.9899999999999984368, -0.9599999999999999645 ) ) ;
#2646 = VECTOR ( 'NONE', #3240, 1.000000000000000000 ) ;
#2647 = LINE ( 'NONE', #5923, #3111 ) ;
#2648 = VECTOR ( 'NONE', #4325, 1.000000000000000000 ) ;
#2649 = VERTEX_POINT ( 'NONE', #8 ) ;
#2650 = ORIENTED_EDGE ( 'NONE', *, *, #590, .F. ) ;
#2651 = FACE_OUTER_BOUND ( 'NONE', #159, .T. ) ;
#2652 = CARTESIAN_POINT ( 'NONE',  ( -16.55000000000000071, -0.8000000000000000444, -0.9100000000000001421 ) ) ;
#2653 = ADVANCED_FACE ( 'NONE', ( #5549 ), #5578, .F. ) ;
#2654 = EDGE_CURVE ( 'NONE', #5746, #306, #404, .T. ) ;
#2655 = EDGE_CURVE ( 'NONE', #5732, #5381, #5947, .T. ) ;
#2656 = VERTEX_POINT ( 'NONE', #5147 ) ;
#2657 = PLANE ( 'NONE',  #3551 ) ;
#2658 = VERTEX_POINT ( 'NONE', #1437 ) ;
#2659 = CIRCLE ( 'NONE', #933, 0.2500000000000000000 ) ;
#2660 = DIRECTION ( 'NONE',  ( 0.000000000000000000, 0.000000000000000000, 1.000000000000000000 ) ) ;
#2661 = LINE ( 'NONE', #787, #1636 ) ;
#2662 = EDGE_CURVE ( 'NONE', #379, #4894, #4182, .T. ) ;
#2663 = LINE ( 'NONE', #4540, #5447 ) ;
#2664 = CIRCLE ( 'NONE', #4819, 6.000000000000000000 ) ;
#2665 = ORIENTED_EDGE ( 'NONE', *, *, #2403, .T. ) ;
#2666 = PLANE ( 'NONE',  #4512 ) ;
#2667 = EDGE_LOOP ( 'NONE', ( #832, #2426, #1438, #2382 ) ) ;
#2668 = DIRECTION ( 'NONE',  ( -0.000000000000000000, 1.000000000000000000, 0.000000000000000000 ) ) ;
#2669 = DIRECTION ( 'NONE',  ( 0.000000000000000000, -0.000000000000000000, 1.000000000000000000 ) ) ;
#2670 = CARTESIAN_POINT ( 'NONE',  ( -5.141597286494812735, -0.9899999999999994360, -1.135000000000000231 ) ) ;
#2671 = VERTEX_POINT ( 'NONE', #982 ) ;
#2672 = ORIENTED_EDGE ( 'NONE', *, *, #1481, .F. ) ;
#2673 = CYLINDRICAL_SURFACE ( 'NONE', #1403, 0.07999999999999996003 ) ;
#2674 = CYLINDRICAL_SURFACE ( 'NONE', #3809, 0.2500000000000000000 ) ;
#2675 = CARTESIAN_POINT ( 'NONE',  ( -5.949999999999999289, -0.7399999999999997691, -0.9599999999999999645 ) ) ;
#2676 = LINE ( 'NONE', #1288, #3340 ) ;
#2677 = DIRECTION ( 'NONE',  ( -2.400482215405744004E-16, 1.000000000000000000, 0.000000000000000000 ) ) ;
#2678 = ORIENTED_EDGE ( 'NONE', *, *, #3565, .T. ) ;
#2679 = ORIENTED_EDGE ( 'NONE', *, *, #2024, .T. ) ;
#2680 = ORIENTED_EDGE ( 'NONE', *, *, #551, .T. ) ;
#2681 = CARTESIAN_POINT ( 'NONE',  ( -1.699999999999999734, -0.9899999999999984368, -0.9600000000000001865 ) ) ;
#2682 = CARTESIAN_POINT ( 'NONE',  ( -16.55000000000000071, -0.7399999999999984368, -0.9600000000000001865 ) ) ;
#2683 = CARTESIAN_POINT ( 'NONE',  ( -1.849999999999999645, 0.3114982215127146681, -1.135000000000000231 ) ) ;
#2684 = ADVANCED_FACE ( 'NONE', ( #2764 ), #1882, .F. ) ;
#2685 = ORIENTED_EDGE ( 'NONE', *, *, #890, .F. ) ;
#2686 = DIRECTION ( 'NONE',  ( 1.000000000000000000, 2.400482215405744004E-16, 0.000000000000000000 ) ) ;
#2687 = EDGE_CURVE ( 'NONE', #2440, #4840, #5028, .T. ) ;
#2688 = VERTEX_POINT ( 'NONE', #4699 ) ;
#2689 = LINE ( 'NONE', #3223, #3831 ) ;
#2690 = CARTESIAN_POINT ( 'NONE',  ( -16.15000000000000213, -0.7400000000000022116, -1.135000000000000231 ) ) ;
#2691 = DIRECTION ( 'NONE',  ( 0.000000000000000000, -0.000000000000000000, -1.000000000000000000 ) ) ;
#2692 = DIRECTION ( 'NONE',  ( 0.000000000000000000, 0.000000000000000000, 1.000000000000000000 ) ) ;
#2693 = AXIS2_PLACEMENT_3D ( 'NONE', #2232, #340, #5967 ) ;
#2694 = ORIENTED_EDGE ( 'NONE', *, *, #3199, .F. ) ;
#2695 = EDGE_CURVE ( 'NONE', #2729, #1443, #4215, .T. ) ;
#2696 = CARTESIAN_POINT ( 'NONE',  ( -1.699999999999999734, -0.7399999999999984368, -4.241944871367028469 ) ) ;
#2697 = ORIENTED_EDGE ( 'NONE', *, *, #2368, .T. ) ;
#2698 = CIRCLE ( 'NONE', #3490, 0.1000000000000014211 ) ;
#2699 = DIRECTION ( 'NONE',  ( -0.000000000000000000, 0.000000000000000000, 1.000000000000000000 ) ) ;
#2700 = LINE ( 'NONE', #1516, #3932 ) ;
#2701 = AXIS2_PLACEMENT_3D ( 'NONE', #5534, #460, #3311 ) ;
#2702 = ORIENTED_EDGE ( 'NONE', *, *, #5542, .T. ) ;
#2703 = ORIENTED_EDGE ( 'NONE', *, *, #3225, .T. ) ;
#2704 = SURFACE_STYLE_USAGE ( .BOTH. , #5948 ) ;
#2705 = DIRECTION ( 'NONE',  ( 0.000000000000000000, 0.000000000000000000, -1.000000000000000000 ) ) ;
#2706 = CARTESIAN_POINT ( 'NONE',  ( -3.930251481490694587, -1.089999999999998082, -1.059999999999999165 ) ) ;
#2707 = EDGE_CURVE ( 'NONE', #306, #1342, #3624, .T. ) ;
#2708 = DIRECTION ( 'NONE',  ( 0.000000000000000000, -0.000000000000000000, -1.000000000000000000 ) ) ;
#2709 = CARTESIAN_POINT ( 'NONE',  ( 0.5886859966642593589, 0.8750000000000000000, -1.060000000000000053 ) ) ;
#2710 = AXIS2_PLACEMENT_3D ( 'NONE', #3303, #20, #53 ) ;
#2711 = LINE ( 'NONE', #2218, #2611 ) ;
#2712 = ORIENTED_EDGE ( 'NONE', *, *, #5834, .F. ) ;
#2713 = ORIENTED_EDGE ( 'NONE', *, *, #964, .F. ) ;
#2714 = ORIENTED_EDGE ( 'NONE', *, *, #4624, .T. ) ;
#2715 = CARTESIAN_POINT ( 'NONE',  ( -7.612499999999999822, 0.7399999999999984368, -0.9600000000000001865 ) ) ;
#2716 = DIRECTION ( 'NONE',  ( 1.000000000000000000, 0.000000000000000000, 0.000000000000000000 ) ) ;
#2717 = DIRECTION ( 'NONE',  ( 1.000000000000000000, 0.000000000000000000, 0.000000000000000000 ) ) ;
#2718 = ORIENTED_EDGE ( 'NONE', *, *, #2363, .F. ) ;
#2719 = DIRECTION ( 'NONE',  ( 0.000000000000000000, 0.000000000000000000, -1.000000000000000000 ) ) ;
#2720 = ORIENTED_EDGE ( 'NONE', *, *, #4132, .F. ) ;
#2721 = EDGE_CURVE ( 'NONE', #2773, #1384, #5481, .T. ) ;
#2722 = CARTESIAN_POINT ( 'NONE',  ( -1.699999999999999734, 0.7399999999999984368, -1.135000000000000231 ) ) ;
#2723 = LINE ( 'NONE', #4180, #5922 ) ;
#2724 = DIRECTION ( 'NONE',  ( 1.000000000000000000, 0.000000000000000000, 0.000000000000000000 ) ) ;
#2725 = CARTESIAN_POINT ( 'NONE',  ( -5.576316527040902749, -9.753686360283015944, -0.7600000000000010081 ) ) ;
#2726 = AXIS2_PLACEMENT_3D ( 'NONE', #3261, #1827, #32 ) ;
#2727 = VERTEX_POINT ( 'NONE', #1311 ) ;
#2728 = EDGE_CURVE ( 'NONE', #3802, #4001, #4573, .T. ) ;
#2729 = VERTEX_POINT ( 'NONE', #4154 ) ;
#2730 = CARTESIAN_POINT ( 'NONE',  ( -18.15358983848622643, 0.9899999999999984368, -4.241944871367028469 ) ) ;
#2731 = DIRECTION ( 'NONE',  ( -1.000000000000000000, -0.000000000000000000, -0.000000000000000000 ) ) ;
#2732 = ADVANCED_FACE ( 'NONE', ( #3664 ), #3694, .F. ) ;
#2733 = EDGE_CURVE ( 'NONE', #1716, #5745, #2793, .T. ) ;
#2734 = EDGE_CURVE ( 'NONE', #5404, #1835, #5360, .T. ) ;
#2735 = LINE ( 'NONE', #2339, #5506 ) ;
#2736 = ORIENTED_EDGE ( 'NONE', *, *, #3682, .F. ) ;
#2737 = ORIENTED_EDGE ( 'NONE', *, *, #4765, .F. ) ;
#2738 = DIRECTION ( 'NONE',  ( 0.000000000000000000, 0.000000000000000000, -1.000000000000000000 ) ) ;
#2739 = DIRECTION ( 'NONE',  ( 1.000000000000000000, 0.000000000000000000, 0.000000000000000000 ) ) ;
#2740 = DIRECTION ( 'NONE',  ( -1.000000000000000000, -0.000000000000000000, -0.000000000000000000 ) ) ;
#2741 = CARTESIAN_POINT ( 'NONE',  ( -5.699999999999999289, -0.7399999999999997691, -4.241944871367028469 ) ) ;
#2742 = AXIS2_PLACEMENT_3D ( 'NONE', #5008, #1649, #3549 ) ;
#2743 = CARTESIAN_POINT ( 'NONE',  ( -16.55000000000000071, 0.9899999999999984368, -1.135000000000000231 ) ) ;
#2744 = EDGE_CURVE ( 'NONE', #1940, #1506, #4644, .T. ) ;
#2745 = DIRECTION ( 'NONE',  ( 0.000000000000000000, 0.000000000000000000, -1.000000000000000000 ) ) ;
#2746 = EDGE_CURVE ( 'NONE', #2142, #3658, #4111, .T. ) ;
#2747 = VERTEX_POINT ( 'NONE', #2275 ) ;
#2748 = VECTOR ( 'NONE', #5794, 1.000000000000000000 ) ;
#2749 = CIRCLE ( 'NONE', #4134, 0.2500000000000000000 ) ;
#2750 = ORIENTED_EDGE ( 'NONE', *, *, #4362, .F. ) ;
#2751 = ORIENTED_EDGE ( 'NONE', *, *, #4907, .T. ) ;
#2752 = VECTOR ( 'NONE', #3356, 1.000000000000000000 ) ;
#2753 = DIRECTION ( 'NONE',  ( 1.000000000000000000, 0.000000000000000000, -0.000000000000000000 ) ) ;
#2754 = CARTESIAN_POINT ( 'NONE',  ( -16.55000000000000071, -0.2114982215127146903, -1.135000000000000231 ) ) ;
#2755 = VECTOR ( 'NONE', #6024, 1.000000000000000000 ) ;
#2756 = ORIENTED_EDGE ( 'NONE', *, *, #3524, .T. ) ;
#2757 = CARTESIAN_POINT ( 'NONE',  ( -4.534427461039359564, 1.189999999999998392, -0.7511534819267461360 ) ) ;
#2758 = ORIENTED_EDGE ( 'NONE', *, *, #1925, .T. ) ;
#2759 = AXIS2_PLACEMENT_3D ( 'NONE', #5198, #1847, #3746 ) ;
#2760 = AXIS2_PLACEMENT_3D ( 'NONE', #4597, #1689, #1747 ) ;
#2761 = CARTESIAN_POINT ( 'NONE',  ( -0.4464101615137745505, -0.3114982215127146681, -1.135000000000000231 ) ) ;
#2762 = LINE ( 'NONE', #3160, #88 ) ;
#2763 = CARTESIAN_POINT ( 'NONE',  ( -18.50000000000000000, 0.8750000000000000000, -1.060000000000000053 ) ) ;
#2764 = FACE_OUTER_BOUND ( 'NONE', #3564, .T. ) ;
#2765 = VECTOR ( 'NONE', #160, 1.000000000000000000 ) ;
#2766 = EDGE_CURVE ( 'NONE', #2211, #5077, #4883, .T. ) ;
#2767 = ORIENTED_EDGE ( 'NONE', *, *, #69, .T. ) ;
#2768 = ORIENTED_EDGE ( 'NONE', *, *, #4725, .F. ) ;
#2769 = CARTESIAN_POINT ( 'NONE',  ( -1.174201978586608189E-16, 0.9899999999999984368, -0.9600000000000020739 ) ) ;
#2770 = DIRECTION ( 'NONE',  ( 0.000000000000000000, -0.000000000000000000, -1.000000000000000000 ) ) ;
#2771 = AXIS2_PLACEMENT_3D ( 'NONE', #4780, #3866, #5725 ) ;
#2772 = ADVANCED_FACE ( 'NONE', ( #2822, #2361 ), #2418, .T. ) ;
#2773 = VERTEX_POINT ( 'NONE', #5178 ) ;
#2774 = EDGE_CURVE ( 'NONE', #3030, #2836, #2858, .T. ) ;
#2775 = AXIS2_PLACEMENT_3D ( 'NONE', #4471, #1746, #3518 ) ;
#2776 = EDGE_LOOP ( 'NONE', ( #1997, #5468, #2003, #2521 ) ) ;
#2777 = FACE_OUTER_BOUND ( 'NONE', #734, .T. ) ;
#2778 = LINE ( 'NONE', #4098, #2038 ) ;
#2779 = DIRECTION ( 'NONE',  ( 0.000000000000000000, -0.000000000000000000, -1.000000000000000000 ) ) ;
#2780 = LINE ( 'NONE', #2741, #2256 ) ;
#2781 = DIRECTION ( 'NONE',  ( -0.000000000000000000, 0.000000000000000000, 1.000000000000000000 ) ) ;
#2782 = ORIENTED_EDGE ( 'NONE', *, *, #701, .T. ) ;
#2783 = EDGE_LOOP ( 'NONE', ( #954, #2879, #4532, #5045 ) ) ;
#2784 = EDGE_CURVE ( 'NONE', #6014, #2790, #1045, .T. ) ;
#2785 = CYLINDRICAL_SURFACE ( 'NONE', #2597, 6.000000000000000000 ) ;
#2786 = DIRECTION ( 'NONE',  ( -0.000000000000000000, 0.000000000000000000, 1.000000000000000000 ) ) ;
#2787 = CARTESIAN_POINT ( 'NONE',  ( -3.053808855527532007, -0.09632452974707697568, -0.9600000000000001865 ) ) ;
#2788 = ORIENTED_EDGE ( 'NONE', *, *, #3840, .F. ) ;
#2789 = CARTESIAN_POINT ( 'NONE',  ( -3.930251481490694587, -1.189999999999998392, -1.059999999999999165 ) ) ;
#2790 = VERTEX_POINT ( 'NONE', #4844 ) ;
#2791 = DIRECTION ( 'NONE',  ( -0.000000000000000000, 0.000000000000000000, 1.000000000000000000 ) ) ;
#2792 = CARTESIAN_POINT ( 'NONE',  ( -7.612499999999999822, 0.7399999999999984368, -4.241944871367028469 ) ) ;
#2793 = LINE ( 'NONE', #920, #2527 ) ;
#2794 = VERTEX_POINT ( 'NONE', #1575 ) ;
#2795 = ORIENTED_EDGE ( 'NONE', *, *, #3517, .F. ) ;
#2796 = CARTESIAN_POINT ( 'NONE',  ( -17.90358983848622643, 0.9899999999999984368, -0.9600000000000001865 ) ) ;
#2797 = CIRCLE ( 'NONE', #4272, 0.2500000000000000000 ) ;
#2798 = ORIENTED_EDGE ( 'NONE', *, *, #175, .T. ) ;
#2799 = VERTEX_POINT ( 'NONE', #5183 ) ;
#2800 = AXIS2_PLACEMENT_3D ( 'NONE', #2978, #4741, #3364 ) ;
#2801 = CARTESIAN_POINT ( 'NONE',  ( -16.15000000000000213, 0.8999999999999999112, -0.9100000000000001421 ) ) ;
#2802 = CARTESIAN_POINT ( 'NONE',  ( -2.599999999999999645, -0.7399999999999991029, 0.000000000000000000 ) ) ;
#2803 = FACE_OUTER_BOUND ( 'NONE', #212, .T. ) ;
#2804 = EDGE_CURVE ( 'NONE', #5630, #4722, #5191, .T. ) ;
#2805 = CARTESIAN_POINT ( 'NONE',  ( -16.15000000000000213, -0.8000000000000000444, -0.9100000000000001421 ) ) ;
#2806 = CARTESIAN_POINT ( 'NONE',  ( -0.5964101615137744616, -0.7399999999999984368, -0.9599999999999999645 ) ) ;
#2807 = VECTOR ( 'NONE', #4836, 1.000000000000000000 ) ;
#2808 = ORIENTED_EDGE ( 'NONE', *, *, #4687, .T. ) ;
#2809 = AXIS2_PLACEMENT_3D ( 'NONE', #2436, #2407, #3420 ) ;
#2810 = AXIS2_PLACEMENT_3D ( 'NONE', #5223, #3457, #240 ) ;
#2811 = DIRECTION ( 'NONE',  ( 1.000000000000000000, 3.022097665183135851E-17, -1.662153715850724780E-16 ) ) ;
#2812 = EDGE_CURVE ( 'NONE', #4202, #4771, #98, .T. ) ;
#2813 = CARTESIAN_POINT ( 'NONE',  ( -7.862499999999999822, -0.9899999999999997691, -1.135000000000000231 ) ) ;
#2814 = CARTESIAN_POINT ( 'NONE',  ( 0.000000000000000000, -0.8750000000000000000, -1.060000000000000053 ) ) ;
#2815 = EDGE_CURVE ( 'NONE', #5469, #1047, #5380, .T. ) ;
#2816 = EDGE_CURVE ( 'NONE', #4384, #1967, #5482, .T. ) ;
#2817 = ORIENTED_EDGE ( 'NONE', *, *, #146, .T. ) ;
#2818 = ADVANCED_FACE ( 'NONE', ( #557 ), #1014, .F. ) ;
#2819 = ORIENTED_EDGE ( 'NONE', *, *, #4499, .T. ) ;
#2820 = AXIS2_PLACEMENT_3D ( 'NONE', #874, #1711, #1327 ) ;
#2821 = CARTESIAN_POINT ( 'NONE',  ( -1.849999999999999645, 0.3114982215127146681, -0.9599999999999999645 ) ) ;
#2822 = FACE_BOUND ( 'NONE', #584, .T. ) ;
#2823 = CARTESIAN_POINT ( 'NONE',  ( -11.68750000000000000, -0.9900000000000012124, -1.135000000000000231 ) ) ;
#2824 = EDGE_CURVE ( 'NONE', #2334, #163, #5373, .T. ) ;
#2825 = CIRCLE ( 'NONE', #3611, 0.1000000000000000333 ) ;
#2826 = VERTEX_POINT ( 'NONE', #611 ) ;
#2827 = DIRECTION ( 'NONE',  ( 0.000000000000000000, 0.000000000000000000, 1.000000000000000000 ) ) ;
#2828 = DIRECTION ( 'NONE',  ( 1.000000000000000000, 0.000000000000000000, 0.000000000000000000 ) ) ;
#2829 = AXIS2_PLACEMENT_3D ( 'NONE', #4083, #4905, #4479 ) ;
#2830 = VERTEX_POINT ( 'NONE', #190 ) ;
#2831 = ORIENTED_EDGE ( 'NONE', *, *, #5619, .T. ) ;
#2832 = LINE ( 'NONE', #506, #3739 ) ;
#2833 = CARTESIAN_POINT ( 'NONE',  ( -3.930251481490694587, 1.089999999999998082, -1.059999999999999165 ) ) ;
#2834 = DIRECTION ( 'NONE',  ( -0.000000000000000000, 1.000000000000000000, -0.000000000000000000 ) ) ;
#2835 = DIRECTION ( 'NONE',  ( 0.000000000000000000, -0.000000000000000000, -1.000000000000000000 ) ) ;
#2836 = VERTEX_POINT ( 'NONE', #2395 ) ;
#2837 = CARTESIAN_POINT ( 'NONE',  ( -5.576316527040902749, 1.189999999999998392, -0.7600000000000010081 ) ) ;
#2838 = LINE ( 'NONE', #5196, #139 ) ;
#2839 = DIRECTION ( 'NONE',  ( -1.432545838226008399E-17, 1.000000000000000000, -0.000000000000000000 ) ) ;
#2840 = AXIS2_PLACEMENT_3D ( 'NONE', #1893, #3238, #1864 ) ;
#2841 = VECTOR ( 'NONE', #1473, 1.000000000000000000 ) ;
#2842 = ORIENTED_EDGE ( 'NONE', *, *, #2443, .F. ) ;
#2843 = VECTOR ( 'NONE', #1098, 1.000000000000000000 ) ;
#2844 = ORIENTED_EDGE ( 'NONE', *, *, #896, .T. ) ;
#2845 = EDGE_CURVE ( 'NONE', #1669, #4578, #5584, .T. ) ;
#2846 = ORIENTED_EDGE ( 'NONE', *, *, #3073, .T. ) ;
#2847 = AXIS2_PLACEMENT_3D ( 'NONE', #6010, #4122, #2278 ) ;
#2848 = EDGE_CURVE ( 'NONE', #1224, #1133, #4273, .T. ) ;
#2849 = AXIS2_PLACEMENT_3D ( 'NONE', #2309, #3834, #3629 ) ;
#2850 = DIRECTION ( 'NONE',  ( 1.000000000000000000, 0.000000000000000000, 0.000000000000000000 ) ) ;
#2851 = EDGE_CURVE ( 'NONE', #1133, #4771, #1964, .T. ) ;
#2852 = CARTESIAN_POINT ( 'NONE',  ( -16.55000000000000071, 0.8999999999999999112, -0.9100000000000001421 ) ) ;
#2853 = VECTOR ( 'NONE', #2442, 1.000000000000000000 ) ;
#2854 = VERTEX_POINT ( 'NONE', #1497 ) ;
#2855 = EDGE_CURVE ( 'NONE', #4845, #4977, #5213, .T. ) ;
#2856 = LINE ( 'NONE', #4675, #4902 ) ;
#2857 = FACE_OUTER_BOUND ( 'NONE', #3256, .T. ) ;
#2858 = LINE ( 'NONE', #4300, #3513 ) ;
#2859 = EDGE_LOOP ( 'NONE', ( #5813, #4919, #2202, #3411 ) ) ;
#2860 = VECTOR ( 'NONE', #5320, 1.000000000000000000 ) ;
#2861 = VERTEX_POINT ( 'NONE', #3931 ) ;
#2862 = LINE ( 'NONE', #4737, #5965 ) ;
#2863 = DIRECTION ( 'NONE',  ( 1.000000000000000000, 0.000000000000000000, 0.000000000000000000 ) ) ;
#2864 = FACE_OUTER_BOUND ( 'NONE', #4649, .T. ) ;
#2865 = ORIENTED_EDGE ( 'NONE', *, *, #1005, .F. ) ;
#2866 = DIRECTION ( 'NONE',  ( 0.9848077530122089085, 0.000000000000000000, 0.1736481776669255017 ) ) ;
#2867 = CARTESIAN_POINT ( 'NONE',  ( -15.90000000000000213, -0.9899999999999991029, -1.135000000000000231 ) ) ;
#2868 = DIRECTION ( 'NONE',  ( 1.000000000000000000, -3.552713678800498168E-15, 0.000000000000000000 ) ) ;
#2869 = CARTESIAN_POINT ( 'NONE',  ( -15.15000000000000213, -0.9900000000000021005, -0.9600000000000001865 ) ) ;
#2870 = VERTEX_POINT ( 'NONE', #4757 ) ;
#2871 = ORIENTED_EDGE ( 'NONE', *, *, #4659, .T. ) ;
#2872 = ORIENTED_EDGE ( 'NONE', *, *, #3229, .T. ) ;
#2873 = LINE ( 'NONE', #5665, #1499 ) ;
#2874 = DIRECTION ( 'NONE',  ( -0.9632452974707709226, 0.2686233364777642074, 0.000000000000000000 ) ) ;
#2875 = ADVANCED_FACE ( 'NONE', ( #5701 ), #3325, .T. ) ;
#2876 = EDGE_CURVE ( 'NONE', #38, #2649, #4333, .T. ) ;
#2877 = EDGE_CURVE ( 'NONE', #2450, #4107, #3410, .T. ) ;
#2878 = DIRECTION ( 'NONE',  ( -0.000000000000000000, 1.000000000000000000, -0.000000000000000000 ) ) ;
#2879 = ORIENTED_EDGE ( 'NONE', *, *, #80, .F. ) ;
#2880 = LINE ( 'NONE', #641, #2162 ) ;
#2881 = CARTESIAN_POINT ( 'NONE',  ( -7.062500000000000000, -0.7400000000000002132, -4.241944871367028469 ) ) ;
#2882 = EDGE_CURVE ( 'NONE', #3552, #5456, #4816, .T. ) ;
#2883 = DIRECTION ( 'NONE',  ( -0.000000000000000000, 0.000000000000000000, 1.000000000000000000 ) ) ;
#2884 = EDGE_CURVE ( 'NONE', #151, #4202, #3895, .T. ) ;
#2885 = EDGE_CURVE ( 'NONE', #4251, #750, #2689, .T. ) ;
#2886 = VERTEX_POINT ( 'NONE', #3190 ) ;
#2887 = ORIENTED_EDGE ( 'NONE', *, *, #4974, .T. ) ;
#2888 = CARTESIAN_POINT ( 'NONE',  ( -3.866957084846029069, -0.9899999999999993250, -0.8688465180732548587 ) ) ;
#2889 = CARTESIAN_POINT ( 'NONE',  ( -5.949999999999999289, 0.7399999999999984368, -0.9600000000000001865 ) ) ;
#2890 = FACE_OUTER_BOUND ( 'NONE', #5752, .T. ) ;
#2891 = CARTESIAN_POINT ( 'NONE',  ( -5.949999999999999289, 0.9899999999999984368, -0.9600000000000001865 ) ) ;
#2892 = CIRCLE ( 'NONE', #1347, 6.000000000000000000 ) ;
#2893 = CARTESIAN_POINT ( 'NONE',  ( -15.44619114447246844, 0.09632452974707653159, -1.135000000000000231 ) ) ;
#2894 = ADVANCED_FACE ( 'NONE', ( #4537 ), #5932, .F. ) ;
#2895 = ORIENTED_EDGE ( 'NONE', *, *, #4132, .T. ) ;
#2896 = LINE ( 'NONE', #3878, #4764 ) ;
#2897 = VECTOR ( 'NONE', #3026, 1.000000000000000000 ) ;
#2898 = CYLINDRICAL_SURFACE ( 'NONE', #2353, 0.1499999999999999112 ) ;
#2899 = DIRECTION ( 'NONE',  ( 0.000000000000000000, 0.000000000000000000, 1.000000000000000000 ) ) ;
#2900 = CIRCLE ( 'NONE', #4081, 0.07999999999999996003 ) ;
#2901 = VERTEX_POINT ( 'NONE', #3661 ) ;
#2902 = AXIS2_PLACEMENT_3D ( 'NONE', #3825, #3313, #3801 ) ;
#2903 = VERTEX_POINT ( 'NONE', #5515 ) ;
#2904 = ORIENTED_EDGE ( 'NONE', *, *, #4874, .T. ) ;
#2905 = FACE_OUTER_BOUND ( 'NONE', #759, .T. ) ;
#2906 = DIRECTION ( 'NONE',  ( -1.432545838226008399E-17, 1.000000000000000000, -0.000000000000000000 ) ) ;
#2907 = EDGE_CURVE ( 'NONE', #1795, #5023, #5056, .T. ) ;
#2908 = DIRECTION ( 'NONE',  ( -1.000000000000000000, 0.000000000000000000, 0.000000000000000000 ) ) ;
#2909 = ORIENTED_EDGE ( 'NONE', *, *, #5629, .T. ) ;
#2910 = CIRCLE ( 'NONE', #4960, 0.05000000000000004441 ) ;
#2911 = DIRECTION ( 'NONE',  ( -0.000000000000000000, -0.000000000000000000, -1.000000000000000000 ) ) ;
#2912 = DIRECTION ( 'NONE',  ( 0.9848077530122089085, 0.000000000000000000, 0.1736481776669255017 ) ) ;
#2913 = DIRECTION ( 'NONE',  ( 0.000000000000000000, 1.000000000000000000, 0.000000000000000000 ) ) ;
#2914 = VERTEX_POINT ( 'NONE', #5574 ) ;
#2915 = EDGE_LOOP ( 'NONE', ( #4398, #3290, #4047, #4518 ) ) ;
#2916 = FACE_OUTER_BOUND ( 'NONE', #1195, .T. ) ;
#2917 = EDGE_CURVE ( 'NONE', #2964, #4729, #3, .T. ) ;
#2918 = DIRECTION ( 'NONE',  ( -1.000000000000000000, 0.000000000000000000, 0.000000000000000000 ) ) ;
#2919 = AXIS2_PLACEMENT_3D ( 'NONE', #3239, #5982, #2739 ) ;
#2920 = ADVANCED_FACE ( 'NONE', ( #4212 ), #2329, .T. ) ;
#2921 = DIRECTION ( 'NONE',  ( -1.000000000000000000, 0.000000000000000000, -0.000000000000000000 ) ) ;
#2922 = PLANE ( 'NONE',  #4563 ) ;
#2923 = ADVANCED_FACE ( 'NONE', ( #5966 ), #6004, .T. ) ;
#2924 = DIRECTION ( 'NONE',  ( 0.000000000000000000, 0.000000000000000000, -1.000000000000000000 ) ) ;
#2925 = ORIENTED_EDGE ( 'NONE', *, *, #5724, .F. ) ;
#2926 = DIRECTION ( 'NONE',  ( -1.432545838226008399E-17, -1.000000000000000000, 0.000000000000000000 ) ) ;
#2927 = EDGE_CURVE ( 'NONE', #5173, #712, #3037, .T. ) ;
#2928 = LINE ( 'NONE', #3454, #2936 ) ;
#2929 = CARTESIAN_POINT ( 'NONE',  ( -13.61420173049477356, -0.9550000000000016254, -4.241944871367028469 ) ) ;
#2930 = ORIENTED_EDGE ( 'NONE', *, *, #3107, .F. ) ;
#2931 = ORIENTED_EDGE ( 'NONE', *, *, #702, .F. ) ;
#2932 = ORIENTED_EDGE ( 'NONE', *, *, #3826, .T. ) ;
#2933 = CARTESIAN_POINT ( 'NONE',  ( -4.885798269505219338, -0.9549999999999996270, -0.9600000000000001865 ) ) ;
#2934 = DIRECTION ( 'NONE',  ( 0.000000000000000000, -0.1402661271484180461, 0.9901138386947149206 ) ) ;
#2935 = CARTESIAN_POINT ( 'NONE',  ( -12.92368347295909992, 1.089999999999998082, -0.7600000000000006750 ) ) ;
#2936 = VECTOR ( 'NONE', #2525, 1.000000000000000000 ) ;
#2937 = AXIS2_PLACEMENT_3D ( 'NONE', #5898, #783, #2622 ) ;
#2938 = ORIENTED_EDGE ( 'NONE', *, *, #2088, .T. ) ;
#2939 = CARTESIAN_POINT ( 'NONE',  ( -18.15358983848622643, -0.3114982215127147791, -1.135000000000000231 ) ) ;
#2940 = ORIENTED_EDGE ( 'NONE', *, *, #3632, .F. ) ;
#2941 = CARTESIAN_POINT ( 'NONE',  ( -13.10000000000000142, 0.7506144545436229665, -0.9600000000000001865 ) ) ;
#2942 = CIRCLE ( 'NONE', #3743, 0.05000000000000026645 ) ;
#2943 = CYLINDRICAL_SURFACE ( 'NONE', #2009, 0.09999999999999997780 ) ;
#2944 = CARTESIAN_POINT ( 'NONE',  ( -5.399999999999998579, 0.7506144545436229665, -1.135000000000000231 ) ) ;
#2945 = AXIS2_PLACEMENT_3D ( 'NONE', #3685, #3655, #5017 ) ;
#2946 = EDGE_LOOP ( 'NONE', ( #4275, #2115, #114, #4975 ) ) ;
#2947 = ORIENTED_EDGE ( 'NONE', *, *, #4054, .T. ) ;
#2948 = DIRECTION ( 'NONE',  ( 0.000000000000000000, -0.000000000000000000, 1.000000000000000000 ) ) ;
#2949 = DIRECTION ( 'NONE',  ( 1.000000000000000000, 0.000000000000000000, 0.000000000000000000 ) ) ;
#2950 = CARTESIAN_POINT ( 'NONE',  ( -13.96557253896063777, 1.189999999999998392, -0.7511534819267453589 ) ) ;
#2951 = DIRECTION ( 'NONE',  ( 0.1736481776669235033, 0.000000000000000000, -0.9848077530122093526 ) ) ;
#2952 = AXIS2_PLACEMENT_3D ( 'NONE', #628, #2470, #1142 ) ;
#2953 = ADVANCED_FACE ( 'NONE', ( #3159 ), #495, .T. ) ;
#2954 = CIRCLE ( 'NONE', #350, 5.900000000000000355 ) ;
#2955 = DIRECTION ( 'NONE',  ( -0.000000000000000000, 0.000000000000000000, 1.000000000000000000 ) ) ;
#2956 = VERTEX_POINT ( 'NONE', #1270 ) ;
#2957 = ORIENTED_EDGE ( 'NONE', *, *, #3378, .T. ) ;
#2958 = CARTESIAN_POINT ( 'NONE',  ( -16.15000000000000213, 0.8999999999999999112, -0.9100000000000001421 ) ) ;
#2959 = CARTESIAN_POINT ( 'NONE',  ( -1.949999999999999734, 0.8000000000000000444, -0.9100000000000001421 ) ) ;
#2960 = AXIS2_PLACEMENT_3D ( 'NONE', #1764, #2140, #1704 ) ;
#2961 = CARTESIAN_POINT ( 'NONE',  ( 0.5886859966642593589, 0.8750000000000000000, -1.060000000000000053 ) ) ;
#2962 = ORIENTED_EDGE ( 'NONE', *, *, #1242, .T. ) ;
#2963 = EDGE_CURVE ( 'NONE', #1639, #2078, #1201, .T. ) ;
#2964 = VERTEX_POINT ( 'NONE', #5443 ) ;
#2965 = LINE ( 'NONE', #2562, #536 ) ;
#2966 = CYLINDRICAL_SURFACE ( 'NONE', #4852, 6.000000000000000000 ) ;
#2967 = EDGE_LOOP ( 'NONE', ( #4087, #2254, #89, #1484 ) ) ;
#2968 = DIRECTION ( 'NONE',  ( -0.000000000000000000, -0.000000000000000000, -1.000000000000000000 ) ) ;
#2969 = ORIENTED_EDGE ( 'NONE', *, *, #4211, .F. ) ;
#2970 = CARTESIAN_POINT ( 'NONE',  ( -7.612499999999999822, 0.7399999999999984368, -1.135000000000000231 ) ) ;
#2971 = CARTESIAN_POINT ( 'NONE',  ( 0.000000000000000000, 0.8750000000000000000, -1.060000000000000053 ) ) ;
#2972 = DIRECTION ( 'NONE',  ( 1.000000000000000000, 0.000000000000000000, 0.000000000000000000 ) ) ;
#2973 = ORIENTED_EDGE ( 'NONE', *, *, #2569, .T. ) ;
#2974 = EDGE_LOOP ( 'NONE', ( #5793, #5792, #1572, #5125 ) ) ;
#2975 = CARTESIAN_POINT ( 'NONE',  ( -13.22686233364777664, 0.7152359445967784168, -0.9599999999999999645 ) ) ;
#2976 = FACE_OUTER_BOUND ( 'NONE', #4619, .T. ) ;
#2977 = LINE ( 'NONE', #5243, #293 ) ;
#2978 = CARTESIAN_POINT ( 'NONE',  ( 0.000000000000000000, 0.000000000000000000, 0.000000000000000000 ) ) ;
#2979 = DIRECTION ( 'NONE',  ( 1.000000000000000000, 0.000000000000000000, 0.000000000000000000 ) ) ;
#2980 = DIRECTION ( 'NONE',  ( 1.426102104458186769E-16, 1.000000000000000000, 0.000000000000000000 ) ) ;
#2981 = ORIENTED_EDGE ( 'NONE', *, *, #2602, .F. ) ;
#2982 = EDGE_CURVE ( 'NONE', #5715, #2095, #5543, .T. ) ;
#2983 = VERTEX_POINT ( 'NONE', #4078 ) ;
#2984 = CYLINDRICAL_SURFACE ( 'NONE', #5439, 5.899999999999998579 ) ;
#2985 = ADVANCED_FACE ( 'NONE', ( #2302 ), #401, .F. ) ;
#2986 = CARTESIAN_POINT ( 'NONE',  ( -12.92368347295909814, 0.9899999999999984368, -0.6600000000000001421 ) ) ;
#2987 = CIRCLE ( 'NONE', #3785, 0.07999999999999996003 ) ;
#2988 = CARTESIAN_POINT ( 'NONE',  ( -0.5964101615137744616, -0.7399999999999984368, -1.135000000000000231 ) ) ;
#2989 = EDGE_LOOP ( 'NONE', ( #4510, #5065, #2210, #4747 ) ) ;
#2990 = ORIENTED_EDGE ( 'NONE', *, *, #1178, .F. ) ;
#2991 = CIRCLE ( 'NONE', #4074, 0.1000000000000014211 ) ;
#2992 = DIRECTION ( 'NONE',  ( -0.000000000000000000, 0.000000000000000000, 1.000000000000000000 ) ) ;
#2993 = EDGE_CURVE ( 'NONE', #4001, #1429, #5478, .T. ) ;
#2994 = CARTESIAN_POINT ( 'NONE',  ( -2.825068018844486328, 0.000000000000000000, 5.040000000000000036 ) ) ;
#2995 = EDGE_CURVE ( 'NONE', #2790, #1224, #4991, .T. ) ;
#2996 = CIRCLE ( 'NONE', #392, 0.2500000000000000000 ) ;
#2997 = EDGE_CURVE ( 'NONE', #5644, #3764, #3719, .T. ) ;
#2998 = ORIENTED_EDGE ( 'NONE', *, *, #1001, .F. ) ;
#2999 = CARTESIAN_POINT ( 'NONE',  ( -14.57843092739264002, 1.089999999999998082, -0.9607596123493866713 ) ) ;
#3000 = ORIENTED_EDGE ( 'NONE', *, *, #2471, .F. ) ;
#3001 = AXIS2_PLACEMENT_3D ( 'NONE', #2181, #5950, #4005 ) ;
#3002 = CARTESIAN_POINT ( 'NONE',  ( -13.10000000000000142, 0.7506144545436229665, -1.135000000000000231 ) ) ;
#3003 = CARTESIAN_POINT ( 'NONE',  ( 0.5886859966642593589, -0.8750000000000000000, -1.060000000000000053 ) ) ;
#3004 = VECTOR ( 'NONE', #4654, 1.000000000000000000 ) ;
#3005 = CARTESIAN_POINT ( 'NONE',  ( -18.50000000000000000, 0.9899999999999984368, -0.9600000000000001865 ) ) ;
#3006 = ADVANCED_FACE ( 'NONE', ( #2272 ), #1370, .T. ) ;
#3007 = ORIENTED_EDGE ( 'NONE', *, *, #4266, .F. ) ;
#3008 = EDGE_LOOP ( 'NONE', ( #512, #3459 ) ) ;
#3009 = VECTOR ( 'NONE', #5577, 1.000000000000000000 ) ;
#3010 = DIRECTION ( 'NONE',  ( 1.000000000000000000, -0.000000000000000000, -0.000000000000000000 ) ) ;
#3011 = CARTESIAN_POINT ( 'NONE',  ( -0.2651845289799137362, -0.9899999999999984368, -1.503936198047713058 ) ) ;
#3012 = CARTESIAN_POINT ( 'NONE',  ( 0.5886859966642593589, -0.8750000000000000000, -1.140000000000000124 ) ) ;
#3013 = CARTESIAN_POINT ( 'NONE',  ( -3.053808855527532007, -0.09632452974707700344, -1.135000000000000231 ) ) ;
#3014 = EDGE_LOOP ( 'NONE', ( #4585, #3419, #640, #1159, #3671, #5175, #1100, #482 ) ) ;
#3015 = ORIENTED_EDGE ( 'NONE', *, *, #1952, .T. ) ;
#3016 = VECTOR ( 'NONE', #4064, 1.000000000000000000 ) ;
#3017 = DIRECTION ( 'NONE',  ( -0.000000000000000000, 0.000000000000000000, 1.000000000000000000 ) ) ;
#3018 = CARTESIAN_POINT ( 'NONE',  ( -0.4464101615137743839, 0.3114982215127147791, -1.135000000000000231 ) ) ;
#3019 = PLANE ( 'NONE',  #3035 ) ;
#3020 = DIRECTION ( 'NONE',  ( 0.000000000000000000, -0.000000000000000000, -1.000000000000000000 ) ) ;
#3021 = VECTOR ( 'NONE', #2305, 1.000000000000000000 ) ;
#3022 = ORIENTED_EDGE ( 'NONE', *, *, #5951, .T. ) ;
#3023 = ORIENTED_EDGE ( 'NONE', *, *, #977, .F. ) ;
#3024 = PLANE ( 'NONE',  #346 ) ;
#3025 = CARTESIAN_POINT ( 'NONE',  ( 0.5886859966642593589, 0.8750000000000000000, -1.060000000000000053 ) ) ;
#3026 = DIRECTION ( 'NONE',  ( -1.000000000000000000, 0.000000000000000000, 0.000000000000000000 ) ) ;
#3027 = ORIENTED_EDGE ( 'NONE', *, *, #2907, .T. ) ;
#3028 = DIRECTION ( 'NONE',  ( 1.000000000000000000, 0.000000000000000000, -1.189916929857710326E-16 ) ) ;
#3029 = EDGE_CURVE ( 'NONE', #4722, #4657, #2627, .T. ) ;
#3030 = VERTEX_POINT ( 'NONE', #2510 ) ;
#3031 = EDGE_CURVE ( 'NONE', #5220, #5416, #4417, .T. ) ;
#3032 = PLANE ( 'NONE',  #1061 ) ;
#3033 = DIRECTION ( 'NONE',  ( -1.000000000000000000, 0.000000000000000000, 0.000000000000000000 ) ) ;
#3034 = VECTOR ( 'NONE', #834, 1.000000000000000000 ) ;
#3035 = AXIS2_PLACEMENT_3D ( 'NONE', #4891, #717, #2556 ) ;
#3036 = ORIENTED_EDGE ( 'NONE', *, *, #2695, .T. ) ;
#3037 = CIRCLE ( 'NONE', #2447, 0.09999999999999997780 ) ;
#3038 = EDGE_LOOP ( 'NONE', ( #4961, #2938 ) ) ;
#3039 = CARTESIAN_POINT ( 'NONE',  ( -16.65000000000000213, -0.2114982215127146903, -4.241944871367028469 ) ) ;
#3040 = CARTESIAN_POINT ( 'NONE',  ( -5.576316527040902749, -1.189999999999998392, -0.7600000000000010081 ) ) ;
#3041 = VECTOR ( 'NONE', #2308, 1.000000000000000000 ) ;
#3042 = DIRECTION ( 'NONE',  ( 0.000000000000000000, -1.000000000000000000, 0.000000000000000000 ) ) ;
#3043 = AXIS2_PLACEMENT_3D ( 'NONE', #5453, #2084, #3102 ) ;
#3044 = CYLINDRICAL_SURFACE ( 'NONE', #1318, 0.1499999999999999112 ) ;
#3045 = VERTEX_POINT ( 'NONE', #155 ) ;
#3046 = VECTOR ( 'NONE', #1092, 1.000000000000000000 ) ;
#3047 = AXIS2_PLACEMENT_3D ( 'NONE', #3581, #1207, #328 ) ;
#3048 = ORIENTED_EDGE ( 'NONE', *, *, #108, .T. ) ;
#3049 = CIRCLE ( 'NONE', #462, 0.1499999999999999112 ) ;
#3050 = CARTESIAN_POINT ( 'NONE',  ( -13.35840271350518726, -0.9899999999999994360, -0.9600000000000001865 ) ) ;
#3051 = CARTESIAN_POINT ( 'NONE',  ( -16.05000000000000071, 0.3432012612066360768, -0.9599999999999999645 ) ) ;
#3052 = CARTESIAN_POINT ( 'NONE',  ( -2.349999999999999645, 0.3432012612066359658, 0.000000000000000000 ) ) ;
#3053 = CARTESIAN_POINT ( 'NONE',  ( -1.949999999999999734, 0.2114982215127146903, -4.241944871367028469 ) ) ;
#3054 = CYLINDRICAL_SURFACE ( 'NONE', #3593, 0.1000000000000000888 ) ;
#3055 = VERTEX_POINT ( 'NONE', #181 ) ;
#3056 = ORIENTED_EDGE ( 'NONE', *, *, #5687, .F. ) ;
#3057 = VECTOR ( 'NONE', #216, 1.000000000000000000 ) ;
#3058 = CARTESIAN_POINT ( 'NONE',  ( -0.4464101615137743284, 0.2114982215127146903, -1.135000000000000231 ) ) ;
#3059 = CARTESIAN_POINT ( 'NONE',  ( -16.14999999999999858, 0.2114982215127146903, -4.241944871367028469 ) ) ;
#3060 = CARTESIAN_POINT ( 'NONE',  ( -5.576316527040901860, 9.753686360283015944, -6.660000000000001030 ) ) ;
#3061 = ORIENTED_EDGE ( 'NONE', *, *, #4473, .F. ) ;
#3062 = CARTESIAN_POINT ( 'NONE',  ( -0.2651845289799109606, 1.189999999999998392, -1.503936198047713502 ) ) ;
#3063 = ORIENTED_EDGE ( 'NONE', *, *, #1768, .T. ) ;
#3064 = EDGE_CURVE ( 'NONE', #3506, #1716, #3919, .T. ) ;
#3065 = FACE_OUTER_BOUND ( 'NONE', #3213, .T. ) ;
#3066 = EDGE_CURVE ( 'NONE', #4264, #1592, #2355, .T. ) ;
#3067 = CARTESIAN_POINT ( 'NONE',  ( -5.949999999999999289, -0.9899999999999998801, -0.9600000000000001865 ) ) ;
#3068 = VERTEX_POINT ( 'NONE', #4045 ) ;
#3069 = VERTEX_POINT ( 'NONE', #3184 ) ;
#3070 = EDGE_CURVE ( 'NONE', #2111, #5201, #3616, .T. ) ;
#3071 = LINE ( 'NONE', #1701, #1301 ) ;
#3072 = FACE_OUTER_BOUND ( 'NONE', #1304, .T. ) ;
#3073 = EDGE_CURVE ( 'NONE', #353, #3857, #5438, .T. ) ;
#3074 = ADVANCED_FACE ( 'NONE', ( #5998 ), #1691, .T. ) ;
#3075 = CARTESIAN_POINT ( 'NONE',  ( -16.14999999999999858, -0.2114982215127141629, -1.135000000000000231 ) ) ;
#3076 = DIRECTION ( 'NONE',  ( -0.000000000000000000, 0.000000000000000000, 1.000000000000000000 ) ) ;
#3077 = VERTEX_POINT ( 'NONE', #1236 ) ;
#3078 = ORIENTED_EDGE ( 'NONE', *, *, #738, .F. ) ;
#3079 = CARTESIAN_POINT ( 'NONE',  ( -14.63304291515397892, 1.189999999999998392, -0.8688465180732551918 ) ) ;
#3080 = DIRECTION ( 'NONE',  ( 0.000000000000000000, 0.000000000000000000, 1.000000000000000000 ) ) ;
#3081 = FACE_BOUND ( 'NONE', #1120, .T. ) ;
#3082 = DIRECTION ( 'NONE',  ( -0.2686233364777642629, 0.9632452974707710336, 0.000000000000000000 ) ) ;
#3083 = PLANE ( 'NONE',  #503 ) ;
#3084 = ADVANCED_FACE ( 'NONE', ( #3089 ), #4953, .T. ) ;
#3085 = EDGE_LOOP ( 'NONE', ( #1253, #3000, #657, #5265 ) ) ;
#3086 = ORIENTED_EDGE ( 'NONE', *, *, #4908, .F. ) ;
#3087 = LINE ( 'NONE', #4560, #4529 ) ;
#3088 = DIRECTION ( 'NONE',  ( 1.224646799147353207E-16, -1.000000000000000000, 0.000000000000000000 ) ) ;
#3089 = FACE_OUTER_BOUND ( 'NONE', #199, .T. ) ;
#3090 = AXIS2_PLACEMENT_3D ( 'NONE', #2273, #1406, #4957 ) ;
#3091 = VERTEX_POINT ( 'NONE', #1265 ) ;
#3092 = DIRECTION ( 'NONE',  ( 1.426102104458186769E-16, 1.000000000000000000, 0.000000000000000000 ) ) ;
#3093 = ORIENTED_EDGE ( 'NONE', *, *, #5507, .F. ) ;
#3094 = DIRECTION ( 'NONE',  ( 0.000000000000000000, 0.000000000000000000, -1.000000000000000000 ) ) ;
#3095 = AXIS2_PLACEMENT_3D ( 'NONE', #1881, #3319, #5719 ) ;
#3096 = DIRECTION ( 'NONE',  ( 0.000000000000000000, -1.000000000000000000, 0.000000000000000000 ) ) ;
#3097 = CIRCLE ( 'NONE', #3592, 0.03500000000000014211 ) ;
#3098 = VECTOR ( 'NONE', #4261, 1.000000000000000000 ) ;
#3099 = ORIENTED_EDGE ( 'NONE', *, *, #1939, .F. ) ;
#3100 = VERTEX_POINT ( 'NONE', #3154 ) ;
#3101 = FACE_OUTER_BOUND ( 'NONE', #1947, .T. ) ;
#3102 = DIRECTION ( 'NONE',  ( 1.000000000000000000, 0.000000000000000000, 0.000000000000000000 ) ) ;
#3103 = DIRECTION ( 'NONE',  ( -1.000000000000000000, -2.220446049250313081E-16, 0.000000000000000000 ) ) ;
#3104 = ORIENTED_EDGE ( 'NONE', *, *, #3357, .T. ) ;
#3105 = ADVANCED_FACE ( 'NONE', ( #4562 ), #395, .F. ) ;
#3106 = ORIENTED_EDGE ( 'NONE', *, *, #4441, .T. ) ;
#3107 = EDGE_CURVE ( 'NONE', #2836, #5021, #3738, .T. ) ;
#3108 = LINE ( 'NONE', #5398, #2352 ) ;
#3109 = DIRECTION ( 'NONE',  ( 1.000000000000000000, -0.000000000000000000, 0.000000000000000000 ) ) ;
#3110 = CARTESIAN_POINT ( 'NONE',  ( -18.50000000000000000, -0.8750000000000000000, -1.140000000000000124 ) ) ;
#3111 = VECTOR ( 'NONE', #1810, 1.000000000000000000 ) ;
#3112 = CARTESIAN_POINT ( 'NONE',  ( 0.5886859966642593589, 0.000000000000000000, -1.060000000000000053 ) ) ;
#3113 = EDGE_CURVE ( 'NONE', #5853, #1869, #5773, .T. ) ;
#3114 = LINE ( 'NONE', #777, #987 ) ;
#3115 = EDGE_LOOP ( 'NONE', ( #87, #4305, #2714, #2871 ) ) ;
#3116 = ORIENTED_EDGE ( 'NONE', *, *, #3761, .T. ) ;
#3117 = ADVANCED_FACE ( 'NONE', ( #111, #569 ), #3824, .T. ) ;
#3118 = DIRECTION ( 'NONE',  ( -1.000000000000000000, -2.400482215405744004E-16, 1.223127061027714285E-16 ) ) ;
#3119 = CARTESIAN_POINT ( 'NONE',  ( -13.60479991371805220, -0.9212864145885244493, -1.135000000000000231 ) ) ;
#3120 = AXIS2_PLACEMENT_3D ( 'NONE', #2568, #2168, #3033 ) ;
#3121 = ORIENTED_EDGE ( 'NONE', *, *, #2159, .T. ) ;
#3122 = ORIENTED_EDGE ( 'NONE', *, *, #1766, .F. ) ;
#3123 = DIRECTION ( 'NONE',  ( 1.000000000000000000, 0.000000000000000000, 0.000000000000000000 ) ) ;
#3124 = CARTESIAN_POINT ( 'NONE',  ( -1.949999999999999734, -0.9899999999999984368, -1.135000000000000231 ) ) ;
#3125 = CARTESIAN_POINT ( 'NONE',  ( -10.63749999999999929, -0.9900000000000009903, -0.9600000000000007416 ) ) ;
#3126 = ORIENTED_EDGE ( 'NONE', *, *, #1063, .T. ) ;
#3127 = CARTESIAN_POINT ( 'NONE',  ( -2.349999999999999645, 0.3432012612066359658, -0.9600000000000001865 ) ) ;
#3128 = ORIENTED_EDGE ( 'NONE', *, *, #2804, .F. ) ;
#3129 = LINE ( 'NONE', #4545, #3137 ) ;
#3130 = DIRECTION ( 'NONE',  ( 0.000000000000000000, 0.000000000000000000, -1.000000000000000000 ) ) ;
#3131 = AXIS2_PLACEMENT_3D ( 'NONE', #1285, #5918, #2608 ) ;
#3132 = VECTOR ( 'NONE', #3734, 1.000000000000000000 ) ;
#3133 = AXIS2_PLACEMENT_3D ( 'NONE', #1510, #1562, #3666 ) ;
#3134 = DIRECTION ( 'NONE',  ( -1.000000000000000000, 0.000000000000000000, 0.000000000000000000 ) ) ;
#3135 = ORIENTED_EDGE ( 'NONE', *, *, #4547, .F. ) ;
#3136 = ORIENTED_EDGE ( 'NONE', *, *, #4720, .T. ) ;
#3137 = VECTOR ( 'NONE', #1315, 1.000000000000000000 ) ;
#3138 = LINE ( 'NONE', #3638, #3034 ) ;
#3139 = CARTESIAN_POINT ( 'NONE',  ( -12.92368347295909814, 1.189999999999998392, -6.660000000000000142 ) ) ;
#3140 = VECTOR ( 'NONE', #5217, 1.000000000000000000 ) ;
#3141 = DIRECTION ( 'NONE',  ( 0.000000000000000000, 0.000000000000000000, 1.000000000000000000 ) ) ;
#3142 = LINE ( 'NONE', #1772, #2446 ) ;
#3143 = VECTOR ( 'NONE', #1222, 1.000000000000000000 ) ;
#3144 = CARTESIAN_POINT ( 'NONE',  ( -1.699999999999999734, 0.9899999999999984368, -1.135000000000000231 ) ) ;
#3145 = EDGE_CURVE ( 'NONE', #2032, #3954, #5030, .T. ) ;
#3146 = VECTOR ( 'NONE', #3861, 1.000000000000000000 ) ;
#3147 = ORIENTED_EDGE ( 'NONE', *, *, #1069, .F. ) ;
#3148 = ORIENTED_EDGE ( 'NONE', *, *, #2721, .T. ) ;
#3149 = ORIENTED_EDGE ( 'NONE', *, *, #2884, .T. ) ;
#3150 = VECTOR ( 'NONE', #2899, 1.000000000000000000 ) ;
#3151 = EDGE_CURVE ( 'NONE', #2312, #3990, #4511, .T. ) ;
#3152 = DIRECTION ( 'NONE',  ( 1.000000000000000000, 0.000000000000000000, 0.000000000000000000 ) ) ;
#3153 = CARTESIAN_POINT ( 'NONE',  ( -5.576316527040901860, 1.189999999999998392, -6.660000000000001030 ) ) ;
#3154 = CARTESIAN_POINT ( 'NONE',  ( -5.949999999999999289, -0.9899999999999998801, -0.9600000000000012967 ) ) ;
#3155 = VERTEX_POINT ( 'NONE', #2632 ) ;
#3156 = CARTESIAN_POINT ( 'NONE',  ( -1.949999999999999734, 0.8999999999999999112, -0.9100000000000001421 ) ) ;
#3157 = ORIENTED_EDGE ( 'NONE', *, *, #5019, .F. ) ;
#3158 = CIRCLE ( 'NONE', #1695, 0.1499999999999999112 ) ;
#3159 = FACE_OUTER_BOUND ( 'NONE', #60, .T. ) ;
#3160 = CARTESIAN_POINT ( 'NONE',  ( -16.55000000000000071, 0.8000000000000000444, -0.9100000000000001421 ) ) ;
#3161 = DIRECTION ( 'NONE',  ( 0.000000000000000000, -1.000000000000000000, 0.000000000000000000 ) ) ;
#3162 = CARTESIAN_POINT ( 'NONE',  ( -11.43750000000000000, 0.9899999999999984368, -1.135000000000000231 ) ) ;
#3163 = CIRCLE ( 'NONE', #5299, 0.07999999999999996003 ) ;
#3164 = ADVANCED_FACE ( 'NONE', ( #1759 ), #2171, .F. ) ;
#3165 = VERTEX_POINT ( 'NONE', #406 ) ;
#3166 = EDGE_LOOP ( 'NONE', ( #148, #804, #4880, #2957 ) ) ;
#3167 = LINE ( 'NONE', #5032, #3833 ) ;
#3168 = DIRECTION ( 'NONE',  ( -1.000000000000000000, 0.000000000000000000, 0.000000000000000000 ) ) ;
#3169 = FACE_OUTER_BOUND ( 'NONE', #5907, .T. ) ;
#3170 = ORIENTED_EDGE ( 'NONE', *, *, #3107, .T. ) ;
#3171 = VERTEX_POINT ( 'NONE', #3127 ) ;
#3172 = CARTESIAN_POINT ( 'NONE',  ( -5.273137666352223363, -0.7152359445967793050, -1.135000000000000231 ) ) ;
#3173 = LINE ( 'NONE', #4224, #5565 ) ;
#3174 = LINE ( 'NONE', #5160, #2643 ) ;
#3175 = CARTESIAN_POINT ( 'NONE',  ( -11.43750000000000000, -0.7400000000000008793, -0.9600000000000001865 ) ) ;
#3176 = FACE_OUTER_BOUND ( 'NONE', #4446, .T. ) ;
#3177 = CARTESIAN_POINT ( 'NONE',  ( -2.349999999999999645, -0.7399999999999991029, -0.9600000000000001865 ) ) ;
#3178 = EDGE_CURVE ( 'NONE', #3424, #2039, #5486, .T. ) ;
#3179 = ORIENTED_EDGE ( 'NONE', *, *, #599, .T. ) ;
#3180 = ORIENTED_EDGE ( 'NONE', *, *, #2201, .F. ) ;
#3181 = ORIENTED_EDGE ( 'NONE', *, *, #4470, .F. ) ;
#3182 = LINE ( 'NONE', #5047, #210 ) ;
#3183 = CARTESIAN_POINT ( 'NONE',  ( -3.921569072607348438, 1.189999999999997726, -0.9607596123493885587 ) ) ;
#3184 = CARTESIAN_POINT ( 'NONE',  ( -16.55000000000000071, -0.8000000000000000444, -0.9100000000000001421 ) ) ;
#3185 = ORIENTED_EDGE ( 'NONE', *, *, #1615, .T. ) ;
#3186 = FACE_OUTER_BOUND ( 'NONE', #463, .T. ) ;
#3187 = ORIENTED_EDGE ( 'NONE', *, *, #5335, .F. ) ;
#3188 = ADVANCED_FACE ( 'NONE', ( #4056 ), #1276, .F. ) ;
#3189 = ADVANCED_FACE ( 'NONE', ( #1313 ), #2666, .F. ) ;
#3190 = CARTESIAN_POINT ( 'NONE',  ( -13.10000000000000142, -0.6189114148497024681, -1.135000000000000231 ) ) ;
#3191 = DIRECTION ( 'NONE',  ( 1.000000000000000000, -0.000000000000000000, 0.000000000000000000 ) ) ;
#3192 = EDGE_CURVE ( 'NONE', #4657, #841, #4715, .T. ) ;
#3193 = DIRECTION ( 'NONE',  ( 0.000000000000000000, 0.000000000000000000, 1.000000000000000000 ) ) ;
#3194 = DIRECTION ( 'NONE',  ( 0.000000000000000000, 0.000000000000000000, -1.000000000000000000 ) ) ;
#3195 = AXIS2_PLACEMENT_3D ( 'NONE', #703, #3094, #2567 ) ;
#3196 = ORIENTED_EDGE ( 'NONE', *, *, #5978, .F. ) ;
#3197 = EDGE_LOOP ( 'NONE', ( #256, #5980, #6009, #884 ) ) ;
#3198 = AXIS2_PLACEMENT_3D ( 'NONE', #4538, #4080, #5933 ) ;
#3199 = EDGE_CURVE ( 'NONE', #4900, #14, #3434, .T. ) ;
#3200 = DIRECTION ( 'NONE',  ( -1.432545838226008399E-17, -1.000000000000000000, 0.000000000000000000 ) ) ;
#3201 = CARTESIAN_POINT ( 'NONE',  ( -0.5964101615137746837, 0.9899999999999984368, -1.135000000000000231 ) ) ;
#3202 = ADVANCED_FACE ( 'NONE', ( #5758 ), #5298, .T. ) ;
#3203 = AXIS2_PLACEMENT_3D ( 'NONE', #5568, #3744, #1395 ) ;
#3204 = ORIENTED_EDGE ( 'NONE', *, *, #4687, .F. ) ;
#3205 = ORIENTED_EDGE ( 'NONE', *, *, #268, .T. ) ;
#3206 = DIRECTION ( 'NONE',  ( 0.000000000000000000, -0.9854601157443477755, 0.1699069165076472210 ) ) ;
#3207 = CARTESIAN_POINT ( 'NONE',  ( -7.853451737060907821E-17, 1.189999999999998392, -0.6600000000000016964 ) ) ;
#3208 = DIRECTION ( 'NONE',  ( 2.400482215405744004E-16, -1.000000000000000000, -0.000000000000000000 ) ) ;
#3209 = LINE ( 'NONE', #995, #5276 ) ;
#3210 = CARTESIAN_POINT ( 'NONE',  ( -10.88749999999999929, 0.7399999999999984368, -0.9600000000000001865 ) ) ;
#3211 = FACE_OUTER_BOUND ( 'NONE', #1904, .T. ) ;
#3212 = ORIENTED_EDGE ( 'NONE', *, *, #5096, .T. ) ;
#3213 = EDGE_LOOP ( 'NONE', ( #4455, #1525, #571, #665 ) ) ;
#3214 = AXIS2_PLACEMENT_3D ( 'NONE', #1605, #337, #3431 ) ;
#3215 = ORIENTED_EDGE ( 'NONE', *, *, #3999, .F. ) ;
#3216 = EDGE_CURVE ( 'NONE', #3376, #944, #5778, .T. ) ;
#3217 = DIRECTION ( 'NONE',  ( -0.000000000000000000, 0.000000000000000000, 1.000000000000000000 ) ) ;
#3218 = CARTESIAN_POINT ( 'NONE',  ( -18.50000000000000000, 1.189999999999998392, -1.160000000000000142 ) ) ;
#3219 = EDGE_CURVE ( 'NONE', #630, #3399, #649, .T. ) ;
#3220 = ORIENTED_EDGE ( 'NONE', *, *, #3073, .F. ) ;
#3221 = DIRECTION ( 'NONE',  ( 0.1736481776669235033, 0.000000000000000000, -0.9848077530122093526 ) ) ;
#3222 = ORIENTED_EDGE ( 'NONE', *, *, #5694, .F. ) ;
#3223 = CARTESIAN_POINT ( 'NONE',  ( -1.949999999999999734, 0.8000000000000000444, -0.9100000000000001421 ) ) ;
#3224 = PLANE ( 'NONE',  #2404 ) ;
#3225 = EDGE_CURVE ( 'NONE', #5644, #4140, #681, .T. ) ;
#3226 = ADVANCED_FACE ( 'NONE', ( #1590 ), #3446, .F. ) ;
#3227 = LINE ( 'NONE', #5517, #1077 ) ;
#3228 = DIRECTION ( 'NONE',  ( 1.000000000000000000, -3.977017136376344019E-17, 0.000000000000000000 ) ) ;
#3229 = EDGE_CURVE ( 'NONE', #3045, #5818, #2061, .T. ) ;
#3230 = VECTOR ( 'NONE', #821, 1.000000000000000000 ) ;
#3231 = ORIENTED_EDGE ( 'NONE', *, *, #5383, .F. ) ;
#3232 = ORIENTED_EDGE ( 'NONE', *, *, #2425, .T. ) ;
#3233 = CYLINDRICAL_SURFACE ( 'NONE', #1015, 0.2500000000000000000 ) ;
#3234 = CARTESIAN_POINT ( 'NONE',  ( -5.273137666352222475, 0.7152359445967784168, -1.135000000000000231 ) ) ;
#3235 = ADVANCED_FACE ( 'NONE', ( #4163 ), #1895, .F. ) ;
#3236 = VERTEX_POINT ( 'NONE', #2706 ) ;
#3237 = ORIENTED_EDGE ( 'NONE', *, *, #2266, .T. ) ;
#3238 = DIRECTION ( 'NONE',  ( 0.000000000000000000, -0.1699069165076472487, -0.9854601157443478865 ) ) ;
#3239 = CARTESIAN_POINT ( 'NONE',  ( -16.80000000000000071, 0.7399999999999984368, -0.9599999999999999645 ) ) ;
#3240 = DIRECTION ( 'NONE',  ( -1.000000000000000000, 0.000000000000000000, 1.669587230693022918E-16 ) ) ;
#3241 = PLANE ( 'NONE',  #526 ) ;
#3242 = VECTOR ( 'NONE', #5107, 1.000000000000000000 ) ;
#3243 = CARTESIAN_POINT ( 'NONE',  ( -11.68750000000000000, 0.7399999999999984368, -1.135000000000000231 ) ) ;
#3244 = VECTOR ( 'NONE', #810, 1.000000000000000000 ) ;
#3245 = MECHANICAL_DESIGN_GEOMETRIC_PRESENTATION_REPRESENTATION (  '', ( #4985 ), #1009 ) ;
#3246 = VECTOR ( 'NONE', #4546, 1.000000000000000000 ) ;
#3247 = EDGE_LOOP ( 'NONE', ( #1930, #2578, #3180, #4773, #130, #4804, #4693, #361, #5043, #2819, #4268, #415, #3523, #674, #4232, #3571 ) ) ;
#3248 = ORIENTED_EDGE ( 'NONE', *, *, #5841, .F. ) ;
#3249 = AXIS2_PLACEMENT_3D ( 'NONE', #3675, #5134, #452 ) ;
#3250 = DIRECTION ( 'NONE',  ( 0.000000000000000000, 0.000000000000000000, 1.000000000000000000 ) ) ;
#3251 = CARTESIAN_POINT ( 'NONE',  ( -2.914659381970696644E-16, 1.189999999999998392, -0.9600000000000001865 ) ) ;
#3252 = CARTESIAN_POINT ( 'NONE',  ( -11.43750000000000000, -0.7400000000000013234, -0.9599999999999999645 ) ) ;
#3253 = VECTOR ( 'NONE', #1949, 1.000000000000000000 ) ;
#3254 = VERTEX_POINT ( 'NONE', #937 ) ;
#3255 = CARTESIAN_POINT ( 'NONE',  ( -4.534427461039360452, 0.9899999999999984368, -0.7511534819267460250 ) ) ;
#3256 = EDGE_LOOP ( 'NONE', ( #3470, #5209, #1239, #5566 ) ) ;
#3257 = CIRCLE ( 'NONE', #4033, 0.09999999999999964473 ) ;
#3258 = CARTESIAN_POINT ( 'NONE',  ( -16.15000000000000213, -0.3432012612066350776, -0.9600000000000001865 ) ) ;
#3259 = DIRECTION ( 'NONE',  ( 0.000000000000000000, -1.000000000000000000, 0.000000000000000000 ) ) ;
#3260 = DIRECTION ( 'NONE',  ( 1.000000000000000000, 0.000000000000000000, 0.000000000000000000 ) ) ;
#3261 = CARTESIAN_POINT ( 'NONE',  ( -18.50000000000000000, -0.8750000000000000000, -1.060000000000000053 ) ) ;
#3262 = VECTOR ( 'NONE', #5930, 1.000000000000000000 ) ;
#3263 = ORIENTED_EDGE ( 'NONE', *, *, #4808, .F. ) ;
#3264 = EDGE_CURVE ( 'NONE', #2465, #735, #2453, .T. ) ;
#3265 = ORIENTED_EDGE ( 'NONE', *, *, #5951, .F. ) ;
#3266 = CARTESIAN_POINT ( 'NONE',  ( -16.55000000000000071, 0.2114982215127146903, -1.135000000000000231 ) ) ;
#3267 = VECTOR ( 'NONE', #2243, 1.000000000000000000 ) ;
#3268 = EDGE_CURVE ( 'NONE', #3958, #23, #4135, .T. ) ;
#3269 = LINE ( 'NONE', #1383, #3554 ) ;
#3270 = ORIENTED_EDGE ( 'NONE', *, *, #3887, .F. ) ;
#3271 = EDGE_LOOP ( 'NONE', ( #1128, #5698, #3566, #1519, #2685, #3237, #723, #932 ) ) ;
#3272 = DIRECTION ( 'NONE',  ( -1.000000000000000000, -0.000000000000000000, -0.000000000000000000 ) ) ;
#3273 = DIRECTION ( 'NONE',  ( 1.000000000000000000, 0.000000000000000000, 0.000000000000000000 ) ) ;
#3274 = EDGE_CURVE ( 'NONE', #3578, #2211, #5620, .T. ) ;
#3275 = DIRECTION ( 'NONE',  ( 0.000000000000000000, -0.000000000000000000, -1.000000000000000000 ) ) ;
#3276 = ADVANCED_FACE ( 'NONE', ( #2803 ), #901, .F. ) ;
#3277 = DIRECTION ( 'NONE',  ( 1.000000000000000000, 0.000000000000000000, 0.000000000000000000 ) ) ;
#3278 = DIRECTION ( 'NONE',  ( -0.000000000000000000, -0.000000000000000000, -1.000000000000000000 ) ) ;
#3279 = EDGE_CURVE ( 'NONE', #5931, #1706, #4321, .T. ) ;
#3280 = VERTEX_POINT ( 'NONE', #1805 ) ;
#3281 = DIRECTION ( 'NONE',  ( 0.000000000000000000, -0.000000000000000000, -1.000000000000000000 ) ) ;
#3282 = DIRECTION ( 'NONE',  ( 0.9848077530122092416, 0.000000000000000000, 0.1736481776669234756 ) ) ;
#3283 = PLANE ( 'NONE',  #930 ) ;
#3284 = EDGE_CURVE ( 'NONE', #1835, #4805, #419, .T. ) ;
#3285 = ORIENTED_EDGE ( 'NONE', *, *, #4728, .T. ) ;
#3286 = CARTESIAN_POINT ( 'NONE',  ( 0.6199999999999999956, -0.8750000000000000000, -1.209999999999999964 ) ) ;
#3287 = EDGE_LOOP ( 'NONE', ( #741, #5292, #3913, #5847 ) ) ;
#3288 = LINE ( 'NONE', #1436, #6027 ) ;
#3289 = DIRECTION ( 'NONE',  ( 1.662153715850725026E-16, 2.381111388133851124E-33, 1.000000000000000000 ) ) ;
#3290 = ORIENTED_EDGE ( 'NONE', *, *, #3219, .F. ) ;
#3291 = DIRECTION ( 'NONE',  ( 1.000000000000000000, 0.000000000000000000, 0.000000000000000000 ) ) ;
#3292 = DIRECTION ( 'NONE',  ( 1.000000000000000000, 0.000000000000000000, 0.000000000000000000 ) ) ;
#3293 = CARTESIAN_POINT ( 'NONE',  ( -16.55000000000000071, -0.9899999999999984368, -1.135000000000000231 ) ) ;
#3294 = CIRCLE ( 'NONE', #664, 6.000000000000000000 ) ;
#3295 = VECTOR ( 'NONE', #2503, 1.000000000000000000 ) ;
#3296 = LINE ( 'NONE', #5155, #637 ) ;
#3297 = ORIENTED_EDGE ( 'NONE', *, *, #5264, .T. ) ;
#3298 = ORIENTED_EDGE ( 'NONE', *, *, #3820, .T. ) ;
#3299 = DIRECTION ( 'NONE',  ( -1.432545838226008399E-17, -1.000000000000000000, 0.000000000000000000 ) ) ;
#3300 = CARTESIAN_POINT ( 'NONE',  ( -13.60479991371805220, -0.9212864145885245604, -0.9599999999999999645 ) ) ;
#3301 = CIRCLE ( 'NONE', #2596, 0.1499999999999999112 ) ;
#3302 = DIRECTION ( 'NONE',  ( 0.000000000000000000, -0.9901138386947149206, -0.1402661271484180461 ) ) ;
#3303 = CARTESIAN_POINT ( 'NONE',  ( -12.92368347295909814, 1.189999999999998170, -6.660000000000000142 ) ) ;
#3304 = EDGE_CURVE ( 'NONE', #4442, #2010, #5868, .T. ) ;
#3305 = VECTOR ( 'NONE', #171, 1.000000000000000000 ) ;
#3306 = ADVANCED_FACE ( 'NONE', ( #5562, #2286 ), #3791, .T. ) ;
#3307 = EDGE_CURVE ( 'NONE', #735, #4721, #6017, .T. ) ;
#3308 = ORIENTED_EDGE ( 'NONE', *, *, #1807, .T. ) ;
#3309 = CIRCLE ( 'NONE', #2215, 0.1000000000000000333 ) ;
#3310 = EDGE_CURVE ( 'NONE', #471, #633, #2344, .T. ) ;
#3311 = DIRECTION ( 'NONE',  ( 1.000000000000000000, 0.000000000000000000, 0.000000000000000000 ) ) ;
#3312 = DIRECTION ( 'NONE',  ( -0.000000000000000000, 0.000000000000000000, 1.000000000000000000 ) ) ;
#3313 = DIRECTION ( 'NONE',  ( 1.000000000000000000, 0.000000000000000000, -0.000000000000000000 ) ) ;
#3314 = ORIENTED_EDGE ( 'NONE', *, *, #5909, .T. ) ;
#3315 = EDGE_CURVE ( 'NONE', #23, #4303, #4803, .T. ) ;
#3316 = ORIENTED_EDGE ( 'NONE', *, *, #1730, .F. ) ;
#3317 = ORIENTED_EDGE ( 'NONE', *, *, #739, .F. ) ;
#3318 = AXIS2_PLACEMENT_3D ( 'NONE', #1934, #3808, #1038 ) ;
#3319 = DIRECTION ( 'NONE',  ( -0.000000000000000000, 0.000000000000000000, 1.000000000000000000 ) ) ;
#3320 = PLANE ( 'NONE',  #2330 ) ;
#3321 = VECTOR ( 'NONE', #5828, 1.000000000000000000 ) ;
#3322 = ORIENTED_EDGE ( 'NONE', *, *, #4211, .T. ) ;
#3323 = CARTESIAN_POINT ( 'NONE',  ( 0.6199999999999999956, 0.8750000000000000000, -0.9100000000000001421 ) ) ;
#3324 = DIRECTION ( 'NONE',  ( -0.000000000000000000, 1.000000000000000000, -0.000000000000000000 ) ) ;
#3325 = PLANE ( 'NONE',  #1495 ) ;
#3326 = VECTOR ( 'NONE', #4669, 1.000000000000000000 ) ;
#3327 = DIRECTION ( 'NONE',  ( -1.000000000000000000, -0.000000000000000000, -0.000000000000000000 ) ) ;
#3328 = ORIENTED_EDGE ( 'NONE', *, *, #4720, .F. ) ;
#3329 = VERTEX_POINT ( 'NONE', #5527 ) ;
#3330 = LINE ( 'NONE', #3730, #234 ) ;
#3331 = CARTESIAN_POINT ( 'NONE',  ( -10.63749999999999929, 0.9899999999999984368, -1.135000000000000231 ) ) ;
#3332 = LINE ( 'NONE', #5189, #910 ) ;
#3333 = ORIENTED_EDGE ( 'NONE', *, *, #4104, .F. ) ;
#3334 = EDGE_CURVE ( 'NONE', #667, #4304, #2942, .T. ) ;
#3335 = CARTESIAN_POINT ( 'NONE',  ( -1.849999999999999645, -0.3114982215127146681, -1.135000000000000231 ) ) ;
#3336 = CARTESIAN_POINT ( 'NONE',  ( -1.949999999999999734, 0.2114982215127146903, -1.135000000000000231 ) ) ;
#3337 = EDGE_CURVE ( 'NONE', #4578, #5239, #1917, .T. ) ;
#3338 = DIRECTION ( 'NONE',  ( -1.432545838226008399E-17, -1.000000000000000000, 0.000000000000000000 ) ) ;
#3339 = AXIS2_PLACEMENT_3D ( 'NONE', #319, #5494, #1707 ) ;
#3340 = VECTOR ( 'NONE', #1741, 1.000000000000000000 ) ;
#3341 = ORIENTED_EDGE ( 'NONE', *, *, #5110, .F. ) ;
#3342 = VECTOR ( 'NONE', #2023, 1.000000000000000000 ) ;
#3343 = ORIENTED_EDGE ( 'NONE', *, *, #5989, .F. ) ;
#3344 = ORIENTED_EDGE ( 'NONE', *, *, #5420, .T. ) ;
#3345 = VECTOR ( 'NONE', #1345, 1.000000000000000000 ) ;
#3346 = LINE ( 'NONE', #3234, #725 ) ;
#3347 = VECTOR ( 'NONE', #1022, 1.000000000000000000 ) ;
#3348 = EDGE_CURVE ( 'NONE', #4729, #833, #45, .T. ) ;
#3349 = DIRECTION ( 'NONE',  ( 1.000000000000000000, 0.000000000000000000, 0.000000000000000000 ) ) ;
#3350 = EDGE_CURVE ( 'NONE', #271, #2747, #1016, .T. ) ;
#3351 = DIRECTION ( 'NONE',  ( 0.000000000000000000, -1.000000000000000000, 0.000000000000000000 ) ) ;
#3352 = AXIS2_PLACEMENT_3D ( 'NONE', #245, #4444, #3956 ) ;
#3353 = ORIENTED_EDGE ( 'NONE', *, *, #4441, .F. ) ;
#3354 = LINE ( 'NONE', #5261, #3659 ) ;
#3355 = DIRECTION ( 'NONE',  ( 0.000000000000000000, -0.9854601157443477755, 0.1699069165076472210 ) ) ;
#3356 = DIRECTION ( 'NONE',  ( 1.000000000000000000, -0.000000000000000000, -0.000000000000000000 ) ) ;
#3357 = EDGE_CURVE ( 'NONE', #289, #2522, #3174, .T. ) ;
#3358 = ORIENTED_EDGE ( 'NONE', *, *, #5874, .T. ) ;
#3359 = VECTOR ( 'NONE', #3477, 1.000000000000000000 ) ;
#3360 = VERTEX_POINT ( 'NONE', #537 ) ;
#3361 = CARTESIAN_POINT ( 'NONE',  ( -2.825068018844486328, 0.000000000000000000, -0.9600000000000001865 ) ) ;
#3362 = CARTESIAN_POINT ( 'NONE',  ( -11.43750000000000000, 0.7399999999999984368, -1.135000000000000231 ) ) ;
#3363 = LINE ( 'NONE', #4308, #4191 ) ;
#3364 = DIRECTION ( 'NONE',  ( 1.000000000000000000, 0.000000000000000000, 0.000000000000000000 ) ) ;
#3365 = ORIENTED_EDGE ( 'NONE', *, *, #2240, .F. ) ;
#3366 = CARTESIAN_POINT ( 'NONE',  ( -2.476862333647775305, -0.2468767314595582407, -1.135000000000000231 ) ) ;
#3367 = CARTESIAN_POINT ( 'NONE',  ( -2.914659381970696644E-16, 1.189999999999998392, -0.9600000000000001865 ) ) ;
#3368 = DIRECTION ( 'NONE',  ( 0.000000000000000000, -1.000000000000000000, 0.000000000000000000 ) ) ;
#3369 = VERTEX_POINT ( 'NONE', #2377 ) ;
#3370 = ORIENTED_EDGE ( 'NONE', *, *, #2294, .F. ) ;
#3371 = ORIENTED_EDGE ( 'NONE', *, *, #4422, .F. ) ;
#3372 = CARTESIAN_POINT ( 'NONE',  ( -1.174201978586608189E-16, 0.9899999999999984368, -0.9600000000000020739 ) ) ;
#3373 = CARTESIAN_POINT ( 'NONE',  ( -4.885798269505217561, 0.9549999999999984057, -4.241944871367028469 ) ) ;
#3374 = LINE ( 'NONE', #983, #1428 ) ;
#3375 = EDGE_CURVE ( 'NONE', #5784, #4502, #4367, .T. ) ;
#3376 = VERTEX_POINT ( 'NONE', #1584 ) ;
#3377 = CARTESIAN_POINT ( 'NONE',  ( -13.10000000000000142, 0.6189114148497015799, -1.135000000000000231 ) ) ;
#3378 = EDGE_CURVE ( 'NONE', #2861, #1443, #1135, .T. ) ;
#3379 = CARTESIAN_POINT ( 'NONE',  ( -1.949999999999999734, 1.189999999999998392, -0.9600000000000001865 ) ) ;
#3380 = DIRECTION ( 'NONE',  ( 1.000000000000000000, 0.000000000000000000, 0.000000000000000000 ) ) ;
#3381 = ADVANCED_FACE ( 'NONE', ( #1079 ), #4738, .F. ) ;
#3382 = ORIENTED_EDGE ( 'NONE', *, *, #3991, .T. ) ;
#3383 = ORIENTED_EDGE ( 'NONE', *, *, #2824, .F. ) ;
#3384 = DIRECTION ( 'NONE',  ( 1.000000000000000000, 0.000000000000000000, 0.000000000000000000 ) ) ;
#3385 = CARTESIAN_POINT ( 'NONE',  ( -16.80000000000000071, 0.9899999999999984368, -0.9600000000000001865 ) ) ;
#3386 = ADVANCED_FACE ( 'NONE', ( #4787 ), #5735, .F. ) ;
#3387 = CARTESIAN_POINT ( 'NONE',  ( 0.000000000000000000, 0.8750000000000000000, -1.060000000000000053 ) ) ;
#3388 = VECTOR ( 'NONE', #1044, 1.000000000000000000 ) ;
#3389 = LINE ( 'NONE', #1434, #1891 ) ;
#3390 = ORIENTED_EDGE ( 'NONE', *, *, #149, .F. ) ;
#3391 = DIRECTION ( 'NONE',  ( -1.000000000000000000, -2.220446049250313081E-16, 0.000000000000000000 ) ) ;
#3392 = VECTOR ( 'NONE', #5575, 1.000000000000000000 ) ;
#3393 = FACE_OUTER_BOUND ( 'NONE', #1776, .T. ) ;
#3394 = CARTESIAN_POINT ( 'NONE',  ( -17.90358983848622643, 0.7399999999999984368, -4.241944871367028469 ) ) ;
#3395 = AXIS2_PLACEMENT_3D ( 'NONE', #2929, #1597, #4800 ) ;
#3396 = AXIS2_PLACEMENT_3D ( 'NONE', #3415, #2085, #3504 ) ;
#3397 = ORIENTED_EDGE ( 'NONE', *, *, #1291, .F. ) ;
#3398 = ORIENTED_EDGE ( 'NONE', *, *, #1001, .T. ) ;
#3399 = VERTEX_POINT ( 'NONE', #3331 ) ;
#3400 = DIRECTION ( 'NONE',  ( -0.000000000000000000, 0.000000000000000000, -1.000000000000000000 ) ) ;
#3401 = CARTESIAN_POINT ( 'NONE',  ( -3.053808855527532451, 0.09632452974707694793, -0.9600000000000001865 ) ) ;
#3402 = CIRCLE ( 'NONE', #202, 0.03500000000000014211 ) ;
#3403 = LINE ( 'NONE', #5231, #1648 ) ;
#3404 = VERTEX_POINT ( 'NONE', #5242 ) ;
#3405 = VECTOR ( 'NONE', #5010, 1.000000000000000000 ) ;
#3406 = EDGE_CURVE ( 'NONE', #313, #3884, #563, .T. ) ;
#3407 = DIRECTION ( 'NONE',  ( 1.000000000000000000, 3.977017136376343403E-17, 0.000000000000000000 ) ) ;
#3408 = LINE ( 'NONE', #3379, #2496 ) ;
#3409 = EDGE_CURVE ( 'NONE', #5520, #2103, #4278, .T. ) ;
#3410 = LINE ( 'NONE', #5263, #2843 ) ;
#3411 = ORIENTED_EDGE ( 'NONE', *, *, #923, .F. ) ;
#3412 = ORIENTED_EDGE ( 'NONE', *, *, #2154, .T. ) ;
#3413 = FACE_OUTER_BOUND ( 'NONE', #1567, .T. ) ;
#3414 = DIRECTION ( 'NONE',  ( 0.000000000000000000, 0.000000000000000000, -1.000000000000000000 ) ) ;
#3415 = CARTESIAN_POINT ( 'NONE',  ( 0.6199999999999999956, 0.8750000000000000000, -1.060000000000000053 ) ) ;
#3416 = EDGE_CURVE ( 'NONE', #586, #4411, #1786, .T. ) ;
#3417 = DIRECTION ( 'NONE',  ( 0.000000000000000000, 0.000000000000000000, 1.000000000000000000 ) ) ;
#3418 = CARTESIAN_POINT ( 'NONE',  ( -6.812500000000000000, 0.7399999999999984368, -0.9599999999999999645 ) ) ;
#3419 = ORIENTED_EDGE ( 'NONE', *, *, #1146, .T. ) ;
#3420 = DIRECTION ( 'NONE',  ( 0.000000000000000000, 0.000000000000000000, 1.000000000000000000 ) ) ;
#3421 = DIRECTION ( 'NONE',  ( 0.000000000000000000, -1.000000000000000000, 0.000000000000000000 ) ) ;
#3422 = DIRECTION ( 'NONE',  ( 0.000000000000000000, -0.9901138386947149206, 0.1402661271484180461 ) ) ;
#3423 = ORIENTED_EDGE ( 'NONE', *, *, #5019, .T. ) ;
#3424 = VERTEX_POINT ( 'NONE', #2028 ) ;
#3425 = ORIENTED_EDGE ( 'NONE', *, *, #1483, .F. ) ;
#3426 = CARTESIAN_POINT ( 'NONE',  ( -18.15358983848622643, -0.9899999999999984368, -0.9600000000000001865 ) ) ;
#3427 = CARTESIAN_POINT ( 'NONE',  ( 0.000000000000000000, 0.000000000000000000, -0.9600000000000001865 ) ) ;
#3428 = AXIS2_PLACEMENT_3D ( 'NONE', #1446, #2834, #3676 ) ;
#3429 = VECTOR ( 'NONE', #1405, 1.000000000000000000 ) ;
#3430 = VERTEX_POINT ( 'NONE', #2400 ) ;
#3431 = DIRECTION ( 'NONE',  ( 1.000000000000000000, -1.665334536937733430E-15, 0.000000000000000000 ) ) ;
#3432 = ORIENTED_EDGE ( 'NONE', *, *, #1920, .F. ) ;
#3433 = CARTESIAN_POINT ( 'NONE',  ( -10.63749999999999929, 0.9899999999999984368, -0.9600000000000007416 ) ) ;
#3434 = CIRCLE ( 'NONE', #921, 0.05000000000000004441 ) ;
#3435 = FACE_OUTER_BOUND ( 'NONE', #3515, .T. ) ;
#3436 = DIRECTION ( 'NONE',  ( 0.9632452974707710336, -0.2686233364777639299, 0.000000000000000000 ) ) ;
#3437 = AXIS2_PLACEMENT_3D ( 'NONE', #56, #83, #3800 ) ;
#3438 = EDGE_CURVE ( 'NONE', #2190, #5173, #5761, .T. ) ;
#3439 = ORIENTED_EDGE ( 'NONE', *, *, #970, .F. ) ;
#3440 = VERTEX_POINT ( 'NONE', #5646 ) ;
#3441 = FACE_OUTER_BOUND ( 'NONE', #5157, .T. ) ;
#3442 = CARTESIAN_POINT ( 'NONE',  ( -16.55000000000000071, 0.3114982215127146681, 0.000000000000000000 ) ) ;
#3443 = LINE ( 'NONE', #5762, #433 ) ;
#3444 =( NAMED_UNIT ( * ) SI_UNIT ( $, .STERADIAN. ) SOLID_ANGLE_UNIT ( ) );
#3445 = VECTOR ( 'NONE', #719, 1.000000000000000000 ) ;
#3446 = CYLINDRICAL_SURFACE ( 'NONE', #1303, 0.2500000000000000000 ) ;
#3447 = VECTOR ( 'NONE', #464, 1.000000000000000000 ) ;
#3448 = DIRECTION ( 'NONE',  ( -1.000000000000000000, 0.000000000000000000, 0.000000000000000000 ) ) ;
#3449 = EDGE_LOOP ( 'NONE', ( #3627, #3649, #5606, #3870 ) ) ;
#3450 = EDGE_CURVE ( 'NONE', #924, #2142, #677, .T. ) ;
#3451 = EDGE_LOOP ( 'NONE', ( #4009, #4748, #2172, #5704 ) ) ;
#3452 = EDGE_CURVE ( 'NONE', #1252, #2836, #104, .T. ) ;
#3453 = DIRECTION ( 'NONE',  ( -0.9632452974707710336, 0.2686233364777642629, 0.000000000000000000 ) ) ;
#3454 = CARTESIAN_POINT ( 'NONE',  ( -8.974999999999999645, 0.9899999999999984368, -0.9600000000000001865 ) ) ;
#3455 = EDGE_CURVE ( 'NONE', #1639, #3672, #1471, .T. ) ;
#3456 = VECTOR ( 'NONE', #1674, 1.000000000000000000 ) ;
#3457 = DIRECTION ( 'NONE',  ( -0.000000000000000000, 0.000000000000000000, 1.000000000000000000 ) ) ;
#3458 = EDGE_LOOP ( 'NONE', ( #2640, #4147, #2219, #2373 ) ) ;
#3459 = ORIENTED_EDGE ( 'NONE', *, *, #3934, .T. ) ;
#3460 = CARTESIAN_POINT ( 'NONE',  ( 0.000000000000000000, 0.000000000000000000, -1.135000000000000231 ) ) ;
#3461 = CARTESIAN_POINT ( 'NONE',  ( -13.10000000000000142, 0.7506144545436229665, -4.241944871367028469 ) ) ;
#3462 = EDGE_CURVE ( 'NONE', #2605, #1886, #2057, .T. ) ;
#3463 = CARTESIAN_POINT ( 'NONE',  ( -3.080671189175308466, -1.110223024625156540E-16, -1.135000000000000231 ) ) ;
#3464 = ORIENTED_EDGE ( 'NONE', *, *, #4607, .T. ) ;
#3465 = LINE ( 'NONE', #2132, #4480 ) ;
#3466 = VERTEX_POINT ( 'NONE', #3385 ) ;
#3467 = CARTESIAN_POINT ( 'NONE',  ( -2.349999999999999645, -0.3432012612066354107, 0.000000000000000000 ) ) ;
#3468 = DIRECTION ( 'NONE',  ( -1.000000000000000000, -0.000000000000000000, -0.000000000000000000 ) ) ;
#3469 = FACE_OUTER_BOUND ( 'NONE', #1633, .T. ) ;
#3470 = ORIENTED_EDGE ( 'NONE', *, *, #1889, .F. ) ;
#3471 = DIRECTION ( 'NONE',  ( 0.000000000000000000, 0.000000000000000000, -1.000000000000000000 ) ) ;
#3472 = ORIENTED_EDGE ( 'NONE', *, *, #1520, .T. ) ;
#3473 = CARTESIAN_POINT ( 'NONE',  ( -18.05358983848622501, 0.3114982215127146681, -1.135000000000000231 ) ) ;
#3474 = FACE_OUTER_BOUND ( 'NONE', #1941, .T. ) ;
#3475 = DIRECTION ( 'NONE',  ( 0.000000000000000000, 1.000000000000000000, 0.000000000000000000 ) ) ;
#3476 = DIRECTION ( 'NONE',  ( -1.432545838226008399E-17, 1.000000000000000000, -0.000000000000000000 ) ) ;
#3477 = DIRECTION ( 'NONE',  ( 0.000000000000000000, 0.000000000000000000, 1.000000000000000000 ) ) ;
#3478 = ORIENTED_EDGE ( 'NONE', *, *, #4209, .F. ) ;
#3479 = VERTEX_POINT ( 'NONE', #647 ) ;
#3480 = DIRECTION ( 'NONE',  ( 0.000000000000000000, -0.000000000000000000, -1.000000000000000000 ) ) ;
#3481 = CARTESIAN_POINT ( 'NONE',  ( -17.90358983848622643, -0.9899999999999984368, -1.135000000000000231 ) ) ;
#3482 = FACE_OUTER_BOUND ( 'NONE', #5567, .T. ) ;
#3483 = VECTOR ( 'NONE', #1072, 1.000000000000000000 ) ;
#3484 = CARTESIAN_POINT ( 'NONE',  ( -16.80000000000000071, -0.7399999999999984368, -1.135000000000000231 ) ) ;
#3485 = ADVANCED_FACE ( 'NONE', ( #1999 ), #4849, .T. ) ;
#3486 = AXIS2_PLACEMENT_3D ( 'NONE', #1774, #3643, #1326 ) ;
#3487 = ADVANCED_FACE ( 'NONE', ( #2976 ), #4762, .F. ) ;
#3488 = ORIENTED_EDGE ( 'NONE', *, *, #1920, .T. ) ;
#3489 = ORIENTED_EDGE ( 'NONE', *, *, #2250, .F. ) ;
#3490 = AXIS2_PLACEMENT_3D ( 'NONE', #3709, #2346, #1355 ) ;
#3491 = FACE_OUTER_BOUND ( 'NONE', #474, .T. ) ;
#3492 = FACE_OUTER_BOUND ( 'NONE', #857, .T. ) ;
#3493 = CIRCLE ( 'NONE', #3396, 0.1499999999999999112 ) ;
#3494 = ADVANCED_FACE ( 'NONE', ( #2428 ), #4307, .F. ) ;
#3495 = ORIENTED_EDGE ( 'NONE', *, *, #1481, .T. ) ;
#3496 = DIRECTION ( 'NONE',  ( -1.000000000000000000, 0.000000000000000000, 0.000000000000000000 ) ) ;
#3497 = ORIENTED_EDGE ( 'NONE', *, *, #5587, .T. ) ;
#3498 = CARTESIAN_POINT ( 'NONE',  ( 0.000000000000000000, 0.000000000000000000, -0.9600000000000001865 ) ) ;
#3499 = AXIS2_PLACEMENT_3D ( 'NONE', #1447, #5564, #5162 ) ;
#3500 = ORIENTED_EDGE ( 'NONE', *, *, #1480, .F. ) ;
#3501 = ORIENTED_EDGE ( 'NONE', *, *, #4690, .T. ) ;
#3502 = CARTESIAN_POINT ( 'NONE',  ( -12.92368347295909814, 1.089999999999998082, -6.660000000000000142 ) ) ;
#3503 = CARTESIAN_POINT ( 'NONE',  ( -13.10000000000000142, 0.7506144545436229665, -4.241944871367028469 ) ) ;
#3504 = DIRECTION ( 'NONE',  ( 0.000000000000000000, 0.000000000000000000, 1.000000000000000000 ) ) ;
#3505 = DIRECTION ( 'NONE',  ( 0.000000000000000000, -0.000000000000000000, 1.000000000000000000 ) ) ;
#3506 = VERTEX_POINT ( 'NONE', #1527 ) ;
#3507 = EDGE_LOOP ( 'NONE', ( #324, #5451, #1500, #3596 ) ) ;
#3508 = AXIS2_PLACEMENT_3D ( 'NONE', #3207, #3706, #3674 ) ;
#3509 = LINE ( 'NONE', #4490, #790 ) ;
#3510 = PLANE ( 'NONE',  #761 ) ;
#3511 = CARTESIAN_POINT ( 'NONE',  ( -5.699999999999999289, 0.7399999999999984368, -0.9600000000000001865 ) ) ;
#3512 = CARTESIAN_POINT ( 'NONE',  ( 0.000000000000000000, 0.000000000000000000, -1.135000000000000231 ) ) ;
#3513 = VECTOR ( 'NONE', #2455, 1.000000000000000000 ) ;
#3514 = ADVANCED_FACE ( 'NONE', ( #3474 ), #5882, .F. ) ;
#3515 = EDGE_LOOP ( 'NONE', ( #3703, #4813, #2356, #81 ) ) ;
#3516 = ORIENTED_EDGE ( 'NONE', *, *, #2721, .F. ) ;
#3517 = EDGE_CURVE ( 'NONE', #271, #3802, #1162, .T. ) ;
#3518 = DIRECTION ( 'NONE',  ( 0.000000000000000000, 0.9901138386947148096, 0.1402661271484180183 ) ) ;
#3519 = PLANE ( 'NONE',  #5781 ) ;
#3520 = CARTESIAN_POINT ( 'NONE',  ( -5.141597286494812735, -0.9899999999999994360, -0.9600000000000001865 ) ) ;
#3521 = ORIENTED_EDGE ( 'NONE', *, *, #2332, .F. ) ;
#3522 = LINE ( 'NONE', #5317, #2519 ) ;
#3523 = ORIENTED_EDGE ( 'NONE', *, *, #2733, .T. ) ;
#3524 = EDGE_CURVE ( 'NONE', #5599, #2152, #5912, .T. ) ;
#3525 = EDGE_CURVE ( 'NONE', #3155, #471, #811, .T. ) ;
#3526 = VECTOR ( 'NONE', #5984, 1.000000000000000000 ) ;
#3527 = CARTESIAN_POINT ( 'NONE',  ( -3.930251481490694587, -9.753686360283015944, -1.059999999999999165 ) ) ;
#3528 = LINE ( 'NONE', #254, #5851 ) ;
#3529 = AXIS2_PLACEMENT_3D ( 'NONE', #1337, #917, #1308 ) ;
#3530 = AXIS2_PLACEMENT_3D ( 'NONE', #4520, #355, #2179 ) ;
#3531 = VECTOR ( 'NONE', #4964, 1.000000000000000000 ) ;
#3532 = VERTEX_POINT ( 'NONE', #3536 ) ;
#3533 = VECTOR ( 'NONE', #3476, 1.000000000000000000 ) ;
#3534 = ORIENTED_EDGE ( 'NONE', *, *, #5799, .T. ) ;
#3535 = CARTESIAN_POINT ( 'NONE',  ( -12.80000000000000071, 0.7399999999999984368, -1.135000000000000231 ) ) ;
#3536 = CARTESIAN_POINT ( 'NONE',  ( -15.67493198115551856, 0.9899999999999984368, -0.9599999999999981881 ) ) ;
#3537 = AXIS2_PLACEMENT_3D ( 'NONE', #3502, #4580, #348 ) ;
#3538 = CIRCLE ( 'NONE', #2456, 0.09999999999999964473 ) ;
#3539 = EDGE_CURVE ( 'NONE', #163, #2485, #5392, .T. ) ;
#3540 = DIRECTION ( 'NONE',  ( -0.000000000000000000, 0.000000000000000000, 1.000000000000000000 ) ) ;
#3541 = AXIS2_PLACEMENT_3D ( 'NONE', #1397, #5141, #1030 ) ;
#3542 = DIRECTION ( 'NONE',  ( 1.000000000000000000, 1.193105140912903082E-16, -0.000000000000000000 ) ) ;
#3543 = ORIENTED_EDGE ( 'NONE', *, *, #334, .F. ) ;
#3544 = CIRCLE ( 'NONE', #931, 0.2500000000000000000 ) ;
#3545 = ORIENTED_EDGE ( 'NONE', *, *, #3438, .T. ) ;
#3546 = DIRECTION ( 'NONE',  ( -1.000000000000000000, 0.000000000000000000, -0.000000000000000000 ) ) ;
#3547 = CARTESIAN_POINT ( 'NONE',  ( -4.885798269505219338, -0.9899999999999994360, -1.135000000000000231 ) ) ;
#3548 = CARTESIAN_POINT ( 'NONE',  ( -18.05358983848622501, -0.2114982215127146903, -1.135000000000000231 ) ) ;
#3549 = DIRECTION ( 'NONE',  ( 1.000000000000000000, 0.000000000000000000, 0.000000000000000000 ) ) ;
#3550 = DIRECTION ( 'NONE',  ( 0.000000000000000000, 1.000000000000000000, 0.000000000000000000 ) ) ;
#3551 = AXIS2_PLACEMENT_3D ( 'NONE', #3156, #2719, #1849 ) ;
#3552 = VERTEX_POINT ( 'NONE', #5327 ) ;
#3553 = ORIENTED_EDGE ( 'NONE', *, *, #5026, .F. ) ;
#3554 = VECTOR ( 'NONE', #1348, 1.000000000000000000 ) ;
#3555 = CARTESIAN_POINT ( 'NONE',  ( 0.000000000000000000, -0.8750000000000000000, -1.209999999999999964 ) ) ;
#3556 = DIRECTION ( 'NONE',  ( 0.000000000000000000, -1.000000000000000000, 0.000000000000000000 ) ) ;
#3557 = CARTESIAN_POINT ( 'NONE',  ( -18.50000000000000000, 0.8750000000000000000, -1.060000000000000053 ) ) ;
#3558 = ORIENTED_EDGE ( 'NONE', *, *, #2884, .F. ) ;
#3559 = DIRECTION ( 'NONE',  ( 1.000000000000000000, 0.000000000000000000, 0.000000000000000000 ) ) ;
#3560 = CARTESIAN_POINT ( 'NONE',  ( -11.68750000000000000, -0.9899999999999991029, -1.135000000000000231 ) ) ;
#3561 = DIRECTION ( 'NONE',  ( 0.000000000000000000, -0.000000000000000000, 1.000000000000000000 ) ) ;
#3562 = ADVANCED_FACE ( 'NONE', ( #1729 ), #4029, .F. ) ;
#3563 = EDGE_CURVE ( 'NONE', #3077, #1908, #5822, .T. ) ;
#3564 = EDGE_LOOP ( 'NONE', ( #5253, #1626, #4159, #4130 ) ) ;
#3565 = EDGE_CURVE ( 'NONE', #4840, #1062, #376, .T. ) ;
#3566 = ORIENTED_EDGE ( 'NONE', *, *, #4090, .F. ) ;
#3567 = CARTESIAN_POINT ( 'NONE',  ( -0.4464101615137743839, 0.2114982215127147180, -1.135000000000001119 ) ) ;
#3568 = DIRECTION ( 'NONE',  ( 1.000000000000000000, 0.000000000000000000, 0.000000000000000000 ) ) ;
#3569 = EDGE_CURVE ( 'NONE', #1744, #1869, #1248, .T. ) ;
#3570 = DIRECTION ( 'NONE',  ( 0.000000000000000000, -0.000000000000000000, -1.000000000000000000 ) ) ;
#3571 = ORIENTED_EDGE ( 'NONE', *, *, #2997, .T. ) ;
#3572 = ORIENTED_EDGE ( 'NONE', *, *, #1781, .T. ) ;
#3573 = ORIENTED_EDGE ( 'NONE', *, *, #1952, .F. ) ;
#3574 = LINE ( 'NONE', #2580, #2621 ) ;
#3575 = PLANE ( 'NONE',  #1461 ) ;
#3576 = DIRECTION ( 'NONE',  ( -0.000000000000000000, 0.000000000000000000, 1.000000000000000000 ) ) ;
#3577 = LINE ( 'NONE', #5893, #3994 ) ;
#3578 = VERTEX_POINT ( 'NONE', #794 ) ;
#3579 = ORIENTED_EDGE ( 'NONE', *, *, #3771, .T. ) ;
#3580 = VECTOR ( 'NONE', #4732, 1.000000000000000000 ) ;
#3581 = CARTESIAN_POINT ( 'NONE',  ( -5.299999999999998934, 0.6189114148497013579, -4.241944871367028469 ) ) ;
#3582 = CARTESIAN_POINT ( 'NONE',  ( -0.2926587287503931711, -1.190000000000002833, 1.659750127714602952 ) ) ;
#3583 = VECTOR ( 'NONE', #1213, 1.000000000000000000 ) ;
#3584 = ORIENTED_EDGE ( 'NONE', *, *, #3976, .F. ) ;
#3585 = LINE ( 'NONE', #4638, #2560 ) ;
#3586 = ORIENTED_EDGE ( 'NONE', *, *, #4965, .T. ) ;
#3587 = CARTESIAN_POINT ( 'NONE',  ( -1.699999999999999734, -0.9899999999999984368, -0.9599999999999999645 ) ) ;
#3588 = DIRECTION ( 'NONE',  ( -0.000000000000000000, -0.000000000000000000, -1.000000000000000000 ) ) ;
#3589 = AXIS2_PLACEMENT_3D ( 'NONE', #4213, #952, #2874 ) ;
#3590 = CARTESIAN_POINT ( 'NONE',  ( -2.708402713505185133, 0.000000000000000000, -1.135000000000000231 ) ) ;
#3591 = CYLINDRICAL_SURFACE ( 'NONE', #3120, 0.05000000000000026645 ) ;
#3592 = AXIS2_PLACEMENT_3D ( 'NONE', #262, #1642, #4431 ) ;
#3593 = AXIS2_PLACEMENT_3D ( 'NONE', #2557, #1980, #4377 ) ;
#3594 = ORIENTED_EDGE ( 'NONE', *, *, #69, .F. ) ;
#3595 = DIRECTION ( 'NONE',  ( 0.000000000000000000, 0.000000000000000000, 1.000000000000000000 ) ) ;
#3596 = ORIENTED_EDGE ( 'NONE', *, *, #4907, .F. ) ;
#3597 = DIRECTION ( 'NONE',  ( 0.000000000000000000, 0.000000000000000000, 1.000000000000000000 ) ) ;
#3598 = ADVANCED_FACE ( 'NONE', ( #1641 ), #2113, .T. ) ;
#3599 = CARTESIAN_POINT ( 'NONE',  ( -1.699999999999999734, 0.7399999999999984368, 0.000000000000000000 ) ) ;
#3600 = LINE ( 'NONE', #2114, #942 ) ;
#3601 = ORIENTED_EDGE ( 'NONE', *, *, #1719, .T. ) ;
#3602 = ORIENTED_EDGE ( 'NONE', *, *, #1615, .F. ) ;
#3603 = DIRECTION ( 'NONE',  ( 0.000000000000000000, 1.000000000000000000, 0.000000000000000000 ) ) ;
#3604 = DIRECTION ( 'NONE',  ( 1.000000000000000000, 0.000000000000000000, 0.000000000000000000 ) ) ;
#3605 = PLANE ( 'NONE',  #3001 ) ;
#3606 = AXIS2_PLACEMENT_3D ( 'NONE', #5987, #1259, #1775 ) ;
#3607 = EDGE_CURVE ( 'NONE', #379, #2039, #2749, .T. ) ;
#3608 = PLANE ( 'NONE',  #37 ) ;
#3609 = DIRECTION ( 'NONE',  ( 0.9632452974707709226, 0.2686233364777642074, 0.000000000000000000 ) ) ;
#3610 = ORIENTED_EDGE ( 'NONE', *, *, #4976, .F. ) ;
#3611 = AXIS2_PLACEMENT_3D ( 'NONE', #17, #5159, #1865 ) ;
#3612 = ORIENTED_EDGE ( 'NONE', *, *, #5127, .F. ) ;
#3613 = CARTESIAN_POINT ( 'NONE',  ( -16.55000000000000071, 0.3114982215127146681, -0.9600000000000001865 ) ) ;
#3614 = LINE ( 'NONE', #5927, #5490 ) ;
#3615 = AXIS2_PLACEMENT_3D ( 'NONE', #1185, #5904, #3561 ) ;
#3616 = LINE ( 'NONE', #2264, #5095 ) ;
#3617 = EDGE_CURVE ( 'NONE', #1870, #1314, #5484, .T. ) ;
#3618 = ORIENTED_EDGE ( 'NONE', *, *, #1852, .F. ) ;
#3619 = LINE ( 'NONE', #1750, #5011 ) ;
#3620 = ORIENTED_EDGE ( 'NONE', *, *, #6025, .T. ) ;
#3621 = DIRECTION ( 'NONE',  ( 1.000000000000000000, 0.000000000000000000, 0.000000000000000000 ) ) ;
#3622 = DIRECTION ( 'NONE',  ( 0.000000000000000000, 0.000000000000000000, -1.000000000000000000 ) ) ;
#3623 = DIRECTION ( 'NONE',  ( -1.000000000000000000, 0.000000000000000000, 0.000000000000000000 ) ) ;
#3624 = LINE ( 'NONE', #1374, #1946 ) ;
#3625 = ORIENTED_EDGE ( 'NONE', *, *, #552, .F. ) ;
#3626 = DIRECTION ( 'NONE',  ( 0.000000000000000000, 1.000000000000000000, 0.000000000000000000 ) ) ;
#3627 = ORIENTED_EDGE ( 'NONE', *, *, #2248, .F. ) ;
#3628 = DIRECTION ( 'NONE',  ( -1.669587230693022918E-16, 2.391760238884576807E-33, -1.000000000000000000 ) ) ;
#3629 = DIRECTION ( 'NONE',  ( 1.000000000000000000, 0.000000000000000000, 0.000000000000000000 ) ) ;
#3630 = VECTOR ( 'NONE', #76, 1.000000000000000000 ) ;
#3631 = AXIS2_PLACEMENT_3D ( 'NONE', #480, #4682, #3277 ) ;
#3632 = EDGE_CURVE ( 'NONE', #2566, #471, #3939, .T. ) ;
#3633 = VECTOR ( 'NONE', #852, 1.000000000000000000 ) ;
#3634 = CARTESIAN_POINT ( 'NONE',  ( -2.350000000000001421, 0.3432012612066359658, -1.135000000000000231 ) ) ;
#3635 = ORIENTED_EDGE ( 'NONE', *, *, #3563, .F. ) ;
#3636 = VERTEX_POINT ( 'NONE', #4453 ) ;
#3637 = VECTOR ( 'NONE', #4963, 1.000000000000000000 ) ;
#3638 = CARTESIAN_POINT ( 'NONE',  ( -1.949999999999999734, -0.8000000000000000444, -0.9100000000000001421 ) ) ;
#3639 = PLANE ( 'NONE',  #1658 ) ;
#3640 = AXIS2_PLACEMENT_3D ( 'NONE', #2889, #5269, #1104 ) ;
#3641 = FACE_OUTER_BOUND ( 'NONE', #6020, .T. ) ;
#3642 = DIRECTION ( 'NONE',  ( 1.000000000000000000, 0.000000000000000000, -1.662153715850725026E-16 ) ) ;
#3643 = DIRECTION ( 'NONE',  ( 0.000000000000000000, 0.000000000000000000, 1.000000000000000000 ) ) ;
#3644 = DIRECTION ( 'NONE',  ( 0.000000000000000000, 0.000000000000000000, -1.000000000000000000 ) ) ;
#3645 = VECTOR ( 'NONE', #5656, 1.000000000000000000 ) ;
#3646 = EDGE_CURVE ( 'NONE', #5297, #1870, #284, .T. ) ;
#3647 = ORIENTED_EDGE ( 'NONE', *, *, #186, .T. ) ;
#3648 = ADVANCED_FACE ( 'NONE', ( #3072 ), #5795, .F. ) ;
#3649 = ORIENTED_EDGE ( 'NONE', *, *, #5510, .F. ) ;
#3650 = ORIENTED_EDGE ( 'NONE', *, *, #1474, .F. ) ;
#3651 = EDGE_CURVE ( 'NONE', #5184, #1252, #4231, .T. ) ;
#3652 = APPLICATION_CONTEXT ( 'automotive_design' ) ;
#3653 = VECTOR ( 'NONE', #4292, 1.000000000000000000 ) ;
#3654 = DIRECTION ( 'NONE',  ( -1.432545838226008399E-17, 1.000000000000000000, -0.000000000000000000 ) ) ;
#3655 = DIRECTION ( 'NONE',  ( 2.400482215405744004E-16, -1.000000000000000000, -0.000000000000000000 ) ) ;
#3656 = VERTEX_POINT ( 'NONE', #2138 ) ;
#3657 = CARTESIAN_POINT ( 'NONE',  ( -8.974999999999999645, 0.9899999999999984368, -1.135000000000000231 ) ) ;
#3658 = VERTEX_POINT ( 'NONE', #763 ) ;
#3659 = VECTOR ( 'NONE', #187, 1.000000000000000000 ) ;
#3660 = EDGE_CURVE ( 'NONE', #3479, #5239, #2601, .T. ) ;
#3661 = CARTESIAN_POINT ( 'NONE',  ( -2.914659381970696644E-16, 1.189999999999998392, -0.9600000000000001865 ) ) ;
#3662 = DIRECTION ( 'NONE',  ( 0.000000000000000000, 0.000000000000000000, -1.000000000000000000 ) ) ;
#3663 = DIRECTION ( 'NONE',  ( -0.000000000000000000, 0.000000000000000000, 1.000000000000000000 ) ) ;
#3664 = FACE_OUTER_BOUND ( 'NONE', #2915, .T. ) ;
#3665 = ORIENTED_EDGE ( 'NONE', *, *, #1730, .T. ) ;
#3666 = DIRECTION ( 'NONE',  ( 0.000000000000000000, 0.000000000000000000, 1.000000000000000000 ) ) ;
#3667 = ORIENTED_EDGE ( 'NONE', *, *, #1217, .T. ) ;
#3668 = CARTESIAN_POINT ( 'NONE',  ( -9.525000000000000355, -0.7400000000000008793, -1.135000000000000231 ) ) ;
#3669 = DIRECTION ( 'NONE',  ( 0.000000000000000000, 0.000000000000000000, 1.000000000000000000 ) ) ;
#3670 = LINE ( 'NONE', #5128, #3267 ) ;
#3671 = ORIENTED_EDGE ( 'NONE', *, *, #3178, .F. ) ;
#3672 = VERTEX_POINT ( 'NONE', #3201 ) ;
#3673 = ORIENTED_EDGE ( 'NONE', *, *, #1418, .T. ) ;
#3674 = DIRECTION ( 'NONE',  ( -1.000000000000000000, 0.000000000000000000, 1.189916929857710326E-16 ) ) ;
#3675 = CARTESIAN_POINT ( 'NONE',  ( 0.5886859966642593589, -0.8750000000000000000, -1.060000000000000053 ) ) ;
#3676 = DIRECTION ( 'NONE',  ( 7.993605777301127091E-15, 0.000000000000000000, -1.000000000000000000 ) ) ;
#3677 = DIRECTION ( 'NONE',  ( 0.000000000000000000, 1.000000000000000000, 0.000000000000000000 ) ) ;
#3678 = FACE_OUTER_BOUND ( 'NONE', #5550, .T. ) ;
#3679 = ORIENTED_EDGE ( 'NONE', *, *, #4266, .T. ) ;
#3680 = VERTEX_POINT ( 'NONE', #4158 ) ;
#3681 = EDGE_LOOP ( 'NONE', ( #1034, #4418, #1903, #3667 ) ) ;
#3682 = EDGE_CURVE ( 'NONE', #2110, #5981, #2873, .T. ) ;
#3683 = CYLINDRICAL_SURFACE ( 'NONE', #2701, 0.2500000000000000000 ) ;
#3684 = CARTESIAN_POINT ( 'NONE',  ( -1.949999999999999734, -0.2000000000000000111, -0.8250000000000000666 ) ) ;
#3685 = CARTESIAN_POINT ( 'NONE',  ( -5.576316527040901860, -1.189999999999999725, -6.660000000000001030 ) ) ;
#3686 = ADVANCED_FACE ( 'NONE', ( #118 ), #6011, .F. ) ;
#3687 = ORIENTED_EDGE ( 'NONE', *, *, #2707, .F. ) ;
#3688 = CARTESIAN_POINT ( 'NONE',  ( -1.699999999999999734, 0.9899999999999984368, -1.135000000000000231 ) ) ;
#3689 = ORIENTED_EDGE ( 'NONE', *, *, #1583, .F. ) ;
#3690 = DIRECTION ( 'NONE',  ( -0.000000000000000000, -0.000000000000000000, -1.000000000000000000 ) ) ;
#3691 = CARTESIAN_POINT ( 'NONE',  ( -18.50000000000000000, -0.8750000000000000000, -1.060000000000000053 ) ) ;
#3692 = EDGE_CURVE ( 'NONE', #3329, #2312, #1302, .T. ) ;
#3693 = DIRECTION ( 'NONE',  ( -0.9632452974707710336, 0.2686233364777639299, 0.000000000000000000 ) ) ;
#3694 = CYLINDRICAL_SURFACE ( 'NONE', #604, 0.2500000000000000000 ) ;
#3695 = VECTOR ( 'NONE', #1888, 1.000000000000000000 ) ;
#3696 = ORIENTED_EDGE ( 'NONE', *, *, #5099, .T. ) ;
#3697 = ORIENTED_EDGE ( 'NONE', *, *, #4528, .F. ) ;
#3698 = AXIS2_PLACEMENT_3D ( 'NONE', #3427, #5289, #5529 ) ;
#3699 = CARTESIAN_POINT ( 'NONE',  ( -6.812500000000000000, -0.7400000000000001021, -1.135000000000000231 ) ) ;
#3700 = DIRECTION ( 'NONE',  ( -1.000000000000000000, 0.000000000000000000, 0.000000000000000000 ) ) ;
#3701 = AXIS2_PLACEMENT_3D ( 'NONE', #4660, #3281, #4171 ) ;
#3702 = VECTOR ( 'NONE', #3338, 1.000000000000000000 ) ;
#3703 = ORIENTED_EDGE ( 'NONE', *, *, #2995, .F. ) ;
#3704 = VERTEX_POINT ( 'NONE', #2415 ) ;
#3705 =( NAMED_UNIT ( * ) SI_UNIT ( $, .STERADIAN. ) SOLID_ANGLE_UNIT ( ) );
#3706 = DIRECTION ( 'NONE',  ( -1.189916929857710326E-16, 0.000000000000000000, -1.000000000000000000 ) ) ;
#3707 = CARTESIAN_POINT ( 'NONE',  ( -13.20000000000000107, 0.6189114148497015799, -0.9599999999999999645 ) ) ;
#3708 = DIRECTION ( 'NONE',  ( 0.000000000000000000, -1.000000000000000000, 0.000000000000000000 ) ) ;
#3709 = CARTESIAN_POINT ( 'NONE',  ( -16.65000000000000213, 0.3114982215127146681, -1.135000000000000231 ) ) ;
#3710 = ORIENTED_EDGE ( 'NONE', *, *, #2855, .T. ) ;
#3711 = ORIENTED_EDGE ( 'NONE', *, *, #2055, .F. ) ;
#3712 = DIRECTION ( 'NONE',  ( 0.000000000000000000, -1.000000000000000000, -0.000000000000000000 ) ) ;
#3713 = CARTESIAN_POINT ( 'NONE',  ( -13.22686233364777664, 0.7152359445967786389, -1.135000000000000231 ) ) ;
#3714 = DIRECTION ( 'NONE',  ( 0.000000000000000000, 0.000000000000000000, -1.000000000000000000 ) ) ;
#3715 = ORIENTED_EDGE ( 'NONE', *, *, #2927, .F. ) ;
#3716 = DIRECTION ( 'NONE',  ( 1.000000000000000000, 0.000000000000000000, 0.000000000000000000 ) ) ;
#3717 = ORIENTED_EDGE ( 'NONE', *, *, #5470, .F. ) ;
#3718 = VECTOR ( 'NONE', #5618, 1.000000000000000000 ) ;
#3719 = LINE ( 'NONE', #3258, #3633 ) ;
#3720 = CARTESIAN_POINT ( 'NONE',  ( -14.57843092739264002, 1.189999999999998170, -0.9607596123493866713 ) ) ;
#3721 = DIRECTION ( 'NONE',  ( 0.000000000000000000, 1.000000000000000000, 0.000000000000000000 ) ) ;
#3722 = EDGE_CURVE ( 'NONE', #4592, #1377, #440, .T. ) ;
#3723 = EDGE_LOOP ( 'NONE', ( #4075, #5240 ) ) ;
#3724 = EDGE_CURVE ( 'NONE', #5090, #2649, #4648, .T. ) ;
#3725 = VERTEX_POINT ( 'NONE', #5523 ) ;
#3726 = CARTESIAN_POINT ( 'NONE',  ( -2.599999999999999645, 0.7399999999999984368, -0.9600000000000001865 ) ) ;
#3727 = EDGE_CURVE ( 'NONE', #749, #4857, #1966, .T. ) ;
#3728 = ORIENTED_EDGE ( 'NONE', *, *, #1043, .F. ) ;
#3729 = ORIENTED_EDGE ( 'NONE', *, *, #3722, .F. ) ;
#3730 = CARTESIAN_POINT ( 'NONE',  ( -18.50000000000000000, 1.189999999999998392, -1.160000000000000142 ) ) ;
#3731 = FACE_OUTER_BOUND ( 'NONE', #4513, .T. ) ;
#3732 = DIRECTION ( 'NONE',  ( 0.000000000000000000, 0.000000000000000000, -1.000000000000000000 ) ) ;
#3733 = ADVANCED_FACE ( 'NONE', ( #2905 ), #1954, .T. ) ;
#3734 = DIRECTION ( 'NONE',  ( 1.000000000000000000, 0.000000000000000000, -1.662153715850725026E-16 ) ) ;
#3735 = AXIS2_PLACEMENT_3D ( 'NONE', #5135, #3708, #3792 ) ;
#3736 = PLANE ( 'NONE',  #3499 ) ;
#3737 = AXIS2_PLACEMENT_3D ( 'NONE', #1654, #4596, #4071 ) ;
#3738 = CIRCLE ( 'NONE', #5279, 0.2500000000000000000 ) ;
#3739 = VECTOR ( 'NONE', #1915, 1.000000000000000000 ) ;
#3740 = AXIS2_PLACEMENT_3D ( 'NONE', #5676, #5302, #2949 ) ;
#3741 = ORIENTED_EDGE ( 'NONE', *, *, #4831, .F. ) ;
#3742 = ORIENTED_EDGE ( 'NONE', *, *, #1118, .T. ) ;
#3743 = AXIS2_PLACEMENT_3D ( 'NONE', #478, #2315, #4196 ) ;
#3744 = DIRECTION ( 'NONE',  ( -1.000000000000000000, 0.000000000000000000, -0.000000000000000000 ) ) ;
#3745 = DIRECTION ( 'NONE',  ( -1.000000000000000000, 0.000000000000000000, 0.000000000000000000 ) ) ;
#3746 = DIRECTION ( 'NONE',  ( 1.000000000000000000, 0.000000000000000000, 0.000000000000000000 ) ) ;
#3747 = VECTOR ( 'NONE', #2731, 1.000000000000000000 ) ;
#3748 = ORIENTED_EDGE ( 'NONE', *, *, #3452, .F. ) ;
#3749 = DIRECTION ( 'NONE',  ( 1.000000000000000000, 0.000000000000000000, 0.000000000000000000 ) ) ;
#3750 = VERTEX_POINT ( 'NONE', #5489 ) ;
#3751 = AXIS2_PLACEMENT_3D ( 'NONE', #4286, #3714, #58 ) ;
#3752 = DIRECTION ( 'NONE',  ( 0.000000000000000000, 0.1699069165076472487, -0.9854601157443478865 ) ) ;
#3753 = DIRECTION ( 'NONE',  ( -1.000000000000000000, 0.000000000000000000, 0.000000000000000000 ) ) ;
#3754 = CIRCLE ( 'NONE', #2157, 5.900000000000001243 ) ;
#3755 = VECTOR ( 'NONE', #4113, 1.000000000000000000 ) ;
#3756 = ORIENTED_EDGE ( 'NONE', *, *, #1912, .F. ) ;
#3757 = EDGE_CURVE ( 'NONE', #4868, #4323, #575, .T. ) ;
#3758 = LINE ( 'NONE', #3266, #3041 ) ;
#3759 = PLANE ( 'NONE',  #4755 ) ;
#3760 = VECTOR ( 'NONE', #5750, 1.000000000000000000 ) ;
#3761 = EDGE_CURVE ( 'NONE', #4027, #5485, #5033, .T. ) ;
#3762 = EDGE_CURVE ( 'NONE', #1749, #1940, #5976, .T. ) ;
#3763 = EDGE_CURVE ( 'NONE', #2032, #3506, #4089, .T. ) ;
#3764 = VERTEX_POINT ( 'NONE', #4123 ) ;
#3765 = EDGE_LOOP ( 'NONE', ( #1458, #1032 ) ) ;
#3766 = DIRECTION ( 'NONE',  ( -1.000000000000000000, 0.000000000000000000, 0.000000000000000000 ) ) ;
#3767 = LINE ( 'NONE', #4622, #3718 ) ;
#3768 = CARTESIAN_POINT ( 'NONE',  ( -2.825068018844486328, -0.9899999999999991029, 5.040000000000000036 ) ) ;
#3769 = CYLINDRICAL_SURFACE ( 'NONE', #3735, 6.000000000000000000 ) ;
#3770 = CARTESIAN_POINT ( 'NONE',  ( -10.63749999999999929, -0.9899999999999997691, -1.135000000000000231 ) ) ;
#3771 = EDGE_CURVE ( 'NONE', #1126, #3360, #4289, .T. ) ;
#3772 = ORIENTED_EDGE ( 'NONE', *, *, #1820, .T. ) ;
#3773 = FACE_OUTER_BOUND ( 'NONE', #4350, .T. ) ;
#3774 = DIRECTION ( 'NONE',  ( -0.000000000000000000, 0.000000000000000000, 1.000000000000000000 ) ) ;
#3775 = DIRECTION ( 'NONE',  ( 0.000000000000000000, 0.000000000000000000, 1.000000000000000000 ) ) ;
#3776 = FACE_BOUND ( 'NONE', #3723, .T. ) ;
#3777 = ORIENTED_EDGE ( 'NONE', *, *, #4391, .T. ) ;
#3778 = ORIENTED_EDGE ( 'NONE', *, *, #448, .F. ) ;
#3779 = VERTEX_POINT ( 'NONE', #861 ) ;
#3780 = CARTESIAN_POINT ( 'NONE',  ( -16.55000000000000071, -0.9899999999999984368, -1.135000000000000231 ) ) ;
#3781 = DIRECTION ( 'NONE',  ( 0.000000000000000000, 0.000000000000000000, 1.000000000000000000 ) ) ;
#3782 = ORIENTED_EDGE ( 'NONE', *, *, #4218, .F. ) ;
#3783 = DIRECTION ( 'NONE',  ( -0.000000000000000000, 0.000000000000000000, 1.000000000000000000 ) ) ;
#3784 = DIRECTION ( 'NONE',  ( 0.000000000000000000, 1.000000000000000000, 0.000000000000000000 ) ) ;
#3785 = AXIS2_PLACEMENT_3D ( 'NONE', #3003, #5845, #5294 ) ;
#3786 = CIRCLE ( 'NONE', #1156, 0.2500000000000000000 ) ;
#3787 = ORIENTED_EDGE ( 'NONE', *, *, #3761, .F. ) ;
#3788 = EDGE_CURVE ( 'NONE', #1385, #3404, #2700, .T. ) ;
#3789 = ORIENTED_EDGE ( 'NONE', *, *, #5986, .F. ) ;
#3790 = CARTESIAN_POINT ( 'NONE',  ( -16.15000000000000213, -0.8000000000000000444, -0.9100000000000001421 ) ) ;
#3791 = PLANE ( 'NONE',  #4026 ) ;
#3792 = DIRECTION ( 'NONE',  ( 0.000000000000000000, 0.000000000000000000, -1.000000000000000000 ) ) ;
#3793 = AXIS2_PLACEMENT_3D ( 'NONE', #3335, #3217, #5995 ) ;
#3794 = EDGE_CURVE ( 'NONE', #1902, #2458, #4613, .T. ) ;
#3795 = VERTEX_POINT ( 'NONE', #1381 ) ;
#3796 = CIRCLE ( 'NONE', #2507, 0.2500000000000000000 ) ;
#3797 = EDGE_CURVE ( 'NONE', #614, #391, #5067, .T. ) ;
#3798 = LINE ( 'NONE', #1451, #773 ) ;
#3799 = VECTOR ( 'NONE', #996, 1.000000000000000000 ) ;
#3800 = DIRECTION ( 'NONE',  ( -1.000000000000000000, 0.000000000000000000, 0.000000000000000000 ) ) ;
#3801 = DIRECTION ( 'NONE',  ( 0.000000000000000000, 0.000000000000000000, 1.000000000000000000 ) ) ;
#3802 = VERTEX_POINT ( 'NONE', #1931 ) ;
#3803 = ORIENTED_EDGE ( 'NONE', *, *, #261, .T. ) ;
#3804 = ORIENTED_EDGE ( 'NONE', *, *, #1450, .F. ) ;
#3805 = CARTESIAN_POINT ( 'NONE',  ( -14.56974851850929298, 1.089999999999998082, -1.009999999999997122 ) ) ;
#3806 = EDGE_CURVE ( 'NONE', #4149, #4845, #3346, .T. ) ;
#3807 = CARTESIAN_POINT ( 'NONE',  ( -13.96557253896063777, -0.9900000000000017675, -0.7511534819267449148 ) ) ;
#3808 = DIRECTION ( 'NONE',  ( 0.000000000000000000, 0.000000000000000000, -1.000000000000000000 ) ) ;
#3809 = AXIS2_PLACEMENT_3D ( 'NONE', #5133, #4651, #5495 ) ;
#3810 = ORIENTED_EDGE ( 'NONE', *, *, #119, .F. ) ;
#3811 = DIRECTION ( 'NONE',  ( -0.000000000000000000, 0.000000000000000000, 1.000000000000000000 ) ) ;
#3812 = DIRECTION ( 'NONE',  ( -1.000000000000000000, -2.405483220021172340E-16, 0.000000000000000000 ) ) ;
#3813 = DIRECTION ( 'NONE',  ( 0.000000000000000000, -1.000000000000000000, 0.000000000000000000 ) ) ;
#3814 = AXIS2_PLACEMENT_3D ( 'NONE', #5935, #5609, #856 ) ;
#3815 = ORIENTED_EDGE ( 'NONE', *, *, #1333, .F. ) ;
#3816 = ORIENTED_EDGE ( 'NONE', *, *, #1427, .T. ) ;
#3817 =( LENGTH_UNIT ( ) NAMED_UNIT ( * ) SI_UNIT ( $, .METRE. ) );
#3818 = DIRECTION ( 'NONE',  ( -0.000000000000000000, 0.000000000000000000, -1.000000000000000000 ) ) ;
#3819 = DIRECTION ( 'NONE',  ( -1.432545838226008399E-17, 1.000000000000000000, 0.000000000000000000 ) ) ;
#3820 = EDGE_CURVE ( 'NONE', #1482, #2671, #1035, .T. ) ;
#3821 = ORIENTED_EDGE ( 'NONE', *, *, #3151, .T. ) ;
#3822 = CARTESIAN_POINT ( 'NONE',  ( -16.55000000000000071, -0.7399999999999984368, -1.135000000000000231 ) ) ;
#3823 = CARTESIAN_POINT ( 'NONE',  ( -1.849999999999999645, -0.3114982215127146681, -0.9600000000000001865 ) ) ;
#3824 = PLANE ( 'NONE',  #3133 ) ;
#3825 = CARTESIAN_POINT ( 'NONE',  ( -19.08868599666426036, 0.000000000000000000, -1.060000000000000053 ) ) ;
#3826 = EDGE_CURVE ( 'NONE', #1716, #4594, #2099, .T. ) ;
#3827 = PRODUCT_DEFINITION ( 'NON CONOSCIUTO', '', #3876, #4776 ) ;
#3828 = CIRCLE ( 'NONE', #4314, 6.000000000000000000 ) ;
#3829 = ORIENTED_EDGE ( 'NONE', *, *, #588, .F. ) ;
#3830 = EDGE_CURVE ( 'NONE', #3030, #5404, #1568, .T. ) ;
#3831 = VECTOR ( 'NONE', #2231, 1.000000000000000000 ) ;
#3832 = ORIENTED_EDGE ( 'NONE', *, *, #5432, .T. ) ;
#3833 = VECTOR ( 'NONE', #860, 1.000000000000000000 ) ;
#3834 = DIRECTION ( 'NONE',  ( -0.000000000000000000, 0.000000000000000000, 1.000000000000000000 ) ) ;
#3835 = AXIS2_PLACEMENT_3D ( 'NONE', #3805, #2205, #5942 ) ;
#3836 = DIRECTION ( 'NONE',  ( 0.000000000000000000, -0.000000000000000000, -1.000000000000000000 ) ) ;
#3837 = EDGE_CURVE ( 'NONE', #6014, #2334, #5780, .T. ) ;
#3838 = LINE ( 'NONE', #1518, #5652 ) ;
#3839 = VECTOR ( 'NONE', #2156, 1.000000000000000000 ) ;
#3840 = EDGE_CURVE ( 'NONE', #1055, #1501, #5314, .T. ) ;
#3841 = ORIENTED_EDGE ( 'NONE', *, *, #1083, .F. ) ;
#3842 = CARTESIAN_POINT ( 'NONE',  ( -3.921569072607348438, 1.189999999999998392, -0.9607596123493884477 ) ) ;
#3843 = CARTESIAN_POINT ( 'NONE',  ( -6.812500000000000000, -0.7400000000000001021, -0.9600000000000001865 ) ) ;
#3844 = CARTESIAN_POINT ( 'NONE',  ( -16.15000000000000213, 1.189999999999998392, -0.9600000000000001865 ) ) ;
#3845 = ORIENTED_EDGE ( 'NONE', *, *, #5720, .F. ) ;
#3846 = CIRCLE ( 'NONE', #4640, 0.05000000000000004441 ) ;
#3847 = ORIENTED_EDGE ( 'NONE', *, *, #2166, .T. ) ;
#3848 = CARTESIAN_POINT ( 'NONE',  ( -4.551792278806057190, -1.089999999999998082, -0.8496342572279651506 ) ) ;
#3849 = DIRECTION ( 'NONE',  ( 1.000000000000000000, 0.000000000000000000, 0.000000000000000000 ) ) ;
#3850 = CARTESIAN_POINT ( 'NONE',  ( -18.05358983848622501, 0.2114982215127146903, -1.135000000000000231 ) ) ;
#3851 = CIRCLE ( 'NONE', #3737, 0.2500000000000000000 ) ;
#3852 = DIRECTION ( 'NONE',  ( -0.000000000000000000, -0.000000000000000000, -1.000000000000000000 ) ) ;
#3853 = ORIENTED_EDGE ( 'NONE', *, *, #3348, .F. ) ;
#3854 = CARTESIAN_POINT ( 'NONE',  ( -16.15000000000000213, 1.189999999999998392, -0.9600000000000001865 ) ) ;
#3855 = LINE ( 'NONE', #5712, #5581 ) ;
#3856 = DIRECTION ( 'NONE',  ( 1.000000000000000000, 0.000000000000000000, 0.000000000000000000 ) ) ;
#3857 = VERTEX_POINT ( 'NONE', #5810 ) ;
#3858 = EDGE_CURVE ( 'NONE', #1421, #4264, #5256, .T. ) ;
#3859 = ORIENTED_EDGE ( 'NONE', *, *, #5270, .F. ) ;
#3860 = ADVANCED_FACE ( 'NONE', ( #3491 ), #4835, .T. ) ;
#3861 = DIRECTION ( 'NONE',  ( 1.000000000000000000, 2.400482215405744004E-16, 0.000000000000000000 ) ) ;
#3862 = DIRECTION ( 'NONE',  ( 0.000000000000000000, -1.000000000000000000, 0.000000000000000000 ) ) ;
#3863 = CYLINDRICAL_SURFACE ( 'NONE', #1748, 0.1000000000000014211 ) ;
#3864 = ORIENTED_EDGE ( 'NONE', *, *, #3151, .F. ) ;
#3865 = ADVANCED_FACE ( 'NONE', ( #273 ), #3916, .T. ) ;
#3866 = DIRECTION ( 'NONE',  ( -0.000000000000000000, 0.000000000000000000, 1.000000000000000000 ) ) ;
#3867 = CARTESIAN_POINT ( 'NONE',  ( -16.14999999999999858, 0.2114982215127146903, -1.135000000000000231 ) ) ;
#3868 = DIRECTION ( 'NONE',  ( 0.9848077530122092416, 0.000000000000000000, 0.1736481776669234756 ) ) ;
#3869 = ORIENTED_EDGE ( 'NONE', *, *, #4269, .F. ) ;
#3870 = ORIENTED_EDGE ( 'NONE', *, *, #2198, .T. ) ;
#3871 = DIRECTION ( 'NONE',  ( -0.9632452974707709226, 0.2686233364777639299, -0.000000000000000000 ) ) ;
#3872 = DIRECTION ( 'NONE',  ( -1.000000000000000000, 0.000000000000000000, 0.000000000000000000 ) ) ;
#3873 = CARTESIAN_POINT ( 'NONE',  ( -2.914659381970696644E-16, 1.189999999999998392, -1.160000000000000142 ) ) ;
#3874 = CIRCLE ( 'NONE', #4070, 0.2500000000000000000 ) ;
#3875 = DIRECTION ( 'NONE',  ( 0.000000000000000000, 0.000000000000000000, 1.000000000000000000 ) ) ;
#3876 = PRODUCT_DEFINITION_FORMATION_WITH_SPECIFIED_SOURCE ( 'TUTTO', '', #1289, .NOT_KNOWN. ) ;
#3877 = ORIENTED_EDGE ( 'NONE', *, *, #5650, .F. ) ;
#3878 = CARTESIAN_POINT ( 'NONE',  ( -16.55000000000000071, -0.8999999999999999112, -0.9100000000000001421 ) ) ;
#3879 = CIRCLE ( 'NONE', #4758, 5.999999999999999112 ) ;
#3880 = DIRECTION ( 'NONE',  ( 1.000000000000000000, 0.000000000000000000, 0.000000000000000000 ) ) ;
#3881 = FACE_OUTER_BOUND ( 'NONE', #5255, .T. ) ;
#3882 = AXIS2_PLACEMENT_3D ( 'NONE', #5655, #3712, #4234 ) ;
#3883 = ORIENTED_EDGE ( 'NONE', *, *, #842, .T. ) ;
#3884 = VERTEX_POINT ( 'NONE', #4382 ) ;
#3885 = FACE_OUTER_BOUND ( 'NONE', #2347, .T. ) ;
#3886 = CARTESIAN_POINT ( 'NONE',  ( -1.949999999999999734, -0.8999999999999999112, -0.9100000000000001421 ) ) ;
#3887 = EDGE_CURVE ( 'NONE', #1252, #5404, #1985, .T. ) ;
#3888 = EDGE_LOOP ( 'NONE', ( #5215, #2553, #2283, #2141, #2703, #2096 ) ) ;
#3889 = AXIS2_PLACEMENT_3D ( 'NONE', #455, #2745, #4629 ) ;
#3890 = LINE ( 'NONE', #4357, #5448 ) ;
#3891 = ORIENTED_EDGE ( 'NONE', *, *, #5629, .F. ) ;
#3892 = VECTOR ( 'NONE', #4138, 1.000000000000000000 ) ;
#3893 = LINE ( 'NONE', #5211, #1029 ) ;
#3894 = CARTESIAN_POINT ( 'NONE',  ( -19.12000000000000099, -0.8750000000000000000, -1.209999999999999964 ) ) ;
#3895 = LINE ( 'NONE', #5756, #438 ) ;
#3896 = ADVANCED_FACE ( 'NONE', ( #2041 ), #5718, .T. ) ;
#3897 = ADVANCED_FACE ( 'NONE', ( #3885 ), #724, .F. ) ;
#3898 = ORIENTED_EDGE ( 'NONE', *, *, #4243, .F. ) ;
#3899 = EDGE_CURVE ( 'NONE', #5090, #5901, #179, .T. ) ;
#3900 = ORIENTED_EDGE ( 'NONE', *, *, #1118, .F. ) ;
#3901 = PLANE ( 'NONE',  #4124 ) ;
#3902 = CARTESIAN_POINT ( 'NONE',  ( -18.15358983848622643, -0.9899999999999984368, -1.135000000000000231 ) ) ;
#3903 = PLANE ( 'NONE',  #1577 ) ;
#3904 = SURFACE_STYLE_FILL_AREA ( #1024 ) ;
#3905 = CARTESIAN_POINT ( 'NONE',  ( -10.63749999999999929, 0.9899999999999984368, -1.135000000000001119 ) ) ;
#3906 = CARTESIAN_POINT ( 'NONE',  ( -14.56974851850929298, 1.189999999999998170, -1.009999999999997122 ) ) ;
#3907 = VERTEX_POINT ( 'NONE', #5747 ) ;
#3908 = ADVANCED_FACE ( 'NONE', ( #5344 ), #1148, .T. ) ;
#3909 = ORIENTED_EDGE ( 'NONE', *, *, #938, .F. ) ;
#3910 = CARTESIAN_POINT ( 'NONE',  ( -12.92368347295909814, 9.753686360283015944, -6.660000000000000142 ) ) ;
#3911 = DIRECTION ( 'NONE',  ( -1.224646799147353207E-16, 1.000000000000000000, -0.000000000000000000 ) ) ;
#3912 = DIRECTION ( 'NONE',  ( 0.000000000000000000, 0.000000000000000000, 1.000000000000000000 ) ) ;
#3913 = ORIENTED_EDGE ( 'NONE', *, *, #5621, .F. ) ;
#3914 = APPLICATION_CONTEXT ( 'automotive_design' ) ;
#3915 = ORIENTED_EDGE ( 'NONE', *, *, #5383, .T. ) ;
#3916 = PLANE ( 'NONE',  #817 ) ;
#3917 = FACE_OUTER_BOUND ( 'NONE', #2776, .T. ) ;
#3918 = AXIS2_PLACEMENT_3D ( 'NONE', #6015, #991, #4194 ) ;
#3919 = LINE ( 'NONE', #248, #1673 ) ;
#3920 = VECTOR ( 'NONE', #4823, 1.000000000000000000 ) ;
#3921 = VECTOR ( 'NONE', #4995, 1.000000000000000000 ) ;
#3922 = EDGE_LOOP ( 'NONE', ( #442, #400, #281, #4925 ) ) ;
#3923 = DIRECTION ( 'NONE',  ( 1.000000000000000000, 0.000000000000000000, 0.000000000000000000 ) ) ;
#3924 = ORIENTED_EDGE ( 'NONE', *, *, #3462, .F. ) ;
#3925 = VECTOR ( 'NONE', #3597, 1.000000000000000000 ) ;
#3926 = ORIENTED_EDGE ( 'NONE', *, *, #3617, .F. ) ;
#3927 = AXIS2_PLACEMENT_3D ( 'NONE', #1762, #1832, #3168 ) ;
#3928 = CARTESIAN_POINT ( 'NONE',  ( -19.08868599666426036, 0.8750000000000000000, -1.060000000000000053 ) ) ;
#3929 = AXIS2_PLACEMENT_3D ( 'NONE', #870, #1837, #3732 ) ;
#3930 = DIRECTION ( 'NONE',  ( 0.000000000000000000, -0.000000000000000000, -1.000000000000000000 ) ) ;
#3931 = CARTESIAN_POINT ( 'NONE',  ( -11.43750000000000000, 0.7399999999999984368, -0.9600000000000001865 ) ) ;
#3932 = VECTOR ( 'NONE', #4581, 1.000000000000000000 ) ;
#3933 = ORIENTED_EDGE ( 'NONE', *, *, #2774, .F. ) ;
#3934 = EDGE_CURVE ( 'NONE', #2522, #391, #2151, .T. ) ;
#3935 = VECTOR ( 'NONE', #2385, 1.000000000000000000 ) ;
#3936 = ORIENTED_EDGE ( 'NONE', *, *, #5268, .F. ) ;
#3937 = DIRECTION ( 'NONE',  ( 0.000000000000000000, 0.000000000000000000, 1.000000000000000000 ) ) ;
#3938 = EDGE_CURVE ( 'NONE', #806, #6021, #2965, .T. ) ;
#3939 = LINE ( 'NONE', #3966, #3246 ) ;
#3940 = PRODUCT_RELATED_PRODUCT_CATEGORY ( 'part', '', ( #1289 ) ) ;
#3941 = CARTESIAN_POINT ( 'NONE',  ( 0.000000000000000000, -0.8750000000000000000, -1.140000000000000124 ) ) ;
#3942 = ADVANCED_FACE ( 'NONE', ( #693 ), #4413, .F. ) ;
#3943 = CARTESIAN_POINT ( 'NONE',  ( -5.576316527040902749, -9.753686360283015944, -0.7600000000000010081 ) ) ;
#3944 = DIRECTION ( 'NONE',  ( 0.000000000000000000, 0.000000000000000000, 1.000000000000000000 ) ) ;
#3945 = ORIENTED_EDGE ( 'NONE', *, *, #2474, .T. ) ;
#3946 = ORIENTED_EDGE ( 'NONE', *, *, #3794, .T. ) ;
#3947 = DIRECTION ( 'NONE',  ( -1.432545838226008399E-17, -1.000000000000000000, 0.000000000000000000 ) ) ;
#3948 = CARTESIAN_POINT ( 'NONE',  ( 0.000000000000000000, -1.189999999999998392, -1.160000000000000142 ) ) ;
#3949 = ADVANCED_FACE ( 'NONE', ( #5838 ), #3519, .T. ) ;
#3950 = CARTESIAN_POINT ( 'NONE',  ( -13.61420173049477356, -0.9900000000000016565, -0.9600000000000004086 ) ) ;
#3951 = AXIS2_PLACEMENT_3D ( 'NONE', #4548, #4939, #3134 ) ;
#3952 = DIRECTION ( 'NONE',  ( -1.000000000000000000, 0.000000000000000000, -0.000000000000000000 ) ) ;
#3953 = EDGE_LOOP ( 'NONE', ( #3543, #4420, #3231, #5308 ) ) ;
#3954 = VERTEX_POINT ( 'NONE', #845 ) ;
#3955 = DIRECTION ( 'NONE',  ( 0.000000000000000000, 0.000000000000000000, 1.000000000000000000 ) ) ;
#3956 = DIRECTION ( 'NONE',  ( -1.000000000000000000, 0.000000000000000000, 0.000000000000000000 ) ) ;
#3957 = FACE_OUTER_BOUND ( 'NONE', #432, .T. ) ;
#3958 = VERTEX_POINT ( 'NONE', #3119 ) ;
#3959 = LINE ( 'NONE', #5900, #1556 ) ;
#3960 = ORIENTED_EDGE ( 'NONE', *, *, #1480, .T. ) ;
#3961 = CARTESIAN_POINT ( 'NONE',  ( -12.92368347295909814, -1.190000000000002833, -0.6600000000000001421 ) ) ;
#3962 = DIRECTION ( 'NONE',  ( 1.000000000000000000, -1.193105140912903329E-16, 0.000000000000000000 ) ) ;
#3963 = ORIENTED_EDGE ( 'NONE', *, *, #1113, .T. ) ;
#3964 = ORIENTED_EDGE ( 'NONE', *, *, #3525, .F. ) ;
#3965 = LINE ( 'NONE', #3567, #1879 ) ;
#3966 = CARTESIAN_POINT ( 'NONE',  ( -0.3464101615137745172, 0.9899999999999984368, -0.9600000000000001865 ) ) ;
#3967 = CARTESIAN_POINT ( 'NONE',  ( -2.350000000000001421, 0.9899999999999984368, -1.135000000000000231 ) ) ;
#3968 = ADVANCED_FACE ( 'NONE', ( #1235 ), #4951, .T. ) ;
#3969 = ADVANCED_FACE ( 'NONE', ( #1715 ), #4531, .F. ) ;
#3970 = CARTESIAN_POINT ( 'NONE',  ( -7.062500000000000000, 0.7399999999999984368, -0.9600000000000001865 ) ) ;
#3971 = ORIENTED_EDGE ( 'NONE', *, *, #2266, .F. ) ;
#3972 = ORIENTED_EDGE ( 'NONE', *, *, #2198, .F. ) ;
#3973 = DIRECTION ( 'NONE',  ( -1.000000000000000000, 0.000000000000000000, 0.000000000000000000 ) ) ;
#3974 = FACE_BOUND ( 'NONE', #215, .T. ) ;
#3975 = DIRECTION ( 'NONE',  ( 0.000000000000000000, 0.000000000000000000, 1.000000000000000000 ) ) ;
#3976 = EDGE_CURVE ( 'NONE', #3280, #5031, #2223, .T. ) ;
#3977 = CARTESIAN_POINT ( 'NONE',  ( -5.699999999999999289, -0.7399999999999993250, -0.9600000000000001865 ) ) ;
#3978 = ADVANCED_FACE ( 'NONE', ( #2588, #5406, #5959 ), #5866, .F. ) ;
#3979 = ORIENTED_EDGE ( 'NONE', *, *, #2876, .T. ) ;
#3980 = EDGE_CURVE ( 'NONE', #4001, #353, #2270, .T. ) ;
#3981 = ORIENTED_EDGE ( 'NONE', *, *, #341, .F. ) ;
#3982 = CIRCLE ( 'NONE', #490, 0.2500000000000000000 ) ;
#3983 = CARTESIAN_POINT ( 'NONE',  ( -16.14999999999999858, 0.9899999999999984368, -1.135000000000000231 ) ) ;
#3984 = CARTESIAN_POINT ( 'NONE',  ( -16.55000000000000071, 0.2114982215127146903, -4.241944871367028469 ) ) ;
#3985 = LINE ( 'NONE', #3520, #764 ) ;
#3986 = VECTOR ( 'NONE', #3952, 1.000000000000000000 ) ;
#3987 = VECTOR ( 'NONE', #2866, 1.000000000000000000 ) ;
#3988 = ORIENTED_EDGE ( 'NONE', *, *, #4168, .T. ) ;
#3989 = CARTESIAN_POINT ( 'NONE',  ( 0.000000000000000000, 0.000000000000000000, -1.135000000000000231 ) ) ;
#3990 = VERTEX_POINT ( 'NONE', #4498 ) ;
#3991 = EDGE_CURVE ( 'NONE', #4772, #3907, #5997, .T. ) ;
#3992 = DIRECTION ( 'NONE',  ( 0.000000000000000000, 0.000000000000000000, 1.000000000000000000 ) ) ;
#3993 = LINE ( 'NONE', #3067, #5664 ) ;
#3994 = VECTOR ( 'NONE', #4039, 1.000000000000000222 ) ;
#3995 = ORIENTED_EDGE ( 'NONE', *, *, #4790, .F. ) ;
#3996 = ORIENTED_EDGE ( 'NONE', *, *, #5986, .T. ) ;
#3997 = DIRECTION ( 'NONE',  ( 1.000000000000000000, 0.000000000000000000, 0.000000000000000000 ) ) ;
#3998 = CARTESIAN_POINT ( 'NONE',  ( -18.05358983848622501, -0.3114982215127147791, -1.135000000000000231 ) ) ;
#3999 = EDGE_CURVE ( 'NONE', #3658, #926, #2620, .T. ) ;
#4000 = LINE ( 'NONE', #1223, #4249 ) ;
#4001 = VERTEX_POINT ( 'NONE', #329 ) ;
#4002 = VERTEX_POINT ( 'NONE', #1817 ) ;
#4003 = PLANE ( 'NONE',  #714 ) ;
#4004 = CYLINDRICAL_SURFACE ( 'NONE', #5943, 0.05000000000000071054 ) ;
#4005 = DIRECTION ( 'NONE',  ( -0.000000000000000000, 0.000000000000000000, -1.000000000000000000 ) ) ;
#4006 = DIRECTION ( 'NONE',  ( 0.000000000000000000, -1.000000000000000000, -0.000000000000000000 ) ) ;
#4007 = PLANE ( 'NONE',  #2820 ) ;
#4008 = VECTOR ( 'NONE', #3721, 1.000000000000000000 ) ;
#4009 = ORIENTED_EDGE ( 'NONE', *, *, #1667, .T. ) ;
#4010 = ORIENTED_EDGE ( 'NONE', *, *, #3199, .T. ) ;
#4011 = LINE ( 'NONE', #5958, #4692 ) ;
#4012 = LINE ( 'NONE', #2652, #3839 ) ;
#4013 = EDGE_CURVE ( 'NONE', #38, #5901, #1331, .T. ) ;
#4014 = DIRECTION ( 'NONE',  ( -0.000000000000000000, 0.000000000000000000, 1.000000000000000000 ) ) ;
#4015 = ORIENTED_EDGE ( 'NONE', *, *, #5870, .F. ) ;
#4016 = CARTESIAN_POINT ( 'NONE',  ( -2.350000000000001421, 0.2114982215127146903, -1.135000000000000231 ) ) ;
#4017 = EDGE_LOOP ( 'NONE', ( #603, #389 ) ) ;
#4018 = AXIS2_PLACEMENT_3D ( 'NONE', #2495, #5367, #4038 ) ;
#4019 = CARTESIAN_POINT ( 'NONE',  ( 0.5886859966642593589, 0.8750000000000000000, -1.140000000000000124 ) ) ;
#4020 = EDGE_CURVE ( 'NONE', #3430, #547, #1112, .T. ) ;
#4021 = CARTESIAN_POINT ( 'NONE',  ( -10.63749999999999929, -0.9900000000000009903, -0.9600000000000007416 ) ) ;
#4022 = AXIS2_PLACEMENT_3D ( 'NONE', #583, #162, #4394 ) ;
#4023 = VECTOR ( 'NONE', #2600, 1.000000000000000000 ) ;
#4024 = AXIS2_PLACEMENT_3D ( 'NONE', #4749, #1064, #5205 ) ;
#4025 = ORIENTED_EDGE ( 'NONE', *, *, #4536, .F. ) ;
#4026 = AXIS2_PLACEMENT_3D ( 'NONE', #1866, #77, #1324 ) ;
#4027 = VERTEX_POINT ( 'NONE', #2128 ) ;
#4028 = DIRECTION ( 'NONE',  ( 1.000000000000000000, 0.000000000000000000, 0.000000000000000000 ) ) ;
#4029 = CYLINDRICAL_SURFACE ( 'NONE', #916, 0.2500000000000000000 ) ;
#4030 = AXIS2_PLACEMENT_3D ( 'NONE', #3823, #5081, #909 ) ;
#4031 = CARTESIAN_POINT ( 'NONE',  ( 0.000000000000000000, 0.8750000000000000000, -1.060000000000000053 ) ) ;
#4032 = ORIENTED_EDGE ( 'NONE', *, *, #5654, .F. ) ;
#4033 = AXIS2_PLACEMENT_3D ( 'NONE', #5114, #946, #543 ) ;
#4034 = ORIENTED_EDGE ( 'NONE', *, *, #4571, .F. ) ;
#4035 = DIRECTION ( 'NONE',  ( 0.9632452974707709226, -0.2686233364777642629, -0.000000000000000000 ) ) ;
#4036 = CARTESIAN_POINT ( 'NONE',  ( -13.61420173049478421, 0.9899999999999984368, -0.9600000000000004086 ) ) ;
#4037 = DIRECTION ( 'NONE',  ( 1.000000000000000000, 0.000000000000000000, 0.000000000000000000 ) ) ;
#4038 = DIRECTION ( 'NONE',  ( 1.000000000000000000, 0.000000000000000000, 0.000000000000000000 ) ) ;
#4039 = DIRECTION ( 'NONE',  ( 0.000000000000000000, -0.9854601157443477755, -0.1699069165076472210 ) ) ;
#4040 = AXIS2_PLACEMENT_3D ( 'NONE', #5539, #3221, #1305 ) ;
#4041 = ORIENTED_EDGE ( 'NONE', *, *, #2207, .T. ) ;
#4042 = VERTEX_POINT ( 'NONE', #3183 ) ;
#4043 = CARTESIAN_POINT ( 'NONE',  ( -14.61974851850929369, -9.753686360283015944, -1.009999999999997122 ) ) ;
#4044 = LINE ( 'NONE', #3582, #1684 ) ;
#4045 = CARTESIAN_POINT ( 'NONE',  ( -1.949999999999999734, -0.7399999999999984368, -0.9600000000000001865 ) ) ;
#4046 = ADVANCED_FACE ( 'NONE', ( #4561 ), #808, .T. ) ;
#4047 = ORIENTED_EDGE ( 'NONE', *, *, #2474, .F. ) ;
#4048 = DIRECTION ( 'NONE',  ( -0.000000000000000000, 1.000000000000000000, -0.000000000000000000 ) ) ;
#4049 = EDGE_CURVE ( 'NONE', #2311, #3069, #4012, .T. ) ;
#4050 = ORIENTED_EDGE ( 'NONE', *, *, #5841, .T. ) ;
#4051 = FACE_OUTER_BOUND ( 'NONE', #1700, .T. ) ;
#4052 = DIRECTION ( 'NONE',  ( -0.000000000000000000, 1.000000000000000000, -0.000000000000000000 ) ) ;
#4053 = DIRECTION ( 'NONE',  ( 0.000000000000000000, -1.000000000000000000, 0.000000000000000000 ) ) ;
#4054 = EDGE_CURVE ( 'NONE', #3990, #6008, #4719, .T. ) ;
#4055 = VERTEX_POINT ( 'NONE', #2682 ) ;
#4056 = FACE_OUTER_BOUND ( 'NONE', #426, .T. ) ;
#4057 = ORIENTED_EDGE ( 'NONE', *, *, #298, .T. ) ;
#4058 = CARTESIAN_POINT ( 'NONE',  ( 0.5886859966642593589, 0.8750000000000000000, -0.9100000000000001421 ) ) ;
#4059 = DIRECTION ( 'NONE',  ( 0.000000000000000000, -0.000000000000000000, -1.000000000000000000 ) ) ;
#4060 = CARTESIAN_POINT ( 'NONE',  ( -5.399999999999998579, 0.6189114148497013579, -0.9600000000000001865 ) ) ;
#4061 = ORIENTED_EDGE ( 'NONE', *, *, #2471, .T. ) ;
#4062 = EDGE_LOOP ( 'NONE', ( #5692, #3501 ) ) ;
#4063 = CARTESIAN_POINT ( 'NONE',  ( -10.88749999999999929, 0.9899999999999984368, -0.9600000000000001865 ) ) ;
#4064 = DIRECTION ( 'NONE',  ( 0.000000000000000000, -1.000000000000000000, 0.000000000000000000 ) ) ;
#4065 = DIRECTION ( 'NONE',  ( -0.000000000000000000, 0.000000000000000000, 1.000000000000000000 ) ) ;
#4066 = CARTESIAN_POINT ( 'NONE',  ( -12.80000000000000071, -0.7400000000000015454, -1.135000000000000231 ) ) ;
#4067 = CARTESIAN_POINT ( 'NONE',  ( -2.708402713505185133, 0.000000000000000000, -4.241944871367028469 ) ) ;
#4068 = ORIENTED_EDGE ( 'NONE', *, *, #5421, .T. ) ;
#4069 = ORIENTED_EDGE ( 'NONE', *, *, #2124, .F. ) ;
#4070 = AXIS2_PLACEMENT_3D ( 'NONE', #1963, #556, #5182 ) ;
#4071 = DIRECTION ( 'NONE',  ( 1.000000000000000000, 0.000000000000000000, 0.000000000000000000 ) ) ;
#4072 = DIRECTION ( 'NONE',  ( 0.000000000000000000, -0.000000000000000000, -1.000000000000000000 ) ) ;
#4073 =( GEOMETRIC_REPRESENTATION_CONTEXT ( 3 ) GLOBAL_UNCERTAINTY_ASSIGNED_CONTEXT ( ( #156 ) ) GLOBAL_UNIT_ASSIGNED_CONTEXT ( ( #679, #5680, #168 ) ) REPRESENTATION_CONTEXT ( 'NONE', 'WORKASPACE' ) );
#4074 = AXIS2_PLACEMENT_3D ( 'NONE', #5444, #2165, #4 ) ;
#4075 = ORIENTED_EDGE ( 'NONE', *, *, #2542, .F. ) ;
#4076 = DIRECTION ( 'NONE',  ( -0.9848077530122092416, -2.364013496699500726E-16, -0.1736481776669234756 ) ) ;
#4077 = ORIENTED_EDGE ( 'NONE', *, *, #1214, .T. ) ;
#4078 = CARTESIAN_POINT ( 'NONE',  ( -16.02313766635222336, 0.2468767314595589901, -1.135000000000000231 ) ) ;
#4079 = EDGE_CURVE ( 'NONE', #2111, #4027, #4807, .T. ) ;
#4080 = DIRECTION ( 'NONE',  ( 0.000000000000000000, -0.000000000000000000, -1.000000000000000000 ) ) ;
#4081 = AXIS2_PLACEMENT_3D ( 'NONE', #3387, #1973, #5796 ) ;
#4082 = CYLINDRICAL_SURFACE ( 'NONE', #782, 0.1000000000000000333 ) ;
#4083 = CARTESIAN_POINT ( 'NONE',  ( -19.08868599666426036, -0.8750000000000000000, -1.060000000000000053 ) ) ;
#4084 = VECTOR ( 'NONE', #4491, 1.000000000000000000 ) ;
#4085 = ORIENTED_EDGE ( 'NONE', *, *, #3797, .T. ) ;
#4086 = CARTESIAN_POINT ( 'NONE',  ( -7.062500000000000000, 0.9899999999999984368, -1.135000000000000231 ) ) ;
#4087 = ORIENTED_EDGE ( 'NONE', *, *, #3375, .T. ) ;
#4088 = DIRECTION ( 'NONE',  ( 1.000000000000000000, 0.000000000000000000, 0.000000000000000000 ) ) ;
#4089 = LINE ( 'NONE', #2241, #1880 ) ;
#4090 = EDGE_CURVE ( 'NONE', #749, #3077, #3614, .T. ) ;
#4091 = EDGE_CURVE ( 'NONE', #4594, #257, #4044, .T. ) ;
#4092 = EDGE_CURVE ( 'NONE', #5521, #5131, #4516, .T. ) ;
#4093 = LINE ( 'NONE', #765, #5607 ) ;
#4094 = ORIENTED_EDGE ( 'NONE', *, *, #527, .T. ) ;
#4095 = VECTOR ( 'NONE', #2629, 1.000000000000000000 ) ;
#4096 = ORIENTED_EDGE ( 'NONE', *, *, #4458, .T. ) ;
#4097 = SURFACE_STYLE_FILL_AREA ( #2212 ) ;
#4098 = CARTESIAN_POINT ( 'NONE',  ( -16.55000000000000071, 1.189999999999998392, -0.9600000000000001865 ) ) ;
#4099 = DIRECTION ( 'NONE',  ( 0.000000000000000000, -0.000000000000000000, -1.000000000000000000 ) ) ;
#4100 = VECTOR ( 'NONE', #388, 1.000000000000000000 ) ;
#4101 = DIRECTION ( 'NONE',  ( 1.000000000000000000, 0.000000000000000000, 0.000000000000000000 ) ) ;
#4102 = CARTESIAN_POINT ( 'NONE',  ( -4.895200086281938923, 0.9212864145885213407, -4.241944871367028469 ) ) ;
#4103 = CARTESIAN_POINT ( 'NONE',  ( -16.55000000000000071, -0.7399999999999984368, 0.000000000000000000 ) ) ;
#4104 = EDGE_CURVE ( 'NONE', #2161, #1592, #5168, .T. ) ;
#4105 = EDGE_LOOP ( 'NONE', ( #2872, #4558, #713, #3711 ) ) ;
#4106 = VECTOR ( 'NONE', #3299, 1.000000000000000000 ) ;
#4107 = VERTEX_POINT ( 'NONE', #4259 ) ;
#4108 = ORIENTED_EDGE ( 'NONE', *, *, #175, .F. ) ;
#4109 = CARTESIAN_POINT ( 'NONE',  ( -5.576316527040902749, -1.189999999999998392, -0.7600000000000010081 ) ) ;
#4110 = CARTESIAN_POINT ( 'NONE',  ( -16.55000000000000071, 0.8000000000000000444, -0.9100000000000001421 ) ) ;
#4111 = CIRCLE ( 'NONE', #1475, 0.1000000000000014211 ) ;
#4112 = VERTEX_POINT ( 'NONE', #3218 ) ;
#4113 = DIRECTION ( 'NONE',  ( -0.000000000000000000, -0.000000000000000000, -1.000000000000000000 ) ) ;
#4114 = VERTEX_POINT ( 'NONE', #5686 ) ;
#4115 = DIRECTION ( 'NONE',  ( 0.9848077530122092416, 0.000000000000000000, -0.1736481776669237531 ) ) ;
#4116 = FACE_OUTER_BOUND ( 'NONE', #3953, .T. ) ;
#4117 = LINE ( 'NONE', #468, #2224 ) ;
#4118 = CARTESIAN_POINT ( 'NONE',  ( -4.534427461039359564, 1.189999999999998392, -0.7511534819267461360 ) ) ;
#4119 = ORIENTED_EDGE ( 'NONE', *, *, #923, .T. ) ;
#4120 = CARTESIAN_POINT ( 'NONE',  ( -16.55000000000000071, -0.8999999999999999112, -0.9100000000000001421 ) ) ;
#4121 = ORIENTED_EDGE ( 'NONE', *, *, #5020, .T. ) ;
#4122 = DIRECTION ( 'NONE',  ( 1.000000000000000000, 0.000000000000000000, -0.000000000000000000 ) ) ;
#4123 = CARTESIAN_POINT ( 'NONE',  ( -16.15000000000000213, -0.3432012612066350776, -0.9600000000000001865 ) ) ;
#4124 = AXIS2_PLACEMENT_3D ( 'NONE', #2083, #5675, #4366 ) ;
#4125 = VECTOR ( 'NONE', #2122, 1.000000000000000000 ) ;
#4126 = VECTOR ( 'NONE', #2913, 1.000000000000000000 ) ;
#4127 = FACE_OUTER_BOUND ( 'NONE', #652, .T. ) ;
#4128 = ORIENTED_EDGE ( 'NONE', *, *, #2876, .F. ) ;
#4129 = EDGE_CURVE ( 'NONE', #4140, #4169, #1021, .T. ) ;
#4130 = ORIENTED_EDGE ( 'NONE', *, *, #3524, .F. ) ;
#4131 = AXIS2_PLACEMENT_3D ( 'NONE', #3699, #1910, #1380 ) ;
#4132 = EDGE_CURVE ( 'NONE', #2300, #5351, #145, .T. ) ;
#4133 = CARTESIAN_POINT ( 'NONE',  ( -13.60479991371806108, 0.9212864145885208966, -1.135000000000000231 ) ) ;
#4134 = AXIS2_PLACEMENT_3D ( 'NONE', #2575, #260, #2174 ) ;
#4135 = LINE ( 'NONE', #3300, #5588 ) ;
#4136 = LINE ( 'NONE', #5595, #1672 ) ;
#4137 = LINE ( 'NONE', #940, #3004 ) ;
#4138 = DIRECTION ( 'NONE',  ( 0.000000000000000000, 0.000000000000000000, 1.000000000000000000 ) ) ;
#4139 = AXIS2_PLACEMENT_3D ( 'NONE', #5287, #2992, #1124 ) ;
#4140 = VERTEX_POINT ( 'NONE', #4661 ) ;
#4141 = ORIENTED_EDGE ( 'NONE', *, *, #2963, .T. ) ;
#4142 = ORIENTED_EDGE ( 'NONE', *, *, #334, .T. ) ;
#4143 = EDGE_CURVE ( 'NONE', #3091, #5184, #1478, .T. ) ;
#4144 = DIRECTION ( 'NONE',  ( -0.000000000000000000, 1.000000000000000000, -0.000000000000000000 ) ) ;
#4145 = DIRECTION ( 'NONE',  ( 1.000000000000000000, -0.000000000000000000, 0.000000000000000000 ) ) ;
#4146 = DIRECTION ( 'NONE',  ( -1.000000000000000000, 0.000000000000000000, 0.000000000000000000 ) ) ;
#4147 = ORIENTED_EDGE ( 'NONE', *, *, #3029, .T. ) ;
#4148 = CARTESIAN_POINT ( 'NONE',  ( -18.50000000000000000, -1.190000000000002833, -1.160000000000000142 ) ) ;
#4149 = VERTEX_POINT ( 'NONE', #4204 ) ;
#4150 = VECTOR ( 'NONE', #2955, 1.000000000000000000 ) ;
#4151 = CARTESIAN_POINT ( 'NONE',  ( 0.000000000000000000, 0.000000000000000000, -0.9600000000000001865 ) ) ;
#4152 = CARTESIAN_POINT ( 'NONE',  ( -3.866957084846028625, 1.189999999999998392, -0.8688465180732548587 ) ) ;
#4153 = DIRECTION ( 'NONE',  ( -0.000000000000000000, 1.000000000000000000, -0.000000000000000000 ) ) ;
#4154 = CARTESIAN_POINT ( 'NONE',  ( -11.43750000000000000, -0.7400000000000013234, -1.135000000000000231 ) ) ;
#4155 = ORIENTED_EDGE ( 'NONE', *, *, #4536, .T. ) ;
#4156 = ORIENTED_EDGE ( 'NONE', *, *, #3788, .T. ) ;
#4157 = CARTESIAN_POINT ( 'NONE',  ( 0.000000000000000000, 0.8750000000000000000, -0.9800000000000000933 ) ) ;
#4158 = CARTESIAN_POINT ( 'NONE',  ( -12.55000000000000071, 0.9899999999999984368, -0.9600000000000005196 ) ) ;
#4159 = ORIENTED_EDGE ( 'NONE', *, *, #5961, .T. ) ;
#4160 = ORIENTED_EDGE ( 'NONE', *, *, #4391, .F. ) ;
#4161 = DIRECTION ( 'NONE',  ( 1.000000000000000000, 0.000000000000000000, -0.000000000000000000 ) ) ;
#4162 = DIRECTION ( 'NONE',  ( 1.000000000000000000, -0.000000000000000000, -0.000000000000000000 ) ) ;
#4163 = FACE_OUTER_BOUND ( 'NONE', #4704, .T. ) ;
#4164 = DIRECTION ( 'NONE',  ( -1.432545838226008399E-17, 1.000000000000000000, -0.000000000000000000 ) ) ;
#4165 = CARTESIAN_POINT ( 'NONE',  ( -1.949999999999999734, 0.8999999999999999112, -0.9100000000000001421 ) ) ;
#4166 = EDGE_CURVE ( 'NONE', #2901, #4714, #1923, .T. ) ;
#4167 = CYLINDRICAL_SURFACE ( 'NONE', #3889, 0.2500000000000000000 ) ;
#4168 = EDGE_CURVE ( 'NONE', #1062, #1421, #2838, .T. ) ;
#4169 = VERTEX_POINT ( 'NONE', #2867 ) ;
#4170 = ORIENTED_EDGE ( 'NONE', *, *, #2021, .F. ) ;
#4171 = DIRECTION ( 'NONE',  ( 1.000000000000000000, 1.110223024625160485E-15, 0.000000000000000000 ) ) ;
#4172 = DIRECTION ( 'NONE',  ( 1.000000000000000000, 0.000000000000000000, 0.000000000000000000 ) ) ;
#4173 = EDGE_CURVE ( 'NONE', #2914, #4658, #4744, .T. ) ;
#4174 = EDGE_CURVE ( 'NONE', #4845, #3795, #3538, .T. ) ;
#4175 = ORIENTED_EDGE ( 'NONE', *, *, #3899, .T. ) ;
#4176 = EDGE_CURVE ( 'NONE', #2043, #4411, #4285, .T. ) ;
#4177 = FACE_OUTER_BOUND ( 'NONE', #1411, .T. ) ;
#4178 = ORIENTED_EDGE ( 'NONE', *, *, #4756, .T. ) ;
#4179 = CARTESIAN_POINT ( 'NONE',  ( -0.2651845289799109606, -1.190000000000002833, -1.503936198047713502 ) ) ;
#4180 = CARTESIAN_POINT ( 'NONE',  ( -0.3464101615137745172, -0.9899999999999984368, -1.135000000000000231 ) ) ;
#4181 = DIRECTION ( 'NONE',  ( -1.000000000000000000, 0.000000000000000000, 0.000000000000000000 ) ) ;
#4182 = LINE ( 'NONE', #1756, #1757 ) ;
#4183 = CIRCLE ( 'NONE', #189, 0.2500000000000000000 ) ;
#4184 = ADVANCED_FACE ( 'NONE', ( #110 ), #1872, .F. ) ;
#4185 = ORIENTED_EDGE ( 'NONE', *, *, #2196, .F. ) ;
#4186 = VERTEX_POINT ( 'NONE', #1846 ) ;
#4187 = AXIS2_PLACEMENT_3D ( 'NONE', #1372, #6005, #1855 ) ;
#4188 = CARTESIAN_POINT ( 'NONE',  ( -5.699999999999999289, -0.7399999999999997691, -1.135000000000000231 ) ) ;
#4189 = CARTESIAN_POINT ( 'NONE',  ( -7.062500000000000000, -0.9899999999999991029, -1.135000000000000231 ) ) ;
#4190 = AXIS2_PLACEMENT_3D ( 'NONE', #1119, #3020, #4892 ) ;
#4191 = VECTOR ( 'NONE', #1528, 1.000000000000000000 ) ;
#4192 = ORIENTED_EDGE ( 'NONE', *, *, #839, .F. ) ;
#4193 = ORIENTED_EDGE ( 'NONE', *, *, #5236, .F. ) ;
#4194 = DIRECTION ( 'NONE',  ( 1.000000000000000000, 0.000000000000000000, 0.000000000000000000 ) ) ;
#4195 = DIRECTION ( 'NONE',  ( -0.000000000000000000, -0.000000000000000000, -1.000000000000000000 ) ) ;
#4196 = DIRECTION ( 'NONE',  ( 1.000000000000000000, 0.000000000000000000, 0.000000000000000000 ) ) ;
#4197 = LINE ( 'NONE', #2805, #5861 ) ;
#4198 = LINE ( 'NONE', #1839, #5642 ) ;
#4199 = AXIS2_PLACEMENT_3D ( 'NONE', #403, #2167, #2724 ) ;
#4200 = VERTEX_POINT ( 'NONE', #2813 ) ;
#4201 = AXIS2_PLACEMENT_3D ( 'NONE', #3062, #4839, #5291 ) ;
#4202 = VERTEX_POINT ( 'NONE', #4689 ) ;
#4203 = CARTESIAN_POINT ( 'NONE',  ( -15.67493198115551856, 1.189999999999998392, 5.040000000000000036 ) ) ;
#4204 = CARTESIAN_POINT ( 'NONE',  ( -5.273137666352222475, 0.7152359445967784168, -0.9600000000000001865 ) ) ;
#4205 = DIRECTION ( 'NONE',  ( -0.000000000000000000, 0.000000000000000000, 1.000000000000000000 ) ) ;
#4206 = EDGE_LOOP ( 'NONE', ( #4983, #4068 ) ) ;
#4207 = CARTESIAN_POINT ( 'NONE',  ( -5.949999999999999289, -0.7399999999999997691, -1.135000000000000231 ) ) ;
#4208 = ORIENTED_EDGE ( 'NONE', *, *, #177, .F. ) ;
#4209 = EDGE_CURVE ( 'NONE', #1713, #2312, #514, .T. ) ;
#4210 = VECTOR ( 'NONE', #4195, 1.000000000000000000 ) ;
#4211 = EDGE_CURVE ( 'NONE', #1062, #2450, #623, .T. ) ;
#4212 = FACE_OUTER_BOUND ( 'NONE', #6002, .T. ) ;
#4213 = CARTESIAN_POINT ( 'NONE',  ( -15.79159728649481487, 0.000000000000000000, -4.241944871367028469 ) ) ;
#4214 = EDGE_CURVE ( 'NONE', #5768, #2688, #1900, .T. ) ;
#4215 = LINE ( 'NONE', #3162, #3326 ) ;
#4216 = ORIENTED_EDGE ( 'NONE', *, *, #5172, .T. ) ;
#4217 = ORIENTED_EDGE ( 'NONE', *, *, #4166, .F. ) ;
#4218 = EDGE_CURVE ( 'NONE', #64, #1342, #5878, .T. ) ;
#4219 = FACE_OUTER_BOUND ( 'NONE', #875, .T. ) ;
#4220 = LINE ( 'NONE', #42, #3695 ) ;
#4221 = ORIENTED_EDGE ( 'NONE', *, *, #1178, .T. ) ;
#4222 = ORIENTED_EDGE ( 'NONE', *, *, #1694, .T. ) ;
#4223 = DIRECTION ( 'NONE',  ( -0.000000000000000000, -0.000000000000000000, -1.000000000000000000 ) ) ;
#4224 = CARTESIAN_POINT ( 'NONE',  ( -0.2651845289799109606, 0.9899999999999984368, -1.503936198047713502 ) ) ;
#4225 = DIRECTION ( 'NONE',  ( 1.000000000000000000, 3.172065784643291554E-15, 0.000000000000000000 ) ) ;
#4226 = CARTESIAN_POINT ( 'NONE',  ( -19.08868599666426036, 0.8750000000000000000, -0.9100000000000001421 ) ) ;
#4227 = AXIS2_PLACEMENT_3D ( 'NONE', #902, #4627, #453 ) ;
#4228 = DIRECTION ( 'NONE',  ( 0.000000000000000000, 0.000000000000000000, 1.000000000000000000 ) ) ;
#4229 = VECTOR ( 'NONE', #345, 1.000000000000000000 ) ;
#4230 = COLOUR_RGB ( '',0.7921568627450980005, 0.8196078431372548767, 0.9333333333333333481 ) ;
#4231 = CIRCLE ( 'NONE', #1588, 0.1000000000000014211 ) ;
#4232 = ORIENTED_EDGE ( 'NONE', *, *, #3225, .F. ) ;
#4233 = AXIS2_PLACEMENT_3D ( 'NONE', #2696, #824, #5973 ) ;
#4234 = DIRECTION ( 'NONE',  ( 0.000000000000000000, 0.000000000000000000, -1.000000000000000000 ) ) ;
#4235 = DIRECTION ( 'NONE',  ( -0.000000000000000000, -0.9854601157443477755, -0.1699069165076472210 ) ) ;
#4236 = CARTESIAN_POINT ( 'NONE',  ( -15.44619114447246844, 0.09632452974707683691, -0.9600000000000001865 ) ) ;
#4237 = VECTOR ( 'NONE', #3400, 1.000000000000000000 ) ;
#4238 = VERTEX_POINT ( 'NONE', #3713 ) ;
#4239 = EDGE_LOOP ( 'NONE', ( #5035, #5512, #1216, #969 ) ) ;
#4240 = DIRECTION ( 'NONE',  ( -0.000000000000000000, -0.000000000000000000, -1.000000000000000000 ) ) ;
#4241 = EDGE_CURVE ( 'NONE', #2688, #3068, #5627, .T. ) ;
#4242 = DIRECTION ( 'NONE',  ( 1.000000000000000000, 0.000000000000000000, 0.000000000000000000 ) ) ;
#4243 = EDGE_CURVE ( 'NONE', #3764, #4934, #3257, .T. ) ;
#4244 = AXIS2_PLACEMENT_3D ( 'NONE', #4665, #1822, #2327 ) ;
#4245 = CARTESIAN_POINT ( 'NONE',  ( -18.50000000000000000, -1.190000000000002833, -0.9600000000000001865 ) ) ;
#4246 = ORIENTED_EDGE ( 'NONE', *, *, #1173, .T. ) ;
#4247 = DIRECTION ( 'NONE',  ( 0.000000000000000000, 1.000000000000000000, 0.000000000000000000 ) ) ;
#4248 = DIRECTION ( 'NONE',  ( -1.000000000000000000, 0.000000000000000000, 0.000000000000000000 ) ) ;
#4249 = VECTOR ( 'NONE', #2176, 1.000000000000000000 ) ;
#4250 = ORIENTED_EDGE ( 'NONE', *, *, #6000, .F. ) ;
#4251 = VERTEX_POINT ( 'NONE', #2959 ) ;
#4252 = PLANE ( 'NONE',  #2840 ) ;
#4253 = CARTESIAN_POINT ( 'NONE',  ( -0.3464101615137745727, 0.7399999999999984368, -1.135000000000000231 ) ) ;
#4254 = CARTESIAN_POINT ( 'NONE',  ( -14.61974851850929369, 1.089999999999998082, -1.009999999999997122 ) ) ;
#4255 = PRESENTATION_STYLE_ASSIGNMENT (( #1555 ) ) ;
#4256 = EDGE_CURVE ( 'NONE', #1501, #914, #4812, .T. ) ;
#4257 = ORIENTED_EDGE ( 'NONE', *, *, #3858, .F. ) ;
#4258 = CARTESIAN_POINT ( 'NONE',  ( -16.15000000000000213, 0.8000000000000000444, -0.9100000000000001421 ) ) ;
#4259 = CARTESIAN_POINT ( 'NONE',  ( -1.849999999999999645, -0.2114982215127146903, -1.135000000000000231 ) ) ;
#4260 = DIRECTION ( 'NONE',  ( 1.000000000000000000, 0.000000000000000000, 0.000000000000000000 ) ) ;
#4261 = DIRECTION ( 'NONE',  ( -1.000000000000000000, -0.000000000000000000, -0.000000000000000000 ) ) ;
#4262 = ORIENTED_EDGE ( 'NONE', *, *, #40, .F. ) ;
#4263 = ORIENTED_EDGE ( 'NONE', *, *, #5547, .F. ) ;
#4264 = VERTEX_POINT ( 'NONE', #686 ) ;
#4265 = DIRECTION ( 'NONE',  ( 0.000000000000000000, -0.000000000000000000, -1.000000000000000000 ) ) ;
#4266 = EDGE_CURVE ( 'NONE', #1512, #2901, #1057, .T. ) ;
#4267 = CYLINDRICAL_SURFACE ( 'NONE', #3318, 0.09999999999999964473 ) ;
#4268 = ORIENTED_EDGE ( 'NONE', *, *, #1043, .T. ) ;
#4269 = EDGE_CURVE ( 'NONE', #4323, #2826, #5250, .T. ) ;
#4270 = DIRECTION ( 'NONE',  ( 1.000000000000000000, 0.000000000000000000, 0.000000000000000000 ) ) ;
#4271 = DIRECTION ( 'NONE',  ( 0.000000000000000000, -0.000000000000000000, -1.000000000000000000 ) ) ;
#4272 = AXIS2_PLACEMENT_3D ( 'NONE', #4933, #3930, #4449 ) ;
#4273 = LINE ( 'NONE', #1074, #1782 ) ;
#4274 = ORIENTED_EDGE ( 'NONE', *, *, #4984, .F. ) ;
#4275 = ORIENTED_EDGE ( 'NONE', *, *, #5905, .F. ) ;
#4276 = FACE_OUTER_BOUND ( 'NONE', #2391, .T. ) ;
#4277 = EDGE_CURVE ( 'NONE', #1025, #1233, #3544, .T. ) ;
#4278 = LINE ( 'NONE', #2461, #4801 ) ;
#4279 = AXIS2_PLACEMENT_3D ( 'NONE', #3394, #4347, #1170 ) ;
#4280 = ADVANCED_FACE ( 'NONE', ( #5310 ), #2898, .T. ) ;
#4281 = DIRECTION ( 'NONE',  ( -0.000000000000000000, 1.000000000000000000, -0.000000000000000000 ) ) ;
#4282 = ADVANCED_FACE ( 'NONE', ( #4860 ), #5338, .T. ) ;
#4283 = ORIENTED_EDGE ( 'NONE', *, *, #1376, .F. ) ;
#4284 = CARTESIAN_POINT ( 'NONE',  ( -12.55000000000000071, 0.9899999999999984368, -1.135000000000000231 ) ) ;
#4285 = LINE ( 'NONE', #5140, #5288 ) ;
#4286 = CARTESIAN_POINT ( 'NONE',  ( -1.849999999999999645, 0.3114982215127146681, -4.241944871367028469 ) ) ;
#4287 = ORIENTED_EDGE ( 'NONE', *, *, #2997, .F. ) ;
#4288 = ORIENTED_EDGE ( 'NONE', *, *, #2508, .T. ) ;
#4289 = LINE ( 'NONE', #2279, #5282 ) ;
#4290 = LINE ( 'NONE', #1932, #1356 ) ;
#4291 = UNCERTAINTY_MEASURE_WITH_UNIT (LENGTH_MEASURE( 1.000000000000000082E-05 ), #3817, 'distance_accuracy_value', 'NONE');
#4292 = DIRECTION ( 'NONE',  ( -0.000000000000000000, 0.000000000000000000, 1.000000000000000000 ) ) ;
#4293 = CARTESIAN_POINT ( 'NONE',  ( 0.000000000000000000, 0.000000000000000000, -0.9600000000000001865 ) ) ;
#4294 = CARTESIAN_POINT ( 'NONE',  ( -16.55000000000000071, -1.189999999999998392, -0.9600000000000001865 ) ) ;
#4295 = CIRCLE ( 'NONE', #4778, 0.07999999999999996003 ) ;
#4296 = EDGE_LOOP ( 'NONE', ( #5324, #955, #566, #2227, #1834, #5504, #2473, #4954, #4443, #3222, #2990, #4618, #5068, #176, #3979, #5390 ) ) ;
#4297 = DIRECTION ( 'NONE',  ( 1.000000000000000000, 0.000000000000000000, -0.000000000000000000 ) ) ;
#4298 = ADVANCED_FACE ( 'NONE', ( #2005 ), #5772, .F. ) ;
#4299 = DIRECTION ( 'NONE',  ( 0.000000000000000000, 0.000000000000000000, -1.000000000000000000 ) ) ;
#4300 = CARTESIAN_POINT ( 'NONE',  ( -18.15358983848622643, -0.7399999999999984368, -1.135000000000000231 ) ) ;
#4301 = AXIS2_PLACEMENT_3D ( 'NONE', #1794, #498, #2692 ) ;
#4302 = EDGE_CURVE ( 'NONE', #5939, #38, #3828, .T. ) ;
#4303 = VERTEX_POINT ( 'NONE', #3950 ) ;
#4304 = VERTEX_POINT ( 'NONE', #626 ) ;
#4305 = ORIENTED_EDGE ( 'NONE', *, *, #1368, .F. ) ;
#4306 = CARTESIAN_POINT ( 'NONE',  ( -13.96557253896063777, -1.190000000000002833, -0.7511534819267449148 ) ) ;
#4307 = CYLINDRICAL_SURFACE ( 'NONE', #44, 0.05000000000000071054 ) ;
#4308 = CARTESIAN_POINT ( 'NONE',  ( -1.949999999999999734, -1.189999999999998392, -0.9600000000000001865 ) ) ;
#4309 = ADVANCED_FACE ( 'NONE', ( #3482 ), #2437, .F. ) ;
#4310 = EDGE_CURVE ( 'NONE', #5981, #5297, #2928, .T. ) ;
#4311 = ADVANCED_FACE ( 'NONE', ( #2036 ), #3019, .T. ) ;
#4312 = DIRECTION ( 'NONE',  ( 0.000000000000000000, 1.000000000000000000, 0.000000000000000000 ) ) ;
#4313 = ORIENTED_EDGE ( 'NONE', *, *, #2569, .F. ) ;
#4314 = AXIS2_PLACEMENT_3D ( 'NONE', #2068, #1596, #597 ) ;
#4315 = LINE ( 'NONE', #2958, #878 ) ;
#4316 = CARTESIAN_POINT ( 'NONE',  ( -12.55000000000000071, -0.7400000000000014344, -0.9600000000000001865 ) ) ;
#4317 = AXIS2_PLACEMENT_3D ( 'NONE', #4392, #217, #662 ) ;
#4318 = CARTESIAN_POINT ( 'NONE',  ( -2.349999999999999645, 0.8000000000000000444, -0.9100000000000001421 ) ) ;
#4319 = ORIENTED_EDGE ( 'NONE', *, *, #3145, .F. ) ;
#4320 = EDGE_CURVE ( 'NONE', #2413, #2499, #1295, .T. ) ;
#4321 = CIRCLE ( 'NONE', #1883, 0.09999999999999964473 ) ;
#4322 = ORIENTED_EDGE ( 'NONE', *, *, #5050, .T. ) ;
#4323 = VERTEX_POINT ( 'NONE', #201 ) ;
#4324 = VECTOR ( 'NONE', #927, 1.000000000000000000 ) ;
#4325 = DIRECTION ( 'NONE',  ( 0.9848077530122089085, 0.000000000000000000, 0.1736481776669255017 ) ) ;
#4326 = VECTOR ( 'NONE', #5509, 1.000000000000000000 ) ;
#4327 = DIRECTION ( 'NONE',  ( -1.000000000000000000, 0.000000000000000000, 0.000000000000000000 ) ) ;
#4328 = PLANE ( 'NONE',  #2030 ) ;
#4329 = VECTOR ( 'NONE', #3911, 1.000000000000000000 ) ;
#4330 = ORIENTED_EDGE ( 'NONE', *, *, #5465, .T. ) ;
#4331 = CARTESIAN_POINT ( 'NONE',  ( -2.599999999999999645, -0.7399999999999991029, -1.135000000000000231 ) ) ;
#4332 = DIRECTION ( 'NONE',  ( -0.000000000000000000, 1.000000000000000000, -0.000000000000000000 ) ) ;
#4333 = LINE ( 'NONE', #5235, #1012 ) ;
#4334 = VECTOR ( 'NONE', #2911, 1.000000000000000000 ) ;
#4335 = VERTEX_POINT ( 'NONE', #2986 ) ;
#4336 = CIRCLE ( 'NONE', #5120, 0.2500000000000000000 ) ;
#4337 = VERTEX_POINT ( 'NONE', #2093 ) ;
#4338 = DIRECTION ( 'NONE',  ( 1.000000000000000000, 0.000000000000000000, 0.000000000000000000 ) ) ;
#4339 = CARTESIAN_POINT ( 'NONE',  ( -18.05358983848622501, 0.3114982215127146681, -4.241944871367028469 ) ) ;
#4340 = CARTESIAN_POINT ( 'NONE',  ( -2.350000000000001421, -1.189999999999999059, -0.9600000000000001865 ) ) ;
#4341 = PLANE ( 'NONE',  #5988 ) ;
#4342 = EDGE_CURVE ( 'NONE', #924, #2413, #3855, .T. ) ;
#4343 = ORIENTED_EDGE ( 'NONE', *, *, #3268, .F. ) ;
#4344 = CARTESIAN_POINT ( 'NONE',  ( -1.174201978586608189E-16, 0.9899999999999984368, -0.9600000000000020739 ) ) ;
#4345 = ADVANCED_FACE ( 'NONE', ( #3393 ), #172, .F. ) ;
#4346 = CARTESIAN_POINT ( 'NONE',  ( -13.61420173049478421, 0.9549999999999984057, -0.9600000000000001865 ) ) ;
#4347 = DIRECTION ( 'NONE',  ( 0.000000000000000000, 0.000000000000000000, -1.000000000000000000 ) ) ;
#4348 = ORIENTED_EDGE ( 'NONE', *, *, #5687, .T. ) ;
#4349 = ORIENTED_EDGE ( 'NONE', *, *, #1450, .T. ) ;
#4350 = EDGE_LOOP ( 'NONE', ( #4250, #1829, #3248, #4544 ) ) ;
#4351 = CARTESIAN_POINT ( 'NONE',  ( -18.15358983848622643, -0.3114982215127147791, -0.9599999999999999645 ) ) ;
#4352 = ADVANCED_FACE ( 'NONE', ( #5741 ), #655, .T. ) ;
#4353 = CARTESIAN_POINT ( 'NONE',  ( -5.949999999999999289, -0.7399999999999997691, -4.241944871367028469 ) ) ;
#4354 = ADVANCED_FACE ( 'NONE', ( #5401 ), #5892, .F. ) ;
#4355 = EDGE_CURVE ( 'NONE', #3636, #2914, #775, .T. ) ;
#4356 = ORIENTED_EDGE ( 'NONE', *, *, #5412, .F. ) ;
#4357 = CARTESIAN_POINT ( 'NONE',  ( -15.79159728649481487, 0.000000000000000000, -1.135000000000000231 ) ) ;
#4358 = ORIENTED_EDGE ( 'NONE', *, *, #4433, .F. ) ;
#4359 = CARTESIAN_POINT ( 'NONE',  ( -1.949999999999999734, 0.2000000000000000111, -0.8250000000000000666 ) ) ;
#4360 = DIRECTION ( 'NONE',  ( 0.000000000000000000, 0.000000000000000000, 1.000000000000000000 ) ) ;
#4361 = CARTESIAN_POINT ( 'NONE',  ( -16.55000000000000071, 1.189999999999998392, -0.9600000000000001865 ) ) ;
#4362 = EDGE_CURVE ( 'NONE', #4042, #4772, #1099, .T. ) ;
#4363 = ORIENTED_EDGE ( 'NONE', *, *, #4690, .F. ) ;
#4364 = ORIENTED_EDGE ( 'NONE', *, *, #758, .T. ) ;
#4365 = CIRCLE ( 'NONE', #377, 0.05000000000000004441 ) ;
#4366 = DIRECTION ( 'NONE',  ( 1.000000000000000000, 0.000000000000000000, 0.000000000000000000 ) ) ;
#4367 = LINE ( 'NONE', #2488, #2265 ) ;
#4368 = DIRECTION ( 'NONE',  ( 1.000000000000000000, -0.000000000000000000, -0.000000000000000000 ) ) ;
#4369 = CARTESIAN_POINT ( 'NONE',  ( -0.4464101615137743284, 0.2114982215127146903, -0.9600000000000001865 ) ) ;
#4370 = AXIS2_PLACEMENT_3D ( 'NONE', #5177, #2906, #4327 ) ;
#4371 = DIRECTION ( 'NONE',  ( -0.000000000000000000, 0.000000000000000000, 1.000000000000000000 ) ) ;
#4372 = ORIENTED_EDGE ( 'NONE', *, *, #2885, .T. ) ;
#4373 = ORIENTED_EDGE ( 'NONE', *, *, #2467, .T. ) ;
#4374 = DIRECTION ( 'NONE',  ( 0.000000000000000000, -1.000000000000000000, -0.000000000000000000 ) ) ;
#4375 = AXIS2_PLACEMENT_3D ( 'NONE', #3373, #31, #3349 ) ;
#4376 = DIRECTION ( 'NONE',  ( 0.000000000000000000, 1.000000000000000000, 0.000000000000000000 ) ) ;
#4377 = DIRECTION ( 'NONE',  ( -1.000000000000000000, 0.000000000000000000, 0.000000000000000000 ) ) ;
#4378 = AXIS2_PLACEMENT_3D ( 'NONE', #1531, #1560, #625 ) ;
#4379 = ORIENTED_EDGE ( 'NONE', *, *, #5174, .F. ) ;
#4380 = AXIS2_PLACEMENT_3D ( 'NONE', #3484, #4861, #203 ) ;
#4381 = ORIENTED_EDGE ( 'NONE', *, *, #4241, .T. ) ;
#4382 = CARTESIAN_POINT ( 'NONE',  ( -4.551792278806057190, 1.189999999999998392, -0.8496342572279651506 ) ) ;
#4383 = LINE ( 'NONE', #661, #975 ) ;
#4384 = VERTEX_POINT ( 'NONE', #1681 ) ;
#4385 = PLANE ( 'NONE',  #5936 ) ;
#4386 = EDGE_CURVE ( 'NONE', #3171, #5956, #5190, .T. ) ;
#4387 = ORIENTED_EDGE ( 'NONE', *, *, #527, .F. ) ;
#4388 = ADVANCED_FACE ( 'NONE', ( #295 ), #3608, .F. ) ;
#4389 = AXIS2_PLACEMENT_3D ( 'NONE', #639, #1067, #5149 ) ;
#4390 = CARTESIAN_POINT ( 'NONE',  ( -13.94820772119394547, -1.189999999999998170, -0.8496342572279658167 ) ) ;
#4391 = EDGE_CURVE ( 'NONE', #2747, #2153, #2676, .T. ) ;
#4392 = CARTESIAN_POINT ( 'NONE',  ( 0.5886859966642593589, 0.8750000000000000000, -1.060000000000000053 ) ) ;
#4393 = DIRECTION ( 'NONE',  ( -1.000000000000000000, -2.400482215405744004E-16, 1.223127061027714285E-16 ) ) ;
#4394 = DIRECTION ( 'NONE',  ( 1.000000000000000000, 9.516197353929874662E-15, 0.000000000000000000 ) ) ;
#4395 = CIRCLE ( 'NONE', #895, 0.2500000000000000000 ) ;
#4396 = ADVANCED_FACE ( 'NONE', ( #1200 ), #5429, .F. ) ;
#4397 = ORIENTED_EDGE ( 'NONE', *, *, #1376, .T. ) ;
#4398 = ORIENTED_EDGE ( 'NONE', *, *, #1884, .F. ) ;
#4399 = DIRECTION ( 'NONE',  ( 0.000000000000000000, 0.000000000000000000, 1.000000000000000000 ) ) ;
#4400 = DIRECTION ( 'NONE',  ( -1.432545838226008399E-17, 1.000000000000000000, -0.000000000000000000 ) ) ;
#4401 = AXIS2_PLACEMENT_3D ( 'NONE', #2725, #3289, #2234 ) ;
#4402 = DIRECTION ( 'NONE',  ( -0.000000000000000000, 0.000000000000000000, 1.000000000000000000 ) ) ;
#4403 = DIRECTION ( 'NONE',  ( 0.000000000000000000, 0.000000000000000000, -1.000000000000000000 ) ) ;
#4404 = FACE_OUTER_BOUND ( 'NONE', #1251, .T. ) ;
#4405 = ORIENTED_EDGE ( 'NONE', *, *, #3722, .T. ) ;
#4406 = VERTEX_POINT ( 'NONE', #3175 ) ;
#4407 = DIRECTION ( 'NONE',  ( 0.9848077530122092416, 0.000000000000000000, -0.1736481776669237531 ) ) ;
#4408 = CARTESIAN_POINT ( 'NONE',  ( -6.812500000000000000, -0.9900000000000001021, -0.9600000000000001865 ) ) ;
#4409 = CARTESIAN_POINT ( 'NONE',  ( -1.699999999999999734, 0.9899999999999984368, -0.9600000000000001865 ) ) ;
#4410 = EDGE_LOOP ( 'NONE', ( #5461, #2177, #205, #2665, #1237, #1953, #4025, #424, #4426, #2375, #1312, #3584, #5214, #1848, #3558, #4061 ) ) ;
#4411 = VERTEX_POINT ( 'NONE', #3511 ) ;
#4412 = CARTESIAN_POINT ( 'NONE',  ( -11.68750000000000000, -0.9900000000000012124, -0.9600000000000006306 ) ) ;
#4413 = CYLINDRICAL_SURFACE ( 'NONE', #3352, 0.09999999999999964473 ) ;
#4414 = DIRECTION ( 'NONE',  ( 0.000000000000000000, 0.000000000000000000, -1.000000000000000000 ) ) ;
#4415 = PRESENTATION_LAYER_ASSIGNMENT (  '', '', ( #4985 ) ) ;
#4416 = CIRCLE ( 'NONE', #1198, 0.05000000000000071054 ) ;
#4417 = CIRCLE ( 'NONE', #4317, 0.07999999999999996003 ) ;
#4418 = ORIENTED_EDGE ( 'NONE', *, *, #3539, .T. ) ;
#4419 = CIRCLE ( 'NONE', #4131, 0.2500000000000000000 ) ;
#4420 = ORIENTED_EDGE ( 'NONE', *, *, #108, .F. ) ;
#4421 = AXIS2_PLACEMENT_3D ( 'NONE', #3768, #3208, #1445 ) ;
#4422 = EDGE_CURVE ( 'NONE', #14, #5351, #322, .T. ) ;
#4423 = DIRECTION ( 'NONE',  ( -0.000000000000000000, 0.000000000000000000, 1.000000000000000000 ) ) ;
#4424 = ADVANCED_FACE ( 'NONE', ( #4462, #5832 ), #4589, .T. ) ;
#4425 = FACE_OUTER_BOUND ( 'NONE', #1767, .T. ) ;
#4426 = ORIENTED_EDGE ( 'NONE', *, *, #5054, .F. ) ;
#4427 = ORIENTED_EDGE ( 'NONE', *, *, #1146, .F. ) ;
#4428 = ADVANCED_FACE ( 'NONE', ( #746 ), #2148, .T. ) ;
#4429 = DIRECTION ( 'NONE',  ( 0.000000000000000000, 1.000000000000000000, 0.000000000000000000 ) ) ;
#4430 = CARTESIAN_POINT ( 'NONE',  ( -1.949999999999999734, -0.3114982215127146681, -0.9600000000000001865 ) ) ;
#4431 = DIRECTION ( 'NONE',  ( 1.000000000000000000, 0.000000000000000000, 0.000000000000000000 ) ) ;
#4432 = ADVANCED_FACE ( 'NONE', ( #4972 ), #801, .T. ) ;
#4433 = EDGE_CURVE ( 'NONE', #5937, #5254, #5921, .T. ) ;
#4434 = DIRECTION ( 'NONE',  ( 2.400482215405744004E-16, -1.000000000000000000, -0.000000000000000000 ) ) ;
#4435 = ORIENTED_EDGE ( 'NONE', *, *, #2885, .F. ) ;
#4436 = ORIENTED_EDGE ( 'NONE', *, *, #1225, .T. ) ;
#4437 = LINE ( 'NONE', #5919, #5454 ) ;
#4438 = DIRECTION ( 'NONE',  ( 1.000000000000000000, 0.000000000000000000, 0.000000000000000000 ) ) ;
#4439 = DIRECTION ( 'NONE',  ( 0.000000000000000000, 0.000000000000000000, -1.000000000000000000 ) ) ;
#4440 = CARTESIAN_POINT ( 'NONE',  ( -9.775000000000000355, -0.9900000000000007683, -1.135000000000000231 ) ) ;
#4441 = EDGE_CURVE ( 'NONE', #3672, #3155, #358, .T. ) ;
#4442 = VERTEX_POINT ( 'NONE', #2182 ) ;
#4443 = ORIENTED_EDGE ( 'NONE', *, *, #147, .T. ) ;
#4444 = DIRECTION ( 'NONE',  ( 0.000000000000000000, 0.000000000000000000, -1.000000000000000000 ) ) ;
#4445 = LINE ( 'NONE', #4929, #5824 ) ;
#4446 = EDGE_LOOP ( 'NONE', ( #5842, #272, #2672, #3023 ) ) ;
#4447 = CARTESIAN_POINT ( 'NONE',  ( -10.88749999999999929, 0.7399999999999984368, -0.9599999999999999645 ) ) ;
#4448 = VERTEX_POINT ( 'NONE', #4066 ) ;
#4449 = DIRECTION ( 'NONE',  ( 1.000000000000000000, 0.000000000000000000, 0.000000000000000000 ) ) ;
#4450 = EDGE_LOOP ( 'NONE', ( #2457, #5895, #1959, #4364, #5559, #5716, #2367, #364, #1283, #2795, #1068, #4818, #3205, #5532, #3821, #3121, #729, #2319, #2434, #3963, #2598, #5003, #5844, #2335, #2679, #4358, #1751, #3022, #2962, #2126, #4956 ) ) ;
#4451 = ORIENTED_EDGE ( 'NONE', *, *, #3525, .T. ) ;
#4452 = CARTESIAN_POINT ( 'NONE',  ( -16.65000000000000213, 0.2114982215127146903, -4.241944871367028469 ) ) ;
#4453 = CARTESIAN_POINT ( 'NONE',  ( -2.349999999999999645, -0.8000000000000000444, -0.9100000000000001421 ) ) ;
#4454 = DIRECTION ( 'NONE',  ( -1.000000000000000000, -0.000000000000000000, -0.000000000000000000 ) ) ;
#4455 = ORIENTED_EDGE ( 'NONE', *, *, #459, .F. ) ;
#4456 = EDGE_CURVE ( 'NONE', #5784, #3045, #3142, .T. ) ;
#4457 = ORIENTED_EDGE ( 'NONE', *, *, #4143, .F. ) ;
#4458 = EDGE_CURVE ( 'NONE', #1914, #5931, #5498, .T. ) ;
#4459 = VERTEX_POINT ( 'NONE', #5528 ) ;
#4460 = DIRECTION ( 'NONE',  ( 1.000000000000000000, 0.000000000000000000, 0.000000000000000000 ) ) ;
#4461 = LINE ( 'NONE', #1738, #2109 ) ;
#4462 = FACE_OUTER_BOUND ( 'NONE', #3765, .T. ) ;
#4463 = EDGE_CURVE ( 'NONE', #876, #3404, #4653, .T. ) ;
#4464 = VECTOR ( 'NONE', #1792, 1.000000000000000000 ) ;
#4465 = LINE ( 'NONE', #323, #3405 ) ;
#4466 = VECTOR ( 'NONE', #1081, 1.000000000000000000 ) ;
#4467 = ORIENTED_EDGE ( 'NONE', *, *, #5906, .F. ) ;
#4468 = VERTEX_POINT ( 'NONE', #4226 ) ;
#4469 = VECTOR ( 'NONE', #2416, 1.000000000000000000 ) ;
#4470 = EDGE_CURVE ( 'NONE', #5807, #3171, #2316, .T. ) ;
#4471 = CARTESIAN_POINT ( 'NONE',  ( -1.949999999999999734, -0.8000000000000000444, -0.9100000000000001421 ) ) ;
#4472 = DIRECTION ( 'NONE',  ( -1.000000000000000000, -2.086984038366278648E-17, 1.669587230693022918E-16 ) ) ;
#4473 = EDGE_CURVE ( 'NONE', #5381, #2830, #4136, .T. ) ;
#4474 = DIRECTION ( 'NONE',  ( -1.000000000000000000, 0.000000000000000000, 0.000000000000000000 ) ) ;
#4475 = VECTOR ( 'NONE', #2811, 1.000000000000000000 ) ;
#4476 = ORIENTED_EDGE ( 'NONE', *, *, #3762, .T. ) ;
#4477 = CARTESIAN_POINT ( 'NONE',  ( -19.08868599666426036, 0.8750000000000000000, -0.9800000000000000933 ) ) ;
#4478 = DIRECTION ( 'NONE',  ( -1.000000000000000000, 0.000000000000000000, 1.669587230693022918E-16 ) ) ;
#4479 = DIRECTION ( 'NONE',  ( 0.000000000000000000, 0.000000000000000000, 1.000000000000000000 ) ) ;
#4480 = VECTOR ( 'NONE', #4501, 1.000000000000000000 ) ;
#4481 = ORIENTED_EDGE ( 'NONE', *, *, #308, .F. ) ;
#4482 = ORIENTED_EDGE ( 'NONE', *, *, #4918, .F. ) ;
#4483 = DIRECTION ( 'NONE',  ( -1.000000000000000000, 0.000000000000000000, 1.669587230693022918E-16 ) ) ;
#4484 = CARTESIAN_POINT ( 'NONE',  ( -15.79159728649481487, 0.000000000000000000, -0.9600000000000001865 ) ) ;
#4485 = DIRECTION ( 'NONE',  ( 1.000000000000000000, 0.000000000000000000, 0.000000000000000000 ) ) ;
#4486 = EDGE_LOOP ( 'NONE', ( #2973, #4217, #3007, #3464 ) ) ;
#4487 = ORIENTED_EDGE ( 'NONE', *, *, #3455, .T. ) ;
#4488 = AXIS2_PLACEMENT_3D ( 'NONE', #3139, #291, #5006 ) ;
#4489 = LINE ( 'NONE', #3050, #2449 ) ;
#4490 = CARTESIAN_POINT ( 'NONE',  ( -16.15000000000000213, 0.8000000000000000444, -0.9100000000000001421 ) ) ;
#4491 = DIRECTION ( 'NONE',  ( -1.000000000000000000, -0.000000000000000000, -0.000000000000000000 ) ) ;
#4492 = DIRECTION ( 'NONE',  ( 0.000000000000000000, -0.000000000000000000, -1.000000000000000000 ) ) ;
#4493 = CARTESIAN_POINT ( 'NONE',  ( -1.949999999999999734, 0.9899999999999984368, -0.9600000000000001865 ) ) ;
#4494 = EDGE_CURVE ( 'NONE', #907, #5644, #1398, .T. ) ;
#4495 = ORIENTED_EDGE ( 'NONE', *, *, #1766, .T. ) ;
#4496 = ORIENTED_EDGE ( 'NONE', *, *, #5174, .T. ) ;
#4497 = DIRECTION ( 'NONE',  ( 1.000000000000000000, -0.000000000000000000, -0.000000000000000000 ) ) ;
#4498 = CARTESIAN_POINT ( 'NONE',  ( -4.885798269505219338, -0.9899999999999996581, -0.9600000000000015188 ) ) ;
#4499 = EDGE_CURVE ( 'NONE', #4556, #127, #4197, .T. ) ;
#4500 = ORIENTED_EDGE ( 'NONE', *, *, #3607, .F. ) ;
#4501 = DIRECTION ( 'NONE',  ( 0.000000000000000000, -1.000000000000000000, 0.000000000000000000 ) ) ;
#4502 = VERTEX_POINT ( 'NONE', #1808 ) ;
#4503 = AXIS2_PLACEMENT_3D ( 'NONE', #3112, #5040, #4923 ) ;
#4504 = CARTESIAN_POINT ( 'NONE',  ( -12.92368347295909992, 9.753686360283015944, -0.7600000000000006750 ) ) ;
#4505 = DIRECTION ( 'NONE',  ( -1.432545838226008399E-17, 1.000000000000000000, 0.000000000000000000 ) ) ;
#4506 = DIRECTION ( 'NONE',  ( 0.000000000000000000, 0.000000000000000000, -1.000000000000000000 ) ) ;
#4507 = VECTOR ( 'NONE', #3436, 1.000000000000000000 ) ;
#4508 = AXIS2_PLACEMENT_3D ( 'NONE', #2204, #1640, #4028 ) ;
#4509 = VECTOR ( 'NONE', #929, 1.000000000000000000 ) ;
#4510 = ORIENTED_EDGE ( 'NONE', *, *, #3517, .T. ) ;
#4511 = LINE ( 'NONE', #858, #3921 ) ;
#4512 = AXIS2_PLACEMENT_3D ( 'NONE', #4576, #1726, #373 ) ;
#4513 = EDGE_LOOP ( 'NONE', ( #3594, #5862, #5957, #5274 ) ) ;
#4514 = CARTESIAN_POINT ( 'NONE',  ( -16.80000000000000071, 0.9899999999999984368, -4.241944871367028469 ) ) ;
#4515 = CARTESIAN_POINT ( 'NONE',  ( -13.60479991371806285, 0.9212864145885208966, -1.135000000000000231 ) ) ;
#4516 = CIRCLE ( 'NONE', #1790, 0.1499999999999999112 ) ;
#4517 = CARTESIAN_POINT ( 'NONE',  ( -3.921569072607348438, -1.189999999999998392, -0.9607596123493884477 ) ) ;
#4518 = ORIENTED_EDGE ( 'NONE', *, *, #1459, .F. ) ;
#4519 = ORIENTED_EDGE ( 'NONE', *, *, #5304, .T. ) ;
#4520 = CARTESIAN_POINT ( 'NONE',  ( -9.525000000000000355, 0.9899999999999984368, -4.241944871367028469 ) ) ;
#4521 = FACE_OUTER_BOUND ( 'NONE', #1821, .T. ) ;
#4522 = CARTESIAN_POINT ( 'NONE',  ( -19.12000000000000099, 0.8750000000000000000, -1.209999999999999964 ) ) ;
#4523 = DIRECTION ( 'NONE',  ( 0.000000000000000000, -0.000000000000000000, 1.000000000000000000 ) ) ;
#4524 = CARTESIAN_POINT ( 'NONE',  ( -7.853451737060907821E-17, 0.9899999999999984368, -0.6600000000000016964 ) ) ;
#4525 = AXIS2_PLACEMENT_3D ( 'NONE', #4207, #1717, #431 ) ;
#4526 = ORIENTED_EDGE ( 'NONE', *, *, #2582, .T. ) ;
#4527 = ORIENTED_EDGE ( 'NONE', *, *, #738, .T. ) ;
#4528 = EDGE_CURVE ( 'NONE', #1328, #3506, #19, .T. ) ;
#4529 = VECTOR ( 'NONE', #3118, 1.000000000000000000 ) ;
#4530 = CARTESIAN_POINT ( 'NONE',  ( -8.974999999999999645, 0.7399999999999984368, -1.135000000000000231 ) ) ;
#4531 = CYLINDRICAL_SURFACE ( 'NONE', #1503, 0.05000000000000071054 ) ;
#4532 = ORIENTED_EDGE ( 'NONE', *, *, #4020, .F. ) ;
#4533 = LINE ( 'NONE', #3688, #3447 ) ;
#4534 = ORIENTED_EDGE ( 'NONE', *, *, #1781, .F. ) ;
#4535 = EDGE_CURVE ( 'NONE', #735, #4772, #3332, .T. ) ;
#4536 = EDGE_CURVE ( 'NONE', #3506, #4055, #2345, .T. ) ;
#4537 = FACE_OUTER_BOUND ( 'NONE', #2420, .T. ) ;
#4538 = CARTESIAN_POINT ( 'NONE',  ( -15.41932881082469287, 0.000000000000000000, -0.9599999999999999645 ) ) ;
#4539 = EDGE_CURVE ( 'NONE', #914, #2658, #1838, .T. ) ;
#4540 = CARTESIAN_POINT ( 'NONE',  ( -5.576316527040900972, 1.189999999999998392, -0.6600000000000010303 ) ) ;
#4541 = LINE ( 'NONE', #2108, #2431 ) ;
#4542 = ORIENTED_EDGE ( 'NONE', *, *, #4243, .T. ) ;
#4543 = CARTESIAN_POINT ( 'NONE',  ( -14.56974851850929298, -1.089999999999998082, -1.009999999999997122 ) ) ;
#4544 = ORIENTED_EDGE ( 'NONE', *, *, #80, .T. ) ;
#4545 = CARTESIAN_POINT ( 'NONE',  ( -7.062500000000000000, 0.7399999999999984368, -4.241944871367028469 ) ) ;
#4546 = DIRECTION ( 'NONE',  ( -1.426102104458186769E-16, 1.000000000000000000, -0.000000000000000000 ) ) ;
#4547 = EDGE_CURVE ( 'NONE', #500, #2043, #2780, .T. ) ;
#4548 = CARTESIAN_POINT ( 'NONE',  ( -5.299999999999998934, -0.6189114148497021350, -4.241944871367028469 ) ) ;
#4549 = ORIENTED_EDGE ( 'NONE', *, *, #5805, .T. ) ;
#4550 = ORIENTED_EDGE ( 'NONE', *, *, #5420, .F. ) ;
#4551 = PLANE ( 'NONE',  #3339 ) ;
#4552 = DIRECTION ( 'NONE',  ( -0.9848077530122093526, 0.000000000000000000, 0.1736481776669237809 ) ) ;
#4553 = CYLINDRICAL_SURFACE ( 'NONE', #5545, 0.1499999999999999112 ) ;
#4554 = DIRECTION ( 'NONE',  ( 0.000000000000000000, 0.000000000000000000, -1.000000000000000000 ) ) ;
#4555 = CARTESIAN_POINT ( 'NONE',  ( 0.000000000000000000, -1.189999999999998392, -0.9600000000000001865 ) ) ;
#4556 = VERTEX_POINT ( 'NONE', #5074 ) ;
#4557 = ORIENTED_EDGE ( 'NONE', *, *, #4277, .F. ) ;
#4558 = ORIENTED_EDGE ( 'NONE', *, *, #1806, .T. ) ;
#4559 = VECTOR ( 'NONE', #4393, 1.000000000000000000 ) ;
#4560 = CARTESIAN_POINT ( 'NONE',  ( -2.998914146599318944E-15, -0.9899999999999984368, -0.9600000000000020739 ) ) ;
#4561 = FACE_OUTER_BOUND ( 'NONE', #2534, .T. ) ;
#4562 = FACE_OUTER_BOUND ( 'NONE', #4062, .T. ) ;
#4563 = AXIS2_PLACEMENT_3D ( 'NONE', #4789, #2951, #5708 ) ;
#4564 = CIRCLE ( 'NONE', #3198, 0.09999999999999964473 ) ;
#4565 = ORIENTED_EDGE ( 'NONE', *, *, #2435, .F. ) ;
#4566 = DIRECTION ( 'NONE',  ( -1.000000000000000000, 0.000000000000000000, 0.000000000000000000 ) ) ;
#4567 = EDGE_LOOP ( 'NONE', ( #178, #877, #561, #1060 ) ) ;
#4568 = DIRECTION ( 'NONE',  ( -0.000000000000000000, 0.000000000000000000, 1.000000000000000000 ) ) ;
#4569 = LINE ( 'NONE', #918, #4464 ) ;
#4570 = AXIS2_PLACEMENT_3D ( 'NONE', #648, #2489, #4884 ) ;
#4571 = EDGE_CURVE ( 'NONE', #4448, #3552, #2139, .T. ) ;
#4572 = CARTESIAN_POINT ( 'NONE',  ( -1.849999999999999645, 0.2114982215127147180, -0.9599999999999999645 ) ) ;
#4573 = LINE ( 'NONE', #4118, #1180 ) ;
#4574 = ADVANCED_FACE ( 'NONE', ( #2864 ), #3769, .T. ) ;
#4575 = ORIENTED_EDGE ( 'NONE', *, *, #2687, .F. ) ;
#4576 = CARTESIAN_POINT ( 'NONE',  ( -0.3464101615137745172, 0.9899999999999984368, -4.241944871367028469 ) ) ;
#4577 = EDGE_CURVE ( 'NONE', #5746, #586, #3209, .T. ) ;
#4578 = VERTEX_POINT ( 'NONE', #564 ) ;
#4579 = AXIS2_PLACEMENT_3D ( 'NONE', #3243, #2781, #454 ) ;
#4580 = DIRECTION ( 'NONE',  ( -0.000000000000000000, 1.000000000000000000, -0.000000000000000000 ) ) ;
#4581 = DIRECTION ( 'NONE',  ( 0.000000000000000000, -1.000000000000000000, 0.000000000000000000 ) ) ;
#4582 = EDGE_CURVE ( 'NONE', #2649, #2964, #1493, .T. ) ;
#4583 = LINE ( 'NONE', #4617, #5885 ) ;
#4584 = ORIENTED_EDGE ( 'NONE', *, *, #4129, .F. ) ;
#4585 = ORIENTED_EDGE ( 'NONE', *, *, #5884, .F. ) ;
#4586 = PRESENTATION_STYLE_ASSIGNMENT (( #2704 ) ) ;
#4587 = CARTESIAN_POINT ( 'NONE',  ( -16.55000000000000071, 0.7399999999999984368, 0.000000000000000000 ) ) ;
#4588 = CARTESIAN_POINT ( 'NONE',  ( -6.812500000000000000, 0.7399999999999984368, -4.241944871367028469 ) ) ;
#4589 = PLANE ( 'NONE',  #4503 ) ;
#4590 = DIRECTION ( 'NONE',  ( 1.000000000000000000, 0.000000000000000000, 0.000000000000000000 ) ) ;
#4591 = CARTESIAN_POINT ( 'NONE',  ( -18.15358983848622643, 0.7399999999999984368, -1.135000000000000231 ) ) ;
#4592 = VERTEX_POINT ( 'NONE', #4254 ) ;
#4593 = AXIS2_PLACEMENT_3D ( 'NONE', #5333, #2554, #4460 ) ;
#4594 = VERTEX_POINT ( 'NONE', #5647 ) ;
#4595 = VERTEX_POINT ( 'NONE', #1023 ) ;
#4596 = DIRECTION ( 'NONE',  ( 0.000000000000000000, -0.000000000000000000, -1.000000000000000000 ) ) ;
#4597 = CARTESIAN_POINT ( 'NONE',  ( -2.599999999999999645, 0.7399999999999984368, -0.9600000000000001865 ) ) ;
#4598 = AXIS2_PLACEMENT_3D ( 'NONE', #5089, #5060, #1857 ) ;
#4599 = DIRECTION ( 'NONE',  ( 1.000000000000000000, -0.000000000000000000, -0.000000000000000000 ) ) ;
#4600 = ORIENTED_EDGE ( 'NONE', *, *, #3334, .F. ) ;
#4601 = LINE ( 'NONE', #3657, #157 ) ;
#4602 = EDGE_LOOP ( 'NONE', ( #1991, #1543, #3478, #5434, #4646, #5672 ) ) ;
#4603 = DIRECTION ( 'NONE',  ( -0.000000000000000000, 0.000000000000000000, 1.000000000000000000 ) ) ;
#4604 = LINE ( 'NONE', #4504, #3392 ) ;
#4605 = CARTESIAN_POINT ( 'NONE',  ( -5.273137666352221586, -0.7152359445967790830, -0.9600000000000001865 ) ) ;
#4606 = DIRECTION ( 'NONE',  ( -0.000000000000000000, -0.000000000000000000, -1.000000000000000000 ) ) ;
#4607 = EDGE_CURVE ( 'NONE', #1512, #5012, #2379, .T. ) ;
#4608 = ORIENTED_EDGE ( 'NONE', *, *, #5335, .T. ) ;
#4609 = AXIS2_PLACEMENT_3D ( 'NONE', #1141, #4828, #1978 ) ;
#4610 = ORIENTED_EDGE ( 'NONE', *, *, #2877, .F. ) ;
#4611 = DIRECTION ( 'NONE',  ( 1.000000000000000000, -1.426102104458186769E-16, 0.000000000000000000 ) ) ;
#4612 = EDGE_CURVE ( 'NONE', #5351, #4337, #805, .T. ) ;
#4613 = LINE ( 'NONE', #409, #4630 ) ;
#4614 = VECTOR ( 'NONE', #226, 1.000000000000000000 ) ;
#4615 = AXIS2_PLACEMENT_3D ( 'NONE', #3053, #2216, #4492 ) ;
#4616 = AXIS2_PLACEMENT_3D ( 'NONE', #1853, #1753, #3621 ) ;
#4617 = CARTESIAN_POINT ( 'NONE',  ( -12.80000000000000071, 0.7399999999999984368, -0.9599999999999999645 ) ) ;
#4618 = ORIENTED_EDGE ( 'NONE', *, *, #2812, .T. ) ;
#4619 = EDGE_LOOP ( 'NONE', ( #2033, #1787, #814, #1982 ) ) ;
#4620 = CIRCLE ( 'NONE', #1203, 6.000000000000000000 ) ;
#4621 = FACE_OUTER_BOUND ( 'NONE', #1187, .T. ) ;
#4622 = CARTESIAN_POINT ( 'NONE',  ( -5.399999999999998579, 0.6189114148497013579, -0.9599999999999999645 ) ) ;
#4623 = VECTOR ( 'NONE', #5554, 1.000000000000000000 ) ;
#4624 = EDGE_CURVE ( 'NONE', #4721, #3907, #2287, .T. ) ;
#4625 = DIRECTION ( 'NONE',  ( 0.000000000000000000, 0.000000000000000000, 1.000000000000000000 ) ) ;
#4626 = ADVANCED_FACE ( 'NONE', ( #6018 ), #3241, .T. ) ;
#4627 = DIRECTION ( 'NONE',  ( 1.432545838226008399E-17, 1.000000000000000000, -0.000000000000000000 ) ) ;
#4628 = DIRECTION ( 'NONE',  ( -1.000000000000000000, 0.000000000000000000, 0.000000000000000000 ) ) ;
#4629 = DIRECTION ( 'NONE',  ( -1.000000000000000000, 0.000000000000000000, 0.000000000000000000 ) ) ;
#4630 = VECTOR ( 'NONE', #1486, 1.000000000000000000 ) ;
#4631 = EDGE_LOOP ( 'NONE', ( #3488, #4893, #5558, #107 ) ) ;
#4632 = EDGE_LOOP ( 'NONE', ( #3926, #722, #1153, #645 ) ) ;
#4633 = ORIENTED_EDGE ( 'NONE', *, *, #4049, .T. ) ;
#4634 = PLANE ( 'NONE',  #3203 ) ;
#4635 = CARTESIAN_POINT ( 'NONE',  ( -1.949999999999999734, -1.189999999999998392, -0.9600000000000001865 ) ) ;
#4636 = ADVANCED_FACE ( 'NONE', ( #5328 ), #3903, .F. ) ;
#4637 = ORIENTED_EDGE ( 'NONE', *, *, #5138, .T. ) ;
#4638 = CARTESIAN_POINT ( 'NONE',  ( -0.2926587287503959467, -0.9899999999999984368, 1.659750127714602508 ) ) ;
#4639 = ORIENTED_EDGE ( 'NONE', *, *, #423, .T. ) ;
#4640 = AXIS2_PLACEMENT_3D ( 'NONE', #2031, #4312, #2924 ) ;
#4641 = CARTESIAN_POINT ( 'NONE',  ( -1.949999999999999734, -0.8999999999999999112, -0.9100000000000001421 ) ) ;
#4642 = CARTESIAN_POINT ( 'NONE',  ( -12.80000000000000071, 0.9899999999999984368, -4.241944871367028469 ) ) ;
#4643 = CARTESIAN_POINT ( 'NONE',  ( -15.51932881082469251, 0.000000000000000000, -1.135000000000000231 ) ) ;
#4644 = LINE ( 'NONE', #437, #1662 ) ;
#4645 = ORIENTED_EDGE ( 'NONE', *, *, #4659, .F. ) ;
#4646 = ORIENTED_EDGE ( 'NONE', *, *, #3762, .F. ) ;
#4647 = CARTESIAN_POINT ( 'NONE',  ( -4.551792278806057190, 9.753686360283015944, -0.8496342572279651506 ) ) ;
#4648 = LINE ( 'NONE', #473, #1404 ) ;
#4649 = EDGE_LOOP ( 'NONE', ( #1975, #3204, #2087, #1858 ) ) ;
#4650 = ORIENTED_EDGE ( 'NONE', *, *, #588, .T. ) ;
#4651 = DIRECTION ( 'NONE',  ( 0.000000000000000000, 0.000000000000000000, 1.000000000000000000 ) ) ;
#4652 = DIRECTION ( 'NONE',  ( 0.000000000000000000, -0.000000000000000000, -1.000000000000000000 ) ) ;
#4653 = LINE ( 'NONE', #1354, #3526 ) ;
#4654 = DIRECTION ( 'NONE',  ( -1.000000000000000000, -2.400482215405744004E-16, 1.223127061027714285E-16 ) ) ;
#4655 = ADVANCED_FACE ( 'NONE', ( #2890 ), #2401, .T. ) ;
#4656 = EDGE_CURVE ( 'NONE', #1413, #3750, #3443, .T. ) ;
#4657 = VERTEX_POINT ( 'NONE', #3941 ) ;
#4658 = VERTEX_POINT ( 'NONE', #4340 ) ;
#4659 = EDGE_CURVE ( 'NONE', #3907, #3656, #4416, .T. ) ;
#4660 = CARTESIAN_POINT ( 'NONE',  ( -5.299999999999998934, 0.6189114148497013579, -0.9599999999999999645 ) ) ;
#4661 = CARTESIAN_POINT ( 'NONE',  ( -16.14999999999999858, -0.7400000000000022116, -1.135000000000000231 ) ) ;
#4662 = CARTESIAN_POINT ( 'NONE',  ( 0.000000000000000000, 0.000000000000000000, -0.9600000000000001865 ) ) ;
#4663 = ORIENTED_EDGE ( 'NONE', *, *, #5579, .T. ) ;
#4664 = EDGE_CURVE ( 'NONE', #3764, #4186, #228, .T. ) ;
#4665 = CARTESIAN_POINT ( 'NONE',  ( -13.20000000000000107, -0.6189114148497024681, -4.241944871367028469 ) ) ;
#4666 = ORIENTED_EDGE ( 'NONE', *, *, #3066, .F. ) ;
#4667 = DIRECTION ( 'NONE',  ( 0.000000000000000000, 0.000000000000000000, -1.000000000000000000 ) ) ;
#4668 = CARTESIAN_POINT ( 'NONE',  ( -18.50000000000000000, 1.189999999999998392, -0.9600000000000001865 ) ) ;
#4669 = DIRECTION ( 'NONE',  ( 0.000000000000000000, 1.000000000000000000, 0.000000000000000000 ) ) ;
#4670 = CIRCLE ( 'NONE', #863, 5.900000000000001243 ) ;
#4671 = VECTOR ( 'NONE', #4628, 1.000000000000000000 ) ;
#4672 = EDGE_LOOP ( 'NONE', ( #1630, #5800 ) ) ;
#4673 = ORIENTED_EDGE ( 'NONE', *, *, #296, .T. ) ;
#4674 = VECTOR ( 'NONE', #5666, 1.000000000000000000 ) ;
#4675 = CARTESIAN_POINT ( 'NONE',  ( -16.55000000000000071, -0.8000000000000000444, -0.9100000000000001421 ) ) ;
#4676 = CIRCLE ( 'NONE', #2809, 0.07999999999999996003 ) ;
#4677 = ORIENTED_EDGE ( 'NONE', *, *, #748, .F. ) ;
#4678 = ORIENTED_EDGE ( 'NONE', *, *, #4792, .T. ) ;
#4679 = CARTESIAN_POINT ( 'NONE',  ( -16.55000000000000071, 0.7399999999999984368, -0.9600000000000001865 ) ) ;
#4680 = DIRECTION ( 'NONE',  ( 0.000000000000000000, 1.000000000000000000, 0.000000000000000000 ) ) ;
#4681 = DIRECTION ( 'NONE',  ( -0.000000000000000000, 1.000000000000000000, -0.000000000000000000 ) ) ;
#4682 = DIRECTION ( 'NONE',  ( -0.000000000000000000, 0.000000000000000000, 1.000000000000000000 ) ) ;
#4683 = DIRECTION ( 'NONE',  ( 0.000000000000000000, -1.000000000000000000, 0.000000000000000000 ) ) ;
#4684 = AXIS2_PLACEMENT_3D ( 'NONE', #820, #2304, #2274 ) ;
#4685 = CIRCLE ( 'NONE', #3606, 0.07999999999999996003 ) ;
#4686 = ORIENTED_EDGE ( 'NONE', *, *, #5579, .F. ) ;
#4687 = EDGE_CURVE ( 'NONE', #257, #5684, #1587, .T. ) ;
#4688 = CYLINDRICAL_SURFACE ( 'NONE', #5, 0.07999999999999996003 ) ;
#4689 = CARTESIAN_POINT ( 'NONE',  ( -16.55000000000000071, 1.189999999999998392, -0.9600000000000001865 ) ) ;
#4690 = EDGE_CURVE ( 'NONE', #5131, #5521, #1192, .T. ) ;
#4691 = CARTESIAN_POINT ( 'NONE',  ( -13.94820772119394547, 1.089999999999998082, -0.8496342572279657057 ) ) ;
#4692 = VECTOR ( 'NONE', #3152, 1.000000000000000000 ) ;
#4693 = ORIENTED_EDGE ( 'NONE', *, *, #4984, .T. ) ;
#4694 = ORIENTED_EDGE ( 'NONE', *, *, #3416, .F. ) ;
#4695 = ORIENTED_EDGE ( 'NONE', *, *, #3284, .T. ) ;
#4696 = AXIS2_PLACEMENT_3D ( 'NONE', #1254, #3109, #1646 ) ;
#4697 = CARTESIAN_POINT ( 'NONE',  ( -16.14999999999999858, -0.3432012612066350776, -1.135000000000000231 ) ) ;
#4698 = EDGE_CURVE ( 'NONE', #5254, #516, #1637, .T. ) ;
#4699 = CARTESIAN_POINT ( 'NONE',  ( -1.949999999999999289, -1.189999999999998836, -0.9600000000000001865 ) ) ;
#4700 = CARTESIAN_POINT ( 'NONE',  ( -2.349999999999999645, 0.8000000000000000444, -0.9100000000000001421 ) ) ;
#4701 = EDGE_LOOP ( 'NONE', ( #1570, #3946, #265, #59, #2932 ) ) ;
#4702 = DIRECTION ( 'NONE',  ( 1.000000000000000000, 0.000000000000000000, -0.000000000000000000 ) ) ;
#4703 = LINE ( 'NONE', #4781, #3483 ) ;
#4704 = EDGE_LOOP ( 'NONE', ( #4903, #1618 ) ) ;
#4705 = ORIENTED_EDGE ( 'NONE', *, *, #2501, .T. ) ;
#4706 = CARTESIAN_POINT ( 'NONE',  ( -1.949999999999999734, -0.7399999999999984368, -1.135000000000000231 ) ) ;
#4707 = DIRECTION ( 'NONE',  ( -0.000000000000000000, 0.000000000000000000, 1.000000000000000000 ) ) ;
#4708 = AXIS2_PLACEMENT_3D ( 'NONE', #1942, #5241, #3384 ) ;
#4709 = CARTESIAN_POINT ( 'NONE',  ( -2.349999999999999645, 1.189999999999998392, -0.9600000000000001865 ) ) ;
#4710 = CARTESIAN_POINT ( 'NONE',  ( -8.974999999999999645, 0.7399999999999984368, -0.9600000000000001865 ) ) ;
#4711 = AXIS2_PLACEMENT_3D ( 'NONE', #5729, #3813, #4734 ) ;
#4712 = VECTOR ( 'NONE', #3200, 1.000000000000000000 ) ;
#4713 = AXIS2_PLACEMENT_3D ( 'NONE', #1279, #315, #1671 ) ;
#4714 = VERTEX_POINT ( 'NONE', #3873 ) ;
#4715 = CIRCLE ( 'NONE', #136, 0.07999999999999996003 ) ;
#4716 = DIRECTION ( 'NONE',  ( 0.000000000000000000, 0.9901138386947148096, -0.1402661271484180183 ) ) ;
#4717 = DIRECTION ( 'NONE',  ( -0.000000000000000000, 1.000000000000000000, -0.000000000000000000 ) ) ;
#4718 = FACE_OUTER_BOUND ( 'NONE', #3458, .T. ) ;
#4719 = CIRCLE ( 'NONE', #1209, 0.03500000000000014211 ) ;
#4720 = EDGE_CURVE ( 'NONE', #5643, #690, #2900, .T. ) ;
#4721 = VERTEX_POINT ( 'NONE', #2000 ) ;
#4722 = VERTEX_POINT ( 'NONE', #3012 ) ;
#4723 = VERTEX_POINT ( 'NONE', #3850 ) ;
#4724 = CARTESIAN_POINT ( 'NONE',  ( -2.599999999999999645, -0.7399999999999991029, -0.9600000000000001865 ) ) ;
#4725 = EDGE_CURVE ( 'NONE', #1727, #876, #5737, .T. ) ;
#4726 = VECTOR ( 'NONE', #4753, 1.000000000000000000 ) ;
#4727 = CARTESIAN_POINT ( 'NONE',  ( -2.599999999999999645, 0.9899999999999984368, -1.135000000000000231 ) ) ;
#4728 = EDGE_CURVE ( 'NONE', #3532, #5939, #2977, .T. ) ;
#4729 = VERTEX_POINT ( 'NONE', #1944 ) ;
#4730 = EDGE_CURVE ( 'NONE', #5083, #5599, #1362, .T. ) ;
#4731 = CARTESIAN_POINT ( 'NONE',  ( -16.55000000000000071, -0.8999999999999999112, -0.9100000000000001421 ) ) ;
#4732 = DIRECTION ( 'NONE',  ( 0.000000000000000000, -0.000000000000000000, -1.000000000000000000 ) ) ;
#4733 = VECTOR ( 'NONE', #3327, 1.000000000000000000 ) ;
#4734 = DIRECTION ( 'NONE',  ( 0.000000000000000000, 0.000000000000000000, -1.000000000000000000 ) ) ;
#4735 = ORIENTED_EDGE ( 'NONE', *, *, #2877, .T. ) ;
#4736 = ORIENTED_EDGE ( 'NONE', *, *, #2201, .T. ) ;
#4737 = CARTESIAN_POINT ( 'NONE',  ( -16.55000000000000071, 0.8999999999999999112, -0.9100000000000001421 ) ) ;
#4738 = CYLINDRICAL_SURFACE ( 'NONE', #2146, 0.2500000000000000000 ) ;
#4739 = ADVANCED_FACE ( 'NONE', ( #591 ), #1554, .F. ) ;
#4740 = DIRECTION ( 'NONE',  ( -0.000000000000000000, -0.000000000000000000, -1.000000000000000000 ) ) ;
#4741 = DIRECTION ( 'NONE',  ( 0.000000000000000000, 0.000000000000000000, 1.000000000000000000 ) ) ;
#4742 = ORIENTED_EDGE ( 'NONE', *, *, #2907, .F. ) ;
#4743 = DIRECTION ( 'NONE',  ( 0.000000000000000000, -0.000000000000000000, -1.000000000000000000 ) ) ;
#4744 = LINE ( 'NONE', #568, #338 ) ;
#4745 = CARTESIAN_POINT ( 'NONE',  ( -3.921569072607348438, -9.753686360283015944, -0.9607596123493884477 ) ) ;
#4746 = EDGE_LOOP ( 'NONE', ( #5910, #3601, #1565, #5300, #5474, #5917, #4846 ) ) ;
#4747 = ORIENTED_EDGE ( 'NONE', *, *, #1416, .T. ) ;
#4748 = ORIENTED_EDGE ( 'NONE', *, *, #2351, .T. ) ;
#4749 = CARTESIAN_POINT ( 'NONE',  ( -4.885798269505219338, -0.9549999999999996270, -1.135000000000000231 ) ) ;
#4750 = CARTESIAN_POINT ( 'NONE',  ( -1.949999999999999734, 0.8999999999999999112, -0.9100000000000001421 ) ) ;
#4751 = DIRECTION ( 'NONE',  ( 0.000000000000000000, 0.000000000000000000, 1.000000000000000000 ) ) ;
#4752 = EDGE_LOOP ( 'NONE', ( #706, #5440, #4069, #3618 ) ) ;
#4753 = DIRECTION ( 'NONE',  ( -1.000000000000000000, 0.000000000000000000, 0.000000000000000000 ) ) ;
#4754 = CARTESIAN_POINT ( 'NONE',  ( -15.67493198115551856, 0.9899999999999984368, 5.040000000000000036 ) ) ;
#4755 = AXIS2_PLACEMENT_3D ( 'NONE', #610, #5640, #2912 ) ;
#4756 = EDGE_CURVE ( 'NONE', #2688, #1512, #167, .T. ) ;
#4757 = CARTESIAN_POINT ( 'NONE',  ( -17.90358983848622643, 0.9899999999999984368, -1.135000000000000231 ) ) ;
#4758 = AXIS2_PLACEMENT_3D ( 'NONE', #5634, #3259, #5228 ) ;
#4759 = ORIENTED_EDGE ( 'NONE', *, *, #3113, .F. ) ;
#4760 = ORIENTED_EDGE ( 'NONE', *, *, #3219, .T. ) ;
#4761 = CARTESIAN_POINT ( 'NONE',  ( -16.05000000000000071, -0.3432012612066350776, 0.000000000000000000 ) ) ;
#4762 = PLANE ( 'NONE',  #2451 ) ;
#4763 = CARTESIAN_POINT ( 'NONE',  ( -12.92368347295909814, -1.189999999999998170, -6.660000000000000142 ) ) ;
#4764 = VECTOR ( 'NONE', #4374, 1.000000000000000000 ) ;
#4765 = EDGE_CURVE ( 'NONE', #2688, #4658, #3363, .T. ) ;
#4766 = CARTESIAN_POINT ( 'NONE',  ( -9.525000000000000355, 0.7399999999999984368, -1.135000000000000231 ) ) ;
#4767 = EDGE_LOOP ( 'NONE', ( #2718, #785 ) ) ;
#4768 = CARTESIAN_POINT ( 'NONE',  ( -0.2651845289799109606, 1.189999999999998392, -1.503936198047713502 ) ) ;
#4769 = DIRECTION ( 'NONE',  ( -2.400482215405744004E-16, 1.000000000000000000, 0.000000000000000000 ) ) ;
#4770 = AXIS2_PLACEMENT_3D ( 'NONE', #3989, #1631, #3559 ) ;
#4771 = VERTEX_POINT ( 'NONE', #1080 ) ;
#4772 = VERTEX_POINT ( 'NONE', #4788 ) ;
#4773 = ORIENTED_EDGE ( 'NONE', *, *, #2848, .T. ) ;
#4774 = DIRECTION ( 'NONE',  ( -0.9632452974707710336, 0.2686233364777642074, 0.000000000000000000 ) ) ;
#4775 = CARTESIAN_POINT ( 'NONE',  ( -1.949999999999999734, -1.189999999999998392, -0.9600000000000001865 ) ) ;
#4776 = PRODUCT_DEFINITION_CONTEXT ( 'detailed design', #3914, 'design' ) ;
#4777 = CARTESIAN_POINT ( 'NONE',  ( -12.80000000000000071, -0.7400000000000011013, -0.9600000000000001865 ) ) ;
#4778 = AXIS2_PLACEMENT_3D ( 'NONE', #2091, #3973, #1286 ) ;
#4779 = ORIENTED_EDGE ( 'NONE', *, *, #2164, .T. ) ;
#4780 = CARTESIAN_POINT ( 'NONE',  ( -2.449999999999999734, 0.3432012612066359658, -1.135000000000000231 ) ) ;
#4781 = CARTESIAN_POINT ( 'NONE',  ( -3.921569072607348438, 1.089999999999998082, -0.9607596123493884477 ) ) ;
#4782 = CARTESIAN_POINT ( 'NONE',  ( 0.000000000000000000, 0.000000000000000000, -1.135000000000000231 ) ) ;
#4783 = EDGE_CURVE ( 'NONE', #289, #614, #3493, .T. ) ;
#4784 = ORIENTED_EDGE ( 'NONE', *, *, #3284, .F. ) ;
#4785 = EDGE_LOOP ( 'NONE', ( #367, #4673, #5119, #3398 ) ) ;
#4786 = LINE ( 'NONE', #615, #4614 ) ;
#4787 = FACE_OUTER_BOUND ( 'NONE', #574, .T. ) ;
#4788 = CARTESIAN_POINT ( 'NONE',  ( -3.930251481490694587, 1.189999999999998392, -1.059999999999999165 ) ) ;
#4789 = CARTESIAN_POINT ( 'NONE',  ( -0.2926587287503931711, 1.189999999999998392, 1.659750127714602952 ) ) ;
#4790 = EDGE_CURVE ( 'NONE', #306, #4595, #3097, .T. ) ;
#4791 = DIRECTION ( 'NONE',  ( -0.000000000000000000, 0.000000000000000000, -1.000000000000000000 ) ) ;
#4792 = EDGE_CURVE ( 'NONE', #64, #1139, #2548, .T. ) ;
#4793 = EDGE_LOOP ( 'NONE', ( #5723, #1604, #2570, #1598 ) ) ;
#4794 = EDGE_CURVE ( 'NONE', #4909, #3958, #1732, .T. ) ;
#4795 = VECTOR ( 'NONE', #52, 1.000000000000000000 ) ;
#4796 = CARTESIAN_POINT ( 'NONE',  ( -3.053808855527531563, 0.09632452974707683691, -1.135000000000000231 ) ) ;
#4797 = DIRECTION ( 'NONE',  ( 0.000000000000000000, -0.000000000000000000, -1.000000000000000000 ) ) ;
#4798 = ADVANCED_FACE ( 'NONE', ( #710 ), #3683, .F. ) ;
#4799 = AXIS2_PLACEMENT_3D ( 'NONE', #5789, #1523, #2972 ) ;
#4800 = DIRECTION ( 'NONE',  ( -1.000000000000000000, 0.000000000000000000, 0.000000000000000000 ) ) ;
#4801 = VECTOR ( 'NONE', #194, 1.000000000000000000 ) ;
#4802 = ORIENTED_EDGE ( 'NONE', *, *, #1191, .T. ) ;
#4803 = CIRCLE ( 'NONE', #2149, 0.03500000000000014211 ) ;
#4804 = ORIENTED_EDGE ( 'NONE', *, *, #5026, .T. ) ;
#4805 = VERTEX_POINT ( 'NONE', #1430 ) ;
#4806 = CARTESIAN_POINT ( 'NONE',  ( -12.92368347295909814, -9.753686360283015944, -6.660000000000000142 ) ) ;
#4807 = CIRCLE ( 'NONE', #2760, 0.2500000000000000000 ) ;
#4808 = EDGE_CURVE ( 'NONE', #1126, #4149, #4859, .T. ) ;
#4809 = DIRECTION ( 'NONE',  ( -1.000000000000000000, 0.000000000000000000, 0.000000000000000000 ) ) ;
#4810 = ORIENTED_EDGE ( 'NONE', *, *, #769, .T. ) ;
#4811 = LINE ( 'NONE', #2480, #5557 ) ;
#4812 = CIRCLE ( 'NONE', #1415, 5.899999999999998579 ) ;
#4813 = ORIENTED_EDGE ( 'NONE', *, *, #5061, .F. ) ;
#4814 = DIRECTION ( 'NONE',  ( 0.9848077530122089085, -0.000000000000000000, -0.1736481776669254740 ) ) ;
#4815 = DIRECTION ( 'NONE',  ( -0.000000000000000000, -1.000000000000000000, -0.000000000000000000 ) ) ;
#4816 = LINE ( 'NONE', #643, #3342 ) ;
#4817 = CIRCLE ( 'NONE', #2374, 0.1499999999999999112 ) ;
#4818 = ORIENTED_EDGE ( 'NONE', *, *, #1144, .T. ) ;
#4819 = AXIS2_PLACEMENT_3D ( 'NONE', #864, #4434, #3103 ) ;
#4820 = VERTEX_POINT ( 'NONE', #4258 ) ;
#4821 = CARTESIAN_POINT ( 'NONE',  ( -4.885798269505217561, 0.9899999999999985478, -1.135000000000000231 ) ) ;
#4822 = DIRECTION ( 'NONE',  ( 0.000000000000000000, 0.000000000000000000, -1.000000000000000000 ) ) ;
#4823 = DIRECTION ( 'NONE',  ( -0.000000000000000000, 1.000000000000000000, -0.000000000000000000 ) ) ;
#4824 = LINE ( 'NONE', #2893, #1600 ) ;
#4825 = ORIENTED_EDGE ( 'NONE', *, *, #4355, .T. ) ;
#4826 = VERTEX_POINT ( 'NONE', #2348 ) ;
#4827 = CARTESIAN_POINT ( 'NONE',  ( -16.02313766635222336, -0.2468767314595583517, -0.9600000000000001865 ) ) ;
#4828 = DIRECTION ( 'NONE',  ( -0.000000000000000000, 0.000000000000000000, 1.000000000000000000 ) ) ;
#4829 = DIRECTION ( 'NONE',  ( -1.000000000000000000, -0.000000000000000000, -0.000000000000000000 ) ) ;
#4830 = EDGE_CURVE ( 'NONE', #1501, #5083, #542, .T. ) ;
#4831 = EDGE_CURVE ( 'NONE', #4502, #5818, #1363, .T. ) ;
#4832 = ORIENTED_EDGE ( 'NONE', *, *, #731, .T. ) ;
#4833 = ADVANCED_FACE ( 'NONE', ( #6022 ), #82, .F. ) ;
#4834 = ORIENTED_EDGE ( 'NONE', *, *, #1719, .F. ) ;
#4835 = PLANE ( 'NONE',  #922 ) ;
#4836 = DIRECTION ( 'NONE',  ( -0.000000000000000000, -0.000000000000000000, -1.000000000000000000 ) ) ;
#4837 = ADVANCED_FACE ( 'NONE', ( #5139 ), #4688, .T. ) ;
#4838 = ORIENTED_EDGE ( 'NONE', *, *, #3797, .F. ) ;
#4839 = DIRECTION ( 'NONE',  ( -0.1736481776669237809, 0.000000000000000000, -0.9848077530122093526 ) ) ;
#4840 = VERTEX_POINT ( 'NONE', #5626 ) ;
#4841 = LINE ( 'NONE', #4390, #3057 ) ;
#4842 = DIRECTION ( 'NONE',  ( -1.000000000000000000, 0.000000000000000000, -0.000000000000000000 ) ) ;
#4843 = LINE ( 'NONE', #2511, #4559 ) ;
#4844 = CARTESIAN_POINT ( 'NONE',  ( -15.90000000000000213, 0.9899999999999984368, -1.135000000000000231 ) ) ;
#4845 = VERTEX_POINT ( 'NONE', #971 ) ;
#4846 = ORIENTED_EDGE ( 'NONE', *, *, #2845, .T. ) ;
#4847 = AXIS2_PLACEMENT_3D ( 'NONE', #1608, #669, #2133 ) ;
#4848 = LINE ( 'NONE', #2427, #2050 ) ;
#4849 = PLANE ( 'NONE',  #3740 ) ;
#4850 = CARTESIAN_POINT ( 'NONE',  ( -8.974999999999999645, 0.9899999999999984368, -4.241944871367028469 ) ) ;
#4851 = APPLICATION_PROTOCOL_DEFINITION ( 'draft international standard', 'automotive_design', 1998, #3652 ) ;
#4852 = AXIS2_PLACEMENT_3D ( 'NONE', #2994, #2101, #4414 ) ;
#4853 = CARTESIAN_POINT ( 'NONE',  ( 0.6199999999999999956, -0.8750000000000000000, -1.060000000000000053 ) ) ;
#4854 = LINE ( 'NONE', #5605, #1317 ) ;
#4855 = ORIENTED_EDGE ( 'NONE', *, *, #4013, .F. ) ;
#4856 = CIRCLE ( 'NONE', #4190, 0.1000000000000014211 ) ;
#4857 = VERTEX_POINT ( 'NONE', #1845 ) ;
#4858 = CARTESIAN_POINT ( 'NONE',  ( -12.80000000000000071, 0.7399999999999984368, -0.9600000000000001865 ) ) ;
#4859 = CIRCLE ( 'NONE', #3701, 0.09999999999999964473 ) ;
#4860 = FACE_OUTER_BOUND ( 'NONE', #4450, .T. ) ;
#4861 = DIRECTION ( 'NONE',  ( -0.000000000000000000, 0.000000000000000000, 1.000000000000000000 ) ) ;
#4862 = AXIS2_PLACEMENT_3D ( 'NONE', #2644, #4065, #2092 ) ;
#4863 = ORIENTED_EDGE ( 'NONE', *, *, #4362, .T. ) ;
#4864 = ORIENTED_EDGE ( 'NONE', *, *, #5507, .T. ) ;
#4865 = EDGE_CURVE ( 'NONE', #2045, #667, #3798, .T. ) ;
#4866 = DIRECTION ( 'NONE',  ( 0.000000000000000000, 0.000000000000000000, 1.000000000000000000 ) ) ;
#4867 = DIRECTION ( 'NONE',  ( 0.1736481776669254740, -2.487589742322845879E-18, 0.9848077530122089085 ) ) ;
#4868 = VERTEX_POINT ( 'NONE', #999 ) ;
#4869 = ADVANCED_FACE ( 'NONE', ( #3773 ), #1871, .T. ) ;
#4870 = AXIS2_PLACEMENT_3D ( 'NONE', #2233, #5088, #3693 ) ;
#4871 = FACE_BOUND ( 'NONE', #5323, .T. ) ;
#4872 = ORIENTED_EDGE ( 'NONE', *, *, #4463, .F. ) ;
#4873 = VECTOR ( 'NONE', #2624, 1.000000000000000000 ) ;
#4874 = EDGE_CURVE ( 'NONE', #4107, #4840, #2320, .T. ) ;
#4875 = DIRECTION ( 'NONE',  ( 0.000000000000000000, 0.000000000000000000, 1.000000000000000000 ) ) ;
#4876 = CARTESIAN_POINT ( 'NONE',  ( -0.3464101615137745172, 0.9899999999999984368, -1.135000000000000231 ) ) ;
#4877 = DIRECTION ( 'NONE',  ( 0.000000000000000000, -1.000000000000000000, 0.000000000000000000 ) ) ;
#4878 = VECTOR ( 'NONE', #1714, 1.000000000000000000 ) ;
#4879 = ORIENTED_EDGE ( 'NONE', *, *, #965, .T. ) ;
#4880 = ORIENTED_EDGE ( 'NONE', *, *, #1807, .F. ) ;
#4881 = DIRECTION ( 'NONE',  ( -0.000000000000000000, 0.000000000000000000, 1.000000000000000000 ) ) ;
#4882 = DIRECTION ( 'NONE',  ( -0.9848077530122092416, -2.364013496699500726E-16, 0.1736481776669237531 ) ) ;
#4883 = CIRCLE ( 'NONE', #2726, 0.07999999999999996003 ) ;
#4884 = DIRECTION ( 'NONE',  ( 1.000000000000000000, 0.000000000000000000, 0.000000000000000000 ) ) ;
#4885 = EDGE_CURVE ( 'NONE', #4114, #2830, #1927, .T. ) ;
#4886 = CARTESIAN_POINT ( 'NONE',  ( -16.55000000000000071, -0.2000000000000000111, -0.8250000000000000666 ) ) ;
#4887 = VERTEX_POINT ( 'NONE', #5195 ) ;
#4888 = ORIENTED_EDGE ( 'NONE', *, *, #767, .T. ) ;
#4889 = FACE_OUTER_BOUND ( 'NONE', #1780, .T. ) ;
#4890 = CARTESIAN_POINT ( 'NONE',  ( -2.449999999999999734, -0.3432012612066354107, -1.135000000000000231 ) ) ;
#4891 = CARTESIAN_POINT ( 'NONE',  ( -18.15358983848622643, -0.9899999999999984368, -4.241944871367028469 ) ) ;
#4892 = DIRECTION ( 'NONE',  ( 1.000000000000000000, 0.000000000000000000, 0.000000000000000000 ) ) ;
#4893 = ORIENTED_EDGE ( 'NONE', *, *, #5236, .T. ) ;
#4894 = VERTEX_POINT ( 'NONE', #2295 ) ;
#4895 = DIRECTION ( 'NONE',  ( -1.000000000000000000, 0.000000000000000000, 0.000000000000000000 ) ) ;
#4896 = CARTESIAN_POINT ( 'NONE',  ( -1.949999999999999734, 1.189999999999998392, -0.9600000000000001865 ) ) ;
#4897 = VECTOR ( 'NONE', #1078, 1.000000000000000000 ) ;
#4898 = AXIS2_PLACEMENT_3D ( 'NONE', #238, #4769, #1622 ) ;
#4899 = AXIS2_PLACEMENT_3D ( 'NONE', #2423, #2484, #125 ) ;
#4900 = VERTEX_POINT ( 'NONE', #1026 ) ;
#4901 = LINE ( 'NONE', #4016, #689 ) ;
#4902 = VECTOR ( 'NONE', #443, 1.000000000000000000 ) ;
#4903 = ORIENTED_EDGE ( 'NONE', *, *, #2655, .F. ) ;
#4904 = CYLINDRICAL_SURFACE ( 'NONE', #182, 0.09999999999999964473 ) ;
#4905 = DIRECTION ( 'NONE',  ( 1.000000000000000000, 0.000000000000000000, -0.000000000000000000 ) ) ;
#4906 = AXIS2_PLACEMENT_3D ( 'NONE', #880, #1300, #3088 ) ;
#4907 = EDGE_CURVE ( 'NONE', #1377, #1862, #55, .T. ) ;
#4908 = EDGE_CURVE ( 'NONE', #115, #5469, #427, .T. ) ;
#4909 = VERTEX_POINT ( 'NONE', #2322 ) ;
#4910 = ADVANCED_FACE ( 'NONE', ( #945 ), #4634, .F. ) ;
#4911 = ORIENTED_EDGE ( 'NONE', *, *, #40, .T. ) ;
#4912 = FACE_BOUND ( 'NONE', #2158, .T. ) ;
#4913 = DIRECTION ( 'NONE',  ( -0.000000000000000000, 0.000000000000000000, -1.000000000000000000 ) ) ;
#4914 = ADVANCED_FACE ( 'NONE', ( #5113 ), #2785, .F. ) ;
#4915 = AXIS2_PLACEMENT_3D ( 'NONE', #4886, #2491, #1529 ) ;
#4916 = FACE_OUTER_BOUND ( 'NONE', #5342, .T. ) ;
#4917 = ORIENTED_EDGE ( 'NONE', *, *, #1113, .F. ) ;
#4918 = EDGE_CURVE ( 'NONE', #3958, #907, #1507, .T. ) ;
#4919 = ORIENTED_EDGE ( 'NONE', *, *, #1280, .T. ) ;
#4920 = DIRECTION ( 'NONE',  ( 0.9848077530122089085, 0.000000000000000000, 0.1736481776669255017 ) ) ;
#4921 = DIRECTION ( 'NONE',  ( -0.9632452974707711446, -0.2686233364777638188, 0.000000000000000000 ) ) ;
#4922 = DIRECTION ( 'NONE',  ( 1.000000000000000000, 0.000000000000000000, 0.000000000000000000 ) ) ;
#4923 = DIRECTION ( 'NONE',  ( 0.000000000000000000, 0.000000000000000000, 1.000000000000000000 ) ) ;
#4924 = LINE ( 'NONE', #4318, #1740 ) ;
#4925 = ORIENTED_EDGE ( 'NONE', *, *, #3682, .T. ) ;
#4926 = ORIENTED_EDGE ( 'NONE', *, *, #4698, .F. ) ;
#4927 = DIRECTION ( 'NONE',  ( 0.000000000000000000, 0.000000000000000000, 1.000000000000000000 ) ) ;
#4928 = CARTESIAN_POINT ( 'NONE',  ( -17.90358983848622643, 0.7399999999999984368, -0.9599999999999999645 ) ) ;
#4929 = CARTESIAN_POINT ( 'NONE',  ( -3.921569072607348438, -1.089999999999998082, -0.9607596123493884477 ) ) ;
#4930 = ORIENTED_EDGE ( 'NONE', *, *, #3113, .T. ) ;
#4931 = DIRECTION ( 'NONE',  ( 0.000000000000000000, 0.000000000000000000, -1.000000000000000000 ) ) ;
#4932 = ADVANCED_FACE ( 'NONE', ( #685 ), #109, .F. ) ;
#4933 = CARTESIAN_POINT ( 'NONE',  ( -9.775000000000000355, 0.7399999999999984368, -0.9600000000000001865 ) ) ;
#4934 = VERTEX_POINT ( 'NONE', #4827 ) ;
#4935 = VERTEX_POINT ( 'NONE', #653 ) ;
#4936 = DIRECTION ( 'NONE',  ( 0.000000000000000000, 0.000000000000000000, -1.000000000000000000 ) ) ;
#4937 = ADVANCED_FACE ( 'NONE', ( #1116 ), #2984, .F. ) ;
#4938 = DIRECTION ( 'NONE',  ( 1.000000000000000000, 0.000000000000000000, 0.000000000000000000 ) ) ;
#4939 = DIRECTION ( 'NONE',  ( 0.000000000000000000, 0.000000000000000000, -1.000000000000000000 ) ) ;
#4940 = VERTEX_POINT ( 'NONE', #3366 ) ;
#4941 = ORIENTED_EDGE ( 'NONE', *, *, #4470, .T. ) ;
#4942 = CARTESIAN_POINT ( 'NONE',  ( -1.174201978586608189E-16, 0.9899999999999984368, -0.9600000000000020739 ) ) ;
#4943 = DIRECTION ( 'NONE',  ( 0.000000000000000000, -0.9901138386947149206, 0.1402661271484180461 ) ) ;
#4944 = CARTESIAN_POINT ( 'NONE',  ( -18.50000000000000000, 1.189999999999998392, -0.9600000000000001865 ) ) ;
#4945 = DIRECTION ( 'NONE',  ( 1.000000000000000000, 0.000000000000000000, 0.000000000000000000 ) ) ;
#4946 = CIRCLE ( 'NONE', #4187, 0.1499999999999999112 ) ;
#4947 = CARTESIAN_POINT ( 'NONE',  ( -18.50000000000000000, -1.089999999999998526, -0.9600000000000001865 ) ) ;
#4948 = ORIENTED_EDGE ( 'NONE', *, *, #2055, .T. ) ;
#4949 = ORIENTED_EDGE ( 'NONE', *, *, #965, .F. ) ;
#4950 = CARTESIAN_POINT ( 'NONE',  ( -0.3464101615137744061, -0.3114982215127146681, -0.9600000000000001865 ) ) ;
#4951 = PLANE ( 'NONE',  #1307 ) ;
#4952 = VECTOR ( 'NONE', #2037, 1.000000000000000000 ) ;
#4953 = CYLINDRICAL_SURFACE ( 'NONE', #2937, 0.07999999999999996003 ) ;
#4954 = ORIENTED_EDGE ( 'NONE', *, *, #4166, .T. ) ;
#4955 = FACE_OUTER_BOUND ( 'NONE', #2989, .T. ) ;
#4956 = ORIENTED_EDGE ( 'NONE', *, *, #448, .T. ) ;
#4957 = DIRECTION ( 'NONE',  ( -0.000000000000000000, 0.000000000000000000, 1.000000000000000000 ) ) ;
#4958 = CARTESIAN_POINT ( 'NONE',  ( -7.062500000000000000, -0.7399999999999997691, -0.9600000000000001865 ) ) ;
#4959 = AXIS2_PLACEMENT_3D ( 'NONE', #4067, #1742, #3609 ) ;
#4960 = AXIS2_PLACEMENT_3D ( 'NONE', #1489, #2878, #553 ) ;
#4961 = ORIENTED_EDGE ( 'NONE', *, *, #4885, .T. ) ;
#4962 = VERTEX_POINT ( 'NONE', #4858 ) ;
#4963 = DIRECTION ( 'NONE',  ( 0.000000000000000000, -0.000000000000000000, 1.000000000000000000 ) ) ;
#4964 = DIRECTION ( 'NONE',  ( 0.000000000000000000, -0.000000000000000000, 1.000000000000000000 ) ) ;
#4965 = EDGE_CURVE ( 'NONE', #3254, #4887, #595, .T. ) ;
#4966 = CARTESIAN_POINT ( 'NONE',  ( -18.50000000000000000, 0.8750000000000000000, -1.060000000000000053 ) ) ;
#4967 = EDGE_LOOP ( 'NONE', ( #1551, #4735, #5283, #5203 ) ) ;
#4968 = EDGE_LOOP ( 'NONE', ( #4834, #116, #5573, #5945 ) ) ;
#4969 = FACE_OUTER_BOUND ( 'NONE', #1393, .T. ) ;
#4970 = CARTESIAN_POINT ( 'NONE',  ( -8.724999999999999645, 0.7399999999999984368, -1.135000000000000231 ) ) ;
#4971 = CARTESIAN_POINT ( 'NONE',  ( -3.921569072607348438, -9.753686360283015944, -0.9607596123493884477 ) ) ;
#4972 = FACE_OUTER_BOUND ( 'NONE', #1296, .T. ) ;
#4973 = CYLINDRICAL_SURFACE ( 'NONE', #687, 0.2500000000000000000 ) ;
#4974 = EDGE_CURVE ( 'NONE', #5044, #1413, #4676, .T. ) ;
#4975 = ORIENTED_EDGE ( 'NONE', *, *, #3450, .F. ) ;
#4976 = EDGE_CURVE ( 'NONE', #4186, #2184, #237, .T. ) ;
#4977 = VERTEX_POINT ( 'NONE', #4796 ) ;
#4978 = EDGE_CURVE ( 'NONE', #833, #5469, #2524, .T. ) ;
#4979 = LINE ( 'NONE', #3983, #4878 ) ;
#4980 = CARTESIAN_POINT ( 'NONE',  ( -14.56974851850929298, -9.753686360283015944, -1.009999999999997122 ) ) ;
#4981 = VERTEX_POINT ( 'NONE', #3822 ) ;
#4982 = LINE ( 'NONE', #4148, #2463 ) ;
#4983 = ORIENTED_EDGE ( 'NONE', *, *, #2804, .T. ) ;
#4984 = EDGE_CURVE ( 'NONE', #150, #4820, #4315, .T. ) ;
#4985 = STYLED_ITEM ( 'NONE', ( #4586 ), #71 ) ;
#4986 = AXIS2_PLACEMENT_3D ( 'NONE', #678, #5736, #2059 ) ;
#4987 = CARTESIAN_POINT ( 'NONE',  ( -0.5964101615137744616, -0.9899999999999984368, -1.135000000000001119 ) ) ;
#4988 = DIRECTION ( 'NONE',  ( -1.000000000000000000, 0.000000000000000000, 0.000000000000000000 ) ) ;
#4989 = CARTESIAN_POINT ( 'NONE',  ( -2.350000000000001421, -0.3432012612066354107, -1.135000000000000231 ) ) ;
#4990 = CARTESIAN_POINT ( 'NONE',  ( -0.3464101615137744061, 0.3114982215127147791, -0.9600000000000001865 ) ) ;
#4991 = CIRCLE ( 'NONE', #718, 0.2500000000000000000 ) ;
#4992 = CIRCLE ( 'NONE', #4508, 0.09999999999999964473 ) ;
#4993 = VECTOR ( 'NONE', #4913, 1.000000000000000000 ) ;
#4994 = ORIENTED_EDGE ( 'NONE', *, *, #1694, .F. ) ;
#4995 = DIRECTION ( 'NONE',  ( 0.000000000000000000, 0.000000000000000000, 1.000000000000000000 ) ) ;
#4996 = AXIS2_PLACEMENT_3D ( 'NONE', #1796, #2237, #5908 ) ;
#4997 = EDGE_LOOP ( 'NONE', ( #4584, #1841, #5410, #164 ) ) ;
#4998 = DIRECTION ( 'NONE',  ( -0.000000000000000000, 1.000000000000000000, -0.000000000000000000 ) ) ;
#4999 = DIRECTION ( 'NONE',  ( 0.9632452974707710336, 0.2686233364777642074, -0.000000000000000000 ) ) ;
#5000 = VECTOR ( 'NONE', #486, 1.000000000000000000 ) ;
#5001 = CIRCLE ( 'NONE', #1968, 5.900000000000000355 ) ;
#5002 = CARTESIAN_POINT ( 'NONE',  ( -16.15000000000000213, -0.8999999999999999112, -0.9100000000000001421 ) ) ;
#5003 = ORIENTED_EDGE ( 'NONE', *, *, #776, .T. ) ;
#5004 = ORIENTED_EDGE ( 'NONE', *, *, #2435, .T. ) ;
#5005 = DIRECTION ( 'NONE',  ( -0.1736481776669255017, -2.487589742322846649E-18, 0.9848077530122089085 ) ) ;
#5006 = DIRECTION ( 'NONE',  ( 0.000000000000000000, 0.000000000000000000, -1.000000000000000000 ) ) ;
#5007 = CARTESIAN_POINT ( 'NONE',  ( -11.68750000000000000, -0.7400000000000013234, -1.135000000000000231 ) ) ;
#5008 = CARTESIAN_POINT ( 'NONE',  ( -3.930251481490694587, 1.189999999999998392, -1.009999999999999121 ) ) ;
#5009 = CIRCLE ( 'NONE', #1983, 0.1499999999999999112 ) ;
#5010 = DIRECTION ( 'NONE',  ( -0.000000000000000000, -0.000000000000000000, -1.000000000000000000 ) ) ;
#5011 = VECTOR ( 'NONE', #2228, 1.000000000000000000 ) ;
#5012 = VERTEX_POINT ( 'NONE', #3948 ) ;
#5013 = ORIENTED_EDGE ( 'NONE', *, *, #5341, .F. ) ;
#5014 = ORIENTED_EDGE ( 'NONE', *, *, #3934, .F. ) ;
#5015 = CIRCLE ( 'NONE', #548, 0.2500000000000000000 ) ;
#5016 = DIRECTION ( 'NONE',  ( -0.000000000000000000, -0.000000000000000000, -1.000000000000000000 ) ) ;
#5017 = DIRECTION ( 'NONE',  ( -1.000000000000000000, -2.220446049250313081E-16, -1.154631945610162802E-14 ) ) ;
#5018 = ADVANCED_FACE ( 'NONE', ( #2494 ), #1056, .T. ) ;
#5019 = EDGE_CURVE ( 'NONE', #2153, #1429, #1455, .T. ) ;
#5020 = EDGE_CURVE ( 'NONE', #2886, #5616, #5685, .T. ) ;
#5021 = VERTEX_POINT ( 'NONE', #3481 ) ;
#5022 = CARTESIAN_POINT ( 'NONE',  ( -16.55000000000000071, 0.3114982215127146681, -1.135000000000000231 ) ) ;
#5023 = VERTEX_POINT ( 'NONE', #5334 ) ;
#5024 = CARTESIAN_POINT ( 'NONE',  ( -15.90000000000000213, 0.7399999999999984368, -1.135000000000000231 ) ) ;
#5025 = CARTESIAN_POINT ( 'NONE',  ( -9.525000000000000355, 0.9899999999999984368, -1.135000000000000231 ) ) ;
#5026 = EDGE_CURVE ( 'NONE', #4771, #150, #1948, .T. ) ;
#5027 = DIRECTION ( 'NONE',  ( -0.000000000000000000, 0.000000000000000000, 1.000000000000000000 ) ) ;
#5028 = LINE ( 'NONE', #1341, #4008 ) ;
#5029 = ORIENTED_EDGE ( 'NONE', *, *, #5536, .F. ) ;
#5030 = LINE ( 'NONE', #4120, #4229 ) ;
#5031 = VERTEX_POINT ( 'NONE', #1086 ) ;
#5032 = CARTESIAN_POINT ( 'NONE',  ( -18.50000000000000000, 0.8750000000000000000, -1.140000000000000124 ) ) ;
#5033 = LINE ( 'NONE', #5094, #4509 ) ;
#5034 = DIRECTION ( 'NONE',  ( -1.426102104458186769E-16, -1.000000000000000000, 0.000000000000000000 ) ) ;
#5035 = ORIENTED_EDGE ( 'NONE', *, *, #5412, .T. ) ;
#5036 = ORIENTED_EDGE ( 'NONE', *, *, #2016, .F. ) ;
#5037 = FACE_OUTER_BOUND ( 'NONE', #5827, .T. ) ;
#5038 = CYLINDRICAL_SURFACE ( 'NONE', #5355, 0.2500000000000000000 ) ;
#5039 = DIRECTION ( 'NONE',  ( 0.000000000000000000, 0.000000000000000000, 1.000000000000000000 ) ) ;
#5040 = DIRECTION ( 'NONE',  ( -1.000000000000000000, 0.000000000000000000, 0.000000000000000000 ) ) ;
#5041 = LINE ( 'NONE', #5985, #867 ) ;
#5042 = LINE ( 'NONE', #4524, #13 ) ;
#5043 = ORIENTED_EDGE ( 'NONE', *, *, #5724, .T. ) ;
#5044 = VERTEX_POINT ( 'NONE', #1168 ) ;
#5045 = ORIENTED_EDGE ( 'NONE', *, *, #565, .F. ) ;
#5046 = AXIS2_PLACEMENT_3D ( 'NONE', #3691, #5516, #853 ) ;
#5047 = CARTESIAN_POINT ( 'NONE',  ( -7.862500000000000711, -0.9900000000000003242, -0.9600000000000001865 ) ) ;
#5048 = CARTESIAN_POINT ( 'NONE',  ( -4.885798269505219338, -0.9549999999999996270, -0.9600000000000001865 ) ) ;
#5049 = PRESENTATION_LAYER_ASSIGNMENT (  '', '', ( #5431 ) ) ;
#5050 = EDGE_CURVE ( 'NONE', #5786, #447, #2996, .T. ) ;
#5051 = CIRCLE ( 'NONE', #5148, 0.1000000000000000888 ) ;
#5052 = VERTEX_POINT ( 'NONE', #4284 ) ;
#5053 = PLANE ( 'NONE',  #4040 ) ;
#5054 = EDGE_CURVE ( 'NONE', #3069, #2032, #2896, .T. ) ;
#5055 = ORIENTED_EDGE ( 'NONE', *, *, #4792, .F. ) ;
#5056 = LINE ( 'NONE', #4987, #5681 ) ;
#5057 = CARTESIAN_POINT ( 'NONE',  ( -9.775000000000000355, 0.7399999999999984368, -0.9600000000000001865 ) ) ;
#5058 = AXIS2_PLACEMENT_3D ( 'NONE', #5823, #5361, #1190 ) ;
#5059 = CARTESIAN_POINT ( 'NONE',  ( -16.65000000000000213, -0.3114982215127146681, -1.135000000000000231 ) ) ;
#5060 = DIRECTION ( 'NONE',  ( 0.000000000000000000, -0.000000000000000000, -1.000000000000000000 ) ) ;
#5061 = EDGE_CURVE ( 'NONE', #2799, #2790, #5740, .T. ) ;
#5062 = ADVANCED_FACE ( 'NONE', ( #2035 ), #5496, .F. ) ;
#5063 = ORIENTED_EDGE ( 'NONE', *, *, #4885, .F. ) ;
#5064 = ADVANCED_FACE ( 'NONE', ( #3641 ), #4553, .T. ) ;
#5065 = ORIENTED_EDGE ( 'NONE', *, *, #2728, .T. ) ;
#5066 = CARTESIAN_POINT ( 'NONE',  ( -7.862499999999999822, -0.7400000000000002132, -4.241944871367028469 ) ) ;
#5067 = LINE ( 'NONE', #894, #3747 ) ;
#5068 = ORIENTED_EDGE ( 'NONE', *, *, #1182, .F. ) ;
#5069 = ORIENTED_EDGE ( 'NONE', *, *, #3539, .F. ) ;
#5070 = CARTESIAN_POINT ( 'NONE',  ( -13.60479991371806108, 0.9212864145885208966, -0.9600000000000001865 ) ) ;
#5071 = CARTESIAN_POINT ( 'NONE',  ( -16.80000000000000071, 0.9899999999999984368, -1.135000000000000231 ) ) ;
#5072 = DIRECTION ( 'NONE',  ( 1.000000000000000000, -0.000000000000000000, -0.000000000000000000 ) ) ;
#5073 = EDGE_CURVE ( 'NONE', #4202, #2794, #4461, .T. ) ;
#5074 = CARTESIAN_POINT ( 'NONE',  ( -16.15000000000000213, -0.2000000000000000111, -0.8250000000000000666 ) ) ;
#5075 = LINE ( 'NONE', #2317, #3799 ) ;
#5076 = DIRECTION ( 'NONE',  ( 1.000000000000000000, 0.000000000000000000, 0.000000000000000000 ) ) ;
#5077 = VERTEX_POINT ( 'NONE', #3110 ) ;
#5078 = ORIENTED_EDGE ( 'NONE', *, *, #5054, .T. ) ;
#5079 = ORIENTED_EDGE ( 'NONE', *, *, #599, .F. ) ;
#5080 = CARTESIAN_POINT ( 'NONE',  ( -13.94820772119394547, 1.089999999999998082, -0.8496342572279658167 ) ) ;
#5081 = DIRECTION ( 'NONE',  ( 0.000000000000000000, -0.000000000000000000, -1.000000000000000000 ) ) ;
#5082 = AXIS2_PLACEMENT_3D ( 'NONE', #732, #2630, #4506 ) ;
#5083 = VERTEX_POINT ( 'NONE', #2555 ) ;
#5084 = DIRECTION ( 'NONE',  ( 1.000000000000000000, 0.000000000000000000, 0.000000000000000000 ) ) ;
#5085 = ORIENTED_EDGE ( 'NONE', *, *, #298, .F. ) ;
#5086 = CARTESIAN_POINT ( 'NONE',  ( -11.43750000000000000, 0.9899999999999984368, -4.241944871367028469 ) ) ;
#5087 = CARTESIAN_POINT ( 'NONE',  ( -4.895200086281939811, 0.9212864145885215628, -0.9600000000000001865 ) ) ;
#5088 = DIRECTION ( 'NONE',  ( 0.2686233364777639299, 0.9632452974707710336, 0.000000000000000000 ) ) ;
#5089 = CARTESIAN_POINT ( 'NONE',  ( -18.05358983848622501, -0.3114982215127147791, -0.9599999999999999645 ) ) ;
#5090 = VERTEX_POINT ( 'NONE', #292 ) ;
#5091 = AXIS2_PLACEMENT_3D ( 'NONE', #1230, #5858, #1325 ) ;
#5092 = ORIENTED_EDGE ( 'NONE', *, *, #5989, .T. ) ;
#5093 = LINE ( 'NONE', #4157, #4324 ) ;
#5094 = CARTESIAN_POINT ( 'NONE',  ( -2.349999999999999645, 1.189999999999998392, -0.9600000000000001865 ) ) ;
#5095 = VECTOR ( 'NONE', #1818, 1.000000000000000000 ) ;
#5096 = EDGE_CURVE ( 'NONE', #2485, #6014, #5641, .T. ) ;
#5097 = AXIS2_PLACEMENT_3D ( 'NONE', #2144, #3546, #1736 ) ;
#5098 = VECTOR ( 'NONE', #1972, 1.000000000000000000 ) ;
#5099 = EDGE_CURVE ( 'NONE', #2161, #754, #3309, .T. ) ;
#5100 = CARTESIAN_POINT ( 'NONE',  ( -16.55000000000000071, -0.2000000000000000111, -0.8250000000000000666 ) ) ;
#5101 = EDGE_LOOP ( 'NONE', ( #5879, #2737, #5224, #3742 ) ) ;
#5102 = EDGE_LOOP ( 'NONE', ( #760, #1419, #546, #4855 ) ) ;
#5103 = DIRECTION ( 'NONE',  ( 0.000000000000000000, -0.000000000000000000, -1.000000000000000000 ) ) ;
#5104 = CYLINDRICAL_SURFACE ( 'NONE', #1564, 0.07999999999999996003 ) ;
#5105 = AXIS2_PLACEMENT_3D ( 'NONE', #2296, #3312, #1000 ) ;
#5106 = CARTESIAN_POINT ( 'NONE',  ( -16.55000000000000071, -0.2114982215127146903, -0.9600000000000001865 ) ) ;
#5107 = DIRECTION ( 'NONE',  ( 0.000000000000000000, 1.000000000000000000, 0.000000000000000000 ) ) ;
#5108 = CARTESIAN_POINT ( 'NONE',  ( -5.699999999999999289, 0.9899999999999984368, -1.135000000000000231 ) ) ;
#5109 = ADVANCED_FACE ( 'NONE', ( #3081, #321, #772 ), #3605, .F. ) ;
#5110 = EDGE_CURVE ( 'NONE', #1139, #3171, #5463, .T. ) ;
#5111 = ORIENTED_EDGE ( 'NONE', *, *, #2816, .T. ) ;
#5112 = EDGE_LOOP ( 'NONE', ( #3317, #1040, #1165, #3341 ) ) ;
#5113 = FACE_OUTER_BOUND ( 'NONE', #5102, .T. ) ;
#5114 = CARTESIAN_POINT ( 'NONE',  ( -16.05000000000000071, -0.3432012612066350776, -0.9600000000000001865 ) ) ;
#5115 = CIRCLE ( 'NONE', #1122, 0.2500000000000000000 ) ;
#5116 = CARTESIAN_POINT ( 'NONE',  ( -14.57843092739264002, -9.753686360283015944, -0.9607596123493866713 ) ) ;
#5117 = ORIENTED_EDGE ( 'NONE', *, *, #5621, .T. ) ;
#5118 = LINE ( 'NONE', #2789, #3262 ) ;
#5119 = ORIENTED_EDGE ( 'NONE', *, *, #4458, .F. ) ;
#5120 = AXIS2_PLACEMENT_3D ( 'NONE', #5825, #5455, #1282 ) ;
#5121 = DIRECTION ( 'NONE',  ( 1.000000000000000000, 0.000000000000000000, 0.000000000000000000 ) ) ;
#5122 = PLANE ( 'NONE',  #3589 ) ;
#5123 = CARTESIAN_POINT ( 'NONE',  ( -10.63749999999999929, 0.7399999999999984368, -4.241944871367028469 ) ) ;
#5124 = ORIENTED_EDGE ( 'NONE', *, *, #803, .T. ) ;
#5125 = ORIENTED_EDGE ( 'NONE', *, *, #5650, .T. ) ;
#5126 = CARTESIAN_POINT ( 'NONE',  ( -2.476862333647776193, 0.2468767314595588513, -1.135000000000000231 ) ) ;
#5127 = EDGE_CURVE ( 'NONE', #2043, #3100, #3796, .T. ) ;
#5128 = CARTESIAN_POINT ( 'NONE',  ( -16.02313766635222336, -0.2468767314595582407, -1.135000000000001119 ) ) ;
#5129 = ORIENTED_EDGE ( 'NONE', *, *, #1115, .T. ) ;
#5130 = EDGE_CURVE ( 'NONE', #1749, #4940, #5928, .T. ) ;
#5131 = VERTEX_POINT ( 'NONE', #4522 ) ;
#5132 = LINE ( 'NONE', #959, #1293 ) ;
#5133 = CARTESIAN_POINT ( 'NONE',  ( -16.80000000000000071, -0.7399999999999984368, 0.000000000000000000 ) ) ;
#5134 = DIRECTION ( 'NONE',  ( 1.000000000000000000, -0.000000000000000000, 0.000000000000000000 ) ) ;
#5135 = CARTESIAN_POINT ( 'NONE',  ( -12.92368347295909814, 1.189999999999998392, -6.660000000000000142 ) ) ;
#5136 = FACE_OUTER_BOUND ( 'NONE', #5194, .T. ) ;
#5137 = ORIENTED_EDGE ( 'NONE', *, *, #5050, .F. ) ;
#5138 = EDGE_CURVE ( 'NONE', #5733, #5485, #716, .T. ) ;
#5139 = FACE_OUTER_BOUND ( 'NONE', #1349, .T. ) ;
#5140 = CARTESIAN_POINT ( 'NONE',  ( -5.699999999999999289, 0.9899999999999984368, -0.9600000000000001865 ) ) ;
#5141 = DIRECTION ( 'NONE',  ( -0.000000000000000000, 0.000000000000000000, 1.000000000000000000 ) ) ;
#5142 = ORIENTED_EDGE ( 'NONE', *, *, #4342, .T. ) ;
#5143 = CARTESIAN_POINT ( 'NONE',  ( -8.724999999999999645, 0.7399999999999984368, -0.9599999999999999645 ) ) ;
#5144 = ORIENTED_EDGE ( 'NONE', *, *, #3837, .F. ) ;
#5145 = AXIS2_PLACEMENT_3D ( 'NONE', #5875, #2022, #4360 ) ;
#5146 = CYLINDRICAL_SURFACE ( 'NONE', #4375, 0.03500000000000014211 ) ;
#5147 = CARTESIAN_POINT ( 'NONE',  ( -17.90358983848622643, -0.9899999999999984368, -0.9600000000000001865 ) ) ;
#5148 = AXIS2_PLACEMENT_3D ( 'NONE', #2821, #520, #5695 ) ;
#5149 = DIRECTION ( 'NONE',  ( 1.000000000000000000, 0.000000000000000000, 0.000000000000000000 ) ) ;
#5150 = ORIENTED_EDGE ( 'NONE', *, *, #1918, .T. ) ;
#5151 = AXIS2_PLACEMENT_3D ( 'NONE', #484, #2753, #3250 ) ;
#5152 = FACE_OUTER_BOUND ( 'NONE', #2586, .T. ) ;
#5153 = DIRECTION ( 'NONE',  ( 1.000000000000000000, -0.000000000000000000, 0.000000000000000000 ) ) ;
#5154 = VECTOR ( 'NONE', #5166, 1.000000000000000000 ) ;
#5155 = CARTESIAN_POINT ( 'NONE',  ( -16.02313766635222336, 0.2468767314595587403, -0.9599999999999999645 ) ) ;
#5156 = ORIENTED_EDGE ( 'NONE', *, *, #3307, .F. ) ;
#5157 = EDGE_LOOP ( 'NONE', ( #1599, #2904, #4575, #5974, #4686, #3015, #4263, #2541 ) ) ;
#5158 = CARTESIAN_POINT ( 'NONE',  ( -17.90358983848622643, 0.9899999999999984368, -1.135000000000001119 ) ) ;
#5159 = DIRECTION ( 'NONE',  ( 0.000000000000000000, -0.000000000000000000, -1.000000000000000000 ) ) ;
#5160 = CARTESIAN_POINT ( 'NONE',  ( 0.000000000000000000, 0.8750000000000000000, -1.209999999999999964 ) ) ;
#5161 = DIRECTION ( 'NONE',  ( -1.432545838226008399E-17, 1.000000000000000000, -0.000000000000000000 ) ) ;
#5162 = DIRECTION ( 'NONE',  ( 0.000000000000000000, 0.000000000000000000, 1.000000000000000000 ) ) ;
#5163 = CIRCLE ( 'NONE', #12, 0.07999999999999996003 ) ;
#5164 = VECTOR ( 'NONE', #3351, 1.000000000000000000 ) ;
#5165 = ORIENTED_EDGE ( 'NONE', *, *, #1416, .F. ) ;
#5166 = DIRECTION ( 'NONE',  ( -1.432545838226008399E-17, -1.000000000000000000, 0.000000000000000000 ) ) ;
#5167 = ADVANCED_FACE ( 'NONE', ( #3974, #5829 ), #3575, .F. ) ;
#5168 = LINE ( 'NONE', #3336, #3645 ) ;
#5169 = LINE ( 'NONE', #4745, #294 ) ;
#5170 = ADVANCED_FACE ( 'NONE', ( #2147 ), #3510, .T. ) ;
#5171 = CIRCLE ( 'NONE', #4593, 0.09999999999999964473 ) ;
#5172 = EDGE_CURVE ( 'NONE', #5456, #2729, #5914, .T. ) ;
#5173 = VERTEX_POINT ( 'NONE', #745 ) ;
#5174 = EDGE_CURVE ( 'NONE', #14, #1055, #4365, .T. ) ;
#5175 = ORIENTED_EDGE ( 'NONE', *, *, #592, .T. ) ;
#5176 = ORIENTED_EDGE ( 'NONE', *, *, #499, .T. ) ;
#5177 = CARTESIAN_POINT ( 'NONE',  ( -5.576316527040901860, -9.753686360283015944, -6.660000000000001030 ) ) ;
#5178 = CARTESIAN_POINT ( 'NONE',  ( -18.15358983848622643, 0.3114982215127146681, -0.9600000000000001865 ) ) ;
#5179 = DIRECTION ( 'NONE',  ( 1.000000000000000000, 0.000000000000000000, 0.000000000000000000 ) ) ;
#5180 = ORIENTED_EDGE ( 'NONE', *, *, #2298, .T. ) ;
#5181 = FACE_OUTER_BOUND ( 'NONE', #1921, .T. ) ;
#5182 = DIRECTION ( 'NONE',  ( 1.000000000000000000, 0.000000000000000000, 0.000000000000000000 ) ) ;
#5183 = CARTESIAN_POINT ( 'NONE',  ( -15.90000000000000213, 0.9899999999999984368, -0.9600000000000001865 ) ) ;
#5184 = VERTEX_POINT ( 'NONE', #3548 ) ;
#5185 = EDGE_LOOP ( 'NONE', ( #3196, #46, #3333, #3696, #4356, #5505, #231, #4141 ) ) ;
#5186 = DIRECTION ( 'NONE',  ( -0.000000000000000000, 0.000000000000000000, -1.000000000000000000 ) ) ;
#5187 = DIRECTION ( 'NONE',  ( -1.432545838226008399E-17, 1.000000000000000000, -0.000000000000000000 ) ) ;
#5188 = CIRCLE ( 'NONE', #1196, 0.1000000000000014211 ) ;
#5189 = CARTESIAN_POINT ( 'NONE',  ( -3.930251481490694587, -9.753686360283015944, -1.059999999999999165 ) ) ;
#5190 = CIRCLE ( 'NONE', #236, 0.1000000000000000888 ) ;
#5191 = CIRCLE ( 'NONE', #41, 0.07999999999999996003 ) ;
#5192 = CIRCLE ( 'NONE', #3537, 5.899999999999998579 ) ;
#5193 = AXIS2_PLACEMENT_3D ( 'NONE', #5419, #4059, #709 ) ;
#5194 = EDGE_LOOP ( 'NONE', ( #1361, #22, #5433, #3270 ) ) ;
#5195 = CARTESIAN_POINT ( 'NONE',  ( -9.775000000000000355, 0.9899999999999984368, -0.9600000000000008527 ) ) ;
#5196 = CARTESIAN_POINT ( 'NONE',  ( -1.949999999999999734, 1.189999999999998392, -0.9600000000000001865 ) ) ;
#5197 = DIRECTION ( 'NONE',  ( 0.000000000000000000, -0.000000000000000000, -1.000000000000000000 ) ) ;
#5198 = CARTESIAN_POINT ( 'NONE',  ( -0.4464101615137745505, -0.3114982215127146681, -0.9599999999999999645 ) ) ;
#5199 = VECTOR ( 'NONE', #4472, 1.000000000000000000 ) ;
#5200 = ORIENTED_EDGE ( 'NONE', *, *, #3064, .F. ) ;
#5201 = VERTEX_POINT ( 'NONE', #5400 ) ;
#5202 = EDGE_CURVE ( 'NONE', #5031, #2311, #1255, .T. ) ;
#5203 = ORIENTED_EDGE ( 'NONE', *, *, #2016, .T. ) ;
#5204 = EDGE_CURVE ( 'NONE', #313, #2465, #4703, .T. ) ;
#5205 = DIRECTION ( 'NONE',  ( 1.000000000000000000, 0.000000000000000000, 0.000000000000000000 ) ) ;
#5206 = FACE_OUTER_BOUND ( 'NONE', #5101, .T. ) ;
#5207 = AXIS2_PLACEMENT_3D ( 'NONE', #883, #2299, #5084 ) ;
#5208 = DIRECTION ( 'NONE',  ( -1.000000000000000000, 0.000000000000000000, 1.669587230693022918E-16 ) ) ;
#5209 = ORIENTED_EDGE ( 'NONE', *, *, #3840, .T. ) ;
#5210 = ADVANCED_FACE ( 'NONE', ( #2857 ), #3759, .F. ) ;
#5211 = CARTESIAN_POINT ( 'NONE',  ( -18.50000000000000000, -0.8750000000000000000, -0.9100000000000001421 ) ) ;
#5212 = LINE ( 'NONE', #3867, #3388 ) ;
#5213 = LINE ( 'NONE', #2944, #4507 ) ;
#5214 = ORIENTED_EDGE ( 'NONE', *, *, #1332, .F. ) ;
#5215 = ORIENTED_EDGE ( 'NONE', *, *, #2614, .T. ) ;
#5216 = DIRECTION ( 'NONE',  ( 0.000000000000000000, 0.000000000000000000, 1.000000000000000000 ) ) ;
#5217 = DIRECTION ( 'NONE',  ( -0.000000000000000000, -0.000000000000000000, -1.000000000000000000 ) ) ;
#5218 = DIRECTION ( 'NONE',  ( 1.000000000000000000, 0.000000000000000000, 0.000000000000000000 ) ) ;
#5219 = PRODUCT_CONTEXT ( 'NONE', #3652, 'mechanical' ) ;
#5220 = VERTEX_POINT ( 'NONE', #2454 ) ;
#5221 = DIRECTION ( 'NONE',  ( -2.400482215405744004E-16, 1.000000000000000000, 0.000000000000000000 ) ) ;
#5222 = CARTESIAN_POINT ( 'NONE',  ( -12.92368347295909814, -1.089999999999998082, -6.660000000000000142 ) ) ;
#5223 = CARTESIAN_POINT ( 'NONE',  ( -1.699999999999999734, -0.7399999999999984368, -1.135000000000000231 ) ) ;
#5224 = ORIENTED_EDGE ( 'NONE', *, *, #4214, .F. ) ;
#5225 = ORIENTED_EDGE ( 'NONE', *, *, #925, .T. ) ;
#5226 = ORIENTED_EDGE ( 'NONE', *, *, #3279, .F. ) ;
#5227 = DIRECTION ( 'NONE',  ( 0.000000000000000000, 0.000000000000000000, 1.000000000000000000 ) ) ;
#5228 = DIRECTION ( 'NONE',  ( 0.000000000000000000, 0.000000000000000000, -1.000000000000000000 ) ) ;
#5229 = EDGE_CURVE ( 'NONE', #2983, #2485, #5212, .T. ) ;
#5230 = ADVANCED_FACE ( 'NONE', ( #2337 ), #5262, .T. ) ;
#5231 = CARTESIAN_POINT ( 'NONE',  ( -11.68750000000000000, 0.9899999999999984368, -0.9600000000000001865 ) ) ;
#5232 = ORIENTED_EDGE ( 'NONE', *, *, #3216, .F. ) ;
#5233 = DIRECTION ( 'NONE',  ( -1.000000000000000000, -2.400482215405744004E-16, 1.223127061027714285E-16 ) ) ;
#5234 = LINE ( 'NONE', #2881, #1724 ) ;
#5235 = CARTESIAN_POINT ( 'NONE',  ( -0.2926587287503931711, 1.189999999999998392, 1.659750127714602952 ) ) ;
#5236 = EDGE_CURVE ( 'NONE', #2639, #3424, #5234, .T. ) ;
#5237 = EDGE_CURVE ( 'NONE', #5684, #3779, #3294, .T. ) ;
#5238 = CIRCLE ( 'NONE', #670, 0.1000000000000000888 ) ;
#5239 = VERTEX_POINT ( 'NONE', #1546 ) ;
#5240 = ORIENTED_EDGE ( 'NONE', *, *, #101, .F. ) ;
#5241 = DIRECTION ( 'NONE',  ( -0.000000000000000000, 0.000000000000000000, 1.000000000000000000 ) ) ;
#5242 = CARTESIAN_POINT ( 'NONE',  ( -10.88749999999999929, -0.7400000000000011013, -1.135000000000000231 ) ) ;
#5243 = CARTESIAN_POINT ( 'NONE',  ( -15.67493198115551856, 0.000000000000000000, -0.9600000000000001865 ) ) ;
#5244 = AXIS2_PLACEMENT_3D ( 'NONE', #1922, #1477, #4716 ) ;
#5245 = CIRCLE ( 'NONE', #1070, 0.2500000000000000000 ) ;
#5246 = DIRECTION ( 'NONE',  ( 0.000000000000000000, -0.000000000000000000, -1.000000000000000000 ) ) ;
#5247 = EDGE_CURVE ( 'NONE', #5901, #3532, #2892, .T. ) ;
#5248 = ORIENTED_EDGE ( 'NONE', *, *, #4865, .T. ) ;
#5249 = DIRECTION ( 'NONE',  ( 0.000000000000000000, 0.000000000000000000, 1.000000000000000000 ) ) ;
#5250 = LINE ( 'NONE', #4408, #1690 ) ;
#5251 = LINE ( 'NONE', #5280, #1926 ) ;
#5252 = AXIS2_PLACEMENT_3D ( 'NONE', #5500, #2677, #1683 ) ;
#5253 = ORIENTED_EDGE ( 'NONE', *, *, #5552, .F. ) ;
#5254 = VERTEX_POINT ( 'NONE', #1522 ) ;
#5255 = EDGE_LOOP ( 'NONE', ( #5744, #4610, #2969, #5582 ) ) ;
#5256 = LINE ( 'NONE', #1627, #4237 ) ;
#5257 = DIRECTION ( 'NONE',  ( 1.000000000000000000, 0.000000000000000000, 0.000000000000000000 ) ) ;
#5258 = CARTESIAN_POINT ( 'NONE',  ( -16.14999999999999858, 0.7399999999999984368, -1.135000000000000231 ) ) ;
#5259 = CIRCLE ( 'NONE', #695, 0.2500000000000000000 ) ;
#5260 = ORIENTED_EDGE ( 'NONE', *, *, #2351, .F. ) ;
#5261 = CARTESIAN_POINT ( 'NONE',  ( -15.90000000000000213, -0.9900000000000022116, -0.9600000000000001865 ) ) ;
#5262 = PLANE ( 'NONE',  #282 ) ;
#5263 = CARTESIAN_POINT ( 'NONE',  ( -1.849999999999999645, -0.2114982215127147180, -1.135000000000000231 ) ) ;
#5264 = EDGE_CURVE ( 'NONE', #1902, #4594, #986, .T. ) ;
#5265 = ORIENTED_EDGE ( 'NONE', *, *, #479, .F. ) ;
#5266 = EDGE_LOOP ( 'NONE', ( #5442, #3610, #5637, #1399 ) ) ;
#5267 = PLANE ( 'NONE',  #5585 ) ;
#5268 = EDGE_CURVE ( 'NONE', #4384, #5733, #3408, .T. ) ;
#5269 = DIRECTION ( 'NONE',  ( 0.000000000000000000, -0.000000000000000000, -1.000000000000000000 ) ) ;
#5270 = EDGE_CURVE ( 'NONE', #4411, #1492, #5613, .T. ) ;
#5271 = DIRECTION ( 'NONE',  ( -0.000000000000000000, 0.000000000000000000, 1.000000000000000000 ) ) ;
#5272 = EDGE_CURVE ( 'NONE', #2658, #280, #4670, .T. ) ;
#5273 = LINE ( 'NONE', #2002, #634 ) ;
#5274 = ORIENTED_EDGE ( 'NONE', *, *, #1459, .T. ) ;
#5275 = VERTEX_POINT ( 'NONE', #1097 ) ;
#5276 = VECTOR ( 'NONE', #5622, 1.000000000000000000 ) ;
#5277 = CARTESIAN_POINT ( 'NONE',  ( -15.90000000000000213, 0.9899999999999984368, -1.135000000000001119 ) ) ;
#5278 = DIRECTION ( 'NONE',  ( -0.000000000000000000, 0.000000000000000000, 1.000000000000000000 ) ) ;
#5279 = AXIS2_PLACEMENT_3D ( 'NONE', #5657, #947, #4260 ) ;
#5280 = CARTESIAN_POINT ( 'NONE',  ( -0.4464101615137745505, -0.2114982215127147180, -0.9599999999999999645 ) ) ;
#5281 = CIRCLE ( 'NONE', #43, 0.2500000000000000000 ) ;
#5282 = VECTOR ( 'NONE', #5693, 1.000000000000000000 ) ;
#5283 = ORIENTED_EDGE ( 'NONE', *, *, #2394, .T. ) ;
#5284 = VECTOR ( 'NONE', #5765, 1.000000000000000000 ) ;
#5285 = ORIENTED_EDGE ( 'NONE', *, *, #5801, .F. ) ;
#5286 = EDGE_LOOP ( 'NONE', ( #4015, #1114 ) ) ;
#5287 = CARTESIAN_POINT ( 'NONE',  ( 0.000000000000000000, 0.000000000000000000, -1.135000000000000231 ) ) ;
#5288 = VECTOR ( 'NONE', #4717, 1.000000000000000000 ) ;
#5289 = DIRECTION ( 'NONE',  ( -0.000000000000000000, 0.000000000000000000, 1.000000000000000000 ) ) ;
#5290 = ORIENTED_EDGE ( 'NONE', *, *, #1215, .F. ) ;
#5291 = DIRECTION ( 'NONE',  ( -0.9848077530122093526, 0.000000000000000000, 0.1736481776669237809 ) ) ;
#5292 = ORIENTED_EDGE ( 'NONE', *, *, #925, .F. ) ;
#5293 = DIRECTION ( 'NONE',  ( 0.000000000000000000, -1.000000000000000000, 0.000000000000000000 ) ) ;
#5294 = DIRECTION ( 'NONE',  ( 0.000000000000000000, 0.000000000000000000, 1.000000000000000000 ) ) ;
#5295 = DIRECTION ( 'NONE',  ( 0.000000000000000000, 1.000000000000000000, 0.000000000000000000 ) ) ;
#5296 = AXIS2_PLACEMENT_3D ( 'NONE', #138, #1084, #2980 ) ;
#5297 = VERTEX_POINT ( 'NONE', #582 ) ;
#5298 = PLANE ( 'NONE',  #2362 ) ;
#5299 = AXIS2_PLACEMENT_3D ( 'NONE', #4966, #2604, #1250 ) ;
#5300 = ORIENTED_EDGE ( 'NONE', *, *, #5713, .T. ) ;
#5301 = PLANE ( 'NONE',  #1958 ) ;
#5302 = DIRECTION ( 'NONE',  ( -0.000000000000000000, 0.000000000000000000, 1.000000000000000000 ) ) ;
#5303 = DIRECTION ( 'NONE',  ( 0.000000000000000000, -0.000000000000000000, -1.000000000000000000 ) ) ;
#5304 = EDGE_CURVE ( 'NONE', #976, #5768, #1013, .T. ) ;
#5305 = CARTESIAN_POINT ( 'NONE',  ( -11.68750000000000000, 0.7399999999999984368, -0.9600000000000001865 ) ) ;
#5306 = DIRECTION ( 'NONE',  ( 0.000000000000000000, 0.000000000000000000, 1.000000000000000000 ) ) ;
#5307 = ORIENTED_EDGE ( 'NONE', *, *, #5229, .T. ) ;
#5308 = ORIENTED_EDGE ( 'NONE', *, *, #222, .F. ) ;
#5309 = DIRECTION ( 'NONE',  ( -1.000000000000000000, 0.000000000000000000, 0.000000000000000000 ) ) ;
#5310 = FACE_OUTER_BOUND ( 'NONE', #5551, .T. ) ;
#5311 = CARTESIAN_POINT ( 'NONE',  ( -7.062500000000000000, 0.7399999999999984368, -1.135000000000000231 ) ) ;
#5312 = EDGE_LOOP ( 'NONE', ( #1812, #984, #2572, #1760 ) ) ;
#5313 = ORIENTED_EDGE ( 'NONE', *, *, #938, .T. ) ;
#5314 = LINE ( 'NONE', #5375, #2648 ) ;
#5315 = DIRECTION ( 'NONE',  ( -2.400482215405744004E-16, 1.000000000000000000, 0.000000000000000000 ) ) ;
#5316 = EDGE_LOOP ( 'NONE', ( #3687, #1863, #3500, #5598, #5055, #1204 ) ) ;
#5317 = CARTESIAN_POINT ( 'NONE',  ( -11.43750000000000000, 0.9899999999999984368, -1.135000000000000231 ) ) ;
#5318 = ORIENTED_EDGE ( 'NONE', *, *, #232, .T. ) ;
#5319 = ADVANCED_FACE ( 'NONE', ( #1911 ), #2943, .F. ) ;
#5320 = DIRECTION ( 'NONE',  ( -0.000000000000000000, -0.000000000000000000, -1.000000000000000000 ) ) ;
#5321 = PLANE ( 'NONE',  #1629 ) ;
#5322 = CYLINDRICAL_SURFACE ( 'NONE', #5082, 6.000000000000000000 ) ;
#5323 = EDGE_LOOP ( 'NONE', ( #347, #4119, #2895, #1320, #4810, #865, #2756, #2844, #1935 ) ) ;
#5324 = ORIENTED_EDGE ( 'NONE', *, *, #2917, .T. ) ;
#5325 = VECTOR ( 'NONE', #1240, 1.000000000000000000 ) ;
#5326 = CARTESIAN_POINT ( 'NONE',  ( 0.6199999999999999956, 0.8750000000000000000, -1.209999999999999964 ) ) ;
#5327 = CARTESIAN_POINT ( 'NONE',  ( -12.55000000000000071, -0.9899999999999991029, -1.135000000000000231 ) ) ;
#5328 = FACE_OUTER_BOUND ( 'NONE', #2974, .T. ) ;
#5329 = VECTOR ( 'NONE', #4683, 1.000000000000000000 ) ;
#5330 = CARTESIAN_POINT ( 'NONE',  ( -12.55000000000000071, -0.9900000000000014344, -0.9600000000000005196 ) ) ;
#5331 = ORIENTED_EDGE ( 'NONE', *, *, #5726, .F. ) ;
#5332 = ORIENTED_EDGE ( 'NONE', *, *, #5720, .T. ) ;
#5333 = CARTESIAN_POINT ( 'NONE',  ( -5.299999999999998934, -0.6189114148497021350, -1.135000000000000231 ) ) ;
#5334 = CARTESIAN_POINT ( 'NONE',  ( -0.5964101615137744616, -0.9899999999999984368, -1.135000000000000231 ) ) ;
#5335 = EDGE_CURVE ( 'NONE', #5521, #4468, #4220, .T. ) ;
#5336 = VECTOR ( 'NONE', #3453, 1.000000000000000000 ) ;
#5337 = ADVANCED_BREP_SHAPE_REPRESENTATION ( 'WagonPlane_60ft_MoreDetailed', ( #71, #2800 ), #4073 ) ;
#5338 = PLANE ( 'NONE',  #4898 ) ;
#5339 = CARTESIAN_POINT ( 'NONE',  ( -16.55000000000000071, -0.8999999999999999112, -0.9100000000000001421 ) ) ;
#5340 = ORIENTED_EDGE ( 'NONE', *, *, #4174, .T. ) ;
#5341 = EDGE_CURVE ( 'NONE', #2095, #3068, #3874, .T. ) ;
#5342 = EDGE_LOOP ( 'NONE', ( #1735, #264, #4085, #5014 ) ) ;
#5343 = CIRCLE ( 'NONE', #2710, 5.899999999999998579 ) ;
#5344 = FACE_OUTER_BOUND ( 'NONE', #344, .T. ) ;
#5345 = EDGE_CURVE ( 'NONE', #5021, #1886, #2393, .T. ) ;
#5346 = CARTESIAN_POINT ( 'NONE',  ( -3.921569072607348438, 9.753686360283015944, -0.9607596123493884477 ) ) ;
#5347 = EDGE_CURVE ( 'NONE', #2826, #2639, #4183, .T. ) ;
#5348 = ADVANCED_FACE ( 'NONE', ( #2372 ), #1937, .F. ) ;
#5349 = ORIENTED_EDGE ( 'NONE', *, *, #410, .T. ) ;
#5350 = CARTESIAN_POINT ( 'NONE',  ( -3.866957084846029069, 1.189999999999998392, -0.8688465180732547477 ) ) ;
#5351 = VERTEX_POINT ( 'NONE', #1155 ) ;
#5352 = DIRECTION ( 'NONE',  ( -1.000000000000000000, 0.000000000000000000, 0.000000000000000000 ) ) ;
#5353 = DIRECTION ( 'NONE',  ( -1.224646799147353207E-16, 1.000000000000000000, -0.000000000000000000 ) ) ;
#5354 = ADVANCED_FACE ( 'NONE', ( #5386 ), #3032, .T. ) ;
#5355 = AXIS2_PLACEMENT_3D ( 'NONE', #5949, #935, #5526 ) ;
#5356 = VERTEX_POINT ( 'NONE', #3961 ) ;
#5357 = ORIENTED_EDGE ( 'NONE', *, *, #2662, .T. ) ;
#5358 = CARTESIAN_POINT ( 'NONE',  ( 0.000000000000000000, 0.8750000000000000000, -1.140000000000000124 ) ) ;
#5359 = DIRECTION ( 'NONE',  ( 1.000000000000000000, -3.022097665183135851E-17, -1.662153715850724780E-16 ) ) ;
#5360 = CIRCLE ( 'NONE', #4598, 0.1000000000000014211 ) ;
#5361 = DIRECTION ( 'NONE',  ( -0.000000000000000000, 0.000000000000000000, 1.000000000000000000 ) ) ;
#5362 = LINE ( 'NONE', #5002, #3456 ) ;
#5363 = ORIENTED_EDGE ( 'NONE', *, *, #1743, .F. ) ;
#5364 = ORIENTED_EDGE ( 'NONE', *, *, #4433, .T. ) ;
#5365 = FACE_OUTER_BOUND ( 'NONE', #1449, .T. ) ;
#5366 = CARTESIAN_POINT ( 'NONE',  ( 0.000000000000000000, 0.000000000000000000, -1.135000000000000231 ) ) ;
#5367 = DIRECTION ( 'NONE',  ( -0.000000000000000000, 0.000000000000000000, 1.000000000000000000 ) ) ;
#5368 = FACE_OUTER_BOUND ( 'NONE', #533, .T. ) ;
#5369 = EDGE_CURVE ( 'NONE', #750, #2238, #5754, .T. ) ;
#5370 = ORIENTED_EDGE ( 'NONE', *, *, #2250, .T. ) ;
#5371 = AXIS2_PLACEMENT_3D ( 'NONE', #4346, #4439, #1561 ) ;
#5372 = ORIENTED_EDGE ( 'NONE', *, *, #2240, .T. ) ;
#5373 = CIRCLE ( 'NONE', #4022, 0.03500000000000014211 ) ;
#5374 = DIRECTION ( 'NONE',  ( 0.000000000000000000, 0.000000000000000000, 1.000000000000000000 ) ) ;
#5375 = CARTESIAN_POINT ( 'NONE',  ( -13.94820772119394547, -1.089999999999998082, -0.8496342572279658167 ) ) ;
#5376 = DIRECTION ( 'NONE',  ( -0.9632452974707709226, -0.2686233364777642629, -0.000000000000000000 ) ) ;
#5377 = VECTOR ( 'NONE', #3937, 1.000000000000000000 ) ;
#5378 = AXIS2_PLACEMENT_3D ( 'NONE', #4339, #227, #3872 ) ;
#5379 = ADVANCED_FACE ( 'NONE', ( #3065 ), #4904, .F. ) ;
#5380 = CIRCLE ( 'NONE', #4711, 6.000000000000000000 ) ;
#5381 = VERTEX_POINT ( 'NONE', #3894 ) ;
#5382 = CARTESIAN_POINT ( 'NONE',  ( -1.949999999999999734, 0.3114982215127146681, -0.9600000000000001865 ) ) ;
#5383 = EDGE_CURVE ( 'NONE', #4887, #183, #2797, .T. ) ;
#5384 = AXIS2_PLACEMENT_3D ( 'NONE', #827, #3628, #4483 ) ;
#5385 = VECTOR ( 'NONE', #2863, 1.000000000000000000 ) ;
#5386 = FACE_OUTER_BOUND ( 'NONE', #94, .T. ) ;
#5387 = FACE_OUTER_BOUND ( 'NONE', #1091, .T. ) ;
#5388 = VECTOR ( 'NONE', #207, 1.000000000000000000 ) ;
#5389 = ORIENTED_EDGE ( 'NONE', *, *, #5099, .F. ) ;
#5390 = ORIENTED_EDGE ( 'NONE', *, *, #4582, .T. ) ;
#5391 = CARTESIAN_POINT ( 'NONE',  ( -9.775000000000000355, -0.9900000000000007683, -0.9600000000000008527 ) ) ;
#5392 = LINE ( 'NONE', #4515, #4993 ) ;
#5393 = DIRECTION ( 'NONE',  ( 1.000000000000000000, -0.000000000000000000, 0.000000000000000000 ) ) ;
#5394 = VECTOR ( 'NONE', #581, 1.000000000000000000 ) ;
#5395 = DIRECTION ( 'NONE',  ( 0.000000000000000000, 0.000000000000000000, 1.000000000000000000 ) ) ;
#5396 = EDGE_LOOP ( 'NONE', ( #1172, #5372 ) ) ;
#5397 = ORIENTED_EDGE ( 'NONE', *, *, #2618, .F. ) ;
#5398 = CARTESIAN_POINT ( 'NONE',  ( -12.80000000000000071, -0.7400000000000014344, -1.135000000000000231 ) ) ;
#5399 = DIRECTION ( 'NONE',  ( 1.000000000000000000, -1.110223024625160485E-15, 0.000000000000000000 ) ) ;
#5400 = CARTESIAN_POINT ( 'NONE',  ( -2.825068018844486328, 0.9899999999999984368, -0.9600000000000017408 ) ) ;
#5401 = FACE_OUTER_BOUND ( 'NONE', #560, .T. ) ;
#5402 = CARTESIAN_POINT ( 'NONE',  ( -7.862499999999999822, -0.7400000000000002132, -1.135000000000000231 ) ) ;
#5403 = ORIENTED_EDGE ( 'NONE', *, *, #2242, .T. ) ;
#5404 = VERTEX_POINT ( 'NONE', #2483 ) ;
#5405 = DIRECTION ( 'NONE',  ( 0.000000000000000000, -1.000000000000000000, 0.000000000000000000 ) ) ;
#5406 = FACE_BOUND ( 'NONE', #2297, .T. ) ;
#5407 = DIRECTION ( 'NONE',  ( 1.000000000000000000, -0.000000000000000000, -0.000000000000000000 ) ) ;
#5408 = ORIENTED_EDGE ( 'NONE', *, *, #51, .F. ) ;
#5409 = DIRECTION ( 'NONE',  ( -0.9632452974707711446, 0.2686233364777638188, 0.000000000000000000 ) ) ;
#5410 = ORIENTED_EDGE ( 'NONE', *, *, #2321, .F. ) ;
#5411 = ADVANCED_FACE ( 'NONE', ( #5788 ), #2106, .T. ) ;
#5412 = EDGE_CURVE ( 'NONE', #633, #754, #756, .T. ) ;
#5413 = CARTESIAN_POINT ( 'NONE',  ( -18.50000000000000000, 1.189999999999998392, -0.9600000000000001865 ) ) ;
#5414 = LINE ( 'NONE', #2536, #416 ) ;
#5415 = ORIENTED_EDGE ( 'NONE', *, *, #1979, .F. ) ;
#5416 = VERTEX_POINT ( 'NONE', #4019 ) ;
#5417 = ADVANCED_FACE ( 'NONE', ( #3435 ), #2535, .F. ) ;
#5418 = LINE ( 'NONE', #3039, #1965 ) ;
#5419 = CARTESIAN_POINT ( 'NONE',  ( -0.5964101615137746837, 0.7399999999999984368, -0.9599999999999999645 ) ) ;
#5420 = EDGE_CURVE ( 'NONE', #3404, #5937, #1448, .T. ) ;
#5421 = EDGE_CURVE ( 'NONE', #4722, #5630, #2987, .T. ) ;
#5422 = ADVANCED_FACE ( 'NONE', ( #1130 ), #253, .T. ) ;
#5423 = DIRECTION ( 'NONE',  ( 1.000000000000000000, 0.000000000000000000, 0.000000000000000000 ) ) ;
#5424 = ORIENTED_EDGE ( 'NONE', *, *, #4908, .T. ) ;
#5425 = VERTEX_POINT ( 'NONE', #2079 ) ;
#5426 = CARTESIAN_POINT ( 'NONE',  ( -13.60479991371805220, -0.9212864145885244493, -0.9600000000000001865 ) ) ;
#5427 = DIRECTION ( 'NONE',  ( 1.000000000000000000, -3.552713678800513551E-15, 0.000000000000000000 ) ) ;
#5428 = DIRECTION ( 'NONE',  ( -0.000000000000000000, 0.000000000000000000, 1.000000000000000000 ) ) ;
#5429 = PLANE ( 'NONE',  #4615 ) ;
#5430 = CARTESIAN_POINT ( 'NONE',  ( -8.974999999999999645, 0.9899999999999984368, -1.135000000000000231 ) ) ;
#5431 = STYLED_ITEM ( 'NONE', ( #4255 ), #5337 ) ;
#5432 = EDGE_CURVE ( 'NONE', #6008, #3329, #5816, .T. ) ;
#5433 = ORIENTED_EDGE ( 'NONE', *, *, #2734, .F. ) ;
#5434 = ORIENTED_EDGE ( 'NONE', *, *, #698, .T. ) ;
#5435 = AXIS2_PLACEMENT_3D ( 'NONE', #726, #5315, #2563 ) ;
#5436 = CARTESIAN_POINT ( 'NONE',  ( -16.15000000000000213, 0.2000000000000000111, -0.8250000000000000666 ) ) ;
#5437 = CARTESIAN_POINT ( 'NONE',  ( -3.930251481490694587, 1.189999999999998392, -1.059999999999999165 ) ) ;
#5438 = LINE ( 'NONE', #5960, #3244 ) ;
#5439 = AXIS2_PLACEMENT_3D ( 'NONE', #3910, #2926, #141 ) ;
#5440 = ORIENTED_EDGE ( 'NONE', *, *, #1242, .F. ) ;
#5441 = CARTESIAN_POINT ( 'NONE',  ( 0.000000000000000000, 0.000000000000000000, -0.9600000000000001865 ) ) ;
#5442 = ORIENTED_EDGE ( 'NONE', *, *, #412, .F. ) ;
#5443 = CARTESIAN_POINT ( 'NONE',  ( -12.92368347295909814, 1.189999999999998392, -0.6600000000000001421 ) ) ;
#5444 = CARTESIAN_POINT ( 'NONE',  ( -16.65000000000000213, -0.3114982215127146681, -0.9599999999999999645 ) ) ;
#5445 = CARTESIAN_POINT ( 'NONE',  ( -13.10000000000000142, 0.6189114148497015799, -0.9600000000000001865 ) ) ;
#5446 = CARTESIAN_POINT ( 'NONE',  ( -16.14999999999999858, -0.9899999999999991029, -1.135000000000000231 ) ) ;
#5447 = VECTOR ( 'NONE', #4052, 1.000000000000000000 ) ;
#5448 = VECTOR ( 'NONE', #1462, 1.000000000000000000 ) ;
#5449 = ORIENTED_EDGE ( 'NONE', *, *, #1031, .F. ) ;
#5450 = CARTESIAN_POINT ( 'NONE',  ( 0.000000000000000000, -0.8750000000000000000, -1.060000000000000053 ) ) ;
#5451 = ORIENTED_EDGE ( 'NONE', *, *, #3409, .T. ) ;
#5452 = FACE_OUTER_BOUND ( 'NONE', #4967, .T. ) ;
#5453 = CARTESIAN_POINT ( 'NONE',  ( -8.724999999999999645, -0.7400000000000005462, -1.135000000000000231 ) ) ;
#5454 = VECTOR ( 'NONE', #3080, 1.000000000000000000 ) ;
#5455 = DIRECTION ( 'NONE',  ( -0.000000000000000000, 0.000000000000000000, 1.000000000000000000 ) ) ;
#5456 = VERTEX_POINT ( 'NONE', #3560 ) ;
#5457 = EDGE_CURVE ( 'NONE', #3055, #447, #4843, .T. ) ;
#5458 = ORIENTED_EDGE ( 'NONE', *, *, #660, .T. ) ;
#5459 = AXIS2_PLACEMENT_3D ( 'NONE', #343, #1723, #2134 ) ;
#5460 = ADVANCED_FACE ( 'NONE', ( #1664 ), #5321, .F. ) ;
#5461 = ORIENTED_EDGE ( 'NONE', *, *, #4342, .F. ) ;
#5462 = CARTESIAN_POINT ( 'NONE',  ( -15.41932881082469287, 0.000000000000000000, -0.9599999999999999645 ) ) ;
#5463 = LINE ( 'NONE', #3052, #396 ) ;
#5464 = CARTESIAN_POINT ( 'NONE',  ( 0.000000000000000000, 0.000000000000000000, -1.135000000000000231 ) ) ;
#5465 = EDGE_CURVE ( 'NONE', #5485, #1047, #309, .T. ) ;
#5466 = CARTESIAN_POINT ( 'NONE',  ( -13.94820772119394547, -1.089999999999998082, -0.8496342572279657057 ) ) ;
#5467 = EDGE_LOOP ( 'NONE', ( #5615, #613, #3263, #5690 ) ) ;
#5468 = ORIENTED_EDGE ( 'NONE', *, *, #5272, .T. ) ;
#5469 = VERTEX_POINT ( 'NONE', #4152 ) ;
#5470 = EDGE_CURVE ( 'NONE', #2964, #4335, #4569, .T. ) ;
#5471 = CARTESIAN_POINT ( 'NONE',  ( -7.853451737060907821E-17, 1.189999999999998392, -0.6600000000000016964 ) ) ;
#5472 = DIRECTION ( 'NONE',  ( 0.000000000000000000, -1.000000000000000000, 0.000000000000000000 ) ) ;
#5473 = DIRECTION ( 'NONE',  ( 0.000000000000000000, 0.000000000000000000, 1.000000000000000000 ) ) ;
#5474 = ORIENTED_EDGE ( 'NONE', *, *, #1988, .T. ) ;
#5475 = PLANE ( 'NONE',  #2073 ) ;
#5476 = ORIENTED_EDGE ( 'NONE', *, *, #5909, .F. ) ;
#5477 = AXIS2_PLACEMENT_3D ( 'NONE', #5464, #3576, #4101 ) ;
#5478 = LINE ( 'NONE', #4179, #1962 ) ;
#5479 = CARTESIAN_POINT ( 'NONE',  ( -12.92368347295909992, -1.189999999999998170, -0.7600000000000006750 ) ) ;
#5480 = LINE ( 'NONE', #1310, #5597 ) ;
#5481 = LINE ( 'NONE', #953, #899 ) ;
#5482 = CIRCLE ( 'NONE', #4799, 0.2500000000000000000 ) ;
#5483 = VECTOR ( 'NONE', #5612, 1.000000000000000000 ) ;
#5484 = CIRCLE ( 'NONE', #3043, 0.2500000000000000000 ) ;
#5485 = VERTEX_POINT ( 'NONE', #435 ) ;
#5486 = LINE ( 'NONE', #4086, #1298 ) ;
#5487 = ORIENTED_EDGE ( 'NONE', *, *, #186, .F. ) ;
#5488 = CARTESIAN_POINT ( 'NONE',  ( -1.949999999999999734, -0.2114982215127146903, -4.241944871367028469 ) ) ;
#5489 = CARTESIAN_POINT ( 'NONE',  ( -18.50000000000000000, 0.8750000000000000000, -0.9800000000000000933 ) ) ;
#5490 = VECTOR ( 'NONE', #3556, 1.000000000000000000 ) ;
#5491 = CARTESIAN_POINT ( 'NONE',  ( -16.55000000000000071, -0.3114982215127146681, -0.9600000000000001865 ) ) ;
#5492 = ORIENTED_EDGE ( 'NONE', *, *, #1017, .T. ) ;
#5493 = ORIENTED_EDGE ( 'NONE', *, *, #2242, .F. ) ;
#5494 = DIRECTION ( 'NONE',  ( 0.000000000000000000, 0.1402661271484180461, 0.9901138386947149206 ) ) ;
#5495 = DIRECTION ( 'NONE',  ( 1.000000000000000000, 0.000000000000000000, 0.000000000000000000 ) ) ;
#5496 = PLANE ( 'NONE',  #95 ) ;
#5497 = ADVANCED_FACE ( 'NONE', ( #4051 ), #369, .T. ) ;
#5498 = LINE ( 'NONE', #420, #1956 ) ;
#5499 = LINE ( 'NONE', #481, #882 ) ;
#5500 = CARTESIAN_POINT ( 'NONE',  ( -18.50000000000000000, -1.190000000000002833, -0.9600000000000001865 ) ) ;
#5501 = ADVANCED_FACE ( 'NONE', ( #1754 ), #467, .F. ) ;
#5502 = VECTOR ( 'NONE', #5233, 1.000000000000000000 ) ;
#5503 = ORIENTED_EDGE ( 'NONE', *, *, #1368, .T. ) ;
#5504 = ORIENTED_EDGE ( 'NONE', *, *, #5138, .F. ) ;
#5505 = ORIENTED_EDGE ( 'NONE', *, *, #672, .T. ) ;
#5506 = VECTOR ( 'NONE', #5614, 1.000000000000000000 ) ;
#5507 = EDGE_CURVE ( 'NONE', #1908, #602, #2590, .T. ) ;
#5508 = PLANE ( 'NONE',  #2775 ) ;
#5509 = DIRECTION ( 'NONE',  ( -1.000000000000000000, 0.000000000000000000, 0.000000000000000000 ) ) ;
#5510 = EDGE_CURVE ( 'NONE', #3280, #4820, #2762, .T. ) ;
#5511 = ADVANCED_FACE ( 'NONE', ( #1721 ), #3224, .T. ) ;
#5512 = ORIENTED_EDGE ( 'NONE', *, *, #1558, .T. ) ;
#5513 = CARTESIAN_POINT ( 'NONE',  ( -10.88749999999999929, -0.7400000000000011013, -0.9600000000000001865 ) ) ;
#5514 = ORIENTED_EDGE ( 'NONE', *, *, #3315, .T. ) ;
#5515 = CARTESIAN_POINT ( 'NONE',  ( -18.50000000000000000, 1.189999999999998392, -0.9600000000000001865 ) ) ;
#5516 = DIRECTION ( 'NONE',  ( 1.000000000000000000, 0.000000000000000000, -0.000000000000000000 ) ) ;
#5517 = CARTESIAN_POINT ( 'NONE',  ( -2.349999999999999645, 1.189999999999998392, -0.9600000000000001865 ) ) ;
#5518 = CARTESIAN_POINT ( 'NONE',  ( -4.885798269505217561, 0.9899999999999984368, -0.9600000000000001865 ) ) ;
#5519 = EDGE_CURVE ( 'NONE', #5616, #3479, #5820, .T. ) ;
#5520 = VERTEX_POINT ( 'NONE', #3720 ) ;
#5521 = VERTEX_POINT ( 'NONE', #402 ) ;
#5522 = DIRECTION ( 'NONE',  ( 1.426102104458186769E-16, 1.000000000000000000, 0.000000000000000000 ) ) ;
#5523 = CARTESIAN_POINT ( 'NONE',  ( -13.22686233364777664, -0.7152359445967795271, -1.135000000000000231 ) ) ;
#5524 = ORIENTED_EDGE ( 'NONE', *, *, #1828, .F. ) ;
#5525 = ORIENTED_EDGE ( 'NONE', *, *, #2728, .F. ) ;
#5526 = DIRECTION ( 'NONE',  ( -1.000000000000000000, 0.000000000000000000, 0.000000000000000000 ) ) ;
#5527 = CARTESIAN_POINT ( 'NONE',  ( -4.895200086281940699, -0.9212864145885224509, -1.135000000000000231 ) ) ;
#5528 = CARTESIAN_POINT ( 'NONE',  ( -13.10000000000000142, 0.6189114148497015799, -1.135000000000000231 ) ) ;
#5529 = DIRECTION ( 'NONE',  ( 1.000000000000000000, 0.000000000000000000, 0.000000000000000000 ) ) ;
#5530 = DIRECTION ( 'NONE',  ( -1.000000000000000000, 0.000000000000000000, 1.189916929857710326E-16 ) ) ;
#5531 = ORIENTED_EDGE ( 'NONE', *, *, #423, .F. ) ;
#5532 = ORIENTED_EDGE ( 'NONE', *, *, #4209, .T. ) ;
#5533 = ORIENTED_EDGE ( 'NONE', *, *, #3569, .F. ) ;
#5534 = CARTESIAN_POINT ( 'NONE',  ( -8.724999999999999645, 0.7399999999999984368, -4.241944871367028469 ) ) ;
#5535 = DIRECTION ( 'NONE',  ( 1.000000000000000000, 0.000000000000000000, 0.000000000000000000 ) ) ;
#5536 = EDGE_CURVE ( 'NONE', #516, #1010, #1338, .T. ) ;
#5537 = AXIS2_PLACEMENT_3D ( 'NONE', #5346, #4867, #5812 ) ;
#5538 = VERTEX_POINT ( 'NONE', #5087 ) ;
#5539 = CARTESIAN_POINT ( 'NONE',  ( -0.2926587287503931711, 1.189999999999998392, 1.659750127714602952 ) ) ;
#5540 = EDGE_LOOP ( 'NONE', ( #727, #1842, #4633, #4094 ) ) ;
#5541 = ADVANCED_FACE ( 'NONE', ( #4116 ), #5902, .F. ) ;
#5542 = EDGE_CURVE ( 'NONE', #2010, #4442, #4946, .T. ) ;
#5543 = LINE ( 'NONE', #3587, #1580 ) ;
#5544 = DIRECTION ( 'NONE',  ( 1.000000000000000000, 0.000000000000000000, 0.000000000000000000 ) ) ;
#5545 = AXIS2_PLACEMENT_3D ( 'NONE', #5920, #2581, #1229 ) ;
#5546 = AXIS2_PLACEMENT_3D ( 'NONE', #2814, #1002, #1479 ) ;
#5547 = EDGE_CURVE ( 'NONE', #5173, #2854, #2723, .T. ) ;
#5548 = FACE_OUTER_BOUND ( 'NONE', #5703, .T. ) ;
#5549 = FACE_OUTER_BOUND ( 'NONE', #2967, .T. ) ;
#5550 = EDGE_LOOP ( 'NONE', ( #4926, #1181, #5137, #2544 ) ) ;
#5551 = EDGE_LOOP ( 'NONE', ( #2292, #3104, #1890, #4838 ) ) ;
#5552 = EDGE_CURVE ( 'NONE', #914, #5599, #4604, .T. ) ;
#5553 = DIRECTION ( 'NONE',  ( 0.000000000000000000, 0.000000000000000000, -1.000000000000000000 ) ) ;
#5554 = DIRECTION ( 'NONE',  ( 0.000000000000000000, -1.000000000000000000, 0.000000000000000000 ) ) ;
#5555 = AXIS2_PLACEMENT_3D ( 'NONE', #5059, #3663, #370 ) ;
#5556 = EDGE_CURVE ( 'NONE', #1482, #379, #2661, .T. ) ;
#5557 = VECTOR ( 'NONE', #5208, 1.000000000000000000 ) ;
#5558 = ORIENTED_EDGE ( 'NONE', *, *, #3178, .T. ) ;
#5559 = ORIENTED_EDGE ( 'NONE', *, *, #3794, .F. ) ;
#5560 = CARTESIAN_POINT ( 'NONE',  ( -19.08868599666426036, -0.8750000000000000000, -1.060000000000000053 ) ) ;
#5561 = DIRECTION ( 'NONE',  ( 0.000000000000000000, -0.000000000000000000, -1.000000000000000000 ) ) ;
#5562 = FACE_OUTER_BOUND ( 'NONE', #3008, .T. ) ;
#5563 = CARTESIAN_POINT ( 'NONE',  ( -14.56974851850929298, -9.753686360283015944, -1.059999999999997389 ) ) ;
#5564 = DIRECTION ( 'NONE',  ( -1.000000000000000000, 0.000000000000000000, 0.000000000000000000 ) ) ;
#5565 = VECTOR ( 'NONE', #4552, 1.000000000000000000 ) ;
#5566 = ORIENTED_EDGE ( 'NONE', *, *, #769, .F. ) ;
#5567 = EDGE_LOOP ( 'NONE', ( #4663, #1859, #3847, #3027 ) ) ;
#5568 = CARTESIAN_POINT ( 'NONE',  ( 0.6199999999999999956, 0.000000000000000000, -1.060000000000000053 ) ) ;
#5569 = DIRECTION ( 'NONE',  ( -1.000000000000000000, 0.000000000000000000, 0.000000000000000000 ) ) ;
#5570 = CARTESIAN_POINT ( 'NONE',  ( -8.974999999999999645, -0.7400000000000006573, -1.135000000000000231 ) ) ;
#5571 = ORIENTED_EDGE ( 'NONE', *, *, #3651, .T. ) ;
#5572 = CARTESIAN_POINT ( 'NONE',  ( -8.724999999999999645, 0.9899999999999984368, -1.135000000000000231 ) ) ;
#5573 = ORIENTED_EDGE ( 'NONE', *, *, #5519, .F. ) ;
#5574 = CARTESIAN_POINT ( 'NONE',  ( -2.349999999999999645, -0.8999999999999999112, -0.9100000000000001421 ) ) ;
#5575 = DIRECTION ( 'NONE',  ( -1.432545838226008399E-17, -1.000000000000000000, 0.000000000000000000 ) ) ;
#5576 = EDGE_CURVE ( 'NONE', #4805, #1160, #2991, .T. ) ;
#5577 = DIRECTION ( 'NONE',  ( 1.000000000000000000, 2.400482215405744004E-16, 0.000000000000000000 ) ) ;
#5578 = PLANE ( 'NONE',  #4401 ) ;
#5579 = EDGE_CURVE ( 'NONE', #5023, #5715, #1271, .T. ) ;
#5580 = ORIENTED_EDGE ( 'NONE', *, *, #2090, .F. ) ;
#5581 = VECTOR ( 'NONE', #1532, 1.000000000000000000 ) ;
#5582 = ORIENTED_EDGE ( 'NONE', *, *, #3565, .F. ) ;
#5583 = CARTESIAN_POINT ( 'NONE',  ( -1.949999999999999734, -0.8000000000000000444, -0.9100000000000001421 ) ) ;
#5584 = CIRCLE ( 'NONE', #128, 0.09999999999999964473 ) ;
#5585 = AXIS2_PLACEMENT_3D ( 'NONE', #708, #4429, #2948 ) ;
#5586 = AXIS2_PLACEMENT_3D ( 'NONE', #90, #444, #3669 ) ;
#5587 = EDGE_CURVE ( 'NONE', #5239, #301, #4564, .T. ) ;
#5588 = VECTOR ( 'NONE', #4625, 1.000000000000000000 ) ;
#5589 = ORIENTED_EDGE ( 'NONE', *, *, #1589, .T. ) ;
#5590 = ORIENTED_EDGE ( 'NONE', *, *, #2602, .T. ) ;
#5591 = CARTESIAN_POINT ( 'NONE',  ( -18.50000000000000000, -0.8750000000000000000, -1.060000000000000053 ) ) ;
#5592 = CARTESIAN_POINT ( 'NONE',  ( -10.63749999999999929, 0.7399999999999984368, -0.9599999999999999645 ) ) ;
#5593 = AXIS2_PLACEMENT_3D ( 'NONE', #3153, #5472, #752 ) ;
#5594 = CARTESIAN_POINT ( 'NONE',  ( -13.61420173049477356, -0.9550000000000016254, -0.9599999999999999645 ) ) ;
#5595 = CARTESIAN_POINT ( 'NONE',  ( -18.50000000000000000, -0.8750000000000000000, -1.209999999999999964 ) ) ;
#5596 = LINE ( 'NONE', #1426, #398 ) ;
#5597 = VECTOR ( 'NONE', #3161, 1.000000000000000000 ) ;
#5598 = ORIENTED_EDGE ( 'NONE', *, *, #739, .T. ) ;
#5599 = VERTEX_POINT ( 'NONE', #5479 ) ;
#5600 = DIRECTION ( 'NONE',  ( 0.000000000000000000, 0.000000000000000000, -1.000000000000000000 ) ) ;
#5601 = DIRECTION ( 'NONE',  ( 0.000000000000000000, 0.000000000000000000, 1.000000000000000000 ) ) ;
#5602 = CIRCLE ( 'NONE', #2771, 0.1000000000000000888 ) ;
#5603 = CARTESIAN_POINT ( 'NONE',  ( -18.05358983848622501, -0.2114982215127146903, -0.9600000000000001865 ) ) ;
#5604 = ORIENTED_EDGE ( 'NONE', *, *, #70, .T. ) ;
#5605 = CARTESIAN_POINT ( 'NONE',  ( -0.3464101615137745727, -0.7399999999999984368, -0.9599999999999999645 ) ) ;
#5606 = ORIENTED_EDGE ( 'NONE', *, *, #3976, .T. ) ;
#5607 = VECTOR ( 'NONE', #3542, 1.000000000000000000 ) ;
#5608 = CARTESIAN_POINT ( 'NONE',  ( -1.699999999999999734, -0.9899999999999984368, -1.135000000000000231 ) ) ;
#5609 = DIRECTION ( 'NONE',  ( 1.662153715850725026E-16, -2.381111388133851124E-33, 1.000000000000000000 ) ) ;
#5610 = ORIENTED_EDGE ( 'NONE', *, *, #4020, .T. ) ;
#5611 = EDGE_CURVE ( 'NONE', #5745, #4140, #1309, .T. ) ;
#5612 = DIRECTION ( 'NONE',  ( -1.000000000000000000, -0.000000000000000000, -0.000000000000000000 ) ) ;
#5613 = LINE ( 'NONE', #161, #3580 ) ;
#5614 = DIRECTION ( 'NONE',  ( -1.000000000000000000, -0.000000000000000000, -0.000000000000000000 ) ) ;
#5615 = ORIENTED_EDGE ( 'NONE', *, *, #4174, .F. ) ;
#5616 = VERTEX_POINT ( 'NONE', #979 ) ;
#5617 =( NAMED_UNIT ( * ) PLANE_ANGLE_UNIT ( ) SI_UNIT ( $, .RADIAN. ) );
#5618 = DIRECTION ( 'NONE',  ( 0.000000000000000000, 0.000000000000000000, 1.000000000000000000 ) ) ;
#5619 = EDGE_CURVE ( 'NONE', #2870, #1566, #577, .T. ) ;
#5620 = LINE ( 'NONE', #5983, #1109 ) ;
#5621 = EDGE_CURVE ( 'NONE', #4962, #3680, #3982, .T. ) ;
#5622 = DIRECTION ( 'NONE',  ( -1.000000000000000000, 0.000000000000000000, 1.223127061027714532E-16 ) ) ;
#5623 = CARTESIAN_POINT ( 'NONE',  ( -15.67493198115551856, 1.189999999999998392, -0.9600000000000001865 ) ) ;
#5624 = ADVANCED_FACE ( 'NONE', ( #5206 ), #550, .F. ) ;
#5625 = ORIENTED_EDGE ( 'NONE', *, *, #3837, .T. ) ;
#5626 = CARTESIAN_POINT ( 'NONE',  ( -1.949999999999999734, -0.3114982215127146681, -1.135000000000000231 ) ) ;
#5627 = LINE ( 'NONE', #1396, #629 ) ;
#5628 = PLANE ( 'NONE',  #2902 ) ;
#5629 = EDGE_CURVE ( 'NONE', #806, #1421, #5051, .T. ) ;
#5630 = VERTEX_POINT ( 'NONE', #606 ) ;
#5631 = EDGE_LOOP ( 'NONE', ( #1379, #3078, #5226, #1685 ) ) ;
#5632 = AXIS2_PLACEMENT_3D ( 'NONE', #1574, #4423, #188 ) ;
#5633 = ORIENTED_EDGE ( 'NONE', *, *, #4528, .T. ) ;
#5634 = CARTESIAN_POINT ( 'NONE',  ( -5.576316527040901860, 0.9899999999999984368, -6.660000000000001030 ) ) ;
#5635 = CIRCLE ( 'NONE', #387, 0.1499999999999999112 ) ;
#5636 = CARTESIAN_POINT ( 'NONE',  ( -16.65000000000000213, -0.3114982215127146681, -4.241944871367028469 ) ) ;
#5637 = ORIENTED_EDGE ( 'NONE', *, *, #2368, .F. ) ;
#5638 = VECTOR ( 'NONE', #5711, 1.000000000000000222 ) ;
#5639 = CARTESIAN_POINT ( 'NONE',  ( -7.862499999999999822, -0.9900000000000003242, -0.9600000000000010747 ) ) ;
#5640 = DIRECTION ( 'NONE',  ( -0.1736481776669255017, 2.487589742322846649E-18, 0.9848077530122089085 ) ) ;
#5641 = CIRCLE ( 'NONE', #4862, 0.03500000000000014211 ) ;
#5642 = VECTOR ( 'NONE', #872, 1.000000000000000000 ) ;
#5643 = VERTEX_POINT ( 'NONE', #1955 ) ;
#5644 = VERTEX_POINT ( 'NONE', #4697 ) ;
#5645 = DIRECTION ( 'NONE',  ( 0.000000000000000000, 0.000000000000000000, 1.000000000000000000 ) ) ;
#5646 = CARTESIAN_POINT ( 'NONE',  ( -11.68750000000000000, 0.9899999999999984368, -1.135000000000000231 ) ) ;
#5647 = CARTESIAN_POINT ( 'NONE',  ( -15.15000000000000213, -1.190000000000001945, -0.9600000000000001865 ) ) ;
#5648 = SURFACE_SIDE_STYLE ('',( #3904 ) ) ;
#5649 = VECTOR ( 'NONE', #855, 1.000000000000000000 ) ;
#5650 = EDGE_CURVE ( 'NONE', #2117, #749, #2444, .T. ) ;
#5651 = EDGE_CURVE ( 'NONE', #1506, #2956, #2203, .T. ) ;
#5652 = VECTOR ( 'NONE', #3028, 1.000000000000000000 ) ;
#5653 = EDGE_LOOP ( 'NONE', ( #4034, #644, #4557, #3778 ) ) ;
#5654 = EDGE_CURVE ( 'NONE', #2052, #2190, #4290, .T. ) ;
#5655 = CARTESIAN_POINT ( 'NONE',  ( -16.55000000000000071, 0.9899999999999984368, -4.241944871367028469 ) ) ;
#5656 = DIRECTION ( 'NONE',  ( -1.000000000000000000, 0.000000000000000000, 0.000000000000000000 ) ) ;
#5657 = CARTESIAN_POINT ( 'NONE',  ( -17.90358983848622643, -0.7399999999999984368, -1.135000000000000231 ) ) ;
#5658 = CARTESIAN_POINT ( 'NONE',  ( -3.930251481490694587, 9.753686360283015944, -1.059999999999999165 ) ) ;
#5659 = VECTOR ( 'NONE', #1167, 1.000000000000000000 ) ;
#5660 = ORIENTED_EDGE ( 'NONE', *, *, #2744, .T. ) ;
#5661 = ADVANCED_FACE ( 'NONE', ( #2360 ), #5146, .F. ) ;
#5662 = ORIENTED_EDGE ( 'NONE', *, *, #2824, .T. ) ;
#5663 = ORIENTED_EDGE ( 'NONE', *, *, #5110, .T. ) ;
#5664 = VECTOR ( 'NONE', #371, 1.000000000000000000 ) ;
#5665 = CARTESIAN_POINT ( 'NONE',  ( -8.974999999999999645, 0.7399999999999984368, -4.241944871367028469 ) ) ;
#5666 = DIRECTION ( 'NONE',  ( 0.000000000000000000, 1.000000000000000000, 0.000000000000000000 ) ) ;
#5667 = FACE_OUTER_BOUND ( 'NONE', #4410, .T. ) ;
#5668 = EDGE_LOOP ( 'NONE', ( #1593, #3063, #2293, #1535 ) ) ;
#5669 = LINE ( 'NONE', #3377, #4334 ) ;
#5670 = CARTESIAN_POINT ( 'NONE',  ( -15.15000000000000213, 1.189999999999998392, -0.9600000000000001865 ) ) ;
#5671 = DIRECTION ( 'NONE',  ( 1.000000000000000000, 0.000000000000000000, 0.000000000000000000 ) ) ;
#5672 = ORIENTED_EDGE ( 'NONE', *, *, #5130, .T. ) ;
#5673 = ORIENTED_EDGE ( 'NONE', *, *, #4624, .F. ) ;
#5674 = EDGE_LOOP ( 'NONE', ( #4994, #1336, #2040, #3981 ) ) ;
#5675 = DIRECTION ( 'NONE',  ( -0.000000000000000000, 0.000000000000000000, 1.000000000000000000 ) ) ;
#5676 = CARTESIAN_POINT ( 'NONE',  ( 0.000000000000000000, 0.000000000000000000, -1.135000000000000231 ) ) ;
#5677 = CIRCLE ( 'NONE', #3918, 0.2500000000000000000 ) ;
#5678 = DIRECTION ( 'NONE',  ( -1.000000000000000000, 0.000000000000000000, 0.000000000000000000 ) ) ;
#5679 = VECTOR ( 'NONE', #4740, 1.000000000000000000 ) ;
#5680 =( NAMED_UNIT ( * ) PLANE_ANGLE_UNIT ( ) SI_UNIT ( $, .RADIAN. ) );
#5681 = VECTOR ( 'NONE', #3690, 1.000000000000000000 ) ;
#5682 = AXIS2_PLACEMENT_3D ( 'NONE', #4731, #1154, #4297 ) ;
#5683 = VECTOR ( 'NONE', #5359, 1.000000000000000000 ) ;
#5684 = VERTEX_POINT ( 'NONE', #3807 ) ;
#5685 = LINE ( 'NONE', #1621, #2206 ) ;
#5686 = CARTESIAN_POINT ( 'NONE',  ( -19.08868599666426036, -0.8750000000000000000, -0.9100000000000001421 ) ) ;
#5687 = EDGE_CURVE ( 'NONE', #897, #1692, #3879, .T. ) ;
#5688 = LINE ( 'NONE', #1511, #774 ) ;
#5689 = VECTOR ( 'NONE', #304, 1.000000000000000000 ) ;
#5690 = ORIENTED_EDGE ( 'NONE', *, *, #2508, .F. ) ;
#5691 = ORIENTED_EDGE ( 'NONE', *, *, #701, .F. ) ;
#5692 = ORIENTED_EDGE ( 'NONE', *, *, #4092, .T. ) ;
#5693 = DIRECTION ( 'NONE',  ( 0.000000000000000000, -1.000000000000000000, 0.000000000000000000 ) ) ;
#5694 = EDGE_CURVE ( 'NONE', #2903, #4112, #1987, .T. ) ;
#5695 = DIRECTION ( 'NONE',  ( 1.000000000000000000, 0.000000000000000000, 0.000000000000000000 ) ) ;
#5696 = EDGE_CURVE ( 'NONE', #4981, #4826, #62, .T. ) ;
#5697 = CYLINDRICAL_SURFACE ( 'NONE', #2121, 0.05000000000000071054 ) ;
#5698 = ORIENTED_EDGE ( 'NONE', *, *, #1549, .T. ) ;
#5699 = CARTESIAN_POINT ( 'NONE',  ( -0.4464101615137745505, -0.2114982215127146903, -1.135000000000000231 ) ) ;
#5700 = CARTESIAN_POINT ( 'NONE',  ( -12.92368347295909814, -0.9900000000000017675, -6.660000000000000142 ) ) ;
#5701 = FACE_OUTER_BOUND ( 'NONE', #3888, .T. ) ;
#5702 = ADVANCED_FACE ( 'NONE', ( #1460 ), #1065, .F. ) ;
#5703 = EDGE_LOOP ( 'NONE', ( #5389, #5798, #608, #28 ) ) ;
#5704 = ORIENTED_EDGE ( 'NONE', *, *, #748, .T. ) ;
#5705 = LINE ( 'NONE', #1103, #1105 ) ;
#5706 = CARTESIAN_POINT ( 'NONE',  ( -14.56974851850929298, -9.753686360283015944, -1.009999999999997122 ) ) ;
#5707 = CARTESIAN_POINT ( 'NONE',  ( -19.12000000000000099, 0.8750000000000000000, -1.060000000000000053 ) ) ;
#5708 = DIRECTION ( 'NONE',  ( -0.9848077530122093526, 0.000000000000000000, -0.1736481776669235033 ) ) ;
#5709 = LINE ( 'NONE', #197, #3359 ) ;
#5710 = VERTEX_POINT ( 'NONE', #496 ) ;
#5711 = DIRECTION ( 'NONE',  ( 0.000000000000000000, -0.9854601157443477755, 0.1699069165076472210 ) ) ;
#5712 = CARTESIAN_POINT ( 'NONE',  ( -16.55000000000000071, 0.9899999999999984368, -1.135000000000000231 ) ) ;
#5713 = EDGE_CURVE ( 'NONE', #4459, #4238, #1452, .T. ) ;
#5714 = CARTESIAN_POINT ( 'NONE',  ( 0.000000000000000000, -0.8750000000000000000, -0.9100000000000001421 ) ) ;
#5715 = VERTEX_POINT ( 'NONE', #5608 ) ;
#5716 = ORIENTED_EDGE ( 'NONE', *, *, #842, .F. ) ;
#5717 = CYLINDRICAL_SURFACE ( 'NONE', #825, 0.03500000000000014211 ) ;
#5718 = PLANE ( 'NONE',  #5977 ) ;
#5719 = DIRECTION ( 'NONE',  ( 1.000000000000000000, 0.000000000000000000, 0.000000000000000000 ) ) ;
#5720 = EDGE_CURVE ( 'NONE', #5925, #4251, #154, .T. ) ;
#5721 = DIRECTION ( 'NONE',  ( 0.000000000000000000, -0.1699069165076472487, 0.9854601157443478865 ) ) ;
#5722 = ADVANCED_FACE ( 'NONE', ( #1036 ), #5122, .T. ) ;
#5723 = ORIENTED_EDGE ( 'NONE', *, *, #3031, .T. ) ;
#5724 = EDGE_CURVE ( 'NONE', #2118, #4556, #3288, .T. ) ;
#5725 = DIRECTION ( 'NONE',  ( 1.000000000000000000, 0.000000000000000000, 0.000000000000000000 ) ) ;
#5726 = EDGE_CURVE ( 'NONE', #3857, #3802, #1066, .T. ) ;
#5727 = CARTESIAN_POINT ( 'NONE',  ( -16.55000000000000071, 1.189999999999998392, -0.9600000000000001865 ) ) ;
#5728 = AXIS2_PLACEMENT_3D ( 'NONE', #2971, #3468, #3992 ) ;
#5729 = CARTESIAN_POINT ( 'NONE',  ( -2.825068018844486328, 1.189999999999998392, 5.040000000000000036 ) ) ;
#5730 = AXIS2_PLACEMENT_3D ( 'NONE', #5057, #3622, #886 ) ;
#5731 = ADVANCED_FACE ( 'NONE', ( #3957 ), #2966, .F. ) ;
#5732 = VERTEX_POINT ( 'NONE', #1125 ) ;
#5733 = VERTEX_POINT ( 'NONE', #4896 ) ;
#5734 = CARTESIAN_POINT ( 'NONE',  ( -6.812500000000000000, -0.7400000000000001021, -0.9600000000000001865 ) ) ;
#5735 = CYLINDRICAL_SURFACE ( 'NONE', #5378, 0.1000000000000014211 ) ;
#5736 = DIRECTION ( 'NONE',  ( 1.000000000000000000, -0.000000000000000000, -0.000000000000000000 ) ) ;
#5737 = CIRCLE ( 'NONE', #2411, 0.2500000000000000000 ) ;
#5738 = DIRECTION ( 'NONE',  ( 1.000000000000000000, 0.000000000000000000, 0.000000000000000000 ) ) ;
#5739 = ORIENTED_EDGE ( 'NONE', *, *, #1215, .T. ) ;
#5740 = LINE ( 'NONE', #5277, #1158 ) ;
#5741 = FACE_OUTER_BOUND ( 'NONE', #1559, .T. ) ;
#5742 = CARTESIAN_POINT ( 'NONE',  ( -13.10000000000000142, 0.7506144545436229665, -1.135000000000000231 ) ) ;
#5743 = VECTOR ( 'NONE', #2968, 1.000000000000000000 ) ;
#5744 = ORIENTED_EDGE ( 'NONE', *, *, #4874, .F. ) ;
#5745 = VERTEX_POINT ( 'NONE', #2075 ) ;
#5746 = VERTEX_POINT ( 'NONE', #247 ) ;
#5747 = CARTESIAN_POINT ( 'NONE',  ( -14.56974851850929298, 1.189999999999998170, -1.059999999999997389 ) ) ;
#5748 = FACE_OUTER_BOUND ( 'NONE', #2277, .T. ) ;
#5749 = ORIENTED_EDGE ( 'NONE', *, *, #2366, .F. ) ;
#5750 = DIRECTION ( 'NONE',  ( -0.000000000000000000, 0.000000000000000000, -1.000000000000000000 ) ) ;
#5751 = AXIS2_PLACEMENT_3D ( 'NONE', #2802, #2705, #382 ) ;
#5752 = EDGE_LOOP ( 'NONE', ( #4363, #354, #4832, #3187 ) ) ;
#5753 = DIRECTION ( 'NONE',  ( -0.000000000000000000, 0.000000000000000000, 1.000000000000000000 ) ) ;
#5754 = LINE ( 'NONE', #730, #3583 ) ;
#5755 = EDGE_CURVE ( 'NONE', #5956, #594, #753, .T. ) ;
#5756 = CARTESIAN_POINT ( 'NONE',  ( -16.55000000000000071, 1.189999999999998392, -0.9600000000000001865 ) ) ;
#5757 = EDGE_LOOP ( 'NONE', ( #3586, #3915, #5370, #4322, #2025, #1463, #5899, #2007 ) ) ;
#5758 = FACE_OUTER_BOUND ( 'NONE', #3271, .T. ) ;
#5759 = ORIENTED_EDGE ( 'NONE', *, *, #3310, .F. ) ;
#5760 = DIRECTION ( 'NONE',  ( 1.000000000000000000, 0.000000000000000000, 0.000000000000000000 ) ) ;
#5761 = LINE ( 'NONE', #1504, #3347 ) ;
#5762 = CARTESIAN_POINT ( 'NONE',  ( -18.50000000000000000, 0.8750000000000000000, -0.9800000000000000933 ) ) ;
#5763 =( NAMED_UNIT ( * ) PLANE_ANGLE_UNIT ( ) SI_UNIT ( $, .RADIAN. ) );
#5764 = ADVANCED_FACE ( 'NONE', ( #2042 ), #1657, .F. ) ;
#5765 = DIRECTION ( 'NONE',  ( 0.000000000000000000, -1.000000000000000000, 0.000000000000000000 ) ) ;
#5766 = PLANE ( 'NONE',  #1698 ) ;
#5767 = ORIENTED_EDGE ( 'NONE', *, *, #2774, .T. ) ;
#5768 = VERTEX_POINT ( 'NONE', #3886 ) ;
#5769 = VECTOR ( 'NONE', #4223, 1.000000000000000000 ) ;
#5770 = AXIS2_PLACEMENT_3D ( 'NONE', #1169, #3421, #4797 ) ;
#5771 = DIRECTION ( 'NONE',  ( 0.000000000000000000, -1.000000000000000000, 0.000000000000000000 ) ) ;
#5772 = CYLINDRICAL_SURFACE ( 'NONE', #5371, 0.03500000000000014211 ) ;
#5773 = CIRCLE ( 'NONE', #2637, 0.1000000000000000888 ) ;
#5774 = FACE_OUTER_BOUND ( 'NONE', #2783, .T. ) ;
#5775 = VECTOR ( 'NONE', #2112, 1.000000000000000000 ) ;
#5776 = VECTOR ( 'NONE', #4774, 1.000000000000000000 ) ;
#5777 = ORIENTED_EDGE ( 'NONE', *, *, #767, .F. ) ;
#5778 = CIRCLE ( 'NONE', #620, 0.1499999999999999112 ) ;
#5779 = ORIENTED_EDGE ( 'NONE', *, *, #1294, .T. ) ;
#5780 = LINE ( 'NONE', #659, #5388 ) ;
#5781 = AXIS2_PLACEMENT_3D ( 'NONE', #3059, #1784, #2262 ) ;
#5782 = CARTESIAN_POINT ( 'NONE',  ( -2.476862333647776193, 0.2468767314595588513, -4.241944871367028469 ) ) ;
#5783 = CIRCLE ( 'NONE', #1206, 0.09999999999999964473 ) ;
#5784 = VERTEX_POINT ( 'NONE', #2935 ) ;
#5785 = PLANE ( 'NONE',  #4201 ) ;
#5786 = VERTEX_POINT ( 'NONE', #694 ) ;
#5787 = CARTESIAN_POINT ( 'NONE',  ( -8.974999999999999645, -0.9899999999999997691, -1.135000000000000231 ) ) ;
#5788 = FACE_OUTER_BOUND ( 'NONE', #2326, .T. ) ;
#5789 = CARTESIAN_POINT ( 'NONE',  ( -1.699999999999999734, 0.7399999999999984368, -0.9600000000000001865 ) ) ;
#5790 = CIRCLE ( 'NONE', #1509, 0.05000000000000071054 ) ;
#5791 = ADVANCED_FACE ( 'NONE', ( #3492 ), #2531, .F. ) ;
#5792 = ORIENTED_EDGE ( 'NONE', *, *, #3563, .T. ) ;
#5793 = ORIENTED_EDGE ( 'NONE', *, *, #4090, .T. ) ;
#5794 = DIRECTION ( 'NONE',  ( -1.000000000000000000, -0.000000000000000000, -0.000000000000000000 ) ) ;
#5795 = CYLINDRICAL_SURFACE ( 'NONE', #2359, 0.2500000000000000000 ) ;
#5796 = DIRECTION ( 'NONE',  ( 0.000000000000000000, 0.000000000000000000, 1.000000000000000000 ) ) ;
#5797 = DIRECTION ( 'NONE',  ( -1.000000000000000000, 0.000000000000000000, 0.000000000000000000 ) ) ;
#5798 = ORIENTED_EDGE ( 'NONE', *, *, #332, .F. ) ;
#5799 = EDGE_CURVE ( 'NONE', #2605, #2656, #1628, .T. ) ;
#5800 = ORIENTED_EDGE ( 'NONE', *, *, #4783, .F. ) ;
#5801 = EDGE_CURVE ( 'NONE', #280, #2045, #4445, .T. ) ;
#5802 = DIRECTION ( 'NONE',  ( 1.000000000000000000, 0.000000000000000000, 0.000000000000000000 ) ) ;
#5803 = CARTESIAN_POINT ( 'NONE',  ( -2.825068018844486328, -1.189999999999999059, 5.040000000000000036 ) ) ;
#5804 = DIRECTION ( 'NONE',  ( 1.000000000000000000, 0.000000000000000000, 0.000000000000000000 ) ) ;
#5805 = EDGE_CURVE ( 'NONE', #3165, #6008, #3985, .T. ) ;
#5806 = DIRECTION ( 'NONE',  ( 1.000000000000000000, 0.000000000000000000, 0.000000000000000000 ) ) ;
#5807 = VERTEX_POINT ( 'NONE', #1210 ) ;
#5808 = EDGE_LOOP ( 'NONE', ( #816, #958, #525, #140 ) ) ;
#5809 = DIRECTION ( 'NONE',  ( 1.000000000000000000, 0.000000000000000000, 0.000000000000000000 ) ) ;
#5810 = CARTESIAN_POINT ( 'NONE',  ( -5.576316527040900972, -0.9899999999999997691, -0.6600000000000010303 ) ) ;
#5811 = ADVANCED_FACE ( 'NONE', ( #3917 ), #2589, .F. ) ;
#5812 = DIRECTION ( 'NONE',  ( 0.9848077530122089085, 0.000000000000000000, -0.1736481776669254740 ) ) ;
#5813 = ORIENTED_EDGE ( 'NONE', *, *, #1925, .F. ) ;
#5814 = DIRECTION ( 'NONE',  ( -0.000000000000000000, 0.000000000000000000, 1.000000000000000000 ) ) ;
#5815 = ORIENTED_EDGE ( 'NONE', *, *, #4079, .F. ) ;
#5816 = LINE ( 'NONE', #1696, #1833 ) ;
#5817 = DIRECTION ( 'NONE',  ( 0.000000000000000000, -0.000000000000000000, -1.000000000000000000 ) ) ;
#5818 = VERTEX_POINT ( 'NONE', #2217 ) ;
#5819 = ORIENTED_EDGE ( 'NONE', *, *, #1412, .T. ) ;
#5820 = CIRCLE ( 'NONE', #573, 0.09999999999999964473 ) ;
#5821 = DIRECTION ( 'NONE',  ( -0.000000000000000000, 0.000000000000000000, 1.000000000000000000 ) ) ;
#5822 = LINE ( 'NONE', #1220, #3531 ) ;
#5823 = CARTESIAN_POINT ( 'NONE',  ( -13.61420173049477356, -0.9550000000000016254, -1.135000000000000231 ) ) ;
#5824 = VECTOR ( 'NONE', #274, 1.000000000000000000 ) ;
#5825 = CARTESIAN_POINT ( 'NONE',  ( -5.949999999999999289, 0.7399999999999984368, -1.135000000000000231 ) ) ;
#5826 = ORIENTED_EDGE ( 'NONE', *, *, #5978, .T. ) ;
#5827 = EDGE_LOOP ( 'NONE', ( #5029, #5492, #3489, #3048 ) ) ;
#5828 = DIRECTION ( 'NONE',  ( -1.000000000000000000, -0.000000000000000000, -0.000000000000000000 ) ) ;
#5829 = FACE_OUTER_BOUND ( 'NONE', #4296, .T. ) ;
#5830 = AXIS2_PLACEMENT_3D ( 'NONE', #4850, #2921, #4402 ) ;
#5831 = EDGE_CURVE ( 'NONE', #4303, #4909, #4383, .T. ) ;
#5832 = FACE_BOUND ( 'NONE', #4206, .T. ) ;
#5833 = CARTESIAN_POINT ( 'NONE',  ( -3.921569072607348438, -1.089999999999998082, -0.9607596123493884477 ) ) ;
#5834 = EDGE_CURVE ( 'NONE', #4595, #5538, #208, .T. ) ;
#5835 = ORIENTED_EDGE ( 'NONE', *, *, #3070, .T. ) ;
#5836 = EDGE_LOOP ( 'NONE', ( #4549, #3832, #1624, #1205 ) ) ;
#5837 = CARTESIAN_POINT ( 'NONE',  ( -1.949999999999999734, 1.189999999999998392, -0.9600000000000001865 ) ) ;
#5838 = FACE_OUTER_BOUND ( 'NONE', #3681, .T. ) ;
#5839 = DIRECTION ( 'NONE',  ( 1.000000000000000000, 0.000000000000000000, 0.000000000000000000 ) ) ;
#5840 = AXIS2_PLACEMENT_3D ( 'NONE', #2044, #2505, #4931 ) ;
#5841 = EDGE_CURVE ( 'NONE', #547, #3466, #1539, .T. ) ;
#5842 = ORIENTED_EDGE ( 'NONE', *, *, #5130, .F. ) ;
#5843 = CYLINDRICAL_SURFACE ( 'NONE', #5840, 5.999999999999999112 ) ;
#5844 = ORIENTED_EDGE ( 'NONE', *, *, #1183, .T. ) ;
#5845 = DIRECTION ( 'NONE',  ( 1.000000000000000000, -0.000000000000000000, 0.000000000000000000 ) ) ;
#5846 = VECTOR ( 'NONE', #3654, 1.000000000000000000 ) ;
#5847 = ORIENTED_EDGE ( 'NONE', *, *, #1214, .F. ) ;
#5848 = ORIENTED_EDGE ( 'NONE', *, *, #5906, .T. ) ;
#5849 = PLANE ( 'NONE',  #5384 ) ;
#5850 = DIRECTION ( 'NONE',  ( -0.000000000000000000, 0.000000000000000000, 1.000000000000000000 ) ) ;
#5851 = VECTOR ( 'NONE', #5353, 1.000000000000000000 ) ;
#5852 = CARTESIAN_POINT ( 'NONE',  ( 0.000000000000000000, 0.000000000000000000, -0.9600000000000001865 ) ) ;
#5853 = VERTEX_POINT ( 'NONE', #3401 ) ;
#5854 = EDGE_LOOP ( 'NONE', ( #2267, #1878, #504, #4343 ) ) ;
#5855 = CARTESIAN_POINT ( 'NONE',  ( -14.61974851850929369, -1.089999999999998082, -1.009999999999997122 ) ) ;
#5856 = CARTESIAN_POINT ( 'NONE',  ( -17.90358983848622643, -0.7399999999999984368, -4.241944871367028469 ) ) ;
#5857 = DIRECTION ( 'NONE',  ( -0.000000000000000000, 0.000000000000000000, 1.000000000000000000 ) ) ;
#5858 = DIRECTION ( 'NONE',  ( 0.000000000000000000, -1.000000000000000000, 0.000000000000000000 ) ) ;
#5859 = DIRECTION ( 'NONE',  ( -0.000000000000000000, 0.000000000000000000, 1.000000000000000000 ) ) ;
#5860 = EDGE_LOOP ( 'NONE', ( #2439, #3545, #826, #1801 ) ) ;
#5861 = VECTOR ( 'NONE', #3302, 1.000000000000000000 ) ;
#5862 = ORIENTED_EDGE ( 'NONE', *, *, #4463, .T. ) ;
#5863 = EDGE_CURVE ( 'NONE', #934, #4977, #5238, .T. ) ;
#5864 = AXIS2_PLACEMENT_3D ( 'NONE', #466, #1824, #818 ) ;
#5865 = DIRECTION ( 'NONE',  ( 0.000000000000000000, -0.9854601157443477755, 0.1699069165076472210 ) ) ;
#5866 = PLANE ( 'NONE',  #4906 ) ;
#5867 = AXIS2_PLACEMENT_3D ( 'NONE', #3503, #1189, #349 ) ;
#5868 = CIRCLE ( 'NONE', #3249, 0.1499999999999999112 ) ;
#5869 = ORIENTED_EDGE ( 'NONE', *, *, #2090, .T. ) ;
#5870 = EDGE_CURVE ( 'NONE', #4468, #696, #5635, .T. ) ;
#5871 = CARTESIAN_POINT ( 'NONE',  ( -18.50000000000000000, -1.190000000000002833, -1.160000000000000142 ) ) ;
#5872 = AXIS2_PLACEMENT_3D ( 'NONE', #973, #5569, #5601 ) ;
#5873 = ADVANCED_FACE ( 'NONE', ( #5748 ), #1569, .T. ) ;
#5874 = EDGE_CURVE ( 'NONE', #2052, #1795, #3786, .T. ) ;
#5875 = CARTESIAN_POINT ( 'NONE',  ( 0.000000000000000000, -0.8750000000000000000, -1.060000000000000053 ) ) ;
#5876 = ADVANCED_FACE ( 'NONE', ( #5136 ), #421, .F. ) ;
#5877 = PLANE ( 'NONE',  #997 ) ;
#5878 = CIRCLE ( 'NONE', #2460, 0.2500000000000000000 ) ;
#5879 = ORIENTED_EDGE ( 'NONE', *, *, #4173, .T. ) ;
#5880 = ORIENTED_EDGE ( 'NONE', *, *, #4214, .T. ) ;
#5881 = FACE_OUTER_BOUND ( 'NONE', #2859, .T. ) ;
#5882 = CYLINDRICAL_SURFACE ( 'NONE', #4713, 0.2500000000000000000 ) ;
#5883 = AXIS2_PLACEMENT_3D ( 'NONE', #2392, #3811, #4270 ) ;
#5884 = EDGE_CURVE ( 'NONE', #1492, #500, #963, .T. ) ;
#5885 = VECTOR ( 'NONE', #446, 1.000000000000000000 ) ;
#5886 = CYLINDRICAL_SURFACE ( 'NONE', #3951, 0.09999999999999964473 ) ;
#5887 = ORIENTED_EDGE ( 'NONE', *, *, #3999, .T. ) ;
#5888 = ORIENTED_EDGE ( 'NONE', *, *, #222, .T. ) ;
#5889 = CARTESIAN_POINT ( 'NONE',  ( -2.350000000000001421, 0.7399999999999984368, -1.135000000000000231 ) ) ;
#5890 = CARTESIAN_POINT ( 'NONE',  ( -5.273137666352222475, -0.7152359445967791940, -0.9599999999999999645 ) ) ;
#5891 = DIRECTION ( 'NONE',  ( 0.000000000000000000, -1.000000000000000000, 0.000000000000000000 ) ) ;
#5892 = PLANE ( 'NONE',  #5091 ) ;
#5893 = CARTESIAN_POINT ( 'NONE',  ( -16.15000000000000213, -1.189999999999998392, -0.9600000000000001865 ) ) ;
#5894 = ORIENTED_EDGE ( 'NONE', *, *, #51, .T. ) ;
#5895 = ORIENTED_EDGE ( 'NONE', *, *, #5831, .T. ) ;
#5896 = CARTESIAN_POINT ( 'NONE',  ( -16.55000000000000071, 0.2000000000000000111, -0.8250000000000000666 ) ) ;
#5897 = DIRECTION ( 'NONE',  ( -1.432545838226008399E-17, 1.000000000000000000, -0.000000000000000000 ) ) ;
#5898 = CARTESIAN_POINT ( 'NONE',  ( 0.000000000000000000, 0.8750000000000000000, -1.060000000000000053 ) ) ;
#5899 = ORIENTED_EDGE ( 'NONE', *, *, #4310, .F. ) ;
#5900 = CARTESIAN_POINT ( 'NONE',  ( -18.15358983848622643, 0.9899999999999984368, -0.9600000000000001865 ) ) ;
#5901 = VERTEX_POINT ( 'NONE', #510 ) ;
#5902 = CYLINDRICAL_SURFACE ( 'NONE', #5730, 0.2500000000000000000 ) ;
#5903 = LINE ( 'NONE', #4572, #5649 ) ;
#5904 = DIRECTION ( 'NONE',  ( -0.000000000000000000, 1.000000000000000000, 0.000000000000000000 ) ) ;
#5905 = EDGE_CURVE ( 'NONE', #100, #924, #2698, .T. ) ;
#5906 = EDGE_CURVE ( 'NONE', #5416, #5220, #2408, .T. ) ;
#5907 = EDGE_LOOP ( 'NONE', ( #5493, #2357, #2585, #5260 ) ) ;
#5908 = DIRECTION ( 'NONE',  ( -1.000000000000000000, 0.000000000000000000, 0.000000000000000000 ) ) ;
#5909 = EDGE_CURVE ( 'NONE', #2103, #4502, #5343, .T. ) ;
#5910 = ORIENTED_EDGE ( 'NONE', *, *, #1333, .T. ) ;
#5911 = CARTESIAN_POINT ( 'NONE',  ( -9.775000000000000355, 0.7399999999999984368, -1.135000000000000231 ) ) ;
#5912 = LINE ( 'NONE', #3040, #5683 ) ;
#5913 = EDGE_CURVE ( 'NONE', #1443, #3440, #99, .T. ) ;
#5914 = CIRCLE ( 'NONE', #1536, 0.2500000000000000000 ) ;
#5915 = CARTESIAN_POINT ( 'NONE',  ( -2.825068018844486772, 1.189999999999998392, -0.9600000000000001865 ) ) ;
#5916 = ORIENTED_EDGE ( 'NONE', *, *, #4456, .T. ) ;
#5917 = ORIENTED_EDGE ( 'NONE', *, *, #330, .T. ) ;
#5918 = DIRECTION ( 'NONE',  ( -0.1736481776669237809, 0.000000000000000000, -0.9848077530122093526 ) ) ;
#5919 = CARTESIAN_POINT ( 'NONE',  ( -2.599999999999999645, 0.9899999999999984368, -0.9600000000000001865 ) ) ;
#5920 = CARTESIAN_POINT ( 'NONE',  ( -18.50000000000000000, -0.8750000000000000000, -1.060000000000000053 ) ) ;
#5921 = LINE ( 'NONE', #2583, #325 ) ;
#5922 = VECTOR ( 'NONE', #2192, 1.000000000000000000 ) ;
#5923 = CARTESIAN_POINT ( 'NONE',  ( -1.949999999999999734, 0.8999999999999999112, -0.9100000000000001421 ) ) ;
#5924 = ORIENTED_EDGE ( 'NONE', *, *, #968, .T. ) ;
#5925 = VERTEX_POINT ( 'NONE', #4165 ) ;
#5926 = CARTESIAN_POINT ( 'NONE',  ( -2.825068018844486772, -1.189999999999999059, -0.9600000000000001865 ) ) ;
#5927 = CARTESIAN_POINT ( 'NONE',  ( -7.612499999999999822, 0.9899999999999984368, -1.135000000000000231 ) ) ;
#5928 = CIRCLE ( 'NONE', #680, 0.1000000000000000888 ) ;
#5929 = ORIENTED_EDGE ( 'NONE', *, *, #592, .F. ) ;
#5930 = DIRECTION ( 'NONE',  ( -1.000000000000000000, 2.086984038366278648E-17, 1.669587230693022918E-16 ) ) ;
#5931 = VERTEX_POINT ( 'NONE', #1897 ) ;
#5932 = PLANE ( 'NONE',  #2259 ) ;
#5933 = DIRECTION ( 'NONE',  ( 1.000000000000000000, -3.552713678800513551E-15, 0.000000000000000000 ) ) ;
#5934 = DIRECTION ( 'NONE',  ( 0.000000000000000000, 0.000000000000000000, -1.000000000000000000 ) ) ;
#5935 = CARTESIAN_POINT ( 'NONE',  ( -5.576316527040902749, 9.753686360283015944, -0.7600000000000010081 ) ) ;
#5936 = AXIS2_PLACEMENT_3D ( 'NONE', #786, #697, #3923 ) ;
#5937 = VERTEX_POINT ( 'NONE', #3770 ) ;
#5938 = DIRECTION ( 'NONE',  ( 1.000000000000000000, -0.000000000000000000, 0.000000000000000000 ) ) ;
#5939 = VERTEX_POINT ( 'NONE', #5623 ) ;
#5940 = DIRECTION ( 'NONE',  ( -0.000000000000000000, 0.000000000000000000, 1.000000000000000000 ) ) ;
#5941 = ADVANCED_FACE ( 'NONE', ( #1392 ), #3736, .T. ) ;
#5942 = DIRECTION ( 'NONE',  ( 0.000000000000000000, 0.000000000000000000, -1.000000000000000000 ) ) ;
#5943 = AXIS2_PLACEMENT_3D ( 'NONE', #356, #3947, #799 ) ;
#5944 = PLANE ( 'NONE',  #2960 ) ;
#5945 = ORIENTED_EDGE ( 'NONE', *, *, #5020, .F. ) ;
#5946 = VERTEX_POINT ( 'NONE', #3210 ) ;
#5947 = CIRCLE ( 'NONE', #4301, 0.1499999999999999112 ) ;
#5948 = SURFACE_SIDE_STYLE ('',( #4097 ) ) ;
#5949 = CARTESIAN_POINT ( 'NONE',  ( -12.55000000000000071, -0.7400000000000014344, -0.9600000000000001865 ) ) ;
#5950 = DIRECTION ( 'NONE',  ( 1.000000000000000000, 0.000000000000000000, -0.000000000000000000 ) ) ;
#5951 = EDGE_CURVE ( 'NONE', #1727, #2071, #4137, .T. ) ;
#5952 = DIRECTION ( 'NONE',  ( 1.000000000000000000, -0.000000000000000000, 0.000000000000000000 ) ) ;
#5953 = DIRECTION ( 'NONE',  ( -1.000000000000000000, -0.000000000000000000, -0.000000000000000000 ) ) ;
#5954 = DIRECTION ( 'NONE',  ( -1.000000000000000000, -0.000000000000000000, -0.000000000000000000 ) ) ;
#5955 = ORIENTED_EDGE ( 'NONE', *, *, #4277, .T. ) ;
#5956 = VERTEX_POINT ( 'NONE', #2252 ) ;
#5957 = ORIENTED_EDGE ( 'NONE', *, *, #3788, .F. ) ;
#5958 = CARTESIAN_POINT ( 'NONE',  ( -1.949999999999999734, -0.9899999999999984368, -0.9600000000000001865 ) ) ;
#5959 = FACE_OUTER_BOUND ( 'NONE', #4486, .T. ) ;
#5960 = CARTESIAN_POINT ( 'NONE',  ( -5.576316527040900972, 1.189999999999998392, -0.6600000000000010303 ) ) ;
#5961 = EDGE_CURVE ( 'NONE', #2658, #2152, #5075, .T. ) ;
#5962 = ORIENTED_EDGE ( 'NONE', *, *, #492, .T. ) ;
#5963 = CARTESIAN_POINT ( 'NONE',  ( -18.05358983848622501, 0.2114982215127146903, -0.9600000000000001865 ) ) ;
#5964 = ORIENTED_EDGE ( 'NONE', *, *, #300, .F. ) ;
#5965 = VECTOR ( 'NONE', #562, 1.000000000000000000 ) ;
#5966 = FACE_OUTER_BOUND ( 'NONE', #1456, .T. ) ;
#5967 = DIRECTION ( 'NONE',  ( 1.000000000000000000, 0.000000000000000000, 0.000000000000000000 ) ) ;
#5968 = CARTESIAN_POINT ( 'NONE',  ( -5.576316527040901860, 1.189999999999998392, -6.660000000000001030 ) ) ;
#5969 = DIRECTION ( 'NONE',  ( 0.000000000000000000, -1.000000000000000000, 0.000000000000000000 ) ) ;
#5970 = AXIS2_PLACEMENT_3D ( 'NONE', #2730, #4611, #5522 ) ;
#5971 = VECTOR ( 'NONE', #4999, 1.000000000000000000 ) ;
#5972 = ORIENTED_EDGE ( 'NONE', *, *, #1037, .F. ) ;
#5973 = DIRECTION ( 'NONE',  ( -1.000000000000000000, 0.000000000000000000, 0.000000000000000000 ) ) ;
#5974 = ORIENTED_EDGE ( 'NONE', *, *, #1939, .T. ) ;
#5975 = CARTESIAN_POINT ( 'NONE',  ( -5.949999999999999289, 0.9899999999999984368, -0.9600000000000012967 ) ) ;
#5976 = LINE ( 'NONE', #1346, #4623 ) ;
#5977 = AXIS2_PLACEMENT_3D ( 'NONE', #1602, #2934, #2530 ) ;
#5978 = EDGE_CURVE ( 'NONE', #4264, #2078, #5499, .T. ) ;
#5979 = ORIENTED_EDGE ( 'NONE', *, *, #1889, .T. ) ;
#5980 = ORIENTED_EDGE ( 'NONE', *, *, #268, .F. ) ;
#5981 = VERTEX_POINT ( 'NONE', #4710 ) ;
#5982 = DIRECTION ( 'NONE',  ( 0.000000000000000000, -0.000000000000000000, -1.000000000000000000 ) ) ;
#5983 = CARTESIAN_POINT ( 'NONE',  ( -18.50000000000000000, -0.8750000000000000000, -0.9800000000000000933 ) ) ;
#5984 = DIRECTION ( 'NONE',  ( 0.000000000000000000, -0.000000000000000000, -1.000000000000000000 ) ) ;
#5985 = CARTESIAN_POINT ( 'NONE',  ( -2.960028466111267154E-15, -0.9899999999999984368, -0.6600000000000016964 ) ) ;
#5986 = EDGE_CURVE ( 'NONE', #5538, #5956, #4198, .T. ) ;
#5987 = CARTESIAN_POINT ( 'NONE',  ( 0.000000000000000000, 0.8750000000000000000, -1.060000000000000053 ) ) ;
#5988 = AXIS2_PLACEMENT_3D ( 'NONE', #230, #4371, #29 ) ;
#5989 = EDGE_CURVE ( 'NONE', #3254, #891, #5596, .T. ) ;
#5990 = ORIENTED_EDGE ( 'NONE', *, *, #5799, .F. ) ;
#5991 = ADVANCED_FACE ( 'NONE', ( #3176 ), #539, .F. ) ;
#5992 = ORIENTED_EDGE ( 'NONE', *, *, #2298, .F. ) ;
#5993 = ORIENTED_EDGE ( 'NONE', *, *, #850, .F. ) ;
#5994 = EDGE_CURVE ( 'NONE', #3857, #3779, #5041, .T. ) ;
#5995 = DIRECTION ( 'NONE',  ( 1.000000000000000000, 0.000000000000000000, 0.000000000000000000 ) ) ;
#5996 = DIRECTION ( 'NONE',  ( 1.000000000000000000, 0.000000000000000000, 0.000000000000000000 ) ) ;
#5997 = LINE ( 'NONE', #5437, #5199 ) ;
#5998 = FACE_OUTER_BOUND ( 'NONE', #1644, .T. ) ;
#5999 = ORIENTED_EDGE ( 'NONE', *, *, #822, .F. ) ;
#6000 = EDGE_CURVE ( 'NONE', #2499, #2870, #903, .T. ) ;
#6001 = CARTESIAN_POINT ( 'NONE',  ( 0.000000000000000000, -0.8750000000000000000, -0.9800000000000000933 ) ) ;
#6002 = EDGE_LOOP ( 'NONE', ( #5887, #949, #4349, #5610, #4050, #4705, #3149, #4221, #4526, #5633, #4155, #2817, #3534, #483, #2135, #198, #4695, #638, #3232, #2492 ) ) ;
#6003 = ADVANCED_FACE ( 'NONE', ( #2288 ), #2922, .F. ) ;
#6004 = CYLINDRICAL_SURFACE ( 'NONE', #3529, 0.07999999999999996003 ) ;
#6005 = DIRECTION ( 'NONE',  ( 1.000000000000000000, -0.000000000000000000, 0.000000000000000000 ) ) ;
#6006 = CYLINDRICAL_SURFACE ( 'NONE', #2606, 0.2500000000000000000 ) ;
#6007 = DIRECTION ( 'NONE',  ( 0.000000000000000000, 1.000000000000000000, 0.000000000000000000 ) ) ;
#6008 = VERTEX_POINT ( 'NONE', #1053 ) ;
#6009 = ORIENTED_EDGE ( 'NONE', *, *, #5651, .F. ) ;
#6010 = CARTESIAN_POINT ( 'NONE',  ( -18.50000000000000000, -0.8750000000000000000, -1.060000000000000053 ) ) ;
#6011 = CYLINDRICAL_SURFACE ( 'NONE', #3927, 0.2500000000000000000 ) ;
#6012 = CYLINDRICAL_SURFACE ( 'NONE', #351, 0.1499999999999999112 ) ;
#6013 = ORIENTED_EDGE ( 'NONE', *, *, #1768, .F. ) ;
#6014 = VERTEX_POINT ( 'NONE', #2402 ) ;
#6015 = CARTESIAN_POINT ( 'NONE',  ( -16.80000000000000071, -0.7399999999999984368, -0.9600000000000001865 ) ) ;
#6016 = LINE ( 'NONE', #1323, #4210 ) ;
#6017 = LINE ( 'NONE', #2833, #2646 ) ;
#6018 = FACE_OUTER_BOUND ( 'NONE', #1758, .T. ) ;
#6019 = CARTESIAN_POINT ( 'NONE',  ( -18.05358983848622501, -0.3114982215127147791, -4.241944871367028469 ) ) ;
#6020 = EDGE_LOOP ( 'NONE', ( #2623, #1344, #5063, #5777 ) ) ;
#6021 = VERTEX_POINT ( 'NONE', #4369 ) ;
#6022 = FACE_OUTER_BOUND ( 'NONE', #2, .T. ) ;
#6023 = VECTOR ( 'NONE', #2303, 1.000000000000000000 ) ;
#6024 = DIRECTION ( 'NONE',  ( -0.000000000000000000, -0.000000000000000000, -1.000000000000000000 ) ) ;
#6025 = EDGE_CURVE ( 'NONE', #4894, #586, #196, .T. ) ;
#6026 = CARTESIAN_POINT ( 'NONE',  ( -5.299999999999998934, -0.6189114148497021350, -0.9599999999999999645 ) ) ;
#6027 = VECTOR ( 'NONE', #576, 1.000000000000000000 ) ;
#6028 = ORIENTED_EDGE ( 'NONE', *, *, #1977, .T. ) ;
ENDSEC;
END-ISO-10303-21;
